rep001_seed2026	Fusobacterium_B,51-20,CAG-127,UBA1829,Pantoea,UMGS1826,CAG-488,UMGS1224,Eubacterium_T,Lachnoclostridium_A,Yokenella,Butyrivibrio_A,UBA738,UBA3766,Ruminococcus_C,UMGS1994,Schaedlerella,UMGS1472,UMGS1795,AM51-8,SFLA01,Muribaculum,Lentilactobacillus,Anaerosacchariphilus,Firm-11,UMGS1518,Stomatobaculum,Citrobacter_A,F0422,UMGS1976,Eubacterium_I,QAKW01,UMGS1851,Roseburia,CAG-217,UBA1740,UMGS1633,Lachnoclostridium,TM7x,SFFS01,UMGS1933,CAG-882,UBA3818,NSJ-38,Acetatifactor,CAG-177
rep002_seed2027	CAG-390,UMGS1293,Citrobacter_B,UBA5026,Catenibacterium,Slackia,UMGS1663,SFMI01,UMGS1418,Amulumruptor,GCA-900066135,Niameybacter,Clostridium_AQ,Anaerosacchariphilus,UBA10677,An92,D5,AM07-15,Enterocloster,CAG-170,Phocea,UBA3263,QAMH01,Murdochiella,MGYG000004547,CAG-964,Ruminococcus_D,MGYG000002075,Enterococcus_D,CAG-312,UMGS403,Enterococcus,Mitsuokella,Cedecea,Fannyhessea,UMGS1696,Ruminococcus_E,UBA4716,MGYG000004127,SFEL01,Campylobacter_A,Negativicoccus,UBA5416,Gabonibacter,CAG-83,UBA2821
rep003_seed2028	MGYG000002683,Amedibacillus,HGM11788,Ruminococcus_C,Eubacterium_J,Coprococcus_A,CAG-177,CAG-1427,MGYG000002696,UBA1711,Bifidobacterium,GCA-900066135,UMGS882,RUG131,Anaerosacchariphilus,Oscillibacter,CAG-882,UBA1206,CAG-521,Anaeroglobus,MGYG000000390,AF33-28,RUG572,CAG-488,UBA2882,RUG12045,Anaerosporobacter,Acutalibacter,Coprococcus,Duodenibacillus,HGM11523,UBA5920,RUG13868,UBA4285,UMGS1975,CAG-269,NK4A136,Morganella,MGYG000000425,UMGS692,MGYG000004171,UMGS1889,QAMM01,Caproiciproducens,Butyricimonas,Treponema_D
rep004_seed2029	HGM11417,CAG-877,Caproiciproducens,Robinsoniella,UMGS1613,MGYG000003945,Slackia,MGYG000004029,RUG572,UMGS1601,UMGS1600,MGYG000000456,RUG13868,Christensenella,Anaerosalibacter,Bacillus_J,Mitsuokella,UBA4871,Peptostreptococcus,UMGS599,UBA9475,Massilimaliae,Escherichia,Methanosphaera,RUG11200,Pygmaiobacter,Tidjanibacter,Intestinimonas,Terrisporobacter,UBA5920,UBA9502,UBA4372,UMGS882,Aggregatibacter,UBA7057,UBA11471,Duncaniella,UBA11524,Ruminococcus_D,CAG-245,Dialister,Chimaeribacter,UMGS1326,Bacillus_A,43-108,AM07-15
rep005_seed2030	MGYG000003945,RUG131,UBA3631,Enterococcus_D,UBA644,Bacteroides,Dysosmobacter,UMGS1601,HGM13634,Longibaculum,UMGS911,HGM11588,UBA1820,Clostridium_X,Lachnoclostridium_A,Anaeromassilibacillus,HGM12587,Evtepia,UBA1740,CAG-1000,MGYG000000286,SFGY01,Weissella,RUG472,SFHK01,Vibrio,HGM11372,BX12,Fusobacterium_C,Niameybacter,Christensenella,Hydrogeniiclostridium,MGYG000004874,Morganella,Butyricimonas,Pygmaiobacter,CAG-492,UBA11524,CACZQA01,Megasphaera,UMGS1307,UBA1409,UBA1181,UBA4871,Porphyromonas,CAG-488
rep006_seed2031	Haemophilus_A,UBA4334,UMGS363,UBA1685,CAG-724,UMGS1864,Klebsiella_A,UMGS1487,An172,TWA4,Alloscardovia,Mediterraneibacter_A,Gordonibacter,CAG-1427,Granulicatella,Faecalimonas,CAG-762,Fournierella,CAG-115,RUG100,UBA1234,UMGS172,Raoultibacter,Anaerostipes,An181,Prevotella,CAG-238,Absicoccus,VUNA01,S5-A14a,Negativicoccus,CAG-451,SFGY01,Pediococcus,Dialister,Firm-11,Neobittarella,UBA7597,Mesosutterella,Enterococcus_D,Mobiluncus,Haemophilus,Pseudobutyrivibrio,Pyramidobacter,UBA1711,CAG-303
rep007_seed2032	UBA3818,UBA1777,CAG-460,CAG-484,UBA10677,UMGS1537,F23-B02,UBA4372,Enterobacter,HGM10836,UMGS263,Oxalobacter,QAKW01,Aggregatibacter,Bacilliculturomica,CAG-485,Alistipes_A,UBA7702,UBA11774,UMGS1864,CAG-831,RUG11198,Anaeroglobus,Ruminococcus_A,HGM11525,Robinsoniella,Lagierella,Catenibacillus,UBA1409,Eubacterium_I,UMGS599,HGM11327,HGM11588,RUG14107,UMGS1397,UBA1259,Lachnoanaerobaculum,Christensenella,Peptacetobacter,CAG-273,UBA2821,Oribacterium,CAG-882,QAKD01,MGYG000000728,Ralstonia
rep008_seed2033	UBA1234,Ruminiclostridium_E,MGYG000000286,Slackia,RUG14107,Weimerbacter,Anaerosalibacter,Fusobacterium,Anaerosacchariphilus,BX12,UBA5809,UBA11512,UMGS1810,Borkfalkia,UMGS1109,Mesosutterella,UMGS1307,Desulfovibrio,Ralstonia,Campylobacter_A,MGYG000002575,Cronobacter,Eikenella,Alistipes,CAG-448,Leptotrichia,CAG-1427,Serratia,Oribacterium,CAG-95,Faecalicoccus,Clostridium_N,RUG705,Moellerella,PeH17,Bacteroides,Proteus,Paenibacillus,Mailhella,Edwardsiella,CAG-462,UBA5416,UMGS363,Enterobacter_D,MGYG000004094,Staphylococcus
rep009_seed2034	F0040,Fusobacterium_A,CAG-349,Mesosutterella,CAG-590,ER4,UMGS1326,An181,Dysosmobacter,Anaerostipes,KM106-2,CAG-617,SFVR01,UBA1206,Intestinimonas,UMGS1600,QANA01,Phil1,QAKS01,Erysipelatoclostridium,Lactococcus,UMGS2055,Neisseria,MGYG000001903,Rikenella,Oribacterium,Holdemanella,Pyramidobacter,Allisonella,CAG-1000,UMGS1880,UBA6857,Murdochiella,Garciella,MGYG000000574,Granulicatella,Bacteroides_F,Barnesiella,Paenibacillus_A,UMGS1865,UBA1390,TF01-11,UBA1685,HGM13010,Clostridium_X,UMGS1491
rep010_seed2035	UBA1206,BX12,CAG-533,Bacillus_J,Holdemanella,UMGS1293,Mitsuokella,Murimonas,HGM12713,HGM11523,Ruminococcus_F,CAG-288,UBA1691,UBA7173,UMGS1338,Clostridium,Oscillibacter,HGM11808,Leptotrichia,UBA1731,Mailhella,UMGS1537,Borkfalkia,UBA11512,NC2004,RUG100,Blautia,UMGS1889,CAG-312,UMGS1326,MGYG000002075,QANG01,CAG-462,NSJ-62,Parolsenella,Romboutsia,SFJ001,CAG-279,Merdimonas,CAG-145,UBA9502,UMGS1603,Olsenella_B,UBA5905,RUG472,UMGS2055
rep011_seed2036	Fournierella,Caproiciproducens,Pseudomonas_R,CAG-917,Franconibacter,Agathobaculum,RUG12045,UBA7488,Catenibacillus,Enterobacter_D,UMGS363,Barnesiella,RUG420,UMGS2055,UMGS905,WRGP01,CAG-194,Dysosmobacter,Paraeggerthella,UMGS995,Superficieibacter,UMGS1387,Absicoccus,Alloscardovia,MGYG000004094,MGYG000003289,Clostridium_P,Lentilactobacillus,UBA1691,HGM13618,Schaedlerella,Pseudobutyrivibrio,Criibacterium,SFEL01,HGM11575,Phocea,Catenibacterium,UMGS1441,MGYG000001871,Fusicatenibacter,Sodaliphilus,HGM11514,CAG-180,UBA4644,HGM11530,TWA4
rep012_seed2037	MGYG000004547,Leminorella,GCA-900066495,Phascolarctobacterium_A,V9D3004,UMGS1600,Varibaculum,Murimonas,HGM14224,MGYG000004850,UBA2821,UMGS1002,UMGS1491,MGYG000004112,Eubacterium_R,RUG806,UMGS1540,CAG-594,UBA6398,RUG420,UMGS1601,Franconibacter,UMGS1889,Campylobacter_B,MGYG000004229,Monoglobus,UMGS1901,Alloprevotella,UMGS731,UMGS2037,OM05-12,CAG-238,UMGS416,Fusobacterium_C,Lacticaseibacillus,Pseudescherichia,Citrobacter_A,Muribaculum,CAG-831,MGYG000004094,CAG-312,HGM12957,Pseudomonas_E,RUG13868,QAMX01,Moellerella
rep013_seed2038	UMGS416,UMGS1253,Haemophilus,Sellimonas,UBA10281,UMGS1976,MGYG000004112,UBA7102,UBA4285,CAG-462,UMGS1312,Merdimonas,UMGS1840,Edwardsiella,UMGS599,QALW01,UMGS1251,CAG-411,Phoenicibacter,UBA7057,MGYG000002696,Romboutsia,Clostridium_X,MGYG000004811,Parvimonas,UBA5809,RUG11247,Turicibacter,Zag111,Butyricimonas,Parabacteroides,Phytobacter,CAG-710,CAG-1024,HGM11616,Intestinimonas,UMGS1826,UMGS1783,CAG-594,Harryflintia,CAG-485,Enterococcus_B,HGM12713,HGM11372,SFMI01,Stomatobaculum
rep014_seed2039	CAG-582,UBA4334,MGYG000003289,SFLA01,UMGS1474,RUG023,Massiliomicrobiota,Clostridioides,UMGS1820,SFDP01,Ruminococcus_E,COE1,Varibaculum,HGM11386,Hafnia,CAG-272,CAG-710,Staphylococcus,Enterocloster,HGM12650,UMGS946,TM7x,HGM14224,UMGS1202,Sutterella,Exiguobacterium,UBA1822,QALR01,Dorea_B,Amulumruptor,UMGS731,UBA2883,Leclercia,Acidovorax,Collinsella,MGYG000004380,Bacilliculturomica,UBA4644,RUG572,Marseille-P3106,Succinatimonas,UMGS856,Fusobacterium_B,NK3B98,UBA5920,Butyricicoccus_A
rep015_seed2040	UBA10281,CAG-41,UMGS882,Companilactobacillus,Ellagibacter,UBA738,UMGS1623,Alistipes,Sneathia,UMGS1840,UBA866,Serratia,CAG-303,CAG-45,Mesosutterella,Terrisporobacter,Ruminococcus_B,Clostridium_AP,Frisingicoccus,Aggregatibacter,UMGS1668,Longibaculum,RUG115,UMGS905,UMGS1572,CAAEEV01,Acetatifactor,Acutalibacter,UBA4855,CAG-353,Campylobacter_A,MGYG000002010,Clostridium_F,RUG705,UMGS1889,UBA3766,HGM13862,UMGS1851,CAG-452,CAG-354,HGM12998,Murdochiella,Bacteroides,Arcanobacterium_A,CAG-317,Robertmurraya
rep016_seed2041	Massilistercora,CAG-628,MGYG000000674,Moellerella,UMGS1668,Serratia,DUOT01,UBA1786,UMGS416,UMGS1109,Eubacterium_G,Acetatifactor,Faecalibacillus,MGYG000000286,UMGS1225,UMGS1600,UBA1232,UMGS1810,CAG-776,Pseudoflavonifractor,UMGS1883,CAG-485,QAKS01,Clostridium,UMGS1663,CAG-882,Salinicola,Christensenella,Gemella,V9D3004,Anaerocolumna,Enterococcus_G,NK4A136,Marseille-P3106,MGYG000004380,KLE1615,UMGS1052,Sodaliphilus,CAG-238,Hungatella,Superficieibacter,MGYG000004604,SFMI01,Klebsiella,Brachyspira,Clostridium_AP
rep017_seed2042	CAG-288,NSJ-63,UMGS1322,QAMX01,Veillonella_A,UMGS1839,MGYG000003490,Hungatella_A,HGM11327,Dorea,UMGS1590,CAG-1193,An181,UMGS1858,CAG-272,Faecalimonas,VUNI01,Faecalitalea,Mitsuokella,HGM13233,UBA7488,SFFS01,RUG11200,Campylobacter_A,UBA11940,CAG-590,Paenibacillus,CAG-196,Bilophila,Citrobacter_B,Citrobacter_A,Campylobacter_B,CAG-964,Stoquefichus,QAMM01,Lagierella,CAG-793,Eubacterium,Rahnella,CAG-884,Ruminococcus_E,QALW01,Criibacterium,Absicoccus,CAG-390,Negativibacillus
rep018_seed2043	Merdibacter,Clostridium_A,UBA1731,Lachnoclostridium,Anaerosalibacter,Dorea_A,Ruthenibacterium,Marseille-P3106,Gordonibacter,UMGS1820,UMGS1418,Megasphaera,Negativibacillus,Streptococcus,HGM14224,UBA1234,UBA9506,Pantoea,Muribaculum,Mitsuokella,MGYG000004229,UBA737,MGYG000004556,Bacillus_J,Peptostreptococcus,Parabacteroides,Chimaeribacter,CAG-145,Aggregatibacter,Coprobacillus,Senegalimassilia,HGM12814,Amedibacillus,UMGS1696,GCA-900066135,QALW01,Niameybacter,Evtepia,CAG-353,UBA9502,HGM04593,Fournierella,MGYG000004172,Lysinibacillus,51-20,UMGS2055
rep019_seed2044	Megamonas,Clostridium_Q,DTU089,UCG-010,UMGS905,CAG-495,Amedibacillus,RUG023,Pradoshia,UMGS995,SFJ001,Megasphaera,UBA1711,MGYG000004094,Porphyromonas_A,Coprococcus,Pseudomonas,UMGS1668,An172,Kosakonia,CAG-793,Proteus,UBA1375,Bacillus_A,MGYG000002053,NC2004,UBA6984,UMGS1696,Phoenicibacter,UMGS946,UMGS1994,HGM11808,UMGS1397,CAG-81,CAG-451,Lactococcus,UMGS1472,CAG-83,UBA1232,RUG11200,Enteroscipio,UMGS692,QAKD01,HGM12587,UMGS902,UMGS1889
rep020_seed2045	Longicatena,Lachnoclostridium,Enterocloster,UBA1731,Weimerbacter,Clostridium_E,GCA-900066755,Pseudomonas,Lachnoclostridium_B,Enterococcus_D,Parolsenella,UMGS1518,Amulumruptor,UMGS692,Anaeroplasma,Eubacterium_T,CAG-495,UBA7748,Fusicatenibacter,UBA737,Zag111,CAG-196,UMGS1603,CAG-603,Alloscardovia,Citrobacter,Rothia,MGYG000002726,Acidovorax,HGM11416,UBA1390,UBA6984,Yokenella,Leuconostoc,Fannyhessea,43-108,Lacticaseibacillus,Aggregatibacter,NSJ-62,UBA7160,Finegoldia,UBA1777,Gastranaerophilus,Negativibacillus,UBA4372,MGYG000004229
rep021_seed2046	Phil1,CHH4-2,CAG-273,Fournierella,QAMM01,Anaerostipes,MGYG000003270,MGYG000000505,Rubneribacter,UBA5416,Citrobacter,HGM13618,CAG-81,UMGS1901,Pseudoruminococcus,UBA738,Anaerotruncus,Neobittarella,UBA1394,WG-1,HGM13634,Acetivibrio_A,UMGS1490,Ruminococcus_A,UMGS1690,Butyricicoccus,UMGS1976,MGYG000001953,Azonexus,UMGS2016,CAG-793,Kosakonia,Sutterella,CAG-1031,Paraclostridium,Gordonibacter,UBA11774,An92,UBA6345,Phascolarctobacterium,UMGS1224,Escherichia,RUG023,Harryflintia,UBA5920,NSJ-63
rep022_seed2047	CAG-776,QALR01,HGM11521,Catenibacterium,Peptoniphilus_A,HGM13233,CAG-882,Faecalimonas,UBA644,MGYG000000286,UMGS1783,MGYG000000574,An92,CAG-582,CAG-448,CAG-831,Plesiomonas,CAG-475,Lawsonibacter,UBA940,Massilicoli,Evtepia,UMGS1490,UMGS1623,UMGS1815,DTU089,Streptococcus,UMGS1591,Clostridium_P,Murimonas,Holdemanella,Anaerosacchariphilus,UMGS905,Anaerotignum,UMGS172,UMGS1326,CAG-460,MGYG000000390,Gordonibacter,Pantoea,Phoenicibacter,KM106-2,Catenibacillus,SFLA01,Anaerosalibacter,Lancefieldella
rep023_seed2048	Epilithonimonas,UBA2821,UMGS1202,WRGP01,UMGS1052,Leminorella,Eikenella,UMGS1901,OM05-12,Neisseria,MGYG000004380,Monoglobus,Morganella,Eubacterium_M,UMGS1810,Oxalobacter,Pradoshia,Anaeroplasma,Murimonas,Marseille-P3106,MGYG000003945,Megasphaera,1XD42-69,Enterococcus_G,UMGS1225,Fannyhessea,Slackia_A,CAG-917,MGYG000003289,Ligilactobacillus,UBA11517,SFVR01,CAG-217,Massilistercora,Providencia,CAG-533,Lachnoclostridium_B,Massiliomicrobiota,UMGS1224,HGM11507,QAKD01,UMGS1532,CAG-1193,Ruminococcus_A,MGYG000002075,GCA-900066755
rep024_seed2049	Eggerthella,UBA4372,Clostridium_P,Harryflintia,Parolsenella,CAG-452,Massilicoli,Rikenella,CAG-557,UMGS973,Kosakonia,UMGS1397,UMGS1840,Longicatena,Porphyromonas_A,HGM11386,Clostridioides,CAG-521,CAG-776,UMGS2037,RUG11200,Paraprevotella,Murimonas,Anaerosporobacter,Eubacterium_T,CAG-115,RUG420,CAG-484,UMGS1865,Holdemania,UMGS1279,MGYG000001903,SFFH01,HGM12587,Allisonella,CAG-465,Pradoshia,Akkermansia,QANG01,Lacrimispora,CAG-1024,UBA7173,Scardovia,MGYG000004229,Streptococcus,MGYG000002696
rep025_seed2050	Stenotrophomonas,Dorea_B,Anaerosacchariphilus,UMGS905,UMGS1279,Mailhella,JAAYBB01,Blautia_A,Turicibacter,Pseudomonas,Dielma,Chimaeribacter,NK3B98,UMGS1484,UBA11940,Enterococcus_A,UMGS1474,UMGS1851,Salinicola,UMGS1202,Succinivibrio,CAG-448,Acetatifactor,CAG-81,MGYG000003970,Leptotrichia,Fusobacterium,Alterileibacterium,Kallipyga,MGYG000004547,UBA738,CAG-194,Parabacteroides,UBA7488,VUNI01,UMGS1872,TF01-11,Lacticaseibacillus,Mediterraneibacter,Bacillus_A,UBA1191,UMGS1975,Schaedlerella,CAG-822,NK4A136,Pseudomonas_E
rep026_seed2051	Acetatifactor,Bacteroides_F,UBA4855,SFJ001,Olsenella_B,Bittarella,QAMH01,Bifidobacterium,Alloscardovia,UBA10677,SFDB01,Firm-10,UMGS1474,UBA3402,Superficieibacter,Weizmannia,CAG-475,Flavonifractor,Negativibacillus,Parolsenella,Harryflintia,Agathobacter,Acidaminococcus,HGM11416,Duncaniella,Nitratidesulfovibrio,Lachnoclostridium_B,Schaedlerella,CABIZH01,Aggregatibacter,GCA-900066135,UMGS1441,CAG-632,UBA7102,UMGS1815,Psychrobacillus,CAG-1000,Veillonella_A,Clostridium_AQ,CAG-873,Finegoldia,UMGS1783,UMGS1601,Oscillibacter,Varibaculum,MGYG000003270
rep027_seed2052	Peptostreptococcus,Ruminococcus_B,Criibacterium,HGM11788,UMGS1388,Phascolarctobacterium,UMGS1441,Longibaculum,UMGS1052,Enterococcus_A,Cloacibacillus,Beduini,Pseudobutyrivibrio,MGYG000000378,HGM11372,RUG131,UMGS1490,UMGS1387,MGYG000000745,Ellagibacter,CAG-882,UBA7160,Akkermansia,Catenibacillus,RUG14107,UMGS1241,Selenomonas_C,Lagierella,UBA7185,Vibrio,Psychrobacillus,Mediterraneibacter_A,SFMI01,MGYG000000390,CAG-314,SFGY01,Acetivibrio_A,Clostridium_B,JAAYBB01,Phoenicibacter,Faecalibacterium,Caecibacter,CAG-873,UBA7182,Butyrivibrio_A,UMGS1613
rep028_seed2053	Catenibacillus,HGM13222,UMGS1397,Zag111,Monoglobus,MGYG000000378,Phascolarctobacterium,MGYG000004229,Haemophilus_A,CACZQA01,NSJ-50,HGM12650,Blautia,Olsenella_B,CAG-194,HGM11386,Turicibacter,MGYG000000425,Cetobacterium_A,UBA3631,Proteus,CAG-521,UMGS1820,CAG-170,CAG-917,UMGS1375,Tidjanibacter,Ruminococcus_A,Cellulosilyticum,UMGS577,Anaeroglobus,UBA5920,Anaerococcus,UBA1820,Caecibacter,Limosilactobacillus,MGYG000002683,Massilioclostridium,HGM12587,CAG-145,SFDB01,Stomatobaculum,UMGS1696,HGM13634,Providencia,Mixta
rep029_seed2054	CAG-465,Streptococcus,Duodenibacillus,MGYG000000286,Amedibacillus,UBA1777,UMGS1783,Zag111,Massiliomicrobiota,Clostridium_E,HGM04593,RUG472,Mesosutterella,Gemella,Cronobacter,UMGS1889,Eubacterium_T,Terrisporobacter,UMGS1623,UBA3631,F082,MGYG000003289,UBA4855,RUG100,UBA1752,Massilimaliae,Acetivibrio_A,MGYG000002685,CAG-103,RUG410,UBA4334,CAG-317,Sneathia,Franconibacter,Mailhella,Ruminococcus_D,UMGS599,UBA1685,DUOT01,Eubacterium_I,Ruminococcus_C,CAG-884,Sporanaerobacter,Citrobacter,UBA7185,UMGS973
rep030_seed2055	UMGS1484,MGYG000000587,CAG-557,Christensenella,RUG11247,Turicibacter,UMGS1901,Duodenibacillus,Eubacterium_F,UBA1375,HGM11530,Anaerococcus,UMGS1387,MGYG000002010,Stomatobaculum,Monoglobus,Ruminococcus_C,CAG-462,Fournierella,UBA9506,MGYG000004727,An172,Hungatella,Anaerosalibacter,CAG-1000,HGM13634,UMGS1370,Turicimonas,Sellimonas,Merdimonas,An181,CAG-791,UMGS1840,QAMX01,Robinsoniella,Eisenbergiella,HGM11386,CAG-180,Haemophilus,CAG-245,Megamonas,Raoultibacter,UBA1259,UMGS1253,Bulleidia,MGYG000003289
rep031_seed2056	UBA1417,UMGS1810,Eikenella,CAG-170,CAG-177,Faecalibacillus,HGM14224,ER4,Enterobacter_A,Gastranaerophilus,CAG-557,Phil1,UMGS75,Citrobacter_B,D5,HGM11386,UBA4334,UBA3766,Klebsiella_A,CAG-302,Clostridium_E,UBA2882,Epilithonimonas,Phocaeicola,Granulicatella,Cutibacterium,NSJ-61,CAG-449,Barnesiella,RC9,Phytobacter,51-20,Odoribacter,UMGS1840,UBA10677,Exiguobacterium,Vibrio,HGM11521,Neobacillus,Ruminococcus_E,Pluralibacter,MGYG000003490,Anaerotruncus,HGM11523,Leclercia,Frisingicoccus
rep032_seed2057	MGYG000000387,HGM11523,Eubacterium_M,UMGS1975,UBA1737,UMGS1572,UBA7702,UBA4644,MGYG000002696,HGM11327,Megasphaera,UMGS1820,HGM12998,Megamonas,Niameybacter,AM51-8,CAG-484,UBA2883,Caproiciproducens,Prevotellamassilia,MGYG000003945,MGYG000003305,UBA945,Ruthenibacterium,QAKD01,Frisingicoccus,Blautia_A,UMGS1375,Butyricicoccus,QAMM01,Raoultella,Klebsiella,CAG-245,Barnesiella,SFJ001,CAG-115,CAG-353,Faecalibacillus,Monoglobus,1XD42-69,Cloacibacillus,Methanomassiliicoccus_A,Erysipelatoclostridium,UBA4372,Coprococcus,Bacteroides_F
rep033_seed2058	Sporanaerobacter,Kosakonia,Christensenella,RUG023,UBA7102,CAG-56,Duncaniella,MGYG000000425,GCA-900066755,UMGS1781,UBA7185,Franconibacter,Oxalobacter,Fusicatenibacter,Longicatena,Porphyromonas_A,SFGY01,Providencia,Zag1,UC5-1-2E3,RUG100,Phil1,Leminorella,UMGS1279,UBA10281,UMGS1623,Dielma,Fusobacterium_B,GCA-900066495,CAAHEQ01,Parabacteroides,Ruminiclostridium_E,Alistipes,Paraeggerthella,Anaerococcus,CAG-127,OF09-33XD,Blautia,HGM12713,UBA3818,RUG11247,MGYG000004850,Lysinibacillus,UBA3263,CAG-217,MGYG000001871
rep034_seed2059	CAG-313,QALR01,Scardovia,NK4A136,UMGS874,SFDB01,CAG-177,Peptoniphilus_B,Fusobacterium_C,Serratia,UBA2856,Cloacibacillus,UMGS995,CAG-485,HGM13233,Lacticaseibacillus,Finegoldia,UMGS1518,MGYG000002575,Eubacterium_T,UMGS1375,Coprobacillus,Ruminiclostridium_E,Megasphaera,Akkermansia,Longibaculum,Negativicoccus,HGM11372,UMGS1795,Enterococcus_C,Lactonifactor,Holdemanella,UMGS1002,43-108,QALW01,UMGS1251,Sneathia,UMGS1484,UBA1691,CAG-762,Acetatifactor,Pseudobutyrivibrio,Absicoccus,UMGS1865,Mediterraneibacter_A,Eisenbergiella
rep035_seed2060	UBA945,Massilistercora,CAG-1427,UBA1417,HGM13006,MGYG000002758,Pygmaiobacter,Fusobacterium_B,HGM11372,CAG-238,Enterococcus_A,Butyricicoccus_A,Campylobacter_B,Paenibacillus_A,Pseudescherichia,Eubacterium_G,UMGS1889,Peptoniphilus_B,Borkfalkia,MGYG000000456,OM05-12,RUG806,RC9,NK3B98,UMGS1388,Providencia,CAG-56,MGYG000001953,Vibrio,Frisingicoccus,Limosilactobacillus,HGM11507,Dysgonomonas,Escherichia,UBA11512,UMGS1865,HGM11386,Desulfovibrio,UMGS599,Clostridium_AP,Cedecea,SFJ001,CAG-41,MGYG000004547,UMGS1795,UMGS1815
rep036_seed2061	Lactococcus,OF09-33XD,UMGS1490,UBA1829,CAG-791,Peptoniphilus_E,Citrobacter_A,UBA7597,Ruminococcus_E,UMGS1253,CAG-873,UBA11517,MGYG000002685,KM106-2,Muribaculum,Senegalimassilia,Niameybacter,Ruthenibacterium,Duncaniella,Megasphaera,MGYG000004727,GCA-900066135,Psychrobacillus,UBA1731,UMGS1865,Massiliomicrobiota,UMGS1690,WRGP01,CAG-170,UMGS856,Murdochiella,CAG-288,UMGS1663,UBA4716,UMGS1002,Ruminococcus_C,UMGS1004,UBA5884,Lactobacillus,VUNA01,Ruminococcus_F,Lancefieldella,CAG-81,Eubacterium_T,Bacilliculturomica,Anaerotignum
rep037_seed2062	MGYG000003855,Eikenella,QAKS01,UBA7057,UBA1711,UMGS1472,UBA1777,Coprococcus,1XD42-69,CAG-841,UBA4644,Haemophilus,Massilistercora,MGYG000000574,Citrobacter_A,Sneathia,UBA2882,Phoenicibacter,UBA7102,UMGS1384,Schaedlerella,Amedibacterium,HGM11368,UMGS1933,Latilactobacillus,SFFS01,UBA1822,Franconibacter,Olsenella_E,Gemmiger,UMGS692,UBA1234,Acidaminococcus,MGYG000001953,UBA5394,UBA5026,UCG-010,CAG-884,HGM12650,UBA4285,Campylobacter,Dorea,Treponema_D,Enterococcus_A,Megasphaera,Exiguobacterium
rep038_seed2063	Stoquefichus,Prevotella,JAAYBB01,GCA-900066905,UBA1777,UMGS1241,Catenibacillus,Dorea_A,RUG115,Alistipes,UBA4334,Brachyspira,UBA11940,Succinivibrio,CAG-170,Gemmiger,UMGS1397,UMGS1795,MGYG000003305,CAG-180,CAG-449,Lactiplantibacillus,UBA7488,CAG-475,Anaerotruncus,Agathobacter,Muricomes,SFVR01,UMGS263,Massilicoli,UMGS268,Firm-10,CAG-882,GCA-900066755,HGM12587,Olsenella,Neisseria,CAG-793,Rubneribacter,UMGS1611,UMGS1253,HGM11507,UMGS856,CAG-115,Muribaculum,UMGS1326
rep039_seed2064	Megamonas,QALS01,Anaeroglobus,UBA2882,Enterococcus_G,F23-B02,MGYG000004660,QAKD01,Caecibacter,Peptoniphilus_A,HGM13222,MGYG000003305,UBA7185,Anaerosporobacter,UMGS1472,UBA636,MGYG000000587,VUNA01,NC2004,NK3B98,UBA5920,HGM13634,Fusobacterium_C,Gemella,CAG-533,D5,SFEL01,RUG14107,Ellagibacter,HGM11521,CAG-417,Lacrimispora,Mobilibacterium,CAG-492,UBA5026,Eubacterium,Lachnospira,UMGS1613,CAG-793,CAG-302,Terrisporobacter,UBA5809,SFGY01,HGM11808,Ruthenibacterium,Pediococcus
rep040_seed2065	MGYG000003270,MGYG000004727,CAG-354,Butyricicoccus_A,UMGS1872,UMGS1826,UMGS1491,UBA1375,Leuconostoc,Oxalobacter,Rothia,MGYG000002797,UBA7057,Desulfovibrio,Catenibacillus,DTU089,Yokenella,Niameybacter,CAG-533,CAG-81,VSOB01,Moellerella,Eubacterium_T,Enterococcus_A,QALW01,Garciella,Ruthenibacterium,CAG-495,Clostridium_E,SFFH01,UBA3631,Succinivibrio,Weissella,Megasphaera,Salmonella,CAG-917,UBA1829,Kallipyga,Merdibacter,Gastranaerophilus,MGYG000000425,Butyricimonas,Pseudomonas,UBA1752,Scardovia,Massilimaliae
rep041_seed2066	Bilophila,Duodenibacillus,UMGS1975,UMGS911,UMGS1387,UBA9475,HGM11327,UBA6382,UMGS1441,CAG-1427,CAG-492,UBA1731,Marseille-P3106,Rothia,QAKS01,QAKW01,CAG-485,UBA6857,Succinivibrio,UMGS1109,CAG-448,Victivallis,Zag111,Butyricicoccus_A,Chimaeribacter,CAG-460,Sneathia,CAG-1024,CAG-964,Pluralibacter,Negativibacillus,Phoenicibacter,Leuconostoc,Caecibacter,CAG-273,CAG-81,UBA5446,CAG-274,UMGS1293,CAG-822,Anaerobutyricum,UMGS902,Eubacterium,MGYG000002683,Agathobacter,UMGS1601
rep042_seed2067	Zag1,Acetatifactor,UBA6857,DTU089,Intestinimonas,UBA1234,UBA1752,UMGS1633,UMGS1795,UMGS1472,CAG-238,SFDP01,UMGS1441,UBA5809,NSJ-63,SFGY01,Ralstonia,KLE1615,Niameybacter,UMGS966,Hafnia,UBA5920,Sporanaerobacter,Escherichia,Extibacter,CAG-603,HGM13006,UBA9502,CAG-145,CAG-617,CAG-312,UBA1409,UMGS1839,MGYG000000378,CAG-110,RUG11198,AM07-15,UMGS1815,Negativibacillus,RUG131,UBA1777,UMGS929,UBA11452,Veillonella,UMGS905,UMGS731
rep043_seed2068	CAG-724,CAG-449,Bittarella,Cutibacterium,Clostridium_Q,Senegalimassilia,Garciella,Roseburia,Christensenella,Coprococcus,Clostridium_B,Lactonifactor,Fusobacterium_C,Campylobacter,Eikenella,UMGS1600,CAG-762,RUG131,Faecalicoccus,MGYG000004029,HGM11523,Acinetobacter,MGYG000000745,CAG-273,TWA4,Harryflintia,CAG-590,Cedecea,UMGS1933,UBA737,Fusobacterium_A,Angelakisella,UMGS599,NSJ-32,UBA3766,CAG-217,Lactococcus,Criibacterium,CAG-791,Desulfovibrio,UMGS403,Ellagibacter,Weissella,UBA1752,UBA7057,SFEL01
rep044_seed2069	MGYG000003970,CAG-452,UBA11452,Duodenibacillus,WRGP01,UMGS1815,Kallipyga,Bacteroides_F,UMGS1994,F082,CACZQA01,Porphyromonas,Odoribacter,UMGS692,HGM11368,Companilactobacillus,RQCD01,CAG-273,HGM13006,Longicatena,Harryflintia,Clostridium_N,Angelakisella,Slackia_A,HGM12669,CAG-354,An172,CAG-417,Sodaliphilus,Ruminiclostridium_E,NSJ-61,SCN-57-10,CAG-873,UMGS1532,Lachnoclostridium_A,Brachyspira,KM106-2,MGYG000004660,RUG14107,Hungatella,MGYG000000350,UBA7102,Negativicoccus,Acidovorax,Bariatricus,Lactonifactor
rep045_seed2070	Succinatimonas,Frisingicoccus,Ruminococcus_C,UMGS1312,Moellerella,Butyricicoccus,Alloscardovia,Lachnospira,UBA1711,Raoultibacter,Megasphaera,UMGS1418,UBA644,UBA11940,Longibaculum,CAG-317,Bulleidia,MGYG000002696,Bacillus_J,RUG115,UBA7702,MGYG000002702,Phocea,UMGS75,Massilioclostridium,RUG410,CAG-269,QAKW01,UBA1191,OF09-33XD,UBA1232,CAG-103,UBA7488,Acutalibacter,MGYG000002797,CAG-590,QALR01,Erysipelatoclostridium,UMGS1253,Clostridium_AQ,CAG-791,HGM11327,Pygmaiobacter,Faecalicoccus,UBA6984,CAG-631
rep046_seed2071	Acutalibacter,HGM11417,Gabonibacter,Phascolarctobacterium_A,HGM12957,An181,UBA2856,UBA7102,Anaerobutyricum,UMGS1766,Alloscardovia,Aneurinibacillus,HGM11808,Enterococcus_D,UBA11940,Frisingicoccus,UMGS1474,HGM12789,Providencia,UBA1731,Mesosutterella,Pantoea,MGYG000004556,UMGS1202,Zag111,Ruminococcus_D,Coprobacter,Clostridium_P,Ruthenibacterium,Clostridium_Q,NK3B98,MGYG000000456,CAG-488,Absicoccus,Niameybacter,Citrobacter,UBA4716,Dorea,Lentilactobacillus,UMGS124,Johnsonella,Rahnella,RF16,Fusobacterium_B,UBA6984,QANA01
rep047_seed2072	AM51-8,SFFS01,Stomatobaculum,Sutterella,Ruminococcus_C,CAG-617,Methanomassiliicoccus_A,UBA3282,Amulumruptor,Catenibacterium,UMGS1004,RUG100,MGYG000000378,Leuconostoc,Enterobacter,Arcanobacterium_A,MGYG000004029,UMGS929,MGYG000004094,Ruminococcus_B,UBA7702,Superficieibacter,UBA5809,MGYG000004727,CAG-45,CAG-95,QALS01,UMGS1851,Muribaculum,Yokenella,UBA9475,SFJ001,Clostridium_F,Fusobacterium_C,Bariatricus,Frisingicoccus,Lactiplantibacillus,HGM11525,SFHK01,RUG420,RUG13868,UBA9502,Flavonifractor,Eubacterium_T,Zag1,Rikenella
rep048_seed2073	OM05-12,QAMH01,UMGS1490,CAG-194,Turicibacter,CHH4-2,Stoquefichus,MGYG000002685,MGYG000003855,Bacillus_J,Monoglobus,Selenomonas_A,UMGS1202,Varibaculum,UBA1375,UBA1232,Pygmaiobacter,Anaerosalibacter,HGM11525,Eubacterium_F,NSJ-63,Raoultella,Enterococcus_D,MGYG000001871,UMGS1384,CAG-793,UMGS1668,UBA6345,Akkermansia,UBA6984,Ralstonia,HGM11521,Leuconostoc,UBA1409,CAG-1031,Fusobacterium_C,Amedibacterium,CAG-791,Neobittarella,CAG-877,UMGS1109,CAG-217,UC5-1-2E3,SFLA01,Acidovorax,SFHK01
rep049_seed2074	RUG11198,CAG-533,UMGS1783,BX12,Amulumruptor,CAG-724,CAG-353,Pseudoruminococcus,UBA5884,SFTJ01,Agathobacter,Veillonella_A,UBA5446,Massilistercora,Hafnia,RUG410,Enterobacter,UMGS1865,Actinobaculum,CAG-510,QALS01,HGM13634,GCA-900066755,UMGS2055,MGYG000004604,UBA9506,CAG-1000,MGYG000000728,Desulfovibrio,Mediterraneibacter,Merdimonas,Eisenbergiella,Clostridium,UBA644,CAG-313,RUG12045,Mailhella,CAG-841,Dysosmobacter,MGYG000002758,QAMM01,Oribacterium,UBA10677,Lachnoanaerobaculum,MGYG000001953,Peptoniphilus_C
rep050_seed2075	UMGS929,Butyricimonas,HGM11523,Coprobacter,RUG14107,UBA4644,CAG-791,UBA5446,CAG-460,MGYG000002797,CAG-841,HGM11575,Selenomonas_C,SFMI01,JAAYBB01,Eubacterium_R,QALS01,Eikenella,Marseille-P3106,NSJ-32,UBA1685,Clostridium_F,UBA5809,SFLA01,UBA866,CAG-1024,Alloscardovia,F0422,Veillonella,Clostridium_B,MGYG000002758,CAG-110,DUOT01,UMGS1004,Bacillus_J,VSOB01,Franconibacter,Gemmiger,OF09-33XD,RUG100,MGYG000004094,UBA7702,NK4A136,Massiliomicrobiota,MGYG000000286,Lachnoclostridium_B
rep051_seed2076	Evtepia,UMGS1901,UBA1691,Paraeggerthella,UMGS1472,UMGS1225,CAG-510,UBA5920,Merdimonas,Acetivibrio_A,CAG-272,UMGS1293,Eubacterium_T,Anaerosacchariphilus,RUG14107,CAG-488,MGYG000002683,Terrisporobacter,Fusobacterium_A,Neobacillus,MGYG000004380,1XD42-69,HGM12814,CAG-145,An92,QANA01,Leuconostoc,Campylobacter_B,MGYG000004556,Weissella,UBA1409,CAG-533,Ruminococcus_E,Flavonifractor,Negativibacillus,UMGS2055,CAG-1024,UC5-1-2E3,Escherichia,F0422,CAG-313,DUOT01,Pseudoruminococcus,UBA10677,CAG-238,Johnsonella
rep052_seed2077	Raoultella,CAG-1024,MGYG000004850,UBA2883,Dysgonomonas,Rubneribacter,CAG-791,Lachnoclostridium,Niameybacter,UBA1691,Negativicoccus,UMGS973,Arabia,UMGS1397,Citrobacter_A,Coprobacter,Limosilactobacillus,Harryflintia,Christensenella,Ruminococcus_D,UMGS1591,Lancefieldella,Faecalibacillus,MGYG000004094,Barnesiella,UBA644,UMGS1781,Acetatifactor,Phocea,CAG-1000,Merdimonas,Bariatricus,Firm-07,UBA1206,CAG-762,Pantoea,UBA4334,SFGY01,UBA5905,SFVR01,Aneurinibacillus,Emergencia,UBA1375,UBA1417,Peptoniphilus_C,UMGS1537
rep053_seed2078	Phocea,UMGS946,UMGS1279,Enterobacter,SFEL01,Peptoniphilus_C,UBA1417,MGYG000003297,CAG-317,Oscillibacter,Phascolarctobacterium_A,Salinicola,SFFS01,Limosilactobacillus,Haemophilus_A,HGM11575,UBA4334,Latilactobacillus,UBA1786,HGM12814,CAG-1000,CAG-762,UMGS1865,Fusobacterium_A,UMGS902,MGYG000004874,UMGS1004,Morganella,UBA7057,Caproiciproducens,Duodenibacillus,MGYG000000425,Lachnoanaerobaculum,CAG-495,Marvinbryantia,UMGS1976,NSJ-62,Peptacetobacter,Butyrivibrio_A,UBA7748,Eubacterium_M,RUG11247,SFJ001,Senegalimassilia,MGYG000004604,KLE1615
rep054_seed2079	Johnsonella,HGM11386,MGYG000000728,Cedecea,Sodaliphilus,Eubacterium_G,AM07-15,UMGS1865,Ruminococcus_G,Epilithonimonas,Porphyromonas_A,MGYG000003490,NSJ-61,UMGS973,UMGS124,MGYG000004172,Butyricimonas,Lactobacillus,CAG-45,Faecalicoccus,V9D3004,Arcanobacterium_A,UMGS1880,UMGS2037,CAG-56,RUG572,Peptoniphilus_C,Agathobaculum,Anaerofustis,Varibaculum,Latilactobacillus,UMGS1889,Fusicatenibacter,Faecalitalea,CAG-475,RUG131,Lawsonibacter,Coprococcus,UMGS1375,Oscillibacter,CAG-272,MGYG000004229,UBA5809,UBA1737,Bacteroides_F,D5
rep055_seed2080	MGYG000000674,Amulumruptor,UBA1731,Dysgonomonas,Clostridium_J,MGYG000002797,Longibaculum,CAG-1193,UMGS1933,SFVR01,UMGS2055,CAG-245,Anaerosporobacter,UBA1829,Ruminococcus_A,GCA-900066495,Clostridium_E,Enterococcus_D,UBA3402,RUG806,Ezakiella,Paraeggerthella,Hungatella,UMGS1253,UMGS1994,Dorea_B,QAMH01,UBA9506,Lentilactobacillus,UBA10677,Slackia_A,Intestinimonas,Pygmaiobacter,Pseudomonas,CAG-217,UMGS692,Weimerbacter,QANA01,Pseudescherichia,Finegoldia,CAG-145,Atlantibacter,Victivallis,Negativibacillus,Clostridium_A,Anaerotruncus
rep056_seed2081	UBA7597,QALS01,Fusicatenibacter,SFVR01,Eubacterium_G,UMGS902,Harryflintia,UBA5920,MGYG000002758,RF16,MGYG000004171,CAG-533,UMGS1663,MGYG000003289,Alloscardovia,Olsenella_E,JAAYBB01,Caproiciproducens,Streptococcus,RUG410,HGM11530,Aggregatibacter,Ruminococcus_A,UBA1375,Corynebacterium,UMGS1375,Ruminococcus_E,UMGS1484,UBA10281,Anaerosporobacter,UMGS1766,CAG-510,SFMI01,Fusobacterium_C,Clostridium_A,CAG-313,Enterobacter_A,UMGS1477,CAG-274,NSJ-50,Gabonibacter,Caecibacter,Fournierella,UMGS1994,Paraclostridium,Psychrobacillus
rep057_seed2082	UBA11471,Clostridium_J,UMGS1766,Lactococcus,Bilophila,Merdibacter,Christensenella,Marvinbryantia,Salinicola,Fusicatenibacter,Acetatifactor,Oxalobacter,UMGS1472,Coprobacillus,Bariatricus,Parolsenella,Methanomassiliicoccus_A,UBA1777,Klebsiella_A,RQCD01,Duncaniella,UMGS1322,Gabonibacter,CAG-303,HGM12998,Terrisporobacter,Hydrogeniiclostridium,Massiliomicrobiota,Porphyromonas_A,HGM11327,UMGS1839,Hungatella,UMGS577,HGM11372,Paenibacillus_A,Citrobacter,MGYG000004443,UMGS1388,Extibacter,UMGS874,Bacilliculturomica,JAAYBB01,Massilimaliae,UMGS1781,UBA4855,UMGS1491
rep058_seed2083	Marvinbryantia,QAKS01,Lactococcus_A,UMGS1889,Eubacterium_F,UMGS1880,Ruthenibacterium,Catenibacterium,Veillonella,Providencia,MGYG000001953,UMGS1623,UBA6984,Gabonibacter,Enorma,MGYG000003289,Olsenella_B,CAG-56,UMGS1004,Paenibacillus_A,Oribacterium,RQCD01,RUG115,NSJ-50,Clostridium_J,UBA1820,Lacrimispora,HGM11368,SFFH01,MGYG000002683,UBA2821,UBA1181,Epilithonimonas,UMGS1388,Salinicola,HGM11507,Citrobacter,UBA5394,UMGS1976,CAG-533,Duodenibacillus,CAG-288,UBA940,Tidjanibacter,MGYG000003970,UBA11512
rep059_seed2084	MGYG000000574,CAG-460,UMGS1815,Phoenicibacter,BX12,CAG-917,Peptacetobacter,Oribacterium,Catenibacillus,NSJ-61,Firm-07,Duncaniella,Turicibacter,CAG-776,Massilioclostridium,MGYG000002696,MGYG000004229,Bariatricus,Robertmurraya,Johnsonella,UMGS2016,Massilicoli,Succinivibrio,RUG420,HGM11525,Longibaculum,Morganella,CAG-495,Harryflintia,Parolsenella,Pluralibacter,MGYG000004171,Merdimonas,Ruminococcus_D,Rubneribacter,Clostridium_P,MGYG000000390,CAG-884,AM07-15,CAG-145,UBA11774,UMGS416,Desulfovibrio,Bacteroides,Monoglobus,CAG-411
rep060_seed2085	CAG-288,Treponema_D,Bifidobacterium,Clostridium_Q,Epilithonimonas,MGYG000000505,Paenibacillus,Anaerofustis,COE1,Massilimaliae,UMGS874,UMGS1783,UMGS1338,UMGS1472,CAG-274,Ruminococcus,Paenibacillus_A,CAG-217,Parvimonas,Bilophila,RUG131,UMGS172,NC2004,UMGS363,MGYG000003289,F23-B02,Pseudoflavonifractor,Anaerocolumna,Ruminococcus_E,Plesiomonas,Pseudoruminococcus,Pseudescherichia,Lachnoclostridium_B,HGM13862,Rothia,HGM11386,Arcanobacterium_A,UBA7160,MGYG000000350,Pygmaiobacter,CAG-791,MGYG000002726,Duncaniella,CAG-510,Faecalitalea,Dysgonomonas
rep061_seed2086	Clostridium_J,CAG-353,Pseudomonas_R,Kluyvera,UBA5884,MGYG000003945,QALW01,Alloprevotella,CAG-312,Phocaeicola,UMGS692,MGYG000004850,Acetatifactor,UMGS1839,Paramuribaculum,UMGS882,Butyricimonas,UBA1394,Megasphaera,Megamonas,Zag1,Acinetobacter,Providencia,Eisenbergiella,Massilicoli,Peptoniphilus_B,UMGS1865,Oribacterium,UMGS1810,Holdemania,Dialister,Azonexus,MGYG000002726,HGM13010,Hydrogeniiclostridium,CAG-45,UMGS1474,MGYG000001953,KLE1615,UBA7702,Veillonella,Akkermansia,Coprococcus_A,CAG-103,HGM11588,UBA7488
rep062_seed2087	UMGS1783,MGYG000003855,UMGS1375,Haemophilus,Atlantibacter,UBA940,Kluyvera,QALS01,UBA11774,UMGS995,CAG-632,WG-1,Mobiluncus,Butyricicoccus_A,Holdemanella,UBA945,Rothia,CAG-390,Enterococcus_A,UMGS1418,Superficieibacter,TM7x,Coprobacillus,Anaerostipes,CAG-841,Ruminococcus_A,QAMM01,UBA6345,Fusicatenibacter,RUG11198,UBA1375,CHH4-2,MGYG000002010,Lachnoclostridium_B,Hungatella,MGYG000004445,HGM12998,Anaerosacchariphilus,Clostridium_AP,Duncaniella,DTU089,NSJ-32,UMGS2055,CAG-1031,Leminorella,UMGS1293
rep063_seed2088	RC9,UBA1829,HGM13010,CAG-484,Eikenella,UBA1394,Salinicola,Extibacter,Bacteroides,Lachnoclostridium,UBA3631,MGYG000000350,CAG-353,Dielma,V9D3004,UMGS1491,Serratia,ER4,UMGS1388,Mediterraneibacter_A,Anaerofustis,Methanobrevibacter_A,Kluyvera,UMGS1241,QAKD01,RUG420,UBA5026,Ellagibacter,Holdemania,Phocaeicola,Christensenella,Firm-11,Anaerococcus,Eubacterium_R,Pradoshia,Anaerosporobacter,UMGS2016,UMGS1690,HGM11588,RUG13868,UBA1737,MGYG000004547,UMGS1820,Megamonas,MGYG000002726,UBA7102
rep064_seed2089	UBA9502,UMGS1820,Eubacterium_I,Merdimonas,UMGS911,UMGS1370,SFHK01,Olsenella_B,CAG-452,Pygmaiobacter,UBA3282,CAG-485,CAG-127,Methanomassiliicoccus_A,Clostridium_AQ,RUG115,Succiniclasticum,CAG-1193,CAG-170,UBA3818,Fusobacterium,UBA945,Barnesiella,UMGS1572,CAG-521,An181,Bacillus_A,UMGS1611,NSJ-50,Kluyvera,51-20,HGM11616,Enterobacter_A,S5-A14a,Odoribacter,Turicimonas,UMGS1975,Dialister,CAG-475,Emergencia,Mailhella,CAG-710,Raoultella,Pseudobutyrivibrio,UBA7102,Pluralibacter
rep065_seed2090	Cellulosilyticum,UC5-1-2E3,Dialister,UMGS692,RC9,CAG-312,CAG-196,CAG-83,MGYG000003289,MGYG000003297,CAG-884,Robinsoniella,Slackia_A,CAG-710,Massilicoli,CAG-882,HGM04593,CAG-390,MGYG000002010,Christensenella,HGM11588,WG-1,SFJ001,Dysosmobacter,NSJ-32,Pseudescherichia,UBA5809,MGYG000001953,Enterococcus_B,CAG-465,HGM11530,CAG-317,Gabonibacter,Sneathia,Succinivibrio,UBA3282,Alterileibacterium,Amulumruptor,MGYG000004229,Duodenibacillus,CAG-776,Terrisporobacter,ER4,UMGS1532,Enterococcus_A,Allisonella
rep066_seed2091	Brachyspira,Parvimonas,RUG410,UMGS1224,CAG-115,UMGS1840,VUNA01,Actinomyces,MGYG000004380,Alloprevotella,UMGS973,Arcanobacterium_A,CAG-272,Erysipelatoclostridium,SFDB01,DTU089,UMGS1591,ER4,Bruticola,Fusobacterium_A,Murdochiella,UMGS1872,CHH4-2,Providencia,Anaerobutyricum,Pluralibacter,UBA738,COE1,Sutterella,HGM12713,Cloacibacillus,UBA940,Allisonella,Plesiomonas,Clostridium_B,VUNI01,Pseudescherichia,Lactiplantibacillus,UMGS172,Bacilliculturomica,KM106-2,MGYG000002719,Frisingicoccus,UMGS416,Robinsoniella,UBA2883
rep067_seed2092	Adlercreutzia,Mobilibacterium,UMGS692,Coprococcus_A,MGYG000004811,UMGS1696,Pseudomonas_R,Proteus,Ezakiella,UBA9475,Bariatricus,CAG-314,CAG-177,Massiliomicrobiota,CAG-917,UBA6398,Prevotella,RUG13868,CAG-194,Pseudobutyrivibrio,UMGS1975,MGYG000001953,Olsenella_E,Yersinia,Romboutsia,Amulumruptor,Parolsenella,Leminorella,MGYG000003297,MGYG000003270,Corynebacterium,QALR01,UMGS911,Kallipyga,CAG-103,UMGS1591,MGYG000004604,MGYG000003305,F23-B02,MGYG000002726,UMGS1880,CAG-354,51-20,Terrisporobacter,UMGS1474,GCA-900066135
rep068_seed2093	UBA10281,Lactococcus_A,Paraeggerthella,UMGS946,Faecalicoccus,UMGS268,HGM13618,Turicimonas,Dysosmobacter,Paraprevotella,43-108,Lactobacillus,Senegalimassilia,Latilactobacillus,UBA2856,HGM11416,UMGS911,MGYG000000745,MGYG000002575,GCA-900066905,Clostridioides,Enteroscipio,Barnesiella,HGM11327,Caecibacter,UBA6398,Mediterraneibacter,Cetobacterium_A,MGYG000001903,Zag111,MGYG000000346,UMGS1901,CAG-449,HGM12669,Cronobacter,Acetatifactor,UBA4644,CAG-272,Duodenibacillus,CAG-492,Ruminococcus_G,Murdochiella,Eubacterium_J,UBA4855,Clostridium_AP,AM07-15
rep069_seed2094	NSJ-50,CAG-41,Rothia,UMGS577,UMGS874,HGM11616,UMGS1293,RUG11200,MGYG000000346,Butyricicoccus_A,NC2004,43-108,CAG-353,QAKD01,Terrisporobacter,Klebsiella_A,CAG-485,SFFH01,CAG-180,Anaeromassilibacillus,CAG-317,UBA2882,F0040,UMGS1591,Haemophilus_D,Fusobacterium_A,Weimerbacter,MGYG000004133,UBA6984,MGYG000001903,CABIZH01,Massilimaliae,QALR01,UMGS1865,CAAHEQ01,Atlantibacter,Ruminococcus_C,Finegoldia,MGYG000003305,Lysinibacillus,UBA5884,CAG-313,JAAYBB01,CAG-1193,UMGS1975,UBA5026
rep070_seed2095	Streptococcus,MGYG000004727,HGM11416,Hydrogeniiclostridium,Faecalibacillus,Adlercreutzia,Anaerotignum,Methanomassiliicoccus_A,Schaedlerella,RUG115,Fournierella,Haemophilus,CAG-127,Bacillus_J,HGM12789,SFDB01,CAG-557,CAG-831,Alloprevotella,UMGS1253,Methanosphaera,Massilicoli,MGYG000003945,UBA738,MGYG000000728,MGYG000004660,NSJ-32,Ligilactobacillus,Ellagibacter,UBA1259,UBA4372,UMGS1572,Alistipes_A,Weimerbacter,Terrisporobacter,Eubacterium_T,Clostridium_X,Weizmannia,Firm-11,COE1,QANG01,Methanobrevibacter_A,MGYG000001953,UMGS1474,Pseudomonas,UBA4871
rep071_seed2096	CAG-964,Agathobaculum,Lachnoanaerobaculum,MGYG000000587,Garciella,UMGS905,Senegalimassilia,Massilistercora,Bacillus_A,Clostridium,Eubacterium_G,Frisingicoccus,HGM13222,Mediterraneibacter_A,CAG-594,Firm-07,Lachnoclostridium_A,Intestinibacter,51-20,Tidjanibacter,MGYG000000346,Ruminococcus_F,MGYG000004811,Fusobacterium,HGM11523,AM07-15,Bruticola,UMGS911,Enterobacter_D,QALW01,Blautia_A,UBA5884,Porphyromonas_A,Aneurinibacillus,UBA10677,UMGS1611,RUG023,UMGS856,VUNI01,CAG-313,Intestinimonas,Clostridium_AP,UBA1829,UBA3631,HGM05232,CAG-411
rep072_seed2097	UBA1691,Muribaculum,HGM10836,CAG-484,Morganella,Nitratidesulfovibrio,Weimerbacter,UMGS874,NSJ-61,Scardovia,UBA1206,COE1,MGYG000000728,MGYG000002010,Escherichia,CAG-917,Butyrivibrio_A,Cetobacterium_A,Brachyspira,Gemella,UMGS2055,Bulleidia,UBA1740,UBA5920,Megasphaera,Sellimonas,UMGS973,UBA644,Mitsuokella,Plesiomonas,MGYG000004029,RUG13868,HGM12713,HGM11368,UMGS2016,CAG-103,SFDP01,RUG705,UMGS1603,Anaerococcus,CAG-1193,Hungatella_A,Clostridium_X,RUG572,F0040,CAG-272
rep073_seed2098	MGYG000004380,UMGS1326,Catenibacillus,Yokenella,Hafnia,Succinivibrio,CAG-180,UBA11512,Stoquefichus,MGYG000004727,UMGS1872,Mesosutterella,Morganella,CAG-632,RUG472,UMGS263,Ruminiclostridium_E,Lachnoclostridium_B,HGM13634,CAG-465,Eikenella,CAG-170,CAG-488,Clostridium_F,Ruminococcus_C,UMGS1839,MGYG000004177,Epilithonimonas,UBA1691,UMGS731,UMGS1071,Phocaeicola,CAG-417,Pygmaiobacter,UBA737,Bruticola,Parasutterella,Cronobacter,BX12,UMGS1518,An181,UBA1375,Peptoniphilus_B,CAG-127,Kosakonia,MGYG000000674
rep074_seed2099	UBA7185,Lysinibacillus,HGM13010,Mixta,UMGS1688,Limosilactobacillus,Schaedlerella,Acidovorax,UBA1786,Citrobacter,Pyramidobacter,UMGS1241,Agathobaculum,AM51-8,RUG115,UBA9414,Pseudescherichia,TF01-11,CAG-873,MGYG000004556,F0040,SCN-57-10,MGYG000004443,CAG-793,Pseudoflavonifractor,Amulumruptor,CAG-451,UMGS1591,Weissella,CAG-841,UBA11452,Borkfalkia,ER4,Hafnia,Eubacterium_G,Lawsonibacter,UMGS680,CAG-628,UMGS1388,Intestinimonas,UMGS1781,UBA1390,SFMI01,UBA3766,HGM12669,Gemella
rep075_seed2100	UMGS1864,Fusobacterium,Victivallis,Blautia_A,Frisingicoccus,GCA-900066905,Harryflintia,Adlercreutzia,HGM12587,Nitratidesulfovibrio,Bacteroides_F,Rubneribacter,DUOT01,Lancefieldella,MGYG000003855,CAG-317,OF09-33XD,Olsenella,43-108,Peptostreptococcus,Chimaeribacter,UMGS577,GCA-900066755,CAG-390,CAG-762,KM106-2,Parolsenella,MGYG000002683,SFFS01,UMGS1901,Ralstonia,Aneurinibacillus,Parvimonas,UMGS1307,UMGS1865,Mediterraneibacter_A,Phocaeicola,Actinomyces,Pseudomonas_R,UMGS268,UMGS1603,CAG-831,Senegalimassilia,Varibaculum,Fenollaria,An92
rep076_seed2101	Bacillus_A,Flavonifractor,HGM12957,UMGS2016,Holdemania,UBA11524,Oribacterium,Holdemanella,Peptacetobacter,Fenollaria,Paraeggerthella,Bacillus_J,QANG01,MGYG000002010,Enterococcus_C,MGYG000003297,Pyramidobacter,UBA5920,HGM11372,Staphylococcus,VUNA01,Ruminococcus_B,UMGS1633,Prevotella,GCA-900066135,UBA7488,UMGS1975,UMGS1251,Chimaeribacter,HGM12789,Cronobacter,Hungatella,UMGS1224,F0040,Nitratidesulfovibrio,UMGS1491,Neobacillus,SFFH01,UMGS995,HGM11514,Haemophilus,CABIZH01,Pluralibacter,UMGS1487,Citrobacter_B,Anaerofustis
rep077_seed2102	Butyricimonas,SFTJ01,Clostridium,Phascolarctobacterium,CAG-841,Clostridium_N,Lactonifactor,S5-A14a,UBA6398,UBA1206,UMGS1384,CAG-762,CACZQA01,RUG023,Weizmannia,Ruminococcus_C,Fenollaria,Anaeroplasma,CAG-411,Anaerosporobacter,UBA636,NK3B98,An181,UMGS1611,Anaeromassilibacillus,Massilimaliae,UMGS1840,UBA4372,CAG-1193,Desulfovibrio,UMGS1477,Sellimonas,Massilioclostridium,Odoribacter,Arabia,HGM11523,UBA11517,UBA5809,SFDP01,Eubacterium_R,Paenibacillus_A,Leclercia,Fusobacterium_C,SFVR01,Agathobaculum,Senegalimassilia
rep078_seed2103	Paraclostridium,MGYG000004127,Phocaeicola,UMGS1826,Bacillus_A,UMGS1781,UBA4334,Parvimonas,Bacilliculturomica,UBA737,HGM13634,CACZQA01,MGYG000002010,COE1,UMGS1518,Butyrivibrio_A,Romboutsia,UBA9506,CAG-1024,NK4A136,Lacticaseibacillus,Succinivibrio,UBA1390,Methanobrevibacter_A,QANG01,Enterococcus_D,UMGS1387,UBA3766,Adlercreutzia,Eisenbergiella,Marseille-P4683,Mediterraneibacter,Clostridium_F,Ruminococcus_D,MGYG000002797,UMGS1840,CAG-1193,Lachnoclostridium_B,Enterococcus_C,Escherichia,UMGS1783,Cloacibacillus,Veillonella_A,Schaedlerella,CAG-314,CAG-488
rep079_seed2104	Veillonella,QANG01,Bacillus_A,Barnesiella,UMGS1633,MGYG000004660,Peptostreptococcus,Mitsuokella,Alloscardovia,Ruthenibacterium,Aeromonas,HGM11501,An172,MGYG000004556,RUG472,OM05-12,UMGS1851,Butyricicoccus,Parabacteroides,Zag1,Marseille-P4683,Lactococcus,MGYG000004811,UBA7702,UMGS363,Bacteroides_F,Limosilactobacillus,MGYG000000350,Enterococcus_B,Salmonella,SFHK01,Lachnoclostridium_B,Lawsonella,UMGS1826,UMGS1820,TF01-11,Sellimonas,HGM11417,UMGS905,MGYG000000505,Sporanaerobacter,MGYG000000674,Catenibacterium,UMGS1384,UBA5809,Catenibacillus
rep080_seed2105	Fusobacterium_A,Lachnoclostridium_A,MGYG000004029,Mediterraneibacter,SFEL01,UMGS1307,UMGS1623,UMGS1540,Hafnia,MGYG000004547,Arcanobacterium_A,Enteroscipio,UMGS416,HGM11327,MGYG000002216,Plesiomonas,MGYG000003490,NC2004,51-20,Bilophila,Clostridium,Massilicoli,CAG-115,Methanomassiliicoccus_A,CAG-451,UBA940,Faecalicoccus,SFHK01,UBA7702,Succinivibrio,CAG-83,UBA644,HGM13618,Bittarella,UMGS2016,Lacrimispora,UBA11940,Varibaculum,Cedecea,Massilimaliae,CAG-873,Alistipes_A,CAG-488,Neobittarella,OM05-12,Muricomes
rep081_seed2106	Anaerotruncus,CAG-115,Marseille-P3106,HGM10836,MGYG000002758,UBA9506,Sodaliphilus,Kosakonia,V9D3004,Fusobacterium_C,UMGS1532,RC9,Holdemanella,GCA-900066135,PeH17,Lagierella,HGM11521,Extibacter,Eubacterium,Amedibacillus,UMGS1224,UMGS1490,UBA1752,UBA1409,Kluyvera,Clostridium_A,Latilactobacillus,Treponema_D,MGYG000000387,HGM11368,HGM11525,Arcanobacterium_A,UBA1737,UMGS1225,UCG-010,UMGS856,Succiniclasticum,Pseudoruminococcus,UMGS946,QANA01,UMGS1293,Turicimonas,SFFH01,CAG-390,DTU089,Eubacterium_M
rep082_seed2107	OF09-33XD,UMGS1880,UBA2883,UMGS1251,MGYG000004547,HGM13006,Rahnella,Catenibacillus,Acutalibacter,CAG-314,Muribaculum,MGYG000000387,CAG-521,UMGS1487,Haemophilus_D,Merdimonas,CAG-303,UMGS1783,QAMH01,Dialister,CAG-390,Coprococcus_A,HGM10836,GCA-900066755,SFJ001,Superficieibacter,Clostridium_Q,MGYG000001871,Oribacterium,Cedecea,QAMM01,CAG-617,Marseille-P4683,MGYG000004171,UBA1777,UBA4372,Leuconostoc,CAG-45,Campylobacter_A,UMGS1901,UMGS1600,GCA-900066135,CAG-41,Extibacter,UBA738,Acetivibrio_A
rep083_seed2108	UMGS1820,UMGS995,HGM11521,UBA5809,RC9,Anaeromassilibacillus,Arabia,UBA7185,Stenotrophomonas,Lactiplantibacillus,Anaerocolumna,Clostridium,NK4A136,HGM05232,Paraeggerthella,HGM12669,Rubneribacter,CAG-590,MGYG000003305,HGM13862,CAG-269,NSJ-32,Haemophilus_D,QALR01,MGYG000003855,Eubacterium_J,UMGS1865,CAG-449,UBA1822,UMGS1840,Sporanaerobacter,CAG-81,UMGS1387,MGYG000004727,Fusicatenibacter,UBA1390,HGM12587,Agathobacter,CAG-628,Sneathia,MGYG000002216,Actinobaculum,Mobilibacterium,Anaerotruncus,Ellagibacter,CAG-279
rep084_seed2109	Lentilactobacillus,Cedecea,Eubacterium_T,HGM11327,HGM12669,Phascolarctobacterium_A,Longibaculum,MGYG000004874,MGYG000000674,UMGS1901,MGYG000002726,Turicibacter,MGYG000004171,UMGS1225,Lagierella,UMGS946,Paenibacillus,Anaerofustis,UMGS1864,UMGS1613,UBA4871,UMGS1815,Peptococcus,Faecalibacillus,Eubacterium_G,UBA3388,CAG-603,HGM12789,Hungatella,CAG-110,CAG-314,Agathobacter,MGYG000003490,Anaeroplasma,Criibacterium,UBA3263,MGYG000004445,Butyricicoccus,HGM11417,Scardovia,Evtepia,CAG-127,Oscillibacter,TM7x,CAG-1031,Stenotrophomonas
rep085_seed2110	UMGS929,UMGS1532,Peptoniphilus_C,Vibrio,Arabia,Romboutsia,Anaeromassilibacillus,Citrobacter_A,MGYG000000456,TWA4,Acetivibrio_A,Firm-07,MGYG000004380,MGYG000000390,Fusobacterium_B,Raoultella,UMGS1783,Muricomes,RF16,Hungatella_A,Varibaculum,CAG-303,Paraeggerthella,Pseudomonas_R,KLE1615,MGYG000002797,Lactococcus,Barnesiella,UMGS1224,UMGS1880,UMGS1241,Weimerbacter,UBA1232,PeH17,HGM11417,UMGS1633,Bacillus_A,Pseudoflavonifractor,UBA7182,Aeromonas,Clostridium_N,Lacticaseibacillus,Exiguobacterium,Butyricicoccus,Phascolarctobacterium,Coprobacter
rep086_seed2111	SFTJ01,QALR01,Merdibacter,MGYG000000745,Anaerofustis,Murimonas,UBA9502,Cellulosilyticum,Enteroscipio,Anaerocolumna,CAG-510,1XD42-69,UBA3766,UMGS1540,UMGS1781,Collinsella,UMGS680,UMGS1839,Duncaniella,UBA1685,Amulumruptor,Pauljensenia,UMGS1375,UMGS1601,UBA4871,UBA7057,Citrobacter_A,MGYG000000574,Enterococcus_G,Enorma,Lactococcus,Rahnella,Clostridium_AQ,SFMI01,RC9,Succiniclasticum,UMGS1858,RQCD01,Cloacibacillus,Eubacterium,UBA6345,MGYG000003305,Fusicatenibacter,Leuconostoc,Oxalobacter,Faecalibacterium
rep087_seed2112	Merdibacter,Bifidobacterium,MGYG000003970,Lawsonibacter,Borkfalkia,UBA9475,NK3B98,Muribaculum,Morganella,Intestinimonas,Firm-10,CAG-485,Companilactobacillus,Veillonella_A,Alterileibacterium,CABIZH01,Firm-07,Phocea,SFDB01,Extibacter,NSJ-63,CAG-710,UMGS1540,Cedecea,CAG-1000,UMGS1613,Moellerella,Pluralibacter,SCN-57-10,HGM05232,UMGS1225,Enterobacter_D,CAG-590,UMGS2055,CAG-628,Peptococcus,QALW01,HGM11525,RUG11247,Harryflintia,Allisonella,Hungatella,UBA4716,UBA1820,MGYG000000574,Epilithonimonas
rep088_seed2113	Cellulosilyticum,CAG-417,Oxalobacter,UMGS1820,Limosilactobacillus,UCG-010,UMGS1241,Bulleidia,MGYG000002683,CAG-1000,UMGS966,Lawsonella,Rahnella,UMGS1307,UMGS680,UMGS1975,Holdemania,UBA1390,Azonexus,Neisseria,Longibaculum,Ruthenibacterium,WRGP01,Parolsenella,UBA11471,UBA2882,UBA3818,MGYG000002696,Cutibacterium,UBA7702,Emergencia,Clostridium_J,Morganella,SFDP01,Sutterella,RUG705,Clostridioides,Lachnospira,UMGS1766,Pluralibacter,MGYG000004874,Peptostreptococcus,Enterobacter_A,MGYG000002010,Pediococcus,CAG-273
rep089_seed2114	NSJ-62,Escherichia,Lentilactobacillus,Plesiomonas,Peptoniphilus_B,Caproiciproducens,Extibacter,Lacticaseibacillus,UMGS1477,UMGS1600,Clostridium_P,Companilactobacillus,HGM11514,Allisonella,UMGS1975,Evtepia,MGYG000002696,QANA01,NSJ-61,UBA11512,HGM10836,UBA3818,Prevotellamassilia,Enorma,Stoquefichus,MGYG000002010,RF16,RUG131,UMGS172,UMGS1312,UBA3766,Pluralibacter,An181,Ralstonia,CABIZH01,Intestinimonas,Chimaeribacter,Megasphaera,Borkfalkia,UBA1711,UBA3631,Succinivibrio,NSJ-32,UBA1232,UMGS1663,Sellimonas
rep090_seed2115	UMGS1889,MGYG000004172,Borkfalkia,CAG-495,Pseudescherichia,Gastranaerophilus,Longicatena,UMGS1590,NSJ-38,Limosilactobacillus,CAG-877,UMGS1840,UBA11452,Massiliomicrobiota,Dysgonomonas,UMGS1865,VUNI01,UBA7182,Merdimonas,Lactococcus,UMGS1487,Succiniclasticum,Niameybacter,MGYG000000587,MGYG000002575,CAG-1000,Caecibacter,CAAHEQ01,Cloacibacillus,VSOB01,Enterococcus_A,MGYG000003289,UMGS966,RUG472,Akkermansia,Lachnospira,UMGS1477,Duodenibacillus,RUG705,HGM12957,HGM11575,UMGS680,Bifidobacterium,UBA1191,Enorma,Porphyromonas
rep091_seed2116	Klebsiella_A,MGYG000004850,Pseudomonas,Prevotellamassilia,UMGS1889,Garciella,MGYG000001903,Amedibacillus,Ruminococcus_C,TF01-11,UMGS1387,D5,CAG-1193,Rikenella,UBA11517,Faecalicoccus,Barnesiella,UBA11524,UMGS856,Companilactobacillus,Rubneribacter,UBA6984,UBA1685,CAG-1024,CAG-873,SFFS01,Dialister,RF16,Varibaculum,Fusobacterium_C,UMGS1590,Anaerobutyricum,RUG13868,SFDP01,Succiniclasticum,Alterileibacterium,RUG115,RQCD01,UMGS966,Eikenella,QALR01,MGYG000000286,CAG-877,Phoenicibacter,UBA4716,Moellerella
rep092_seed2117	CAG-452,UBA1206,Peptococcus,Bifidobacterium,Tidjanibacter,Hydrogeniiclostridium,UMGS1491,Marseille-P4683,HGM12650,CAG-594,UMGS680,UMGS1994,Faecalitalea,NSJ-38,UMGS2055,UMGS902,CAG-495,CAG-475,Niameybacter,Holdemania,QAKD01,UMGS268,UBA1829,Phytobacter,SFJ001,Lawsonella,Selenomonas_C,Pseudomonas_E,Faecalibacterium,Hafnia,Enterobacter_A,Enterobacter,HGM11368,UBA2856,UBA1417,UMGS874,CAG-448,UBA11517,UMGS1002,HGM12587,Gemmiger,Clostridium_J,Desulfovibrio,Granulicatella,UMGS1781,QAMX01
rep093_seed2118	CAG-462,UBA1777,UBA5809,Olsenella,GCA-900066755,CAG-1427,Dielma,Phascolarctobacterium,MGYG000004172,Weimerbacter,CAG-1000,Peptoniphilus_E,CAG-510,Clostridium_AQ,CAG-238,UBA5920,AM07-15,UBA9414,Alloprevotella,Enterobacter_A,MGYG000000346,KM106-2,UMGS1370,HGM11372,UBA1711,Paenibacillus_A,Zag111,Methanosphaera,UMGS2055,AF33-28,Acidovorax,HGM11417,Eubacterium_M,An92,Sodaliphilus,Pluralibacter,HGM11416,QAKS01,Marseille-P3106,Merdibacter,Neobacillus,UMGS1670,UMGS856,Eubacterium_T,UMGS172,Eubacterium
rep094_seed2119	HGM11507,Escherichia,UMGS1484,MGYG000003490,UBA7057,Lentilactobacillus,Campylobacter_B,Acinetobacter,Plesiomonas,CAG-628,Leminorella,BX12,NK4A136,UMGS1397,Pseudoflavonifractor,UMGS1670,MGYG000000587,CAG-791,UBA1740,UMGS1933,Dysosmobacter,CAG-1193,Firm-10,Pseudomonas_R,Romboutsia,Negativibacillus,HGM11327,Marseille-P4683,Massilioclostridium,MGYG000003289,CAAEEV01,MGYG000000425,Porphyromonas_A,UMGS1225,Faecalibacillus,Amedibacterium,Companilactobacillus,Clostridium_Q,CAG-302,UBA5394,Kosakonia,Acetivibrio_A,Clostridium_P,MGYG000004547,UMGS1004,CAG-465
rep095_seed2120	Veillonella_A,UBA3263,UBA1375,Eikenella,Anaerotruncus,HGM13618,UMGS1370,Niameybacter,UMGS1633,Roseburia,Butyrivibrio_A,Phil1,Streptococcus,Amedibacillus,Yersinia,UMGS905,Sellimonas,COE1,Pseudomonas_R,CAG-964,UMGS599,UMGS1810,CAG-791,Gemella,SFDB01,Lacrimispora,Lactococcus,Gordonibacter,UBA5920,GCA-900066905,Oxalobacter,Eggerthella,Corynebacterium,HGM11501,Dialister,RUG13868,UMGS1490,Alterileibacterium,UMGS1384,UBA1829,Campylobacter,UBA4855,SFGY01,UMGS1600,Caecibacter,Leclercia
rep096_seed2121	CAG-417,QAKD01,UMGS905,HGM11372,Coprobacillus,UBA1777,Limosilactobacillus,UMGS1109,Clostridium_E,NK4A136,UBA2821,RUG131,Faecalicoccus,UBA1234,Phocaeicola,QAMH01,HGM13233,UBA5809,CAG-353,Phoenicibacter,Anaeroplasma,NSJ-32,Coprococcus_A,UBA1394,V9D3004,CAG-103,Senegalimassilia,Enterococcus_B,UMGS1851,UBA7597,CAG-288,Anaerotignum,Mediterraneibacter_A,Succiniclasticum,Hungatella_A,CAG-449,Gastranaerophilus,RUG705,Collinsella,Butyrivibrio_A,Chimaeribacter,Schaedlerella,UBA5394,UBA4644,Alistipes,UMGS1326
rep097_seed2122	An92,CAAEEV01,Porphyromonas_A,UMGS1783,SFJ001,CAG-451,MGYG000002758,UMGS1484,Duodenibacillus,MGYG000002702,HGM11588,Pluralibacter,CAG-448,Romboutsia,UMGS1889,Dielma,UBA4716,MGYG000002696,NC2004,MGYG000003289,UBA866,Ruminococcus_A,Succinatimonas,Lachnoclostridium_A,Finegoldia,UBA2883,Lactococcus_A,Enterococcus_G,Clostridium_A,UBA1206,SFDB01,HGM11808,Faecalicoccus,UBA10281,CAG-41,Clostridioides,MGYG000000745,Edwardsiella,Hydrogeniiclostridium,F082,CAG-110,UBA2882,Enterobacter,Leptotrichia,Olsenella_E,MGYG000000587
rep098_seed2123	HGM11788,CAG-1193,CAG-460,Hungatella,Veillonella_A,Blautia_A,HGM11588,Prevotella,NSJ-63,UBA1375,Cronobacter,NSJ-50,Peptococcus,Clostridium_F,Ruminococcus_A,HGM11416,MGYG000000456,Ruminococcus_B,VUNA01,Lagierella,CAG-492,UBA866,UMGS680,CAG-485,UMGS929,GCA-900066905,Cellulosilyticum,Sodaliphilus,Anaeromassilibacillus,CAG-313,UMGS1851,UBA6398,Massilimaliae,UMGS856,UMGS1572,Alloscardovia,Bulleidia,Dialister,Faecalibacterium,Fusobacterium,Salinicola,Peptacetobacter,Phytobacter,An172,UMGS577,MGYG000004380
rep099_seed2124	Lysinibacillus,UBA7597,UMGS1826,Plesiomonas,Blautia_A,Bariatricus,UBA4871,GCA-900066495,CAG-1193,Coprococcus_A,UMGS1933,UMGS1795,SFEL01,UMGS1572,Faecalibacillus,Massilioclostridium,Companilactobacillus,Edwardsiella,TWA4,Sutterella,Robinsoniella,UBA11512,MGYG000000745,Lachnoclostridium_A,Slackia_A,CAG-110,MGYG000002010,Azonexus,Duncaniella,AM51-8,UMGS966,CAG-41,UBA9502,Anaerotruncus,UMGS1975,MGYG000001871,QALS01,CAG-269,CAG-521,Brachyspira,UMGS905,UBA1417,MGYG000004604,Mitsuokella,CAG-317,Succinatimonas
rep100_seed2125	MGYG000002758,UBA1786,Dielma,Lacrimispora,CAG-594,UBA6398,Leclercia,Pyramidobacter,Anaerosacchariphilus,UBA1822,UMGS1375,RUG11247,UMGS911,UMGS1388,CAG-313,Aneurinibacillus,Rothia,UMGS124,Ruminococcus_E,HGM13862,SFGY01,UBA11471,UMGS2037,UBA7102,UMGS1487,MGYG000003289,HGM11368,UBA6382,MGYG000002075,UBA5920,UBA1232,Mesosutterella,Blautia_A,Emergencia,CAG-582,CAG-484,Acidovorax,Campylobacter_A,RUG12045,Veillonella_A,Dorea_A,HGM11514,UBA5416,RUG806,UMGS1810,Bittarella
rep101_seed2126	CAG-314,Selenomonas_A,Johnsonella,MGYG000002797,TM7x,CAAHEQ01,MGYG000000390,Beduini,Superficieibacter,Prevotellamassilia,HGM11372,Desulfovibrio,UBA5446,MGYG000002685,Frisingicoccus,MGYG000004443,UMGS1202,Rubneribacter,RUG13868,HGM11808,Edwardsiella,UBA9506,Haemophilus_A,D5,COE1,Pluralibacter,NSJ-38,Niameybacter,Lachnospira,Stomatobaculum,QALS01,UMGS577,UBA11940,Anaerostipes,Peptacetobacter,UMGS1225,Bittarella,Merdibacter,CAG-449,Psychrobacillus,UBA9475,Weimerbacter,UMGS1858,Mobilibacterium,HGM11368,UBA3282
rep102_seed2127	CAG-272,Parolsenella,MGYG000002758,UBA1685,CAG-462,Lachnoclostridium,HGM11368,MGYG000000574,Arabia,Nitratidesulfovibrio,UMGS124,AM51-8,MGYG000004061,Phocaeicola,Gemella,UMGS1518,CAG-349,Firm-07,HGM13618,UMGS692,43-108,UBA5809,CAG-269,Anaerosacchariphilus,RUG100,UBA1181,Leclercia,CAG-884,UBA1234,UMGS1688,Anaerofustis,Negativicoccus,RUG11200,UMGS1537,SFLA01,HGM11416,UMGS882,UBA3818,MGYG000002726,Lawsonella,UMGS1225,RQCD01,UMGS1474,Weizmannia,UMGS1810,UMGS946
rep103_seed2128	Massilimaliae,MGYG000001903,HGM11616,MGYG000004112,Providencia,OM05-12,Plesiomonas,RUG11198,UBA1234,UBA1394,Superficieibacter,QAMX01,Weimerbacter,HGM11417,Peptoniphilus_B,UMGS1484,UBA3388,Catenibacillus,Porphyromonas_A,RUG420,Pseudomonas_R,UBA2883,MGYG000004604,Coprococcus,Agathobaculum,UMGS1004,Rahnella,Zag111,Butyricicoccus_A,Lachnospira,SFFH01,UBA4855,UMGS577,QAKS01,UMGS1326,Longicatena,Mobiluncus,MGYG000000425,CAG-390,UMGS1540,CAG-882,UMGS1883,RC9,Corynebacterium,CAG-465,Enterococcus_D
rep104_seed2129	UBA4716,UMGS1326,An92,Peptoniphilus_B,S5-A14a,Pauljensenia,MGYG000002696,RUG115,Coprobacillus,DTU089,Methanosphaera,Streptococcus,Murimonas,Negativibacillus,Citrobacter_A,CAG-884,CAG-449,Enterococcus,Ruminococcus_B,Dialister,CAG-475,Johnsonella,UMGS1600,UBA9414,CABIZH01,UMGS1810,UMGS1670,Dysgonomonas,CHH4-2,UBA1777,CAG-115,Angelakisella,TF01-11,F0422,Harryflintia,SFDP01,SFHK01,Vibrio,UBA644,MGYG000002758,Eubacterium_R,Massilimaliae,Longicatena,UBA737,Negativicoccus,Mitsuokella
rep105_seed2130	Butyricimonas,Peptostreptococcus,CAG-170,UMGS1663,UMGS1322,UMGS1820,QAKD01,Selenomonas_A,COE1,JAAYBB01,Pediococcus,CAG-95,UBA3388,UMGS1370,UBA5394,CAG-822,Corynebacterium,UBA4871,MGYG000000286,An92,CAG-557,UMGS856,MGYG000002696,MGYG000003289,Merdimonas,Mixta,UMGS1815,Methanosphaera,UMGS1474,NK4A136,UBA3818,MGYG000002726,An181,UMGS1418,VSOB01,Cronobacter,UBA1711,RUG11200,Arabia,Eubacterium_F,AF33-28,UBA4285,Lancefieldella,Amulumruptor,Ruminiclostridium_E,Clostridium_AQ
rep106_seed2131	UBA4644,HGM13010,UBA11524,UMGS1795,UMGS1387,Extibacter,Aeromonas,Lawsonella,Latilactobacillus,Bacilliculturomica,BX12,Paraprevotella,Methanobrevibacter_A,Eubacterium,Paraeggerthella,UBA1691,CAG-273,MGYG000004556,UBA6398,Lactonifactor,HGM11523,Clostridium_N,Dysosmobacter,UMGS1418,UMGS2037,Gemmiger,HGM13233,UBA3818,HGM12789,Parolsenella,Oribacterium,Treponema_D,UMGS1623,UMGS1839,Psychrobacillus,QAKW01,Citrobacter_A,F0422,SFFS01,Evtepia,UMGS946,CAG-884,Mobiluncus,Citrobacter,UMGS1810,HGM11327
rep107_seed2132	UMGS911,Firm-10,UMGS902,UMGS1375,UBA3631,Butyricimonas,UBA10677,Mailhella,CAG-317,Fusicatenibacter,UBA3402,UMGS1826,UMGS1441,QALR01,HGM11501,Faecalibacillus,UMGS363,UMGS874,NSJ-38,Ruminococcus_F,Olsenella,UBA10281,Ellagibacter,CAG-603,Neobacillus,UBA1752,Raoultibacter,Pygmaiobacter,MGYG000003945,Lachnoclostridium,NK4A136,MGYG000000390,CAG-1000,Dielma,UBA1711,QALW01,MGYG000000456,Fannyhessea,UMGS172,UMGS1312,UBA1409,Streptococcus,UMGS1933,UMGS1603,Stenotrophomonas,MGYG000004727
rep108_seed2133	MGYG000004850,Clostridium_Q,Pseudescherichia,Pyramidobacter,Peptococcus,WG-1,UMGS905,UMGS172,UMGS2037,UBA1390,UMGS1826,Victivallis,UBA11517,MGYG000000674,UMGS1601,Blautia_A,UMGS1795,Prevotella,UBA1417,Salmonella,UMGS1933,Zag1,CAG-196,AF33-28,Paenibacillus,UBA3766,Pluralibacter,CAG-452,UBA1691,Psychrobacillus,Enterocloster,Yokenella,RUG12045,Pediococcus,HGM12957,Paenibacillus_A,HGM11521,Enterobacter_A,UMGS1670,QAKD01,Peptoniphilus_C,Eubacterium_G,NSJ-38,Franconibacter,Extibacter,Brachyspira
rep109_seed2134	Citrobacter,HGM11525,CAG-1193,UBA1820,Eisenbergiella,MGYG000004874,Faecalibacterium,CAG-390,UBA4372,Sneathia,An172,TM7x,Yersinia,Turicibacter,UBA7702,UMGS1601,Parolsenella,Evtepia,UBA3766,Pseudomonas_E,Coprobacter,Olsenella_E,51-20,MGYG000002797,MGYG000004171,Gabonibacter,Massiliomicrobiota,Ruminiclostridium_E,MGYG000002075,UMGS1826,MGYG000004172,UBA9506,UMGS692,MGYG000003289,UBA6857,HGM04593,UBA3263,Arcanobacterium_A,CAG-841,CAG-590,UMGS1591,UMGS1326,NSJ-62,UMGS973,Duodenibacillus,QAKW01
rep110_seed2135	Epilithonimonas,MGYG000002075,UMGS1251,HGM12669,UMGS1472,CAG-617,UBA1822,Paenibacillus,CAAHEQ01,Phoenicibacter,UCG-010,Cetobacterium_A,UMGS1688,MGYG000004061,Exiguobacterium,Lacticaseibacillus,UBA1691,UBA11940,Fannyhessea,UMGS874,UBA10677,Campylobacter,Varibaculum,UMGS1591,F082,NSJ-38,Acinetobacter,UBA4372,UBA1181,Succiniclasticum,MGYG000003270,CAG-177,Ruminiclostridium_E,Marseille-P4683,Butyricicoccus,UBA9475,CAG-465,Eubacterium_R,UBA3388,UBA1409,UMGS1933,Dorea_A,UBA10281,Chimaeribacter,Selenomonas_C,Lagierella
rep111_seed2136	Salmonella,CAG-822,Bariatricus,Ellagibacter,SFTJ01,Enterocloster,Bacteroides,UMGS124,UMGS1071,UMGS905,UMGS1109,Faecalibacterium,Fusobacterium_B,Enterobacter_D,CAG-465,Acetivibrio_A,Peptoniphilus_B,UBA636,HGM11368,Paenibacillus,Murimonas,Dysgonomonas,NSJ-38,UBA11940,MGYG000004171,HGM11514,Amedibacillus,Faecalitalea,Evtepia,Enorma,Eubacterium_G,Methanomassiliicoccus_A,UC5-1-2E3,Nitratidesulfovibrio,Paramuribaculum,UMGS1663,UMGS1518,MGYG000000674,CAG-448,Azonexus,Haemophilus_D,BX12,UMGS1865,UMGS1397,Lacticaseibacillus,Prevotella
rep112_seed2137	Butyricimonas,Peptococcus,UBA1820,Adlercreutzia,UMGS1370,HGM11417,CAG-822,UBA4285,Citrobacter_A,Acetivibrio_A,Roseburia,SFVR01,Clostridium_J,D5,UBA6345,Ruminococcus,CAG-81,Catenibacterium,UMGS911,CAG-841,CAG-349,Paraeggerthella,Eisenbergiella,RUG13868,UMGS1251,CACZQA01,Marseille-P3106,UBA5026,CAG-831,Eubacterium_G,MGYG000001953,CAG-103,UBA1390,CAG-272,Mobiluncus,Fenollaria,Weimerbacter,NSJ-63,Parabacteroides,Clostridium,Klebsiella,Bilophila,UBA1234,43-108,PeH17,UMGS1540
rep113_seed2138	Rahnella,Eubacterium_T,Bifidobacterium,HGM13634,HGM12789,Enterococcus_G,Phil1,KLE1615,Marvinbryantia,UMGS1307,CAG-462,F0422,HGM11788,UMGS1839,UBA9502,UBA1206,RUG131,Extibacter,RUG806,MGYG000004380,Nitratidesulfovibrio,UBA3766,Muribaculum,QALR01,Fusobacterium,UMGS692,Limosilactobacillus,F0040,Stomatobaculum,Anaeroplasma,Pseudoflavonifractor,UMGS2016,Edwardsiella,CAG-762,Anaerotignum,CAG-603,UMGS946,HGM12669,TF01-11,QANG01,MGYG000000350,MGYG000000574,Mailhella,Lachnoclostridium_B,UMGS1668,MGYG000003297
rep114_seed2139	UMGS856,Butyrivibrio_A,UMGS416,QALS01,UBA5394,HGM13233,Desulfovibrio,Alistipes_A,51-20,RUG14107,MGYG000004177,Paraclostridium,Odoribacter,Actinomyces,CAG-312,RUG11200,UBA3282,Terrisporobacter,CAG-354,Bacillus_J,MGYG000002758,Peptoniphilus_C,Clostridioides,S5-A14a,Alloscardovia,Rikenella,HGM11386,CAG-448,Leuconostoc,Providencia,Yersinia,Lacticaseibacillus,Negativibacillus,UMGS692,UBA945,Porphyromonas,Sodaliphilus,MGYG000003305,Turicimonas,UBA6382,Longibaculum,Anaeroplasma,Faecalicoccus,Clostridium_B,CAG-269,CAG-314
rep115_seed2140	Ruminococcus_C,Franconibacter,Sodaliphilus,GCA-900066905,Eubacterium_M,RUG410,UMGS1540,Enteroscipio,HGM13010,Lysinibacillus,UMGS1071,MGYG000004727,AM51-8,Vibrio,CAG-582,UBA4716,Nitratidesulfovibrio,Butyricicoccus,UMGS911,Peptoniphilus_B,CAG-313,Lachnoclostridium,Enterococcus_D,Varibaculum,Clostridium_B,Escherichia,UBA866,MGYG000004811,MGYG000004094,Romboutsia,UBA3388,HGM11416,UBA4855,UBA1234,Bacteroides,Monoglobus,Pseudobutyrivibrio,Enterococcus_C,CAG-41,TWA4,RUG11198,HGM11808,MGYG000000425,NK4A136,HGM12669,Lachnospira
rep116_seed2141	Marseille-P4683,Alterileibacterium,Barnesiella,Eggerthella,DTU089,CAG-631,UBA5026,UMGS1491,CAG-628,CAG-354,CAG-475,UMGS2016,UMGS1224,MGYG000000350,UBA7102,SFGY01,Peptoniphilus_A,Dysosmobacter,HGM13010,Enterobacter,Pantoea,HGM12669,RUG410,VUNI01,Latilactobacillus,Negativibacillus,Aggregatibacter,Acinetobacter,UMGS1872,Muricomes,Arcanobacterium_A,UBA5920,CAG-485,Fournierella,UBA1206,Collinsella,HGM11521,UMGS1472,Bruticola,Brachyspira,Parasutterella,MGYG000002053,UBA1417,Phocaeicola,UMGS1225,UBA1232
rep117_seed2142	Longicatena,Lancefieldella,MGYG000000378,GCA-900066495,Psychrobacillus,UMGS680,Epilithonimonas,Fusobacterium_B,Anaerosacchariphilus,CAG-460,Weissella,Eubacterium,UMGS1532,UBA1820,DTU089,Kallipyga,TF01-11,Angelakisella,Parasutterella,CAG-238,CAG-217,UBA1786,CAG-449,UMGS1109,UMGS2037,Massilimaliae,Phytobacter,UBA3402,UBA1685,Butyricicoccus_A,UBA1390,UMGS1933,CAG-302,UMGS1613,CABIZH01,Parvimonas,GCA-900066755,UBA9414,UBA737,HGM11808,Aggregatibacter,Agathobaculum,QAKD01,Intestinibacter,Raoultella,Erysipelatoclostridium
rep118_seed2143	Mobiluncus,Gemella,Lacticaseibacillus,Citrobacter_A,Cloacibacillus,Brachyspira,CAG-145,UMGS416,Absicoccus,Parolsenella,1XD42-69,Lacrimispora,Dorea_A,Odoribacter,UMGS1933,Monoglobus,CAG-521,UMGS1688,MGYG000002010,RC9,Firm-11,Clostridium_A,UMGS1994,Alloprevotella,MGYG000002685,MGYG000004604,UBA7597,UBA1390,HGM11514,Clostridium_Q,Salmonella,UMGS577,CAG-273,UMGS1518,Dielma,Rikenella,Eggerthella,Arabia,Prevotellamassilia,Caecibacter,Fusicatenibacter,Massilimaliae,D5,UMGS1670,AF33-28,Marvinbryantia
rep119_seed2144	Plesiomonas,Leminorella,Negativicoccus,Corynebacterium,UMGS1338,NK4A136,UBA1711,CACZQA01,Longibaculum,HGM12587,Lactococcus,Citrobacter_A,Alistipes,Fenollaria,CAG-269,Turicibacter,Mobiluncus,WRGP01,CAG-83,UBA1691,MGYG000004112,Lactococcus_A,Neisseria,Leuconostoc,Parvimonas,UBA4334,UMGS1766,RUG410,Acutalibacter,SFHK01,Zag1,AM51-8,Lachnoanaerobaculum,Massilicoli,UBA5394,CHH4-2,UBA1752,Clostridium_X,Eubacterium_M,HGM11501,UMGS902,UMGS1889,Salmonella,UMGS929,Slackia,Veillonella_A
rep120_seed2145	Lachnoclostridium,CAG-791,CAG-269,CAG-485,CAG-312,Faecalicoccus,CAG-1193,Vibrio,KM106-2,Absicoccus,Fenollaria,Peptoniphilus_E,Paraclostridium,CAG-510,Fannyhessea,CAG-964,Butyrivibrio_A,UBA2821,V9D3004,Blautia_A,Stomatobaculum,Pantoea,MGYG000000390,UMGS1889,UBA7173,RF16,Companilactobacillus,HGM11416,Aggregatibacter,Monoglobus,HGM04593,UMGS1880,Clostridium_J,HGM11514,CAG-495,UMGS995,Clostridium_Q,Morganella,Clostridium_N,UMGS263,UMGS1696,UBA7057,UBA5416,Raoultella,AM07-15,RUG705
rep121_seed2146	Enterococcus_C,Alistipes_A,Oscillibacter,MGYG000000505,Intestinibacter,Serratia,Fusobacterium_A,Faecalitalea,Dorea_A,HGM11327,NSJ-61,UBA7173,VUNI01,UMGS1518,MGYG000002696,Eubacterium_I,UMGS1670,ER4,Parasutterella,MGYG000000574,SFDP01,HGM11616,UMGS1532,UMGS1858,RUG705,MGYG000002685,Lachnoclostridium,SFMI01,Lysinibacillus,Fusicatenibacter,Sporanaerobacter,Harryflintia,UMGS1633,Lacticaseibacillus,CAG-793,UBA1822,UMGS1783,Dielma,Acutalibacter,UBA1191,Enterococcus_A,Amedibacillus,RUG572,CAG-170,Longicatena,Gemmiger
rep122_seed2147	CAG-1000,Rikenella,Lancefieldella,HGM10836,NK4A136,CAG-557,Rahnella,UBA4285,Anaerofustis,UMGS1600,Butyrivibrio_A,UBA7185,Holdemania,Paenibacillus_A,Eubacterium,UBA5920,NSJ-62,Schaedlerella,CAG-95,UMGS1474,Niameybacter,MGYG000003270,RUG11247,UMGS1532,Emergencia,Pediococcus,UBA3402,UBA7160,NSJ-63,CAG-56,UBA7102,MGYG000004380,Enterobacter_A,UMGS1441,MGYG000004229,UBA7173,HGM12587,UBA1777,Ruminococcus_F,Alloscardovia,HGM12957,Kluyvera,RUG806,MGYG000004604,Fannyhessea,UBA1740
rep123_seed2148	SCN-57-10,Lachnoclostridium,MGYG000004112,CAG-217,UMGS1004,UBA1417,QAMX01,CAG-594,MGYG000004229,MGYG000000390,Treponema_D,HGM11523,HGM11416,Aggregatibacter,CAG-877,Borkfalkia,UBA1740,CAG-353,UMGS902,MGYG000004380,MGYG000001903,SFHK01,Sutterella,Akkermansia,UMGS1696,CAG-590,Brachyspira,UBA7102,Latilactobacillus,UBA11524,UBA1752,Lentilactobacillus,Klebsiella_A,Cloacibacillus,UBA3282,Cronobacter,Moellerella,Coprococcus,HGM11507,UMGS1251,Eubacterium_G,MGYG000004811,Catenibacterium,UBA5026,QAMH01,MGYG000004094
rep124_seed2149	UMGS1901,UBA1394,MGYG000002075,CAG-314,Firm-10,Bittarella,Bacteroides,UMGS1487,UMGS75,Neisseria,QAMX01,MGYG000002685,RUG100,Pseudobutyrivibrio,Olsenella_B,Granulicatella,SFVR01,CAG-217,Mobiluncus,UMGS1572,UMGS1293,Arabia,UBA2821,MGYG000000745,UMGS905,CAG-417,Succinatimonas,UMGS1858,Kallipyga,NSJ-50,Butyricicoccus,Flavonifractor,Neobacillus,UBA738,UBA5394,Merdimonas,Agathobaculum,HGM11507,Lentilactobacillus,CAG-81,QAKW01,HGM13862,Criibacterium,Eubacterium_I,MGYG000004380,Anaerotruncus
rep125_seed2150	CAG-877,Massiliomicrobiota,Moellerella,Vibrio,Mailhella,UMGS1858,Frisingicoccus,SFHK01,NSJ-63,CAG-245,F23-B02,UMGS263,CAG-628,Pseudomonas_R,Lancefieldella,UMGS905,MGYG000002575,Roseburia,Eubacterium,Allisonella,UMGS1202,MGYG000002726,Prevotella,Bacteroides_F,UBA7160,MGYG000000728,Amulumruptor,CAG-449,Acutalibacter,Sneathia,Fusobacterium,CAG-45,QAKS01,Clostridium_J,Acetivibrio_A,Hungatella,UMGS1826,QALS01,JAAYBB01,QAKW01,Brachyspira,Pseudoruminococcus,Olsenella_B,Enterococcus_C,Companilactobacillus,UMGS1004
rep126_seed2151	UMGS1397,Peptoniphilus_C,Massilimaliae,RUG14107,CAG-884,Dorea_B,Porphyromonas_A,UMGS2055,CAG-313,HGM12814,RUG420,Mixta,Lactobacillus,UMGS1795,UMGS1518,CAG-710,CAG-762,Alloscardovia,MGYG000002575,UMGS1490,HGM11523,Kosakonia,Enterobacter,CAG-724,MGYG000004443,Clostridium_N,RUG11200,UBA7173,Faecalibacillus,Massilicoli,Phascolarctobacterium_A,Paraprevotella,Peptoniphilus_B,UBA10677,Desulfovibrio,CAG-917,Allisonella,UBA7057,GCA-900066495,Serratia,Bacteroides,SFDB01,Catenibacterium,Ruminiclostridium_E,UMGS856,Dorea_A
rep127_seed2152	HGM12789,UMGS1484,CAG-312,Senegalimassilia,MGYG000002685,Succiniclasticum,CAG-884,Staphylococcus,Bilophila,UBA1822,Lacrimispora,UBA7160,Merdimonas,Anaerosacchariphilus,CAG-313,RC9,Citrobacter_B,Fusobacterium_C,Lagierella,Scardovia,UBA1234,UBA9475,Dorea,Haemophilus_A,UMGS2037,UBA7748,Franconibacter,Weissella,Anaeroglobus,CAG-196,Aneurinibacillus,Lawsonella,CAG-495,Eubacterium_F,UMGS1810,CAG-180,UMGS1004,HGM11507,UMGS1815,QAMM01,Eubacterium_I,CAG-177,Bacteroides_F,MGYG000004172,Klebsiella,An92
rep128_seed2153	UMGS1670,CAG-269,Parasutterella,RUG806,UMGS1889,CAG-145,Paraeggerthella,UMGS1783,Providencia,Porphyromonas_A,GCA-900066755,Mailhella,HGM11327,RF16,Amulumruptor,CAG-196,Haemophilus_A,MGYG000003305,Yokenella,Stomatobaculum,Fusobacterium_B,MGYG000004094,MGYG000001953,Massiliomicrobiota,CAG-1000,Niameybacter,UMGS1623,Ellagibacter,UMGS1820,MGYG000003270,Massilistercora,NK4A136,Ezakiella,Paramuribaculum,Eubacterium_M,Enterococcus_C,Olsenella_B,WG-1,CAG-873,CAG-354,CAG-349,Duodenibacillus,Psychrobacillus,UBA7057,UMGS929,Vibrio
rep129_seed2154	Coprobacillus,Stenotrophomonas,UBA5394,UMGS1880,Morganella,Anaerosalibacter,CAG-56,UBA738,QAMM01,CAG-873,Clostridium_Q,HGM05232,Ralstonia,UMGS1591,UMGS973,QALS01,UBA1409,UMGS905,CAG-115,Clostridium_P,UMGS1766,CAG-475,UBA5809,Pseudobutyrivibrio,HGM12650,UMGS263,HGM13006,Lachnoclostridium_A,OM05-12,Ruminococcus_C,Clostridioides,Arcanobacterium_A,KLE1615,Dielma,TF01-11,HGM11525,UMGS1071,HGM11501,Parabacteroides,UBA1181,Sutterella,UBA1232,Cronobacter,Romboutsia,Negativibacillus,Megasphaera
rep130_seed2155	UMGS599,CAG-762,UMGS1537,CAG-390,HGM14224,UBA9502,Agathobacter,CAG-196,Coprococcus,CAG-45,Bilophila,HGM11416,QANA01,Mitsuokella,TWA4,UMGS1865,UMGS1975,CAG-302,Agathobaculum,Massiliomicrobiota,CAG-831,Exiguobacterium,Stomatobaculum,CAG-103,QALR01,UMGS268,UMGS1484,CAG-495,Marseille-P4683,Proteus,Coprobacter,MGYG000004172,Olsenella_B,UMGS1623,CAG-317,UMGS1633,Extibacter,Acutalibacter,UMGS1490,UMGS1338,Acidaminococcus,SFGY01,SFEL01,UBA3766,Zag111,UMGS1851
rep131_seed2156	UMGS902,CABIZH01,Allisonella,UMGS2037,UMGS905,UBA2882,Selenomonas_A,Victivallis,CAG-1193,RC9,CAG-831,CAG-170,Caproiciproducens,CAG-196,UBA7748,SFHK01,UBA11940,Bariatricus,UMGS1384,Oribacterium,Granulicatella,UMGS1326,CAG-145,UBA7182,Raoultella,Methanobrevibacter_A,Enterococcus_C,Peptococcus,UMGS874,F0422,CAAHEQ01,Scardovia,HGM14224,MGYG000002719,Salinicola,Clostridium_Q,CAG-390,UBA1409,Acetatifactor,Pradoshia,Lawsonibacter,Cellulosilyticum,UBA1711,CAG-417,UBA945,UBA737
rep132_seed2157	UBA636,Moellerella,Anaerosporobacter,Marvinbryantia,UMGS363,UBA4372,UMGS1600,UMGS856,Pseudobutyrivibrio,Negativicoccus,Acinetobacter,Eggerthella,SCN-57-10,VUNI01,UMGS2037,ER4,UBA5920,UBA11512,UBA7748,UMGS1781,UBA1740,Lactococcus,Pygmaiobacter,Victivallis,Rothia,GCA-900066905,UBA738,UMGS1690,CAG-884,CAG-488,UBA5446,UMGS1224,UMGS1880,Peptacetobacter,Sutterella,Ruminococcus_G,Veillonella_A,CAG-462,Clostridium,Bariatricus,Zag1,RUG131,HGM11521,Eubacterium_J,SFHK01,CAG-776
rep133_seed2158	UMGS929,51-20,UMGS1477,CAG-194,Phoenicibacter,CAG-177,Ruminococcus_F,HGM12957,UBA3388,Ellagibacter,CAG-45,UMGS680,Paraprevotella,MGYG000000574,Limosilactobacillus,Succiniclasticum,Butyricicoccus_A,Mailhella,An172,F0040,MGYG000004094,Treponema_D,Clostridium,Gemmiger,Extibacter,Fusobacterium,Ruminococcus_C,UMGS1241,SFTJ01,UBA1206,CAG-1024,CAG-594,Catenibacterium,Slackia,UMGS1933,SFFS01,Massilimaliae,CAG-448,HGM13006,MGYG000004850,CAG-417,Finegoldia,UBA11524,Prevotellamassilia,MGYG000002075,CAG-831
rep134_seed2159	Rikenella,UMGS1883,Rahnella,Stenotrophomonas,KM106-2,UMGS1370,UBA738,Atlantibacter,UMGS1397,AM07-15,QAMH01,Faecalibacillus,Leclercia,Gabonibacter,UBA1711,Butyrivibrio_A,UBA11774,Angelakisella,Parasutterella,Sodaliphilus,CAG-274,HGM05232,CAG-485,UMGS2016,CAG-590,HGM13862,UMGS1279,RUG11198,UMGS1241,Murimonas,RUG023,Mailhella,MGYG000004177,UMGS1600,UMGS1840,UMGS1865,Raoultibacter,Amedibacillus,Enterococcus_C,Slackia_A,CAG-448,Acetivibrio_A,Dysosmobacter,CAG-411,UBA5026,AM51-8
rep135_seed2160	Peptoniphilus_C,UMGS905,Ruminococcus_C,RUG13868,Erysipelatoclostridium,MGYG000000674,OM05-12,Mesosutterella,UBA2882,CAG-45,Coprobacter,VUNI01,KM106-2,UBA6857,UMGS1590,UBA3631,CAG-495,Pseudomonas,HGM11530,Methanomassiliicoccus_A,UBA4334,S5-A14a,Turicibacter,Allisonella,Methanosphaera,Eubacterium,RUG12045,Intestinimonas,Yersinia,Phascolarctobacterium,SFFH01,Fusicatenibacter,Ligilactobacillus,Slackia_A,UBA7057,Niameybacter,Eisenbergiella,Plesiomonas,UMGS1004,Clostridium_AQ,UBA636,CAG-390,UMGS902,NSJ-63,UBA940,Rubneribacter
rep136_seed2161	Acidovorax,Prevotellamassilia,CAAHEQ01,Raoultella,HGM11521,UBA2856,Enterococcus_C,Longicatena,MGYG000000390,UMGS1338,HGM11386,SFTJ01,Harryflintia,UMGS1487,CAG-354,QALW01,UMGS1810,UMGS1312,CACZQA01,Pseudomonas_R,MGYG000000728,MGYG000001871,UMGS1397,UBA1181,UMGS1225,Leuconostoc,Caproiciproducens,UBA5026,CAG-590,CAAEEV01,UBA3766,UMGS1387,Lachnoclostridium_B,UMGS1002,QAMX01,Weissella,UMGS1933,Succiniclasticum,Adlercreutzia,CAG-617,MGYG000002726,Ruminococcus_A,UMGS1418,Lysinibacillus,Citrobacter,D5
rep137_seed2162	Marvinbryantia,Staphylococcus,CAG-196,Acidaminococcus,UMGS966,UBA644,CAG-465,Faecalibacillus,Agathobaculum,Stenotrophomonas,Blautia,RUG420,RF16,GCA-900066495,Lachnoclostridium_B,HGM14224,Sporanaerobacter,Eubacterium_M,Clostridium_F,Firm-07,UMGS124,CAG-272,Anaerobutyricum,UMGS1633,CHH4-2,Pyramidobacter,CAG-877,CAG-273,CAG-45,Azonexus,HGM11521,MGYG000002075,D5,UBA5809,Haemophilus,Coprococcus_A,UBA7102,Ligilactobacillus,Methanomassiliicoccus_A,CAG-302,MGYG000003270,CAG-41,WRGP01,Niameybacter,CAG-353,SFDP01
rep138_seed2163	SFFH01,Klebsiella,Alterileibacterium,MGYG000004094,Ruminococcus_D,Haemophilus_A,MGYG000004112,CAG-288,UMGS2037,HGM11386,HGM13233,UBA1740,Acetatifactor,CAG-617,CAG-488,Paraeggerthella,Bacilliculturomica,Duodenibacillus,UMGS1418,Ruminococcus_A,HGM13006,Clostridium_X,Lactococcus,MGYG000004445,Peptoniphilus_E,Faecalicoccus,UBA6857,DUOT01,UMGS1611,UMGS1815,UC5-1-2E3,CAG-127,UBA7057,UMGS905,Peptostreptococcus,UMGS1384,CAG-312,Kluyvera,UMGS1839,Massilicoli,RUG12045,CAG-1193,UBA738,SFLA01,Merdibacter,Succinatimonas
rep139_seed2164	CAG-448,Intestinimonas,UMGS1472,Ruminococcus_A,Criibacterium,1XD42-69,RF16,Anaerostipes,Muricomes,Eubacterium,Oscillibacter,CAG-145,Enterococcus,Citrobacter_B,Sneathia,UMGS1613,UBA3766,CAG-475,Fournierella,SFEL01,CAG-1000,Butyricicoccus_A,Bilophila,Anaerofustis,HGM12998,Ruminococcus_G,Fusicatenibacter,Schaedlerella,BX12,Haemophilus,Klebsiella,Christensenella,MGYG000004547,Gemmiger,CAG-793,Enterobacter_D,Phil1,Moellerella,UBA5809,UMGS1418,Neobittarella,UMGS1279,Agathobaculum,Clostridium_Q,MGYG000000505,UMGS882
rep140_seed2165	Coprococcus_A,CAG-1000,Eubacterium_I,NSJ-38,Paraclostridium,Varibaculum,Clostridium,Succinivibrio,TM7x,Butyricimonas,Gastranaerophilus,Sneathia,Fannyhessea,Pediococcus,MGYG000002758,Exiguobacterium,Methanosphaera,Peptoniphilus_B,Cellulosilyticum,Eubacterium_T,Lawsonibacter,UMGS1418,Lentilactobacillus,HGM13006,NK3B98,UMGS946,TWA4,CAG-492,Enterobacter_D,HGM12789,MGYG000000587,Harryflintia,Phocea,UMGS1826,Brachyspira,Porphyromonas_A,CAG-460,Actinomyces,RUG100,HGM11788,Massiliomicrobiota,CAG-841,UMGS1865,Catenibacillus,Peptostreptococcus,Lachnoclostridium_A
rep141_seed2166	QALR01,CACZQA01,CAG-353,Veillonella_A,Enterobacter_D,Odoribacter,Cedecea,SCN-57-10,Kluyvera,UMGS1826,CAG-590,UMGS1766,Weizmannia,UMGS1441,CAG-452,Flavonifractor,UBA9475,Mesosutterella,Dysosmobacter,CAG-475,UMGS1611,RUG11247,Faecalibacterium,MGYG000002719,Fournierella,Eggerthella,UMGS1004,UBA1191,Clostridium_F,Rothia,Peptococcus,Anaeromassilibacillus,SFDP01,Extibacter,UMGS1491,Merdibacter,Clostridium,CAG-841,Leptotrichia,Atlantibacter,Ruminococcus,RUG13868,CAG-196,UBA4285,QAKW01,Anaerostipes
rep142_seed2167	Peptacetobacter,MGYG000002702,MGYG000002758,UBA644,Eubacterium_T,Eggerthella,HGM11616,Holdemanella,UBA11471,Coprococcus,UMGS1826,CAG-180,CAG-791,Anaeroglobus,Enorma,QAMM01,UMGS1322,MGYG000000350,UBA9502,UBA5446,CAG-103,MGYG000003297,UBA6398,Acidaminococcus,UMGS1540,Akkermansia,CAG-317,Garciella,Butyricicoccus,ER4,CAG-776,CAG-557,Weissella,UBA6382,Enterobacter_D,UBA1829,Massilicoli,Eubacterium_G,Bacteroides,Bilophila,UMGS731,Parabacteroides,Olsenella_B,UMGS1491,MGYG000002696,HGM11386
rep143_seed2168	Firm-10,UBA3388,Yokenella,UMGS1472,Cellulosilyticum,Coprococcus_A,Cloacibacillus,Fusicatenibacter,CAG-582,UMGS1810,UBA1232,HGM13233,Cedecea,Atlantibacter,UMGS1071,Plesiomonas,Duncaniella,Coprococcus,Butyricimonas,Alloprevotella,UMGS1696,GCA-900066905,Anaerocolumna,UBA3818,Campylobacter_A,Enterocloster,Citrobacter,Acetatifactor,Providencia,CAG-1427,Fenollaria,Corynebacterium,Arcanobacterium_A,Lactococcus,43-108,Eubacterium_M,UBA1191,UMGS966,An181,UBA11940,UMGS1474,Pradoshia,MGYG000004061,Longicatena,Akkermansia,UBA6857
rep144_seed2169	BX12,UBA9414,UBA6382,CAG-557,Cedecea,Ruminococcus_C,Blautia_A,Amedibacillus,UBA4334,MGYG000004874,CAG-462,UBA9502,HGM04593,Ruminococcus_E,UBA11452,Pyramidobacter,CAG-81,UMGS1590,Beduini,HGM11788,CAG-312,UBA1259,UBA737,HGM11372,CAG-460,UMGS1975,CAG-313,HGM13862,Arabia,Yersinia,Rikenella,HGM11523,Parvimonas,Agathobaculum,WRGP01,Pediococcus,RUG806,UMGS363,Morganella,Citrobacter_B,CAG-488,Eubacterium_R,RUG13868,UBA5446,UBA10677,UBA2883
rep145_seed2170	MGYG000004850,Hydrogeniiclostridium,CAG-831,Ruminococcus_E,Cloacibacillus,Faecalicoccus,Pseudoruminococcus,Proteus,Methanobrevibacter_A,Kluyvera,UBA4285,UBA1731,UMGS1326,COE1,UMGS1312,Robertmurraya,UBA1375,UBA1191,Catenibacillus,Parasutterella,WRGP01,UMGS1600,Peptoniphilus_B,UBA1409,Azonexus,Muricomes,CAG-269,Bacteroides_F,Garciella,CAG-127,Sporanaerobacter,Lysinibacillus,Anaerosporobacter,UMGS2016,UBA10281,RUG13868,Weimerbacter,UMGS1490,UMGS1253,UMGS1688,UMGS1872,Ruminococcus_G,Alterileibacterium,MGYG000002683,UMGS902,UMGS1572
rep146_seed2171	UBA10281,QAMH01,Oribacterium,HGM11368,QANG01,UBA11524,Ruminococcus,Pseudomonas_R,UMGS1397,CAG-288,Eisenbergiella,UMGS1810,UBA11774,51-20,Muribaculum,CAG-877,MGYG000000378,Garciella,UMGS1826,UMGS599,Firm-11,CAG-452,MGYG000004061,HGM11501,Chimaeribacter,Collinsella,Streptococcus,Plesiomonas,Cronobacter,Methanobrevibacter_A,MGYG000004172,MGYG000002685,SFMI01,MGYG000004133,UMGS856,HGM11514,Weizmannia,CAG-110,Alloscardovia,UMGS1603,Phascolarctobacterium,UBA4871,MGYG000003855,CAG-793,CAG-274,UMGS1839
rep147_seed2172	SFFH01,Mitsuokella,Lawsonibacter,CAG-822,UBA7102,Pseudescherichia,Enteroscipio,HGM11372,CAG-793,Azonexus,KLE1615,Ruminococcus_C,Fannyhessea,MGYG000003855,UBA4716,43-108,MGYG000000346,MGYG000000674,UBA5394,Murimonas,Clostridium_J,CAG-349,Mediterraneibacter_A,Mobiluncus,CAG-877,MGYG000000456,Coprobacillus,Clostridium_X,Aggregatibacter,Tidjanibacter,Alistipes,Amulumruptor,Bittarella,Parvimonas,Clostridium_F,An181,UBA1394,CAG-452,Enterocloster,UBA9475,UMGS1307,Campylobacter_B,Muribaculum,Butyricicoccus_A,UBA644,Limosilactobacillus
rep148_seed2173	Kluyvera,Varibaculum,CAG-533,Leptotrichia,Intestinimonas,Haemophilus_A,UBA10281,CAG-488,MGYG000002010,Mesosutterella,HGM11368,CAG-557,UMGS1397,HGM11386,CAG-274,CAG-145,CAG-603,Enterococcus_B,Granulicatella,Fusobacterium_B,Nitratidesulfovibrio,UBA644,UBA2883,UBA1181,RF16,MGYG000004874,UMGS1518,UMGS172,HGM10836,SFLA01,VSOB01,Odoribacter,KM106-2,Dielma,UBA1752,HGM11588,Marseille-P4683,UBA1191,UMGS1002,Victivallis,UBA9502,Hungatella_A,MGYG000004172,UBA2856,UMGS1490,HGM11788
rep149_seed2174	MGYG000000346,UMGS911,CAG-510,CAG-269,Desulfovibrio,UMGS902,HGM12814,UBA7702,Bilophila,UMGS1670,Mixta,UMGS1688,Eubacterium_J,1XD42-69,UMGS403,OF09-33XD,CAG-1427,Moellerella,UMGS1783,UMGS268,UBA1737,SFGY01,UMGS1611,UMGS995,HGM12669,UBA6398,Massilicoli,UMGS416,UMGS1600,Hungatella,CHH4-2,CAG-196,Enterocloster,Fusobacterium,RUG572,HGM11788,MGYG000002685,UBA3402,UBA9506,CAAEEV01,Ligilactobacillus,CAG-83,PeH17,UBA1394,UBA4285,UMGS1004
rep150_seed2175	RUG13868,GCA-900066495,CAG-110,Duncaniella,Gastranaerophilus,Weizmannia,Raoultibacter,43-108,Garciella,HGM13862,UBA10677,Firm-11,An172,Lentilactobacillus,UMGS1572,UMGS1815,JAAYBB01,Eubacterium_I,Faecalibacterium,UMGS1279,Parolsenella,UBA11452,Clostridium_AQ,An181,Pseudomonas_E,Staphylococcus,Franconibacter,Citrobacter_B,Enterococcus_G,MGYG000003855,HGM11530,Ruminococcus_D,Leclercia,UMGS1387,Blautia,HGM12587,Clostridium,Beduini,UMGS1600,Lacticaseibacillus,RUG420,Murdochiella,Kallipyga,QANA01,Fusobacterium_B,Pediococcus
rep151_seed2176	AM51-8,Mitsuokella,S5-A14a,HGM11808,Ruthenibacterium,CAG-1000,Campylobacter,UBA11774,CAG-269,MGYG000003970,CAG-272,Enteroscipio,Brachyspira,Sneathia,CAG-314,UMGS1623,Exiguobacterium,CAG-831,UBA1181,UBA3388,Massiliomicrobiota,Gabonibacter,Enterobacter,MGYG000000587,Blautia,NC2004,RUG14107,Enterocloster,Lacrimispora,MGYG000004061,Monoglobus,CAG-452,UMGS1224,HGM12814,Duodenibacillus,CAG-449,MGYG000002797,51-20,CAG-303,UBA2821,UMGS2016,UBA6984,CAG-194,UMGS599,Leclercia,HGM12998
rep152_seed2177	Clostridium_P,HGM11808,Companilactobacillus,Mitsuokella,Actinomyces,Acidovorax,UBA945,HGM11616,CAG-1024,GCA-900066755,UBA1711,Lachnospira,Yokenella,Pseudoruminococcus,UMGS1603,Anaerostipes,CAG-313,UBA7057,Clostridium_AP,Zag1,Eggerthella,MGYG000004445,UBA5394,Phoenicibacter,Enterococcus_G,JAAYBB01,MGYG000004660,Bulleidia,Ruminococcus,HGM11530,Staphylococcus,CAG-417,UBA1191,UMGS1613,CAG-317,CAG-194,MGYG000000346,QANG01,Peptoniphilus_C,RQCD01,Ruminococcus_G,AF33-28,HGM13222,Marseille-P4683,Anaerotignum,MGYG000004547
rep153_seed2178	RQCD01,Negativicoccus,Superficieibacter,Bacteroides_F,Eubacterium_I,UBA2821,Oribacterium,CAAHEQ01,S5-A14a,UBA6398,HGM11501,RUG472,UBA7160,HGM11588,UBA1394,Caproiciproducens,UBA1820,Gemella,MGYG000002758,Anaeroglobus,Fusobacterium,Faecalitalea,UBA5394,Enterococcus_B,CAG-488,CAG-269,1XD42-69,UBA7597,GCA-900066135,Amedibacterium,SFDB01,CAG-110,HGM11788,UMGS856,Raoultibacter,Lysinibacillus,MGYG000004727,Aeromonas,51-20,UMGS416,MGYG000002575,Lactococcus,UMGS1387,Nitratidesulfovibrio,Phil1,RUG11247
rep154_seed2179	Desulfovibrio,Longibaculum,HGM12650,UMGS1820,MGYG000001871,HGM12713,Merdibacter,GCA-900066495,CAG-45,UMGS1532,KLE1615,Caecibacter,MGYG000000745,HGM11514,Leptotrichia,Holdemania,UMGS973,CAG-793,UBA6382,UBA1731,Parasutterella,WG-1,AF33-28,UMGS1052,CAG-475,Merdimonas,UMGS1611,MGYG000004171,43-108,Leminorella,UCG-010,MGYG000004660,Escherichia,Clostridium_N,Hungatella,Massilioclostridium,Methanosphaera,Akkermansia,Bacillus_J,UMGS1600,Terrisporobacter,Enterobacter_A,Collinsella,Klebsiella,PeH17,HGM13862
rep155_seed2180	HGM13233,Yersinia,Muricomes,UMGS1224,NSJ-62,UBA1417,HGM11507,UMGS1590,GCA-900066495,Adlercreutzia,CAG-449,UMGS1839,Porphyromonas_A,Anaeroglobus,UMGS1322,UMGS1326,Phoenicibacter,Fusobacterium_A,QAMM01,UBA3282,Mailhella,Clostridium_F,Coprococcus,Emergencia,RUG472,Arabia,Dysgonomonas,SFJ001,Staphylococcus,Negativicoccus,Clostridium_J,Exiguobacterium,Coprobacter,Ruminococcus_D,ER4,CAG-45,UMGS1312,Anaeromassilibacillus,Enterococcus_D,Bulleidia,Schaedlerella,Bruticola,HGM13634,Actinobaculum,Phytobacter,Methanosphaera
rep156_seed2181	Actinobaculum,HGM12998,TM7x,Amedibacillus,SFFH01,Stomatobaculum,UBA4871,QAKS01,UBA7185,AM07-15,CAG-353,UMGS905,UMGS1109,UBA1234,Ruminococcus_B,Peptostreptococcus,CAG-45,Murimonas,Garciella,QALW01,HGM13006,CAG-449,HGM11616,Oscillibacter,CAG-41,QALR01,Olsenella_E,Marseille-P3106,UBA1777,HGM11368,Franconibacter,CAG-594,Phocea,Phytobacter,UMGS1490,MGYG000002075,UMGS1976,QANG01,UBA636,CAG-81,UMGS1883,Negativicoccus,UBA7182,CAG-245,GCA-900066905,HGM12650
rep157_seed2182	CAG-1000,Butyricicoccus_A,RUG13868,MGYG000003945,UBA11524,UBA11774,UMGS1241,UBA1390,Weizmannia,Mobiluncus,CAG-170,UBA2883,Mobilibacterium,UBA9414,Bilophila,CAG-288,UBA1777,Leuconostoc,UBA1737,Finegoldia,NSJ-38,HGM11530,Gordonibacter,MGYG000002075,UBA5884,CAG-488,Anaerosacchariphilus,Prevotella,UMGS1388,Akkermansia,Selenomonas_C,Enterococcus_C,Veillonella,HGM14224,Anaerococcus,UMGS75,Slackia,Ezakiella,Aneurinibacillus,Pyramidobacter,CAAEEV01,Coprococcus,Olsenella_B,MGYG000003490,Catenibacterium,UMGS1540
rep158_seed2183	HGM13618,Peptococcus,HGM13006,UBA7173,Negativibacillus,UMGS1490,Clostridium_B,MGYG000004094,HGM11417,Neobittarella,Clostridioides,Rubneribacter,Methanobrevibacter_A,UMGS1590,QALR01,Adlercreutzia,UMGS1994,HGM11788,UMGS1202,UMGS1540,SFMI01,Lactococcus,An181,UBA2882,UMGS1537,1XD42-69,D5,UBA1822,CAG-521,Yersinia,NSJ-63,MGYG000000674,DTU089,CAG-41,Mailhella,Chimaeribacter,UBA11512,RUG806,Extibacter,Anaerostipes,Emergencia,Morganella,Vibrio,Klebsiella_A,Anaerotruncus,MGYG000000387
rep159_seed2184	AM51-8,UBA5809,Companilactobacillus,Kosakonia,MGYG000000745,RQCD01,RUG410,RUG131,Clostridium_AP,SFGY01,Campylobacter,Fannyhessea,HGM13233,Firm-07,HGM04593,AM07-15,MGYG000002719,Ezakiella,UMGS1441,UMGS268,UMGS905,UBA11774,CAG-95,JAAYBB01,UMGS1810,Stomatobaculum,PeH17,CAG-217,CAG-521,UBA636,NK4A136,Bruticola,Emergencia,Flavonifractor,Tidjanibacter,Enterococcus_G,Lancefieldella,KM106-2,Citrobacter_A,Stenotrophomonas,Yokenella,Catenibacterium,CAG-269,Scardovia,RUG14107,UBA3388
rep160_seed2185	Absicoccus,Faecalicoccus,RUG11198,Acetivibrio_A,UBA9506,Coprobacillus,UMGS1600,UMGS1865,Eubacterium_T,UBA1737,Mixta,QAKD01,UMGS1688,Aggregatibacter,VUNA01,MGYG000003289,D5,CAG-964,UMGS1781,UBA2882,Coprococcus,Enterococcus_D,Yokenella,CAG-452,Monoglobus,CAG-110,CAG-484,CAG-590,Pluralibacter,Senegalimassilia,CAG-449,Eikenella,UBA1390,UBA4334,Clostridium_P,Ruminococcus_C,UBA1820,Bacillus_J,UMGS929,Christensenella,HGM13010,HGM13634,SFFS01,Mailhella,Franconibacter,Enterococcus_C
rep161_seed2186	HGM13634,KM106-2,Hungatella_A,RUG13868,UMGS1668,DTU089,MGYG000003855,RUG806,CAAEEV01,UBA1786,Kosakonia,Clostridium_AP,UBA7748,UBA1390,Fusobacterium,Anaerosporobacter,UBA6345,Barnesiella,Phascolarctobacterium,Muricomes,Anaerosalibacter,UBA5416,UBA4855,Prevotella,UMGS911,QALS01,Amedibacillus,Anaerotignum,UBA1829,Rubneribacter,Dielma,Tidjanibacter,UBA1234,HGM11372,Eubacterium_I,OM05-12,UBA4871,Johnsonella,Fusobacterium_C,UMGS1384,RUG472,Longibaculum,UMGS1441,UMGS1490,Latilactobacillus,UBA11774
rep162_seed2187	RUG11247,Neisseria,UBA11452,Lentilactobacillus,UMGS856,F0040,HGM13634,UMGS1518,UMGS2055,UMGS1052,Schaedlerella,CAG-452,HGM13233,Paenibacillus_A,Peptoniphilus_A,Mixta,Intestinimonas,CAG-1427,Raoultella,UBA4871,Monoglobus,KLE1615,UBA11512,Arcanobacterium_A,Neobittarella,Eubacterium_F,Pauljensenia,Rothia,SFJ001,Collinsella,CAG-884,Clostridium,Peptoniphilus_E,Olsenella_E,Eubacterium_T,43-108,Romboutsia,Fusobacterium_A,CAG-1024,Lachnoclostridium_A,Enorma,UMGS1872,CAG-349,Varibaculum,Phascolarctobacterium_A,AM07-15
rep163_seed2188	Hydrogeniiclostridium,Alterileibacterium,UBA738,Kallipyga,UMGS882,MGYG000004556,UMGS1491,UBA11940,UMGS1441,Anaerotignum,CAG-590,Oscillibacter,Anaerobutyricum,CAAHEQ01,Phocea,Flavonifractor,Anaeroglobus,Clostridium,HGM11416,CAG-617,UBA1394,Haemophilus_D,SFVR01,CAG-41,Zag111,Olsenella,Ruminococcus_E,HGM14224,Weizmannia,CAG-180,NSJ-61,MGYG000004094,UBA1711,HGM12789,CACZQA01,MGYG000001871,UBA1777,CAG-510,QALW01,Lacrimispora,RUG100,Enterobacter_D,NK4A136,CAG-194,MGYG000004443,Intestinibacter
rep164_seed2189	Bacilliculturomica,HGM11523,Megasphaera,UMGS692,UMGS1441,Mitsuokella,Robertmurraya,Lactobacillus,NSJ-61,DTU089,Pseudomonas,QANG01,UMGS911,UMGS577,Succinatimonas,UMGS2016,Mediterraneibacter_A,Anaerococcus,SFGY01,CAG-1193,MGYG000000390,UBA9506,UMGS1572,UMGS1397,UMGS1883,HGM11501,HGM11514,Aggregatibacter,Actinobaculum,Frisingicoccus,UBA1191,MGYG000004229,Alistipes,UBA6857,GCA-900066755,Allisonella,Eubacterium_R,Gordonibacter,UBA5920,UMGS1225,QAMH01,CAG-1000,UMGS1071,Anaerofustis,RUG12045,Granulicatella
rep165_seed2190	UBA2882,1XD42-69,SFDP01,Cutibacterium,Latilactobacillus,NSJ-50,UCG-010,UBA7488,UBA11517,Eubacterium,TM7x,UMGS1572,Zag111,GCA-900066755,CAG-196,Sellimonas,Escherichia,MGYG000002075,UMGS1839,UMGS1600,UMGS403,CAG-317,Cellulosilyticum,Eubacterium_T,MGYG000002696,Hungatella,HGM13862,CAG-762,UBA1232,CAG-180,Megamonas,Bacteroides,CHH4-2,HGM11501,Ruminococcus_D,HGM10836,Eikenella,Methanobrevibacter_A,Emergencia,Bacteroides_F,CAG-1031,Arabia,Gastranaerophilus,CAG-411,CAG-1193,HGM11521
rep166_seed2191	UMGS1865,Hungatella_A,Staphylococcus,UMGS1384,Anaerococcus,UBA5905,Paraclostridium,KLE1615,OM05-12,UBA5026,Ruminococcus,CAG-354,UMGS1487,CAG-841,UMGS1307,MGYG000000390,Parasutterella,Lactococcus_A,RUG410,Butyrivibrio_A,Lacticaseibacillus,MGYG000002685,OF09-33XD,MGYG000004171,SFEL01,Leuconostoc,UMGS1241,CAG-145,Bacilliculturomica,Pauljensenia,UMGS911,MGYG000001871,Clostridium_AQ,SFFH01,Zag1,UMGS1839,Lactococcus,Victivallis,Hydrogeniiclostridium,HGM11788,UMGS1572,UBA3263,Lachnoanaerobaculum,CAG-95,CAG-217,UMGS1851
rep167_seed2192	UBA940,CAG-417,Proteus,QAKS01,An181,UMGS929,NK4A136,NSJ-32,Lacticaseibacillus,Eubacterium_I,CAG-317,UMGS1202,UMGS680,Pauljensenia,Massilistercora,Rubneribacter,UMGS1474,Eubacterium_G,HGM11417,CAG-617,UMGS1490,Dialister,UMGS902,HGM14224,UBA1711,UBA11517,Emergencia,UMGS1388,UBA7182,CAG-822,Campylobacter_B,Agathobacter,Lentilactobacillus,UBA1181,Dorea,Hafnia,MGYG000003305,Eubacterium_R,QAMX01,Bacilliculturomica,Veillonella_A,Aggregatibacter,CAG-288,Enterococcus_G,MGYG000004133,Pseudomonas_R
rep168_seed2193	Porphyromonas,CAG-628,UBA11512,CAG-791,Anaeroglobus,Yokenella,Clostridium_N,UBA5416,MGYG000000505,UBA4372,Paenibacillus,MGYG000004604,MGYG000003297,JAAYBB01,QALS01,Harryflintia,Alloscardovia,Akkermansia,HGM11523,UMGS1795,Zag1,Neobacillus,UBA6398,RUG115,QANA01,CAG-417,Butyricimonas,Rothia,Longibaculum,CAG-95,Cloacibacillus,UBA7173,UBA7597,Gabonibacter,Selenomonas_C,RUG705,UMGS1071,TF01-11,Slackia_A,Marseille-P3106,Plesiomonas,UBA6345,UBA10281,UMGS403,Pseudoflavonifractor,MGYG000003970
rep169_seed2194	MGYG000000350,MGYG000004547,Alterileibacterium,MGYG000004229,Escherichia,Enorma,Succinatimonas,CAG-628,Azonexus,CAG-194,RUG806,Dielma,UBA1390,Duodenibacillus,Oxalobacter,UMGS856,UMGS1826,Senegalimassilia,MGYG000002216,Bacteroides,MGYG000001871,UMGS1815,CAG-349,CAG-762,CHH4-2,Garciella,CAG-353,UMGS1865,MGYG000002685,Marvinbryantia,Aeromonas,Fusobacterium_B,Citrobacter_A,CAG-115,CAG-272,TWA4,MGYG000004061,Sporanaerobacter,Eikenella,UBA644,CAG-484,Faecalicoccus,Phytobacter,S5-A14a,RUG115,Aneurinibacillus
rep170_seed2195	Emergencia,CAG-411,CAG-56,Massilimaliae,UMGS1477,UBA1234,UMGS966,RUG14107,Granulicatella,CAG-41,Duodenibacillus,Faecalitalea,Hungatella_A,CAG-196,HGM11386,UMGS1611,UMGS577,Citrobacter,UBA5905,NSJ-50,Beduini,Haemophilus_D,RUG131,UBA1232,Coprococcus_A,Oribacterium,Merdibacter,UMGS1668,Salmonella,UBA11940,Ruminococcus_A,Phytobacter,HGM05232,Pauljensenia,Methanosphaera,Pseudescherichia,Marvinbryantia,UBA6984,GCA-900066755,UBA1731,CAG-628,UMGS1253,CAG-45,CAG-495,Parolsenella,Flavonifractor
rep171_seed2196	Cedecea,CAG-1427,Dialister,An181,UBA9506,Pluralibacter,UMGS1851,MGYG000001871,UBA636,UMGS403,43-108,SFVR01,NC2004,MGYG000000378,Massilicoli,Acutalibacter,Holdemania,UMGS1994,MGYG000000745,HGM12713,Phocaeicola,UMGS1052,MGYG000004874,CAG-349,UBA4716,Lancefieldella,CAG-488,UBA737,Fusicatenibacter,RUG410,RUG705,Oscillibacter,UBA1191,CAG-354,Mobiluncus,Ruminococcus_C,Exiguobacterium,UBA5905,UMGS599,SFLA01,Aggregatibacter,HGM13222,UMGS2037,CAG-628,Sneathia,Slackia_A
rep172_seed2197	PeH17,Negativicoccus,Enterobacter,UBA10677,UBA940,UMGS1474,CAG-776,Cutibacterium,MGYG000004094,Firm-10,UMGS1883,UMGS1251,Bittarella,Butyricicoccus_A,Holdemanella,CAG-313,Porphyromonas,UMGS1603,Brachyspira,MGYG000000346,VUNA01,Gordonibacter,Clostridium_Q,Bacillus_J,MGYG000004556,Acetatifactor,Ruminococcus_B,NSJ-38,UMGS1279,UMGS1375,Campylobacter,Lacticaseibacillus,Escherichia,Phil1,MGYG000000728,Chimaeribacter,SFDP01,Pediococcus,Phocea,Anaerosalibacter,HGM13233,MGYG000002696,SCN-57-10,Sutterella,Rikenella,SFVR01
rep173_seed2198	Treponema_D,WG-1,HGM14224,Limosilactobacillus,Stenotrophomonas,Epilithonimonas,Anaerosacchariphilus,UBA3388,UBA6345,UMGS416,UMGS1397,CHH4-2,Porphyromonas,UBA4334,UMGS680,Borkfalkia,CAG-484,UMGS1004,MGYG000001903,Sutterella,UMGS1766,CAG-877,Pseudobutyrivibrio,QANG01,Phocaeicola,UMGS1312,Pradoshia,CAG-873,Alloprevotella,CAG-313,AM07-15,Faecalibacillus,Phil1,Duodenibacillus,Lactococcus_A,CAG-724,NC2004,CAG-83,UMGS172,UBA11524,Varibaculum,CAG-791,HGM10836,Oribacterium,Bacteroides_F,Acidaminococcus
rep174_seed2199	CAG-83,Leuconostoc,Limosilactobacillus,Adlercreutzia,HGM11575,Brachyspira,UBA2856,UBA5884,RUG115,Massilimaliae,Streptococcus,Porphyromonas_A,UMGS856,RUG11200,UMGS1872,Mesosutterella,RUG420,UBA6345,Leptotrichia,VUNI01,Massilistercora,Latilactobacillus,UMGS1326,UMGS1668,Collinsella,MGYG000002696,Enterobacter_A,CAAEEV01,Eubacterium,UMGS1826,UBA4644,Stoquefichus,Plesiomonas,Negativibacillus,Anaerocolumna,Borkfalkia,QANG01,UBA9475,51-20,MGYG000002726,MGYG000002075,UMGS1933,An92,UMGS973,UMGS1279,Fusobacterium
rep175_seed2200	Yokenella,UBA4855,UBA1731,Raoultella,HGM11327,UBA1191,HGM11514,Ruminococcus_D,GCA-900066135,UBA7702,UMGS1375,Duncaniella,UMGS1815,CAG-465,Clostridium_Q,UMGS973,HGM12713,Intestinibacter,Salmonella,Acidaminococcus,Anaerotignum,Veillonella,RUG11198,UBA1417,Massilioclostridium,CAG-1193,1XD42-69,RUG11200,Terrisporobacter,SFFS01,Clostridium_E,Coprobacter,Fournierella,SFJ001,Lachnoclostridium_B,UBA2821,UMGS902,CAG-460,UMGS1388,UBA5809,CAG-56,HGM13618,Merdibacter,MGYG000002053,MGYG000002075,UBA3402
rep176_seed2201	Eubacterium_M,CAG-194,UMGS1590,Klebsiella_A,CAG-776,Oribacterium,SFLA01,UBA940,Pseudobutyrivibrio,UBA11471,UMGS874,Extibacter,Actinobaculum,RUG410,UMGS1663,CAG-462,Weimerbacter,HGM11575,Enterobacter_D,43-108,Prevotella,UMGS1668,CAG-628,Paraeggerthella,CAG-272,Pseudomonas_R,Lachnoclostridium_B,KM106-2,RUG705,MGYG000004445,CAG-273,CAG-964,VUNA01,Lancefieldella,Clostridium_A,CAG-314,Eikenella,Slackia_A,Fusobacterium_A,Fusicatenibacter,HGM11588,Eisenbergiella,Dysgonomonas,QAKS01,Slackia,UBA737
rep177_seed2202	F0422,Desulfovibrio,Butyricicoccus,Faecalimonas,Plesiomonas,UMGS1326,RUG11247,Peptostreptococcus,Leptotrichia,Campylobacter,Streptococcus,Eubacterium_M,UMGS1840,MGYG000004811,CAG-354,Neobittarella,GCA-900066135,Ruminococcus_C,Clostridium_AP,UMGS263,UMGS1397,Parvimonas,MGYG000002685,Dorea_B,MGYG000000587,UMGS1976,Faecalibacterium,UMGS1611,Eubacterium_F,SCN-57-10,CAG-269,HGM11501,Alistipes,MGYG000004112,Bilophila,TWA4,Fenollaria,Cutibacterium,MGYG000004556,Marseille-P4683,CAG-793,Veillonella_A,UBA7597,Campylobacter_A,Amedibacillus,Robertmurraya
rep178_seed2203	UMGS1766,UMGS1601,Granulicatella,Paramuribaculum,Nitratidesulfovibrio,Enterococcus_A,MGYG000003289,Megasphaera,CAG-313,Beduini,RF16,Acutalibacter,UBA7102,Anaeromassilibacillus,QALS01,OM05-12,Slackia,UBA6398,UBA2883,UMGS403,Johnsonella,MGYG000002010,HGM12587,Marseille-P3106,Rahnella,CAG-632,Dorea,UMGS1880,UMGS1839,F0040,Clostridium_AP,Ezakiella,UBA1259,UBA1822,HGM05232,CAG-762,UBA1829,Alloprevotella,UBA6857,Brachyspira,HGM12957,Enterococcus_D,Cellulosilyticum,CAG-303,QAMH01,NSJ-63
rep179_seed2204	UBA7185,Catenibacterium,Christensenella,UMGS1611,VUNA01,Pygmaiobacter,Marvinbryantia,Peptococcus,UMGS1591,Salmonella,Bruticola,BX12,Clostridium_E,Negativibacillus,Merdibacter,Vibrio,CAG-411,UC5-1-2E3,Eubacterium_I,QANG01,UBA2856,Ralstonia,Yersinia,CAG-762,CAG-353,Caecibacter,CAG-484,Rikenella,MGYG000004556,HGM11530,UBA1829,CAG-1031,UMGS1864,UMGS1603,CAG-145,Lachnoclostridium,UMGS2037,QALS01,TF01-11,ER4,RC9,SFEL01,Weimerbacter,Leclercia,UMGS1572,Marseille-P4683
rep180_seed2205	Duncaniella,Pluralibacter,VUNA01,Succinatimonas,UBA4334,UMGS1933,Enterococcus_A,UMGS1623,Eisenbergiella,MGYG000000390,Haemophilus,UMGS1004,Peptococcus,UMGS902,RUG11198,F0422,UMGS973,Oscillibacter,Butyricicoccus_A,UMGS75,Ruminococcus_E,Sutterella,UBA5446,Providencia,CAG-475,RUG572,Barnesiella,SCN-57-10,Hafnia,Massilioclostridium,CAG-1427,Niameybacter,MGYG000000346,QAKW01,HGM13862,QAKD01,Stomatobaculum,CAG-45,MGYG000002726,Lachnoclostridium_A,Anaerotruncus,Methanomassiliicoccus_A,Anaeroglobus,Rubneribacter,Romboutsia,UBA2821
rep181_seed2206	Psychrobacillus,Exiguobacterium,AM51-8,HGM11514,UBA3263,Eggerthella,UMGS1002,UMGS1668,Dysosmobacter,Robertmurraya,UBA940,UBA1820,RUG13868,CAG-873,Eubacterium_T,UBA5920,Anaerobutyricum,NC2004,Merdibacter,UBA1234,MGYG000000587,Leuconostoc,Duodenibacillus,UBA9506,UBA1390,Bacillus_J,CAG-488,Pantoea,Lacticaseibacillus,UMGS1795,MGYG000000346,Pseudoruminococcus,CAG-313,MGYG000000390,CAG-884,UMGS1590,Anaerotruncus,Clostridium_J,UMGS1474,Turicibacter,D5,CAG-762,QAKD01,Limosilactobacillus,CAG-217,Borkfalkia
rep182_seed2207	CAG-177,HGM12789,HGM11788,UMGS1883,MGYG000003970,CAG-272,UBA1390,OM05-12,Cronobacter,Borkfalkia,Erysipelatoclostridium,Leclercia,Faecalimonas,Ruminococcus_G,CAG-288,CAG-41,GCA-900066495,Parvimonas,UBA3388,Gordonibacter,MGYG000004547,UBA6398,Slackia_A,UBA3631,UBA866,UBA1409,CAG-510,Massilicoli,CAG-273,Pseudobutyrivibrio,MGYG000002053,HGM13006,QAMM01,HGM10836,CAG-831,Mitsuokella,UMGS1202,Olsenella_E,UMGS1864,Ruminococcus_C,Collinsella,CAG-170,CAG-196,Acidovorax,Campylobacter_B,Christensenella
rep183_seed2208	UBA3263,UMGS902,UMGS1225,Leclercia,Lawsonella,CAG-917,RUG100,Fannyhessea,Alloscardovia,UMGS416,HGM12998,NSJ-50,Clostridium_N,Ruminiclostridium_E,AF33-28,CAG-313,HGM11788,VUNA01,Actinobaculum,Pseudomonas_E,UBA1394,UMGS1872,AM07-15,UMGS1820,Negativibacillus,HGM11368,Merdimonas,Murdochiella,Eubacterium_J,UMGS1251,UMGS1590,SFFH01,Ruthenibacterium,UMGS1387,SFFS01,CAG-762,CAG-873,Sellimonas,Serratia,UBA9506,SFHK01,CAG-279,Holdemanella,CAAEEV01,CAG-349,UBA5920
rep184_seed2209	Finegoldia,HGM12998,Sodaliphilus,Paenibacillus,Lachnoclostridium,UBA7748,Faecalitalea,NSJ-32,RUG11198,Paraprevotella,CAG-279,CAG-180,UMGS1307,UBA3818,Lachnoclostridium_A,MGYG000002685,Acidaminococcus,HGM13222,Massilicoli,Neisseria,Porphyromonas,Phascolarctobacterium,UMGS1826,NSJ-50,UMGS1224,BX12,UBA1206,UBA4644,Eubacterium_T,Succinatimonas,RUG023,CAG-95,SFFH01,Limosilactobacillus,Actinobaculum,QALW01,Eubacterium_I,Rubneribacter,Anaerotruncus,UMGS995,CAAHEQ01,Eisenbergiella,CABIZH01,UMGS1851,HGM12587,UBA1822
rep185_seed2210	UBA11524,Anaerotruncus,UBA2882,MGYG000002053,Cetobacterium_A,Eisenbergiella,UMGS902,Clostridium_B,UBA11774,UMGS263,Anaerofustis,CAG-274,Pantoea,CAG-81,Anaerobutyricum,UBA737,CAG-417,Emergencia,CAG-873,UBA1685,Cloacibacillus,Pseudomonas_E,Phascolarctobacterium_A,RUG572,Methanomassiliicoccus_A,Weimerbacter,MGYG000000587,Butyricimonas,HGM12650,GCA-900066135,CAG-884,UMGS1591,Anaerostipes,RUG705,Garciella,CAG-390,UBA940,UBA3263,UMGS966,F0422,Holdemanella,Porphyromonas_A,Cedecea,Enterococcus,CAG-103,Enterocloster
rep186_seed2211	UMGS1688,CAG-484,UMGS172,UBA3766,Stomatobaculum,UMGS1600,Zag111,UBA11452,Pseudomonas_E,Bilophila,Absicoccus,SCN-57-10,Lachnoanaerobaculum,MGYG000000505,Clostridium_E,Klebsiella,MGYG000000390,Duncaniella,AM51-8,Peptoniphilus_C,MGYG000004443,Anaerosacchariphilus,UBA1740,Enterococcus_D,UMGS1418,CAG-312,Actinomyces,Dysgonomonas,UBA3818,UBA1777,GCA-900066905,Dorea,SFTJ01,UMGS1858,Intestinibacter,MGYG000002685,Ruminiclostridium_E,UMGS1224,UMGS599,Enterococcus_C,Ralstonia,UMGS1781,CAG-238,Slackia,Anaeroglobus,UBA7488
rep187_seed2212	MGYG000003289,Marvinbryantia,MGYG000004850,Leclercia,GCA-900066495,GCA-900066135,MGYG000000456,CAG-302,Hafnia,UBA9414,UMGS1864,Firm-10,NSJ-50,Robertmurraya,UMGS1668,Christensenella,MGYG000002010,Bacilliculturomica,Lactonifactor,Bruticola,RUG12045,CHH4-2,Angelakisella,Olsenella_E,Enterococcus_D,Marseille-P4683,UBA1417,Peptoniphilus_B,Alloprevotella,Mobilibacterium,UMGS905,UBA10281,Lysinibacillus,Roseburia,UMGS1795,Massilistercora,UMGS1858,Massilicoli,Pseudobutyrivibrio,Campylobacter_A,MGYG000004443,UMGS1387,UBA11512,1XD42-69,UBA2883,Lactobacillus
rep188_seed2213	Brachyspira,Scardovia,Eubacterium,CAG-95,CAG-452,Peptacetobacter,Rothia,CAG-710,Senegalimassilia,Caecibacter,UBA7597,Lactococcus_A,UMGS1883,UBA11774,Pantoea,MGYG000003970,Campylobacter_B,CAG-590,Massiliomicrobiota,CAG-917,UBA1232,NSJ-38,Gastranaerophilus,UBA4285,MGYG000000456,CAG-873,UMGS1253,Dysosmobacter,AM51-8,CAG-594,UMGS1976,UBA3282,HGM11327,UMGS1338,UBA7702,Massilistercora,Psychrobacillus,Alterileibacterium,KM106-2,RUG806,1XD42-69,QAKS01,SFLA01,Coprobacillus,Bacillus_J,CAG-312
rep189_seed2214	MGYG000003970,Leminorella,Serratia,UBA7748,CAG-521,Coprococcus,Cloacibacillus,TWA4,UMGS1663,UBA3402,HGM11575,TF01-11,Citrobacter_B,Ruminococcus_B,UMGS1840,Eubacterium_F,UBA1777,QAKW01,Ruminococcus_D,Proteus,MGYG000003945,CAG-83,Veillonella,SFVR01,UMGS75,Enterococcus_B,Marseille-P3106,Ruthenibacterium,Intestinimonas,Anaerosporobacter,Clostridium_AP,NSJ-50,SFLA01,CAG-1000,UMGS1253,UBA9475,Kosakonia,Varibaculum,HGM11616,Paramuribaculum,UMGS1312,Leclercia,Massilioclostridium,CAG-451,Dorea_B,UMGS1537
rep190_seed2215	Massilicoli,CACZQA01,MGYG000002726,MGYG000004029,UBA4855,Hungatella,Lachnoanaerobaculum,UMGS1388,RUG11200,Moellerella,CAG-448,Veillonella,Borkfalkia,Porphyromonas_A,Ruminococcus_C,NSJ-32,UBA1786,UBA5809,RUG100,CAG-882,CAG-1427,UMGS1826,QANG01,UBA945,UMGS1279,SFFH01,Marvinbryantia,PeH17,Raoultibacter,CAG-495,CAG-103,Paenibacillus_A,Clostridium,TWA4,UMGS1591,MGYG000004660,CAG-557,RUG572,CAG-302,MGYG000002053,Superficieibacter,Negativibacillus,Victivallis,Mailhella,Selenomonas_C,Enterocloster
rep191_seed2216	UBA1820,UMGS1889,VUNI01,UBA3766,UBA3282,RUG11247,UBA4372,Fannyhessea,UMGS1590,Ruminococcus_F,MGYG000002010,UBA1390,CAG-196,Leuconostoc,Lachnoclostridium,GCA-900066755,Dorea_A,Peptoniphilus_A,Ruminococcus_E,Clostridium_AQ,HGM13862,Succinivibrio,Dysgonomonas,DUOT01,MGYG000002797,UMGS1202,SCN-57-10,UBA737,Enterococcus_A,Anaerobutyricum,CAG-417,Bilophila,OF09-33XD,MGYG000001953,Veillonella,Monoglobus,AM07-15,Gordonibacter,Lacticaseibacillus,Peptacetobacter,Pediococcus,Salinicola,RUG420,Eubacterium_F,Catenibacterium,VSOB01
rep192_seed2217	MGYG000004547,HGM13010,Massilicoli,Agathobaculum,NSJ-50,UBA11471,Anaerostipes,MGYG000004061,Porphyromonas_A,Citrobacter_A,Superficieibacter,UMGS1251,Lacticaseibacillus,UMGS263,UMGS1601,UMGS1880,Turicimonas,Pradoshia,AF33-28,Eubacterium_M,Beduini,Peptococcus,Rubneribacter,Epilithonimonas,Roseburia,Senegalimassilia,Cutibacterium,HGM11327,Kallipyga,Phytobacter,Pauljensenia,UBA1394,Alistipes_A,UMGS1883,Hafnia,UBA6857,UMGS1370,UMGS692,Nitratidesulfovibrio,CAG-349,Gabonibacter,HGM12587,Garciella,Negativibacillus,Butyrivibrio_A,UMGS1477
rep193_seed2218	MGYG000004850,UBA1740,UMGS1795,UBA3818,UMGS1976,Clostridium_A,Mediterraneibacter,Eubacterium_F,Caproiciproducens,Sneathia,UBA1409,MGYG000002216,UBA1417,Olsenella_E,MGYG000000425,Franconibacter,HGM11523,Lawsonibacter,Eisenbergiella,Bittarella,MGYG000004171,Intestinibacter,Garciella,UMGS1865,MGYG000004029,GCA-900066135,UBA5905,Granulicatella,HGM11525,MGYG000004229,UBA11452,Massilistercora,Marseille-P3106,Enterococcus,MGYG000003297,Murimonas,Clostridium_AQ,Anaeroglobus,NSJ-63,Gemella,UMGS1690,Mobiluncus,RUG131,Duncaniella,Dysosmobacter,UBA7702
rep194_seed2219	Rothia,UBA1786,UBA5394,MGYG000002575,Succinatimonas,UMGS577,UMGS1572,RUG131,Negativicoccus,MGYG000004094,Escherichia,UMGS1839,Bulleidia,Amulumruptor,UMGS263,Limosilactobacillus,Coprobacter,Pauljensenia,Staphylococcus,V9D3004,Robertmurraya,UMGS1474,CAG-238,HGM12650,UMGS1766,NSJ-38,UMGS1477,MGYG000002726,UBA1259,Butyricicoccus_A,Haemophilus_D,Acidovorax,Agathobacter,Faecalibacillus,CAG-776,Ezakiella,UBA3402,MGYG000000574,UMGS1071,CAG-81,Intestinimonas,Ruminiclostridium_E,UMGS1975,UBA10281,An92,Bilophila
rep195_seed2220	Mobiluncus,NSJ-62,Lagierella,Leptotrichia,51-20,Stoquefichus,HGM12587,Vibrio,Clostridium_X,CAG-964,Enterocloster,AF33-28,Lactococcus_A,Muribaculum,MGYG000002696,UBA2882,CAG-465,UBA2883,Mesosutterella,UMGS1241,Anaerococcus,RUG14107,UMGS268,MGYG000002797,Kluyvera,CAG-492,Campylobacter_B,Fournierella,RUG11247,CAG-288,Selenomonas_C,Clostridium_P,CAG-582,CAG-145,UMGS1872,CAG-417,RUG705,UBA7173,MGYG000002683,UMGS1518,MGYG000003970,UBA4716,Marseille-P4683,Latilactobacillus,CAG-81,UBA7748
rep196_seed2221	Fournierella,Gabonibacter,UMGS1976,Arabia,Kallipyga,CAG-1193,Phascolarctobacterium,HGM11523,CAG-273,Eubacterium_J,CAG-449,CAG-841,CAG-302,Coprobacillus,CAG-448,Sutterella,UBA6345,UMGS680,UMGS1688,UBA945,CAG-288,MGYG000004112,RUG131,MGYG000004029,SFVR01,Phascolarctobacterium_A,Oribacterium,MGYG000002758,An92,Megasphaera,MGYG000000745,MGYG000004229,UBA9506,Zag111,UMGS1865,Raoultibacter,1XD42-69,Anaerosporobacter,CAG-81,CAG-274,UBA1390,Oscillibacter,SCN-57-10,CAG-510,Terrisporobacter,HGM05232
rep197_seed2222	Megamonas,Stoquefichus,Peptoniphilus_A,MGYG000004171,UMGS1338,Lagierella,Klebsiella,UMGS1663,UBA6398,Oscillibacter,Intestinibacter,MGYG000004133,Phil1,MGYG000000456,Pyramidobacter,Campylobacter_B,Neobittarella,Haemophilus,UMGS1810,Weimerbacter,CAG-353,CAG-180,Clostridium_P,1XD42-69,GCA-900066495,Hungatella,Neisseria,RUG11247,MGYG000001903,Enorma,Lentilactobacillus,Roseburia,MGYG000003855,UMGS929,Eggerthella,VUNA01,UMGS1623,Providencia,Clostridium_B,MGYG000003305,HGM11368,UMGS1781,DTU089,CAG-83,Amedibacterium,UMGS1312
rep198_seed2223	Atlantibacter,TWA4,UMGS1484,CAG-485,CAG-510,Tidjanibacter,NSJ-62,Prevotella,UMGS1477,UMGS1613,Anaerotignum,UMGS1387,UBA7102,UBA1740,Bacillus_A,UBA1206,UMGS1851,Exiguobacterium,Eubacterium,Citrobacter_B,UBA10281,Anaerotruncus,MGYG000002053,CAG-1193,Anaeromassilibacillus,Angelakisella,UBA6382,Adlercreutzia,UMGS1933,Pseudoflavonifractor,UBA7702,Firm-07,Clostridium_Q,UBA3631,HGM11788,MGYG000004604,Romboutsia,UMGS1810,MGYG000002685,UBA3402,CAG-710,Massiliomicrobiota,Weimerbacter,Paenibacillus,Eubacterium_G,Hydrogeniiclostridium
rep199_seed2224	RUG11198,UBA9414,Amedibacterium,Schaedlerella,Methanobrevibacter_A,Extibacter,Pediococcus,MGYG000004547,UMGS995,Coprobacillus,CAG-628,Mediterraneibacter_A,UMGS1370,MGYG000002758,Lysinibacillus,UMGS268,UMGS1591,Gastranaerophilus,Butyricimonas,Selenomonas_C,CAG-451,Peptoniphilus_C,Clostridium_AP,UMGS1820,Anaerostipes,F0040,Bacteroides,UBA5905,UBA7702,MGYG000004171,Ruminiclostridium_E,UMGS1670,Anaerobutyricum,UBA1786,Lachnoclostridium_B,UBA7748,MGYG000003855,Neisseria,UBA3263,SFDB01,UMGS973,UBA7488,UMGS1883,Dysgonomonas,CAG-145,CAG-314
rep200_seed2225	Phil1,KLE1615,Caecibacter,UMGS1696,CAG-495,NSJ-38,Marseille-P4683,Gastranaerophilus,Lentilactobacillus,Peptoniphilus_A,Paraprevotella,Leuconostoc,HGM11501,RUG11198,Butyricicoccus_A,UBA2883,CAG-582,Eubacterium_M,Yokenella,Fusicatenibacter,Peptacetobacter,CAG-1193,Granulicatella,Turicibacter,MGYG000002758,Anaerocolumna,Aeromonas,UBA11452,HGM11372,UBA1820,UMGS2016,UMGS1338,UMGS1472,MGYG000004811,Nitratidesulfovibrio,Robinsoniella,UMGS1781,UBA7748,Frisingicoccus,Citrobacter_A,MGYG000004172,Butyricicoccus,UBA7160,UBA866,CAG-217,Parvimonas
rep201_seed2226	Oribacterium,HGM13006,NSJ-62,Lysinibacillus,Merdibacter,Alterileibacterium,Fannyhessea,Roseburia,Clostridium_P,Cedecea,Phascolarctobacterium_A,Clostridium_Q,Garciella,Catenibacillus,UBA2883,UMGS1477,Selenomonas_C,RUG410,Lactobacillus,V9D3004,RC9,MGYG000004604,UBA7597,Clostridium_X,Monoglobus,An181,Hungatella_A,UMGS1326,RUG11200,MGYG000000505,CAG-110,Negativicoccus,Pseudomonas,JAAYBB01,Granulicatella,Eubacterium_I,UMGS692,CAG-882,RUG023,HGM12669,UMGS172,UMGS995,SFFS01,CHH4-2,CAG-170,Sodaliphilus
rep202_seed2227	Zag111,Proteus,CAG-484,Butyricicoccus,UMGS1851,CAG-557,CAG-488,Phocaeicola,DTU089,F0040,UBA11774,Desulfovibrio,Dorea,Massiliomicrobiota,UMGS966,UMGS973,MGYG000003305,NK3B98,RUG023,UBA7102,Lactonifactor,MGYG000004547,Paraeggerthella,HGM11368,Enterobacter_A,MGYG000003945,RQCD01,Alterileibacterium,VSOB01,UMGS1590,Akkermansia,Anaerotruncus,UBA2882,Lagierella,Rikenella,Lentilactobacillus,Bifidobacterium,Negativibacillus,Enterococcus,UBA9475,Vibrio,MGYG000002216,Methanosphaera,Paraclostridium,Enterococcus_B,MGYG000002758
rep203_seed2228	UBA3263,MGYG000004112,UBA3631,UMGS1839,Enterobacter_D,HGM11808,Desulfovibrio,Ruminococcus,UBA6984,Clostridium,Peptoniphilus_A,HGM13010,UBA5884,UMGS1537,UBA7488,UBA1375,MGYG000004171,MGYG000004443,Catenibacterium,Companilactobacillus,Selenomonas_C,MGYG000003945,PeH17,Phoenicibacter,UBA7057,Veillonella_A,Enteroscipio,Gemella,Faecalibacterium,AM51-8,JAAYBB01,Turicibacter,UBA5809,Coprococcus,UMGS1858,Romboutsia,UMGS1864,NK3B98,UMGS1810,UMGS1603,MGYG000004380,Holdemanella,UMGS1518,Butyricicoccus,MGYG000004727,CAG-831
rep204_seed2229	CAG-83,UBA1390,Intestinibacter,Gastranaerophilus,Bacilliculturomica,Eubacterium_G,UBA7597,Phytobacter,Massilioclostridium,HGM11523,PeH17,NSJ-50,CAG-95,UMGS599,CAG-462,UMGS1224,RC9,Fournierella,HGM12998,UBA1737,Intestinimonas,MGYG000001871,Ruminococcus,Mitsuokella,UBA1685,UBA7173,MGYG000004556,UBA9506,MGYG000000674,Bruticola,Acutalibacter,Lactobacillus,Neobittarella,Bacillus_J,Duncaniella,MGYG000002683,CAG-488,Schaedlerella,Neobacillus,Erysipelatoclostridium,Anaeromassilibacillus,Methanomassiliicoccus_A,UMGS1472,Eubacterium_J,CAG-822,MGYG000000505
rep205_seed2230	UMGS1839,UMGS363,UMGS1611,UMGS1623,Limosilactobacillus,CAAHEQ01,AM07-15,CAG-448,UBA7488,GCA-900066905,WRGP01,HGM11507,MGYG000002053,CAG-269,Campylobacter_A,UMGS1491,Clostridium_E,HGM11372,Fannyhessea,UBA1234,UMGS1388,CAG-313,CAG-390,UBA1191,Firm-07,UMGS1484,UMGS1603,CAG-873,F23-B02,UBA3263,Clostridioides,MGYG000004029,UMGS1071,Lachnospira,Alloscardovia,UMGS1976,Faecalimonas,UBA2856,Salinicola,UBA9475,Bariatricus,BX12,Collinsella,Alterileibacterium,UBA7185,Faecalibacillus
rep206_seed2231	Plesiomonas,UBA4644,Allisonella,TWA4,UMGS911,UBA5026,HGM12814,UBA4372,Gabonibacter,Citrobacter_B,Anaeroplasma,UMGS882,Schaedlerella,CAG-115,SFMI01,Robertmurraya,Prevotellamassilia,Veillonella_A,MGYG000000286,MGYG000000378,Slackia_A,Rubneribacter,Enterobacter_D,MGYG000004112,UMGS1865,Blautia_A,Merdimonas,Enterococcus_A,SFEL01,Paenibacillus_A,UMGS1490,Emergencia,Superficieibacter,UBA1752,CAG-390,Clostridium_X,Arabia,CAG-194,UBA3263,Epilithonimonas,Neisseria,Coprococcus_A,Porphyromonas,HGM13010,ER4,CAG-617
rep207_seed2232	UMGS929,Ruminococcus_B,CAG-492,Fusobacterium,UBA4644,UMGS1820,Flavonifractor,Olsenella,Lactococcus_A,Bulleidia,UBA3388,Pygmaiobacter,TM7x,Arcanobacterium_A,UBA10281,CAG-533,Cellulosilyticum,Mailhella,SFJ001,Oribacterium,WRGP01,UMGS1603,Nitratidesulfovibrio,Slackia,HGM11588,Chimaeribacter,Allisonella,UBA7160,Blautia,Vibrio,Treponema_D,Stoquefichus,UMGS1810,HGM11514,Veillonella_A,Eisenbergiella,Gordonibacter,Staphylococcus,Methanosphaera,Barnesiella,Mitsuokella,UBA1829,Azonexus,Fusobacterium_C,CAG-557,Mobiluncus
rep208_seed2233	NSJ-63,UMGS124,CAG-1193,UBA7597,Paenibacillus,UMGS731,Ruminococcus_D,Desulfovibrio,Sneathia,Garciella,UMGS1883,Streptococcus,Pauljensenia,UMGS263,UMGS929,Ruminiclostridium_E,Anaerotruncus,Neobittarella,UBA7057,Varibaculum,Methanosphaera,UBA9506,CAG-41,MGYG000004094,Odoribacter,F0040,CAG-56,WRGP01,CAG-882,Enterobacter_D,SFTJ01,Rothia,Bittarella,Schaedlerella,CAG-793,Dorea_B,UMGS1975,MGYG000001953,UBA2882,Emergencia,ER4,MGYG000004660,CAG-180,UBA11774,Superficieibacter,Oscillibacter
rep209_seed2234	Caproiciproducens,Cloacibacillus,Eubacterium_G,Leuconostoc,Hafnia,Parvimonas,UMGS1688,CAG-177,UMGS680,Sneathia,CAG-180,KLE1615,CAG-115,An172,UBA1181,HGM11788,Murdochiella,UBA940,HGM11530,Porphyromonas_A,Massilioclostridium,UMGS1397,Amulumruptor,MGYG000000346,UBA1390,Peptoniphilus_B,Leptotrichia,Ruminococcus_F,Robertmurraya,Fusobacterium_B,Alterileibacterium,Clostridium,51-20,UBA1731,Marseille-P3106,UMGS1591,Bariatricus,UMGS1976,HGM11327,UMGS1839,Faecalitalea,UBA738,MGYG000004171,Lawsonella,MGYG000000456,D5
rep210_seed2235	UBA11524,UBA1786,Clostridium_J,CAG-115,UBA940,MGYG000004171,CAG-177,Borkfalkia,Rahnella,UBA5809,Pseudomonas_E,UMGS1864,HGM11416,Acetivibrio_A,Kosakonia,Parolsenella,Sodaliphilus,Anaerococcus,DTU089,CAG-127,UBA1181,Parabacteroides,CAG-448,Bacillus_J,Dialister,UMGS1663,UBA3631,UBA4716,MGYG000002216,Weimerbacter,UMGS1880,MGYG000002683,Longibaculum,Eubacterium,CAG-279,UMGS1312,UBA5446,Acidovorax,Oscillibacter,Anaerobutyricum,Enorma,Edwardsiella,Pradoshia,Kallipyga,Catenibacterium,CAG-411
rep211_seed2236	UBA1786,CAG-273,Arabia,TM7x,QAKD01,Bruticola,Ruminococcus_G,CAAEEV01,Parvimonas,UMGS1603,Agathobacter,HGM11514,TF01-11,Sutterella,Dorea,AF33-28,Ruminococcus_E,Anaerostipes,Pygmaiobacter,QAKS01,HGM11327,Serratia,MGYG000004660,UBA5446,Negativicoccus,UBA1777,UBA11512,UMGS1109,UBA1234,DTU089,Rubneribacter,CAG-485,VSOB01,MGYG000002053,UBA9475,UMGS966,Pseudobutyrivibrio,Selenomonas_A,Lacrimispora,UMGS1633,Mixta,Acetivibrio_A,Robertmurraya,UMGS1002,Massilistercora,Anaerosporobacter
rep212_seed2237	CAG-45,Cloacibacillus,UMGS1518,NK3B98,CAG-631,CAAHEQ01,UMGS1839,MGYG000003855,RUG12045,CAG-762,RUG13868,UMGS403,Acetatifactor,Flavonifractor,Lactiplantibacillus,UBA11774,Acetivibrio_A,MGYG000002053,Criibacterium,UMGS995,Merdibacter,UMGS1840,Morganella,Garciella,D5,UBA1259,UMGS577,UMGS680,Streptococcus,Desulfovibrio,CAG-194,TM7x,Bacillus_J,CAG-170,Citrobacter,Paramuribaculum,Staphylococcus,UBA5905,UMGS1071,Lactococcus,CAG-964,UMGS1572,UMGS946,TWA4,Chimaeribacter,UBA5446
rep213_seed2238	CAG-594,UMGS1994,Faecalitalea,MGYG000004850,MGYG000004811,MGYG000004112,HGM12789,UMGS1052,Citrobacter,UMGS1388,Treponema_D,KM106-2,MGYG000000505,UMGS75,MGYG000001953,HGM12669,MGYG000000390,Lancefieldella,MGYG000002575,CAG-196,RUG420,CHH4-2,HGM11808,Serratia,UBA2821,Robinsoniella,Bacillus_J,Kluyvera,UMGS1933,Agathobacter,NSJ-50,Stoquefichus,Fusobacterium_A,MGYG000003270,QANA01,UBA4716,HGM12650,Dysgonomonas,UBA5446,UMGS1810,UMGS1668,Gordonibacter,Lachnoanaerobaculum,CAG-762,UBA11524,Roseburia
rep214_seed2239	Pantoea,DTU089,Blautia,Fannyhessea,Clostridium_F,Leptotrichia,Enterobacter,UBA1777,UBA3388,Bacillus_J,CAG-449,CAG-217,UMGS1224,UMGS1004,Anaerosacchariphilus,UBA7748,UBA7597,NSJ-38,SFJ001,CAG-841,Paenibacillus_A,CAG-273,Merdimonas,Psychrobacillus,UMGS1901,HGM14224,Pluralibacter,BX12,SFFH01,UMGS1600,UMGS1783,QANA01,Serratia,Fournierella,CAG-533,NSJ-63,UMGS1670,Stomatobaculum,HGM11521,Bittarella,CAG-452,Succinivibrio,CAG-354,HGM12669,Corynebacterium,UBA1711
rep215_seed2240	UBA11940,Clostridium,CAG-724,UMGS1370,Eubacterium,UMGS1388,UMGS1781,HGM11521,Lentilactobacillus,Angelakisella,Clostridium_X,UMGS1326,CABIZH01,Sporanaerobacter,UMGS1889,UMGS1994,Ruminococcus,Alloprevotella,Ruminococcus_B,Citrobacter_B,CAG-1024,MGYG000003855,UBA7748,UBA3388,NSJ-32,UBA5809,UMGS946,Paraeggerthella,MGYG000000505,Olsenella,Ruminococcus_C,HGM12650,UBA2821,Prevotellamassilia,Hafnia,HGM11808,UMGS680,CAG-1193,UBA7597,MGYG000000674,RQCD01,CAG-460,UMGS599,UBA10677,UBA1232,Anaerosacchariphilus
rep216_seed2241	RC9,Caproiciproducens,BX12,MGYG000004604,Raoultibacter,MGYG000000390,Murdochiella,HGM13634,CAAEEV01,UMGS1795,Corynebacterium,Paenibacillus_A,UBA3402,MGYG000002696,SFFS01,Hydrogeniiclostridium,Anaeroplasma,An92,Rikenella,RUG11200,CAG-582,RUG023,Haemophilus,Clostridium,Stenotrophomonas,CAG-302,UBA1685,SFMI01,Salinicola,UMGS1872,Murimonas,CAG-269,Ruminococcus_E,HGM11372,Niameybacter,Frisingicoccus,Desulfovibrio,MGYG000003855,UBA3766,CAG-465,Mediterraneibacter,UMGS1840,UMGS905,Citrobacter,HGM13222,Paraclostridium
rep217_seed2242	Bacteroides_F,Lachnoclostridium,SFTJ01,UBA9475,Peptoniphilus_C,Olsenella_E,MGYG000000745,Finegoldia,Massilistercora,Sodaliphilus,CAG-841,MGYG000002053,CAG-41,CAG-485,Amedibacterium,Zag1,CAG-462,Citrobacter,Peptostreptococcus,CAG-791,MGYG000004445,Gastranaerophilus,Alterileibacterium,MGYG000002797,Duodenibacillus,UBA644,UBA9414,UMGS577,QAKD01,MGYG000004811,CAG-632,UBA1820,CAAEEV01,CAG-594,Eubacterium_J,MGYG000004850,MGYG000000286,Butyrivibrio_A,QANG01,Enterobacter_D,SFGY01,CAG-279,Marseille-P4683,HGM11386,Firm-10,Franconibacter
rep218_seed2243	Merdibacter,MGYG000002216,Amedibacillus,Parabacteroides,Superficieibacter,CAG-81,UBA11940,Mesosutterella,Paraprevotella,Ligilactobacillus,Slackia,MGYG000004547,RUG100,HGM12957,HGM13222,HGM11327,Weizmannia,MGYG000004133,SFFS01,Kallipyga,Clostridium_J,Prevotellamassilia,Bacillus_A,Dysosmobacter,MGYG000002726,DTU089,Pseudoruminococcus,Turicibacter,UBA1375,UBA1822,Campylobacter_A,Phoenicibacter,Amedibacterium,Beduini,QANG01,Olsenella_B,VUNI01,Blautia_A,Scardovia,SFFH01,Holdemania,CAG-314,MGYG000004061,Peptacetobacter,Evtepia,UMGS1688
rep219_seed2244	Stoquefichus,ER4,Yersinia,CAG-460,UMGS577,Enterococcus_B,SFVR01,Enterocloster,UBA5884,PeH17,MGYG000001871,SFDB01,Clostridium_X,Butyrivibrio_A,Ruminococcus_A,HGM11507,Mailhella,Eubacterium_I,HGM11575,Paraeggerthella,Bruticola,UMGS874,MGYG000003270,HGM11368,RUG14107,1XD42-69,Blautia_A,Faecalimonas,UMGS1600,Terrisporobacter,UBA1409,Turicibacter,Pluralibacter,Anaerosporobacter,UMGS1590,Campylobacter_A,TF01-11,MGYG000000390,UBA1394,Paramuribaculum,CAG-115,HGM11514,Absicoccus,Arabia,WRGP01,Megasphaera
rep220_seed2245	Granulicatella,Serratia,Anaerotignum,UBA11471,Lachnospira,CAG-632,Yokenella,Enterobacter_D,51-20,MGYG000003270,Evtepia,RUG806,Psychrobacillus,Gordonibacter,Lacticaseibacillus,HGM12587,UMGS882,UBA940,UMGS1052,An92,UBA7185,Clostridium_A,UMGS1518,Eubacterium_J,UBA1731,UMGS2016,Pyramidobacter,Bacilliculturomica,Brachyspira,HGM12814,Cellulosilyticum,UMGS1202,Holdemanella,UBA1375,UMGS1491,Yersinia,Ligilactobacillus,An172,CAG-288,Methanosphaera,Olsenella,Anaerosacchariphilus,MGYG000004127,Mitsuokella,Finegoldia,43-108
rep221_seed2246	51-20,CAG-314,UBA6857,Alterileibacterium,RUG705,Faecalibacterium,SFHK01,CAG-312,Muribaculum,Varibaculum,UMGS1490,CAG-103,Pseudomonas_R,Gastranaerophilus,Pediococcus,UMGS1663,UBA11452,Mixta,CAG-510,Olsenella,Eubacterium_I,Caproiciproducens,OF09-33XD,Companilactobacillus,HGM12998,QALR01,F0040,UBA1820,RF16,UMGS692,UMGS1004,Faecalitalea,UMGS1810,Epilithonimonas,Prevotellamassilia,Criibacterium,UBA1786,VSOB01,Roseburia,Salinicola,UMGS1224,MGYG000004604,CAG-245,CAG-533,Escherichia,Leminorella
rep222_seed2247	Amedibacterium,RUG115,MGYG000004029,UBA11512,Lactiplantibacillus,Lachnoanaerobaculum,Weimerbacter,HGM12650,RUG11247,CAG-484,UMGS1241,Enterococcus_G,Ruminococcus_E,Eisenbergiella,UMGS263,HGM12669,Flavonifractor,Weissella,Enterococcus_C,Ruminococcus_F,Lachnoclostridium_A,Parasutterella,UMGS1633,Schaedlerella,CAG-793,UC5-1-2E3,Faecalicoccus,Butyricimonas,CAG-274,UBA7160,Peptacetobacter,HGM11521,Niameybacter,HGM12789,CAG-312,CAG-196,Zag1,CAG-917,CAG-632,UMGS966,CAG-460,OM05-12,MGYG000002575,Slackia_A,UMGS1600,RQCD01
rep223_seed2248	Paraclostridium,Peptoniphilus_C,Desulfovibrio,V9D3004,GCA-900066755,Faecalimonas,UBA3766,Garciella,Phoenicibacter,UMGS1472,CAG-273,Lactobacillus,Acutalibacter,Enterobacter,CAG-557,Campylobacter_B,Amedibacterium,RUG13868,Roseburia,CAG-964,Weimerbacter,UMGS1338,Haemophilus_D,Latilactobacillus,UMGS1840,HGM13010,UBA7748,UMGS268,COE1,HGM04593,UMGS1994,UMGS416,UMGS874,Agathobacter,UBA5026,CHH4-2,UMGS1810,RUG100,Corynebacterium,CAG-884,Gastranaerophilus,Phocaeicola,Peptostreptococcus,Alloprevotella,HGM11327,UMGS363
rep224_seed2249	UBA5809,Stomatobaculum,Anaerotruncus,UBA940,Butyricicoccus,UBA1822,Weizmannia,Agathobaculum,MGYG000002797,Gordonibacter,Lactonifactor,CAG-349,Prevotellamassilia,Peptoniphilus_C,RUG131,Longibaculum,UBA1232,UMGS692,Stenotrophomonas,Parasutterella,Turicibacter,Niameybacter,Lachnoanaerobaculum,UMGS1397,UMGS1490,Ruminococcus_G,UMGS1279,CAG-964,Morganella,MGYG000004094,UMGS1322,UMGS1312,HGM11501,Eisenbergiella,CAG-303,UMGS263,Leptotrichia,Cetobacterium_A,Pantoea,CAG-302,MGYG000000425,MGYG000003945,Zag111,Romboutsia,CAG-451,Lawsonella
rep225_seed2250	Sporanaerobacter,Johnsonella,CHH4-2,Clostridium_N,Longicatena,Providencia,MGYG000000350,CAG-884,CAG-882,Limosilactobacillus,UMGS1002,UBA1786,UMGS1933,Clostridium_P,Massilistercora,Parabacteroides,Angelakisella,Erysipelatoclostridium,NSJ-63,CAG-288,DTU089,OM05-12,Kosakonia,Pseudoflavonifractor,Enterobacter_A,NC2004,UBA10281,Schaedlerella,UMGS929,Bacteroides_F,Megasphaera,CACZQA01,UMGS2055,Barnesiella,UMGS966,Dorea,Agathobaculum,Epilithonimonas,Holdemania,CAG-521,SFMI01,UBA738,Massiliomicrobiota,CAG-41,Pseudobutyrivibrio,Phocaeicola
rep226_seed2251	MGYG000004112,CAG-557,MGYG000004133,UC5-1-2E3,RUG13868,UMGS1840,UMGS1388,MGYG000000350,RUG023,UBA7748,UBA11471,Ezakiella,UMGS1537,UBA1740,Butyricicoccus_A,HGM12650,JAAYBB01,Pseudoflavonifractor,UBA11517,MGYG000004380,Eubacterium_M,AM51-8,MGYG000000387,UMGS1491,Citrobacter_A,Hydrogeniiclostridium,CAG-510,SFMI01,Brachyspira,CAG-882,HGM13862,Oribacterium,BX12,UMGS1472,Bilophila,Phascolarctobacterium,UMGS856,TWA4,CAG-492,Enterococcus_G,HGM11514,Pradoshia,Ruminococcus_D,CAG-317,Selenomonas_A,CAG-484
rep227_seed2252	Latilactobacillus,MGYG000004604,HGM11386,CAG-1031,Pseudoflavonifractor,Neisseria,Borkfalkia,Pseudomonas,QAMH01,MGYG000004443,Gordonibacter,Enterococcus_C,Gemmiger,Murimonas,CAG-390,OF09-33XD,UMGS882,Dysosmobacter,Lentilactobacillus,MGYG000002797,Faecalibacterium,UMGS1002,Firm-07,Peptoniphilus_A,Paenibacillus,MGYG000004229,DTU089,UMGS1477,MGYG000004874,SFTJ01,Enterococcus_G,UBA1752,Prevotellamassilia,CAG-217,Coprobacillus,SFMI01,Leptotrichia,UMGS2055,Robinsoniella,Turicimonas,HGM11525,MGYG000003945,UBA5416,MGYG000004127,CAG-196,Lactobacillus
rep228_seed2253	MGYG000003945,MGYG000004094,Neisseria,MGYG000004177,UBA7173,MGYG000000286,Amulumruptor,Massiliomicrobiota,Zag111,HGM12998,HGM11327,Acidaminococcus,Monoglobus,CAG-710,Hydrogeniiclostridium,UMGS1307,Parvimonas,UMGS1474,CAG-882,CAG-41,UMGS416,UBA1375,HGM04593,CAG-303,UMGS1532,Clostridium_A,CAG-631,Merdimonas,CACZQA01,Eubacterium_M,Lawsonella,Prevotella,Mediterraneibacter,Treponema_D,HGM14224,UMGS973,UMGS1326,Ralstonia,Caproiciproducens,Acutalibacter,UMGS2037,Anaerotruncus,Terrisporobacter,Prevotellamassilia,MGYG000000728,Massilimaliae
rep229_seed2254	Eubacterium_R,Methanomassiliicoccus_A,CAG-617,Caproiciproducens,MGYG000004061,MGYG000000505,CAG-56,Finegoldia,UMGS692,MGYG000004604,UMGS905,Clostridium_B,UBA945,Alterileibacterium,UBA1394,Porphyromonas,Cetobacterium_A,MGYG000000286,MGYG000003297,QALS01,CAG-448,Peptoniphilus_C,UMGS966,MGYG000003970,Clostridioides,Anaerofustis,UMGS1901,CAG-495,QALW01,Blautia,SFVR01,UMGS1633,Franconibacter,S5-A14a,UBA10281,Firm-11,CAAEEV01,Mailhella,MGYG000002216,CAG-145,Romboutsia,Succiniclasticum,UMGS1851,UMGS1611,Pygmaiobacter,UBA7748
rep230_seed2255	UBA7173,UBA1829,CAG-822,Massilioclostridium,Caecibacter,An92,UMGS172,Acetivibrio_A,NSJ-50,Eubacterium_M,CAG-917,UBA4372,CAG-877,UMGS1418,Parvimonas,MGYG000003297,Clostridium_AP,Streptococcus,Phil1,Gastranaerophilus,Harryflintia,Bittarella,MGYG000000574,UMGS268,Enterococcus_A,Megamonas,CAG-594,HGM13222,Eisenbergiella,RUG023,Nitratidesulfovibrio,UMGS973,UBA1390,MGYG000004171,Citrobacter_B,Gemmiger,Clostridioides,Fannyhessea,Firm-07,HGM11368,Anaeromassilibacillus,Butyricimonas,CAG-1024,CAG-194,HGM11501,Stenotrophomonas
rep231_seed2256	Intestinibacter,Hafnia,CAG-590,Niameybacter,UMGS1976,UMGS1781,QALW01,UC5-1-2E3,Negativibacillus,Eubacterium_R,Muricomes,UMGS1865,Neobittarella,MGYG000000587,Ruminococcus_A,Yersinia,Raoultella,CAG-196,Sutterella,Pseudomonas,UMGS1795,Clostridium_A,MGYG000004811,Lachnoclostridium,Atlantibacter,UBA5809,MGYG000004112,NSJ-32,Klebsiella_A,UMGS1375,Acetivibrio_A,Acetatifactor,CAG-177,MGYG000004133,MGYG000003945,CAG-533,CAG-313,UBA940,MGYG000000728,Parabacteroides,HGM11514,MGYG000004177,UMGS1532,MGYG000002726,HGM11416,Dorea_B
rep232_seed2257	Lachnoclostridium,KLE1615,UMGS1975,UMGS1826,MGYG000004133,Butyrivibrio_A,Anaerosporobacter,CAG-841,RUG705,Lachnoclostridium_B,MGYG000002758,Bittarella,UMGS1820,Varibaculum,Peptoniphilus_A,Blautia,CAG-631,Dysgonomonas,UMGS1279,UBA5394,HGM10836,Lactiplantibacillus,UBA6345,CAG-462,UMGS1670,Fournierella,UMGS995,UBA5809,Kosakonia,MGYG000004171,Coprobacillus,Clostridium_A,MGYG000003270,HGM13618,CAG-617,Phascolarctobacterium,UBA7185,CAG-882,SFDP01,Arabia,UMGS172,UBA4285,UBA7160,UBA1820,Anaeroplasma,Corynebacterium
rep233_seed2258	Eggerthella,CAG-451,Mesosutterella,Morganella,Clostridium_J,UMGS1766,MGYG000000587,Ruminococcus_D,Beduini,UBA1232,UBA11940,CAG-274,MGYG000004177,Christensenella,QALS01,CAG-411,UBA737,UBA945,OF09-33XD,GCA-900066755,RUG11247,UMGS75,CAG-485,Erysipelatoclostridium,CAG-115,MGYG000002053,Leuconostoc,Sutterella,Pantoea,MGYG000004029,MGYG000000456,Longibaculum,UBA4871,CAG-1000,UBA1394,UBA11774,GCA-900066905,Ruthenibacterium,Peptococcus,Robinsoniella,UMGS1889,Ralstonia,UMGS577,Anaerostipes,UBA1829,MGYG000004850
rep234_seed2259	UMGS1474,UMGS1322,Ruminococcus_E,Parolsenella,HGM11588,RUG11200,UBA7102,CAG-303,MGYG000004133,UBA1685,HGM11507,Flavonifractor,UMGS1858,Harryflintia,Clostridium_N,Phascolarctobacterium_A,MGYG000002719,MGYG000002696,Succiniclasticum,UMGS1601,Prevotellamassilia,DTU089,UBA3766,Rothia,CAG-460,MGYG000000387,HGM13010,Cetobacterium_A,MGYG000000350,Enterococcus_D,Mediterraneibacter,Anaeromassilibacillus,MGYG000004874,MGYG000004660,NC2004,UBA1234,CAG-196,UMGS1004,Citrobacter_B,Kallipyga,UBA5884,Campylobacter,MGYG000004177,UBA1206,UMGS1241,Frisingicoccus
rep235_seed2260	CAG-1193,Bilophila,NSJ-62,Clostridium_F,SFDB01,Clostridium_B,CAG-521,UBA11940,Fannyhessea,UBA9502,HGM14224,RUG420,43-108,UBA5905,Rikenella,Collinsella,Marseille-P3106,MGYG000003270,UMGS1783,UMGS882,Phascolarctobacterium,Ruminococcus_G,Robinsoniella,Peptoniphilus_C,MGYG000004172,Coprococcus_A,Aneurinibacillus,Pseudescherichia,Hungatella_A,UMGS905,RUG410,Adlercreutzia,Romboutsia,Dorea_B,Lachnoclostridium,RUG11247,Ruminococcus_F,Gordonibacter,CAG-312,MGYG000002696,Lactonifactor,RUG12045,UMGS966,Eubacterium_I,UMGS599,51-20
rep236_seed2261	CAG-793,MGYG000004172,UMGS1474,Leclercia,HGM11788,Garciella,Oscillibacter,UBA1820,UMGS1224,Clostridium_E,Hungatella_A,UBA4334,HGM11588,Adlercreutzia,MGYG000000425,Fusobacterium_A,Akkermansia,Frisingicoccus,Franconibacter,NK4A136,MGYG000004874,MGYG000000378,Lactococcus,MGYG000000390,HGM11575,Angelakisella,Ruminococcus_B,QAKS01,CAG-488,HGM13618,Anaerocolumna,NSJ-61,Eubacterium_I,Bacillus_A,MGYG000003297,UBA9506,Olsenella_B,UBA6382,Acetatifactor,Clostridium_J,Anaeroglobus,Romboutsia,UBA5905,Bacteroides,HGM11616,CAG-475
rep237_seed2262	NSJ-50,CAG-594,Yersinia,Mixta,SFVR01,UBA1731,UBA7102,Romboutsia,MGYG000004443,UBA1685,Borkfalkia,Citrobacter_A,MGYG000000456,UBA5884,Pseudoflavonifractor,VUNA01,Paramuribaculum,UBA7597,MGYG000002010,UMGS1326,UBA3402,UMGS1690,UMGS1865,Coprobacter,UBA1786,UBA1390,UBA11512,Clostridium_A,Phocaeicola,Hungatella_A,Sellimonas,Extibacter,MGYG000000674,Finegoldia,CAG-492,CAG-617,UBA1711,UBA11940,Rahnella,MGYG000000346,MGYG000001953,MGYG000004547,Methanobrevibacter_A,CAG-56,CAG-484,UBA1417
rep238_seed2263	Fusicatenibacter,Methanosphaera,UMGS1663,HGM10836,Absicoccus,CAG-145,UMGS1484,UMGS1600,CAG-313,MGYG000000346,Johnsonella,Borkfalkia,MGYG000002719,UMGS363,Robertmurraya,Campylobacter,UBA6984,UMGS1590,V9D3004,Staphylococcus,CAG-762,MGYG000004229,MGYG000004127,MGYG000004094,MGYG000004177,Phoenicibacter,RUG420,MGYG000002696,UBA1206,Flavonifractor,CAAEEV01,UBA5446,Sporanaerobacter,Eubacterium_J,MGYG000002683,Clostridium_N,Enteroscipio,RUG11200,HGM05232,Acinetobacter,Phil1,HGM11808,CAG-274,Parasutterella,HGM12650,UBA7102
rep239_seed2264	Acidovorax,Yokenella,Pseudomonas,HGM11514,CABIZH01,Mobilibacterium,F0422,RUG11198,MGYG000004850,CAG-582,HGM11530,Parasutterella,Peptoniphilus_E,Ruminiclostridium_E,HGM10836,RUG806,HGM12650,Acidaminococcus,UMGS1004,Varibaculum,Desulfovibrio,HGM11523,Frisingicoccus,Leptotrichia,CAG-841,UMGS1613,Barnesiella,UMGS268,UMGS1109,UBA1417,UBA737,UMGS1976,Veillonella,UBA7102,UMGS1668,Haemophilus,Lactococcus_A,Agathobacter,Clostridium_F,UBA4855,Succinatimonas,CAG-83,UBA11940,UBA7057,Peptacetobacter,Zag111
rep240_seed2265	Bacilliculturomica,Muribaculum,V9D3004,CAG-831,Hydrogeniiclostridium,51-20,Cellulosilyticum,UMGS1484,UMGS856,MGYG000004850,43-108,CAG-465,SFJ001,1XD42-69,UBA1417,Firm-11,Amulumruptor,Weizmannia,Aeromonas,Olsenella_E,CAG-245,QAKD01,HGM12587,Weissella,Providencia,Succinatimonas,UMGS1840,Alloprevotella,Cutibacterium,CAG-1024,MGYG000002075,UMGS577,RUG115,An172,QAMH01,HGM13618,Stoquefichus,Johnsonella,Eubacterium_G,UMGS905,Fusobacterium_B,Lysinibacillus,DUOT01,UMGS1518,Intestinimonas,Akkermansia
rep241_seed2266	MGYG000004874,Paraeggerthella,Aneurinibacillus,UBA10281,KM106-2,Paramuribaculum,CAG-1193,UMGS966,HGM12713,Clostridium_Q,Sporanaerobacter,NSJ-32,UBA3818,Lacticaseibacillus,CAG-312,Mediterraneibacter,Citrobacter_B,Clostridium_B,NSJ-50,Anaerostipes,Latilactobacillus,UMGS1487,CAG-353,Zag1,UBA6382,UMGS1418,Senegalimassilia,Merdibacter,Massilistercora,Slackia_A,Odoribacter,UBA7702,Klebsiella,HGM05232,Campylobacter_B,Anaeroplasma,SFVR01,Methanobrevibacter_A,UMGS1815,RUG13868,CAG-1031,Flavonifractor,VUNA01,Anaeromassilibacillus,Anaerosalibacter,Clostridium_A
rep242_seed2267	CAG-115,HGM11368,CAG-484,Cloacibacillus,Murdochiella,Yokenella,Anaeroplasma,UBA5920,QAMM01,UBA737,HGM10836,DTU089,SFGY01,Extibacter,Olsenella_B,UMGS1241,UBA1711,UMGS1537,Enterococcus,Leminorella,UMGS1623,UMGS1375,F0422,UMGS1633,Weizmannia,Ruminococcus_E,Ruminococcus_G,S5-A14a,MGYG000000425,UBA7182,Duodenibacillus,Terrisporobacter,UMGS1518,UBA7057,CAG-279,RUG115,UMGS1670,MGYG000000505,Clostridium_B,Victivallis,Chimaeribacter,Holdemanella,Sodaliphilus,Eubacterium_G,Hafnia,Coprobacter
rep243_seed2268	Pluralibacter,Sodaliphilus,Eubacterium,Haemophilus_A,UMGS1071,UBA1417,SFLA01,Nitratidesulfovibrio,Citrobacter_A,UBA7160,Acinetobacter,Garciella,Firm-11,SFFS01,UBA2821,Olsenella_E,Lachnoclostridium,TM7x,Marvinbryantia,Phytobacter,Azonexus,UBA2856,CAG-302,UBA1737,CAG-1427,UBA11512,MGYG000004171,UBA7102,Prevotella,Anaerotruncus,UBA11774,HGM13010,Clostridium,Alistipes_A,UMGS1484,MGYG000003305,HGM11575,Bifidobacterium,UBA11471,SFEL01,CAG-462,UBA6398,Hafnia,MGYG000001871,MGYG000000674,UBA644
rep244_seed2269	1XD42-69,RUG806,NSJ-61,UMGS2055,Mesosutterella,Rikenella,UBA2856,MGYG000001903,UBA7597,UBA1206,CAG-557,UBA11940,Mailhella,HGM12650,UBA940,SFGY01,Methanomassiliicoccus_A,Frisingicoccus,Escherichia,Haemophilus_A,Duncaniella,UMGS1613,MGYG000004604,Leuconostoc,UBA1820,Eubacterium_R,Emergencia,Scardovia,Neisseria,Latilactobacillus,CAG-196,UBA7057,Klebsiella,CAG-273,MGYG000000378,Anaerocolumna,Clostridium_X,UBA6345,UMGS911,RUG14107,Senegalimassilia,Salmonella,RUG705,UMGS1880,CAG-776,UMGS856
rep245_seed2270	CAG-353,CAG-1427,UMGS1397,Eggerthella,NK4A136,UBA7702,Lachnoclostridium,UMGS75,Ruminococcus_F,Haemophilus,QAMX01,SFEL01,Enterococcus,MGYG000000378,Pseudomonas_E,Haemophilus_D,UBA6345,CACZQA01,Morganella,Succiniclasticum,Mediterraneibacter,UMGS1783,UMGS363,Anaerobutyricum,MGYG000004443,CAG-582,VSOB01,UMGS1338,Robertmurraya,Fusobacterium_B,Faecalibacterium,Bariatricus,CAG-465,UBA7173,MGYG000001903,Chimaeribacter,UBA3402,CAG-841,RUG410,Massilicoli,MGYG000004094,Olsenella_E,UBA5884,CAG-964,CAG-873,Cellulosilyticum
rep246_seed2271	Lagierella,MGYG000000674,CAG-831,Coprobacillus,UBA5026,HGM11372,Faecalibacterium,Butyrivibrio_A,UMGS1611,Bulleidia,Ruthenibacterium,UBA6398,GCA-900066495,UMGS1865,Corynebacterium,Lancefieldella,Merdibacter,Companilactobacillus,Cellulosilyticum,Clostridioides,UMGS1840,MGYG000003970,RUG11198,Mitsuokella,Garciella,UMGS1851,SFFS01,Anaeromassilibacillus,Extibacter,CAG-194,Clostridium_AQ,UMGS1279,Gabonibacter,Faecalibacillus,Blautia_A,CAG-510,Akkermansia,Dorea_B,Nitratidesulfovibrio,CAG-110,Longibaculum,RUG410,Aggregatibacter,Paraprevotella,Enterococcus_D,Niameybacter
rep247_seed2272	RUG115,CAG-81,KM106-2,Enorma,CAG-354,UMGS1883,Rothia,Latilactobacillus,Bacillus_J,CAG-103,UMGS1781,Faecalicoccus,QALW01,DTU089,HGM14224,SFFS01,Salmonella,CAG-460,UMGS1840,Kluyvera,UMGS172,UMGS1810,Parvimonas,UBA11774,Paramuribaculum,UBA11517,CAG-603,CAG-417,UBA3388,RUG13868,CAG-557,Akkermansia,UBA11471,UMGS1540,Clostridium_A,UMGS1864,Enterococcus_B,CAG-448,An181,Stomatobaculum,Pseudobutyrivibrio,HGM12998,UMGS882,UMGS946,Gabonibacter,UMGS1388
rep248_seed2273	Anaerotruncus,Olsenella,Coprobacter,MGYG000004443,F0422,UBA3263,GCA-900066905,UMGS929,Lancefieldella,Eikenella,Phytobacter,Criibacterium,Lacrimispora,MGYG000004133,CAG-460,Mobilibacterium,D5,Faecalitalea,UMGS2016,UMGS1851,Raoultella,Bacillus_A,UBA1390,UBA1777,Duodenibacillus,CAG-103,Stoquefichus,UBA11512,Succiniclasticum,Fannyhessea,Anaeroglobus,UBA5416,Acidovorax,Longibaculum,Phil1,MGYG000001903,Staphylococcus,MGYG000004127,Citrobacter_B,SFEL01,CHH4-2,Leptotrichia,SFHK01,Pseudomonas,Anaeromassilibacillus,Caecibacter
rep249_seed2274	MGYG000002053,UBA866,MGYG000003305,CAG-475,UBA11471,HGM11386,Actinomyces,MGYG000001871,Methanosphaera,UMGS1293,Ruminococcus_E,UBA2882,CHH4-2,CAG-411,Flavonifractor,HGM11530,CABIZH01,CAG-1000,NSJ-62,MGYG000003270,Serratia,Neisseria,KLE1615,Faecalitalea,Lysinibacillus,Streptococcus,MGYG000003970,JAAYBB01,HGM13010,MGYG000004094,Actinobaculum,Butyricicoccus,QAKS01,CAG-238,CAG-353,Hungatella,MGYG000002726,Butyricicoccus_A,Mobilibacterium,Pantoea,F0040,HGM10836,HGM12814,QAMH01,Ralstonia,Sneathia
rep250_seed2275	Mesosutterella,Dialister,CAG-484,QAKW01,UBA3818,UMGS911,QAKS01,Akkermansia,Finegoldia,Murimonas,UBA644,Bruticola,Marvinbryantia,Beduini,MGYG000001903,UBA10677,CAG-791,CAG-793,Parvimonas,Eisenbergiella,Succinivibrio,UMGS692,HGM11417,Methanobrevibacter_A,UMGS902,UMGS1663,NSJ-32,UMGS1441,HGM12814,Lachnoanaerobaculum,Peptostreptococcus,Enterococcus_B,Bacillus_A,MGYG000002719,CAG-762,UBA1711,RUG572,UBA1740,Mobiluncus,UBA7102,Companilactobacillus,UMGS124,Eubacterium,Longibaculum,SFHK01,UMGS1004
rep251_seed2276	UMGS1490,CAG-279,RUG131,RUG472,UMGS172,Finegoldia,MGYG000001871,Longicatena,An172,UMGS1889,Butyricicoccus_A,Eubacterium_I,CAG-465,HGM13233,HGM12814,MGYG000001953,Exiguobacterium,Citrobacter_B,HGM11416,DUOT01,UBA1822,CAG-145,UMGS1253,Enterococcus_D,Clostridium,Anaerosalibacter,MGYG000000378,RUG705,Mailhella,RUG13868,Weissella,UMGS1623,HGM11530,Campylobacter_B,Tidjanibacter,RUG572,CAG-449,MGYG000002575,UMGS966,CAG-349,Lagierella,Sutterella,UMGS1781,Fenollaria,CAG-822,UMGS1474
rep252_seed2277	MGYG000000350,Longibaculum,Senegalimassilia,CAG-1031,Intestinibacter,CABIZH01,UMGS902,UBA1232,Anaerosporobacter,CAG-762,Pantoea,UMGS1491,UMGS1865,QAKD01,UBA7173,MGYG000003970,UBA5394,HGM04593,HGM11514,Akkermansia,Massilimaliae,Christensenella,Dysgonomonas,SFTJ01,Turicimonas,Sporanaerobacter,UMGS1384,UMGS1202,UMGS2055,QANG01,UMGS1225,Peptoniphilus_C,CAG-603,Arabia,MGYG000002758,VSOB01,Latilactobacillus,Anaerotruncus,Robertmurraya,Scardovia,UMGS1766,UMGS1668,CAG-349,43-108,UMGS1591,Mitsuokella
rep253_seed2278	NK3B98,Citrobacter,UMGS1384,Peptostreptococcus,MGYG000004061,Ruminococcus_G,UBA7182,CAG-776,UBA9475,Cedecea,Holdemania,UMGS1293,WG-1,Acidovorax,RF16,UBA7748,HGM13233,CAG-349,Caecibacter,QANG01,UMGS1312,UMGS1109,Peptoniphilus_A,Slackia_A,UBA3282,Allisonella,CAG-279,Kluyvera,CAG-288,UBA4716,MGYG000004172,Clostridium_F,Serratia,UBA7488,UBA11524,UMGS1591,Enterococcus_C,Massilimaliae,Brachyspira,Parasutterella,Lactobacillus,UBA1737,Yersinia,Bacteroides,UMGS1518,CAG-451
rep254_seed2279	Limosilactobacillus,UMGS1370,Lachnoclostridium_A,UMGS1901,UBA3631,UBA636,Enterococcus_A,Clostridium_A,HGM12650,UMGS1696,Senegalimassilia,Dysgonomonas,MGYG000004094,Harryflintia,Desulfovibrio,CAG-724,UMGS1253,Enterococcus_C,UBA1829,HGM11417,Rikenella,Bifidobacterium,UBA11517,UMGS911,BX12,Selenomonas_C,CAG-557,Lawsonella,QAMX01,MGYG000001903,Faecalitalea,CAG-762,Eubacterium,CAG-56,Nitratidesulfovibrio,MGYG000000425,HGM13634,UMGS1889,UMGS1864,CAG-81,UMGS75,HGM11368,Phil1,GCA-900066755,Acutalibacter,ER4
rep255_seed2280	MGYG000003855,Faecalibacterium,Evtepia,OM05-12,MGYG000002685,MGYG000004133,MGYG000002053,HGM11575,CAG-449,UBA1390,CAG-492,Paenibacillus_A,MGYG000004094,UMGS1795,Merdimonas,Aggregatibacter,UBA5446,Stomatobaculum,Olsenella,UMGS1611,UBA5884,UMGS1766,MGYG000000745,UBA7748,Butyricicoccus,UMGS1840,Faecalibacillus,Slackia,UMGS1590,UMGS1600,MGYG000003289,Clostridium_F,Streptococcus,Leuconostoc,CAG-448,RUG100,Sutterella,UMGS874,Selenomonas_C,Mitsuokella,Butyricimonas,Alloprevotella,UBA4871,Odoribacter,F082,An172
rep256_seed2281	UBA3388,Blautia_A,Adlercreutzia,MGYG000004604,Peptoniphilus_B,Eisenbergiella,UMGS1397,Amulumruptor,UBA7702,CAG-95,F082,QAKW01,MGYG000004660,Peptacetobacter,CAAHEQ01,CAG-628,MGYG000000674,Marseille-P4683,Mediterraneibacter,CAG-533,Neobittarella,UMGS1613,Marvinbryantia,CAG-194,UMGS1901,GCA-900066495,Muricomes,Oscillibacter,CAG-288,MGYG000002758,Dorea,Brachyspira,CAG-724,Alloscardovia,Lachnospira,SFGY01,HGM11501,Finegoldia,SFJ001,MGYG000004029,Bacteroides,Merdibacter,UMGS1326,CAG-274,Fusobacterium_B,Catenibacterium
rep257_seed2282	Superficieibacter,NSJ-61,Clostridium_A,Aneurinibacillus,V9D3004,MGYG000004660,UMGS1472,UBA7597,UMGS1781,CAG-217,CAG-877,UMGS403,Phil1,Marvinbryantia,CAG-353,Sneathia,D5,Rahnella,UMGS1387,MGYG000002719,HGM04593,Pediococcus,CAG-762,Anaerocolumna,HGM12814,UMGS1840,MGYG000003270,43-108,Amedibacterium,UBA11512,UMGS1491,MGYG000000587,UBA2821,Chimaeribacter,Clostridium_B,Acinetobacter,S5-A14a,UBA2882,CAG-83,Proteus,Succiniclasticum,UMGS1002,Selenomonas_C,Dysgonomonas,Coprobacter,CAG-245
rep258_seed2283	Phil1,UBA9475,DUOT01,Rubneribacter,UMGS1810,HGM10836,Pseudoruminococcus,Pediococcus,UBA6382,Actinobaculum,Acetivibrio_A,UMGS2055,CAG-510,Dysosmobacter,UBA10677,UMGS1472,Olsenella_E,UMGS1601,RUG410,Erysipelatoclostridium,UMGS577,Coprobacter,UBA5446,MGYG000004660,HGM12814,Enorma,Lachnoclostridium_A,CAG-882,CAG-632,Eubacterium_I,CAG-590,Mailhella,Stenotrophomonas,An92,UMGS1975,UBA7488,CAG-41,Klebsiella_A,Oscillibacter,UBA3388,CAG-793,Providencia,CAG-312,Intestinibacter,UMGS1370,Christensenella
rep259_seed2284	CAG-582,UMGS1322,Angelakisella,Gemmiger,Butyrivibrio_A,UMGS1387,Psychrobacillus,UBA1234,Bariatricus,Alistipes_A,Firm-07,Massilistercora,UMGS2016,CAG-317,SCN-57-10,Prevotella,Eikenella,UBA7185,QAMM01,Companilactobacillus,Firm-11,UBA1390,UMGS1826,Latilactobacillus,Leuconostoc,MGYG000002053,Lactococcus,UMGS1783,Neobacillus,CAG-353,UBA1752,UMGS1384,UBA1232,Senegalimassilia,MGYG000002216,Monoglobus,Coprococcus_A,MGYG000000286,CAG-762,MGYG000000587,RUG14107,Lachnoclostridium_B,UBA1409,HGM11521,Parolsenella,Caproiciproducens
rep260_seed2285	Hungatella_A,Akkermansia,QALS01,Caecibacter,UMGS1225,Parvimonas,Marseille-P4683,Turicibacter,UMGS874,Varibaculum,UMGS1375,Dorea_A,UMGS1781,Anaeromassilibacillus,UBA5809,Eubacterium,Finegoldia,CAG-884,Ligilactobacillus,MGYG000004850,CAG-628,HGM12814,Aggregatibacter,GCA-900066495,CAG-724,UMGS1840,MGYG000002685,UMGS1591,Pantoea,Firm-10,Absicoccus,RQCD01,MGYG000004061,Pyramidobacter,Lentilactobacillus,Pseudomonas,CAG-177,MGYG000004660,UMGS1633,Firm-11,CAG-594,Lactococcus_A,UBA11524,Olsenella,Franconibacter,Aneurinibacillus
rep261_seed2286	Longibaculum,Dysosmobacter,MGYG000002216,Robertmurraya,Erysipelatoclostridium,Fusicatenibacter,Gemella,Mailhella,MGYG000004874,Dielma,Negativicoccus,HGM12998,HGM11521,Amedibacillus,Pauljensenia,Sporanaerobacter,Yersinia,CAG-841,Barnesiella,JAAYBB01,Kluyvera,Enterobacter,SCN-57-10,HGM12669,HGM11416,Scardovia,Clostridium_B,Sneathia,CAG-279,UMGS1071,Gordonibacter,UMGS1279,Ruminococcus_D,NSJ-63,Enorma,CAG-917,UMGS1826,UMGS1839,MGYG000004029,Terrisporobacter,Ruminococcus_C,Actinomyces,UBA4334,Ruthenibacterium,Anaeromassilibacillus,Desulfovibrio
rep262_seed2287	UMGS1251,CAG-793,QAMM01,GCA-900066905,UBA1181,Eubacterium,Cellulosilyticum,RUG572,CAG-488,Methanosphaera,MGYG000000728,RF16,UMGS1975,UMGS1889,CAG-873,F082,UMGS1668,Faecalitalea,Blautia,Salinicola,MGYG000000350,Clostridium_Q,An181,UCG-010,Chimaeribacter,Hungatella_A,CAG-776,Ruminococcus_C,CAG-452,CAG-510,Kluyvera,Anaerostipes,Anaerosalibacter,Granulicatella,HGM13618,Desulfovibrio,Caecibacter,Haemophilus_A,UMGS1225,RUG11247,Gemmiger,CAG-353,Lysinibacillus,Lactiplantibacillus,RUG14107,CAG-495
rep263_seed2288	Holdemanella,UMGS1591,UMGS1202,An172,UMGS1975,UMGS124,RUG131,UMGS1490,UMGS1474,Morganella,HGM11372,HGM13862,Mobiluncus,Proteus,Clostridium_P,UBA9506,UBA1822,UBA2821,Clostridium,Bruticola,Rikenella,Robinsoniella,Paraeggerthella,Parvimonas,UMGS1783,HGM13222,UBA6984,UBA737,Rahnella,RUG100,RUG472,MGYG000004029,CAG-594,Dialister,TWA4,Phocaeicola,SFEL01,Evtepia,UMGS1109,UMGS1810,Lactococcus_A,Eubacterium_G,CAG-274,MGYG000002010,Leptotrichia,MGYG000003270
rep264_seed2289	Clostridioides,SFHK01,UMGS1540,SFDP01,Peptococcus,Lactonifactor,PeH17,UBA3818,Bulleidia,Eubacterium_R,MGYG000002696,SFFH01,MGYG000000378,CAG-269,SFLA01,UBA1711,Agathobaculum,Clostridium_X,Lacrimispora,Acutalibacter,Ellagibacter,UMGS1397,MGYG000002719,Erysipelatoclostridium,Negativibacillus,Enterobacter,Enterococcus_B,Yokenella,UMGS1623,Akkermansia,RUG023,NSJ-63,GCA-900066755,Ezakiella,Plesiomonas,Marseille-P4683,UMGS2016,CAG-1024,Pseudoruminococcus,Pyramidobacter,CAG-303,UBA6984,Massilioclostridium,UMGS1002,RUG11247,CAG-1193
rep265_seed2290	CAG-1427,MGYG000004811,HGM11501,RUG472,Murdochiella,UBA4716,Paramuribaculum,UBA10677,Marseille-P3106,CAG-873,Morganella,Peptococcus,Anaeroplasma,HGM12713,Muricomes,UBA3388,HGM11788,HGM13634,UMGS172,UMGS1901,Nitratidesulfovibrio,Lactococcus,Agathobacter,Alloscardovia,Pseudomonas_E,MGYG000002575,Anaerosporobacter,UMGS599,UBA1390,HGM13222,CAG-313,Plesiomonas,AM07-15,Parabacteroides,Haemophilus,Lagierella,VUNI01,Fusicatenibacter,UBA6984,Ligilactobacillus,CAG-460,Cellulosilyticum,UBA11452,QAMX01,UMGS905,CAG-533
rep266_seed2291	NSJ-63,QANG01,Mesosutterella,Neobittarella,Robinsoniella,Christensenella,UMGS1623,Peptoniphilus_C,Escherichia,UBA5884,SFJ001,GCA-900066905,Anaeroglobus,Granulicatella,UMGS1225,Actinobaculum,UBA945,UMGS1375,Lagierella,HGM11368,UMGS1384,MGYG000003490,MGYG000004133,Peptoniphilus_A,MGYG000004443,UMGS1601,MGYG000000350,Succinatimonas,Muribaculum,RUG572,JAAYBB01,RUG410,Citrobacter,CAG-492,DUOT01,Azonexus,Romboutsia,Gemella,CAG-462,UMGS1477,SFDB01,Campylobacter_A,HGM13618,MGYG000000728,Ruthenibacterium,Extibacter
rep267_seed2292	UBA6984,RUG11198,UMGS403,CAAEEV01,Pauljensenia,Clostridium_F,Mesosutterella,UBA9414,Weizmannia,UBA4644,CAG-831,CAG-170,UMGS1487,MGYG000000286,Morganella,UMGS1518,UMGS1600,UMGS874,Acinetobacter,SFFS01,Butyrivibrio_A,MGYG000002685,Enorma,Limosilactobacillus,Agathobacter,UMGS416,KLE1615,HGM11525,Lactobacillus,Ruminococcus_A,Oxalobacter,Bruticola,Actinobaculum,Weissella,Fusobacterium_B,Alistipes_A,UMGS599,UBA10677,MGYG000004094,UBA11774,UMGS1840,Coprobacter,Bilophila,VUNA01,NC2004,Pseudomonas
rep268_seed2293	Clostridium_Q,UBA9502,UMGS1901,CAG-488,RUG806,Fenollaria,Dysosmobacter,Hungatella,CAG-302,MGYG000004133,Schaedlerella,UBA5920,Niameybacter,Raoultibacter,Roseburia,ER4,WRGP01,Phytobacter,Porphyromonas,UBA11517,Citrobacter_A,Zag1,MGYG000001903,Johnsonella,Blautia,CAG-964,Pyramidobacter,CAG-617,D5,Akkermansia,MGYG000000587,UBA7173,WG-1,MGYG000004850,AF33-28,MGYG000000456,Anaerocolumna,Sodaliphilus,CAG-127,UMGS1976,Faecalitalea,HGM11417,Clostridium,UBA1206,CACZQA01,Scardovia
rep269_seed2294	An172,UBA1731,RUG806,Corynebacterium,Methanosphaera,MGYG000002797,RUG410,UMGS1611,Weissella,Weizmannia,Merdibacter,Marvinbryantia,Eubacterium_R,MGYG000003297,UMGS1518,CAG-582,CAG-177,Proteus,UBA7173,MGYG000002726,CAG-411,Atlantibacter,MGYG000002216,Harryflintia,Firm-10,Phascolarctobacterium_A,Fournierella,Zag1,Ruminococcus_G,MGYG000000350,Coprobacillus,UMGS1224,UMGS124,RUG115,Mediterraneibacter,UMGS1864,MGYG000002719,JAAYBB01,Anaerosalibacter,UBA1820,UMGS1795,UMGS856,Gemella,Clostridium_B,Ruminococcus,MGYG000002696
rep270_seed2295	Firm-11,HGM13222,UBA7597,MGYG000002696,Negativicoccus,Bifidobacterium,Roseburia,Lactiplantibacillus,Klebsiella_A,CACZQA01,UMGS1307,Leptotrichia,UBA945,MGYG000004177,TM7x,Clostridium_AP,MGYG000002010,Eisenbergiella,GCA-900066495,CAG-776,Franconibacter,Massilimaliae,Eubacterium,Campylobacter,UBA1786,SFDB01,Adlercreutzia,QAMX01,Anaerotignum,S5-A14a,Bulleidia,Acetivibrio_A,Dysosmobacter,Paenibacillus_A,Faecalibacillus,UMGS416,Haemophilus,UBA4334,Pseudescherichia,CAG-882,Massiliomicrobiota,CAG-594,RUG806,F0422,CAG-110,Lachnoclostridium
rep271_seed2296	Pygmaiobacter,Ruminococcus_D,UMGS403,QALW01,UMGS1518,CHH4-2,Christensenella,Neisseria,CAG-594,Weimerbacter,CAG-272,Lysinibacillus,Klebsiella_A,UMGS1851,Murimonas,UMGS1477,WG-1,Olsenella_E,CAG-354,HGM11521,CAG-873,An172,UBA866,Haemophilus_D,SFMI01,CAG-617,Anaerostipes,Cloacibacillus,HGM13233,HGM13618,Criibacterium,RUG572,UBA11452,RUG806,Coprococcus,UMGS929,UMGS1002,Alterileibacterium,Ruminiclostridium_E,Lactonifactor,UBA737,Lachnoanaerobaculum,UBA7057,RUG11247,UBA1232,UMGS1601
rep272_seed2297	Christensenella,Holdemanella,CAG-452,Ruminococcus_B,Anaerosporobacter,UMGS1826,An172,Gemmiger,Ligilactobacillus,SFLA01,CAG-81,MGYG000002696,MGYG000004850,HGM11588,Exiguobacterium,Faecalibacillus,JAAYBB01,UBA1259,UBA11471,HGM13862,Bilophila,CAG-841,Flavonifractor,UBA1685,Mediterraneibacter_A,Clostridioides,Haemophilus_A,Rahnella,Phytobacter,Bifidobacterium,HGM11514,Brachyspira,Mobilibacterium,NSJ-61,RF16,CAG-448,Enterobacter_D,Arcanobacterium_A,Eubacterium,MGYG000000728,Sodaliphilus,Holdemania,Ruminococcus_A,MGYG000004380,UMGS2037,Anaeromassilibacillus
rep273_seed2298	UMGS966,CAG-180,UMGS416,HGM11327,CAG-521,Coprobacter,MGYG000004556,Clostridium_J,CAG-488,Dorea,CAG-452,UBA1829,MGYG000004380,MGYG000004229,QANA01,Victivallis,CAG-349,UMGS1826,Oscillibacter,Pygmaiobacter,RUG12045,Lagierella,Succinivibrio,UMGS1865,CAG-510,F0422,GCA-900066135,UMGS692,51-20,Anaerofustis,Dorea_A,QAKW01,Succinatimonas,Gastranaerophilus,Monoglobus,Escherichia,SFFS01,UMGS1883,Massilimaliae,MGYG000002683,CAG-617,OM05-12,CAG-492,UMGS1109,CAG-411,Cronobacter
rep274_seed2299	RUG705,Eubacterium_J,Hungatella,Ligilactobacillus,Pyramidobacter,Enterococcus_G,Enterococcus_B,Paenibacillus,MGYG000000425,MGYG000001871,An181,HGM11575,Lachnoclostridium_A,Citrobacter_B,Cutibacterium,UMGS1202,Limosilactobacillus,UBA1691,HGM13233,SFDP01,Porphyromonas_A,Megamonas,Coprobacter,Lagierella,Stomatobaculum,Hydrogeniiclostridium,Robertmurraya,UMGS124,Intestinimonas,HGM11788,Stenotrophomonas,UMGS874,MGYG000004172,Kluyvera,UMGS1491,Bacilliculturomica,UBA1375,Sneathia,UBA3282,S5-A14a,Pantoea,HGM11808,F0422,Lactobacillus,DUOT01,Enterobacter
rep275_seed2300	CHH4-2,Faecalibacillus,CAG-590,Streptococcus,Salmonella,QAMX01,UBA1820,UMGS1883,TWA4,Hydrogeniiclostridium,Campylobacter_A,Catenibacterium,SFGY01,V9D3004,UMGS363,HGM11530,Eisenbergiella,UMGS1474,Firm-11,Lancefieldella,UBA4871,Butyricimonas,Treponema_D,Cellulosilyticum,Lactiplantibacillus,Mediterraneibacter,Pseudoflavonifractor,WRGP01,UBA7173,Lachnoclostridium_A,MGYG000004380,HGM11386,CAG-56,Ruminococcus_G,Gemella,Leminorella,MGYG000002075,UMGS75,UBA4644,MGYG000001903,Kluyvera,HGM12713,UBA5416,Blautia_A,UMGS1387,UMGS1490
rep276_seed2301	CAAHEQ01,Bacteroides_F,Alistipes,UMGS1810,Holdemanella,Phascolarctobacterium,UMGS1338,UBA7702,UMGS1603,Methanomassiliicoccus_A,Mediterraneibacter_A,Mitsuokella,CAG-314,UMGS1633,Corynebacterium,UBA2882,MGYG000003945,Atlantibacter,Eubacterium_J,Frisingicoccus,VSOB01,GCA-900066495,Lactiplantibacillus,COE1,Lacrimispora,CAG-288,Paraprevotella,Clostridium_F,UMGS1901,UBA7182,MGYG000001953,Absicoccus,Eubacterium_M,Enterococcus,RUG11198,UMGS1933,Beduini,CAG-41,CAG-180,Peptoniphilus_C,Methanobrevibacter_A,QAMH01,Selenomonas_C,MGYG000002075,Lachnoclostridium_A,Ruminiclostridium_E
rep277_seed2302	Dielma,Exiguobacterium,UMGS1312,Evtepia,Peptoniphilus_A,UMGS1572,F23-B02,Bilophila,CAG-475,Streptococcus,UBA6984,Proteus,Paraprevotella,Selenomonas_C,MGYG000001871,Faecalibacterium,Haemophilus_A,QALW01,UMGS1975,HGM13233,CAG-41,Campylobacter_B,Vibrio,UMGS1766,WRGP01,MGYG000004171,Eikenella,Frisingicoccus,Anaeroplasma,UMGS1071,UBA9506,Oribacterium,UBA7057,Criibacterium,Hafnia,HGM11514,UMGS124,Blautia,UBA1740,Haemophilus,CAG-81,DUOT01,UBA7702,Anaerofustis,MGYG000002010,Megasphaera
rep278_seed2303	Anaerobutyricum,SFEL01,Angelakisella,UBA6382,Bilophila,CAG-724,CAG-831,Arcanobacterium_A,Rothia,Lachnoclostridium,UMGS2016,Pygmaiobacter,S5-A14a,CAG-1031,Holdemanella,Chimaeribacter,Klebsiella,Muricomes,Coprococcus_A,Desulfovibrio,UMGS1633,Anaerotruncus,CAG-631,Faecalibacterium,Dialister,UMGS1004,Phascolarctobacterium_A,Enterobacter_A,UMGS902,Marseille-P3106,Lancefieldella,Clostridium_J,MGYG000000387,Borkfalkia,CAG-41,UBA5905,VSOB01,Catenibacterium,MGYG000004094,CAAHEQ01,Edwardsiella,An172,Aggregatibacter,Anaerosacchariphilus,Anaerotignum,UMGS692
rep279_seed2304	CAG-1427,AM51-8,Succiniclasticum,UCG-010,MGYG000002216,UMGS1071,Vibrio,Lactococcus,UMGS1109,UMGS1994,MGYG000000350,Phocaeicola,RF16,Rahnella,Peptostreptococcus,UBA1234,Paenibacillus,Enteroscipio,UMGS1851,MGYG000004029,CAG-245,Zag1,UMGS995,Niameybacter,HGM11525,Olsenella_B,UMGS1670,SFEL01,Gemmiger,Oribacterium,Acidaminococcus,Holdemanella,CAG-460,UMGS1663,Leclercia,UBA940,Campylobacter_A,QAMH01,CAG-103,MGYG000002575,Exiguobacterium,MGYG000003490,Paraeggerthella,Chimaeribacter,SFDB01,Selenomonas_C
rep280_seed2305	S5-A14a,MGYG000004172,Pseudomonas,Prevotella,Lachnoclostridium,HGM11327,MGYG000000574,UMGS1491,Stenotrophomonas,SCN-57-10,Stoquefichus,VSOB01,Succiniclasticum,Firm-11,UMGS874,Rikenella,UMGS1253,UBA6382,UMGS1690,Allisonella,HGM13222,MGYG000003945,MGYG000004547,UMGS973,Lactococcus_A,UMGS692,Anaerotignum,Enterococcus_G,UBA1232,Borkfalkia,UBA1390,Fournierella,UMGS1815,UBA737,CAG-317,Lachnoanaerobaculum,QANA01,Phil1,Sutterella,Romboutsia,51-20,An181,UBA7597,Coprococcus,Tidjanibacter,Raoultella
rep281_seed2306	CAG-791,Marseille-P4683,Porphyromonas,Anaerotruncus,UBA1752,HGM12650,MGYG000004177,AM51-8,Mesosutterella,Lawsonella,Romboutsia,UBA4871,UBA3631,Psychrobacillus,CAG-762,UBA11471,HGM13006,CAG-81,UMGS1338,CAG-238,Latilactobacillus,Eubacterium_F,CAG-460,HGM11525,Butyricicoccus_A,SFFS01,MGYG000004061,Rikenella,Dorea_B,Mitsuokella,OF09-33XD,Ruminococcus_E,MGYG000000456,MGYG000004029,UMGS1851,UMGS1370,NSJ-32,Acutalibacter,MGYG000004850,UC5-1-2E3,Arabia,MGYG000004172,UMGS1279,Pantoea,UBA11940,UMGS2016
rep282_seed2307	Neobittarella,RUG131,AM07-15,Providencia,HGM11530,QALR01,WG-1,UBA11512,UMGS1872,Amedibacillus,Varibaculum,CAG-354,Blautia_A,TWA4,MGYG000003297,Psychrobacillus,Parvimonas,Slackia,CAG-1427,Salinicola,CAG-841,UMGS1696,Firm-11,Gemmiger,Aneurinibacillus,Phil1,SFGY01,MGYG000004133,MGYG000002719,UMGS1864,UMGS946,MGYG000004660,RQCD01,Clostridium_AQ,Massiliomicrobiota,Catenibacillus,Enteroscipio,Muribaculum,Ruminococcus_C,SFHK01,UMGS902,Enterobacter,Oxalobacter,UBA9475,CAG-417,Ellagibacter
rep283_seed2308	UBA11517,UMGS1384,UMGS1865,Haemophilus_A,Campylobacter,MGYG000004727,Anaerofustis,CAG-776,UMGS1872,MGYG000001953,UMGS2037,UMGS1633,Campylobacter_A,Lachnoclostridium,Alloprevotella,MGYG000000378,HGM11523,CAAEEV01,UMGS1518,Clostridium_A,Enorma,HGM11525,UMGS1613,Enterobacter,Leptotrichia,KLE1615,UBA5905,Intestinimonas,UMGS1052,CAG-594,Clostridium_Q,Turicimonas,UMGS1418,UBA1259,RUG115,Johnsonella,UMGS1600,MGYG000002010,CAG-582,CAG-103,Morganella,Massilicoli,Butyrivibrio_A,CAG-354,Granulicatella,Flavonifractor
rep284_seed2309	UMGS1603,CAG-460,UMGS966,UBA3818,HGM12814,RUG100,HGM12587,MGYG000002575,MGYG000004660,MGYG000000456,Methanobrevibacter_A,RUG420,UBA5884,Mobiluncus,UBA1786,UBA1685,QAMH01,CAG-83,HGM11514,MGYG000002702,MGYG000002719,UMGS1690,UMGS1472,QAKS01,Zag1,HGM04593,Paenibacillus,MGYG000002726,Cutibacterium,Enterococcus_G,AF33-28,UBA1232,UMGS1418,HGM12998,UMGS1253,Azonexus,Weissella,UMGS692,MGYG000001903,Brachyspira,CAAHEQ01,Ellagibacter,TWA4,Veillonella_A,UMGS1487,HGM11417
rep285_seed2310	Intestinibacter,QAKD01,CACZQA01,UBA1232,TM7x,MGYG000002702,UMGS1865,Kallipyga,Ruminococcus_A,CAG-590,HGM13634,Odoribacter,UMGS1933,RQCD01,Ruminococcus_G,Pyramidobacter,UBA5905,Anaerobutyricum,Psychrobacillus,Clostridium_X,UBA1822,Bacteroides_F,Corynebacterium,Acinetobacter,Anaerofustis,UBA1691,UMGS1766,Victivallis,Gabonibacter,Proteus,Eisenbergiella,Leminorella,Porphyromonas_A,SFFH01,SFJ001,MGYG000004380,Merdibacter,UBA1206,CAG-245,UMGS1540,SCN-57-10,Borkfalkia,UBA1731,HGM12587,Ralstonia,Intestinimonas
rep286_seed2311	MGYG000002719,Fusobacterium_A,Peptoniphilus_E,Limosilactobacillus,Negativibacillus,UBA1206,Lachnoanaerobaculum,UMGS1865,UMGS1491,Arcanobacterium_A,Lactiplantibacillus,UMGS1663,Turicimonas,UMGS1696,MGYG000000350,MGYG000002758,Ruminococcus_A,QAMM01,Beduini,CAG-196,Akkermansia,UMGS263,Butyricicoccus,MGYG000004443,DTU089,RUG131,RUG023,UBA9475,Clostridium_F,UBA4716,CAG-115,Rothia,UBA3766,UC5-1-2E3,MGYG000000574,Paramuribaculum,UBA6382,Eubacterium_F,Fenollaria,UMGS1858,Bariatricus,CAG-724,UBA1181,CAG-390,CAG-762,UMGS1474
rep287_seed2312	MGYG000000346,Coprobacter,Clostridium_AQ,GCA-900066905,Cloacibacillus,Bittarella,UMGS1375,Beduini,QAMH01,Hydrogeniiclostridium,Bacillus_J,SFEL01,UBA5394,RQCD01,Ruminococcus_E,Ralstonia,Coprococcus,RC9,MGYG000004112,UBA5905,RUG410,HGM11616,Turicimonas,UMGS1537,MGYG000002702,Dialister,MGYG000002719,UMGS1883,UMGS1002,CAG-452,RUG705,Agathobaculum,Gastranaerophilus,UMGS1388,UMGS1901,Sellimonas,Lachnospira,HGM11416,Pradoshia,Leclercia,Faecalitalea,Faecalicoccus,Brachyspira,Lachnoclostridium,UBA2883,UBA5446
rep288_seed2313	UBA5416,Weimerbacter,Flavonifractor,UMGS416,HGM11523,HGM11521,Ruminococcus_F,Intestinimonas,UMGS1795,Dielma,UMGS1840,UBA7185,UMGS1994,CAG-841,Paraprevotella,Eubacterium_G,HGM13233,HGM11525,Lysinibacillus,CAG-317,UBA1740,UMGS1781,UBA1259,Zag1,UBA5394,Alloscardovia,MGYG000004172,UMGS1975,Negativibacillus,Olsenella_E,CAG-272,Clostridium_F,CAG-724,Peptoniphilus_A,UBA2883,Superficieibacter,TWA4,DTU089,MGYG000003305,Phytobacter,Eubacterium_T,UMGS403,Bifidobacterium,UMGS1251,UMGS1826,Garciella
rep289_seed2314	CAG-917,Pseudoflavonifractor,MGYG000004811,CAG-145,Methanosphaera,UBA4334,Eubacterium,RUG705,Clostridium_E,Morganella,An92,UMGS1388,Weimerbacter,Eubacterium_M,MGYG000003970,UBA2883,Succinatimonas,Bittarella,UMGS1858,Criibacterium,UMGS577,MGYG000001871,Massiliomicrobiota,Dialister,UBA6984,UMGS1670,UMGS1370,UBA11774,CAG-882,Monoglobus,SFFS01,Lactococcus_A,MGYG000000378,Anaerobutyricum,Clostridium_N,UBA10281,Exiguobacterium,HGM04593,Cellulosilyticum,Dorea_A,Gastranaerophilus,Aeromonas,CAG-180,UBA6345,UBA1417,UMGS1690
rep290_seed2315	Enterobacter_D,MGYG000004177,CAG-288,Lysinibacillus,UBA1375,Phil1,CAG-465,Lacticaseibacillus,QALW01,Eubacterium_T,CAG-353,Cedecea,Faecalimonas,Pseudoflavonifractor,MGYG000004811,Victivallis,RUG100,Odoribacter,S5-A14a,UBA1711,Phocea,Dialister,RUG572,UBA2821,TWA4,CAG-354,Actinobaculum,UMGS1490,Methanosphaera,RUG472,UBA945,UBA5394,MGYG000000574,F0422,UBA6984,Blautia_A,CHH4-2,HGM12587,Beduini,Enterobacter_A,HGM11368,MGYG000000728,Gastranaerophilus,Turicibacter,UMGS1858,CAG-41
rep291_seed2316	Schaedlerella,Odoribacter,UMGS1633,CAG-831,UMGS1766,Beduini,Klebsiella_A,MGYG000000425,Raoultibacter,CAG-762,UMGS1071,Eikenella,Arabia,Megamonas,Prevotellamassilia,Bacillus_A,CAG-115,Blautia_A,CAG-1031,Enterococcus,CAG-841,MGYG000000286,Eubacterium_F,UBA2883,UMGS1601,Lactonifactor,CAG-793,VUNI01,CAG-776,Massilioclostridium,UMGS902,COE1,HGM12998,MGYG000004029,Methanobrevibacter_A,CAAEEV01,GCA-900066905,Mediterraneibacter,RUG705,Raoultella,RUG13868,UMGS731,UMGS1004,Succinivibrio,Porphyromonas_A,Butyricicoccus_A
rep292_seed2317	HGM11507,UBA1390,Barnesiella,CAG-475,UBA5416,Faecalibacterium,UMGS1613,UMGS1397,Eubacterium_F,HGM11575,Eubacterium,Bariatricus,CAG-217,MGYG000002758,HGM13222,An181,Raoultella,HGM11327,Proteus,Merdimonas,1XD42-69,QALW01,Blautia,Paenibacillus,HGM11530,Victivallis,Alistipes,UBA940,UMGS1312,Anaerocolumna,UMGS268,UBA11512,UMGS1815,Fenollaria,UMGS1826,UBA1181,Klebsiella,Kluyvera,S5-A14a,UMGS1224,RUG806,Massilimaliae,MGYG000004874,UBA3388,Fusobacterium,CABIZH01
rep293_seed2318	VSOB01,Sutterella,CAG-917,Paenibacillus_A,Mailhella,RUG115,Cetobacterium_A,CAG-841,Prevotellamassilia,CAG-349,Holdemania,Anaeroplasma,Clostridium_P,UBA9502,UBA1409,UBA11774,MGYG000004547,UMGS1976,UMGS1293,Faecalitalea,UBA9475,Ruminococcus,Actinomyces,UBA1390,RUG11200,HGM13006,Roseburia,Rubneribacter,Massilistercora,QANA01,CAG-83,CAG-217,UMGS966,CAG-582,Murimonas,CAAEEV01,CAG-194,UBA2856,Desulfovibrio,MGYG000003945,CAG-95,MGYG000000456,MGYG000000425,Enterococcus_D,Anaerofustis,CAG-411
rep294_seed2319	Dialister,UMGS1839,Caecibacter,UBA5905,RUG12045,Pseudobutyrivibrio,MGYG000000745,Victivallis,UMGS1933,CAG-510,Mediterraneibacter_A,RUG115,UBA1191,CAG-492,UBA6345,UBA6382,CAG-303,Anaerocolumna,UBA1232,RF16,Butyricicoccus,QANA01,UMGS731,UBA945,Stoquefichus,HGM11523,MGYG000003297,Succinivibrio,HGM12789,Superficieibacter,Campylobacter_B,Ellagibacter,NSJ-62,CAG-884,MGYG000004061,UBA4871,UMGS1071,Prevotellamassilia,MGYG000004547,Hungatella_A,Gastranaerophilus,VUNA01,MGYG000004172,UMGS1591,UBA10677,Stenotrophomonas
rep295_seed2320	Eubacterium_T,Ruminococcus_A,UBA11517,UMGS172,UBA5026,MGYG000003945,Kosakonia,Lancefieldella,Anaeromassilibacillus,MGYG000002683,Clostridium_X,UMGS1611,Odoribacter,1XD42-69,CAG-557,UMGS1783,Anaerococcus,MGYG000000387,UBA6382,CAG-1031,51-20,Robertmurraya,UMGS1484,UMGS1766,Citrobacter,MGYG000002075,HGM11575,Neobacillus,Erysipelatoclostridium,Paraeggerthella,Olsenella_B,Oxalobacter,CAG-449,S5-A14a,Brachyspira,UBA2883,Fenollaria,Intestinimonas,CAG-273,Fannyhessea,QANG01,Leuconostoc,Anaerobutyricum,Kluyvera,UBA4334,Rikenella
rep296_seed2321	Yersinia,Lachnoclostridium_A,Clostridium_J,Providencia,Clostridium_AQ,Sutterella,Aneurinibacillus,QAMH01,UMGS1865,UBA2856,NSJ-63,Bacillus_A,MGYG000004172,Eggerthella,Weimerbacter,Enterobacter,Parabacteroides,Dialister,Dysgonomonas,Gordonibacter,UBA11774,UMGS1279,MGYG000003945,UMGS1224,Lactococcus,OM05-12,UMGS577,NSJ-50,Merdibacter,CAG-485,Hungatella_A,CAG-484,UMGS1109,UBA2821,UBA6398,UBA9506,RUG11198,UBA1206,RQCD01,CAG-793,Bacilliculturomica,Rahnella,UMGS172,Mesosutterella,Fusicatenibacter,UBA7597
rep297_seed2322	CAG-95,COE1,Megamonas,Phascolarctobacterium,Muribaculum,QAMH01,UMGS1933,Mailhella,Lactonifactor,UBA3263,Lawsonella,Turicimonas,Anaerosalibacter,Alterileibacterium,Pseudescherichia,Paraclostridium,UMGS1781,UBA4871,CAG-521,UMGS1994,Longicatena,UBA4855,Anaerotignum,CAG-81,Granulicatella,HGM11808,HGM13634,UMGS680,Beduini,Paenibacillus,CACZQA01,UMGS1865,UBA2883,Amedibacillus,HGM11575,Intestinibacter,MGYG000000387,Anaeroplasma,Plesiomonas,VUNA01,Fenollaria,UBA1820,Dysgonomonas,Negativibacillus,UBA9475,CAG-127
rep298_seed2323	MGYG000004443,MGYG000000674,UBA1191,CAG-462,F0422,CAG-590,RUG11247,UMGS1312,CAG-314,UBA1394,UMGS874,Serratia,Massilistercora,Enterobacter_A,Enterocloster,MGYG000004556,Niameybacter,Pygmaiobacter,Lachnoanaerobaculum,Haemophilus_A,RUG472,Bilophila,CAG-273,CAG-628,UMGS1474,UBA2883,Anaerococcus,UBA9502,Prevotellamassilia,MGYG000002683,CAG-465,Criibacterium,UMGS1326,Mediterraneibacter,Intestinibacter,SFTJ01,An181,CAG-110,UBA5905,UBA1181,Enterococcus_D,UMGS1633,HGM12814,CAAHEQ01,MGYG000002216,Oxalobacter
rep299_seed2324	UMGS966,UMGS1603,UMGS1865,CAG-632,CAG-95,UMGS1766,UBA5809,UBA7748,UBA1181,Phascolarctobacterium_A,Turicibacter,Clostridium_AP,UMGS1312,Morganella,Alistipes_A,Kluyvera,CAG-217,CAG-1427,Absicoccus,UBA9506,UBA10281,Fannyhessea,CAG-791,Anaerostipes,UBA10677,UMGS1690,Actinobaculum,UBA866,Enterococcus_B,UMGS995,GCA-900066905,CAG-103,Cellulosilyticum,Rahnella,Enterobacter_A,Sutterella,MGYG000002758,UBA2883,UBA1417,MGYG000002010,Corynebacterium,UBA7160,UBA1234,Neobacillus,HGM11788,Enterobacter_D
rep300_seed2325	Dorea_B,HGM11416,UBA2882,Stoquefichus,UBA945,Clostridium_A,Prevotellamassilia,Streptococcus,UMGS1109,Oxalobacter,Scardovia,Ezakiella,Murimonas,Erysipelatoclostridium,Anaerocolumna,Cetobacterium_A,Atlantibacter,Lachnospira,UMGS1251,Mitsuokella,Citrobacter_B,UMGS1472,MGYG000000728,MGYG000004094,HGM11788,UMGS1052,UMGS1810,UMGS1487,HGM11368,Klebsiella,TWA4,CAG-274,UBA9506,NK4A136,Ruminococcus_A,CAG-56,SFDB01,MGYG000000350,Romboutsia,CAG-390,Massilimaliae,UBA1711,CAG-495,Eggerthella,HGM11501,F0422
rep301_seed2326	Eikenella,Stoquefichus,Eubacterium_J,Tidjanibacter,Peptoniphilus_E,Pediococcus,Aneurinibacillus,Succiniclasticum,Megasphaera,SFGY01,NK4A136,Adlercreutzia,UBA11471,Alistipes,UMGS1810,Lachnospira,GCA-900066755,Roseburia,Ruminococcus_C,Methanosphaera,UBA4871,Ruminococcus_A,UMGS1975,Mobiluncus,Lentilactobacillus,UMGS973,Rothia,MGYG000002683,SFEL01,UMGS1388,Anaerotruncus,UMGS577,UBA940,Alterileibacterium,Kluyvera,Ruminococcus_G,Arabia,UMGS1668,Raoultella,HGM13634,HGM13862,CAG-279,HGM12998,NK3B98,Dialister,Enterobacter_A
rep302_seed2327	HGM12814,CABIZH01,Coprococcus,D5,UBA7488,CAG-238,Enterococcus_A,UBA3402,Pseudomonas_E,Treponema_D,UMGS692,UMGS75,Ruminococcus_D,HGM11417,UBA1375,Arcanobacterium_A,HGM12998,Bacilliculturomica,Cedecea,CAG-115,HGM11530,CAG-451,UBA1232,Mitsuokella,Gastranaerophilus,Stomatobaculum,Enterococcus_B,MGYG000002010,Clostridium_Q,NK3B98,CAG-873,Lachnospira,UBA5416,CAG-1000,UBA2882,Haemophilus,Mobilibacterium,Blautia_A,Fenollaria,Veillonella_A,Hungatella,UMGS1307,MGYG000003289,Phascolarctobacterium_A,CAG-465,HGM13233
rep303_seed2328	Bacillus_J,UBA7173,RC9,MGYG000000456,Citrobacter,UBA1409,Dialister,UMGS263,RUG11200,UMGS1994,CAG-1000,F082,Marseille-P4683,Coprobacillus,MGYG000004660,CAG-631,MGYG000000587,DTU089,Duncaniella,Acidaminococcus,UBA1829,Parasutterella,Agathobacter,CAG-238,Anaeroplasma,Brachyspira,UBA6382,Enterococcus_A,UMGS1375,Gemmiger,Sellimonas,UBA3631,MGYG000004556,Neisseria,CAG-302,Anaerobutyricum,Emergencia,Eikenella,Paramuribaculum,UMGS1633,UBA1232,GCA-900066905,Niameybacter,Campylobacter,Gabonibacter,MGYG000003305
rep304_seed2329	Blautia,CAG-288,MGYG000000425,Acidaminococcus,UBA7597,UMGS902,UBA7185,UBA1777,UBA11471,Ruminococcus_F,Enterococcus_B,Catenibacterium,Firm-10,UBA1829,Weissella,UMGS1312,Leminorella,F23-B02,Criibacterium,UMGS946,Pseudoruminococcus,OM05-12,CAG-217,UMGS1872,UMGS599,QAMH01,Bacilliculturomica,HGM10836,UBA4716,CAG-303,Peptoniphilus_C,Lacrimispora,Borkfalkia,Robinsoniella,QALW01,MGYG000004094,MGYG000000390,MGYG000004380,Arabia,Granulicatella,MGYG000002758,CAG-841,Bacteroides_F,MGYG000002683,V9D3004,TM7x
rep305_seed2330	CAG-465,QAKD01,Enterococcus,UMGS1532,Slackia_A,QALR01,QAMH01,Harryflintia,Mesosutterella,MGYG000000387,CAG-776,Holdemania,UMGS1865,Olsenella,UMGS1293,Lachnoclostridium_A,Negativicoccus,CAG-873,NK4A136,UBA2882,RUG472,Lacrimispora,DTU089,CAG-582,An172,RC9,Oribacterium,HGM05232,Atlantibacter,UBA1409,Methanomassiliicoccus_A,COE1,CAG-964,UBA1731,Gemella,Faecalibacillus,CAG-194,UMGS403,MGYG000002719,UMGS1826,UBA7160,CACZQA01,SFMI01,Erysipelatoclostridium,Frisingicoccus,ER4
rep306_seed2331	Pseudomonas_E,Lawsonibacter,RUG12045,CAG-238,UBA11774,UMGS124,Lachnoanaerobaculum,UBA1777,S5-A14a,Anaerosporobacter,UMGS1883,QAKD01,Bilophila,UBA738,UMGS1670,Fusobacterium_C,VUNI01,CAG-45,Duncaniella,Holdemania,NSJ-62,UBA4372,NSJ-61,SFVR01,Enterococcus_A,UMGS1603,SFEL01,Massilistercora,CAG-170,HGM12669,Enterococcus_D,Peptoniphilus_A,NSJ-38,Prevotella,UMGS1253,Victivallis,UBA6382,Ruminococcus_D,Roseburia,Pauljensenia,Lachnoclostridium,UMGS1474,Mesosutterella,MGYG000003305,UBA9506,HGM04593
rep307_seed2332	Pluralibacter,Clostridium_AQ,HGM13233,Neisseria,Arabia,HGM11507,Proteus,Firm-07,CAG-484,SFDP01,MGYG000004172,MGYG000003490,Longicatena,VSOB01,Latilactobacillus,Agathobacter,Murdochiella,Enteroscipio,UMGS1472,Companilactobacillus,HGM11616,Lachnoclostridium_A,UMGS1071,NSJ-63,RUG472,DUOT01,UMGS874,UMGS1225,Butyrivibrio_A,MGYG000002053,Alloprevotella,UMGS905,Clostridium_P,HGM11327,NSJ-62,MGYG000002719,UMGS1766,Haemophilus,Evtepia,Mediterraneibacter,Cronobacter,Bacillus_J,UMGS1623,Alistipes,UBA7597,Phascolarctobacterium
rep308_seed2333	CAG-533,CAG-238,Veillonella,Treponema_D,UBA5905,Clostridium_AQ,UMGS1696,UBA4372,UMGS1052,UBA2856,S5-A14a,Mailhella,Salmonella,UBA6345,UBA6382,Turicibacter,UBA9506,Hungatella_A,Peptoniphilus_C,CAG-81,SFFH01,Nitratidesulfovibrio,UBA1390,UBA7102,UMGS1690,UMGS1623,CAG-452,CAG-103,COE1,CAG-762,Campylobacter_A,UBA4285,UBA3766,Oribacterium,UMGS1572,Clostridium_AP,Granulicatella,NSJ-62,OM05-12,UMGS1225,HGM13862,SFMI01,UMGS2055,RUG115,Bariatricus,Ligilactobacillus
rep309_seed2334	UBA5394,Oscillibacter,UMGS1387,Serratia,Pseudomonas_R,HGM12713,NSJ-61,Pyramidobacter,UBA2856,HGM05232,Veillonella,Pygmaiobacter,MGYG000004061,Akkermansia,NK4A136,MGYG000000286,Parolsenella,UBA1711,Bruticola,MGYG000001953,Fusobacterium_B,RUG115,CHH4-2,CAG-269,UBA4855,UMGS911,Paenibacillus,CAG-762,MGYG000003855,UBA2882,Desulfovibrio,Alloprevotella,RUG023,Johnsonella,Pauljensenia,HGM13006,CAG-115,Providencia,UMGS75,Ruminococcus_D,Franconibacter,MGYG000003945,UBA1409,UMGS1623,UBA1786,UBA2883
rep310_seed2335	Robinsoniella,NSJ-63,CAG-776,CAG-448,Weimerbacter,Clostridioides,Dorea,Flavonifractor,Mitsuokella,UBA4871,MGYG000002702,UBA1752,Azonexus,Lactonifactor,Lachnospira,Muribaculum,Lachnoclostridium,SFDP01,UBA3388,UBA4855,Agathobacter,UBA1737,UBA1191,CAG-41,Duodenibacillus,Butyricimonas,CAG-628,Borkfalkia,UBA945,UBA7488,UMGS1387,Lentilactobacillus,CAG-831,UMGS1840,MGYG000002075,NSJ-61,S5-A14a,CAG-272,UMGS1613,CAG-841,HGM12789,Faecalicoccus,Extibacter,Anaeroplasma,UMGS1487,Dysgonomonas
rep311_seed2336	HGM13634,HGM11368,Campylobacter,Kosakonia,Neobacillus,Eikenella,CAG-312,Ezakiella,Varibaculum,Eubacterium_T,CAG-462,UBA7182,UMGS1071,Alistipes_A,MGYG000004443,Senegalimassilia,Coprococcus_A,HGM10836,UBA11452,Massiliomicrobiota,Clostridium_J,CAG-776,CAG-302,RC9,Eubacterium_G,CAG-313,CAG-475,UMGS1783,UMGS1591,Pseudomonas_R,QALR01,MGYG000003289,UMGS1826,Christensenella,UMGS363,RUG14107,GCA-900066495,HGM12998,Rahnella,Selenomonas_A,Allisonella,Pseudoruminococcus,NSJ-50,Intestinibacter,Haemophilus_D,CAAEEV01
rep312_seed2337	F0040,Gemella,CAG-45,Longicatena,Lactonifactor,UMGS1933,UBA7173,CAG-194,Rahnella,Parvimonas,UMGS1418,Evtepia,UBA9506,Clostridium_E,UBA6345,Anaerosporobacter,MGYG000000390,Lentilactobacillus,UBA3402,MGYG000002216,HGM12587,UMGS1532,Lachnoclostridium_A,MGYG000004127,UBA7702,UBA7160,Enterococcus_C,Streptococcus,HGM12713,Pediococcus,MGYG000004133,UMGS973,MGYG000003270,Selenomonas_C,CAG-313,Kosakonia,Proteus,Caproiciproducens,Raoultibacter,Collinsella,MGYG000003297,UBA5884,Ruminococcus_C,CAG-145,COE1,CAG-465
rep313_seed2338	Negativibacillus,Raoultella,UMGS1490,SFLA01,Turicibacter,HGM14224,UBA7748,Acetatifactor,Massilistercora,Kluyvera,UCG-010,MGYG000000674,Absicoccus,Coprococcus,Ruminococcus_G,Actinobaculum,UBA9475,CAG-448,UMGS1933,HGM13010,Gabonibacter,RUG420,Garciella,MGYG000002685,UMGS1225,Pediococcus,MGYG000004874,CAG-484,UMGS1889,UBA11940,UMGS1851,Citrobacter_A,RUG131,S5-A14a,Adlercreutzia,MGYG000002797,Mobilibacterium,UBA7488,MGYG000003855,SFMI01,GCA-900066755,Kosakonia,RUG806,Beduini,CABIZH01,OM05-12
rep314_seed2339	UBA7173,Murimonas,TM7x,Bacilliculturomica,Dorea_A,Amedibacterium,HGM11808,UMGS882,UMGS268,Megamonas,UMGS1002,UMGS1590,UMGS599,UBA1786,NSJ-62,Klebsiella_A,Neobacillus,MGYG000003490,UMGS124,Bacillus_A,Frisingicoccus,CHH4-2,Johnsonella,HGM11417,UBA7182,MGYG000004177,MGYG000004029,Lactobacillus,Clostridium_A,UBA1691,MGYG000000346,Ellagibacter,CAG-465,WG-1,CAG-1193,UBA1731,MGYG000002053,CAG-484,CAG-485,Pluralibacter,Ligilactobacillus,Holdemanella,Gastranaerophilus,CAG-302,Enterobacter,Treponema_D
rep315_seed2340	SFFS01,MGYG000004443,Lactiplantibacillus,Merdibacter,CAG-452,CAG-127,Aggregatibacter,Actinomyces,UBA1777,Weizmannia,UBA2821,HGM13010,Monoglobus,QALW01,Merdimonas,HGM05232,Pyramidobacter,CAG-632,CAG-590,Intestinimonas,CAG-288,UMGS1601,Lachnoanaerobaculum,UMGS1279,CAG-628,UMGS1002,NSJ-32,Olsenella_B,Lactobacillus,CAG-170,Selenomonas_C,COE1,SFDP01,Eubacterium,RUG11198,Gastranaerophilus,Caproiciproducens,D5,CAG-884,Clostridium_Q,UBA5905,CAG-448,Akkermansia,Clostridium_N,Eikenella,UBA4716
rep316_seed2341	RQCD01,MGYG000000587,MGYG000002758,UMGS1975,Johnsonella,Actinomyces,MGYG000002726,Citrobacter,Catenibacillus,Porphyromonas,UBA7185,QAKD01,CAG-417,UMGS1766,UBA1417,HGM11575,Pseudoruminococcus,Butyricimonas,UMGS902,UBA1375,Pseudomonas_E,Dialister,MGYG000003945,Bulleidia,CAG-110,Blautia_A,CHH4-2,UMGS403,HGM11327,Oxalobacter,UMGS1670,Lancefieldella,Ruminococcus_E,UMGS1241,RUG806,Alloprevotella,Streptococcus,Acidovorax,Acetatifactor,Mobilibacterium,HGM11788,Alterileibacterium,Fusobacterium_A,Fenollaria,HGM10836,Anaerococcus
rep317_seed2342	QAKW01,UMGS1474,Sporanaerobacter,CAG-196,TM7x,HGM13006,Eggerthella,Clostridium_A,Leclercia,CAG-533,Paenibacillus_A,Acinetobacter,Christensenella,UBA11517,Megasphaera,Massilimaliae,Niameybacter,UMGS1840,Raoultella,Varibaculum,Cloacibacillus,WRGP01,Scardovia,Aeromonas,Enterobacter_D,Marseille-P4683,UBA7182,Succinatimonas,UMGS1224,Ruminococcus_G,NK3B98,UBA10677,Phascolarctobacterium_A,UMGS75,HGM11501,Alloprevotella,UBA4871,RUG705,NSJ-38,CAG-103,Cronobacter,CAG-485,MGYG000002053,HGM04593,UMGS1225,CAG-495
rep318_seed2343	UMGS966,Cedecea,UMGS1826,Parvimonas,Serratia,Mailhella,SFFS01,Lachnoclostridium,Massilicoli,MGYG000002685,Parolsenella,Anaerosalibacter,UBA2856,Clostridium_J,Anaerococcus,UBA11471,UBA1740,Clostridium_F,Enterobacter_D,SFEL01,UBA4855,Pradoshia,UBA1232,Faecalibacterium,Bacteroides_F,Brachyspira,UMGS905,Alistipes_A,UMGS874,Eubacterium_M,An181,Lactonifactor,HGM11501,Ruminococcus_C,HGM11372,UBA5416,Aeromonas,Neisseria,MGYG000004874,UMGS1858,UMGS1696,CAG-632,CAG-590,Bulleidia,Amedibacillus,CAG-353
rep319_seed2344	UBA7173,CAG-390,Odoribacter,Corynebacterium,Fusobacterium,RQCD01,Hafnia,Acidaminococcus,UMGS1820,CAG-917,Mitsuokella,QANA01,UMGS1976,Clostridium,HGM12669,RUG420,CAG-452,UMGS1623,CAG-1000,UBA4334,Extibacter,Cutibacterium,Intestinimonas,MGYG000000387,CAG-873,Paenibacillus,Weissella,UBA9506,MGYG000004811,RUG11247,Fusobacterium_B,Succiniclasticum,Campylobacter_A,CAG-603,MGYG000000346,Rikenella,Actinomyces,Pseudomonas_R,MGYG000000286,UCG-010,QALS01,Harryflintia,51-20,UMGS1611,RUG100,Pluralibacter
rep320_seed2345	Firm-11,RUG11247,Anaerocolumna,UBA11512,HGM13618,Mailhella,UMGS946,Intestinimonas,Gordonibacter,UBA1740,UMGS1865,Haemophilus,MGYG000003970,UBA737,Acetivibrio_A,Enterobacter_A,MGYG000003305,UMGS1766,Campylobacter_A,Granulicatella,CAG-273,SFLA01,HGM11514,UMGS1591,Phocaeicola,Coprobacter,Enterobacter_D,Odoribacter,Alistipes_A,Neobittarella,MGYG000002719,CAG-95,UBA3263,Dysgonomonas,SFMI01,Bacteroides_F,CAG-145,Eubacterium_J,Flavonifractor,Mixta,Paraprevotella,MGYG000003289,D5,UBA1409,Muribaculum,CAG-492
rep321_seed2346	CAG-484,D5,CAG-521,MGYG000004061,HGM11588,Frisingicoccus,V9D3004,MGYG000004029,CAG-353,Stenotrophomonas,UMGS1623,TF01-11,MGYG000000387,CAG-279,CAG-127,RUG11198,Roseburia,Exiguobacterium,UMGS856,S5-A14a,SFTJ01,UMGS1976,Anaerosalibacter,WG-1,UMGS1880,Klebsiella,Fannyhessea,Dysosmobacter,UBA9506,NSJ-50,HGM11416,Rikenella,UBA11452,RC9,Haemophilus,Adlercreutzia,Ellagibacter,Bulleidia,Tidjanibacter,UMGS1611,CAG-349,Parasutterella,Duncaniella,QAMX01,CAG-495,UMGS599
rep322_seed2347	OM05-12,CAG-1031,Paenibacillus_A,Bacteroides_F,CAG-452,UBA4716,Victivallis,Atlantibacter,Senegalimassilia,NSJ-38,UMGS1532,UC5-1-2E3,Raoultella,CAG-354,Odoribacter,Yokenella,UBA4372,Stomatobaculum,Ellagibacter,Veillonella,UMGS1600,UMGS1251,UMGS1810,CAG-170,UBA7182,UBA5394,UBA9414,Firm-10,UMGS1472,Cronobacter,UMGS1241,UMGS1477,Eubacterium,UBA1691,UMGS1663,ER4,Acetivibrio_A,CAG-83,UMGS1783,Duodenibacillus,Cedecea,UMGS1487,QAMM01,Haemophilus_D,Hungatella_A,UMGS1613
rep323_seed2348	Neobittarella,MGYG000004443,UMGS680,Eubacterium_J,Alloprevotella,Muribaculum,RUG131,Frisingicoccus,Anaerocolumna,CAG-465,Ruminiclostridium_E,UMGS1820,Paenibacillus_A,Coprobacter,MGYG000004061,ER4,Rubneribacter,UMGS1603,UMGS1623,UBA10281,Amedibacillus,Neisseria,UBA7488,UBA9475,Stenotrophomonas,CAG-145,CAG-590,Enterococcus_A,UMGS1994,UBA1206,UBA1234,UC5-1-2E3,UMGS1375,CAG-557,MGYG000002702,Succinatimonas,UMGS1590,Peptacetobacter,Megasphaera,Neobacillus,MGYG000004133,VUNI01,Sellimonas,Peptococcus,CAG-492,UBA3818
rep324_seed2349	UMGS172,UBA1752,Megamonas,UMGS1851,UBA4285,Enterobacter_D,CAG-302,Lysinibacillus,Allisonella,An92,Hafnia,Senegalimassilia,VUNI01,Stomatobaculum,Pantoea,Acetivibrio_A,WG-1,Leminorella,UMGS2055,CAG-465,Enorma,Sodaliphilus,UBA10281,CAG-238,Merdimonas,UMGS1540,Ruminiclostridium_E,Bilophila,MGYG000004443,RUG12045,UMGS1781,CAG-617,CAG-313,UBA3263,UMGS1858,MGYG000004547,Mediterraneibacter,MGYG000003855,MGYG000004380,Clostridium_Q,Gordonibacter,CAG-582,UMGS1880,UMGS902,QAMM01,MGYG000004556
rep325_seed2350	CAG-390,UMGS1004,Clostridium_B,UMGS1474,UMGS1696,UBA1822,Sodaliphilus,UMGS1052,Veillonella,Lacticaseibacillus,UBA3388,Bacillus_J,RUG023,Blautia_A,Massilioclostridium,COE1,Hungatella_A,CAG-510,Marvinbryantia,MGYG000004127,CAG-196,Actinobaculum,QAMM01,Fannyhessea,UMGS1326,CAG-177,KM106-2,UMGS1477,CAG-762,CAG-449,Enterobacter,Mixta,Enorma,UBA1206,Cronobacter,Anaeroplasma,Eubacterium_M,HGM10836,Leuconostoc,Weimerbacter,CAG-710,Mitsuokella,Providencia,Epilithonimonas,Pluralibacter,CHH4-2
rep326_seed2351	CAG-269,MGYG000000728,Alistipes,Cedecea,NSJ-61,RUG023,UMGS1253,Pseudoruminococcus,Garciella,UBA5905,UMGS1690,UBA11774,Criibacterium,MGYG000003855,Finegoldia,Anaerotignum,Alistipes_A,Salinicola,Plesiomonas,UMGS2055,CACZQA01,UMGS946,OF09-33XD,Peptoniphilus_C,Johnsonella,Clostridium_P,CAG-877,Enterococcus,Pseudoflavonifractor,UBA9502,CAG-83,MGYG000001871,Klebsiella,Corynebacterium,Clostridium_Q,HGM11416,CAG-484,SCN-57-10,CAG-492,CAG-81,UBA5416,Nitratidesulfovibrio,RQCD01,RUG11200,UBA1206,UBA3766
rep327_seed2352	Finegoldia,Clostridium_J,MGYG000002758,51-20,OM05-12,UMGS1668,WG-1,RUG11247,Pseudomonas_R,Robertmurraya,CAG-884,UMGS1690,UMGS599,UBA3263,MGYG000002216,UBA7748,MGYG000004443,HGM14224,Peptoniphilus_A,Clostridium_AP,Stenotrophomonas,UMGS1601,Clostridium_A,UMGS1826,UMGS2055,Enterobacter,CAG-317,Moellerella,Faecalibacterium,CAG-1031,UBA3766,Anaerotruncus,UMGS973,Pseudoflavonifractor,Murimonas,CAG-882,Fournierella,UMGS1883,UBA1181,Lawsonibacter,CAG-492,Enorma,MGYG000004604,UBA6345,UC5-1-2E3,Robinsoniella
rep328_seed2353	Flavonifractor,Pseudoflavonifractor,MGYG000002053,Peptoniphilus_A,UMGS1224,RQCD01,UMGS966,UMGS1326,UBA7057,MGYG000000574,Robertmurraya,Butyricimonas,Zag111,HGM11588,UBA1375,Citrobacter,Mailhella,Clostridium_AP,AM07-15,UMGS1820,UBA11471,Hungatella,Ralstonia,PeH17,Pseudescherichia,CAG-170,Dysosmobacter,Pauljensenia,CAG-180,CABIZH01,Adlercreutzia,Alistipes_A,MGYG000000745,Massilimaliae,QAMH01,MGYG000004061,Fannyhessea,Ruminococcus_E,MGYG000004850,Marvinbryantia,CAG-492,Fusobacterium_C,MGYG000004094,Mitsuokella,MGYG000003289,Senegalimassilia
rep329_seed2354	UBA9475,HGM11525,CAG-194,Kallipyga,QALS01,NC2004,UBA644,UBA7182,UMGS1474,UBA1390,UMGS995,UBA4372,Ruminiclostridium_E,Mediterraneibacter_A,Dialister,Merdibacter,Chimaeribacter,Butyricimonas,Cloacibacillus,UMGS1670,Leptotrichia,UMGS1397,Fournierella,UMGS1441,HGM12998,Raoultibacter,Providencia,UBA10281,UMGS1872,Intestinimonas,UMGS416,RUG131,CAG-917,UBA4855,Borkfalkia,CAG-710,Latilactobacillus,Porphyromonas,Kluyvera,Faecalicoccus,UBA11471,Clostridium_F,MGYG000000378,UMGS1224,Coprobacter,UMGS1994
rep330_seed2355	Desulfovibrio,UMGS1202,UMGS1590,Phoenicibacter,CAG-279,CAG-56,Arabia,MGYG000000390,Oscillibacter,UBA1234,MGYG000002702,HGM14224,UMGS1418,UMGS1375,RUG11200,UMGS1052,Angelakisella,UBA866,Olsenella,Cetobacterium_A,MGYG000000587,DUOT01,Phocea,UMGS966,CAG-460,UMGS268,QALS01,CAG-312,Coprobacter,SFDB01,CAG-170,UMGS1491,Leminorella,Rothia,Hafnia,Cronobacter,Lachnoclostridium_A,UMGS363,CAG-115,UBA3631,Ruminococcus_C,NSJ-63,HGM13634,UMGS1338,UBA1375,Methanobrevibacter_A
rep331_seed2356	CAG-303,Catenibacterium,UMGS1851,Limosilactobacillus,UMGS403,Neisseria,WG-1,Providencia,Fusobacterium,Niameybacter,UMGS1611,Amedibacterium,MGYG000000350,Merdibacter,CAG-873,UMGS1388,CAG-81,MGYG000004874,Haemophilus_D,Enterococcus_G,UMGS692,MGYG000002719,Beduini,Adlercreutzia,Pseudoruminococcus,HGM11588,Agathobaculum,UMGS1572,Olsenella,HGM11521,UMGS1826,UBA1409,MGYG000002726,CAG-180,UBA4871,Cronobacter,UMGS1490,CAG-349,UMGS902,UBA4334,UBA3631,CAG-127,UBA4855,Phascolarctobacterium,RQCD01,UBA11452
rep332_seed2357	UMGS1839,Bilophila,CAG-217,MGYG000003970,Scardovia,Gemmiger,UBA2821,Acidovorax,Longibaculum,QAKW01,Granulicatella,Klebsiella,F0422,Weissella,Alterileibacterium,UBA5394,Collinsella,Fenollaria,SFFS01,Bulleidia,Succiniclasticum,MGYG000003305,Amedibacillus,CAG-45,UMGS1840,MGYG000001871,CAG-484,Robertmurraya,HGM11616,RUG023,SFEL01,UBA10677,UBA1752,CABIZH01,Blautia,Sodaliphilus,MGYG000004660,Gordonibacter,UMGS1338,RUG705,HGM12650,Flavonifractor,Moellerella,UBA5446,Fannyhessea,UMGS1109
rep333_seed2358	UMGS1109,TWA4,Bacillus_J,43-108,CAG-45,Actinobaculum,Dorea_A,Methanobrevibacter_A,Fusobacterium,CAG-831,UMGS1370,NSJ-61,AM51-8,Haemophilus,Kosakonia,HGM11514,UBA1752,Lacticaseibacillus,Ruminococcus_G,Finegoldia,Fusobacterium_B,Borkfalkia,Mobiluncus,Adlercreutzia,UMGS1491,UMGS1815,UMGS1375,Anaeroplasma,CAG-462,MGYG000000378,HGM10836,Campylobacter_B,NK4A136,Clostridium,UBA11471,Superficieibacter,Massilicoli,Anaerotruncus,Catenibacterium,UBA2821,UBA11517,SFDP01,Massilistercora,MGYG000000505,Slackia,CAG-1031
rep334_seed2359	Proteus,UMGS577,NSJ-38,UMGS1441,Longicatena,Selenomonas_A,F23-B02,F082,UBA3631,Pantoea,Butyricimonas,An92,UMGS1590,MGYG000000587,Oribacterium,Lawsonella,Bacilliculturomica,Pygmaiobacter,MGYG000000286,Faecalibacterium,UBA4716,UMGS1663,AF33-28,UBA4855,ER4,Franconibacter,SFJ001,Staphylococcus,CAG-313,UMGS731,Frisingicoccus,CAG-312,GCA-900066755,Aggregatibacter,Lentilactobacillus,HGM11616,UMGS1384,SCN-57-10,Bifidobacterium,UBA1191,Terrisporobacter,CAG-180,Romboutsia,UBA7702,UMGS1052,Pseudobutyrivibrio
rep335_seed2360	Monoglobus,MGYG000002575,QALW01,Zag111,CAAHEQ01,Neisseria,QAMX01,UMGS1668,RF16,Mobilibacterium,UMGS1670,Caproiciproducens,Neobacillus,Fusobacterium,UBA10677,Ruminococcus_D,MGYG000001903,Enterococcus,43-108,UBA9475,CAG-631,UMGS1810,CAG-115,UMGS1397,Stoquefichus,UMGS966,Garciella,Paraclostridium,QALS01,Ruminococcus_A,Ruminococcus_E,F23-B02,UMGS1540,CAG-1193,Succiniclasticum,Fenollaria,GCA-900066755,Lactonifactor,Weimerbacter,Fusobacterium_C,HGM11521,UBA6984,Enterococcus_G,MGYG000002010,Bariatricus,Veillonella_A
rep336_seed2361	UCG-010,MGYG000002053,CAG-272,Scardovia,Akkermansia,Extibacter,Salinicola,MGYG000004061,CAG-145,Agathobacter,SFMI01,UMGS874,ER4,CAG-390,SFLA01,UMGS1322,Peptococcus,Gabonibacter,UMGS1795,UMGS1224,F0040,MGYG000002685,Porphyromonas_A,UMGS1388,CAG-103,Leuconostoc,Faecalibacterium,Succinivibrio,CAG-127,COE1,MGYG000003970,Angelakisella,F23-B02,CAG-462,Eisenbergiella,Firm-07,UBA11471,CAG-217,Caproiciproducens,UBA1711,Gordonibacter,UMGS1975,Exiguobacterium,Amedibacterium,MGYG000004850,Flavonifractor
rep337_seed2362	Merdibacter,Garciella,UBA1234,UMGS1251,Plesiomonas,MGYG000004127,MGYG000004094,CAG-238,Enteroscipio,Parvimonas,CAG-917,CAG-628,AM51-8,HGM11417,UMGS1312,UBA3818,Alterileibacterium,MGYG000000387,UMGS1795,RUG705,Enterococcus_G,MGYG000002010,Clostridium_B,CAG-1193,UBA7102,UBA1191,CAG-452,Acinetobacter,Lactiplantibacillus,Salinicola,UBA1375,Bariatricus,UBA4716,Leptotrichia,VSOB01,MGYG000004556,CAG-1024,Eikenella,UBA1691,UBA1786,Bifidobacterium,UMGS599,VUNA01,Pluralibacter,Aneurinibacillus,UMGS1663
rep338_seed2363	Peptacetobacter,UBA7597,Mailhella,HGM11525,Sellimonas,CAG-317,CAG-791,Blautia_A,UBA644,UBA737,UMGS1872,UMGS1858,CAG-485,Campylobacter_A,Romboutsia,Phascolarctobacterium,MGYG000004443,CAG-710,Roseburia,NSJ-63,UMGS1901,Anaerotignum,Hydrogeniiclostridium,UMGS1540,Kluyvera,Azonexus,UMGS1241,QALS01,UBA5920,Marseille-P4683,HGM13222,Gabonibacter,Pseudoflavonifractor,UBA1737,UMGS1600,TWA4,Alloscardovia,Emergencia,Granulicatella,Holdemanella,Oscillibacter,Arabia,UBA4716,Veillonella_A,Salinicola,WG-1
rep339_seed2364	Borkfalkia,Alistipes_A,Mailhella,Pantoea,Caecibacter,Lactococcus,Salinicola,UBA1820,UMGS1370,Catenibacillus,UBA11940,UBA7182,Actinobaculum,CAG-495,Stomatobaculum,UMGS1487,UBA1691,Garciella,HGM10836,UMGS268,Citrobacter_B,Yokenella,Harryflintia,UBA1417,HGM12587,UBA11452,Paenibacillus_A,CAG-302,CAG-1031,UMGS1696,QAMM01,Franconibacter,UBA7597,CAG-724,Leptotrichia,Megasphaera,UMGS874,Angelakisella,CAG-274,Raoultibacter,UMGS1071,Lacrimispora,UMGS1766,Parabacteroides,UMGS1388,UMGS1591
rep340_seed2365	Eubacterium_T,Gastranaerophilus,CAG-631,HGM11416,UMGS1484,UBA1731,Pluralibacter,CAG-238,Criibacterium,Johnsonella,MGYG000001871,SFMI01,Clostridium_AP,CAG-882,Allisonella,UBA1777,Ligilactobacillus,Lacticaseibacillus,Romboutsia,CHH4-2,CAG-460,CAG-724,UBA1409,AF33-28,Anaerofustis,Paenibacillus,Enterococcus_C,UBA7702,43-108,SFFS01,Dysgonomonas,UMGS1322,MGYG000004094,UMGS1004,Emergencia,CAG-180,Ruthenibacterium,UMGS1418,Amedibacterium,UBA3818,Bacillus_A,Phil1,UMGS1781,Tidjanibacter,Aneurinibacillus,AM51-8
rep341_seed2366	Pseudomonas_R,Pseudomonas,UMGS1387,Cedecea,HGM13634,UCG-010,UMGS75,UBA7160,Faecalibacterium,UBA11774,TF01-11,Epilithonimonas,Sodaliphilus,Firm-07,CAG-1193,UMGS172,Fusobacterium,UBA5026,Rubneribacter,MGYG000003490,Amedibacillus,HGM12789,CAG-317,UMGS1384,Robinsoniella,HGM12713,UMGS1490,QAKD01,Murdochiella,Victivallis,CAG-873,Bruticola,Clostridium_Q,Alterileibacterium,Anaerosacchariphilus,UMGS1872,Anaerotruncus,HGM11327,Murimonas,MGYG000002685,Leptotrichia,CAG-877,Longibaculum,UMGS416,Succinivibrio,UMGS1880
rep342_seed2367	Actinobaculum,MGYG000004547,Clostridium_P,MGYG000004874,UBA1829,GCA-900066905,Coprococcus_A,Ruminococcus_A,MGYG000004660,Hungatella,CAG-617,Lawsonibacter,PeH17,Blautia_A,Enterococcus_B,CAG-521,Coprobacillus,Pseudobutyrivibrio,MGYG000004443,UMGS263,Clostridium,RUG11247,Actinomyces,Dysgonomonas,F0422,Murdochiella,UBA2856,Lancefieldella,HGM11507,UBA11452,Alistipes_A,UMGS1540,Ruminococcus_B,Butyricicoccus_A,Dorea_B,SFEL01,Haemophilus_D,Peptoniphilus_E,Olsenella_E,UBA4871,UBA11512,Cetobacterium_A,UMGS1810,Faecalicoccus,Murimonas,Bilophila
rep343_seed2368	CAAEEV01,Leclercia,UMGS1384,UBA866,UBA10677,HGM11788,Neisseria,Yokenella,HGM04593,Firm-07,Oribacterium,Lentilactobacillus,Parasutterella,MGYG000002797,Morganella,RUG100,UBA7597,UMGS1880,Clostridium_P,Beduini,UMGS1472,Bacillus_A,SFVR01,UBA940,1XD42-69,UMGS1224,Sneathia,Fusobacterium_C,MGYG000002719,UMGS1795,Megasphaera,CAG-603,MGYG000003855,Klebsiella,UBA4644,CAG-41,UBA11471,MGYG000000350,CAG-103,UBA7182,Pyramidobacter,Eubacterium_R,CAG-238,Peptoniphilus_E,UMGS1487,Lachnoclostridium_A
rep344_seed2369	UMGS1781,Ruminococcus,Clostridioides,CAG-603,Eggerthella,UMGS1384,SFVR01,Mailhella,Lacrimispora,Aneurinibacillus,TM7x,Varibaculum,SFEL01,CAG-495,Collinsella,UMGS1623,Tidjanibacter,Staphylococcus,UBA5446,Dorea,UBA1409,Negativicoccus,UBA737,Senegalimassilia,MGYG000003945,Lentilactobacillus,CAG-791,Lachnoclostridium_B,HGM11588,Monoglobus,UMGS1795,Butyricicoccus,BX12,Turicibacter,UBA7102,HGM12713,UMGS75,MGYG000004445,Acidovorax,Coprobacillus,UMGS692,HGM11501,Oscillibacter,RUG023,Pseudomonas_E,Neobittarella
rep345_seed2370	CAG-495,UBA9475,Ezakiella,RUG12045,UBA5394,Massilimaliae,CAG-762,UMGS1241,51-20,1XD42-69,Chimaeribacter,Dysosmobacter,UMGS1901,UBA945,CAG-41,Eubacterium,MGYG000004172,Oribacterium,UMGS874,UMGS1109,Lactonifactor,MGYG000000674,UBA3282,43-108,MGYG000003945,UBA5905,UMGS1253,CAG-617,Bilophila,CAG-417,CAG-877,UMGS1322,UBA7597,Serratia,NSJ-63,SFEL01,UMGS1933,Peptoniphilus_B,UMGS1826,Atlantibacter,Lactobacillus,WG-1,UBA11940,UBA1731,Lacticaseibacillus,UMGS75
rep346_seed2371	UMGS905,CAG-465,Salinicola,CAG-274,Exiguobacterium,Latilactobacillus,HGM11507,Blautia,UBA636,Rahnella,Sutterella,CAG-1000,MGYG000004556,UMGS1251,Senegalimassilia,CAG-448,NSJ-61,Pseudomonas_R,Ellagibacter,CAG-475,MGYG000004604,CAG-272,Agathobaculum,Eisenbergiella,Weimerbacter,Caecibacter,UBA5446,MGYG000003970,UBA6857,UBA738,Eggerthella,CAG-449,UBA6382,Bifidobacterium,Acinetobacter,Massilimaliae,HGM13222,Coprobacillus,CAG-314,UMGS1472,Ruminococcus_A,UBA1752,Alloscardovia,Hydrogeniiclostridium,Enterocloster,Mixta
rep347_seed2372	Intestinibacter,Butyricicoccus,HGM12814,UMGS1600,Eubacterium_I,Faecalibacillus,Pantoea,Pediococcus,HGM13862,Absicoccus,UMGS1338,CAG-41,UBA1685,Corynebacterium,Peptococcus,Parabacteroides,Citrobacter_B,UBA5920,Peptostreptococcus,Haemophilus_D,CAG-917,Parvimonas,NK4A136,CAG-603,Hafnia,Lactobacillus,Raoultella,Angelakisella,UBA1232,Megamonas,UBA10677,Weissella,UBA1409,Acinetobacter,Senegalimassilia,UMGS1688,Ruminococcus_G,Campylobacter_B,MGYG000002696,CAG-390,HGM12998,Beduini,Acutalibacter,Serratia,Enterococcus_G,Cetobacterium_A
rep348_seed2373	UMGS1872,Duncaniella,MGYG000002758,HGM11368,UBA7185,Ruminococcus_D,HGM11327,Fusobacterium_B,UBA5446,MGYG000004061,Eubacterium_J,UMGS1441,UBA5905,RUG12045,Clostridium_F,Citrobacter,Pauljensenia,HGM13006,HGM11530,Extibacter,Firm-10,CAG-475,Citrobacter_B,CAG-245,JAAYBB01,UBA1417,HGM13862,UMGS1976,UMGS403,Longibaculum,PeH17,Garciella,Fusobacterium,Lancefieldella,Pseudoflavonifractor,Veillonella_A,MGYG000002683,Allisonella,UBA1820,QAKW01,Pseudomonas_R,Sporanaerobacter,UMGS1293,UBA6984,Phocaeicola,Sneathia
rep349_seed2374	Aeromonas,Dialister,UBA866,CAG-411,Hungatella_A,Dorea,UBA1777,Klebsiella_A,HGM11368,Escherichia,MGYG000000425,Superficieibacter,Vibrio,Weissella,Lawsonella,Coprobacter,UMGS75,Caecibacter,GCA-900066495,CAG-631,Marvinbryantia,RUG13868,UMGS966,UMGS1441,QAKW01,CAG-95,Actinomyces,Fournierella,Latilactobacillus,UBA7057,Cutibacterium,Duodenibacillus,Schaedlerella,Niameybacter,Arabia,UBA5026,Ruminococcus_F,UBA1259,CAG-81,Campylobacter,Leminorella,UBA940,MGYG000002053,Catenibacillus,Mobilibacterium,Pediococcus
rep350_seed2375	CAG-873,UMGS1441,Ruminiclostridium_E,Enterobacter,CAG-390,CAG-349,UMGS1933,UBA9414,UBA7102,UMGS599,Acidovorax,CAG-533,CAG-484,UMGS1975,Clostridium_E,HGM11327,MGYG000000378,VUNI01,GCA-900066495,Pseudomonas_E,Ruminococcus,MGYG000000346,CAG-831,Dialister,VSOB01,UMGS1474,CAG-451,Firm-07,Fusobacterium,UMGS75,UBA3402,Coprococcus_A,Hungatella_A,Enterococcus_B,Intestinimonas,UMGS1387,UMGS1815,UMGS1518,An92,Vibrio,Anaerostipes,UBA1731,Cutibacterium,UMGS1601,CAG-628,Pradoshia
rep351_seed2376	UMGS905,Clostridium_AP,RUG11200,Butyricimonas,UBA737,Gabonibacter,UMGS1004,Lachnoclostridium_B,Fusobacterium_C,TF01-11,Eubacterium,MGYG000004177,CAG-180,Romboutsia,Anaerofustis,UBA1232,CAG-313,Frisingicoccus,Nitratidesulfovibrio,QANG01,Peptoniphilus_A,Bifidobacterium,HGM11575,SFDP01,RUG420,Longibaculum,QANA01,QALR01,Pseudoruminococcus,Cetobacterium_A,CAG-81,MGYG000002010,Schaedlerella,HGM11588,HGM13222,Anaerococcus,Haemophilus_A,CAG-631,Mesosutterella,UMGS1518,CAG-492,Eubacterium_F,MGYG000004547,UBA1234,Anaeroplasma,Superficieibacter
rep352_seed2377	Lagierella,UMGS1690,Caecibacter,RUG131,Negativicoccus,RUG572,HGM11417,Companilactobacillus,CAG-110,Pygmaiobacter,UMGS1532,UMGS1474,NSJ-61,HGM12650,Citrobacter_B,UMGS1851,VSOB01,Bilophila,Leminorella,Psychrobacillus,UMGS905,Pediococcus,Hungatella,UMGS1312,MGYG000002683,Muribaculum,Escherichia,HGM11808,MGYG000004874,QAMX01,PeH17,Rubneribacter,Mixta,ER4,Firm-07,Lactonifactor,MGYG000002702,Holdemania,Eubacterium,Corynebacterium,GCA-900066755,MGYG000002726,Butyricicoccus,Fusicatenibacter,MGYG000000574,Phascolarctobacterium
rep353_seed2378	Dysosmobacter,Mediterraneibacter,SFVR01,Schaedlerella,UMGS1397,MGYG000004556,Mobiluncus,Dorea_A,Anaerocolumna,UBA5884,MGYG000000728,Eubacterium_R,Extibacter,UMGS1474,UBA6857,Succinivibrio,Paraeggerthella,Staphylococcus,Citrobacter,MGYG000002797,Sellimonas,CAG-1031,UMGS882,Leminorella,UBA5394,UBA11940,MGYG000000574,Clostridium_E,Intestinibacter,UMGS403,Arabia,CAG-917,UBA1829,Pseudoflavonifractor,UMGS1600,Anaerobutyricum,Pantoea,Terrisporobacter,UBA2856,UBA5809,MGYG000004604,Odoribacter,NSJ-63,An92,UBA9502,MGYG000004172
rep354_seed2379	CAG-582,CAG-417,Dorea_B,UBA4871,Parvimonas,Anaeroplasma,RUG131,UCG-010,Lactococcus_A,MGYG000004229,Weimerbacter,MGYG000000505,SFEL01,Eubacterium_R,Robinsoniella,Gabonibacter,UBA7173,UMGS1623,AM51-8,CAG-349,Eubacterium_J,UMGS416,KLE1615,CABIZH01,Odoribacter,Ruminococcus_C,Pluralibacter,Ruminococcus_G,Alistipes,Phytobacter,Zag1,Monoglobus,Haemophilus_D,Weizmannia,Dorea_A,UBA10281,Psychrobacillus,Salmonella,HGM13233,HGM11368,UMGS1004,Haemophilus_A,MGYG000000378,Fusobacterium_C,Lacticaseibacillus,Ruminococcus
rep355_seed2380	Borkfalkia,Fournierella,MGYG000004029,UMGS1826,Anaerofustis,MGYG000002702,UBA9475,MGYG000003305,Anaerobutyricum,HGM12713,Azonexus,QAMX01,Oxalobacter,Faecalibacillus,Dorea_B,Parvimonas,Peptoniphilus_B,COE1,Enterococcus_D,CAG-762,MGYG000002696,RUG472,Dialister,AF33-28,Aneurinibacillus,UMGS731,CAG-274,Coprobacter,Pseudomonas,HGM13634,UBA1206,UMGS268,Barnesiella,Gordonibacter,UMGS1490,CAG-460,Eikenella,UMGS946,Garciella,V9D3004,Morganella,MGYG000001871,RUG572,CAG-1000,VUNA01,HGM13010
rep356_seed2381	UBA4644,RUG14107,CAG-582,Phascolarctobacterium_A,Clostridium_A,Lawsonibacter,CAG-877,Salmonella,Raoultella,CAG-475,Campylobacter_A,CAG-776,Phytobacter,Hungatella_A,CAG-269,QALS01,CAG-313,RUG11200,Bariatricus,UBA4855,Enterobacter,OM05-12,Longicatena,UBA6345,Bifidobacterium,Ruminiclostridium_E,UMGS172,Barnesiella,Rothia,NSJ-38,UMGS1603,UMGS1477,Ralstonia,UBA6382,RUG115,Arabia,CAG-873,UMGS1623,UMGS1387,Clostridioides,Citrobacter,Enterococcus_D,UMGS1826,UMGS1490,Klebsiella,F082
rep357_seed2382	CAG-110,UBA1752,MGYG000000456,UMGS1370,UBA1394,UBA2883,UMGS1851,MGYG000004443,Pluralibacter,Negativibacillus,CAG-762,HGM12713,UBA1685,CAG-194,MGYG000004604,Latilactobacillus,UMGS416,Fusicatenibacter,Klebsiella,Alistipes,Gastranaerophilus,Lacrimispora,UBA3818,Parabacteroides,Phytobacter,Bulleidia,Paramuribaculum,OM05-12,Anaeroplasma,Enterobacter,CAG-776,Johnsonella,Cloacibacillus,UMGS1251,UMGS856,UMGS1840,UMGS1477,Clostridium_N,MGYG000002702,UBA3766,UBA6345,MGYG000003270,F0422,UBA3388,CAG-349,Zag111
rep358_seed2383	CAG-465,UBA11471,UBA4285,Evtepia,UMGS1851,UMGS1591,UMGS1241,UMGS1975,MGYG000004811,UBA5884,UBA6857,UMGS1670,UBA6345,UMGS1611,Christensenella,CAG-557,MGYG000004127,UBA636,UBA1737,CAG-83,Lacrimispora,Senegalimassilia,Garciella,UBA866,UMGS1472,HGM11501,Nitratidesulfovibrio,Butyricimonas,HGM11368,UBA1375,Angelakisella,CAG-631,UMGS1312,Campylobacter_B,TWA4,Prevotella,HGM11507,Caproiciproducens,Kluyvera,UMGS1418,Butyricicoccus_A,UBA7160,Gabonibacter,Gemella,Anaerotignum,D5
rep359_seed2384	Faecalimonas,CAG-882,Leclercia,UBA3631,RUG131,Paenibacillus_A,CAG-317,QAKS01,RUG11198,Megasphaera,CAG-1031,OF09-33XD,Massilioclostridium,PeH17,Veillonella_A,MGYG000002683,UMGS1865,UBA1375,HGM10836,Massilistercora,CAG-115,Klebsiella,MGYG000002575,Catenibacterium,Clostridium_P,Eubacterium,UBA4855,Ruminococcus_G,CAG-411,CAG-353,UBA7160,An181,UMGS966,F0040,Porphyromonas_A,SFTJ01,CAG-762,Senegalimassilia,Mediterraneibacter,Proteus,Anaerotruncus,RUG420,QALR01,Acidovorax,Enterobacter,Porphyromonas
rep360_seed2385	Ruminococcus_D,MGYG000003297,UBA5446,Eubacterium_M,Rikenella,Murimonas,HGM12713,MGYG000000728,HGM11616,UMGS995,Lactiplantibacillus,Agathobaculum,Fusobacterium,UMGS1603,Turicibacter,Lactobacillus,Bacillus_A,Angelakisella,Selenomonas_A,An172,Fenollaria,Pyramidobacter,Arabia,CAG-245,Peptacetobacter,Clostridium_E,Clostridium_F,UBA1829,Clostridium_AP,UBA738,CAG-882,Butyricimonas,Fusicatenibacter,Peptococcus,UBA7182,Zag1,UMGS2055,Ruminococcus,UMGS403,MGYG000002702,CAG-449,Anaerosalibacter,Dysosmobacter,Bittarella,CAG-217,UMGS1864
rep361_seed2386	HGM11808,Sodaliphilus,Catenibacillus,Serratia,CAG-354,CAG-873,UMGS1820,UMGS1590,CAG-273,Duncaniella,UMGS2055,Megasphaera,Atlantibacter,CAG-533,MGYG000002685,Dysgonomonas,UBA737,Anaerofustis,Ruminiclostridium_E,CAG-245,Robinsoniella,UMGS1766,Peptoniphilus_A,Enterococcus_G,SFFS01,Anaerobutyricum,Aeromonas,Beduini,Granulicatella,UMGS1690,VUNA01,Parolsenella,Caecibacter,An92,CAG-557,HGM11372,UBA2856,Rothia,Dorea_B,Paraeggerthella,Klebsiella,MGYG000004604,CAG-217,UMGS1795,CAG-492,UBA1234
rep362_seed2387	HGM11368,UMGS599,UBA9506,RUG131,Megamonas,Pyramidobacter,MGYG000000390,UBA7173,Mixta,UMGS1611,CAG-194,CAG-877,Ruminococcus_F,HGM05232,CAG-217,Eubacterium_J,CAG-557,SFGY01,UBA1711,Catenibacterium,Porphyromonas,Phascolarctobacterium,Clostridium_N,Enterobacter,Parabacteroides,Anaeroglobus,UMGS1851,MGYG000003970,MGYG000004604,Neobacillus,Anaerosporobacter,MGYG000000505,Faecalibacterium,UMGS268,UMGS856,Roseburia,UBA866,Superficieibacter,Parasutterella,Psychrobacillus,Eubacterium_F,UMGS1484,Agathobacter,An92,Butyrivibrio_A,Anaerofustis
rep363_seed2388	NSJ-63,CAG-390,Mesosutterella,UBA9506,Fournierella,Fannyhessea,CAG-317,Dorea_A,UBA9414,UMGS1883,UBA1206,Ruminococcus_C,Bulleidia,Coprobacter,MGYG000003855,Limosilactobacillus,UMGS1872,Neobittarella,UMGS1840,Cutibacterium,Marvinbryantia,Arcanobacterium_A,RUG11200,UBA11471,Marseille-P3106,Leclercia,UBA3402,MGYG000004229,Coprococcus_A,Bacteroides,Chimaeribacter,CAG-180,CAG-492,UMGS1601,Extibacter,CAG-776,Pseudoflavonifractor,Faecalimonas,Marseille-P4683,Leptotrichia,Parolsenella,Peptoniphilus_B,Anaeromassilibacillus,Moellerella,MGYG000000505,Blautia_A
rep364_seed2389	Anaeroglobus,Klebsiella_A,Pygmaiobacter,Ruminococcus_A,Neisseria,Emergencia,UBA4285,Phascolarctobacterium,Enterococcus_B,Eikenella,RUG572,UMGS1540,Lachnospira,UMGS1663,Alistipes,Enterococcus_G,CAG-460,Massilistercora,CAG-81,UMGS1387,UMGS1487,Prevotella,SFMI01,UMGS2016,DTU089,CAG-245,Clostridium_F,UBA9502,UBA6857,Hafnia,MGYG000002696,Azonexus,MGYG000004850,Gastranaerophilus,Extibacter,UBA3631,Megamonas,UCG-010,Veillonella,Raoultella,Treponema_D,Ruminococcus_B,QALS01,Olsenella,UMGS1864,Amedibacterium
rep365_seed2390	UMGS1933,Roseburia,CAG-724,Kluyvera,Pseudoflavonifractor,UBA5446,UBA11517,Lactococcus_A,Turicibacter,Eubacterium_M,CAG-884,Enterococcus_D,Enterobacter,UBA945,UBA1417,MGYG000000728,Arabia,D5,Leclercia,RUG11198,UMGS124,Merdimonas,Hungatella,MGYG000004177,QAMH01,Paraclostridium,Anaerosporobacter,CAG-110,UMGS1490,Enterococcus_G,UBA4372,Ligilactobacillus,Alterileibacterium,UMGS1976,Klebsiella_A,DTU089,Epilithonimonas,CAG-45,UMGS1864,UMGS577,Fannyhessea,Slackia_A,CAG-180,Acidaminococcus,Pseudomonas,UMGS1326
rep366_seed2391	UMGS929,UMGS1491,Catenibacillus,SFLA01,SFGY01,HGM11507,Enterococcus,MGYG000004094,UMGS577,CAG-582,UMGS946,UMGS1933,UMGS1241,Acidaminococcus,HGM12957,UBA11517,Stenotrophomonas,Gastranaerophilus,Agathobaculum,NSJ-62,Pantoea,Peptoniphilus_A,CACZQA01,Ellagibacter,UBA3263,MGYG000004172,CAG-617,JAAYBB01,Fusobacterium,Parolsenella,UMGS1224,CAG-793,Haemophilus_D,Pediococcus,Ruminococcus_F,UMGS1225,MGYG000003970,Lactococcus_A,Scardovia,CAG-145,HGM11521,Eubacterium_I,Terrisporobacter,HGM11327,HGM11514,D5
rep367_seed2392	Duodenibacillus,Harryflintia,Marseille-P3106,Enterocloster,Lacrimispora,Clostridium_Q,HGM04593,Gastranaerophilus,Extibacter,Scardovia,UBA2821,MGYG000000387,MGYG000003490,Paraclostridium,MGYG000004850,Peptostreptococcus,UMGS1880,Kosakonia,CAAEEV01,UMGS882,RUG115,HGM12957,UMGS2055,Rikenella,UMGS911,Streptococcus,UMGS856,Firm-11,Mediterraneibacter,SFDB01,Weissella,UMGS1540,CAG-492,Lentilactobacillus,Butyricicoccus,Clostridium_AP,Anaerocolumna,CAG-110,Citrobacter_A,Agathobaculum,GCA-900066905,Arcanobacterium_A,UMGS1766,Cedecea,UBA4285,UMGS1690
rep368_seed2393	UMGS946,UMGS268,Eikenella,Selenomonas_C,CAG-45,HGM11514,Allisonella,Amulumruptor,HGM12587,UMGS1880,CAG-83,HGM11507,CAG-145,Bruticola,SFFS01,Pseudomonas,Peptoniphilus_E,Amedibacillus,HGM12789,UMGS1491,CAG-462,NSJ-63,CAG-238,MGYG000001903,RUG131,CAG-313,Mailhella,Actinobaculum,UMGS2016,CAG-279,CAG-964,CAG-349,UMGS1109,DUOT01,UMGS403,Criibacterium,MGYG000004029,Lawsonibacter,Eubacterium_R,Aggregatibacter,Sellimonas,Intestinimonas,Corynebacterium,CAG-776,HGM11521,Lachnoanaerobaculum
rep369_seed2394	Neobittarella,Veillonella,CAG-724,CAG-492,VUNA01,Firm-10,MGYG000004660,MGYG000003289,Fusobacterium,MGYG000000574,Lawsonibacter,UC5-1-2E3,Muricomes,Enterocloster,Olsenella_B,Megamonas,UBA1259,UBA4871,MGYG000002702,Terrisporobacter,CAG-485,HGM13010,Dielma,UBA1234,Dorea,CAG-238,Beduini,MGYG000004133,MGYG000002053,Anaerofustis,Catenibacillus,HGM10836,UBA3631,Marvinbryantia,Corynebacterium,UMGS1490,CAG-495,Ruminococcus_E,Fannyhessea,Hungatella,CAG-582,CAG-632,CAG-417,HGM05232,Aeromonas,RUG023
rep370_seed2395	Pseudomonas,Paenibacillus,UMGS1387,CAG-533,Aneurinibacillus,UMGS1224,PeH17,CAG-882,Clostridium_Q,CAG-831,UMGS1600,UMGS1781,Sodaliphilus,Flavonifractor,Hafnia,UBA7057,CAG-488,Klebsiella,Emergencia,Parabacteroides,UMGS692,HGM13010,Porphyromonas_A,Staphylococcus,Phocaeicola,UMGS1795,Frisingicoccus,Monoglobus,UMGS1663,Atlantibacter,RC9,UMGS1312,Cetobacterium_A,CAG-56,Mailhella,Criibacterium,Ezakiella,MGYG000000745,UBA2882,Salinicola,Fusobacterium_A,UBA1711,Agathobacter,Oscillibacter,MGYG000002685,Acutalibacter
rep371_seed2396	Akkermansia,CAG-272,CACZQA01,UBA1691,HGM13006,Bacillus_J,Anaeroglobus,AF33-28,Acetivibrio_A,MGYG000003945,Lachnoanaerobaculum,CAG-882,Campylobacter_B,UBA4334,CAG-521,Ligilactobacillus,Clostridium_X,UBA5416,Peptoniphilus_C,RUG100,Butyricimonas,Gabonibacter,Cedecea,UBA1375,UMGS1441,Stomatobaculum,Marseille-P3106,Anaerofustis,Azonexus,HGM11507,Roseburia,Companilactobacillus,HGM04593,Gemella,MGYG000003305,Sellimonas,SFVR01,HGM12789,MGYG000001903,HGM11521,UMGS1696,Haemophilus_A,UMGS856,Acidaminococcus,MGYG000004660,UBA1390
rep372_seed2397	CAG-762,UMGS577,Lentilactobacillus,Azonexus,UBA636,MGYG000002726,UBA4285,UMGS1623,Dorea_B,CAG-180,HGM11416,UMGS1540,Anaeroplasma,HGM12957,Massilioclostridium,Faecalibacterium,UMGS995,UMGS403,CAG-83,UBA866,Psychrobacillus,Bittarella,MGYG000002758,Alloscardovia,Borkfalkia,MGYG000001903,Collinsella,UBA4334,UMGS1532,UMGS1601,Actinobaculum,Paraclostridium,Lachnoclostridium_B,UMGS1795,MGYG000003490,UMGS911,KLE1615,Veillonella,CAG-628,NSJ-61,UBA2882,SCN-57-10,HGM11327,MGYG000004380,Clostridium_Q,Stomatobaculum
rep373_seed2398	UMGS1491,UMGS403,Mobilibacterium,HGM11372,Agathobacter,HGM11575,HGM11788,UMGS1613,HGM11501,UBA11524,Pantoea,Harryflintia,Selenomonas_A,CAG-724,MGYG000004445,Ruminococcus_A,QAKD01,Citrobacter,MGYG000000378,MGYG000003305,RUG131,GCA-900066755,SFDP01,Enterobacter_D,Extibacter,MGYG000004660,CAG-460,Hafnia,Duncaniella,CAG-313,Bacilliculturomica,UMGS1052,CAG-170,UMGS1312,MGYG000002726,UMGS1668,UBA1191,MGYG000004811,UMGS1307,MGYG000002010,Cellulosilyticum,QALW01,UMGS905,UMGS2055,CAG-238,UMGS577
rep374_seed2399	Blautia_A,CAAEEV01,Eikenella,UBA7185,Superficieibacter,CAG-510,CAG-617,Enterococcus_G,HGM12814,Butyrivibrio_A,UBA4285,NSJ-63,Psychrobacillus,SFFS01,MGYG000004604,Evtepia,SCN-57-10,RUG12045,43-108,UBA4644,Neisseria,NK4A136,Aneurinibacillus,MGYG000004660,UBA1711,An172,Anaerocolumna,MGYG000004094,Paramuribaculum,CAG-314,Holdemanella,Weizmannia,Leptotrichia,Clostridium_F,Hydrogeniiclostridium,DTU089,MGYG000000387,CAG-1000,HGM13618,Methanobrevibacter_A,Niameybacter,MGYG000002053,UBA1786,UMGS1976,Johnsonella,UBA7173
rep375_seed2400	CAG-56,MGYG000004172,UBA10677,MGYG000004127,Edwardsiella,Cetobacterium_A,Eubacterium_J,UMGS1484,Raoultibacter,Lactococcus_A,NSJ-62,UMGS1600,UMGS1307,UMGS1387,MGYG000003945,Morganella,MGYG000003270,Lawsonibacter,Frisingicoccus,Anaerococcus,Lancefieldella,UMGS1865,RUG11247,Citrobacter,CAG-127,CAG-882,Yokenella,Pseudomonas,MGYG000001953,GCA-900066905,Alloscardovia,UMGS1293,UMGS1397,Allisonella,Gabonibacter,CAG-411,HGM11416,CAG-312,Ruminococcus_B,Actinomyces,HGM14224,Varibaculum,Companilactobacillus,CAG-475,UMGS1518,Mobilibacterium
rep376_seed2401	TM7x,Enteroscipio,MGYG000004061,Turicimonas,Paenibacillus_A,QANA01,CAG-1024,Amedibacterium,UBA1820,MGYG000000456,QANG01,Chimaeribacter,Weizmannia,Moellerella,Amulumruptor,Anaerocolumna,HGM12650,Longibaculum,Latilactobacillus,Brachyspira,CAG-582,Erysipelatoclostridium,Turicibacter,Cloacibacillus,RUG705,Murimonas,UMGS1815,CAG-557,UBA5416,Stenotrophomonas,UBA5026,RUG13868,Lawsonella,MGYG000004112,Mitsuokella,UBA11512,CAG-594,CAG-882,Sutterella,UMGS2055,UMGS1490,Acetatifactor,Anaerobutyricum,Roseburia,RUG410,CAG-354
rep377_seed2402	CAAEEV01,Pantoea,Selenomonas_A,UMGS1326,Epilithonimonas,Negativicoccus,CAG-628,Robinsoniella,Extibacter,Dialister,Massilimaliae,SFGY01,Ralstonia,Haemophilus_D,Lachnoclostridium,QAKD01,MGYG000004380,CAG-964,Akkermansia,Dorea,Enterobacter_D,HGM14224,MGYG000004177,Enterocloster,Eubacterium_G,UCG-010,Leclercia,UMGS874,Leptotrichia,Caproiciproducens,UMGS1109,Acetatifactor,Ezakiella,UBA737,MGYG000000745,UMGS1901,MGYG000000425,CAG-877,Catenibacterium,Paraclostridium,MGYG000003270,Acutalibacter,CACZQA01,Anaerosalibacter,UBA9506,UMGS1976
rep378_seed2403	UMGS1815,UMGS1251,UMGS1002,UBA1737,Stenotrophomonas,UBA4855,Eubacterium_T,Pseudomonas_E,Companilactobacillus,UBA5905,UBA4285,Limosilactobacillus,Leclercia,UBA7488,UMGS929,CAG-533,UMGS1688,51-20,Mailhella,MGYG000000745,F082,NSJ-50,CAG-449,Oribacterium,Gastranaerophilus,Neobacillus,CAG-1024,Pantoea,Porphyromonas,UMGS1975,Faecalitalea,Paenibacillus,UMGS2016,MGYG000002797,MGYG000003305,UBA945,Nitratidesulfovibrio,MGYG000002075,CAG-303,TWA4,MGYG000000674,HGM12669,Butyricicoccus,Akkermansia,UBA636,RUG14107
rep379_seed2404	V9D3004,UMGS1815,HGM05232,DTU089,CAG-145,UBA738,Enterococcus_A,Clostridium_P,Victivallis,Oscillibacter,Emergencia,CAG-632,Massilioclostridium,UMGS1251,UMGS1537,An172,Butyricicoccus_A,Olsenella,MGYG000002075,Clostridium,Varibaculum,UMGS1826,Muribaculum,CHH4-2,HGM11372,Mitsuokella,Anaeromassilibacillus,UMGS966,MGYG000003270,MGYG000004604,UMGS1820,MGYG000003970,UBA1685,UMGS577,UMGS1858,Cutibacterium,1XD42-69,UMGS1883,UCG-010,Kosakonia,Turicimonas,Mobiluncus,CAG-1427,OF09-33XD,MGYG000004660,HGM11808
rep380_seed2405	Raoultella,UMGS1611,HGM11616,Serratia,MGYG000004660,CAG-196,UMGS1490,UMGS731,Massilistercora,UMGS1004,Eikenella,Neobittarella,Vibrio,Duodenibacillus,Cellulosilyticum,Parvimonas,Pyramidobacter,Catenibacterium,UMGS1474,UMGS680,Citrobacter_B,V9D3004,43-108,HGM12713,Rikenella,CAG-460,MGYG000002758,Sutterella,Psychrobacillus,Murdochiella,RUG023,RC9,COE1,GCA-900066495,QAMM01,Marseille-P3106,Lachnoanaerobaculum,Borkfalkia,Azonexus,Flavonifractor,UMGS1994,UMGS599,Yokenella,CAG-1427,KM106-2,DTU089
rep381_seed2406	CAG-628,Citrobacter,Alistipes,GCA-900066905,UBA2883,Haemophilus_D,CAG-557,Anaerococcus,CAG-582,CAG-964,Eubacterium,Pseudoruminococcus,Peptococcus,UMGS1591,SFGY01,Olsenella,Johnsonella,SFHK01,Clostridium_J,QALR01,F0040,Gemella,Anaeromassilibacillus,Anaerotignum,MGYG000000390,Alloscardovia,Scardovia,HGM13233,Firm-11,MGYG000002075,Arabia,UMGS403,UMGS1696,UBA9506,Oscillibacter,Cronobacter,Ruminococcus_A,Hafnia,Atlantibacter,SFJ001,Fenollaria,RUG13868,Oribacterium,UBA4285,UBA5905,KLE1615
rep382_seed2407	Citrobacter_B,Enterococcus_A,SFGY01,Bruticola,UBA4644,Neobittarella,MGYG000000574,UBA7488,Bacillus_A,UMGS1375,Tidjanibacter,Pluralibacter,Parasutterella,Muricomes,MGYG000004874,Leptotrichia,Eisenbergiella,HGM13618,RUG572,CAG-590,UMGS1490,UMGS403,UMGS416,DUOT01,Bittarella,CAG-628,CAG-462,Paraclostridium,Turicimonas,UMGS973,Pseudoruminococcus,UBA3388,Terrisporobacter,UBA9502,UMGS1889,Streptococcus,UMGS2016,UBA737,MGYG000004811,Pseudomonas_R,SFMI01,SFEL01,UBA1737,CAG-475,Campylobacter_B,COE1
rep383_seed2408	UMGS1241,UMGS1826,Parabacteroides,CAG-495,Clostridium_N,MGYG000004660,RUG12045,Neobacillus,UBA1191,Yersinia,MGYG000002075,Veillonella,Lacrimispora,UMGS1633,Phocea,CAG-462,UMGS1663,RUG472,Bilophila,MGYG000001903,Lactobacillus,UBA7182,CAG-313,Anaeromassilibacillus,MGYG000004604,Muribaculum,Clostridium_AQ,Ruminococcus_C,Phil1,UMGS2016,HGM11372,V9D3004,Sellimonas,UBA2882,HGM12789,UBA4871,Faecalimonas,Enterocloster,Fusobacterium_A,KLE1615,UBA1820,AM07-15,UMGS1322,UMGS1810,HGM11523,Sodaliphilus
rep384_seed2409	CAG-762,HGM11417,Peptoniphilus_B,SFHK01,CAG-1193,UMGS1253,HGM12713,Mediterraneibacter_A,Dialister,UBA1822,Lactococcus_A,Hafnia,Anaeroglobus,UBA7488,UBA11517,UBA3402,Lachnoclostridium,UMGS1820,Parabacteroides,Duodenibacillus,Fusobacterium_C,Ruminococcus_G,UBA10281,CAG-873,UBA6382,Chimaeribacter,MGYG000004171,Pediococcus,HGM12814,MGYG000002719,Lawsonibacter,Faecalibacillus,An92,MGYG000000378,CAG-313,UMGS1397,MGYG000003305,UBA1777,Sporanaerobacter,Extibacter,Firm-10,QALS01,UMGS1472,UMGS1976,HGM11523,UMGS1815
rep385_seed2410	Veillonella,UBA6857,Epilithonimonas,Anaerocolumna,KLE1615,Fannyhessea,UBA7102,Massilimaliae,CAG-822,Caproiciproducens,UMGS1326,RC9,UMGS1540,HGM11530,MGYG000000390,Clostridium,MGYG000004727,UBA6398,UBA9502,UBA4334,CAG-917,MGYG000000350,Enterococcus_C,UMGS692,MGYG000002702,UMGS2037,Agathobacter,UBA738,CAG-465,UMGS1901,UBA644,CAG-590,MGYG000002719,CAG-115,UMGS268,UBA6984,Lachnospira,MGYG000000745,Extibacter,CAG-238,CAG-1024,Coprococcus,Scardovia,UMGS995,Dysgonomonas,Faecalitalea
rep386_seed2411	KLE1615,Campylobacter_A,TWA4,Anaeromassilibacillus,HGM11417,Yokenella,UBA1691,UMGS1820,Paraprevotella,UMGS1370,CAG-631,CAG-617,Lactonifactor,Pediococcus,UBA7597,Actinomyces,Phascolarctobacterium,SFEL01,UMGS1865,MGYG000002685,UMGS1839,MGYG000000346,CHH4-2,Faecalicoccus,An92,AF33-28,SCN-57-10,UBA1711,Clostridium_N,Rubneribacter,UBA1191,UMGS1572,RUG14107,UMGS599,CAG-873,UMGS1109,MGYG000000390,CAG-533,HGM12957,UBA6345,OM05-12,UBA5446,UBA1206,MGYG000000425,UBA4855,Clostridium_AQ
rep387_seed2412	CAG-110,MGYG000004172,UBA3766,Yersinia,Salmonella,UMGS1670,UMGS1663,Megamonas,CAG-884,Fournierella,An172,Gordonibacter,CAG-582,Harryflintia,UBA4716,Vibrio,Enterococcus_D,F082,UBA1417,UBA644,UMGS1611,Firm-10,Lachnospira,UBA11774,F23-B02,CAG-288,UBA4285,UBA5416,Campylobacter_B,MGYG000004727,Staphylococcus,Extibacter,CAG-313,UBA5809,UMGS1052,NK4A136,UBA636,Stomatobaculum,RUG572,UBA6984,Clostridium_A,UMGS1384,Duncaniella,HGM04593,Faecalimonas,Citrobacter
rep388_seed2413	UMGS1326,Latilactobacillus,Fusobacterium,Amedibacillus,UBA6345,Extibacter,Eubacterium_R,CAG-628,CAG-170,Campylobacter_B,CAG-83,CAG-521,UBA11774,CAG-312,MGYG000004229,Sellimonas,Merdibacter,UMGS416,Catenibacterium,Streptococcus,Coprococcus_A,NSJ-32,Massiliomicrobiota,Enorma,UBA1820,RQCD01,Clostridium,UBA1731,UBA1822,UMGS1384,UBA866,Phoenicibacter,Duncaniella,Psychrobacillus,UMGS1690,UBA1394,MGYG000004061,TM7x,Cellulosilyticum,F23-B02,NSJ-63,JAAYBB01,Caecibacter,Acetatifactor,HGM11368,CAG-462
rep389_seed2414	MGYG000000387,Agathobacter,Alistipes_A,Clostridium_B,Anaeroglobus,UBA9414,UMGS1590,NK4A136,Psychrobacillus,Harryflintia,Megasphaera,RUG705,CAG-884,HGM13222,Veillonella,CAG-354,UBA11517,Butyrivibrio_A,Cedecea,Rubneribacter,Mobilibacterium,Phil1,Marseille-P4683,ER4,HGM12650,Raoultibacter,Eubacterium,QALR01,Ellagibacter,Paraeggerthella,RUG12045,Morganella,CAG-272,CAG-103,SCN-57-10,Blautia_A,Pseudomonas_R,Enterobacter_D,Nitratidesulfovibrio,HGM11417,GCA-900066495,UBA866,VUNI01,UMGS1976,Gordonibacter,CAG-533
rep390_seed2415	Criibacterium,Eubacterium_I,GCA-900066755,Ruminococcus,Eubacterium_M,CAG-762,CAG-831,UBA4334,Clostridium_E,Clostridium_AQ,NSJ-38,Peptoniphilus_E,Enterococcus_C,UMGS1864,Cronobacter,MGYG000003945,UMGS1338,Enterocloster,Acidovorax,UBA4644,Adlercreutzia,MGYG000002216,UMGS1663,Companilactobacillus,Proteus,Zag111,UMGS577,Granulicatella,UMGS1293,Anaerosporobacter,MGYG000004061,HGM11501,UMGS1603,Ruthenibacterium,Raoultella,Mailhella,HGM13222,HGM11416,Sellimonas,Agathobacter,HGM11368,UMGS1590,Peptoniphilus_C,Mediterraneibacter_A,HGM14224,CAG-45
rep391_seed2416	CAG-390,CAG-196,UBA2821,NK4A136,WRGP01,SFDB01,CAG-533,Muribaculum,UBA3402,NSJ-38,CAG-288,Moellerella,UBA1711,51-20,UBA1181,CAG-492,RUG572,UCG-010,Clostridium_N,Sutterella,Methanosphaera,MGYG000004380,QAKS01,Victivallis,UMGS1663,Ruminococcus_E,UMGS1307,MGYG000002758,UBA1822,UMGS1004,UBA6984,HGM12789,Muricomes,UBA6857,Klebsiella_A,CAG-451,UBA4855,Flavonifractor,UMGS1865,HGM10836,RUG100,Massilioclostridium,RUG806,CAG-873,Lachnospira,HGM13618
rep392_seed2417	Eubacterium_J,Campylobacter_B,CAG-312,UMGS1603,Negativicoccus,Cedecea,Longibaculum,Sneathia,MGYG000002683,SFMI01,Leptotrichia,F23-B02,Eubacterium_G,Eisenbergiella,CHH4-2,UBA5394,UMGS1994,Enteroscipio,Porphyromonas,Eubacterium_M,HGM12669,UBA6984,Peptacetobacter,Streptococcus,RUG472,Enterococcus_B,UMGS1326,CAG-594,Latilactobacillus,Providencia,Vibrio,UMGS1474,Varibaculum,Ruminococcus,Dysgonomonas,Veillonella_A,UMGS577,Phocea,UMGS1491,UBA1737,Ruthenibacterium,Terrisporobacter,QAMX01,UBA4716,Parabacteroides,Porphyromonas_A
rep393_seed2418	Eubacterium_M,MGYG000002719,Finegoldia,MGYG000004061,Anaeroplasma,UMGS1839,CAG-462,UMGS902,UBA5026,Duncaniella,CAG-272,MGYG000001953,UMGS874,CAG-452,UBA7057,UBA3282,Ruminococcus_G,QAKS01,Lacrimispora,Olsenella_B,Yokenella,SFGY01,UBA4285,UMGS1071,Leptotrichia,UBA1752,Clostridium_F,UMGS1783,Leminorella,Olsenella,WRGP01,UBA4644,Muricomes,UMGS1293,Marseille-P3106,HGM13634,Faecalibacterium,Atlantibacter,Alistipes,UMGS1490,VUNI01,CAG-127,Acidaminococcus,MGYG000004660,Psychrobacillus,Sutterella
rep394_seed2419	MGYG000002075,UMGS1004,Eisenbergiella,Clostridium_F,CAG-492,NSJ-63,Enterococcus,TM7x,UBA4644,MGYG000000574,Exiguobacterium,Massilimaliae,Olsenella,JAAYBB01,Nitratidesulfovibrio,UMGS1384,Staphylococcus,CAG-302,CAG-776,UBA7748,RUG705,Bacillus_A,OF09-33XD,HGM11616,HGM13233,QANA01,Clostridium_J,UMGS1623,CAG-510,MGYG000002685,Zag111,Muribaculum,UBA7702,MGYG000004133,Robertmurraya,Parasutterella,Longicatena,Catenibacterium,RUG100,UMGS966,Fusobacterium_B,RUG806,Dorea_B,CAG-762,UBA1777,CAG-170
rep395_seed2420	CAG-475,Merdibacter,UBA11524,UBA1409,UMGS1484,Cronobacter,UMGS1109,Extibacter,V9D3004,Marvinbryantia,HGM11530,Erysipelatoclostridium,Bittarella,UBA940,MGYG000002685,Turicimonas,Cetobacterium_A,Anaerosacchariphilus,Morganella,CAG-791,Alistipes_A,UMGS1826,HGM11616,An172,MGYG000000378,QAKD01,Duodenibacillus,Desulfovibrio,Paraeggerthella,Limosilactobacillus,Phytobacter,Bilophila,UMGS1688,UMGS1441,Anaerotignum,CAG-273,Christensenella,Lachnoclostridium_B,Selenomonas_A,NC2004,Clostridium_X,Coprococcus_A,Ruminococcus_C,Duncaniella,MGYG000003270,UMGS929
rep396_seed2421	Paenibacillus_A,GCA-900066135,UMGS1293,Acutalibacter,Holdemania,UBA4334,UBA6398,SFEL01,Clostridium_B,CAG-194,Absicoccus,Superficieibacter,UMGS1591,Cronobacter,Weizmannia,HGM11507,Actinomyces,CAG-1031,Methanomassiliicoccus_A,UMGS1484,AF33-28,MGYG000000587,Anaerococcus,Lachnospira,NSJ-63,UMGS1241,Blautia,Companilactobacillus,Ruminococcus_F,UBA4871,UBA3388,RUG100,UBA1181,Anaeroplasma,Catenibacterium,Agathobaculum,Rikenella,Amedibacillus,MGYG000002726,UMGS1611,Massiliomicrobiota,UMGS1312,HGM11416,UMGS1815,Fannyhessea,Arcanobacterium_A
rep397_seed2422	UMGS1851,Slackia,Intestinimonas,CAG-194,MGYG000002685,Enterocloster,AF33-28,Leclercia,MGYG000003945,UMGS1397,Lawsonibacter,QANG01,Raoultella,CAG-776,SFLA01,UMGS1071,MGYG000004171,UBA9475,UMGS1976,Terrisporobacter,CAG-110,Adlercreutzia,Olsenella,Murdochiella,An181,Clostridium_N,HGM11416,Limosilactobacillus,NSJ-50,RF16,RUG11247,Peptostreptococcus,Selenomonas_C,RQCD01,Eubacterium_F,MGYG000004850,UMGS577,Caproiciproducens,Enorma,HGM11514,UMGS1840,SFTJ01,Salinicola,UBA10677,UBA1206,Gemmiger
rep398_seed2423	Coprococcus,UMGS1388,UBA1737,Merdimonas,Odoribacter,Paenibacillus_A,CAG-488,UMGS1224,QALW01,Catenibacterium,CAG-873,Bacilliculturomica,MGYG000003297,Slackia_A,Anaerosalibacter,HGM11588,HGM11788,Azonexus,RF16,UMGS599,UBA5394,Sporanaerobacter,Salmonella,Sneathia,UMGS1623,Veillonella,NSJ-62,RUG115,UMGS1858,UMGS1601,Kluyvera,Ruminococcus_A,UBA940,CAG-521,Ruthenibacterium,UBA1786,Caecibacter,Salinicola,CAG-831,UBA737,CAG-791,Pseudoflavonifractor,Methanomassiliicoccus_A,CAG-582,MGYG000004177,Ruminococcus_C
rep399_seed2424	UBA3818,UMGS1572,Criibacterium,Actinobaculum,HGM12713,UMGS1826,UMGS1872,JAAYBB01,CHH4-2,Epilithonimonas,UMGS1279,UMGS1491,MGYG000000286,CAG-83,CAG-245,RQCD01,Barnesiella,Anaerosacchariphilus,CAG-448,Salinicola,Butyricicoccus_A,Fenollaria,Alterileibacterium,CAG-488,Clostridium_X,Eubacterium_J,Moellerella,Johnsonella,Romboutsia,UBA1181,Firm-11,Angelakisella,CAG-417,GCA-900066135,Phocea,TM7x,Desulfovibrio,Pradoshia,UBA7702,CAG-492,CAG-1031,CAG-1193,Lacrimispora,Olsenella,Monoglobus,TF01-11
rep400_seed2425	Ruminococcus_F,CAG-354,Cedecea,CAG-964,UBA4716,CAG-217,UBA1786,Psychrobacillus,UBA4372,Gordonibacter,CAG-492,HGM11417,Aneurinibacillus,MGYG000004811,Alterileibacterium,Marvinbryantia,NSJ-50,Succinatimonas,CAG-452,UBA1752,UBA3388,CAG-1000,Weissella,Butyricicoccus_A,UBA11940,UMGS75,RQCD01,HGM11386,UMGS1326,Franconibacter,UBA1417,Anaerotruncus,Prevotella,UMGS1815,UMGS1858,UMGS1384,UBA3818,RUG12045,Selenomonas_C,Haemophilus_D,Aggregatibacter,CAG-485,UBA1822,CAG-917,Lachnoanaerobaculum,UMGS856
rep401_seed2426	Dialister,Weimerbacter,CAG-582,UBA2882,Niameybacter,UMGS1224,OM05-12,UMGS1322,CAG-45,UMGS172,Enterococcus_C,MGYG000004177,Porphyromonas,UMGS363,Granulicatella,SFDB01,CAG-884,MGYG000003490,CAG-390,Treponema_D,CAG-841,Anaerostipes,Neisseria,UMGS1004,Phil1,Sporanaerobacter,MGYG000003855,Proteus,SFJ001,Aggregatibacter,GCA-900066135,AM51-8,Salinicola,Alistipes,Pediococcus,Eubacterium_T,Bacillus_J,NK3B98,Butyricicoccus_A,RUG100,UMGS1994,UMGS2055,Lactiplantibacillus,MGYG000002010,UMGS1766,MGYG000000346
rep402_seed2427	MGYG000004172,SFDP01,QAMH01,Parasutterella,UBA4334,CAG-180,MGYG000004604,Garciella,UMGS1865,RUG131,Kallipyga,UBA11452,SFLA01,Hungatella_A,UBA4716,Oscillibacter,ER4,Catenibacterium,CAG-103,Clostridium_P,UBA6857,AM51-8,MGYG000000745,CAG-288,UMGS1591,CAG-349,UMGS1783,Phoenicibacter,Eubacterium_I,CAG-590,Lacticaseibacillus,CAG-83,Pluralibacter,Blautia_A,Peptoniphilus_E,MGYG000004547,MGYG000002719,Lactococcus,Enorma,Methanosphaera,F0422,COE1,SCN-57-10,CAG-170,Campylobacter_A,UMGS1293
rep403_seed2428	Lachnoclostridium,Phoenicibacter,Duodenibacillus,CAG-314,Lachnospira,MGYG000004874,Stenotrophomonas,NSJ-61,Neobittarella,UBA10281,Anaerosporobacter,UMGS263,Coprococcus_A,CAG-451,RUG11200,Slackia_A,Anaeromassilibacillus,Anaeroplasma,SFGY01,Mixta,BX12,UBA7160,Lentilactobacillus,Firm-07,OM05-12,Granulicatella,UBA1777,Turicimonas,UMGS1690,UCG-010,Providencia,MGYG000000425,Enterococcus_A,UMGS1397,CAG-110,UMGS1663,HGM11525,UMGS856,Mailhella,UMGS1668,CAG-41,Companilactobacillus,Dorea_A,UMGS75,Turicibacter,HGM13862
rep404_seed2429	HGM13618,UMGS1858,Treponema_D,Victivallis,MGYG000004445,Bariatricus,Acidovorax,CAG-314,Scardovia,MGYG000004171,Ruminococcus_G,UBA1822,Eikenella,Providencia,CAG-465,NK4A136,HGM11788,UBA9502,Desulfovibrio,Anaeroplasma,Eubacterium_G,UBA1394,Erysipelatoclostridium,UMGS1387,CAG-45,Coprobacillus,Peptoniphilus_C,Eubacterium_R,CAG-1031,MGYG000002702,CAG-110,Acetatifactor,UMGS1826,Kluyvera,Methanobrevibacter_A,Cloacibacillus,Negativibacillus,RUG115,Ligilactobacillus,F0422,HGM11523,Haemophilus_A,UBA866,Anaeromassilibacillus,UMGS1572,CAG-196
rep405_seed2430	Faecalicoccus,Roseburia,Allisonella,Bacteroides_F,UMGS1994,Pseudescherichia,UBA2882,Barnesiella,Eubacterium_M,Bruticola,Veillonella,Lysinibacillus,HGM13222,Ruminococcus_A,UMGS1783,HGM11788,HGM10836,Yokenella,RUG410,UMGS1864,Enterococcus_A,Phascolarctobacterium,MGYG000004094,Anaerosacchariphilus,MGYG000000425,UMGS1251,HGM13010,CAG-390,UMGS1820,MGYG000004445,Finegoldia,CAG-791,CABIZH01,Neisseria,Butyricicoccus_A,UBA1777,Angelakisella,Eisenbergiella,Borkfalkia,UBA6345,F082,HGM12587,Firm-10,Harryflintia,CAG-115,Firm-07
rep406_seed2431	UMGS1826,QANA01,UMGS1600,QAKS01,Terrisporobacter,MGYG000004380,Victivallis,UMGS946,Agathobacter,SFHK01,CAG-390,NC2004,CAG-841,Mailhella,CAG-349,UMGS1815,UMGS2055,UBA1820,UMGS172,RUG023,Leclercia,UMGS416,CAG-617,Fournierella,OF09-33XD,CAG-594,Faecalimonas,QAMX01,Bilophila,UMGS1976,Anaerococcus,HGM12587,Acetatifactor,UMGS1901,Eubacterium_J,Johnsonella,HGM11523,UMGS1241,Bacillus_A,UBA4285,Clostridium,UMGS363,UMGS75,MGYG000004660,Muricomes,CAG-103
rep407_seed2432	CABIZH01,UMGS1663,Haemophilus_A,Muribaculum,Bulleidia,RUG472,Bacteroides_F,UBA3631,GCA-900066495,UBA4285,UBA940,UMGS1864,CAG-115,Eubacterium_M,Borkfalkia,HGM14224,UMGS1490,KLE1615,Peptoniphilus_E,Lactonifactor,Gabonibacter,Pseudobutyrivibrio,Pauljensenia,Longicatena,Clostridium_E,Acinetobacter,Frisingicoccus,HGM12669,Erysipelatoclostridium,UMGS268,OM05-12,Porphyromonas_A,Mobilibacterium,UBA9414,CAG-353,COE1,Eubacterium_F,UMGS1994,CAG-390,HGM13222,Edwardsiella,HGM11588,RUG115,GCA-900066905,Arcanobacterium_A,CAG-873
rep408_seed2433	UMGS1322,Muricomes,UMGS1312,CACZQA01,SFFH01,MGYG000000286,Fusobacterium_C,TM7x,MGYG000002053,UBA3388,UBA1711,An172,Pygmaiobacter,Citrobacter_A,MGYG000003297,Kosakonia,Succinatimonas,Rubneribacter,Kluyvera,UBA7597,UBA1394,CAG-452,CAG-492,MGYG000004727,An181,MGYG000002696,Anaerocolumna,Lactiplantibacillus,UMGS1518,RUG410,UBA2882,Weissella,Beduini,Phytobacter,UMGS1491,Paenibacillus_A,Weizmannia,UBA1822,CAG-460,Lactobacillus,UMGS1883,HGM11588,UMGS2016,Eubacterium_I,GCA-900066755,Lentilactobacillus
rep409_seed2434	UBA4334,Oribacterium,CAG-475,Longibaculum,UMGS1477,DTU089,Fusobacterium_C,Stenotrophomonas,Veillonella_A,UBA644,Clostridium,Granulicatella,UBA9502,UMGS1883,UBA1737,Bittarella,MGYG000004127,MGYG000003289,HGM11575,UBA7182,Robertmurraya,Enterobacter,Emergencia,Marseille-P3106,Enterocloster,UMGS911,Marseille-P4683,SFDP01,Agathobacter,OF09-33XD,Latilactobacillus,Clostridioides,HGM12587,SFEL01,An172,Slackia_A,Anaeromassilibacillus,Pediococcus,Enterococcus_C,UBA7160,Gabonibacter,Treponema_D,Victivallis,Anaerofustis,Clostridium_P,Bifidobacterium
rep410_seed2435	Staphylococcus,F0422,Rahnella,UMGS946,Lactobacillus,UBA1394,Anaerococcus,UMGS1472,Yersinia,HGM13862,Ellagibacter,MGYG000000350,CAG-582,Gordonibacter,UBA2821,Streptococcus,VUNI01,Fournierella,UBA1390,UMGS1601,Gemmiger,UMGS680,UBA6345,CAG-145,QALS01,Azonexus,UMGS1781,KLE1615,UBA7488,CAG-288,Phascolarctobacterium_A,CAG-45,UMGS1071,UMGS403,MGYG000004061,CAG-495,UBA9475,Selenomonas_A,Dialister,HGM12957,CABIZH01,MGYG000004029,MGYG000004874,Leminorella,HGM11530,Harryflintia
rep411_seed2436	KM106-2,RUG11247,Victivallis,CAG-1193,UBA7182,Raoultella,HGM10836,UMGS1202,HGM05232,Citrobacter_B,Absicoccus,UMGS599,Prevotella,Campylobacter,CAG-41,Oscillibacter,Extibacter,UBA1711,UMGS1375,MGYG000004127,CAG-354,UBA7185,RUG12045,CAG-302,Anaerotignum,CAG-590,MGYG000004727,Pseudomonas_E,Mixta,Weizmannia,UBA6398,Anaerotruncus,Alloprevotella,Massilicoli,RUG705,Ellagibacter,MGYG000004133,CAG-485,Exiguobacterium,UMGS1293,Massiliomicrobiota,Sellimonas,Dialister,CAG-349,UBA1737,Prevotellamassilia
rep412_seed2437	MGYG000000286,VUNA01,Alistipes_A,UMGS1572,Peptoniphilus_A,CAG-273,UMGS416,Lacrimispora,Clostridium_P,CAG-533,UBA6984,Victivallis,Evtepia,Bacteroides,Psychrobacillus,SFFS01,SFTJ01,UMGS2037,Pseudomonas_R,UBA1691,RUG410,Brachyspira,UBA6398,UMGS1613,Olsenella_B,Eubacterium_R,Anaerostipes,UMGS1253,HGM13862,MGYG000002696,HGM11588,Ruminococcus_A,Aneurinibacillus,Rothia,CAG-724,UBA11512,CAG-1000,Corynebacterium,Acidovorax,Lagierella,MGYG000000587,HGM13634,Butyricicoccus_A,CAG-354,UBA3263,MGYG000002683
rep413_seed2438	UMGS1880,Ruminococcus_D,Enterococcus,MGYG000000425,HGM12650,Klebsiella,Raoultella,Companilactobacillus,Senegalimassilia,UMGS577,F082,UBA10677,Massilioclostridium,MGYG000002726,UMGS1600,HGM11416,Lacrimispora,QAKD01,TWA4,UMGS1901,ER4,UMGS1490,Lactiplantibacillus,CAG-964,UMGS1474,RUG420,UC5-1-2E3,UMGS2037,CACZQA01,Lactobacillus,Victivallis,NSJ-61,Bacteroides,Caproiciproducens,Butyrivibrio_A,Lagierella,UBA3818,MGYG000004660,Paramuribaculum,Sellimonas,SFHK01,CAG-83,Methanobrevibacter_A,Clostridium_N,MGYG000003490,Enterocloster
rep414_seed2439	CAG-194,UMGS1307,UMGS1537,Prevotellamassilia,Raoultibacter,Agathobaculum,Klebsiella,UMGS1253,CAG-196,UBA11940,RUG11200,Parvimonas,CAG-274,CAG-603,Amulumruptor,Scardovia,Allisonella,Pygmaiobacter,Eggerthella,SCN-57-10,UMGS882,MGYG000004811,UBA4644,MGYG000003970,UMGS1783,CAG-302,Citrobacter_A,MGYG000004029,MGYG000004556,CAG-628,Peptacetobacter,Eisenbergiella,NSJ-38,An172,UMGS1418,HGM11588,SFJ001,CAG-314,Stenotrophomonas,MGYG000001871,UMGS1601,MGYG000002702,Ruthenibacterium,NK3B98,Kluyvera,HGM13006
rep415_seed2440	Terrisporobacter,Catenibacillus,PeH17,HGM13634,Arabia,CAG-475,CAG-273,Succinivibrio,QANA01,MGYG000004556,MGYG000004177,Corynebacterium,UMGS1670,Slackia_A,UBA5446,Epilithonimonas,Murdochiella,Weizmannia,HGM11530,Parvimonas,HGM11575,UMGS1384,Clostridium_Q,Ruminococcus_G,HGM11788,Ruminococcus_B,UBA4855,Selenomonas_C,UMGS995,Lacrimispora,UMGS1600,CAG-238,UMGS263,CAG-484,MGYG000003970,UBA2821,UMGS1839,Eubacterium_G,Anaeroglobus,UBA11524,SFDB01,Chimaeribacter,HGM13006,Atlantibacter,Eubacterium,CHH4-2
rep416_seed2441	MGYG000000378,Evtepia,CAG-632,UBA636,Anaeromassilibacillus,Sutterella,CAG-710,UBA6382,UMGS1611,Clostridium_Q,Enterococcus,UBA5416,Caproiciproducens,UMGS1851,MGYG000002702,UBA3766,Fusicatenibacter,Robertmurraya,SFTJ01,Eubacterium,UMGS692,UBA11471,UMGS1397,MGYG000000350,CAG-245,CAG-791,Pseudoruminococcus,MGYG000004061,MGYG000003305,Campylobacter,UBA4644,Oxalobacter,Azonexus,UBA1181,UBA3818,Dysosmobacter,Acetivibrio_A,Sporanaerobacter,HGM12587,Agathobaculum,Clostridium_X,MGYG000000425,Monoglobus,RF16,Kallipyga,Gemmiger
rep417_seed2442	Pseudoflavonifractor,UBA738,QANA01,CACZQA01,CAG-312,CAG-884,CAG-194,CAG-882,Butyricicoccus,RUG131,Hungatella,UMGS599,F23-B02,QAKD01,Fusobacterium_C,Garciella,VUNA01,UBA3263,Lawsonibacter,CAG-274,MGYG000004061,CAG-594,MGYG000001903,Firm-10,SFHK01,Hungatella_A,UMGS1572,Robertmurraya,HGM10836,Salinicola,UBA7702,CAG-628,UMGS1312,Atlantibacter,UMGS2016,MGYG000002575,Acutalibacter,Catenibacterium,Criibacterium,F0422,UMGS1326,Fusicatenibacter,MGYG000004443,HGM13862,RUG115,Enorma
rep418_seed2443	Clostridium_AP,HGM04593,MGYG000004029,UBA11940,QAKW01,Scardovia,Butyricicoccus_A,Acetivibrio_A,Clostridium_P,CAG-590,UMGS1668,Ruminococcus_E,1XD42-69,UMGS1826,Bacteroides_F,Bifidobacterium,Moellerella,Fusicatenibacter,SFTJ01,Clostridium_N,Barnesiella,Citrobacter_A,Anaerobutyricum,Lancefieldella,UMGS1387,Bacillus_J,HGM14224,CAG-521,UBA1740,Holdemania,CAG-180,CAG-1193,Eubacterium_R,Granulicatella,CAAHEQ01,UBA7488,UBA1232,Peptostreptococcus,CAG-448,Peptococcus,Merdimonas,UMGS905,Clostridium_B,Weissella,Citrobacter,Stomatobaculum
rep419_seed2444	UMGS1851,UMGS995,UMGS1540,RUG11247,Duodenibacillus,Amedibacterium,NSJ-32,Granulicatella,Hafnia,CAG-628,CAG-180,Citrobacter_B,UBA4285,UMGS1484,MGYG000001903,UMGS1004,Prevotellamassilia,UBA9506,Intestinibacter,CAG-390,Romboutsia,UMGS1690,Bariatricus,RUG472,UBA737,UMGS1338,MGYG000002075,Ligilactobacillus,Mailhella,Paramuribaculum,Cronobacter,Anaerosporobacter,Proteus,HGM12587,Lysinibacillus,MGYG000000387,UBA11517,UMGS1279,Ralstonia,RUG806,UMGS1487,UMGS124,UMGS1071,UMGS403,Megamonas,UBA1737
rep420_seed2445	UMGS1384,CAG-177,UMGS1293,MGYG000004133,UBA11512,Plesiomonas,Acutalibacter,Atlantibacter,CAG-484,Longicatena,UMGS1397,QALS01,UMGS973,UMGS1611,UMGS1004,NSJ-50,Klebsiella_A,Murdochiella,Clostridium_N,Anaerostipes,Pseudoflavonifractor,MGYG000004061,UMGS1375,MGYG000002053,MGYG000003855,CAG-590,Anaerococcus,MGYG000004029,MGYG000004445,Catenibacterium,CAG-127,SFEL01,UMGS363,Lachnoclostridium_A,Clostridium_B,UMGS263,WRGP01,Anaeroglobus,UBA1752,Enterococcus_C,UMGS1307,UBA4871,MGYG000004229,HGM10836,Stenotrophomonas,Borkfalkia
rep421_seed2446	UBA5416,Ligilactobacillus,MGYG000004133,Catenibacillus,UMGS1002,Intestinimonas,MGYG000003490,Agathobacter,Massilistercora,F23-B02,BX12,Succinivibrio,Lachnoclostridium_B,Pediococcus,Aggregatibacter,Campylobacter_B,MGYG000001871,Acetivibrio_A,SFFH01,MGYG000000350,F082,MGYG000004556,Methanomassiliicoccus_A,Clostridium_N,CAG-465,Klebsiella_A,UBA9414,SFVR01,UMGS1889,CAG-313,UMGS1883,UMGS1004,Companilactobacillus,SFFS01,Mesosutterella,QAMM01,UMGS1880,Clostridioides,Clostridium_E,UBA3818,Streptococcus,Enteroscipio,Mitsuokella,CAG-1024,Emergencia,MGYG000004171
rep422_seed2447	Stoquefichus,Ruthenibacterium,Mediterraneibacter_A,MGYG000000456,Psychrobacillus,Cloacibacillus,UBA7748,UMGS1312,HGM12587,CAG-390,Borkfalkia,Sporanaerobacter,HGM13618,MGYG000004811,UMGS172,HGM11501,Salmonella,HGM12998,UBA11512,Sneathia,CAG-793,Blautia_A,UBA940,Ruminococcus_C,Parolsenella,UBA4285,Eggerthella,MGYG000002685,RUG420,Fusobacterium,UMGS1889,F0422,Barnesiella,CAG-452,UBA5905,MGYG000003855,KLE1615,Fenollaria,UBA1822,Extibacter,Anaerotruncus,CAG-56,Eubacterium_T,MGYG000000674,Alistipes_A,JAAYBB01
rep423_seed2448	UBA1409,MGYG000004443,Rahnella,UMGS1889,CAG-495,Akkermansia,UBA7185,Campylobacter_B,Blautia_A,Arcanobacterium_A,D5,Ruminococcus_F,Pseudomonas_R,MGYG000004133,MGYG000004547,MGYG000002216,UBA9414,CAG-475,UBA6984,UBA1820,UBA3766,UMGS1532,CAG-631,UBA7102,HGM12789,Paraprevotella,Atlantibacter,MGYG000000505,Mixta,HGM13618,Morganella,QAKD01,Coprobacter,RUG131,UMGS1613,Yokenella,UBA10281,HGM13634,CAG-145,RUG11247,F23-B02,UMGS1839,Ruminococcus_G,Cellulosilyticum,Romboutsia,UMGS172
rep424_seed2449	Peptococcus,CAG-354,Fusobacterium,Enterococcus_G,An172,Faecalibacterium,MGYG000002696,CAG-557,Moellerella,Dysgonomonas,Gordonibacter,RUG572,CAG-590,UBA1234,CAG-194,Epilithonimonas,MGYG000001953,Rothia,Akkermansia,Psychrobacillus,Azonexus,MGYG000003970,Faecalitalea,HGM11368,HGM05232,UBA5905,TM7x,HGM13862,UMGS1633,F082,HGM10836,Succinivibrio,Hungatella,Lactiplantibacillus,UMGS1071,Weimerbacter,Anaerocolumna,CAG-475,Sutterella,CAG-272,Lawsonibacter,RQCD01,Enterobacter_D,MGYG000000505,Raoultella,Ruminococcus_G
rep425_seed2450	UMGS1418,Vibrio,UBA2856,Haemophilus,UMGS2037,Weissella,Fenollaria,Stomatobaculum,Phocaeicola,HGM12650,UMGS731,SFJ001,Agathobaculum,UBA1740,UBA7488,UBA4644,CAG-217,Campylobacter_A,CAG-1427,Enterococcus_A,MGYG000004029,RQCD01,Victivallis,MGYG000000745,MGYG000000390,Holdemania,Nitratidesulfovibrio,UBA11774,UMGS1633,UBA5920,Anaerotignum,Sneathia,Anaerosporobacter,43-108,MGYG000003970,Lacticaseibacillus,GCA-900066755,Rothia,Gemella,Anaerostipes,CAG-628,UMGS1572,HGM11808,AF33-28,MGYG000003289,MGYG000004112
rep426_seed2451	UBA5416,Bulleidia,UBA1181,Robinsoniella,MGYG000004445,Eubacterium_G,UBA2882,UBA737,HGM13010,Hafnia,UMGS1851,Ruminococcus_B,UC5-1-2E3,CAG-533,MGYG000004229,Anaerobutyricum,HGM13233,HGM10836,Peptostreptococcus,Anaerococcus,Eisenbergiella,UMGS1820,Mailhella,An181,UBA6345,Enterococcus,CAG-831,Porphyromonas_A,AM51-8,MGYG000000728,Enterococcus_A,Eubacterium_T,CAG-632,UBA866,Varibaculum,Bilophila,Bariatricus,UBA1786,UMGS1603,RUG100,Merdimonas,MGYG000000346,QAKD01,Faecalibacillus,Ruminococcus_G,Kluyvera
rep427_seed2452	Butyricicoccus,Parabacteroides,Dorea_B,Franconibacter,Escherichia,Butyricimonas,Mobiluncus,TM7x,UBA1786,RUG705,Hungatella_A,UBA866,Fenollaria,DUOT01,Bilophila,Peptostreptococcus,UMGS1633,Pseudescherichia,UMGS973,UMGS1611,Phocea,UBA4285,Eubacterium_G,MGYG000004850,Enterocloster,Leptotrichia,MGYG000002797,HGM11808,MGYG000004811,Neisseria,CAG-917,Rikenella,Amedibacterium,CAG-196,Faecalimonas,UMGS1994,UBA10281,Ruthenibacterium,Veillonella,CAG-45,MGYG000004061,NK3B98,UMGS1472,UMGS1071,HGM12587,HGM11386
rep428_seed2453	HGM11588,CAG-349,UMGS1601,Mesosutterella,KLE1615,Superficieibacter,QALS01,QANA01,Fusobacterium,HGM13634,Ruminiclostridium_E,Citrobacter,Tidjanibacter,RUG100,UBA9506,CAG-628,CAG-485,Butyricicoccus,Lachnoanaerobaculum,UMGS1815,Garciella,Enterococcus,ER4,Corynebacterium,MGYG000000728,UBA2821,Dysosmobacter,Ligilactobacillus,Serratia,Massilicoli,UBA1394,CAG-632,UMGS1668,MGYG000004604,CAG-710,Paraeggerthella,Fusicatenibacter,Lactococcus_A,CAG-1024,UBA4285,Neobacillus,UMGS75,Faecalicoccus,Campylobacter,Prevotellamassilia,RC9
rep429_seed2454	Fusicatenibacter,RUG410,RUG11200,UCG-010,Hungatella,Aeromonas,UMGS1883,Massiliomicrobiota,Oxalobacter,Salmonella,CAG-303,UBA3263,HGM13233,Ruminiclostridium_E,CAG-314,HGM11616,UBA9506,UBA6398,Pseudescherichia,UMGS263,UMGS1872,Evtepia,Emergencia,CAG-354,Mobilibacterium,UMGS1839,UMGS1004,Coprococcus_A,DUOT01,CAG-288,UBA636,UBA1786,UMGS1370,Alloprevotella,Eubacterium_J,CAG-882,Bittarella,Senegalimassilia,UBA4334,Yokenella,Blautia,Catenibacterium,MGYG000000286,UMGS1623,UBA3818,Muribaculum
rep430_seed2455	UMGS1487,HGM04593,Raoultibacter,VUNA01,Fusobacterium_B,CAAEEV01,NSJ-63,Lachnoclostridium_A,Collinsella,Phil1,CAG-877,Intestinibacter,Gemella,UBA3282,CAG-475,Dorea,UBA738,HGM11616,UBA7702,UBA1752,UBA6857,Clostridioides,Morganella,Monoglobus,Agathobacter,UBA5394,UMGS1815,Faecalitalea,QANA01,Bruticola,43-108,Coprobacter,Scardovia,Varibaculum,MGYG000004660,Enterocloster,UBA644,Frisingicoccus,HGM11416,RUG11200,Oribacterium,QAKS01,UBA4716,Dysosmobacter,HGM11417,MGYG000003855
rep431_seed2456	HGM13010,CAG-776,CAG-313,Amedibacterium,HGM12814,UBA4372,UBA1822,HGM11616,CAG-349,HGM12669,UMGS1696,Anaerosporobacter,Ruminococcus_E,CAG-312,QAKW01,MGYG000003297,UBA7748,UBA1829,CAG-41,UMGS1484,An92,NSJ-61,Eubacterium_F,Veillonella,MGYG000003855,Succinivibrio,CAG-145,Angelakisella,HGM11514,UMGS1540,CAG-488,UMGS1633,Massilicoli,Schaedlerella,UBA5905,UMGS124,Leuconostoc,Phoenicibacter,Clostridium_Q,Psychrobacillus,Enterococcus_C,QAKS01,VUNI01,Peptoniphilus_C,UMGS75,UMGS1490
rep432_seed2457	Citrobacter_B,UMGS577,Salinicola,MGYG000000728,Erysipelatoclostridium,UBA4716,Granulicatella,Vibrio,UBA5416,Enorma,UBA4334,UBA10677,RUG14107,UMGS1613,Haemophilus_D,UMGS1668,Eggerthella,MGYG000004660,UBA1829,Ellagibacter,UMGS1225,Enterococcus,UBA9475,HGM14224,UMGS1484,Acinetobacter,SFFS01,AM51-8,V9D3004,Providencia,Eisenbergiella,UCG-010,CAG-81,UBA737,UMGS1487,Rikenella,NSJ-50,UMGS124,Marseille-P3106,UBA5394,Paraeggerthella,Robinsoniella,CAG-1031,Corynebacterium,Alloprevotella,UC5-1-2E3
rep433_seed2458	Rothia,Phascolarctobacterium_A,HGM11417,PeH17,Eubacterium_R,Eubacterium_I,RUG572,Ruminiclostridium_E,SFLA01,Kluyvera,CAG-492,CAG-194,UMGS1370,Monoglobus,UMGS902,Adlercreutzia,HGM11327,UBA1181,CAAEEV01,UBA6984,MGYG000004061,CAG-590,Selenomonas_C,UMGS1690,HGM10836,Bariatricus,Actinomyces,OM05-12,Peptoniphilus_C,Ezakiella,Parasutterella,UMGS1601,UMGS1663,SFTJ01,Coprobacter,HGM12669,UMGS1322,UBA3766,NSJ-62,Lachnoclostridium_A,CAG-272,UMGS1795,Peptacetobacter,Anaerotruncus,MGYG000000728,JAAYBB01
rep434_seed2459	QANG01,Epilithonimonas,Bacillus_A,UMGS1312,Citrobacter,Clostridium_X,CAG-279,UBA1191,QAMX01,HGM11616,CAG-103,Olsenella,HGM11327,Pseudoruminococcus,UMGS1370,OM05-12,Fannyhessea,HGM12669,CAG-1193,Clostridium_P,CAG-762,Duncaniella,Clostridium_E,Rothia,Neobacillus,Latilactobacillus,Phoenicibacter,MGYG000004445,UMGS1518,RUG472,UMGS1820,Mobilibacterium,Amulumruptor,UMGS1487,UMGS1858,UBA737,Zag111,UBA1417,Enterococcus_D,UMGS1491,UBA11517,MGYG000000346,Lachnoanaerobaculum,Anaerobutyricum,CAG-1024,MGYG000004112
rep435_seed2460	UMGS599,S5-A14a,RUG806,UBA1820,Dysosmobacter,CAG-448,Campylobacter,CAG-762,UMGS1826,Olsenella,UMGS856,Beduini,Bacilliculturomica,Robertmurraya,CAG-449,Lactococcus_A,CAG-710,UBA3263,Psychrobacillus,UBA9475,Enterobacter,Firm-10,UMGS1472,UMGS1307,Robinsoniella,UMGS1004,Salmonella,WG-1,Mobiluncus,NC2004,MGYG000004380,Klebsiella,Blautia,Peptococcus,UBA11774,CAG-776,UMGS1696,Enterocloster,UMGS1781,Paenibacillus,UBA1206,Porphyromonas,Oribacterium,Akkermansia,GCA-900066755,MGYG000004229
rep436_seed2461	NSJ-50,UMGS680,MGYG000000387,HGM11368,Firm-10,Eubacterium_I,RUG11247,QANG01,Haemophilus_A,UBA1740,NSJ-63,HGM11525,MGYG000000728,UMGS1572,Ruthenibacterium,HGM11521,Pradoshia,Phascolarctobacterium,UMGS1474,Fusobacterium_C,Campylobacter,Lawsonella,MGYG000002696,UMGS1810,SFDP01,MGYG000003305,Hafnia,HGM14224,MGYG000000745,Superficieibacter,DUOT01,Plesiomonas,Pantoea,Staphylococcus,UBA644,UBA3263,Lachnoanaerobaculum,Kallipyga,UMGS1326,Lagierella,SFDB01,UMGS1487,UMGS1253,CAG-269,UBA1691,CAG-83
rep437_seed2462	UBA7160,UBA3282,Lactiplantibacillus,Firm-07,UMGS1322,UMGS1109,CAG-475,UBA7102,RUG472,Dysosmobacter,UMGS2055,Murdochiella,Aeromonas,QALS01,UMGS1600,Akkermansia,UBA6345,QAKS01,Mailhella,SFDB01,NK4A136,UBA1786,MGYG000003945,CAG-180,Acidaminococcus,Mobiluncus,Yersinia,F23-B02,CAG-603,UMGS1883,Weimerbacter,CAAEEV01,Escherichia,UMGS1474,Porphyromonas_A,Monoglobus,Alterileibacterium,Clostridium_P,CAG-873,CAG-724,Caproiciproducens,Azonexus,COE1,Hydrogeniiclostridium,MGYG000002216,UBA1829
rep438_seed2463	Alterileibacterium,MGYG000003855,UMGS1601,WRGP01,UMGS1976,Granulicatella,Mediterraneibacter,CAG-1031,NSJ-50,Pediococcus,Succinatimonas,RUG11200,MGYG000000674,Faecalibacillus,Pseudobutyrivibrio,Sneathia,Criibacterium,Enterobacter_A,TF01-11,TWA4,MGYG000004133,Fusicatenibacter,QALS01,HGM13006,UMGS1668,Phytobacter,MGYG000000346,UBA1375,Peptococcus,Enterocloster,CAG-877,Prevotella,GCA-900066755,UMGS268,MGYG000004850,UMGS1783,CAG-279,Niameybacter,PeH17,MGYG000002216,UBA3766,Hydrogeniiclostridium,Roseburia,CAG-873,SFMI01,MGYG000002696
rep439_seed2464	MGYG000000387,Psychrobacillus,UMGS1633,UBA9414,UMGS1591,Aggregatibacter,UMGS1388,UBA1409,Gabonibacter,UMGS1322,UBA1390,An92,Sutterella,Porphyromonas_A,Cedecea,NSJ-62,Staphylococcus,Kluyvera,OM05-12,HGM11616,CAG-1193,UBA7597,CAG-354,BX12,HGM11507,Tidjanibacter,Akkermansia,Bruticola,Ruminococcus_C,Eubacterium_R,Veillonella_A,HGM12587,MGYG000004547,MGYG000003270,UBA6857,Campylobacter_A,MGYG000004811,Anaeroglobus,NSJ-63,Gastranaerophilus,HGM11808,Phocaeicola,UMGS75,UBA1691,HGM12650,CAG-884
rep440_seed2465	Bacteroides,UBA1409,UMGS1338,Peptostreptococcus,CAG-452,CAG-110,Blautia_A,UBA1191,MGYG000004229,F0422,Granulicatella,CAG-41,UBA866,CAG-485,Anaeroplasma,Firm-10,Eubacterium,Pradoshia,HGM12814,Enterobacter_D,NK3B98,UBA6345,Proteus,Phil1,MGYG000000390,Bittarella,UMGS1477,UBA1731,Rikenella,Ruminococcus_C,RUG410,MGYG000004660,Limosilactobacillus,CAG-964,MGYG000003945,HGM13006,Weissella,UBA10677,CAG-449,NK4A136,CAG-349,ER4,Ruminococcus_G,UMGS1491,CAG-390,Clostridium_X
rep441_seed2466	UBA866,Cronobacter,Eubacterium_F,HGM11507,UMGS1326,Parabacteroides,Kluyvera,CAG-314,Mediterraneibacter_A,UBA7748,UMGS1052,RUG115,CAG-510,UMGS1071,MGYG000004660,Eggerthella,MGYG000002075,CAG-45,UMGS263,BX12,UBA7173,UMGS1370,MGYG000003289,Bacillus_A,Clostridium_B,Clostridium_A,UBA1685,Flavonifractor,Haemophilus_A,Paenibacillus_A,Paraeggerthella,UBA1737,Peptoniphilus_C,UBA3402,Faecalibacillus,Emergencia,CAG-279,CABIZH01,Enterobacter_D,CAG-451,Desulfovibrio,Acetivibrio_A,Acinetobacter,Intestinibacter,UBA4644,Peptostreptococcus
rep442_seed2467	Peptoniphilus_C,Cedecea,Methanomassiliicoccus_A,Sporanaerobacter,UMGS1202,UMGS1002,MGYG000000456,UBA1232,AF33-28,UMGS1241,UBA2856,Cloacibacillus,Hydrogeniiclostridium,Campylobacter_A,SFDB01,CAG-354,UMGS1783,Ezakiella,MGYG000003490,UMGS1839,Victivallis,Atlantibacter,CAG-521,UMGS1858,MGYG000002685,Arabia,HGM11788,UBA6382,Clostridium_P,Parvimonas,UMGS1668,Enterocloster,Varibaculum,HGM13233,SFEL01,Parolsenella,Gemella,Aneurinibacillus,CAG-194,CAG-1031,Pseudoflavonifractor,UBA11471,Eggerthella,Klebsiella_A,Prevotellamassilia,UMGS1889
rep443_seed2468	Chimaeribacter,CAG-594,DUOT01,UMGS1663,Oribacterium,GCA-900066905,Pauljensenia,HGM05232,Lachnoanaerobaculum,QALR01,Alloprevotella,UBA10281,Citrobacter,TWA4,CAG-1427,Pantoea,Edwardsiella,Mixta,UC5-1-2E3,RUG13868,Sporanaerobacter,MGYG000004133,Peptostreptococcus,Ruminococcus_E,HGM11514,Lactobacillus,Olsenella,UMGS1611,Christensenella,NSJ-50,CAG-417,Haemophilus_A,HGM11521,MGYG000000728,CAG-762,HGM13010,Ruminiclostridium_E,QAKD01,CAG-710,OF09-33XD,CAG-631,MGYG000000574,SFDP01,CAG-217,UMGS1783,Lawsonibacter
rep444_seed2469	MGYG000000456,UMGS2016,Cellulosilyticum,Mediterraneibacter,CAG-492,UBA11517,Pygmaiobacter,Peptococcus,CAG-411,UBA1777,Dysosmobacter,Pauljensenia,Enterococcus_A,Aeromonas,Enterococcus_C,Cedecea,Ruminococcus,HGM12998,UMGS1384,Niameybacter,F0040,UMGS1338,UBA3402,UBA6857,Zag1,UMGS1326,HGM11588,Frisingicoccus,UMGS1375,Anaerobutyricum,CAG-81,Clostridium_P,CAG-557,MGYG000003305,UBA1181,Escherichia,Robertmurraya,UBA4855,Companilactobacillus,Eubacterium_F,JAAYBB01,CAG-451,UBA945,Peptoniphilus_E,CAG-495,MGYG000000505
rep445_seed2470	UBA1737,Lachnoanaerobaculum,43-108,UBA11452,MGYG000000350,MGYG000004811,Leuconostoc,Massilioclostridium,UMGS1293,VSOB01,Enterococcus_D,Limosilactobacillus,Pradoshia,UBA4644,CAG-1193,RUG472,Pseudomonas_R,UBA10677,Butyrivibrio_A,CAG-1000,Christensenella,HGM12814,MGYG000004850,NSJ-63,Raoultella,UMGS599,Neobittarella,UMGS1820,UMGS172,An181,Haemophilus_A,Arabia,Peptoniphilus_E,Peptostreptococcus,Ruminococcus_A,Lactobacillus,Dielma,MGYG000000346,UBA1259,UMGS1253,ER4,Selenomonas_C,Holdemania,CAG-964,Proteus,UBA5026
rep446_seed2471	UMGS692,UBA737,Dorea,RF16,Murimonas,Lachnoanaerobaculum,UBA1711,UBA3402,Faecalicoccus,UMGS1781,AF33-28,Haemophilus_D,UBA7102,Stoquefichus,UMGS1901,CAG-314,UMGS1601,Sneathia,Enterococcus_B,Rahnella,UBA1417,MGYG000004445,HGM11788,CAG-762,Mailhella,UMGS1613,UBA10281,Morganella,HGM11521,Succiniclasticum,Adlercreutzia,Leminorella,UMGS1251,V9D3004,UBA11512,SFFH01,CAG-462,Lactococcus,Phytobacter,Arcanobacterium_A,CAG-177,Evtepia,Desulfovibrio,Corynebacterium,Acetivibrio_A,Acidaminococcus
rep447_seed2472	UBA5446,MGYG000001903,Eubacterium_M,UMGS1312,MGYG000000574,UMGS1633,UBA737,MGYG000004172,RUG420,CAG-791,WRGP01,UMGS1241,Pseudomonas,Faecalimonas,UBA7488,MGYG000000587,Stomatobaculum,CAG-485,Hungatella,Megamonas,CAG-302,UBA11452,Lactonifactor,CAG-390,CAG-557,Enterobacter_D,Eubacterium_R,HGM11372,UMGS911,Epilithonimonas,RUG11247,MGYG000003270,Bacilliculturomica,NC2004,UMGS1540,Coprococcus,Eubacterium,43-108,Acidaminococcus,Yokenella,Firm-07,Mediterraneibacter,Cedecea,CAG-462,Gabonibacter,CAG-303
rep448_seed2473	Firm-07,HGM11808,Pantoea,UBA3388,Oxalobacter,MGYG000001871,UMGS1880,UMGS1052,Anaerofustis,S5-A14a,UMGS2055,HGM11616,UMGS1490,CAG-791,UBA9506,CAG-41,UMGS1864,MGYG000002696,UBA1417,CAG-590,CACZQA01,Collinsella,UMGS172,UBA7057,MGYG000003270,CAG-274,Serratia,MGYG000002719,Holdemania,Parvimonas,Faecalicoccus,Chimaeribacter,CAG-110,CAG-882,Prevotellamassilia,MGYG000003970,MGYG000001953,Enterococcus_D,UBA6398,HGM11530,Enteroscipio,CAG-115,Eubacterium_R,Citrobacter,CAG-462,HGM12669
rep449_seed2474	CAG-302,UMGS1613,MGYG000003490,NSJ-38,CAG-448,CAG-791,CAG-217,Turicibacter,UMGS1338,Lawsonibacter,MGYG000003289,WRGP01,Enterococcus_B,Acidaminococcus,UMGS1783,NSJ-32,UMGS882,UMGS1441,Eisenbergiella,Romboutsia,Alistipes_A,HGM13618,Erysipelatoclostridium,UBA1822,Peptoniphilus_A,UBA4644,Evtepia,UMGS1603,Olsenella_B,CAG-492,Enorma,MGYG000003297,Gastranaerophilus,Campylobacter,MGYG000004133,Muricomes,Cloacibacillus,CACZQA01,Prevotella,Parolsenella,Absicoccus,UMGS1241,Eggerthella,UMGS1109,Aggregatibacter,CAG-451
rep450_seed2475	RUG472,QALS01,Neisseria,CAG-45,UMGS1312,Eubacterium_G,Ruminococcus_F,HGM12814,CAG-1024,Anaerocolumna,HGM11588,Companilactobacillus,Lacticaseibacillus,Harryflintia,Enorma,CAG-632,CAG-617,Scardovia,Enterobacter_D,Oscillibacter,SFFS01,Clostridium_F,MGYG000000574,Acetatifactor,MGYG000002053,Clostridium_X,UBA945,BX12,UBA5905,MGYG000003297,UMGS1883,SFEL01,Butyricimonas,Lachnospira,Pseudescherichia,UBA6398,Finegoldia,UBA1206,UBA7057,SFFH01,MGYG000000350,Stoquefichus,SFHK01,Ruminococcus_E,UMGS929,Selenomonas_C
rep451_seed2476	MGYG000003945,Corynebacterium,Cellulosilyticum,NSJ-61,QALS01,Peptostreptococcus,CAG-710,UBA6382,Gemella,GCA-900066905,Enterocloster,RUG806,Phytobacter,UMGS1477,Succinatimonas,Clostridium_F,MGYG000004127,NC2004,NSJ-62,Fusobacterium_C,CHH4-2,Massilioclostridium,UBA5920,HGM11416,UMGS1865,Prevotellamassilia,CAG-288,HGM11523,UBA9414,MGYG000003297,UMGS2055,Clostridium_B,MGYG000002726,NSJ-63,UMGS2037,RUG572,Beduini,UMGS1307,UMGS929,MGYG000004443,UBA3631,UBA1829,CAG-882,UMGS1696,Roseburia,Cutibacterium
rep452_seed2477	UBA4855,Anaerofustis,HGM11327,Amulumruptor,Yersinia,Parvimonas,AM07-15,Clostridium_Q,MGYG000002719,CAG-776,UBA5416,CAG-349,HGM12998,Eubacterium_J,SFEL01,Ruminiclostridium_E,Clostridium_AQ,UBA6857,UMGS874,UBA3402,Klebsiella,Phascolarctobacterium,Massilistercora,Succinivibrio,Anaerosalibacter,Faecalicoccus,SFJ001,Slackia,HGM04593,Staphylococcus,Nitratidesulfovibrio,Schaedlerella,Leminorella,Murimonas,UBA1232,CHH4-2,UBA636,UMGS946,UMGS363,MGYG000004229,Phil1,Evtepia,MGYG000004177,UMGS1976,Terrisporobacter,Beduini
rep453_seed2478	HGM13862,MGYG000004061,CAG-617,UMGS1975,QALR01,UMGS874,Enterococcus,Citrobacter_B,Psychrobacillus,Corynebacterium,MGYG000004172,UBA945,Eubacterium_M,Fournierella,Kallipyga,SFHK01,UMGS1810,CAG-110,UBA2883,Slackia_A,Hydrogeniiclostridium,CAG-349,Clostridium_P,MGYG000004660,MGYG000004380,Blautia_A,Phascolarctobacterium,Muricomes,MGYG000000574,MGYG000000456,UMGS1590,SFLA01,TWA4,Phil1,F23-B02,MGYG000003305,Akkermansia,CAG-557,UMGS1851,Ruminococcus_F,CAG-196,UBA6382,CAG-533,UMGS403,Murimonas,S5-A14a
rep454_seed2479	HGM04593,Alistipes,MGYG000004094,UBA11940,UMGS995,HGM11507,UMGS1251,Morganella,SFDP01,SFFH01,NSJ-32,MGYG000004547,Sutterella,Clostridioides,Mixta,Slackia,Hungatella_A,CAG-56,UMGS905,VSOB01,MGYG000002696,CAG-390,UMGS1472,Phascolarctobacterium_A,HGM13618,CAG-964,RF16,CAG-452,CAG-460,Peptacetobacter,D5,UMGS1487,Bacteroides,Stoquefichus,Anaerocolumna,Dorea_A,MGYG000004061,UBA10281,HGM11616,UBA1829,Methanomassiliicoccus_A,Streptococcus,UBA1181,Providencia,Brachyspira,Franconibacter
rep455_seed2480	CAAHEQ01,Cronobacter,SFGY01,Lactiplantibacillus,UBA5026,1XD42-69,Superficieibacter,MGYG000000425,CAG-510,Yokenella,Ruminococcus_A,Plesiomonas,UBA636,HGM11507,Haemophilus,Neobacillus,UMGS1052,Megasphaera,Arcanobacterium_A,Kallipyga,Succiniclasticum,Bruticola,KLE1615,Senegalimassilia,UMGS1865,CAG-349,Butyricicoccus_A,Schaedlerella,Clostridium_AP,UMGS1611,CAG-279,CAG-1031,Bulleidia,Intestinimonas,UBA9414,UMGS946,Moellerella,Fenollaria,UBA9475,Methanosphaera,UMGS1603,CAG-521,Oscillibacter,Faecalibacillus,Lentilactobacillus,Morganella
rep456_seed2481	CAG-417,Providencia,UMGS1052,CAG-1000,DTU089,Niameybacter,CAG-841,UMGS403,QAMM01,RUG806,UMGS973,RC9,CAG-791,Megamonas,UBA11517,MGYG000004177,VUNI01,MGYG000000425,Phytobacter,Leminorella,Phascolarctobacterium_A,UC5-1-2E3,UMGS731,MGYG000000505,Slackia,Salmonella,UMGS1839,MGYG000004660,HGM11368,MGYG000002719,Alistipes_A,UMGS1490,UBA5905,NSJ-32,Amedibacterium,UBA7488,F23-B02,CAG-1024,UBA1181,WG-1,Fusicatenibacter,Marvinbryantia,UBA1191,Pygmaiobacter,Bacilliculturomica,AM07-15
rep457_seed2482	UBA1191,KM106-2,CAG-317,RUG572,CAG-196,CAG-194,UBA9475,Stomatobaculum,UCG-010,UMGS1611,Fournierella,UBA5394,UMGS1004,CAG-448,Amedibacillus,SFEL01,HGM14224,Yokenella,UBA866,Neobittarella,Victivallis,Salinicola,HGM11501,Pseudobutyrivibrio,Adlercreutzia,Vibrio,UMGS263,UMGS363,HGM12713,CAG-582,Firm-10,Caproiciproducens,CAG-632,Niameybacter,UMGS929,Muribaculum,UBA1829,Ruminococcus_F,Terrisporobacter,KLE1615,F0040,QAMM01,1XD42-69,HGM11525,Brachyspira,Megasphaera
rep458_seed2483	UBA1417,UMGS1851,UBA4285,HGM11788,Agathobaculum,Allisonella,Franconibacter,MGYG000004172,Amedibacterium,Rubneribacter,MGYG000000286,CAG-1024,UMGS1783,Cetobacterium_A,AM07-15,UMGS1601,VSOB01,CAG-510,MGYG000002683,Clostridium_J,UBA1685,UMGS995,Anaerococcus,CAG-884,Ruminococcus_C,BX12,MGYG000002719,MGYG000004112,Paraeggerthella,UMGS874,Angelakisella,Ruminococcus_F,Neisseria,UBA636,UBA9502,UBA11774,UMGS363,UMGS1572,Raoultibacter,Firm-07,Lawsonella,CAG-279,UBA7173,Peptococcus,Acidovorax,Olsenella
rep459_seed2484	UMGS1397,CAG-269,Olsenella,Criibacterium,MGYG000002758,CAG-56,CAG-238,CAG-462,Clostridium_AQ,Mobiluncus,QAMH01,F23-B02,Merdimonas,Pediococcus,F082,NC2004,An181,CAG-312,CAG-628,Eubacterium_I,Cutibacterium,Erysipelatoclostridium,MGYG000004445,Fusobacterium,Murimonas,Succiniclasticum,Yersinia,Slackia,Megamonas,MGYG000000378,Anaerofustis,UBA1390,Haemophilus_D,WG-1,Pluralibacter,HGM12957,UMGS1071,UMGS1052,Actinobaculum,CAG-793,Eubacterium_F,CAG-594,Murdochiella,Marseille-P3106,UBA7057,MGYG000003289
rep460_seed2485	CAG-451,Succinatimonas,Clostridium_B,UMGS1815,CAG-594,Senegalimassilia,F0422,Allisonella,MGYG000000728,UMGS911,UBA4372,Mediterraneibacter,Succiniclasticum,Johnsonella,CAG-1000,HGM11501,UBA4871,UBA1731,Olsenella_B,MGYG000000425,UBA1777,Lancefieldella,Desulfovibrio,VSOB01,CAG-302,UBA945,UMGS874,Longibaculum,UBA5920,Megamonas,UMGS1326,CAG-217,Caecibacter,Bilophila,Zag1,UBA3818,UBA2883,UBA3766,UMGS1820,Parabacteroides,CAG-964,Slackia_A,UMGS1670,UBA11940,Neobacillus,CAG-313
rep461_seed2486	Caproiciproducens,HGM12713,CAG-103,MGYG000003305,MGYG000002685,Parabacteroides,UMGS1225,Dialister,CAG-272,RUG572,UMGS1293,CAG-217,UBA5446,Leclercia,CAG-841,Faecalicoccus,Emergencia,UBA3388,Morganella,Lachnoanaerobaculum,HGM11575,Succinivibrio,UMGS1224,UMGS1670,CAG-390,CAG-127,Ruminiclostridium_E,Acinetobacter,UBA7748,CAG-41,CAAEEV01,Dorea,NK3B98,Lawsonella,CAG-822,CAG-449,UBA4644,Paraclostridium,CAG-238,CAG-313,Prevotellamassilia,RUG705,UBA6345,HGM11386,UBA945,UBA7057
rep462_seed2487	NK4A136,Dysosmobacter,Acetatifactor,UMGS1109,UMGS1633,CAG-882,Lawsonella,Dielma,SFFH01,UBA1259,CAG-390,UBA1409,Borkfalkia,Mobilibacterium,Pediococcus,Murdochiella,UMGS1225,UMGS1384,Porphyromonas_A,MGYG000002216,UBA5026,Zag1,Kallipyga,Clostridium_Q,Phil1,CAG-177,Campylobacter_B,CAG-884,CAG-115,Firm-11,Zag111,Faecalitalea,MGYG000004874,UMGS1883,Butyricicoccus_A,Christensenella,Peptoniphilus_C,UBA1752,F0422,UMGS1901,Sneathia,Amedibacillus,UBA6398,Enterococcus_A,Hydrogeniiclostridium,Butyricicoccus
rep463_seed2488	UMGS416,Anaerostipes,Lacrimispora,Lachnoclostridium_A,HGM11386,CAG-317,Slackia_A,UMGS1225,Eubacterium_G,Monoglobus,Citrobacter_A,Clostridium_N,Frisingicoccus,MGYG000002719,MGYG000004172,MGYG000002683,Allisonella,UMGS680,Succinivibrio,UMGS1864,Massilistercora,Dielma,SFEL01,UBA4871,Butyricicoccus,CAG-475,SFFH01,Cellulosilyticum,CAG-521,UMGS856,NK4A136,MGYG000003289,Vibrio,UMGS1253,HGM12957,HGM12587,HGM11530,Firm-07,Fournierella,UBA3402,MGYG000004171,Methanosphaera,CAG-1024,Lactobacillus,UBA4716,CAG-103
rep464_seed2489	QANG01,Coprococcus,Weissella,Peptococcus,Campylobacter,UBA11524,UMGS1279,UBA1259,Senegalimassilia,UBA644,Lachnoclostridium_B,UBA2821,HGM11530,COE1,Proteus,CAG-724,Corynebacterium,Rubneribacter,Amulumruptor,Succinatimonas,Paenibacillus_A,UMGS1840,Succinivibrio,Alistipes_A,Franconibacter,MGYG000004811,Pluralibacter,ER4,HGM12669,Cloacibacillus,CAG-272,UBA2882,Romboutsia,CAG-495,Brachyspira,Longibaculum,HGM12814,An181,Sutterella,UMGS1109,CAG-628,Parasutterella,Acidaminococcus,UMGS1224,SFVR01,Coprobacillus
rep465_seed2490	Megasphaera,Varibaculum,RUG131,Granulicatella,UMGS1688,RF16,HGM12814,UBA2882,CAG-510,MGYG000000505,MGYG000004445,Pseudoflavonifractor,UBA4372,UBA11452,51-20,CAG-127,Clostridium_P,Franconibacter,Ezakiella,Oribacterium,UMGS1901,Lachnoclostridium,HGM11530,CAG-485,HGM13862,Peptococcus,UMGS1872,HGM11507,UMGS1880,GCA-900066755,Fannyhessea,Bruticola,Klebsiella_A,Acinetobacter,HGM11808,Enterobacter_A,Beduini,CAG-882,Terrisporobacter,NSJ-61,Anaerosporobacter,Azonexus,MGYG000000350,CAG-1427,Leminorella,Staphylococcus
rep466_seed2491	Clostridium_B,Veillonella_A,CAG-196,RUG572,Alterileibacterium,Bacillus_A,NK3B98,QALS01,HGM11788,UBA1711,CAG-873,UMGS1312,HGM04593,Rikenella,HGM11525,CAG-492,Kallipyga,CAG-245,MGYG000003297,UBA1752,CAG-628,Methanomassiliicoccus_A,F23-B02,MGYG000000745,Alistipes_A,HGM12650,UMGS1004,Lactococcus_A,MGYG000000350,Staphylococcus,Dorea,Anaerotignum,UMGS1491,Lactobacillus,UMGS1864,MGYG000002685,UBA9475,UMGS1663,Peptoniphilus_E,Streptococcus,MGYG000000425,Haemophilus_D,Beduini,CAG-488,Peptoniphilus_B,QAMM01
rep467_seed2492	NK3B98,QANA01,Fusobacterium_A,Sutterella,Edwardsiella,Holdemania,Catenibacillus,Flavonifractor,Hungatella_A,HGM11372,Leminorella,UMGS577,NSJ-63,Bifidobacterium,UMGS1537,Mitsuokella,Criibacterium,NSJ-61,Sellimonas,Anaerococcus,Clostridium_AP,CAG-115,Eubacterium_M,Pediococcus,Borkfalkia,Pseudescherichia,Clostridium_J,Clostridium,OM05-12,UMGS1994,Companilactobacillus,CAG-110,UBA5026,ER4,CAG-617,QALW01,MGYG000000350,Arabia,F0422,Butyrivibrio_A,Haemophilus,HGM11416,RUG420,UBA9502,Pygmaiobacter,Stenotrophomonas
rep468_seed2493	F0422,MGYG000003490,RUG131,UMGS1326,Succiniclasticum,UMGS1601,Borkfalkia,Megamonas,Anaerobutyricum,UBA7173,CAG-590,51-20,Agathobaculum,CAG-41,Firm-10,RC9,Pseudobutyrivibrio,Methanomassiliicoccus_A,Phytobacter,Pediococcus,QANG01,NC2004,UMGS1071,COE1,Cronobacter,CAG-180,Lactococcus_A,Parvimonas,Frisingicoccus,SFDP01,Zag1,MGYG000002575,Enterococcus,F082,CAG-353,CAG-417,Longibaculum,UMGS599,Haemophilus_D,Amedibacterium,HGM11507,RUG11200,UBA11940,Haemophilus,UBA1685,Coprococcus_A
rep469_seed2494	UMGS1370,UMGS1865,VUNI01,Phytobacter,RUG13868,HGM11788,Eubacterium_R,Pseudomonas,Leminorella,Enterococcus,Anaeromassilibacillus,UBA1731,Bittarella,Enterococcus_A,Massilicoli,UBA866,Roseburia,Duncaniella,MGYG000002075,UMGS1002,UMGS1976,CAG-83,UMGS363,MGYG000000587,CAG-103,Sporanaerobacter,Ruminococcus_E,Merdibacter,RUG806,CACZQA01,Limosilactobacillus,Holdemania,UBA5394,UMGS946,UBA5884,MGYG000003297,HGM13618,UBA3282,Latilactobacillus,UBA10281,Intestinibacter,CAG-449,UMGS1225,Longibaculum,UMGS1375,Negativibacillus
rep470_seed2495	UBA9506,Marseille-P3106,Staphylococcus,MGYG000002758,UBA866,MGYG000002696,CAG-273,Mixta,UBA1820,Peptacetobacter,UMGS966,Peptostreptococcus,CAG-877,UMGS1225,Lactococcus_A,Peptoniphilus_A,SFJ001,HGM12669,AM07-15,Ruminococcus_D,UBA5416,Phytobacter,Pyramidobacter,CAG-194,CAG-484,UBA3402,CAG-103,MGYG000002010,D5,CAG-45,UMGS1370,Frisingicoccus,CAG-882,Ruthenibacterium,UMGS1880,Gemmiger,Adlercreutzia,MGYG000002702,Eubacterium,CAG-495,Roseburia,RQCD01,UBA3263,Intestinibacter,Criibacterium,UBA4285
rep471_seed2496	MGYG000004445,HGM13222,CAG-521,MGYG000004171,SFEL01,UMGS1600,UMGS1387,Dorea,Raoultibacter,UMGS577,Lactonifactor,Extibacter,Sporanaerobacter,MGYG000004029,Haemophilus_D,Peptococcus,Eubacterium,CAG-603,GCA-900066495,UMGS1202,HGM13010,CAG-1427,RUG11200,CAG-873,CAG-762,Butyricicoccus,CAG-631,QAMH01,Enterococcus_B,CAG-288,Eikenella,Alistipes_A,Ruminococcus_E,UMGS1338,CAG-485,UBA1740,Franconibacter,CAG-594,UMGS995,CAG-194,Peptostreptococcus,Romboutsia,VUNI01,RUG12045,HGM11514,MGYG000000745
rep472_seed2497	HGM11525,MGYG000004094,AM51-8,Agathobaculum,Murimonas,GCA-900066135,MGYG000002797,GCA-900066905,Pseudomonas,CAG-465,UMGS1484,WG-1,CAG-177,MGYG000000456,CAG-83,Pantoea,CAG-557,UMGS1540,RUG023,UMGS1253,Leptotrichia,MGYG000004133,UMGS1312,CAG-313,CAG-288,UMGS1572,MGYG000002683,UMGS1668,51-20,Raoultella,UBA1390,Oribacterium,Lactococcus,CAG-56,UBA1191,Angelakisella,HGM12669,UMGS1826,F23-B02,Companilactobacillus,Phytobacter,UMGS905,NSJ-61,UMGS1293,UMGS1600,CAG-272
rep473_seed2498	QANA01,CAG-417,Eggerthella,Citrobacter_A,MGYG000004171,MGYG000004172,UMGS1815,PeH17,NK4A136,HGM12650,HGM11525,HGM14224,Negativibacillus,NSJ-38,NSJ-62,Gemmiger,CAG-303,CAG-1024,UBA10677,HGM11530,CAG-492,UMGS929,Amedibacillus,GCA-900066495,UMGS1696,Bacteroides,Cronobacter,UMGS1071,UBA1737,UBA1820,UBA3263,Corynebacterium,UMGS1810,CAG-269,SFDB01,Kluyvera,HGM11616,UMGS1338,Collinsella,MGYG000000425,QAKW01,Ellagibacter,Citrobacter,Peptoniphilus_C,Stenotrophomonas,UBA2882
rep474_seed2499	UBA5026,MGYG000004604,Parvimonas,HGM10836,CAG-354,CAG-180,OF09-33XD,UBA1786,Fusobacterium_A,51-20,Rubneribacter,Bilophila,CAG-460,UMGS1613,MGYG000004177,MGYG000002053,Johnsonella,CAG-1193,UBA5416,COE1,OM05-12,UMGS1858,Garciella,CAG-353,UBA11512,Tidjanibacter,Terrisporobacter,Edwardsiella,Dorea_B,Citrobacter_A,UBA4716,Haemophilus_A,UMGS1202,UMGS1540,D5,UMGS1623,Pseudobutyrivibrio,BX12,Anaerocolumna,UBA4644,Robinsoniella,Clostridium_AQ,Exiguobacterium,Phascolarctobacterium_A,SFDP01,UMGS1002
rep475_seed2500	UMGS1418,UMGS1766,Anaerosalibacter,UMGS1826,Finegoldia,Exiguobacterium,Prevotella,Anaerobutyricum,HGM12713,Sellimonas,CAG-521,UBA11512,CAG-279,Ruminococcus_B,Pseudoruminococcus,MGYG000003289,UMGS1388,HGM13862,NSJ-50,Eisenbergiella,Pseudomonas,UMGS1851,TF01-11,CAG-314,Parvimonas,UMGS2016,MGYG000001871,Acidovorax,Methanomassiliicoccus_A,Eubacterium_R,Harryflintia,RUG131,Parabacteroides,UMGS946,UMGS1572,Hafnia,UMGS911,CACZQA01,SFDP01,OF09-33XD,HGM12650,CAG-510,UMGS416,Olsenella_B,UMGS1696,HGM11386
rep476_seed2501	Pseudescherichia,Selenomonas_C,Campylobacter,Eubacterium_J,CAG-177,UMGS1002,Phascolarctobacterium,Amulumruptor,Veillonella,Angelakisella,VUNI01,Rothia,UBA3282,CAG-873,Anaerocolumna,UBA3263,HGM11514,Serratia,UMGS1795,UMGS1384,UBA4855,MGYG000000745,Peptoniphilus_C,Paenibacillus,CAG-590,Eubacterium_T,Enorma,Epilithonimonas,UBA4372,Butyricimonas,Neobacillus,UBA9414,VUNA01,Bittarella,MGYG000000387,MGYG000004171,UBA3402,CAG-312,MGYG000002216,CAG-417,Tidjanibacter,Franconibacter,Aeromonas,CAG-488,Clostridium_P,UMGS1839
rep477_seed2502	UMGS75,HGM11507,CAG-83,CAG-632,Paraclostridium,D5,Pauljensenia,Bittarella,Eubacterium_G,Citrobacter_B,Angelakisella,UMGS1623,Acinetobacter,Rothia,Haemophilus,CAG-313,1XD42-69,Zag1,Gordonibacter,UMGS1052,Franconibacter,HGM11368,CAG-448,CAG-628,Acetatifactor,Massilicoli,Barnesiella,MGYG000004171,MGYG000000346,Faecalitalea,Phascolarctobacterium,Frisingicoccus,UMGS1532,Olsenella_B,CAG-303,UBA940,CAG-831,UBA2883,UMGS1491,Duodenibacillus,Veillonella,Escherichia,MGYG000004177,HGM11525,CAG-238,UMGS692
rep478_seed2503	KLE1615,CAG-196,UMGS124,Providencia,Raoultibacter,Lancefieldella,UBA6857,Turicibacter,CAG-791,Nitratidesulfovibrio,RUG14107,UMGS1322,Lachnoclostridium,Massilioclostridium,UBA5905,MGYG000000674,Anaerococcus,HGM11501,Dielma,Massilistercora,Faecalitalea,MGYG000004171,CAG-884,Succiniclasticum,Bulleidia,Arabia,SFDB01,MGYG000004177,Sodaliphilus,Bacillus_A,CAG-484,Anaeromassilibacillus,CAG-475,Varibaculum,HGM13006,UMGS1591,CAG-353,MGYG000000346,Mitsuokella,MGYG000000378,UMGS1052,UBA5809,QALR01,Enterobacter_A,UMGS1532,SFMI01
rep479_seed2504	UBA1822,UMGS1241,Cronobacter,MGYG000000286,UMGS1338,Lawsonella,Beduini,UBA11517,CAG-964,Acinetobacter,HGM11507,SFFS01,UBA11940,Lentilactobacillus,Turicimonas,Eggerthella,Bacteroides_F,Anaerosalibacter,Clostridium,Ruminococcus,Peptococcus,UBA3631,MGYG000003490,SFGY01,Dorea_B,Lagierella,HGM04593,UMGS1668,Bittarella,Enterococcus_C,UMGS1601,Alloprevotella,Negativibacillus,Enterococcus_D,UMGS1224,UBA2882,UMGS1279,OM05-12,Weimerbacter,UBA6382,Faecalicoccus,CAG-353,Bariatricus,UMGS1933,UMGS1851,Vibrio
rep480_seed2505	Sneathia,Rahnella,Enterobacter_A,CAG-603,RUG11200,Scardovia,Clostridium_X,UBA4644,UMGS1603,CAG-41,CAG-884,Ezakiella,CAG-465,HGM13222,QAKW01,CAG-95,UMGS1251,Coprococcus,CAG-194,UBA3282,UBA1390,UBA11524,VUNI01,UMGS1572,Clostridium_E,SFLA01,HGM04593,MGYG000004172,Harryflintia,UBA1234,QAMH01,ER4,Azonexus,Firm-11,UBA1691,Morganella,UMGS1826,CAG-269,Slackia,UBA738,RUG13868,CAG-45,Epilithonimonas,Faecalitalea,UMGS856,UMGS403
rep481_seed2506	Parvimonas,CAG-521,Ralstonia,CAG-274,CAG-841,Paramuribaculum,Fusobacterium_B,Kallipyga,Dysosmobacter,Faecalicoccus,Raoultella,Olsenella,Mixta,OM05-12,UMGS1826,HGM11575,UBA1820,CAG-194,Lancefieldella,UMGS1623,Pediococcus,MGYG000004874,UBA1691,Butyricicoccus_A,CAG-303,UMGS692,Megasphaera,UBA4372,SFHK01,CAG-964,UBA1394,UMGS1688,HGM11788,UBA10677,UMGS1537,Fusobacterium_A,Dysgonomonas,RUG11198,UMGS1441,HGM04593,Phocea,MGYG000001953,Ruminococcus_B,Massiliomicrobiota,MGYG000003289,SFGY01
rep482_seed2507	UMGS1004,UMGS1491,Christensenella,RUG023,UMGS1623,UBA1409,WRGP01,Porphyromonas,Ruminococcus_A,HGM04593,Prevotella,Hungatella_A,Yersinia,Eubacterium_R,MGYG000002797,RUG472,Massilistercora,UBA4871,Parvimonas,Butyricicoccus,Dorea,Anaerocolumna,MGYG000002053,UBA4855,Faecalibacterium,Pseudoflavonifractor,HGM11372,Kluyvera,HGM11386,SFVR01,Eikenella,Alloprevotella,CAG-631,Ruminococcus_D,CAG-451,CAG-521,UMGS2055,CAG-127,MGYG000002683,UBA1394,Cetobacterium_A,UMGS1279,UMGS577,F0422,UMGS1518,Phytobacter
rep483_seed2508	Peptacetobacter,Faecalibacillus,UMGS1663,MGYG000004171,Muribaculum,QANA01,Clostridium_N,Megamonas,UBA6398,UMGS363,MGYG000000378,Fournierella,UMGS1883,Lacticaseibacillus,Blautia,Fannyhessea,HGM11588,CAG-1031,HGM04593,OF09-33XD,Allisonella,Stoquefichus,CAG-349,Fenollaria,Weimerbacter,CAG-632,CAG-475,Gabonibacter,UMGS1795,UMGS1279,CAG-354,Olsenella,Barnesiella,Klebsiella_A,Fusobacterium_A,Eubacterium_I,HGM13233,Chimaeribacter,UMGS1815,Paenibacillus_A,Neisseria,UBA1740,Hungatella_A,CAG-41,Pygmaiobacter,Sneathia
rep484_seed2509	Anaerostipes,UMGS1623,Neobittarella,UBA11774,Fusobacterium_C,UBA1829,UBA1731,Finegoldia,Dorea_B,HGM12957,UBA9502,RUG410,UMGS1251,Bruticola,Rikenella,Porphyromonas,UBA10677,Enterococcus_G,MGYG000000505,UMGS1696,Cutibacterium,Holdemanella,Rothia,Lactonifactor,UMGS1202,CAG-273,UMGS1253,MGYG000002758,UBA7182,MGYG000002216,SFFH01,UMGS75,MGYG000004127,Paraprevotella,UMGS1487,UBA1685,Staphylococcus,QAMM01,MGYG000003970,CAG-631,CAG-448,Bacillus_A,UMGS2016,CAG-582,Porphyromonas_A,UBA4372
rep485_seed2510	Massiliomicrobiota,Gemella,Companilactobacillus,Actinobaculum,UBA5809,UMGS268,UMGS1322,Gastranaerophilus,MGYG000002696,RC9,Citrobacter_B,MGYG000000390,SFDP01,Ruminococcus_G,HGM11616,Clostridium_E,F0040,Faecalimonas,CAG-115,UMGS1880,Coprobacter,MGYG000004811,AF33-28,Aeromonas,MGYG000000587,UBA4372,Pseudomonas_R,NSJ-50,SFGY01,Olsenella_E,ER4,Paraclostridium,Dysosmobacter,Mitsuokella,UBA4644,Clostridium_B,UMGS172,RUG14107,MGYG000003855,Clostridium_P,UBA7102,Veillonella_A,CAG-217,DTU089,Alistipes_A,Angelakisella
rep486_seed2511	Gordonibacter,UBA6345,MGYG000004811,CAG-411,QALR01,NSJ-38,HGM12957,MGYG000004177,UMGS995,BX12,Franconibacter,DTU089,Oxalobacter,Victivallis,UBA940,UMGS1441,Turicimonas,UBA1232,UMGS1279,Massilicoli,UCG-010,Rothia,Ruminococcus,Sneathia,CAG-882,Lactonifactor,Agathobacter,Psychrobacillus,Mediterraneibacter,Faecalitalea,Barnesiella,RUG572,MGYG000002702,Paraprevotella,QALS01,Eubacterium_G,UMGS1375,Absicoccus,Massilioclostridium,Bacilliculturomica,MGYG000004874,Coprobacter,Proteus,Phascolarctobacterium_A,CAG-460,F082
rep487_seed2512	Escherichia,UMGS1975,QALS01,Alistipes,Yokenella,Latilactobacillus,Eggerthella,UMGS577,MGYG000000505,HGM05232,CAG-484,RUG12045,Parvimonas,Stenotrophomonas,UMGS911,UMGS680,Leclercia,Enterococcus,Faecalitalea,Succinivibrio,CACZQA01,QANA01,Firm-10,UMGS1307,Enterocloster,UBA7702,Dorea,Merdimonas,MGYG000000346,Anaerococcus,Kluyvera,UBA6382,CAG-631,Morganella,CAG-194,CAG-460,Acetatifactor,QAMX01,UBA3818,UMGS1487,QALR01,Enteroscipio,UBA2883,UMGS1865,Methanosphaera,Clostridium_A
rep488_seed2513	CAG-484,UMGS1384,CAG-631,RUG11200,Haemophilus_D,Massiliomicrobiota,UBA11517,UMGS902,Salinicola,UMGS680,Fournierella,UBA7182,HGM11523,CAG-475,UMGS1532,MGYG000000390,Bacillus_A,HGM11514,UBA737,HGM11521,Klebsiella,Schaedlerella,Paramuribaculum,Marseille-P4683,UMGS1224,UCG-010,Latilactobacillus,UMGS1540,HGM11525,Vibrio,UMGS1633,Phocea,Intestinimonas,SFEL01,Turicimonas,UMGS403,SFTJ01,Pseudobutyrivibrio,Enteroscipio,Amedibacillus,UBA3282,GCA-900066495,HGM10836,CAG-313,UMGS1601,TWA4
rep489_seed2514	UBA3631,Enterococcus_A,Azonexus,UMGS1279,Anaerocolumna,CAG-194,NSJ-50,CAG-632,UBA1820,Phascolarctobacterium_A,Collinsella,UMGS1052,HGM11507,CHH4-2,Senegalimassilia,UBA1731,NC2004,QAMX01,Turicibacter,Negativicoccus,UMGS1491,Peptoniphilus_E,Alistipes,NSJ-32,UBA5416,UMGS403,Ruminococcus_C,Robinsoniella,Raoultella,MGYG000000425,UMGS1976,Ruminococcus_B,CAG-617,Corynebacterium,UMGS1004,CAG-882,KM106-2,RUG13868,Massilimaliae,UBA7160,Caecibacter,Sellimonas,GCA-900066495,Kosakonia,Megasphaera,Acetatifactor
rep490_seed2515	VUNI01,MGYG000004133,RUG11200,RUG705,Pauljensenia,UBA3282,Haemophilus_D,NSJ-61,Phocea,Leminorella,TF01-11,Ruminococcus_D,UMGS1418,Lachnospira,CAG-488,Enterococcus_C,Sellimonas,Faecalicoccus,SFHK01,QAKW01,Mesosutterella,Fusobacterium_C,Murdochiella,Kosakonia,UMGS1537,Parolsenella,UBA4716,Lacticaseibacillus,UBA7597,Butyricicoccus,Monoglobus,UMGS1004,UMGS1397,Catenibacillus,MGYG000004660,Fusobacterium_B,UBA5446,Weimerbacter,CAG-724,UBA1234,UMGS1611,HGM11530,NSJ-63,HGM11575,Marseille-P4683,Adlercreutzia
rep491_seed2516	Citrobacter,UBA5026,UBA6398,Granulicatella,Ruminococcus_D,HGM13634,Mobilibacterium,AF33-28,MGYG000002685,F082,UBA7160,UBA1711,HGM11501,Monoglobus,CAG-521,Peptoniphilus_E,Anaerotruncus,CAG-452,Cloacibacillus,Olsenella,UBA1737,Zag111,MGYG000002575,HGM13233,Fannyhessea,HGM12669,CAG-269,UMGS902,Chimaeribacter,Psychrobacillus,Robertmurraya,Raoultibacter,RUG472,CAG-349,UMGS966,UBA636,Phocaeicola,Bacteroides,Senegalimassilia,UBA1390,UBA1822,Ruminococcus_C,Caproiciproducens,ER4,UMGS1783,UMGS268
rep492_seed2517	RUG420,UBA4716,Intestinimonas,Clostridium_Q,UMGS1251,MGYG000004029,Vibrio,Moellerella,Butyricimonas,Anaerobutyricum,Leuconostoc,Paenibacillus,MGYG000000350,Sutterella,Dysosmobacter,CAG-449,CAG-791,UMGS1202,TWA4,UMGS1279,Oribacterium,Mediterraneibacter,Lachnoclostridium_B,UBA2883,UMGS1370,RUG472,SFJ001,Clostridium_B,QAMM01,Frisingicoccus,VUNI01,UMGS1600,SFGY01,Dorea_A,CAG-1193,HGM13233,Terrisporobacter,CAG-238,Borkfalkia,Cloacibacillus,Epilithonimonas,Methanomassiliicoccus_A,UMGS973,UBA7748,UBA1829,NK4A136
rep493_seed2518	UMGS1590,Neobittarella,Selenomonas_A,UBA7185,Selenomonas_C,CAG-603,Lactobacillus,Holdemanella,Enterococcus_B,UC5-1-2E3,UMGS1810,UMGS1441,Raoultella,GCA-900066135,CAG-170,CAG-115,Lentilactobacillus,Coprobacillus,Intestinibacter,Lactiplantibacillus,Cedecea,UBA5809,Treponema_D,UMGS1397,CAG-95,ER4,Gabonibacter,HGM11525,Proteus,CAG-485,UMGS75,BX12,UMGS1279,CAG-390,UBA1786,HGM05232,RUG572,Lactonifactor,UMGS1795,Serratia,UBA5905,Lawsonibacter,Bifidobacterium,Acidovorax,Weimerbacter,OM05-12
rep494_seed2519	UMGS1889,CAG-590,UMGS966,Garciella,SFJ001,Lagierella,UMGS1633,RUG11247,UBA7702,MGYG000004172,Peptostreptococcus,CAG-557,HGM13634,D5,UMGS403,GCA-900066495,Latilactobacillus,Muribaculum,Franconibacter,UMGS1384,F23-B02,Butyricicoccus,Methanosphaera,UBA945,Lactonifactor,HGM11327,UBA1752,QANG01,MGYG000002075,QANA01,Harryflintia,Eubacterium_R,HGM11616,UMGS599,Zag1,UMGS1537,Hafnia,UBA738,Dialister,Porphyromonas,CAG-877,OM05-12,Rikenella,Fusobacterium_B,UMGS268,CAG-495
rep495_seed2520	Klebsiella,UBA1390,UMGS1976,Haemophilus_A,HGM12789,UMGS1387,Pseudomonas_E,Chimaeribacter,UBA7173,SFJ001,DTU089,MGYG000004172,AM51-8,UMGS577,Odoribacter,Butyrivibrio_A,Coprobacillus,Rothia,Fusobacterium_B,Coprobacter,MGYG000000425,Peptoniphilus_C,GCA-900066135,WRGP01,UMGS902,HGM12650,CAG-632,UBA5394,RUG14107,Fusobacterium_C,HGM12957,Pyramidobacter,Negativibacillus,Parvimonas,Psychrobacillus,Firm-07,Ruminococcus_E,GCA-900066755,UMGS1484,Acinetobacter,UMGS1889,Stomatobaculum,MGYG000000390,CAG-964,UBA7748,Yersinia
rep496_seed2521	RUG806,Phytobacter,CAG-831,GCA-900066755,UBA7102,Ruminococcus_C,Gastranaerophilus,HGM11514,Pseudomonas_R,Anaerocolumna,Lactococcus,Actinomyces,UBA636,CAG-95,Scardovia,Lachnospira,UMGS1865,UMGS911,MGYG000003945,Sneathia,Parvimonas,CAG-617,Peptoniphilus_A,UMGS973,MGYG000003855,UBA1752,UBA3282,UMGS1663,UBA5920,MGYG000000346,NSJ-50,Pseudomonas_E,Pauljensenia,CAG-180,CAG-194,CAG-485,UBA3388,CAG-841,CAG-762,Schaedlerella,Epilithonimonas,Peptoniphilus_B,Massilioclostridium,Arabia,HGM13006,MGYG000002010
rep497_seed2522	UBA5905,UMGS1441,Anaerobutyricum,UMGS1783,Cellulosilyticum,UMGS1484,UBA3402,UMGS1004,MGYG000004547,CAG-510,UMGS1901,Allisonella,MGYG000002053,Parasutterella,Faecalibacillus,Scardovia,V9D3004,UBA1181,Neisseria,MGYG000004171,CAG-488,Campylobacter_A,Serratia,Faecalibacterium,UMGS75,UMGS1975,Eubacterium_J,Bacteroides_F,CAG-1193,UMGS1880,Turicimonas,HGM11523,CAG-628,CAG-273,Enterocloster,Lacticaseibacillus,Eubacterium_R,Faecalimonas,Aggregatibacter,BX12,Yersinia,UMGS599,Muribaculum,HGM11372,Harryflintia,CAG-791
rep498_seed2523	CAG-841,CAG-776,UBA7185,UBA7160,HGM11514,UMGS1872,UMGS1976,Eubacterium_F,Acinetobacter,Coprococcus,Cronobacter,Gastranaerophilus,MGYG000004380,MGYG000004094,Porphyromonas,MGYG000004229,MGYG000002702,UMGS1994,UBA4644,UBA6984,Pyramidobacter,UBA5026,CAG-145,Weimerbacter,UMGS1397,Massilioclostridium,Pygmaiobacter,UMGS1600,Pluralibacter,Leclercia,Turicibacter,UMGS1889,AF33-28,CAG-449,CAG-288,CAG-196,Lawsonella,Anaerotignum,UMGS1312,Pseudoruminococcus,UMGS1224,UBA3388,Enterococcus_A,NSJ-63,AM51-8,An92
rep499_seed2524	MGYG000002685,Rahnella,HGM04593,MGYG000002075,UMGS1241,Turicimonas,UBA6398,JAAYBB01,UMGS1384,Klebsiella,CAG-557,An92,MGYG000004094,Aggregatibacter,VUNI01,Sporanaerobacter,Aeromonas,Bifidobacterium,Olsenella,Rothia,AM51-8,Butyricicoccus_A,CAG-95,Ruminococcus_G,UMGS1872,RUG115,Lacticaseibacillus,CAG-180,CAG-1031,UMGS1322,Methanomassiliicoccus_A,DUOT01,MGYG000000745,Absicoccus,UBA5446,CAG-417,UBA738,Sellimonas,UMGS902,Faecalibacterium,UMGS1815,Acetivibrio_A,Campylobacter_A,Pygmaiobacter,Lachnoclostridium_A,HGM13010
rep500_seed2525	AM51-8,Faecalicoccus,QALS01,Rikenella,Coprobacillus,UBA3282,UBA7182,MGYG000004172,NC2004,Fusobacterium_C,Eubacterium_I,Streptococcus,Caecibacter,Pediococcus,Ruminococcus,UMGS1872,CAG-917,UMGS1338,Firm-07,Cloacibacillus,MGYG000004029,Frisingicoccus,MGYG000002702,BX12,CAG-313,UMGS1858,Muribaculum,Fannyhessea,UBA4855,RUG11200,WRGP01,CAG-475,TM7x,Marvinbryantia,Intestinibacter,Chimaeribacter,UBA4871,UBA1390,CAG-1031,Aeromonas,HGM11588,SFJ001,MGYG000004556,Eikenella,Caproiciproducens,UBA1685
rep501_seed2526	UBA3818,UBA4716,UBA1731,Enterobacter_D,CAG-170,MGYG000001953,CAG-303,Olsenella_B,HGM12650,Methanobrevibacter_A,UBA1390,Klebsiella_A,Pediococcus,UMGS1484,UMGS1293,Eubacterium_J,Eikenella,Clostridium_A,CAG-557,Stenotrophomonas,Ruthenibacterium,Fusobacterium_A,F0422,RUG806,QAKD01,SFDP01,Lacrimispora,UBA11471,UMGS403,Oscillibacter,CAG-312,NSJ-38,Actinomyces,Dorea_A,UBA5905,CAG-492,UBA4334,Duncaniella,Ruminococcus_E,CAG-590,Cronobacter,UMGS1826,CAG-631,UBA4372,UMGS1810,UMGS1591
rep502_seed2527	UBA10281,Eubacterium_G,CAG-557,CAG-390,Akkermansia,Aggregatibacter,HGM11368,Gemmiger,UMGS416,Stenotrophomonas,UMGS1109,AM07-15,HGM11416,RUG806,CAG-180,MGYG000004229,Anaerosacchariphilus,Megasphaera,Pseudomonas,UMGS1820,Ruminococcus_C,Actinomyces,Clostridium_Q,Neisseria,UMGS1224,QAMM01,Campylobacter_B,UMGS1307,UMGS1663,Phocaeicola,JAAYBB01,CAG-110,Firm-11,UMGS2037,NK3B98,CAG-841,UMGS1600,Peptoniphilus_C,UBA7702,MGYG000004029,GCA-900066495,S5-A14a,V9D3004,Lachnoclostridium_B,CAG-302,Bacillus_A
rep503_seed2528	Fournierella,Arcanobacterium_A,UBA10281,MGYG000004177,Eubacterium,MGYG000002075,Ruminiclostridium_E,UMGS1663,RC9,HGM11514,UMGS577,Pseudoflavonifractor,Coprococcus_A,Emergencia,Granulicatella,CAG-127,UBA1822,GCA-900066135,Massilimaliae,Anaeroglobus,HGM11507,UMGS599,HGM12669,UBA3263,VUNA01,Lacticaseibacillus,UMGS1202,HGM11386,Holdemania,MGYG000004127,QAKS01,Streptococcus,Enterococcus_D,UMGS1338,UMGS1225,Faecalibacterium,UBA1390,SCN-57-10,CAG-822,UBA7702,UBA1829,Eubacterium_R,SFVR01,MGYG000004029,Azonexus,MGYG000003289
rep504_seed2529	S5-A14a,NK4A136,Bittarella,Clostridium_AQ,Anaerococcus,Anaerotruncus,Acutalibacter,COE1,UMGS929,Pygmaiobacter,Parasutterella,Alistipes,Massilioclostridium,UMGS1387,Varibaculum,HGM12814,Negativibacillus,VUNI01,Marseille-P4683,Cloacibacillus,RUG131,Anaerosalibacter,Rubneribacter,CAG-269,CAG-617,UBA5809,UMGS946,QALR01,QAKD01,Muribaculum,Coprococcus_A,KM106-2,CAG-411,Eikenella,PeH17,Actinomyces,HGM11416,Longibaculum,Clostridium_A,Leclercia,Campylobacter_A,An172,CAG-177,MGYG000004811,Edwardsiella,HGM12587
rep505_seed2530	Actinomyces,CAG-488,UMGS1487,Sellimonas,Exiguobacterium,Latilactobacillus,Pseudomonas_E,Romboutsia,UBA4855,Parasutterella,UMGS929,UMGS2055,UMGS1202,Barnesiella,UBA2882,Methanosphaera,CAG-269,UMGS1375,HGM12789,CAG-484,An181,RUG131,UBA3282,Robinsoniella,SFFH01,Parabacteroides,Holdemania,HGM12650,CAG-451,Oribacterium,UBA1711,CAG-45,HGM13010,MGYG000004443,UBA10281,MGYG000000350,Gemella,NSJ-38,Clostridium_E,SFVR01,CAG-449,MGYG000002758,MGYG000000425,Amedibacillus,UMGS1491,RUG806
rep506_seed2531	CAG-45,UMGS1663,CAG-411,Kluyvera,RF16,Alistipes_A,Clostridium_AQ,Succiniclasticum,Beduini,MGYG000000674,Ellagibacter,UMGS1840,OF09-33XD,RUG11198,Moellerella,Lactonifactor,Neobacillus,Anaerococcus,Paraeggerthella,UBA1191,Lacrimispora,HGM13862,UMGS1397,Sneathia,Ruminococcus_D,SFTJ01,HGM11386,UMGS172,Anaeroglobus,UMGS1603,Phil1,Dorea_B,NC2004,Caecibacter,MGYG000001953,CAG-180,MGYG000002575,NK3B98,CAG-917,Blautia,Coprobacillus,CAG-269,HGM14224,UBA1711,Cellulosilyticum,UBA7702
rep507_seed2532	1XD42-69,CAG-776,MGYG000002010,Succiniclasticum,UBA4716,Muribaculum,CAG-177,Enterococcus_B,MGYG000002216,CAG-710,MGYG000002685,UBA11452,MGYG000000674,UBA6382,MGYG000000378,Mediterraneibacter_A,MGYG000003855,Aneurinibacillus,Corynebacterium,Allisonella,Neobittarella,Campylobacter_B,UMGS599,UBA1390,QAKS01,CAG-1000,HGM11514,UBA5026,Clostridium_Q,CAG-617,UBA1685,SFVR01,Phocaeicola,UBA7185,Hydrogeniiclostridium,HGM12587,UBA636,Zag1,UMGS1633,Paenibacillus,HGM11530,WG-1,MGYG000001903,CAG-353,Pseudoruminococcus,Negativibacillus
rep508_seed2533	UBA1417,Fusobacterium_A,HGM11575,UMGS1251,UMGS2016,CAG-45,Coprobacillus,CAG-115,An181,Proteus,Victivallis,Anaerosalibacter,UMGS1518,UMGS1491,UBA866,HGM13634,Neisseria,QALR01,Gemmiger,Turicimonas,Kluyvera,Methanosphaera,UMGS1532,Marseille-P3106,HGM12957,Merdibacter,UMGS1901,NSJ-63,HGM13222,Lawsonibacter,NK4A136,SFVR01,Yersinia,Pantoea,Lachnoclostridium,UMGS1810,Ruminiclostridium_E,Salinicola,Amedibacillus,HGM11417,CAG-448,CAG-1193,HGM10836,Psychrobacillus,Dialister,HGM13618
rep509_seed2534	UBA7173,Lactobacillus,Angelakisella,Johnsonella,Agathobacter,Peptoniphilus_A,UBA945,TF01-11,Duodenibacillus,UMGS172,UMGS263,CAG-460,UBA6345,Pseudoruminococcus,Klebsiella_A,Neobacillus,UC5-1-2E3,HGM11575,UBA1259,Enorma,MGYG000002726,Megasphaera,Slackia_A,Amedibacillus,CAG-594,MGYG000004061,HGM12587,Eubacterium_M,Ruthenibacterium,CAG-724,Ruminococcus_E,Roseburia,CAG-451,Brachyspira,Coprococcus_A,Lachnoclostridium,OM05-12,Enterobacter_D,CAG-492,BX12,Adlercreutzia,RUG100,Holdemania,Lachnoclostridium_B,F0422,MGYG000004604
rep510_seed2535	Haemophilus,Acetivibrio_A,Terrisporobacter,Anaeromassilibacillus,Rubneribacter,Ezakiella,Megamonas,Firm-10,Gemella,CAG-353,Pluralibacter,Bacteroides,HGM11327,MGYG000002726,MGYG000000505,HGM13222,UBA1181,CAG-274,UMGS1338,CAG-238,MGYG000004604,Coprobacillus,RUG023,OM05-12,MGYG000002053,HGM11386,Moellerella,UMGS1611,Caecibacter,UMGS1384,Acidaminococcus,UMGS1840,Latilactobacillus,UMGS1490,UMGS1901,Franconibacter,UBA737,Brachyspira,CAG-269,SCN-57-10,MGYG000002683,Dialister,UBA11452,Lachnoclostridium_B,Fusobacterium_A,UMGS966
rep511_seed2536	UMGS680,Frisingicoccus,Leuconostoc,Acetivibrio_A,Gemmiger,MGYG000004061,UMGS1384,SFLA01,Peptoniphilus_E,UBA5446,Bacilliculturomica,CAG-475,Parabacteroides,Acinetobacter,Mediterraneibacter_A,CAG-279,Haemophilus_D,HGM13233,Gastranaerophilus,QANA01,Psychrobacillus,Citrobacter,CAG-390,MGYG000004727,UBA7748,UBA7182,Oxalobacter,Paraclostridium,Bacteroides,Blautia,MGYG000002726,Alistipes,Fannyhessea,SFEL01,MGYG000002719,Anaerosacchariphilus,Marseille-P4683,MGYG000003305,Methanobrevibacter_A,NSJ-62,Aggregatibacter,Dysosmobacter,CAG-873,Epilithonimonas,UMGS1293,51-20
rep512_seed2537	UBA6345,UBA1820,Peptoniphilus_C,Bacilliculturomica,CACZQA01,CAG-238,Peptoniphilus_E,NSJ-61,UBA1786,Barnesiella,Clostridium_B,CAG-451,Weimerbacter,Longicatena,Pseudomonas_R,Prevotellamassilia,UMGS1388,CAG-582,MGYG000003855,MGYG000003490,CAG-1024,CAG-349,TF01-11,Dialister,Johnsonella,Roseburia,UBA7173,UBA6382,MGYG000001953,MGYG000003270,HGM10836,UMGS1418,UMGS1322,UBA1181,Muricomes,Acinetobacter,CAG-590,Edwardsiella,CAG-272,RUG14107,NK4A136,UBA6984,UMGS902,MGYG000000456,SFHK01,UMGS1600
rep513_seed2538	MGYG000004811,UBA9414,Enterococcus_B,VUNA01,MGYG000000425,MGYG000004127,CACZQA01,HGM11588,Robinsoniella,UBA1731,RUG410,UMGS2055,UMGS1572,An181,HGM13634,51-20,CAG-484,Ralstonia,Merdimonas,SFFH01,Lacticaseibacillus,Providencia,CAG-451,Butyrivibrio_A,SFDP01,UBA2882,UMGS1883,UMGS692,QALS01,Methanobrevibacter_A,UBA1394,RUG115,UMGS1225,Kallipyga,CAG-313,F0422,CAG-510,Paenibacillus,UMGS1690,UBA6984,Treponema_D,UMGS1293,UMGS1418,Oscillibacter,Bifidobacterium,Beduini
rep514_seed2539	UMGS1418,Proteus,Ellagibacter,Mediterraneibacter,Paraclostridium,Zag111,Alloprevotella,UMGS1518,Romboutsia,Slackia_A,UMGS680,Fusobacterium_C,UMGS1326,UBA10281,UMGS577,WG-1,UBA1181,Erysipelatoclostridium,CAG-557,Enterobacter_D,UBA3766,MGYG000003305,RUG13868,HGM11417,Paramuribaculum,UMGS1224,VSOB01,RUG705,RUG11198,Pygmaiobacter,UBA1786,OM05-12,UBA1822,Hungatella,UMGS946,Phocea,Neobittarella,Alistipes,NSJ-50,UBA4855,Companilactobacillus,VUNI01,UBA945,QAMX01,CAG-390,MGYG000002797
rep515_seed2540	Neobacillus,CAG-177,VUNI01,MGYG000002758,HGM11386,Acinetobacter,RUG420,Oxalobacter,SFGY01,Anaerosacchariphilus,UBA11517,Bruticola,UBA5446,UBA7057,CAG-41,Franconibacter,UMGS1865,UMGS1484,UMGS1839,Lacrimispora,MGYG000000387,Bacillus_A,UMGS874,NSJ-62,UMGS946,Superficieibacter,HGM11368,Merdibacter,NSJ-61,SFEL01,Arabia,Eikenella,HGM11521,Romboutsia,Marseille-P3106,Eubacterium_M,UMGS1601,VSOB01,Salinicola,GCA-900066755,UBA2882,Alistipes,CAG-917,UBA636,Parasutterella,UBA3766
rep516_seed2541	D5,MGYG000002216,VSOB01,Allisonella,Enterobacter_D,Mitsuokella,UBA1206,Anaeromassilibacillus,CAG-288,Weizmannia,Selenomonas_C,Moellerella,Parasutterella,Cloacibacillus,Leclercia,Psychrobacillus,Negativicoccus,Ruminococcus_D,UBA3388,UBA5416,Oscillibacter,SFDB01,Acidaminococcus,ER4,Ezakiella,Edwardsiella,CAG-41,Methanomassiliicoccus_A,Holdemania,CAG-510,HGM11616,Parvimonas,Pseudoflavonifractor,UBA4285,Alterileibacterium,Lawsonibacter,UMGS1872,QALS01,CAG-180,CAG-317,Scardovia,HGM13006,Salinicola,MGYG000002719,Merdibacter,Coprobacter
rep517_seed2542	Clostridioides,UMGS1477,MGYG000002726,MGYG000000387,UBA1409,CAG-603,Eubacterium_F,Schaedlerella,UMGS1611,Pauljensenia,Anaerotruncus,MGYG000003970,Enterobacter_D,SFDB01,Marseille-P3106,MGYG000004874,Ruminococcus,UBA5905,Negativicoccus,HGM11417,Ruminococcus_C,CAG-313,GCA-900066755,Exiguobacterium,DTU089,Ruminococcus_F,Faecalibacterium,Leclercia,UMGS1613,COE1,NC2004,CAG-521,MGYG000003945,UMGS1839,UMGS1537,UBA6398,MGYG000003305,UMGS1540,QAKS01,Eggerthella,UBA4334,UBA11517,Senegalimassilia,HGM11372,Enteroscipio,Limosilactobacillus
rep518_seed2543	HGM12669,HGM11514,UBA1232,UBA1731,Extibacter,Sutterella,Citrobacter_A,CAG-45,UMGS1839,UMGS1388,MGYG000003305,MGYG000003970,MGYG000004112,Aeromonas,UMGS1326,HGM05232,Lachnoanaerobaculum,Clostridium_E,UBA7748,NSJ-32,Murdochiella,HGM10836,Pluralibacter,MGYG000002726,MGYG000004380,Ruminococcus_G,Ruminococcus_E,UBA4372,Succinatimonas,Campylobacter_B,MGYG000000378,HGM11523,Morganella,UBA6382,Amedibacterium,MGYG000004029,Anaeromassilibacillus,Bilophila,UBA5920,Pseudoflavonifractor,SFDP01,Paraprevotella,CAG-631,Corynebacterium,UMGS1293,Serratia
rep519_seed2544	NK4A136,AM07-15,VUNI01,Megasphaera,UMGS1591,MGYG000000674,UBA1232,Weizmannia,UMGS1766,Leclercia,Frisingicoccus,Eubacterium_G,RC9,Butyrivibrio_A,Porphyromonas_A,MGYG000000728,UBA5416,Harryflintia,QALS01,Lachnospira,Succinatimonas,Acetivibrio_A,Lachnoclostridium,RUG131,V9D3004,CAG-353,1XD42-69,Streptococcus,Kallipyga,UBA1409,MGYG000002758,HGM13006,Cloacibacillus,Anaerocolumna,HGM13862,UBA1737,Dorea_B,Cellulosilyticum,Mobilibacterium,Fusobacterium,UMGS263,HGM11616,UMGS1696,UMGS1441,NSJ-62,UBA7702
rep520_seed2545	CAG-793,Blautia_A,Slackia_A,Latilactobacillus,Fournierella,UBA11512,Pseudescherichia,UMGS946,Eggerthella,UBA1409,Epilithonimonas,Pseudoruminococcus,UBA1394,CAG-41,UBA1711,RUG420,UMGS973,RUG12045,UBA7173,CAG-448,Allisonella,Terrisporobacter,UMGS1839,Neisseria,UBA6345,TM7x,MGYG000003289,CAAEEV01,Extibacter,Turicimonas,UMGS1810,Eubacterium_J,NSJ-63,Erysipelatoclostridium,DTU089,Longibaculum,Pluralibacter,UMGS75,CAG-1000,Cloacibacillus,AF33-28,Butyricimonas,Megamonas,MGYG000004850,Eubacterium,HGM11521
rep521_seed2546	Holdemania,Yersinia,UBA7185,Enterococcus_A,Mailhella,Enteroscipio,CAG-488,CAG-631,SFDP01,Anaerobutyricum,UBA11940,CAG-194,UBA9475,UMGS1994,AM51-8,UBA9414,Morganella,Pseudomonas,Massilicoli,UBA4871,Allisonella,Turicibacter,CAG-452,Angelakisella,HGM11588,Mesosutterella,UBA7488,HGM04593,Amedibacterium,Corynebacterium,Fannyhessea,Slackia_A,Clostridium_AP,UMGS1540,QAKD01,CAG-245,Cetobacterium_A,CAG-317,CAG-314,UMGS2016,Kosakonia,Superficieibacter,SFDB01,Amedibacillus,UMGS403,NK3B98
rep522_seed2547	Parabacteroides,UMGS1851,MGYG000004171,UMGS577,Cellulosilyticum,CAG-831,UBA1822,GCA-900066135,Pyramidobacter,Pseudoflavonifractor,UBA5026,Leclercia,Scardovia,Dialister,CAG-510,UMGS856,QAMH01,Pseudomonas_E,SFDP01,RUG13868,Lactobacillus,Rubneribacter,UBA1786,Butyricimonas,CAG-245,Agathobaculum,MGYG000004380,Peptoniphilus_C,MGYG000001871,Dorea_A,Stoquefichus,F0040,CAG-279,An92,Leminorella,Ruminococcus_F,Staphylococcus,VUNI01,MGYG000002702,UMGS1312,MGYG000004604,UMGS1994,VUNA01,UMGS1441,Firm-07,HGM13233
rep523_seed2548	Parabacteroides,Clostridium_P,CAG-411,MGYG000004604,43-108,Gemmiger,Paenibacillus_A,Pyramidobacter,Butyrivibrio_A,Sellimonas,Eubacterium_R,Blautia_A,Paenibacillus,CACZQA01,Dysosmobacter,Gemella,UBA7185,Enterocloster,KM106-2,Aggregatibacter,Mediterraneibacter,UMGS1590,Fusobacterium_B,Treponema_D,Aeromonas,Alistipes,Klebsiella_A,UMGS1883,CAG-1193,CAG-594,UBA1737,HGM11616,Borkfalkia,Phocea,UBA3818,Kallipyga,CAG-390,Bilophila,UMGS1880,HGM11368,HGM12957,Lactonifactor,RUG410,MGYG000000387,MGYG000000674,Duncaniella
rep524_seed2549	Providencia,MGYG000000587,Pradoshia,Dorea,Pantoea,Agathobaculum,Holdemania,WRGP01,UBA10677,CAG-831,MGYG000000390,Klebsiella,QAMH01,Ruminococcus_F,UBA1711,HGM11788,Bacteroides,UMGS1251,QANG01,HGM04593,SCN-57-10,Negativibacillus,RUG131,HGM12650,VUNI01,UBA7185,Peptococcus,Paenibacillus,Stomatobaculum,Faecalitalea,UMGS946,Succinivibrio,UMGS1537,Dysgonomonas,UMGS1474,Murdochiella,Gemella,MGYG000002719,UMGS1613,Allisonella,TWA4,Finegoldia,QALS01,UBA1232,UMGS1883,UBA9475
rep525_seed2550	Clostridium_F,Varibaculum,Stenotrophomonas,CAG-196,UBA7702,Lachnoanaerobaculum,Butyrivibrio_A,An172,RC9,CAG-127,Emergencia,UMGS1202,UBA7488,CAG-495,UMGS124,MGYG000003490,CAG-272,Gordonibacter,Gemella,Arabia,MGYG000004061,Lactobacillus,SFTJ01,HGM04593,UBA6382,Cellulosilyticum,HGM10836,HGM11417,AM07-15,Enterobacter,Dorea,Citrobacter,UMGS1933,Haemophilus_D,Edwardsiella,UBA1206,CAG-632,UMGS1883,QANA01,Azonexus,VSOB01,CAG-217,MGYG000000378,Hungatella,Dorea_A,Erysipelatoclostridium
rep526_seed2551	Slackia,CAG-462,Mobiluncus,Amulumruptor,CAG-628,Streptococcus,Butyricicoccus_A,Peptoniphilus_A,Dysgonomonas,UMGS1326,Limosilactobacillus,UMGS1484,Pseudoflavonifractor,Cellulosilyticum,HGM12713,MGYG000004443,UMGS1839,HGM11588,Lachnoclostridium_A,Ruminococcus_C,CAG-177,KM106-2,UBA3263,MGYG000002726,UBA4372,Cronobacter,COE1,Massiliomicrobiota,Dorea_A,Massilistercora,UBA1232,CAAHEQ01,Victivallis,Holdemanella,UMGS1883,UMGS1279,CAG-354,AM07-15,CAG-314,UMGS1388,UMGS263,Ruminiclostridium_E,UMGS1590,MGYG000000728,UMGS929,Ellagibacter
rep527_seed2552	RUG420,Aggregatibacter,UBA3631,Faecalicoccus,UMGS2016,UMGS1418,HGM11521,Enterococcus_C,Johnsonella,UMGS856,Varibaculum,CAG-877,Collinsella,Bulleidia,CAG-465,Citrobacter_B,Salmonella,Intestinimonas,Duodenibacillus,UMGS1976,Pauljensenia,Phil1,JAAYBB01,MGYG000000346,UMGS1783,Massiliomicrobiota,Eubacterium_T,MGYG000004172,Gemmiger,UBA644,HGM12814,CAG-710,MGYG000004445,UBA866,Nitratidesulfovibrio,Sneathia,Bacilliculturomica,MGYG000000425,Acidaminococcus,CAG-269,Barnesiella,UMGS124,Clostridium_X,UMGS1994,F0422,Murimonas
rep528_seed2553	UMGS1293,Megasphaera,Ruminococcus_A,SFMI01,CAG-882,CAG-312,HGM11507,Pseudoruminococcus,Ruminococcus_E,UMGS1375,Leminorella,Hungatella,UMGS1826,UBA3818,Yersinia,Peptoniphilus_A,UMGS1690,Blautia_A,Fannyhessea,UMGS995,MGYG000004811,UMGS1071,UBA2856,UMGS1590,UBA7597,Stomatobaculum,UMGS1484,UBA636,MGYG000002702,CAG-462,MGYG000003855,CAG-884,Kluyvera,RUG11198,SFLA01,UBA9414,UBA4285,UMGS1815,Bariatricus,UMGS731,Acinetobacter,Schaedlerella,UBA1737,Cedecea,Gemella,Emergencia
rep529_seed2554	Clostridium_J,UMGS1623,Leptotrichia,MGYG000003970,CAG-590,UMGS1815,UMGS1611,Haemophilus_D,MGYG000004172,UMGS2016,Kallipyga,MGYG000004727,Blautia_A,Merdibacter,Lawsonibacter,Fenollaria,QAMM01,CAG-83,Aggregatibacter,Romboutsia,SCN-57-10,Methanobrevibacter_A,Ruthenibacterium,UMGS1241,Hafnia,S5-A14a,Pediococcus,CAG-303,UMGS1591,Turicibacter,UBA1234,Emergencia,MGYG000000378,UMGS403,Fannyhessea,Mixta,CAG-417,Anaeroglobus,Clostridium_E,MGYG000000574,Bacteroides_F,MGYG000004061,Acetatifactor,UBA7702,CAG-288,F23-B02
rep530_seed2555	CAG-762,D5,Cetobacterium_A,Bacilliculturomica,Marseille-P3106,UBA9414,Parolsenella,Clostridium_AP,UMGS1241,Salmonella,MGYG000003270,Firm-07,Mediterraneibacter,Acidaminococcus,Longibaculum,Citrobacter,Fannyhessea,Lentilactobacillus,Clostridium_Q,Bulleidia,CAG-884,CAG-103,UBA1232,Enterobacter_D,Eubacterium_J,Fusobacterium,Gemmiger,CAG-314,Clostridium_X,RUG572,Parasutterella,Campylobacter_A,Intestinimonas,UBA2856,Pseudomonas_R,HGM13233,Acidovorax,Clostridium,MGYG000004112,Catenibacillus,RUG472,Dorea,Criibacterium,Peptostreptococcus,Holdemania,MGYG000000286
rep531_seed2556	Klebsiella,UMGS416,Collinsella,F082,Anaeroglobus,Mobilibacterium,CAG-465,43-108,Olsenella,Leptotrichia,Enterobacter,Escherichia,Peptostreptococcus,Duncaniella,Caecibacter,CAG-791,UMGS1241,UMGS692,MGYG000002726,HGM12587,Zag111,UMGS1883,HGM11417,Enterococcus_G,Beduini,Cedecea,UMGS1225,Dorea,Akkermansia,CAG-485,UMGS1815,CAG-312,Mediterraneibacter,QALR01,Salmonella,Pseudoruminococcus,MGYG000003855,Lactobacillus,UMGS1864,V9D3004,CAG-272,Gemmiger,UMGS995,CAG-279,MGYG000002797,Desulfovibrio
rep532_seed2557	Citrobacter,Leclercia,CAG-793,HGM12814,Blautia,CAG-603,CAG-145,UMGS1880,Ligilactobacillus,UBA2856,MGYG000004229,Haemophilus,F0040,TF01-11,RQCD01,Pauljensenia,Serratia,Bacteroides_F,UMGS416,CAG-288,Merdibacter,Anaerofustis,Coprococcus,Robinsoniella,RUG14107,Megasphaera,CAG-451,Dielma,Cedecea,Hydrogeniiclostridium,Sneathia,Enterobacter_D,UMGS1603,Porphyromonas,Anaerocolumna,Lachnoclostridium,UMGS1933,Ruminococcus_D,UBA1417,Robertmurraya,Arabia,UBA11471,MGYG000002696,Massilioclostridium,SFMI01,MGYG000004443
rep533_seed2558	UBA7702,Frisingicoccus,Alloscardovia,Dialister,Hydrogeniiclostridium,AF33-28,Romboutsia,Eubacterium_M,Treponema_D,Aneurinibacillus,HGM11501,UBA5884,UMGS1933,Dorea,Anaerosporobacter,CAG-313,UMGS1109,Stoquefichus,UBA1390,Niameybacter,MGYG000000387,Bruticola,CAG-791,Nitratidesulfovibrio,CAG-964,Cronobacter,SFGY01,Arabia,Pseudomonas_R,UMGS1241,Raoultella,Zag111,Gastranaerophilus,MGYG000000505,Paenibacillus,Terrisporobacter,Alistipes_A,UBA4644,UC5-1-2E3,MGYG000000728,MGYG000002575,Massilicoli,QAKW01,Lagierella,RUG14107,Senegalimassilia
rep534_seed2559	CAG-884,MGYG000001871,Frisingicoccus,UBA3402,MGYG000003855,Ruthenibacterium,Tidjanibacter,1XD42-69,F0040,Caproiciproducens,CAG-56,MGYG000003289,Leptotrichia,Yersinia,Erysipelatoclostridium,Sutterella,HGM13010,Parasutterella,HGM11616,Neobacillus,Pseudoflavonifractor,UMGS1872,UBA7488,Dielma,UBA3631,Campylobacter_A,Methanomassiliicoccus_A,CAG-484,UMGS1663,UBA7102,MGYG000000728,Eubacterium_T,MGYG000004127,43-108,UMGS1202,Butyricicoccus_A,MGYG000000346,Leminorella,Aneurinibacillus,UMGS1601,KLE1615,AM51-8,MGYG000000456,CAG-521,UBA1737,Eubacterium_I
rep535_seed2560	Eubacterium_I,CAG-417,Leclercia,CAG-127,HGM13006,MGYG000000505,Kallipyga,Anaerosalibacter,UBA4285,An92,Ruminococcus_B,Enterococcus_C,Oribacterium,HGM12998,UBA3818,UBA1731,F0422,UBA940,MGYG000002758,HGM11507,CAG-831,UMGS1994,MGYG000002683,UMGS1688,Finegoldia,JAAYBB01,UMGS263,Marvinbryantia,F0040,UBA5809,CAG-269,Gastranaerophilus,UMGS1601,CAG-1024,CAG-110,Olsenella_B,Clostridium_AQ,CAG-632,COE1,HGM05232,RUG100,UBA1829,CAG-495,Cellulosilyticum,CAG-312,CAG-56
rep536_seed2561	HGM11808,UBA1375,MGYG000004094,UBA3766,UMGS1688,Fenollaria,Pauljensenia,QAKS01,Neisseria,UBA4855,Faecalibacterium,MGYG000004850,NSJ-63,UBA1409,OM05-12,MGYG000003855,Phascolarctobacterium_A,Clostridium,Fusobacterium,HGM11588,MGYG000004547,UBA7057,UMGS172,Porphyromonas,Clostridium_J,MGYG000001953,Olsenella_E,UMGS946,MGYG000003270,BX12,Atlantibacter,CAG-917,Psychrobacillus,UBA1685,Fournierella,Peptoniphilus_A,HGM12998,Enterocloster,Borkfalkia,Prevotellamassilia,Blautia_A,Mixta,MGYG000004172,Romboutsia,UMGS929,Sodaliphilus
rep537_seed2562	Klebsiella,QAMX01,SFDP01,UMGS680,Mobilibacterium,Gordonibacter,UBA11452,CAG-873,MGYG000000674,UMGS599,Adlercreutzia,RUG420,CAG-45,HGM12713,CAG-521,UBA5446,UMGS1572,Pradoshia,Pantoea,HGM11327,Raoultibacter,Bulleidia,CAG-1193,UBA1394,AM51-8,MGYG000000505,Superficieibacter,MGYG000000574,UBA7102,UMGS1202,Dysosmobacter,Granulicatella,Lachnoanaerobaculum,Merdibacter,UMGS1338,Christensenella,Amedibacterium,CAG-776,UBA1232,HGM13862,Phytobacter,Stomatobaculum,UMGS1590,UBA3631,Akkermansia,Hydrogeniiclostridium
rep538_seed2563	Limosilactobacillus,Pseudomonas,Stoquefichus,CAG-884,UBA3818,UBA11471,Streptococcus,UMGS929,GCA-900066135,CAG-488,UMGS1613,AM07-15,Arcanobacterium_A,CAG-724,Duncaniella,Ruminococcus_E,Extibacter,Bittarella,Parvimonas,UMGS1490,Pseudoruminococcus,CAG-103,Atlantibacter,MGYG000000390,UBA7488,Methanosphaera,MGYG000004171,Scardovia,UBA3402,MGYG000002719,HGM11588,UBA6382,MGYG000000745,UMGS75,UBA5905,SFLA01,UMGS1251,CAG-245,Porphyromonas,MGYG000003270,CAG-492,CAG-533,CAG-194,MGYG000004029,CAG-917,CAG-776
rep539_seed2564	GCA-900066495,Olsenella_B,Anaerotignum,MGYG000003297,Enorma,MGYG000000745,HGM12650,HGM13222,UBA1390,CAG-631,CAG-484,Leuconostoc,UMGS1312,Lagierella,HGM11521,Allisonella,UMGS1783,Methanosphaera,MGYG000002685,RUG410,Pseudomonas_R,Anaeroplasma,An172,MGYG000004171,Haemophilus,WRGP01,Clostridium_E,Rikenella,UBA4871,UBA9506,HGM13634,Succiniclasticum,HGM05232,SFJ001,UBA1191,TWA4,CAAEEV01,UMGS1572,HGM12789,CAG-302,UMGS1883,UMGS1253,Enterobacter_A,UBA6857,MGYG000002696,CAG-217
rep540_seed2565	Ruminococcus,Fusobacterium_C,Paenibacillus,Clostridium_AP,WG-1,CAG-272,HGM11416,MGYG000003289,UBA5026,Anaerosalibacter,UMGS1326,RUG572,Hungatella,CAG-449,MGYG000000425,HGM13006,Niameybacter,CAG-557,MGYG000002075,UBA4644,CAG-417,UMGS1865,MGYG000002053,UBA3766,Coprococcus_A,Chimaeribacter,Bifidobacterium,Clostridium_X,HGM11808,UMGS1601,Paraeggerthella,Arcanobacterium_A,UMGS1872,UMGS911,UMGS1279,UMGS946,Methanobrevibacter_A,MGYG000000574,Johnsonella,CAG-882,Schaedlerella,RUG410,HGM11507,MGYG000003945,Butyricicoccus,RF16
rep541_seed2566	CAG-95,Selenomonas_A,Fusicatenibacter,Mixta,Terrisporobacter,Ruminococcus,UMGS1623,UBA5884,SCN-57-10,UBA7102,Butyricimonas,Firm-07,UBA7057,MGYG000000378,MGYG000002797,Extibacter,UMGS1052,Ruminococcus_C,CAG-521,MGYG000001953,CAG-582,Duncaniella,CAG-313,Turicimonas,Catenibacterium,Slackia,Acidovorax,RUG410,Clostridium_J,Peptoniphilus_C,Pantoea,UBA6984,MGYG000004133,Ruminococcus_F,HGM13862,Fannyhessea,Sodaliphilus,RUG705,Cutibacterium,Barnesiella,Vibrio,UBA5026,Mediterraneibacter_A,Phascolarctobacterium,UBA1375,MGYG000004811
rep542_seed2567	HGM11507,Sporanaerobacter,UBA2882,Faecalimonas,MGYG000000728,UBA1752,CAG-590,Ruminococcus,Gastranaerophilus,UMGS929,Oscillibacter,Yersinia,Mediterraneibacter_A,UBA1234,Morganella,Marseille-P4683,UMGS1994,Pseudomonas,MGYG000000456,Varibaculum,Enterobacter_A,Clostridium_AQ,Porphyromonas_A,Paraclostridium,CAG-238,Angelakisella,KM106-2,MGYG000004112,CAG-217,Odoribacter,Mesosutterella,MGYG000004380,Neobacillus,Mitsuokella,CAG-349,MGYG000002719,Parvimonas,Anaeroplasma,CAG-465,UBA1691,HGM13222,Collinsella,UBA11512,UMGS1880,Duncaniella,Butyricimonas
rep543_seed2568	MGYG000000505,UBA11452,UBA6398,UBA1786,CAG-110,HGM11416,Fannyhessea,RUG12045,QALR01,RUG572,OM05-12,Selenomonas_C,MGYG000002719,Akkermansia,UMGS1540,Agathobacter,UMGS1668,UMGS995,Garciella,Porphyromonas,Dielma,COE1,CAG-448,UMGS1783,Pseudomonas_R,UMGS680,UMGS1688,HGM11507,Ruminococcus,UMGS1858,UBA1711,Finegoldia,MGYG000004127,Granulicatella,Absicoccus,QAKS01,CAG-317,UBA4334,UBA7748,Caecibacter,Catenibacterium,CAG-1427,UMGS946,Allisonella,CAG-492,MGYG000004727
rep544_seed2569	UMGS1472,Porphyromonas,Adlercreutzia,Anaerobutyricum,UMGS1312,UBA1711,HGM13233,Oxalobacter,UBA7160,CAG-475,MGYG000004547,Olsenella_B,1XD42-69,MGYG000004380,Ruminiclostridium_E,MGYG000003297,UBA1820,MGYG000002683,Phascolarctobacterium_A,Campylobacter_A,Evtepia,CAG-448,MGYG000000456,Stoquefichus,UMGS1370,CAG-349,UMGS1696,UMGS1810,UMGS1384,Enorma,Ezakiella,CAG-492,CAG-841,UMGS1864,Lactonifactor,UMGS1487,WRGP01,UBA4855,Pauljensenia,UMGS1815,MGYG000004171,Parvimonas,Peptoniphilus_A,UMGS599,MGYG000002216,CAG-462
rep545_seed2570	Flavonifractor,CAG-724,NC2004,Fusobacterium,Alterileibacterium,CAG-288,UBA11471,TM7x,CAG-449,Extibacter,UBA738,KLE1615,MGYG000002685,Bacilliculturomica,HGM11523,Methanosphaera,CAG-873,HGM13006,Robertmurraya,HGM05232,Gemmiger,Dielma,UMGS1384,UMGS1688,CAG-628,Veillonella_A,Arcanobacterium_A,Massilioclostridium,Stenotrophomonas,UMGS911,Epilithonimonas,Parolsenella,HGM12587,UMGS1994,UBA3818,HGM04593,CAG-269,UMGS882,RUG14107,VUNI01,Ruminococcus_E,UMGS363,NSJ-32,Sellimonas,Phytobacter,UBA6345
rep546_seed2571	HGM11588,CAG-274,MGYG000003855,Eubacterium_M,Lachnoclostridium,UMGS1384,Eubacterium_G,Ralstonia,QALS01,Hydrogeniiclostridium,UBA11471,S5-A14a,CAG-557,CAG-81,QAMM01,MGYG000000456,MGYG000003305,F0422,Peptoniphilus_A,Clostridium_J,HGM04593,UBA2883,Lysinibacillus,Acinetobacter,MGYG000002683,NSJ-32,CAG-631,Ruminiclostridium_E,UBA5920,HGM12957,Acetatifactor,UMGS1071,UBA7748,RC9,Veillonella_A,SFFH01,Fenollaria,OF09-33XD,UBA7488,CAG-302,Barnesiella,Firm-07,Leclercia,QALR01,Chimaeribacter,QAKD01
rep547_seed2572	F082,Akkermansia,MGYG000000574,Ruminococcus_D,MGYG000000350,UMGS973,Gemmiger,Escherichia,Eubacterium_J,MGYG000004029,Garciella,UBA11452,Lachnoanaerobaculum,CAG-317,UBA6857,Fusobacterium,UBA6398,UBA10281,UMGS1889,Collinsella,Anaerosacchariphilus,Clostridium_A,UBA4855,MGYG000000745,HGM12587,Anaerocolumna,Muricomes,UBA3766,Agathobacter,UBA5809,Slackia,UMGS1690,CAG-475,Gordonibacter,Haemophilus,UMGS1071,RUG705,UMGS1864,Franconibacter,UBA10677,Alistipes_A,HGM12650,MGYG000004094,SFLA01,MGYG000002575,Phocaeicola
rep548_seed2573	Enterocloster,UBA1191,CAG-449,Acutalibacter,MGYG000000745,Harryflintia,UMGS1690,Ruminococcus,UMGS1518,HGM12669,CAG-628,CAG-724,UBA945,Paraprevotella,UBA3818,Adlercreutzia,UMGS1591,Sellimonas,Holdemania,HGM11525,Pseudomonas,Oribacterium,Hafnia,Megamonas,Parolsenella,SFTJ01,HGM12814,Gemella,UMGS1611,UMGS692,MGYG000002797,Sporanaerobacter,CAG-196,Clostridioides,Phocea,An181,UMGS1253,Klebsiella_A,UBA6382,Finegoldia,Butyrivibrio_A,Dorea,Faecalibacillus,UMGS966,UMGS1052,CAG-303
rep549_seed2574	UMGS1418,UMGS403,Emergencia,Ligilactobacillus,Fournierella,Muribaculum,SFGY01,Enterococcus_A,HGM13862,UBA866,UMGS1865,UMGS1611,JAAYBB01,Enterococcus_G,UMGS263,Phocaeicola,RF16,MGYG000000346,Alterileibacterium,CAAEEV01,CAG-272,SFMI01,Actinomyces,GCA-900066495,CAG-460,Marseille-P4683,UMGS1766,F082,NK3B98,UMGS1590,UBA5026,CAG-492,Turicimonas,Cedecea,Eubacterium_G,Acetivibrio_A,UMGS1663,Neisseria,CAG-110,Gastranaerophilus,CAG-451,MGYG000004171,UBA11452,HGM12957,Eubacterium_R,UMGS680
rep550_seed2575	DUOT01,UMGS1611,UBA11517,Azonexus,UMGS1994,MGYG000004811,RUG100,UMGS1795,Kallipyga,Peptacetobacter,Fournierella,RUG023,SFHK01,RUG11247,Pseudescherichia,CAG-793,UMGS1397,Negativibacillus,JAAYBB01,Dialister,Eubacterium_G,Neobacillus,Barnesiella,HGM11523,Anaerosalibacter,Alistipes,Bilophila,CAG-238,KLE1615,UMGS966,CAG-603,Acinetobacter,CAG-417,QAKS01,Faecalicoccus,Varibaculum,Holdemania,Dysosmobacter,CAG-484,CAG-877,Desulfovibrio,Peptoniphilus_B,Parabacteroides,CAG-245,43-108,QANA01
rep551_seed2576	Mediterraneibacter,CAG-303,UBA7057,Pseudescherichia,JAAYBB01,Lysinibacillus,Klebsiella_A,Citrobacter,Fusobacterium_C,MGYG000003970,Duodenibacillus,Weissella,UBA3263,CAG-127,Amulumruptor,Roseburia,MGYG000004094,UBA1711,CAG-582,Muribaculum,UBA1234,Yersinia,UMGS403,Sellimonas,CAG-56,Schaedlerella,UBA5884,Longicatena,Faecalimonas,Butyrivibrio_A,Phoenicibacter,MGYG000000587,CAG-180,UMGS1484,CAG-317,UBA2856,HGM14224,CAG-484,SFFS01,Lachnoclostridium_B,Massilistercora,Campylobacter,CAG-1427,UMGS731,Cutibacterium,Butyricicoccus_A
rep552_seed2577	VUNA01,Citrobacter_B,Sporanaerobacter,UBA9502,Eubacterium_M,UBA11940,Parabacteroides,MGYG000001903,Succinatimonas,RF16,SFDB01,MGYG000002719,Akkermansia,Caproiciproducens,MGYG000003855,Murimonas,Veillonella_A,Clostridium_E,Peptoniphilus_A,UBA3631,HGM13222,Ligilactobacillus,Enorma,Kosakonia,SFVR01,Varibaculum,UMGS124,UMGS1994,Aneurinibacillus,Prevotella,Coprobacillus,Providencia,Coprobacter,UMGS882,RUG13868,UBA1375,HGM12998,CAG-831,UBA7488,UBA4372,UBA5446,CAG-353,MGYG000004850,CAG-488,RQCD01,MGYG000001953
rep553_seed2578	V9D3004,MGYG000002719,Negativicoccus,SCN-57-10,Olsenella_B,UBA1375,UMGS1795,UBA6345,UMGS1251,UBA3766,Flavonifractor,UBA7160,UBA7173,Scardovia,Lagierella,AF33-28,An92,UBA1390,Eubacterium,RUG131,HGM13233,MGYG000000378,UBA1394,Massilistercora,HGM11616,MGYG000000387,CAG-594,Alterileibacterium,Clostridium_N,AM07-15,UMGS1225,MGYG000002053,QAMX01,NSJ-62,DUOT01,MGYG000000674,UMGS1994,Cronobacter,RUG14107,Limosilactobacillus,Massilioclostridium,MGYG000004547,Superficieibacter,Paraprevotella,Megamonas,QALW01
rep554_seed2579	CACZQA01,UMGS1690,D5,Longicatena,RUG13868,Lachnoclostridium_B,F082,UMGS1472,SFJ001,CAG-451,Slackia_A,Hungatella_A,Rikenella,CAG-317,Eubacterium,Anaerococcus,WRGP01,Weizmannia,UBA4285,Selenomonas_A,Coprococcus,UMGS731,UMGS1889,Peptoniphilus_B,Kallipyga,UBA1409,CAG-127,RUG11198,Acidovorax,UMGS1397,CAG-882,RUG572,Alloprevotella,Enterocloster,Azonexus,Clostridium_AP,Coprobacillus,UMGS1322,CAG-41,Acetatifactor,Sneathia,Oscillibacter,Enterococcus_G,Amulumruptor,Blautia_A,HGM13862
rep555_seed2580	UMGS973,Muribaculum,MGYG000004061,UMGS1883,UBA1829,Olsenella,Paraclostridium,UBA1394,HGM12650,Acidaminococcus,CACZQA01,UBA7182,PeH17,UMGS1795,Faecalibacterium,HGM11525,Murimonas,Intestinibacter,Frisingicoccus,Ruminococcus_B,VSOB01,CAAEEV01,Enteroscipio,Haemophilus,Dysgonomonas,UMGS1322,Pseudoflavonifractor,UBA6984,Pseudomonas,Leuconostoc,Pseudoruminococcus,UMGS1397,CAG-317,CAG-884,MGYG000004133,Cedecea,Duodenibacillus,Nitratidesulfovibrio,Ezakiella,Cetobacterium_A,Fusobacterium_C,UMGS1880,S5-A14a,Methanobrevibacter_A,Corynebacterium,UMGS1858
rep556_seed2581	UBA3631,UBA1829,Pygmaiobacter,UBA2856,Rahnella,Fenollaria,UMGS1795,Weizmannia,UMGS1591,QAMM01,CAG-1000,Lachnospira,UMGS1880,MGYG000002696,Dorea_A,Anaeroglobus,MGYG000004177,Pseudobutyrivibrio,UMGS268,AM07-15,UBA945,QALS01,CAG-484,Butyricimonas,Coprobacter,Klebsiella_A,Mobilibacterium,Pseudoruminococcus,Dielma,RUG13868,GCA-900066495,Campylobacter,UBA11517,Neisseria,Eubacterium_T,MGYG000004874,Leminorella,UMGS1312,UMGS1840,MGYG000001871,Duodenibacillus,CAG-41,UBA5809,Extibacter,UMGS1388,Ruminococcus_G
rep557_seed2582	MGYG000003855,UBA1731,UMGS1071,Lachnoclostridium_A,CAG-831,HGM11507,UBA7182,Enterobacter,Lacticaseibacillus,Ligilactobacillus,Bilophila,Lachnoclostridium_B,HGM11514,CAG-617,Anaerostipes,MGYG000002702,UBA11517,Campylobacter,Pediococcus,MGYG000003490,Eubacterium_G,HGM13862,UMGS263,Peptostreptococcus,Ruminococcus_C,UBA1752,Enterococcus_D,UBA1740,Allisonella,Bittarella,MGYG000004172,CAAEEV01,WRGP01,UBA1409,Mesosutterella,Pantoea,UMGS1591,HGM04593,Caecibacter,MGYG000004443,Murdochiella,Phocaeicola,HGM12669,Hungatella_A,Olsenella_E,Enorma
rep558_seed2583	Olsenella_E,HGM12669,MGYG000002683,MGYG000003270,Granulicatella,UBA6398,CAG-274,Dysosmobacter,Prevotella,UMGS577,Romboutsia,Coprococcus_A,V9D3004,UMGS1839,UBA2856,CAG-451,Gabonibacter,Lancefieldella,HGM13006,Amedibacillus,HGM12998,UBA1752,Bifidobacterium,Faecalibacterium,Moellerella,UMGS1688,Ruthenibacterium,MGYG000002719,Agathobaculum,CAG-1427,Bilophila,Pseudoruminococcus,Bruticola,MGYG000000346,Staphylococcus,Butyricicoccus_A,UMGS1253,CAG-594,UBA5416,Phil1,HGM12789,Parasutterella,UBA5920,UMGS1933,Hydrogeniiclostridium,Clostridium_AQ
rep559_seed2584	UBA945,SFVR01,HGM11514,RUG14107,Dorea,Faecalibacillus,CAG-631,Firm-10,1XD42-69,QALW01,Paenibacillus,UC5-1-2E3,OM05-12,UMGS1202,UBA2883,CAG-127,Enterococcus_A,Merdibacter,Intestinimonas,Catenibacillus,CAG-314,NSJ-38,UMGS1312,Acidovorax,UMGS1795,DTU089,UMGS905,CAG-1000,Pseudescherichia,MGYG000004094,Coprococcus,CAG-313,SFDB01,Paraclostridium,Enteroscipio,Frisingicoccus,Agathobacter,UMGS1820,F0040,Succinatimonas,MGYG000000387,UBA1820,Hungatella_A,MGYG000002683,Pseudobutyrivibrio,UBA4855
rep560_seed2585	CAG-710,Enterobacter_D,Neobittarella,CAG-488,MGYG000003855,Dorea_A,UBA11517,MGYG000004443,Aneurinibacillus,RUG472,Phocaeicola,Dorea_B,NSJ-63,MGYG000000674,Criibacterium,Arcanobacterium_A,WG-1,Psychrobacillus,UMGS1783,MGYG000000286,Acetivibrio_A,D5,UBA1777,CAG-793,UMGS1613,WRGP01,RUG100,HGM12669,Cutibacterium,UMGS2016,UBA9475,HGM11372,UMGS1688,CAG-411,Alloscardovia,MGYG000004127,MGYG000003289,HGM11368,VSOB01,UBA1394,Actinomyces,UMGS1251,UBA1409,Muricomes,UMGS1872,MGYG000002719
rep561_seed2586	UMGS1783,QAMH01,Senegalimassilia,VUNI01,Brachyspira,Coprobacillus,MGYG000004112,JAAYBB01,RUG11200,Lachnoclostridium,NSJ-62,UMGS1781,Lawsonella,UMGS403,Fusobacterium,CAG-594,Terrisporobacter,UBA6398,Companilactobacillus,Murdochiella,Massilioclostridium,Firm-10,RUG023,UBA9475,Eubacterium,Psychrobacillus,Clostridium_F,Intestinibacter,Arabia,S5-A14a,Pantoea,UBA1409,Anaerotruncus,Neisseria,Anaerostipes,PeH17,CHH4-2,CAG-170,UMGS1623,UMGS1241,MGYG000002758,UBA11774,Leuconostoc,Robertmurraya,CAG-632,Eubacterium_R
rep562_seed2587	HGM11523,Collinsella,UBA644,UBA1234,MGYG000001953,UBA1232,QALR01,1XD42-69,UBA3263,UBA11452,MGYG000000286,Anaerosalibacter,Butyricicoccus_A,Clostridium_Q,HGM12587,CAG-314,Psychrobacillus,Hafnia,Nitratidesulfovibrio,UMGS75,Peptoniphilus_C,UBA1691,CAG-272,DTU089,UMGS946,CAG-83,UBA7488,UMGS1375,Succinivibrio,UMGS1901,UBA2883,Paenibacillus_A,CAG-353,CAG-313,Eubacterium_I,Ruthenibacterium,VUNA01,UMGS1889,MGYG000001903,UMGS1002,VUNI01,NSJ-50,HGM13233,Murdochiella,Paraeggerthella,Pauljensenia
rep563_seed2588	Clostridium_F,CAG-41,Dorea_B,Anaerococcus,Parolsenella,Pseudomonas,UMGS1663,Clostridium_AP,NSJ-32,Anaerosacchariphilus,Alistipes_A,CAG-303,Marseille-P3106,UBA10677,CAG-1024,MGYG000004127,Ruminococcus_G,UMGS1537,Bacteroides_F,Lactobacillus,Alloscardovia,UMGS1872,Bilophila,Pseudomonas_R,UBA3402,MGYG000002719,CAG-533,Anaerofustis,Clostridium_J,Cronobacter,MGYG000002216,Leptotrichia,Granulicatella,D5,Campylobacter_A,Phocea,UBA4372,Arcanobacterium_A,MGYG000002685,MGYG000003490,Lactonifactor,UMGS1613,HGM12957,UMGS1781,UBA738,RUG705
rep564_seed2589	Pauljensenia,UBA4871,Absicoccus,UMGS1690,Lachnoclostridium_B,Selenomonas_C,Alloscardovia,TWA4,Anaeroglobus,RUG11247,Methanobrevibacter_A,UMGS1766,Rubneribacter,UBA6398,AM51-8,MGYG000004127,UMGS1293,Anaerosporobacter,Dielma,Catenibacillus,MGYG000004556,Ezakiella,UMGS172,Dorea,Caproiciproducens,CAG-317,UBA738,Anaerocolumna,UC5-1-2E3,Agathobaculum,MGYG000002726,RUG13868,UMGS1397,Oribacterium,Eubacterium_G,Prevotellamassilia,CAG-451,Lancefieldella,CAG-452,MGYG000003855,QALW01,OF09-33XD,Eubacterium_M,Bacilliculturomica,UMGS1795,Lagierella
rep565_seed2590	Harryflintia,Stomatobaculum,UMGS1781,UMGS1071,UMGS1864,Anaeroplasma,Enterococcus_D,CAG-95,HGM10836,GCA-900066495,CAG-1024,Faecalibacillus,Anaerostipes,F0040,Eggerthella,UBA1375,RUG410,UBA7160,F23-B02,Bacteroides,Alloprevotella,Anaerococcus,UMGS882,Cedecea,Barnesiella,Schaedlerella,HGM11523,SFFS01,UBA9506,UBA1740,HGM11507,Peptoniphilus_B,Longibaculum,UBA3631,Methanomassiliicoccus_A,CAG-484,Oscillibacter,Lawsonella,MGYG000003970,NSJ-62,Eubacterium_M,Epilithonimonas,MGYG000004660,UBA3402,MGYG000002696,Lactococcus
rep566_seed2591	UMGS1490,UBA1786,Muribaculum,Zag111,UMGS966,SFJ001,QAKD01,HGM11501,Flavonifractor,UBA3263,Alistipes_A,CAG-594,MGYG000004727,MGYG000004660,CAG-317,Rubneribacter,CAG-194,UBA11940,CAG-1427,UMGS1975,HGM12587,GCA-900066495,Anaerobutyricum,UMGS1109,AF33-28,Johnsonella,UMGS1613,UMGS692,MGYG000000674,NSJ-61,CAG-492,RC9,UMGS902,CAG-354,Gemella,MGYG000004811,Parolsenella,MGYG000003270,Clostridium_F,UBA6382,RUG115,UBA4855,NK3B98,UBA5884,Aeromonas,UMGS1293
rep567_seed2592	KM106-2,UBA1375,Anaeroplasma,MGYG000003305,KLE1615,Acutalibacter,Emergencia,Duncaniella,CAG-484,UBA1234,UBA9414,Longicatena,Mitsuokella,UBA1711,RUG420,UMGS1251,Terrisporobacter,UBA1691,UBA4334,Eubacterium,UMGS1477,UMGS902,CAG-1000,Methanosphaera,CAG-217,Slackia,NK4A136,CAG-631,SFGY01,Criibacterium,UMGS1975,An172,F082,MGYG000003490,CAG-582,Sneathia,Pauljensenia,MGYG000003970,CAG-272,Finegoldia,UMGS403,Muribaculum,Arcanobacterium_A,Companilactobacillus,GCA-900066905,Moellerella
rep568_seed2593	Leuconostoc,Fusicatenibacter,D5,Proteus,CAG-917,OF09-33XD,Allisonella,NSJ-62,MGYG000002075,Sodaliphilus,Peptoniphilus_E,UBA11940,MGYG000001871,MGYG000004112,Ruminiclostridium_E,CAG-793,UMGS1052,CAG-628,UMGS1810,Clostridioides,UBA1206,UMGS1872,Alistipes_A,Pradoshia,HGM11372,Oscillibacter,CAG-417,Campylobacter_B,Enorma,Clostridium_E,MGYG000004850,Murimonas,Firm-11,UMGS966,Bittarella,Haemophilus_A,UBA9506,Pseudoruminococcus,UBA1820,Alistipes,Aeromonas,HGM12669,Parasutterella,Anaerotignum,Aneurinibacillus,CAG-475
rep569_seed2594	Bacillus_A,Slackia,Enterocloster,UMGS1224,Muricomes,Enterobacter,UBA7160,Vibrio,Sutterella,MGYG000002010,UMGS1883,CAG-521,Peptoniphilus_C,CAG-317,Haemophilus_D,UBA1417,UBA1232,CAG-180,QAMM01,UMGS1670,UMGS929,UBA11940,Clostridium_Q,UMGS1279,UMGS1326,Butyricicoccus,AM07-15,SFFS01,Aneurinibacillus,Porphyromonas_A,Lacticaseibacillus,HGM11416,UMGS1872,MGYG000002053,UMGS1251,UMGS1668,Barnesiella,Butyrivibrio_A,Dielma,Ruminiclostridium_E,CAG-1193,UBA11471,UBA7748,Proteus,MGYG000002075,Robinsoniella
rep570_seed2595	Alistipes,UBA10677,NC2004,V9D3004,JAAYBB01,Slackia,UBA11517,Barnesiella,HGM11416,CAG-488,Hungatella_A,Oxalobacter,Enterococcus_C,MGYG000003490,UBA1375,UBA4372,CAG-964,MGYG000004811,Lachnoanaerobaculum,MGYG000004133,Robertmurraya,HGM13618,UMGS1795,UMGS1052,CAG-411,QAKS01,Massiliomicrobiota,CAG-103,Dielma,MGYG000000350,MGYG000000346,OF09-33XD,HGM11507,MGYG000000456,Neisseria,MGYG000000378,Leuconostoc,UMGS1820,HGM14224,Cutibacterium,UMGS1858,UMGS1002,Lawsonibacter,Fusobacterium,UMGS1387,Neobittarella
rep571_seed2596	Alloscardovia,Pseudoflavonifractor,Enterobacter_D,CHH4-2,HGM11327,UBA5446,Faecalitalea,DTU089,UBA945,Rothia,UMGS1490,CAG-582,Gastranaerophilus,SFLA01,CAG-312,Catenibacterium,CAG-349,CAG-110,MGYG000001871,MGYG000004380,F082,UBA1777,UMGS1815,Anaerosalibacter,UBA4871,Clostridioides,Cedecea,Arcanobacterium_A,Blautia_A,Angelakisella,Harryflintia,UBA737,UMGS1518,Arabia,NSJ-63,MGYG000004547,MGYG000003945,UMGS1688,Mediterraneibacter,Lawsonibacter,Collinsella,Zag111,Pseudescherichia,Mailhella,Hungatella,Senegalimassilia
rep572_seed2597	CAG-390,UBA4644,Leclercia,Fusobacterium,Clostridium_N,HGM13006,Gabonibacter,Clostridium_AQ,Romboutsia,Limosilactobacillus,Fannyhessea,CAG-533,Enterococcus_G,Criibacterium,Monoglobus,UBA7488,HGM11417,Stoquefichus,CAG-83,CAG-245,KLE1615,MGYG000000587,HGM11788,CAG-314,UMGS1688,Streptococcus,CAG-353,Acetivibrio_A,Anaerosporobacter,Weizmannia,HGM13618,UBA2883,Clostridioides,Eubacterium_M,Negativibacillus,43-108,UMGS1851,UBA1394,Cedecea,UBA636,Succinatimonas,QAKW01,Hungatella_A,MGYG000000390,CAG-354,Pseudoflavonifractor
rep573_seed2598	Neobittarella,Arcanobacterium_A,Eubacterium_F,MGYG000000728,Rubneribacter,MGYG000000574,UBA5394,UMGS1491,Leminorella,UMGS1537,Sutterella,Edwardsiella,Lachnoclostridium_A,Mixta,UMGS363,Ruminiclostridium_E,UBA1409,Pyramidobacter,Johnsonella,RUG13868,Klebsiella,UMGS1375,UMGS1663,Stenotrophomonas,UBA1232,Hydrogeniiclostridium,Phil1,Barnesiella,Escherichia,UMGS902,Faecalibacterium,JAAYBB01,Veillonella_A,UMGS1518,Porphyromonas_A,Mediterraneibacter_A,CAG-631,CAG-793,Prevotella,Lysinibacillus,Fusobacterium_A,UMGS1901,UMGS1572,Alloscardovia,CAG-196,MGYG000002726
rep574_seed2599	Bulleidia,CAG-314,CAG-631,UBA1711,CAG-56,Pseudomonas_E,CAG-302,UBA7597,UBA738,Adlercreutzia,RQCD01,Cronobacter,NK4A136,UMGS1975,DTU089,CAG-41,Paenibacillus,UBA7702,Catenibacterium,UBA636,Catenibacillus,HGM11514,UMGS929,Eubacterium,Harryflintia,UBA1232,Stoquefichus,Leclercia,Faecalibacterium,RUG12045,UMGS1690,Ruminococcus,Negativicoccus,HGM12650,Actinomyces,CAG-884,Enterococcus_B,UMGS1603,UMGS1491,UMGS966,CAG-1031,UMGS416,KM106-2,HGM11372,UMGS995,CAG-793
rep575_seed2600	CAG-964,UMGS1484,UMGS1418,HGM04593,UBA7597,UMGS1839,Dorea_B,MGYG000004443,Massilioclostridium,Faecalitalea,Campylobacter,UBA7748,UBA4285,Enterococcus_A,Turicibacter,RUG023,UMGS680,Neisseria,Victivallis,NSJ-32,Companilactobacillus,Negativibacillus,UBA2821,Ruminococcus_B,Prevotella,Parabacteroides,RUG705,Peptoniphilus_A,Ruminococcus_G,Faecalibacillus,Leclercia,UBA7057,Bulleidia,Phytobacter,Lactococcus_A,Fusobacterium_A,CAG-617,UMGS1490,UMGS416,UMGS973,Robinsoniella,SFMI01,UMGS2055,UMGS1872,UBA3631,Weizmannia
rep576_seed2601	UMGS124,UMGS1322,MGYG000004127,Ruminococcus,Raoultibacter,Scardovia,UBA6345,UBA1259,CAG-631,Alistipes_A,QAKD01,Anaerobutyricum,MGYG000004172,Ruminococcus_E,UMGS1840,UMGS1490,Brachyspira,HGM12998,Massilicoli,MGYG000000587,UBA4372,Pygmaiobacter,CAG-83,Companilactobacillus,MGYG000004229,Olsenella_B,RUG131,UBA7160,UMGS1474,UCG-010,DTU089,Intestinibacter,MGYG000000425,UBA1409,Hafnia,MGYG000003490,UBA1829,RUG115,UMGS911,Nitratidesulfovibrio,UMGS1491,CAG-492,Enorma,HGM11530,UBA10677,Anaerosporobacter
rep577_seed2602	Methanomassiliicoccus_A,Paenibacillus_A,UBA4855,MGYG000000505,Ruthenibacterium,OF09-33XD,Clostridium_E,Massilimaliae,Fusobacterium_B,Raoultibacter,RUG420,Parasutterella,MGYG000004604,HGM11530,Duodenibacillus,UBA11940,UMGS1518,CAG-791,Ellagibacter,HGM05232,UMGS1591,Exiguobacterium,CAG-56,Coprobacillus,NK3B98,Firm-11,UMGS902,Lagierella,Lactonifactor,UMGS905,UMGS1781,UMGS1826,Lachnoclostridium_B,RUG11200,Ruminococcus_E,CAG-475,UBA11512,Phascolarctobacterium_A,CAG-495,Mailhella,CAG-452,GCA-900066135,Moellerella,Yokenella,MGYG000000378,MGYG000004061
rep578_seed2603	Bariatricus,HGM11575,Eubacterium_M,UMGS1590,UMGS1858,An181,Anaerobutyricum,Agathobacter,Cetobacterium_A,Psychrobacillus,Kallipyga,Ruminococcus_G,MGYG000001903,Olsenella_B,Sneathia,UMGS577,MGYG000000587,D5,DTU089,SFFH01,Hafnia,Merdibacter,UBA4855,NSJ-50,Intestinibacter,Agathobaculum,Ruminococcus_A,Eubacterium_R,Hungatella_A,UBA636,Acinetobacter,QAMH01,Haemophilus_A,Mediterraneibacter,Dysgonomonas,HGM12814,GCA-900066755,Massiliomicrobiota,Borkfalkia,Clostridium_AP,Fusobacterium_A,CAG-83,UMGS1384,Dorea,UMGS692,Dysosmobacter
rep579_seed2604	CAG-484,Muribaculum,CAAEEV01,Olsenella_B,Amedibacterium,Mobilibacterium,Massilimaliae,UBA2856,RUG472,Enterocloster,CAG-884,Adlercreutzia,Caecibacter,UMGS263,Anaerofustis,Schaedlerella,Scardovia,UBA644,Alistipes,Treponema_D,SFMI01,Sutterella,UMGS363,CAG-492,Citrobacter_A,HGM11523,UMGS1975,CAG-390,Peptococcus,CAG-831,Butyricicoccus,Rikenella,CAG-510,Ruminococcus_F,CAG-452,CAG-1031,MGYG000004443,1XD42-69,HGM11416,Lactobacillus,Sneathia,UMGS2055,Anaerotruncus,WG-1,Eggerthella,Pseudomonas
rep580_seed2605	MGYG000003970,Citrobacter_A,UMGS172,Enterobacter_D,UBA1829,RUG12045,Enterococcus_A,HGM11416,UMGS1418,DTU089,UMGS124,Pradoshia,UMGS1600,Acetatifactor,Evtepia,CAG-557,SFDP01,MGYG000003490,Mailhella,CAG-269,UMGS1815,QAMX01,UBA11471,UMGS1994,Weissella,Marseille-P4683,Eubacterium_R,Anaeroplasma,Enterococcus_D,Garciella,CAG-302,CAG-317,RUG11198,UBA9414,OM05-12,Anaerobutyricum,Methanomassiliicoccus_A,UMGS1477,Chimaeribacter,Atlantibacter,SFVR01,Bulleidia,Collinsella,Sporanaerobacter,UMGS1820,UMGS1472
rep581_seed2606	Hafnia,Alloprevotella,Hungatella_A,UBA5884,Campylobacter_A,Phocaeicola,UMGS1766,Fusobacterium_A,Murdochiella,Leminorella,MGYG000004604,Citrobacter,MGYG000004811,CAG-452,MGYG000001903,Citrobacter_A,Butyricicoccus_A,Parolsenella,RUG13868,Eikenella,UBA5920,Victivallis,AM51-8,Merdimonas,Enterococcus_C,Cloacibacillus,Clostridium_AP,Limosilactobacillus,CAG-877,Fusobacterium,CAG-495,Selenomonas_A,Johnsonella,MGYG000004112,UMGS1826,RUG705,Stomatobaculum,Enterococcus_D,OM05-12,QAMM01,CAG-103,MGYG000002726,UMGS1491,Bittarella,QAKW01,Pradoshia
rep582_seed2607	CAG-485,CAG-831,Eggerthella,Kluyvera,Mesosutterella,Muribaculum,SFGY01,Extibacter,UBA636,GCA-900066905,Fenollaria,UMGS263,UBA4285,An92,Citrobacter,Superficieibacter,Lacrimispora,Salmonella,Mobiluncus,CAG-617,HGM13233,CAG-1031,UBA7702,CAG-83,CAG-917,Robertmurraya,CAG-269,UBA3818,MGYG000002216,HGM11521,UBA9502,Emergencia,UMGS172,Eubacterium_R,HGM11327,QAMX01,Lactiplantibacillus,MGYG000000728,Amedibacillus,Gemella,UCG-010,Rahnella,Fusobacterium_C,Niameybacter,Absicoccus,QALS01
rep583_seed2608	MGYG000000425,TWA4,Clostridium_B,Campylobacter,MGYG000004133,Peptoniphilus_B,Muribaculum,Exiguobacterium,Ellagibacter,GCA-900066755,An181,NSJ-63,UMGS1696,MGYG000003490,Garciella,Schaedlerella,Merdimonas,CAG-274,UBA2821,Prevotellamassilia,Ruminococcus_F,Methanomassiliicoccus_A,Enterococcus_A,MGYG000004604,UMGS1810,Mitsuokella,UMGS1766,SFDP01,QANA01,UMGS1883,Fusobacterium_C,HGM11386,UBA1685,Niameybacter,Eubacterium_R,CAG-194,CAG-590,NK4A136,UMGS1975,UBA1390,Flavonifractor,RUG023,MGYG000003270,Evtepia,Peptacetobacter,MGYG000001953
rep584_seed2609	CAG-314,Cetobacterium_A,Acetivibrio_A,Gemmiger,CAG-917,UMGS995,Prevotella,Kluyvera,UMGS1387,MGYG000003305,Raoultibacter,UMGS1851,Campylobacter,UMGS263,MGYG000004604,GCA-900066755,CABIZH01,Paraeggerthella,Ellagibacter,Porphyromonas,UMGS680,Enterobacter_D,CAG-460,Marseille-P4683,Eggerthella,MGYG000002696,Weissella,Bacillus_A,UMGS1224,MGYG000004133,HGM11501,UMGS1312,UMGS1865,Finegoldia,Clostridium_AP,Hafnia,UBA3263,Faecalibacillus,Firm-10,UBA11512,Marseille-P3106,QAKD01,HGM11575,UMGS268,UBA1375,UBA7160
rep585_seed2610	CAG-710,Pradoshia,UMGS1901,MGYG000002797,HGM12713,Ezakiella,Olsenella_B,Harryflintia,Raoultibacter,MGYG000004029,UBA1394,Coprobacillus,UMGS1851,UMGS2016,Ruminococcus_E,Porphyromonas_A,Bacteroides,GCA-900066905,Dysosmobacter,Anaerostipes,CAG-41,UMGS1613,Cetobacterium_A,UMGS1387,DTU089,UBA7102,CAG-314,Eubacterium_M,SFMI01,CAG-1193,NSJ-50,MGYG000003289,Turicibacter,Pygmaiobacter,CAG-964,Fusobacterium_A,Robinsoniella,UBA1390,Schaedlerella,MGYG000002010,UMGS1474,Catenibacillus,UMGS731,UC5-1-2E3,UMGS1670,Marseille-P4683
rep586_seed2611	HGM11368,CAG-488,HGM11501,UBA7182,RUG13868,Mobiluncus,UBA1685,UMGS1994,Faecalibacillus,HGM11386,Franconibacter,Succinivibrio,UMGS1109,Murimonas,MGYG000000505,UMGS2037,WG-1,CAG-603,GCA-900066905,Klebsiella,Citrobacter_B,UCG-010,UMGS1883,Lactococcus_A,Megasphaera,HGM11523,MGYG000002053,MGYG000000674,UMGS1840,Campylobacter,Peptostreptococcus,Bacillus_A,Faecalibacterium,Enterobacter_A,Veillonella,UBA11940,Pradoshia,UBA940,UBA3818,Raoultibacter,Marseille-P3106,Porphyromonas,UMGS1322,UMGS416,CAG-884,MGYG000002575
rep587_seed2612	SFVR01,NSJ-38,Edwardsiella,Emergencia,Cetobacterium_A,Latilactobacillus,CAG-603,Phocaeicola,CAG-417,UMGS1670,UBA3282,Anaeroglobus,Massiliomicrobiota,Ruminococcus_B,CAG-475,Clostridium_B,Holdemania,UMGS1994,RUG100,CAG-877,Niameybacter,Criibacterium,Limosilactobacillus,Campylobacter_B,Citrobacter,UBA1737,CAG-1031,UMGS1338,UMGS1490,Gordonibacter,UBA1740,Acidovorax,CAG-521,CAG-288,UMGS1004,UMGS1474,CAG-103,RUG472,UBA9506,UMGS1572,UMGS874,UMGS1253,UBA4716,Weizmannia,UBA3631,Clostridium_X
rep588_seed2613	Coprococcus,Extibacter,Schaedlerella,Holdemania,RC9,Sutterella,Ruminococcus_A,Amedibacillus,Enterococcus_C,UBA1390,Dorea_B,QAMM01,UMGS1781,MGYG000000728,Lysinibacillus,Faecalibacillus,Collinsella,CAG-510,Chimaeribacter,HGM11417,CAG-462,UMGS1225,Olsenella,Porphyromonas_A,HGM05232,CAG-83,Gemella,Sneathia,MGYG000003855,CAG-127,MGYG000004380,Pseudoflavonifractor,Borkfalkia,43-108,Staphylococcus,Enterococcus_G,UBA1409,UMGS1002,KM106-2,UBA644,An92,UMGS1441,UBA9502,Anaerocolumna,HGM12814,Christensenella
rep589_seed2614	NK3B98,Clostridium_X,CAG-45,UMGS1623,UMGS1540,Ruminococcus,Haemophilus_A,Pseudescherichia,Stomatobaculum,S5-A14a,HGM12789,UBA6398,UMGS1795,CAG-194,CAG-582,Eubacterium_J,Enterococcus_B,MGYG000002216,Bacillus_J,Mediterraneibacter_A,HGM13634,Bittarella,CAG-873,UBA1737,Yokenella,CAG-217,Eubacterium_I,MGYG000003855,Anaerotruncus,MGYG000000346,Evtepia,Dorea_B,Clostridium_AP,Pauljensenia,QAMM01,HGM12998,RUG420,UBA2856,Borkfalkia,MGYG000004229,Lancefieldella,Mobiluncus,HGM12713,UMGS1518,CAG-279,Streptococcus
rep590_seed2615	UBA1731,UBA7102,Leclercia,Christensenella,Harryflintia,Ruminococcus_C,Hydrogeniiclostridium,RUG472,RUG11200,MGYG000004380,Intestinibacter,UMGS1600,CAG-83,Anaerosporobacter,UMGS731,UMGS1071,UBA1752,Peptoniphilus_B,CAG-103,Eubacterium_F,UBA1375,Angelakisella,Ruthenibacterium,NSJ-63,UMGS2055,Enterococcus_D,Parolsenella,MGYG000004127,Pseudomonas,Mitsuokella,MGYG000003297,CAG-452,GCA-900066495,UBA7597,Lancefieldella,UBA866,Paenibacillus,Varibaculum,HGM12669,DTU089,UMGS1518,KLE1615,Fusobacterium_B,CAG-81,UBA3263,WG-1
rep591_seed2616	Bittarella,UMGS416,HGM12814,Arcanobacterium_A,Fenollaria,Ruminococcus_A,HGM13233,UMGS1418,UBA738,D5,CAG-710,UMGS1109,Ezakiella,Paenibacillus_A,UBA1740,UMGS2037,UMGS1225,F082,Pluralibacter,Alloscardovia,MGYG000002702,UMGS929,Terrisporobacter,Oscillibacter,Eikenella,CAG-1427,TF01-11,HGM12587,Negativibacillus,HGM11521,Bacillus_J,Clostridioides,Akkermansia,HGM10836,CAG-884,MGYG000000587,Treponema_D,UBA7182,Longicatena,Selenomonas_A,CAG-103,Pseudoflavonifractor,Alistipes,CAG-465,Lactococcus,Acetivibrio_A
rep592_seed2617	UMGS1600,CAG-485,Lactonifactor,UBA2856,Lacrimispora,Blautia,MGYG000004850,UMGS263,CAG-873,Fusobacterium_C,UBA5446,Neobacillus,Dorea_A,MGYG000004061,F0422,Beduini,UMGS874,Extibacter,Dorea_B,An92,Cetobacterium_A,UMGS1540,UMGS124,Clostridium_AP,UBA1417,Morganella,Raoultella,MGYG000004177,Blautia_A,Anaerococcus,MGYG000000456,F0040,COE1,Faecalibacillus,CAG-303,Eisenbergiella,UBA3818,RUG023,UBA7160,MGYG000004547,Salmonella,Eikenella,Acetatifactor,Mobiluncus,UMGS172,UMGS403
rep593_seed2618	CAG-632,UMGS403,QALR01,Ruminococcus_A,UMGS1670,Pseudomonas_R,RUG472,UBA4644,UBA866,UBA1777,Terrisporobacter,UMGS1611,UBA737,Acetivibrio_A,COE1,UMGS1815,UBA3402,Fusobacterium_C,UMGS2055,CAG-274,UMGS577,Peptostreptococcus,Robinsoniella,Arabia,QAMM01,Ezakiella,UBA1822,Negativibacillus,UBA11940,SFJ001,UMGS1322,UMGS1484,Sporanaerobacter,RUG705,CAG-710,CAG-521,Massilistercora,UBA3631,Salinicola,UMGS1601,MGYG000001903,UBA6398,Lachnoanaerobaculum,CAG-317,UMGS1537,Rubneribacter
rep594_seed2619	Beduini,RUG572,UBA7102,CAG-882,HGM12650,UMGS577,Paraprevotella,HGM11616,UMGS1474,UBA7057,Enterococcus_B,UMGS1690,F23-B02,Marseille-P3106,Hungatella,MGYG000003855,UBA2856,MGYG000003945,CAG-617,UMGS1810,QANA01,UBA636,HGM11327,HGM12669,Megamonas,Escherichia,Slackia,DTU089,Gastranaerophilus,QALW01,MGYG000001871,Fusobacterium_C,Bariatricus,UMGS1472,UBA1232,HGM12713,Pygmaiobacter,Salinicola,Marvinbryantia,MGYG000002575,Ruminococcus_G,CAG-41,Enterococcus,CAG-762,UBA5905,D5
rep595_seed2620	MGYG000002010,UMGS268,Acinetobacter,Leclercia,Paenibacillus,UBA1409,HGM11514,Agathobacter,Ruminococcus_F,F23-B02,HGM14224,Kallipyga,Chimaeribacter,Dorea_A,UMGS1279,Criibacterium,UMGS1826,Paraeggerthella,UBA5026,VUNI01,Ruminococcus_B,Phoenicibacter,Stoquefichus,UBA2882,UMGS2016,Lawsonella,Actinomyces,QALW01,Murdochiella,Enterococcus_G,Alloprevotella,UBA1394,Butyricicoccus,Ralstonia,Selenomonas_A,CAAEEV01,Haemophilus_A,MGYG000001903,Fusobacterium_B,MGYG000004380,UMGS75,CAG-475,CAG-873,S5-A14a,Tidjanibacter,Azonexus
rep596_seed2621	Phocea,Megasphaera,UBA1409,Lagierella,CAG-272,UMGS1477,UMGS1572,UMGS1418,MGYG000000674,UBA3766,MGYG000002010,Edwardsiella,UMGS1839,MGYG000000505,CAG-417,Succiniclasticum,UBA940,RUG420,Extibacter,HGM11530,SFFH01,HGM11523,Peptoniphilus_E,Clostridium_B,F0422,UMGS902,Mixta,MGYG000000286,CAG-484,RUG100,MGYG000004604,Hungatella,Firm-11,Citrobacter,Atlantibacter,Pseudescherichia,CAG-460,Yersinia,UBA5446,Neisseria,BX12,CAG-495,Latilactobacillus,Lachnospira,TWA4,OM05-12
rep597_seed2622	MGYG000004547,Alistipes_A,HGM12957,Succiniclasticum,UBA9506,UMGS1591,UMGS1872,UMGS1418,QAKW01,Ruminiclostridium_E,UMGS1491,HGM11327,Anaerocolumna,Veillonella_A,VUNI01,Prevotella,CAG-484,Clostridium_E,Eubacterium_F,Marseille-P3106,Anaerococcus,Fannyhessea,HGM13862,UBA1259,51-20,Sutterella,MGYG000002696,JAAYBB01,Paraeggerthella,UBA3402,UBA6398,CAG-314,Rikenella,UBA7702,F23-B02,Dysgonomonas,Neobacillus,Anaeroglobus,CAG-793,NK3B98,HGM05232,CAG-495,UMGS1883,UMGS2016,Caecibacter,UBA7160
rep598_seed2623	Citrobacter,Ralstonia,CAG-314,UMGS1613,UMGS1851,Intestinibacter,Pseudescherichia,Massilimaliae,Cetobacterium_A,Enterobacter,F082,CAAEEV01,Vibrio,CAG-884,MGYG000004094,UMGS1532,CAG-841,Pseudoflavonifractor,Bacteroides_F,Nitratidesulfovibrio,Clostridium,UMGS1322,Acinetobacter,UMGS946,HGM11507,UBA11512,Clostridium_AP,Victivallis,UBA2883,Bacillus_J,Enterobacter_D,QAMH01,UBA5920,CAG-877,Cedecea,HGM05232,Amedibacillus,Parabacteroides,Leminorella,An92,Clostridium_P,KLE1615,Clostridium_J,Peptococcus,V9D3004,Adlercreutzia
rep599_seed2624	CAG-245,MGYG000000745,Prevotellamassilia,51-20,UBA738,Oribacterium,Citrobacter_B,UBA10677,CAG-313,Evtepia,Klebsiella_A,MGYG000003855,Blautia_A,UMGS1241,Clostridium_X,UMGS2055,Anaerocolumna,Intestinibacter,UBA1777,MGYG000000456,UBA6857,UMGS1820,UMGS1795,QALS01,Turicibacter,CAG-273,CAG-882,UMGS1858,Plesiomonas,Leclercia,UBA9506,CAG-762,UBA7597,UMGS1901,UBA1234,Peptacetobacter,Bacilliculturomica,Weissella,Clostridium_AP,MGYG000002726,Allisonella,Gemella,Paramuribaculum,Olsenella_E,AF33-28,Phascolarctobacterium
rep600_seed2625	Superficieibacter,Bittarella,UMGS1384,1XD42-69,CAG-245,CAG-632,Bruticola,UMGS1623,Ruminococcus_G,Yersinia,CAG-841,Cloacibacillus,Niameybacter,MGYG000002758,CAG-460,UMGS75,GCA-900066905,UBA636,UMGS680,Alloprevotella,Lachnoanaerobaculum,UMGS1418,Mailhella,UBA1685,HGM13006,HGM12789,Butyricicoccus,Phascolarctobacterium_A,CAG-510,UMGS172,Bacilliculturomica,CAG-417,Catenibacterium,Rubneribacter,UMGS1388,HGM12713,NK4A136,Pradoshia,Franconibacter,MGYG000000674,CAG-884,UBA3388,UMGS1004,UBA11774,CAG-95,Terrisporobacter
rep601_seed2626	UMGS1865,CAG-452,Dysosmobacter,UMGS1901,KLE1615,Amedibacillus,Leclercia,Alterileibacterium,CAG-710,UMGS874,Anaerosporobacter,Pseudomonas_E,Amulumruptor,RUG14107,Clostridium_B,RUG572,KM106-2,MGYG000004172,MGYG000001871,VUNI01,CAG-279,UMGS946,QANG01,S5-A14a,UBA4334,Barnesiella,Succinatimonas,D5,Lentilactobacillus,UBA9414,Kluyvera,CAG-115,UBA1206,Parvimonas,Harryflintia,CAG-303,Christensenella,MGYG000002053,UMGS124,Methanosphaera,Eikenella,UMGS1781,Leptotrichia,Stoquefichus,UBA7702,Ruminococcus_G
rep602_seed2627	UMGS1293,UMGS731,MGYG000000378,UMGS1766,Phoenicibacter,TM7x,Ruminococcus_C,Cloacibacillus,CAG-1193,UMGS882,MGYG000002758,Muricomes,Bacteroides_F,HGM11523,Staphylococcus,UBA5394,51-20,Monoglobus,Streptococcus,UBA3388,Eubacterium_G,UBA9502,MGYG000000387,UMGS263,Harryflintia,Parolsenella,Eisenbergiella,Pantoea,Roseburia,HGM11507,UMGS902,Scardovia,Extibacter,CAG-492,CAG-1427,Robertmurraya,Lactonifactor,Negativibacillus,MGYG000002719,UMGS363,Bulleidia,SCN-57-10,UBA7057,Anaerococcus,UBA1206,Victivallis
rep603_seed2628	UBA1191,UBA6857,SCN-57-10,Peptoniphilus_A,HGM11588,Mediterraneibacter_A,TF01-11,GCA-900066755,RUG705,NK3B98,HGM13233,UBA11471,Parasutterella,Coprococcus_A,MGYG000001871,UMGS1202,Citrobacter_B,MGYG000004177,Mitsuokella,Anaerotignum,MGYG000002683,VUNA01,RUG12045,OF09-33XD,HGM13618,UMGS882,RUG131,Stenotrophomonas,Merdimonas,UMGS1826,UMGS995,Anaerosacchariphilus,UMGS1839,Porphyromonas,UMGS731,TM7x,UBA5905,Criibacterium,CAG-521,UMGS1864,Treponema_D,Amulumruptor,UBA1259,CAG-484,Garciella,Epilithonimonas
rep604_seed2629	UMGS263,CAG-312,Actinomyces,Flavonifractor,Angelakisella,HGM13010,HGM12587,UMGS1603,Anaeroglobus,UMGS1688,CAG-590,CAG-495,HGM11523,CAG-115,Eikenella,Neobacillus,CAG-274,CAG-349,Robinsoniella,RUG572,UBA11517,UMGS1783,UBA2883,UMGS1696,VSOB01,MGYG000002075,CAG-594,Coprococcus_A,Lactococcus,Exiguobacterium,Lactiplantibacillus,Ruminococcus_E,Sutterella,Lactonifactor,UMGS1766,UMGS905,VUNA01,Haemophilus_D,MGYG000000387,HGM13634,Butyricimonas,Caproiciproducens,UMGS1326,Raoultibacter,CAG-180,CAG-1031
rep605_seed2630	Negativicoccus,SFTJ01,Finegoldia,Anaerobutyricum,Stoquefichus,UBA6382,UBA11774,Robinsoniella,Coprobacillus,Niameybacter,VSOB01,Ruminococcus_G,MGYG000004061,Citrobacter_B,Stomatobaculum,Longibaculum,MGYG000003305,Coprobacter,Pseudobutyrivibrio,Enterobacter_A,RUG023,Eubacterium_M,HGM11616,Oribacterium,UBA940,Oscillibacter,AF33-28,MGYG000000350,MGYG000003970,CAG-245,UBA7597,Clostridium_AP,SFLA01,CAG-279,UMGS1224,Campylobacter,NSJ-50,HGM13222,UMGS403,UBA7185,CAG-492,Roseburia,CAG-1427,UMGS1307,Porphyromonas,Amedibacterium
rep606_seed2631	Bacilliculturomica,HGM11521,Kallipyga,Gabonibacter,Peptococcus,Actinomyces,UMGS1477,Megasphaera,MGYG000000387,NK4A136,CAG-274,Evtepia,Mixta,CABIZH01,Muribaculum,KM106-2,UBA7597,Clostridium_J,Limosilactobacillus,UMGS1307,Bilophila,UBA1737,Alloprevotella,UMGS1872,HGM11368,CAG-462,Longibaculum,43-108,Streptococcus,Murimonas,UMGS1601,Harryflintia,Paenibacillus,MGYG000004660,Phytobacter,UBA11512,Lactiplantibacillus,CAG-41,Pseudomonas,Marseille-P4683,RUG472,Superficieibacter,Mediterraneibacter,Butyricimonas,Robinsoniella,Neisseria
rep607_seed2632	HGM13233,NSJ-61,UMGS403,UMGS1795,CAG-488,Prevotellamassilia,RF16,Murimonas,Weizmannia,UMGS1668,UMGS856,SFFH01,CAG-302,Hungatella,MGYG000004380,Massilioclostridium,Bacteroides,Ruminococcus,UMGS946,CAG-964,UMGS1326,Criibacterium,An181,Lawsonibacter,Holdemanella,Enterococcus_C,Eubacterium_M,Succinatimonas,AM07-15,MGYG000004811,CAG-83,UMGS1251,CAG-882,Citrobacter_A,RUG12045,Lacrimispora,SFTJ01,HGM11416,Gordonibacter,SFGY01,Lactococcus_A,MGYG000002726,QALS01,OM05-12,Bifidobacterium,UBA3402
rep608_seed2633	VSOB01,UMGS1224,CAG-510,UBA1232,Pluralibacter,UBA6857,UMGS1326,CAG-452,Anaerosalibacter,Peptacetobacter,UMGS1815,CAG-273,Kallipyga,Megamonas,Pseudomonas_E,Hungatella,Enterococcus_A,CAG-475,Butyricicoccus_A,UMGS1670,Merdimonas,QALR01,CAG-449,Dysgonomonas,MGYG000004094,SFFH01,UMGS1491,SFJ001,CAG-238,Pyramidobacter,UMGS1976,Clostridium_AP,CAG-557,AF33-28,Veillonella_A,NSJ-61,NC2004,Peptostreptococcus,Peptoniphilus_C,Lawsonibacter,CAG-313,CAG-390,AM07-15,Enterobacter_A,MGYG000002702,UMGS1251
rep609_seed2634	HGM11327,Brachyspira,UBA4285,Pygmaiobacter,CAG-492,Enterobacter_D,Phocaeicola,UBA1685,Pauljensenia,Fournierella,Faecalibacterium,Megasphaera,UBA4716,UBA1691,MGYG000000745,Gemella,CAG-317,UBA11471,Marseille-P3106,RUG11247,Peptoniphilus_A,MGYG000002075,Eubacterium_F,UMGS1387,UBA7185,Eisenbergiella,F0422,HGM13862,RUG806,UBA11512,Parasutterella,Marvinbryantia,43-108,Intestinimonas,Tidjanibacter,Longicatena,Clostridium_AQ,MGYG000004850,MGYG000004171,Turicibacter,Extibacter,CAG-411,QANA01,HGM12713,HGM11575,Peptoniphilus_C
rep610_seed2635	HGM13222,Kosakonia,Slackia_A,NC2004,Catenibacillus,UMGS1537,Vibrio,Victivallis,CAAEEV01,RQCD01,Gordonibacter,UBA1777,F23-B02,UBA11774,Frisingicoccus,HGM13634,UBA2821,Ruminococcus_B,UMGS1071,Leuconostoc,Actinomyces,QALS01,Gastranaerophilus,CAG-557,Lagierella,MGYG000003289,Barnesiella,RUG572,UBA6857,MGYG000004380,Blautia,CAG-313,CAG-217,Ruminococcus_F,QANG01,UMGS1540,Clostridium_J,Lachnoclostridium,CAG-631,Yersinia,Scardovia,CAG-317,UMGS1312,CABIZH01,F0422,Beduini
rep611_seed2636	UBA636,HGM04593,Superficieibacter,Acetivibrio_A,GCA-900066135,UMGS1225,RUG705,HGM11575,Neisseria,Raoultibacter,UBA4855,Mobilibacterium,RUG11247,Stenotrophomonas,SFEL01,UC5-1-2E3,UBA1777,NSJ-32,UMGS902,Haemophilus_D,Muribaculum,Staphylococcus,Fusobacterium_A,UMGS1326,UBA5809,Selenomonas_A,CAG-314,MGYG000004127,RC9,MGYG000002075,UMGS2016,Paraeggerthella,MGYG000003297,HGM11386,UBA4372,MGYG000001903,UMGS1387,CAG-831,UMGS1663,HGM11521,UMGS263,Marseille-P3106,MGYG000000587,Anaeromassilibacillus,MGYG000004604,Phytobacter
rep612_seed2637	Bacteroides_F,Butyrivibrio_A,Fannyhessea,Clostridium_N,UMGS966,CAG-917,UMGS1224,Akkermansia,HGM13233,Massiliomicrobiota,Enterobacter_A,UMGS929,Enterocloster,Paraprevotella,Gemella,Hungatella_A,An92,UBA10677,UMGS1994,UBA3388,Emergencia,Roseburia,UMGS1279,Olsenella,Angelakisella,Clostridium_AP,Gastranaerophilus,TM7x,1XD42-69,Mediterraneibacter_A,Gemmiger,Parolsenella,COE1,Eubacterium_J,UBA2882,SFEL01,UBA7597,UBA3631,Corynebacterium,CAG-312,Tidjanibacter,Finegoldia,Acidovorax,CAG-303,UMGS1326,Fenollaria
rep613_seed2638	Longicatena,An181,MGYG000000387,Fusobacterium_A,CAG-710,Anaerocolumna,Chimaeribacter,Phocaeicola,UMGS1397,Bacteroides_F,UMGS1572,Adlercreutzia,Amedibacillus,Enterococcus_A,Pseudobutyrivibrio,Merdibacter,MGYG000003855,QANG01,WRGP01,CAG-831,UMGS1518,D5,UBA4644,Neobittarella,MGYG000003945,Lactococcus,UMGS1591,Barnesiella,Prevotella,MGYG000002075,Veillonella,Clostridium_P,Firm-11,CAG-312,UMGS2055,KM106-2,Pseudoruminococcus,Cutibacterium,Ruminococcus_D,Murimonas,VUNA01,MGYG000004443,Campylobacter_A,CAG-279,GCA-900066755,HGM12814
rep614_seed2639	UMGS1783,Bilophila,Dysgonomonas,UBA5905,PeH17,UMGS1418,SFLA01,Granulicatella,Pseudoflavonifractor,UBA866,UMGS1071,UMGS577,UMGS1225,Amulumruptor,UBA1259,Actinomyces,MGYG000002053,An92,UMGS1668,RUG11198,Johnsonella,Peptoniphilus_C,V9D3004,UBA2883,Extibacter,JAAYBB01,TF01-11,Acidaminococcus,QAMX01,Anaeroplasma,Fournierella,SFJ001,Duodenibacillus,Intestinibacter,UBA6984,Robinsoniella,Enterococcus_G,Desulfovibrio,Actinobaculum,Succiniclasticum,Leuconostoc,Dielma,HGM11530,Moellerella,AF33-28,CAG-488
rep615_seed2640	UMGS124,Lysinibacillus,UBA4716,UBA5884,Amulumruptor,UBA5416,MGYG000001871,Muricomes,TF01-11,SFEL01,VSOB01,CAG-196,Anaeroplasma,CAG-831,MGYG000000674,UMGS1766,Prevotellamassilia,Olsenella_E,Alloscardovia,Prevotella,Pyramidobacter,Porphyromonas_A,Clostridium_B,Bulleidia,Citrobacter_A,Paramuribaculum,Anaerosalibacter,Zag1,UBA7160,Phytobacter,RUG410,CAG-95,UBA1822,UMGS1472,Phocaeicola,UMGS1225,Allisonella,Massilimaliae,MGYG000002575,Haemophilus,Neisseria,Ruminococcus_G,MGYG000000378,UBA11471,UBA9506,Bruticola
rep616_seed2641	MGYG000000387,MGYG000002575,Blautia_A,VSOB01,UBA5394,Paramuribaculum,Anaeromassilibacillus,Catenibacterium,UBA9506,VUNI01,GCA-900066755,UMGS882,Anaeroglobus,Caproiciproducens,UMGS1251,CAG-196,CAG-603,Eubacterium_M,Anaerocolumna,CAG-103,NK4A136,Lawsonella,UMGS995,HGM13010,Faecalimonas,UMGS1487,UMGS1633,Mesosutterella,Cronobacter,HGM05232,Hungatella,Phascolarctobacterium,Serratia,UBA11517,Granulicatella,Edwardsiella,UBA3766,Marseille-P4683,Longibaculum,Eubacterium_I,Coprobacter,HGM12998,UMGS1004,Acinetobacter,CAG-628,CAG-762
rep617_seed2642	NC2004,UBA10677,QALS01,UMGS1202,Kosakonia,MGYG000001871,UMGS1668,UMGS1397,CAG-793,Robinsoniella,CAAEEV01,Romboutsia,Enorma,Pseudomonas,CAG-196,UMGS1858,Clostridium_B,Clostridium_F,RUG023,UBA1691,Escherichia,HGM12957,SCN-57-10,UBA6382,HGM12998,Eubacterium_G,UBA6398,UMGS1322,MGYG000000390,RUG11247,QAMH01,UMGS966,CAG-762,MGYG000004660,Lacticaseibacillus,UBA1711,Acinetobacter,Rubneribacter,UMGS1241,UMGS1002,UBA4644,AF33-28,UMGS1477,UBA2821,Alistipes,Anaeroglobus
rep618_seed2643	Coprobacillus,Terrisporobacter,Mesosutterella,MGYG000000745,CAG-776,Bacillus_A,UBA9506,Intestinimonas,UBA4716,Johnsonella,Enterobacter,MGYG000004061,CAG-628,Extibacter,UBA4644,Robinsoniella,RUG13868,CAG-390,CAG-313,Oxalobacter,HGM11417,Eubacterium_M,CAG-115,Roseburia,MGYG000004556,Barnesiella,Monoglobus,Stoquefichus,CAG-762,PeH17,Robertmurraya,MGYG000002683,MGYG000000346,F082,SFDB01,MGYG000000574,QALS01,Fournierella,RUG420,CAG-873,UMGS599,CAG-314,HGM11514,UMGS1532,Faecalitalea,MGYG000004094
rep619_seed2644	UMGS1603,MGYG000003490,Neobacillus,UBA1685,Ruminococcus_G,UMGS1441,CAG-793,UMGS75,CAG-303,Massilimaliae,Massilicoli,Citrobacter,Moellerella,Clostridium_J,F0040,Gabonibacter,Longicatena,UMGS1690,RUG472,Lentilactobacillus,Ruminococcus_A,UMGS1387,UMGS363,UBA644,Anaerofustis,Victivallis,Selenomonas_A,SFFS01,UBA1786,Exiguobacterium,Oxalobacter,UMGS1688,MGYG000003297,UBA4716,Massiliomicrobiota,TWA4,HGM12669,Anaeroglobus,Extibacter,UMGS1600,MGYG000000456,Cronobacter,NSJ-61,UMGS1484,Raoultella,Sporanaerobacter
rep620_seed2645	UMGS1491,QAMH01,Campylobacter_B,MGYG000004604,Clostridium_P,KLE1615,Muribaculum,Longicatena,Anaeromassilibacillus,MGYG000004547,UBA644,CAG-873,NSJ-38,UMGS1537,GCA-900066135,UBA1737,Sellimonas,UMGS1490,Rothia,RUG806,UMGS75,Fusobacterium_B,Phascolarctobacterium,Mesosutterella,CABIZH01,CAG-196,UBA5905,UMGS2016,UBA1711,UMGS1418,MGYG000004171,Granulicatella,UMGS124,HGM12814,CAG-313,Psychrobacillus,UMGS680,MGYG000004727,Paraclostridium,Clostridium_Q,UBA3263,F0422,UMGS1633,Fusobacterium_C,Ellagibacter,Rikenella
rep621_seed2646	Enterococcus_B,Anaerosalibacter,Holdemania,TM7x,MGYG000004850,UMGS1783,Erysipelatoclostridium,UMGS1224,UMGS1613,Intestinimonas,Neobacillus,Finegoldia,Actinomyces,UMGS1491,UMGS1307,CAG-877,Massiliomicrobiota,VUNI01,HGM13006,UBA1409,MGYG000002053,Odoribacter,Atlantibacter,Oxalobacter,SFFS01,HGM11588,Epilithonimonas,UMGS905,Massilimaliae,Bacteroides_F,Cedecea,UMGS680,UMGS1600,UMGS1690,CAG-822,UBA2856,Raoultibacter,Megamonas,UBA6398,Neobittarella,HGM11368,CAG-492,UMGS1840,UMGS731,Longibaculum,CAG-194
rep622_seed2647	Proteus,RUG11198,UBA6984,PeH17,Ruminococcus_B,SFTJ01,43-108,MGYG000001903,UMGS902,HGM13006,Staphylococcus,Citrobacter,UBA9506,Eubacterium_I,UMGS1668,UBA6398,CAG-314,Lachnoanaerobaculum,Enterococcus_D,UBA1740,UMGS1690,UBA1206,UMGS1795,Paraeggerthella,Murimonas,Peptoniphilus_C,UMGS1815,Johnsonella,QAMM01,CAG-710,Pseudescherichia,51-20,UMGS856,UMGS1688,QANA01,Clostridioides,GCA-900066755,UMGS1338,Salmonella,Fannyhessea,Duodenibacillus,Bariatricus,Megasphaera,Peptoniphilus_B,Acidaminococcus,Rubneribacter
rep623_seed2648	Sodaliphilus,HGM12713,UMGS1795,Lactonifactor,UMGS1623,Cetobacterium_A,Ruminococcus_E,UBA738,CAG-877,Extibacter,Enterococcus_A,UBA1394,MGYG000004556,VUNI01,Cronobacter,Hafnia,MGYG000000425,UBA1181,Faecalicoccus,Lacrimispora,Lagierella,Veillonella_A,UBA7748,MGYG000002696,Kluyvera,Ruthenibacterium,Pyramidobacter,Ruminococcus_F,Anaerobutyricum,Plesiomonas,Fusicatenibacter,Enterobacter_D,Anaerocolumna,UMGS680,SFGY01,UMGS1826,Eisenbergiella,UBA1232,UMGS1484,MGYG000004850,MGYG000004660,UMGS731,Christensenella,Peptoniphilus_C,Eubacterium_R,CAG-462
rep624_seed2649	Neisseria,UMGS1491,MGYG000000350,Cetobacterium_A,UBA1394,Victivallis,Gemmiger,CABIZH01,RUG11247,QAMH01,Chimaeribacter,MGYG000004556,Enterococcus,Alloscardovia,Phocaeicola,CAG-279,An92,UMGS1293,NK3B98,Dysosmobacter,MGYG000001953,UBA7702,CAG-776,UMGS680,MGYG000003270,Butyricicoccus,UMGS1851,UBA738,Butyrivibrio_A,Corynebacterium,43-108,QALR01,CAG-791,Ruminococcus,UBA11512,Firm-10,UBA1417,CAG-475,MGYG000004172,AM51-8,UMGS75,Citrobacter,Bariatricus,Faecalicoccus,Finegoldia,Slackia
rep625_seed2650	MGYG000000674,MGYG000000286,Pseudomonas_E,Megasphaera,AM51-8,Flavonifractor,SCN-57-10,MGYG000003297,QANA01,CAG-460,UBA6398,CAG-196,Aggregatibacter,UBA9414,Staphylococcus,UMGS1839,Turicibacter,MGYG000004029,NSJ-32,HGM11525,Senegalimassilia,Parasutterella,CAG-831,UMGS874,HGM13618,CAG-302,Dielma,UBA7057,UBA9506,Roseburia,UMGS1532,UBA1777,Lachnospira,Lachnoclostridium,Klebsiella_A,CAG-1427,UBA10281,SFVR01,Prevotella,UBA1181,MGYG000004445,UMGS1474,Succiniclasticum,MGYG000000728,MGYG000003490,Duncaniella
rep626_seed2651	UBA1822,Massilimaliae,SCN-57-10,DUOT01,RUG100,CAG-314,Lacrimispora,Mobilibacterium,Collinsella,RUG705,Phocaeicola,Lactococcus_A,Christensenella,HGM11327,GCA-900066755,UMGS1002,Paraclostridium,CAG-873,HGM12650,Eisenbergiella,HGM13222,WRGP01,UMGS731,Latilactobacillus,UMGS1338,MGYG000002702,Negativicoccus,CAG-288,MGYG000001871,UMGS1889,Massilistercora,UBA2882,OM05-12,HGM11501,Enterococcus_C,UMGS1826,Parvimonas,UMGS874,Aeromonas,UBA11940,UMGS2016,Fusobacterium_C,UBA7057,UMGS2055,Bariatricus,UMGS1590
rep627_seed2652	Alterileibacterium,AF33-28,Ruminococcus_F,1XD42-69,UMGS902,Arabia,UBA11471,UMGS1901,F0422,UMGS1384,Selenomonas_A,RUG14107,UMGS1976,UMGS1820,PeH17,MGYG000004604,MGYG000002575,Aneurinibacillus,UBA4372,Mobilibacterium,Bacteroides_F,Mediterraneibacter,MGYG000000456,Clostridium_B,QAKS01,Weizmannia,Leminorella,UBA5394,Dorea,Methanosphaera,Enteroscipio,Intestinibacter,UMGS973,Criibacterium,GCA-900066905,MGYG000004556,Neobittarella,Amulumruptor,Lactococcus_A,Anaerosalibacter,UBA940,CAG-510,UMGS911,Porphyromonas_A,Eubacterium_R,Succinatimonas
rep628_seed2653	CAG-877,UBA11517,Terrisporobacter,CAG-964,KM106-2,MGYG000002719,Massilistercora,Dielma,Desulfovibrio,HGM04593,CAG-793,SFDP01,QAKD01,Megasphaera,JAAYBB01,Anaerosporobacter,HGM12814,QANA01,DTU089,Mitsuokella,UBA1417,Eubacterium_J,UMGS1840,VUNI01,Lentilactobacillus,UMGS1002,HGM13862,Salinicola,UMGS1820,UBA3402,UMGS2037,Clostridium_N,MGYG000000387,UMGS1670,Firm-07,CAG-274,Bacteroides_F,Paraprevotella,Lactonifactor,Garciella,Lactobacillus,RUG100,UBA1191,HGM11616,CAG-1031,Plesiomonas
rep629_seed2654	UMGS1002,Morganella,Sodaliphilus,SFGY01,V9D3004,SFJ001,Clostridium_Q,CAG-831,Massilimaliae,CAG-269,Ruminococcus_B,MGYG000000505,Ralstonia,Niameybacter,MGYG000002726,UBA1752,MGYG000004556,CAG-312,CAG-451,Weimerbacter,Firm-10,UMGS946,UMGS1889,Kallipyga,UMGS1633,CAG-594,Corynebacterium,UMGS1225,Gemella,RUG115,Enterobacter_A,UBA10677,Megamonas,NSJ-38,UMGS416,UMGS1370,Yokenella,NK3B98,Plesiomonas,Enterococcus_D,Eubacterium_R,Adlercreutzia,CAG-462,CAG-279,Arcanobacterium_A,MGYG000000674
rep630_seed2655	Murimonas,CAG-1427,MGYG000004094,UBA11471,UMGS856,Enorma,Clostridium_N,Hafnia,Leuconostoc,MGYG000004547,MGYG000004172,UBA1820,Niameybacter,UBA6398,HGM11523,MGYG000004811,SFJ001,Bariatricus,Faecalibacillus,Parolsenella,DTU089,Zag1,Klebsiella_A,CAG-177,Ruminococcus_G,HGM12650,An172,Mediterraneibacter_A,UBA4871,Varibaculum,CAG-884,Neisseria,Gastranaerophilus,Coprobacillus,Ruthenibacterium,Fusobacterium_B,NSJ-38,Lactococcus_A,Ligilactobacillus,Cutibacterium,CAG-1000,Mobiluncus,Corynebacterium,Akkermansia,UBA940,UMGS1241
rep631_seed2656	Coprobacillus,UBA4372,CAG-460,UBA4334,HGM11501,Garciella,UBA1822,MGYG000003305,Clostridium_N,HGM11575,Slackia_A,Coprobacter,Eubacterium_J,Gordonibacter,CAG-533,CAG-288,RUG572,Muribaculum,CAG-877,Massilistercora,Treponema_D,Pygmaiobacter,UBA1417,UBA9475,UMGS1975,UBA11452,BX12,MGYG000002696,NK3B98,UMGS1976,Amulumruptor,UMGS1688,UMGS1864,CAG-873,NC2004,CAG-269,Pyramidobacter,Eubacterium,Sodaliphilus,Lawsonibacter,RUG100,Niameybacter,Merdimonas,Lentilactobacillus,UBA5884,Parvimonas
rep632_seed2657	Leminorella,Pyramidobacter,CAG-317,Enorma,Lawsonella,UBA2821,Actinomyces,QANA01,UMGS1590,CAG-194,UMGS1572,Haemophilus,WG-1,CAG-521,RUG410,CAG-917,CAG-465,DUOT01,UBA1417,SFGY01,UMGS1397,QAMH01,CAG-83,51-20,Massilistercora,UMGS911,Holdemania,QALR01,Olsenella,Haemophilus_A,Yokenella,Parabacteroides,HGM12713,Phascolarctobacterium_A,CACZQA01,Clostridium_AQ,UBA940,Phil1,UMGS1004,Providencia,Muricomes,RF16,Merdimonas,Fusobacterium,UBA1786,Oxalobacter
rep633_seed2658	Bruticola,UBA11774,UMGS1810,UMGS577,UBA7185,Faecalicoccus,Turicimonas,Clostridium_A,UBA2882,HGM11788,Robinsoniella,Sodaliphilus,MGYG000002726,Anaerotignum,MGYG000000745,Weimerbacter,UBA4285,MGYG000004229,JAAYBB01,UBA5920,Butyrivibrio_A,Terrisporobacter,Pseudomonas_E,Methanosphaera,Butyricimonas,UMGS1071,Haemophilus,MGYG000002683,UMGS1603,Atlantibacter,Lacticaseibacillus,Kosakonia,UMGS1052,HGM11514,Merdibacter,CAG-353,Blautia_A,Olsenella_E,HGM12587,Methanomassiliicoccus_A,Fusobacterium,MGYG000002075,Anaerobutyricum,Corynebacterium,Anaerococcus,Aeromonas
rep634_seed2659	MGYG000004727,Mixta,HGM12814,UBA1829,Faecalicoccus,QANA01,UBA1232,Fusobacterium_A,UMGS1375,CAG-145,MGYG000002683,UMGS1418,Yokenella,Pseudoruminococcus,HGM04593,Murdochiella,CAG-521,SFFH01,1XD42-69,CAG-354,UMGS1293,UBA11774,Pseudomonas_R,UMGS1663,UMGS599,CAG-353,Oscillibacter,Borkfalkia,Granulicatella,HGM13233,UMGS1976,MGYG000002797,Alloscardovia,UBA1731,VUNI01,Collinsella,UBA5416,Citrobacter,MGYG000004874,CAG-196,Rikenella,Slackia_A,Clostridium_J,HGM11523,UMGS1491,Dorea_A
rep635_seed2660	UBA1691,MGYG000004660,Anaerostipes,MGYG000000728,MGYG000004380,Aggregatibacter,DTU089,Amedibacillus,HGM13233,Bacillus_A,Mediterraneibacter_A,Plesiomonas,Paenibacillus,Dialister,UMGS1375,Alloscardovia,UMGS1976,Johnsonella,Enterococcus,CAG-45,GCA-900066135,UBA1232,Fenollaria,HGM12713,UBA940,CAG-533,CAG-460,Merdimonas,MGYG000000350,Eisenbergiella,Citrobacter,UC5-1-2E3,An92,F23-B02,Clostridium_F,Stoquefichus,Salmonella,Veillonella,Butyrivibrio_A,Rubneribacter,UMGS1540,Weissella,Eggerthella,Dysosmobacter,CAG-302,Yokenella
rep636_seed2661	NSJ-50,UBA3818,CAG-841,MGYG000003289,Schaedlerella,NK4A136,Butyricicoccus,Prevotellamassilia,Lachnoclostridium,UBA7597,UBA3631,UMGS1603,F0040,CAG-793,Longicatena,MGYG000001953,Eubacterium_T,Monoglobus,Enterococcus,UMGS1532,Adlercreutzia,MGYG000000387,Leminorella,UMGS1326,Peptacetobacter,MGYG000004727,Lactococcus_A,CAG-353,CAG-485,CAG-590,HGM11514,CAG-1031,Alloprevotella,UBA1691,Gabonibacter,Pradoshia,UMGS1225,Ruminococcus_E,CAG-594,TM7x,CAG-145,VSOB01,Akkermansia,CABIZH01,Enterocloster,Rubneribacter
rep637_seed2662	Alistipes_A,Clostridium_J,Paenibacillus,UMGS692,Olsenella,UBA2856,CAG-452,CAG-521,Ligilactobacillus,CABIZH01,MGYG000003490,Finegoldia,SFEL01,CAG-628,Sporanaerobacter,Ruthenibacterium,CAG-95,UBA11524,Lacrimispora,UBA6984,Ruminococcus_D,Ruminococcus_B,UBA7102,MGYG000004061,Parabacteroides,UMGS1781,UMGS1293,Brachyspira,UMGS1477,Coprococcus,UMGS1109,Murdochiella,CAG-964,MGYG000000456,Cloacibacillus,CAG-831,QAMX01,Enterococcus_C,Mitsuokella,Eubacterium_I,QAMM01,MGYG000000387,Gordonibacter,Clostridium_Q,Agathobaculum,UMGS403
rep638_seed2663	WG-1,VUNA01,Enterococcus_A,QALW01,MGYG000004094,NK3B98,UBA7185,Anaerococcus,AM51-8,Clostridium_F,Brachyspira,UMGS1251,Pygmaiobacter,Proteus,HGM13233,Anaerocolumna,UMGS2016,Enterocloster,Paraclostridium,43-108,Methanobrevibacter_A,Anaeroplasma,Duncaniella,Faecalimonas,Anaerostipes,UMGS1889,UMGS1307,Leptotrichia,Clostridium_AP,Lactobacillus,Intestinimonas,Muribaculum,Succinatimonas,UMGS1591,KLE1615,Enterococcus,Selenomonas_A,UBA1777,Zag111,MGYG000000587,Raoultibacter,Veillonella,Enterobacter_D,Cetobacterium_A,UBA1409,Weimerbacter
rep639_seed2664	Anaerococcus,Alistipes,UBA7748,Acetivibrio_A,Franconibacter,HGM13233,Massilimaliae,CAG-45,Proteus,Bacteroides_F,Klebsiella_A,AM07-15,Massilistercora,Muricomes,Cutibacterium,UBA11524,UMGS1572,MGYG000004172,UBA4372,CAG-314,UBA5809,HGM12650,Romboutsia,SFFH01,QAMH01,Murimonas,Ligilactobacillus,UMGS1975,UMGS995,UBA10281,HGM11386,UMGS902,CAG-884,CAG-628,Edwardsiella,Gemmiger,GCA-900066905,Lentilactobacillus,UMGS1603,UBA1685,HGM11788,Acetatifactor,Faecalibacterium,Absicoccus,Kallipyga,HGM11588
rep640_seed2665	F082,CAG-632,CAG-917,UBA1711,Anaerocolumna,CAG-462,Pauljensenia,UMGS124,Lactonifactor,MGYG000002702,UBA4855,Phoenicibacter,HGM11417,UMGS1766,RC9,Edwardsiella,NSJ-61,UMGS1540,CAG-465,JAAYBB01,UMGS1880,QAKD01,CAG-485,Paraeggerthella,UBA11517,Desulfovibrio,Caproiciproducens,Massilistercora,Succinatimonas,HGM10836,MGYG000004811,Catenibacterium,Oribacterium,Anaerococcus,Butyricicoccus_A,UMGS1388,Sellimonas,Franconibacter,HGM11372,Parvimonas,Collinsella,Latilactobacillus,Aggregatibacter,Lactococcus,UMGS1293,Bifidobacterium
rep641_seed2666	MGYG000004127,CAG-103,UBA7160,Alterileibacterium,Fenollaria,CAG-465,Lentilactobacillus,Ruminococcus_G,Succinatimonas,MGYG000003970,Clostridium_J,MGYG000000728,MGYG000002010,CAG-603,Weimerbacter,CAG-449,Adlercreutzia,UBA3388,F0040,Lachnoclostridium,Dorea,UMGS75,UMGS1783,Bulleidia,Fournierella,UBA3402,SFHK01,Enterobacter_D,Intestinibacter,CAG-314,An172,Lactococcus_A,CAG-710,Neobittarella,Massilicoli,Massilistercora,Negativibacillus,UBA9502,Vibrio,MGYG000003945,Clostridium_B,Lysinibacillus,Muricomes,Stoquefichus,UMGS1851,Dorea_A
rep642_seed2667	HGM11616,Rikenella,QAMH01,MGYG000004443,UMGS1663,SCN-57-10,UBA737,UBA4644,HGM12669,CAG-312,CAG-603,UMGS1441,UBA10677,Lysinibacillus,UMGS75,Eubacterium_F,CACZQA01,UMGS1251,CAG-353,Lawsonibacter,Clostridium_P,Lactococcus_A,HGM12587,UMGS1933,UBA11524,CAG-1024,ER4,QANG01,UMGS1690,Peptoniphilus_A,Stoquefichus,Clostridium_B,Merdibacter,UMGS416,Allisonella,CAG-594,RF16,Companilactobacillus,Eubacterium_I,HGM11575,CAG-317,UMGS1224,UMGS882,UBA9506,QALS01,Pseudoruminococcus
rep643_seed2668	UMGS1293,ER4,Lachnoclostridium,HGM12789,MGYG000000286,CAG-170,UMGS882,Peptoniphilus_B,Barnesiella,Duncaniella,Peptostreptococcus,Fusobacterium_C,HGM12587,Emergencia,UMGS692,Slackia,Pantoea,Clostridium,Methanomassiliicoccus_A,UMGS1253,UBA6984,Leminorella,Treponema_D,CAG-56,Fusobacterium_B,HGM11525,Paraclostridium,Mobilibacterium,UBA7185,UBA4855,Ezakiella,CAG-884,CAG-81,TM7x,MGYG000004133,CAAHEQ01,UMGS1388,Lawsonella,Paramuribaculum,Massilimaliae,HGM13006,Haemophilus,UBA1740,MGYG000001871,Terrisporobacter,CAG-288
rep644_seed2669	UMGS1865,CAG-488,UBA11471,RUG472,SFJ001,SFEL01,Faecalibacillus,MGYG000004029,Massilistercora,Gabonibacter,Hungatella,Intestinibacter,UBA2856,Succinatimonas,Pantoea,Firm-07,CAG-590,UMGS1537,Hungatella_A,SFTJ01,HGM11530,Neobacillus,Bilophila,Alterileibacterium,UMGS1322,CAG-841,CAG-1427,RUG023,Selenomonas_C,RUG115,Fusobacterium_B,Edwardsiella,UBA1786,UBA1232,Phascolarctobacterium_A,HGM13222,QALW01,UBA1191,Monoglobus,Bruticola,MGYG000002758,UBA11517,UBA5446,Porphyromonas_A,Mobilibacterium,CAG-484
rep645_seed2670	Paenibacillus,Rikenella,UMGS1477,UMGS1826,CAG-762,Clostridium_E,Kosakonia,CAG-354,UMGS1490,CAG-521,UBA1390,UBA9414,MGYG000002216,CAG-822,MGYG000000387,Succinivibrio,CAG-1024,CAG-485,Fannyhessea,Clostridium_A,Clostridium_F,UMGS1613,UBA1181,UBA7597,RUG11200,Rubneribacter,GCA-900066495,Treponema_D,CAG-288,UMGS1326,MGYG000000674,Enterobacter_A,HGM12587,SFDP01,MGYG000003970,Stenotrophomonas,UBA7185,Cloacibacillus,UMGS1474,Ruminiclostridium_E,Agathobacter,Leptotrichia,Anaeroglobus,Flavonifractor,Escherichia,Citrobacter_A
rep646_seed2671	UBA11452,Klebsiella,UBA6398,MGYG000003945,CAG-177,SFGY01,Phascolarctobacterium_A,CAG-1024,ER4,HGM11416,UMGS75,Weissella,Acidovorax,CAG-353,Succiniclasticum,UBA1390,UMGS1474,Butyricicoccus_A,GCA-900066905,CAG-485,Massiliomicrobiota,UMGS599,QAKW01,UMGS1603,CAG-1031,TM7x,Pygmaiobacter,Mitsuokella,Lancefieldella,RUG023,UMGS1225,CAG-272,MGYG000000346,UMGS1851,UMGS1663,UBA6382,CAG-41,Citrobacter_A,Arabia,UMGS1766,Blautia_A,UMGS1397,UMGS1933,Muribaculum,UBA1822,HGM12650
rep647_seed2672	CAG-303,HGM11575,Longibaculum,Pseudoflavonifractor,CAG-510,UBA1417,UBA7748,KLE1615,CAG-170,Bacilliculturomica,Alistipes_A,Intestinimonas,Alistipes,CAG-488,Acinetobacter,S5-A14a,UMGS911,HGM13006,MGYG000004811,Enterococcus_D,Dysosmobacter,D5,Anaerocolumna,Fannyhessea,UMGS902,Peptoniphilus_C,CAG-448,Granulicatella,MGYG000000390,CAG-196,MGYG000004445,UMGS1312,Pediococcus,Campylobacter,MGYG000002683,CAG-882,CAG-724,Haemophilus_A,CAG-452,MGYG000004094,F0422,Paramuribaculum,F23-B02,HGM12650,Blautia_A,Christensenella
rep648_seed2673	Serratia,VUNA01,Enterococcus,UBA4285,CAG-245,Veillonella_A,CAG-510,Paenibacillus,CAG-917,RUG11200,SFFH01,UBA4334,Lysinibacillus,RUG572,SFHK01,MGYG000000425,HGM11417,QAMH01,Phocaeicola,Acidaminococcus,Alloscardovia,Collinsella,MGYG000004127,Succinivibrio,UBA7057,CAG-354,Ruthenibacterium,Enterococcus_C,CAG-724,HGM13006,UMGS1590,HGM12789,Aggregatibacter,UBA1786,Anaerosalibacter,Merdimonas,UBA738,Citrobacter_A,Brachyspira,Massilimaliae,UBA3631,CAG-582,CAG-488,Clostridium_X,UBA1375,UMGS1477
rep649_seed2674	CAG-557,Chimaeribacter,CAG-411,Prevotella,Dysosmobacter,Anaerosalibacter,Caecibacter,DTU089,Prevotellamassilia,Turicibacter,Ralstonia,CAG-831,UBA737,Varibaculum,UMGS946,UMGS268,Amedibacillus,UBA1394,Merdibacter,Schaedlerella,Robertmurraya,MGYG000004547,Enterobacter_A,UMGS1603,RC9,UBA1234,Faecalitalea,Veillonella_A,UBA1786,UMGS874,UBA636,UMGS263,Amedibacterium,UMGS973,Stenotrophomonas,TF01-11,CAG-1024,UBA5416,Bilophila,UBA9475,UMGS1202,Clostridium_F,CAG-877,Lachnoanaerobaculum,Phytobacter,UMGS1312
rep650_seed2675	Citrobacter,HGM12789,Pseudomonas,UBA3402,Lactococcus,UMGS1670,UBA1206,Butyricimonas,CAG-302,Hafnia,CAG-521,Mobiluncus,CAG-882,QANA01,CAG-791,Fusobacterium_B,GCA-900066905,MGYG000000574,Merdimonas,MGYG000004850,SFJ001,CAG-485,Negativibacillus,OM05-12,Parvimonas,UBA7173,HGM11575,Bulleidia,UMGS1864,UMGS1663,AM07-15,UMGS1611,Enterobacter_A,MGYG000004874,Campylobacter,QAKW01,Ruminococcus_G,Eubacterium_G,Nitratidesulfovibrio,Selenomonas_A,UBA1375,Finegoldia,UMGS1224,CAG-127,Amedibacillus,Treponema_D
rep651_seed2676	Succinatimonas,Ruminococcus_B,UBA5905,UMGS1537,CAG-354,Leptotrichia,UMGS1975,Garciella,SFEL01,UBA3631,Alterileibacterium,JAAYBB01,GCA-900066495,Kallipyga,UBA7488,Phocaeicola,Clostridium_B,Clostridioides,Sodaliphilus,Fusobacterium_A,UBA5884,Hafnia,UBA5809,An181,Eggerthella,COE1,Terrisporobacter,MGYG000000378,Peptostreptococcus,Stoquefichus,UBA1786,Clostridium_A,Streptococcus,NSJ-50,OM05-12,HGM12650,MGYG000002075,HGM11416,UMGS1002,UMGS1326,Selenomonas_A,Methanobrevibacter_A,CAG-841,CAG-314,Eubacterium_J,UBA6345
rep652_seed2677	Robertmurraya,UBA1234,MGYG000000286,MGYG000002758,Eikenella,Prevotellamassilia,Arcanobacterium_A,Peptostreptococcus,V9D3004,HGM11501,Cutibacterium,Paraprevotella,AM51-8,F0422,Alloprevotella,Mitsuokella,UMGS1976,UMGS1933,Adlercreutzia,UBA3388,Massilimaliae,Odoribacter,UBA9502,UMGS1532,Alistipes,Fusobacterium_A,Veillonella_A,QANA01,UBA1829,Marseille-P3106,SFDP01,RUG420,CAG-273,UMGS2016,UMGS1052,Parvimonas,Evtepia,UMGS1572,CAG-312,Terrisporobacter,RUG11247,Lactobacillus,Klebsiella_A,RUG100,Nitratidesulfovibrio,Oscillibacter
rep653_seed2678	Ruminiclostridium_E,CAG-488,UMGS905,CAG-1427,Dialister,Mixta,Peptostreptococcus,UMGS680,UBA5416,UBA940,UMGS1611,Dysosmobacter,HGM11575,Cutibacterium,Oxalobacter,Collinsella,MGYG000000387,UMGS1484,UBA644,CAAEEV01,UBA7173,CAG-710,DTU089,CAG-83,Negativibacillus,CAG-465,Rubneribacter,Emergencia,HGM13006,Lentilactobacillus,Enterobacter_A,UMGS1603,Phascolarctobacterium_A,UBA6984,Butyrivibrio_A,Succinivibrio,HGM11386,UMGS1004,Bacteroides,QAKD01,Cetobacterium_A,Bacillus_A,GCA-900066135,Morganella,Ruthenibacterium,Selenomonas_C
rep654_seed2679	Eubacterium_F,CAG-81,MGYG000004094,Firm-11,Oxalobacter,Veillonella_A,Methanomassiliicoccus_A,UMGS995,CAG-495,Salinicola,UMGS1633,UBA11524,Desulfovibrio,UMGS1613,Cloacibacillus,Latilactobacillus,Eubacterium_G,HGM11501,Eubacterium_J,UBA4334,Eubacterium,Garciella,NSJ-50,UMGS363,UMGS1600,Slackia_A,MGYG000002726,Chimaeribacter,MGYG000004811,Clostridium_F,CAAHEQ01,Adlercreutzia,CAG-83,Paenibacillus_A,Scardovia,Parolsenella,UBA1206,MGYG000004727,Selenomonas_A,Dorea_A,Acetatifactor,Phytobacter,CAG-510,UBA7748,UMGS1418,Rahnella
rep655_seed2680	Anaerostipes,Sneathia,MGYG000004660,UBA7057,UMGS902,TF01-11,UMGS1613,Clostridium_B,Fusobacterium,UMGS1601,MGYG000000745,MGYG000003970,Barnesiella,Holdemania,UMGS599,Succinatimonas,MGYG000002075,NK4A136,Enorma,VUNI01,TWA4,UBA11471,SFEL01,Gemmiger,UBA4871,Cutibacterium,Allisonella,MGYG000003297,Robertmurraya,RUG11198,SFVR01,Moellerella,MGYG000000390,Faecalibacillus,Clostridium_E,Anaeromassilibacillus,Ruthenibacterium,Lactiplantibacillus,Clostridioides,MGYG000004127,UBA866,RUG11200,HGM12789,CAG-312,UMGS1052,QAMM01
rep656_seed2681	Paramuribaculum,GCA-900066135,Desulfovibrio,Ruminococcus,CAG-631,Absicoccus,UMGS1487,PeH17,UMGS1441,UBA5416,Paenibacillus_A,Paraprevotella,Dysosmobacter,HGM13233,Phascolarctobacterium_A,Franconibacter,CAG-510,Borkfalkia,Superficieibacter,Anaerotruncus,Aggregatibacter,UMGS882,QAKD01,Lactonifactor,CAG-964,SFTJ01,UMGS1532,CAG-603,RUG410,UBA636,CAG-274,Dialister,Citrobacter,Phascolarctobacterium,UBA5809,Eubacterium_M,RUG572,Corynebacterium,HGM11372,HGM11416,QAMX01,VUNA01,Phytobacter,MGYG000004811,UBA6345,UMGS966
rep657_seed2682	CAG-882,CAG-317,Murimonas,Weissella,Firm-07,UBA7597,Corynebacterium,CAG-56,Dorea,Murdochiella,Limosilactobacillus,An172,Schaedlerella,UBA9475,Bittarella,Companilactobacillus,QANG01,Alloprevotella,Peptoniphilus_C,Succinivibrio,UMGS902,Butyrivibrio_A,DUOT01,Cronobacter,Hydrogeniiclostridium,CAG-452,RUG705,SFGY01,CAG-180,CAG-793,Allisonella,UMGS1883,RUG572,Aneurinibacillus,NSJ-63,Lagierella,Sellimonas,Longibaculum,Acetatifactor,UBA4644,Turicibacter,MGYG000000574,Pseudoflavonifractor,Methanobrevibacter_A,Phytobacter,UMGS1795
rep658_seed2683	Agathobaculum,UMGS1202,UMGS1696,Dorea_B,Paenibacillus,Eubacterium_J,CAG-822,Megasphaera,Paenibacillus_A,MGYG000002575,Morganella,CAG-302,QALS01,CAG-45,CAG-791,HGM11575,Schaedlerella,Leuconostoc,Varibaculum,UBA4285,UMGS268,Eubacterium_R,CAG-484,Eubacterium_T,Peptoniphilus_C,UBA6398,Anaerococcus,Lancefieldella,Enterobacter_D,UMGS1815,Eggerthella,UMGS75,Enterobacter,Phoenicibacter,Lactobacillus,Sodaliphilus,SFDP01,AM07-15,Peptococcus,Bariatricus,MGYG000001903,Hydrogeniiclostridium,UBA7597,Harryflintia,CAG-884,Longicatena
rep659_seed2684	CAG-81,UBA644,UBA2821,Megasphaera,Leminorella,Enterobacter,UBA3631,Mesosutterella,UBA5884,SCN-57-10,Coprobacter,UBA1394,UMGS1975,UBA1234,UMGS1591,Succinivibrio,MGYG000000350,RUG131,Superficieibacter,Anaeroglobus,Clostridium,Anaerosalibacter,Agathobaculum,UBA11940,UBA2882,UBA9506,Paenibacillus_A,CAG-145,Dysosmobacter,UMGS1670,Lagierella,Methanosphaera,UMGS882,MGYG000004874,F082,Acetivibrio_A,Massilimaliae,Finegoldia,UMGS1338,NC2004,Coprococcus,RC9,HGM12789,CAG-451,MGYG000004556,Enterococcus_A
rep660_seed2685	CAG-884,UMGS680,Longicatena,NK3B98,UMGS905,Odoribacter,SFVR01,Pseudoflavonifractor,Ligilactobacillus,UMGS1375,Clostridium_X,GCA-900066905,CAG-632,Fusobacterium_B,CAG-145,CAG-841,Lancefieldella,OM05-12,UMGS1670,Superficieibacter,UBA11524,CAG-269,UBA5026,UMGS966,Lacrimispora,CAG-273,QAMM01,Enteroscipio,Pradoshia,Raoultibacter,Stoquefichus,Mailhella,CAG-288,Acidovorax,UMGS1668,UMGS1633,HGM13862,Bacteroides,UMGS1851,Pseudoruminococcus,Salmonella,UBA7102,Klebsiella,Erysipelatoclostridium,UBA1409,TWA4
rep661_seed2686	Massilicoli,CAG-1000,Rikenella,UMGS1397,UMGS1623,Ruminococcus_G,Enterobacter,NSJ-50,HGM13233,UMGS1975,UMGS1441,Oxalobacter,CAG-56,Leuconostoc,UMGS1279,UMGS1766,BX12,Blautia,MGYG000004380,UBA2856,UBA1691,CAG-452,Sutterella,MGYG000004172,Methanomassiliicoccus_A,Lactiplantibacillus,MGYG000001871,F082,UBA11512,Dielma,Acidovorax,Bifidobacterium,UBA4644,Frisingicoccus,SFTJ01,HGM11525,Pseudobutyrivibrio,MGYG000004727,HGM12998,Enterococcus_B,Methanobrevibacter_A,UMGS1071,Bacteroides,Parvimonas,CAG-314,UBA1234
rep662_seed2687	Hungatella_A,F082,UMGS1370,MGYG000004727,Lagierella,Phascolarctobacterium,UBA4372,Aeromonas,MGYG000004229,Fusicatenibacter,Peptacetobacter,HGM13222,Weimerbacter,HGM11808,HGM11530,MGYG000004112,Oribacterium,UMGS1387,Paraprevotella,Psychrobacillus,Enteroscipio,UMGS416,Latilactobacillus,CAG-485,UMGS2037,UBA1822,HGM12669,Gordonibacter,UBA1394,CAG-617,SCN-57-10,D5,Cetobacterium_A,Neobittarella,Coprococcus,Barnesiella,Collinsella,MGYG000003855,Pseudomonas_E,CAG-411,Robinsoniella,Veillonella,CAG-103,NSJ-32,MGYG000004029,SFMI01
rep663_seed2688	Campylobacter_A,MGYG000003270,QAMM01,NSJ-63,SFDP01,MGYG000003289,Bruticola,Butyrivibrio_A,UBA7173,RUG572,CAG-964,NSJ-32,SFDB01,Clostridium_AQ,Clostridium_Q,Pluralibacter,CAG-272,UMGS1307,UBA1740,Ruminococcus_G,Ellagibacter,RUG131,Massilistercora,CAG-279,CAG-831,UBA1822,UMGS902,UBA1737,UBA10281,Sutterella,CAG-465,WRGP01,Franconibacter,UBA7488,MGYG000004660,UBA1691,Hungatella,UBA1409,CAG-724,Companilactobacillus,Massiliomicrobiota,Sneathia,Pseudomonas_R,CAG-115,CAG-449,Angelakisella
rep664_seed2689	UBA3766,Firm-10,PeH17,Campylobacter_B,UMGS1880,Akkermansia,Lachnoanaerobaculum,OM05-12,RUG11198,Lacrimispora,Lancefieldella,Sodaliphilus,Lachnospira,Phil1,Phascolarctobacterium,CAG-776,CAAEEV01,CAG-56,Dorea_B,UBA3282,UMGS1600,UBA7748,Klebsiella,HGM13222,Kosakonia,Veillonella,HGM11523,Senegalimassilia,HGM13010,HGM11327,F082,UMGS946,Anaerococcus,Pseudoruminococcus,RUG12045,Vibrio,UMGS856,CAG-451,Peptoniphilus_A,CAG-724,Lagierella,Succinatimonas,UMGS1611,HGM11616,CAG-475,Agathobaculum
rep665_seed2690	Peptoniphilus_E,PeH17,Superficieibacter,VUNA01,RUG410,Anaerocolumna,UMGS1052,Weissella,Duncaniella,UBA1752,Hydrogeniiclostridium,UMGS1477,Sutterella,Campylobacter,CAG-762,Mobiluncus,UBA4716,HGM05232,HGM11616,Robertmurraya,Anaeroplasma,WG-1,CAG-533,CAG-557,CAG-353,Parolsenella,Eubacterium,HGM11530,UBA4285,Pauljensenia,Sodaliphilus,UMGS1858,MGYG000004229,Butyricicoccus,MGYG000000728,Acetatifactor,Eubacterium_F,MGYG000004172,UBA11512,Cronobacter,Enterococcus,V9D3004,UBA5446,Gemmiger,UBA7057,CAG-710
rep666_seed2691	UBA9506,Firm-11,UBA3282,Sutterella,V9D3004,Cutibacterium,UMGS1839,UBA11940,MGYG000002719,UMGS1883,TWA4,Cronobacter,GCA-900066755,Stenotrophomonas,MGYG000000674,HGM11616,UMGS680,Finegoldia,Blautia_A,43-108,Harryflintia,UMGS1225,An172,Weissella,Muribaculum,Latilactobacillus,MGYG000004171,NC2004,MGYG000003490,Duodenibacillus,Eikenella,UMGS1601,Faecalibacillus,Enterococcus_C,Marseille-P3106,MGYG000004445,UMGS1826,Agathobacter,Anaerostipes,QALS01,Niameybacter,CAG-724,UBA3263,Hungatella_A,UMGS1880,Murimonas
rep667_seed2692	Leminorella,Aggregatibacter,Eggerthella,MGYG000003970,Massiliomicrobiota,Anaeromassilibacillus,F0040,CAG-81,GCA-900066755,Massilioclostridium,UMGS1613,UBA1820,JAAYBB01,DTU089,UBA11452,Butyrivibrio_A,RUG410,Aneurinibacillus,UMGS1491,UMGS1670,Haemophilus,CAG-45,Oxalobacter,UMGS1326,CAG-390,Azonexus,MGYG000004171,UBA636,MGYG000002797,Actinomyces,UMGS1370,Parasutterella,Eubacterium_R,UMGS973,SFEL01,DUOT01,Parabacteroides,UMGS263,Lacticaseibacillus,UMGS1603,Coprococcus,Akkermansia,UMGS1540,Acutalibacter,CAG-448,RUG023
rep668_seed2693	CAG-557,Succiniclasticum,MGYG000004811,CAG-312,CAG-533,UBA940,Phoenicibacter,Butyricicoccus_A,HGM11501,UBA5884,UBA3263,UBA1394,OF09-33XD,CAG-884,UBA1752,UMGS1820,Clostridium_F,RC9,UC5-1-2E3,Tidjanibacter,HGM12998,Robertmurraya,Veillonella_A,RUG806,Alterileibacterium,CAG-460,Pseudescherichia,Anaeroglobus,UMGS75,Rikenella,HGM11808,Caproiciproducens,UMGS1690,Citrobacter,Akkermansia,Monoglobus,Beduini,QALS01,Rothia,NSJ-32,RUG023,WG-1,Anaerosporobacter,Ruthenibacterium,Aneurinibacillus,UMGS1826
rep669_seed2694	Romboutsia,UMGS1477,Holdemania,Aeromonas,Zag1,Odoribacter,Moellerella,RQCD01,JAAYBB01,Clostridium_B,Phocaeicola,Slackia,UBA4855,Klebsiella_A,Erysipelatoclostridium,UBA11517,UMGS966,UBA6382,UBA11524,UMGS1004,Lancefieldella,Pygmaiobacter,Companilactobacillus,Emergencia,Pseudomonas_R,Akkermansia,MGYG000000350,SFDB01,Marseille-P3106,UBA5446,MGYG000003305,UMGS1109,CAG-302,NK3B98,UBA1390,UMGS1484,Murimonas,Evtepia,Anaerostipes,SFVR01,Fusobacterium,CAG-41,UMGS1880,Raoultella,CAG-83,CAG-411
rep670_seed2695	MGYG000000587,Coprococcus_A,Enterococcus_D,RUG131,UMGS1279,Clostridium_Q,MGYG000000674,UMGS1071,CAG-95,Salinicola,Scardovia,UMGS1477,Borkfalkia,HGM11501,HGM13618,RQCD01,HGM11808,CAG-594,UBA636,UBA7173,V9D3004,Bariatricus,UMGS1572,Limosilactobacillus,Lacrimispora,CAG-127,Anaerotignum,UMGS905,MGYG000002010,CAG-272,UMGS1613,QALR01,UMGS2037,CAG-631,QAKD01,TM7x,Firm-10,UBA7748,Lawsonibacter,UBA5905,Klebsiella_A,MGYG000004547,Fenollaria,Arabia,UBA11512,Coprobacter
rep671_seed2696	Coprobacillus,HGM12587,Chimaeribacter,MGYG000004171,UBA11471,CAG-465,Gordonibacter,UMGS1889,Haemophilus_D,Lysinibacillus,Olsenella_E,F082,Eisenbergiella,CAG-180,NSJ-63,Oxalobacter,Criibacterium,MGYG000000587,Ruminococcus_E,Robertmurraya,Moellerella,MGYG000000346,Eubacterium_F,UBA1822,UBA1685,Parasutterella,Zag1,Parvimonas,Pseudomonas_R,UMGS905,UBA4855,CAG-724,UBA7488,CAG-1031,UBA5394,Enorma,UMGS1820,UMGS1491,Citrobacter_B,Gabonibacter,CAG-451,Akkermansia,UBA945,Massilicoli,Oscillibacter,GCA-900066755
rep672_seed2697	Ellagibacter,CAG-1000,Desulfovibrio,Campylobacter_B,Fenollaria,QAKW01,Lacticaseibacillus,Cloacibacillus,SFLA01,CAG-484,CAG-314,RUG13868,Caproiciproducens,Oribacterium,Raoultella,Terrisporobacter,UMGS1384,Firm-07,Sutterella,CAG-194,UMGS75,Hydrogeniiclostridium,CAG-303,Rahnella,CAG-452,CAG-628,Eggerthella,UMGS1370,OF09-33XD,Anaerobutyricum,Arcanobacterium_A,CAG-115,UMGS1490,Pseudomonas,UBA1390,UBA5394,MGYG000000286,UBA1786,Scardovia,QANG01,Lachnoanaerobaculum,Treponema_D,Gordonibacter,RUG420,Turicibacter,UMGS1293
rep673_seed2698	VUNA01,Treponema_D,WRGP01,NSJ-32,UMGS973,Pantoea,CAG-590,CAAEEV01,Rothia,CAG-628,Christensenella,UMGS1783,Lacrimispora,UMGS995,Sutterella,Varibaculum,MGYG000004660,MGYG000002685,HGM14224,ER4,UBA5809,UMGS874,Coprococcus,Prevotellamassilia,UMGS1472,Duncaniella,UBA9414,RUG13868,HGM11386,UBA7173,Faecalibacterium,Paraprevotella,UMGS1663,Lacticaseibacillus,Olsenella,CAG-710,HGM12650,UMGS1384,Rikenella,Hungatella,Lachnoclostridium,Lentilactobacillus,HGM13010,Clostridium_E,Enterocloster,Pseudoflavonifractor
rep674_seed2699	Terrisporobacter,Peptacetobacter,Prevotellamassilia,Phascolarctobacterium,F082,Acinetobacter,Mesosutterella,QAKS01,Ruminococcus_E,RUG100,Limosilactobacillus,TM7x,Plesiomonas,Gemella,Victivallis,CAG-313,UBA3631,Muribaculum,CAG-495,UBA7173,Bifidobacterium,UBA4871,Dialister,Clostridium_F,Absicoccus,CAG-724,MGYG000003490,Fenollaria,Stenotrophomonas,Peptococcus,Butyricicoccus,UBA5446,Caecibacter,Azonexus,Aggregatibacter,Intestinimonas,MGYG000000674,Mobilibacterium,MGYG000000387,CAG-628,UBA11774,Longicatena,GCA-900066905,Rahnella,RUG023,CAG-417
rep675_seed2700	UMGS1820,CAAHEQ01,TM7x,HGM11523,MGYG000003970,Paraclostridium,Superficieibacter,QANA01,UMGS1975,Anaeromassilibacillus,MGYG000000390,Peptoniphilus_B,Arabia,Pseudescherichia,RUG11198,Eubacterium_R,Leptotrichia,UMGS1933,UCG-010,CAG-302,Edwardsiella,Faecalibacterium,Veillonella,Hungatella,Neobacillus,Cutibacterium,MGYG000004127,GCA-900066135,Acetatifactor,Butyrivibrio_A,Stoquefichus,MGYG000004172,Eggerthella,Eubacterium_M,Adlercreutzia,Vibrio,UBA11471,RUG12045,Kallipyga,Rothia,Anaerobutyricum,Methanosphaera,OM05-12,UC5-1-2E3,UMGS1052,Clostridium_E
rep676_seed2701	Peptoniphilus_C,UMGS905,Enterococcus,CAG-302,Citrobacter_B,Weissella,Acetivibrio_A,UMGS1375,CAG-103,Ruminococcus_A,UBA2856,UBA2883,Oscillibacter,UBA1820,Marvinbryantia,UBA11940,Firm-11,UBA866,CAG-83,Pseudobutyrivibrio,Clostridium_B,Varibaculum,MGYG000004229,Acidaminococcus,CAG-631,MGYG000000350,UBA1829,Ruminococcus_C,Olsenella_B,UMGS1611,Hungatella_A,Angelakisella,UMGS1388,UBA9506,43-108,Gemella,Allisonella,CAG-279,MGYG000004171,UBA1822,VUNA01,Pantoea,Muricomes,UBA6857,Parasutterella,MGYG000003945
rep677_seed2702	RUG11198,Lentilactobacillus,UMGS966,UBA4855,Olsenella,UMGS946,Ruminiclostridium_E,Rothia,Pseudoflavonifractor,Dorea_A,UMGS1491,MGYG000002758,MGYG000004850,UMGS1872,UBA1394,Enterococcus_C,Beduini,Barnesiella,Massilioclostridium,UBA3818,VUNA01,Gastranaerophilus,CAG-1024,CAG-492,UMGS1518,UBA11524,UBA1829,UC5-1-2E3,MGYG000004604,Phil1,UMGS1370,Fusicatenibacter,Anaerotignum,Clostridium_Q,Kluyvera,RUG13868,Romboutsia,Olsenella_B,UMGS731,UMGS403,CAG-95,Dysgonomonas,MGYG000002797,UMGS1858,Agathobaculum,HGM12957
rep678_seed2703	UMGS1418,Clostridium_E,RUG131,Oscillibacter,Pseudomonas,UBA4285,CAG-269,Enterococcus_D,UBA1829,UBA1206,Parasutterella,Dialister,Bacilliculturomica,Sporanaerobacter,CAG-313,QAMX01,Mobilibacterium,Latilactobacillus,CAG-349,Sutterella,MGYG000003970,DUOT01,UBA7488,NSJ-32,CAG-475,Vibrio,UMGS1851,RF16,Oxalobacter,CAG-451,Ruminococcus,Companilactobacillus,MGYG000000350,UMGS1668,Lawsonella,Firm-11,Citrobacter_A,Marseille-P4683,Peptacetobacter,Plesiomonas,MGYG000002758,Haemophilus_A,MGYG000003289,Dorea_A,RUG13868,UMGS1472
rep679_seed2704	UMGS856,CAG-873,Eikenella,Gemella,QAKD01,CAG-590,UBA1822,Merdibacter,SFFH01,Veillonella,UBA1685,Alloscardovia,Prevotella,Bacillus_J,MGYG000002726,UBA1731,UBA4871,UBA644,Alloprevotella,Clostridium_E,CAG-484,Dialister,Ruthenibacterium,HGM12998,Duncaniella,MGYG000003945,HGM10836,NSJ-62,HGM13010,UMGS995,Brachyspira,UBA5026,UBA7160,Desulfovibrio,Veillonella_A,Muricomes,HGM11521,UBA7057,Turicibacter,Frisingicoccus,Haemophilus_A,MGYG000002758,UMGS1795,Yersinia,Bruticola,Succiniclasticum
rep680_seed2705	Emergencia,Superficieibacter,CAG-288,UMGS1279,UC5-1-2E3,CAG-269,CAG-312,Dorea,CAG-317,RUG12045,Pseudoruminococcus,Absicoccus,UBA940,HGM12789,Dialister,Porphyromonas,UBA7160,Phocea,Rothia,UBA5809,CAG-822,Arcanobacterium_A,Klebsiella,COE1,Intestinibacter,UCG-010,Butyricicoccus,HGM11514,Agathobacter,MGYG000004874,Clostridium_B,Lacrimispora,F082,UMGS1322,UMGS856,UMGS1384,Dysgonomonas,Intestinimonas,CAG-1024,Peptoniphilus_A,UBA7488,Megamonas,CAG-793,UBA2883,CAG-41,Lachnospira
rep681_seed2706	CAG-272,SFTJ01,Amulumruptor,Proteus,MGYG000002216,Flavonifractor,Raoultibacter,Butyricimonas,DTU089,D5,UBA1417,HGM11530,UC5-1-2E3,MGYG000000387,Enterobacter_D,MGYG000000425,Robertmurraya,Faecalimonas,Enorma,Amedibacillus,Collinsella,Anaerococcus,Yokenella,Ruminococcus_C,Actinobaculum,UMGS268,Weimerbacter,CAG-110,AM07-15,Extibacter,Acidaminococcus,Peptococcus,Vibrio,Oribacterium,UBA5809,UBA1731,UBA11512,Turicibacter,CAG-831,UBA5920,MGYG000000378,HGM04593,CAG-521,Paraclostridium,HGM11588,UBA1259
rep682_seed2707	Selenomonas_A,Companilactobacillus,UBA4716,MGYG000003270,CAG-917,MGYG000002696,UMGS2055,CAG-841,MGYG000000350,Butyricicoccus_A,Romboutsia,Ralstonia,Murimonas,UBA4855,CAG-194,UBA5394,CAG-41,MGYG000001903,UMGS882,Mediterraneibacter_A,Olsenella,CAG-460,Neobacillus,UMGS1518,CHH4-2,UMGS946,Lacrimispora,Azonexus,Senegalimassilia,UMGS1815,MGYG000002053,UBA7057,Haemophilus,HGM05232,UBA11512,Raoultibacter,JAAYBB01,Butyrivibrio_A,MGYG000004061,Pantoea,Enterobacter,UMGS1696,UMGS416,Zag111,UBA1375,Enterococcus_D
rep683_seed2708	Lysinibacillus,UMGS1532,Peptococcus,CAG-312,Oribacterium,Weimerbacter,UMGS1840,Latilactobacillus,Ellagibacter,UBA3766,Anaerobutyricum,MGYG000003970,UBA1829,UBA737,UMGS403,UMGS1518,Butyrivibrio_A,HGM11530,Coprococcus_A,Raoultibacter,MGYG000000378,UMGS1384,UBA1740,QAMH01,Yokenella,GCA-900066495,UBA1691,UBA9506,CAG-877,Adlercreutzia,Erysipelatoclostridium,Treponema_D,UBA1752,Phascolarctobacterium,Lacrimispora,CAG-822,CAG-917,Anaerofustis,Lancefieldella,Enterococcus_B,UBA6345,Anaeroglobus,WG-1,SCN-57-10,UMGS1224,Hungatella
rep684_seed2709	Ruminococcus,UBA11774,HGM11327,Gabonibacter,Acinetobacter,Clostridioides,Robertmurraya,Firm-07,KLE1615,Veillonella_A,Enterococcus_B,UMGS1572,RQCD01,UMGS1491,Morganella,Caecibacter,Pseudomonas_R,UMGS1840,RUG023,Lachnoclostridium,Acidaminococcus,Serratia,Epilithonimonas,Victivallis,Salmonella,UMGS1688,SFLA01,Phascolarctobacterium,Lactiplantibacillus,Finegoldia,CAG-884,Lactobacillus,Peptoniphilus_E,Scardovia,UMGS1975,QAKD01,Christensenella,DTU089,UMGS1901,UCG-010,UMGS1864,UMGS1370,UMGS416,D5,Bacillus_A,UBA11517
rep685_seed2710	UMGS1994,UMGS1109,Dialister,Longicatena,UBA1375,CAG-349,UBA1829,Enterobacter_A,Rikenella,UMGS1487,UBA9506,UBA636,Ruminococcus_F,Barnesiella,UBA2856,UBA11774,UBA4644,CAG-448,MGYG000002696,Anaerosacchariphilus,UBA6984,RF16,Acidovorax,Olsenella_E,CAG-56,Providencia,Acidaminococcus,Bacteroides_F,Christensenella,UMGS1975,QANG01,MGYG000003855,UBA5809,Stomatobaculum,QAKW01,UBA7702,CAG-288,TM7x,HGM13862,Clostridium_E,MGYG000004177,Catenibacterium,Eubacterium_J,Enterococcus,An172,UBA2883
rep686_seed2711	Niameybacter,Johnsonella,MGYG000004547,UBA5416,UMGS1375,Butyrivibrio_A,Chimaeribacter,QANG01,Gordonibacter,Leptotrichia,Adlercreutzia,RF16,UMGS1851,CAG-313,Extibacter,UMGS1600,Anaerococcus,Bariatricus,UMGS1202,MGYG000004874,CAG-724,Robertmurraya,UMGS1611,Ellagibacter,SFDP01,Acutalibacter,Merdimonas,Sneathia,UMGS1540,MGYG000002797,CAG-877,CAG-245,MGYG000002010,Bacilliculturomica,Phascolarctobacterium_A,Providencia,UMGS1858,UBA10281,UMGS1052,Lancefieldella,Stoquefichus,MGYG000004061,CAG-594,UMGS1312,Veillonella_A,MGYG000000425
rep687_seed2712	UMGS1052,CACZQA01,UMGS1696,Pseudoruminococcus,Olsenella_E,CAG-448,Turicimonas,Niameybacter,Pseudomonas_E,UMGS1322,Hafnia,UMGS1279,MGYG000000674,Bariatricus,Intestinibacter,CAG-110,MGYG000000587,UBA11940,Holdemania,Barnesiella,CAAHEQ01,CAG-762,Neobittarella,Porphyromonas_A,MGYG000003289,RUG11247,Bacteroides_F,UBA11524,QAMX01,CAG-488,Ruminococcus_E,Anaeroplasma,UMGS1633,Caecibacter,UBA1234,UMGS1307,UBA7182,CAG-1031,Arabia,Aggregatibacter,Kluyvera,UBA4716,CAG-594,Catenibacillus,CAG-460,Epilithonimonas
rep688_seed2713	UBA11471,Actinomyces,Negativibacillus,CAG-831,MGYG000004660,Christensenella,MGYG000002797,Parabacteroides,UMGS1491,SCN-57-10,UBA1740,NSJ-50,NK4A136,UMGS1851,UMGS1613,Haemophilus_A,CAG-484,Butyricicoccus,CAG-314,CAG-217,Leclercia,Citrobacter_B,Aneurinibacillus,Zag111,HGM12957,UBA738,SFVR01,UMGS1670,Weimerbacter,UBA6382,Terrisporobacter,Morganella,MGYG000003297,Ruminococcus_C,F23-B02,QANA01,CAG-791,CAAEEV01,Robinsoniella,RUG100,NSJ-38,Beduini,Alistipes_A,UMGS1815,Ruminococcus,CAG-632
rep689_seed2714	Christensenella,Prevotellamassilia,Succinatimonas,CAG-462,Peptacetobacter,UMGS263,CAG-288,UMGS363,Aneurinibacillus,Paramuribaculum,V9D3004,Pseudoflavonifractor,UBA2856,HGM11788,Lactiplantibacillus,Mixta,CAG-217,Borkfalkia,RUG572,UMGS599,Muribaculum,UBA10677,UMGS268,Actinobaculum,HGM13618,Massiliomicrobiota,UMGS1670,CAG-417,Enterococcus,Slackia,Klebsiella,MGYG000004112,Victivallis,NK4A136,Massilistercora,UBA6345,CAG-488,D5,CAG-349,Massilioclostridium,Extibacter,NSJ-50,UMGS1532,CAG-177,Neobacillus,SFHK01
rep690_seed2715	Clostridium_Q,UBA2882,Prevotellamassilia,MGYG000000745,UBA4871,RUG131,UBA1822,Proteus,Blautia_A,Porphyromonas_A,UBA9475,Butyricimonas,Bittarella,CAG-103,CAG-312,Enteroscipio,Angelakisella,UMGS1477,RUG806,CAG-317,CAG-510,Treponema_D,NSJ-50,Duncaniella,MGYG000000350,NSJ-61,MGYG000002216,Cetobacterium_A,UBA5905,QAKW01,Eisenbergiella,Megamonas,Fusobacterium_B,UBA11512,CAG-127,CAG-724,CAG-353,Bacilliculturomica,UMGS882,Citrobacter,TM7x,UMGS1880,Lachnoanaerobaculum,UMGS946,Citrobacter_B,UMGS1600
rep691_seed2716	CAG-303,Clostridioides,Dorea,CAG-485,Phocaeicola,Anaeroplasma,CAG-349,UMGS1611,D5,NK3B98,Pediococcus,UMGS1477,Hungatella_A,Sneathia,Rahnella,AF33-28,Senegalimassilia,CAG-917,HGM11417,Clostridium_X,Harryflintia,Duodenibacillus,Methanosphaera,Erysipelatoclostridium,UMGS1858,Ruthenibacterium,Evtepia,UBA737,QAKD01,Mitsuokella,HGM11525,UMGS882,Porphyromonas,HGM12789,UBA2856,Butyricicoccus,Phascolarctobacterium,Varibaculum,Mixta,CAG-590,UBA1232,Enterocloster,UMGS1815,CAG-475,Companilactobacillus,Pseudoruminococcus
rep692_seed2717	MGYG000001953,Gordonibacter,UMGS1109,CAG-521,Senegalimassilia,CAG-495,Holdemania,CAG-877,SFDP01,Clostridium_AQ,CHH4-2,MGYG000004171,CAG-465,UMGS905,CAG-83,UBA1191,UMGS1370,Lawsonibacter,UMGS1253,Dielma,UMGS1225,UBA1711,Vibrio,Christensenella,Clostridium_E,Flavonifractor,Cronobacter,CAG-841,UMGS1537,Firm-11,UMGS1858,Catenibacterium,UMGS1472,Salinicola,UBA1685,Succinivibrio,Enterococcus_C,Superficieibacter,Phytobacter,Anaerostipes,Oribacterium,Ezakiella,UMGS2037,TF01-11,UMGS1603,Collinsella
rep693_seed2718	Peptoniphilus_C,UBA6984,Mediterraneibacter_A,Allisonella,MGYG000003289,NK3B98,Lachnoclostridium_B,Massilimaliae,Firm-07,UMGS1418,Cutibacterium,Veillonella,RUG115,Enterococcus_A,UBA4644,UBA2821,Peptacetobacter,Massilistercora,CAG-272,Cetobacterium_A,Enterobacter_D,HGM11514,CAG-793,UMGS882,Yokenella,UBA11524,UBA3766,AM51-8,Mobilibacterium,MGYG000004811,UMGS1477,NSJ-50,Pyramidobacter,Ruthenibacterium,CAG-484,CAG-314,UMGS1052,Clostridium_A,Blautia,Lactococcus,UMGS1901,Kluyvera,Faecalitalea,CAG-288,UBA945,Phascolarctobacterium_A
rep694_seed2719	HGM14224,Clostridioides,Enterococcus_D,CAG-302,Salinicola,Merdibacter,Anaeromassilibacillus,UMGS1668,Lactonifactor,UBA3263,UMGS1375,MGYG000004811,Morganella,UBA7057,UCG-010,Acetivibrio_A,MGYG000000745,Agathobaculum,Senegalimassilia,UMGS1613,Evtepia,UBA1752,UMGS1815,UMGS1826,Aeromonas,Eikenella,UMGS1663,Granulicatella,UBA11452,UMGS403,Rubneribacter,MGYG000001903,Stomatobaculum,UBA6382,UMGS1591,Azonexus,UMGS1202,OF09-33XD,CAG-628,Gabonibacter,CAG-510,QAKS01,Methanobrevibacter_A,Fannyhessea,Anaerotruncus,Longicatena
rep695_seed2720	Acidovorax,QALR01,Anaerofustis,UBA866,HGM12650,MGYG000003270,UBA1752,Selenomonas_C,Cellulosilyticum,SCN-57-10,Ruminococcus,CAG-460,Frisingicoccus,Bittarella,F082,HGM12998,UMGS1387,UMGS1883,HGM13618,UBA1829,HGM05232,Yersinia,UBA6984,Bacillus_A,Ruminiclostridium_E,UBA1737,MGYG000001953,UMGS902,Fournierella,UMGS911,CAG-465,CAG-245,UMGS363,Acetatifactor,Bacilliculturomica,UMGS1109,UMGS1865,Cronobacter,Methanomassiliicoccus_A,SFTJ01,MGYG000004177,BX12,Romboutsia,Erysipelatoclostridium,CAG-822,UBA1731
rep696_seed2721	Veillonella_A,Robinsoniella,MGYG000004604,CAG-631,UBA9506,UBA7182,Frisingicoccus,Enterobacter_D,CAG-245,Amedibacillus,Muribaculum,UBA5026,RUG705,UBA3263,Neobittarella,Anaerosacchariphilus,Citrobacter_B,Clostridium_F,Corynebacterium,UMGS363,MGYG000004850,CAG-353,Massiliomicrobiota,Faecalitalea,Turicimonas,Olsenella_B,Latilactobacillus,Butyricimonas,Firm-10,Sneathia,Clostridioides,Collinsella,HGM12669,UMGS1901,UMGS1224,Phascolarctobacterium,MGYG000002719,HGM11507,Scardovia,SFJ001,UBA3818,QAMM01,An92,Paenibacillus_A,UBA5884,Cetobacterium_A
rep697_seed2722	Enterococcus_C,UBA1752,Bittarella,Pygmaiobacter,Latilactobacillus,Succinatimonas,HGM13222,UMGS1603,UBA4334,Parabacteroides,Yokenella,Criibacterium,Caproiciproducens,Pseudoruminococcus,Anaerocolumna,WRGP01,Mesosutterella,UBA2821,DUOT01,CAG-302,Intestinimonas,Amedibacterium,CAG-56,CAG-465,NSJ-62,UMGS905,Haemophilus_D,CAG-831,CAG-793,MGYG000000350,UMGS1880,CAG-110,CAG-724,Eubacterium_T,CAG-631,CAG-145,Citrobacter,Bifidobacterium,Oscillibacter,Cutibacterium,UMGS1810,Moellerella,RC9,UMGS263,Pseudomonas_R,Akkermansia
rep698_seed2723	Mailhella,UMGS124,Lachnoclostridium_B,UMGS1537,UMGS75,Leuconostoc,HGM11575,CAG-274,Lachnoclostridium_A,UMGS403,MGYG000004660,Eubacterium_J,Gordonibacter,MGYG000003945,Blautia,Murimonas,CAG-177,UBA7057,Clostridium_J,Barnesiella,UBA737,UMGS1491,NSJ-50,CAG-245,Zag111,UMGS1933,Pygmaiobacter,Dorea_A,UBA9414,Peptococcus,MGYG000002683,Lagierella,UMGS263,HGM14224,UBA1394,UBA5809,UMGS1375,MGYG000002758,An181,UMGS1326,Fusobacterium_C,GCA-900066905,Sneathia,Selenomonas_C,UBA7160,MGYG000003297
rep699_seed2724	Clostridium_E,UMGS1872,QAKS01,NSJ-61,Agathobaculum,CAG-632,Nitratidesulfovibrio,Stoquefichus,HGM12713,CAG-791,NSJ-38,Klebsiella,Finegoldia,UMGS1880,Anaeroplasma,Mesosutterella,COE1,UBA4855,Eikenella,Faecalitalea,Acetivibrio_A,UBA3818,Catenibacillus,S5-A14a,Lysinibacillus,Ruminococcus_G,Clostridium_B,NSJ-63,CAG-822,Ralstonia,GCA-900066495,Cellulosilyticum,UMGS2016,UBA1711,RUG131,MGYG000000745,CAG-269,Amedibacterium,Sporanaerobacter,CAG-590,Haemophilus_D,UBA2883,UMGS1251,Turicimonas,UBA1822,Oxalobacter
rep700_seed2725	Marvinbryantia,UBA5026,Sneathia,Faecalicoccus,UMGS680,Ligilactobacillus,Peptoniphilus_B,Parasutterella,NSJ-61,CAG-533,Neobittarella,CAG-882,UBA5416,CAG-170,UMGS2016,CAG-617,UMGS1781,RUG572,RUG023,Parabacteroides,UMGS1613,UMGS2037,UBA11471,UMGS1611,Enterococcus_B,Paramuribaculum,UBA7102,UBA737,UBA1191,MGYG000004443,Murimonas,GCA-900066495,UMGS1933,Garciella,Senegalimassilia,Stoquefichus,Limosilactobacillus,Lagierella,MGYG000004127,Eubacterium_I,Faecalibacillus,RUG14107,Catenibacterium,MGYG000000387,Selenomonas_C,HGM11788
rep701_seed2726	NC2004,MGYG000002216,UMGS680,Peptostreptococcus,UBA3818,Actinomyces,UBA2883,F0422,UMGS882,CAG-776,Stomatobaculum,Peptoniphilus_A,MGYG000000387,Varibaculum,Amulumruptor,CAG-510,Mailhella,Eubacterium_I,CAG-710,GCA-900066495,RUG115,UBA644,UMGS577,Cloacibacillus,Franconibacter,Sodaliphilus,Senegalimassilia,Faecalibacterium,OM05-12,CAG-56,Clostridium_B,Peptoniphilus_C,UBA11512,Angelakisella,UMGS1418,Parabacteroides,Anaerosalibacter,Leclercia,UMGS911,HGM04593,Parvimonas,Succinatimonas,1XD42-69,CAG-313,Lactiplantibacillus,HGM11327
rep702_seed2727	Raoultibacter,Weizmannia,Duncaniella,CAG-582,Granulicatella,AM51-8,UBA5446,Extibacter,Firm-10,RUG472,MGYG000004112,CAG-1427,HGM11575,Intestinimonas,Caecibacter,UBA7748,Neisseria,UBA11940,RUG14107,Bariatricus,Lentilactobacillus,CAG-917,RUG131,UMGS268,CAG-288,UMGS1532,Leuconostoc,Paramuribaculum,CAG-1024,Cedecea,NSJ-63,RUG023,MGYG000004127,UMGS929,CAG-127,Prevotella,HGM11521,Eubacterium_T,UBA1417,QALW01,RUG13868,UMGS973,UBA1820,RUG806,Pseudoflavonifractor,MGYG000002216
rep703_seed2728	Dielma,Salinicola,Haemophilus_D,Paenibacillus,MGYG000002702,MGYG000003490,Cronobacter,CAG-177,Stomatobaculum,CAG-710,UMGS1872,Ligilactobacillus,UMGS929,UBA3402,CAG-314,CAG-873,Serratia,Eubacterium_J,UBA5394,CAG-349,Intestinimonas,UMGS1810,MGYG000000745,Mobiluncus,Alloscardovia,UBA6345,HGM11372,Acutalibacter,QAKD01,Kosakonia,UBA7173,MGYG000000728,MGYG000003297,Varibaculum,Alistipes,Klebsiella_A,TM7x,CAG-41,Catenibacillus,1XD42-69,Longicatena,HGM11507,Pseudomonas_E,SFMI01,MGYG000002575,MGYG000002758
rep704_seed2729	Bacillus_J,Peptoniphilus_B,MGYG000002797,SFJ001,CAG-451,Massilioclostridium,Haemophilus,Lachnoclostridium_A,MGYG000004660,UBA7173,CAG-269,NSJ-63,1XD42-69,Raoultibacter,UBA1786,Alterileibacterium,UMGS1865,CAG-411,UMGS1477,Firm-11,SFHK01,CAG-448,Alloscardovia,CAG-841,Pediococcus,UMGS1491,UBA1259,CAG-793,UBA4716,CAG-594,Anaeroglobus,Eubacterium_R,Clostridium_F,UMGS1375,Mitsuokella,Criibacterium,UBA6857,NSJ-50,Kallipyga,Treponema_D,Finegoldia,RUG472,F082,DTU089,Arcanobacterium_A,HGM12669
rep705_seed2730	UBA6857,SFTJ01,Sutterella,HGM13618,Clostridium_P,UBA6345,UMGS2037,HGM13634,MGYG000004727,UBA5394,SFDB01,MGYG000002696,UMGS263,Latilactobacillus,UBA4372,UMGS1477,Rothia,RUG12045,CAAHEQ01,Tidjanibacter,Enteroscipio,CAG-81,Criibacterium,Haemophilus,HGM12957,MGYG000000390,Stomatobaculum,Sellimonas,Lactonifactor,UBA1777,Enterococcus,Atlantibacter,Marseille-P3106,VSOB01,Clostridium_N,Haemophilus_D,UMGS946,Salmonella,Intestinibacter,Bacteroides,Massilimaliae,HGM11386,Staphylococcus,Fusicatenibacter,Lagierella,MGYG000003297
rep706_seed2731	MGYG000004660,UBA3631,Kluyvera,Pseudescherichia,UMGS1975,Allisonella,Oscillibacter,Victivallis,HGM05232,Mobiluncus,RUG13868,Senegalimassilia,Bacteroides,Hungatella,Angelakisella,Enterococcus_B,VUNA01,Stomatobaculum,Emergencia,UMGS1387,UMGS1241,MGYG000000378,UMGS2055,UMGS1590,Plesiomonas,Sodaliphilus,CAG-349,Olsenella_B,UBA5026,HGM11788,Bittarella,Clostridium_A,Enterocloster,Pseudoflavonifractor,UMGS1783,HGM12789,Gordonibacter,HGM11327,GCA-900066495,43-108,UBA5809,UBA866,UMGS1251,UBA1737,Arabia,Lactonifactor
rep707_seed2732	Dorea_B,Nitratidesulfovibrio,Peptoniphilus_C,Enterococcus_A,RUG023,HGM05232,Leptotrichia,UBA1740,CAG-632,Butyricimonas,UMGS1590,UMGS1307,UBA3282,UBA5416,Amulumruptor,Phascolarctobacterium,CAG-628,Aggregatibacter,Evtepia,HGM13222,Veillonella,Negativibacillus,Weissella,HGM12587,NK4A136,Amedibacillus,CAG-41,MGYG000004177,CAG-485,UBA11517,UBA5884,MGYG000000425,Pauljensenia,Adlercreutzia,Pseudomonas,UMGS1839,MGYG000000286,GCA-900066755,UMGS403,NSJ-50,UBA945,UMGS1253,Enterobacter,Campylobacter_B,Intestinimonas,Paramuribaculum
rep708_seed2733	TM7x,Phocea,MGYG000004094,Lactococcus_A,UMGS1851,CAG-590,UBA1731,Eubacterium_F,Muribaculum,CAG-710,UMGS1781,UMGS2055,Sporanaerobacter,Butyricimonas,CAG-170,VUNI01,CAG-492,Methanosphaera,CAG-841,CAG-762,Hungatella_A,Butyricicoccus_A,Roseburia,HGM11525,Clostridium_F,Dysgonomonas,Citrobacter_A,Peptoniphilus_A,Paraprevotella,UMGS1766,Dialister,MGYG000001903,UBA1390,Clostridium_E,CAAHEQ01,Lawsonibacter,Borkfalkia,UMGS1224,Firm-10,UBA7488,MGYG000004177,HGM05232,NK4A136,Garciella,Niameybacter,HGM13222
rep709_seed2734	Pediococcus,Bulleidia,Lagierella,Cronobacter,Absicoccus,Dorea_A,HGM14224,HGM11417,Massilimaliae,UMGS1326,MGYG000000456,UMGS1781,Mediterraneibacter,Massilicoli,MGYG000002575,Lachnoclostridium_B,UBA9414,MGYG000002758,CAG-710,Parvimonas,MGYG000003490,UBA5809,PeH17,Roseburia,HGM12650,Ruminococcus_F,Duncaniella,Akkermansia,Desulfovibrio,43-108,MGYG000003270,Treponema_D,Muribaculum,CAG-238,Alloscardovia,UMGS577,MGYG000004380,CAG-177,Porphyromonas_A,Prevotellamassilia,Anaerotruncus,UBA1752,Amedibacterium,Paraprevotella,Dysgonomonas,HGM11588
rep710_seed2735	Agathobaculum,Kluyvera,UBA3631,UMGS973,Parasutterella,UBA3402,Cellulosilyticum,UMGS1600,SFHK01,Catenibacterium,TM7x,UMGS577,UBA1206,Alistipes,MGYG000002216,UBA738,UMGS946,HGM11514,UMGS1623,MGYG000004177,UMGS1253,Firm-10,Anaerosacchariphilus,Eubacterium_G,Phoenicibacter,UBA4871,MGYG000004171,MGYG000000505,UMGS1783,Mailhella,Negativicoccus,HGM11368,UBA7057,RUG023,UMGS1858,Catenibacillus,UBA1752,UMGS1611,Lactonifactor,UMGS124,CAG-460,UMGS1418,Enteroscipio,Clostridioides,JAAYBB01,RUG131
rep711_seed2736	UBA11512,Hydrogeniiclostridium,UMGS2037,Butyricimonas,Enteroscipio,UMGS882,RUG410,CAG-582,HGM13010,Faecalitalea,UBA945,Amedibacterium,HGM11507,Paenibacillus_A,UMGS1590,MGYG000004380,UMGS1202,MGYG000002075,UBA1685,Faecalibacillus,Hungatella_A,Neobacillus,UBA11774,Enterobacter_D,Fenollaria,CAG-475,UMGS856,Selenomonas_A,Lacticaseibacillus,MGYG000002702,UMGS1491,Raoultibacter,UBA1822,Dorea,SFMI01,MGYG000001903,Clostridium_P,UMGS1840,Clostridium_Q,Pseudomonas_R,Amedibacillus,Parvimonas,CAG-793,UMGS268,UMGS1858,SFTJ01
rep712_seed2737	Oribacterium,UMGS1826,QANG01,Extibacter,HGM04593,HGM11788,UMGS124,UMGS1532,Clostridium_A,Olsenella,UBA5026,MGYG000003970,Holdemania,Sodaliphilus,RF16,MGYG000002053,CAG-127,UBA1731,MGYG000004850,HGM11616,CAG-349,CAG-510,Megasphaera,Eisenbergiella,UBA4285,RUG11200,NSJ-61,Garciella,UMGS1293,HGM11501,Pseudoruminococcus,Paramuribaculum,MGYG000002719,UMGS1418,RUG100,Barnesiella,Muricomes,NSJ-38,WG-1,Superficieibacter,Phocaeicola,UMGS1375,HGM13618,Ellagibacter,UBA1822,Fusobacterium_C
rep713_seed2738	CAG-603,Pseudobutyrivibrio,Campylobacter_B,RUG100,CAG-56,Varibaculum,RUG12045,UBA1822,OF09-33XD,CAG-81,Salinicola,CAG-302,Azonexus,Weimerbacter,UMGS1540,UBA3402,SFHK01,RUG11247,Murimonas,UBA7173,UBA1752,NSJ-61,MGYG000004445,CABIZH01,SFFH01,CAG-917,Marseille-P4683,QANA01,MGYG000004061,Ruminococcus_G,Paraeggerthella,UBA1191,UMGS680,Aneurinibacillus,UMGS1472,SCN-57-10,UBA6345,MGYG000002702,CAG-274,AM07-15,Bruticola,Selenomonas_A,Raoultibacter,UMGS1370,Dorea_B,Fenollaria
rep714_seed2739	UMGS1839,MGYG000000574,Parabacteroides,SFFH01,MGYG000004547,Phoenicibacter,CACZQA01,Phil1,Companilactobacillus,MGYG000002575,Lactobacillus,MGYG000000587,MGYG000003297,An172,Faecalimonas,SFJ001,UMGS911,MGYG000000390,Anaerosacchariphilus,Monoglobus,F082,UBA11471,UMGS1484,UBA5884,UBA5446,CAG-521,UBA644,Franconibacter,UMGS1293,Actinomyces,Bacilliculturomica,Porphyromonas,UMGS1623,Selenomonas_C,Ruminococcus,UBA3818,Campylobacter,RUG100,F23-B02,UMGS1397,UMGS1600,HGM13233,MGYG000002758,Haemophilus,Clostridium_AQ,Olsenella_E
rep715_seed2740	UMGS911,UBA1737,UMGS1418,Victivallis,UBA5394,CAG-485,Barnesiella,Muribaculum,JAAYBB01,Lachnoclostridium,Ruminococcus_A,Bifidobacterium,Campylobacter,Clostridium,UBA1390,43-108,MGYG000001953,RF16,Dielma,Lawsonella,UBA1232,Limosilactobacillus,Clostridium_A,CAG-177,Eikenella,Longicatena,MGYG000002053,UBA5446,CAG-1193,RUG11198,CAG-495,Fournierella,MGYG000004874,Holdemanella,MGYG000002216,Schaedlerella,UBA2856,Phascolarctobacterium,UBA9502,RQCD01,Blautia_A,Rahnella,UBA1786,Clostridium_X,UBA1822,CAG-631
rep716_seed2741	RUG023,CAG-521,HGM11575,UBA5394,Catenibacillus,Lacrimispora,HGM11588,Duodenibacillus,CAG-170,UBA2883,UMGS1994,NC2004,Acidovorax,UMGS1688,UBA1822,MGYG000000574,RUG572,UBA10677,MGYG000002696,Collinsella,UMGS1815,MGYG000004380,Aggregatibacter,CAG-314,Edwardsiella,MGYG000003289,CAG-617,Clostridium_A,Stenotrophomonas,Faecalimonas,CAG-303,RUG11247,CAG-603,UBA4644,Ruminococcus_D,CAG-793,Mediterraneibacter,Campylobacter,UBA1737,MGYG000002216,Rikenella,CAG-452,UBA6398,Eubacterium_J,SFLA01,Clostridium_P
rep717_seed2742	Campylobacter_B,Odoribacter,Aneurinibacillus,Methanobrevibacter_A,MGYG000004094,Actinomyces,Paenibacillus_A,CAG-465,Gemmiger,CAG-557,CAG-495,UMGS1810,Cetobacterium_A,Raoultella,UMGS1975,CAG-1193,Ligilactobacillus,UBA6984,MGYG000000346,Dorea_A,Bariatricus,Muribaculum,Merdibacter,Terrisporobacter,Clostridium_E,GCA-900066905,Lactonifactor,CAG-793,Enterococcus_D,UBA945,UMGS1633,Coprococcus_A,Clostridium_AP,CAG-603,NSJ-38,QAMX01,CAG-1031,UMGS1820,HGM11514,Harryflintia,MGYG000004177,DUOT01,AF33-28,Haemophilus_A,UBA7057,Actinobaculum
rep718_seed2743	Pygmaiobacter,VUNI01,Anaerotignum,Ligilactobacillus,Mailhella,MGYG000004029,Citrobacter,CACZQA01,UMGS2055,UMGS124,Clostridium_AQ,Butyricicoccus,Bariatricus,CAG-632,CAG-238,HGM12713,Anaerosacchariphilus,CAG-451,NSJ-38,Clostridioides,Salinicola,Blautia,UMGS1307,F23-B02,CAG-462,HGM11386,RUG100,1XD42-69,Angelakisella,UBA737,Sporanaerobacter,Serratia,Eubacterium,WG-1,Pantoea,MGYG000004660,Agathobaculum,RUG131,Bilophila,HGM11588,Clostridium_E,Mediterraneibacter,Duncaniella,CAG-882,NSJ-50,S5-A14a
rep719_seed2744	Oribacterium,MGYG000004172,CAG-710,Dorea_B,Salinicola,Porphyromonas_A,Pluralibacter,CAG-628,UBA1786,Eubacterium_I,CAG-417,Weissella,UMGS577,Butyricicoccus_A,QANG01,Frisingicoccus,CAG-917,UMGS874,Methanosphaera,Mobilibacterium,UBA5905,Anaerococcus,MGYG000004547,Angelakisella,Enorma,UMGS1224,UBA1691,Dialister,Treponema_D,MGYG000000574,UBA2883,SFLA01,Anaeromassilibacillus,UBA737,Pseudescherichia,MGYG000001953,CAG-451,UBA11517,MGYG000001871,Zag1,CAG-177,UBA738,Dysosmobacter,MGYG000002010,Borkfalkia,ER4
rep720_seed2745	Azonexus,VUNA01,HGM10836,D5,CAG-582,Paraeggerthella,Dorea_B,Aggregatibacter,MGYG000000425,Bilophila,CAG-917,Gemmiger,MGYG000004660,Pediococcus,UMGS1518,Turicimonas,CAG-1193,CAG-831,MGYG000004172,Arabia,UMGS1883,MGYG000004556,Eubacterium,Enterococcus_G,MGYG000000286,Marvinbryantia,Superficieibacter,UMGS1572,QAKW01,UBA9414,Gastranaerophilus,QAKS01,Massilistercora,HGM11514,Succinatimonas,Veillonella_A,Veillonella,Parvimonas,Cedecea,Cetobacterium_A,UMGS1889,MGYG000001953,UMGS1202,Zag111,AF33-28,UBA3388
rep721_seed2746	Eubacterium_G,UMGS1851,MGYG000001871,Lancefieldella,CAG-110,UMGS1326,HGM13010,RQCD01,Turicibacter,UMGS929,UBA4372,Firm-10,HGM11525,Paraprevotella,Eisenbergiella,Anaerofustis,Catenibacillus,UMGS1052,UBA7102,QAKW01,Hungatella_A,UMGS1202,CAG-488,MGYG000002575,UBA3282,UMGS1901,Amulumruptor,Anaerostipes,UBA4334,UBA1375,Cloacibacillus,MGYG000004811,Paenibacillus_A,HGM12669,HGM11514,Firm-07,Clostridium_N,Selenomonas_C,Catenibacterium,MGYG000002010,Absicoccus,Coprobacillus,HGM11575,MGYG000004061,Cetobacterium_A,Monoglobus
rep722_seed2747	UBA1777,HGM11417,Firm-10,Kosakonia,Hungatella_A,Raoultibacter,HGM11808,UBA1417,Enteroscipio,Providencia,Harryflintia,Muricomes,UBA7748,UMGS1572,Selenomonas_C,MGYG000000745,UMGS1820,Peptococcus,UMGS1071,Zag111,Butyricicoccus,Evtepia,UMGS1484,CAG-314,MGYG000003490,MGYG000001871,UBA1191,UBA5920,Ellagibacter,UMGS1591,MGYG000000286,UMGS680,RUG572,CAG-631,Mobiluncus,CAG-274,Roseburia,Enterococcus_A,UBA866,UBA2856,Phocaeicola,Duncaniella,KLE1615,BX12,UMGS1590,Johnsonella
rep723_seed2748	Schaedlerella,Mesosutterella,Hafnia,Alterileibacterium,UBA1740,Faecalitalea,UMGS995,Pauljensenia,UMGS902,UMGS1532,MGYG000000674,Muribaculum,Selenomonas_C,Prevotella,SFVR01,Enorma,Methanosphaera,UMGS1490,Fenollaria,MGYG000004660,Ruminococcus_A,MGYG000002053,UMGS1663,UBA4285,UMGS2037,UMGS1975,UBA3388,MGYG000000378,RUG572,Mailhella,Agathobacter,Fusobacterium_A,Marseille-P3106,UMGS403,UMGS1781,Kallipyga,UMGS1251,Methanomassiliicoccus_A,UBA4871,Enterococcus_B,OF09-33XD,MGYG000004172,CAG-1193,CACZQA01,UMGS1224,Olsenella
rep724_seed2749	Mobilibacterium,Lactiplantibacillus,Gabonibacter,UMGS1633,Duodenibacillus,Paenibacillus_A,Phascolarctobacterium,Butyricicoccus,CAG-312,UMGS1326,UBA4855,UBA2821,UBA3766,UMGS1279,OM05-12,Desulfovibrio,Haemophilus_D,UMGS1312,UMGS124,QAMX01,CAG-462,Robinsoniella,CAG-217,CAG-484,HGM11372,Vibrio,Leuconostoc,UBA5026,HGM12957,Pantoea,UMGS1474,UBA4716,CAG-488,UBA7748,Clostridium,Butyricicoccus_A,Alloprevotella,Coprobacter,CAG-390,UMGS599,Peptococcus,CAG-873,RUG420,UBA5416,S5-A14a,UMGS1591
rep725_seed2750	MGYG000004556,Ruminococcus,UMGS1901,UMGS882,MGYG000004445,HGM13233,CAG-831,KM106-2,MGYG000004171,Campylobacter,CAG-145,HGM11521,Morganella,Prevotella,UMGS1307,Anaerostipes,UMGS1795,Haemophilus_D,SFDP01,Citrobacter_A,UBA7182,Lachnospira,MGYG000002696,Anaerotruncus,UBA636,RUG572,UBA2883,Anaeroglobus,UMGS995,Eikenella,Franconibacter,Caecibacter,Faecalitalea,Longibaculum,Coprobacter,UBA6984,MGYG000000350,UBA7160,MGYG000004029,Latilactobacillus,UMGS2016,Arcanobacterium_A,NSJ-63,Peptoniphilus_E,Leminorella,Klebsiella_A
rep726_seed2751	CAG-776,SFFS01,Megamonas,UMGS1384,Longibaculum,UBA11512,UMGS1491,Johnsonella,Clostridium_X,Moellerella,HGM11416,UMGS1322,Lactonifactor,CAG-762,Robertmurraya,Finegoldia,UBA6984,Eikenella,Enterobacter_A,Catenibacillus,VUNA01,Butyricicoccus_A,Mailhella,SFFH01,HGM11588,UMGS1858,MGYG000004177,CAG-56,SCN-57-10,UBA1691,Peptacetobacter,Paenibacillus,Enterococcus_B,Emergencia,UBA4372,Eubacterium_F,ER4,CAG-964,Senegalimassilia,Ruminococcus_D,Methanosphaera,UMGS874,Megasphaera,Kosakonia,Coprococcus,SFMI01
rep727_seed2752	UBA945,Caproiciproducens,BX12,Epilithonimonas,MGYG000004850,MGYG000001903,UBA866,Faecalicoccus,Bifidobacterium,UMGS577,Anaerosporobacter,Finegoldia,HGM12587,CAG-617,Blautia,Phoenicibacter,Cellulosilyticum,Mesosutterella,Turicibacter,Monoglobus,Anaerotruncus,Anaeromassilibacillus,Veillonella,Marseille-P4683,HGM12957,Faecalibacillus,SFGY01,GCA-900066755,Bariatricus,Amulumruptor,Neobittarella,Mediterraneibacter,Haemophilus_A,CAG-460,Enterococcus_C,UMGS1668,Roseburia,Eggerthella,CAG-1031,Beduini,MGYG000003305,NSJ-63,Niameybacter,Selenomonas_A,Paenibacillus_A,Pantoea
rep728_seed2753	Anaeroplasma,CAG-831,UMGS1490,Firm-10,UBA7182,Enterococcus_B,UMGS1880,SFDP01,Paenibacillus_A,Eubacterium_I,Methanosphaera,UMGS929,Alistipes_A,Muricomes,Bacteroides_F,CAG-776,UMGS1004,Olsenella_B,UBA3766,Lawsonella,CAG-302,UMGS1633,Victivallis,F23-B02,Kluyvera,Paenibacillus,UMGS1477,NK3B98,CAG-632,Raoultella,UMGS1688,Firm-11,Clostridium_A,MGYG000002685,AF33-28,MGYG000000390,UMGS1976,MGYG000004850,Prevotella,Enterococcus_G,MGYG000000728,Psychrobacillus,UBA7748,Brachyspira,Azonexus,HGM11372
rep729_seed2754	Selenomonas_A,Peptoniphilus_A,Clostridium_A,HGM12789,Eubacterium_G,AM51-8,MGYG000004177,CAG-594,OM05-12,UMGS1880,HGM11507,Dysgonomonas,CAG-873,UMGS75,UBA1822,Frisingicoccus,HGM11616,UMGS1781,Haemophilus_D,MGYG000004112,Niameybacter,MGYG000004229,Absicoccus,Clostridium_E,JAAYBB01,Clostridium_N,Phocaeicola,Paraclostridium,SFDB01,HGM13010,Amedibacillus,CAG-793,UMGS1518,UMGS1279,UMGS1883,Caproiciproducens,UBA4871,MGYG000003305,Hungatella,UMGS1572,Rubneribacter,Lawsonella,UBA1740,Gordonibacter,Schaedlerella,Proteus
rep730_seed2755	Clostridium_B,UMGS1994,Eubacterium,HGM11588,Stoquefichus,Amedibacterium,Massilicoli,CAG-631,Yersinia,Lachnoanaerobaculum,Ruminococcus_C,UBA737,QALR01,CAG-884,Anaerofustis,Porphyromonas,Franconibacter,Butyrivibrio_A,Clostridium_J,Yokenella,CAG-460,HGM11368,MGYG000000505,UBA945,Citrobacter,UMGS1840,CAG-628,UBA10677,Mediterraneibacter,UMGS1688,CAG-448,MGYG000004094,UBA6984,MGYG000002683,AF33-28,MGYG000004556,MGYG000004874,Peptoniphilus_B,MGYG000000587,Leuconostoc,RQCD01,Intestinimonas,Anaerosacchariphilus,UMGS1241,Pediococcus,UMGS1975
rep731_seed2756	MGYG000001903,Rubneribacter,Anaerosporobacter,Alterileibacterium,Kluyvera,UMGS692,UMGS1820,UMGS1370,UMGS1052,MGYG000003297,Butyricicoccus_A,Staphylococcus,SFDP01,Scardovia,UMGS1109,UMGS1002,Clostridium_AP,CAG-194,CAG-964,CAG-272,UMGS1307,Neobacillus,Mesosutterella,UBA1191,MGYG000004445,Dorea_B,Yersinia,DTU089,HGM11523,Mobilibacterium,Pediococcus,Peptoniphilus_C,KLE1615,SFMI01,Duncaniella,Caecibacter,Eubacterium_J,Monoglobus,UMGS911,Enterococcus_C,Parolsenella,SFGY01,Edwardsiella,CAG-603,Catenibacterium,QALR01
rep732_seed2757	Phocea,An172,UMGS1872,Butyrivibrio_A,UMGS1441,Cedecea,MGYG000004177,CAG-353,UMGS1532,Corynebacterium,Clostridium_AQ,Faecalibacterium,Flavonifractor,GCA-900066135,CAG-170,Faecalimonas,Acetivibrio_A,Ruminococcus_E,Citrobacter_B,Anaerotignum,Pseudobutyrivibrio,CAG-631,MGYG000004604,TWA4,Pseudomonas_R,HGM11588,Clostridium_AP,MGYG000004112,MGYG000004094,UMGS692,CABIZH01,Enterococcus_B,MGYG000003945,Pyramidobacter,UMGS1477,Megamonas,MGYG000000286,CAG-273,CAG-269,UBA3631,Agathobaculum,Enterococcus,Coprococcus,UBA5809,MGYG000001903,Caecibacter
rep733_seed2758	UMGS1251,UC5-1-2E3,Phascolarctobacterium,Lancefieldella,MGYG000004727,VSOB01,MGYG000004660,MGYG000004094,UBA1777,Alloprevotella,UMGS1933,DTU089,UMGS1202,Fusobacterium_B,Fusobacterium,NSJ-62,UBA5905,Niameybacter,DUOT01,UMGS1668,JAAYBB01,Psychrobacillus,UBA11471,Amedibacillus,HGM12814,Sporanaerobacter,Anaerosporobacter,Rothia,UBA3263,UMGS1858,CAG-303,RUG705,MGYG000000505,Barnesiella,SFMI01,Clostridium,HGM11417,UBA636,RUG806,Campylobacter,Neisseria,UBA1820,HGM10836,Merdibacter,Peptostreptococcus,Acidaminococcus
rep734_seed2759	UMGS75,Phil1,UMGS263,CAG-349,Intestinibacter,MGYG000004127,Lysinibacillus,UMGS874,Eubacterium_F,UBA5416,UBA4716,SCN-57-10,Bacillus_A,Olsenella_B,RUG11247,UCG-010,Robinsoniella,UMGS1933,Clostridium_A,Phoenicibacter,Clostridium_X,CAG-217,CAG-882,UBA1375,SFDB01,CAG-488,Stomatobaculum,Clostridium_N,Paraprevotella,Intestinimonas,UBA5446,UC5-1-2E3,Enterococcus_A,Mitsuokella,Prevotella,NK3B98,Muribaculum,Zag111,Stoquefichus,UBA9475,Mesosutterella,VUNA01,MGYG000004727,UMGS1540,CAG-302,Arcanobacterium_A
rep735_seed2760	MGYG000004727,Paraclostridium,MGYG000003490,Amedibacillus,MGYG000003289,MGYG000004850,Haemophilus_A,Selenomonas_C,Robinsoniella,CAG-217,Moellerella,MGYG000003297,UBA6398,CAG-822,CAG-417,Agathobaculum,UMGS1820,Veillonella_A,UMGS1338,Barnesiella,Blautia_A,Monoglobus,HGM11386,SFTJ01,Negativicoccus,MGYG000002758,UBA3631,Eubacterium_I,CAG-1193,Eubacterium_G,Eubacterium_M,WRGP01,MGYG000002216,MGYG000000574,RC9,F0422,NSJ-38,CAG-452,UMGS1668,Limosilactobacillus,HGM11507,Holdemanella,MGYG000004133,Anaeroplasma,Fournierella,Murimonas
rep736_seed2761	RUG420,Ruminococcus,51-20,Lachnoclostridium_A,UMGS1418,Enterococcus_B,Enterobacter_D,CAG-776,HGM11525,Turicimonas,NK4A136,Marseille-P3106,Amulumruptor,UMGS680,UMGS1994,Pyramidobacter,Aeromonas,CAG-485,Ellagibacter,MGYG000001871,UBA5920,Veillonella_A,UMGS1241,UBA866,CAAHEQ01,UMGS1384,CAG-791,Weimerbacter,RUG023,UMGS902,UBA1711,UMGS882,UMGS1783,Anaerofustis,Clostridioides,ER4,Citrobacter_B,CAG-884,Edwardsiella,Brachyspira,CAG-877,An181,UMGS599,Nitratidesulfovibrio,CACZQA01,UMGS946
rep737_seed2762	Lentilactobacillus,Phascolarctobacterium_A,CAG-127,Leminorella,Intestinimonas,Extibacter,Vibrio,CAG-45,UMGS599,RF16,RUG420,Pseudobutyrivibrio,UMGS1933,MGYG000004604,CAG-582,UMGS1253,Prevotella,Kallipyga,UBA6382,QAKW01,Scardovia,QAMX01,UBA4871,Veillonella_A,CAG-194,UBA5884,Acidaminococcus,UBA6857,CAG-312,UMGS1241,WG-1,Bacteroides,Plesiomonas,UMGS680,UBA1711,Eubacterium_R,Turicimonas,QALS01,Klebsiella,AF33-28,HGM11372,UBA11471,UBA4855,Peptoniphilus_C,UMGS902,Intestinibacter
rep738_seed2763	CAG-762,Enterococcus_B,Campylobacter_B,WRGP01,RUG115,CAAHEQ01,GCA-900066905,RUG472,UBA1777,HGM11525,Fusobacterium_A,Muribaculum,MGYG000002797,Dialister,Faecalitalea,Vibrio,HGM11372,UBA3818,UBA7185,Bacteroides_F,UBA7173,UMGS1994,UCG-010,Enterococcus_C,Anaerocolumna,HGM11327,Mediterraneibacter_A,Neobacillus,Klebsiella_A,UMGS1600,Odoribacter,NSJ-63,CAG-841,Ruminococcus,CAG-492,1XD42-69,NSJ-50,Ruminococcus_F,UBA7702,UBA11940,Leclercia,NSJ-62,CAG-873,UBA1181,CACZQA01,UMGS1109
rep739_seed2764	Akkermansia,Bulleidia,Weizmannia,Anaerotignum,MGYG000002696,QAKS01,UBA10677,UBA1375,Angelakisella,Clostridium_Q,MGYG000002053,Rubneribacter,UBA11471,HGM11788,SFMI01,UMGS1663,Paramuribaculum,Campylobacter,UBA4716,UMGS1815,Ellagibacter,UMGS1766,UMGS680,Alloprevotella,HGM04593,CAG-81,Yersinia,Pradoshia,MGYG000004443,Leminorella,Extibacter,MGYG000004874,QAMM01,CAG-724,Haemophilus_D,VUNA01,UMGS1004,UBA4372,MGYG000002685,QAKW01,UBA3388,QAMH01,CAG-710,Butyricicoccus_A,CAG-411,HGM11386
rep740_seed2765	Neobacillus,Campylobacter_A,CAG-353,Morganella,RUG023,Klebsiella,Clostridium_AP,Pauljensenia,UBA3818,UMGS1839,Merdimonas,F23-B02,Citrobacter,WG-1,Clostridium_AQ,Muribaculum,CAG-964,RC9,Acidaminococcus,CAG-632,UMGS1601,Leclercia,Varibaculum,CAG-95,CAG-194,CAG-448,Longicatena,UBA3388,UMGS1326,CAG-1031,Lacticaseibacillus,NC2004,Lachnoclostridium_A,Enterobacter_A,UMGS1071,UBA6345,Peptoniphilus_B,Caecibacter,MGYG000004811,UBA1234,CAG-127,CAG-822,Rubneribacter,HGM11575,Chimaeribacter,UMGS1491
rep741_seed2766	UMGS1994,Morganella,Pauljensenia,CAG-1031,Peptostreptococcus,Eubacterium_G,SFLA01,UBA7597,UMGS1472,Actinomyces,Enterococcus_B,Clostridium_Q,MGYG000003490,QALR01,UBA2882,Stenotrophomonas,RF16,Leclercia,GCA-900066495,Weimerbacter,QAKS01,UMGS856,Fournierella,HGM13006,51-20,Enterobacter,CAG-877,UMGS1202,QANA01,RUG100,HGM11368,Monoglobus,UMGS1858,Acetatifactor,CAG-776,CAG-631,CAG-177,MGYG000003945,CAAHEQ01,UMGS1815,Staphylococcus,Paenibacillus,ER4,Neisseria,Lawsonibacter,UBA1191
rep742_seed2767	Leuconostoc,Companilactobacillus,Beduini,UMGS1071,UBA3766,UMGS172,HGM11588,Clostridium_J,CAG-485,MGYG000002575,UBA2883,UMGS1387,Enterocloster,Chimaeribacter,Odoribacter,UMGS1623,Firm-11,NSJ-38,UBA11774,Phytobacter,UMGS929,RF16,HGM13862,Intestinibacter,HGM13006,Finegoldia,Olsenella_B,UMGS905,Scardovia,CAG-313,SFFS01,MGYG000002726,UBA1417,Anaerococcus,Flavonifractor,CAG-964,UBA5394,MGYG000002797,HGM11417,Barnesiella,HGM13010,MGYG000003289,UBA4644,HGM11575,Mitsuokella,MGYG000004604
rep743_seed2768	UBA11452,JAAYBB01,TM7x,Clostridium_N,HGM11507,Haemophilus_D,Plesiomonas,UBA5905,UMGS680,Catenibacterium,Clostridioides,Azonexus,DUOT01,SFTJ01,UMGS363,UMGS882,UMGS1781,Clostridium_Q,Absicoccus,Mailhella,Coprococcus,Neobacillus,MGYG000004660,UBA3282,CAG-594,UBA1685,UMGS1670,Fusicatenibacter,UBA5026,UBA737,HGM11788,UBA4716,Sneathia,UMGS1901,Nitratidesulfovibrio,QANA01,UBA5394,Companilactobacillus,UBA1417,SFMI01,UMGS2055,HGM12650,UBA6345,HGM13618,UBA2821,Methanosphaera
rep744_seed2769	CHH4-2,Dysosmobacter,HGM12957,NSJ-32,Cedecea,Anaeroglobus,GCA-900066905,UMGS1815,Negativibacillus,CAG-533,Eubacterium,Moellerella,UMGS1002,Campylobacter,Fannyhessea,TF01-11,CAG-603,UBA7488,Anaerostipes,UBA7702,UMGS1397,QANA01,UBA1394,UBA1822,Porphyromonas_A,Actinobaculum,Marseille-P4683,HGM11514,HGM12789,Lacrimispora,UBA3388,Butyricimonas,Ralstonia,UMGS966,Methanobrevibacter_A,Intestinimonas,Mailhella,UBA4644,Corynebacterium,CAG-56,Psychrobacillus,UMGS1202,UMGS1418,Bariatricus,Marvinbryantia,Morganella
rep745_seed2770	UMGS856,Dielma,CAG-631,UBA1417,UMGS1052,CAG-194,CAG-274,Anaerobutyricum,MGYG000000456,WG-1,Klebsiella_A,Holdemania,VSOB01,UBA3388,Leptotrichia,Acidaminococcus,Raoultella,Ruminococcus,MGYG000002719,Erysipelatoclostridium,Bruticola,Ruminococcus_F,HGM11372,Coprobacillus,CAG-710,Kosakonia,Staphylococcus,UMGS1293,UMGS1338,HGM12957,UMGS1815,UMGS1387,RUG11247,MGYG000002758,MGYG000004556,F0040,Peptoniphilus_A,HGM10836,UBA3402,Franconibacter,Anaerocolumna,UBA1685,CACZQA01,S5-A14a,CAG-1000,UBA1752
rep746_seed2771	CAG-510,UBA5026,CAG-521,Arabia,MGYG000004874,NSJ-63,UBA1731,Proteus,UBA1206,Cetobacterium_A,UBA7185,UBA3631,UMGS1603,HGM12789,Lancefieldella,UMGS1781,V9D3004,UBA7702,RUG806,CAG-127,Holdemanella,Anaeromassilibacillus,CAG-288,AF33-28,CAG-603,UBA1232,Duncaniella,Massiliomicrobiota,CAG-115,SFMI01,Yokenella,HGM13618,CAG-460,UBA7057,HGM12650,Prevotellamassilia,MGYG000004811,RUG11247,HGM11368,UMGS1322,UMGS1004,Olsenella_B,Dorea,SFTJ01,MGYG000004061,HGM11530
rep747_seed2772	UBA737,Merdimonas,SFEL01,UMGS1532,ER4,Companilactobacillus,KM106-2,UMGS1375,CAG-41,HGM11372,UMGS1322,CAG-791,UMGS1472,Lawsonibacter,VSOB01,HGM05232,HGM13006,UMGS2037,An92,CHH4-2,UMGS1633,QAKS01,Arcanobacterium_A,Senegalimassilia,Paraclostridium,Eubacterium,CAG-492,TWA4,CAG-317,Lancefieldella,UBA945,Caecibacter,Finegoldia,SFTJ01,Anaerosacchariphilus,TM7x,UBA9475,Catenibacterium,QANG01,UMGS1933,Gemella,HGM11416,NC2004,Enteroscipio,UMGS1279,MGYG000003855
rep748_seed2773	Fusobacterium_A,HGM13862,Lacrimispora,UMGS1338,UBA1740,UBA1752,V9D3004,Megamonas,Ruminococcus,Acetatifactor,MGYG000000390,CAG-762,MGYG000004660,Acidaminococcus,Proteus,Caproiciproducens,UMGS1865,Azonexus,Lachnoclostridium_B,CAG-103,Faecalitalea,Catenibacterium,Amulumruptor,UMGS1441,RC9,Citrobacter_B,HGM11368,Enterobacter_D,Alterileibacterium,MGYG000002216,BX12,CAG-1427,PeH17,Enterocloster,Clostridioides,Enterococcus,HGM11788,UBA1191,NSJ-50,MGYG000004445,Kosakonia,WRGP01,CAG-452,UMGS1663,UBA1737,UBA1829
rep749_seed2774	Paenibacillus_A,Monoglobus,Ruminococcus_E,UMGS1477,Fusobacterium_C,Raoultibacter,Alloprevotella,RUG572,CAG-557,CAG-877,HGM11507,Prevotella,UMGS1994,Slackia,UMGS1532,WRGP01,MGYG000000350,Victivallis,MGYG000003297,Criibacterium,CAG-303,UMGS363,MGYG000000456,Proteus,MGYG000004811,Selenomonas_C,Pseudescherichia,Alistipes_A,MGYG000000425,Coprococcus_A,MGYG000004127,MGYG000003270,SFMI01,Bacillus_A,Blautia_A,UBA11471,UBA11517,Intestinibacter,UMGS1826,Neobittarella,MGYG000000574,UMGS1241,Ruminococcus_G,UMGS1071,Fusicatenibacter,Bittarella
rep750_seed2775	Coprococcus_A,UBA1206,UBA6382,HGM11368,UMGS680,Ruthenibacterium,UBA1822,Evtepia,UBA7702,Anaerostipes,UMGS1375,Aggregatibacter,CAG-317,Eubacterium_R,MGYG000000378,CAG-170,CAG-115,Zag111,CAG-475,UBA1390,QALS01,Gemella,Monoglobus,CAG-269,SFDB01,UBA6398,Gastranaerophilus,UBA3388,Anaerosporobacter,Dialister,Bifidobacterium,Turicibacter,MGYG000003490,MGYG000000674,Sutterella,Hafnia,UBA4716,CAG-882,UBA1737,UBA6984,UBA7057,MGYG000004029,RUG11247,CAG-41,UMGS1490,Oxalobacter
rep751_seed2776	Lagierella,Amulumruptor,UMGS2016,CAG-115,CAG-411,UMGS1474,Mediterraneibacter_A,UMGS577,UMGS692,Pradoshia,HGM13233,Klebsiella,UBA5920,Coprococcus_A,Phil1,UMGS1766,CAG-145,Kosakonia,Merdibacter,Paenibacillus,UBA7702,MGYG000002726,Butyrivibrio_A,SFLA01,CAG-314,Anaeroplasma,Leclercia,Sporanaerobacter,Treponema_D,UBA9414,CAG-448,Niameybacter,Catenibacillus,UMGS856,UMGS1491,UBA1409,Akkermansia,CAG-274,UMGS2037,Clostridium,CAG-272,RUG420,Clostridium_B,HGM14224,Alistipes_A,Faecalitalea
rep752_seed2777	Caproiciproducens,Leminorella,HGM11588,CAG-353,CAG-882,MGYG000004380,UMGS1472,CAG-95,UBA1711,Weissella,UBA10281,Catenibacterium,Weizmannia,CACZQA01,Weimerbacter,CAG-317,Enterococcus_C,Duodenibacillus,UBA1191,Bacteroides,SFTJ01,CAG-484,UMGS1668,RUG023,UMGS973,HGM11808,Arabia,Parvimonas,Varibaculum,RUG572,UMGS946,CAG-776,UBA7488,UMGS1387,Anaerocolumna,GCA-900066495,Ligilactobacillus,MGYG000004547,Eggerthella,CAG-631,CAG-303,UBA5905,Lachnoclostridium_B,MGYG000002216,UMGS1487,Edwardsiella
rep753_seed2778	UBA644,Acutalibacter,UMGS363,Actinobaculum,CAG-110,Lentilactobacillus,CAG-279,Pauljensenia,Aeromonas,MGYG000004171,Faecalitalea,MGYG000000728,Anaerosporobacter,Psychrobacillus,UMGS1880,Porphyromonas,UBA1234,MGYG000000456,SFVR01,UBA1409,Ezakiella,Enorma,Paraeggerthella,HGM12587,Cellulosilyticum,Mediterraneibacter_A,Hafnia,AF33-28,Oribacterium,Dorea_B,HGM11530,NK3B98,Kallipyga,Peptoniphilus_B,Extibacter,CAG-180,SFEL01,MGYG000003855,UBA2883,Clostridium_N,CAG-177,Haemophilus,RUG705,Chimaeribacter,UMGS1491,UMGS1490
rep754_seed2779	UMGS1766,MGYG000002075,UMGS1933,HGM11514,Finegoldia,Sutterella,QALS01,Enterococcus_B,UBA3402,UBA4372,UMGS995,UBA1777,MGYG000002683,NSJ-32,UMGS1975,UMGS1826,Zag111,Eubacterium_M,Anaerotignum,Hungatella_A,An92,Haemophilus_A,HGM11525,HGM10836,Lacrimispora,Porphyromonas_A,Leptotrichia,Collinsella,MGYG000004380,Faecalitalea,UMGS416,Paraeggerthella,UMGS1375,SFFH01,Clostridium_AP,Clostridium_AQ,QAKS01,UMGS1883,UMGS1370,CAG-964,Slackia_A,Paraclostridium,UBA4644,Niameybacter,Selenomonas_A,UMGS1241
rep755_seed2780	Veillonella_A,CAAEEV01,CAG-317,Peptacetobacter,MGYG000000390,UMGS1668,MGYG000004727,Fusobacterium_C,Superficieibacter,QALW01,Mediterraneibacter_A,UMGS1839,Enterocloster,Lachnoclostridium_B,UBA10677,RUG572,HGM12814,Weimerbacter,Adlercreutzia,Succiniclasticum,Enterococcus_A,UMGS1472,CAG-390,WRGP01,UMGS416,Anaerobutyricum,UBA636,Methanosphaera,Akkermansia,Neobacillus,MGYG000000587,UBA1685,UMGS946,Atlantibacter,Pygmaiobacter,Flavonifractor,Gemella,QAKS01,HGM11501,Lysinibacillus,UMGS856,Treponema_D,UMGS911,UMGS1518,UBA1691,RUG13868
rep756_seed2781	Butyricicoccus_A,Prevotellamassilia,UBA7702,HGM11386,UMGS1858,Massiliomicrobiota,UMGS1052,CABIZH01,MGYG000000587,Sneathia,UBA6398,UBA3388,Eubacterium_J,Haemophilus,Kallipyga,HGM11575,UBA644,Weimerbacter,Anaerocolumna,MGYG000000390,MGYG000004850,Fannyhessea,Veillonella,UBA1234,UBA11940,Franconibacter,Aneurinibacillus,CAG-449,Enterobacter_D,Robertmurraya,UBA9502,Roseburia,1XD42-69,RUG472,Leuconostoc,SFGY01,Ligilactobacillus,MGYG000002683,Rubneribacter,HGM11372,HGM11507,RUG12045,An172,Holdemania,Finegoldia,HGM13618
rep757_seed2782	UBA3818,MGYG000004604,UMGS1781,CAG-303,UBA7597,MGYG000000286,UBA5394,UMGS882,Mediterraneibacter,CAG-417,CAG-1427,UMGS856,MGYG000002216,CAG-793,Longicatena,UMGS1241,CAG-273,UBA5026,UMGS1225,HGM13222,UMGS1889,HGM11386,UBA7173,Amedibacillus,CAG-115,HGM13010,Tidjanibacter,VUNA01,Ruthenibacterium,Chimaeribacter,HGM11530,CAG-617,UBA1711,Murdochiella,UBA4372,Eggerthella,Pseudescherichia,CAG-353,Garciella,Haemophilus,Ruminococcus_B,CAG-492,UMGS692,Ruminococcus_E,CAG-83,Leminorella
rep758_seed2783	UBA10677,CAG-917,Olsenella,Pradoshia,CAG-417,Adlercreutzia,UBA4871,DUOT01,CAG-460,Klebsiella,CAG-631,Enterobacter_D,MGYG000000390,NK3B98,Stoquefichus,Robertmurraya,UBA1691,MGYG000004443,UMGS1623,CAG-557,Rothia,Yersinia,UBA1786,UMGS1600,UMGS2016,UMGS416,UMGS1933,MGYG000004874,Collinsella,RQCD01,Enterococcus_C,HGM13222,Merdimonas,Anaerosalibacter,UMGS1826,CAG-533,Harryflintia,UMGS1994,Lancefieldella,Mediterraneibacter,RUG472,Murimonas,MGYG000003270,CAG-882,Raoultella,RF16
rep759_seed2784	Anaeroglobus,Sneathia,Tidjanibacter,CAG-462,Lawsonibacter,Pygmaiobacter,Clostridium_B,NSJ-62,Ellagibacter,Pyramidobacter,D5,43-108,CAG-582,UC5-1-2E3,UMGS1613,UBA2883,UBA4334,Anaerofustis,CAG-510,F0040,UMGS1491,Ruminococcus_G,Lachnoclostridium_A,Catenibacillus,UBA6984,Fusobacterium_A,Superficieibacter,Agathobaculum,Zag1,MGYG000004094,CAG-417,UMGS1690,SFDP01,CAG-313,Terrisporobacter,Paenibacillus_A,Muribaculum,QALW01,Roseburia,UMGS1472,UMGS1975,UMGS905,Blautia_A,Methanomassiliicoccus_A,RUG11200,Intestinibacter
rep760_seed2785	CAG-877,Raoultella,Stomatobaculum,Oribacterium,UMGS1397,NK3B98,NK4A136,Peptostreptococcus,Cronobacter,Citrobacter_A,Intestinibacter,Acutalibacter,Anaerocolumna,Stoquefichus,MGYG000002702,Morganella,Blautia,SFLA01,CAG-793,RUG023,Coprobacillus,UMGS1540,Ruminiclostridium_E,CAG-313,MGYG000000674,Bulleidia,NSJ-63,CAG-238,Enterobacter,UMGS1613,CAG-269,CAG-354,Pantoea,UMGS1696,HGM14224,Parvimonas,VUNI01,Barnesiella,Bariatricus,UBA5920,CAG-822,UBA4334,Senegalimassilia,Catenibacterium,UMGS1293,Acinetobacter
rep761_seed2786	UMGS995,Scardovia,UBA1234,UMGS1370,Citrobacter,Clostridium_F,MGYG000004850,Lawsonella,Merdibacter,Alloprevotella,UMGS1490,CAG-452,AM07-15,Psychrobacillus,MGYG000000505,VUNA01,UBA4644,UBA4285,UBA1740,SFGY01,CAG-194,UBA9414,MGYG000002719,Klebsiella_A,CAG-41,CAG-557,Peptococcus,UBA7182,MGYG000004127,Gemella,Yersinia,UMGS1224,Flavonifractor,HGM11588,Massiliomicrobiota,UMGS1253,Proteus,UBA4372,UMGS1004,RUG472,Butyricicoccus_A,UBA1731,UMGS1795,UMGS1322,CAG-411,Akkermansia
rep762_seed2787	Parvimonas,UMGS1688,UMGS124,CAG-1024,UBA2821,Fusicatenibacter,CAG-877,Clostridium_AP,UMGS911,Lawsonella,Eubacterium_I,Enterococcus_G,Fenollaria,Erysipelatoclostridium,WG-1,Turicibacter,MGYG000000387,Frisingicoccus,NSJ-38,UMGS1532,MGYG000000378,HGM11575,UBA636,Longicatena,Butyrivibrio_A,CAG-462,UMGS1933,NSJ-62,Neisseria,UMGS1375,RUG11247,D5,UBA1752,Peptococcus,DTU089,UMGS1004,UMGS2037,CAG-269,CAG-492,Anaerotruncus,Ralstonia,UMGS1540,Ellagibacter,Coprococcus_A,Exiguobacterium,UBA7702
rep763_seed2788	Phocea,UBA1259,UBA7748,Mitsuokella,Butyricicoccus,Phytobacter,UBA1737,MGYG000003297,UBA1752,Clostridium_E,MGYG000000574,UBA1394,Succiniclasticum,Harryflintia,F082,Ruminiclostridium_E,UBA644,Porphyromonas_A,UBA7102,UMGS973,Agathobaculum,CAG-488,MGYG000000387,CAG-884,CAG-475,CAG-460,Anaerosacchariphilus,Massilistercora,MGYG000000587,Brachyspira,MGYG000004660,S5-A14a,Dorea_A,Ruminococcus_D,MGYG000000745,RUG13868,UMGS1518,SFTJ01,CAG-317,Longibaculum,Aneurinibacillus,Pseudomonas_R,Corynebacterium,RUG806,MGYG000000456,VUNA01
rep764_seed2789	UBA6857,Vibrio,CAG-279,NSJ-62,Ellagibacter,CAG-822,Anaerostipes,UMGS403,Duodenibacillus,QANA01,Criibacterium,MGYG000004061,Roseburia,Enterobacter_A,RF16,UMGS1795,UBA1752,Clostridium_AQ,UMGS1975,Bifidobacterium,UBA5446,RUG806,CAG-1193,CAAHEQ01,Superficieibacter,HGM11588,CAG-917,Stenotrophomonas,SFFS01,Anaerosporobacter,Longibaculum,UBA7488,BX12,Ligilactobacillus,CAG-349,Paenibacillus_A,GCA-900066905,Enterocloster,CAG-485,Alistipes_A,Clostridium_B,RUG11247,RUG472,Beduini,HGM11386,UMGS692
rep765_seed2790	Sellimonas,CAG-631,UMGS1441,F0422,UBA7173,Slackia,UBA644,Actinomyces,MGYG000002053,Methanosphaera,Cellulosilyticum,MGYG000000674,Beduini,Paenibacillus_A,Clostridium_P,OM05-12,UBA7102,Phocea,CABIZH01,UMGS1696,CAG-45,UMGS1820,UMGS1623,Dysosmobacter,CAG-411,UBA1390,CAG-313,UMGS1241,Pseudobutyrivibrio,HGM12669,CAG-762,Actinobaculum,Fusobacterium_A,CAG-180,UBA2821,Massilistercora,Kluyvera,Tidjanibacter,TWA4,HGM05232,UMGS731,F23-B02,Lachnoclostridium_A,CAG-1000,HGM11501,Enterococcus_A
rep766_seed2791	UBA11940,QALR01,UBA5416,UMGS882,UBA737,UBA1731,SFDB01,MGYG000003945,SFFS01,Negativibacillus,CAG-41,Weimerbacter,UMGS1472,UBA2821,Lancefieldella,UBA7102,Mobilibacterium,UMGS1670,Succinatimonas,Clostridium,MGYG000001903,Enterobacter_A,UBA3818,CAG-841,Leptotrichia,Peptacetobacter,UMGS599,QAMH01,Pseudoruminococcus,MGYG000000745,Clostridium_X,HGM12587,Weizmannia,UBA4372,MGYG000002758,UBA5920,UBA9502,Fournierella,UBA7057,HGM12789,HGM13006,Dielma,CAG-279,Coprococcus_A,Ruminococcus_G,Enterocloster
rep767_seed2792	CAG-273,Staphylococcus,Turicibacter,KM106-2,CAG-317,Eggerthella,Catenibacterium,UMGS1472,Ruminococcus_F,Megasphaera,Gemella,MGYG000004604,UMGS1901,MGYG000000574,GCA-900066905,RUG023,Parolsenella,Anaerotruncus,CAG-628,CAG-145,Eubacterium_I,Morganella,Zag1,Veillonella,UBA10281,Atlantibacter,Enterococcus,MGYG000004133,Methanosphaera,Paraprevotella,SFDB01,Hafnia,Anaerosalibacter,Sneathia,Aggregatibacter,Alloscardovia,SCN-57-10,Raoultibacter,GCA-900066495,UBA2883,MGYG000003970,UMGS1603,QAMX01,CAG-390,Amedibacterium,UBA1409
rep768_seed2793	V9D3004,UMGS1518,Firm-07,UBA6857,HGM10836,AF33-28,Dorea_A,Pseudomonas_E,UBA1181,UMGS1540,Ligilactobacillus,CAG-460,MGYG000002726,Sneathia,Butyricimonas,HGM12998,Escherichia,HGM14224,QAMM01,UBA1259,MGYG000004172,Salinicola,NC2004,Dysosmobacter,MGYG000001903,UBA1394,Eubacterium_I,MGYG000004556,UBA4855,MGYG000002702,Bacilliculturomica,UBA2882,HGM05232,Citrobacter_B,Catenibacillus,CAG-303,UBA11940,Ralstonia,HGM13618,CAG-964,Phocaeicola,Victivallis,Paraclostridium,NSJ-61,WG-1,UMGS1441
rep769_seed2794	Parabacteroides,UMGS1663,CAG-841,Eubacterium_F,Bifidobacterium,RUG023,VUNA01,Tidjanibacter,GCA-900066905,MGYG000002010,Plesiomonas,Eubacterium,Corynebacterium,SFEL01,UMGS1004,Marseille-P4683,UMGS1224,Bacillus_A,MGYG000000728,MGYG000000425,UBA11471,Marvinbryantia,Peptoniphilus_C,UMGS1976,Coprococcus,Allisonella,UMGS1418,CAG-448,Stoquefichus,UMGS1795,UMGS1994,UBA4871,HGM13222,Edwardsiella,Eubacterium_I,HGM11521,CAG-170,AM51-8,Lactococcus_A,Ligilactobacillus,UMGS1901,RC9,UBA7488,MGYG000000574,Acidovorax,UMGS1326
rep770_seed2795	QAMH01,UMGS1766,MGYG000000505,CAG-1024,CAG-631,UBA9502,UMGS1864,Escherichia,Pseudomonas_E,Ruminococcus_D,Clostridium_A,UMGS268,HGM11417,CAG-303,HGM11525,Anaeroglobus,CACZQA01,CAG-417,CAG-465,RUG14107,Schaedlerella,Serratia,CAG-831,Enterocloster,MGYG000001903,Faecalibacillus,UMGS1590,Sodaliphilus,Acidovorax,CAG-822,CAG-582,UMGS1810,UMGS995,MGYG000002685,Borkfalkia,UMGS1933,UBA6984,CAG-594,Latilactobacillus,Eubacterium_T,Salinicola,Pediococcus,Parabacteroides,Mailhella,Acetatifactor,UBA5446
rep771_seed2796	SFFS01,Coprobacillus,MGYG000004604,Prevotellamassilia,NSJ-32,Lactiplantibacillus,Stomatobaculum,UBA1409,Agathobacter,Phoenicibacter,NSJ-61,RUG11247,Veillonella_A,Cutibacterium,Veillonella,UMGS1474,Faecalimonas,SFGY01,Pauljensenia,MGYG000004445,CAG-590,RUG13868,Massiliomicrobiota,Weizmannia,UMGS1322,CABIZH01,Arcanobacterium_A,UBA1685,Fusobacterium_A,MGYG000003270,Olsenella_E,Fusobacterium_C,CAG-884,43-108,UBA1375,Borkfalkia,GCA-900066905,UBA1691,MGYG000002696,HGM12998,Limosilactobacillus,OM05-12,Azonexus,Mailhella,CAG-110,UBA1786
rep772_seed2797	UBA7748,Sporanaerobacter,UMGS75,TM7x,Lachnospira,MGYG000004172,Pluralibacter,CAG-631,Anaerococcus,Absicoccus,F0422,CAG-465,Anaerostipes,GCA-900066495,UBA2821,UMGS599,Clostridium_J,Campylobacter_A,UBA945,UBA9475,CAG-822,Fenollaria,MGYG000002797,Oxalobacter,HGM11616,UMGS1889,UMGS1820,CAG-170,CAG-873,UMGS905,UBA6382,MGYG000003945,HGM11507,HGM11386,CAG-594,Longibaculum,UBA2883,Moellerella,HGM12814,UC5-1-2E3,QAMH01,RUG100,NSJ-32,Anaerosporobacter,Acidaminococcus,MGYG000002758
rep773_seed2798	43-108,UMGS1397,NSJ-32,Barnesiella,GCA-900066905,CAG-884,MGYG000000456,RUG705,UMGS577,UBA3282,Sutterella,UMGS1518,Franconibacter,CAG-917,UMGS1613,UBA6984,QALS01,UMGS1795,Coprococcus_A,HGM11530,UBA1375,CAG-245,MGYG000002726,Anaeromassilibacillus,UMGS1696,Eubacterium_I,MGYG000003305,Robinsoniella,Lagierella,MGYG000000574,HGM11788,Salinicola,MGYG000003490,Fournierella,UMGS1370,UMGS680,UBA5026,QANA01,BX12,UMGS1688,WG-1,UBA6857,MGYG000004177,Faecalibacterium,Agathobaculum,Anaerocolumna
rep774_seed2799	HGM11372,Arcanobacterium_A,Pseudoflavonifractor,CHH4-2,UBA5446,CAG-484,HGM11416,UBA636,MGYG000004094,UBA1786,Ruminococcus_A,Lactobacillus,UMGS1688,Parabacteroides,Anaerocolumna,UMGS1613,GCA-900066905,CAG-390,Lagierella,UMGS1663,Desulfovibrio,CAG-273,SFGY01,Turicimonas,Treponema_D,UMGS1889,Firm-07,Victivallis,MGYG000000574,CAG-533,UBA4285,UBA1206,Intestinimonas,Olsenella_E,Muricomes,Parolsenella,Acidovorax,CAG-115,MGYG000003855,HGM05232,UMGS268,NK4A136,UBA9506,UMGS172,MGYG000002726,UBA11471
rep775_seed2800	UMGS2037,QALS01,Lachnoclostridium,UMGS1611,NSJ-61,NK4A136,Gemella,CAAEEV01,SFTJ01,CAG-115,Holdemania,UBA11471,HGM12998,CAG-274,MGYG000003945,Emergencia,UBA644,UBA5920,MGYG000000425,MGYG000002726,RUG11247,UMGS403,MGYG000004443,UBA3818,UBA737,Ruminococcus_C,UBA7488,UBA5446,Firm-07,UMGS1322,Psychrobacillus,Butyrivibrio_A,MGYG000000728,Fusobacterium_A,Salmonella,UBA1737,MGYG000004061,CAG-1193,Aneurinibacillus,Intestinimonas,Oribacterium,HGM11575,UBA5416,Faecalimonas,UMGS1071,Lactococcus_A
rep776_seed2801	QAMM01,CAG-411,UMGS403,CAG-1000,Citrobacter,43-108,Pseudomonas,CAG-1427,UBA1711,Beduini,Bacilliculturomica,Fusobacterium_C,UBA5416,QALW01,UMGS1688,KM106-2,HGM11523,UBA644,UBA3388,UMGS882,Dialister,Leclercia,WG-1,Pediococcus,UMGS1312,Alterileibacterium,Allisonella,MGYG000002696,NSJ-32,CAG-590,Massilioclostridium,Ruminococcus_G,CAG-103,HGM12957,SFDP01,UMGS1418,UBA6398,Enterococcus_G,RC9,UMGS577,Paenibacillus,Blautia_A,UBA2821,UBA5905,HGM13006,UBA4334
rep777_seed2802	UMGS902,Dysgonomonas,MGYG000003945,Bilophila,Turicibacter,Enterobacter,Paraprevotella,QALS01,CAG-170,Stomatobaculum,Negativibacillus,UBA4855,CAG-533,Varibaculum,Alloscardovia,Yersinia,UMGS966,Kallipyga,RUG12045,Anaerotruncus,VUNA01,UMGS1783,VUNI01,Pseudomonas_E,F0040,MGYG000003289,CAG-272,PeH17,Barnesiella,Ruthenibacterium,Actinomyces,F0422,Peptoniphilus_E,CAG-1024,Parasutterella,UBA940,NSJ-61,Phoenicibacter,UMGS1225,UMGS1858,Rahnella,UBA1259,AF33-28,CAG-194,Parabacteroides,CAG-103
rep778_seed2803	Arcanobacterium_A,Angelakisella,NK3B98,UMGS599,Collinsella,Tidjanibacter,UBA866,Anaerosalibacter,Citrobacter_B,UBA6857,Holdemania,HGM11523,Phascolarctobacterium,QAMH01,Beduini,Blautia_A,CAG-353,UBA1232,Massilioclostridium,Massilicoli,MGYG000004547,Hydrogeniiclostridium,CAG-793,Kallipyga,MGYG000001903,Senegalimassilia,HGM11788,Plesiomonas,Marseille-P4683,CAG-631,OM05-12,Parolsenella,Actinomyces,UBA1777,Amulumruptor,Finegoldia,Ruminococcus_F,CAG-302,UBA6398,NC2004,UMGS1865,Merdimonas,UMGS1387,UMGS1518,Ruminococcus_A,UMGS1623
rep779_seed2804	UMGS1696,Latilactobacillus,Fusobacterium_C,UMGS1975,Rothia,Murdochiella,Mediterraneibacter_A,Massilistercora,Lachnoclostridium_A,Parasutterella,Cellulosilyticum,UMGS1690,Enterococcus_G,Klebsiella_A,Emergencia,Providencia,Flavonifractor,Salmonella,UMGS403,HGM11507,Clostridium_J,MGYG000000387,UBA1417,MGYG000000350,Succinatimonas,UBA1777,51-20,UMGS363,Merdimonas,Clostridium_P,Sporanaerobacter,UBA10677,Lachnoanaerobaculum,RUG14107,UBA1206,D5,WRGP01,UMGS1623,Prevotella,Bacilliculturomica,CAG-631,HGM13222,43-108,MGYG000000346,CAG-460,UBA1232
rep780_seed2805	RUG100,UMGS1994,RUG11198,UMGS1387,Campylobacter,Alloprevotella,Lentilactobacillus,1XD42-69,UMGS1820,UBA5809,CAG-594,UMGS856,UBA7182,MGYG000004660,UBA11524,Eikenella,UMGS1840,Harryflintia,Proteus,Coprococcus,CAG-83,UMGS1766,Acidaminococcus,SFGY01,Blautia,Olsenella,Rubneribacter,Faecalibacillus,CAG-452,Citrobacter,Barnesiella,UBA9506,Yokenella,Anaerobutyricum,Paenibacillus_A,Peptococcus,MGYG000001903,UBA1740,DTU089,Klebsiella_A,HGM11327,UMGS1202,Neisseria,Megasphaera,Mesosutterella,CAG-103
rep781_seed2806	UBA3631,DUOT01,HGM13222,Enterococcus_A,Zag111,UMGS1441,Enorma,Ralstonia,Clostridium_E,Actinobaculum,MGYG000004604,CAG-451,UBA3263,MGYG000000456,AM07-15,RUG115,HGM13233,Merdimonas,RUG705,MGYG000003305,UMGS416,Lactococcus,CABIZH01,UMGS995,CAG-590,UMGS1537,UBA1822,Anaerocolumna,Neisseria,RC9,HGM12713,Mediterraneibacter,Anaerotruncus,TF01-11,Eubacterium_R,CAG-417,UMGS1591,Clostridium_AQ,Clostridium_B,Pluralibacter,UMGS973,Paraclostridium,NSJ-38,GCA-900066135,Pseudoruminococcus,NC2004
rep782_seed2807	Rothia,Dysosmobacter,MGYG000002575,Anaeroglobus,Pluralibacter,Sneathia,UBA5416,UBA9414,UMGS1202,MGYG000000574,MGYG000000456,Tidjanibacter,GCA-900066495,CAG-177,Leminorella,Ruminococcus_G,NK3B98,RUG100,Angelakisella,MGYG000003305,Lacticaseibacillus,Cellulosilyticum,HGM13862,Coprobacter,CAG-41,UBA3766,UBA5884,Actinobaculum,MGYG000004660,CAG-451,Kluyvera,UBA1777,UMGS416,Harryflintia,MGYG000000505,UBA737,Enterococcus,Klebsiella_A,Pantoea,Enterobacter,CAG-81,CAG-279,MGYG000003490,Stenotrophomonas,QAMH01,Lactobacillus
rep783_seed2808	UBA1417,Duncaniella,UMGS1600,Butyricicoccus_A,UBA1409,UBA7057,Anaerosporobacter,Turicimonas,Coprococcus,MGYG000004061,Longibaculum,UMGS1071,Blautia_A,UBA1390,UMGS692,HGM13222,UBA7173,HGM12650,MGYG000004547,HGM05232,HGM13862,Proteus,Clostridium_Q,UMGS1052,Yersinia,Fusobacterium_A,Terrisporobacter,Acetatifactor,Dielma,CAG-495,Flavonifractor,Lactonifactor,Phascolarctobacterium_A,UMGS1326,Butyrivibrio_A,QAMH01,Methanomassiliicoccus_A,CAG-510,Citrobacter_B,UMGS2037,Paraprevotella,Paraclostridium,Massilistercora,UMGS1491,Clostridium_J,Acetivibrio_A
rep784_seed2809	UBA1777,CAG-582,QAMM01,Massilioclostridium,Cellulosilyticum,CAG-349,Klebsiella_A,MGYG000004177,MGYG000004811,Romboutsia,Raoultella,Acutalibacter,Akkermansia,UBA1691,UMGS1279,UMGS929,Zag1,Lachnospira,HGM10836,CAG-95,RUG11198,UBA1737,UMGS1225,HGM13862,Edwardsiella,Ruminiclostridium_E,MGYG000002719,CAG-791,Corynebacterium,UBA5446,Pseudomonas_R,UBA1829,Anaerococcus,UMGS1901,CAG-245,MGYG000000425,Coprococcus_A,Catenibacillus,MGYG000002702,Olsenella,UBA5394,HGM13006,CACZQA01,Anaerofustis,UBA4334,Bacteroides_F
rep785_seed2810	Megamonas,SFHK01,UMGS1472,HGM13222,Erysipelatoclostridium,UMGS1826,CAG-873,HGM13233,QALR01,Stomatobaculum,RUG11200,Enterococcus_C,UBA1829,UMGS680,Pseudomonas_E,CAG-475,Mesosutterella,An172,Pseudomonas_R,Paramuribaculum,UBA1786,Limosilactobacillus,MGYG000004112,Eubacterium,UMGS1312,Niameybacter,MGYG000004094,GCA-900066135,CAG-462,Sodaliphilus,UMGS905,HGM11501,Acidovorax,UBA11517,MGYG000002683,Eubacterium_T,UBA1259,Ruthenibacterium,Catenibacillus,RUG023,Raoultella,Faecalitalea,Lacticaseibacillus,HGM12713,UMGS874,Bariatricus
rep786_seed2811	MGYG000000574,UMGS1633,Collinsella,MGYG000002216,Allisonella,V9D3004,Longibaculum,Neisseria,Phil1,UBA1786,UBA1685,Lawsonella,Gemella,Clostridioides,UMGS2016,UMGS403,UMGS1976,UMGS1071,Duodenibacillus,Actinomyces,Pyramidobacter,Massilioclostridium,MGYG000004172,HGM11417,Victivallis,Citrobacter_B,CAG-917,CAG-302,NSJ-50,Massilistercora,Anaerosalibacter,SFFH01,UMGS946,Stenotrophomonas,Massiliomicrobiota,Coprococcus,F082,Moellerella,Bacteroides,MGYG000000346,Latilactobacillus,HGM14224,CAG-724,HGM11507,HGM11588,CAG-582
rep787_seed2812	UMGS1663,UBA1711,UMGS1474,Turicimonas,MGYG000004112,UBA11940,Extibacter,Ruminococcus_A,Evtepia,RUG11198,RC9,MGYG000004029,CAG-841,HGM11507,Leptotrichia,Cedecea,MGYG000004660,Olsenella_E,Monoglobus,UBA7488,CABIZH01,Faecalimonas,Streptococcus,HGM11327,Marvinbryantia,Kosakonia,UMGS1370,Phascolarctobacterium_A,Paenibacillus_A,UBA6984,Lachnoanaerobaculum,CAG-110,VUNA01,QALR01,MGYG000004177,Varibaculum,CAG-449,An92,UMGS1540,Ruminococcus,Superficieibacter,UMGS1375,RUG131,MGYG000003970,Criibacterium,Dielma
rep788_seed2813	NSJ-61,Coprobacter,UMGS124,Faecalicoccus,UBA10677,CAG-475,HGM12587,CAG-349,Plesiomonas,UMGS2016,UMGS1253,Ruminococcus_B,Merdibacter,UMGS1004,Eubacterium,HGM11588,UMGS1418,MGYG000000390,MGYG000000745,UMGS1994,UMGS403,Chimaeribacter,F0040,CAG-196,NK3B98,Desulfovibrio,Paraclostridium,Christensenella,Caecibacter,UMGS1783,Peptoniphilus_A,Lawsonibacter,Mixta,SFVR01,Caproiciproducens,RUG115,Akkermansia,UBA1711,UBA945,HGM12789,UMGS268,Alistipes_A,MGYG000002683,MGYG000004127,Phocea,CAG-272
rep789_seed2814	Oscillibacter,Amedibacterium,UBA5026,Mobilibacterium,UMGS1388,CAG-196,UMGS1994,Morganella,Lachnoanaerobaculum,Fenollaria,Sellimonas,UBA11524,UMGS692,Pradoshia,F0422,Ruminococcus_E,Dorea,UBA1786,UBA7185,CAG-451,UMGS1338,UMGS1600,UMGS1572,Klebsiella,Anaerocolumna,Johnsonella,Pauljensenia,UBA6984,UMGS1307,CAG-194,Salinicola,Anaerosalibacter,An181,AM51-8,Stoquefichus,NK4A136,UMGS1933,Ruminococcus_D,Oribacterium,Olsenella_E,Agathobaculum,Acutalibacter,Barnesiella,CAG-1000,HGM11788,UMGS1839
rep790_seed2815	Enterobacter_A,Citrobacter,Paraprevotella,Anaerofustis,UBA7182,Methanobrevibacter_A,HGM12789,HGM12998,Massilioclostridium,UMGS1976,Acidovorax,CAG-177,UMGS1326,CAG-279,Slackia_A,CAG-724,CAG-533,Murdochiella,Alloscardovia,Frisingicoccus,Companilactobacillus,QALR01,UBA945,Lachnoclostridium_A,MGYG000004171,Stoquefichus,Marseille-P3106,Chimaeribacter,CAG-238,OF09-33XD,UC5-1-2E3,MGYG000000456,Arcanobacterium_A,UBA2856,RUG806,UMGS1004,RUG11247,UBA1181,Haemophilus,UBA6345,UBA6382,Phocaeicola,UBA1777,Marseille-P4683,MGYG000004380,Cetobacterium_A
rep791_seed2816	CAG-631,Paramuribaculum,UMGS1490,Enterobacter_A,Pediococcus,CAG-791,Actinomyces,HGM11507,UBA1829,UMGS1781,OM05-12,Peptacetobacter,UBA7702,UBA1685,CAG-177,CAG-390,HGM12587,CAG-841,Dialister,Haemophilus_A,HGM11514,Corynebacterium,Megasphaera,Franconibacter,Ruminiclostridium_E,Peptoniphilus_A,Gemella,UMGS680,Parolsenella,UMGS973,Ruminococcus,Holdemanella,MGYG000000378,Robinsoniella,CAG-495,MGYG000002075,Leclercia,UBA3766,Ruminococcus_E,MGYG000004445,NSJ-32,HGM11327,CAG-475,UMGS1004,Alloprevotella,UMGS1225
rep792_seed2817	UMGS2037,Anaerosalibacter,UBA1375,Sneathia,Enorma,UMGS1484,UMGS1279,UMGS1670,UBA4644,Marseille-P4683,Phocaeicola,CAG-510,HGM11788,Ruthenibacterium,Veillonella_A,SFGY01,Raoultella,UMGS1441,Ezakiella,CAG-452,HGM12669,MGYG000004133,F0040,SFDP01,UBA6345,Intestinimonas,UBA10677,UBA4716,MGYG000000378,HGM11417,Limosilactobacillus,UBA1181,NK4A136,HGM11327,HGM11368,SFJ001,Anaerotruncus,UBA7102,UMGS1490,Weissella,UBA10281,UMGS1397,UBA1390,SFMI01,Gemmiger,MGYG000004445
rep793_seed2818	Paenibacillus_A,Eubacterium_J,Stoquefichus,Sellimonas,Amulumruptor,CAG-110,UMGS874,CAG-582,HGM11507,CAG-917,UBA2883,Odoribacter,Dysgonomonas,MGYG000002719,UMGS1820,Adlercreutzia,HGM13006,UBA5446,QAMX01,Muricomes,Rikenella,Erysipelatoclostridium,CAG-180,Phascolarctobacterium,Paraprevotella,CAG-103,MGYG000000505,Faecalitalea,Beduini,UMGS1312,PeH17,Neobacillus,CAG-1000,UMGS1840,UMGS1623,Peptoniphilus_A,MGYG000001871,HGM11588,Monoglobus,MGYG000004380,Gemella,Aeromonas,Providencia,CAG-617,Dorea,CAG-145
rep794_seed2819	Niameybacter,MGYG000002726,Brachyspira,HGM12957,UMGS905,Mediterraneibacter,Neobacillus,Yersinia,Succiniclasticum,Alloprevotella,CAG-314,Massilicoli,MGYG000000505,Lawsonella,CAG-115,MGYG000004380,Garciella,Pygmaiobacter,Haemophilus_D,Chimaeribacter,Caecibacter,Lagierella,MGYG000004874,HGM11808,Slackia_A,HGM14224,Mediterraneibacter_A,DUOT01,Ezakiella,Leuconostoc,CAG-288,Paraclostridium,UMGS882,Hafnia,Faecalicoccus,Leminorella,MGYG000000286,Blautia,Bacillus_J,RUG14107,CAG-462,MGYG000004112,Adlercreutzia,RUG11247,RUG11200,Duodenibacillus
rep795_seed2820	Eubacterium_F,Phytobacter,UMGS1696,Ruminiclostridium_E,Bacteroides_F,MGYG000002075,TWA4,CAG-41,CAG-1193,HGM12650,MGYG000000587,Gastranaerophilus,CAG-793,Cedecea,UMGS946,1XD42-69,Haemophilus_D,UBA1417,Coprobacillus,Klebsiella_A,CAG-964,Bacilliculturomica,UMGS75,RUG572,Azonexus,Faecalibacterium,UMGS403,Phil1,Olsenella,Klebsiella,UBA7702,SFHK01,Adlercreutzia,UMGS1224,UMGS1994,Intestinibacter,Proteus,UMGS911,Clostridium_AP,UMGS1279,Amedibacillus,NC2004,UMGS1307,Coprococcus_A,Anaerosporobacter,Eikenella
rep796_seed2821	Eisenbergiella,Fusicatenibacter,UBA4285,Treponema_D,UMGS1375,Enteroscipio,Pseudomonas,Selenomonas_C,MGYG000001953,Eubacterium_T,Dielma,Varibaculum,HGM11501,UMGS1387,UBA7702,Phascolarctobacterium,MGYG000003970,UCG-010,Aeromonas,Kallipyga,Oxalobacter,UMGS905,Escherichia,KM106-2,UBA1409,Cedecea,CAG-631,CAG-791,Massilicoli,Veillonella_A,CHH4-2,HGM12713,Paraclostridium,NSJ-38,Aneurinibacillus,HGM04593,Enorma,UMGS1338,Chimaeribacter,UBA2856,Niameybacter,Acidovorax,RUG12045,CAG-1000,UBA9475,GCA-900066495
rep797_seed2822	MGYG000004874,Escherichia,UMGS1690,Alloprevotella,CAG-510,HGM11808,Muricomes,CAG-710,Caproiciproducens,Allisonella,UBA4372,UMGS1491,Slackia,CAG-628,MGYG000000286,CAG-475,UBA3631,Alterileibacterium,UBA5809,CAG-724,UMGS1840,SFFH01,CAAHEQ01,Kluyvera,UMGS1668,Pauljensenia,GCA-900066495,Citrobacter_A,UBA11512,Fannyhessea,Lancefieldella,RUG11247,Faecalibacillus,MGYG000004380,Peptoniphilus_B,NK4A136,QALW01,Moellerella,Eubacterium_F,Anaeroglobus,UBA1740,CAG-1024,CAG-103,QAKD01,UBA636,Pseudescherichia
rep798_seed2823	UMGS692,UMGS1293,Franconibacter,UMGS1071,QAKD01,Escherichia,Salinicola,Turicimonas,Prevotellamassilia,Murdochiella,CAG-964,UBA7702,Clostridium_X,Plesiomonas,Enterococcus_C,Klebsiella_A,CAG-831,HGM11575,Anaerosacchariphilus,Gordonibacter,Fannyhessea,Lancefieldella,UMGS1397,MGYG000004229,Holdemanella,Arabia,CAG-710,UMGS1668,F0040,Clostridium_B,Leuconostoc,Acetivibrio_A,UBA10677,Staphylococcus,HGM12789,CAG-603,Frisingicoccus,UMGS1572,UBA11471,CAG-302,Amedibacillus,CAG-462,UBA2856,AM51-8,Veillonella,Weizmannia
rep799_seed2824	GCA-900066755,SFHK01,Ruminococcus_E,UBA1737,Fusobacterium_A,Harryflintia,Massilistercora,Stenotrophomonas,UMGS995,1XD42-69,UMGS1668,HGM05232,Butyricicoccus_A,MGYG000003289,Lactococcus,Alistipes,SFDP01,HGM13634,MGYG000002758,MGYG000004177,Clostridium_AQ,Klebsiella_A,Anaerotignum,UMGS172,CHH4-2,UBA3388,Cutibacterium,Megasphaera,CAG-145,UBA6984,UMGS1795,Frisingicoccus,Eubacterium_R,UBA9502,CAG-831,F082,CAG-617,Catenibacillus,MGYG000002216,NC2004,CAG-217,RC9,Lacticaseibacillus,CAG-95,CAG-1000,UBA1375
rep800_seed2825	QAMM01,Johnsonella,HGM13233,OM05-12,GCA-900066135,Olsenella_B,Clostridium_F,QAKW01,An92,Amedibacillus,CAG-127,TWA4,UBA1777,CAG-354,MGYG000003289,Enterocloster,UBA9502,Anaeroplasma,Eubacterium_T,Mesosutterella,Enorma,UBA4716,Murdochiella,UBA3263,Lachnospira,MGYG000003305,UBA3282,UMGS1858,CAG-45,Ruminococcus_E,Phoenicibacter,Salinicola,Ralstonia,QAMH01,Romboutsia,UMGS1572,Paramuribaculum,HGM13010,HGM12650,UMGS1613,UMGS856,Raoultibacter,Psychrobacillus,UBA945,UBA738,Murimonas
rep801_seed2826	UMGS1224,QALW01,UMGS1613,Azonexus,UBA7173,Corynebacterium,Chimaeribacter,UBA1206,Ruminococcus_E,Slackia_A,Phocaeicola,Dysosmobacter,CAG-462,Victivallis,Raoultella,Duodenibacillus,UBA3263,HGM12650,UBA2856,UMGS1668,Methanomassiliicoccus_A,MGYG000000574,Peptostreptococcus,UBA7102,Leminorella,UMGS124,UMGS1002,Harryflintia,Eubacterium_F,MGYG000003305,Gemmiger,Adlercreutzia,UMGS1326,Mobiluncus,CAG-449,CAG-217,UMGS577,SFEL01,CAG-83,Catenibacterium,An181,AF33-28,Alistipes_A,Companilactobacillus,CAG-964,Caecibacter
rep802_seed2827	MGYG000003945,Faecalitalea,Eubacterium_R,Dielma,Ruminococcus,MGYG000003305,Lachnoclostridium,Massilimaliae,SFJ001,CAG-484,UMGS1975,UBA1752,UMGS1826,Intestinibacter,Paenibacillus_A,CAG-145,Beduini,UBA7185,F0040,SFLA01,UBA1232,Weimerbacter,UBA738,Eggerthella,UMGS1253,UMGS1251,Salmonella,Robinsoniella,DTU089,CAG-873,GCA-900066495,Oxalobacter,UMGS1326,RUG131,CAG-245,Porphyromonas,Mediterraneibacter_A,UBA866,Massilicoli,Lacticaseibacillus,Sneathia,Amedibacillus,Massiliomicrobiota,MGYG000002719,Pseudomonas_E,QAKW01
rep803_seed2828	Sellimonas,Harryflintia,Sutterella,Absicoccus,MGYG000000286,Campylobacter_A,Clostridium_A,UMGS1815,Angelakisella,QAKW01,RUG11198,Parolsenella,An92,UBA11940,Clostridium_F,Allisonella,CAG-177,Enterococcus_B,MGYG000004177,Salmonella,Emergencia,RUG115,Edwardsiella,UBA1731,MGYG000004133,Companilactobacillus,PeH17,Pseudoflavonifractor,Sporanaerobacter,QANG01,CAG-449,Caecibacter,Neobacillus,Methanobrevibacter_A,MGYG000004112,Anaeromassilibacillus,HGM13634,Corynebacterium,UMGS1839,Odoribacter,Anaeroglobus,Longicatena,MGYG000004443,Varibaculum,Senegalimassilia,Lentilactobacillus
rep804_seed2829	Blautia_A,MGYG000001953,MGYG000003289,Enterobacter_D,Holdemanella,Bacillus_A,UMGS1663,UBA2856,Phoenicibacter,Selenomonas_A,HGM13006,GCA-900066135,Clostridium_AP,CAG-762,Paenibacillus_A,Arabia,Clostridium_X,Phocea,Oribacterium,MGYG000004443,CAAHEQ01,Hydrogeniiclostridium,Mailhella,UMGS268,UBA5920,UMGS1976,Lactonifactor,Acidaminococcus,MGYG000003970,Companilactobacillus,UBA2883,D5,UBA1829,UMGS2055,Schaedlerella,Klebsiella_A,UBA1234,VUNI01,UBA11774,UBA1740,UBA3388,UBA3282,SFEL01,QANA01,Anaerosalibacter,CAG-492
rep805_seed2830	RQCD01,Neisseria,HGM11514,MGYG000000378,Neobittarella,HGM13634,Veillonella_A,UMGS1307,Garciella,Mesosutterella,UMGS1253,UBA7182,CAG-485,QAMM01,MGYG000002683,HGM11368,Holdemanella,An181,Caecibacter,UMGS1004,CAG-196,Marvinbryantia,Mediterraneibacter_A,UMGS1933,UMGS1883,Limosilactobacillus,VUNA01,GCA-900066755,MGYG000000505,BX12,F0040,Desulfovibrio,Selenomonas_C,CAG-533,Clostridium_X,UBA1232,Phytobacter,MGYG000003297,F0422,UBA11940,Ellagibacter,UMGS1338,Eubacterium_M,QAMH01,Gemella,HGM11808
rep806_seed2831	UBA11940,Cetobacterium_A,AM51-8,RUG572,MGYG000003970,Corynebacterium,GCA-900066495,Coprococcus_A,Parabacteroides,Acidovorax,CAG-303,CAG-460,Rubneribacter,Enterococcus,Anaerosalibacter,RUG11247,UMGS1670,UBA1731,MGYG000004029,CAG-964,UBA5809,CAG-628,NSJ-38,Alistipes_A,RUG023,RUG11198,Haemophilus_D,HGM13618,GCA-900066905,UBA6382,NK4A136,Ruminococcus_A,HGM11523,Romboutsia,CAG-877,CAG-917,UMGS1795,Firm-10,UMGS1487,UMGS1600,Leminorella,Enterobacter_A,MGYG000001871,TF01-11,Pseudescherichia,An181
rep807_seed2832	Bulleidia,Caproiciproducens,UMGS1472,Paraclostridium,51-20,Fusobacterium_B,UMGS1933,RUG11198,Acetatifactor,MGYG000000346,UBA11512,RUG806,Salmonella,CAG-1031,UMGS1601,Paraprevotella,CAG-724,Pediococcus,Faecalitalea,RUG11247,Aggregatibacter,UBA636,UMGS1880,Terrisporobacter,UMGS1004,Haemophilus,Raoultibacter,SFEL01,Proteus,Anaerobutyricum,Edwardsiella,Peptoniphilus_B,Nitratidesulfovibrio,UMGS966,HGM04593,MGYG000002797,Anaerotruncus,UBA3631,SFJ001,HGM11525,Harryflintia,UMGS1826,Holdemanella,UMGS680,Evtepia,CAG-485
rep808_seed2833	HGM12957,Alterileibacterium,Salinicola,UBA1685,UBA4716,Pseudomonas,Clostridium_A,SFLA01,Klebsiella_A,Oribacterium,Eubacterium_I,MGYG000004445,UMGS577,Moellerella,MGYG000004874,Holdemanella,CAG-831,Neisseria,Klebsiella,COE1,Acutalibacter,UMGS946,CAG-452,Bacteroides_F,Enorma,CHH4-2,Enterococcus_D,CAG-877,Eubacterium_R,CAG-417,UMGS692,Campylobacter,Olsenella_E,CAG-917,UBA1820,MGYG000001903,UMGS1322,HGM12713,MGYG000001871,QAMX01,CAG-288,Succiniclasticum,UBA1390,CAG-45,GCA-900066755,UMGS1840
rep809_seed2834	HGM12998,RUG11247,Alloprevotella,Veillonella,CAG-917,Nitratidesulfovibrio,DUOT01,UMGS692,Veillonella_A,CAG-557,AM07-15,Sutterella,Bariatricus,UMGS1865,UBA11774,SFLA01,HGM11417,UMGS1613,Lawsonibacter,Butyricicoccus,Olsenella_B,UMGS1858,UMGS1484,MGYG000002797,MGYG000000350,UBA1181,Amedibacterium,CABIZH01,Eubacterium_F,Negativibacillus,Clostridium_P,Barnesiella,MGYG000000456,Ruminococcus,Massilimaliae,UMGS1670,Lactococcus,CAG-196,UBA9506,HGM11386,HGM13010,CAG-462,CAG-353,CAG-95,Campylobacter,F082
rep810_seed2835	UBA1711,Acinetobacter,CAG-56,Acetivibrio_A,Arabia,Olsenella_B,Phocea,CAG-411,Bacillus_J,Sporanaerobacter,Exiguobacterium,CAG-81,MGYG000002696,Eisenbergiella,QAKS01,Edwardsiella,Clostridium_AP,Clostridioides,Clostridium_F,Tidjanibacter,MGYG000002683,MGYG000000728,Enterococcus,MGYG000000456,UMGS1901,CAG-303,UMGS1858,UMGS2055,Eubacterium,Mobiluncus,Gordonibacter,MGYG000003270,MGYG000004850,Massilioclostridium,Superficieibacter,Bacteroides_F,CAG-884,UBA4716,Cetobacterium_A,Hafnia,PeH17,UMGS577,Akkermansia,MGYG000000745,Chimaeribacter,Arcanobacterium_A
rep811_seed2836	UMGS1933,Granulicatella,CAG-793,UMGS1004,Megamonas,UBA1191,Sneathia,Rothia,Ezakiella,Raoultella,MGYG000004556,Absicoccus,UBA9502,Mediterraneibacter_A,Peptoniphilus_B,UMGS1591,Fusobacterium_B,MGYG000004727,MGYG000004811,UBA5416,UMGS2055,UMGS1839,MGYG000004380,UBA3388,UBA3766,Peptoniphilus_A,NK3B98,Staphylococcus,UMGS599,CAG-302,Collinsella,MGYG000004061,Enterobacter_D,UMGS1688,HGM11416,RUG023,Fusobacterium_C,Anaerocolumna,HGM11501,OF09-33XD,Peptoniphilus_C,CABIZH01,UMGS680,UBA5394,Dorea_A,Ruminococcus_C
rep812_seed2837	UBA1181,Staphylococcus,Akkermansia,Phascolarctobacterium_A,UMGS1518,MGYG000003855,CAG-353,CAG-354,Salinicola,Pseudobutyrivibrio,CAG-460,Stenotrophomonas,BX12,UBA1829,SFGY01,Coprococcus,Superficieibacter,MGYG000002702,Dorea_A,Faecalibacterium,CAG-521,UMGS1783,MGYG000004133,Anaerosacchariphilus,MGYG000000346,HGM11525,HGM12650,UMGS1279,UBA7597,UBA644,NC2004,UMGS1224,Adlercreutzia,UMGS1690,Corynebacterium,Evtepia,Murimonas,Azonexus,UMGS731,RUG023,Clostridium_F,CAG-41,HGM11501,Neobacillus,HGM13634,CAG-495
rep813_seed2838	TWA4,Eubacterium_F,HGM12650,Mitsuokella,MGYG000004171,CAG-449,UMGS1590,Latilactobacillus,Pseudoruminococcus,UMGS1688,Exiguobacterium,Actinomyces,Mediterraneibacter_A,UMGS124,Faecalicoccus,CAG-582,Anaeroglobus,Ruminococcus_F,Veillonella,Sellimonas,Lancefieldella,SFLA01,CAG-353,UBA6984,UMGS1253,UMGS1810,Agathobacter,MGYG000000350,D5,Emergencia,Nitratidesulfovibrio,Bittarella,UMGS577,UMGS1975,F0040,Holdemania,HGM10836,Phocaeicola,Gastranaerophilus,CAG-1193,UMGS1472,MGYG000004547,CAG-452,CAG-110,Weimerbacter,HGM11616
rep814_seed2839	Turicibacter,HGM05232,UMGS1484,Robinsoniella,Paenibacillus,UMGS1901,CAG-451,Bacillus_J,UBA11940,Peptoniphilus_E,CAG-484,UBA3282,Brachyspira,Intestinimonas,UBA1390,Dielma,MGYG000004445,UBA1417,Zag111,UMGS1572,QAKS01,UBA6345,Porphyromonas_A,UMGS1591,Stomatobaculum,Olsenella_E,An172,SFJ001,Merdibacter,Phascolarctobacterium,Limosilactobacillus,SFDB01,MGYG000002075,CAG-110,HGM11575,Granulicatella,Psychrobacillus,CAG-390,SFDP01,Actinobaculum,UMGS911,Cloacibacillus,Anaerocolumna,Haemophilus,WG-1,Faecalicoccus
rep815_seed2840	43-108,Phoenicibacter,UBA4334,CAG-95,Psychrobacillus,RF16,Caecibacter,Flavonifractor,Eubacterium_I,Succinivibrio,UBA4871,MGYG000001871,Haemophilus,1XD42-69,UMGS1224,MGYG000002719,Acidaminococcus,Garciella,CAG-274,Criibacterium,QAMH01,UBA3263,HGM11514,UBA1417,UBA4644,Bacillus_J,Lactiplantibacillus,HGM11416,HGM14224,SFGY01,UMGS2055,UBA1181,PeH17,CAG-1000,Kallipyga,RUG420,Plesiomonas,Rahnella,UBA7160,UBA6398,QAMM01,Eubacterium_G,Intestinimonas,Faecalimonas,Weissella,NSJ-62
rep816_seed2841	Haemophilus,RC9,Extibacter,Mediterraneibacter_A,RUG420,UMGS1611,Granulicatella,QAMM01,Ligilactobacillus,UBA7185,UBA10281,MGYG000003297,UBA1685,MGYG000004445,Enterobacter,UMGS1590,HGM11616,MGYG000004811,Anaeroplasma,TM7x,Pseudomonas_E,Phascolarctobacterium_A,UBA1740,Massilimaliae,MGYG000000505,CABIZH01,Clostridium,Christensenella,Succinatimonas,HGM11523,Cloacibacillus,SFEL01,CAG-762,UMGS577,Veillonella_A,UCG-010,UMGS1251,SFDB01,Massilistercora,Ezakiella,UBA3388,CAG-841,PeH17,Alistipes,UMGS1397,Massilicoli
rep817_seed2842	Fusobacterium,UMGS1052,UBA7173,UMGS1766,UBA11471,RUG11198,CAG-145,Enterococcus_G,UMGS874,Selenomonas_C,MGYG000000390,Olsenella,HGM13010,RUG13868,CAG-710,Lactococcus,Collinsella,Stomatobaculum,UMGS1815,Phocaeicola,RUG11247,UMGS2055,Fusobacterium_B,CAG-594,Methanobrevibacter_A,Anaerostipes,Peptoniphilus_C,UMGS905,NSJ-50,CAG-917,Yokenella,Borkfalkia,MGYG000002216,F082,Terrisporobacter,CAG-103,UBA11512,JAAYBB01,HGM14224,Epilithonimonas,Lactonifactor,Alloscardovia,SFHK01,Pluralibacter,UMGS577,Peptoniphilus_B
rep818_seed2843	Neobittarella,Mobilibacterium,UMGS856,Weimerbacter,UMGS403,Scardovia,UMGS1225,Slackia,Lactiplantibacillus,MGYG000000350,MGYG000000745,MGYG000003270,MGYG000004112,UMGS75,MGYG000002702,Rubneribacter,UBA1206,Phoenicibacter,GCA-900066135,Arcanobacterium_A,UMGS1052,UBA10281,MGYG000003289,CAG-272,MGYG000000378,Coprococcus,Pseudoflavonifractor,HGM12789,MGYG000004556,TWA4,HGM11501,Muribaculum,Acetivibrio_A,Clostridium_P,Phocea,Alloprevotella,Methanosphaera,UBA4871,CAG-762,Dialister,Holdemanella,MGYG000004229,UMGS1487,Cronobacter,Pediococcus,Bacillus_A
rep819_seed2844	CABIZH01,Anaeromassilibacillus,UMGS911,Parvimonas,Lachnoclostridium_B,Hafnia,UBA7597,Gemella,UBA1786,Faecalibacillus,UMGS1858,KLE1615,UMGS1600,CAG-103,CAG-877,UBA1711,MGYG000004727,Acidaminococcus,Chimaeribacter,HGM11416,CAG-302,Olsenella_B,Robertmurraya,UMGS1933,UBA1685,UMGS1781,Eubacterium_J,Yersinia,Cronobacter,QANG01,CAG-628,UMGS2037,Campylobacter_B,CAG-521,Intestinimonas,UMGS1901,MGYG000002726,RUG11247,UBA9506,UMGS1810,F082,Agathobaculum,UBA9475,Marvinbryantia,Romboutsia,Lachnospira
rep820_seed2845	CAG-1427,Marseille-P3106,Leminorella,HGM11588,RUG14107,MGYG000000728,MGYG000002053,UMGS1572,Anaerosporobacter,Paenibacillus_A,UMGS1591,S5-A14a,Leclercia,CAG-485,Ruminococcus_E,QAMH01,CAG-217,Butyricicoccus,Stenotrophomonas,Longibaculum,Beduini,Eubacterium,HGM11808,Granulicatella,UBA940,UBA11471,Anaeroglobus,UBA5416,VUNI01,Roseburia,Lactococcus,HGM13862,UMGS1623,TF01-11,CAG-465,CAG-1193,CAG-288,UMGS1052,Anaeromassilibacillus,CAG-279,Prevotellamassilia,CAG-475,Peptoniphilus_B,UBA1409,Kallipyga,Coprobacillus
rep821_seed2846	UBA5920,UBA5416,UMGS1418,Lactococcus,Eikenella,CAG-632,UMGS75,UBA4855,Slackia_A,Mitsuokella,Klebsiella_A,Acinetobacter,UMGS1781,CAG-312,Collinsella,UBA9506,CAG-45,Parolsenella,Peptacetobacter,Mediterraneibacter,SFFS01,Massiliomicrobiota,HGM11368,QAMX01,Enterococcus_A,Coprobacter,UMGS1865,UMGS1225,UBA4871,NSJ-32,MGYG000004133,UBA11774,Firm-10,MGYG000000425,Negativicoccus,Staphylococcus,UBA6984,Acetatifactor,Phascolarctobacterium,Enteroscipio,UMGS2055,MGYG000002010,UBA5026,UMGS1690,Megasphaera,CACZQA01
rep822_seed2847	UBA7102,Atlantibacter,Coprococcus_A,Merdimonas,Eubacterium_T,Morganella,Weimerbacter,HGM11530,CAG-81,UMGS1322,UMGS599,UMGS1109,Faecalitalea,Anaerococcus,Prevotellamassilia,CAG-145,UMGS966,Corynebacterium,Neobittarella,QAMX01,Varibaculum,MGYG000004127,Clostridium,UMGS1474,MGYG000002075,UMGS692,HGM11523,Rikenella,Enterococcus_A,RUG100,CAG-873,UBA738,Roseburia,CAG-724,Lactobacillus,Clostridium_B,UMGS1491,Alloscardovia,UMGS1858,UMGS902,UMGS1600,HGM11507,RF16,UMGS1375,Faecalibacterium,Clostridium_J
rep823_seed2848	KM106-2,RUG806,UMGS1540,Massilicoli,CAG-274,Pseudomonas_E,HGM11616,HGM11521,UBA7488,CAG-302,Lactonifactor,UBA11774,F082,VUNI01,Exiguobacterium,GCA-900066495,UMGS1889,UMGS1633,UMGS1865,CAG-488,Dorea_B,MGYG000002797,Pediococcus,MGYG000004061,Coprobacillus,Rothia,Eubacterium_J,Corynebacterium,CAG-245,Clostridium_X,Robertmurraya,Anaerostipes,Anaeroglobus,Dysosmobacter,Brachyspira,GCA-900066905,HGM13634,Ligilactobacillus,MGYG000004094,RUG11247,Phocaeicola,Salmonella,UMGS1477,UMGS973,Pseudobutyrivibrio,Succiniclasticum
rep824_seed2849	SFHK01,Bruticola,UMGS1883,Pseudobutyrivibrio,HGM12669,Murimonas,CAG-274,Intestinibacter,UBA7185,Yokenella,Criibacterium,Lachnoanaerobaculum,CAG-964,Paenibacillus,HGM11588,CAG-510,MGYG000003289,QALS01,OF09-33XD,HGM12789,CAG-1427,UBA5884,CAG-145,UMGS1225,MGYG000002758,CAG-45,Anaerofustis,CAG-762,MGYG000001871,UBA738,CAG-1000,Finegoldia,Megasphaera,UMGS1279,HGM11327,HGM12814,MGYG000004547,Latilactobacillus,MGYG000003970,F0422,Roseburia,Paramuribaculum,UBA1417,HGM11417,MGYG000002010,Stenotrophomonas
rep825_seed2850	Coprobacillus,Ruthenibacterium,Eubacterium_I,UBA7185,Schaedlerella,UMGS1397,Cronobacter,MGYG000002719,An181,Fusobacterium_C,SFJ001,Dielma,Vibrio,UMGS1540,Leminorella,Fusobacterium_B,UBA1417,RUG13868,UMGS1537,MGYG000003289,Chimaeribacter,CAG-417,Bilophila,GCA-900066135,Massiliomicrobiota,RQCD01,Anaerobutyricum,Massilimaliae,Alistipes_A,CAG-793,CAG-451,CAG-288,UBA1822,UBA7488,GCA-900066905,MGYG000000674,TWA4,Clostridium_N,CAG-194,Phil1,Succiniclasticum,Ralstonia,Yersinia,Clostridium_X,Fournierella,Romboutsia
rep826_seed2851	UMGS1889,SFFS01,RUG12045,HGM11327,Stenotrophomonas,Lawsonibacter,HGM11616,Amulumruptor,Anaerostipes,Plesiomonas,Fenollaria,MGYG000003289,CAG-964,UMGS1858,UBA9506,UBA1206,Haemophilus,CAG-448,Duodenibacillus,CAG-521,Hungatella_A,UMGS1490,UBA4855,UBA6984,Pyramidobacter,MGYG000002758,Aeromonas,MGYG000004604,CAG-465,MGYG000004380,Clostridium_A,TWA4,UMGS1810,UMGS1696,HGM13233,UBA3402,Lactococcus,Dorea,CAG-484,CAG-475,MGYG000004556,Brachyspira,Nitratidesulfovibrio,Johnsonella,MGYG000004133,Anaerotignum
rep827_seed2852	HGM12814,Eggerthella,Paraeggerthella,Akkermansia,QALR01,CAG-180,OF09-33XD,UBA1181,Mediterraneibacter_A,Veillonella_A,UBA1394,UMGS1225,Oxalobacter,AM51-8,Faecalimonas,Clostridium,CAG-495,CAG-582,F082,UMGS874,Bittarella,NSJ-63,RUG115,MGYG000000505,NSJ-38,Dorea,UMGS1388,UBA1740,Duncaniella,CAG-521,HGM13862,Aggregatibacter,Haemophilus,Raoultibacter,HGM11507,UBA9414,CHH4-2,51-20,Butyrivibrio_A,Sodaliphilus,Eubacterium_I,Selenomonas_A,CAG-41,Phoenicibacter,UMGS1572,Arcanobacterium_A
rep828_seed2853	MGYG000004112,Collinsella,CAG-83,Enterococcus_C,CAG-313,Dorea_B,Leuconostoc,UMGS1633,CAG-793,S5-A14a,UMGS1668,Anaerotruncus,UMGS1109,MGYG000004556,MGYG000004874,Olsenella_E,Neobittarella,SFMI01,Bacilliculturomica,Ruminococcus_C,Ralstonia,CAG-317,V9D3004,Massilicoli,Prevotellamassilia,UMGS966,UBA1752,Paenibacillus,CAG-354,Ruminococcus_B,CAG-411,Borkfalkia,CAG-312,Peptoniphilus_C,UMGS1603,MGYG000000350,UBA6984,CAG-492,CAG-81,UMGS2055,Desulfovibrio,CAG-273,UMGS1613,Dorea,Akkermansia,GCA-900066905
rep829_seed2854	Angelakisella,SFJ001,UMGS1387,Eisenbergiella,SFGY01,D5,Campylobacter_A,COE1,UMGS731,Faecalibacterium,UBA6984,Muribaculum,Olsenella_B,CAG-762,HGM11523,RUG14107,Sneathia,UMGS1338,Aggregatibacter,VUNI01,Streptococcus,GCA-900066905,Gabonibacter,CAG-170,Enteroscipio,Providencia,Coprococcus_A,Pseudomonas_R,UMGS1839,Anaeroglobus,Olsenella_E,Eubacterium_F,UMGS1370,Lactonifactor,Hungatella,Eubacterium_J,CAG-302,Acidovorax,Peptoniphilus_B,Fournierella,SFDP01,Klebsiella_A,CAG-793,MGYG000001871,Vibrio,Neisseria
rep830_seed2855	Merdibacter,Methanobrevibacter_A,Arabia,UBA3631,Merdimonas,UBA10281,UMGS1864,MGYG000004850,UBA1829,Borkfalkia,CAG-83,Paraclostridium,Selenomonas_A,RUG806,Enorma,Slackia,Mediterraneibacter,Eggerthella,BX12,UBA7160,CAG-452,CAAHEQ01,Eubacterium_T,UBA7173,QALR01,Exiguobacterium,CAG-302,Oxalobacter,Kluyvera,VSOB01,SFFH01,CAG-488,CAG-145,Lactonifactor,Anaerobutyricum,Leuconostoc,MGYG000002010,Cetobacterium_A,Kallipyga,UMGS1590,CAAEEV01,Bulleidia,Marvinbryantia,CAG-617,Murimonas,Rubneribacter
rep831_seed2856	1XD42-69,UBA2883,UBA5920,Epilithonimonas,Faecalimonas,UBA4716,UBA1737,Lactiplantibacillus,UBA3402,UMGS1370,MGYG000000587,CAG-274,Alterileibacterium,HGM11327,UBA4855,HGM11372,UMGS1613,Bacillus_A,RUG131,Lactococcus_A,Olsenella_B,Vibrio,Garciella,QALW01,Clostridium_A,Sellimonas,UBA1711,Paenibacillus,SFHK01,MGYG000003490,Blautia_A,UMGS929,Bulleidia,UMGS75,Acetivibrio_A,UBA7597,Massilicoli,Campylobacter,HGM12814,SFEL01,MGYG000004660,UBA7057,Eubacterium_G,UBA4334,F082,Succinivibrio
rep832_seed2857	F23-B02,Yersinia,UMGS1253,Kosakonia,Scardovia,UBA1417,UMGS1889,NSJ-61,Hungatella_A,UMGS1690,Leminorella,UMGS1472,UBA3263,CAG-288,UBA10281,Brachyspira,Enterococcus_B,S5-A14a,UMGS1858,Clostridioides,RUG13868,MGYG000004547,Phascolarctobacterium_A,Leptotrichia,An172,MGYG000002702,Pediococcus,Mailhella,AM07-15,Rikenella,Leuconostoc,UMGS1293,Faecalitalea,MGYG000003490,Weimerbacter,CAG-317,RUG806,Lactiplantibacillus,UMGS1384,Hungatella,TF01-11,UMGS1202,Dysgonomonas,UBA4372,CAG-724,Stenotrophomonas
rep833_seed2858	CAG-302,UMGS1976,MGYG000002702,Yersinia,MGYG000002075,RUG410,Faecalimonas,MGYG000003490,UMGS1572,Peptococcus,Olsenella_B,MGYG000000745,CAG-465,UBA10677,Bacteroides,SFFS01,UMGS1826,UMGS1537,Enterobacter,UMGS268,CAG-81,Bacillus_J,CAG-314,UMGS680,UMGS1540,Parasutterella,OF09-33XD,Eubacterium_R,MGYG000002696,Arabia,Citrobacter,Coprococcus_A,Psychrobacillus,Firm-07,Cutibacterium,Coprococcus,Arcanobacterium_A,CAG-877,Frisingicoccus,CAG-1000,Peptacetobacter,Bruticola,Acetivibrio_A,Plesiomonas,UMGS1613,Methanomassiliicoccus_A
rep834_seed2859	UMGS1375,UMGS1601,UMGS731,MGYG000003305,Eubacterium_M,Oscillibacter,CAG-274,UMGS1611,Pseudomonas_R,CAG-83,Romboutsia,Salinicola,Christensenella,Pyramidobacter,Allisonella,Caecibacter,MGYG000002683,Olsenella_B,Anaerobutyricum,RUG11200,UMGS577,CAG-460,MGYG000004874,UMGS1388,HGM13010,HGM11788,AM51-8,Eubacterium_G,UMGS1477,Massilioclostridium,Aggregatibacter,UMGS1858,CAG-492,Garciella,Lacrimispora,Anaerofustis,Butyrivibrio_A,UMGS1225,Lacticaseibacillus,Campylobacter_A,CAG-475,UMGS1322,UBA11774,SCN-57-10,AM07-15,NSJ-63
rep835_seed2860	UBA1820,Gordonibacter,CAG-603,NSJ-63,UMGS905,UBA1417,UBA2883,UBA9414,MGYG000002696,UBA1234,RC9,SFTJ01,CAG-877,UMGS1865,UMGS1851,UBA1394,MGYG000003297,CAAHEQ01,UMGS1820,Pseudomonas,UBA1409,Porphyromonas,UMGS1613,Stomatobaculum,Alloscardovia,UMGS1880,UBA1711,Bilophila,UMGS1663,SFLA01,CAG-217,Desulfovibrio,Clostridium_J,UMGS1387,HGM12789,UMGS1668,Pluralibacter,QAKW01,CAG-196,UBA11517,UMGS731,UMGS2055,Weissella,CAG-510,AM07-15,CAG-1031
rep836_seed2861	Intestinimonas,Veillonella_A,MGYG000003289,UBA3766,MGYG000003305,Megasphaera,Anaerofustis,Emergencia,CAG-510,UBA1394,Finegoldia,Enterococcus_A,HGM13006,Peptostreptococcus,CAG-127,UMGS1590,Ruminococcus_F,Phocaeicola,Campylobacter,MGYG000004874,SCN-57-10,Longicatena,UMGS1518,CAG-533,CAG-484,HGM11523,CAG-882,UMGS1976,CAG-460,UBA7057,Amedibacillus,NK4A136,CAAEEV01,QAMM01,UBA1181,UMGS1477,CAAHEQ01,UBA3402,CAG-884,UBA1711,MGYG000004029,Porphyromonas,Erysipelatoclostridium,Enterococcus_C,SFMI01,Beduini
rep837_seed2862	CAG-354,F0040,UMGS1004,MGYG000004445,HGM11808,Pradoshia,MGYG000000387,Stoquefichus,CAG-632,UBA7057,Lawsonella,Emergencia,43-108,Azonexus,UBA1691,Fannyhessea,CAG-1031,CAG-533,Lentilactobacillus,Ruminococcus_A,Longicatena,Haemophilus,UMGS874,MGYG000003297,CAG-762,MGYG000002797,MGYG000004094,Coprobacter,Borkfalkia,MGYG000004229,HGM11327,UBA5809,Negativicoccus,UBA3282,Fusobacterium,Haemophilus_D,UMGS1322,Streptococcus,UMGS1668,Ruminococcus_F,Fusobacterium_C,MGYG000000425,HGM14224,UMGS1591,Pseudescherichia,CAG-1024
rep838_seed2863	SFJ001,UMGS124,Klebsiella,UMGS2037,Phil1,Angelakisella,UMGS403,CAAHEQ01,UMGS1540,UMGS1384,RUG131,Lactiplantibacillus,UMGS1322,Pseudomonas_E,Fusicatenibacter,CAG-217,Citrobacter_A,Dialister,V9D3004,Massilioclostridium,HGM11386,UMGS1781,Gastranaerophilus,UMGS1901,HGM12957,Fournierella,Actinobaculum,Marseille-P3106,RUG806,UMGS1975,HGM11501,CAG-495,Enterococcus,HGM12650,Lachnoclostridium,UBA4716,Ezakiella,QALS01,CAG-127,Clostridium_B,UMGS263,Moellerella,RUG100,Massilicoli,UMGS1484,UBA1409
rep839_seed2864	Fusobacterium,F0040,CAG-317,UBA2856,CAG-272,Paraeggerthella,Peptococcus,NC2004,CAG-603,Fournierella,Catenibacterium,UBA866,TM7x,Lachnoclostridium_B,CAG-917,UMGS1225,Eggerthella,VSOB01,RUG11200,Mobilibacterium,Pseudomonas,Extibacter,UMGS1384,GCA-900066495,Pyramidobacter,CAG-762,Enteroscipio,Peptoniphilus_C,AF33-28,Enterococcus_D,Lawsonella,CAG-41,1XD42-69,AM51-8,Lawsonibacter,Citrobacter_B,DTU089,UBA1731,Dysosmobacter,Lactobacillus,UMGS1688,Parolsenella,RF16,UMGS902,RUG472,Dielma
rep840_seed2865	Evtepia,CAG-841,VUNA01,Harryflintia,Beduini,UBA6382,CAG-110,CAG-279,Longicatena,Akkermansia,Methanosphaera,Negativibacillus,Vibrio,TM7x,Fenollaria,HGM12998,Eubacterium_T,Pediococcus,UBA3766,UBA5809,Faecalibacillus,UBA3282,MGYG000000286,SFFS01,S5-A14a,MGYG000002758,SFEL01,Clostridium,Christensenella,QAKW01,Robinsoniella,Gemella,UMGS1312,Lachnoclostridium,UBA2856,Succinivibrio,UBA1737,Enterobacter_A,RUG13868,UBA1232,MGYG000001953,CAG-56,HGM05232,Lysinibacillus,NSJ-38,RUG472
rep841_seed2866	Parolsenella,CAG-460,Catenibacillus,UMGS1472,CAG-56,UBA1206,CAG-354,Lachnoanaerobaculum,CAG-115,Proteus,UMGS1071,UMGS363,HGM11501,HGM12789,CAG-510,Gordonibacter,HGM12814,MGYG000003297,Pseudomonas_E,Clostridium_B,AM07-15,Garciella,Peptostreptococcus,Rahnella,CAG-127,UBA5884,Bruticola,F082,RUG11198,CAAEEV01,Oxalobacter,UBA7185,Arcanobacterium_A,Muribaculum,UMGS856,Ruminococcus_D,MGYG000000587,CAG-269,Pantoea,MGYG000000505,CAG-793,UMGS1901,NSJ-62,MGYG000004445,UBA5809,UBA3818
rep842_seed2867	Mobilibacterium,UBA1685,AF33-28,Catenibacterium,Pluralibacter,Caecibacter,Adlercreutzia,MGYG000004061,Pantoea,Desulfovibrio,UMGS1603,CAG-791,UMGS1225,Treponema_D,Haemophilus_A,UMGS1388,Fannyhessea,Amedibacterium,CAG-279,UMGS1338,Eubacterium,Aeromonas,Enterococcus_C,Ruminococcus_A,Mediterraneibacter_A,Faecalimonas,UBA6382,UBA7702,Butyricicoccus,SFDB01,Rikenella,DTU089,Haemophilus,Faecalicoccus,Eubacterium_R,CAG-822,Alistipes,Rothia,Bacillus_J,Murimonas,Corynebacterium,Dielma,UMGS1537,Paenibacillus_A,UMGS1623,VSOB01
rep843_seed2868	Barnesiella,UMGS1487,Clostridium_N,CAG-485,Lancefieldella,Anaerococcus,Fusobacterium_B,UBA5026,UMGS1279,CAG-194,Bilophila,Ruminococcus_F,UBA3402,MGYG000000390,Butyricicoccus_A,Amedibacillus,KM106-2,Stoquefichus,MGYG000002010,Eubacterium_J,MGYG000000286,Megasphaera,CAG-448,CAG-417,UMGS1537,UMGS1225,Bruticola,Epilithonimonas,DTU089,UMGS1840,UMGS2055,Enterococcus,UMGS1826,Salinicola,Anaerotruncus,Rahnella,Bariatricus,Enterobacter_A,QAMM01,MGYG000003289,Haemophilus,Bittarella,UMGS416,UMGS1307,HGM13233,MGYG000001903
rep844_seed2869	CABIZH01,Ruminococcus_B,Salinicola,Anaeroglobus,UBA4285,UBA2821,Tidjanibacter,UBA1234,UMGS1633,MGYG000004172,Fenollaria,Clostridium_Q,Schaedlerella,Rothia,Treponema_D,UBA1740,UMGS1326,Porphyromonas,UBA9506,Lacticaseibacillus,UBA2856,CACZQA01,Clostridium_AQ,UBA1390,CAG-590,UMGS1474,NSJ-61,Clostridium_J,Hydrogeniiclostridium,Alloscardovia,Escherichia,S5-A14a,CAG-1031,Prevotella,MGYG000004177,Barnesiella,Ruminococcus,UBA4644,Enterococcus_A,MGYG000003305,UBA3282,Clostridium_AP,CAG-353,Oribacterium,Harryflintia,CAG-273
rep845_seed2870	Johnsonella,Ruminococcus_D,UMGS124,UBA866,UBA2856,Fannyhessea,Enterobacter_A,UMGS973,HGM12669,Phoenicibacter,SFTJ01,Coprobacillus,HGM11368,Escherichia,HGM13222,Arcanobacterium_A,CHH4-2,UBA9414,RF16,Enorma,CAG-103,Kosakonia,HGM12814,Klebsiella_A,UMGS1880,Absicoccus,Enterococcus_C,Duncaniella,UMGS1815,MGYG000000425,Ruthenibacterium,Lactonifactor,HGM12587,MGYG000000378,Peptococcus,Prevotellamassilia,HGM11514,UBA7057,Faecalibacterium,UMGS1766,UBA6398,UMGS1864,HGM12957,UBA644,Massilistercora,Prevotella
rep846_seed2871	Leminorella,Coprococcus_A,UBA9414,Romboutsia,Methanobrevibacter_A,UBA7488,Eggerthella,Barnesiella,Alloprevotella,Oribacterium,MGYG000004556,CAG-194,Pyramidobacter,Phascolarctobacterium,Peptoniphilus_B,UBA4716,UMGS1572,Olsenella,Pseudescherichia,Slackia,CAG-353,Eubacterium_J,Butyrivibrio_A,UMGS1253,HGM12789,Aneurinibacillus,UBA7173,Pygmaiobacter,UMGS1052,SFDB01,UMGS874,Brachyspira,Vibrio,Parolsenella,UBA866,Merdibacter,Citrobacter_B,Haemophilus_A,UBA1181,UBA1752,HGM12998,HGM11521,NSJ-63,CAG-451,Providencia,CAG-632
rep847_seed2872	Pseudobutyrivibrio,Clostridioides,UMGS1279,Ruminococcus_D,An92,CAG-882,Paraprevotella,Absicoccus,Gemella,Methanosphaera,QAMM01,CAG-632,SFGY01,CAG-484,Robinsoniella,Franconibacter,UMGS1375,UBA5905,MGYG000000286,Duodenibacillus,HGM13634,AM51-8,DUOT01,Turicimonas,TM7x,SFVR01,UBA866,Lachnoclostridium_B,UBA1752,CAG-56,Ruthenibacterium,Hungatella,Pseudoruminococcus,MGYG000004660,Amedibacterium,Cloacibacillus,UBA4644,UBA10281,MGYG000002685,MGYG000000587,MGYG000003289,Exiguobacterium,Fannyhessea,Robertmurraya,RUG131,Caproiciproducens
rep848_seed2873	HGM11416,MGYG000000425,CAG-451,Caproiciproducens,HGM11417,CAG-303,MGYG000004229,Faecalibacillus,RUG806,UMGS1611,UBA5026,CAG-170,UBA5884,CAG-194,Dorea_A,CAG-238,Phocea,CAG-180,Raoultella,CAG-115,ER4,Faecalibacterium,MGYG000004380,JAAYBB01,Evtepia,UMGS1858,UBA1731,Slackia_A,UMGS1880,Parabacteroides,UMGS1864,UMGS946,MGYG000003305,Ruminiclostridium_E,Desulfovibrio,UMGS1002,V9D3004,MGYG000000346,Companilactobacillus,UMGS1883,UMGS403,Intestinimonas,Anaerobutyricum,MGYG000000745,MGYG000004171,Pseudomonas
rep849_seed2874	Odoribacter,Psychrobacillus,MGYG000000587,PeH17,Rubneribacter,UBA5446,Romboutsia,Enterobacter,Fusobacterium_B,Ruminococcus_A,Anaerosalibacter,RQCD01,CAG-510,UBA3388,CAG-484,Senegalimassilia,MGYG000004443,Merdimonas,CAG-269,DTU089,Clostridium_J,CAG-273,Eubacterium_F,CAG-873,CAG-354,Dysosmobacter,Ruminococcus_F,UMGS1781,Sutterella,MGYG000000286,Acetivibrio_A,CAG-349,Arcanobacterium_A,Bacilliculturomica,MGYG000000674,CAG-194,Amedibacillus,CAG-279,UMGS874,QAKS01,Campylobacter,NSJ-32,Streptococcus,UMGS1696,QAMH01,CAG-1031
rep850_seed2875	BX12,Escherichia,UMGS1865,UMGS1858,CAG-882,Peptacetobacter,MGYG000004660,Roseburia,CAG-488,Faecalicoccus,UBA1390,CAAHEQ01,Caecibacter,CAAEEV01,Chimaeribacter,UBA1829,UMGS1004,Lawsonibacter,Hydrogeniiclostridium,UBA1259,UMGS929,MGYG000002685,Exiguobacterium,Klebsiella,Evtepia,RUG11247,CAG-485,UBA11524,Faecalimonas,UBA1685,Christensenella,Neobittarella,UBA1752,UMGS1783,Anaerosporobacter,UMGS1633,Pediococcus,UMGS905,UMGS680,UMGS1864,UMGS1540,UMGS1688,Pygmaiobacter,Paenibacillus,UBA6398,UMGS1397
rep851_seed2876	OM05-12,UBA1232,Borkfalkia,UBA738,CAG-462,UBA11517,CAG-594,Staphylococcus,CAG-180,UBA5809,UMGS1668,MGYG000002685,Massilimaliae,HGM12998,UMGS1603,HGM13634,Massilistercora,UMGS363,UMGS1880,HGM11788,HGM04593,HGM11530,Lagierella,Dysgonomonas,UMGS1387,RUG100,Pediococcus,CAG-841,Criibacterium,HGM14224,Cellulosilyticum,UMGS946,MGYG000000425,Leclercia,UMGS1326,SFFH01,Alistipes,HGM11525,UMGS1225,Limosilactobacillus,F082,Providencia,Terrisporobacter,CAG-475,CAG-390,Catenibacillus
rep852_seed2877	QAMH01,Coprobacter,Massiliomicrobiota,Phytobacter,UMGS1375,CAG-484,PeH17,UMGS577,Pradoshia,Nitratidesulfovibrio,UBA5394,Kallipyga,Peptacetobacter,UMGS1279,Peptococcus,MGYG000001953,Plesiomonas,Alloprevotella,SFDB01,Slackia,UMGS1307,HGM05232,Paenibacillus_A,Lachnoclostridium_A,Christensenella,Serratia,HGM11588,CAG-313,Merdimonas,RUG14107,UMGS1293,Oribacterium,UMGS1312,Hungatella_A,Selenomonas_C,Marseille-P3106,UBA1691,Alloscardovia,Lachnoclostridium_B,UBA1191,NSJ-50,CAG-314,Clostridium_J,Dorea_B,An92,UMGS599
rep853_seed2878	Pygmaiobacter,UBA6345,CAG-449,UBA4855,Dysosmobacter,SFDP01,RUG12045,UMGS731,CAG-460,Aeromonas,Allisonella,UBA2856,MGYG000002053,Duodenibacillus,UMGS2016,Merdibacter,MGYG000000286,AF33-28,Rothia,UMGS2055,Serratia,CAG-1031,RF16,Lachnoclostridium_A,CAG-582,UMGS1766,Adlercreutzia,Massilimaliae,UBA1685,UC5-1-2E3,CAG-462,QAKS01,MGYG000002702,NSJ-32,Romboutsia,HGM13006,UMGS1202,UBA7488,UBA1191,Raoultibacter,CAG-1427,Leminorella,Cutibacterium,UBA644,MGYG000000505,Mediterraneibacter
rep854_seed2879	CAG-873,UBA6345,Lacrimispora,Marseille-P4683,UMGS1202,UMGS1933,CAG-460,Mitsuokella,UBA11517,CAG-465,UMGS1387,CAG-724,Phocea,Lawsonella,JAAYBB01,Lachnoanaerobaculum,CAG-841,UMGS1611,UMGS680,Proteus,Acidovorax,Brachyspira,Dorea_A,MGYG000002053,Pseudescherichia,UBA3818,HGM11588,UBA636,Coprococcus,SCN-57-10,HGM11507,CAG-475,Actinomyces,CAG-762,HGM12814,QALS01,Oscillibacter,UBA1181,Enterobacter_A,Marseille-P3106,F082,Longicatena,UMGS911,Anaerosporobacter,UBA3631,Alistipes_A
rep855_seed2880	MGYG000002075,Parvimonas,Fenollaria,Salmonella,Enteroscipio,CAG-724,HGM13618,CAG-1031,OF09-33XD,UBA2821,CAG-488,UBA4285,Roseburia,UBA3631,Anaerosporobacter,Campylobacter_B,MGYG000002575,UMGS1815,Leminorella,CAG-273,UMGS1826,Erysipelatoclostridium,NSJ-50,CAG-274,MGYG000000346,CAG-452,SFMI01,CAG-245,MGYG000004029,Ruminococcus_G,HGM11521,Peptoniphilus_E,Yokenella,Varibaculum,Allisonella,Yersinia,Enterococcus_D,MGYG000002726,AF33-28,UBA1181,UMGS1370,MGYG000004556,Scardovia,Schaedlerella,UBA9475,UMGS1397
rep856_seed2881	Faecalibacterium,HGM11368,Butyricicoccus_A,UMGS1901,Evtepia,Firm-11,CAG-303,Aggregatibacter,UMGS1472,Rubneribacter,Enterocloster,Scardovia,UMGS1375,UMGS268,UBA738,Epilithonimonas,UMGS902,Eggerthella,Klebsiella_A,UMGS1864,NK4A136,Absicoccus,QALR01,UMGS1251,Franconibacter,QALS01,UMGS882,MGYG000003970,UBA9475,UBA7057,Alterileibacterium,RUG705,SCN-57-10,RUG420,Intestinibacter,Amulumruptor,Paraeggerthella,Robertmurraya,Peptoniphilus_A,HGM11507,CAG-95,AF33-28,MGYG000000505,Clostridium_P,Ruminococcus_C,SFFS01
rep857_seed2882	Absicoccus,Ligilactobacillus,SFVR01,Clostridium_AP,Clostridium_A,MGYG000000387,MGYG000000728,UBA11940,Marseille-P3106,UBA9506,Massilistercora,Akkermansia,UMGS1540,Pluralibacter,UBA1820,MGYG000002797,D5,UBA1191,TF01-11,MGYG000002685,UMGS1820,Borkfalkia,Enterococcus_A,Brachyspira,HGM11368,Veillonella_A,UBA3818,Enorma,Ruthenibacterium,PeH17,UBA11512,MGYG000000350,UMGS1590,GCA-900066135,UMGS1611,Cloacibacillus,QAKW01,CAG-590,UMGS1225,Allisonella,Harryflintia,Prevotella,Haemophilus,Enterocloster,Bacilliculturomica,Clostridium_B
rep858_seed2883	UBA3402,CAG-95,Rahnella,Bilophila,UBA3388,MGYG000000574,UCG-010,Ruminococcus_E,UMGS1384,Clostridium_F,CAG-557,MGYG000002719,CAG-273,Ruminococcus_D,UBA2821,JAAYBB01,Dielma,MGYG000003297,Bariatricus,Ruthenibacterium,Pradoshia,UBA5446,Eubacterium_J,SCN-57-10,UMGS1241,HGM11523,Coprococcus_A,Finegoldia,Enterococcus_B,UBA2882,MGYG000000456,MGYG000000505,UMGS1253,An172,MGYG000000587,Citrobacter_A,CAG-917,Massilicoli,MGYG000004127,CAG-533,Lachnoanaerobaculum,Campylobacter_A,Clostridium_AP,MGYG000004556,Murimonas,NK3B98
rep859_seed2884	Coprococcus,TF01-11,SFMI01,CAG-411,CAG-822,Acidaminococcus,UMGS1901,UBA5394,Clostridium_J,UMGS1872,Bacillus_J,UMGS1889,Lancefieldella,Faecalibacterium,Acinetobacter,MGYG000000425,Fusobacterium_B,UMGS403,MGYG000004061,Butyricicoccus_A,MGYG000004229,Haemophilus_A,HGM12669,UC5-1-2E3,UMGS1052,Kosakonia,UMGS1795,MGYG000004660,Methanomassiliicoccus_A,CAG-95,UBA7102,CABIZH01,Selenomonas_C,CAG-56,Coprococcus_A,UBA10677,MGYG000003945,Anaerosacchariphilus,UMGS1338,Klebsiella,UMGS1241,Clostridium,UMGS268,UMGS1663,MGYG000003490,Faecalimonas
rep860_seed2885	HGM11616,SFMI01,UMGS1491,VUNI01,Anaerococcus,Lachnospira,NSJ-62,Schaedlerella,MGYG000002719,CAG-95,CAG-631,UBA1829,Flavonifractor,Succinivibrio,Acinetobacter,HGM11368,MGYG000000286,Citrobacter_A,HGM11808,UMGS1490,Romboutsia,Bittarella,UBA1786,CAG-582,CAG-603,NSJ-61,CAG-724,Parabacteroides,MGYG000003305,UBA1232,SFLA01,MGYG000004811,HGM11327,Oribacterium,MGYG000004850,UBA6398,CAG-274,Acidaminococcus,Butyricimonas,Murimonas,Mitsuokella,Succinatimonas,CAG-492,Olsenella_E,CAG-417,TM7x
rep861_seed2886	Mixta,Firm-07,MGYG000004229,MGYG000004727,NK4A136,Enterobacter_D,UBA738,Zag111,CAG-302,UMGS1781,UMGS1633,Neisseria,RUG115,HGM04593,NC2004,Succinivibrio,UBA940,Ruminococcus_F,Enterococcus,CAG-194,Kluyvera,Klebsiella,Rothia,Absicoccus,Massilistercora,QAKD01,Peptoniphilus_C,Roseburia,UMGS268,UMGS1491,Stenotrophomonas,Rikenella,RUG420,CAG-882,Mitsuokella,MGYG000004850,Massilimaliae,HGM13006,CAG-495,Bruticola,UMGS1253,SFDB01,HGM13010,Oscillibacter,Peptococcus,Mediterraneibacter
rep862_seed2887	UBA1786,UMGS1491,Barnesiella,UBA866,MGYG000004171,An92,Latilactobacillus,UMGS1572,RUG11198,HGM13634,UBA7597,Rahnella,CAG-884,Acinetobacter,UBA4334,UBA7182,UMGS1976,UBA11517,Actinobaculum,Aeromonas,UMGS263,Peptoniphilus_A,Blautia_A,Negativicoccus,Lawsonella,Dysgonomonas,Kluyvera,CAG-492,An181,Vibrio,Dorea_B,MGYG000002216,UBA1820,MGYG000004604,Phil1,WRGP01,UBA644,Dysosmobacter,UMGS874,MGYG000002719,UBA5394,F0422,QAMX01,CACZQA01,Selenomonas_A,D5
rep863_seed2888	Escherichia,Slackia,CAG-791,Bacillus_A,SFHK01,MGYG000000390,MGYG000004127,SCN-57-10,Garciella,Akkermansia,Longicatena,HGM13222,Companilactobacillus,Clostridium_AQ,Pseudomonas,Bacteroides_F,Lagierella,Ralstonia,Dorea_A,Succiniclasticum,CAG-710,Turicibacter,MGYG000002683,CAG-724,Varibaculum,MGYG000001903,UMGS1670,SFFH01,NSJ-63,Finegoldia,MGYG000002010,Pluralibacter,CAG-279,Caecibacter,UBA11471,MGYG000002702,Peptoniphilus_E,CAG-354,UBA1786,Megasphaera,Neobittarella,Romboutsia,Cedecea,HGM11523,CAG-632,Gabonibacter
rep864_seed2889	Ralstonia,CAAEEV01,MGYG000004660,43-108,HGM12713,CAG-449,Clostridium,UMGS1487,CAG-475,Latilactobacillus,CAG-594,HGM11521,Exiguobacterium,Anaerococcus,MGYG000000674,RQCD01,Agathobaculum,Longicatena,Hungatella_A,Clostridium_P,Hafnia,CAG-628,KLE1615,MGYG000002685,Blautia,Intestinimonas,Turicibacter,UMGS2016,Dorea_A,Porphyromonas_A,Fannyhessea,Succiniclasticum,Fenollaria,UBA7702,MGYG000004445,Angelakisella,Bittarella,UMGS1384,QALW01,MGYG000004850,CAG-273,CAG-492,Anaeroglobus,Rothia,UMGS1312,CAG-1427
rep865_seed2890	QANG01,UMGS1326,HGM11372,UMGS1052,Proteus,Klebsiella,MGYG000004727,CAAHEQ01,Rubneribacter,Christensenella,UBA7173,Morganella,UBA2821,UMGS1253,UMGS1225,Sodaliphilus,UBA940,HGM11530,UMGS1933,KLE1615,MGYG000004604,Sporanaerobacter,Eubacterium_G,Bittarella,CAG-145,UBA738,UBA4334,HGM10836,Marseille-P3106,Chimaeribacter,Peptoniphilus_E,Actinomyces,Stoquefichus,Pyramidobacter,QAMX01,Amedibacterium,CAG-590,Mobilibacterium,UBA1206,CAG-45,Eubacterium_M,Massilioclostridium,Enteroscipio,UBA1711,Ruminococcus_E,UBA1234
rep866_seed2891	Phil1,UBA7102,Holdemanella,UBA2821,Stomatobaculum,Intestinibacter,Weimerbacter,MGYG000000390,Odoribacter,UBA2882,CAG-353,Varibaculum,CAG-521,CAG-314,F0040,Epilithonimonas,CAG-594,CAG-873,Aneurinibacillus,UMGS2037,Enorma,UBA6382,UMGS1688,QAKW01,HGM11575,Fannyhessea,Faecalibacillus,Exiguobacterium,Peptoniphilus_C,UBA5920,RUG420,Olsenella_B,UMGS1387,HGM11523,UMGS1477,Murimonas,MGYG000004660,Lactococcus_A,TM7x,UBA5026,MGYG000002216,Firm-11,UBA3766,SFDB01,Cutibacterium,Selenomonas_C
rep867_seed2892	Parolsenella,UBA6984,Phil1,Mixta,Flavonifractor,S5-A14a,Campylobacter_A,UMGS1840,Firm-11,Allisonella,Serratia,CAG-302,Mesosutterella,Fusobacterium_A,Eubacterium_G,Veillonella_A,CAG-791,CAG-83,UMGS1441,Lentilactobacillus,RUG420,MGYG000000574,Eikenella,CAG-1000,Citrobacter_A,UMGS1071,UBA4285,UBA1232,Pseudobutyrivibrio,Anaerosacchariphilus,NC2004,Amulumruptor,ER4,Bacteroides_F,UBA9506,Corynebacterium,UMGS1002,VUNA01,UBA3766,Providencia,Raoultella,Amedibacillus,UMGS1224,UBA7057,Scardovia,UMGS124
rep868_seed2893	GCA-900066905,Ruminococcus_E,CAG-115,CAG-485,Bacillus_A,UBA1181,Aneurinibacillus,Negativibacillus,UBA737,Morganella,CAG-724,HGM12587,UMGS1851,Eubacterium_M,UBA1390,Monoglobus,MGYG000004445,HGM10836,UBA1259,HGM11788,Paraprevotella,CAG-492,CAG-145,Faecalimonas,UMGS1611,RUG11247,Moellerella,HGM11530,UBA11940,MGYG000000378,CAG-411,Lachnoclostridium,Alterileibacterium,UBA3263,Ruminococcus_B,Bariatricus,UMGS1826,Adlercreutzia,UMGS1472,Oxalobacter,Longicatena,Clostridium_B,Bacillus_J,Ruminiclostridium_E,UBA4372,SFFS01
rep869_seed2894	UMGS1202,Bacillus_J,Neobacillus,RUG420,CAG-81,Rubneribacter,UBA11774,Harryflintia,Angelakisella,Granulicatella,UBA2821,Butyricimonas,MGYG000002726,Providencia,Intestinibacter,CAG-349,CAG-521,F0422,UMGS1840,UMGS1004,Enterococcus_D,Robertmurraya,HGM11507,Bacilliculturomica,HGM11588,HGM12814,SFVR01,MGYG000000346,Extibacter,Lysinibacillus,Campylobacter,UBA5884,NSJ-61,VUNI01,Salmonella,Victivallis,Eikenella,Hungatella,CAG-127,UMGS1783,Eubacterium_T,UMGS1994,CAG-170,Massilistercora,UBA11940,UMGS1933
rep870_seed2895	UMGS680,Longicatena,MGYG000002685,DUOT01,UBA1829,UBA7748,Dysgonomonas,CAG-1427,Paraprevotella,Acinetobacter,MGYG000000574,CAG-273,Ellagibacter,Rubneribacter,CAG-533,CAG-170,COE1,CAG-353,Gemella,MGYG000003490,TF01-11,Lawsonella,Fusobacterium_C,Fenollaria,CAG-115,UMGS1820,NC2004,NK3B98,Yersinia,Eikenella,MGYG000000456,Murimonas,Sneathia,UMGS1484,CAG-462,UMGS902,Succinivibrio,Proteus,HGM12713,CAG-521,UMGS1397,Ruminococcus_C,Leuconostoc,Eggerthella,HGM11372,Catenibacterium
rep871_seed2896	CAG-964,Odoribacter,Pluralibacter,MGYG000004171,CAG-196,SFGY01,UMGS1251,UBA6984,Methanobrevibacter_A,Clostridium_X,Frisingicoccus,RQCD01,UMGS1397,Turicimonas,UMGS363,Fournierella,UBA9475,Anaerocolumna,UMGS1880,MGYG000000286,Butyricicoccus,SFDP01,Pseudomonas,Mitsuokella,Sporanaerobacter,Collinsella,SFFH01,Faecalibacterium,Lactiplantibacillus,HGM11501,CAG-302,Peptoniphilus_A,UMGS1224,Coprobacillus,UMGS1826,Mobilibacterium,Blautia,NSJ-63,UBA4644,UBA7597,Methanomassiliicoccus_A,Tidjanibacter,Robinsoniella,UMGS1865,Coprococcus_A,Marvinbryantia
rep872_seed2897	Rahnella,UBA1786,CAG-41,Neisseria,HGM12998,HGM11521,Ezakiella,CAG-603,RUG14107,Acidovorax,MGYG000002719,GCA-900066755,Companilactobacillus,Succinivibrio,SFFS01,Ruminococcus_A,Catenibacterium,UBA9502,Clostridium_AQ,UBA4644,SFDP01,UMGS874,Kallipyga,UMGS1820,UMGS599,CAG-127,Paraeggerthella,Varibaculum,CAG-594,CAG-631,Angelakisella,D5,Olsenella,UBA1752,CAG-485,Clostridium_X,UMGS680,Staphylococcus,CAG-877,CACZQA01,Anaerococcus,Granulicatella,Butyricicoccus_A,CAG-110,UBA7182,Pseudescherichia
rep873_seed2898	Veillonella_A,Duodenibacillus,Marseille-P4683,RUG410,Raoultella,UBA11940,MGYG000003945,CAG-1024,SFHK01,UBA6398,Butyricicoccus_A,Lactonifactor,Faecalicoccus,UMGS1241,MGYG000000346,UBA1259,UMGS1820,An181,UMGS1387,Eubacterium_M,CAG-533,DUOT01,Murdochiella,MGYG000003855,MGYG000003490,UMGS1603,Morganella,RUG100,UMGS1975,Erysipelatoclostridium,Slackia_A,Citrobacter_A,Mailhella,Arcanobacterium_A,Faecalibacillus,Acutalibacter,CAG-127,MGYG000004660,Monoglobus,Firm-07,Clostridium_Q,Acidovorax,MGYG000004547,Blautia_A,UBA7160,CAG-762
rep874_seed2899	MGYG000003270,CAAEEV01,Ruminococcus_B,UBA5809,UMGS905,Senegalimassilia,MGYG000002683,UMGS1810,UMGS1889,CAG-56,UBA9414,Fusobacterium,UMGS1293,Eubacterium_G,Methanomassiliicoccus_A,RUG13868,Bariatricus,CAG-724,Firm-07,CHH4-2,CAG-877,SFMI01,HGM11327,Blautia,Fusobacterium_A,RUG806,UMGS1540,UMGS1202,UBA7173,UBA11774,UBA2821,UMGS1477,Stoquefichus,Paramuribaculum,QANG01,Pseudomonas,Eubacterium_F,UMGS1225,Succinivibrio,UBA3766,CAAHEQ01,UBA1829,UMGS973,UMGS1633,Duodenibacillus,UBA1822
rep875_seed2900	Fenollaria,CAG-127,Parvimonas,Enterocloster,Clostridium_N,UMGS1883,CAG-180,Peptacetobacter,Finegoldia,Gordonibacter,Yersinia,UMGS1623,Lysinibacillus,HGM12669,Enterobacter_D,MGYG000003855,Pseudomonas,HGM13222,Rothia,UBA7185,Peptoniphilus_B,Muricomes,RUG420,COE1,Pluralibacter,Phascolarctobacterium,CAG-460,MGYG000002683,Allisonella,Phascolarctobacterium_A,Dorea,Akkermansia,Peptoniphilus_C,NK3B98,Anaerosporobacter,Proteus,UBA6398,Exiguobacterium,HGM11523,Acetatifactor,HGM14224,Massilicoli,Robinsoniella,UBA6382,F0040,UMGS1004
rep876_seed2901	Ruminococcus_A,QAMX01,Sneathia,UBA644,CAG-632,HGM13618,MGYG000000574,Citrobacter,Anaerotignum,SCN-57-10,Rubneribacter,Rahnella,CAG-110,UBA1786,Mesosutterella,Rothia,CAG-762,UMGS363,Lysinibacillus,Superficieibacter,UBA1234,Limosilactobacillus,Porphyromonas_A,Mobilibacterium,RUG14107,Merdimonas,Christensenella,Peptostreptococcus,UMGS1810,Olsenella_B,Coprococcus_A,43-108,CAG-917,MGYG000002797,Enterococcus_C,Anaerocolumna,UBA1820,Aggregatibacter,CABIZH01,Cedecea,UBA1259,Oxalobacter,CAG-873,UMGS1293,CAG-793,Parabacteroides
rep877_seed2902	UMGS1633,Turicibacter,Proteus,UMGS966,Massiliomicrobiota,Faecalitalea,CAG-831,RUG023,F0422,Succinatimonas,QAMM01,Christensenella,Ruminococcus_B,UMGS1004,CAG-710,Veillonella_A,RUG705,UBA5905,Enterococcus_A,Haemophilus_A,UMGS973,UMGS1815,Acetivibrio_A,UMGS1293,UMGS1601,Phocaeicola,Romboutsia,CAG-603,Kallipyga,Blautia_A,Odoribacter,Paenibacillus_A,Fusicatenibacter,MGYG000000505,Acutalibacter,Desulfovibrio,HGM11386,Hungatella_A,MGYG000004171,UMGS1865,Parolsenella,Selenomonas_C,HGM11808,Anaerocolumna,Alistipes,CAG-631
rep878_seed2903	UMGS1858,HGM11808,UBA1417,CAG-279,UBA3766,Phascolarctobacterium,Pradoshia,HGM11416,Sodaliphilus,BX12,Pyramidobacter,RUG100,MGYG000002575,Garciella,Peptoniphilus_C,UBA1394,UBA1191,Ruminococcus,Lactonifactor,Coprobacillus,OM05-12,Johnsonella,F0422,MGYG000004229,Eubacterium,UBA1390,CAG-632,SFJ001,Proteus,HGM12650,Ezakiella,CAG-492,HGM10836,UBA4334,CAG-882,UMGS1783,RUG12045,QANG01,Pluralibacter,UMGS946,Enterocloster,Eubacterium_G,Pseudomonas_E,MGYG000004133,SFEL01,Faecalibacterium
rep879_seed2904	Enterococcus_A,Pseudescherichia,Robertmurraya,HGM13862,UMGS1224,Alterileibacterium,UBA7057,HGM12650,UMGS874,Yersinia,Megamonas,Anaeroplasma,CAG-590,UMGS946,CAG-822,Enterococcus,MGYG000004172,Phascolarctobacterium_A,UBA11774,QALW01,Negativibacillus,UBA11940,Veillonella,Plesiomonas,Emergencia,MGYG000002758,HGM11372,NSJ-61,Leclercia,UMGS1490,RUG14107,MGYG000003855,Lactococcus,Mixta,MGYG000000674,Criibacterium,MGYG000004547,Sporanaerobacter,Ezakiella,Finegoldia,HGM11523,Marvinbryantia,Ruminococcus_E,UBA11517,S5-A14a,MGYG000002726
rep880_seed2905	Hydrogeniiclostridium,Amulumruptor,RUG472,CAG-83,Cetobacterium_A,Oscillibacter,UMGS874,MGYG000004094,UMGS124,CAG-791,MGYG000000378,Succiniclasticum,UMGS1690,Lactococcus_A,Anaerosalibacter,Leclercia,Varibaculum,Prevotella,OM05-12,UBA5026,RUG11247,UBA7057,Ruminococcus_B,MGYG000002683,Alterileibacterium,UMGS1370,UMGS1293,Sneathia,Flavonifractor,MGYG000000346,CAG-269,CAG-110,Acetatifactor,43-108,Fusobacterium_B,Succinatimonas,UMGS1225,HGM14224,MGYG000004811,MGYG000004029,Anaeroplasma,Mixta,CAG-557,Scardovia,SFFH01,UBA1181
rep881_seed2906	Peptoniphilus_B,MGYG000000505,Prevotellamassilia,UMGS1418,Butyricimonas,Morganella,SCN-57-10,Campylobacter,UMGS1865,QALS01,UMGS1202,Paenibacillus_A,UBA5446,DUOT01,Muricomes,Sodaliphilus,RUG11198,UMGS2016,UBA7102,Peptococcus,Butyrivibrio_A,Weimerbacter,HGM11788,CAG-1000,UBA2821,Bacillus_J,Bilophila,Akkermansia,Corynebacterium,CAG-873,CAG-194,CAG-791,UMGS1484,1XD42-69,CAG-83,Lachnoanaerobaculum,UBA6345,UBA1777,CAAEEV01,UMGS1688,Prevotella,Lachnospira,Massilioclostridium,Granulicatella,UBA3766,CAG-557
rep882_seed2907	UMGS731,CAG-314,Peptacetobacter,Lactonifactor,RUG705,Stenotrophomonas,CAG-302,OM05-12,Phocea,Odoribacter,UMGS1668,Acidovorax,TM7x,Olsenella,Duncaniella,UMGS929,GCA-900066135,UBA5809,WG-1,Johnsonella,Ruminococcus_F,CAG-594,CAG-631,Sodaliphilus,Anaerobutyricum,HGM11372,Absicoccus,UMGS1820,CAG-822,CAG-313,UMGS1472,Moellerella,Cutibacterium,UMGS2016,HGM11416,Porphyromonas,UBA4285,Methanobrevibacter_A,MGYG000004061,MGYG000002683,Bulleidia,UMGS1326,Ruminococcus_C,Mesosutterella,Oribacterium,Catenibacillus
rep883_seed2908	MGYG000001953,Senegalimassilia,UMGS2055,Odoribacter,UBA6984,Eubacterium_G,Garciella,UBA1822,CAG-95,UBA7488,Clostridium,51-20,CAG-145,TWA4,UMGS75,UBA644,Eubacterium_F,F0422,Clostridium_J,MGYG000002010,UMGS731,Mailhella,UBA6382,Salinicola,CAG-484,UMGS1388,UBA3818,JAAYBB01,Marseille-P4683,UMGS1484,Cetobacterium_A,CAG-1193,UMGS1826,Kluyvera,MGYG000003289,Veillonella_A,Providencia,UMGS1611,MGYG000003945,Veillonella,Ruminococcus_F,HGM11616,HGM11575,Fusobacterium,CAG-632,CAG-354
rep884_seed2909	UBA3631,CAG-510,MGYG000004112,HGM04593,UBA11517,Alistipes,Prevotella,Franconibacter,Enorma,HGM12587,UMGS1472,WG-1,RUG410,Ruthenibacterium,MGYG000004445,UMGS1484,Mobiluncus,Amulumruptor,Romboutsia,Companilactobacillus,CAG-791,Neisseria,Cedecea,GCA-900066495,Odoribacter,MGYG000004171,Arcanobacterium_A,Acinetobacter,Corynebacterium,Intestinimonas,CAG-557,Cellulosilyticum,CAG-115,UMGS1279,Roseburia,UMGS1388,CAG-449,Succinatimonas,UMGS1591,Allisonella,CACZQA01,Clostridium_AP,Exiguobacterium,UMGS966,UBA5884,UMGS1540
rep885_seed2910	Sutterella,MGYG000000387,SFHK01,SFEL01,CAG-170,Lysinibacillus,Enorma,HGM13618,Dorea_A,RUG11247,CAG-451,Vibrio,Ezakiella,HGM11808,Enterococcus_G,Nitratidesulfovibrio,Anaerosacchariphilus,Rahnella,Clostridium_Q,MGYG000003970,Ruminiclostridium_E,UBA10677,UBA6857,UBA4644,UMGS902,UBA940,UMGS1487,F23-B02,VSOB01,CAG-349,Mesosutterella,Enterobacter,UBA11524,CAG-279,Frisingicoccus,MGYG000001953,UMGS1004,CAG-475,Fusobacterium_B,Eubacterium_R,Phocaeicola,CAG-194,Firm-07,Haemophilus,Marseille-P4683,CAG-274
rep886_seed2911	TF01-11,F082,UBA945,HGM11788,MGYG000004061,UMGS1783,Veillonella,Fenollaria,Sporanaerobacter,MGYG000003945,UMGS1663,Johnsonella,AM07-15,CAG-127,HGM12957,UMGS1810,HGM12713,RUG11198,Parasutterella,Lawsonella,Bacillus_J,Kluyvera,CABIZH01,Raoultibacter,UMGS929,HGM13010,MGYG000003970,RUG572,Hungatella,UBA11517,QALS01,UMGS1326,CAG-448,Evtepia,HGM14224,WG-1,MGYG000004660,CAG-217,UMGS1071,Parvimonas,Aeromonas,MGYG000002719,UMGS1375,CAG-557,Yersinia,Coprococcus
rep887_seed2912	Franconibacter,Fusobacterium_B,HGM11368,Massilioclostridium,Aggregatibacter,UMGS905,Gastranaerophilus,UMGS911,MGYG000000346,Butyricicoccus_A,UBA1181,Salinicola,D5,Cetobacterium_A,Bacteroides_F,UMGS1840,UBA738,QALW01,OF09-33XD,CAG-354,Borkfalkia,Rubneribacter,CAAHEQ01,UBA7488,Kallipyga,Slackia,UBA4334,SFDB01,UMGS172,Eubacterium_M,Clostridium_B,UBA1259,QALR01,UBA11512,NC2004,Plesiomonas,Eubacterium_F,Oscillibacter,UMGS929,Lawsonibacter,UMGS1202,UMGS1781,Monoglobus,V9D3004,CAG-317,CAG-349
rep888_seed2913	Aneurinibacillus,MGYG000002010,MGYG000000674,Raoultella,Bifidobacterium,UBA1691,Eggerthella,UMGS1781,UBA4285,MGYG000004112,Paraclostridium,Finegoldia,UMGS1688,UMGS1590,Anaeroglobus,SFHK01,UBA3388,UBA5446,Butyricimonas,DTU089,CAG-724,Hungatella_A,KM106-2,Catenibacillus,Ruthenibacterium,UMGS1670,Serratia,AF33-28,Kosakonia,UMGS1820,CAG-180,Odoribacter,Bacilliculturomica,Enterococcus_G,HGM11416,MGYG000000390,UBA7488,UBA4644,HGM13006,Sporanaerobacter,Eubacterium_M,Clostridium_N,MGYG000000425,TM7x,Franconibacter,UCG-010
rep889_seed2914	Succinivibrio,Mobilibacterium,CAG-196,UMGS577,MGYG000004727,Clostridium_AQ,UBA3263,MGYG000000286,UMGS929,Paenibacillus,Stenotrophomonas,Anaeroplasma,Pluralibacter,MGYG000002053,UMGS1670,Eikenella,UBA7182,Firm-11,UMGS1880,Acetatifactor,Murimonas,CAG-273,UBA738,Butyricimonas,UBA2882,UBA1786,Clostridium_E,Massilicoli,Corynebacterium,Sporanaerobacter,Pantoea,CAG-793,UBA866,Actinomyces,Lancefieldella,UBA1181,Ruminococcus_C,Eubacterium_M,SFHK01,UMGS1883,CAG-411,CAG-103,Campylobacter,UMGS1472,Enteroscipio,Anaerocolumna
rep890_seed2915	UBA4285,UBA1375,MGYG000000587,Absicoccus,Phytobacter,AM07-15,Romboutsia,Massilicoli,GCA-900066755,Weizmannia,QAKW01,Anaerosporobacter,Pauljensenia,Beduini,Peptoniphilus_A,Clostridium_X,Enterocloster,Varibaculum,HGM12814,CAG-484,Faecalibacillus,UMGS946,Weimerbacter,CAG-1000,CAG-217,UBA2882,UBA2883,UBA6984,MGYG000004547,Alloscardovia,MGYG000004061,Fusobacterium,Peptoniphilus_C,Cedecea,UMGS1880,Merdimonas,Selenomonas_A,RUG14107,MGYG000002696,CAG-877,UMGS1781,CAG-313,HGM12957,Leptotrichia,RQCD01,UMGS577
rep891_seed2916	DUOT01,UBA9502,Peptacetobacter,Lactobacillus,Varibaculum,Oxalobacter,Christensenella,MGYG000003855,UMGS1591,V9D3004,UMGS599,Faecalitalea,Eubacterium_I,Weissella,AM51-8,KM106-2,HGM11575,SFDP01,Fannyhessea,Alloprevotella,HGM13618,WRGP01,Prevotella,RUG131,MGYG000000505,UMGS1889,UBA9414,UMGS2055,Ralstonia,MGYG000000425,Dorea_A,An92,TF01-11,RUG100,UMGS1279,Parolsenella,Fournierella,Lawsonella,Haemophilus_D,HGM11525,TWA4,Longicatena,Succinivibrio,CAG-288,Cellulosilyticum,Lachnospira
rep892_seed2917	UMGS1880,Cloacibacillus,Methanobrevibacter_A,Lactococcus,Ruthenibacterium,UBA3818,RUG410,CAG-56,Bruticola,Eubacterium,Butyricicoccus_A,Ruminococcus_D,Aneurinibacillus,Scardovia,Eubacterium_G,Peptoniphilus_C,UBA1822,CAG-417,Fournierella,UMGS1251,OF09-33XD,Pseudobutyrivibrio,WRGP01,Salmonella,Faecalibacillus,Hydrogeniiclostridium,Clostridium_X,Paraclostridium,Anaerocolumna,HGM11530,CAG-115,Muricomes,Enterococcus,UMGS1840,UBA1394,Escherichia,Eisenbergiella,MGYG000003270,CAG-475,Epilithonimonas,Parvimonas,Prevotella,UMGS1815,Phocea,CABIZH01,UBA11774
rep893_seed2918	UBA3388,Treponema_D,CAG-313,UMGS1071,GCA-900066905,UBA7702,CAG-272,Anaeromassilibacillus,Arcanobacterium_A,Pediococcus,MGYG000003305,Neisseria,HGM11575,Parvimonas,Actinobaculum,UMGS1795,Streptococcus,CAG-1024,Neobittarella,Superficieibacter,MGYG000002696,UBA2882,Citrobacter,Campylobacter_A,UMGS966,Peptoniphilus_B,UMGS1472,HGM13006,UBA6984,UBA4871,Citrobacter_A,MGYG000002685,Enterococcus_A,Phytobacter,Kluyvera,Muricomes,Anaeroplasma,UCG-010,Porphyromonas,UMGS1883,Sporanaerobacter,D5,QAMM01,Klebsiella_A,UMGS911,NSJ-50
rep894_seed2919	COE1,HGM11514,UBA7185,CAG-877,MGYG000004445,RUG705,TF01-11,Aeromonas,AM51-8,HGM12998,Dysosmobacter,UBA644,UMGS1293,UBA1206,Romboutsia,CAG-475,CAG-582,KM106-2,CAAEEV01,CAG-245,RQCD01,UMGS1418,CAG-177,UMGS1603,43-108,Succinatimonas,Negativibacillus,CAG-632,UBA1822,Pseudoruminococcus,Neisseria,UMGS1601,Marvinbryantia,Roseburia,UBA11471,Ellagibacter,Clostridium_A,Massilioclostridium,HGM11416,Tidjanibacter,Caproiciproducens,UBA1685,Catenibacillus,UMGS946,CAG-557,Citrobacter_A
rep895_seed2920	UMGS680,UBA7702,UMGS1004,Ruminococcus,CAG-313,CAAEEV01,UBA1711,Angelakisella,CAG-485,Proteus,QALR01,Marseille-P4683,UMGS1783,UMGS1202,Faecalimonas,Edwardsiella,Pauljensenia,QAKW01,Enterococcus_B,UMGS124,UBA9502,UMGS1224,An181,UMGS1532,UMGS363,Murdochiella,UBA1259,Lactonifactor,Psychrobacillus,MGYG000002216,UBA644,Fusicatenibacter,UMGS882,Alterileibacterium,Eubacterium_F,Butyrivibrio_A,Aneurinibacillus,Granulicatella,Alistipes_A,UMGS1864,HGM11523,Stoquefichus,Pantoea,UBA4285,UMGS1810,Criibacterium
rep896_seed2921	CAG-317,Olsenella_B,UMGS1002,UBA5809,CAG-417,CAG-1427,Sporanaerobacter,Clostridium_X,Aneurinibacillus,CAG-521,Fusobacterium_A,Catenibacillus,Fusicatenibacter,Lancefieldella,Caproiciproducens,Acinetobacter,CAG-1024,UBA1786,F0422,Firm-11,UBA11524,Dorea_B,Kluyvera,UBA636,MGYG000004380,Anaerocolumna,Clostridium_N,Acetivibrio_A,Aeromonas,VUNA01,CAG-628,Fenollaria,SFEL01,Lactonifactor,UBA10281,Bittarella,RUG11200,Methanobrevibacter_A,OM05-12,Gemella,QAMX01,UMGS1601,KLE1615,UMGS403,Longicatena,UBA3282
rep897_seed2922	Zag111,Lancefieldella,UMGS973,Paraprevotella,RUG410,Phocea,Anaeromassilibacillus,CAG-1193,MGYG000000350,Eubacterium_G,CAG-488,RUG12045,Acetatifactor,AM51-8,CAG-1031,Companilactobacillus,Porphyromonas_A,HGM11521,Garciella,UBA1737,Holdemanella,Murimonas,Mesosutterella,CAG-882,CAG-313,UMGS1933,Ruminococcus_A,Stoquefichus,MGYG000000728,Lachnoanaerobaculum,Methanobrevibacter_A,UBA5446,Rikenella,Anaerosacchariphilus,Paenibacillus_A,Terrisporobacter,Eubacterium_M,Clostridium_X,UMGS1387,UMGS1633,UMGS1251,CACZQA01,Cronobacter,MGYG000001871,Kluyvera,Phascolarctobacterium
rep898_seed2923	UMGS1307,UBA7748,CAG-1427,UMGS1387,Bacteroides,GCA-900066495,Aeromonas,Bilophila,CAG-56,UMGS731,MGYG000002575,UMGS1312,RUG420,RUG100,HGM11501,UMGS1537,Neisseria,Firm-10,Eubacterium_I,UMGS2016,Lachnoclostridium,Pseudescherichia,UMGS1623,Merdibacter,CAG-269,CAG-582,Alterileibacterium,Massilicoli,OM05-12,Holdemania,UMGS1241,Phascolarctobacterium,UMGS1071,Succinatimonas,Varibaculum,Megasphaera,Klebsiella,HGM13006,UBA4644,Arcanobacterium_A,RUG12045,Anaerocolumna,Veillonella_A,UMGS1472,F082,CAG-115
rep899_seed2924	UBA1740,CAG-822,Lactiplantibacillus,HGM12587,Ruminiclostridium_E,Merdibacter,CAG-724,Zag1,UMGS946,NK4A136,Lagierella,MGYG000001953,CAG-1427,MGYG000002685,Fenollaria,CAG-793,UBA4855,Victivallis,CAG-488,UMGS1670,WG-1,Clostridium_E,Proteus,SFDB01,UMGS1532,Porphyromonas_A,UBA4871,UMGS929,Mobiluncus,Niameybacter,Eubacterium_J,Lysinibacillus,Holdemania,UMGS1815,Amedibacterium,UMGS1901,Hafnia,ER4,Enterococcus_B,UMGS1387,CAG-762,UMGS1225,Anaerobutyricum,Adlercreutzia,HGM13222,Lachnoanaerobaculum
rep900_seed2925	UBA1417,Turicibacter,Anaeromassilibacillus,QAKD01,UBA1206,HGM13006,Raoultibacter,UMGS1696,Holdemania,Proteus,UMGS731,CAG-353,CAG-495,DTU089,HGM11788,UMGS1668,Slackia_A,MGYG000002758,KM106-2,RUG14107,QAKW01,Phytobacter,BX12,CAG-492,CAG-451,Leclercia,CAG-632,UMGS1690,D5,UMGS1202,QAMM01,Pseudescherichia,MGYG000004133,CAG-793,CAG-841,CAG-590,UMGS1472,Peptacetobacter,RUG100,CAG-45,Robertmurraya,Massilistercora,HGM13634,Coprobacter,HGM11416,UBA945
rep901_seed2926	RUG12045,Butyrivibrio_A,MGYG000000286,CAG-145,HGM11523,MGYG000003855,Klebsiella_A,UMGS1901,UMGS2055,RUG472,Garciella,UMGS268,UBA11774,Aneurinibacillus,Eubacterium_T,HGM11368,Pyramidobacter,SFGY01,UCG-010,CAG-628,Amulumruptor,Faecalibacterium,UBA7173,Moellerella,MGYG000004177,CAG-485,UMGS1670,Butyricicoccus_A,CAG-41,UBA10677,UMGS1889,HGM13006,Lentilactobacillus,HGM11507,UMGS882,UBA1711,Alistipes_A,CAG-81,Duodenibacillus,Clostridium_P,Mediterraneibacter_A,Olsenella_B,Lysinibacillus,UMGS1532,MGYG000000387,UMGS1872
rep902_seed2927	UMGS1370,Olsenella,Harryflintia,Succiniclasticum,CAG-238,Providencia,UBA1390,Enterococcus_A,Gastranaerophilus,Bilophila,Klebsiella_A,UMGS1388,Ruminococcus,MGYG000004172,Azonexus,UMGS1397,HGM13233,Pantoea,VUNA01,SFMI01,Alloprevotella,CAG-303,MGYG000000574,Absicoccus,Pseudomonas_R,CAG-180,Varibaculum,Longibaculum,Bacillus_A,UMGS929,Haemophilus_D,Haemophilus_A,JAAYBB01,Fenollaria,Coprobacter,Klebsiella,Alloscardovia,Enterocloster,UBA1409,Peptoniphilus_A,Sneathia,Murdochiella,Terrisporobacter,HGM11417,CAG-831,MGYG000000728
rep903_seed2928	Lactonifactor,CAG-269,HGM12998,Merdimonas,Harryflintia,Dorea_B,Rahnella,UMGS1663,Criibacterium,Johnsonella,Rothia,Lactiplantibacillus,NC2004,UBA5416,Ligilactobacillus,MGYG000000574,Alloscardovia,Anaeroglobus,UMGS1591,MGYG000000425,UBA3282,CAG-272,MGYG000002696,UMGS1224,UBA11940,TWA4,Slackia,RUG420,Alloprevotella,Clostridium_X,CAG-1193,An181,MGYG000002797,SCN-57-10,CAG-793,Fusobacterium_C,Haemophilus,QAKW01,Parvimonas,Schaedlerella,Proteus,UMGS1109,Butyricimonas,UBA2883,CAG-884,Clostridium_F
rep904_seed2929	GCA-900066905,Ruminococcus_D,RUG12045,Fusobacterium,AM51-8,MGYG000000346,UBA4871,An92,Porphyromonas_A,Escherichia,UBA7057,UMGS1663,Caproiciproducens,HGM11808,Enterocloster,Gastranaerophilus,Lactonifactor,Neobittarella,Extibacter,Lachnoclostridium,WRGP01,RUG115,UMGS75,MGYG000004172,Kallipyga,CAG-272,RUG572,Lactobacillus,Flavonifractor,HGM11416,Phascolarctobacterium,Campylobacter_A,UMGS1202,CAG-831,CAG-177,UMGS1696,Bilophila,Agathobaculum,Stomatobaculum,UBA11524,Epilithonimonas,Cutibacterium,CAG-873,Anaerobutyricum,CAG-485,Faecalicoccus
rep905_seed2930	Haemophilus_A,Streptococcus,Azonexus,HGM11372,Clostridium_N,UMGS1976,UBA10281,Erysipelatoclostridium,UMGS1880,UBA3388,UMGS731,Lachnospira,Fusobacterium,UBA1232,ER4,UBA7702,HGM11521,Lysinibacillus,Chimaeribacter,Lacrimispora,MGYG000004094,Alloprevotella,UBA4334,MGYG000000587,Faecalicoccus,UBA6398,UBA1820,UBA5809,Methanosphaera,CABIZH01,CAG-632,Varibaculum,Butyricicoccus,HGM05232,DTU089,UBA6382,Veillonella_A,UMGS1840,HGM11575,Ruminococcus_F,CAG-873,UBA5026,QAMX01,GCA-900066755,UBA11512,UBA1685
rep906_seed2931	UMGS1518,Lentilactobacillus,Rikenella,UBA9506,HGM13222,Holdemanella,Amedibacterium,UMGS1613,Mediterraneibacter_A,QAKW01,Clostridium_AQ,UBA1234,Lachnospira,SFDB01,Caproiciproducens,CAG-349,Ruminococcus_A,CAG-495,Sneathia,MGYG000000574,Klebsiella,UBA2883,Beduini,Hungatella,RUG13868,Emergencia,UMGS1590,Eubacterium_R,UBA4372,UMGS1384,Parvimonas,Turicimonas,UBA1740,UBA11471,CAG-510,Negativicoccus,Treponema_D,UMGS1688,CAG-710,Azonexus,MGYG000002726,Oxalobacter,HGM12814,Massilioclostridium,CAG-95,CAG-45
rep907_seed2932	UMGS2055,UMGS856,UBA7160,UMGS1307,43-108,Fusobacterium_B,Olsenella_B,HGM12998,UBA1232,Eisenbergiella,Beduini,Kallipyga,Duodenibacillus,MGYG000000574,HGM11327,Amedibacterium,UBA2882,UMGS1474,UMGS1491,Intestinimonas,CAG-41,Extibacter,UBA6382,MGYG000002702,RUG410,UMGS1109,Bulleidia,Romboutsia,Lactobacillus,Finegoldia,Peptoniphilus_E,UBA4334,CAG-349,Methanobrevibacter_A,Monoglobus,Fusicatenibacter,CAG-448,UMGS1889,Ruminococcus_A,UBA4716,Lactococcus_A,UBA1259,UBA6857,D5,UMGS1696,UMGS1224
rep908_seed2933	MGYG000004172,UMGS929,S5-A14a,1XD42-69,Dorea_A,CAG-590,MGYG000003270,NC2004,Pseudomonas_R,UBA11524,UBA4334,UMGS1279,Merdimonas,UMGS1375,Butyricicoccus_A,Muribaculum,UBA9475,Agathobaculum,UBA3818,Succiniclasticum,Paramuribaculum,Robertmurraya,MGYG000000425,MGYG000001903,UMGS1441,KM106-2,Mesosutterella,Firm-10,Phil1,Enterococcus_G,UBA3282,UMGS1976,RUG11200,HGM11808,Enterococcus_B,Campylobacter_A,CAG-1427,Criibacterium,UBA1731,Ezakiella,RUG472,Treponema_D,BX12,MGYG000003970,UMGS1670,UMGS363
rep909_seed2934	UMGS172,UBA5416,Phil1,UBA3282,Lacticaseibacillus,Kluyvera,VSOB01,MGYG000002075,UMGS1338,CAG-288,Clostridium_F,CAG-1193,MGYG000004727,UMGS995,Mobiluncus,CAG-417,SFDP01,Anaeromassilibacillus,UC5-1-2E3,MGYG000004660,UMGS1491,UMGS966,Marseille-P3106,UBA2821,UMGS1251,Eubacterium,Clostridium_N,Dysgonomonas,Ruminococcus_E,Dorea,Acidovorax,Eubacterium_F,HGM11368,Sodaliphilus,Intestinimonas,Serratia,MGYG000004445,SCN-57-10,OF09-33XD,QAKW01,UMGS1253,UBA1685,UMGS1418,Methanobrevibacter_A,UMGS1781,Bittarella
rep910_seed2935	Anaerotignum,Phytobacter,Paraeggerthella,CAG-762,Salinicola,Eubacterium_R,UMGS874,Intestinimonas,UBA7057,F0422,QAKS01,UBA3388,Eikenella,Agathobaculum,MGYG000002683,MGYG000000350,HGM05232,UBA5905,An92,CAG-710,UMGS1307,VUNA01,UMGS946,Blautia_A,Fusobacterium_B,Prevotellamassilia,Pseudescherichia,UMGS1901,UBA4372,Ruminococcus,RUG806,CAG-312,Firm-10,UBA3766,Clostridium_P,Lachnoclostridium_B,SFJ001,Garciella,BX12,UMGS1783,AM07-15,Actinomyces,UMGS1490,CAG-632,QAKD01,Ruminococcus_A
rep911_seed2936	CAG-492,Amedibacillus,UBA1417,MGYG000004556,UBA3818,F0422,UBA1390,UMGS1880,Gastranaerophilus,CAG-475,CAG-1024,HGM12650,Clostridium_Q,RUG410,CAG-617,Bilophila,Stoquefichus,Lactiplantibacillus,UMGS1603,AF33-28,Clostridium_X,CAG-793,Anaeroglobus,Odoribacter,CAG-115,Ruminiclostridium_E,UMGS1202,Methanobrevibacter_A,Clostridium_J,CACZQA01,UBA1829,CAG-1031,SFFH01,CAG-313,Franconibacter,UBA2882,UBA5394,Veillonella,An172,UBA6382,Klebsiella,UMGS1600,UBA3402,Acutalibacter,Paraprevotella,MGYG000002758
rep912_seed2937	MGYG000002575,Dielma,Harryflintia,QALS01,UBA4716,SFJ001,Rothia,Eubacterium_M,RUG13868,COE1,Selenomonas_C,MGYG000004094,Bifidobacterium,Kallipyga,V9D3004,UMGS1688,CAG-557,MGYG000003289,CAG-274,CAG-448,Weizmannia,UBA10677,CAG-831,UMGS1518,HGM13618,Enteroscipio,CAG-485,CAG-353,Dorea,Butyricimonas,UMGS124,CAG-194,UMGS1338,UMGS905,Pseudobutyrivibrio,Mixta,Superficieibacter,Olsenella_B,Stenotrophomonas,Weimerbacter,Azonexus,Exiguobacterium,CAG-81,Agathobaculum,Fusobacterium_C,SFFS01
rep913_seed2938	UBA7160,Alterileibacterium,UMGS1864,SFFS01,UBA2821,Plesiomonas,UMGS1810,CAG-776,MGYG000003490,UMGS1474,HGM04593,HGM11521,HGM13634,UMGS1307,F0040,Collinsella,RUG13868,MGYG000004443,UBA1711,CAG-194,UBA7182,CAG-631,UBA1259,TF01-11,Klebsiella,UMGS1826,43-108,Dorea,UMGS1901,CAG-170,RC9,ER4,Akkermansia,CAG-484,Pyramidobacter,Eubacterium_R,UMGS1783,UBA10677,RUG420,UBA1206,UMGS911,Anaerosacchariphilus,Kosakonia,Ruminococcus_B,Yokenella,HGM12789
rep914_seed2939	MGYG000004874,Peptoniphilus_A,Phocea,Yokenella,HGM13634,CAG-302,CAG-460,MGYG000000456,Ligilactobacillus,CABIZH01,Azonexus,CAG-791,Paenibacillus_A,Rubneribacter,UBA11940,HGM13618,OF09-33XD,Lawsonella,UMGS1004,MGYG000002685,UBA4334,UMGS905,GCA-900066755,UMGS1591,MGYG000001953,UMGS1781,Eggerthella,Evtepia,43-108,UBA4716,Cronobacter,MGYG000003970,Caecibacter,HGM11417,Lactiplantibacillus,Dielma,UBA6857,CAG-1427,HGM12650,Marseille-P3106,UMGS1590,UMGS1387,UBA1752,Lachnoanaerobaculum,Ruminococcus_E,Parvimonas
rep915_seed2940	Weimerbacter,Latilactobacillus,TM7x,CAG-314,CAG-631,UBA7057,CAG-632,HGM13862,Clostridioides,Mobilibacterium,Anaeroplasma,RQCD01,Mediterraneibacter,Anaerostipes,Mitsuokella,UBA3263,UBA866,Angelakisella,RUG131,Bilophila,MGYG000003305,CAG-510,MGYG000000425,UMGS1071,HGM11530,NSJ-32,SFEL01,Mobiluncus,UMGS1633,CAG-238,SFMI01,MGYG000002797,Methanosphaera,CAG-594,Faecalibacillus,Ellagibacter,UMGS1670,UBA1191,Marseille-P4683,Hungatella_A,Ruminococcus_F,UMGS1826,UBA644,Erysipelatoclostridium,UMGS946,RUG705
rep916_seed2941	UMGS966,Allisonella,Anaeromassilibacillus,UMGS1477,Kosakonia,NK3B98,Acidaminococcus,Rothia,WRGP01,ER4,UMGS1810,UBA4285,UMGS263,UBA6382,MGYG000002053,CAG-1000,HGM11327,CAG-484,Fusicatenibacter,Succinivibrio,MGYG000004229,CAG-603,MGYG000001953,HGM11368,Peptoniphilus_E,UMGS905,Brachyspira,UBA3402,SFHK01,Paramuribaculum,COE1,Enterococcus_C,NSJ-62,Methanosphaera,Monoglobus,Clostridium,SFGY01,Butyrivibrio_A,Yokenella,Phil1,Providencia,Methanobrevibacter_A,MGYG000000574,CAG-390,Lachnoclostridium_B,Latilactobacillus
rep917_seed2942	Morganella,UMGS1864,CAG-831,AM07-15,QALW01,UBA2883,Hafnia,Fusobacterium_B,Veillonella,UMGS966,UMGS268,HGM12789,Fenollaria,UBA4871,Fusobacterium_A,UBA1829,Olsenella_E,S5-A14a,UBA1409,UBA1394,Massiliomicrobiota,HGM13010,MGYG000003297,UBA6382,Monoglobus,HGM11327,MGYG000000390,RUG023,Anaeromassilibacillus,Rikenella,UBA2882,Alistipes_A,UMGS1668,Christensenella,HGM12998,D5,SFEL01,Caecibacter,Bacteroides,MGYG000004061,Peptoniphilus_A,CAAEEV01,UBA3402,QAMH01,Coprobacter,Ruminococcus
rep918_seed2943	MGYG000002053,SFGY01,Veillonella_A,F23-B02,Moellerella,Anaeromassilibacillus,Dysosmobacter,Flavonifractor,Superficieibacter,Lentilactobacillus,Raoultella,Pseudoflavonifractor,Bacillus_A,Arcanobacterium_A,Acetivibrio_A,Collinsella,Lachnoanaerobaculum,Ezakiella,UMGS1865,CAG-349,Campylobacter,CAAHEQ01,RUG472,S5-A14a,MGYG000002075,BX12,UMGS1975,Phascolarctobacterium_A,Yokenella,UMGS1202,UMGS1590,Pseudomonas_R,CAG-462,UBA1822,Angelakisella,GCA-900066755,UBA7185,UMGS856,WG-1,UBA9414,Lachnoclostridium_A,Zag111,Oribacterium,Olsenella_E,CAG-1024,QAMM01
rep919_seed2944	AM51-8,Holdemanella,Anaeroplasma,UMGS1474,Kluyvera,HGM11808,Sutterella,Sodaliphilus,MGYG000000350,Erysipelatoclostridium,Criibacterium,Lactonifactor,Evtepia,Merdibacter,COE1,Ralstonia,UBA5394,Clostridioides,UBA11471,Faecalitalea,F0422,HGM12814,Plesiomonas,MGYG000004604,SFHK01,UBA4871,UBA6382,Barnesiella,Salinicola,Pauljensenia,SFGY01,NC2004,UMGS1591,Lentilactobacillus,Borkfalkia,CAG-776,MGYG000003855,HGM13862,MGYG000001953,UMGS416,UBA1777,CHH4-2,Romboutsia,Zag111,SFDP01,Enorma
rep920_seed2945	SFJ001,F082,HGM11514,Corynebacterium,MGYG000002075,Bruticola,Companilactobacillus,Peptoniphilus_B,RQCD01,UMGS1384,CAG-710,CAG-170,Clostridium_P,MGYG000002685,UMGS1487,UMGS1826,CAG-353,UBA7748,MGYG000000346,CAG-582,Clostridium_AP,Hungatella_A,QAKD01,Desulfovibrio,NSJ-62,UBA7173,Megamonas,UBA7597,UBA738,Fenollaria,Aeromonas,Lentilactobacillus,Fusobacterium_A,UBA4644,UMGS1491,UBA1394,HGM12957,UBA1390,CAG-317,VUNA01,Campylobacter_A,Leclercia,QAMX01,Marseille-P3106,Rubneribacter,Morganella
rep921_seed2946	CAG-303,UCG-010,MGYG000002696,Phil1,Lachnoclostridium_A,GCA-900066135,UBA738,QAMM01,Christensenella,UMGS1518,NK3B98,NC2004,HGM11372,Intestinibacter,CAG-724,RUG100,RUG420,Merdibacter,SFHK01,Zag111,UMGS1975,MGYG000004660,Peptostreptococcus,Leminorella,UMGS995,HGM11514,Tidjanibacter,Raoultibacter,Massilimaliae,Paraeggerthella,UMGS1815,Companilactobacillus,Fusicatenibacter,Peptacetobacter,Pseudobutyrivibrio,Sutterella,UMGS1901,Phascolarctobacterium_A,Bulleidia,Pantoea,GCA-900066905,UBA5446,TM7x,Blautia_A,Longibaculum,Plesiomonas
rep922_seed2947	Holdemanella,Neobacillus,PeH17,UBA1777,Faecalibacillus,UBA2856,QAMM01,Massiliomicrobiota,Rikenella,CAG-603,Pradoshia,Kluyvera,Dysgonomonas,UBA7173,Faecalimonas,UBA1206,Duodenibacillus,Cetobacterium_A,SFFS01,QAMH01,Amedibacterium,Peptoniphilus_A,UMGS1441,Veillonella,SFEL01,RUG572,An172,UBA5884,Anaerotruncus,UMGS1670,Sutterella,UMGS1600,Bacilliculturomica,Marseille-P3106,UBA5394,UBA7102,Chimaeribacter,UMGS1375,HGM13618,Lachnoanaerobaculum,Serratia,Bacillus_A,Frisingicoccus,UBA4644,HGM13862,UMGS1840
rep923_seed2948	Dorea_B,Succinatimonas,Anaerobutyricum,CAG-302,MGYG000001953,UBA5446,Campylobacter_B,Holdemania,Bacillus_A,Haemophilus_D,Anaeromassilibacillus,Franconibacter,CAG-170,GCA-900066755,MGYG000000728,Salmonella,TWA4,UBA7185,CAG-95,HGM05232,MGYG000000286,Clostridioides,CAG-103,Succiniclasticum,Pauljensenia,CAG-279,UBA7160,HGM11575,Peptoniphilus_A,Oscillibacter,QAKW01,Enorma,UMGS1603,UBA3818,UMGS1279,CAG-41,UMGS1293,Enterobacter,RUG11247,Longicatena,UBA1394,HGM12998,Lactobacillus,CAG-145,MGYG000001871,F0422
rep924_seed2949	NSJ-62,Caproiciproducens,UBA1711,UBA3818,Oscillibacter,An172,Olsenella_B,CAG-492,Veillonella,UBA940,RUG12045,Lancefieldella,DUOT01,Ezakiella,MGYG000000574,HGM13006,Pediococcus,Borkfalkia,Mediterraneibacter,V9D3004,Turicibacter,Pygmaiobacter,UMGS731,UBA11471,Negativicoccus,Bittarella,UBA5026,UMGS1781,Murdochiella,Amedibacillus,Stenotrophomonas,CAG-710,Niameybacter,UMGS1670,UMGS1688,Sporanaerobacter,Faecalitalea,Odoribacter,UMGS1472,HGM11616,Holdemanella,UMGS1795,Intestinibacter,F23-B02,Pseudomonas_R,F082
rep925_seed2950	Anaerostipes,UBA644,Weissella,TWA4,MGYG000000674,43-108,Coprococcus,MGYG000004112,UMGS124,Monoglobus,UMGS1537,HGM10836,UBA10281,Flavonifractor,Rikenella,CAG-521,Haemophilus,UBA11471,MGYG000004604,Clostridium_N,MGYG000004127,MGYG000004171,Morganella,Agathobacter,Neisseria,Enterococcus_G,HGM12669,CAG-314,Robinsoniella,UMGS1293,UMGS1004,Mobiluncus,HGM11575,Eikenella,Peptoniphilus_A,Butyricicoccus_A,Oxalobacter,Kosakonia,Pauljensenia,Enorma,UMGS1375,UBA7702,MGYG000003855,Prevotella,UMGS1826,Gabonibacter
rep926_seed2951	CAG-354,Dielma,Ruminiclostridium_E,Eubacterium,Methanobrevibacter_A,CAG-238,Romboutsia,HGM13233,Eikenella,MGYG000001903,MGYG000002726,MGYG000004443,MGYG000002702,UMGS1611,RUG410,Cellulosilyticum,UMGS1858,UMGS1670,RUG13868,Desulfovibrio,Dorea_B,MGYG000002719,Clostridium_X,CAG-533,Pseudoflavonifractor,HGM11521,UMGS1688,SFDB01,Cronobacter,UMGS1601,CAG-273,CAG-272,MGYG000000378,CAG-417,Lachnoclostridium,CAG-603,Olsenella_E,UMGS1623,Anaerotignum,CAG-279,Anaeromassilibacillus,HGM13222,MGYG000004604,Peptostreptococcus,CACZQA01,CAG-217
rep927_seed2952	Phocaeicola,UBA1259,VUNI01,MGYG000004443,Faecalitalea,Gabonibacter,Duncaniella,UMGS1851,NSJ-62,UBA1731,HGM12713,MGYG000004061,MGYG000002797,Tidjanibacter,Enterobacter_A,Leminorella,RUG572,Azonexus,Enterococcus_D,MGYG000003855,Turicibacter,Akkermansia,Eubacterium_J,HGM11788,UMGS874,SFGY01,Weizmannia,QANA01,Clostridium_J,UBA11471,Sellimonas,Schaedlerella,Lachnospira,MGYG000003270,UBA6984,Butyrivibrio_A,Klebsiella,Proteus,RUG023,Longicatena,Caproiciproducens,RUG472,MGYG000000574,Lactonifactor,UMGS1590,UBA1786
rep928_seed2953	UMGS1312,UMGS1781,Coprobacillus,CAG-95,MGYG000002683,Fusobacterium_C,Agathobacter,UMGS1872,HGM12713,HGM11808,Mediterraneibacter,MGYG000004874,OM05-12,MGYG000000505,Methanobrevibacter_A,UBA11471,HGM11368,Bacillus_A,GCA-900066135,UBA7057,Enterobacter,QANA01,UBA945,UMGS1663,CAG-245,Escherichia,UBA5884,UBA1820,Atlantibacter,Ruminococcus_D,UMGS1484,Psychrobacillus,VUNA01,D5,Mesosutterella,UBA7748,Haemophilus_D,UBA6345,MGYG000003970,HGM13618,UMGS1690,RUG410,RUG13868,Clostridioides,Lysinibacillus,UBA1691
rep929_seed2954	Neobacillus,HGM05232,Acetivibrio_A,Actinobaculum,Dysosmobacter,UMGS856,MGYG000002696,UMGS1224,Succiniclasticum,PeH17,HGM12669,Longicatena,Agathobaculum,Evtepia,HGM12650,CAG-273,Aeromonas,Phoenicibacter,CAG-495,HGM12814,Anaerosacchariphilus,CAG-488,Lancefieldella,UBA6345,Ruminococcus_C,Bacillus_A,Arcanobacterium_A,Ezakiella,Anaerofustis,UMGS1418,Turicimonas,UC5-1-2E3,UBA11524,UBA11471,HGM13634,UMGS692,CAG-533,Anaerostipes,Olsenella,Lactonifactor,CAG-557,MGYG000001953,Fusicatenibacter,RUG410,Pseudoruminococcus,Turicibacter
rep930_seed2955	AM07-15,UBA1232,Agathobaculum,Eikenella,Borkfalkia,Duncaniella,Pauljensenia,UBA7102,UMGS1370,UMGS1865,Senegalimassilia,Mitsuokella,GCA-900066905,Pseudomonas_R,Leclercia,UBA4871,F0422,CACZQA01,QANA01,CAG-822,UBA7182,UBA945,Clostridium_E,CAG-603,Clostridium_A,UMGS1491,UMGS75,UBA7488,Lactiplantibacillus,Citrobacter_A,CAG-884,Hungatella,Anaerostipes,Hydrogeniiclostridium,Granulicatella,UBA5394,HGM11507,Enterococcus_C,Streptococcus,Campylobacter,WRGP01,UMGS1224,Turicimonas,UMGS1795,SFTJ01,UBA940
rep931_seed2956	Acidovorax,Yersinia,UBA1740,Weissella,Enterococcus_C,QAKD01,Blautia_A,MGYG000002683,Leclercia,Alloprevotella,Clostridium_F,Enterococcus_B,CAG-631,Aeromonas,MGYG000000378,Weimerbacter,Sporanaerobacter,UMGS1004,Hydrogeniiclostridium,Marvinbryantia,Anaerotruncus,CAG-1031,UMGS363,CAG-245,Catenibacterium,CAG-590,MGYG000004604,QALW01,CAG-56,Criibacterium,Lactiplantibacillus,QANA01,UBA1409,Salmonella,Fusobacterium_C,Eubacterium,Merdimonas,MGYG000000456,CAG-273,Neobittarella,UMGS1591,Kallipyga,UMGS1810,RUG131,Paraprevotella,UBA1191
rep932_seed2957	Monoglobus,CAG-917,MGYG000004112,UBA9502,Muribaculum,QAMM01,MGYG000004029,QAKD01,Pauljensenia,Amedibacterium,NSJ-50,F23-B02,UBA3388,F0422,MGYG000004443,MGYG000002216,VUNA01,Kosakonia,Ellagibacter,RUG572,Faecalibacterium,CAG-793,Lactiplantibacillus,Oxalobacter,UBA940,Butyrivibrio_A,UBA5394,Longicatena,CAG-1193,Harryflintia,Ruthenibacterium,S5-A14a,SFMI01,UMGS995,Mailhella,UBA2882,Nitratidesulfovibrio,Lawsonella,UBA6984,Succinivibrio,UMGS1976,UBA4716,UMGS1490,Eubacterium_T,MGYG000004850,UBA737
rep933_seed2958	DTU089,Staphylococcus,Bariatricus,CAG-274,CAG-594,Bifidobacterium,Bulleidia,UMGS1872,Zag111,UBA11774,Ruminococcus_G,CAG-83,UMGS75,SFDB01,Cutibacterium,UMGS1688,Paraeggerthella,Eubacterium_T,HGM12669,Selenomonas_C,UMGS1865,Longicatena,HGM11501,MGYG000002758,QAMX01,MGYG000004172,HGM13618,HGM12814,UBA7182,UMGS1663,Eubacterium_G,Clostridium_F,CAG-475,MGYG000004112,Oscillibacter,Anaerosacchariphilus,WRGP01,HGM10836,Olsenella_E,UMGS1397,UMGS1071,UMGS1901,AM51-8,Hungatella,CAG-917,MGYG000004660
rep934_seed2959	UBA7488,CAG-710,51-20,Caecibacter,UBA738,Staphylococcus,Angelakisella,UBA4285,Zag111,Robertmurraya,HGM12814,UMGS1293,CAG-628,Ruminococcus_D,An172,SFEL01,Cetobacterium_A,UMGS1880,RUG420,Enterococcus_C,KM106-2,Ruminococcus,UMGS363,UBA1820,MGYG000004127,MGYG000003945,Lactiplantibacillus,HGM11368,Evtepia,UMGS1474,SFTJ01,UMGS124,CAG-83,Pauljensenia,UMGS1839,HGM04593,Scardovia,Proteus,Ruthenibacterium,UBA1691,Garciella,AF33-28,MGYG000003297,CAG-353,UBA1777,MGYG000003490
rep935_seed2960	Ellagibacter,UBA11774,Clostridium_X,SFVR01,Absicoccus,QAKD01,AM07-15,UMGS1839,SFEL01,CAG-762,Serratia,SFFS01,TM7x,Citrobacter,Dysgonomonas,COE1,MGYG000004172,MGYG000002010,Lactonifactor,Acetivibrio_A,CAG-313,UMGS263,Campylobacter,UMGS1537,CAG-288,Anaerosacchariphilus,HGM13010,HGM11514,Morganella,HGM11523,Aeromonas,UBA5446,Neisseria,SFTJ01,CAG-177,SFDP01,SFFH01,Lachnoclostridium_B,CAG-724,Anaerotruncus,Acidaminococcus,UMGS1670,CAG-317,UMGS1901,UBA636,Lactiplantibacillus
rep936_seed2961	UC5-1-2E3,Oribacterium,Staphylococcus,UMGS1375,Faecalicoccus,Murimonas,NSJ-62,Stoquefichus,VUNA01,UBA9502,MGYG000002685,Aeromonas,Caecibacter,Massilistercora,Ruminococcus,UMGS1826,UMGS1613,Peptoniphilus_A,Citrobacter,UBA1786,Enteroscipio,Lacrimispora,QALS01,Campylobacter_A,HGM11386,Faecalitalea,UMGS1820,Emergencia,GCA-900066905,CAG-127,Senegalimassilia,UMGS946,MGYG000004127,Anaerotruncus,UMGS1071,Olsenella,Dielma,UBA6382,UMGS416,DUOT01,Clostridium_J,CAG-964,UMGS731,Moellerella,Pseudomonas,PeH17
rep937_seed2962	HGM11530,Akkermansia,CAG-451,Rahnella,Gastranaerophilus,UBA1232,UMGS1839,UBA6345,Hafnia,CAG-533,Sutterella,HGM10836,UBA3402,Senegalimassilia,MGYG000004850,Olsenella,Eubacterium_J,UMGS1307,MGYG000000587,Acidaminococcus,CAG-724,Actinobaculum,Anaerostipes,Dorea_B,UMGS2037,Barnesiella,Campylobacter_A,UBA4334,RUG11200,MGYG000001953,UMGS1397,Hungatella,Lacrimispora,Veillonella,Porphyromonas_A,Clostridium_AQ,UMGS1670,CAG-628,MGYG000002696,UMGS416,HGM12650,GCA-900066495,Acidovorax,UMGS1601,CAG-448,Paenibacillus
rep938_seed2963	HGM11327,UMGS1071,Lentilactobacillus,Butyrivibrio_A,HGM12998,UMGS1370,CAG-882,Pseudoruminococcus,Turicibacter,UMGS995,Borkfalkia,Yersinia,CAAEEV01,UMGS1002,MGYG000000390,Clostridium_A,Alistipes,Dielma,Paraclostridium,Anaerococcus,Ruminococcus,Lagierella,Oxalobacter,UMGS1690,HGM11523,Bacteroides_F,Lawsonibacter,UBA7160,CAG-314,Proteus,UBA9502,MGYG000002797,KLE1615,Enterobacter_A,UMGS1487,Pyramidobacter,Cetobacterium_A,Hydrogeniiclostridium,Arabia,MGYG000003305,CAG-762,UBA1737,Parvimonas,Salinicola,Citrobacter,Phascolarctobacterium_A
rep939_seed2964	Tidjanibacter,An181,MGYG000000286,UMGS1109,Phocea,Yokenella,CAG-793,Phytobacter,Pantoea,MGYG000004171,CAG-95,CAG-269,Catenibacillus,KLE1615,MGYG000002702,Borkfalkia,Selenomonas_C,COE1,Bacilliculturomica,CAG-354,CAG-533,Pseudoruminococcus,Flavonifractor,Paramuribaculum,Leminorella,Campylobacter_B,UBA4716,CAG-632,MGYG000004811,Weissella,NSJ-50,Alloprevotella,Acetatifactor,MGYG000000425,Selenomonas_A,MGYG000004172,Ruminococcus_G,UBA11452,Agathobaculum,MGYG000003289,Zag111,Parabacteroides,UMGS1590,UMGS1071,UMGS1052,Lachnoclostridium_B
rep940_seed2965	Porphyromonas,UBA1820,Exiguobacterium,Clostridium_X,UMGS2037,ER4,Fusobacterium_C,HGM12669,OM05-12,Dorea_A,Ruminococcus_G,Serratia,Ruminococcus_D,Morganella,Amedibacillus,Eubacterium_M,Pantoea,GCA-900066905,UMGS1975,UBA5416,Peptoniphilus_C,UMGS1474,UBA7057,Citrobacter_A,VUNA01,HGM04593,PeH17,Clostridium_J,Superficieibacter,QAKS01,Harryflintia,Senegalimassilia,CAG-81,UMGS1815,UBA644,UMGS416,CAG-238,UMGS995,Raoultibacter,Agathobaculum,MGYG000004229,UBA11940,Enterococcus,Neobacillus,CAG-510,Lawsonella
rep941_seed2966	RUG131,KLE1615,MGYG000004547,UBA10677,Anaeromassilibacillus,Butyricimonas,Superficieibacter,Marvinbryantia,CAG-793,Dorea,Oxalobacter,HGM12713,UMGS1975,Phoenicibacter,Porphyromonas,UBA4871,Marseille-P4683,UBA5416,CAG-510,HGM13862,UMGS1375,Emergencia,RUG100,Eubacterium_I,UBA1691,AM51-8,CAG-81,CAG-194,CAG-462,SFFH01,UBA7160,Butyrivibrio_A,CAG-245,UMGS2016,AM07-15,CHH4-2,Cloacibacillus,Aneurinibacillus,Limosilactobacillus,Ralstonia,UMGS966,Bifidobacterium,MGYG000003305,CAG-884,UBA7702,HGM11416
rep942_seed2967	WG-1,UBA9475,MGYG000002696,UMGS1591,CAG-462,Enterococcus_D,UBA7057,Bacteroides_F,Anaeromassilibacillus,Marseille-P4683,Holdemanella,MGYG000004850,MGYG000004727,MGYG000003970,Clostridium_AP,Oribacterium,Ruminococcus_G,Caproiciproducens,Slackia,Klebsiella_A,VSOB01,Parolsenella,CAG-313,Pluralibacter,Lagierella,CAG-521,Acidovorax,Marseille-P3106,Parvimonas,UBA7488,MGYG000004094,UMGS1202,Franconibacter,Salmonella,Massilicoli,MGYG000003305,Slackia_A,Acidaminococcus,UBA3818,UBA7748,UBA3402,UMGS1663,QALW01,UBA6984,Leptotrichia,Weissella
rep943_seed2968	HGM13233,Holdemania,Cutibacterium,Fusobacterium_A,Holdemanella,UBA1181,V9D3004,UMGS1600,RUG572,Marseille-P4683,Longibaculum,UMGS1370,CAG-582,UBA2821,Ruminococcus_F,QANG01,Parasutterella,SFHK01,UMGS1994,CAG-882,Sellimonas,Peptoniphilus_E,UMGS1820,HGM13618,Phytobacter,Schaedlerella,UMGS1338,Porphyromonas_A,UBA738,Proteus,Clostridium_Q,Anaeromassilibacillus,Peptoniphilus_B,UBA1822,HGM11501,Massilicoli,RUG472,UBA5394,UMGS1815,CAG-314,UMGS1826,UBA5905,UMGS995,MGYG000004380,Anaerocolumna,Enterococcus
rep944_seed2969	Fusicatenibacter,Borkfalkia,Faecalimonas,UMGS1202,UBA866,UMGS1388,UBA1711,Firm-11,HGM12713,MGYG000004660,MGYG000002719,RUG410,An92,UMGS1387,CAG-317,Pseudomonas,MGYG000000674,SFVR01,Mitsuokella,UBA7597,UBA1232,CAG-127,CAG-485,UMGS1540,NSJ-50,Franconibacter,CAG-303,Gemella,RUG705,43-108,Enterocloster,SCN-57-10,MGYG000003945,MGYG000000350,Clostridium_J,NSJ-32,JAAYBB01,HGM11788,CAG-196,HGM11525,RUG572,CAG-631,UMGS363,HGM11507,Lachnoclostridium_B,Methanobrevibacter_A
rep945_seed2970	HGM12713,Dysgonomonas,CAG-462,CAG-279,Kluyvera,UMGS1781,UMGS1384,QANA01,Lactonifactor,Criibacterium,Massiliomicrobiota,Mobilibacterium,CAG-196,Lachnoclostridium_B,Lancefieldella,MGYG000002010,UBA1829,Oscillibacter,CAG-1000,UBA6398,Klebsiella,CAG-269,Brachyspira,Adlercreutzia,HGM12789,Phoenicibacter,CAG-582,HGM11588,HGM11507,QALR01,QALW01,CAG-452,VUNI01,Ruminococcus_G,UMGS902,Mailhella,51-20,PeH17,Pantoea,Clostridium_AQ,MGYG000004380,UMGS1815,Bacilliculturomica,MGYG000003289,CAG-272,HGM04593
rep946_seed2971	UBA3818,UBA1711,Leptotrichia,UBA1777,CAG-492,NK4A136,Mesosutterella,CAG-1000,Mediterraneibacter,QAKW01,Emergencia,NSJ-63,UBA4716,Phascolarctobacterium_A,HGM13233,CAG-462,CAG-831,Olsenella_B,Olsenella_E,Prevotellamassilia,Citrobacter_A,UMGS946,QAKD01,Ruminiclostridium_E,Faecalibacterium,Yersinia,UMGS2016,UBA738,UMGS1322,CAG-353,UBA1409,ER4,An181,QALR01,UMGS1826,GCA-900066135,UBA1740,HGM12713,MGYG000003945,UBA1206,Lactococcus,CAG-313,CAG-488,UMGS1633,Prevotella,Faecalimonas
rep947_seed2972	SFFH01,HGM12713,MGYG000000346,UBA1711,MGYG000004172,MGYG000002797,CAG-245,Turicibacter,UMGS268,CAG-628,Rikenella,Muricomes,CAG-238,RQCD01,Intestinimonas,CAG-582,UMGS1901,Massilimaliae,MGYG000004604,Parabacteroides,Klebsiella,UBA9506,HGM11616,UMGS1623,UMGS172,Dielma,Mixta,CAG-317,Bulleidia,MGYG000004380,CAG-791,MGYG000004061,UBA9414,Phocaeicola,MGYG000001953,UBA866,UMGS973,MGYG000000728,MGYG000002575,S5-A14a,RUG13868,CAG-603,Actinobaculum,Negativicoccus,Lactococcus_A,Porphyromonas_A
rep948_seed2973	CAG-41,CAG-170,NSJ-32,UBA1259,Yersinia,Campylobacter_A,CAG-177,CAG-245,Massilistercora,Pluralibacter,HGM14224,Plesiomonas,KM106-2,Dysosmobacter,UMGS905,Campylobacter_B,MGYG000004112,Actinobaculum,RUG705,CAG-317,CAG-56,UMGS1472,Duncaniella,UBA1829,UBA2821,UBA11512,Succinatimonas,MGYG000003297,NSJ-63,F0422,UMGS1858,UMGS1826,HGM05232,UMGS856,UMGS1490,Bariatricus,UC5-1-2E3,MGYG000002719,UBA5446,UMGS1883,Lawsonella,Gabonibacter,Agathobaculum,MGYG000002797,MGYG000000390,UMGS1611
rep949_seed2974	Kallipyga,OF09-33XD,UMGS75,MGYG000004112,Pseudomonas_R,Ruminococcus_A,UBA1181,SCN-57-10,Caecibacter,Anaerococcus,Morganella,Methanomassiliicoccus_A,RC9,Clostridium_A,HGM11788,Parasutterella,Clostridium_Q,Ruminiclostridium_E,Superficieibacter,UBA11471,CAG-180,HGM11525,Phascolarctobacterium_A,NSJ-32,UMGS1109,Enterococcus_B,Providencia,UMGS856,MGYG000000745,Pauljensenia,CAG-873,UMGS268,Ruminococcus_B,UMGS1293,Blautia,UMGS1370,Niameybacter,CAG-492,CAG-791,Eubacterium_I,HGM12789,Scardovia,Clostridium_J,Parolsenella,Collinsella,UMGS1623
rep950_seed2975	Rubneribacter,UMGS995,Paenibacillus,MGYG000004380,UMGS1613,TF01-11,Treponema_D,Romboutsia,Superficieibacter,NSJ-50,QAMH01,Pantoea,Porphyromonas_A,UMGS1663,CAG-631,MGYG000002216,UBA940,Pseudoflavonifractor,Aeromonas,DTU089,VUNI01,Ruminococcus_F,SFDP01,Lachnoanaerobaculum,Cetobacterium_A,UBA4644,Bilophila,UMGS363,Vibrio,Fusobacterium_A,Ruminococcus,UBA9414,HGM04593,MGYG000004556,UMGS1388,Clostridium_P,UMGS1477,Merdimonas,Massilioclostridium,RUG11198,Pradoshia,Plesiomonas,UMGS1572,Enterococcus_G,MGYG000004172,Bacillus_J
rep951_seed2976	CAG-831,Edwardsiella,Superficieibacter,HGM05232,CAG-115,Turicimonas,CAG-776,Rothia,RUG705,Ruminococcus_E,Megasphaera,Weissella,Butyricicoccus_A,CAG-110,CAG-245,Lagierella,Megamonas,MGYG000004172,HGM11616,QALS01,RUG131,Bilophila,Garciella,Serratia,Eubacterium_M,Kluyvera,Varibaculum,CAG-484,Corynebacterium,Slackia,SFDP01,UMGS1872,UMGS1540,UMGS1864,RF16,Absicoccus,UBA1731,MGYG000001871,UMGS1532,Massilistercora,CAG-521,UBA1259,CAG-1000,HGM12713,UMGS1071,UBA6345
rep952_seed2977	F0422,UBA4334,UMGS1840,Lachnoclostridium,UMGS1307,Tidjanibacter,MGYG000000286,UBA4855,UMGS1696,UBA1394,SFJ001,Yersinia,Sellimonas,Catenibacterium,NSJ-50,Megamonas,Coprobacter,Exiguobacterium,MGYG000002075,CAG-451,CAG-582,Nitratidesulfovibrio,Atlantibacter,UMGS1225,MGYG000004094,UBA4372,CAG-317,Ruminococcus_A,Ruminococcus_F,HGM11575,HGM13222,QANG01,Bacteroides,UMGS416,Butyricicoccus_A,Lentilactobacillus,CAG-1193,Campylobacter_A,Enterococcus_G,Blautia,Clostridium_Q,Enorma,Arabia,Phocea,UBA1752,UMGS692
rep953_seed2978	SFEL01,Marseille-P4683,CAG-196,CAG-603,QANA01,SFMI01,CAG-217,Murimonas,Acetivibrio_A,CAG-492,UMGS1865,Lachnospira,UMGS1670,Clostridium_AQ,UBA1181,CAG-45,VUNI01,QAKS01,Plesiomonas,Criibacterium,Finegoldia,F0422,MGYG000001953,Eubacterium_G,UBA5394,UCG-010,UMGS1601,Intestinibacter,Vibrio,CAAHEQ01,UMGS1783,UBA3388,Anaerosporobacter,S5-A14a,Ruminococcus_A,Pseudomonas_E,Alistipes,CAG-628,MGYG000000286,MGYG000004811,MGYG000000425,Kluyvera,UMGS946,UBA11517,UMGS1820,CAG-484
rep954_seed2979	MGYG000002053,Turicimonas,BX12,UMGS1418,Phil1,UMGS882,Coprococcus,OF09-33XD,MGYG000004094,UBA1777,UBA3282,Marvinbryantia,Amedibacillus,HGM12650,UBA7185,Psychrobacillus,UMGS1690,Citrobacter_A,Latilactobacillus,HGM11372,Intestinimonas,Cronobacter,UMGS1253,Allisonella,UBA1740,CAG-274,Eubacterium_I,Blautia,CAG-312,Companilactobacillus,MGYG000004874,Acidaminococcus,UMGS1326,VSOB01,UBA1417,An92,HGM11616,CAG-590,Barnesiella,UMGS1611,Providencia,Morganella,UBA4334,Oscillibacter,Negativibacillus,Lacrimispora
rep955_seed2980	CAG-485,Aeromonas,Hungatella_A,Dysgonomonas,Mesosutterella,Haemophilus_D,MGYG000004172,Bacillus_A,Yersinia,MGYG000003305,Eubacterium_T,UMGS1312,UBA1232,Olsenella,Harryflintia,Adlercreutzia,UBA4285,KM106-2,Butyricicoccus_A,Caproiciproducens,UMGS1994,CAG-314,F082,Acinetobacter,RUG11198,Actinomyces,WG-1,Bacteroides,Ezakiella,UMGS1975,CAG-460,HGM13010,UBA636,Faecalicoccus,CAG-1427,NSJ-50,UMGS1109,Clostridium_N,NSJ-32,SFHK01,Hafnia,UMGS2037,MGYG000000674,MGYG000002010,Massilioclostridium,UMGS1387
rep956_seed2981	Ruminococcus,MGYG000000505,MGYG000004177,MGYG000001903,SFHK01,Mesosutterella,CAG-354,CAG-822,Angelakisella,Negativibacillus,Bacteroides,UMGS2055,HGM13010,CAG-449,RUG100,HGM11416,Ezakiella,CABIZH01,Anaerosporobacter,QALR01,Companilactobacillus,UBA9506,Bittarella,Anaerosalibacter,UBA3766,Ligilactobacillus,UMGS1224,Erysipelatoclostridium,Acutalibacter,An92,Firm-11,HGM11501,Clostridium_E,Arcanobacterium_A,MGYG000000390,Coprobacillus,Mobiluncus,HGM12814,TM7x,Clostridium_Q,V9D3004,Ruminococcus_B,Phocea,UBA6984,Bariatricus,RUG11198
rep957_seed2982	Butyrivibrio_A,UBA866,Chimaeribacter,Scardovia,Citrobacter_B,UMGS973,SFEL01,Haemophilus_D,UMGS124,MGYG000003289,UMGS263,HGM11808,HGM11417,Salinicola,Hungatella_A,Selenomonas_C,Merdibacter,Arabia,KLE1615,Mixta,RUG11247,RUG11200,MGYG000001953,Fusobacterium_B,NC2004,HGM11523,CAAEEV01,WRGP01,Sporanaerobacter,Amedibacterium,MGYG000004133,UBA1685,Pseudomonas_E,UBA1752,Eubacterium_J,Bacilliculturomica,CAG-917,CAG-180,Lactiplantibacillus,Dielma,UMGS1375,UMGS1976,Cellulosilyticum,Kluyvera,Companilactobacillus,Fannyhessea
rep958_seed2983	CAG-180,HGM13233,Mobiluncus,HGM12998,Marvinbryantia,UMGS1820,UMGS1518,UBA7748,Sellimonas,Clostridium_N,Lachnospira,UBA5884,ER4,Enterococcus_D,Arcanobacterium_A,QAKW01,Slackia_A,UMGS680,CAG-288,CAG-877,UBA5920,Lactococcus,1XD42-69,CAG-590,Megamonas,NC2004,D5,Harryflintia,Methanobrevibacter_A,QAMM01,CAG-390,MGYG000000378,An172,Emergencia,Paenibacillus,UMGS1326,Prevotella,UBA1191,CAG-354,UBA7102,HGM13222,UMGS1537,Slackia,UMGS874,Anaerotignum,RUG472
rep959_seed2984	UMGS1975,CAG-533,Succiniclasticum,Firm-11,UBA4334,Raoultibacter,UMGS731,Peptoniphilus_A,UBA644,OF09-33XD,Clostridium_X,UBA4855,CAG-288,SFLA01,RUG13868,Veillonella,Collinsella,MGYG000002575,Enterococcus_B,Sellimonas,Hydrogeniiclostridium,AM07-15,Prevotella,F23-B02,CAG-460,Bacillus_A,Citrobacter_A,Intestinimonas,Slackia_A,CAAEEV01,VUNA01,MGYG000000587,Faecalitalea,UMGS1611,UMGS172,Pradoshia,SFDB01,CAG-354,UBA11517,CAG-417,Pantoea,HGM12669,CAG-83,UMGS946,Olsenella_E,UMGS1202
rep960_seed2985	UBA3766,UBA5416,MGYG000003970,HGM11616,Salinicola,F0422,SFFS01,CAG-882,Paraeggerthella,Flavonifractor,Hydrogeniiclostridium,Eikenella,CAG-390,UBA5809,Dysosmobacter,MGYG000002719,MGYG000004112,Romboutsia,Erysipelatoclostridium,HGM11501,HGM11523,RUG11198,CAG-776,Gastranaerophilus,MGYG000004443,Niameybacter,CAG-617,CAG-245,Parasutterella,Phoenicibacter,MGYG000000378,An92,Bacillus_J,SFJ001,UMGS1071,Enterobacter_A,Longicatena,Pyramidobacter,MGYG000004445,Mobilibacterium,UBA6984,CACZQA01,Muribaculum,Parvimonas,SFHK01,Sutterella
rep961_seed2986	UBA11512,Firm-07,Proteus,MGYG000003970,Dysosmobacter,HGM11507,Enteroscipio,43-108,CAG-390,MGYG000004229,Klebsiella,CAG-465,Escherichia,Blautia_A,HGM05232,SFFS01,UMGS124,UBA1731,Anaeroplasma,CHH4-2,UMGS905,Gastranaerophilus,51-20,Frisingicoccus,MGYG000004874,CAG-56,Ruminococcus_B,Turicibacter,Pseudoflavonifractor,Actinomyces,Niameybacter,UBA636,Finegoldia,UBA6382,MGYG000002702,CAG-1031,CAG-353,UBA11524,Olsenella,COE1,Eubacterium_J,CAG-45,Ruminococcus,UBA1234,MGYG000000574,Lactococcus
rep962_seed2987	Roseburia,CAG-831,Pantoea,Firm-10,Enterobacter,UMGS1540,RUG11198,Parolsenella,Criibacterium,Parabacteroides,UBA1191,CAG-354,Actinomyces,Leminorella,TWA4,SFHK01,Sneathia,AF33-28,Angelakisella,CAG-882,CAG-533,1XD42-69,Caproiciproducens,Dialister,CAG-110,QANA01,UBA3631,CAG-95,UMGS1537,HGM11501,Acutalibacter,WRGP01,HGM11575,UMGS1472,RUG410,UMGS1820,MGYG000004061,HGM11616,UMGS1865,UMGS1864,UMGS403,UBA1390,Muricomes,UMGS1490,UBA1394,HGM05232
rep963_seed2988	Leminorella,UMGS1322,Acetatifactor,Gemella,Coprococcus,CAG-831,Providencia,Lancefieldella,TM7x,UBA866,Exiguobacterium,Dysgonomonas,Streptococcus,UMGS1251,CAG-288,Cronobacter,UC5-1-2E3,CAG-533,Faecalibacterium,HGM11372,CAG-177,Anaerococcus,Campylobacter_A,NSJ-32,Sellimonas,CAG-793,Eubacterium_T,Coprococcus_A,UMGS1601,SFEL01,Mixta,UMGS1933,SFTJ01,UMGS1633,Haemophilus,Christensenella,Bacteroides,BX12,UMGS75,Pseudomonas_E,UMGS2037,UBA11940,UMGS1883,HGM11416,CAG-273,UMGS1611
rep964_seed2989	UBA5026,Azonexus,Actinomyces,UMGS1202,HGM05232,SFHK01,UBA4644,UMGS1613,UMGS75,VUNA01,Intestinibacter,UBA11940,Ruminococcus_A,UBA1409,Methanobrevibacter_A,UMGS1795,UBA6398,Enorma,RUG705,CAG-710,HGM11372,HGM11368,CAG-452,KLE1615,MGYG000001903,Mobilibacterium,Emergencia,UMGS1670,CAG-103,UMGS1484,UBA11517,Butyrivibrio_A,CAG-127,Clostridium_AP,TWA4,Dielma,Absicoccus,HGM14224,Lactonifactor,Kallipyga,Merdibacter,Faecalibacillus,HGM13618,UBA4855,SFLA01,UBA2856
rep965_seed2990	Garciella,Eubacterium_J,Longibaculum,HGM11523,Alterileibacterium,UMGS172,UMGS1518,Parvimonas,Enterobacter,Granulicatella,MGYG000000346,CAG-317,MGYG000003270,NK3B98,UMGS1225,Ruthenibacterium,CACZQA01,Hungatella_A,UMGS1781,Oribacterium,Rothia,Paraeggerthella,CAG-313,UBA2882,Enterococcus_G,MGYG000002719,MGYG000000574,Superficieibacter,MGYG000000456,Acidovorax,QALS01,Rahnella,Adlercreutzia,Muribaculum,Salinicola,Massilioclostridium,CAG-170,HGM11575,QAMX01,Absicoccus,Bulleidia,Firm-10,Ruminococcus_F,Paramuribaculum,MGYG000000387,CAG-354
rep966_seed2991	Salmonella,UMGS1872,HGM13618,UMGS1518,Lachnoclostridium_B,F082,Citrobacter_B,Weissella,An172,UBA5416,UBA5884,Massilimaliae,MGYG000004094,RUG572,Bariatricus,CAG-217,Citrobacter_A,Weimerbacter,Parabacteroides,MGYG000000587,UBA5026,HGM11386,Haemophilus,MGYG000003297,Eikenella,Hydrogeniiclostridium,MGYG000003945,Mediterraneibacter_A,Eubacterium_R,AF33-28,Enorma,JAAYBB01,Ezakiella,Pseudoruminococcus,UBA7748,UBA7102,UMGS1224,NSJ-38,UBA4334,Fannyhessea,QANG01,Clostridium_F,Mobiluncus,RUG806,Peptostreptococcus,HGM12814
rep967_seed2992	Emergencia,QANA01,Clostridium_A,Sutterella,UMGS1279,HGM11501,Amedibacillus,Faecalitalea,Franconibacter,UBA636,Hungatella,UMGS1202,Methanobrevibacter_A,UMGS1864,S5-A14a,UBA1711,Selenomonas_C,Ruminococcus_C,MGYG000004850,Lachnoclostridium_B,Moellerella,Aneurinibacillus,Campylobacter,Cronobacter,MGYG000004443,Monoglobus,MGYG000002758,UMGS973,Faecalimonas,Bacteroides_F,Niameybacter,UC5-1-2E3,CAG-95,MGYG000003490,HGM11523,Lactiplantibacillus,Enterococcus_B,UBA7173,Rikenella,UMGS1933,Ralstonia,MGYG000004229,RUG410,SFDB01,Amedibacterium,Longibaculum
rep968_seed2993	UBA1234,UMGS1670,Cronobacter,Massilicoli,Anaerosacchariphilus,UBA2883,UBA3766,Peptostreptococcus,An172,CABIZH01,UMGS973,CAG-390,Schaedlerella,UMGS1933,CAG-103,UMGS1537,Anaerostipes,Pseudoflavonifractor,Anaerococcus,Clostridium_E,HGM13862,QAMX01,Christensenella,Robertmurraya,HGM11417,MGYG000001871,Pediococcus,UBA1191,Robinsoniella,Fenollaria,UMGS1613,MGYG000002575,Slackia,UMGS1487,UBA1777,SFHK01,UBA1731,CAG-452,UBA3631,UMGS1820,Clostridium,Leminorella,Ruthenibacterium,QALR01,CAG-353,DUOT01
rep969_seed2994	SFFS01,An172,UMGS1820,MGYG000004811,UBA1737,Bulleidia,Streptococcus,MGYG000002575,Cloacibacillus,CAG-465,MGYG000002053,RUG472,UBA1394,CAG-762,UBA1375,UMGS1994,UBA11940,Fusobacterium,Coprobacillus,Lachnoanaerobaculum,Massilicoli,Varibaculum,MGYG000004874,Klebsiella,Alterileibacterium,UBA5905,UMGS905,Eubacterium_R,CAG-349,CAG-177,MGYG000002702,UMGS1387,HGM11588,Enterococcus_C,MGYG000000286,QANA01,CAG-45,MGYG000000378,Anaeroplasma,MGYG000000425,UBA636,UBA866,UMGS1839,NSJ-63,UMGS1384,CAG-492
rep970_seed2995	Faecalicoccus,Mediterraneibacter,UBA3818,UBA1417,CAG-273,UBA4644,HGM10836,Eikenella,Alistipes,CAG-462,Intestinibacter,Alloscardovia,MGYG000002797,CAG-354,UMGS1994,Eubacterium_M,RUG410,UBA5809,UMGS1600,Schaedlerella,Merdibacter,BX12,Pseudobutyrivibrio,Ruminococcus_C,Eggerthella,Odoribacter,Peptostreptococcus,Lawsonella,Clostridium_N,UBA4855,CAG-495,Holdemania,AF33-28,Lachnoclostridium_B,Limosilactobacillus,UMGS1322,Anaerotignum,Tidjanibacter,Pradoshia,UBA3263,Butyricicoccus_A,An92,Eubacterium_I,Alloprevotella,Zag1,HGM11530
rep971_seed2996	CAG-390,Pauljensenia,Coprococcus_A,CAG-1031,MGYG000004061,Rahnella,UMGS929,Eubacterium_J,UMGS268,ER4,Escherichia,UMGS1326,Methanobrevibacter_A,Massilioclostridium,MGYG000002075,Anaerococcus,Dysosmobacter,Superficieibacter,Sellimonas,HGM13006,UMGS1851,Butyricicoccus_A,Lachnospira,Bilophila,Enorma,Clostridium_J,Stenotrophomonas,Proteus,CAG-177,Olsenella_E,Varibaculum,UBA1685,MGYG000004660,MGYG000000387,UMGS1590,UBA6345,D5,MGYG000002685,Pseudomonas,CAG-349,UBA4644,Acetatifactor,BX12,An92,Lactococcus,UBA10281
rep972_seed2997	Robertmurraya,Kallipyga,UC5-1-2E3,UMGS874,Dysgonomonas,MGYG000001871,1XD42-69,Pantoea,CAG-882,Anaeroplasma,HGM13006,Anaerosalibacter,CAG-349,Arabia,UBA9414,Enteroscipio,UMGS1603,HGM11368,S5-A14a,V9D3004,MGYG000004177,UMGS1994,HGM11372,Bittarella,Coprococcus,Butyricicoccus_A,UBA5884,MGYG000000346,CAG-510,Clostridium_Q,Gemella,UMGS1397,SFGY01,UBA5416,CAG-451,RUG100,UBA866,HGM11788,RUG472,CAG-269,An181,UMGS1601,Sneathia,Providencia,UBA2856,Stomatobaculum
rep973_seed2998	Staphylococcus,Rubneribacter,F0040,UMGS1839,MGYG000002702,Bacillus_J,HGM12789,RF16,HGM11372,Phocaeicola,Acetatifactor,Alistipes,UBA9475,Agathobaculum,UMGS911,MGYG000002726,UBA3766,UMGS1872,UMGS1384,Butyricimonas,Agathobacter,Pyramidobacter,Barnesiella,HGM13010,Latilactobacillus,Catenibacterium,UMGS905,UMGS1880,CAG-115,UBA4372,Robertmurraya,Anaerosacchariphilus,MGYG000004094,CAG-238,HGM12669,Pseudomonas_R,UMGS1601,Cutibacterium,NSJ-32,AM51-8,Marvinbryantia,MGYG000000505,UMGS1766,UBA6382,QALW01,Lachnospira
rep974_seed2999	UMGS2055,CAG-103,Dysosmobacter,Cedecea,AM51-8,VSOB01,UMGS1590,Anaeromassilibacillus,MGYG000002719,CAG-95,CAG-793,UMGS1002,Haemophilus,MGYG000002685,SFEL01,Bruticola,CAG-448,Schaedlerella,Peptoniphilus_E,CAG-488,Amulumruptor,GCA-900066905,MGYG000003297,UMGS1441,Enterococcus_D,RUG11247,NK4A136,UBA5884,Negativicoccus,Olsenella,CAG-45,MGYG000004133,HGM13233,Pseudobutyrivibrio,Slackia_A,Neobittarella,CAG-917,Pediococcus,CAG-822,Actinobaculum,Eisenbergiella,Plesiomonas,HGM14224,NK3B98,MGYG000002075,Zag1
rep975_seed3000	Murimonas,Peptacetobacter,Escherichia,MGYG000000587,Acetatifactor,Sellimonas,UBA6382,UBA11512,Phytobacter,HGM11417,Tidjanibacter,Stenotrophomonas,Negativibacillus,MGYG000004604,Acutalibacter,NSJ-50,Clostridium_A,UMGS1202,MGYG000004061,UMGS1839,CAG-822,HGM11327,RUG11198,Clostridium_J,Weimerbacter,CAG-776,An181,MGYG000000390,SFHK01,Garciella,Pantoea,MGYG000004727,Negativicoccus,Treponema_D,Fusobacterium,Paraprevotella,Campylobacter,Mesosutterella,UMGS1603,CAG-631,MGYG000000456,Succiniclasticum,Anaerosporobacter,UMGS268,RUG705,Massilicoli
rep976_seed3001	HGM04593,CAG-95,Chimaeribacter,Negativibacillus,UBA1417,Eubacterium_R,RUG705,Pradoshia,Turicimonas,UBA1232,Bacteroides_F,UMGS1783,UMGS1472,UBA3263,UBA940,Faecalimonas,Ligilactobacillus,Enterococcus,UMGS905,CACZQA01,UMGS929,Desulfovibrio,Lachnoclostridium_A,Eubacterium_F,Pseudoruminococcus,UMGS1487,Butyricimonas,UMGS1202,Proteus,Lancefieldella,Bittarella,MGYG000000346,UBA4285,Firm-07,UBA1390,Paraprevotella,Eubacterium,Bilophila,UC5-1-2E3,Coprobacillus,Escherichia,UMGS1976,UMGS1690,Flavonifractor,Streptococcus,Parvimonas
rep977_seed3002	Sellimonas,Anaeroglobus,Anaerobutyricum,Barnesiella,UBA1191,Fusobacterium,Lawsonibacter,UBA1232,Massiliomicrobiota,Paraclostridium,HGM11523,Massilimaliae,Clostridium_N,UMGS1484,Pseudomonas_E,HGM11525,Clostridioides,UBA4372,CAG-603,UBA11940,Klebsiella,Fenollaria,Selenomonas_C,CAG-317,UBA1740,Parabacteroides,Klebsiella_A,Ligilactobacillus,Coprococcus_A,HGM13862,Enterococcus_D,Coprobacillus,UC5-1-2E3,CAG-354,UMGS1532,UMGS1839,UBA1752,JAAYBB01,UBA1417,CAG-45,NSJ-61,CAG-631,Muribaculum,UMGS882,Peptostreptococcus,Pluralibacter
rep978_seed3003	UBA3263,Hafnia,Phascolarctobacterium_A,Pauljensenia,RUG023,UBA7182,UMGS1572,Negativicoccus,Cellulosilyticum,UBA1820,Coprobacter,UMGS1600,Peptoniphilus_A,UBA11517,Fusobacterium_B,Proteus,MGYG000002719,HGM11575,UBA2882,MGYG000004556,Alloscardovia,CAG-313,MGYG000002685,Absicoccus,NSJ-62,SFTJ01,UMGS1441,RUG705,CAG-145,Bittarella,Coprococcus_A,Acinetobacter,Atlantibacter,UMGS1601,Pseudescherichia,Neisseria,Merdibacter,Aggregatibacter,Anaeroplasma,UMGS1663,UMGS1490,CAG-238,CAG-452,Butyrivibrio_A,UMGS1781,Arcanobacterium_A
rep979_seed3004	HGM11788,UMGS416,Clostridium_AP,Absicoccus,UMGS1696,MGYG000004874,UBA1822,Enterococcus,UBA2882,Stenotrophomonas,UMGS1279,CAG-238,Pseudoflavonifractor,HGM13233,HGM11616,Barnesiella,Enterocloster,UBA1259,JAAYBB01,Cutibacterium,UMGS1795,Fannyhessea,Phytobacter,Bifidobacterium,F0040,MGYG000002696,Haemophilus_A,SFHK01,CAG-510,UMGS1388,UMGS1225,UBA7488,Rikenella,Sutterella,Murimonas,UBA9506,UBA6857,CAG-582,HGM12587,CAG-460,CAG-312,UBA737,Emergencia,Franconibacter,Lactococcus,Prevotellamassilia
rep980_seed3005	Fenollaria,Hungatella_A,UBA644,UMGS680,TM7x,Dorea_A,MGYG000000456,CAG-831,Epilithonimonas,UMGS1880,Sutterella,Marseille-P3106,Pseudoflavonifractor,MGYG000000587,Peptoniphilus_B,Phocaeicola,Mesosutterella,CAG-882,UMGS1326,SFGY01,HGM11575,UBA4285,Anaerosporobacter,Holdemanella,Phascolarctobacterium,Acidaminococcus,RUG13868,KLE1615,CAG-95,MGYG000004556,Amedibacillus,CAG-841,HGM12998,Coprococcus,CAG-462,MGYG000004127,HGM13010,HGM13222,Cronobacter,Paramuribaculum,Moellerella,UMGS1532,Marseille-P4683,CAG-452,Megamonas,UMGS1613
rep981_seed3006	Coprococcus_A,AM51-8,Succinatimonas,Campylobacter_A,UMGS1004,HGM14224,SFHK01,Marseille-P4683,Leuconostoc,Collinsella,CAG-1193,MGYG000004811,Olsenella_B,MGYG000001953,Prevotella,Franconibacter,KM106-2,Peptostreptococcus,Pseudescherichia,Klebsiella_A,KLE1615,UBA738,UBA1390,Aggregatibacter,VUNA01,Butyricicoccus,UBA1685,MGYG000004445,Haemophilus_D,Clostridium_AQ,UMGS1663,MGYG000002758,Eubacterium_I,UMGS1781,HGM11417,Tidjanibacter,Robinsoniella,Slackia,OM05-12,CAG-451,Morganella,Beduini,Selenomonas_A,UBA1691,OF09-33XD,Dysgonomonas
rep982_seed3007	CAG-617,Clostridium_AP,Zag1,MGYG000004811,Selenomonas_A,CAG-590,UBA1786,Limosilactobacillus,Pantoea,QAKW01,Providencia,UMGS1688,Oscillibacter,UMGS1387,CAG-288,Senegalimassilia,RUG12045,UMGS1933,CAG-917,Leclercia,Leptotrichia,MGYG000004094,UBA7185,MGYG000004029,Campylobacter_B,Pyramidobacter,SFVR01,VUNI01,Bifidobacterium,MGYG000003297,MGYG000004133,MGYG000004874,CAG-314,UMGS124,MGYG000004604,CAG-724,Fournierella,MGYG000002726,Phocaeicola,HGM12789,UMGS1611,Pseudoruminococcus,Mesosutterella,UMGS1766,Cloacibacillus,Fusobacterium_C
rep983_seed3008	UMGS973,UMGS1253,S5-A14a,UMGS1688,Harryflintia,CAG-180,UMGS1312,UBA3263,Alloscardovia,Parvimonas,MGYG000003855,HGM11507,RUG472,UMGS599,UBA5920,OM05-12,Bruticola,Peptoniphilus_C,Senegalimassilia,Lactococcus_A,CAG-462,UBA1409,UBA1829,DTU089,UBA737,QAKW01,UCG-010,Clostridium_AP,UBA6345,Pseudomonas_R,Marseille-P3106,D5,CAG-510,CAG-196,UMGS1865,Extibacter,Paraeggerthella,Lacrimispora,JAAYBB01,HGM11521,UMGS1783,CAG-603,Anaerococcus,UMGS1322,CAG-884,Gastranaerophilus
rep984_seed3009	Lachnospira,Companilactobacillus,HGM11327,CAG-841,CAG-273,UMGS1293,Paraprevotella,An172,Plesiomonas,Neobacillus,MGYG000004112,MGYG000003270,CAG-724,Parasutterella,F0040,RQCD01,F082,Enterococcus_A,Staphylococcus,Clostridioides,Enterococcus_C,UBA11774,Anaeromassilibacillus,MGYG000004443,Mediterraneibacter_A,HGM11808,HGM12957,MGYG000000587,Latilactobacillus,CAG-557,UBA11517,JAAYBB01,AM07-15,Selenomonas_A,NK3B98,Gemella,UMGS2037,RUG11247,MGYG000000378,Citrobacter_A,UBA1740,MGYG000003305,UMGS1994,Anaerofustis,CAG-590,Anaerosacchariphilus
rep985_seed3010	Massilimaliae,Peptococcus,UMGS1370,CAG-964,CAG-533,Muricomes,Yokenella,Lysinibacillus,Borkfalkia,Veillonella,UBA738,UBA636,Varibaculum,Blautia_A,Moellerella,Atlantibacter,HGM12957,Pauljensenia,Clostridium_X,CAG-349,UBA1711,Collinsella,Aggregatibacter,UMGS692,Weissella,SFMI01,Ruminococcus,UMGS1474,CAG-145,UBA1206,Selenomonas_C,UMGS1202,Anaerofustis,HGM12669,Mixta,Longicatena,Mediterraneibacter_A,RUG131,Enterocloster,Fusobacterium_C,SFLA01,MGYG000004177,Clostridium_A,UMGS1477,Cellulosilyticum,CAG-791
rep986_seed3011	UMGS1384,Succinivibrio,CAG-510,Faecalicoccus,Proteus,MGYG000003945,Aeromonas,Turicimonas,UBA6345,HGM04593,UMGS268,Lactonifactor,UBA636,CAG-590,MGYG000004171,Bacillus_A,QAKD01,UBA1737,Anaeroplasma,HGM11514,CAG-1193,UMGS1815,Lacrimispora,UMGS1591,Evtepia,UMGS905,UMGS1590,MGYG000000505,NSJ-63,Morganella,QAMM01,UBA5809,Providencia,UBA11512,UBA7488,CAG-41,SFFH01,UMGS1537,UMGS1251,Catenibacillus,UMGS1976,Anaerofustis,HGM13618,NSJ-61,Phascolarctobacterium,Stomatobaculum
rep987_seed3012	UMGS1815,Anaeromassilibacillus,Clostridium_F,MGYG000000745,Phil1,AF33-28,Mixta,Butyricicoccus,Neobacillus,UMGS1783,Paenibacillus,UMGS902,UBA7597,Plesiomonas,UMGS1795,UBA7748,MGYG000001953,UMGS1810,CAG-177,HGM13634,CAG-145,RUG410,Erysipelatoclostridium,CAG-724,CAG-127,UMGS905,CAG-475,MGYG000002685,UMGS268,Dysosmobacter,Peptostreptococcus,V9D3004,Pseudomonas,Peptoniphilus_E,Clostridium_B,Anaerofustis,Oscillibacter,UMGS1307,Caecibacter,Amulumruptor,Slackia,MGYG000000346,Methanosphaera,UBA1829,MGYG000004029,UBA9506
rep988_seed3013	UBA6382,Collinsella,MGYG000004811,UMGS1766,UBA7173,Hungatella_A,Ralstonia,51-20,MGYG000000587,CAG-603,Gordonibacter,UBA7182,MGYG000002685,Robertmurraya,UMGS1326,Anaeromassilibacillus,UMGS75,UBA2821,UBA1829,HGM12957,UMGS1688,Rahnella,Oribacterium,Anaerobutyricum,Azonexus,Faecalibacterium,Turicibacter,UBA1191,HGM11525,Clostridium_N,MGYG000002575,Porphyromonas_A,SFFH01,Oscillibacter,Clostridium_J,Anaerotignum,UBA1820,CAG-762,HGM11530,NSJ-62,UMGS1600,Selenomonas_C,RF16,UBA7057,Amulumruptor,Lagierella
rep989_seed3014	Sporanaerobacter,Garciella,HGM12789,UMGS1783,Amedibacterium,CAG-776,Parolsenella,UBA7057,MGYG000000745,UBA1777,MGYG000003297,UMGS905,Eubacterium,F0422,Adlercreutzia,UBA2882,UBA7597,MGYG000004229,RQCD01,Bulleidia,AM51-8,UMGS692,HGM11416,Moellerella,MGYG000000574,MGYG000000587,Lacticaseibacillus,UBA1685,Coprococcus_A,UBA1191,Collinsella,Actinomyces,UBA4855,Extibacter,Alistipes_A,Staphylococcus,ER4,HGM12669,CAG-465,Firm-10,Firm-07,Raoultella,Enterococcus_G,CAG-710,Acetivibrio_A,Oscillibacter
rep990_seed3015	RQCD01,Victivallis,UMGS1388,Alloprevotella,Oscillibacter,Pseudobutyrivibrio,Leptotrichia,MGYG000000286,Peptacetobacter,UC5-1-2E3,RUG806,Rubneribacter,Coprococcus,UBA1711,UMGS2055,UBA1731,UBA1691,UMGS946,Senegalimassilia,Eubacterium_I,Clostridium_J,UMGS1623,UMGS1225,CAG-354,CAG-180,Catenibacterium,QAMX01,UMGS1279,UMGS1518,Anaerococcus,Arcanobacterium_A,UMGS1322,Clostridium_A,Anaerocolumna,Acinetobacter,UBA737,Clostridium_B,Actinobaculum,UBA4716,CAG-56,CAG-1031,UBA11471,Amedibacillus,Dorea_A,Peptococcus,CAG-411
rep991_seed3016	Neisseria,SFFH01,Ruminococcus_B,DTU089,Pyramidobacter,UMGS75,MGYG000002053,CAG-831,UBA1417,Lysinibacillus,S5-A14a,UBA3631,CAG-484,Serratia,HGM13618,UMGS1052,Anaerostipes,CAG-882,UMGS1375,VUNI01,UMGS1766,Anaeromassilibacillus,MGYG000002702,Clostridium_X,UMGS2055,WG-1,HGM04593,Lactobacillus,SFDP01,UMGS1994,MGYG000004850,UBA866,UMGS1851,Paraeggerthella,Butyricimonas,Absicoccus,HGM11416,UMGS692,CAG-127,PeH17,Morganella,MGYG000003490,Marseille-P3106,Haemophilus_A,RQCD01,Rikenella
rep992_seed3017	UMGS1603,CABIZH01,Fenollaria,UBA1394,CAG-877,Flavonifractor,Franconibacter,UBA1731,UMGS268,CAG-582,MGYG000002758,Corynebacterium,CAG-302,Harryflintia,Roseburia,Anaerofustis,Sporanaerobacter,CAG-964,RUG131,Actinomyces,MGYG000004177,UBA1737,MGYG000003855,UBA940,Haemophilus_D,UBA3282,MGYG000004727,Clostridium_A,RUG13868,D5,UBA1691,Mediterraneibacter,CAG-127,Paenibacillus,UBA11517,Collinsella,Parolsenella,CAG-617,Ezakiella,CAG-313,MGYG000000728,Enterobacter,Peptacetobacter,UBA1409,Odoribacter,UMGS75
rep993_seed3018	Ruminococcus_E,UMGS1623,MGYG000004443,Anaerotignum,UBA7702,AM07-15,UBA1685,Clostridium_AP,CAG-354,UBA1786,UBA6857,NSJ-50,Fournierella,UBA7748,MGYG000004177,UBA2821,CAG-314,Amedibacillus,HGM11327,UBA3282,CAG-822,Johnsonella,UMGS692,QAKS01,Bulleidia,HGM13222,HGM12998,Moellerella,UBA636,HGM11501,RUG410,Bifidobacterium,UMGS1474,Parolsenella,Methanobrevibacter_A,Acetatifactor,Bacillus_J,Campylobacter_A,Lagierella,UBA1206,Butyricicoccus,Merdimonas,SFFH01,Massiliomicrobiota,UMGS1633,Alistipes
rep994_seed3019	HGM11575,Mixta,Negativibacillus,UMGS1840,Bariatricus,Salinicola,UMGS172,CAG-45,UMGS973,HGM13618,UBA1737,HGM11501,SFTJ01,CAG-631,MGYG000004443,MGYG000000346,UBA11512,Holdemanella,CAG-590,Franconibacter,Anaeromassilibacillus,UBA4285,CAG-56,UMGS1865,Niameybacter,MGYG000000387,UMGS1601,Eikenella,UMGS1397,HGM12998,MGYG000004127,Muribaculum,Citrobacter_A,AM51-8,Duodenibacillus,UMGS731,UBA945,MGYG000001903,QALR01,HGM11588,UBA6857,CAG-510,DUOT01,MGYG000004112,Succinatimonas,Longibaculum
rep995_seed3020	Paraclostridium,CAG-317,Senegalimassilia,COE1,Massilimaliae,Exiguobacterium,Lachnospira,Pyramidobacter,UBA7597,Lawsonella,CAG-1427,HGM11808,UBA1234,Campylobacter_A,Bacilliculturomica,Erysipelatoclostridium,UMGS1633,Pantoea,CAG-269,Alloprevotella,Acutalibacter,MGYG000004171,HGM11416,Garciella,CAG-95,CAG-81,Fournierella,Phocea,UBA11452,Raoultella,Corynebacterium,CAG-274,Pseudoruminococcus,CAAHEQ01,Lacticaseibacillus,UBA7748,Oribacterium,CAG-462,Fusobacterium,HGM12957,UMGS856,HGM12650,Pluralibacter,UMGS902,UMGS1312,UBA2883
rep996_seed3021	MGYG000000378,Clostridium,Sutterella,Anaerococcus,MGYG000003945,UMGS1202,CAG-582,CAAEEV01,CAG-390,DTU089,RQCD01,Amulumruptor,UMGS1865,Johnsonella,Eubacterium_J,CAG-793,UBA1232,Turicibacter,UBA5394,Oxalobacter,UMGS1375,HGM11417,MGYG000002053,Ruminococcus_D,Salmonella,Phascolarctobacterium_A,Mediterraneibacter,KM106-2,UBA1737,HGM11386,UMGS1293,Massilioclostridium,Mailhella,Gemella,Marseille-P3106,Firm-10,Dysosmobacter,AM07-15,VUNI01,S5-A14a,CAG-882,Odoribacter,Cedecea,MGYG000002702,Anaeromassilibacillus,Eubacterium
rep997_seed3022	CAG-488,UBA1829,Bacilliculturomica,UBA945,CAG-312,CAG-632,Muricomes,F0040,UBA1232,SFMI01,Stomatobaculum,Eisenbergiella,Enterobacter,UMGS1611,MGYG000000378,UBA2856,Paramuribaculum,Massilioclostridium,Parvimonas,HGM12814,UMGS1815,MGYG000004660,UBA1820,CAAEEV01,Citrobacter,QALR01,UBA5446,UMGS1668,MGYG000004443,UMGS1279,MGYG000000390,Enterococcus_B,Eubacterium_J,SFGY01,UMGS1487,Paraclostridium,MGYG000000286,MGYG000001871,Edwardsiella,UBA737,Alistipes_A,Oscillibacter,Absicoccus,Ruminococcus_B,Allisonella,UBA5884
rep998_seed3023	Rothia,UMGS2016,UMGS2055,HGM11616,Pseudobutyrivibrio,UBA1234,UBA5905,GCA-900066755,Anaerobutyricum,Dysosmobacter,MGYG000004229,HGM11514,Allisonella,UMGS599,Paraclostridium,MGYG000000390,MGYG000000728,MGYG000004604,Stomatobaculum,MGYG000004127,Scardovia,TWA4,Cronobacter,Ralstonia,UMGS856,43-108,Lancefieldella,HGM13010,Tidjanibacter,MGYG000002010,HGM14224,Faecalimonas,MGYG000001903,Ruminococcus_A,QAKD01,Franconibacter,MGYG000000350,Enterococcus_C,UMGS1071,Haemophilus,Sneathia,UBA5394,Erysipelatoclostridium,Enteroscipio,UBA1409,Fenollaria
rep999_seed3024	Dorea,UBA5394,UBA7057,UBA6857,UC5-1-2E3,CAG-488,UBA1711,UMGS1766,Pseudoruminococcus,Weissella,MGYG000002685,VUNA01,UBA11471,Ruminiclostridium_E,WRGP01,Eubacterium_F,Succinivibrio,UBA6398,Lysinibacillus,MGYG000004874,CAG-632,Peptacetobacter,AF33-28,MGYG000000587,CAG-83,Kallipyga,Enterobacter,BX12,Bifidobacterium,OM05-12,UMGS995,UBA5809,HGM11616,UBA1691,UMGS1600,CAG-873,Prevotellamassilia,Eubacterium_R,RC9,Veillonella,Lachnoanaerobaculum,Olsenella_B,Stomatobaculum,Anaerosacchariphilus,MGYG000000346,CAG-485
