rep001_seed2026	Fusobacterium_B,51-20,CAG-127,UBA1829,Pantoea,UMGS1826,CAG-488,UMGS1224,Eubacterium_T,Lachnoclostridium_A,Yokenella,Butyrivibrio_A,UBA738
rep002_seed2027	CAG-390,UMGS1293,Citrobacter_B,UBA5026,Catenibacterium,Slackia,UMGS1663,SFMI01,UMGS1418,Amulumruptor,GCA-900066135,Niameybacter,Clostridium_AQ
rep003_seed2028	MGYG000002683,Amedibacillus,HGM11788,Ruminococcus_C,Eubacterium_J,Coprococcus_A,CAG-177,CAG-1427,MGYG000002696,UBA1711,Bifidobacterium,GCA-900066135,UMGS882
rep004_seed2029	HGM11417,CAG-877,Caproiciproducens,Robinsoniella,UMGS1613,MGYG000003945,Slackia,MGYG000004029,RUG572,UMGS1601,UMGS1600,MGYG000000456,RUG13868
rep005_seed2030	MGYG000003945,RUG131,UBA3631,Enterococcus_D,UBA644,Bacteroides,Dysosmobacter,UMGS1601,HGM13634,Longibaculum,UMGS911,HGM11588,UBA1820
rep006_seed2031	Haemophilus_A,UBA4334,UMGS363,UBA1685,CAG-724,UMGS1864,Klebsiella_A,UMGS1487,An172,TWA4,Alloscardovia,Mediterraneibacter_A,Gordonibacter
rep007_seed2032	UBA3818,UBA1777,CAG-460,CAG-484,UBA10677,UMGS1537,F23-B02,UBA4372,Enterobacter,HGM10836,UMGS263,Oxalobacter,QAKW01
rep008_seed2033	UBA1234,Ruminiclostridium_E,MGYG000000286,Slackia,RUG14107,Weimerbacter,Anaerosalibacter,Fusobacterium,Anaerosacchariphilus,BX12,UBA5809,UBA11512,UMGS1810
rep009_seed2034	F0040,Fusobacterium_A,CAG-349,Mesosutterella,CAG-590,ER4,UMGS1326,An181,Dysosmobacter,Anaerostipes,KM106-2,CAG-617,SFVR01
rep010_seed2035	UBA1206,BX12,CAG-533,Bacillus_J,Holdemanella,UMGS1293,Mitsuokella,Murimonas,HGM12713,HGM11523,Ruminococcus_F,CAG-288,UBA1691
rep011_seed2036	Fournierella,Caproiciproducens,Pseudomonas_R,CAG-917,Franconibacter,Agathobaculum,RUG12045,UBA7488,Catenibacillus,Enterobacter_D,UMGS363,Barnesiella,RUG420
rep012_seed2037	MGYG000004547,Leminorella,GCA-900066495,Phascolarctobacterium_A,V9D3004,UMGS1600,Varibaculum,Murimonas,HGM14224,MGYG000004850,UBA2821,UMGS1002,UMGS1491
rep013_seed2038	UMGS416,UMGS1253,Haemophilus,Sellimonas,UBA10281,UMGS1976,MGYG000004112,UBA7102,UBA4285,CAG-462,UMGS1312,Merdimonas,UMGS1840
rep014_seed2039	CAG-582,UBA4334,MGYG000003289,SFLA01,UMGS1474,RUG023,Massiliomicrobiota,Clostridioides,UMGS1820,SFDP01,Ruminococcus_E,COE1,Varibaculum
rep015_seed2040	UBA10281,CAG-41,UMGS882,Companilactobacillus,Ellagibacter,UBA738,UMGS1623,Alistipes,Sneathia,UMGS1840,UBA866,Serratia,CAG-303
rep016_seed2041	Massilistercora,CAG-628,MGYG000000674,Moellerella,UMGS1668,Serratia,DUOT01,UBA1786,UMGS416,UMGS1109,Eubacterium_G,Acetatifactor,Faecalibacillus
rep017_seed2042	CAG-288,NSJ-63,UMGS1322,QAMX01,Veillonella_A,UMGS1839,MGYG000003490,Hungatella_A,HGM11327,Dorea,UMGS1590,CAG-1193,An181
rep018_seed2043	Merdibacter,Clostridium_A,UBA1731,Lachnoclostridium,Anaerosalibacter,Dorea_A,Ruthenibacterium,Marseille-P3106,Gordonibacter,UMGS1820,UMGS1418,Megasphaera,Negativibacillus
rep019_seed2044	Megamonas,Clostridium_Q,DTU089,UCG-010,UMGS905,CAG-495,Amedibacillus,RUG023,Pradoshia,UMGS995,SFJ001,Megasphaera,UBA1711
rep020_seed2045	Longicatena,Lachnoclostridium,Enterocloster,UBA1731,Weimerbacter,Clostridium_E,GCA-900066755,Pseudomonas,Lachnoclostridium_B,Enterococcus_D,Parolsenella,UMGS1518,Amulumruptor
rep021_seed2046	Phil1,CHH4-2,CAG-273,Fournierella,QAMM01,Anaerostipes,MGYG000003270,MGYG000000505,Rubneribacter,UBA5416,Citrobacter,HGM13618,CAG-81
rep022_seed2047	CAG-776,QALR01,HGM11521,Catenibacterium,Peptoniphilus_A,HGM13233,CAG-882,Faecalimonas,UBA644,MGYG000000286,UMGS1783,MGYG000000574,An92
rep023_seed2048	Epilithonimonas,UBA2821,UMGS1202,WRGP01,UMGS1052,Leminorella,Eikenella,UMGS1901,OM05-12,Neisseria,MGYG000004380,Monoglobus,Morganella
rep024_seed2049	Eggerthella,UBA4372,Clostridium_P,Harryflintia,Parolsenella,CAG-452,Massilicoli,Rikenella,CAG-557,UMGS973,Kosakonia,UMGS1397,UMGS1840
rep025_seed2050	Stenotrophomonas,Dorea_B,Anaerosacchariphilus,UMGS905,UMGS1279,Mailhella,JAAYBB01,Blautia_A,Turicibacter,Pseudomonas,Dielma,Chimaeribacter,NK3B98
rep026_seed2051	Acetatifactor,Bacteroides_F,UBA4855,SFJ001,Olsenella_B,Bittarella,QAMH01,Bifidobacterium,Alloscardovia,UBA10677,SFDB01,Firm-10,UMGS1474
rep027_seed2052	Peptostreptococcus,Ruminococcus_B,Criibacterium,HGM11788,UMGS1388,Phascolarctobacterium,UMGS1441,Longibaculum,UMGS1052,Enterococcus_A,Cloacibacillus,Beduini,Pseudobutyrivibrio
rep028_seed2053	Catenibacillus,HGM13222,UMGS1397,Zag111,Monoglobus,MGYG000000378,Phascolarctobacterium,MGYG000004229,Haemophilus_A,CACZQA01,NSJ-50,HGM12650,Blautia
rep029_seed2054	CAG-465,Streptococcus,Duodenibacillus,MGYG000000286,Amedibacillus,UBA1777,UMGS1783,Zag111,Massiliomicrobiota,Clostridium_E,HGM04593,RUG472,Mesosutterella
rep030_seed2055	UMGS1484,MGYG000000587,CAG-557,Christensenella,RUG11247,Turicibacter,UMGS1901,Duodenibacillus,Eubacterium_F,UBA1375,HGM11530,Anaerococcus,UMGS1387
rep031_seed2056	UBA1417,UMGS1810,Eikenella,CAG-170,CAG-177,Faecalibacillus,HGM14224,ER4,Enterobacter_A,Gastranaerophilus,CAG-557,Phil1,UMGS75
rep032_seed2057	MGYG000000387,HGM11523,Eubacterium_M,UMGS1975,UBA1737,UMGS1572,UBA7702,UBA4644,MGYG000002696,HGM11327,Megasphaera,UMGS1820,HGM12998
rep033_seed2058	Sporanaerobacter,Kosakonia,Christensenella,RUG023,UBA7102,CAG-56,Duncaniella,MGYG000000425,GCA-900066755,UMGS1781,UBA7185,Franconibacter,Oxalobacter
rep034_seed2059	CAG-313,QALR01,Scardovia,NK4A136,UMGS874,SFDB01,CAG-177,Peptoniphilus_B,Fusobacterium_C,Serratia,UBA2856,Cloacibacillus,UMGS995
rep035_seed2060	UBA945,Massilistercora,CAG-1427,UBA1417,HGM13006,MGYG000002758,Pygmaiobacter,Fusobacterium_B,HGM11372,CAG-238,Enterococcus_A,Butyricicoccus_A,Campylobacter_B
rep036_seed2061	Lactococcus,OF09-33XD,UMGS1490,UBA1829,CAG-791,Peptoniphilus_E,Citrobacter_A,UBA7597,Ruminococcus_E,UMGS1253,CAG-873,UBA11517,MGYG000002685
rep037_seed2062	MGYG000003855,Eikenella,QAKS01,UBA7057,UBA1711,UMGS1472,UBA1777,Coprococcus,1XD42-69,CAG-841,UBA4644,Haemophilus,Massilistercora
rep038_seed2063	Stoquefichus,Prevotella,JAAYBB01,GCA-900066905,UBA1777,UMGS1241,Catenibacillus,Dorea_A,RUG115,Alistipes,UBA4334,Brachyspira,UBA11940
rep039_seed2064	Megamonas,QALS01,Anaeroglobus,UBA2882,Enterococcus_G,F23-B02,MGYG000004660,QAKD01,Caecibacter,Peptoniphilus_A,HGM13222,MGYG000003305,UBA7185
rep040_seed2065	MGYG000003270,MGYG000004727,CAG-354,Butyricicoccus_A,UMGS1872,UMGS1826,UMGS1491,UBA1375,Leuconostoc,Oxalobacter,Rothia,MGYG000002797,UBA7057
rep041_seed2066	Bilophila,Duodenibacillus,UMGS1975,UMGS911,UMGS1387,UBA9475,HGM11327,UBA6382,UMGS1441,CAG-1427,CAG-492,UBA1731,Marseille-P3106
rep042_seed2067	Zag1,Acetatifactor,UBA6857,DTU089,Intestinimonas,UBA1234,UBA1752,UMGS1633,UMGS1795,UMGS1472,CAG-238,SFDP01,UMGS1441
rep043_seed2068	CAG-724,CAG-449,Bittarella,Cutibacterium,Clostridium_Q,Senegalimassilia,Garciella,Roseburia,Christensenella,Coprococcus,Clostridium_B,Lactonifactor,Fusobacterium_C
rep044_seed2069	MGYG000003970,CAG-452,UBA11452,Duodenibacillus,WRGP01,UMGS1815,Kallipyga,Bacteroides_F,UMGS1994,F082,CACZQA01,Porphyromonas,Odoribacter
rep045_seed2070	Succinatimonas,Frisingicoccus,Ruminococcus_C,UMGS1312,Moellerella,Butyricicoccus,Alloscardovia,Lachnospira,UBA1711,Raoultibacter,Megasphaera,UMGS1418,UBA644
rep046_seed2071	Acutalibacter,HGM11417,Gabonibacter,Phascolarctobacterium_A,HGM12957,An181,UBA2856,UBA7102,Anaerobutyricum,UMGS1766,Alloscardovia,Aneurinibacillus,HGM11808
rep047_seed2072	AM51-8,SFFS01,Stomatobaculum,Sutterella,Ruminococcus_C,CAG-617,Methanomassiliicoccus_A,UBA3282,Amulumruptor,Catenibacterium,UMGS1004,RUG100,MGYG000000378
rep048_seed2073	OM05-12,QAMH01,UMGS1490,CAG-194,Turicibacter,CHH4-2,Stoquefichus,MGYG000002685,MGYG000003855,Bacillus_J,Monoglobus,Selenomonas_A,UMGS1202
rep049_seed2074	RUG11198,CAG-533,UMGS1783,BX12,Amulumruptor,CAG-724,CAG-353,Pseudoruminococcus,UBA5884,SFTJ01,Agathobacter,Veillonella_A,UBA5446
rep050_seed2075	UMGS929,Butyricimonas,HGM11523,Coprobacter,RUG14107,UBA4644,CAG-791,UBA5446,CAG-460,MGYG000002797,CAG-841,HGM11575,Selenomonas_C
rep051_seed2076	Evtepia,UMGS1901,UBA1691,Paraeggerthella,UMGS1472,UMGS1225,CAG-510,UBA5920,Merdimonas,Acetivibrio_A,CAG-272,UMGS1293,Eubacterium_T
rep052_seed2077	Raoultella,CAG-1024,MGYG000004850,UBA2883,Dysgonomonas,Rubneribacter,CAG-791,Lachnoclostridium,Niameybacter,UBA1691,Negativicoccus,UMGS973,Arabia
rep053_seed2078	Phocea,UMGS946,UMGS1279,Enterobacter,SFEL01,Peptoniphilus_C,UBA1417,MGYG000003297,CAG-317,Oscillibacter,Phascolarctobacterium_A,Salinicola,SFFS01
rep054_seed2079	Johnsonella,HGM11386,MGYG000000728,Cedecea,Sodaliphilus,Eubacterium_G,AM07-15,UMGS1865,Ruminococcus_G,Epilithonimonas,Porphyromonas_A,MGYG000003490,NSJ-61
rep055_seed2080	MGYG000000674,Amulumruptor,UBA1731,Dysgonomonas,Clostridium_J,MGYG000002797,Longibaculum,CAG-1193,UMGS1933,SFVR01,UMGS2055,CAG-245,Anaerosporobacter
rep056_seed2081	UBA7597,QALS01,Fusicatenibacter,SFVR01,Eubacterium_G,UMGS902,Harryflintia,UBA5920,MGYG000002758,RF16,MGYG000004171,CAG-533,UMGS1663
rep057_seed2082	UBA11471,Clostridium_J,UMGS1766,Lactococcus,Bilophila,Merdibacter,Christensenella,Marvinbryantia,Salinicola,Fusicatenibacter,Acetatifactor,Oxalobacter,UMGS1472
rep058_seed2083	Marvinbryantia,QAKS01,Lactococcus_A,UMGS1889,Eubacterium_F,UMGS1880,Ruthenibacterium,Catenibacterium,Veillonella,Providencia,MGYG000001953,UMGS1623,UBA6984
rep059_seed2084	MGYG000000574,CAG-460,UMGS1815,Phoenicibacter,BX12,CAG-917,Peptacetobacter,Oribacterium,Catenibacillus,NSJ-61,Firm-07,Duncaniella,Turicibacter
rep060_seed2085	CAG-288,Treponema_D,Bifidobacterium,Clostridium_Q,Epilithonimonas,MGYG000000505,Paenibacillus,Anaerofustis,COE1,Massilimaliae,UMGS874,UMGS1783,UMGS1338
rep061_seed2086	Clostridium_J,CAG-353,Pseudomonas_R,Kluyvera,UBA5884,MGYG000003945,QALW01,Alloprevotella,CAG-312,Phocaeicola,UMGS692,MGYG000004850,Acetatifactor
rep062_seed2087	UMGS1783,MGYG000003855,UMGS1375,Haemophilus,Atlantibacter,UBA940,Kluyvera,QALS01,UBA11774,UMGS995,CAG-632,WG-1,Mobiluncus
rep063_seed2088	RC9,UBA1829,HGM13010,CAG-484,Eikenella,UBA1394,Salinicola,Extibacter,Bacteroides,Lachnoclostridium,UBA3631,MGYG000000350,CAG-353
rep064_seed2089	UBA9502,UMGS1820,Eubacterium_I,Merdimonas,UMGS911,UMGS1370,SFHK01,Olsenella_B,CAG-452,Pygmaiobacter,UBA3282,CAG-485,CAG-127
rep065_seed2090	Cellulosilyticum,UC5-1-2E3,Dialister,UMGS692,RC9,CAG-312,CAG-196,CAG-83,MGYG000003289,MGYG000003297,CAG-884,Robinsoniella,Slackia_A
rep066_seed2091	Brachyspira,Parvimonas,RUG410,UMGS1224,CAG-115,UMGS1840,VUNA01,Actinomyces,MGYG000004380,Alloprevotella,UMGS973,Arcanobacterium_A,CAG-272
rep067_seed2092	Adlercreutzia,Mobilibacterium,UMGS692,Coprococcus_A,MGYG000004811,UMGS1696,Pseudomonas_R,Proteus,Ezakiella,UBA9475,Bariatricus,CAG-314,CAG-177
rep068_seed2093	UBA10281,Lactococcus_A,Paraeggerthella,UMGS946,Faecalicoccus,UMGS268,HGM13618,Turicimonas,Dysosmobacter,Paraprevotella,43-108,Lactobacillus,Senegalimassilia
rep069_seed2094	NSJ-50,CAG-41,Rothia,UMGS577,UMGS874,HGM11616,UMGS1293,RUG11200,MGYG000000346,Butyricicoccus_A,NC2004,43-108,CAG-353
rep070_seed2095	Streptococcus,MGYG000004727,HGM11416,Hydrogeniiclostridium,Faecalibacillus,Adlercreutzia,Anaerotignum,Methanomassiliicoccus_A,Schaedlerella,RUG115,Fournierella,Haemophilus,CAG-127
rep071_seed2096	CAG-964,Agathobaculum,Lachnoanaerobaculum,MGYG000000587,Garciella,UMGS905,Senegalimassilia,Massilistercora,Bacillus_A,Clostridium,Eubacterium_G,Frisingicoccus,HGM13222
rep072_seed2097	UBA1691,Muribaculum,HGM10836,CAG-484,Morganella,Nitratidesulfovibrio,Weimerbacter,UMGS874,NSJ-61,Scardovia,UBA1206,COE1,MGYG000000728
rep073_seed2098	MGYG000004380,UMGS1326,Catenibacillus,Yokenella,Hafnia,Succinivibrio,CAG-180,UBA11512,Stoquefichus,MGYG000004727,UMGS1872,Mesosutterella,Morganella
rep074_seed2099	UBA7185,Lysinibacillus,HGM13010,Mixta,UMGS1688,Limosilactobacillus,Schaedlerella,Acidovorax,UBA1786,Citrobacter,Pyramidobacter,UMGS1241,Agathobaculum
rep075_seed2100	UMGS1864,Fusobacterium,Victivallis,Blautia_A,Frisingicoccus,GCA-900066905,Harryflintia,Adlercreutzia,HGM12587,Nitratidesulfovibrio,Bacteroides_F,Rubneribacter,DUOT01
rep076_seed2101	Bacillus_A,Flavonifractor,HGM12957,UMGS2016,Holdemania,UBA11524,Oribacterium,Holdemanella,Peptacetobacter,Fenollaria,Paraeggerthella,Bacillus_J,QANG01
rep077_seed2102	Butyricimonas,SFTJ01,Clostridium,Phascolarctobacterium,CAG-841,Clostridium_N,Lactonifactor,S5-A14a,UBA6398,UBA1206,UMGS1384,CAG-762,CACZQA01
rep078_seed2103	Paraclostridium,MGYG000004127,Phocaeicola,UMGS1826,Bacillus_A,UMGS1781,UBA4334,Parvimonas,Bacilliculturomica,UBA737,HGM13634,CACZQA01,MGYG000002010
rep079_seed2104	Veillonella,QANG01,Bacillus_A,Barnesiella,UMGS1633,MGYG000004660,Peptostreptococcus,Mitsuokella,Alloscardovia,Ruthenibacterium,Aeromonas,HGM11501,An172
rep080_seed2105	Fusobacterium_A,Lachnoclostridium_A,MGYG000004029,Mediterraneibacter,SFEL01,UMGS1307,UMGS1623,UMGS1540,Hafnia,MGYG000004547,Arcanobacterium_A,Enteroscipio,UMGS416
rep081_seed2106	Anaerotruncus,CAG-115,Marseille-P3106,HGM10836,MGYG000002758,UBA9506,Sodaliphilus,Kosakonia,V9D3004,Fusobacterium_C,UMGS1532,RC9,Holdemanella
rep082_seed2107	OF09-33XD,UMGS1880,UBA2883,UMGS1251,MGYG000004547,HGM13006,Rahnella,Catenibacillus,Acutalibacter,CAG-314,Muribaculum,MGYG000000387,CAG-521
rep083_seed2108	UMGS1820,UMGS995,HGM11521,UBA5809,RC9,Anaeromassilibacillus,Arabia,UBA7185,Stenotrophomonas,Lactiplantibacillus,Anaerocolumna,Clostridium,NK4A136
rep084_seed2109	Lentilactobacillus,Cedecea,Eubacterium_T,HGM11327,HGM12669,Phascolarctobacterium_A,Longibaculum,MGYG000004874,MGYG000000674,UMGS1901,MGYG000002726,Turicibacter,MGYG000004171
rep085_seed2110	UMGS929,UMGS1532,Peptoniphilus_C,Vibrio,Arabia,Romboutsia,Anaeromassilibacillus,Citrobacter_A,MGYG000000456,TWA4,Acetivibrio_A,Firm-07,MGYG000004380
rep086_seed2111	SFTJ01,QALR01,Merdibacter,MGYG000000745,Anaerofustis,Murimonas,UBA9502,Cellulosilyticum,Enteroscipio,Anaerocolumna,CAG-510,1XD42-69,UBA3766
rep087_seed2112	Merdibacter,Bifidobacterium,MGYG000003970,Lawsonibacter,Borkfalkia,UBA9475,NK3B98,Muribaculum,Morganella,Intestinimonas,Firm-10,CAG-485,Companilactobacillus
rep088_seed2113	Cellulosilyticum,CAG-417,Oxalobacter,UMGS1820,Limosilactobacillus,UCG-010,UMGS1241,Bulleidia,MGYG000002683,CAG-1000,UMGS966,Lawsonella,Rahnella
rep089_seed2114	NSJ-62,Escherichia,Lentilactobacillus,Plesiomonas,Peptoniphilus_B,Caproiciproducens,Extibacter,Lacticaseibacillus,UMGS1477,UMGS1600,Clostridium_P,Companilactobacillus,HGM11514
rep090_seed2115	UMGS1889,MGYG000004172,Borkfalkia,CAG-495,Pseudescherichia,Gastranaerophilus,Longicatena,UMGS1590,NSJ-38,Limosilactobacillus,CAG-877,UMGS1840,UBA11452
rep091_seed2116	Klebsiella_A,MGYG000004850,Pseudomonas,Prevotellamassilia,UMGS1889,Garciella,MGYG000001903,Amedibacillus,Ruminococcus_C,TF01-11,UMGS1387,D5,CAG-1193
rep092_seed2117	CAG-452,UBA1206,Peptococcus,Bifidobacterium,Tidjanibacter,Hydrogeniiclostridium,UMGS1491,Marseille-P4683,HGM12650,CAG-594,UMGS680,UMGS1994,Faecalitalea
rep093_seed2118	CAG-462,UBA1777,UBA5809,Olsenella,GCA-900066755,CAG-1427,Dielma,Phascolarctobacterium,MGYG000004172,Weimerbacter,CAG-1000,Peptoniphilus_E,CAG-510
rep094_seed2119	HGM11507,Escherichia,UMGS1484,MGYG000003490,UBA7057,Lentilactobacillus,Campylobacter_B,Acinetobacter,Plesiomonas,CAG-628,Leminorella,BX12,NK4A136
rep095_seed2120	Veillonella_A,UBA3263,UBA1375,Eikenella,Anaerotruncus,HGM13618,UMGS1370,Niameybacter,UMGS1633,Roseburia,Butyrivibrio_A,Phil1,Streptococcus
rep096_seed2121	CAG-417,QAKD01,UMGS905,HGM11372,Coprobacillus,UBA1777,Limosilactobacillus,UMGS1109,Clostridium_E,NK4A136,UBA2821,RUG131,Faecalicoccus
rep097_seed2122	An92,CAAEEV01,Porphyromonas_A,UMGS1783,SFJ001,CAG-451,MGYG000002758,UMGS1484,Duodenibacillus,MGYG000002702,HGM11588,Pluralibacter,CAG-448
rep098_seed2123	HGM11788,CAG-1193,CAG-460,Hungatella,Veillonella_A,Blautia_A,HGM11588,Prevotella,NSJ-63,UBA1375,Cronobacter,NSJ-50,Peptococcus
rep099_seed2124	Lysinibacillus,UBA7597,UMGS1826,Plesiomonas,Blautia_A,Bariatricus,UBA4871,GCA-900066495,CAG-1193,Coprococcus_A,UMGS1933,UMGS1795,SFEL01
rep100_seed2125	MGYG000002758,UBA1786,Dielma,Lacrimispora,CAG-594,UBA6398,Leclercia,Pyramidobacter,Anaerosacchariphilus,UBA1822,UMGS1375,RUG11247,UMGS911
rep101_seed2126	CAG-314,Selenomonas_A,Johnsonella,MGYG000002797,TM7x,CAAHEQ01,MGYG000000390,Beduini,Superficieibacter,Prevotellamassilia,HGM11372,Desulfovibrio,UBA5446
rep102_seed2127	CAG-272,Parolsenella,MGYG000002758,UBA1685,CAG-462,Lachnoclostridium,HGM11368,MGYG000000574,Arabia,Nitratidesulfovibrio,UMGS124,AM51-8,MGYG000004061
rep103_seed2128	Massilimaliae,MGYG000001903,HGM11616,MGYG000004112,Providencia,OM05-12,Plesiomonas,RUG11198,UBA1234,UBA1394,Superficieibacter,QAMX01,Weimerbacter
rep104_seed2129	UBA4716,UMGS1326,An92,Peptoniphilus_B,S5-A14a,Pauljensenia,MGYG000002696,RUG115,Coprobacillus,DTU089,Methanosphaera,Streptococcus,Murimonas
rep105_seed2130	Butyricimonas,Peptostreptococcus,CAG-170,UMGS1663,UMGS1322,UMGS1820,QAKD01,Selenomonas_A,COE1,JAAYBB01,Pediococcus,CAG-95,UBA3388
rep106_seed2131	UBA4644,HGM13010,UBA11524,UMGS1795,UMGS1387,Extibacter,Aeromonas,Lawsonella,Latilactobacillus,Bacilliculturomica,BX12,Paraprevotella,Methanobrevibacter_A
rep107_seed2132	UMGS911,Firm-10,UMGS902,UMGS1375,UBA3631,Butyricimonas,UBA10677,Mailhella,CAG-317,Fusicatenibacter,UBA3402,UMGS1826,UMGS1441
rep108_seed2133	MGYG000004850,Clostridium_Q,Pseudescherichia,Pyramidobacter,Peptococcus,WG-1,UMGS905,UMGS172,UMGS2037,UBA1390,UMGS1826,Victivallis,UBA11517
rep109_seed2134	Citrobacter,HGM11525,CAG-1193,UBA1820,Eisenbergiella,MGYG000004874,Faecalibacterium,CAG-390,UBA4372,Sneathia,An172,TM7x,Yersinia
rep110_seed2135	Epilithonimonas,MGYG000002075,UMGS1251,HGM12669,UMGS1472,CAG-617,UBA1822,Paenibacillus,CAAHEQ01,Phoenicibacter,UCG-010,Cetobacterium_A,UMGS1688
rep111_seed2136	Salmonella,CAG-822,Bariatricus,Ellagibacter,SFTJ01,Enterocloster,Bacteroides,UMGS124,UMGS1071,UMGS905,UMGS1109,Faecalibacterium,Fusobacterium_B
rep112_seed2137	Butyricimonas,Peptococcus,UBA1820,Adlercreutzia,UMGS1370,HGM11417,CAG-822,UBA4285,Citrobacter_A,Acetivibrio_A,Roseburia,SFVR01,Clostridium_J
rep113_seed2138	Rahnella,Eubacterium_T,Bifidobacterium,HGM13634,HGM12789,Enterococcus_G,Phil1,KLE1615,Marvinbryantia,UMGS1307,CAG-462,F0422,HGM11788
rep114_seed2139	UMGS856,Butyrivibrio_A,UMGS416,QALS01,UBA5394,HGM13233,Desulfovibrio,Alistipes_A,51-20,RUG14107,MGYG000004177,Paraclostridium,Odoribacter
rep115_seed2140	Ruminococcus_C,Franconibacter,Sodaliphilus,GCA-900066905,Eubacterium_M,RUG410,UMGS1540,Enteroscipio,HGM13010,Lysinibacillus,UMGS1071,MGYG000004727,AM51-8
rep116_seed2141	Marseille-P4683,Alterileibacterium,Barnesiella,Eggerthella,DTU089,CAG-631,UBA5026,UMGS1491,CAG-628,CAG-354,CAG-475,UMGS2016,UMGS1224
rep117_seed2142	Longicatena,Lancefieldella,MGYG000000378,GCA-900066495,Psychrobacillus,UMGS680,Epilithonimonas,Fusobacterium_B,Anaerosacchariphilus,CAG-460,Weissella,Eubacterium,UMGS1532
rep118_seed2143	Mobiluncus,Gemella,Lacticaseibacillus,Citrobacter_A,Cloacibacillus,Brachyspira,CAG-145,UMGS416,Absicoccus,Parolsenella,1XD42-69,Lacrimispora,Dorea_A
rep119_seed2144	Plesiomonas,Leminorella,Negativicoccus,Corynebacterium,UMGS1338,NK4A136,UBA1711,CACZQA01,Longibaculum,HGM12587,Lactococcus,Citrobacter_A,Alistipes
rep120_seed2145	Lachnoclostridium,CAG-791,CAG-269,CAG-485,CAG-312,Faecalicoccus,CAG-1193,Vibrio,KM106-2,Absicoccus,Fenollaria,Peptoniphilus_E,Paraclostridium
rep121_seed2146	Enterococcus_C,Alistipes_A,Oscillibacter,MGYG000000505,Intestinibacter,Serratia,Fusobacterium_A,Faecalitalea,Dorea_A,HGM11327,NSJ-61,UBA7173,VUNI01
rep122_seed2147	CAG-1000,Rikenella,Lancefieldella,HGM10836,NK4A136,CAG-557,Rahnella,UBA4285,Anaerofustis,UMGS1600,Butyrivibrio_A,UBA7185,Holdemania
rep123_seed2148	SCN-57-10,Lachnoclostridium,MGYG000004112,CAG-217,UMGS1004,UBA1417,QAMX01,CAG-594,MGYG000004229,MGYG000000390,Treponema_D,HGM11523,HGM11416
rep124_seed2149	UMGS1901,UBA1394,MGYG000002075,CAG-314,Firm-10,Bittarella,Bacteroides,UMGS1487,UMGS75,Neisseria,QAMX01,MGYG000002685,RUG100
rep125_seed2150	CAG-877,Massiliomicrobiota,Moellerella,Vibrio,Mailhella,UMGS1858,Frisingicoccus,SFHK01,NSJ-63,CAG-245,F23-B02,UMGS263,CAG-628
rep126_seed2151	UMGS1397,Peptoniphilus_C,Massilimaliae,RUG14107,CAG-884,Dorea_B,Porphyromonas_A,UMGS2055,CAG-313,HGM12814,RUG420,Mixta,Lactobacillus
rep127_seed2152	HGM12789,UMGS1484,CAG-312,Senegalimassilia,MGYG000002685,Succiniclasticum,CAG-884,Staphylococcus,Bilophila,UBA1822,Lacrimispora,UBA7160,Merdimonas
rep128_seed2153	UMGS1670,CAG-269,Parasutterella,RUG806,UMGS1889,CAG-145,Paraeggerthella,UMGS1783,Providencia,Porphyromonas_A,GCA-900066755,Mailhella,HGM11327
rep129_seed2154	Coprobacillus,Stenotrophomonas,UBA5394,UMGS1880,Morganella,Anaerosalibacter,CAG-56,UBA738,QAMM01,CAG-873,Clostridium_Q,HGM05232,Ralstonia
rep130_seed2155	UMGS599,CAG-762,UMGS1537,CAG-390,HGM14224,UBA9502,Agathobacter,CAG-196,Coprococcus,CAG-45,Bilophila,HGM11416,QANA01
rep131_seed2156	UMGS902,CABIZH01,Allisonella,UMGS2037,UMGS905,UBA2882,Selenomonas_A,Victivallis,CAG-1193,RC9,CAG-831,CAG-170,Caproiciproducens
rep132_seed2157	UBA636,Moellerella,Anaerosporobacter,Marvinbryantia,UMGS363,UBA4372,UMGS1600,UMGS856,Pseudobutyrivibrio,Negativicoccus,Acinetobacter,Eggerthella,SCN-57-10
rep133_seed2158	UMGS929,51-20,UMGS1477,CAG-194,Phoenicibacter,CAG-177,Ruminococcus_F,HGM12957,UBA3388,Ellagibacter,CAG-45,UMGS680,Paraprevotella
rep134_seed2159	Rikenella,UMGS1883,Rahnella,Stenotrophomonas,KM106-2,UMGS1370,UBA738,Atlantibacter,UMGS1397,AM07-15,QAMH01,Faecalibacillus,Leclercia
rep135_seed2160	Peptoniphilus_C,UMGS905,Ruminococcus_C,RUG13868,Erysipelatoclostridium,MGYG000000674,OM05-12,Mesosutterella,UBA2882,CAG-45,Coprobacter,VUNI01,KM106-2
rep136_seed2161	Acidovorax,Prevotellamassilia,CAAHEQ01,Raoultella,HGM11521,UBA2856,Enterococcus_C,Longicatena,MGYG000000390,UMGS1338,HGM11386,SFTJ01,Harryflintia
rep137_seed2162	Marvinbryantia,Staphylococcus,CAG-196,Acidaminococcus,UMGS966,UBA644,CAG-465,Faecalibacillus,Agathobaculum,Stenotrophomonas,Blautia,RUG420,RF16
rep138_seed2163	SFFH01,Klebsiella,Alterileibacterium,MGYG000004094,Ruminococcus_D,Haemophilus_A,MGYG000004112,CAG-288,UMGS2037,HGM11386,HGM13233,UBA1740,Acetatifactor
rep139_seed2164	CAG-448,Intestinimonas,UMGS1472,Ruminococcus_A,Criibacterium,1XD42-69,RF16,Anaerostipes,Muricomes,Eubacterium,Oscillibacter,CAG-145,Enterococcus
rep140_seed2165	Coprococcus_A,CAG-1000,Eubacterium_I,NSJ-38,Paraclostridium,Varibaculum,Clostridium,Succinivibrio,TM7x,Butyricimonas,Gastranaerophilus,Sneathia,Fannyhessea
rep141_seed2166	QALR01,CACZQA01,CAG-353,Veillonella_A,Enterobacter_D,Odoribacter,Cedecea,SCN-57-10,Kluyvera,UMGS1826,CAG-590,UMGS1766,Weizmannia
rep142_seed2167	Peptacetobacter,MGYG000002702,MGYG000002758,UBA644,Eubacterium_T,Eggerthella,HGM11616,Holdemanella,UBA11471,Coprococcus,UMGS1826,CAG-180,CAG-791
rep143_seed2168	Firm-10,UBA3388,Yokenella,UMGS1472,Cellulosilyticum,Coprococcus_A,Cloacibacillus,Fusicatenibacter,CAG-582,UMGS1810,UBA1232,HGM13233,Cedecea
rep144_seed2169	BX12,UBA9414,UBA6382,CAG-557,Cedecea,Ruminococcus_C,Blautia_A,Amedibacillus,UBA4334,MGYG000004874,CAG-462,UBA9502,HGM04593
rep145_seed2170	MGYG000004850,Hydrogeniiclostridium,CAG-831,Ruminococcus_E,Cloacibacillus,Faecalicoccus,Pseudoruminococcus,Proteus,Methanobrevibacter_A,Kluyvera,UBA4285,UBA1731,UMGS1326
rep146_seed2171	UBA10281,QAMH01,Oribacterium,HGM11368,QANG01,UBA11524,Ruminococcus,Pseudomonas_R,UMGS1397,CAG-288,Eisenbergiella,UMGS1810,UBA11774
rep147_seed2172	SFFH01,Mitsuokella,Lawsonibacter,CAG-822,UBA7102,Pseudescherichia,Enteroscipio,HGM11372,CAG-793,Azonexus,KLE1615,Ruminococcus_C,Fannyhessea
rep148_seed2173	Kluyvera,Varibaculum,CAG-533,Leptotrichia,Intestinimonas,Haemophilus_A,UBA10281,CAG-488,MGYG000002010,Mesosutterella,HGM11368,CAG-557,UMGS1397
rep149_seed2174	MGYG000000346,UMGS911,CAG-510,CAG-269,Desulfovibrio,UMGS902,HGM12814,UBA7702,Bilophila,UMGS1670,Mixta,UMGS1688,Eubacterium_J
rep150_seed2175	RUG13868,GCA-900066495,CAG-110,Duncaniella,Gastranaerophilus,Weizmannia,Raoultibacter,43-108,Garciella,HGM13862,UBA10677,Firm-11,An172
rep151_seed2176	AM51-8,Mitsuokella,S5-A14a,HGM11808,Ruthenibacterium,CAG-1000,Campylobacter,UBA11774,CAG-269,MGYG000003970,CAG-272,Enteroscipio,Brachyspira
rep152_seed2177	Clostridium_P,HGM11808,Companilactobacillus,Mitsuokella,Actinomyces,Acidovorax,UBA945,HGM11616,CAG-1024,GCA-900066755,UBA1711,Lachnospira,Yokenella
rep153_seed2178	RQCD01,Negativicoccus,Superficieibacter,Bacteroides_F,Eubacterium_I,UBA2821,Oribacterium,CAAHEQ01,S5-A14a,UBA6398,HGM11501,RUG472,UBA7160
rep154_seed2179	Desulfovibrio,Longibaculum,HGM12650,UMGS1820,MGYG000001871,HGM12713,Merdibacter,GCA-900066495,CAG-45,UMGS1532,KLE1615,Caecibacter,MGYG000000745
rep155_seed2180	HGM13233,Yersinia,Muricomes,UMGS1224,NSJ-62,UBA1417,HGM11507,UMGS1590,GCA-900066495,Adlercreutzia,CAG-449,UMGS1839,Porphyromonas_A
rep156_seed2181	Actinobaculum,HGM12998,TM7x,Amedibacillus,SFFH01,Stomatobaculum,UBA4871,QAKS01,UBA7185,AM07-15,CAG-353,UMGS905,UMGS1109
rep157_seed2182	CAG-1000,Butyricicoccus_A,RUG13868,MGYG000003945,UBA11524,UBA11774,UMGS1241,UBA1390,Weizmannia,Mobiluncus,CAG-170,UBA2883,Mobilibacterium
rep158_seed2183	HGM13618,Peptococcus,HGM13006,UBA7173,Negativibacillus,UMGS1490,Clostridium_B,MGYG000004094,HGM11417,Neobittarella,Clostridioides,Rubneribacter,Methanobrevibacter_A
rep159_seed2184	AM51-8,UBA5809,Companilactobacillus,Kosakonia,MGYG000000745,RQCD01,RUG410,RUG131,Clostridium_AP,SFGY01,Campylobacter,Fannyhessea,HGM13233
rep160_seed2185	Absicoccus,Faecalicoccus,RUG11198,Acetivibrio_A,UBA9506,Coprobacillus,UMGS1600,UMGS1865,Eubacterium_T,UBA1737,Mixta,QAKD01,UMGS1688
rep161_seed2186	HGM13634,KM106-2,Hungatella_A,RUG13868,UMGS1668,DTU089,MGYG000003855,RUG806,CAAEEV01,UBA1786,Kosakonia,Clostridium_AP,UBA7748
rep162_seed2187	RUG11247,Neisseria,UBA11452,Lentilactobacillus,UMGS856,F0040,HGM13634,UMGS1518,UMGS2055,UMGS1052,Schaedlerella,CAG-452,HGM13233
rep163_seed2188	Hydrogeniiclostridium,Alterileibacterium,UBA738,Kallipyga,UMGS882,MGYG000004556,UMGS1491,UBA11940,UMGS1441,Anaerotignum,CAG-590,Oscillibacter,Anaerobutyricum
rep164_seed2189	Bacilliculturomica,HGM11523,Megasphaera,UMGS692,UMGS1441,Mitsuokella,Robertmurraya,Lactobacillus,NSJ-61,DTU089,Pseudomonas,QANG01,UMGS911
rep165_seed2190	UBA2882,1XD42-69,SFDP01,Cutibacterium,Latilactobacillus,NSJ-50,UCG-010,UBA7488,UBA11517,Eubacterium,TM7x,UMGS1572,Zag111
rep166_seed2191	UMGS1865,Hungatella_A,Staphylococcus,UMGS1384,Anaerococcus,UBA5905,Paraclostridium,KLE1615,OM05-12,UBA5026,Ruminococcus,CAG-354,UMGS1487
rep167_seed2192	UBA940,CAG-417,Proteus,QAKS01,An181,UMGS929,NK4A136,NSJ-32,Lacticaseibacillus,Eubacterium_I,CAG-317,UMGS1202,UMGS680
rep168_seed2193	Porphyromonas,CAG-628,UBA11512,CAG-791,Anaeroglobus,Yokenella,Clostridium_N,UBA5416,MGYG000000505,UBA4372,Paenibacillus,MGYG000004604,MGYG000003297
rep169_seed2194	MGYG000000350,MGYG000004547,Alterileibacterium,MGYG000004229,Escherichia,Enorma,Succinatimonas,CAG-628,Azonexus,CAG-194,RUG806,Dielma,UBA1390
rep170_seed2195	Emergencia,CAG-411,CAG-56,Massilimaliae,UMGS1477,UBA1234,UMGS966,RUG14107,Granulicatella,CAG-41,Duodenibacillus,Faecalitalea,Hungatella_A
rep171_seed2196	Cedecea,CAG-1427,Dialister,An181,UBA9506,Pluralibacter,UMGS1851,MGYG000001871,UBA636,UMGS403,43-108,SFVR01,NC2004
rep172_seed2197	PeH17,Negativicoccus,Enterobacter,UBA10677,UBA940,UMGS1474,CAG-776,Cutibacterium,MGYG000004094,Firm-10,UMGS1883,UMGS1251,Bittarella
rep173_seed2198	Treponema_D,WG-1,HGM14224,Limosilactobacillus,Stenotrophomonas,Epilithonimonas,Anaerosacchariphilus,UBA3388,UBA6345,UMGS416,UMGS1397,CHH4-2,Porphyromonas
rep174_seed2199	CAG-83,Leuconostoc,Limosilactobacillus,Adlercreutzia,HGM11575,Brachyspira,UBA2856,UBA5884,RUG115,Massilimaliae,Streptococcus,Porphyromonas_A,UMGS856
rep175_seed2200	Yokenella,UBA4855,UBA1731,Raoultella,HGM11327,UBA1191,HGM11514,Ruminococcus_D,GCA-900066135,UBA7702,UMGS1375,Duncaniella,UMGS1815
rep176_seed2201	Eubacterium_M,CAG-194,UMGS1590,Klebsiella_A,CAG-776,Oribacterium,SFLA01,UBA940,Pseudobutyrivibrio,UBA11471,UMGS874,Extibacter,Actinobaculum
rep177_seed2202	F0422,Desulfovibrio,Butyricicoccus,Faecalimonas,Plesiomonas,UMGS1326,RUG11247,Peptostreptococcus,Leptotrichia,Campylobacter,Streptococcus,Eubacterium_M,UMGS1840
rep178_seed2203	UMGS1766,UMGS1601,Granulicatella,Paramuribaculum,Nitratidesulfovibrio,Enterococcus_A,MGYG000003289,Megasphaera,CAG-313,Beduini,RF16,Acutalibacter,UBA7102
rep179_seed2204	UBA7185,Catenibacterium,Christensenella,UMGS1611,VUNA01,Pygmaiobacter,Marvinbryantia,Peptococcus,UMGS1591,Salmonella,Bruticola,BX12,Clostridium_E
rep180_seed2205	Duncaniella,Pluralibacter,VUNA01,Succinatimonas,UBA4334,UMGS1933,Enterococcus_A,UMGS1623,Eisenbergiella,MGYG000000390,Haemophilus,UMGS1004,Peptococcus
rep181_seed2206	Psychrobacillus,Exiguobacterium,AM51-8,HGM11514,UBA3263,Eggerthella,UMGS1002,UMGS1668,Dysosmobacter,Robertmurraya,UBA940,UBA1820,RUG13868
rep182_seed2207	CAG-177,HGM12789,HGM11788,UMGS1883,MGYG000003970,CAG-272,UBA1390,OM05-12,Cronobacter,Borkfalkia,Erysipelatoclostridium,Leclercia,Faecalimonas
rep183_seed2208	UBA3263,UMGS902,UMGS1225,Leclercia,Lawsonella,CAG-917,RUG100,Fannyhessea,Alloscardovia,UMGS416,HGM12998,NSJ-50,Clostridium_N
rep184_seed2209	Finegoldia,HGM12998,Sodaliphilus,Paenibacillus,Lachnoclostridium,UBA7748,Faecalitalea,NSJ-32,RUG11198,Paraprevotella,CAG-279,CAG-180,UMGS1307
rep185_seed2210	UBA11524,Anaerotruncus,UBA2882,MGYG000002053,Cetobacterium_A,Eisenbergiella,UMGS902,Clostridium_B,UBA11774,UMGS263,Anaerofustis,CAG-274,Pantoea
rep186_seed2211	UMGS1688,CAG-484,UMGS172,UBA3766,Stomatobaculum,UMGS1600,Zag111,UBA11452,Pseudomonas_E,Bilophila,Absicoccus,SCN-57-10,Lachnoanaerobaculum
rep187_seed2212	MGYG000003289,Marvinbryantia,MGYG000004850,Leclercia,GCA-900066495,GCA-900066135,MGYG000000456,CAG-302,Hafnia,UBA9414,UMGS1864,Firm-10,NSJ-50
rep188_seed2213	Brachyspira,Scardovia,Eubacterium,CAG-95,CAG-452,Peptacetobacter,Rothia,CAG-710,Senegalimassilia,Caecibacter,UBA7597,Lactococcus_A,UMGS1883
rep189_seed2214	MGYG000003970,Leminorella,Serratia,UBA7748,CAG-521,Coprococcus,Cloacibacillus,TWA4,UMGS1663,UBA3402,HGM11575,TF01-11,Citrobacter_B
rep190_seed2215	Massilicoli,CACZQA01,MGYG000002726,MGYG000004029,UBA4855,Hungatella,Lachnoanaerobaculum,UMGS1388,RUG11200,Moellerella,CAG-448,Veillonella,Borkfalkia
rep191_seed2216	UBA1820,UMGS1889,VUNI01,UBA3766,UBA3282,RUG11247,UBA4372,Fannyhessea,UMGS1590,Ruminococcus_F,MGYG000002010,UBA1390,CAG-196
rep192_seed2217	MGYG000004547,HGM13010,Massilicoli,Agathobaculum,NSJ-50,UBA11471,Anaerostipes,MGYG000004061,Porphyromonas_A,Citrobacter_A,Superficieibacter,UMGS1251,Lacticaseibacillus
rep193_seed2218	MGYG000004850,UBA1740,UMGS1795,UBA3818,UMGS1976,Clostridium_A,Mediterraneibacter,Eubacterium_F,Caproiciproducens,Sneathia,UBA1409,MGYG000002216,UBA1417
rep194_seed2219	Rothia,UBA1786,UBA5394,MGYG000002575,Succinatimonas,UMGS577,UMGS1572,RUG131,Negativicoccus,MGYG000004094,Escherichia,UMGS1839,Bulleidia
rep195_seed2220	Mobiluncus,NSJ-62,Lagierella,Leptotrichia,51-20,Stoquefichus,HGM12587,Vibrio,Clostridium_X,CAG-964,Enterocloster,AF33-28,Lactococcus_A
rep196_seed2221	Fournierella,Gabonibacter,UMGS1976,Arabia,Kallipyga,CAG-1193,Phascolarctobacterium,HGM11523,CAG-273,Eubacterium_J,CAG-449,CAG-841,CAG-302
rep197_seed2222	Megamonas,Stoquefichus,Peptoniphilus_A,MGYG000004171,UMGS1338,Lagierella,Klebsiella,UMGS1663,UBA6398,Oscillibacter,Intestinibacter,MGYG000004133,Phil1
rep198_seed2223	Atlantibacter,TWA4,UMGS1484,CAG-485,CAG-510,Tidjanibacter,NSJ-62,Prevotella,UMGS1477,UMGS1613,Anaerotignum,UMGS1387,UBA7102
rep199_seed2224	RUG11198,UBA9414,Amedibacterium,Schaedlerella,Methanobrevibacter_A,Extibacter,Pediococcus,MGYG000004547,UMGS995,Coprobacillus,CAG-628,Mediterraneibacter_A,UMGS1370
rep200_seed2225	Phil1,KLE1615,Caecibacter,UMGS1696,CAG-495,NSJ-38,Marseille-P4683,Gastranaerophilus,Lentilactobacillus,Peptoniphilus_A,Paraprevotella,Leuconostoc,HGM11501
rep201_seed2226	Oribacterium,HGM13006,NSJ-62,Lysinibacillus,Merdibacter,Alterileibacterium,Fannyhessea,Roseburia,Clostridium_P,Cedecea,Phascolarctobacterium_A,Clostridium_Q,Garciella
rep202_seed2227	Zag111,Proteus,CAG-484,Butyricicoccus,UMGS1851,CAG-557,CAG-488,Phocaeicola,DTU089,F0040,UBA11774,Desulfovibrio,Dorea
rep203_seed2228	UBA3263,MGYG000004112,UBA3631,UMGS1839,Enterobacter_D,HGM11808,Desulfovibrio,Ruminococcus,UBA6984,Clostridium,Peptoniphilus_A,HGM13010,UBA5884
rep204_seed2229	CAG-83,UBA1390,Intestinibacter,Gastranaerophilus,Bacilliculturomica,Eubacterium_G,UBA7597,Phytobacter,Massilioclostridium,HGM11523,PeH17,NSJ-50,CAG-95
rep205_seed2230	UMGS1839,UMGS363,UMGS1611,UMGS1623,Limosilactobacillus,CAAHEQ01,AM07-15,CAG-448,UBA7488,GCA-900066905,WRGP01,HGM11507,MGYG000002053
rep206_seed2231	Plesiomonas,UBA4644,Allisonella,TWA4,UMGS911,UBA5026,HGM12814,UBA4372,Gabonibacter,Citrobacter_B,Anaeroplasma,UMGS882,Schaedlerella
rep207_seed2232	UMGS929,Ruminococcus_B,CAG-492,Fusobacterium,UBA4644,UMGS1820,Flavonifractor,Olsenella,Lactococcus_A,Bulleidia,UBA3388,Pygmaiobacter,TM7x
rep208_seed2233	NSJ-63,UMGS124,CAG-1193,UBA7597,Paenibacillus,UMGS731,Ruminococcus_D,Desulfovibrio,Sneathia,Garciella,UMGS1883,Streptococcus,Pauljensenia
rep209_seed2234	Caproiciproducens,Cloacibacillus,Eubacterium_G,Leuconostoc,Hafnia,Parvimonas,UMGS1688,CAG-177,UMGS680,Sneathia,CAG-180,KLE1615,CAG-115
rep210_seed2235	UBA11524,UBA1786,Clostridium_J,CAG-115,UBA940,MGYG000004171,CAG-177,Borkfalkia,Rahnella,UBA5809,Pseudomonas_E,UMGS1864,HGM11416
rep211_seed2236	UBA1786,CAG-273,Arabia,TM7x,QAKD01,Bruticola,Ruminococcus_G,CAAEEV01,Parvimonas,UMGS1603,Agathobacter,HGM11514,TF01-11
rep212_seed2237	CAG-45,Cloacibacillus,UMGS1518,NK3B98,CAG-631,CAAHEQ01,UMGS1839,MGYG000003855,RUG12045,CAG-762,RUG13868,UMGS403,Acetatifactor
rep213_seed2238	CAG-594,UMGS1994,Faecalitalea,MGYG000004850,MGYG000004811,MGYG000004112,HGM12789,UMGS1052,Citrobacter,UMGS1388,Treponema_D,KM106-2,MGYG000000505
rep214_seed2239	Pantoea,DTU089,Blautia,Fannyhessea,Clostridium_F,Leptotrichia,Enterobacter,UBA1777,UBA3388,Bacillus_J,CAG-449,CAG-217,UMGS1224
rep215_seed2240	UBA11940,Clostridium,CAG-724,UMGS1370,Eubacterium,UMGS1388,UMGS1781,HGM11521,Lentilactobacillus,Angelakisella,Clostridium_X,UMGS1326,CABIZH01
rep216_seed2241	RC9,Caproiciproducens,BX12,MGYG000004604,Raoultibacter,MGYG000000390,Murdochiella,HGM13634,CAAEEV01,UMGS1795,Corynebacterium,Paenibacillus_A,UBA3402
rep217_seed2242	Bacteroides_F,Lachnoclostridium,SFTJ01,UBA9475,Peptoniphilus_C,Olsenella_E,MGYG000000745,Finegoldia,Massilistercora,Sodaliphilus,CAG-841,MGYG000002053,CAG-41
rep218_seed2243	Merdibacter,MGYG000002216,Amedibacillus,Parabacteroides,Superficieibacter,CAG-81,UBA11940,Mesosutterella,Paraprevotella,Ligilactobacillus,Slackia,MGYG000004547,RUG100
rep219_seed2244	Stoquefichus,ER4,Yersinia,CAG-460,UMGS577,Enterococcus_B,SFVR01,Enterocloster,UBA5884,PeH17,MGYG000001871,SFDB01,Clostridium_X
rep220_seed2245	Granulicatella,Serratia,Anaerotignum,UBA11471,Lachnospira,CAG-632,Yokenella,Enterobacter_D,51-20,MGYG000003270,Evtepia,RUG806,Psychrobacillus
rep221_seed2246	51-20,CAG-314,UBA6857,Alterileibacterium,RUG705,Faecalibacterium,SFHK01,CAG-312,Muribaculum,Varibaculum,UMGS1490,CAG-103,Pseudomonas_R
rep222_seed2247	Amedibacterium,RUG115,MGYG000004029,UBA11512,Lactiplantibacillus,Lachnoanaerobaculum,Weimerbacter,HGM12650,RUG11247,CAG-484,UMGS1241,Enterococcus_G,Ruminococcus_E
rep223_seed2248	Paraclostridium,Peptoniphilus_C,Desulfovibrio,V9D3004,GCA-900066755,Faecalimonas,UBA3766,Garciella,Phoenicibacter,UMGS1472,CAG-273,Lactobacillus,Acutalibacter
rep224_seed2249	UBA5809,Stomatobaculum,Anaerotruncus,UBA940,Butyricicoccus,UBA1822,Weizmannia,Agathobaculum,MGYG000002797,Gordonibacter,Lactonifactor,CAG-349,Prevotellamassilia
rep225_seed2250	Sporanaerobacter,Johnsonella,CHH4-2,Clostridium_N,Longicatena,Providencia,MGYG000000350,CAG-884,CAG-882,Limosilactobacillus,UMGS1002,UBA1786,UMGS1933
rep226_seed2251	MGYG000004112,CAG-557,MGYG000004133,UC5-1-2E3,RUG13868,UMGS1840,UMGS1388,MGYG000000350,RUG023,UBA7748,UBA11471,Ezakiella,UMGS1537
rep227_seed2252	Latilactobacillus,MGYG000004604,HGM11386,CAG-1031,Pseudoflavonifractor,Neisseria,Borkfalkia,Pseudomonas,QAMH01,MGYG000004443,Gordonibacter,Enterococcus_C,Gemmiger
rep228_seed2253	MGYG000003945,MGYG000004094,Neisseria,MGYG000004177,UBA7173,MGYG000000286,Amulumruptor,Massiliomicrobiota,Zag111,HGM12998,HGM11327,Acidaminococcus,Monoglobus
rep229_seed2254	Eubacterium_R,Methanomassiliicoccus_A,CAG-617,Caproiciproducens,MGYG000004061,MGYG000000505,CAG-56,Finegoldia,UMGS692,MGYG000004604,UMGS905,Clostridium_B,UBA945
rep230_seed2255	UBA7173,UBA1829,CAG-822,Massilioclostridium,Caecibacter,An92,UMGS172,Acetivibrio_A,NSJ-50,Eubacterium_M,CAG-917,UBA4372,CAG-877
rep231_seed2256	Intestinibacter,Hafnia,CAG-590,Niameybacter,UMGS1976,UMGS1781,QALW01,UC5-1-2E3,Negativibacillus,Eubacterium_R,Muricomes,UMGS1865,Neobittarella
rep232_seed2257	Lachnoclostridium,KLE1615,UMGS1975,UMGS1826,MGYG000004133,Butyrivibrio_A,Anaerosporobacter,CAG-841,RUG705,Lachnoclostridium_B,MGYG000002758,Bittarella,UMGS1820
rep233_seed2258	Eggerthella,CAG-451,Mesosutterella,Morganella,Clostridium_J,UMGS1766,MGYG000000587,Ruminococcus_D,Beduini,UBA1232,UBA11940,CAG-274,MGYG000004177
rep234_seed2259	UMGS1474,UMGS1322,Ruminococcus_E,Parolsenella,HGM11588,RUG11200,UBA7102,CAG-303,MGYG000004133,UBA1685,HGM11507,Flavonifractor,UMGS1858
rep235_seed2260	CAG-1193,Bilophila,NSJ-62,Clostridium_F,SFDB01,Clostridium_B,CAG-521,UBA11940,Fannyhessea,UBA9502,HGM14224,RUG420,43-108
rep236_seed2261	CAG-793,MGYG000004172,UMGS1474,Leclercia,HGM11788,Garciella,Oscillibacter,UBA1820,UMGS1224,Clostridium_E,Hungatella_A,UBA4334,HGM11588
rep237_seed2262	NSJ-50,CAG-594,Yersinia,Mixta,SFVR01,UBA1731,UBA7102,Romboutsia,MGYG000004443,UBA1685,Borkfalkia,Citrobacter_A,MGYG000000456
rep238_seed2263	Fusicatenibacter,Methanosphaera,UMGS1663,HGM10836,Absicoccus,CAG-145,UMGS1484,UMGS1600,CAG-313,MGYG000000346,Johnsonella,Borkfalkia,MGYG000002719
rep239_seed2264	Acidovorax,Yokenella,Pseudomonas,HGM11514,CABIZH01,Mobilibacterium,F0422,RUG11198,MGYG000004850,CAG-582,HGM11530,Parasutterella,Peptoniphilus_E
rep240_seed2265	Bacilliculturomica,Muribaculum,V9D3004,CAG-831,Hydrogeniiclostridium,51-20,Cellulosilyticum,UMGS1484,UMGS856,MGYG000004850,43-108,CAG-465,SFJ001
rep241_seed2266	MGYG000004874,Paraeggerthella,Aneurinibacillus,UBA10281,KM106-2,Paramuribaculum,CAG-1193,UMGS966,HGM12713,Clostridium_Q,Sporanaerobacter,NSJ-32,UBA3818
rep242_seed2267	CAG-115,HGM11368,CAG-484,Cloacibacillus,Murdochiella,Yokenella,Anaeroplasma,UBA5920,QAMM01,UBA737,HGM10836,DTU089,SFGY01
rep243_seed2268	Pluralibacter,Sodaliphilus,Eubacterium,Haemophilus_A,UMGS1071,UBA1417,SFLA01,Nitratidesulfovibrio,Citrobacter_A,UBA7160,Acinetobacter,Garciella,Firm-11
rep244_seed2269	1XD42-69,RUG806,NSJ-61,UMGS2055,Mesosutterella,Rikenella,UBA2856,MGYG000001903,UBA7597,UBA1206,CAG-557,UBA11940,Mailhella
rep245_seed2270	CAG-353,CAG-1427,UMGS1397,Eggerthella,NK4A136,UBA7702,Lachnoclostridium,UMGS75,Ruminococcus_F,Haemophilus,QAMX01,SFEL01,Enterococcus
rep246_seed2271	Lagierella,MGYG000000674,CAG-831,Coprobacillus,UBA5026,HGM11372,Faecalibacterium,Butyrivibrio_A,UMGS1611,Bulleidia,Ruthenibacterium,UBA6398,GCA-900066495
rep247_seed2272	RUG115,CAG-81,KM106-2,Enorma,CAG-354,UMGS1883,Rothia,Latilactobacillus,Bacillus_J,CAG-103,UMGS1781,Faecalicoccus,QALW01
rep248_seed2273	Anaerotruncus,Olsenella,Coprobacter,MGYG000004443,F0422,UBA3263,GCA-900066905,UMGS929,Lancefieldella,Eikenella,Phytobacter,Criibacterium,Lacrimispora
rep249_seed2274	MGYG000002053,UBA866,MGYG000003305,CAG-475,UBA11471,HGM11386,Actinomyces,MGYG000001871,Methanosphaera,UMGS1293,Ruminococcus_E,UBA2882,CHH4-2
rep250_seed2275	Mesosutterella,Dialister,CAG-484,QAKW01,UBA3818,UMGS911,QAKS01,Akkermansia,Finegoldia,Murimonas,UBA644,Bruticola,Marvinbryantia
rep251_seed2276	UMGS1490,CAG-279,RUG131,RUG472,UMGS172,Finegoldia,MGYG000001871,Longicatena,An172,UMGS1889,Butyricicoccus_A,Eubacterium_I,CAG-465
rep252_seed2277	MGYG000000350,Longibaculum,Senegalimassilia,CAG-1031,Intestinibacter,CABIZH01,UMGS902,UBA1232,Anaerosporobacter,CAG-762,Pantoea,UMGS1491,UMGS1865
rep253_seed2278	NK3B98,Citrobacter,UMGS1384,Peptostreptococcus,MGYG000004061,Ruminococcus_G,UBA7182,CAG-776,UBA9475,Cedecea,Holdemania,UMGS1293,WG-1
rep254_seed2279	Limosilactobacillus,UMGS1370,Lachnoclostridium_A,UMGS1901,UBA3631,UBA636,Enterococcus_A,Clostridium_A,HGM12650,UMGS1696,Senegalimassilia,Dysgonomonas,MGYG000004094
rep255_seed2280	MGYG000003855,Faecalibacterium,Evtepia,OM05-12,MGYG000002685,MGYG000004133,MGYG000002053,HGM11575,CAG-449,UBA1390,CAG-492,Paenibacillus_A,MGYG000004094
rep256_seed2281	UBA3388,Blautia_A,Adlercreutzia,MGYG000004604,Peptoniphilus_B,Eisenbergiella,UMGS1397,Amulumruptor,UBA7702,CAG-95,F082,QAKW01,MGYG000004660
rep257_seed2282	Superficieibacter,NSJ-61,Clostridium_A,Aneurinibacillus,V9D3004,MGYG000004660,UMGS1472,UBA7597,UMGS1781,CAG-217,CAG-877,UMGS403,Phil1
rep258_seed2283	Phil1,UBA9475,DUOT01,Rubneribacter,UMGS1810,HGM10836,Pseudoruminococcus,Pediococcus,UBA6382,Actinobaculum,Acetivibrio_A,UMGS2055,CAG-510
rep259_seed2284	CAG-582,UMGS1322,Angelakisella,Gemmiger,Butyrivibrio_A,UMGS1387,Psychrobacillus,UBA1234,Bariatricus,Alistipes_A,Firm-07,Massilistercora,UMGS2016
rep260_seed2285	Hungatella_A,Akkermansia,QALS01,Caecibacter,UMGS1225,Parvimonas,Marseille-P4683,Turicibacter,UMGS874,Varibaculum,UMGS1375,Dorea_A,UMGS1781
rep261_seed2286	Longibaculum,Dysosmobacter,MGYG000002216,Robertmurraya,Erysipelatoclostridium,Fusicatenibacter,Gemella,Mailhella,MGYG000004874,Dielma,Negativicoccus,HGM12998,HGM11521
rep262_seed2287	UMGS1251,CAG-793,QAMM01,GCA-900066905,UBA1181,Eubacterium,Cellulosilyticum,RUG572,CAG-488,Methanosphaera,MGYG000000728,RF16,UMGS1975
rep263_seed2288	Holdemanella,UMGS1591,UMGS1202,An172,UMGS1975,UMGS124,RUG131,UMGS1490,UMGS1474,Morganella,HGM11372,HGM13862,Mobiluncus
rep264_seed2289	Clostridioides,SFHK01,UMGS1540,SFDP01,Peptococcus,Lactonifactor,PeH17,UBA3818,Bulleidia,Eubacterium_R,MGYG000002696,SFFH01,MGYG000000378
rep265_seed2290	CAG-1427,MGYG000004811,HGM11501,RUG472,Murdochiella,UBA4716,Paramuribaculum,UBA10677,Marseille-P3106,CAG-873,Morganella,Peptococcus,Anaeroplasma
rep266_seed2291	NSJ-63,QANG01,Mesosutterella,Neobittarella,Robinsoniella,Christensenella,UMGS1623,Peptoniphilus_C,Escherichia,UBA5884,SFJ001,GCA-900066905,Anaeroglobus
rep267_seed2292	UBA6984,RUG11198,UMGS403,CAAEEV01,Pauljensenia,Clostridium_F,Mesosutterella,UBA9414,Weizmannia,UBA4644,CAG-831,CAG-170,UMGS1487
rep268_seed2293	Clostridium_Q,UBA9502,UMGS1901,CAG-488,RUG806,Fenollaria,Dysosmobacter,Hungatella,CAG-302,MGYG000004133,Schaedlerella,UBA5920,Niameybacter
rep269_seed2294	An172,UBA1731,RUG806,Corynebacterium,Methanosphaera,MGYG000002797,RUG410,UMGS1611,Weissella,Weizmannia,Merdibacter,Marvinbryantia,Eubacterium_R
rep270_seed2295	Firm-11,HGM13222,UBA7597,MGYG000002696,Negativicoccus,Bifidobacterium,Roseburia,Lactiplantibacillus,Klebsiella_A,CACZQA01,UMGS1307,Leptotrichia,UBA945
rep271_seed2296	Pygmaiobacter,Ruminococcus_D,UMGS403,QALW01,UMGS1518,CHH4-2,Christensenella,Neisseria,CAG-594,Weimerbacter,CAG-272,Lysinibacillus,Klebsiella_A
rep272_seed2297	Christensenella,Holdemanella,CAG-452,Ruminococcus_B,Anaerosporobacter,UMGS1826,An172,Gemmiger,Ligilactobacillus,SFLA01,CAG-81,MGYG000002696,MGYG000004850
rep273_seed2298	UMGS966,CAG-180,UMGS416,HGM11327,CAG-521,Coprobacter,MGYG000004556,Clostridium_J,CAG-488,Dorea,CAG-452,UBA1829,MGYG000004380
rep274_seed2299	RUG705,Eubacterium_J,Hungatella,Ligilactobacillus,Pyramidobacter,Enterococcus_G,Enterococcus_B,Paenibacillus,MGYG000000425,MGYG000001871,An181,HGM11575,Lachnoclostridium_A
rep275_seed2300	CHH4-2,Faecalibacillus,CAG-590,Streptococcus,Salmonella,QAMX01,UBA1820,UMGS1883,TWA4,Hydrogeniiclostridium,Campylobacter_A,Catenibacterium,SFGY01
rep276_seed2301	CAAHEQ01,Bacteroides_F,Alistipes,UMGS1810,Holdemanella,Phascolarctobacterium,UMGS1338,UBA7702,UMGS1603,Methanomassiliicoccus_A,Mediterraneibacter_A,Mitsuokella,CAG-314
rep277_seed2302	Dielma,Exiguobacterium,UMGS1312,Evtepia,Peptoniphilus_A,UMGS1572,F23-B02,Bilophila,CAG-475,Streptococcus,UBA6984,Proteus,Paraprevotella
rep278_seed2303	Anaerobutyricum,SFEL01,Angelakisella,UBA6382,Bilophila,CAG-724,CAG-831,Arcanobacterium_A,Rothia,Lachnoclostridium,UMGS2016,Pygmaiobacter,S5-A14a
rep279_seed2304	CAG-1427,AM51-8,Succiniclasticum,UCG-010,MGYG000002216,UMGS1071,Vibrio,Lactococcus,UMGS1109,UMGS1994,MGYG000000350,Phocaeicola,RF16
rep280_seed2305	S5-A14a,MGYG000004172,Pseudomonas,Prevotella,Lachnoclostridium,HGM11327,MGYG000000574,UMGS1491,Stenotrophomonas,SCN-57-10,Stoquefichus,VSOB01,Succiniclasticum
rep281_seed2306	CAG-791,Marseille-P4683,Porphyromonas,Anaerotruncus,UBA1752,HGM12650,MGYG000004177,AM51-8,Mesosutterella,Lawsonella,Romboutsia,UBA4871,UBA3631
rep282_seed2307	Neobittarella,RUG131,AM07-15,Providencia,HGM11530,QALR01,WG-1,UBA11512,UMGS1872,Amedibacillus,Varibaculum,CAG-354,Blautia_A
rep283_seed2308	UBA11517,UMGS1384,UMGS1865,Haemophilus_A,Campylobacter,MGYG000004727,Anaerofustis,CAG-776,UMGS1872,MGYG000001953,UMGS2037,UMGS1633,Campylobacter_A
rep284_seed2309	UMGS1603,CAG-460,UMGS966,UBA3818,HGM12814,RUG100,HGM12587,MGYG000002575,MGYG000004660,MGYG000000456,Methanobrevibacter_A,RUG420,UBA5884
rep285_seed2310	Intestinibacter,QAKD01,CACZQA01,UBA1232,TM7x,MGYG000002702,UMGS1865,Kallipyga,Ruminococcus_A,CAG-590,HGM13634,Odoribacter,UMGS1933
rep286_seed2311	MGYG000002719,Fusobacterium_A,Peptoniphilus_E,Limosilactobacillus,Negativibacillus,UBA1206,Lachnoanaerobaculum,UMGS1865,UMGS1491,Arcanobacterium_A,Lactiplantibacillus,UMGS1663,Turicimonas
rep287_seed2312	MGYG000000346,Coprobacter,Clostridium_AQ,GCA-900066905,Cloacibacillus,Bittarella,UMGS1375,Beduini,QAMH01,Hydrogeniiclostridium,Bacillus_J,SFEL01,UBA5394
rep288_seed2313	UBA5416,Weimerbacter,Flavonifractor,UMGS416,HGM11523,HGM11521,Ruminococcus_F,Intestinimonas,UMGS1795,Dielma,UMGS1840,UBA7185,UMGS1994
rep289_seed2314	CAG-917,Pseudoflavonifractor,MGYG000004811,CAG-145,Methanosphaera,UBA4334,Eubacterium,RUG705,Clostridium_E,Morganella,An92,UMGS1388,Weimerbacter
rep290_seed2315	Enterobacter_D,MGYG000004177,CAG-288,Lysinibacillus,UBA1375,Phil1,CAG-465,Lacticaseibacillus,QALW01,Eubacterium_T,CAG-353,Cedecea,Faecalimonas
rep291_seed2316	Schaedlerella,Odoribacter,UMGS1633,CAG-831,UMGS1766,Beduini,Klebsiella_A,MGYG000000425,Raoultibacter,CAG-762,UMGS1071,Eikenella,Arabia
rep292_seed2317	HGM11507,UBA1390,Barnesiella,CAG-475,UBA5416,Faecalibacterium,UMGS1613,UMGS1397,Eubacterium_F,HGM11575,Eubacterium,Bariatricus,CAG-217
rep293_seed2318	VSOB01,Sutterella,CAG-917,Paenibacillus_A,Mailhella,RUG115,Cetobacterium_A,CAG-841,Prevotellamassilia,CAG-349,Holdemania,Anaeroplasma,Clostridium_P
rep294_seed2319	Dialister,UMGS1839,Caecibacter,UBA5905,RUG12045,Pseudobutyrivibrio,MGYG000000745,Victivallis,UMGS1933,CAG-510,Mediterraneibacter_A,RUG115,UBA1191
rep295_seed2320	Eubacterium_T,Ruminococcus_A,UBA11517,UMGS172,UBA5026,MGYG000003945,Kosakonia,Lancefieldella,Anaeromassilibacillus,MGYG000002683,Clostridium_X,UMGS1611,Odoribacter
rep296_seed2321	Yersinia,Lachnoclostridium_A,Clostridium_J,Providencia,Clostridium_AQ,Sutterella,Aneurinibacillus,QAMH01,UMGS1865,UBA2856,NSJ-63,Bacillus_A,MGYG000004172
rep297_seed2322	CAG-95,COE1,Megamonas,Phascolarctobacterium,Muribaculum,QAMH01,UMGS1933,Mailhella,Lactonifactor,UBA3263,Lawsonella,Turicimonas,Anaerosalibacter
rep298_seed2323	MGYG000004443,MGYG000000674,UBA1191,CAG-462,F0422,CAG-590,RUG11247,UMGS1312,CAG-314,UBA1394,UMGS874,Serratia,Massilistercora
rep299_seed2324	UMGS966,UMGS1603,UMGS1865,CAG-632,CAG-95,UMGS1766,UBA5809,UBA7748,UBA1181,Phascolarctobacterium_A,Turicibacter,Clostridium_AP,UMGS1312
rep300_seed2325	Dorea_B,HGM11416,UBA2882,Stoquefichus,UBA945,Clostridium_A,Prevotellamassilia,Streptococcus,UMGS1109,Oxalobacter,Scardovia,Ezakiella,Murimonas
rep301_seed2326	Eikenella,Stoquefichus,Eubacterium_J,Tidjanibacter,Peptoniphilus_E,Pediococcus,Aneurinibacillus,Succiniclasticum,Megasphaera,SFGY01,NK4A136,Adlercreutzia,UBA11471
rep302_seed2327	HGM12814,CABIZH01,Coprococcus,D5,UBA7488,CAG-238,Enterococcus_A,UBA3402,Pseudomonas_E,Treponema_D,UMGS692,UMGS75,Ruminococcus_D
rep303_seed2328	Bacillus_J,UBA7173,RC9,MGYG000000456,Citrobacter,UBA1409,Dialister,UMGS263,RUG11200,UMGS1994,CAG-1000,F082,Marseille-P4683
rep304_seed2329	Blautia,CAG-288,MGYG000000425,Acidaminococcus,UBA7597,UMGS902,UBA7185,UBA1777,UBA11471,Ruminococcus_F,Enterococcus_B,Catenibacterium,Firm-10
rep305_seed2330	CAG-465,QAKD01,Enterococcus,UMGS1532,Slackia_A,QALR01,QAMH01,Harryflintia,Mesosutterella,MGYG000000387,CAG-776,Holdemania,UMGS1865
rep306_seed2331	Pseudomonas_E,Lawsonibacter,RUG12045,CAG-238,UBA11774,UMGS124,Lachnoanaerobaculum,UBA1777,S5-A14a,Anaerosporobacter,UMGS1883,QAKD01,Bilophila
rep307_seed2332	Pluralibacter,Clostridium_AQ,HGM13233,Neisseria,Arabia,HGM11507,Proteus,Firm-07,CAG-484,SFDP01,MGYG000004172,MGYG000003490,Longicatena
rep308_seed2333	CAG-533,CAG-238,Veillonella,Treponema_D,UBA5905,Clostridium_AQ,UMGS1696,UBA4372,UMGS1052,UBA2856,S5-A14a,Mailhella,Salmonella
rep309_seed2334	UBA5394,Oscillibacter,UMGS1387,Serratia,Pseudomonas_R,HGM12713,NSJ-61,Pyramidobacter,UBA2856,HGM05232,Veillonella,Pygmaiobacter,MGYG000004061
rep310_seed2335	Robinsoniella,NSJ-63,CAG-776,CAG-448,Weimerbacter,Clostridioides,Dorea,Flavonifractor,Mitsuokella,UBA4871,MGYG000002702,UBA1752,Azonexus
rep311_seed2336	HGM13634,HGM11368,Campylobacter,Kosakonia,Neobacillus,Eikenella,CAG-312,Ezakiella,Varibaculum,Eubacterium_T,CAG-462,UBA7182,UMGS1071
rep312_seed2337	F0040,Gemella,CAG-45,Longicatena,Lactonifactor,UMGS1933,UBA7173,CAG-194,Rahnella,Parvimonas,UMGS1418,Evtepia,UBA9506
rep313_seed2338	Negativibacillus,Raoultella,UMGS1490,SFLA01,Turicibacter,HGM14224,UBA7748,Acetatifactor,Massilistercora,Kluyvera,UCG-010,MGYG000000674,Absicoccus
rep314_seed2339	UBA7173,Murimonas,TM7x,Bacilliculturomica,Dorea_A,Amedibacterium,HGM11808,UMGS882,UMGS268,Megamonas,UMGS1002,UMGS1590,UMGS599
rep315_seed2340	SFFS01,MGYG000004443,Lactiplantibacillus,Merdibacter,CAG-452,CAG-127,Aggregatibacter,Actinomyces,UBA1777,Weizmannia,UBA2821,HGM13010,Monoglobus
rep316_seed2341	RQCD01,MGYG000000587,MGYG000002758,UMGS1975,Johnsonella,Actinomyces,MGYG000002726,Citrobacter,Catenibacillus,Porphyromonas,UBA7185,QAKD01,CAG-417
rep317_seed2342	QAKW01,UMGS1474,Sporanaerobacter,CAG-196,TM7x,HGM13006,Eggerthella,Clostridium_A,Leclercia,CAG-533,Paenibacillus_A,Acinetobacter,Christensenella
rep318_seed2343	UMGS966,Cedecea,UMGS1826,Parvimonas,Serratia,Mailhella,SFFS01,Lachnoclostridium,Massilicoli,MGYG000002685,Parolsenella,Anaerosalibacter,UBA2856
rep319_seed2344	UBA7173,CAG-390,Odoribacter,Corynebacterium,Fusobacterium,RQCD01,Hafnia,Acidaminococcus,UMGS1820,CAG-917,Mitsuokella,QANA01,UMGS1976
rep320_seed2345	Firm-11,RUG11247,Anaerocolumna,UBA11512,HGM13618,Mailhella,UMGS946,Intestinimonas,Gordonibacter,UBA1740,UMGS1865,Haemophilus,MGYG000003970
rep321_seed2346	CAG-484,D5,CAG-521,MGYG000004061,HGM11588,Frisingicoccus,V9D3004,MGYG000004029,CAG-353,Stenotrophomonas,UMGS1623,TF01-11,MGYG000000387
rep322_seed2347	OM05-12,CAG-1031,Paenibacillus_A,Bacteroides_F,CAG-452,UBA4716,Victivallis,Atlantibacter,Senegalimassilia,NSJ-38,UMGS1532,UC5-1-2E3,Raoultella
rep323_seed2348	Neobittarella,MGYG000004443,UMGS680,Eubacterium_J,Alloprevotella,Muribaculum,RUG131,Frisingicoccus,Anaerocolumna,CAG-465,Ruminiclostridium_E,UMGS1820,Paenibacillus_A
rep324_seed2349	UMGS172,UBA1752,Megamonas,UMGS1851,UBA4285,Enterobacter_D,CAG-302,Lysinibacillus,Allisonella,An92,Hafnia,Senegalimassilia,VUNI01
rep325_seed2350	CAG-390,UMGS1004,Clostridium_B,UMGS1474,UMGS1696,UBA1822,Sodaliphilus,UMGS1052,Veillonella,Lacticaseibacillus,UBA3388,Bacillus_J,RUG023
rep326_seed2351	CAG-269,MGYG000000728,Alistipes,Cedecea,NSJ-61,RUG023,UMGS1253,Pseudoruminococcus,Garciella,UBA5905,UMGS1690,UBA11774,Criibacterium
rep327_seed2352	Finegoldia,Clostridium_J,MGYG000002758,51-20,OM05-12,UMGS1668,WG-1,RUG11247,Pseudomonas_R,Robertmurraya,CAG-884,UMGS1690,UMGS599
rep328_seed2353	Flavonifractor,Pseudoflavonifractor,MGYG000002053,Peptoniphilus_A,UMGS1224,RQCD01,UMGS966,UMGS1326,UBA7057,MGYG000000574,Robertmurraya,Butyricimonas,Zag111
rep329_seed2354	UBA9475,HGM11525,CAG-194,Kallipyga,QALS01,NC2004,UBA644,UBA7182,UMGS1474,UBA1390,UMGS995,UBA4372,Ruminiclostridium_E
rep330_seed2355	Desulfovibrio,UMGS1202,UMGS1590,Phoenicibacter,CAG-279,CAG-56,Arabia,MGYG000000390,Oscillibacter,UBA1234,MGYG000002702,HGM14224,UMGS1418
rep331_seed2356	CAG-303,Catenibacterium,UMGS1851,Limosilactobacillus,UMGS403,Neisseria,WG-1,Providencia,Fusobacterium,Niameybacter,UMGS1611,Amedibacterium,MGYG000000350
rep332_seed2357	UMGS1839,Bilophila,CAG-217,MGYG000003970,Scardovia,Gemmiger,UBA2821,Acidovorax,Longibaculum,QAKW01,Granulicatella,Klebsiella,F0422
rep333_seed2358	UMGS1109,TWA4,Bacillus_J,43-108,CAG-45,Actinobaculum,Dorea_A,Methanobrevibacter_A,Fusobacterium,CAG-831,UMGS1370,NSJ-61,AM51-8
rep334_seed2359	Proteus,UMGS577,NSJ-38,UMGS1441,Longicatena,Selenomonas_A,F23-B02,F082,UBA3631,Pantoea,Butyricimonas,An92,UMGS1590
rep335_seed2360	Monoglobus,MGYG000002575,QALW01,Zag111,CAAHEQ01,Neisseria,QAMX01,UMGS1668,RF16,Mobilibacterium,UMGS1670,Caproiciproducens,Neobacillus
rep336_seed2361	UCG-010,MGYG000002053,CAG-272,Scardovia,Akkermansia,Extibacter,Salinicola,MGYG000004061,CAG-145,Agathobacter,SFMI01,UMGS874,ER4
rep337_seed2362	Merdibacter,Garciella,UBA1234,UMGS1251,Plesiomonas,MGYG000004127,MGYG000004094,CAG-238,Enteroscipio,Parvimonas,CAG-917,CAG-628,AM51-8
rep338_seed2363	Peptacetobacter,UBA7597,Mailhella,HGM11525,Sellimonas,CAG-317,CAG-791,Blautia_A,UBA644,UBA737,UMGS1872,UMGS1858,CAG-485
rep339_seed2364	Borkfalkia,Alistipes_A,Mailhella,Pantoea,Caecibacter,Lactococcus,Salinicola,UBA1820,UMGS1370,Catenibacillus,UBA11940,UBA7182,Actinobaculum
rep340_seed2365	Eubacterium_T,Gastranaerophilus,CAG-631,HGM11416,UMGS1484,UBA1731,Pluralibacter,CAG-238,Criibacterium,Johnsonella,MGYG000001871,SFMI01,Clostridium_AP
rep341_seed2366	Pseudomonas_R,Pseudomonas,UMGS1387,Cedecea,HGM13634,UCG-010,UMGS75,UBA7160,Faecalibacterium,UBA11774,TF01-11,Epilithonimonas,Sodaliphilus
rep342_seed2367	Actinobaculum,MGYG000004547,Clostridium_P,MGYG000004874,UBA1829,GCA-900066905,Coprococcus_A,Ruminococcus_A,MGYG000004660,Hungatella,CAG-617,Lawsonibacter,PeH17
rep343_seed2368	CAAEEV01,Leclercia,UMGS1384,UBA866,UBA10677,HGM11788,Neisseria,Yokenella,HGM04593,Firm-07,Oribacterium,Lentilactobacillus,Parasutterella
rep344_seed2369	UMGS1781,Ruminococcus,Clostridioides,CAG-603,Eggerthella,UMGS1384,SFVR01,Mailhella,Lacrimispora,Aneurinibacillus,TM7x,Varibaculum,SFEL01
rep345_seed2370	CAG-495,UBA9475,Ezakiella,RUG12045,UBA5394,Massilimaliae,CAG-762,UMGS1241,51-20,1XD42-69,Chimaeribacter,Dysosmobacter,UMGS1901
rep346_seed2371	UMGS905,CAG-465,Salinicola,CAG-274,Exiguobacterium,Latilactobacillus,HGM11507,Blautia,UBA636,Rahnella,Sutterella,CAG-1000,MGYG000004556
rep347_seed2372	Intestinibacter,Butyricicoccus,HGM12814,UMGS1600,Eubacterium_I,Faecalibacillus,Pantoea,Pediococcus,HGM13862,Absicoccus,UMGS1338,CAG-41,UBA1685
rep348_seed2373	UMGS1872,Duncaniella,MGYG000002758,HGM11368,UBA7185,Ruminococcus_D,HGM11327,Fusobacterium_B,UBA5446,MGYG000004061,Eubacterium_J,UMGS1441,UBA5905
rep349_seed2374	Aeromonas,Dialister,UBA866,CAG-411,Hungatella_A,Dorea,UBA1777,Klebsiella_A,HGM11368,Escherichia,MGYG000000425,Superficieibacter,Vibrio
rep350_seed2375	CAG-873,UMGS1441,Ruminiclostridium_E,Enterobacter,CAG-390,CAG-349,UMGS1933,UBA9414,UBA7102,UMGS599,Acidovorax,CAG-533,CAG-484
rep351_seed2376	UMGS905,Clostridium_AP,RUG11200,Butyricimonas,UBA737,Gabonibacter,UMGS1004,Lachnoclostridium_B,Fusobacterium_C,TF01-11,Eubacterium,MGYG000004177,CAG-180
rep352_seed2377	Lagierella,UMGS1690,Caecibacter,RUG131,Negativicoccus,RUG572,HGM11417,Companilactobacillus,CAG-110,Pygmaiobacter,UMGS1532,UMGS1474,NSJ-61
rep353_seed2378	Dysosmobacter,Mediterraneibacter,SFVR01,Schaedlerella,UMGS1397,MGYG000004556,Mobiluncus,Dorea_A,Anaerocolumna,UBA5884,MGYG000000728,Eubacterium_R,Extibacter
rep354_seed2379	CAG-582,CAG-417,Dorea_B,UBA4871,Parvimonas,Anaeroplasma,RUG131,UCG-010,Lactococcus_A,MGYG000004229,Weimerbacter,MGYG000000505,SFEL01
rep355_seed2380	Borkfalkia,Fournierella,MGYG000004029,UMGS1826,Anaerofustis,MGYG000002702,UBA9475,MGYG000003305,Anaerobutyricum,HGM12713,Azonexus,QAMX01,Oxalobacter
rep356_seed2381	UBA4644,RUG14107,CAG-582,Phascolarctobacterium_A,Clostridium_A,Lawsonibacter,CAG-877,Salmonella,Raoultella,CAG-475,Campylobacter_A,CAG-776,Phytobacter
rep357_seed2382	CAG-110,UBA1752,MGYG000000456,UMGS1370,UBA1394,UBA2883,UMGS1851,MGYG000004443,Pluralibacter,Negativibacillus,CAG-762,HGM12713,UBA1685
rep358_seed2383	CAG-465,UBA11471,UBA4285,Evtepia,UMGS1851,UMGS1591,UMGS1241,UMGS1975,MGYG000004811,UBA5884,UBA6857,UMGS1670,UBA6345
rep359_seed2384	Faecalimonas,CAG-882,Leclercia,UBA3631,RUG131,Paenibacillus_A,CAG-317,QAKS01,RUG11198,Megasphaera,CAG-1031,OF09-33XD,Massilioclostridium
rep360_seed2385	Ruminococcus_D,MGYG000003297,UBA5446,Eubacterium_M,Rikenella,Murimonas,HGM12713,MGYG000000728,HGM11616,UMGS995,Lactiplantibacillus,Agathobaculum,Fusobacterium
rep361_seed2386	HGM11808,Sodaliphilus,Catenibacillus,Serratia,CAG-354,CAG-873,UMGS1820,UMGS1590,CAG-273,Duncaniella,UMGS2055,Megasphaera,Atlantibacter
rep362_seed2387	HGM11368,UMGS599,UBA9506,RUG131,Megamonas,Pyramidobacter,MGYG000000390,UBA7173,Mixta,UMGS1611,CAG-194,CAG-877,Ruminococcus_F
rep363_seed2388	NSJ-63,CAG-390,Mesosutterella,UBA9506,Fournierella,Fannyhessea,CAG-317,Dorea_A,UBA9414,UMGS1883,UBA1206,Ruminococcus_C,Bulleidia
rep364_seed2389	Anaeroglobus,Klebsiella_A,Pygmaiobacter,Ruminococcus_A,Neisseria,Emergencia,UBA4285,Phascolarctobacterium,Enterococcus_B,Eikenella,RUG572,UMGS1540,Lachnospira
rep365_seed2390	UMGS1933,Roseburia,CAG-724,Kluyvera,Pseudoflavonifractor,UBA5446,UBA11517,Lactococcus_A,Turicibacter,Eubacterium_M,CAG-884,Enterococcus_D,Enterobacter
rep366_seed2391	UMGS929,UMGS1491,Catenibacillus,SFLA01,SFGY01,HGM11507,Enterococcus,MGYG000004094,UMGS577,CAG-582,UMGS946,UMGS1933,UMGS1241
rep367_seed2392	Duodenibacillus,Harryflintia,Marseille-P3106,Enterocloster,Lacrimispora,Clostridium_Q,HGM04593,Gastranaerophilus,Extibacter,Scardovia,UBA2821,MGYG000000387,MGYG000003490
rep368_seed2393	UMGS946,UMGS268,Eikenella,Selenomonas_C,CAG-45,HGM11514,Allisonella,Amulumruptor,HGM12587,UMGS1880,CAG-83,HGM11507,CAG-145
rep369_seed2394	Neobittarella,Veillonella,CAG-724,CAG-492,VUNA01,Firm-10,MGYG000004660,MGYG000003289,Fusobacterium,MGYG000000574,Lawsonibacter,UC5-1-2E3,Muricomes
rep370_seed2395	Pseudomonas,Paenibacillus,UMGS1387,CAG-533,Aneurinibacillus,UMGS1224,PeH17,CAG-882,Clostridium_Q,CAG-831,UMGS1600,UMGS1781,Sodaliphilus
rep371_seed2396	Akkermansia,CAG-272,CACZQA01,UBA1691,HGM13006,Bacillus_J,Anaeroglobus,AF33-28,Acetivibrio_A,MGYG000003945,Lachnoanaerobaculum,CAG-882,Campylobacter_B
rep372_seed2397	CAG-762,UMGS577,Lentilactobacillus,Azonexus,UBA636,MGYG000002726,UBA4285,UMGS1623,Dorea_B,CAG-180,HGM11416,UMGS1540,Anaeroplasma
rep373_seed2398	UMGS1491,UMGS403,Mobilibacterium,HGM11372,Agathobacter,HGM11575,HGM11788,UMGS1613,HGM11501,UBA11524,Pantoea,Harryflintia,Selenomonas_A
rep374_seed2399	Blautia_A,CAAEEV01,Eikenella,UBA7185,Superficieibacter,CAG-510,CAG-617,Enterococcus_G,HGM12814,Butyrivibrio_A,UBA4285,NSJ-63,Psychrobacillus
rep375_seed2400	CAG-56,MGYG000004172,UBA10677,MGYG000004127,Edwardsiella,Cetobacterium_A,Eubacterium_J,UMGS1484,Raoultibacter,Lactococcus_A,NSJ-62,UMGS1600,UMGS1307
rep376_seed2401	TM7x,Enteroscipio,MGYG000004061,Turicimonas,Paenibacillus_A,QANA01,CAG-1024,Amedibacterium,UBA1820,MGYG000000456,QANG01,Chimaeribacter,Weizmannia
rep377_seed2402	CAAEEV01,Pantoea,Selenomonas_A,UMGS1326,Epilithonimonas,Negativicoccus,CAG-628,Robinsoniella,Extibacter,Dialister,Massilimaliae,SFGY01,Ralstonia
rep378_seed2403	UMGS1815,UMGS1251,UMGS1002,UBA1737,Stenotrophomonas,UBA4855,Eubacterium_T,Pseudomonas_E,Companilactobacillus,UBA5905,UBA4285,Limosilactobacillus,Leclercia
rep379_seed2404	V9D3004,UMGS1815,HGM05232,DTU089,CAG-145,UBA738,Enterococcus_A,Clostridium_P,Victivallis,Oscillibacter,Emergencia,CAG-632,Massilioclostridium
rep380_seed2405	Raoultella,UMGS1611,HGM11616,Serratia,MGYG000004660,CAG-196,UMGS1490,UMGS731,Massilistercora,UMGS1004,Eikenella,Neobittarella,Vibrio
rep381_seed2406	CAG-628,Citrobacter,Alistipes,GCA-900066905,UBA2883,Haemophilus_D,CAG-557,Anaerococcus,CAG-582,CAG-964,Eubacterium,Pseudoruminococcus,Peptococcus
rep382_seed2407	Citrobacter_B,Enterococcus_A,SFGY01,Bruticola,UBA4644,Neobittarella,MGYG000000574,UBA7488,Bacillus_A,UMGS1375,Tidjanibacter,Pluralibacter,Parasutterella
rep383_seed2408	UMGS1241,UMGS1826,Parabacteroides,CAG-495,Clostridium_N,MGYG000004660,RUG12045,Neobacillus,UBA1191,Yersinia,MGYG000002075,Veillonella,Lacrimispora
rep384_seed2409	CAG-762,HGM11417,Peptoniphilus_B,SFHK01,CAG-1193,UMGS1253,HGM12713,Mediterraneibacter_A,Dialister,UBA1822,Lactococcus_A,Hafnia,Anaeroglobus
rep385_seed2410	Veillonella,UBA6857,Epilithonimonas,Anaerocolumna,KLE1615,Fannyhessea,UBA7102,Massilimaliae,CAG-822,Caproiciproducens,UMGS1326,RC9,UMGS1540
rep386_seed2411	KLE1615,Campylobacter_A,TWA4,Anaeromassilibacillus,HGM11417,Yokenella,UBA1691,UMGS1820,Paraprevotella,UMGS1370,CAG-631,CAG-617,Lactonifactor
rep387_seed2412	CAG-110,MGYG000004172,UBA3766,Yersinia,Salmonella,UMGS1670,UMGS1663,Megamonas,CAG-884,Fournierella,An172,Gordonibacter,CAG-582
rep388_seed2413	UMGS1326,Latilactobacillus,Fusobacterium,Amedibacillus,UBA6345,Extibacter,Eubacterium_R,CAG-628,CAG-170,Campylobacter_B,CAG-83,CAG-521,UBA11774
rep389_seed2414	MGYG000000387,Agathobacter,Alistipes_A,Clostridium_B,Anaeroglobus,UBA9414,UMGS1590,NK4A136,Psychrobacillus,Harryflintia,Megasphaera,RUG705,CAG-884
rep390_seed2415	Criibacterium,Eubacterium_I,GCA-900066755,Ruminococcus,Eubacterium_M,CAG-762,CAG-831,UBA4334,Clostridium_E,Clostridium_AQ,NSJ-38,Peptoniphilus_E,Enterococcus_C
rep391_seed2416	CAG-390,CAG-196,UBA2821,NK4A136,WRGP01,SFDB01,CAG-533,Muribaculum,UBA3402,NSJ-38,CAG-288,Moellerella,UBA1711
rep392_seed2417	Eubacterium_J,Campylobacter_B,CAG-312,UMGS1603,Negativicoccus,Cedecea,Longibaculum,Sneathia,MGYG000002683,SFMI01,Leptotrichia,F23-B02,Eubacterium_G
rep393_seed2418	Eubacterium_M,MGYG000002719,Finegoldia,MGYG000004061,Anaeroplasma,UMGS1839,CAG-462,UMGS902,UBA5026,Duncaniella,CAG-272,MGYG000001953,UMGS874
rep394_seed2419	MGYG000002075,UMGS1004,Eisenbergiella,Clostridium_F,CAG-492,NSJ-63,Enterococcus,TM7x,UBA4644,MGYG000000574,Exiguobacterium,Massilimaliae,Olsenella
rep395_seed2420	CAG-475,Merdibacter,UBA11524,UBA1409,UMGS1484,Cronobacter,UMGS1109,Extibacter,V9D3004,Marvinbryantia,HGM11530,Erysipelatoclostridium,Bittarella
rep396_seed2421	Paenibacillus_A,GCA-900066135,UMGS1293,Acutalibacter,Holdemania,UBA4334,UBA6398,SFEL01,Clostridium_B,CAG-194,Absicoccus,Superficieibacter,UMGS1591
rep397_seed2422	UMGS1851,Slackia,Intestinimonas,CAG-194,MGYG000002685,Enterocloster,AF33-28,Leclercia,MGYG000003945,UMGS1397,Lawsonibacter,QANG01,Raoultella
rep398_seed2423	Coprococcus,UMGS1388,UBA1737,Merdimonas,Odoribacter,Paenibacillus_A,CAG-488,UMGS1224,QALW01,Catenibacterium,CAG-873,Bacilliculturomica,MGYG000003297
rep399_seed2424	UBA3818,UMGS1572,Criibacterium,Actinobaculum,HGM12713,UMGS1826,UMGS1872,JAAYBB01,CHH4-2,Epilithonimonas,UMGS1279,UMGS1491,MGYG000000286
rep400_seed2425	Ruminococcus_F,CAG-354,Cedecea,CAG-964,UBA4716,CAG-217,UBA1786,Psychrobacillus,UBA4372,Gordonibacter,CAG-492,HGM11417,Aneurinibacillus
rep401_seed2426	Dialister,Weimerbacter,CAG-582,UBA2882,Niameybacter,UMGS1224,OM05-12,UMGS1322,CAG-45,UMGS172,Enterococcus_C,MGYG000004177,Porphyromonas
rep402_seed2427	MGYG000004172,SFDP01,QAMH01,Parasutterella,UBA4334,CAG-180,MGYG000004604,Garciella,UMGS1865,RUG131,Kallipyga,UBA11452,SFLA01
rep403_seed2428	Lachnoclostridium,Phoenicibacter,Duodenibacillus,CAG-314,Lachnospira,MGYG000004874,Stenotrophomonas,NSJ-61,Neobittarella,UBA10281,Anaerosporobacter,UMGS263,Coprococcus_A
rep404_seed2429	HGM13618,UMGS1858,Treponema_D,Victivallis,MGYG000004445,Bariatricus,Acidovorax,CAG-314,Scardovia,MGYG000004171,Ruminococcus_G,UBA1822,Eikenella
rep405_seed2430	Faecalicoccus,Roseburia,Allisonella,Bacteroides_F,UMGS1994,Pseudescherichia,UBA2882,Barnesiella,Eubacterium_M,Bruticola,Veillonella,Lysinibacillus,HGM13222
rep406_seed2431	UMGS1826,QANA01,UMGS1600,QAKS01,Terrisporobacter,MGYG000004380,Victivallis,UMGS946,Agathobacter,SFHK01,CAG-390,NC2004,CAG-841
rep407_seed2432	CABIZH01,UMGS1663,Haemophilus_A,Muribaculum,Bulleidia,RUG472,Bacteroides_F,UBA3631,GCA-900066495,UBA4285,UBA940,UMGS1864,CAG-115
rep408_seed2433	UMGS1322,Muricomes,UMGS1312,CACZQA01,SFFH01,MGYG000000286,Fusobacterium_C,TM7x,MGYG000002053,UBA3388,UBA1711,An172,Pygmaiobacter
rep409_seed2434	UBA4334,Oribacterium,CAG-475,Longibaculum,UMGS1477,DTU089,Fusobacterium_C,Stenotrophomonas,Veillonella_A,UBA644,Clostridium,Granulicatella,UBA9502
rep410_seed2435	Staphylococcus,F0422,Rahnella,UMGS946,Lactobacillus,UBA1394,Anaerococcus,UMGS1472,Yersinia,HGM13862,Ellagibacter,MGYG000000350,CAG-582
rep411_seed2436	KM106-2,RUG11247,Victivallis,CAG-1193,UBA7182,Raoultella,HGM10836,UMGS1202,HGM05232,Citrobacter_B,Absicoccus,UMGS599,Prevotella
rep412_seed2437	MGYG000000286,VUNA01,Alistipes_A,UMGS1572,Peptoniphilus_A,CAG-273,UMGS416,Lacrimispora,Clostridium_P,CAG-533,UBA6984,Victivallis,Evtepia
rep413_seed2438	UMGS1880,Ruminococcus_D,Enterococcus,MGYG000000425,HGM12650,Klebsiella,Raoultella,Companilactobacillus,Senegalimassilia,UMGS577,F082,UBA10677,Massilioclostridium
rep414_seed2439	CAG-194,UMGS1307,UMGS1537,Prevotellamassilia,Raoultibacter,Agathobaculum,Klebsiella,UMGS1253,CAG-196,UBA11940,RUG11200,Parvimonas,CAG-274
rep415_seed2440	Terrisporobacter,Catenibacillus,PeH17,HGM13634,Arabia,CAG-475,CAG-273,Succinivibrio,QANA01,MGYG000004556,MGYG000004177,Corynebacterium,UMGS1670
rep416_seed2441	MGYG000000378,Evtepia,CAG-632,UBA636,Anaeromassilibacillus,Sutterella,CAG-710,UBA6382,UMGS1611,Clostridium_Q,Enterococcus,UBA5416,Caproiciproducens
rep417_seed2442	Pseudoflavonifractor,UBA738,QANA01,CACZQA01,CAG-312,CAG-884,CAG-194,CAG-882,Butyricicoccus,RUG131,Hungatella,UMGS599,F23-B02
rep418_seed2443	Clostridium_AP,HGM04593,MGYG000004029,UBA11940,QAKW01,Scardovia,Butyricicoccus_A,Acetivibrio_A,Clostridium_P,CAG-590,UMGS1668,Ruminococcus_E,1XD42-69
rep419_seed2444	UMGS1851,UMGS995,UMGS1540,RUG11247,Duodenibacillus,Amedibacterium,NSJ-32,Granulicatella,Hafnia,CAG-628,CAG-180,Citrobacter_B,UBA4285
rep420_seed2445	UMGS1384,CAG-177,UMGS1293,MGYG000004133,UBA11512,Plesiomonas,Acutalibacter,Atlantibacter,CAG-484,Longicatena,UMGS1397,QALS01,UMGS973
rep421_seed2446	UBA5416,Ligilactobacillus,MGYG000004133,Catenibacillus,UMGS1002,Intestinimonas,MGYG000003490,Agathobacter,Massilistercora,F23-B02,BX12,Succinivibrio,Lachnoclostridium_B
rep422_seed2447	Stoquefichus,Ruthenibacterium,Mediterraneibacter_A,MGYG000000456,Psychrobacillus,Cloacibacillus,UBA7748,UMGS1312,HGM12587,CAG-390,Borkfalkia,Sporanaerobacter,HGM13618
rep423_seed2448	UBA1409,MGYG000004443,Rahnella,UMGS1889,CAG-495,Akkermansia,UBA7185,Campylobacter_B,Blautia_A,Arcanobacterium_A,D5,Ruminococcus_F,Pseudomonas_R
rep424_seed2449	Peptococcus,CAG-354,Fusobacterium,Enterococcus_G,An172,Faecalibacterium,MGYG000002696,CAG-557,Moellerella,Dysgonomonas,Gordonibacter,RUG572,CAG-590
rep425_seed2450	UMGS1418,Vibrio,UBA2856,Haemophilus,UMGS2037,Weissella,Fenollaria,Stomatobaculum,Phocaeicola,HGM12650,UMGS731,SFJ001,Agathobaculum
rep426_seed2451	UBA5416,Bulleidia,UBA1181,Robinsoniella,MGYG000004445,Eubacterium_G,UBA2882,UBA737,HGM13010,Hafnia,UMGS1851,Ruminococcus_B,UC5-1-2E3
rep427_seed2452	Butyricicoccus,Parabacteroides,Dorea_B,Franconibacter,Escherichia,Butyricimonas,Mobiluncus,TM7x,UBA1786,RUG705,Hungatella_A,UBA866,Fenollaria
rep428_seed2453	HGM11588,CAG-349,UMGS1601,Mesosutterella,KLE1615,Superficieibacter,QALS01,QANA01,Fusobacterium,HGM13634,Ruminiclostridium_E,Citrobacter,Tidjanibacter
rep429_seed2454	Fusicatenibacter,RUG410,RUG11200,UCG-010,Hungatella,Aeromonas,UMGS1883,Massiliomicrobiota,Oxalobacter,Salmonella,CAG-303,UBA3263,HGM13233
rep430_seed2455	UMGS1487,HGM04593,Raoultibacter,VUNA01,Fusobacterium_B,CAAEEV01,NSJ-63,Lachnoclostridium_A,Collinsella,Phil1,CAG-877,Intestinibacter,Gemella
rep431_seed2456	HGM13010,CAG-776,CAG-313,Amedibacterium,HGM12814,UBA4372,UBA1822,HGM11616,CAG-349,HGM12669,UMGS1696,Anaerosporobacter,Ruminococcus_E
rep432_seed2457	Citrobacter_B,UMGS577,Salinicola,MGYG000000728,Erysipelatoclostridium,UBA4716,Granulicatella,Vibrio,UBA5416,Enorma,UBA4334,UBA10677,RUG14107
rep433_seed2458	Rothia,Phascolarctobacterium_A,HGM11417,PeH17,Eubacterium_R,Eubacterium_I,RUG572,Ruminiclostridium_E,SFLA01,Kluyvera,CAG-492,CAG-194,UMGS1370
rep434_seed2459	QANG01,Epilithonimonas,Bacillus_A,UMGS1312,Citrobacter,Clostridium_X,CAG-279,UBA1191,QAMX01,HGM11616,CAG-103,Olsenella,HGM11327
rep435_seed2460	UMGS599,S5-A14a,RUG806,UBA1820,Dysosmobacter,CAG-448,Campylobacter,CAG-762,UMGS1826,Olsenella,UMGS856,Beduini,Bacilliculturomica
rep436_seed2461	NSJ-50,UMGS680,MGYG000000387,HGM11368,Firm-10,Eubacterium_I,RUG11247,QANG01,Haemophilus_A,UBA1740,NSJ-63,HGM11525,MGYG000000728
rep437_seed2462	UBA7160,UBA3282,Lactiplantibacillus,Firm-07,UMGS1322,UMGS1109,CAG-475,UBA7102,RUG472,Dysosmobacter,UMGS2055,Murdochiella,Aeromonas
rep438_seed2463	Alterileibacterium,MGYG000003855,UMGS1601,WRGP01,UMGS1976,Granulicatella,Mediterraneibacter,CAG-1031,NSJ-50,Pediococcus,Succinatimonas,RUG11200,MGYG000000674
rep439_seed2464	MGYG000000387,Psychrobacillus,UMGS1633,UBA9414,UMGS1591,Aggregatibacter,UMGS1388,UBA1409,Gabonibacter,UMGS1322,UBA1390,An92,Sutterella
rep440_seed2465	Bacteroides,UBA1409,UMGS1338,Peptostreptococcus,CAG-452,CAG-110,Blautia_A,UBA1191,MGYG000004229,F0422,Granulicatella,CAG-41,UBA866
rep441_seed2466	UBA866,Cronobacter,Eubacterium_F,HGM11507,UMGS1326,Parabacteroides,Kluyvera,CAG-314,Mediterraneibacter_A,UBA7748,UMGS1052,RUG115,CAG-510
rep442_seed2467	Peptoniphilus_C,Cedecea,Methanomassiliicoccus_A,Sporanaerobacter,UMGS1202,UMGS1002,MGYG000000456,UBA1232,AF33-28,UMGS1241,UBA2856,Cloacibacillus,Hydrogeniiclostridium
rep443_seed2468	Chimaeribacter,CAG-594,DUOT01,UMGS1663,Oribacterium,GCA-900066905,Pauljensenia,HGM05232,Lachnoanaerobaculum,QALR01,Alloprevotella,UBA10281,Citrobacter
rep444_seed2469	MGYG000000456,UMGS2016,Cellulosilyticum,Mediterraneibacter,CAG-492,UBA11517,Pygmaiobacter,Peptococcus,CAG-411,UBA1777,Dysosmobacter,Pauljensenia,Enterococcus_A
rep445_seed2470	UBA1737,Lachnoanaerobaculum,43-108,UBA11452,MGYG000000350,MGYG000004811,Leuconostoc,Massilioclostridium,UMGS1293,VSOB01,Enterococcus_D,Limosilactobacillus,Pradoshia
rep446_seed2471	UMGS692,UBA737,Dorea,RF16,Murimonas,Lachnoanaerobaculum,UBA1711,UBA3402,Faecalicoccus,UMGS1781,AF33-28,Haemophilus_D,UBA7102
rep447_seed2472	UBA5446,MGYG000001903,Eubacterium_M,UMGS1312,MGYG000000574,UMGS1633,UBA737,MGYG000004172,RUG420,CAG-791,WRGP01,UMGS1241,Pseudomonas
rep448_seed2473	Firm-07,HGM11808,Pantoea,UBA3388,Oxalobacter,MGYG000001871,UMGS1880,UMGS1052,Anaerofustis,S5-A14a,UMGS2055,HGM11616,UMGS1490
rep449_seed2474	CAG-302,UMGS1613,MGYG000003490,NSJ-38,CAG-448,CAG-791,CAG-217,Turicibacter,UMGS1338,Lawsonibacter,MGYG000003289,WRGP01,Enterococcus_B
rep450_seed2475	RUG472,QALS01,Neisseria,CAG-45,UMGS1312,Eubacterium_G,Ruminococcus_F,HGM12814,CAG-1024,Anaerocolumna,HGM11588,Companilactobacillus,Lacticaseibacillus
rep451_seed2476	MGYG000003945,Corynebacterium,Cellulosilyticum,NSJ-61,QALS01,Peptostreptococcus,CAG-710,UBA6382,Gemella,GCA-900066905,Enterocloster,RUG806,Phytobacter
rep452_seed2477	UBA4855,Anaerofustis,HGM11327,Amulumruptor,Yersinia,Parvimonas,AM07-15,Clostridium_Q,MGYG000002719,CAG-776,UBA5416,CAG-349,HGM12998
rep453_seed2478	HGM13862,MGYG000004061,CAG-617,UMGS1975,QALR01,UMGS874,Enterococcus,Citrobacter_B,Psychrobacillus,Corynebacterium,MGYG000004172,UBA945,Eubacterium_M
rep454_seed2479	HGM04593,Alistipes,MGYG000004094,UBA11940,UMGS995,HGM11507,UMGS1251,Morganella,SFDP01,SFFH01,NSJ-32,MGYG000004547,Sutterella
rep455_seed2480	CAAHEQ01,Cronobacter,SFGY01,Lactiplantibacillus,UBA5026,1XD42-69,Superficieibacter,MGYG000000425,CAG-510,Yokenella,Ruminococcus_A,Plesiomonas,UBA636
rep456_seed2481	CAG-417,Providencia,UMGS1052,CAG-1000,DTU089,Niameybacter,CAG-841,UMGS403,QAMM01,RUG806,UMGS973,RC9,CAG-791
rep457_seed2482	UBA1191,KM106-2,CAG-317,RUG572,CAG-196,CAG-194,UBA9475,Stomatobaculum,UCG-010,UMGS1611,Fournierella,UBA5394,UMGS1004
rep458_seed2483	UBA1417,UMGS1851,UBA4285,HGM11788,Agathobaculum,Allisonella,Franconibacter,MGYG000004172,Amedibacterium,Rubneribacter,MGYG000000286,CAG-1024,UMGS1783
rep459_seed2484	UMGS1397,CAG-269,Olsenella,Criibacterium,MGYG000002758,CAG-56,CAG-238,CAG-462,Clostridium_AQ,Mobiluncus,QAMH01,F23-B02,Merdimonas
rep460_seed2485	CAG-451,Succinatimonas,Clostridium_B,UMGS1815,CAG-594,Senegalimassilia,F0422,Allisonella,MGYG000000728,UMGS911,UBA4372,Mediterraneibacter,Succiniclasticum
rep461_seed2486	Caproiciproducens,HGM12713,CAG-103,MGYG000003305,MGYG000002685,Parabacteroides,UMGS1225,Dialister,CAG-272,RUG572,UMGS1293,CAG-217,UBA5446
rep462_seed2487	NK4A136,Dysosmobacter,Acetatifactor,UMGS1109,UMGS1633,CAG-882,Lawsonella,Dielma,SFFH01,UBA1259,CAG-390,UBA1409,Borkfalkia
rep463_seed2488	UMGS416,Anaerostipes,Lacrimispora,Lachnoclostridium_A,HGM11386,CAG-317,Slackia_A,UMGS1225,Eubacterium_G,Monoglobus,Citrobacter_A,Clostridium_N,Frisingicoccus
rep464_seed2489	QANG01,Coprococcus,Weissella,Peptococcus,Campylobacter,UBA11524,UMGS1279,UBA1259,Senegalimassilia,UBA644,Lachnoclostridium_B,UBA2821,HGM11530
rep465_seed2490	Megasphaera,Varibaculum,RUG131,Granulicatella,UMGS1688,RF16,HGM12814,UBA2882,CAG-510,MGYG000000505,MGYG000004445,Pseudoflavonifractor,UBA4372
rep466_seed2491	Clostridium_B,Veillonella_A,CAG-196,RUG572,Alterileibacterium,Bacillus_A,NK3B98,QALS01,HGM11788,UBA1711,CAG-873,UMGS1312,HGM04593
rep467_seed2492	NK3B98,QANA01,Fusobacterium_A,Sutterella,Edwardsiella,Holdemania,Catenibacillus,Flavonifractor,Hungatella_A,HGM11372,Leminorella,UMGS577,NSJ-63
rep468_seed2493	F0422,MGYG000003490,RUG131,UMGS1326,Succiniclasticum,UMGS1601,Borkfalkia,Megamonas,Anaerobutyricum,UBA7173,CAG-590,51-20,Agathobaculum
rep469_seed2494	UMGS1370,UMGS1865,VUNI01,Phytobacter,RUG13868,HGM11788,Eubacterium_R,Pseudomonas,Leminorella,Enterococcus,Anaeromassilibacillus,UBA1731,Bittarella
rep470_seed2495	UBA9506,Marseille-P3106,Staphylococcus,MGYG000002758,UBA866,MGYG000002696,CAG-273,Mixta,UBA1820,Peptacetobacter,UMGS966,Peptostreptococcus,CAG-877
rep471_seed2496	MGYG000004445,HGM13222,CAG-521,MGYG000004171,SFEL01,UMGS1600,UMGS1387,Dorea,Raoultibacter,UMGS577,Lactonifactor,Extibacter,Sporanaerobacter
rep472_seed2497	HGM11525,MGYG000004094,AM51-8,Agathobaculum,Murimonas,GCA-900066135,MGYG000002797,GCA-900066905,Pseudomonas,CAG-465,UMGS1484,WG-1,CAG-177
rep473_seed2498	QANA01,CAG-417,Eggerthella,Citrobacter_A,MGYG000004171,MGYG000004172,UMGS1815,PeH17,NK4A136,HGM12650,HGM11525,HGM14224,Negativibacillus
rep474_seed2499	UBA5026,MGYG000004604,Parvimonas,HGM10836,CAG-354,CAG-180,OF09-33XD,UBA1786,Fusobacterium_A,51-20,Rubneribacter,Bilophila,CAG-460
rep475_seed2500	UMGS1418,UMGS1766,Anaerosalibacter,UMGS1826,Finegoldia,Exiguobacterium,Prevotella,Anaerobutyricum,HGM12713,Sellimonas,CAG-521,UBA11512,CAG-279
rep476_seed2501	Pseudescherichia,Selenomonas_C,Campylobacter,Eubacterium_J,CAG-177,UMGS1002,Phascolarctobacterium,Amulumruptor,Veillonella,Angelakisella,VUNI01,Rothia,UBA3282
rep477_seed2502	UMGS75,HGM11507,CAG-83,CAG-632,Paraclostridium,D5,Pauljensenia,Bittarella,Eubacterium_G,Citrobacter_B,Angelakisella,UMGS1623,Acinetobacter
rep478_seed2503	KLE1615,CAG-196,UMGS124,Providencia,Raoultibacter,Lancefieldella,UBA6857,Turicibacter,CAG-791,Nitratidesulfovibrio,RUG14107,UMGS1322,Lachnoclostridium
rep479_seed2504	UBA1822,UMGS1241,Cronobacter,MGYG000000286,UMGS1338,Lawsonella,Beduini,UBA11517,CAG-964,Acinetobacter,HGM11507,SFFS01,UBA11940
rep480_seed2505	Sneathia,Rahnella,Enterobacter_A,CAG-603,RUG11200,Scardovia,Clostridium_X,UBA4644,UMGS1603,CAG-41,CAG-884,Ezakiella,CAG-465
rep481_seed2506	Parvimonas,CAG-521,Ralstonia,CAG-274,CAG-841,Paramuribaculum,Fusobacterium_B,Kallipyga,Dysosmobacter,Faecalicoccus,Raoultella,Olsenella,Mixta
rep482_seed2507	UMGS1004,UMGS1491,Christensenella,RUG023,UMGS1623,UBA1409,WRGP01,Porphyromonas,Ruminococcus_A,HGM04593,Prevotella,Hungatella_A,Yersinia
rep483_seed2508	Peptacetobacter,Faecalibacillus,UMGS1663,MGYG000004171,Muribaculum,QANA01,Clostridium_N,Megamonas,UBA6398,UMGS363,MGYG000000378,Fournierella,UMGS1883
rep484_seed2509	Anaerostipes,UMGS1623,Neobittarella,UBA11774,Fusobacterium_C,UBA1829,UBA1731,Finegoldia,Dorea_B,HGM12957,UBA9502,RUG410,UMGS1251
rep485_seed2510	Massiliomicrobiota,Gemella,Companilactobacillus,Actinobaculum,UBA5809,UMGS268,UMGS1322,Gastranaerophilus,MGYG000002696,RC9,Citrobacter_B,MGYG000000390,SFDP01
rep486_seed2511	Gordonibacter,UBA6345,MGYG000004811,CAG-411,QALR01,NSJ-38,HGM12957,MGYG000004177,UMGS995,BX12,Franconibacter,DTU089,Oxalobacter
rep487_seed2512	Escherichia,UMGS1975,QALS01,Alistipes,Yokenella,Latilactobacillus,Eggerthella,UMGS577,MGYG000000505,HGM05232,CAG-484,RUG12045,Parvimonas
rep488_seed2513	CAG-484,UMGS1384,CAG-631,RUG11200,Haemophilus_D,Massiliomicrobiota,UBA11517,UMGS902,Salinicola,UMGS680,Fournierella,UBA7182,HGM11523
rep489_seed2514	UBA3631,Enterococcus_A,Azonexus,UMGS1279,Anaerocolumna,CAG-194,NSJ-50,CAG-632,UBA1820,Phascolarctobacterium_A,Collinsella,UMGS1052,HGM11507
rep490_seed2515	VUNI01,MGYG000004133,RUG11200,RUG705,Pauljensenia,UBA3282,Haemophilus_D,NSJ-61,Phocea,Leminorella,TF01-11,Ruminococcus_D,UMGS1418
rep491_seed2516	Citrobacter,UBA5026,UBA6398,Granulicatella,Ruminococcus_D,HGM13634,Mobilibacterium,AF33-28,MGYG000002685,F082,UBA7160,UBA1711,HGM11501
rep492_seed2517	RUG420,UBA4716,Intestinimonas,Clostridium_Q,UMGS1251,MGYG000004029,Vibrio,Moellerella,Butyricimonas,Anaerobutyricum,Leuconostoc,Paenibacillus,MGYG000000350
rep493_seed2518	UMGS1590,Neobittarella,Selenomonas_A,UBA7185,Selenomonas_C,CAG-603,Lactobacillus,Holdemanella,Enterococcus_B,UC5-1-2E3,UMGS1810,UMGS1441,Raoultella
rep494_seed2519	UMGS1889,CAG-590,UMGS966,Garciella,SFJ001,Lagierella,UMGS1633,RUG11247,UBA7702,MGYG000004172,Peptostreptococcus,CAG-557,HGM13634
rep495_seed2520	Klebsiella,UBA1390,UMGS1976,Haemophilus_A,HGM12789,UMGS1387,Pseudomonas_E,Chimaeribacter,UBA7173,SFJ001,DTU089,MGYG000004172,AM51-8
rep496_seed2521	RUG806,Phytobacter,CAG-831,GCA-900066755,UBA7102,Ruminococcus_C,Gastranaerophilus,HGM11514,Pseudomonas_R,Anaerocolumna,Lactococcus,Actinomyces,UBA636
rep497_seed2522	UBA5905,UMGS1441,Anaerobutyricum,UMGS1783,Cellulosilyticum,UMGS1484,UBA3402,UMGS1004,MGYG000004547,CAG-510,UMGS1901,Allisonella,MGYG000002053
rep498_seed2523	CAG-841,CAG-776,UBA7185,UBA7160,HGM11514,UMGS1872,UMGS1976,Eubacterium_F,Acinetobacter,Coprococcus,Cronobacter,Gastranaerophilus,MGYG000004380
rep499_seed2524	MGYG000002685,Rahnella,HGM04593,MGYG000002075,UMGS1241,Turicimonas,UBA6398,JAAYBB01,UMGS1384,Klebsiella,CAG-557,An92,MGYG000004094
rep500_seed2525	AM51-8,Faecalicoccus,QALS01,Rikenella,Coprobacillus,UBA3282,UBA7182,MGYG000004172,NC2004,Fusobacterium_C,Eubacterium_I,Streptococcus,Caecibacter
rep501_seed2526	UBA3818,UBA4716,UBA1731,Enterobacter_D,CAG-170,MGYG000001953,CAG-303,Olsenella_B,HGM12650,Methanobrevibacter_A,UBA1390,Klebsiella_A,Pediococcus
rep502_seed2527	UBA10281,Eubacterium_G,CAG-557,CAG-390,Akkermansia,Aggregatibacter,HGM11368,Gemmiger,UMGS416,Stenotrophomonas,UMGS1109,AM07-15,HGM11416
rep503_seed2528	Fournierella,Arcanobacterium_A,UBA10281,MGYG000004177,Eubacterium,MGYG000002075,Ruminiclostridium_E,UMGS1663,RC9,HGM11514,UMGS577,Pseudoflavonifractor,Coprococcus_A
rep504_seed2529	S5-A14a,NK4A136,Bittarella,Clostridium_AQ,Anaerococcus,Anaerotruncus,Acutalibacter,COE1,UMGS929,Pygmaiobacter,Parasutterella,Alistipes,Massilioclostridium
rep505_seed2530	Actinomyces,CAG-488,UMGS1487,Sellimonas,Exiguobacterium,Latilactobacillus,Pseudomonas_E,Romboutsia,UBA4855,Parasutterella,UMGS929,UMGS2055,UMGS1202
rep506_seed2531	CAG-45,UMGS1663,CAG-411,Kluyvera,RF16,Alistipes_A,Clostridium_AQ,Succiniclasticum,Beduini,MGYG000000674,Ellagibacter,UMGS1840,OF09-33XD
rep507_seed2532	1XD42-69,CAG-776,MGYG000002010,Succiniclasticum,UBA4716,Muribaculum,CAG-177,Enterococcus_B,MGYG000002216,CAG-710,MGYG000002685,UBA11452,MGYG000000674
rep508_seed2533	UBA1417,Fusobacterium_A,HGM11575,UMGS1251,UMGS2016,CAG-45,Coprobacillus,CAG-115,An181,Proteus,Victivallis,Anaerosalibacter,UMGS1518
rep509_seed2534	UBA7173,Lactobacillus,Angelakisella,Johnsonella,Agathobacter,Peptoniphilus_A,UBA945,TF01-11,Duodenibacillus,UMGS172,UMGS263,CAG-460,UBA6345
rep510_seed2535	Haemophilus,Acetivibrio_A,Terrisporobacter,Anaeromassilibacillus,Rubneribacter,Ezakiella,Megamonas,Firm-10,Gemella,CAG-353,Pluralibacter,Bacteroides,HGM11327
rep511_seed2536	UMGS680,Frisingicoccus,Leuconostoc,Acetivibrio_A,Gemmiger,MGYG000004061,UMGS1384,SFLA01,Peptoniphilus_E,UBA5446,Bacilliculturomica,CAG-475,Parabacteroides
rep512_seed2537	UBA6345,UBA1820,Peptoniphilus_C,Bacilliculturomica,CACZQA01,CAG-238,Peptoniphilus_E,NSJ-61,UBA1786,Barnesiella,Clostridium_B,CAG-451,Weimerbacter
rep513_seed2538	MGYG000004811,UBA9414,Enterococcus_B,VUNA01,MGYG000000425,MGYG000004127,CACZQA01,HGM11588,Robinsoniella,UBA1731,RUG410,UMGS2055,UMGS1572
rep514_seed2539	UMGS1418,Proteus,Ellagibacter,Mediterraneibacter,Paraclostridium,Zag111,Alloprevotella,UMGS1518,Romboutsia,Slackia_A,UMGS680,Fusobacterium_C,UMGS1326
rep515_seed2540	Neobacillus,CAG-177,VUNI01,MGYG000002758,HGM11386,Acinetobacter,RUG420,Oxalobacter,SFGY01,Anaerosacchariphilus,UBA11517,Bruticola,UBA5446
rep516_seed2541	D5,MGYG000002216,VSOB01,Allisonella,Enterobacter_D,Mitsuokella,UBA1206,Anaeromassilibacillus,CAG-288,Weizmannia,Selenomonas_C,Moellerella,Parasutterella
rep517_seed2542	Clostridioides,UMGS1477,MGYG000002726,MGYG000000387,UBA1409,CAG-603,Eubacterium_F,Schaedlerella,UMGS1611,Pauljensenia,Anaerotruncus,MGYG000003970,Enterobacter_D
rep518_seed2543	HGM12669,HGM11514,UBA1232,UBA1731,Extibacter,Sutterella,Citrobacter_A,CAG-45,UMGS1839,UMGS1388,MGYG000003305,MGYG000003970,MGYG000004112
rep519_seed2544	NK4A136,AM07-15,VUNI01,Megasphaera,UMGS1591,MGYG000000674,UBA1232,Weizmannia,UMGS1766,Leclercia,Frisingicoccus,Eubacterium_G,RC9
rep520_seed2545	CAG-793,Blautia_A,Slackia_A,Latilactobacillus,Fournierella,UBA11512,Pseudescherichia,UMGS946,Eggerthella,UBA1409,Epilithonimonas,Pseudoruminococcus,UBA1394
rep521_seed2546	Holdemania,Yersinia,UBA7185,Enterococcus_A,Mailhella,Enteroscipio,CAG-488,CAG-631,SFDP01,Anaerobutyricum,UBA11940,CAG-194,UBA9475
rep522_seed2547	Parabacteroides,UMGS1851,MGYG000004171,UMGS577,Cellulosilyticum,CAG-831,UBA1822,GCA-900066135,Pyramidobacter,Pseudoflavonifractor,UBA5026,Leclercia,Scardovia
rep523_seed2548	Parabacteroides,Clostridium_P,CAG-411,MGYG000004604,43-108,Gemmiger,Paenibacillus_A,Pyramidobacter,Butyrivibrio_A,Sellimonas,Eubacterium_R,Blautia_A,Paenibacillus
rep524_seed2549	Providencia,MGYG000000587,Pradoshia,Dorea,Pantoea,Agathobaculum,Holdemania,WRGP01,UBA10677,CAG-831,MGYG000000390,Klebsiella,QAMH01
rep525_seed2550	Clostridium_F,Varibaculum,Stenotrophomonas,CAG-196,UBA7702,Lachnoanaerobaculum,Butyrivibrio_A,An172,RC9,CAG-127,Emergencia,UMGS1202,UBA7488
rep526_seed2551	Slackia,CAG-462,Mobiluncus,Amulumruptor,CAG-628,Streptococcus,Butyricicoccus_A,Peptoniphilus_A,Dysgonomonas,UMGS1326,Limosilactobacillus,UMGS1484,Pseudoflavonifractor
rep527_seed2552	RUG420,Aggregatibacter,UBA3631,Faecalicoccus,UMGS2016,UMGS1418,HGM11521,Enterococcus_C,Johnsonella,UMGS856,Varibaculum,CAG-877,Collinsella
rep528_seed2553	UMGS1293,Megasphaera,Ruminococcus_A,SFMI01,CAG-882,CAG-312,HGM11507,Pseudoruminococcus,Ruminococcus_E,UMGS1375,Leminorella,Hungatella,UMGS1826
rep529_seed2554	Clostridium_J,UMGS1623,Leptotrichia,MGYG000003970,CAG-590,UMGS1815,UMGS1611,Haemophilus_D,MGYG000004172,UMGS2016,Kallipyga,MGYG000004727,Blautia_A
rep530_seed2555	CAG-762,D5,Cetobacterium_A,Bacilliculturomica,Marseille-P3106,UBA9414,Parolsenella,Clostridium_AP,UMGS1241,Salmonella,MGYG000003270,Firm-07,Mediterraneibacter
rep531_seed2556	Klebsiella,UMGS416,Collinsella,F082,Anaeroglobus,Mobilibacterium,CAG-465,43-108,Olsenella,Leptotrichia,Enterobacter,Escherichia,Peptostreptococcus
rep532_seed2557	Citrobacter,Leclercia,CAG-793,HGM12814,Blautia,CAG-603,CAG-145,UMGS1880,Ligilactobacillus,UBA2856,MGYG000004229,Haemophilus,F0040
rep533_seed2558	UBA7702,Frisingicoccus,Alloscardovia,Dialister,Hydrogeniiclostridium,AF33-28,Romboutsia,Eubacterium_M,Treponema_D,Aneurinibacillus,HGM11501,UBA5884,UMGS1933
rep534_seed2559	CAG-884,MGYG000001871,Frisingicoccus,UBA3402,MGYG000003855,Ruthenibacterium,Tidjanibacter,1XD42-69,F0040,Caproiciproducens,CAG-56,MGYG000003289,Leptotrichia
rep535_seed2560	Eubacterium_I,CAG-417,Leclercia,CAG-127,HGM13006,MGYG000000505,Kallipyga,Anaerosalibacter,UBA4285,An92,Ruminococcus_B,Enterococcus_C,Oribacterium
rep536_seed2561	HGM11808,UBA1375,MGYG000004094,UBA3766,UMGS1688,Fenollaria,Pauljensenia,QAKS01,Neisseria,UBA4855,Faecalibacterium,MGYG000004850,NSJ-63
rep537_seed2562	Klebsiella,QAMX01,SFDP01,UMGS680,Mobilibacterium,Gordonibacter,UBA11452,CAG-873,MGYG000000674,UMGS599,Adlercreutzia,RUG420,CAG-45
rep538_seed2563	Limosilactobacillus,Pseudomonas,Stoquefichus,CAG-884,UBA3818,UBA11471,Streptococcus,UMGS929,GCA-900066135,CAG-488,UMGS1613,AM07-15,Arcanobacterium_A
rep539_seed2564	GCA-900066495,Olsenella_B,Anaerotignum,MGYG000003297,Enorma,MGYG000000745,HGM12650,HGM13222,UBA1390,CAG-631,CAG-484,Leuconostoc,UMGS1312
rep540_seed2565	Ruminococcus,Fusobacterium_C,Paenibacillus,Clostridium_AP,WG-1,CAG-272,HGM11416,MGYG000003289,UBA5026,Anaerosalibacter,UMGS1326,RUG572,Hungatella
rep541_seed2566	CAG-95,Selenomonas_A,Fusicatenibacter,Mixta,Terrisporobacter,Ruminococcus,UMGS1623,UBA5884,SCN-57-10,UBA7102,Butyricimonas,Firm-07,UBA7057
rep542_seed2567	HGM11507,Sporanaerobacter,UBA2882,Faecalimonas,MGYG000000728,UBA1752,CAG-590,Ruminococcus,Gastranaerophilus,UMGS929,Oscillibacter,Yersinia,Mediterraneibacter_A
rep543_seed2568	MGYG000000505,UBA11452,UBA6398,UBA1786,CAG-110,HGM11416,Fannyhessea,RUG12045,QALR01,RUG572,OM05-12,Selenomonas_C,MGYG000002719
rep544_seed2569	UMGS1472,Porphyromonas,Adlercreutzia,Anaerobutyricum,UMGS1312,UBA1711,HGM13233,Oxalobacter,UBA7160,CAG-475,MGYG000004547,Olsenella_B,1XD42-69
rep545_seed2570	Flavonifractor,CAG-724,NC2004,Fusobacterium,Alterileibacterium,CAG-288,UBA11471,TM7x,CAG-449,Extibacter,UBA738,KLE1615,MGYG000002685
rep546_seed2571	HGM11588,CAG-274,MGYG000003855,Eubacterium_M,Lachnoclostridium,UMGS1384,Eubacterium_G,Ralstonia,QALS01,Hydrogeniiclostridium,UBA11471,S5-A14a,CAG-557
rep547_seed2572	F082,Akkermansia,MGYG000000574,Ruminococcus_D,MGYG000000350,UMGS973,Gemmiger,Escherichia,Eubacterium_J,MGYG000004029,Garciella,UBA11452,Lachnoanaerobaculum
rep548_seed2573	Enterocloster,UBA1191,CAG-449,Acutalibacter,MGYG000000745,Harryflintia,UMGS1690,Ruminococcus,UMGS1518,HGM12669,CAG-628,CAG-724,UBA945
rep549_seed2574	UMGS1418,UMGS403,Emergencia,Ligilactobacillus,Fournierella,Muribaculum,SFGY01,Enterococcus_A,HGM13862,UBA866,UMGS1865,UMGS1611,JAAYBB01
rep550_seed2575	DUOT01,UMGS1611,UBA11517,Azonexus,UMGS1994,MGYG000004811,RUG100,UMGS1795,Kallipyga,Peptacetobacter,Fournierella,RUG023,SFHK01
rep551_seed2576	Mediterraneibacter,CAG-303,UBA7057,Pseudescherichia,JAAYBB01,Lysinibacillus,Klebsiella_A,Citrobacter,Fusobacterium_C,MGYG000003970,Duodenibacillus,Weissella,UBA3263
rep552_seed2577	VUNA01,Citrobacter_B,Sporanaerobacter,UBA9502,Eubacterium_M,UBA11940,Parabacteroides,MGYG000001903,Succinatimonas,RF16,SFDB01,MGYG000002719,Akkermansia
rep553_seed2578	V9D3004,MGYG000002719,Negativicoccus,SCN-57-10,Olsenella_B,UBA1375,UMGS1795,UBA6345,UMGS1251,UBA3766,Flavonifractor,UBA7160,UBA7173
rep554_seed2579	CACZQA01,UMGS1690,D5,Longicatena,RUG13868,Lachnoclostridium_B,F082,UMGS1472,SFJ001,CAG-451,Slackia_A,Hungatella_A,Rikenella
rep555_seed2580	UMGS973,Muribaculum,MGYG000004061,UMGS1883,UBA1829,Olsenella,Paraclostridium,UBA1394,HGM12650,Acidaminococcus,CACZQA01,UBA7182,PeH17
rep556_seed2581	UBA3631,UBA1829,Pygmaiobacter,UBA2856,Rahnella,Fenollaria,UMGS1795,Weizmannia,UMGS1591,QAMM01,CAG-1000,Lachnospira,UMGS1880
rep557_seed2582	MGYG000003855,UBA1731,UMGS1071,Lachnoclostridium_A,CAG-831,HGM11507,UBA7182,Enterobacter,Lacticaseibacillus,Ligilactobacillus,Bilophila,Lachnoclostridium_B,HGM11514
rep558_seed2583	Olsenella_E,HGM12669,MGYG000002683,MGYG000003270,Granulicatella,UBA6398,CAG-274,Dysosmobacter,Prevotella,UMGS577,Romboutsia,Coprococcus_A,V9D3004
rep559_seed2584	UBA945,SFVR01,HGM11514,RUG14107,Dorea,Faecalibacillus,CAG-631,Firm-10,1XD42-69,QALW01,Paenibacillus,UC5-1-2E3,OM05-12
rep560_seed2585	CAG-710,Enterobacter_D,Neobittarella,CAG-488,MGYG000003855,Dorea_A,UBA11517,MGYG000004443,Aneurinibacillus,RUG472,Phocaeicola,Dorea_B,NSJ-63
rep561_seed2586	UMGS1783,QAMH01,Senegalimassilia,VUNI01,Brachyspira,Coprobacillus,MGYG000004112,JAAYBB01,RUG11200,Lachnoclostridium,NSJ-62,UMGS1781,Lawsonella
rep562_seed2587	HGM11523,Collinsella,UBA644,UBA1234,MGYG000001953,UBA1232,QALR01,1XD42-69,UBA3263,UBA11452,MGYG000000286,Anaerosalibacter,Butyricicoccus_A
rep563_seed2588	Clostridium_F,CAG-41,Dorea_B,Anaerococcus,Parolsenella,Pseudomonas,UMGS1663,Clostridium_AP,NSJ-32,Anaerosacchariphilus,Alistipes_A,CAG-303,Marseille-P3106
rep564_seed2589	Pauljensenia,UBA4871,Absicoccus,UMGS1690,Lachnoclostridium_B,Selenomonas_C,Alloscardovia,TWA4,Anaeroglobus,RUG11247,Methanobrevibacter_A,UMGS1766,Rubneribacter
rep565_seed2590	Harryflintia,Stomatobaculum,UMGS1781,UMGS1071,UMGS1864,Anaeroplasma,Enterococcus_D,CAG-95,HGM10836,GCA-900066495,CAG-1024,Faecalibacillus,Anaerostipes
rep566_seed2591	UMGS1490,UBA1786,Muribaculum,Zag111,UMGS966,SFJ001,QAKD01,HGM11501,Flavonifractor,UBA3263,Alistipes_A,CAG-594,MGYG000004727
rep567_seed2592	KM106-2,UBA1375,Anaeroplasma,MGYG000003305,KLE1615,Acutalibacter,Emergencia,Duncaniella,CAG-484,UBA1234,UBA9414,Longicatena,Mitsuokella
rep568_seed2593	Leuconostoc,Fusicatenibacter,D5,Proteus,CAG-917,OF09-33XD,Allisonella,NSJ-62,MGYG000002075,Sodaliphilus,Peptoniphilus_E,UBA11940,MGYG000001871
rep569_seed2594	Bacillus_A,Slackia,Enterocloster,UMGS1224,Muricomes,Enterobacter,UBA7160,Vibrio,Sutterella,MGYG000002010,UMGS1883,CAG-521,Peptoniphilus_C
rep570_seed2595	Alistipes,UBA10677,NC2004,V9D3004,JAAYBB01,Slackia,UBA11517,Barnesiella,HGM11416,CAG-488,Hungatella_A,Oxalobacter,Enterococcus_C
rep571_seed2596	Alloscardovia,Pseudoflavonifractor,Enterobacter_D,CHH4-2,HGM11327,UBA5446,Faecalitalea,DTU089,UBA945,Rothia,UMGS1490,CAG-582,Gastranaerophilus
rep572_seed2597	CAG-390,UBA4644,Leclercia,Fusobacterium,Clostridium_N,HGM13006,Gabonibacter,Clostridium_AQ,Romboutsia,Limosilactobacillus,Fannyhessea,CAG-533,Enterococcus_G
rep573_seed2598	Neobittarella,Arcanobacterium_A,Eubacterium_F,MGYG000000728,Rubneribacter,MGYG000000574,UBA5394,UMGS1491,Leminorella,UMGS1537,Sutterella,Edwardsiella,Lachnoclostridium_A
rep574_seed2599	Bulleidia,CAG-314,CAG-631,UBA1711,CAG-56,Pseudomonas_E,CAG-302,UBA7597,UBA738,Adlercreutzia,RQCD01,Cronobacter,NK4A136
rep575_seed2600	CAG-964,UMGS1484,UMGS1418,HGM04593,UBA7597,UMGS1839,Dorea_B,MGYG000004443,Massilioclostridium,Faecalitalea,Campylobacter,UBA7748,UBA4285
rep576_seed2601	UMGS124,UMGS1322,MGYG000004127,Ruminococcus,Raoultibacter,Scardovia,UBA6345,UBA1259,CAG-631,Alistipes_A,QAKD01,Anaerobutyricum,MGYG000004172
rep577_seed2602	Methanomassiliicoccus_A,Paenibacillus_A,UBA4855,MGYG000000505,Ruthenibacterium,OF09-33XD,Clostridium_E,Massilimaliae,Fusobacterium_B,Raoultibacter,RUG420,Parasutterella,MGYG000004604
rep578_seed2603	Bariatricus,HGM11575,Eubacterium_M,UMGS1590,UMGS1858,An181,Anaerobutyricum,Agathobacter,Cetobacterium_A,Psychrobacillus,Kallipyga,Ruminococcus_G,MGYG000001903
rep579_seed2604	CAG-484,Muribaculum,CAAEEV01,Olsenella_B,Amedibacterium,Mobilibacterium,Massilimaliae,UBA2856,RUG472,Enterocloster,CAG-884,Adlercreutzia,Caecibacter
rep580_seed2605	MGYG000003970,Citrobacter_A,UMGS172,Enterobacter_D,UBA1829,RUG12045,Enterococcus_A,HGM11416,UMGS1418,DTU089,UMGS124,Pradoshia,UMGS1600
rep581_seed2606	Hafnia,Alloprevotella,Hungatella_A,UBA5884,Campylobacter_A,Phocaeicola,UMGS1766,Fusobacterium_A,Murdochiella,Leminorella,MGYG000004604,Citrobacter,MGYG000004811
rep582_seed2607	CAG-485,CAG-831,Eggerthella,Kluyvera,Mesosutterella,Muribaculum,SFGY01,Extibacter,UBA636,GCA-900066905,Fenollaria,UMGS263,UBA4285
rep583_seed2608	MGYG000000425,TWA4,Clostridium_B,Campylobacter,MGYG000004133,Peptoniphilus_B,Muribaculum,Exiguobacterium,Ellagibacter,GCA-900066755,An181,NSJ-63,UMGS1696
rep584_seed2609	CAG-314,Cetobacterium_A,Acetivibrio_A,Gemmiger,CAG-917,UMGS995,Prevotella,Kluyvera,UMGS1387,MGYG000003305,Raoultibacter,UMGS1851,Campylobacter
rep585_seed2610	CAG-710,Pradoshia,UMGS1901,MGYG000002797,HGM12713,Ezakiella,Olsenella_B,Harryflintia,Raoultibacter,MGYG000004029,UBA1394,Coprobacillus,UMGS1851
rep586_seed2611	HGM11368,CAG-488,HGM11501,UBA7182,RUG13868,Mobiluncus,UBA1685,UMGS1994,Faecalibacillus,HGM11386,Franconibacter,Succinivibrio,UMGS1109
rep587_seed2612	SFVR01,NSJ-38,Edwardsiella,Emergencia,Cetobacterium_A,Latilactobacillus,CAG-603,Phocaeicola,CAG-417,UMGS1670,UBA3282,Anaeroglobus,Massiliomicrobiota
rep588_seed2613	Coprococcus,Extibacter,Schaedlerella,Holdemania,RC9,Sutterella,Ruminococcus_A,Amedibacillus,Enterococcus_C,UBA1390,Dorea_B,QAMM01,UMGS1781
rep589_seed2614	NK3B98,Clostridium_X,CAG-45,UMGS1623,UMGS1540,Ruminococcus,Haemophilus_A,Pseudescherichia,Stomatobaculum,S5-A14a,HGM12789,UBA6398,UMGS1795
rep590_seed2615	UBA1731,UBA7102,Leclercia,Christensenella,Harryflintia,Ruminococcus_C,Hydrogeniiclostridium,RUG472,RUG11200,MGYG000004380,Intestinibacter,UMGS1600,CAG-83
rep591_seed2616	Bittarella,UMGS416,HGM12814,Arcanobacterium_A,Fenollaria,Ruminococcus_A,HGM13233,UMGS1418,UBA738,D5,CAG-710,UMGS1109,Ezakiella
rep592_seed2617	UMGS1600,CAG-485,Lactonifactor,UBA2856,Lacrimispora,Blautia,MGYG000004850,UMGS263,CAG-873,Fusobacterium_C,UBA5446,Neobacillus,Dorea_A
rep593_seed2618	CAG-632,UMGS403,QALR01,Ruminococcus_A,UMGS1670,Pseudomonas_R,RUG472,UBA4644,UBA866,UBA1777,Terrisporobacter,UMGS1611,UBA737
rep594_seed2619	Beduini,RUG572,UBA7102,CAG-882,HGM12650,UMGS577,Paraprevotella,HGM11616,UMGS1474,UBA7057,Enterococcus_B,UMGS1690,F23-B02
rep595_seed2620	MGYG000002010,UMGS268,Acinetobacter,Leclercia,Paenibacillus,UBA1409,HGM11514,Agathobacter,Ruminococcus_F,F23-B02,HGM14224,Kallipyga,Chimaeribacter
rep596_seed2621	Phocea,Megasphaera,UBA1409,Lagierella,CAG-272,UMGS1477,UMGS1572,UMGS1418,MGYG000000674,UBA3766,MGYG000002010,Edwardsiella,UMGS1839
rep597_seed2622	MGYG000004547,Alistipes_A,HGM12957,Succiniclasticum,UBA9506,UMGS1591,UMGS1872,UMGS1418,QAKW01,Ruminiclostridium_E,UMGS1491,HGM11327,Anaerocolumna
rep598_seed2623	Citrobacter,Ralstonia,CAG-314,UMGS1613,UMGS1851,Intestinibacter,Pseudescherichia,Massilimaliae,Cetobacterium_A,Enterobacter,F082,CAAEEV01,Vibrio
rep599_seed2624	CAG-245,MGYG000000745,Prevotellamassilia,51-20,UBA738,Oribacterium,Citrobacter_B,UBA10677,CAG-313,Evtepia,Klebsiella_A,MGYG000003855,Blautia_A
rep600_seed2625	Superficieibacter,Bittarella,UMGS1384,1XD42-69,CAG-245,CAG-632,Bruticola,UMGS1623,Ruminococcus_G,Yersinia,CAG-841,Cloacibacillus,Niameybacter
rep601_seed2626	UMGS1865,CAG-452,Dysosmobacter,UMGS1901,KLE1615,Amedibacillus,Leclercia,Alterileibacterium,CAG-710,UMGS874,Anaerosporobacter,Pseudomonas_E,Amulumruptor
rep602_seed2627	UMGS1293,UMGS731,MGYG000000378,UMGS1766,Phoenicibacter,TM7x,Ruminococcus_C,Cloacibacillus,CAG-1193,UMGS882,MGYG000002758,Muricomes,Bacteroides_F
rep603_seed2628	UBA1191,UBA6857,SCN-57-10,Peptoniphilus_A,HGM11588,Mediterraneibacter_A,TF01-11,GCA-900066755,RUG705,NK3B98,HGM13233,UBA11471,Parasutterella
rep604_seed2629	UMGS263,CAG-312,Actinomyces,Flavonifractor,Angelakisella,HGM13010,HGM12587,UMGS1603,Anaeroglobus,UMGS1688,CAG-590,CAG-495,HGM11523
rep605_seed2630	Negativicoccus,SFTJ01,Finegoldia,Anaerobutyricum,Stoquefichus,UBA6382,UBA11774,Robinsoniella,Coprobacillus,Niameybacter,VSOB01,Ruminococcus_G,MGYG000004061
rep606_seed2631	Bacilliculturomica,HGM11521,Kallipyga,Gabonibacter,Peptococcus,Actinomyces,UMGS1477,Megasphaera,MGYG000000387,NK4A136,CAG-274,Evtepia,Mixta
rep607_seed2632	HGM13233,NSJ-61,UMGS403,UMGS1795,CAG-488,Prevotellamassilia,RF16,Murimonas,Weizmannia,UMGS1668,UMGS856,SFFH01,CAG-302
rep608_seed2633	VSOB01,UMGS1224,CAG-510,UBA1232,Pluralibacter,UBA6857,UMGS1326,CAG-452,Anaerosalibacter,Peptacetobacter,UMGS1815,CAG-273,Kallipyga
rep609_seed2634	HGM11327,Brachyspira,UBA4285,Pygmaiobacter,CAG-492,Enterobacter_D,Phocaeicola,UBA1685,Pauljensenia,Fournierella,Faecalibacterium,Megasphaera,UBA4716
rep610_seed2635	HGM13222,Kosakonia,Slackia_A,NC2004,Catenibacillus,UMGS1537,Vibrio,Victivallis,CAAEEV01,RQCD01,Gordonibacter,UBA1777,F23-B02
rep611_seed2636	UBA636,HGM04593,Superficieibacter,Acetivibrio_A,GCA-900066135,UMGS1225,RUG705,HGM11575,Neisseria,Raoultibacter,UBA4855,Mobilibacterium,RUG11247
rep612_seed2637	Bacteroides_F,Butyrivibrio_A,Fannyhessea,Clostridium_N,UMGS966,CAG-917,UMGS1224,Akkermansia,HGM13233,Massiliomicrobiota,Enterobacter_A,UMGS929,Enterocloster
rep613_seed2638	Longicatena,An181,MGYG000000387,Fusobacterium_A,CAG-710,Anaerocolumna,Chimaeribacter,Phocaeicola,UMGS1397,Bacteroides_F,UMGS1572,Adlercreutzia,Amedibacillus
rep614_seed2639	UMGS1783,Bilophila,Dysgonomonas,UBA5905,PeH17,UMGS1418,SFLA01,Granulicatella,Pseudoflavonifractor,UBA866,UMGS1071,UMGS577,UMGS1225
rep615_seed2640	UMGS124,Lysinibacillus,UBA4716,UBA5884,Amulumruptor,UBA5416,MGYG000001871,Muricomes,TF01-11,SFEL01,VSOB01,CAG-196,Anaeroplasma
rep616_seed2641	MGYG000000387,MGYG000002575,Blautia_A,VSOB01,UBA5394,Paramuribaculum,Anaeromassilibacillus,Catenibacterium,UBA9506,VUNI01,GCA-900066755,UMGS882,Anaeroglobus
rep617_seed2642	NC2004,UBA10677,QALS01,UMGS1202,Kosakonia,MGYG000001871,UMGS1668,UMGS1397,CAG-793,Robinsoniella,CAAEEV01,Romboutsia,Enorma
rep618_seed2643	Coprobacillus,Terrisporobacter,Mesosutterella,MGYG000000745,CAG-776,Bacillus_A,UBA9506,Intestinimonas,UBA4716,Johnsonella,Enterobacter,MGYG000004061,CAG-628
rep619_seed2644	UMGS1603,MGYG000003490,Neobacillus,UBA1685,Ruminococcus_G,UMGS1441,CAG-793,UMGS75,CAG-303,Massilimaliae,Massilicoli,Citrobacter,Moellerella
rep620_seed2645	UMGS1491,QAMH01,Campylobacter_B,MGYG000004604,Clostridium_P,KLE1615,Muribaculum,Longicatena,Anaeromassilibacillus,MGYG000004547,UBA644,CAG-873,NSJ-38
rep621_seed2646	Enterococcus_B,Anaerosalibacter,Holdemania,TM7x,MGYG000004850,UMGS1783,Erysipelatoclostridium,UMGS1224,UMGS1613,Intestinimonas,Neobacillus,Finegoldia,Actinomyces
rep622_seed2647	Proteus,RUG11198,UBA6984,PeH17,Ruminococcus_B,SFTJ01,43-108,MGYG000001903,UMGS902,HGM13006,Staphylococcus,Citrobacter,UBA9506
rep623_seed2648	Sodaliphilus,HGM12713,UMGS1795,Lactonifactor,UMGS1623,Cetobacterium_A,Ruminococcus_E,UBA738,CAG-877,Extibacter,Enterococcus_A,UBA1394,MGYG000004556
rep624_seed2649	Neisseria,UMGS1491,MGYG000000350,Cetobacterium_A,UBA1394,Victivallis,Gemmiger,CABIZH01,RUG11247,QAMH01,Chimaeribacter,MGYG000004556,Enterococcus
rep625_seed2650	MGYG000000674,MGYG000000286,Pseudomonas_E,Megasphaera,AM51-8,Flavonifractor,SCN-57-10,MGYG000003297,QANA01,CAG-460,UBA6398,CAG-196,Aggregatibacter
rep626_seed2651	UBA1822,Massilimaliae,SCN-57-10,DUOT01,RUG100,CAG-314,Lacrimispora,Mobilibacterium,Collinsella,RUG705,Phocaeicola,Lactococcus_A,Christensenella
rep627_seed2652	Alterileibacterium,AF33-28,Ruminococcus_F,1XD42-69,UMGS902,Arabia,UBA11471,UMGS1901,F0422,UMGS1384,Selenomonas_A,RUG14107,UMGS1976
rep628_seed2653	CAG-877,UBA11517,Terrisporobacter,CAG-964,KM106-2,MGYG000002719,Massilistercora,Dielma,Desulfovibrio,HGM04593,CAG-793,SFDP01,QAKD01
rep629_seed2654	UMGS1002,Morganella,Sodaliphilus,SFGY01,V9D3004,SFJ001,Clostridium_Q,CAG-831,Massilimaliae,CAG-269,Ruminococcus_B,MGYG000000505,Ralstonia
rep630_seed2655	Murimonas,CAG-1427,MGYG000004094,UBA11471,UMGS856,Enorma,Clostridium_N,Hafnia,Leuconostoc,MGYG000004547,MGYG000004172,UBA1820,Niameybacter
rep631_seed2656	Coprobacillus,UBA4372,CAG-460,UBA4334,HGM11501,Garciella,UBA1822,MGYG000003305,Clostridium_N,HGM11575,Slackia_A,Coprobacter,Eubacterium_J
rep632_seed2657	Leminorella,Pyramidobacter,CAG-317,Enorma,Lawsonella,UBA2821,Actinomyces,QANA01,UMGS1590,CAG-194,UMGS1572,Haemophilus,WG-1
rep633_seed2658	Bruticola,UBA11774,UMGS1810,UMGS577,UBA7185,Faecalicoccus,Turicimonas,Clostridium_A,UBA2882,HGM11788,Robinsoniella,Sodaliphilus,MGYG000002726
rep634_seed2659	MGYG000004727,Mixta,HGM12814,UBA1829,Faecalicoccus,QANA01,UBA1232,Fusobacterium_A,UMGS1375,CAG-145,MGYG000002683,UMGS1418,Yokenella
rep635_seed2660	UBA1691,MGYG000004660,Anaerostipes,MGYG000000728,MGYG000004380,Aggregatibacter,DTU089,Amedibacillus,HGM13233,Bacillus_A,Mediterraneibacter_A,Plesiomonas,Paenibacillus
rep636_seed2661	NSJ-50,UBA3818,CAG-841,MGYG000003289,Schaedlerella,NK4A136,Butyricicoccus,Prevotellamassilia,Lachnoclostridium,UBA7597,UBA3631,UMGS1603,F0040
rep637_seed2662	Alistipes_A,Clostridium_J,Paenibacillus,UMGS692,Olsenella,UBA2856,CAG-452,CAG-521,Ligilactobacillus,CABIZH01,MGYG000003490,Finegoldia,SFEL01
rep638_seed2663	WG-1,VUNA01,Enterococcus_A,QALW01,MGYG000004094,NK3B98,UBA7185,Anaerococcus,AM51-8,Clostridium_F,Brachyspira,UMGS1251,Pygmaiobacter
rep639_seed2664	Anaerococcus,Alistipes,UBA7748,Acetivibrio_A,Franconibacter,HGM13233,Massilimaliae,CAG-45,Proteus,Bacteroides_F,Klebsiella_A,AM07-15,Massilistercora
rep640_seed2665	F082,CAG-632,CAG-917,UBA1711,Anaerocolumna,CAG-462,Pauljensenia,UMGS124,Lactonifactor,MGYG000002702,UBA4855,Phoenicibacter,HGM11417
rep641_seed2666	MGYG000004127,CAG-103,UBA7160,Alterileibacterium,Fenollaria,CAG-465,Lentilactobacillus,Ruminococcus_G,Succinatimonas,MGYG000003970,Clostridium_J,MGYG000000728,MGYG000002010
rep642_seed2667	HGM11616,Rikenella,QAMH01,MGYG000004443,UMGS1663,SCN-57-10,UBA737,UBA4644,HGM12669,CAG-312,CAG-603,UMGS1441,UBA10677
rep643_seed2668	UMGS1293,ER4,Lachnoclostridium,HGM12789,MGYG000000286,CAG-170,UMGS882,Peptoniphilus_B,Barnesiella,Duncaniella,Peptostreptococcus,Fusobacterium_C,HGM12587
rep644_seed2669	UMGS1865,CAG-488,UBA11471,RUG472,SFJ001,SFEL01,Faecalibacillus,MGYG000004029,Massilistercora,Gabonibacter,Hungatella,Intestinibacter,UBA2856
rep645_seed2670	Paenibacillus,Rikenella,UMGS1477,UMGS1826,CAG-762,Clostridium_E,Kosakonia,CAG-354,UMGS1490,CAG-521,UBA1390,UBA9414,MGYG000002216
rep646_seed2671	UBA11452,Klebsiella,UBA6398,MGYG000003945,CAG-177,SFGY01,Phascolarctobacterium_A,CAG-1024,ER4,HGM11416,UMGS75,Weissella,Acidovorax
rep647_seed2672	CAG-303,HGM11575,Longibaculum,Pseudoflavonifractor,CAG-510,UBA1417,UBA7748,KLE1615,CAG-170,Bacilliculturomica,Alistipes_A,Intestinimonas,Alistipes
rep648_seed2673	Serratia,VUNA01,Enterococcus,UBA4285,CAG-245,Veillonella_A,CAG-510,Paenibacillus,CAG-917,RUG11200,SFFH01,UBA4334,Lysinibacillus
rep649_seed2674	CAG-557,Chimaeribacter,CAG-411,Prevotella,Dysosmobacter,Anaerosalibacter,Caecibacter,DTU089,Prevotellamassilia,Turicibacter,Ralstonia,CAG-831,UBA737
rep650_seed2675	Citrobacter,HGM12789,Pseudomonas,UBA3402,Lactococcus,UMGS1670,UBA1206,Butyricimonas,CAG-302,Hafnia,CAG-521,Mobiluncus,CAG-882
rep651_seed2676	Succinatimonas,Ruminococcus_B,UBA5905,UMGS1537,CAG-354,Leptotrichia,UMGS1975,Garciella,SFEL01,UBA3631,Alterileibacterium,JAAYBB01,GCA-900066495
rep652_seed2677	Robertmurraya,UBA1234,MGYG000000286,MGYG000002758,Eikenella,Prevotellamassilia,Arcanobacterium_A,Peptostreptococcus,V9D3004,HGM11501,Cutibacterium,Paraprevotella,AM51-8
rep653_seed2678	Ruminiclostridium_E,CAG-488,UMGS905,CAG-1427,Dialister,Mixta,Peptostreptococcus,UMGS680,UBA5416,UBA940,UMGS1611,Dysosmobacter,HGM11575
rep654_seed2679	Eubacterium_F,CAG-81,MGYG000004094,Firm-11,Oxalobacter,Veillonella_A,Methanomassiliicoccus_A,UMGS995,CAG-495,Salinicola,UMGS1633,UBA11524,Desulfovibrio
rep655_seed2680	Anaerostipes,Sneathia,MGYG000004660,UBA7057,UMGS902,TF01-11,UMGS1613,Clostridium_B,Fusobacterium,UMGS1601,MGYG000000745,MGYG000003970,Barnesiella
rep656_seed2681	Paramuribaculum,GCA-900066135,Desulfovibrio,Ruminococcus,CAG-631,Absicoccus,UMGS1487,PeH17,UMGS1441,UBA5416,Paenibacillus_A,Paraprevotella,Dysosmobacter
rep657_seed2682	CAG-882,CAG-317,Murimonas,Weissella,Firm-07,UBA7597,Corynebacterium,CAG-56,Dorea,Murdochiella,Limosilactobacillus,An172,Schaedlerella
rep658_seed2683	Agathobaculum,UMGS1202,UMGS1696,Dorea_B,Paenibacillus,Eubacterium_J,CAG-822,Megasphaera,Paenibacillus_A,MGYG000002575,Morganella,CAG-302,QALS01
rep659_seed2684	CAG-81,UBA644,UBA2821,Megasphaera,Leminorella,Enterobacter,UBA3631,Mesosutterella,UBA5884,SCN-57-10,Coprobacter,UBA1394,UMGS1975
rep660_seed2685	CAG-884,UMGS680,Longicatena,NK3B98,UMGS905,Odoribacter,SFVR01,Pseudoflavonifractor,Ligilactobacillus,UMGS1375,Clostridium_X,GCA-900066905,CAG-632
rep661_seed2686	Massilicoli,CAG-1000,Rikenella,UMGS1397,UMGS1623,Ruminococcus_G,Enterobacter,NSJ-50,HGM13233,UMGS1975,UMGS1441,Oxalobacter,CAG-56
rep662_seed2687	Hungatella_A,F082,UMGS1370,MGYG000004727,Lagierella,Phascolarctobacterium,UBA4372,Aeromonas,MGYG000004229,Fusicatenibacter,Peptacetobacter,HGM13222,Weimerbacter
rep663_seed2688	Campylobacter_A,MGYG000003270,QAMM01,NSJ-63,SFDP01,MGYG000003289,Bruticola,Butyrivibrio_A,UBA7173,RUG572,CAG-964,NSJ-32,SFDB01
rep664_seed2689	UBA3766,Firm-10,PeH17,Campylobacter_B,UMGS1880,Akkermansia,Lachnoanaerobaculum,OM05-12,RUG11198,Lacrimispora,Lancefieldella,Sodaliphilus,Lachnospira
rep665_seed2690	Peptoniphilus_E,PeH17,Superficieibacter,VUNA01,RUG410,Anaerocolumna,UMGS1052,Weissella,Duncaniella,UBA1752,Hydrogeniiclostridium,UMGS1477,Sutterella
rep666_seed2691	UBA9506,Firm-11,UBA3282,Sutterella,V9D3004,Cutibacterium,UMGS1839,UBA11940,MGYG000002719,UMGS1883,TWA4,Cronobacter,GCA-900066755
rep667_seed2692	Leminorella,Aggregatibacter,Eggerthella,MGYG000003970,Massiliomicrobiota,Anaeromassilibacillus,F0040,CAG-81,GCA-900066755,Massilioclostridium,UMGS1613,UBA1820,JAAYBB01
rep668_seed2693	CAG-557,Succiniclasticum,MGYG000004811,CAG-312,CAG-533,UBA940,Phoenicibacter,Butyricicoccus_A,HGM11501,UBA5884,UBA3263,UBA1394,OF09-33XD
rep669_seed2694	Romboutsia,UMGS1477,Holdemania,Aeromonas,Zag1,Odoribacter,Moellerella,RQCD01,JAAYBB01,Clostridium_B,Phocaeicola,Slackia,UBA4855
rep670_seed2695	MGYG000000587,Coprococcus_A,Enterococcus_D,RUG131,UMGS1279,Clostridium_Q,MGYG000000674,UMGS1071,CAG-95,Salinicola,Scardovia,UMGS1477,Borkfalkia
rep671_seed2696	Coprobacillus,HGM12587,Chimaeribacter,MGYG000004171,UBA11471,CAG-465,Gordonibacter,UMGS1889,Haemophilus_D,Lysinibacillus,Olsenella_E,F082,Eisenbergiella
rep672_seed2697	Ellagibacter,CAG-1000,Desulfovibrio,Campylobacter_B,Fenollaria,QAKW01,Lacticaseibacillus,Cloacibacillus,SFLA01,CAG-484,CAG-314,RUG13868,Caproiciproducens
rep673_seed2698	VUNA01,Treponema_D,WRGP01,NSJ-32,UMGS973,Pantoea,CAG-590,CAAEEV01,Rothia,CAG-628,Christensenella,UMGS1783,Lacrimispora
rep674_seed2699	Terrisporobacter,Peptacetobacter,Prevotellamassilia,Phascolarctobacterium,F082,Acinetobacter,Mesosutterella,QAKS01,Ruminococcus_E,RUG100,Limosilactobacillus,TM7x,Plesiomonas
rep675_seed2700	UMGS1820,CAAHEQ01,TM7x,HGM11523,MGYG000003970,Paraclostridium,Superficieibacter,QANA01,UMGS1975,Anaeromassilibacillus,MGYG000000390,Peptoniphilus_B,Arabia
rep676_seed2701	Peptoniphilus_C,UMGS905,Enterococcus,CAG-302,Citrobacter_B,Weissella,Acetivibrio_A,UMGS1375,CAG-103,Ruminococcus_A,UBA2856,UBA2883,Oscillibacter
rep677_seed2702	RUG11198,Lentilactobacillus,UMGS966,UBA4855,Olsenella,UMGS946,Ruminiclostridium_E,Rothia,Pseudoflavonifractor,Dorea_A,UMGS1491,MGYG000002758,MGYG000004850
rep678_seed2703	UMGS1418,Clostridium_E,RUG131,Oscillibacter,Pseudomonas,UBA4285,CAG-269,Enterococcus_D,UBA1829,UBA1206,Parasutterella,Dialister,Bacilliculturomica
rep679_seed2704	UMGS856,CAG-873,Eikenella,Gemella,QAKD01,CAG-590,UBA1822,Merdibacter,SFFH01,Veillonella,UBA1685,Alloscardovia,Prevotella
rep680_seed2705	Emergencia,Superficieibacter,CAG-288,UMGS1279,UC5-1-2E3,CAG-269,CAG-312,Dorea,CAG-317,RUG12045,Pseudoruminococcus,Absicoccus,UBA940
rep681_seed2706	CAG-272,SFTJ01,Amulumruptor,Proteus,MGYG000002216,Flavonifractor,Raoultibacter,Butyricimonas,DTU089,D5,UBA1417,HGM11530,UC5-1-2E3
rep682_seed2707	Selenomonas_A,Companilactobacillus,UBA4716,MGYG000003270,CAG-917,MGYG000002696,UMGS2055,CAG-841,MGYG000000350,Butyricicoccus_A,Romboutsia,Ralstonia,Murimonas
rep683_seed2708	Lysinibacillus,UMGS1532,Peptococcus,CAG-312,Oribacterium,Weimerbacter,UMGS1840,Latilactobacillus,Ellagibacter,UBA3766,Anaerobutyricum,MGYG000003970,UBA1829
rep684_seed2709	Ruminococcus,UBA11774,HGM11327,Gabonibacter,Acinetobacter,Clostridioides,Robertmurraya,Firm-07,KLE1615,Veillonella_A,Enterococcus_B,UMGS1572,RQCD01
rep685_seed2710	UMGS1994,UMGS1109,Dialister,Longicatena,UBA1375,CAG-349,UBA1829,Enterobacter_A,Rikenella,UMGS1487,UBA9506,UBA636,Ruminococcus_F
rep686_seed2711	Niameybacter,Johnsonella,MGYG000004547,UBA5416,UMGS1375,Butyrivibrio_A,Chimaeribacter,QANG01,Gordonibacter,Leptotrichia,Adlercreutzia,RF16,UMGS1851
rep687_seed2712	UMGS1052,CACZQA01,UMGS1696,Pseudoruminococcus,Olsenella_E,CAG-448,Turicimonas,Niameybacter,Pseudomonas_E,UMGS1322,Hafnia,UMGS1279,MGYG000000674
rep688_seed2713	UBA11471,Actinomyces,Negativibacillus,CAG-831,MGYG000004660,Christensenella,MGYG000002797,Parabacteroides,UMGS1491,SCN-57-10,UBA1740,NSJ-50,NK4A136
rep689_seed2714	Christensenella,Prevotellamassilia,Succinatimonas,CAG-462,Peptacetobacter,UMGS263,CAG-288,UMGS363,Aneurinibacillus,Paramuribaculum,V9D3004,Pseudoflavonifractor,UBA2856
rep690_seed2715	Clostridium_Q,UBA2882,Prevotellamassilia,MGYG000000745,UBA4871,RUG131,UBA1822,Proteus,Blautia_A,Porphyromonas_A,UBA9475,Butyricimonas,Bittarella
rep691_seed2716	CAG-303,Clostridioides,Dorea,CAG-485,Phocaeicola,Anaeroplasma,CAG-349,UMGS1611,D5,NK3B98,Pediococcus,UMGS1477,Hungatella_A
rep692_seed2717	MGYG000001953,Gordonibacter,UMGS1109,CAG-521,Senegalimassilia,CAG-495,Holdemania,CAG-877,SFDP01,Clostridium_AQ,CHH4-2,MGYG000004171,CAG-465
rep693_seed2718	Peptoniphilus_C,UBA6984,Mediterraneibacter_A,Allisonella,MGYG000003289,NK3B98,Lachnoclostridium_B,Massilimaliae,Firm-07,UMGS1418,Cutibacterium,Veillonella,RUG115
rep694_seed2719	HGM14224,Clostridioides,Enterococcus_D,CAG-302,Salinicola,Merdibacter,Anaeromassilibacillus,UMGS1668,Lactonifactor,UBA3263,UMGS1375,MGYG000004811,Morganella
rep695_seed2720	Acidovorax,QALR01,Anaerofustis,UBA866,HGM12650,MGYG000003270,UBA1752,Selenomonas_C,Cellulosilyticum,SCN-57-10,Ruminococcus,CAG-460,Frisingicoccus
rep696_seed2721	Veillonella_A,Robinsoniella,MGYG000004604,CAG-631,UBA9506,UBA7182,Frisingicoccus,Enterobacter_D,CAG-245,Amedibacillus,Muribaculum,UBA5026,RUG705
rep697_seed2722	Enterococcus_C,UBA1752,Bittarella,Pygmaiobacter,Latilactobacillus,Succinatimonas,HGM13222,UMGS1603,UBA4334,Parabacteroides,Yokenella,Criibacterium,Caproiciproducens
rep698_seed2723	Mailhella,UMGS124,Lachnoclostridium_B,UMGS1537,UMGS75,Leuconostoc,HGM11575,CAG-274,Lachnoclostridium_A,UMGS403,MGYG000004660,Eubacterium_J,Gordonibacter
rep699_seed2724	Clostridium_E,UMGS1872,QAKS01,NSJ-61,Agathobaculum,CAG-632,Nitratidesulfovibrio,Stoquefichus,HGM12713,CAG-791,NSJ-38,Klebsiella,Finegoldia
rep700_seed2725	Marvinbryantia,UBA5026,Sneathia,Faecalicoccus,UMGS680,Ligilactobacillus,Peptoniphilus_B,Parasutterella,NSJ-61,CAG-533,Neobittarella,CAG-882,UBA5416
rep701_seed2726	NC2004,MGYG000002216,UMGS680,Peptostreptococcus,UBA3818,Actinomyces,UBA2883,F0422,UMGS882,CAG-776,Stomatobaculum,Peptoniphilus_A,MGYG000000387
rep702_seed2727	Raoultibacter,Weizmannia,Duncaniella,CAG-582,Granulicatella,AM51-8,UBA5446,Extibacter,Firm-10,RUG472,MGYG000004112,CAG-1427,HGM11575
rep703_seed2728	Dielma,Salinicola,Haemophilus_D,Paenibacillus,MGYG000002702,MGYG000003490,Cronobacter,CAG-177,Stomatobaculum,CAG-710,UMGS1872,Ligilactobacillus,UMGS929
rep704_seed2729	Bacillus_J,Peptoniphilus_B,MGYG000002797,SFJ001,CAG-451,Massilioclostridium,Haemophilus,Lachnoclostridium_A,MGYG000004660,UBA7173,CAG-269,NSJ-63,1XD42-69
rep705_seed2730	UBA6857,SFTJ01,Sutterella,HGM13618,Clostridium_P,UBA6345,UMGS2037,HGM13634,MGYG000004727,UBA5394,SFDB01,MGYG000002696,UMGS263
rep706_seed2731	MGYG000004660,UBA3631,Kluyvera,Pseudescherichia,UMGS1975,Allisonella,Oscillibacter,Victivallis,HGM05232,Mobiluncus,RUG13868,Senegalimassilia,Bacteroides
rep707_seed2732	Dorea_B,Nitratidesulfovibrio,Peptoniphilus_C,Enterococcus_A,RUG023,HGM05232,Leptotrichia,UBA1740,CAG-632,Butyricimonas,UMGS1590,UMGS1307,UBA3282
rep708_seed2733	TM7x,Phocea,MGYG000004094,Lactococcus_A,UMGS1851,CAG-590,UBA1731,Eubacterium_F,Muribaculum,CAG-710,UMGS1781,UMGS2055,Sporanaerobacter
rep709_seed2734	Pediococcus,Bulleidia,Lagierella,Cronobacter,Absicoccus,Dorea_A,HGM14224,HGM11417,Massilimaliae,UMGS1326,MGYG000000456,UMGS1781,Mediterraneibacter
rep710_seed2735	Agathobaculum,Kluyvera,UBA3631,UMGS973,Parasutterella,UBA3402,Cellulosilyticum,UMGS1600,SFHK01,Catenibacterium,TM7x,UMGS577,UBA1206
rep711_seed2736	UBA11512,Hydrogeniiclostridium,UMGS2037,Butyricimonas,Enteroscipio,UMGS882,RUG410,CAG-582,HGM13010,Faecalitalea,UBA945,Amedibacterium,HGM11507
rep712_seed2737	Oribacterium,UMGS1826,QANG01,Extibacter,HGM04593,HGM11788,UMGS124,UMGS1532,Clostridium_A,Olsenella,UBA5026,MGYG000003970,Holdemania
rep713_seed2738	CAG-603,Pseudobutyrivibrio,Campylobacter_B,RUG100,CAG-56,Varibaculum,RUG12045,UBA1822,OF09-33XD,CAG-81,Salinicola,CAG-302,Azonexus
rep714_seed2739	UMGS1839,MGYG000000574,Parabacteroides,SFFH01,MGYG000004547,Phoenicibacter,CACZQA01,Phil1,Companilactobacillus,MGYG000002575,Lactobacillus,MGYG000000587,MGYG000003297
rep715_seed2740	UMGS911,UBA1737,UMGS1418,Victivallis,UBA5394,CAG-485,Barnesiella,Muribaculum,JAAYBB01,Lachnoclostridium,Ruminococcus_A,Bifidobacterium,Campylobacter
rep716_seed2741	RUG023,CAG-521,HGM11575,UBA5394,Catenibacillus,Lacrimispora,HGM11588,Duodenibacillus,CAG-170,UBA2883,UMGS1994,NC2004,Acidovorax
rep717_seed2742	Campylobacter_B,Odoribacter,Aneurinibacillus,Methanobrevibacter_A,MGYG000004094,Actinomyces,Paenibacillus_A,CAG-465,Gemmiger,CAG-557,CAG-495,UMGS1810,Cetobacterium_A
rep718_seed2743	Pygmaiobacter,VUNI01,Anaerotignum,Ligilactobacillus,Mailhella,MGYG000004029,Citrobacter,CACZQA01,UMGS2055,UMGS124,Clostridium_AQ,Butyricicoccus,Bariatricus
rep719_seed2744	Oribacterium,MGYG000004172,CAG-710,Dorea_B,Salinicola,Porphyromonas_A,Pluralibacter,CAG-628,UBA1786,Eubacterium_I,CAG-417,Weissella,UMGS577
rep720_seed2745	Azonexus,VUNA01,HGM10836,D5,CAG-582,Paraeggerthella,Dorea_B,Aggregatibacter,MGYG000000425,Bilophila,CAG-917,Gemmiger,MGYG000004660
rep721_seed2746	Eubacterium_G,UMGS1851,MGYG000001871,Lancefieldella,CAG-110,UMGS1326,HGM13010,RQCD01,Turicibacter,UMGS929,UBA4372,Firm-10,HGM11525
rep722_seed2747	UBA1777,HGM11417,Firm-10,Kosakonia,Hungatella_A,Raoultibacter,HGM11808,UBA1417,Enteroscipio,Providencia,Harryflintia,Muricomes,UBA7748
rep723_seed2748	Schaedlerella,Mesosutterella,Hafnia,Alterileibacterium,UBA1740,Faecalitalea,UMGS995,Pauljensenia,UMGS902,UMGS1532,MGYG000000674,Muribaculum,Selenomonas_C
rep724_seed2749	Mobilibacterium,Lactiplantibacillus,Gabonibacter,UMGS1633,Duodenibacillus,Paenibacillus_A,Phascolarctobacterium,Butyricicoccus,CAG-312,UMGS1326,UBA4855,UBA2821,UBA3766
rep725_seed2750	MGYG000004556,Ruminococcus,UMGS1901,UMGS882,MGYG000004445,HGM13233,CAG-831,KM106-2,MGYG000004171,Campylobacter,CAG-145,HGM11521,Morganella
rep726_seed2751	CAG-776,SFFS01,Megamonas,UMGS1384,Longibaculum,UBA11512,UMGS1491,Johnsonella,Clostridium_X,Moellerella,HGM11416,UMGS1322,Lactonifactor
rep727_seed2752	UBA945,Caproiciproducens,BX12,Epilithonimonas,MGYG000004850,MGYG000001903,UBA866,Faecalicoccus,Bifidobacterium,UMGS577,Anaerosporobacter,Finegoldia,HGM12587
rep728_seed2753	Anaeroplasma,CAG-831,UMGS1490,Firm-10,UBA7182,Enterococcus_B,UMGS1880,SFDP01,Paenibacillus_A,Eubacterium_I,Methanosphaera,UMGS929,Alistipes_A
rep729_seed2754	Selenomonas_A,Peptoniphilus_A,Clostridium_A,HGM12789,Eubacterium_G,AM51-8,MGYG000004177,CAG-594,OM05-12,UMGS1880,HGM11507,Dysgonomonas,CAG-873
rep730_seed2755	Clostridium_B,UMGS1994,Eubacterium,HGM11588,Stoquefichus,Amedibacterium,Massilicoli,CAG-631,Yersinia,Lachnoanaerobaculum,Ruminococcus_C,UBA737,QALR01
rep731_seed2756	MGYG000001903,Rubneribacter,Anaerosporobacter,Alterileibacterium,Kluyvera,UMGS692,UMGS1820,UMGS1370,UMGS1052,MGYG000003297,Butyricicoccus_A,Staphylococcus,SFDP01
rep732_seed2757	Phocea,An172,UMGS1872,Butyrivibrio_A,UMGS1441,Cedecea,MGYG000004177,CAG-353,UMGS1532,Corynebacterium,Clostridium_AQ,Faecalibacterium,Flavonifractor
rep733_seed2758	UMGS1251,UC5-1-2E3,Phascolarctobacterium,Lancefieldella,MGYG000004727,VSOB01,MGYG000004660,MGYG000004094,UBA1777,Alloprevotella,UMGS1933,DTU089,UMGS1202
rep734_seed2759	UMGS75,Phil1,UMGS263,CAG-349,Intestinibacter,MGYG000004127,Lysinibacillus,UMGS874,Eubacterium_F,UBA5416,UBA4716,SCN-57-10,Bacillus_A
rep735_seed2760	MGYG000004727,Paraclostridium,MGYG000003490,Amedibacillus,MGYG000003289,MGYG000004850,Haemophilus_A,Selenomonas_C,Robinsoniella,CAG-217,Moellerella,MGYG000003297,UBA6398
rep736_seed2761	RUG420,Ruminococcus,51-20,Lachnoclostridium_A,UMGS1418,Enterococcus_B,Enterobacter_D,CAG-776,HGM11525,Turicimonas,NK4A136,Marseille-P3106,Amulumruptor
rep737_seed2762	Lentilactobacillus,Phascolarctobacterium_A,CAG-127,Leminorella,Intestinimonas,Extibacter,Vibrio,CAG-45,UMGS599,RF16,RUG420,Pseudobutyrivibrio,UMGS1933
rep738_seed2763	CAG-762,Enterococcus_B,Campylobacter_B,WRGP01,RUG115,CAAHEQ01,GCA-900066905,RUG472,UBA1777,HGM11525,Fusobacterium_A,Muribaculum,MGYG000002797
rep739_seed2764	Akkermansia,Bulleidia,Weizmannia,Anaerotignum,MGYG000002696,QAKS01,UBA10677,UBA1375,Angelakisella,Clostridium_Q,MGYG000002053,Rubneribacter,UBA11471
rep740_seed2765	Neobacillus,Campylobacter_A,CAG-353,Morganella,RUG023,Klebsiella,Clostridium_AP,Pauljensenia,UBA3818,UMGS1839,Merdimonas,F23-B02,Citrobacter
rep741_seed2766	UMGS1994,Morganella,Pauljensenia,CAG-1031,Peptostreptococcus,Eubacterium_G,SFLA01,UBA7597,UMGS1472,Actinomyces,Enterococcus_B,Clostridium_Q,MGYG000003490
rep742_seed2767	Leuconostoc,Companilactobacillus,Beduini,UMGS1071,UBA3766,UMGS172,HGM11588,Clostridium_J,CAG-485,MGYG000002575,UBA2883,UMGS1387,Enterocloster
rep743_seed2768	UBA11452,JAAYBB01,TM7x,Clostridium_N,HGM11507,Haemophilus_D,Plesiomonas,UBA5905,UMGS680,Catenibacterium,Clostridioides,Azonexus,DUOT01
rep744_seed2769	CHH4-2,Dysosmobacter,HGM12957,NSJ-32,Cedecea,Anaeroglobus,GCA-900066905,UMGS1815,Negativibacillus,CAG-533,Eubacterium,Moellerella,UMGS1002
rep745_seed2770	UMGS856,Dielma,CAG-631,UBA1417,UMGS1052,CAG-194,CAG-274,Anaerobutyricum,MGYG000000456,WG-1,Klebsiella_A,Holdemania,VSOB01
rep746_seed2771	CAG-510,UBA5026,CAG-521,Arabia,MGYG000004874,NSJ-63,UBA1731,Proteus,UBA1206,Cetobacterium_A,UBA7185,UBA3631,UMGS1603
rep747_seed2772	UBA737,Merdimonas,SFEL01,UMGS1532,ER4,Companilactobacillus,KM106-2,UMGS1375,CAG-41,HGM11372,UMGS1322,CAG-791,UMGS1472
rep748_seed2773	Fusobacterium_A,HGM13862,Lacrimispora,UMGS1338,UBA1740,UBA1752,V9D3004,Megamonas,Ruminococcus,Acetatifactor,MGYG000000390,CAG-762,MGYG000004660
rep749_seed2774	Paenibacillus_A,Monoglobus,Ruminococcus_E,UMGS1477,Fusobacterium_C,Raoultibacter,Alloprevotella,RUG572,CAG-557,CAG-877,HGM11507,Prevotella,UMGS1994
rep750_seed2775	Coprococcus_A,UBA1206,UBA6382,HGM11368,UMGS680,Ruthenibacterium,UBA1822,Evtepia,UBA7702,Anaerostipes,UMGS1375,Aggregatibacter,CAG-317
rep751_seed2776	Lagierella,Amulumruptor,UMGS2016,CAG-115,CAG-411,UMGS1474,Mediterraneibacter_A,UMGS577,UMGS692,Pradoshia,HGM13233,Klebsiella,UBA5920
rep752_seed2777	Caproiciproducens,Leminorella,HGM11588,CAG-353,CAG-882,MGYG000004380,UMGS1472,CAG-95,UBA1711,Weissella,UBA10281,Catenibacterium,Weizmannia
rep753_seed2778	UBA644,Acutalibacter,UMGS363,Actinobaculum,CAG-110,Lentilactobacillus,CAG-279,Pauljensenia,Aeromonas,MGYG000004171,Faecalitalea,MGYG000000728,Anaerosporobacter
rep754_seed2779	UMGS1766,MGYG000002075,UMGS1933,HGM11514,Finegoldia,Sutterella,QALS01,Enterococcus_B,UBA3402,UBA4372,UMGS995,UBA1777,MGYG000002683
rep755_seed2780	Veillonella_A,CAAEEV01,CAG-317,Peptacetobacter,MGYG000000390,UMGS1668,MGYG000004727,Fusobacterium_C,Superficieibacter,QALW01,Mediterraneibacter_A,UMGS1839,Enterocloster
rep756_seed2781	Butyricicoccus_A,Prevotellamassilia,UBA7702,HGM11386,UMGS1858,Massiliomicrobiota,UMGS1052,CABIZH01,MGYG000000587,Sneathia,UBA6398,UBA3388,Eubacterium_J
rep757_seed2782	UBA3818,MGYG000004604,UMGS1781,CAG-303,UBA7597,MGYG000000286,UBA5394,UMGS882,Mediterraneibacter,CAG-417,CAG-1427,UMGS856,MGYG000002216
rep758_seed2783	UBA10677,CAG-917,Olsenella,Pradoshia,CAG-417,Adlercreutzia,UBA4871,DUOT01,CAG-460,Klebsiella,CAG-631,Enterobacter_D,MGYG000000390
rep759_seed2784	Anaeroglobus,Sneathia,Tidjanibacter,CAG-462,Lawsonibacter,Pygmaiobacter,Clostridium_B,NSJ-62,Ellagibacter,Pyramidobacter,D5,43-108,CAG-582
rep760_seed2785	CAG-877,Raoultella,Stomatobaculum,Oribacterium,UMGS1397,NK3B98,NK4A136,Peptostreptococcus,Cronobacter,Citrobacter_A,Intestinibacter,Acutalibacter,Anaerocolumna
rep761_seed2786	UMGS995,Scardovia,UBA1234,UMGS1370,Citrobacter,Clostridium_F,MGYG000004850,Lawsonella,Merdibacter,Alloprevotella,UMGS1490,CAG-452,AM07-15
rep762_seed2787	Parvimonas,UMGS1688,UMGS124,CAG-1024,UBA2821,Fusicatenibacter,CAG-877,Clostridium_AP,UMGS911,Lawsonella,Eubacterium_I,Enterococcus_G,Fenollaria
rep763_seed2788	Phocea,UBA1259,UBA7748,Mitsuokella,Butyricicoccus,Phytobacter,UBA1737,MGYG000003297,UBA1752,Clostridium_E,MGYG000000574,UBA1394,Succiniclasticum
rep764_seed2789	UBA6857,Vibrio,CAG-279,NSJ-62,Ellagibacter,CAG-822,Anaerostipes,UMGS403,Duodenibacillus,QANA01,Criibacterium,MGYG000004061,Roseburia
rep765_seed2790	Sellimonas,CAG-631,UMGS1441,F0422,UBA7173,Slackia,UBA644,Actinomyces,MGYG000002053,Methanosphaera,Cellulosilyticum,MGYG000000674,Beduini
rep766_seed2791	UBA11940,QALR01,UBA5416,UMGS882,UBA737,UBA1731,SFDB01,MGYG000003945,SFFS01,Negativibacillus,CAG-41,Weimerbacter,UMGS1472
rep767_seed2792	CAG-273,Staphylococcus,Turicibacter,KM106-2,CAG-317,Eggerthella,Catenibacterium,UMGS1472,Ruminococcus_F,Megasphaera,Gemella,MGYG000004604,UMGS1901
rep768_seed2793	V9D3004,UMGS1518,Firm-07,UBA6857,HGM10836,AF33-28,Dorea_A,Pseudomonas_E,UBA1181,UMGS1540,Ligilactobacillus,CAG-460,MGYG000002726
rep769_seed2794	Parabacteroides,UMGS1663,CAG-841,Eubacterium_F,Bifidobacterium,RUG023,VUNA01,Tidjanibacter,GCA-900066905,MGYG000002010,Plesiomonas,Eubacterium,Corynebacterium
rep770_seed2795	QAMH01,UMGS1766,MGYG000000505,CAG-1024,CAG-631,UBA9502,UMGS1864,Escherichia,Pseudomonas_E,Ruminococcus_D,Clostridium_A,UMGS268,HGM11417
rep771_seed2796	SFFS01,Coprobacillus,MGYG000004604,Prevotellamassilia,NSJ-32,Lactiplantibacillus,Stomatobaculum,UBA1409,Agathobacter,Phoenicibacter,NSJ-61,RUG11247,Veillonella_A
rep772_seed2797	UBA7748,Sporanaerobacter,UMGS75,TM7x,Lachnospira,MGYG000004172,Pluralibacter,CAG-631,Anaerococcus,Absicoccus,F0422,CAG-465,Anaerostipes
rep773_seed2798	43-108,UMGS1397,NSJ-32,Barnesiella,GCA-900066905,CAG-884,MGYG000000456,RUG705,UMGS577,UBA3282,Sutterella,UMGS1518,Franconibacter
rep774_seed2799	HGM11372,Arcanobacterium_A,Pseudoflavonifractor,CHH4-2,UBA5446,CAG-484,HGM11416,UBA636,MGYG000004094,UBA1786,Ruminococcus_A,Lactobacillus,UMGS1688
rep775_seed2800	UMGS2037,QALS01,Lachnoclostridium,UMGS1611,NSJ-61,NK4A136,Gemella,CAAEEV01,SFTJ01,CAG-115,Holdemania,UBA11471,HGM12998
rep776_seed2801	QAMM01,CAG-411,UMGS403,CAG-1000,Citrobacter,43-108,Pseudomonas,CAG-1427,UBA1711,Beduini,Bacilliculturomica,Fusobacterium_C,UBA5416
rep777_seed2802	UMGS902,Dysgonomonas,MGYG000003945,Bilophila,Turicibacter,Enterobacter,Paraprevotella,QALS01,CAG-170,Stomatobaculum,Negativibacillus,UBA4855,CAG-533
rep778_seed2803	Arcanobacterium_A,Angelakisella,NK3B98,UMGS599,Collinsella,Tidjanibacter,UBA866,Anaerosalibacter,Citrobacter_B,UBA6857,Holdemania,HGM11523,Phascolarctobacterium
rep779_seed2804	UMGS1696,Latilactobacillus,Fusobacterium_C,UMGS1975,Rothia,Murdochiella,Mediterraneibacter_A,Massilistercora,Lachnoclostridium_A,Parasutterella,Cellulosilyticum,UMGS1690,Enterococcus_G
rep780_seed2805	RUG100,UMGS1994,RUG11198,UMGS1387,Campylobacter,Alloprevotella,Lentilactobacillus,1XD42-69,UMGS1820,UBA5809,CAG-594,UMGS856,UBA7182
rep781_seed2806	UBA3631,DUOT01,HGM13222,Enterococcus_A,Zag111,UMGS1441,Enorma,Ralstonia,Clostridium_E,Actinobaculum,MGYG000004604,CAG-451,UBA3263
rep782_seed2807	Rothia,Dysosmobacter,MGYG000002575,Anaeroglobus,Pluralibacter,Sneathia,UBA5416,UBA9414,UMGS1202,MGYG000000574,MGYG000000456,Tidjanibacter,GCA-900066495
rep783_seed2808	UBA1417,Duncaniella,UMGS1600,Butyricicoccus_A,UBA1409,UBA7057,Anaerosporobacter,Turicimonas,Coprococcus,MGYG000004061,Longibaculum,UMGS1071,Blautia_A
rep784_seed2809	UBA1777,CAG-582,QAMM01,Massilioclostridium,Cellulosilyticum,CAG-349,Klebsiella_A,MGYG000004177,MGYG000004811,Romboutsia,Raoultella,Acutalibacter,Akkermansia
rep785_seed2810	Megamonas,SFHK01,UMGS1472,HGM13222,Erysipelatoclostridium,UMGS1826,CAG-873,HGM13233,QALR01,Stomatobaculum,RUG11200,Enterococcus_C,UBA1829
rep786_seed2811	MGYG000000574,UMGS1633,Collinsella,MGYG000002216,Allisonella,V9D3004,Longibaculum,Neisseria,Phil1,UBA1786,UBA1685,Lawsonella,Gemella
rep787_seed2812	UMGS1663,UBA1711,UMGS1474,Turicimonas,MGYG000004112,UBA11940,Extibacter,Ruminococcus_A,Evtepia,RUG11198,RC9,MGYG000004029,CAG-841
rep788_seed2813	NSJ-61,Coprobacter,UMGS124,Faecalicoccus,UBA10677,CAG-475,HGM12587,CAG-349,Plesiomonas,UMGS2016,UMGS1253,Ruminococcus_B,Merdibacter
rep789_seed2814	Oscillibacter,Amedibacterium,UBA5026,Mobilibacterium,UMGS1388,CAG-196,UMGS1994,Morganella,Lachnoanaerobaculum,Fenollaria,Sellimonas,UBA11524,UMGS692
rep790_seed2815	Enterobacter_A,Citrobacter,Paraprevotella,Anaerofustis,UBA7182,Methanobrevibacter_A,HGM12789,HGM12998,Massilioclostridium,UMGS1976,Acidovorax,CAG-177,UMGS1326
rep791_seed2816	CAG-631,Paramuribaculum,UMGS1490,Enterobacter_A,Pediococcus,CAG-791,Actinomyces,HGM11507,UBA1829,UMGS1781,OM05-12,Peptacetobacter,UBA7702
rep792_seed2817	UMGS2037,Anaerosalibacter,UBA1375,Sneathia,Enorma,UMGS1484,UMGS1279,UMGS1670,UBA4644,Marseille-P4683,Phocaeicola,CAG-510,HGM11788
rep793_seed2818	Paenibacillus_A,Eubacterium_J,Stoquefichus,Sellimonas,Amulumruptor,CAG-110,UMGS874,CAG-582,HGM11507,CAG-917,UBA2883,Odoribacter,Dysgonomonas
rep794_seed2819	Niameybacter,MGYG000002726,Brachyspira,HGM12957,UMGS905,Mediterraneibacter,Neobacillus,Yersinia,Succiniclasticum,Alloprevotella,CAG-314,Massilicoli,MGYG000000505
rep795_seed2820	Eubacterium_F,Phytobacter,UMGS1696,Ruminiclostridium_E,Bacteroides_F,MGYG000002075,TWA4,CAG-41,CAG-1193,HGM12650,MGYG000000587,Gastranaerophilus,CAG-793
rep796_seed2821	Eisenbergiella,Fusicatenibacter,UBA4285,Treponema_D,UMGS1375,Enteroscipio,Pseudomonas,Selenomonas_C,MGYG000001953,Eubacterium_T,Dielma,Varibaculum,HGM11501
rep797_seed2822	MGYG000004874,Escherichia,UMGS1690,Alloprevotella,CAG-510,HGM11808,Muricomes,CAG-710,Caproiciproducens,Allisonella,UBA4372,UMGS1491,Slackia
rep798_seed2823	UMGS692,UMGS1293,Franconibacter,UMGS1071,QAKD01,Escherichia,Salinicola,Turicimonas,Prevotellamassilia,Murdochiella,CAG-964,UBA7702,Clostridium_X
rep799_seed2824	GCA-900066755,SFHK01,Ruminococcus_E,UBA1737,Fusobacterium_A,Harryflintia,Massilistercora,Stenotrophomonas,UMGS995,1XD42-69,UMGS1668,HGM05232,Butyricicoccus_A
rep800_seed2825	QAMM01,Johnsonella,HGM13233,OM05-12,GCA-900066135,Olsenella_B,Clostridium_F,QAKW01,An92,Amedibacillus,CAG-127,TWA4,UBA1777
rep801_seed2826	UMGS1224,QALW01,UMGS1613,Azonexus,UBA7173,Corynebacterium,Chimaeribacter,UBA1206,Ruminococcus_E,Slackia_A,Phocaeicola,Dysosmobacter,CAG-462
rep802_seed2827	MGYG000003945,Faecalitalea,Eubacterium_R,Dielma,Ruminococcus,MGYG000003305,Lachnoclostridium,Massilimaliae,SFJ001,CAG-484,UMGS1975,UBA1752,UMGS1826
rep803_seed2828	Sellimonas,Harryflintia,Sutterella,Absicoccus,MGYG000000286,Campylobacter_A,Clostridium_A,UMGS1815,Angelakisella,QAKW01,RUG11198,Parolsenella,An92
rep804_seed2829	Blautia_A,MGYG000001953,MGYG000003289,Enterobacter_D,Holdemanella,Bacillus_A,UMGS1663,UBA2856,Phoenicibacter,Selenomonas_A,HGM13006,GCA-900066135,Clostridium_AP
rep805_seed2830	RQCD01,Neisseria,HGM11514,MGYG000000378,Neobittarella,HGM13634,Veillonella_A,UMGS1307,Garciella,Mesosutterella,UMGS1253,UBA7182,CAG-485
rep806_seed2831	UBA11940,Cetobacterium_A,AM51-8,RUG572,MGYG000003970,Corynebacterium,GCA-900066495,Coprococcus_A,Parabacteroides,Acidovorax,CAG-303,CAG-460,Rubneribacter
rep807_seed2832	Bulleidia,Caproiciproducens,UMGS1472,Paraclostridium,51-20,Fusobacterium_B,UMGS1933,RUG11198,Acetatifactor,MGYG000000346,UBA11512,RUG806,Salmonella
rep808_seed2833	HGM12957,Alterileibacterium,Salinicola,UBA1685,UBA4716,Pseudomonas,Clostridium_A,SFLA01,Klebsiella_A,Oribacterium,Eubacterium_I,MGYG000004445,UMGS577
rep809_seed2834	HGM12998,RUG11247,Alloprevotella,Veillonella,CAG-917,Nitratidesulfovibrio,DUOT01,UMGS692,Veillonella_A,CAG-557,AM07-15,Sutterella,Bariatricus
rep810_seed2835	UBA1711,Acinetobacter,CAG-56,Acetivibrio_A,Arabia,Olsenella_B,Phocea,CAG-411,Bacillus_J,Sporanaerobacter,Exiguobacterium,CAG-81,MGYG000002696
rep811_seed2836	UMGS1933,Granulicatella,CAG-793,UMGS1004,Megamonas,UBA1191,Sneathia,Rothia,Ezakiella,Raoultella,MGYG000004556,Absicoccus,UBA9502
rep812_seed2837	UBA1181,Staphylococcus,Akkermansia,Phascolarctobacterium_A,UMGS1518,MGYG000003855,CAG-353,CAG-354,Salinicola,Pseudobutyrivibrio,CAG-460,Stenotrophomonas,BX12
rep813_seed2838	TWA4,Eubacterium_F,HGM12650,Mitsuokella,MGYG000004171,CAG-449,UMGS1590,Latilactobacillus,Pseudoruminococcus,UMGS1688,Exiguobacterium,Actinomyces,Mediterraneibacter_A
rep814_seed2839	Turicibacter,HGM05232,UMGS1484,Robinsoniella,Paenibacillus,UMGS1901,CAG-451,Bacillus_J,UBA11940,Peptoniphilus_E,CAG-484,UBA3282,Brachyspira
rep815_seed2840	43-108,Phoenicibacter,UBA4334,CAG-95,Psychrobacillus,RF16,Caecibacter,Flavonifractor,Eubacterium_I,Succinivibrio,UBA4871,MGYG000001871,Haemophilus
rep816_seed2841	Haemophilus,RC9,Extibacter,Mediterraneibacter_A,RUG420,UMGS1611,Granulicatella,QAMM01,Ligilactobacillus,UBA7185,UBA10281,MGYG000003297,UBA1685
rep817_seed2842	Fusobacterium,UMGS1052,UBA7173,UMGS1766,UBA11471,RUG11198,CAG-145,Enterococcus_G,UMGS874,Selenomonas_C,MGYG000000390,Olsenella,HGM13010
rep818_seed2843	Neobittarella,Mobilibacterium,UMGS856,Weimerbacter,UMGS403,Scardovia,UMGS1225,Slackia,Lactiplantibacillus,MGYG000000350,MGYG000000745,MGYG000003270,MGYG000004112
rep819_seed2844	CABIZH01,Anaeromassilibacillus,UMGS911,Parvimonas,Lachnoclostridium_B,Hafnia,UBA7597,Gemella,UBA1786,Faecalibacillus,UMGS1858,KLE1615,UMGS1600
rep820_seed2845	CAG-1427,Marseille-P3106,Leminorella,HGM11588,RUG14107,MGYG000000728,MGYG000002053,UMGS1572,Anaerosporobacter,Paenibacillus_A,UMGS1591,S5-A14a,Leclercia
rep821_seed2846	UBA5920,UBA5416,UMGS1418,Lactococcus,Eikenella,CAG-632,UMGS75,UBA4855,Slackia_A,Mitsuokella,Klebsiella_A,Acinetobacter,UMGS1781
rep822_seed2847	UBA7102,Atlantibacter,Coprococcus_A,Merdimonas,Eubacterium_T,Morganella,Weimerbacter,HGM11530,CAG-81,UMGS1322,UMGS599,UMGS1109,Faecalitalea
rep823_seed2848	KM106-2,RUG806,UMGS1540,Massilicoli,CAG-274,Pseudomonas_E,HGM11616,HGM11521,UBA7488,CAG-302,Lactonifactor,UBA11774,F082
rep824_seed2849	SFHK01,Bruticola,UMGS1883,Pseudobutyrivibrio,HGM12669,Murimonas,CAG-274,Intestinibacter,UBA7185,Yokenella,Criibacterium,Lachnoanaerobaculum,CAG-964
rep825_seed2850	Coprobacillus,Ruthenibacterium,Eubacterium_I,UBA7185,Schaedlerella,UMGS1397,Cronobacter,MGYG000002719,An181,Fusobacterium_C,SFJ001,Dielma,Vibrio
rep826_seed2851	UMGS1889,SFFS01,RUG12045,HGM11327,Stenotrophomonas,Lawsonibacter,HGM11616,Amulumruptor,Anaerostipes,Plesiomonas,Fenollaria,MGYG000003289,CAG-964
rep827_seed2852	HGM12814,Eggerthella,Paraeggerthella,Akkermansia,QALR01,CAG-180,OF09-33XD,UBA1181,Mediterraneibacter_A,Veillonella_A,UBA1394,UMGS1225,Oxalobacter
rep828_seed2853	MGYG000004112,Collinsella,CAG-83,Enterococcus_C,CAG-313,Dorea_B,Leuconostoc,UMGS1633,CAG-793,S5-A14a,UMGS1668,Anaerotruncus,UMGS1109
rep829_seed2854	Angelakisella,SFJ001,UMGS1387,Eisenbergiella,SFGY01,D5,Campylobacter_A,COE1,UMGS731,Faecalibacterium,UBA6984,Muribaculum,Olsenella_B
rep830_seed2855	Merdibacter,Methanobrevibacter_A,Arabia,UBA3631,Merdimonas,UBA10281,UMGS1864,MGYG000004850,UBA1829,Borkfalkia,CAG-83,Paraclostridium,Selenomonas_A
rep831_seed2856	1XD42-69,UBA2883,UBA5920,Epilithonimonas,Faecalimonas,UBA4716,UBA1737,Lactiplantibacillus,UBA3402,UMGS1370,MGYG000000587,CAG-274,Alterileibacterium
rep832_seed2857	F23-B02,Yersinia,UMGS1253,Kosakonia,Scardovia,UBA1417,UMGS1889,NSJ-61,Hungatella_A,UMGS1690,Leminorella,UMGS1472,UBA3263
rep833_seed2858	CAG-302,UMGS1976,MGYG000002702,Yersinia,MGYG000002075,RUG410,Faecalimonas,MGYG000003490,UMGS1572,Peptococcus,Olsenella_B,MGYG000000745,CAG-465
rep834_seed2859	UMGS1375,UMGS1601,UMGS731,MGYG000003305,Eubacterium_M,Oscillibacter,CAG-274,UMGS1611,Pseudomonas_R,CAG-83,Romboutsia,Salinicola,Christensenella
rep835_seed2860	UBA1820,Gordonibacter,CAG-603,NSJ-63,UMGS905,UBA1417,UBA2883,UBA9414,MGYG000002696,UBA1234,RC9,SFTJ01,CAG-877
rep836_seed2861	Intestinimonas,Veillonella_A,MGYG000003289,UBA3766,MGYG000003305,Megasphaera,Anaerofustis,Emergencia,CAG-510,UBA1394,Finegoldia,Enterococcus_A,HGM13006
rep837_seed2862	CAG-354,F0040,UMGS1004,MGYG000004445,HGM11808,Pradoshia,MGYG000000387,Stoquefichus,CAG-632,UBA7057,Lawsonella,Emergencia,43-108
rep838_seed2863	SFJ001,UMGS124,Klebsiella,UMGS2037,Phil1,Angelakisella,UMGS403,CAAHEQ01,UMGS1540,UMGS1384,RUG131,Lactiplantibacillus,UMGS1322
rep839_seed2864	Fusobacterium,F0040,CAG-317,UBA2856,CAG-272,Paraeggerthella,Peptococcus,NC2004,CAG-603,Fournierella,Catenibacterium,UBA866,TM7x
rep840_seed2865	Evtepia,CAG-841,VUNA01,Harryflintia,Beduini,UBA6382,CAG-110,CAG-279,Longicatena,Akkermansia,Methanosphaera,Negativibacillus,Vibrio
rep841_seed2866	Parolsenella,CAG-460,Catenibacillus,UMGS1472,CAG-56,UBA1206,CAG-354,Lachnoanaerobaculum,CAG-115,Proteus,UMGS1071,UMGS363,HGM11501
rep842_seed2867	Mobilibacterium,UBA1685,AF33-28,Catenibacterium,Pluralibacter,Caecibacter,Adlercreutzia,MGYG000004061,Pantoea,Desulfovibrio,UMGS1603,CAG-791,UMGS1225
rep843_seed2868	Barnesiella,UMGS1487,Clostridium_N,CAG-485,Lancefieldella,Anaerococcus,Fusobacterium_B,UBA5026,UMGS1279,CAG-194,Bilophila,Ruminococcus_F,UBA3402
rep844_seed2869	CABIZH01,Ruminococcus_B,Salinicola,Anaeroglobus,UBA4285,UBA2821,Tidjanibacter,UBA1234,UMGS1633,MGYG000004172,Fenollaria,Clostridium_Q,Schaedlerella
rep845_seed2870	Johnsonella,Ruminococcus_D,UMGS124,UBA866,UBA2856,Fannyhessea,Enterobacter_A,UMGS973,HGM12669,Phoenicibacter,SFTJ01,Coprobacillus,HGM11368
rep846_seed2871	Leminorella,Coprococcus_A,UBA9414,Romboutsia,Methanobrevibacter_A,UBA7488,Eggerthella,Barnesiella,Alloprevotella,Oribacterium,MGYG000004556,CAG-194,Pyramidobacter
rep847_seed2872	Pseudobutyrivibrio,Clostridioides,UMGS1279,Ruminococcus_D,An92,CAG-882,Paraprevotella,Absicoccus,Gemella,Methanosphaera,QAMM01,CAG-632,SFGY01
rep848_seed2873	HGM11416,MGYG000000425,CAG-451,Caproiciproducens,HGM11417,CAG-303,MGYG000004229,Faecalibacillus,RUG806,UMGS1611,UBA5026,CAG-170,UBA5884
rep849_seed2874	Odoribacter,Psychrobacillus,MGYG000000587,PeH17,Rubneribacter,UBA5446,Romboutsia,Enterobacter,Fusobacterium_B,Ruminococcus_A,Anaerosalibacter,RQCD01,CAG-510
rep850_seed2875	BX12,Escherichia,UMGS1865,UMGS1858,CAG-882,Peptacetobacter,MGYG000004660,Roseburia,CAG-488,Faecalicoccus,UBA1390,CAAHEQ01,Caecibacter
rep851_seed2876	OM05-12,UBA1232,Borkfalkia,UBA738,CAG-462,UBA11517,CAG-594,Staphylococcus,CAG-180,UBA5809,UMGS1668,MGYG000002685,Massilimaliae
rep852_seed2877	QAMH01,Coprobacter,Massiliomicrobiota,Phytobacter,UMGS1375,CAG-484,PeH17,UMGS577,Pradoshia,Nitratidesulfovibrio,UBA5394,Kallipyga,Peptacetobacter
rep853_seed2878	Pygmaiobacter,UBA6345,CAG-449,UBA4855,Dysosmobacter,SFDP01,RUG12045,UMGS731,CAG-460,Aeromonas,Allisonella,UBA2856,MGYG000002053
rep854_seed2879	CAG-873,UBA6345,Lacrimispora,Marseille-P4683,UMGS1202,UMGS1933,CAG-460,Mitsuokella,UBA11517,CAG-465,UMGS1387,CAG-724,Phocea
rep855_seed2880	MGYG000002075,Parvimonas,Fenollaria,Salmonella,Enteroscipio,CAG-724,HGM13618,CAG-1031,OF09-33XD,UBA2821,CAG-488,UBA4285,Roseburia
rep856_seed2881	Faecalibacterium,HGM11368,Butyricicoccus_A,UMGS1901,Evtepia,Firm-11,CAG-303,Aggregatibacter,UMGS1472,Rubneribacter,Enterocloster,Scardovia,UMGS1375
rep857_seed2882	Absicoccus,Ligilactobacillus,SFVR01,Clostridium_AP,Clostridium_A,MGYG000000387,MGYG000000728,UBA11940,Marseille-P3106,UBA9506,Massilistercora,Akkermansia,UMGS1540
rep858_seed2883	UBA3402,CAG-95,Rahnella,Bilophila,UBA3388,MGYG000000574,UCG-010,Ruminococcus_E,UMGS1384,Clostridium_F,CAG-557,MGYG000002719,CAG-273
rep859_seed2884	Coprococcus,TF01-11,SFMI01,CAG-411,CAG-822,Acidaminococcus,UMGS1901,UBA5394,Clostridium_J,UMGS1872,Bacillus_J,UMGS1889,Lancefieldella
rep860_seed2885	HGM11616,SFMI01,UMGS1491,VUNI01,Anaerococcus,Lachnospira,NSJ-62,Schaedlerella,MGYG000002719,CAG-95,CAG-631,UBA1829,Flavonifractor
rep861_seed2886	Mixta,Firm-07,MGYG000004229,MGYG000004727,NK4A136,Enterobacter_D,UBA738,Zag111,CAG-302,UMGS1781,UMGS1633,Neisseria,RUG115
rep862_seed2887	UBA1786,UMGS1491,Barnesiella,UBA866,MGYG000004171,An92,Latilactobacillus,UMGS1572,RUG11198,HGM13634,UBA7597,Rahnella,CAG-884
rep863_seed2888	Escherichia,Slackia,CAG-791,Bacillus_A,SFHK01,MGYG000000390,MGYG000004127,SCN-57-10,Garciella,Akkermansia,Longicatena,HGM13222,Companilactobacillus
rep864_seed2889	Ralstonia,CAAEEV01,MGYG000004660,43-108,HGM12713,CAG-449,Clostridium,UMGS1487,CAG-475,Latilactobacillus,CAG-594,HGM11521,Exiguobacterium
rep865_seed2890	QANG01,UMGS1326,HGM11372,UMGS1052,Proteus,Klebsiella,MGYG000004727,CAAHEQ01,Rubneribacter,Christensenella,UBA7173,Morganella,UBA2821
rep866_seed2891	Phil1,UBA7102,Holdemanella,UBA2821,Stomatobaculum,Intestinibacter,Weimerbacter,MGYG000000390,Odoribacter,UBA2882,CAG-353,Varibaculum,CAG-521
rep867_seed2892	Parolsenella,UBA6984,Phil1,Mixta,Flavonifractor,S5-A14a,Campylobacter_A,UMGS1840,Firm-11,Allisonella,Serratia,CAG-302,Mesosutterella
rep868_seed2893	GCA-900066905,Ruminococcus_E,CAG-115,CAG-485,Bacillus_A,UBA1181,Aneurinibacillus,Negativibacillus,UBA737,Morganella,CAG-724,HGM12587,UMGS1851
rep869_seed2894	UMGS1202,Bacillus_J,Neobacillus,RUG420,CAG-81,Rubneribacter,UBA11774,Harryflintia,Angelakisella,Granulicatella,UBA2821,Butyricimonas,MGYG000002726
rep870_seed2895	UMGS680,Longicatena,MGYG000002685,DUOT01,UBA1829,UBA7748,Dysgonomonas,CAG-1427,Paraprevotella,Acinetobacter,MGYG000000574,CAG-273,Ellagibacter
rep871_seed2896	CAG-964,Odoribacter,Pluralibacter,MGYG000004171,CAG-196,SFGY01,UMGS1251,UBA6984,Methanobrevibacter_A,Clostridium_X,Frisingicoccus,RQCD01,UMGS1397
rep872_seed2897	Rahnella,UBA1786,CAG-41,Neisseria,HGM12998,HGM11521,Ezakiella,CAG-603,RUG14107,Acidovorax,MGYG000002719,GCA-900066755,Companilactobacillus
rep873_seed2898	Veillonella_A,Duodenibacillus,Marseille-P4683,RUG410,Raoultella,UBA11940,MGYG000003945,CAG-1024,SFHK01,UBA6398,Butyricicoccus_A,Lactonifactor,Faecalicoccus
rep874_seed2899	MGYG000003270,CAAEEV01,Ruminococcus_B,UBA5809,UMGS905,Senegalimassilia,MGYG000002683,UMGS1810,UMGS1889,CAG-56,UBA9414,Fusobacterium,UMGS1293
rep875_seed2900	Fenollaria,CAG-127,Parvimonas,Enterocloster,Clostridium_N,UMGS1883,CAG-180,Peptacetobacter,Finegoldia,Gordonibacter,Yersinia,UMGS1623,Lysinibacillus
rep876_seed2901	Ruminococcus_A,QAMX01,Sneathia,UBA644,CAG-632,HGM13618,MGYG000000574,Citrobacter,Anaerotignum,SCN-57-10,Rubneribacter,Rahnella,CAG-110
rep877_seed2902	UMGS1633,Turicibacter,Proteus,UMGS966,Massiliomicrobiota,Faecalitalea,CAG-831,RUG023,F0422,Succinatimonas,QAMM01,Christensenella,Ruminococcus_B
rep878_seed2903	UMGS1858,HGM11808,UBA1417,CAG-279,UBA3766,Phascolarctobacterium,Pradoshia,HGM11416,Sodaliphilus,BX12,Pyramidobacter,RUG100,MGYG000002575
rep879_seed2904	Enterococcus_A,Pseudescherichia,Robertmurraya,HGM13862,UMGS1224,Alterileibacterium,UBA7057,HGM12650,UMGS874,Yersinia,Megamonas,Anaeroplasma,CAG-590
rep880_seed2905	Hydrogeniiclostridium,Amulumruptor,RUG472,CAG-83,Cetobacterium_A,Oscillibacter,UMGS874,MGYG000004094,UMGS124,CAG-791,MGYG000000378,Succiniclasticum,UMGS1690
rep881_seed2906	Peptoniphilus_B,MGYG000000505,Prevotellamassilia,UMGS1418,Butyricimonas,Morganella,SCN-57-10,Campylobacter,UMGS1865,QALS01,UMGS1202,Paenibacillus_A,UBA5446
rep882_seed2907	UMGS731,CAG-314,Peptacetobacter,Lactonifactor,RUG705,Stenotrophomonas,CAG-302,OM05-12,Phocea,Odoribacter,UMGS1668,Acidovorax,TM7x
rep883_seed2908	MGYG000001953,Senegalimassilia,UMGS2055,Odoribacter,UBA6984,Eubacterium_G,Garciella,UBA1822,CAG-95,UBA7488,Clostridium,51-20,CAG-145
rep884_seed2909	UBA3631,CAG-510,MGYG000004112,HGM04593,UBA11517,Alistipes,Prevotella,Franconibacter,Enorma,HGM12587,UMGS1472,WG-1,RUG410
rep885_seed2910	Sutterella,MGYG000000387,SFHK01,SFEL01,CAG-170,Lysinibacillus,Enorma,HGM13618,Dorea_A,RUG11247,CAG-451,Vibrio,Ezakiella
rep886_seed2911	TF01-11,F082,UBA945,HGM11788,MGYG000004061,UMGS1783,Veillonella,Fenollaria,Sporanaerobacter,MGYG000003945,UMGS1663,Johnsonella,AM07-15
rep887_seed2912	Franconibacter,Fusobacterium_B,HGM11368,Massilioclostridium,Aggregatibacter,UMGS905,Gastranaerophilus,UMGS911,MGYG000000346,Butyricicoccus_A,UBA1181,Salinicola,D5
rep888_seed2913	Aneurinibacillus,MGYG000002010,MGYG000000674,Raoultella,Bifidobacterium,UBA1691,Eggerthella,UMGS1781,UBA4285,MGYG000004112,Paraclostridium,Finegoldia,UMGS1688
rep889_seed2914	Succinivibrio,Mobilibacterium,CAG-196,UMGS577,MGYG000004727,Clostridium_AQ,UBA3263,MGYG000000286,UMGS929,Paenibacillus,Stenotrophomonas,Anaeroplasma,Pluralibacter
rep890_seed2915	UBA4285,UBA1375,MGYG000000587,Absicoccus,Phytobacter,AM07-15,Romboutsia,Massilicoli,GCA-900066755,Weizmannia,QAKW01,Anaerosporobacter,Pauljensenia
rep891_seed2916	DUOT01,UBA9502,Peptacetobacter,Lactobacillus,Varibaculum,Oxalobacter,Christensenella,MGYG000003855,UMGS1591,V9D3004,UMGS599,Faecalitalea,Eubacterium_I
rep892_seed2917	UMGS1880,Cloacibacillus,Methanobrevibacter_A,Lactococcus,Ruthenibacterium,UBA3818,RUG410,CAG-56,Bruticola,Eubacterium,Butyricicoccus_A,Ruminococcus_D,Aneurinibacillus
rep893_seed2918	UBA3388,Treponema_D,CAG-313,UMGS1071,GCA-900066905,UBA7702,CAG-272,Anaeromassilibacillus,Arcanobacterium_A,Pediococcus,MGYG000003305,Neisseria,HGM11575
rep894_seed2919	COE1,HGM11514,UBA7185,CAG-877,MGYG000004445,RUG705,TF01-11,Aeromonas,AM51-8,HGM12998,Dysosmobacter,UBA644,UMGS1293
rep895_seed2920	UMGS680,UBA7702,UMGS1004,Ruminococcus,CAG-313,CAAEEV01,UBA1711,Angelakisella,CAG-485,Proteus,QALR01,Marseille-P4683,UMGS1783
rep896_seed2921	CAG-317,Olsenella_B,UMGS1002,UBA5809,CAG-417,CAG-1427,Sporanaerobacter,Clostridium_X,Aneurinibacillus,CAG-521,Fusobacterium_A,Catenibacillus,Fusicatenibacter
rep897_seed2922	Zag111,Lancefieldella,UMGS973,Paraprevotella,RUG410,Phocea,Anaeromassilibacillus,CAG-1193,MGYG000000350,Eubacterium_G,CAG-488,RUG12045,Acetatifactor
rep898_seed2923	UMGS1307,UBA7748,CAG-1427,UMGS1387,Bacteroides,GCA-900066495,Aeromonas,Bilophila,CAG-56,UMGS731,MGYG000002575,UMGS1312,RUG420
rep899_seed2924	UBA1740,CAG-822,Lactiplantibacillus,HGM12587,Ruminiclostridium_E,Merdibacter,CAG-724,Zag1,UMGS946,NK4A136,Lagierella,MGYG000001953,CAG-1427
rep900_seed2925	UBA1417,Turicibacter,Anaeromassilibacillus,QAKD01,UBA1206,HGM13006,Raoultibacter,UMGS1696,Holdemania,Proteus,UMGS731,CAG-353,CAG-495
rep901_seed2926	RUG12045,Butyrivibrio_A,MGYG000000286,CAG-145,HGM11523,MGYG000003855,Klebsiella_A,UMGS1901,UMGS2055,RUG472,Garciella,UMGS268,UBA11774
rep902_seed2927	UMGS1370,Olsenella,Harryflintia,Succiniclasticum,CAG-238,Providencia,UBA1390,Enterococcus_A,Gastranaerophilus,Bilophila,Klebsiella_A,UMGS1388,Ruminococcus
rep903_seed2928	Lactonifactor,CAG-269,HGM12998,Merdimonas,Harryflintia,Dorea_B,Rahnella,UMGS1663,Criibacterium,Johnsonella,Rothia,Lactiplantibacillus,NC2004
rep904_seed2929	GCA-900066905,Ruminococcus_D,RUG12045,Fusobacterium,AM51-8,MGYG000000346,UBA4871,An92,Porphyromonas_A,Escherichia,UBA7057,UMGS1663,Caproiciproducens
rep905_seed2930	Haemophilus_A,Streptococcus,Azonexus,HGM11372,Clostridium_N,UMGS1976,UBA10281,Erysipelatoclostridium,UMGS1880,UBA3388,UMGS731,Lachnospira,Fusobacterium
rep906_seed2931	UMGS1518,Lentilactobacillus,Rikenella,UBA9506,HGM13222,Holdemanella,Amedibacterium,UMGS1613,Mediterraneibacter_A,QAKW01,Clostridium_AQ,UBA1234,Lachnospira
rep907_seed2932	UMGS2055,UMGS856,UBA7160,UMGS1307,43-108,Fusobacterium_B,Olsenella_B,HGM12998,UBA1232,Eisenbergiella,Beduini,Kallipyga,Duodenibacillus
rep908_seed2933	MGYG000004172,UMGS929,S5-A14a,1XD42-69,Dorea_A,CAG-590,MGYG000003270,NC2004,Pseudomonas_R,UBA11524,UBA4334,UMGS1279,Merdimonas
rep909_seed2934	UMGS172,UBA5416,Phil1,UBA3282,Lacticaseibacillus,Kluyvera,VSOB01,MGYG000002075,UMGS1338,CAG-288,Clostridium_F,CAG-1193,MGYG000004727
rep910_seed2935	Anaerotignum,Phytobacter,Paraeggerthella,CAG-762,Salinicola,Eubacterium_R,UMGS874,Intestinimonas,UBA7057,F0422,QAKS01,UBA3388,Eikenella
rep911_seed2936	CAG-492,Amedibacillus,UBA1417,MGYG000004556,UBA3818,F0422,UBA1390,UMGS1880,Gastranaerophilus,CAG-475,CAG-1024,HGM12650,Clostridium_Q
rep912_seed2937	MGYG000002575,Dielma,Harryflintia,QALS01,UBA4716,SFJ001,Rothia,Eubacterium_M,RUG13868,COE1,Selenomonas_C,MGYG000004094,Bifidobacterium
rep913_seed2938	UBA7160,Alterileibacterium,UMGS1864,SFFS01,UBA2821,Plesiomonas,UMGS1810,CAG-776,MGYG000003490,UMGS1474,HGM04593,HGM11521,HGM13634
rep914_seed2939	MGYG000004874,Peptoniphilus_A,Phocea,Yokenella,HGM13634,CAG-302,CAG-460,MGYG000000456,Ligilactobacillus,CABIZH01,Azonexus,CAG-791,Paenibacillus_A
rep915_seed2940	Weimerbacter,Latilactobacillus,TM7x,CAG-314,CAG-631,UBA7057,CAG-632,HGM13862,Clostridioides,Mobilibacterium,Anaeroplasma,RQCD01,Mediterraneibacter
rep916_seed2941	UMGS966,Allisonella,Anaeromassilibacillus,UMGS1477,Kosakonia,NK3B98,Acidaminococcus,Rothia,WRGP01,ER4,UMGS1810,UBA4285,UMGS263
rep917_seed2942	Morganella,UMGS1864,CAG-831,AM07-15,QALW01,UBA2883,Hafnia,Fusobacterium_B,Veillonella,UMGS966,UMGS268,HGM12789,Fenollaria
rep918_seed2943	MGYG000002053,SFGY01,Veillonella_A,F23-B02,Moellerella,Anaeromassilibacillus,Dysosmobacter,Flavonifractor,Superficieibacter,Lentilactobacillus,Raoultella,Pseudoflavonifractor,Bacillus_A
rep919_seed2944	AM51-8,Holdemanella,Anaeroplasma,UMGS1474,Kluyvera,HGM11808,Sutterella,Sodaliphilus,MGYG000000350,Erysipelatoclostridium,Criibacterium,Lactonifactor,Evtepia
rep920_seed2945	SFJ001,F082,HGM11514,Corynebacterium,MGYG000002075,Bruticola,Companilactobacillus,Peptoniphilus_B,RQCD01,UMGS1384,CAG-710,CAG-170,Clostridium_P
rep921_seed2946	CAG-303,UCG-010,MGYG000002696,Phil1,Lachnoclostridium_A,GCA-900066135,UBA738,QAMM01,Christensenella,UMGS1518,NK3B98,NC2004,HGM11372
rep922_seed2947	Holdemanella,Neobacillus,PeH17,UBA1777,Faecalibacillus,UBA2856,QAMM01,Massiliomicrobiota,Rikenella,CAG-603,Pradoshia,Kluyvera,Dysgonomonas
rep923_seed2948	Dorea_B,Succinatimonas,Anaerobutyricum,CAG-302,MGYG000001953,UBA5446,Campylobacter_B,Holdemania,Bacillus_A,Haemophilus_D,Anaeromassilibacillus,Franconibacter,CAG-170
rep924_seed2949	NSJ-62,Caproiciproducens,UBA1711,UBA3818,Oscillibacter,An172,Olsenella_B,CAG-492,Veillonella,UBA940,RUG12045,Lancefieldella,DUOT01
rep925_seed2950	Anaerostipes,UBA644,Weissella,TWA4,MGYG000000674,43-108,Coprococcus,MGYG000004112,UMGS124,Monoglobus,UMGS1537,HGM10836,UBA10281
rep926_seed2951	CAG-354,Dielma,Ruminiclostridium_E,Eubacterium,Methanobrevibacter_A,CAG-238,Romboutsia,HGM13233,Eikenella,MGYG000001903,MGYG000002726,MGYG000004443,MGYG000002702
rep927_seed2952	Phocaeicola,UBA1259,VUNI01,MGYG000004443,Faecalitalea,Gabonibacter,Duncaniella,UMGS1851,NSJ-62,UBA1731,HGM12713,MGYG000004061,MGYG000002797
rep928_seed2953	UMGS1312,UMGS1781,Coprobacillus,CAG-95,MGYG000002683,Fusobacterium_C,Agathobacter,UMGS1872,HGM12713,HGM11808,Mediterraneibacter,MGYG000004874,OM05-12
rep929_seed2954	Neobacillus,HGM05232,Acetivibrio_A,Actinobaculum,Dysosmobacter,UMGS856,MGYG000002696,UMGS1224,Succiniclasticum,PeH17,HGM12669,Longicatena,Agathobaculum
rep930_seed2955	AM07-15,UBA1232,Agathobaculum,Eikenella,Borkfalkia,Duncaniella,Pauljensenia,UBA7102,UMGS1370,UMGS1865,Senegalimassilia,Mitsuokella,GCA-900066905
rep931_seed2956	Acidovorax,Yersinia,UBA1740,Weissella,Enterococcus_C,QAKD01,Blautia_A,MGYG000002683,Leclercia,Alloprevotella,Clostridium_F,Enterococcus_B,CAG-631
rep932_seed2957	Monoglobus,CAG-917,MGYG000004112,UBA9502,Muribaculum,QAMM01,MGYG000004029,QAKD01,Pauljensenia,Amedibacterium,NSJ-50,F23-B02,UBA3388
rep933_seed2958	DTU089,Staphylococcus,Bariatricus,CAG-274,CAG-594,Bifidobacterium,Bulleidia,UMGS1872,Zag111,UBA11774,Ruminococcus_G,CAG-83,UMGS75
rep934_seed2959	UBA7488,CAG-710,51-20,Caecibacter,UBA738,Staphylococcus,Angelakisella,UBA4285,Zag111,Robertmurraya,HGM12814,UMGS1293,CAG-628
rep935_seed2960	Ellagibacter,UBA11774,Clostridium_X,SFVR01,Absicoccus,QAKD01,AM07-15,UMGS1839,SFEL01,CAG-762,Serratia,SFFS01,TM7x
rep936_seed2961	UC5-1-2E3,Oribacterium,Staphylococcus,UMGS1375,Faecalicoccus,Murimonas,NSJ-62,Stoquefichus,VUNA01,UBA9502,MGYG000002685,Aeromonas,Caecibacter
rep937_seed2962	HGM11530,Akkermansia,CAG-451,Rahnella,Gastranaerophilus,UBA1232,UMGS1839,UBA6345,Hafnia,CAG-533,Sutterella,HGM10836,UBA3402
rep938_seed2963	HGM11327,UMGS1071,Lentilactobacillus,Butyrivibrio_A,HGM12998,UMGS1370,CAG-882,Pseudoruminococcus,Turicibacter,UMGS995,Borkfalkia,Yersinia,CAAEEV01
rep939_seed2964	Tidjanibacter,An181,MGYG000000286,UMGS1109,Phocea,Yokenella,CAG-793,Phytobacter,Pantoea,MGYG000004171,CAG-95,CAG-269,Catenibacillus
rep940_seed2965	Porphyromonas,UBA1820,Exiguobacterium,Clostridium_X,UMGS2037,ER4,Fusobacterium_C,HGM12669,OM05-12,Dorea_A,Ruminococcus_G,Serratia,Ruminococcus_D
rep941_seed2966	RUG131,KLE1615,MGYG000004547,UBA10677,Anaeromassilibacillus,Butyricimonas,Superficieibacter,Marvinbryantia,CAG-793,Dorea,Oxalobacter,HGM12713,UMGS1975
rep942_seed2967	WG-1,UBA9475,MGYG000002696,UMGS1591,CAG-462,Enterococcus_D,UBA7057,Bacteroides_F,Anaeromassilibacillus,Marseille-P4683,Holdemanella,MGYG000004850,MGYG000004727
rep943_seed2968	HGM13233,Holdemania,Cutibacterium,Fusobacterium_A,Holdemanella,UBA1181,V9D3004,UMGS1600,RUG572,Marseille-P4683,Longibaculum,UMGS1370,CAG-582
rep944_seed2969	Fusicatenibacter,Borkfalkia,Faecalimonas,UMGS1202,UBA866,UMGS1388,UBA1711,Firm-11,HGM12713,MGYG000004660,MGYG000002719,RUG410,An92
rep945_seed2970	HGM12713,Dysgonomonas,CAG-462,CAG-279,Kluyvera,UMGS1781,UMGS1384,QANA01,Lactonifactor,Criibacterium,Massiliomicrobiota,Mobilibacterium,CAG-196
rep946_seed2971	UBA3818,UBA1711,Leptotrichia,UBA1777,CAG-492,NK4A136,Mesosutterella,CAG-1000,Mediterraneibacter,QAKW01,Emergencia,NSJ-63,UBA4716
rep947_seed2972	SFFH01,HGM12713,MGYG000000346,UBA1711,MGYG000004172,MGYG000002797,CAG-245,Turicibacter,UMGS268,CAG-628,Rikenella,Muricomes,CAG-238
rep948_seed2973	CAG-41,CAG-170,NSJ-32,UBA1259,Yersinia,Campylobacter_A,CAG-177,CAG-245,Massilistercora,Pluralibacter,HGM14224,Plesiomonas,KM106-2
rep949_seed2974	Kallipyga,OF09-33XD,UMGS75,MGYG000004112,Pseudomonas_R,Ruminococcus_A,UBA1181,SCN-57-10,Caecibacter,Anaerococcus,Morganella,Methanomassiliicoccus_A,RC9
rep950_seed2975	Rubneribacter,UMGS995,Paenibacillus,MGYG000004380,UMGS1613,TF01-11,Treponema_D,Romboutsia,Superficieibacter,NSJ-50,QAMH01,Pantoea,Porphyromonas_A
rep951_seed2976	CAG-831,Edwardsiella,Superficieibacter,HGM05232,CAG-115,Turicimonas,CAG-776,Rothia,RUG705,Ruminococcus_E,Megasphaera,Weissella,Butyricicoccus_A
rep952_seed2977	F0422,UBA4334,UMGS1840,Lachnoclostridium,UMGS1307,Tidjanibacter,MGYG000000286,UBA4855,UMGS1696,UBA1394,SFJ001,Yersinia,Sellimonas
rep953_seed2978	SFEL01,Marseille-P4683,CAG-196,CAG-603,QANA01,SFMI01,CAG-217,Murimonas,Acetivibrio_A,CAG-492,UMGS1865,Lachnospira,UMGS1670
rep954_seed2979	MGYG000002053,Turicimonas,BX12,UMGS1418,Phil1,UMGS882,Coprococcus,OF09-33XD,MGYG000004094,UBA1777,UBA3282,Marvinbryantia,Amedibacillus
rep955_seed2980	CAG-485,Aeromonas,Hungatella_A,Dysgonomonas,Mesosutterella,Haemophilus_D,MGYG000004172,Bacillus_A,Yersinia,MGYG000003305,Eubacterium_T,UMGS1312,UBA1232
rep956_seed2981	Ruminococcus,MGYG000000505,MGYG000004177,MGYG000001903,SFHK01,Mesosutterella,CAG-354,CAG-822,Angelakisella,Negativibacillus,Bacteroides,UMGS2055,HGM13010
rep957_seed2982	Butyrivibrio_A,UBA866,Chimaeribacter,Scardovia,Citrobacter_B,UMGS973,SFEL01,Haemophilus_D,UMGS124,MGYG000003289,UMGS263,HGM11808,HGM11417
rep958_seed2983	CAG-180,HGM13233,Mobiluncus,HGM12998,Marvinbryantia,UMGS1820,UMGS1518,UBA7748,Sellimonas,Clostridium_N,Lachnospira,UBA5884,ER4
rep959_seed2984	UMGS1975,CAG-533,Succiniclasticum,Firm-11,UBA4334,Raoultibacter,UMGS731,Peptoniphilus_A,UBA644,OF09-33XD,Clostridium_X,UBA4855,CAG-288
rep960_seed2985	UBA3766,UBA5416,MGYG000003970,HGM11616,Salinicola,F0422,SFFS01,CAG-882,Paraeggerthella,Flavonifractor,Hydrogeniiclostridium,Eikenella,CAG-390
rep961_seed2986	UBA11512,Firm-07,Proteus,MGYG000003970,Dysosmobacter,HGM11507,Enteroscipio,43-108,CAG-390,MGYG000004229,Klebsiella,CAG-465,Escherichia
rep962_seed2987	Roseburia,CAG-831,Pantoea,Firm-10,Enterobacter,UMGS1540,RUG11198,Parolsenella,Criibacterium,Parabacteroides,UBA1191,CAG-354,Actinomyces
rep963_seed2988	Leminorella,UMGS1322,Acetatifactor,Gemella,Coprococcus,CAG-831,Providencia,Lancefieldella,TM7x,UBA866,Exiguobacterium,Dysgonomonas,Streptococcus
rep964_seed2989	UBA5026,Azonexus,Actinomyces,UMGS1202,HGM05232,SFHK01,UBA4644,UMGS1613,UMGS75,VUNA01,Intestinibacter,UBA11940,Ruminococcus_A
rep965_seed2990	Garciella,Eubacterium_J,Longibaculum,HGM11523,Alterileibacterium,UMGS172,UMGS1518,Parvimonas,Enterobacter,Granulicatella,MGYG000000346,CAG-317,MGYG000003270
rep966_seed2991	Salmonella,UMGS1872,HGM13618,UMGS1518,Lachnoclostridium_B,F082,Citrobacter_B,Weissella,An172,UBA5416,UBA5884,Massilimaliae,MGYG000004094
rep967_seed2992	Emergencia,QANA01,Clostridium_A,Sutterella,UMGS1279,HGM11501,Amedibacillus,Faecalitalea,Franconibacter,UBA636,Hungatella,UMGS1202,Methanobrevibacter_A
rep968_seed2993	UBA1234,UMGS1670,Cronobacter,Massilicoli,Anaerosacchariphilus,UBA2883,UBA3766,Peptostreptococcus,An172,CABIZH01,UMGS973,CAG-390,Schaedlerella
rep969_seed2994	SFFS01,An172,UMGS1820,MGYG000004811,UBA1737,Bulleidia,Streptococcus,MGYG000002575,Cloacibacillus,CAG-465,MGYG000002053,RUG472,UBA1394
rep970_seed2995	Faecalicoccus,Mediterraneibacter,UBA3818,UBA1417,CAG-273,UBA4644,HGM10836,Eikenella,Alistipes,CAG-462,Intestinibacter,Alloscardovia,MGYG000002797
rep971_seed2996	CAG-390,Pauljensenia,Coprococcus_A,CAG-1031,MGYG000004061,Rahnella,UMGS929,Eubacterium_J,UMGS268,ER4,Escherichia,UMGS1326,Methanobrevibacter_A
rep972_seed2997	Robertmurraya,Kallipyga,UC5-1-2E3,UMGS874,Dysgonomonas,MGYG000001871,1XD42-69,Pantoea,CAG-882,Anaeroplasma,HGM13006,Anaerosalibacter,CAG-349
rep973_seed2998	Staphylococcus,Rubneribacter,F0040,UMGS1839,MGYG000002702,Bacillus_J,HGM12789,RF16,HGM11372,Phocaeicola,Acetatifactor,Alistipes,UBA9475
rep974_seed2999	UMGS2055,CAG-103,Dysosmobacter,Cedecea,AM51-8,VSOB01,UMGS1590,Anaeromassilibacillus,MGYG000002719,CAG-95,CAG-793,UMGS1002,Haemophilus
rep975_seed3000	Murimonas,Peptacetobacter,Escherichia,MGYG000000587,Acetatifactor,Sellimonas,UBA6382,UBA11512,Phytobacter,HGM11417,Tidjanibacter,Stenotrophomonas,Negativibacillus
rep976_seed3001	HGM04593,CAG-95,Chimaeribacter,Negativibacillus,UBA1417,Eubacterium_R,RUG705,Pradoshia,Turicimonas,UBA1232,Bacteroides_F,UMGS1783,UMGS1472
rep977_seed3002	Sellimonas,Anaeroglobus,Anaerobutyricum,Barnesiella,UBA1191,Fusobacterium,Lawsonibacter,UBA1232,Massiliomicrobiota,Paraclostridium,HGM11523,Massilimaliae,Clostridium_N
rep978_seed3003	UBA3263,Hafnia,Phascolarctobacterium_A,Pauljensenia,RUG023,UBA7182,UMGS1572,Negativicoccus,Cellulosilyticum,UBA1820,Coprobacter,UMGS1600,Peptoniphilus_A
rep979_seed3004	HGM11788,UMGS416,Clostridium_AP,Absicoccus,UMGS1696,MGYG000004874,UBA1822,Enterococcus,UBA2882,Stenotrophomonas,UMGS1279,CAG-238,Pseudoflavonifractor
rep980_seed3005	Fenollaria,Hungatella_A,UBA644,UMGS680,TM7x,Dorea_A,MGYG000000456,CAG-831,Epilithonimonas,UMGS1880,Sutterella,Marseille-P3106,Pseudoflavonifractor
rep981_seed3006	Coprococcus_A,AM51-8,Succinatimonas,Campylobacter_A,UMGS1004,HGM14224,SFHK01,Marseille-P4683,Leuconostoc,Collinsella,CAG-1193,MGYG000004811,Olsenella_B
rep982_seed3007	CAG-617,Clostridium_AP,Zag1,MGYG000004811,Selenomonas_A,CAG-590,UBA1786,Limosilactobacillus,Pantoea,QAKW01,Providencia,UMGS1688,Oscillibacter
rep983_seed3008	UMGS973,UMGS1253,S5-A14a,UMGS1688,Harryflintia,CAG-180,UMGS1312,UBA3263,Alloscardovia,Parvimonas,MGYG000003855,HGM11507,RUG472
rep984_seed3009	Lachnospira,Companilactobacillus,HGM11327,CAG-841,CAG-273,UMGS1293,Paraprevotella,An172,Plesiomonas,Neobacillus,MGYG000004112,MGYG000003270,CAG-724
rep985_seed3010	Massilimaliae,Peptococcus,UMGS1370,CAG-964,CAG-533,Muricomes,Yokenella,Lysinibacillus,Borkfalkia,Veillonella,UBA738,UBA636,Varibaculum
rep986_seed3011	UMGS1384,Succinivibrio,CAG-510,Faecalicoccus,Proteus,MGYG000003945,Aeromonas,Turicimonas,UBA6345,HGM04593,UMGS268,Lactonifactor,UBA636
rep987_seed3012	UMGS1815,Anaeromassilibacillus,Clostridium_F,MGYG000000745,Phil1,AF33-28,Mixta,Butyricicoccus,Neobacillus,UMGS1783,Paenibacillus,UMGS902,UBA7597
rep988_seed3013	UBA6382,Collinsella,MGYG000004811,UMGS1766,UBA7173,Hungatella_A,Ralstonia,51-20,MGYG000000587,CAG-603,Gordonibacter,UBA7182,MGYG000002685
rep989_seed3014	Sporanaerobacter,Garciella,HGM12789,UMGS1783,Amedibacterium,CAG-776,Parolsenella,UBA7057,MGYG000000745,UBA1777,MGYG000003297,UMGS905,Eubacterium
rep990_seed3015	RQCD01,Victivallis,UMGS1388,Alloprevotella,Oscillibacter,Pseudobutyrivibrio,Leptotrichia,MGYG000000286,Peptacetobacter,UC5-1-2E3,RUG806,Rubneribacter,Coprococcus
rep991_seed3016	Neisseria,SFFH01,Ruminococcus_B,DTU089,Pyramidobacter,UMGS75,MGYG000002053,CAG-831,UBA1417,Lysinibacillus,S5-A14a,UBA3631,CAG-484
rep992_seed3017	UMGS1603,CABIZH01,Fenollaria,UBA1394,CAG-877,Flavonifractor,Franconibacter,UBA1731,UMGS268,CAG-582,MGYG000002758,Corynebacterium,CAG-302
rep993_seed3018	Ruminococcus_E,UMGS1623,MGYG000004443,Anaerotignum,UBA7702,AM07-15,UBA1685,Clostridium_AP,CAG-354,UBA1786,UBA6857,NSJ-50,Fournierella
rep994_seed3019	HGM11575,Mixta,Negativibacillus,UMGS1840,Bariatricus,Salinicola,UMGS172,CAG-45,UMGS973,HGM13618,UBA1737,HGM11501,SFTJ01
rep995_seed3020	Paraclostridium,CAG-317,Senegalimassilia,COE1,Massilimaliae,Exiguobacterium,Lachnospira,Pyramidobacter,UBA7597,Lawsonella,CAG-1427,HGM11808,UBA1234
rep996_seed3021	MGYG000000378,Clostridium,Sutterella,Anaerococcus,MGYG000003945,UMGS1202,CAG-582,CAAEEV01,CAG-390,DTU089,RQCD01,Amulumruptor,UMGS1865
rep997_seed3022	CAG-488,UBA1829,Bacilliculturomica,UBA945,CAG-312,CAG-632,Muricomes,F0040,UBA1232,SFMI01,Stomatobaculum,Eisenbergiella,Enterobacter
rep998_seed3023	Rothia,UMGS2016,UMGS2055,HGM11616,Pseudobutyrivibrio,UBA1234,UBA5905,GCA-900066755,Anaerobutyricum,Dysosmobacter,MGYG000004229,HGM11514,Allisonella
rep999_seed3024	Dorea,UBA5394,UBA7057,UBA6857,UC5-1-2E3,CAG-488,UBA1711,UMGS1766,Pseudoruminococcus,Weissella,MGYG000002685,VUNA01,UBA11471
