rep001_seed2026	MGYG000000574,MGYG000001979,MGYG000003308,Haemophilus_D parainfluenzae_J,Enorma massiliensis,Lactobacillus gallinarum,Bacteroides sp900766195,MGYG000003980,Muribaculum sp001701195,Alistipes senegalensis,CAG-762 sp900551315,QALS01 sp900555925,CAG-1427 sp000435675,Kluyvera ascorbata,MGYG000002112,Prevotella veroralis,Odoribacter sp900544025,CAG-110 sp900540635,Ellagibacter sp900554945,UBA5446 sp900546615,Collinsella sp900762015,Bifidobacterium ruminantium,MGYG000004174,Acutalibacter sp900755895,Coprobacter fastidiosus,CAG-313 sp000433035,QALS01 sp900552625,Weizmannia coagulans,Dysosmobacter sp900550685,QANA01 sp003149735,MGYG000004133,Streptococcus gordonii,Alistipes sp900546065,UMGS1370 sp900542035,Phocaeicola sp902388365,MGYG000001205,CAG-354 sp900555085,Pseudescherichia sp002298805,MGYG000003323,GCA-900066495 sp900545985,MGYG000004793,MGYG000002604,Eubacterium_G sp000435815,Firm-11 sp004556545,Collinsella sp008014645,Peptoniphilus_A sp900538655
rep002_seed2027	Dialister sp900543165,UMGS1623 sp900553525,CAG-873 sp900550395,MGYG000000795,Paramuribaculum sp900760855,RC9 sp001915575,MGYG000003050,Sutterella seckii_A,MGYG000002229,Anaerotignum faecicola,F0040 sp900095835,Ruminococcus_E sp003526955,Phocea massiliensis,Olsenella_E sp003609875,CAG-177 sp900770255,CAG-83 sp900550615,Faecalibacterium prausnitzii_G,Collinsella sp900549715,Gastranaerophilus phascolarctosicola,Collinsella sp900544135,MGYG000003884,UMGS1889 sp900556055,MGYG000003861,Megasphaera massiliensis,UMGS911 sp900546695,Alistipes sp900769745,Collinsella sp900552145,UBA9502 sp900770535,Enterococcus_G italicus,CAG-81 sp900066535,MGYG000004061,MGYG000002921,CAG-831 sp000432775,Citrobacter werkmanii,Phocaeicola sp900542985,Blautia_A sp900548245,Frisingicoccus caecimuris,Lachnoanaerobaculum umeaense,Collinsella sp900541185,Faecalimonas sp900551895,Citrobacter portucalensis,Ruminococcus_C sp900545285,Lawsonibacter sp003478995,Dialister sp900543455,Dialister sp900545785,Bacteroides sp900761785
rep003_seed2028	MGYG000001642,Weissella confusa,MGYG000004197,Ruminococcus_C callidus,Marvinbryantia sp014385005,MGYG000003822,MGYG000000557,Prevotella melaninogenica,Blautia_A obeum,F0040 sp900095835,MGYG000002610,Collinsella sp900758845,Phocea massiliensis,MGYG000004004,MGYG000004874,MGYG000002223,Oxalobacter sp900760095,Lacrimispora sp902363735,43-108 sp001915545,MGYG000001858,UBA1777 sp900547315,HGM14224 sp900761905,CAG-475 sp900547975,Veillonella sp900552715,Salmonella enterica,Moellerella wisconsensis,MGYG000001811,Clostridium_AQ sp003481775,MGYG000004135,SFEL01 sp004557245,Agathobaculum sp900544475,Alistipes_A sp900539755,Turicibacter sp001543345,Firm-11 sp900550955,Edwardsiella tarda,UMGS1384 sp900551265,CAG-272 sp000433515,Phocaeicola coprocola,Eubacterium_R sp900555015,Prevotella sp002299635,MGYG000001075,Collinsella sp900760905,AM51-8 sp900761925,Lawsonibacter sp900550705,Peptacetobacter sp900539645,MGYG000004172
rep004_seed2029	UMGS1322 sp900550765,Enterobacter mori,MGYG000000761,Phocaeicola coprocola,UBA1259 sp003523255,MGYG000003509,Muricomes contortus_B,MGYG000001979,Limosilactobacillus vaginalis_A,Anaerococcus jeddahensis,Pseudomonas aeruginosa,Moellerella wisconsensis,Bacteroides sp902362375,Collinsella sp900544235,V9D3004 sp900760345,CAG-485 sp900554345,Lancefieldella sp000564995,MGYG000003778,Ligilactobacillus ruminis,Bacteroides neonati,MGYG000002626,MGYG000004365,CAG-103 sp900543625,UBA737 sp900754145,Enterobacter bugandensis,Acinetobacter mesopotamicus,CAG-484 sp900554385,Butyricicoccus_A sp002395695,Bacteroides faecis,Prevotella sp900551985,MGYG000000752,Extibacter sp001185345,MGYG000001811,Parabacteroides sp900770835,ER4 sp900550165,UMGS1781 sp900554635,Desulfovibrio legallii,UBA10281 sp900548285,MGYG000004721,MGYG000001916,MGYG000002150,MGYG000004169,CAG-964 sp000435335,Blautia sp900555025,Megasphaera sp000417505,MGYG000001906
rep005_seed2030	MGYG000004560,Collinsella sp900761155,Collinsella sp003487125,Collinsella sp900543605,Collinsella sp900552145,Faecalibacterium prausnitzii_M,Ruminiclostridium_E sp900556525,MGYG000004590,UMGS1002 sp900547565,Peptostreptococcus russellii_A,Eubacterium_R sp002493325,MGYG000004718,CAG-269 sp900554565,MGYG000000735,MGYG000000760,CAG-1427 sp900538545,MGYG000000413,MGYG000003728,Alistipes sp900768045,Proteus vulgaris,UBA7182 sp003481535,Veillonella_A sp900765165,Collinsella sp900545835,SFFH01 sp900548125,CAG-127 sp900553925,Bulleidia moorei,MGYG000004853,Scardovia wiggsiae,Anaeroglobus geminatus,UBA1685 sp002320595,Bacteroides oleiciplenus,Firm-11 sp900548145,CAG-510 sp000434615,Collinsella sp900554465,Pauljensenia sp000758755,ER4 sp900546295,Collinsella sp900756725,Gordonibacter urolithinfaciens,CAG-110 sp900546415,F23-B02 sp002472405,Paramuribaculum sp900546365,Eubacterium_R sp000436835,Collinsella sp900541205,UMGS911 sp003343545,Lawsonibacter sp902363045,Blautia sp900543715
rep006_seed2031	Bariatricus comes,UBA4855 sp900540395,CAG-103 sp900757655,Clostridium_P perfringens,Morganella morganii_A,Terrisporobacter sp902363255,MGYG000000677,Bacteroides graminisolvens,Gabonibacter massiliensis,MGYG000000727,MGYG000000821,Aneurinibacillus aneurinilyticus,Ruminococcus_E sp003438075,Erysipelatoclostridium spiroforme,Angelakisella sp004557855,UMGS1532 sp900552605,Muricomes fissicatena_A,MGYG000003872,Evtepia sp004556345,Acinetobacter johnsonii,MGYG000001666,CAG-145 sp900754795,Phytobacter diazotrophicus,Dialister sp900765565,MGYG000002017,Desulfovibrio sp900540515,Eggerthella sp014287365,MGYG000004836,Senegalimassilia anaerobia,CAG-485 sp900547755,Alistipes sp900552955,UMGS1975 sp900556815,Dysgonomonas mossii,MGYG000001685,CAG-110 sp900769995,MGYG000001914,Acetatifactor sp900554205,Campylobacter_A concisus_R,Evtepia sp900758955,MGYG000003936,Hafnia paralvei,Lysinibacillus fusiformis_D,MGYG000003328,Firm-10 sp004552515,Veillonella_A seminalis,Acutalibacter sp900759575
rep007_seed2032	UMGS1696 sp900554225,Duodenibacillus sp003472385,Catenibacterium sp900764725,Blautia hominis,Olsenella_E sp003609875,MGYG000000361,MGYG000004470,Catenibacterium sp900764565,Collinsella sp900541475,Collinsella aerofaciens_J,MGYG000003509,MGYG000004203,CAG-354 sp900555085,Desulfovibrio legallii,UBA4285 sp900545225,Prevotella sp002265625,RUG806 sp900313475,Haemophilus sp002998595,MGYG000000355,MGYG000004213,Acutalibacter sp000435395,Enterobacter cloacae_K,Collinsella sp900759335,UBA1259 sp003523255,Harryflintia acetispora,MGYG000001969,MGYG000001205,MGYG000000608,Dialister sp900538805,Intestinimonas butyriciproducens,QALR01 sp900542425,UBA1685 sp002320595,MGYG000004820,Paramuribaculum sp009775605,Odoribacter sp900541415,Alistipes_A sp900546005,RC9 sp900544195,MGYG000004427,Anaerostipes sp000508985,Lancefieldella sp902373375,UBA1777 sp900549865,Alistipes_A sp900539755,Collinsella sp900751755,UMGS902 sp900761025,Blautia_A sp900547615,Citrobacter europaeus
rep008_seed2033	UMGS1279 sp900761625,CAG-279 sp900541555,MGYG000002654,Lactobacillus apis,MGYG000004711,MGYG000004465,MGYG000004177,UBA1191 sp900545775,MGYG000002099,MGYG000002828,Porphyromonas_A sp900541275,MGYG000000210,Fusobacterium_C gonidiaformans,CAG-269 sp900555615,Blautia sp000432195,UMGS874 sp900546315,CAG-313 sp900539265,Megasphaera sp900548635,Anaerosacchariphilus sp900066385,MGYG000004180,MGYG000004634,Rothia dentocariosa,MGYG000001837,UBA9475 sp900549885,MGYG000004858,Anaerobutyricum sp002161065,Agathobaculum sp900291975,UMGS1820 sp900545865,Lachnoanaerobaculum orale,Catenibacterium sp900540665,MGYG000004233,MGYG000004037,Ruminiclostridium_E sp900556525,Haemophilus_D parainfluenzae,Longicatena caecimuris,Collinsella sp900551665,Haemophilus_A parahaemolyticus,Collinsella sp900542325,MGYG000004393,Alistipes onderdonkii,MGYG000002717,Collinsella sp000434535,MGYG000003895,Megasphaera sp902388315,MGYG000001195,SFVR01 sp900769035
rep009_seed2034	Veillonella_A seminalis,MGYG000001197,Arabia massiliensis,Providencia rettgeri,Alistipes sp900761235,Eubacterium_R sp900539325,MGYG000001582,MGYG000003840,MGYG000004590,MGYG000004247,Prevotella sp900765465,Lacrimispora sp902363835,Clostridium sp000435835,Prevotella sp900557405,UBA3388 sp900546465,MGYG000002204,MGYG000001568,Anaerostipes sp000508985,MGYG000004061,Cronobacter sakazakii,Dorea_A longicatena_B,UMGS263 sp900540535,MGYG000001028,MGYG000002706,Lacticaseibacillus paracasei,Clostridium_Q saccharolyticum_A,MGYG000004428,Klebsiella_A oxytoca,1XD42-69 sp014287635,UMGS1670 sp902406135,Raoultella ornithinolytica,Erysipelatoclostridium spiroforme,ER4 sp900317525,Eubacterium_M sp900540015,UMGS902 sp900546635,UMGS1820 sp900555375,Clostridium_P perfringens,Prevotella sp002481295,MGYG000003800,MGYG000000709,UMGS363 sp900543105,Prevotella sp900313215,MGYG000003934,Lachnospira sp003537285,MGYG000000643,CAG-354 sp900555085
rep010_seed2035	MGYG000002223,Acidaminococcus fermentans,Agathobacter sp900543445,Dialister sp900543165,Megamonas sp900554895,RC9 sp000434935,Campylobacter_A concisus_I,Coprococcus sp900761435,Prevotella sp900546575,MGYG000001826,CAG-269 sp003525075,Prevotella rara,Phascolarctobacterium_A sp900770955,Oxalobacter formigenes_B,Eubacterium_R sp900767025,MGYG000000210,Dialister sp900541605,CAG-877 sp900548695,CAG-145 sp900542295,UMGS1384 sp900551265,UBA10281 sp900767815,MGYG000002115,UBA1394 sp900066845,Slackia_A sp900553775,Ligilactobacillus ruminis,UMGS1397 sp900551425,MGYG000003914,Bifidobacterium pseudocatenulatum,UMGS1225 sp900549725,Dysosmobacter sp900544615,MGYG000000450,Fournierella massiliensis,Dysgonomonas sp900556485,Blautia_A sp900542045,UMGS995 sp900769695,CAG-170 sp003516765,Enterobacter sichuanensis,Dialister sp900759415,HGM12814 sp900770165,Rothia sp902373285,Collinsella sp900765115,Coprococcus sp000433075,Acetatifactor sp900066565,MGYG000003917,Marvinbryantia sp900544685,CAG-303 sp000437755
rep011_seed2036	Vibrio parahaemolyticus,CAG-127 sp900766925,Enterocloster sp900770345,CAG-475 sp900547975,MGYG000003867,Paraeggerthella hongkongensis_A,Enterococcus_B hirae,ER4 sp900317525,UMGS1441 sp900551755,MGYG000004824,F082 sp900542475,MGYG000002629,UBA5905 sp900764115,Haemophilus_D pittmaniae,CAG-317 sp900543415,Collinsella aerofaciens_G,Clostridium neonatale,Blautia_A sp900120195,Prevotella sp000436915,CAG-83 sp900556015,Actinomyces graevenitzii,CAG-45 sp000438375,Blautia_A sp900547615,Bacteroides massiliensis_A,Pauljensenia sp902373435,AM51-8 sp900761925,UMGS1826 sp900555435,Bifidobacterium angulatum,Acetivibrio_A ethanolgignens,RF16 sp900766775,MGYG000001873,Collinsella sp900541025,Prevotella sp900556275,Eubacterium_I ramulus_A,CAG-485 sp900554845,Prevotella corporis,Gemmiger sp900539695,Staphylococcus aureus,MGYG000002077,Collinsella sp900557505,TF01-11 sp003524945,F23-B02 sp004557075,CAG-269 sp900762425,CAG-110 sp900762245,Phocaeicola sp900552075,Prevotellamassilia sp900541575
rep012_seed2037	CAG-485 sp002491165,Collinsella sp900550825,UBA7173 sp900540205,Phascolarctobacterium faecium,Parabacteroides sp900548175,HGM11514 sp900757255,Veillonella dispar,Chimaeribacter coloradensis,Phocaeicola massiliensis,Dialister sp900543455,MGYG000004177,Eisenbergiella sp900548905,Roseburia sp900550935,Parvimonas micra,MGYG000001580,MGYG000000456,MGYG000003894,UMGS1441 sp900551755,MGYG000002073,Catenibacterium sp900540685,Limosilactobacillus timonensis,MGYG000003828,UMGS1375 sp900066615,MGYG000004686,Lawsonibacter sp900766145,MGYG000001583,ER4 sp900552015,Fusobacterium_C gonidiaformans,Parabacteroides sp003480915,UBA1829 sp900760615,Prevotella sp900548535,Enterobacter ludwigii,Merdibacter sp900759455,Klebsiella quasivariicola,Dysosmobacter sp900550685,MGYG000002730,MGYG000003895,Streptococcus mitis_D,CAG-245 sp900761475,F23-B02 sp004553495,MGYG000001219,MGYG000000625,Faecalibacterium sp900540455,MGYG000002797,Bifidobacterium infantis,Collinsella sp900545905
rep013_seed2038	Mediterraneibacter torques,Collinsella intestinalis,Collinsella sp900754385,MGYG000004689,UBA2856 sp900555005,Gordonibacter massiliensis,UBA4285 sp900542465,Cronobacter sakazakii,Enterocloster sp900551225,Streptococcus sobrinus,UBA1394 sp900066845,MGYG000004506,CAG-103 sp900543625,Christensenella hongkongensis,Enterobacter_D kobei_A,UMGS1880 sp900555875,Alistipes sp900549305,Eisenbergiella tayi,MGYG000000557,CAG-238 sp900542245,MGYG000003800,Prevotella brunnea,MGYG000004228,MGYG000002758,Porphyromonas asaccharolytica,UBA1820 sp002314265,Erysipelatoclostridium sp002160495,Proteus mirabilis,Prevotella sp002299635,Prevotella sp900315955,Collinsella sp900552875,Muricomes oroticus,MGYG000003356,Lawsonibacter sp900553135,CAG-110 sp900546075,Faecalibacterium prausnitzii_H,MGYG000001580,CAG-110 sp900770015,Dysosmobacter sp001916835,MGYG000004752,Oscillibacter ruminantium,UMGS1338 sp900550805,SFFH01 sp900542395,MGYG000001844,Bacteroides nordii,Ligilactobacillus ruminis
rep014_seed2039	Beduini massiliensis,Eubacterium_G sp900548465,MGYG000003955,Faecalibacterium sp900765105,Robinsoniella sp900539655,Pauljensenia sp900541895,Eubacterium_I ramulus,Bifidobacterium scardovii,UMGS599 sp900543705,Leptotrichia wadei,MGYG000002731,Collinsella sp900541745,Parabacteroides massiliensis,MGYG000004235,MGYG000004839,Collinsella sp900543515,Megasphaera sp902388315,MGYG000004699,Paraprevotella clara,MGYG000004325,Chimaeribacter coloradensis,Ruminococcus_E sp900314705,CAG-590 sp900552885,CAG-83 sp003487665,Parasutterella sp900766055,Merdibacter sp900754715,Phocaeicola ilei,MGYG000003076,Prevotella sp900543585,CAG-762 sp000432575,MGYG000003904,Ruminococcus_E bromii_A,MGYG000004759,Anaerosacchariphilus sp014290175,Lachnoclostridium_A sp003464085,Collinsella sp900541685,Blautia_A sp003477525,MGYG000004857,Megasphaera elsdenii,Faecalibacterium sp900539885,MGYG000001858,MGYG000000713,WG-1 sp900539665,CAG-83 sp900552725,MGYG000001811,TM7x sp900555265
rep015_seed2040	MGYG000003871,MGYG000004127,MGYG000002610,Faecalibacillus sp900544435,Yersinia intermedia,Dialister sp900541485,Prevotella veroralis,MGYG000001977,UMGS1858 sp900555705,RUG14107 sp900772685,MGYG000001935,Fenollaria sp900539225,Bacteroides finegoldii,CAG-110 sp900769995,Alistipes timonensis,Parabacteroides bouchesdurhonensis,CAG-238 sp900754805,Negativibacillus sp900547015,Parabacteroides chinchillae,CAG-1427 sp900538545,MGYG000004193,MGYG000003441,MGYG000002753,MGYG000002037,Collinsella sp900751755,Blautia_A sp900763175,Clostridium sp900766315,Bacteroides sp900556215,CAG-110 sp900544975,UMGS1375 sp900551235,CAG-312 sp900760055,Massilistercora sp902406105,Lachnoclostridium_B sp900066555,UMGS1384 sp900551265,Dialister sp002320515,Streptococcus sanguinis_H,Serratia marcescens_I,RC9 sp000435075,VUNA01 sp002299625,Eubacterium_R sp900555015,CAG-83 sp900548615,MGYG000003861,MGYG000004608,Ruminiclostridium_E sp900556525,UBA1740 sp900767415,Ruminococcus sp002438605
rep016_seed2041	Eubacterium_R sp002493325,MGYG000003833,Ruminococcus_E bromii_B,COE1 sp001916965,MGYG000002753,Haemophilus_D sp900756155,MGYG000000732,Olsenella_E timonensis,Alistipes sp001941065,UBA1786 sp900771425,HGM10836 sp900772095,UBA3388 sp900546465,Acutalibacter sp900543555,Porphyromonas_A sp900541275,MGYG000004042,Collinsella sp900542325,CAG-180 sp900540295,UBA11471 sp000434215,CAG-115 sp003516865,Enterocloster sp900540675,CAG-269 sp003525075,Paramuribaculum sp900760855,UBA866 sp900543295,Collinsella sp900548935,Enterocloster sp900538485,MGYG000000630,Ruminococcus_C sp000437175,Veillonella sp900550175,CAG-56 sp900539525,MGYG000004170,Christensenella sp001678845,MGYG000000713,MGYG000004650,Ezakiella massiliensis,Clostridium saudiense,Dysosmobacter sp900763685,Phascolarctobacterium_A sp900541915,Ruminococcus_C sp900765125,Collinsella aerofaciens_G,UBA1822 sp900545365,F082 sp900769945,Kosakonia cowanii,Anaerobutyricum sp002161065,MGYG000003328,MGYG000003707,Butyricicoccus pullicaecorum
rep017_seed2042	F23-B02 sp004553495,Phascolarctobacterium_A sp900757795,Faecalibacterium sp900540455,Slackia_A piriformis,Clostridium_Q symbiosum,HGM13006 sp900756575,Enterocloster sp000431375,Alistipes finegoldii,Mediterraneibacter sp900553885,UBA11524 sp000437595,CAG-485 sp900766975,MGYG000003840,Extibacter hylemonae,Phocaeicola sp900551065,CAG-115 sp900768705,Citrobacter portucalensis,Megamonas sp900554895,MGYG000003112,Lactobacillus crispatus,Collinsella sp900541195,Enterocloster bolteae,Dialister sp900545785,OF09-33XD sp003481995,CAG-313 sp900539265,UBA737 sp900547095,MGYG000002212,MGYG000000588,MGYG000000860,UMGS1370 sp900542035,Psychrobacillus sp012843435,MGYG000002071,Eubacterium_I sp900066595,Fusobacterium_A ulcerans,HGM11530 sp900751685,MGYG000004027,Fusobacterium_A varium_A,Campylobacter_A concisus_G,Lachnoclostridium_B sp900066765,Bacteroides eggerthii,Christensenella hongkongensis,CAG-95 sp900553305,UMGS1839 sp900555545,Parabacteroides sp900770835,UMGS1202 sp900549565,Ellagibacter sp900554945,UBA7057 sp900543675
rep018_seed2043	MGYG000004901,CAG-632 sp000431515,MGYG000004100,MGYG000004465,Gemmiger sp900540775,CAG-83 sp900313295,Porphyromonas sp900539155,CAG-603 sp900066105,MGYG000000713,MGYG000002626,MGYG000000821,Collinsella sp900552705,Escherichia coli_D,HGM11368 sp900772745,Serratia ureilytica,Chimaeribacter coloradensis,Allisonella pneumosintes,MGYG000001666,MGYG000001825,Ruminococcus_D sp900752625,Megamonas sp900554895,MGYG000004519,F23-B02 sp004556755,Streptococcus mitis,Ligilactobacillus ruminis,Bifidobacterium sp002742445,Collinsella sp003458415,Collinsella sp900554585,Anaeroglobus micronuciformis,Oribacterium sp900772695,MGYG000003441,MGYG000004753,MGYG000000632,Phocaeicola sp900546645,Mailhella sp003150275,UMGS1872 sp902373635,TM7x sp900555265,HGM11523 sp900756545,Christensenella hongkongensis,MGYG000004009,MGYG000004003,Parabacteroides sp900770835,Enterobacter kobei,Caproiciproducens sp000752215,UMGS172 sp900539855,MGYG000004700
rep019_seed2044	MGYG000004677,HGM04593 sp900769465,Bacteroides togonis,Phocaeicola mediterraneensis,HGM12650 sp900761725,Dorea_B phocaeensis,Mailhella sp003150275,Lactobacillus amylolyticus,CAG-964 sp902789345,CAG-317 sp900543415,Bacteroides cellulosilyticus,Porphyromonas uenonis,HGM04593 sp900770665,MGYG000003328,MGYG000003895,MGYG000002198,Collinsella sp900544095,Parabacteroides sp014287585,UBA1777 sp900754515,MGYG000002075,Campylobacter_A concisus_P,MGYG000004774,Pseudoruminococcus sp902765855,MGYG000004118,Anaerobutyricum sp900754855,CAG-103 sp000432375,Dialister sp900541605,Citrobacter freundii,UMGS1872 sp902373635,Haemophilus_A sputorum,Pseudoruminococcus massiliensis,Campylobacter_B hominis,Hydrogeniiclostridium sp900550095,Bifidobacterium ruminantium,MGYG000003881,Coprococcus sp900548215,Holdemanella sp900547815,UMGS1572 sp900553045,Allisonella histaminiformans,Collinsella sp900757185,Prevotella oris,Butyricicoccus_A sp002395695,Campylobacter_A concisus_F,Megasphaera sp900539295,Collinsella provencensis,CAG-632 sp002406015
rep020_seed2045	Desulfovibrio fairfieldensis,Butyricimonas faecalis,MGYG000004699,Phascolarctobacterium_A sp900770955,Lachnospira rogosae_A,Eubacterium_R sp000431535,MGYG000002086,MGYG000001219,Escherichia marmotae,CAG-110 sp900762245,Phascolarctobacterium_A succinatutens_A,MGYG000002229,Enterocloster sp900543885,Muribaculum sp001701195,HGM12650 sp900761725,Eggerthella sp014287365,Acetatifactor sp900066365,Clostridium nigeriense,MGYG000004876,Proteus mirabilis,Anaerofustis sp900549875,Klebsiella_A indica,Citrobacter_A sp009363175,Blautia_A sp003471165,Duodenibacillus sp900762555,UMGS1623 sp900553525,Collinsella sp900541685,Eubacterium_R sp900539775,Prevotella sp004556065,CAG-279 sp900544305,Citrobacter freundii,Streptococcus mitis_AC,Roseburia sp003470905,Angelakisella sp003453215,MGYG000003441,CAG-83 sp000435975,MGYG000000706,UMGS268 sp900540175,Flavonifractor plautii,Collinsella sp900758375,Prevotella sp002480935,Catenibacterium sp900764565,Phocaeicola plebeius,MGYG000003829,MGYG000002213,MGYG000003787
rep021_seed2046	MGYG000003324,UMGS172 sp900539855,Fusobacterium_A ulcerans,MGYG000001736,CAG-145 sp900542565,MGYG000003021,Ruminiclostridium_E sp900539195,UMGS1370 sp900551135,Criibacterium bergeronii,Slackia_A sp900553775,HGM04593 sp900769765,CAG-603 sp900066105,Pauljensenia turicensis,MGYG000002726,Yersinia massiliensis,CAG-83 sp900551355,Prevotella amnii,Serratia surfactantfaciens,CAG-127 sp900539705,Bifidobacterium globosum,UMGS1668 sp900768105,Streptococcus koreensis,MGYG000003470,UBA1777 sp900546515,Prevotellamassilia sp900768625,MGYG000003950,Actinomyces oris,Dorea_A longicatena,Pauljensenia sp902373545,MGYG000003882,Parasutterella sp900766055,Fusobacterium nucleatum,Blautia_A caecimuris,MGYG000000674,Prevotella sp900770395,Collinsella sp900547805,UBA2821 sp902763335,CAG-484 sp900554385,CAG-302 sp900548425,Lactobacillus amylolyticus,CAG-110 sp900770015,Olsenella sp900555995,Collinsella sp900553705,Streptococcus pseudopneumoniae_O,HGM11523 sp900756545,Enterobacter hormaechei_A
rep022_seed2047	CAG-177 sp003538135,MGYG000004042,Phocaeicola ilei,HGM05232 sp900759955,Eubacterium_I ramulus_A,Collinsella sp900548365,CAG-110 sp000434635,Angelakisella sp004557855,MGYG000000682,CAG-279 sp900541555,CAG-452 sp900770415,MGYG000002708,CAG-177 sp900770255,Lachnoclostridium_B sp000765215,UBA9475 sp900549885,Acutalibacter sp000435395,Lawsonibacter sp900550705,Collinsella sp900549345,Anaerocolumna aminovalerica,Proteus vulgaris,UBA9502 sp003506385,MGYG000001977,Mobilibacterium sp900315625,RUG12045 sp900770325,Anaerostipes hadrus_A,MGYG000003207,Actinomyces graevenitzii,Butyricimonas synergistica,MGYG000002706,Phocea massiliensis,MGYG000003784,CAG-145 sp900754795,RC9 sp900546395,MGYG000004427,Lacrimispora sp902363735,Longibaculum muris,MGYG000000821,MGYG000001575,UBA3402 sp003478355,Megasphaera sp002319965,MGYG000000361,Harryflintia acetispora,MGYG000001594,Ruminiclostridium_E sp900556525,Blautia_A sp900066205,Acinetobacter johnsonii
rep023_seed2048	TF01-11 sp000436755,Dialister sp900543455,Lactobacillus acidophilus,F082 sp900542475,Providencia stuartii,MGYG000004651,Collinsella sp900550825,CAG-590 sp900769115,Klebsiella quasipneumoniae,Clostridioides difficile,UBA1394 sp900554975,Lancefieldella rimae,MGYG000004650,MGYG000002797,Collinsella sp900554465,Peptoniphilus_B duerdenii,Superficieibacter sp900766525,MGYG000000359,SFVR01 sp900769035,Butyricimonas synergistica,RUG023 sp900315435,MGYG000004880,Leclercia adecarboxylata_C,MGYG000001061,Enterobacter chengduensis,HGM13010 sp900754965,Acetatifactor sp003447295,Turicimonas muris,UMGS946 sp900544965,MGYG000004708,Eubacterium_R sp900542875,Stomatobaculum longum,Mediterraneibacter sp900761655,Campylobacter_A concisus_I,CAG-170 sp900751035,MGYG000003833,Collinsella sp900768265,MGYG000002086,Yersinia frederiksenii,UBA2821 sp902763335,Ruminococcus_E sp900314705,MGYG000001868,CAG-317 sp000433215,MGYG000003717,Gemmiger sp900556255,SFJ001 sp004555865
rep024_seed2049	Prevotella sp900552965,Duncaniella dubosii,CAG-390 sp003523225,Acetatifactor sp900066365,UMGS263 sp900540535,CAG-145 sp002320005,UMGS1670 sp902406135,Paraclostridium sordellii,Lawsonibacter sp014287875,Mediterraneibacter lactaris,UBA7173 sp900768685,Pantoea brenneri,Lachnoclostridium phytofermentans_A,Dialister sp900545785,Collinsella sp900546455,MGYG000003876,Dialister succinatiphilus,Veillonella sp900552715,Muribaculum sp001701195,Bacteroides caccae,Pseudoflavonifractor sp014287675,Enterobacter asburiae_B,Agathobacter sp900547695,UBA3766 sp900769175,UMGS1933 sp900772235,CAG-217 sp000436335,Collinsella sp900541045,CAG-475 sp900548005,Catenibacterium mitsuokai,MGYG000003256,CAG-873 sp009775195,UBA9502 sp003480315,Limosilactobacillus antri,Agathobaculum sp900555465,UBA1711 sp900771365,Prevotella sp900546575,Faecalimonas phoceensis,Phocaeicola plebeius,Anaerostipes hadrus_A,CAG-83 sp000431575,MGYG000003978,Holdemanella biformis,Latilactobacillus curvatus,Prevotellamassilia sp900546605,MGYG000002046,MGYG000001181
rep025_seed2050	MGYG000003839,Streptococcus sp900546335,Dialister sp000434475,UBA1777 sp900754515,MGYG000004599,Streptococcus vestibularis,Clostridium sp900543325,Clostridium beijerinckii,CAG-302 sp000431795,Collinsella sp900754275,MGYG000004660,Haemophilus_D parainfluenzae_K,Lactobacillus intestinalis,MGYG000003644,Butyrivibrio_A sp000431815,Enterocloster aldenensis,Fusobacterium_A sp900764925,CAG-354 sp900759015,Robinsoniella sp900539655,UBA737 sp900549055,CAG-83 sp003487665,MGYG000004837,UBA9475 sp900549885,Gemmiger variabilis_A,MGYG000004233,MGYG000002176,Collinsella sp900540875,Porphyromonas sp900539155,CAG-485 sp002491165,Yersinia massiliensis,Tidjanibacter inops_A,Prevotella sp900315955,MGYG000003867,QALS01 sp003150575,Duodenibacillus sp900538905,UMGS1820 sp900555375,MGYG000004305,CAG-617 sp900553285,Collinsella sp900548935,Streptococcus sp001556435,Enterocloster sp900555905,UMGS1532 sp900552605,MGYG000004174,CAG-485 sp900541835,Agathobaculum sp900544475,MGYG000000625
rep026_seed2051	Ruminococcus sp900545125,Coprococcus eutactus_A,Bacteroides cellulosilyticus,Escherichia albertii,CAG-110 sp900544705,Citrobacter braakii,Fusobacterium_A sp900015295,Barnesiella intestinihominis,Collinsella sp900549245,MGYG000000746,Parabacteroides faecis,MGYG000004238,Collinsella sp900760325,CAG-83 sp902388735,CAG-110 sp900770015,Gemmiger sp900545545,Phascolarctobacterium sp900551745,Lacticaseibacillus paracasei,Collinsella sp900549215,CAG-115 sp000432175,Blautia sp002161285,Parabacteroides sp000436495,UMGS1826 sp900555435,MGYG000003294,Desulfovibrio legallii,CAG-485 sp900554845,MGYG000003970,Collinsella sp902363125,Catenibacillus sp900553975,UBA5026 sp900557305,MGYG000000348,Alistipes sp900769445,RUG472 sp900545265,Acidaminococcus timonensis,Collinsella sp900546825,Agathobacter sp900548765,CAG-964 sp902789345,Dysosmobacter sp900542115,Faecalibacterium prausnitzii_H,UBA2882 sp900549665,UMGS1002 sp900547565,UMGS1474 sp900552115,Merdimonas sp900553355,Blautia_A sp000285855,Pauljensenia sp000758755,Marvinbryantia sp900544685
rep027_seed2052	MGYG000004139,Bifidobacterium sp002742445,UMGS1603 sp900759005,Emergencia sp900066695,RC9 sp900760425,Streptococcus mitis_BB,F0422 sp003999875,Clostridium saudiense,Lachnospira sp003537285,Alistipes sp900553175,MGYG000002256,Collinsella sp900758845,UBA9502 sp003506385,Eubacterium callanderi,Dialister sp900541485,MGYG000004874,UMGS966 sp900547185,MGYG000000298,Dialister sp900538805,MGYG000003167,Streptococcus oralis_W,HGM11530 sp900751685,Blautia coccoides,CAG-127 sp900553925,MGYG000001566,Massilimaliae sp900752435,F082 sp900769945,Enterocloster sp000155435,MGYG000004873,RUG11247 sp902767315,Collinsella sp900546455,Moellerella wisconsensis,MGYG000002809,CAG-83 sp900552475,Streptococcus sp902373455,MGYG000002791,Prevotella sp900544495,MGYG000004646,Alistipes sp900550375,An92 sp900199495,Lactobacillus intestinalis,MGYG000001242,Agathobacter sp900548765,Longibaculum sp900538465,MGYG000001809,UBA7057 sp900542735
rep028_seed2053	MGYG000001033,Harryflintia acetispora,CAG-110 sp900762245,Lactobacillus gasseri,MGYG000004188,MGYG000003797,RC9 sp900546445,Butyrivibrio_A sp000431815,CAG-115 sp002492075,UMGS1518 sp900552575,Hafnia paralvei,Mesosutterella massiliensis,Amulumruptor sp900539915,MGYG000004829,Fenollaria massiliensis,MGYG000002696,Escherichia albertii,Tidjanibacter inops_A,MGYG000004890,MGYG000002769,Lachnospira sp900772425,Leptotrichia wadei,Anaerobutyricum sp900754855,Oxalobacter sp900760095,CAG-492 sp900557195,Prevotella sp900556825,Negativibacillus sp000435195,Prevotella sp900551985,HGM11525 sp900770405,MGYG000004231,Pseudoflavonifractor capillosus,MGYG000001811,UBA1232 sp900544815,MGYG000000760,Streptococcus sp902373455,CAG-451 sp900760545,MGYG000001642,Bacteroides fragilis,Alistipes sp900768045,UBA644 sp002299265,Clostridium sp900547475,Phocaeicola sp900542985,CAG-873 sp900548975,Klebsiella_A indica,Anaerobutyricum hallii,CAG-590 sp900544905
rep029_seed2054	Anaerostipes hadrus_A,Acetatifactor sp900760705,Veillonella_A sp900765165,Prevotella disiens,UBA737 sp900547445,Schaedlerella sp900066545,MGYG000002067,Prevotella sp000436035,Barnesiella sp002159975,Parasutterella sp000980495,MGYG000000630,MGYG000003913,CAG-103 sp900317855,Akkermansia muciniphila,UBA644 sp900547165,Collinsella sp900543605,MGYG000001114,Proteus cibarius,CAG-177 sp000431775,Clostridium sp900769625,Bacteroides ovatus,Prevotella sp900772835,MGYG000003777,Alistipes sp902363575,MGYG000000586,Oxalobacter formigenes_B,Fusobacterium sp000235465,Enterococcus faecalis,MGYG000004364,MGYG000000732,MGYG000004085,Weissella confusa,Citrobacter_A sp009363175,Anaeromassilibacillus sp001305115,Oxalobacter formigenes,CAG-145 sp002320005,MGYG000000727,Phocaeicola sp900541515,MGYG000004874,HGM11501 sp900766735,TM7x sp900556355,CAG-115 sp900768705,MGYG000000680,Mailhella sp900555975,MGYG000000589,MGYG000002223
rep030_seed2055	MGYG000004818,UMGS1872 sp900549475,Enterocloster sp900538485,MGYG000004154,CAG-873 sp002493945,Frisingicoccus sp900757195,CAG-103 sp000432375,Fusobacterium_C necrophorum,Collinsella sp900549455,UBA1232 sp900544815,CAG-312 sp900760055,Ruminococcus_D sp900543145,MGYG000001583,MGYG000004503,RUG572 sp900771305,Haemophilus_A parahaemolyticus,MGYG000004604,Vibrio parahaemolyticus,Rothia mucilaginosa,Marseille-P3106 sp900543935,Ruminococcus_C sp900765125,Collinsella sp900545075,MGYG000004428,MGYG000004781,Acetatifactor sp900771995,HGM11501 sp900766735,Alistipes sp900541585,Butyricimonas virosa,MGYG000004506,Megasphaera sp001546855,Clostridium disporicum_A,MGYG000000425,UBA6398 sp900555645,MGYG000004235,Lachnospira sp900316325,Bifidobacterium thermophilum,Streptococcus alactolyticus,MGYG000003745,MGYG000000566,UBA2882 sp900549665,MGYG000003955,Olsenella_E sp003609875,MGYG000003299,Muricomes sp000509105,Prevotellamassilia sp900768625,CAG-83 sp900756715
rep031_seed2056	CAG-170 sp000432135,MGYG000004061,Eubacterium_R sp900764665,Marvinbryantia sp014385005,CAG-269 sp900760175,MGYG000002843,MGYG000001717,Collinsella sp900760245,Anaerostipes sp900066705,MGYG000000860,Prevotella jejuni,Collinsella sp900762015,UBA4855 sp900540395,MGYG000000386,Anaerobutyricum soehngenii,CAG-485 sp900321585,Ruminococcus_E bromii,Johnsonella sp900766185,Borkfalkia ceftriaxoniphila,MGYG000000585,MGYG000001996,UMGS1864 sp900555835,Fusobacterium_A varium_A,CAG-603 sp900066105,CAG-1427 sp900546175,Veillonella sp900549845,Mailhella sp900553065,Bulleidia sp900554555,Prevotella pectinovora,MGYG000003995,Dysosmobacter sp000436875,UBA1829 sp900760615,MGYG000000597,MGYG000000637,Ruminococcus_C sp900770195,Blautia sp003287895,Pseudomonas citronellolis,UMGS1670 sp900546215,MGYG000002085,Bacteroides_F pectinophilus,UMGS1293 sp900550385,UMGS995 sp900769695,Enterocloster sp000431375,Prevotella sp900554695,MGYG000004119,CAAEEV01 sp900754955
rep032_seed2057	Fusobacterium vincentii,Coprobacter secundus,SFTJ01 sp004557385,SFEL01 sp004557245,UBA7748 sp900314535,Faecalimonas sp900550235,Streptococcus sp902363395,Faecalibacterium sp900539885,MGYG000000557,Mediterraneibacter sp900553885,HGM11368 sp900772745,Collinsella sp900552705,Citrobacter europaeus,Prevotella multisaccharivorax,Megamonas hypermegale,MGYG000002675,Streptococcus parasanguinis_B,Frisingicoccus sp900549105,Phocaeicola coprocola,Fusobacterium periodonticum_D,CAG-217 sp900547275,Amulumruptor sp900539915,CAG-83 sp900313295,MGYG000001906,QAMX01 sp004555605,Zag1 sp900769355,Clostridium beijerinckii,Negativibacillus sp000435195,Prevotella buccalis,Collinsella sp900553415,Kosakonia cowanii,Paramuribaculum sp900759835,Prevotella pectinovora,Bacteroides caccae,MGYG000004003,CAG-269 sp900760175,Franconibacter helveticus,MGYG000001049,MGYG000000626,MGYG000003826,UBA5446 sp900546615,Collinsella sp900757265,Eubacterium_G sp000434315,MGYG000000432,MGYG000004598,Parabacteroides sp014287585
rep033_seed2058	CAG-831 sp900544175,MGYG000003882,RUG472 sp900545265,Alistipes shahii,MGYG000001916,Lachnospira eligens_A,MGYG000004586,Bifidobacterium sp900551485,Duncaniella sp900544535,Blautia coccoides,Collinsella sp900541145,MGYG000004203,Clostridium nigeriense,Lawsonibacter sp014287875,Murdochiella vaginalis,Kluyvera sp902363335,MGYG000004745,Blautia sp900547685,MGYG000004697,Marvinbryantia sp900550755,QAMM01 sp003150405,Muribaculum sp003150235,Collinsella sp900550825,CAG-1427 sp900546175,MGYG000001284,Gordonibacter massiliensis,MGYG000001977,Zag1 sp000438175,Bifidobacterium breve,MGYG000002178,ER4 sp900768135,Yersinia kristensenii,UMGS1858 sp900555705,Megasphaera cerevisiae,MGYG000003434,Massilimaliae timonensis,Oscillibacter ruminantium,UMGS856 sp900546265,Acinetobacter baumannii,Collinsella sp900542825,Collinsella sp900549355,Phocaeicola massiliensis,UBA7160 sp902363135,TM7x sp900557595,Akkermansia sp900548895,Bacteroides clarus
rep034_seed2059	MGYG000001840,Bacilliculturomica massiliensis,Collinsella sp900555815,Christensenella sp001678845,UMGS1766 sp900554855,Barnesiella intestinihominis,Allisonella pneumosintes,Eggerthella sinensis,Marvinbryantia sp014385005,Porphyromonas sp900538385,Anaerobutyricum sp002161065,Cetobacterium_A sp900766645,HGM13222 sp900757485,MGYG000002069,Holdemanella biformis,MGYG000002055,Lactobacillus crispatus,Roseburia intestinalis,NSJ-38 sp902363445,MGYG000004850,MGYG000004863,Eubacterium_I sp900546495,Yersinia kristensenii,Streptococcus sp000187445,MGYG000000298,An92 sp900199495,Streptococcus infantarius,Bulleidia moorei,MGYG000003829,QANA01 sp003149735,Erysipelatoclostridium saccharogumia,MGYG000000390,MGYG000004423,MGYG000004172,MGYG000001915,Muricomes fissicatena_A,Clostridium sp900766315,MGYG000004363,CAG-95 sp900553305,Phocaeicola sp900544675,UBA6398 sp900555645,Roseburia sp900542495,MGYG000004611,Collinsella sp900541185,MGYG000004411,MGYG000003816
rep035_seed2060	UBA1777 sp900549545,MGYG000003822,CAG-170 sp000432135,UBA1691 sp900549825,Caecibacter sp900549385,Bacteroides faecis,MGYG000000574,UMGS1338 sp900550805,Collinsella sp900762325,Phascolarctobacterium_A sp900541915,Massiliomicrobiota sp002160815,Prevotellamassilia sp900772575,Proteus penneri,Psychrobacillus sp012843435,F0422 sp900766245,Merdibacter sp900759455,UBA1786 sp900771425,Bacteroides acidifaciens,MGYG000004023,MGYG000004748,Prevotella sp900548535,MGYG000000645,Eisenbergiella sp900544445,MGYG000003707,Lactobacillus intestinalis,UMGS1901 sp900553755,MGYG000004634,Kluyvera sp902363335,CAG-1024 sp000432015,Neisseria subflava_C,Collinsella sp003459505,CAG-451 sp900760545,Porphyromonas gingivalis,Collinsella sp900551815,CAG-411 sp000437275,MGYG000001886,CACZQA01 sp900758075,Bacteroides sp002491635,Enterococcus_B durans,MGYG000004127,Megasphaera massiliensis,Mediterraneibacter sp900752395,Phytobacter sp002377245,QALW01 sp900552055,Mesosutterella massiliensis,UMGS1307 sp900550505
rep036_seed2061	Enterobacter chengduensis,UBA9502 sp003506385,MGYG000002659,Butyricimonas virosa,Eubacterium_R sp900539425,Collinsella sp900543615,MGYG000004664,MGYG000002085,Cetobacterium_A sp900766645,Eubacterium_R sp900547915,RC9 sp000431015,Dysosmobacter sp900542115,Mediterraneibacter sp900761655,Amulumruptor sp001689515,CAG-194 sp000432915,Anaerococcus sp900258475,Dysosmobacter sp900550685,Blautia_A sp900066205,UMGS882 sp003343885,Clostridium_E sporosphaeroides,Dysosmobacter sp900544105,HGM11368 sp900772745,Niameybacter sp900551325,F0040 sp900095835,Collinsella sp900541285,Phascolarctobacterium_A sp900770955,Eubacterium_M sp900540015,CAG-269 sp001916065,MGYG000001807,Prevotella sp900556825,Bacteroides congonensis,MGYG000004380,Phascolarctobacterium_A sp900757795,Paramuribaculum sp900760855,CAG-245 sp000434195,Weissella confusa,CAG-103 sp004556965,MGYG000004342,Acidaminococcus provencensis,UMGS1312 sp900550625,Escherichia fergusonii,Gemmiger variabilis_A,Methanobrevibacter_A woesei,Muribaculum sp001701195,Franconibacter helveticus,MGYG000000440
rep037_seed2062	CAG-590 sp900769115,UMGS1418 sp900551595,Dysosmobacter sp900556925,Coprobacter fastidiosus,Duodenibacillus sp003472385,Acutalibacter sp900543305,Fusobacterium_A varium_A,UMGS1388 sp900551345,Enterobacter cloacae_K,MGYG000003826,Paraprevotella sp003477995,Faecalibacterium sp900539885,Azonexus sp900549295,QAMM01 sp900762715,Collinsella sp003479805,Parabacteroides sp003473295,MGYG000001873,Borkfalkia ceftriaxoniphila,Megasphaera sp002319965,Enterocloster sp900551225,Alistipes dispar,Ruminococcus_A faecicola,Enterocloster bolteae,Mediterraneibacter sp002314255,MGYG000003509,Collinsella sp900541145,Blautia_A sp900540785,MGYG000004848,CAG-269 sp900555615,Phascolarctobacterium sp900551745,Clostridium_J ihumii,Ligilactobacillus salivarius,CAG-873 sp900550395,Faecalibacterium sp900772565,Lachnoclostridium_B sp900066765,Paraclostridium tenue,UBA940 sp900768115,CAG-177 sp003538135,UBA11524 sp000437595,UBA11774 sp003507655,Roseburia sp003483745,Clostridium_Q sp900547735,COE1 sp001916965,Collinsella sp900550835,OM05-12 sp003438995,Eggerthella sinensis
rep038_seed2063	Fusobacterium animalis,UMGS75 sp900538885,Prevotella disiens,MGYG000004852,Proteus penneri,Peptoniphilus_B sp000478985,Alistipes sp900544265,Gemmiger sp900540775,Alistipes_A indistinctus,Rothia dentocariosa,Campylobacter_A concisus_E,Collinsella sp900549715,Providencia alcalifaciens,QANA01 sp003149735,Faecalibacterium prausnitzii_E,F23-B02 sp004557075,Roseburia sp900753715,Agathobacter sp900550545,UMGS946 sp900547135,MGYG000004229,Peptoniphilus_A harei,Collinsella sp900542155,MGYG000004118,Parabacteroides sp900549585,MGYG000000334,Bacteroides pyogenes,MGYG000003918,Paramuribaculum sp900759915,Dysgonomonas sp900079735,F23-B02 sp004558025,Alistipes sp900760675,Oribacterium sp900772695,MGYG000004586,CAG-475 sp900548005,Blautia_A sp900541345,Pseudomonas_E bubulae,Terrisporobacter othiniensis,MGYG000003021,Holdemanella sp003458715,RC9 sp000431015,GCA-900066755 sp902363085,Anaerococcus vaginalis_B,MGYG000004125,Bacteroides caccae,Marvinbryantia sp900066075,UMGS403 sp900541975
rep039_seed2064	Megamonas hypermegale,Borkfalkia ceftriaxoniphila,CAG-56 sp900539525,Neisseria gonorrhoeae,Cedecea davisae,MGYG000001868,MGYG000004790,Prevotella oralis,MGYG000001683,UBA738 sp900763675,Blautia coccoides,MGYG000004722,CAG-95 sp900066375,Collinsella sp900556495,Acidaminococcus provencensis,Odoribacter massiliensis,CAG-488 sp000434055,Rothia sp001808955,Fusicatenibacter sp900772675,Blautia hansenii,Lachnospira sp900551945,Pantoea eucalypti,CAG-510 sp900550475,MGYG000003698,Dialister sp900538805,MGYG000003060,QANA01 sp900554725,Plesiomonas shigelloides,Paramuribaculum sp900546365,Holdemania filiformis,Porphyromonas sp900546675,UBA6398 sp900550635,Terrisporobacter othiniensis,Sutterella sp900762445,MGYG000001142,Dielma fastidiosa,UBA7173 sp001915385,MGYG000002099,UMGS2055 sp900557635,Clostridium_E sporosphaeroides,MGYG000004885,F23-B02 sp900772725,Porphyromonas_A somerae,Collinsella sp900757285,MGYG000001996,QALS01 sp900555925
rep040_seed2065	Dysosmobacter welbionis,Marseille-P3106 sp900543935,VUNA01 sp002299625,Ralstonia pickettii,Duodenibacillus sp900538905,Amulumruptor sp900539915,Prevotella sp900548585,Bacteroides sp900761785,CAG-273 sp902406115,MGYG000004203,Blautia_A sp003471165,CHH4-2 sp002899675,Blautia sp000432195,Harryflintia acetispora,MGYG000004061,UMGS882 sp003343885,Collinsella sp900768265,Alistipes_A sp900549685,Akkermansia muciniphila,Prevotella sp900317685,Agathobacter faecis,Johnsonella sp900766185,HGM11507 sp900761005,CAG-127 sp900319515,UMGS1994 sp900556975,Clostridium_Q sp900547735,Lachnoclostridium_A sp002160755,MGYG000002659,MGYG000000393,MGYG000001833,RUG12045 sp900770325,MGYG000003872,Collinsella sp900549025,Prevotella sp002299635,Prevotella colorans,CAG-462 sp900765575,Collinsella sp900555815,Fusobacterium_C necrophorum,MGYG000000691,UBA7173 sp900759895,Klebsiella_A oxytoca,MGYG000003136,MGYG000004519,Prevotellamassilia sp900539625,UBA7160 sp900757145,Anaerostipes caccae
rep041_seed2066	MGYG000003451,CAG-110 sp900549495,SFEL01 sp004557245,UMGS973 sp900547295,Clostridium neonatale,Prevotella sp900546345,Serratia liquefaciens,Enterococcus_D sp002850555,F0422 sp003999875,Bifidobacterium gallinarum,Eubacterium_R sp900539425,Enterococcus_B faecium,MGYG000004880,Blautia_A sp003471165,Faecalibacterium prausnitzii_D,Dysosmobacter sp001916835,Cellulosilyticum sp900556665,Eubacterium_R sp900540235,Blautia sp900753905,Phocaeicola plebeius_A,Phascolarctobacterium_A sp900553055,Prevotellamassilia sp900772575,MGYG000002743,Ruminococcus_B sp900544395,Collinsella sp900542305,UMGS1537 sp900761045,Phocaeicola barnesiae,Collinsella sp900556205,CAG-83 sp902388735,Blautia_A sp900551715,Roseburia sp003470905,UBA1691 sp002320555,UMGS1307 sp900550505,Blautia_A sp900541985,UBA5446 sp004553625,RQCD01 sp008668455,S5-A14a sp000758905,Ezakiella sp900540185,MGYG000001642,Clostridium_B tyrobutyricum,MGYG000002073,MGYG000003212,MGYG000000724,MGYG000002045,Phocaeicola sartorii,Enterococcus_B durans
rep042_seed2067	UMGS995 sp900769695,Streptococcus oralis_E,MGYG000004340,Cellulosilyticum sp900556665,Ligilactobacillus sp900765635,UBA1777 sp900549485,MGYG000000752,MGYG000001666,CAG-462 sp900765575,MGYG000004793,CAG-313 sp000433035,Coprobacter fastidiosus,Murimonas intestini,UMGS599 sp900543705,CAG-485 sp900554845,Faecalitalea cylindroides,Clostridium_A leptum,Ruminococcus_E bromii,Enterocloster sp900753815,Acidaminococcus sp900538365,Ezakiella massiliensis,Anaeroglobus geminatus,Prevotella sp900540415,Collinsella sp900555585,MGYG000001811,Collinsella sp900757285,CAG-411 sp000437275,Alistipes sp900548155,Prevotella sp900769055,MGYG000004514,Fournierella massiliensis,UBA4871 sp900554535,Ruminococcus_E sp900543095,Prevotella sp900765465,MGYG000003813,UBA9502 sp900770535,Fusobacterium periodonticum_B,MGYG000004224,Prevotella sp900770845,CAG-217 sp900547275,Phocaeicola sp900551445,Prevotella sp002480935,Collinsella sp900758845,UBA737 sp900549755,Streptococcus equinus,MGYG000000361
rep043_seed2068	Coprococcus sp000433075,Bacteroides stercoris,Phytobacter massiliensis,Blautia_A luti,Clostridium_P massiliamazoniense,Bulleidia sp900554555,UBA9475 sp900554075,MGYG000003323,UBA1685 sp002320595,UMGS1388 sp900551345,NSJ-32 sp014384895,Varibaculum timonense,SFHK01 sp004556395,Limosilactobacillus fermentum,MGYG000002198,Veillonella sp900549845,MGYG000000709,UBA3388 sp900546465,MGYG000003717,Collinsella sp900550185,Collinsella sp003487125,Agathobacter sp900552085,Limosilactobacillus vaginalis_A,CAG-1427 sp900546175,UMGS1109 sp900548675,MGYG000003338,MGYG000001133,CAG-110 sp900770015,Alistipes sp900761235,Peptostreptococcus anaerobius,Coprococcus_A catus,CAG-110 sp900763965,CAG-103 sp900543625,CAG-279 sp000437795,Odoribacter sp900544025,Emergencia sp900066695,Plesiomonas shigelloides,MGYG000000576,MGYG000001758,Collinsella sp900542275,Fusobacterium vincentii,MGYG000001743,Clostridium_AQ innocuum,MGYG000003698,Eubacterium_G sp000434315,Rikenella microfusus
rep044_seed2069	Alloscardovia omnicolens,Streptococcus timonensis,Acetatifactor sp900760705,UBA738 sp900763675,F082 sp900542475,Phocaeicola sp900551445,MGYG000000393,MGYG000004034,MGYG000001114,Citrobacter youngae,Dysosmobacter sp900544955,Latilactobacillus curvatus,Enterocloster sp900543885,Prevotella sp900552515,MGYG000004634,Paramuribaculum sp009775605,MGYG000003904,UBA1691 sp900549825,Paraclostridium sordellii,CAG-390 sp003523225,MGYG000004002,CAG-110 sp900763965,MGYG000004684,MGYG000004888,Paramuribaculum sp900752995,MGYG000003747,MGYG000004547,MGYG000004572,Dysosmobacter sp900763685,Yersinia kristensenii,MGYG000000656,Ruminococcus_D sp000434695,CAG-180 sp900545625,MGYG000002697,MGYG000000378,Anaerosacchariphilus sp002160765,Alistipes senegalensis,Porphyromonas sp900539155,UBA738 sp003522945,Coprobacter sp900545915,Dialister sp900538805,Enterocloster sp900551225,COE1 sp001916965,Desulfovibrio fairfieldensis,Parabacteroides timonensis,Granulicatella adiacens
rep045_seed2070	CAG-590 sp900548855,CAG-791 sp000431495,Parabacteroides sp900547435,CAG-110 sp900540635,Peptostreptococcus stomatis,MGYG000004393,CAG-1193 sp900550145,CAG-269 sp001916055,Clostridium_B sp902809985,Prevotella melaninogenica,HGM11368 sp900772745,Sutterella seckii_A,MGYG000000682,UMGS2016 sp900557185,Collinsella sp900542825,MGYG000003829,Ruminococcus sp002438605,MGYG000004891,MGYG000001181,CAG-83 sp000431575,Sellimonas intestinalis,Alistipes_A indistinctus,Streptococcus sp902363395,MGYG000000795,MGYG000004068,Lactobacillus hominis,MGYG000004405,CAG-110 sp900752285,MGYG000003777,Bifidobacterium pullorum,MGYG000004760,Acutalibacter sp900543555,Prevotella sp900772835,MGYG000003867,UBA1206 sp000433115,Bifidobacterium gallicum,Fusobacterium_A sp900555845,Bacilliculturomica massiliensis,Ruminococcus_A sp000432335,RC9 sp000431015,Bilophila sp902373525,UBA10677 sp003533505,Mediterraneibacter sp900553885,UMGS1251 sp900549995,CAG-110 sp900546415,Bilophila sp900553145
rep046_seed2071	UBA1206 sp000433115,Mediterraneibacter sp900555215,Collinsella sp900555745,Phascolarctobacterium faecium,Enterocloster sp900551225,RQCD01 sp008668455,MGYG000002092,Lactobacillus kalixensis,Collinsella sp900552145,Parabacteroides sp900547435,Phocaeicola dorei,Kluyvera sp902363335,Parasutterella sp000980495,UBA3402 sp003478355,Lactobacillus acidophilus,Campylobacter_B hominis,Collinsella aerofaciens_H,UMGS911 sp900546695,Dysosmobacter sp900770295,Duncaniella dubosii,CAG-83 sp900313295,Collinsella sp900545905,Gemmiger variabilis_B,Prevotella sp900769275,UBA2882 sp900542015,Desulfovibrio sp900540515,CAG-485 sp900760735,Citrobacter_A sp009363175,CAG-245 sp000434195,Alistipes communis,MGYG000002130,TM7x sp900555425,MGYG000003788,Butyricimonas sp900184685,Yersinia bercovieri,Lawsonibacter asaccharolyticus,WG-1 sp900539665,UMGS1071 sp900548305,Succinatimonas hippei,CAG-873 sp900548975,Collinsella aerofaciens_E,CAG-83 sp900552725,UMGS2055 sp900557635,MGYG000004807,Ellagibacter sp900554945,MGYG000004850
rep047_seed2072	Firm-11 sp004556545,Ruminococcus_D sp900543145,Citrobacter_B koseri,Pseudomonas aeruginosa,Weissella confusa,UMGS995 sp900547465,Prevotella sp900765465,Collinsella sp900757385,AM07-15 sp003477405,Methanosphaera cuniculi,CAG-822 sp000432855,MGYG000004817,CAG-475 sp900763875,CAG-273 sp902406115,CAG-603 sp900066105,MGYG000003887,Ligilactobacillus salivarius,CAG-510 sp000434615,Collinsella sp900541055,Yersinia intermedia,Enterocloster sp900759225,UBA945 sp900549675,MGYG000004768,UBA1829 sp900760615,MGYG000002215,Lachnoclostridium_A edouardi,Faecalitalea cylindroides,Niameybacter sp900551325,Parabacteroides bouchesdurhonensis,Collinsella sp003466125,Ruminococcus_D sp900752625,Enterococcus_B hirae,MGYG000003869,TM7x sp900556885,UMGS1225 sp900549725,Limosilactobacillus fermentum,MGYG000000736,MGYG000002740,UMGS1441 sp900551755,Fournierella massiliensis,Collinsella sp900760325,MGYG000004863,Enterobacter hormaechei_A,UMGS263 sp900540535,Akkermansia muciniphila_A,Parabacteroides distasonis
rep048_seed2073	UMGS1491 sp900757335,MGYG000004647,MGYG000002769,Butyricicoccus pullicaecorum,Eubacterium_I sp900066595,Rothia aeria,Bacteroides sp007896885,Sellimonas intestinalis,Megamonas sp900556715,Prevotella denticola,Lancefieldella rimae,Blautia_A sp000285855,Bacteroides sp900761785,Collinsella sp902388345,Bacteroides faecis,Collinsella sp900545075,Alloprevotella tannerae,Enterocloster sp900753815,Collinsella sp900553415,Lactococcus_A raffinolactis,Clostridium_F botulinum_A,Pauljensenia sp902373545,Campylobacter_A concisus_P,Collinsella sp900555355,Streptococcus lutetiensis,UBA9502 sp003506385,Klebsiella variicola,Pseudoruminococcus massiliensis,Roseburia sp003470905,MGYG000001969,Ruminococcus_F champanellensis,CAG-110 sp900549495,Marvinbryantia sp900066075,UBA10677 sp003533505,Prevotella amnii,MGYG000002697,MGYG000001585,Bacteroides clarus,MGYG000003773,Acutalibacter timonensis,Pantoea septica,Faecalibacterium sp900765105,Fusobacterium massiliense,Clostridium butyricum,MGYG000002740,CAG-302 sp001916775
rep049_seed2074	Beduini sp902363625,MGYG000000658,Acidaminococcus fermentans,UMGS363 sp900543105,Phocaeicola sp900546095,Campylobacter_A concisus_F,MGYG000002726,Collinsella sp900756725,CAG-103 sp004556965,MGYG000000474,UBA6398 sp003150315,Longibaculum sp900538465,Prevotella sp900553465,Yokenella regensburgei,MGYG000000348,Hungatella sp005845265,Phocaeicola sp900544675,CAG-302 sp900548425,Collinsella sp902363125,Enterocloster asparagiformis,Parabacteroides gordonii,Peptoniphilus_A sp900538655,CAG-272 sp900556615,Amulumruptor caecigallinarius,CAG-302 sp001916775,MGYG000004428,Blautia sp000432195,Gemmiger formicilis,Providencia stuartii,UMGS1600 sp900553295,Clostridium_J sp000821305,Pauljensenia sp900554605,Blautia sp900556555,GCA-900066495 sp902362365,Prevotella sp900554045,MGYG000004800,Prevotella buccalis,Alistipes_A sp900546005,CAG-1427 sp900542525,Dialister hominis,Collinsella sp900757205,Lachnospira sp900547255,MGYG000004231,Butyricimonas sp900184685,UBA10281 sp900548285,Evtepia gabavorous
rep050_seed2075	Ruminococcus_C sp000437255,RC9 sp000434935,Dysosmobacter sp900770295,MGYG000004711,Faecalibacterium sp900539885,MGYG000003909,UBA1691 sp002320555,Ruminococcus_B sp900544395,MGYG000004219,GCA-900066495 sp902362365,Dysgonomonas capnocytophagoides,CAG-81 sp900066055,Phytobacter sp002377245,MGYG000002809,Enterocloster asparagiformis,MGYG000004427,UBA1691 sp900544715,MGYG000004035,Sodaliphilus sp004557565,Faecalitalea cylindroides,Faecalibacterium sp900765105,Catenibacillus sp900553975,Bacteroides finegoldii,UBA1711 sp900771365,MGYG000002642,TM7x sp900557595,Clostridium_Q sp000435655,CAG-269 sp900552555,CAG-1031 sp900752535,MGYG000004330,CAG-582 sp900760845,Rothia mucilaginosa_B,UMGS416 sp900542005,Collinsella sp900541145,MGYG000004848,MGYG000003788,Muribaculum sp003150235,MGYG000003895,Haemophilus sp002998595,Agathobaculum sp900544475,Victivallis sp002998355,Eubacterium_I ramulus,UMGS874 sp900546315,MGYG000002881,MGYG000004477,Ligilactobacillus agilis
rep051_seed2076	MGYG000004531,Clostridioides difficile,Coprococcus sp900761435,Haemophilus_D pittmaniae,Allisonella histaminiformans,HGM13010 sp900754965,Alistipes sp900542505,Rothia sp001808955,MGYG000000450,UBA738 sp004557735,Blautia_A sp900541985,Akkermansia muciniphila,Phocea massiliensis,QALR01 sp900553085,Bacteroides sp900766195,Peptoniphilus_E obesi,MGYG000001792,MGYG000003894,MGYG000000448,MGYG000003826,Phocaeicola sp900546645,Anaeroglobus micronuciformis,Fusobacterium polymorphum,Lancefieldella sp902373375,UMGS1375 sp900066615,Streptococcus mitis,Anaerostipes caccae,MGYG000001969,Lachnospira sp900551945,CAG-1193 sp900550145,Bacteroides eggerthii,Ruminococcus_E sp003438075,Prevotella sp900547005,CAG-83 sp902388735,MGYG000004824,Ligilactobacillus sp900765635,Proteus sp003144505,Faecalimonas sp900546325,MGYG000004411,CAG-582 sp900760845,Collinsella sp900552145,MGYG000004718,Mediterraneibacter faecis,Phascolarctobacterium_A sp900541915,Butyricimonas sp900184685,Bittarella massiliensis
rep052_seed2077	TF01-11 sp001414325,Lancefieldella rimae,Phytobacter ursingii,Prevotella sp000435635,Collinsella sp900767675,Butyricimonas virosa,MGYG000002604,Coprococcus sp900761435,Faecalimonas sp900551895,MGYG000002053,Klebsiella quasivariicola,Dysosmobacter sp900770295,Anaerostipes rhamnosivorans,MGYG000003917,CAG-110 sp900547405,Bacteroides stercorirosoris,Yersinia frederiksenii,Eubacterium_I sp900557275,Anaerococcus sp900550345,Ruminococcus_C sp000980705,Faecalibacterium prausnitzii_M,Peptacetobacter sp900539645,MGYG000004094,MGYG000003112,Lactobacillus hominis,MGYG000000450,MGYG000002035,MGYG000002223,UBA3402 sp003478355,CAG-170 sp003516765,Prevotella sp900556275,Blautia stercoris,Acidaminococcus fermentans_A,Bacteroides sp900761785,Lachnospira sp900547255,Anaerostipes sp900066705,CACZQA01 sp900758075,Prevotella sp900555035,UMGS1109 sp900548675,Barnesiella sp002159975,MGYG000004630,Bacteroides sp900553815,Acinetobacter mesopotamicus,Blautia hansenii,CAG-492 sp000434015,MGYG000002691
rep053_seed2078	Prevotella sp900556275,Barnesiella sp003150885,UMGS1071 sp900542375,NK3B98 sp900545815,MGYG000004870,MGYG000000643,Collinsella sp900544725,Citrobacter portucalensis_A,CAG-170 sp000432135,MGYG000004841,MGYG000004004,CAG-81 sp900556965,Firm-11 sp004556545,Anaerostipes rhamnosivorans,Mesosutterella massiliensis,Monoglobus pectinilyticus,CAG-110 sp900551495,UBA4855 sp900540395,Faecalibacillus sp003480255,Oribacterium sp900770445,Zag1 sp900769645,Anaeromassilibacillus sp001305115,Slackia_A isoflavoniconvertens,Muricomes fissicatena_A,MGYG000003975,Raoultella ornithinolytica,MGYG000004305,Firm-11 sp900548145,Eisenbergiella tayi,HGM13006 sp900757695,Acetatifactor sp900760705,Collinsella sp900549025,Dialister hominis,MGYG000004674,Phocaeicola sp902388365,UMGS1397 sp900551425,UBA1409 sp002338885,MGYG000000608,Streptococcus mutans,SFTJ01 sp004557385,MGYG000004154,MGYG000003887,UMGS1225 sp900549725,Blautia_A sp900066205,Collinsella sp902362275,UBA1822 sp900545365
rep054_seed2079	Butyricimonas sp900184685,CACZQA01 sp900758075,CAG-41 sp900066215,Collinsella sp900755685,Dysosmobacter sp900763685,Ruthenibacterium sp900759375,Odoribacter splanchnicus,MGYG000000585,Lawsonibacter sp014287875,Enterocloster sp000431375,Mailhella sp900553065,MGYG000001921,Collinsella sp900545555,MGYG000004161,ER4 sp900546295,Roseburia hominis,Parabacteroides bouchesdurhonensis,Agathobacter sp900552085,Acutalibacter sp900548545,Ligilactobacillus salivarius,Klebsiella aerogenes,Blautia_A wexlerae_A,Collinsella sp900544725,Faecalibacterium sp900758465,Collinsella sp900544425,MGYG000002207,Faecalibacillus sp003480255,Gemmiger sp900539695,Enterocloster sp900555045,Collinsella sp003487125,Lawsonibacter sp900550705,Alistipes sp002161445,MGYG000004004,Phocaeicola sp900551065,MGYG000004686,Faecalimonas sp900550235,MGYG000004034,Prevotella jejuni,Megamonas sp900556715,MGYG000003969,Bacteroides caccae,Amulumruptor caecigallinarius,Desulfovibrio piger,UBA1394 sp900538575,Bulleidia sp900539965,UBA1691 sp002320555
rep055_seed2080	MGYG000003061,Methanosphaera cuniculi,Enterococcus_B faecium,Collinsella sp900551815,Duncaniella sp900762315,MGYG000004219,MGYG000004359,MGYG000003978,Peptostreptococcus anaerobius,Pediococcus acidilactici,MGYG000004824,Eubacterium_R sp900542875,Bifidobacterium thermophilum,Streptococcus oralis_S,HGM11525 sp900770405,Bifidobacterium breve,Phocaeicola sp002493165,MGYG000004061,CAG-873 sp001701165,Parabacteroides faecis,RC9 sp900769905,Megasphaera cerevisiae,Collinsella sp900754385,Bifidobacterium ruminantium,MGYG000003768,Dialister sp000434475,Acetatifactor sp900772845,Rothia mucilaginosa,NSJ-50 sp014385105,Olsenella_E sp003609875,Turicimonas muris,Eubacterium_R sp003526845,QAMH01 sp900556425,CAG-110 sp900546415,UMGS882 sp900546385,Enterocloster sp900543885,MGYG000002041,Lancefieldella sp902373375,Lachnospira sp900552795,UBA7185 sp900756555,UBA644 sp002299265,MGYG000004647,Porphyromonas sp900538385,UBA9502 sp900538475,CAG-83 sp902388735,MGYG000001632
rep056_seed2081	MGYG000001914,Enorma sp900751795,Gemmiger sp900539695,MGYG000003206,Pseudescherichia sp002298805,Phocaeicola sp000432735,CAG-110 sp900770015,MGYG000001811,CAG-1031 sp900752535,Prevotella bivia,UMGS1591 sp900553255,Paramuribaculum sp900760855,Proteus cibarius,MGYG000002809,MGYG000003418,Lachnoclostridium sp900078195,F23-B02 sp004553495,51-20 sp001917175,Extibacter sp001185345,MGYG000003441,MGYG000003470,Enterococcus_B durans,Blautia_A obeum_B,MGYG000002085,Bacteroides sp003545565,CAG-279 sp900541935,UBA5446 sp900546615,MGYG000002092,SFFH01 sp900542395,Fusicatenibacter sp900772675,Bacteroides intestinalis,Campylobacter_A concisus_P,Sutterella sp900762445,Schaedlerella glycyrrhizinilytica,MGYG000004408,Collinsella sp900555745,UMGS172 sp900539855,Paramuribaculum sp001689535,Sellimonas sp002161525,Pluralibacter gergoviae,Bifidobacterium catenulatum,MGYG000001566,Pseudomonas_E putida_P,Porphyromonas_A sp001808555,Bacteroides togonis,MGYG000004133
rep057_seed2082	Collinsella aerofaciens_E,Duncaniella sp900762315,MGYG000002092,CAG-245 sp900552135,Blautia sp900753905,Pantoea ananatis,UBA3818 sp900557155,UBA737 sp900549055,CAG-590 sp900552885,Gemmiger sp900539695,MGYG000004094,MGYG000004749,1XD42-69 sp014287635,MGYG000003977,Parabacteroides timonensis,Exiguobacterium sp003467445,MGYG000003914,Collinsella sp900757385,Prevotella disiens,Coprobacter fastidiosus,Prevotella sp900548195,Collinsella sp900555745,Alistipes timonensis,CAG-83 sp900548615,CAG-238 sp900754805,Bacillus_A luti,Prevotella sp900552675,Merdibacter sp900543035,Phocaeicola sp000434735,MGYG000003719,Pseudoflavonifractor capillosus,F0422 sp900766245,NSJ-32 sp014384895,UMGS1370 sp900551135,Dysosmobacter sp900752075,Lachnoclostridium phytofermentans_A,RC9 sp900760425,Alistipes sp000434235,Fusobacterium_A sp900764925,MGYG000000691,UMGS403 sp900540275,MGYG000000699,Eisenbergiella sp900548905,CAG-56 sp900752065,HGM14224 sp900761905,Fusobacterium sp000235465
rep058_seed2083	MGYG000004895,UBA3818 sp900557155,UMGS1241 sp900540495,UMGS1384 sp900551265,MGYG000002623,MGYG000003647,MGYG000004007,Yersinia frederiksenii_C,CAG-822 sp000432855,Clostridium_Q sp000435655,Kluyvera sp902363335,MGYG000004775,CAG-145 sp900540145,Collinsella phocaeensis,MGYG000004421,Schaedlerella sp900765975,Prevotella sp002299275,MGYG000004708,Blautia_A sp900542045,Alistipes shahii,MGYG000000745,Morganella morganii_A,F0422 sp900766245,Christensenella timonensis,Collinsella sp900542305,MGYG000004310,Fenollaria massiliensis,CAG-269 sp900551615,Lawsonibacter sp900066645,HGM11507 sp900761005,MGYG000001759,Collinsella sp900551195,UMGS1901 sp900553755,CAG-196 sp900549855,Collinsella sp900757235,Hydrogeniiclostridium sp900550095,MGYG000003950,MGYG000000635,Collinsella sp900541015,Acetatifactor sp900760705,Coprococcus eutactus,UMGS1224 sp900549775,CAG-488 sp900539465,Parabacteroides sp900540715,UMGS1225 sp900549725,Lawsonibacter sp000177015
rep059_seed2084	Parabacteroides sp003473295,Megasphaera sp002319965,UBA1191 sp900545775,UMGS946 sp900544965,CAG-791 sp000431495,MGYG000004820,Harryflintia acetispora,Mailhella sp900553065,CAG-269 sp000435535,Dysosmobacter sp900544105,MGYG000004042,CAG-390 sp000437015,MGYG000000557,MGYG000004686,MGYG000003005,Catenibacillus sp900553975,Collinsella sp900542905,Butyricicoccus sp900547195,Eisenbergiella massiliensis,MGYG000003918,MGYG000000346,CAG-127 sp900319515,Collinsella sp900761995,Phocaeicola sp900544075,MGYG000001142,Collinsella sp900759335,CAG-269 sp900554565,HGM12650 sp900761725,MGYG000003917,Collinsella sp900754435,CABIZH01 sp902363205,UMGS911 sp900546695,MGYG000003021,CAG-269 sp900556695,Lacrimispora sp902363735,Lachnoclostridium_B sp900066765,Faecalibacterium prausnitzii_G,MGYG000000674,Olsenella_E timonensis,Blautia sp000432195,Collinsella sp900754525,MGYG000001583,MGYG000002151,Bacteroides cutis,UBA9502 sp003481825,Collinsella sp900545835
rep060_seed2085	MGYG000000662,MGYG000001075,Collinsella sp900540855,Phocaeicola sp002161565,Acidaminococcus massiliensis,Anaerococcus obesiensis,Parabacteroides massiliensis,MGYG000000691,Phocaeicola sp900066445,Faecalibacterium prausnitzii_H,NSJ-63 sp014384805,Allisonella histaminiformans,UMGS1307 sp900550505,CAG-110 sp900549705,UMGS882 sp900546385,Fusobacterium massiliense,Blautia sp900753905,Ruminococcus_E sp002493635,MGYG000002614,Dialister sp900541605,Evtepia sp900758955,MGYG000002717,CAG-83 sp900556015,Flavonifractor sp900549795,Prevotella sp900316565,Veillonella sp900550175,Neisseria subflava_C,Bacteroides eggerthii,RUG115 sp900066395,Collinsella sp900541785,MGYG000002726,MGYG000004868,Peptostreptococcus sp900759325,MGYG000002881,MGYG000001033,MGYG000004509,Collinsella sp003487125,MGYG000000706,UMGS1202 sp900549565,Butyricimonas virosa,CAG-83 sp000435555,CAG-56 sp900539525,Prevotella sp900548195,Alistipes sp900542505,Ruminococcus_A sp003011855,Lawsonibacter sp900066825
rep061_seed2086	UBA7185 sp900756555,Campylobacter_A concisus_F,CAG-127 sp900766925,Haemophilus_D parainfluenzae_M,CAG-103 sp004556965,UBA3388 sp002358835,MGYG000004423,UBA737 sp900547095,Prevotella stercorea,UBA1691 sp900552985,Enterocloster sp900543885,Clostridium sp900766315,Collinsella sp900541125,MGYG000004224,Ruminococcus_D sp900539835,UMGS1781 sp900554635,Ruminococcus_C sp000437255,MGYG000004727,Streptococcus oralis_E,CAG-56 sp900752065,Anaerobutyricum hallii,Clostridium_J sp000821305,MGYG000003918,MGYG000004023,MGYG000003829,MGYG000003975,Porphyromonas_A sp900541275,Bilophila sp900550745,MGYG000002150,Enterobacter_A timonensis,Duodenibacillus sp900762555,Prevotella sp002481295,Robinsoniella sp900539655,Muribaculum intestinale,Massilioclostridium coli,Akkermansia sp004167605,Haemophilus sp002998595,HGM11386 sp900761915,UBA9502 sp003480315,UMGS1537 sp900543695,Prevotella sp900772835,MGYG000004366,Pauljensenia sp000411415,MGYG000004304,Paramuribaculum sp900759915,Blautia_A obeum_B
rep062_seed2087	Faecalibacterium prausnitzii_H,UBA1777 sp003150355,Alistipes sp002161445,CAG-110 sp900762005,MGYG000004864,MGYG000004772,Prevotella sp900546535,UBA11517 sp900753315,Anaerotruncus colihominis,CAG-317 sp900543415,Alistipes sp900769445,CAG-127 sp900539705,Veillonella sp900765235,UMGS1663 sp900753245,Extibacter muris,NSJ-32 sp014384895,Terrisporobacter glycolicus_A,Lawsonibacter sp900766145,CAG-110 sp000435995,CAG-354 sp900759015,Sutterella seckii_A,MGYG000004611,MGYG000004238,Eubacterium_G sp000435815,MGYG000003977,Gemmiger sp900554145,HGM12998 sp900756495,Gemmiger sp900556255,Prevotella buccalis,Lachnospira sp000436475,Gemmiger sp900539695,Peptoniphilus_A phoceensis,CAG-103 sp000432375,Butyricimonas sp900761485,UBA7173 sp900546835,Parabacteroides sp000436495,MGYG000003719,Prevotella multisaccharivorax,MGYG000000721,Cronobacter sakazakii,CAG-177 sp003538135,Eubacterium_F sp900539115,Parabacteroides chinchillae,Dysosmobacter sp900544105,UBA1777 sp900549485,MGYG000003071
rep063_seed2088	MGYG000003707,Paenibacillus_A sp900069005,Pantoea anthophila,Marseille-P4683 sp900232885,TM7x sp900556355,Streptococcus parasanguinis_B,Evtepia gabavorous,UBA737 sp900549055,UBA5884 sp900551505,MGYG000004765,Collinsella sp900754525,Lachnospira sp900772425,UMGS1202 sp900549565,CAG-110 sp900544975,MGYG000001832,MGYG000001020,Leminorella grimontii,Ruminococcus_C sp000437175,MGYG000003747,F23-B02 sp003533405,Anaerobutyricum sp002161065,MGYG000001775,Eubacterium_R sp900539325,Collinsella sp900556365,MGYG000000616,Ligilactobacillus sp900765635,MGYG000003578,QAMX01 sp004555605,UMGS403 sp900541565,CAG-873 sp900550395,UBA1691 sp900552985,UBA1685 sp002320595,MGYG000004133,UBA1232 sp900544815,F23-B02 sp001916715,Roseburia sp900550935,MGYG000000359,Veillonella sp900552715,Eisenbergiella massiliensis,MGYG000001807,CAG-485 sp900554345,Faecalimonas sp900550235,Megasphaera massiliensis,Lachnoclostridium sp900078195,MGYG000004677,CAG-83 sp000435555
rep064_seed2089	Yersinia pestis,Parabacteroides sp900770835,CAG-492 sp900557195,MGYG000001205,MGYG000000450,Phocaeicola sp900552645,MGYG000002740,Blautia_A sp900542045,Alloscardovia omnicolens,CAG-110 sp900762005,UMGS731 sp900544985,Butyricimonas paravirosa,Dysosmobacter sp001916835,Angelakisella sp900552845,GCA-900066755 sp902363085,CAG-288 sp000437395,Streptococcus agalactiae,Agathobacter sp900548765,MGYG000002037,Lactococcus garvieae,Phascolarctobacterium sp900544795,Holdemanella sp002299315,Lawsonibacter sp000177015,MGYG000002063,MGYG000002585,Prevotella pectinovora,CAG-279 sp900556245,Hydrogeniiclostridium mannosilyticum,Holdemanella sp003458715,Butyrivibrio_A sp000431815,Fenollaria massiliensis,Collinsella sp900761995,Enterobacter mori,Oxalobacter sp900760095,CAG-485 sp900552315,ER4 sp900763705,Klebsiella_A grimontii,Slackia exigua,UMGS1975 sp900556815,Acidaminococcus fermentans_A,Eubacterium_F sp000434115,Muricomes oroticus,Collinsella sp003470665,Lancefieldella sp900555335,MGYG000001952,UMGS1537 sp900552695
rep065_seed2090	MGYG000003831,QAMM01 sp003150405,MGYG000000380,Firm-11 sp900550955,MGYG000003707,Streptococcus mitis_D,MGYG000002212,Prevotella sp900549175,MGYG000003955,Zag1 sp000433095,Enterobacter_D kobei_A,MGYG000000693,MGYG000004841,Lachnoclostridium_B sp900066765,MGYG000000425,Turicimonas muris,Hydrogeniiclostridium mannosilyticum,Collinsella sp900548565,MGYG000004874,UMGS1293 sp900754495,Phocaeicola salanitronis,MGYG000004171,Lancefieldella sp000564995,MGYG000000645,Succinivibrio sp900548485,UMGS1225 sp900549725,MGYG000000763,Prevotella sp900554045,MGYG000004035,MGYG000004868,Clostridium_Q sp003024715,Muribaculum intestinale,Atlantibacter hermannii,Intestinibacter sp900540355,Brachyspira pilosicoli,UMGS1241 sp900549955,CAG-177 sp000431775,Ruminococcus_C sp900545285,MGYG000002677,MGYG000004837,Butyricimonas paravirosa,Prevotella sp900543585,MGYG000004686,Acetatifactor sp900760705,MGYG000001809,MGYG000001792
rep066_seed2091	UBA11517 sp900753315,MGYG000002758,Phocaeicola sp900551645,Acinetobacter johnsonii,CAG-485 sp002361235,Blautia_A sp900066505,MGYG000004650,MGYG000004384,MGYG000002216,CAG-145 sp002320005,Collinsella sp900541665,UBA738 sp004557735,MGYG000000432,MGYG000000688,UMGS403 sp900540275,Pseudomonas_E putida_P,RUG12045 sp900770325,MGYG000001717,MGYG000003322,Coprococcus_A catus,MGYG000003861,Duodenibacillus sp900538905,Anaerococcus lactolyticus,Collinsella sp900556205,UBA4871 sp014467055,Massilioclostridium methylpentosum,Citrobacter_B koseri,Oscillibacter ruminantium,Collinsella sp900549345,CAG-831 sp000432775,MGYG000003799,CAG-115 sp900768705,Collinsella sp902362275,MGYG000004868,MGYG000002614,TF01-11 sp003529475,Collinsella sp900550415,Olsenella_E timonensis,CAG-110 sp900544405,Raoultibacter timonensis,MGYG000000425,Paramuribaculum sp009775605,Yersinia pestis,Bifidobacterium italicum,Oxalobacter formigenes,CAG-95 sp900554925
rep067_seed2092	MGYG000003936,Veillonella sp900556785,Muribaculum sp002492595,Collinsella provencensis,Ruminococcus_C callidus,CAG-83 sp900555735,UMGS1872 sp902373635,Fusobacterium_B sp900554885,MGYG000002713,Prevotella sp900546345,MGYG000003005,Enterocloster sp000155435,Bacteroides ndongoniae,Ruminococcus_E sp003526955,Ruminococcus_E bromii_B,Collinsella sp900761995,Pseudescherichia vulneris,Peptoniphilus_A lacydonensis,UBA5446 sp900546615,Fusobacterium animalis,Eubacterium_R sp900539425,Agathobaculum sp900557315,Yersinia enterocolitica,Fusobacterium massiliense,SFEL01 sp004557245,Akkermansia muciniphila_B,MGYG000004187,Haemophilus_D parainfluenzae_L,Bifidobacterium pseudocatenulatum,UMGS363 sp900543105,Escherichia marmotae,MGYG000000547,CAG-1427 sp900538545,MGYG000004841,Dysosmobacter welbionis,CAG-776 sp900758895,Bacilliculturomica massiliensis,MGYG000004684,Collinsella sp900540875,Lawsonibacter sp900754605,Acidaminococcus intestini,MGYG000004702,Gabonibacter sp900543425,CAG-793 sp900557475,Flavonifractor sp900549795,Duodenibacillus sp900762555
rep068_seed2093	MGYG000003871,Collinsella aerofaciens_A,MGYG000002255,Bilophila sp900553145,Criibacterium bergeronii,UBA5905 sp900764115,Prevotella sp900555035,Angelakisella sp003453215,MGYG000004342,Blautia_A sp900066205,MGYG000003717,Ralstonia pickettii,MGYG000003948,MGYG000001679,UMGS1623 sp900553525,Eubacterium callanderi,MGYG000004850,Christensenella minuta,Aggregatibacter segnis,Fusobacterium_A sp900543175,Ruminococcus_C sp000980705,Collinsella aerofaciens_H,Megamonas funiformis,Prevotella lascolaii,MGYG000000709,Gemmiger formicilis,Leuconostoc lactis,UMGS1933 sp900772235,Pauljensenia turicensis,Phascolarctobacterium_A sp900552855,Anaerosacchariphilus sp900066385,Clostridium sp900766315,Prevotellamassilia sp900539625,UBA738 sp004557735,Lactonifactor sp009677585,Paramuribaculum sp900546365,Odoribacter splanchnicus,MGYG000004197,Lancefieldella rimae,MGYG000001859,UMGS1540 sp900552775,Faecalibacterium prausnitzii_G,Phascolarctobacterium_A sp900757795,CAG-485 sp900542185,Collinsella sp900555765,Emergencia sp900551775
rep069_seed2094	MGYG000004408,MGYG000001195,MGYG000004509,CAG-238 sp900551415,MGYG000000650,Blautia_A sp900541985,MGYG000003254,UBA1829 sp900760615,Odoribacter massiliensis,Megasphaera sp000417505,MGYG000004003,MGYG000000592,MGYG000001792,Anaerobutyricum soehngenii,CAG-115 sp003516865,HGM11507 sp900761005,Bacteroides fluxus,CAG-170 sp000436735,UBA1409 sp900760125,UMGS1591 sp900553255,Prevotella sp900771975,Yersinia intermedia,Dorea_A sp900550865,Raoultella ornithinolytica,Gemella morbillorum,MGYG000002712,Citrobacter freundii,MGYG000000397,Streptococcus infantis_I,CAG-632 sp900539185,Acinetobacter mesopotamicus,Phocaeicola ilei,CAG-302 sp900548425,QAMX01 sp004555605,MGYG000002041,Weissella confusa,MGYG000004885,MGYG000004377,UBA7160 sp902363135,MGYG000001818,MGYG000000687,OM05-12 sp003438995,CAG-269 sp001916055,MGYG000004203,UBA5446 sp900546615,MGYG000003061
rep070_seed2095	Streptococcus anginosus,MGYG000004449,MGYG000004680,Collinsella sp900758375,HGM10836 sp900772095,CAG-279 sp900550025,Collinsella sp900757385,Alistipes dispar,Alistipes_A indistinctus,Vibrio parahaemolyticus,MGYG000004864,Angelakisella sp900552845,Robinsoniella sp900555455,Barnesiella intestinihominis,QAKD01 sp003343965,MGYG000002704,MGYG000002182,Acutalibacter sp900759575,Eubacterium_G sp000432355,RUG14107 sp900772685,CAG-177 sp003538135,Yersinia massiliensis,RC9 sp900544195,MGYG000004035,CAG-273 sp900752095,MGYG000001758,Prevotella sp900552965,V9D3004 sp900760345,RUG806 sp900313475,MGYG000002041,UBA7173 sp001915385,Muribaculum sp001701195,Eubacterium_G sp000434315,MGYG000000660,NK4A136 sp002314855,Peptoniphilus_A lacrimalis,MGYG000004348,Finegoldia magna_F,Collinsella sp900550205,Akkermansia muciniphila_B,CAG-269 sp900760175,CAG-451 sp000438295,CAG-882 sp000435595,Pauljensenia sp000278725,Blautia sp900543715,CAG-793 sp900557475
rep071_seed2096	Prevotellamassilia sp900541335,Dialister hominis,MGYG000001871,MGYG000004103,MGYG000000632,Alistipes sp001941065,Caecibacter sp003467125,Anaerotruncus massiliensis,Prevotella oralis,MGYG000000727,MGYG000001580,MGYG000003945,UBA1417 sp003531055,MGYG000000711,MGYG000001032,Collinsella sp900757705,Campylobacter_A concisus_I,CAG-83 sp900555735,Coprococcus_A sp900548825,Collinsella sp900556515,Collinsella sp900548515,MGYG000003322,UMGS973 sp900547295,Paraeggerthella hongkongensis_A,Christensenella hongkongensis,MGYG000002623,V9D3004 sp900760345,CAG-617 sp000431275,MGYG000004075,Selenomonas_C sp002351185,Leminorella richardii,UBA11517 sp900555365,Phytobacter massiliensis,Lactobacillus amylolyticus,CAG-170 sp900549635,Alistipes sp900550925,Lawsonibacter sp900553135,UMGS1540 sp900552775,Enterococcus_A raffinosus,Lacticaseibacillus paracasei,UBA9502 sp900555625,Collinsella sp900543605,Klebsiella quasipneumoniae,Sneathia amnii,Negativibacillus sp900547455,CAG-590 sp900769115
rep072_seed2097	Coprococcus sp900761435,Prevotella sp900550035,Lachnospira sp000436535,Blautia hominis,MGYG000002198,TF01-11 sp003149875,CAG-238 sp900551415,Collinsella stercoris,Finegoldia magna,Proteus sp003144505,Enterocloster sp900770345,Alistipes sp900550375,Streptococcus thermophilus,Enterobacter bugandensis,MGYG000000630,MGYG000000738,GCA-900066495 sp900545985,Clostridium_Q sp900547735,Clostridium celatum,MGYG000004824,CAG-269 sp001916035,Collinsella aerofaciens_K,Eisenbergiella massiliensis,Prevotella sp900772835,CAG-485 sp900766975,MGYG000003728,Enterococcus_A avium,Prevotella sp900771975,MGYG000001953,UBA738 sp004557735,Collinsella sp003439125,Bacteroides sp900765785,MGYG000003490,Desulfovibrio piger,Enterococcus_D sp002850555,Ellagibacter sp900554945,MGYG000004080,Collinsella sp900548365,Dorea_B phocaeensis,MGYG000003308,Faecalibacterium sp900540455,MGYG000002178,Acidaminococcus sp900538365,Peptoniphilus_B sp000478985,MGYG000003162,Caecibacter sp003467125
rep073_seed2098	Collinsella sp900542155,CAG-492 sp000434335,UMGS1633 sp900553645,MGYG000003970,CAG-127 sp900319515,Lachnospira sp900316325,MGYG000001886,Enterobacter cloacae,Phocaeicola sp900546355,Duodenibacillus sp900538905,Collinsella sp900554465,Hungatella_A hathewayi_A,Fusobacterium_B sp900541465,UBA1259 sp900760875,Collinsella sp900545835,CAG-882 sp900545455,Yersinia kristensenii,CAG-873 sp900548975,RUG023 sp900315435,Eubacterium_I sp900066595,Eubacterium_R sp900764665,UBA2882 sp900542015,CAG-269 sp900753165,Prevotella sp002350355,Phocaeicola sp000434735,Muricomes sp900604355,MGYG000000585,F23-B02 sp900556535,Collinsella sp900549535,MGYG000002727,MGYG000001841,UBA1691 sp900552985,Stoquefichus sp001244545,CAG-110 sp900546415,F23-B02 sp004556755,MGYG000004693,Sutterella parvirubra,MGYG000003913,Acidaminococcus fermentans,UBA9502 sp003481825,MGYG000003840,MGYG000000587,UBA1390 sp002305315,MGYG000003882,MGYG000003061,Blautia_A sp900066335
rep074_seed2099	Streptococcus pasteurianus,Phascolarctobacterium_A sp900547415,Prevotella sp002481295,GCA-900066135 sp900543575,CAG-349 sp003539515,UMGS1994 sp900553945,MGYG000004174,MGYG000002785,Marvinbryantia formatexigens,Enorma massiliensis,Pradoshia sp001183965,UMGS1370 sp900551135,MGYG000004656,MGYG000003167,QALS01 sp900552625,Alistipes_A indistinctus,MGYG000004868,Collinsella sp902363125,MGYG000004791,Ruminococcus_D sp000434695,MGYG000004664,Enterobacter mori,Blautia sp001304935,ER4 sp000765235,Prevotellamassilia sp900542795,Prevotella sp000436695,Limosilactobacillus caviae,UMGS363 sp900543105,CAG-485 sp900547755,MGYG000004702,MGYG000001743,HGM12998 sp900756495,Streptococcus timonensis,UMGS1600 sp900553315,Prevotella nigrescens,MGYG000001817,Prevotella buccae,Slackia_A piriformis,CAG-485 sp900760815,RC9 sp900760425,MGYG000000752,Bifidobacterium sp900551485,Anaeromassilibacillus sp001305115,Enterobacter kobei,MGYG000002646,MGYG000003050
rep075_seed2100	Intestinibacter bartlettii,Coprococcus_A sp900548825,UBA9502 sp900538475,Parabacteroides sp900547435,Christensenella minuta,CAG-110 sp900770015,UBA2856 sp900555005,Morganella morganii_B,Streptococcus thermophilus,UBA1390 sp002305315,MGYG000000334,Alistipes putredinis,MGYG000003271,CAG-110 sp000435995,Anaerostipes sp900756035,Sutterella wadsworthensis,Alistipes sp902363575,Anaeromassilibacillus sp001305115,Alistipes sp002358415,Sutterella wadsworthensis_A,MGYG000000390,MGYG000004365,Pseudoflavonifractor capillosus,UBA5905 sp900549155,UBA5446 sp900545405,Collinsella tanakaei,MGYG000003914,Firm-11 sp004556545,CAG-873 sp002493945,Campylobacter_A concisus,Collinsella sp900540845,Lacrimispora sp000526575,Alistipes sp900552955,Prevotella sp003447235,Amulumruptor sp900539915,Blautia_A sp900066505,CAG-495 sp900551585,OF09-33XD sp003481995,Collinsella sp003459505,Dysgonomonas sp900556485,MGYG000002704,Veillonella dispar,Fusobacterium polymorphum,Firm-11 sp900550955,Duodenibacillus sp003472385,Gabonibacter massiliensis
rep076_seed2101	Streptococcus sp001556435,UBA5905 sp004558485,CAG-245 sp900761475,Eisenbergiella massiliensis,Bilophila sp900550745,Christensenella timonensis,MGYG000002706,Emergencia sp900551775,Ruminococcus_E sp900755995,Collinsella sp900549655,Haemophilus_D pittmaniae,Sellimonas intestinalis,MGYG000002115,Roseburia sp900756925,Serratia marcescens_I,MGYG000004841,UMGS1338 sp900550805,UBA1191 sp900066305,Negativibacillus sp900547015,Rothia mucilaginosa_A,Collinsella sp900548075,Collinsella sp900542825,Fusobacterium animalis,UBA737 sp002431945,CAG-110 sp900551495,MGYG000003867,SFEL01 sp004557245,Agathobaculum desmolans,Parolsenella sp900552935,MGYG000003719,Phocaeicola sp900551645,Veillonella_A seminalis,Mailhella sp900541395,F23-B02 sp003533405,MGYG000000448,Collinsella sp900541045,CAG-317 sp900543415,NSJ-32 sp014384895,CAG-465 sp900554875,Stomatobaculum sp002892395,Collinsella sp900544135,Granulicatella adiacens,MGYG000003877,MGYG000000387,CAG-353 sp900768995,MGYG000000635
rep077_seed2102	UMGS1670 sp902406135,Prevotella sp002299635,Prevotella sp900290275,MGYG000002628,GCA-900066495 sp902362365,MGYG000003907,CAG-353 sp900066885,MGYG000000456,MGYG000002223,Granulicatella sp900551535,CAG-269 sp000431335,Collinsella sp900760905,Ligilactobacillus sp900765635,MGYG000004829,Fusicatenibacter sp900543115,MGYG000003829,Collinsella phocaeensis,Prevotella sp002350355,MGYG000001804,Coprococcus sp900548315,MGYG000002151,MGYG000004722,CAG-274 sp000432155,Prevotella sp900769275,MGYG000003840,CAG-317 sp000433535,Bacteroides bouchesdurhonensis,UBA5416 sp900539175,Bacteroides ovatus,MGYG000004506,CAG-1427 sp900546175,MGYG000004598,CAG-485 sp900766975,Slackia_A sp900553775,MGYG000000576,Parabacteroides sp900552415,ER4 sp900763705,Blautia_A sp900066335,Bulleidia sp900539965,Clostridium_Q sp003024715,UMGS599 sp900543705,Roseburia sp900550935,Amedibacillus dolichus,MGYG000003915,Fusicatenibacter sp900772675,CAG-317 sp000433215
rep078_seed2103	Bifidobacterium catenulatum,Turicibacter sanguinis,MGYG000003319,Prevotella sp900548585,Blautia sp900555025,Bifidobacterium sp900551485,Collinsella sp900752475,Porphyromonas asaccharolytica,Muribaculum sp002358615,MGYG000002095,Peptostreptococcus russellii_A,Eubacterium_F sp000434115,Pluralibacter gergoviae,Eubacterium_R sp900555015,SFDP01 sp004558185,UBA7173 sp900546835,MGYG000004718,CAG-882 sp900545175,Parabacteroides massiliensis,Alistipes sp900550375,CAG-238 sp900542245,Citrobacter_A sedlakii,Amulumruptor caecigallinarius,UBA1711 sp900771365,Agathobaculum sp900544475,RUG023 sp900315435,UMGS902 sp900546635,MGYG000004348,MGYG000001219,Rahnella variigena,CAG-462 sp003489705,Clostridium_J sp000821305,QAMX01 sp003149835,CAG-617 sp900553285,MGYG000001805,Romboutsia timonensis,F23-B02 sp004553495,MGYG000004506,Holdemanella sp002299315,Parabacteroides sp000436495,UMGS1781 sp900553695,CAG-411 sp000437275,CAG-452 sp900770415,UMGS1477 sp900553845,MGYG000001880,MGYG000004174
rep079_seed2104	MGYG000003904,Stoquefichus massiliensis,Limosilactobacillus antri,Caecibacter sp003467125,Ruminococcus_C sp000980705,UBA5446 sp900759385,UMGS1071 sp900542375,Coprobacter sp900545915,Fusobacterium_A sp900543175,Megamonas sp900554895,Blautia_A sp900120195,Yersinia frederiksenii_C,Anaerosacchariphilus sp900553635,Blautia sp001304935,Collinsella sp900545835,UBA1394 sp900554975,Prevotellamassilia sp900768625,CAG-110 sp900762005,Collinsella sp003458415,Enterobacter hormaechei_A,QAMX01 sp003149835,UMGS1690 sp900554165,MGYG000002215,Enterococcus_B hirae,UMGS1994 sp900553945,UMGS1202 sp900549565,Pseudomonas_E massiliensis,Erysipelatoclostridium ramosum,SFFH01 sp900548125,MGYG000002881,UBA7057 sp900543675,CAG-110 sp900546075,Enterobacter chengduensis,OF09-33XD sp003481995,Mediterraneibacter sp900555215,Oribacterium sinus,MGYG000002213,UMGS1253 sp900550065,Sutterella sp900762445,Longibaculum muris,Prevotellamassilia sp000437675,Faecalitalea cylindroides,Harryflintia acetispora,CAG-196 sp900553895,Coprococcus sp000154245,MGYG000004874
rep080_seed2105	MGYG000004849,Neisseria subflava_C,Collinsella sp900541055,CAG-617 sp900553285,MGYG000003698,Faecalibacterium sp900551435,UBA644 sp900547165,MGYG000003994,Collinsella sp900555585,Megasphaera massiliensis,Lacrimispora sp000526575,MGYG000003894,Marvinbryantia sp900066075,Dialister sp900541605,Agathobacter rectalis,Blautia sp900753905,CAG-269 sp003525075,Agathobacter sp900549895,MGYG000003850,CAG-288 sp000437395,Collinsella sp900549345,Collinsella sp900543845,Lachnoanaerobaculum orale,SFFH01 sp900548125,MGYG000002215,MGYG000004837,Prevotella sp900549175,MGYG000000357,MGYG000004553,Eisenbergiella massiliensis,Agathobaculum sp900555465,Bacteroides ovatus,Collinsella sp900556605,Anaerococcus hydrogenalis,Plesiomonas shigelloides,MGYG000001761,CAG-83 sp900756715,CAG-1427 sp900546175,Zag1 sp900769645,UBA1394 sp900554975,Ruminococcus_C sp000433635,51-20 sp001917175,Amulumruptor sp900539915,MGYG000000691,MGYG000002628,UBA5446 sp900544295
rep081_seed2106	Pantoea agglomerans,Bacteroides caccae,MGYG000000713,Frisingicoccus caecimuris,Collinsella sp900547125,MGYG000004800,MGYG000003813,MGYG000001825,Staphylococcus aureus,MGYG000003506,Ruminococcus_C sp000437175,Anaerosacchariphilus sp002160765,UBA1417 sp900549945,UMGS680 sp900544525,MGYG000000724,MGYG000004037,Collinsella sp003469205,Collinsella sp900552995,Alistipes sp000434235,Collinsella sp900550815,Klebsiella aerogenes,UBA2821 sp902763335,CAG-462 sp900765575,Collinsella sp002391315,MGYG000001969,Bacteroides intestinalis,Roseburia sp900542495,HGM12669 sp900761935,Sporanaerobacter acetigenes,Lacrimispora sp902363835,Faecalibacterium sp900772565,CAG-170 sp900549635,Ruminococcus_E sp003521625,MGYG000002726,Clostridium sp900539375,MGYG000001954,Dialister sp900543165,Acetatifactor sp900771995,HGM11507 sp900761005,F23-B02 sp004558025,Terrisporobacter glycolicus_A,Bacteroides togonis,SFTJ01 sp004557385,Firm-11 sp900553905,Roseburia sp003470905,MGYG000004445
rep082_seed2107	Alistipes sp002358415,MGYG000004007,Anaerosacchariphilus sp014290175,Agathobaculum desmolans,Megasphaera massiliensis,CAG-83 sp001916855,Collinsella sp900541235,RC9 sp001915575,Klebsiella_A oxytoca,UMGS1633 sp900553645,Bacteroides sp900556215,Collinsella sp900752015,Amulumruptor sp900539915,Dysosmobacter sp900550685,Acetatifactor sp900755865,MGYG000003877,MGYG000000450,CAG-452 sp900770415,Acetatifactor sp900772845,MGYG000000380,Ruminococcus_C callidus,Collinsella aerofaciens_J,MGYG000004586,Campylobacter_A concisus_R,MGYG000004238,MGYG000002221,Alistipes_A sp900546005,TM7x sp900555675,Campylobacter_A concisus_P,CAG-110 sp900553805,Collinsella sp900556415,MGYG000002901,MGYG000001780,MGYG000003978,MGYG000002005,UBA737 sp900549755,ER4 sp900550165,CAG-273 sp902406115,HGM11523 sp900756545,MGYG000004127,Alistipes sp000434235,Yersinia massiliensis,Oxalobacter sp900760095,Veillonella dispar,Desulfovibrio fairfieldensis,CAG-115 sp900766795
rep083_seed2108	Collinsella sp900552705,CAG-317 sp900543415,HGM05232 sp900759955,Clostridium_Q sp003024715,UBA1417 sp900549945,Bacteroides bouchesdurhonensis,MGYG000002053,Oxalobacter formigenes,MGYG000003839,Collinsella sp900554655,MGYG000000384,MGYG000004443,MGYG000004775,MGYG000002045,Granulicatella adiacens,Sneathia amnii,Phocaeicola sp900541515,MGYG000003271,HGM11588 sp900754755,UMGS1251 sp900549995,CAG-793 sp900557475,Phytobacter massiliensis,Streptococcus sanguinis_H,Paramuribaculum sp000431155,MGYG000004035,Megasphaera elsdenii,Bacilliculturomica massiliensis,MGYG000004029,MGYG000004669,Bacteroides sp007896885,MGYG000001873,MGYG000002127,Eubacterium_M sp900540015,Phascolarctobacterium_A sp900552855,Fenollaria sp900539225,Enterobacter cloacae,CAG-831 sp900544175,HGM04593 sp900769765,MGYG000001020,Clostridium nigeriense,CAG-279 sp900544305,CAG-475 sp900548005,MGYG000000334,Clostridium_B tyrobutyricum,Clostridium_AQ sp900552125,MGYG000003021
rep084_seed2109	UBA5416 sp900539175,MGYG000004863,Romboutsia dakarensis,MGYG000004346,Porphyromonas uenonis_A,CAG-83 sp000435555,CABIZH01 sp902363205,Leminorella richardii,GCA-900066495 sp900066495,CAG-831 sp900771335,Acidaminococcus massiliensis,Anaerococcus obesiensis,Salmonella bongori,Muricomes contortus_B,Blautia sp900543715,UBA738 sp003522945,MGYG000004061,Klebsiella_A indica,Streptococcus parasanguinis,HGM10836 sp900772095,Ruthenibacterium sp900759375,MGYG000003211,MGYG000003934,Parabacteroides acidifaciens,Prevotella sp900770845,Enterocloster sp000155435,Clostridium_B tyrobutyricum,Enterocloster sp000431375,SFVR01 sp900769035,CAG-110 sp900554705,UMGS856 sp900760305,Bifidobacterium angulatum,MGYG000003480,Enterocloster sp900549235,Prevotellamassilia sp900768625,MGYG000004591,UMGS403 sp900540275,Faecalimonas phoceensis,MGYG000004531,Pauljensenia sp000758755,Providencia rettgeri_D,Serratia marcescens_I,UBA5446 sp004553625,MGYG000003308,UBA5446 sp900752445,MGYG000004004
rep085_seed2110	Bacteroides sp014385165,Collinsella sp900544725,CAG-127 sp900553925,MGYG000001112,CAG-238 sp900542245,CAG-170 sp000436735,Methanobrevibacter_A sp900766745,Gabonibacter massiliensis,RUG11247 sp902767315,MGYG000002035,Anaerotignum faecicola,MGYG000004857,Phocaeicola sp000436795,MGYG000001284,Collinsella sp900542325,WG-1 sp900539665,Streptococcus agalactiae,Peptoniphilus_A harei_A,MGYG000003053,Veillonella dispar,Acidaminococcus intestini,Blautia_A sp900547615,Cronobacter malonaticus,Finegoldia magna,Ezakiella massiliensis,MGYG000004219,Exiguobacterium sp003467445,Ligilactobacillus murinus,UBA2821 sp902763335,MGYG000003167,CAG-110 sp900554705,Streptococcus infantarius,Gemella morbillorum,Collinsella sp902388345,Sporanaerobacter acetigenes,Anaerococcus rubeinfantis,Mediterraneibacter sp900555215,Collinsella sp900548075,CAG-510 sp900550475,Blautia sp900555025,MGYG000002694,Phytobacter diazotrophicus,MGYG000004312,CAG-83 sp900554275,MGYG000004646,MGYG000004002
rep086_seed2111	CHH4-2 sp002899675,Prevotella sp900290275,MGYG000000339,Anaerococcus lactolyticus,MGYG000001833,MGYG000002732,Collinsella sp900544425,Butyricimonas synergistica,Parabacteroides sp900770835,MGYG000003831,Megasphaera sp900539295,MGYG000000733,MGYG000003826,MGYG000003994,Yersinia kristensenii_B,Bifidobacterium sp900551485,Blautia_A sp003477525,MGYG000004822,Phocaeicola sp000434735,MGYG000001916,UBA2883 sp002103075,Barnesiella sp900542255,Prevotella sp900543585,Blautia_A hydrogenotrophica,Bacteroides sp902362375,Blautia sp900543715,Clostridium_AQ innocuum,MGYG000002708,UBA7173 sp900548705,CAG-56 sp900539525,Veillonella dispar_A,Alistipes sp002161445,Agathobacter sp900548765,Peptoniphilus_A sp900538655,UBA1417 sp900549945,Dialister sp002320515,MGYG000002069,Porphyromonas sp900546675,Lachnospira sp000436475,Faecalibacterium prausnitzii_E,Gemmiger sp900539695,Superficieibacter sp900766525,Yersinia aleksiciae,CAG-83 sp900548615,Prevotella sp000436035,MGYG000001568
rep087_seed2112	MGYG000000325,Weissella viridescens,Parabacteroides sp900540715,Lawsonibacter sp900550705,CAG-964 sp902789345,Enterocloster citroniae,MGYG000003869,CAG-488 sp000434055,Ruminococcus_D sp900752625,Collinsella sp900554465,QAMH01 sp900556425,MGYG000002198,Atlantibacter hermannii,CAG-177 sp000431775,Dysgonomonas sp900079735,Phytobacter sp002377245,CAG-115 sp003516865,MGYG000000795,MGYG000002046,MGYG000001880,MGYG000004198,Enterococcus_B lactis,MGYG000002035,Lactobacillus hominis,Barnesiella intestinihominis,Alistipes sp000434235,Enterocloster sp900753815,Collinsella sp900543515,Parvimonas micra,Collinsella sp900755685,MGYG000004428,Muricomes contortus_B,MGYG000003900,MGYG000001952,F23-B02 sp002472405,Faecalibacterium sp900539945,MGYG000002680,GCA-900066495 sp900066495,GCA-900066135 sp900066135,Lactonifactor longoviformis,Negativibacillus massiliensis,MGYG000000693,CAG-485 sp900760815,MGYG000002626,Christensenella hongkongensis,RC9 sp000432655
rep088_seed2113	MGYG000004231,MGYG000004572,Superficieibacter sp900766525,UMGS1994 sp900553945,MGYG000004891,MGYG000001642,Holdemania sp900120005,MGYG000004665,UBA7057 sp900543675,UMGS1611 sp900553435,Clostridium baratii,Franconibacter helveticus,Dialister sp900759415,Enterocloster sp900555905,MGYG000002646,MGYG000000721,Dorea_A longicatena_B,UMGS2016 sp900557185,Eubacterium_F sp003491505,CAG-83 sp900313295,MGYG000002058,Acetatifactor sp900066365,MGYG000004721,Borkfalkia ceftriaxoniphila,Collinsella sp900555955,UMGS1696 sp900554225,MGYG000000557,Haemophilus sp002998595,Acidaminococcus fermentans_A,Actinomyces sp900323545,Collinsella sp900554465,Citrobacter_B koseri,Lachnoclostridium_B sp900066555,Collinsella sp900545905,Treponema_D sp900769975,Sellimonas sp002161525,UBA6398 sp900550635,Morganella morganii_A,MGYG000002092,MGYG000004346,MGYG000004365,MGYG000001169,UBA7173 sp900546835,MGYG000004029,MGYG000003324,Dysosmobacter sp900542115
rep089_seed2114	CAG-83 sp000435975,MGYG000004029,MGYG000002921,UMGS1472 sp900552095,UBA5884 sp900551505,CAG-273 sp003534295,Klebsiella pneumoniae,Collinsella sp900544235,Faecalibacillus sp900544435,CAG-465 sp900554875,Enterocloster sp900555905,MGYG000004009,MGYG000000557,MGYG000002657,Pantoea septica,MGYG000001886,Collinsella aerofaciens_J,UMGS1696 sp900554225,Fusobacterium periodonticum_D,Blautia_A sp000436615,CAG-269 sp900754285,CAG-312 sp900760055,Oribacterium sp900772695,Lawsonibacter asaccharolyticus,MGYG000002614,Marvinbryantia sp900066075,Veillonella sp003463825,Mailhella sp900553065,Streptococcus infantis_I,MGYG000000752,Bruticola sp900772775,Eubacterium_R sp900539425,UBA10281 sp900767885,Enterocloster citroniae,Dysosmobacter sp900556925,Collinsella sp900543605,CAG-127 sp900319515,MGYG000003071,Collinsella sp900541055,MGYG000003910,Cetobacterium_A sp900766645,Paramuribaculum sp900760855,Fournierella sp900543285,MGYG000004628,MGYG000002099,MGYG000003766
rep090_seed2115	UMGS1384 sp900551265,CAG-488 sp900554995,UBA7057 sp900542735,Enterocloster citroniae,CAG-110 sp000435995,Merdibacter sp900759455,Collinsella sp900760245,Blautia sp900539145,Alistipes_A sp900240235,UMGS1994 sp900553945,Lachnoclostridium_B sp900543315,Porphyromonas sp900539765,Phascolarctobacterium_A succinatutens,CAG-269 sp001916065,MGYG000000443,Eubacterium_M sp900540015,CAG-115 sp900768705,UMGS1840 sp900555525,MGYG000000450,UBA2882 sp002362385,Phascolarctobacterium sp900544795,Enterobacter cloacae,Pauljensenia sp000278725,MGYG000001871,Prevotella sp900556395,Collinsella sp900758375,Granulicatella sp001058355,Alistipes_A sp900549685,Roseburia sp003483745,MGYG000004708,Prevotella sp900540415,UMGS1537 sp900552695,Pseudomonas_E putida_P,MGYG000001870,Providencia stuartii,Clostridium_B sp902809985,Klebsiella pneumoniae,Acetatifactor sp900760705,Prevotellamassilia sp900541575,Monoglobus pectinilyticus,CAG-724 sp003524145,Mitsuokella sp003458855,Paenibacillus lactis,Dysosmobacter sp900544955,Desulfovibrio fairfieldensis,Lagierella massiliensis
rep091_seed2116	MGYG000000677,MGYG000003938,TM7x sp900555265,Collinsella sp900553215,Fusobacterium periodonticum_D,Limosilactobacillus timonensis,Enterobacter cloacae_K,RC9 sp900545245,Weissella confusa,CAG-462 sp003489705,Pantoea eucalypti,Holdemanella sp002299315,Ruminiclostridium_E sp900768735,Bilophila sp900553145,Prevotella pectinovora,CAG-170 sp900549635,CAG-492 sp000434015,Serratia liquefaciens,Schaedlerella sp900765975,Clostridium_P perfringens,Ruminococcus_D sp000434695,UBA737 sp900554525,Enterocloster bolteae,UMGS1975 sp900556815,MGYG000001572,Veillonella dispar,Limosilactobacillus fermentum,Blautia sp900539145,RQCD01 sp008668455,Clostridium_AQ sp003481775,UMGS692 sp900544545,UBA9502 sp003478505,Acidaminococcus sp900770265,Peptoniphilus_A harei,Alistipes_A indistinctus,Enorma massiliensis,CAG-110 sp900544945,Prevotella sp002350355,Phocaeicola ilei,Veillonella_A sp900765165,Lachnoclostridium_B sp900543315,Haemophilus_A sputorum,CAG-245 sp000434195,MGYG000002754,Sodaliphilus sp004557565,MGYG000001137
rep092_seed2117	Ligilactobacillus sp900765635,MGYG000003969,Fusobacterium_A sp900015295,Weissella viridescens,Gemmiger sp900548355,SFLA01 sp004553575,Bacteroides sp902388495,An92 sp900199495,CAG-170 sp900555665,Paraclostridium tenue,MGYG000001580,Paramuribaculum sp001689535,Collinsella sp900762015,MGYG000001727,MGYG000000738,Collinsella sp900756725,Enterobacter bugandensis,HGM12650 sp900761725,Enterocloster sp900555045,Bilophila sp900550745,MGYG000001868,CAG-180 sp000432435,MGYG000002659,Collinsella sp900552875,Campylobacter_A concisus_R,Finegoldia magna_F,Veillonella sp900757715,CAG-81 sp900066055,CAG-495 sp001917125,Prevotella sp900553965,MGYG000004839,UMGS1225 sp900549725,MGYG000000643,Collinsella sp900542905,HGM13222 sp900757485,UMGS1766 sp900554855,Phocaeicola plebeius_A,Streptococcus infantarius,Mediterraneibacter sp900761655,Faecalibacterium prausnitzii,Lactonifactor sp009677585,CAG-475 sp900548005,Campylobacter_B hominis,HGM12789 sp900766585,Mailhella sp900555975,Roseburia sp900548205
rep093_seed2118	Prevotella sp900313215,Flavonifractor plautii,Clostridium_Q sp003024715,MGYG000004586,Agathobacter sp900546625,Collinsella sp900542315,MGYG000004161,Fusobacterium_C necrophorum,Collinsella sp900543615,MGYG000000733,An181 sp002160325,Butyricimonas sp900759925,ER4 sp900552015,UBA5026 sp900557305,MGYG000003254,Eggerthella lenta,TF01-11 sp003529475,Bittarella massiliensis,UMGS1338 sp900550805,MGYG000003328,Amedibacillus dolichus,MGYG000003797,MGYG000004824,MGYG000004421,MGYG000004591,Streptococcus peroris,SFTJ01 sp004557385,Marvinbryantia sp900550755,Prevotella sp900770395,Staphylococcus aureus,MGYG000001952,Eubacterium_G sp000432355,Enterocloster sp900540675,MGYG000000713,MGYG000004901,MGYG000000448,Bacteroides congonensis,Akkermansia muciniphila,UMGS1872 sp900555795,Porphyromonas sp900546675,Streptococcus parasanguinis,MGYG000003578,UMGS1071 sp900541905,Alistipes sp900542505,MGYG000004689,UBA1181 sp900769555
rep094_seed2119	Porphyromonas gingivalis,CAG-411 sp000437275,Bacteroides sp003545565,Firm-11 sp900540045,MGYG000004684,Psychrobacillus sp012843435,CAG-56 sp900752065,Marvinbryantia sp900066075,Eisenbergiella sp900539715,MGYG000002705,Acidaminococcus fermentans,Christensenella sp001678845,CAG-83 sp900554275,CAG-217 sp000436335,CAG-279 sp900548875,MGYG000003716,UBA10677 sp003533505,Citrobacter_A amalonaticus,MGYG000004803,UBA5446 sp900546615,Prevotella sp900554045,Holdemanella sp002299315,Dysgonomonas sp900079735,CAG-127 sp900766925,CAG-238 sp900542245,UMGS1839 sp900555545,Merdibacter sp900543035,MGYG000002626,CAG-390 sp000437015,CAG-83 sp900556015,Dialister invisus,Lachnospira eligens_A,MGYG000004075,CAG-269 sp900760175,CAG-492 sp000434015,Clostridium_P massiliamazoniense,Moellerella wisconsensis,RUG11247 sp902767315,Duncaniella dubosii,UMGS1071 sp900542375,Enterocloster sp001517625,Pauljensenia sp000411415,Finegoldia magna_H,Lactobacillus gallinarum,Dialister sp900759415,Streptococcus infantarius
rep095_seed2120	MGYG000003978,Akkermansia sp900548895,MGYG000004787,Collinsella aerofaciens_H,Pantoea agglomerans,Criibacterium bergeronii,CAG-314 sp000437915,MGYG000002098,UBA6382 sp900557555,Alistipes sp900550375,Clostridium sp900759995,Anaerostipes hadrus_A,MGYG000001862,UBA1777 sp900754515,Parabacteroides massiliensis,CAG-557 sp000435275,Collinsella sp900555555,Pseudobutyrivibrio fibrisolvens_A,CAG-103 sp900543625,MGYG000000716,CAG-217 sp000436335,MGYG000003909,Blautia hansenii,MGYG000000688,QANA01 sp900554725,CAG-245 sp900552135,UBA1822 sp002314995,Rothia sp001808955,Christensenella minuta,V9D3004 sp900760345,Turicimonas sp900542195,Finegoldia magna,CAG-45 sp000438375,CAG-776 sp900758895,MGYG000001581,MGYG000002150,Clostridium_AQ sp003481775,UBA9502 sp003506385,Pseudescherichia vulneris,MGYG000004198,Butyrivibrio_A crossotus,CAG-269 sp000431335,MGYG000002659,CAG-180 sp900545625,MGYG000004258,MGYG000001859
rep096_seed2121	Stoquefichus sp001244545,Caecibacter massiliensis,UBA1777 sp900754515,MGYG000004753,Enterobacter ludwigii,Flavonifractor plautii,Johnsonella sp900766185,Pauljensenia sp900556405,MGYG000001996,Acetatifactor sp900772845,Pseudoruminococcus sp902765855,CAG-110 sp000434635,Faecalitalea cylindroides,MGYG000004003,Megasphaera sp002319965,Gordonibacter pamelaeae,Coprococcus sp900548315,MGYG000004035,UMGS1537 sp900543695,CAG-873 sp001701165,F23-B02 sp001916715,MGYG000004727,Lagierella massiliensis,Akkermansia sp001580195,Prevotella sp900772835,UMGS1781 sp900555075,Collinsella sp900554155,Klebsiella_A oxytoca,Enterocloster sp005845215,Coprococcus eutactus,MGYG000003784,Massilimaliae sp900752435,Collinsella sp900762015,UBA9502 sp003478505,Alistipes finegoldii,Allisonella pneumosintes,Collinsella aerofaciens_K,Lachnoclostridium_B sp900066555,AM51-8 sp900546435,UMGS1518 sp900552575,Veillonella atypica,QALS01 sp900555925,CAG-1427 sp000435675,MGYG000004169,UMGS1826 sp900555435,Clostridium_J ihumii
rep097_seed2122	CAG-83 sp900549395,Prevotella sp900552675,Bacteroides cellulosilyticus,Rothia mucilaginosa_B,MGYG000004258,Salmonella enterica,Bacteroides sp900555635,SFFH01 sp900542445,Collinsella sp900556205,Alterileibacterium massiliense,UBA7173 sp900552325,UMGS1384 sp900551265,MGYG000004660,MGYG000003270,CAG-83 sp000431575,Odoribacter massiliensis,UBA1417 sp003531055,CAG-83 sp900556015,CAG-110 sp003525905,HGM11525 sp900770405,Olsenella_B sp000752675,Alistipes senegalensis,Klebsiella_A oxytoca,UMGS268 sp900540175,Collinsella sp900554255,Fusobacterium_A sp900555845,Collinsella aerofaciens_A,CAG-56 sp900539525,UBA2883 sp002103075,Bacteroides intestinalis,Acidaminococcus sp900538365,Prevotellamassilia sp900556465,MGYG000000688,UMGS2055 sp900557635,Lachnoanaerobaculum orale,CAG-1031 sp000431215,S5-A14a sp900553025,Collinsella sp900551665,MGYG000002626,UMGS1441 sp900543365,CAG-170 sp900553545,Lawsonibacter sp900549405,Lawsonibacter sp900763995,Alistipes sp900770635,Limosilactobacillus reuteri_E,MGYG000003716
rep098_seed2123	Megasphaera stantonii,Holdemanella sp002299315,Ruminococcus_B sp900544395,Ruminococcus_C sp900765125,Longibaculum sp900538465,F082 sp002633315,UBA1691 sp900544375,SFDB01 sp004558825,MGYG000004787,Parolsenella sp900552935,Fenollaria massiliensis,MGYG000003969,CAG-269 sp900753165,Gemmiger sp900556255,F23-B02 sp000431075,MGYG000004768,Finegoldia magna,CAG-485 sp002361235,HGM11530 sp900751685,UMGS1815 sp900555345,Dialister sp900759415,Prevotella sp002265625,MGYG000004107,UMGS75 sp900538885,MGYG000004231,MGYG000004264,Prevotella sp900554545,UBA1752 sp900554405,RC9 sp000435075,Peptoniphilus_A lacydonensis,CAG-1193 sp900550145,Bacteroides ovatus,Bacteroides congonensis,Collinsella sp900762325,MGYG000000566,UMGS1975 sp900556815,Prevotella sp900553965,Lactococcus lactis,UBA737 sp900547305,Limosilactobacillus vaginalis_A,CAG-484 sp000431315,Hungatella effluvii,Phocaeicola sp900540105,MGYG000004650,Garciella sp900555725,UBA5446 sp900544295
rep099_seed2124	MGYG000001914,UMGS1865 sp900768535,CAG-617 sp000431275,MGYG000003005,MGYG000000592,Blautia sp900543715,UBA7173 sp900540205,CAG-485 sp900766975,Parabacteroides goldsteinii,RF16 sp900766775,Collinsella sp900751755,HGM10836 sp900772095,UBA5446 sp900544765,Epilithonimonas bovis,Klebsiella aerogenes,Eubacterium_R sp900555015,Parasutterella sp900766055,MGYG000002743,MGYG000003338,MGYG000004330,UBA7173 sp900546835,MGYG000004251,Dysosmobacter sp900544105,MGYG000002675,CAG-110 sp900544945,MGYG000001195,Parabacteroides sp900770835,Prevotella sp900554695,Slackia_A isoflavoniconvertens,Slackia exigua,Dysosmobacter sp900548505,Paramuribaculum sp000431155,Acetatifactor sp900755865,Phil1 sp004558525,UBA1777 sp900754515,Collinsella sp900541145,CAG-81 sp900066535,Ruminococcus sp002438605,Ruminococcus_C callidus,Collinsella sp900768265,MGYG000000300,Clostridium neonatale,TM7x sp900556885,MGYG000002575,UBA1259 sp003523255,UMGS1783 sp900555065
rep100_seed2125	Pauljensenia sp000278725,Dorea_B phocaeensis,Rothia mucilaginosa_B,Anaerotignum lactatifermentans,Pradoshia sp001183965,Eubacterium_R sp900547915,MGYG000001832,Alistipes_A sp900545315,Collinsella sp900551015,Plesiomonas shigelloides,Sutterella sp900762445,UMGS966 sp900761965,MGYG000004656,MGYG000004180,Merdibacter sp900754715,Negativibacillus sp000435195,CAG-110 sp900546915,Collinsella sp900542825,MGYG000001840,Blautia stercoris,MGYG000002045,Morganella morganii,MGYG000002130,MGYG000002085,Murdochiella vaginalis,Dysosmobacter sp900551885,Campylobacter_A concisus_W,MGYG000004184,RUG472 sp900545265,MGYG000003877,Proteus cibarius,Collinsella sp900541685,Ruminococcus sp900752785,UMGS1590 sp900759105,Anaerotignum sp001304995,Collinsella sp902388345,Parasutterella sp000980495,MGYG000004430,Murdochiella massiliensis,TM7x sp900556885,Streptococcus sanguinis_H,CAG-313 sp900539265,MGYG000002674,Longibaculum sp900538465,Clostridium septicum,Cetobacterium_A sp900766645
rep101_seed2126	MGYG000002826,MGYG000004219,MGYG000004325,Fusobacterium massiliense,NK3B98 sp900752305,Anaerostipes hadrus,Lachnoclostridium_A edouardi,MGYG000003855,Mailhella sp900555975,Prevotella sp900553465,Rothia aeria,Anaerotruncus massiliensis,Prevotella sp000436695,Lactobacillus acidophilus,CAG-485 sp900554345,Oribacterium sp900772695,Porphyromonas sp900539155,UMGS2055 sp900557635,MGYG000001825,Pantoea eucalypti,Parabacteroides massiliensis,Collinsella sp900547345,UBA1390 sp900764045,UMGS1293 sp900550385,Alistipes_A sp900240235,Anaeroglobus geminatus,UBA6398 sp900550635,Hungatella_A hathewayi_A,Alistipes sp900546065,UBA11524 sp900769075,MGYG000000286,Senegalimassilia sp900550055,F0040 sp000318095,Emergencia sp900551775,HGM13010 sp900754965,Cutibacterium acnes,MGYG000004553,MGYG000000608,MGYG000000325,Phascolarctobacterium_A sp900552855,Collinsella sp900546825,Prevotella sp900546345,Bacteroides sp900553815,Mitsuokella multacida,MGYG000004193,QALW01 sp003150515
rep102_seed2127	MGYG000004742,Acetatifactor sp900066365,MGYG000004800,MGYG000004364,Prevotella sp900313215,MGYG000002604,AM51-8 sp900546435,Streptococcus thermophilus,MGYG000002130,QALS01 sp900552625,CAG-145 sp900545135,MGYG000001996,MGYG000002035,MGYG000000357,Enterocloster sp900543885,Angelakisella sp003453215,Paramuribaculum sp000431155,MGYG000004180,CAG-145 sp900542295,UMGS1071 sp900541905,Collinsella sp900762015,TM7x sp900555675,Enteroscipio rubneri,Collinsella sp900545905,Anaerococcus obesiensis,Senegalimassilia anaerobia,Butyricicoccus_A sp002395695,RC9 sp900771005,Faecalibacterium sp900765105,Catenibacterium sp000437715,UMGS1781 sp900554635,Acinetobacter baumannii,Duodenibacillus sp900762555,UBA7057 sp900543675,GCA-900066495 sp900066495,MGYG000000400,Porphyromonas_A sp900541275,MGYG000000862,CAG-269 sp900551615,MGYG000004049,UMGS1532 sp900552605,MGYG000001807,Enterococcus_A avium,RC9 sp900545245,CAG-83 sp000431575,CAG-831 sp000432775
rep103_seed2128	Bacteroides ovatus,RC9 sp900545245,MGYG000000650,MGYG000002714,Anaerobutyricum hallii,Prevotella sp900548535,Eisenbergiella sp900066775,Pauljensenia sp900556405,Serratia surfactantfaciens,Collinsella aerofaciens_G,Gemella morbillorum,Mediterraneibacter sp900555215,MGYG000000587,MGYG000003644,Prevotella sp900553595,Lawsonibacter sp014287875,TM7x sp900557595,Collinsella sp900554255,Collinsella sp900550835,CAG-272 sp900556615,HGM12814 sp900770165,Enterocloster sp001517625,Treponema_D sp900769975,Gabonibacter sp900543425,MGYG000003797,Slackia_A isoflavoniconvertens,UBA6398 sp900550635,Megasphaera sp001546855,MGYG000004061,Dysgonomonas gadei,CAG-110 sp900554705,MGYG000000286,Gordonibacter urolithinfaciens,Enterocloster sp900540675,MGYG000001582,Paraclostridium sordellii,UBA5446 sp900545405,MGYG000004874,MGYG000000645,MGYG000002623,MGYG000003707,CAG-776 sp900758895,Pauljensenia sp000411415,UMGS1241 sp900540495,Parabacteroides sp900760525,MGYG000001935
rep104_seed2129	MGYG000003270,Collinsella sp003462685,RC9 sp900546395,CAG-83 sp900549395,MGYG000002076,Blautia_A hydrogenotrophica,Prevotella salivae,MGYG000002037,Eubacterium_I sp900546495,UBA1777 sp900549485,Anaerostipes hadrus_A,Butyricimonas synergistica,Serratia ureilytica,HGM13862 sp900760825,MGYG000004714,RUG023 sp900315435,Bacillus_J andreraoultii,Coprococcus sp000433075,CAG-56 sp900762665,MGYG000004768,UMGS1975 sp900556815,Collinsella sp900544235,MGYG000004582,MGYG000000716,Veillonella sp900538355,Collinsella sp900551815,Butyricimonas sp900761485,Flavonifractor plautii,MGYG000003850,Prevotella intermedia,UMGS1820 sp900555375,CAG-110 sp900770015,Lactococcus lactis_E,UMGS599 sp900543705,UBA1820 sp003150615,CAG-762 sp900551315,Pseudomonas citronellolis,Clostridium celatum,TM7x sp900556885,RC9 sp900541925,CAG-1031 sp900752535,CAG-390 sp900753295,F23-B02 sp004556755,CAG-81 sp900066535,MGYG000000387,CAG-1427 sp900556585
rep105_seed2130	Prevotella sp002299635,Emergencia timonensis,Lactiplantibacillus plantarum,Collinsella sp900549715,Eubacterium_T sp900766045,F23-B02 sp004558025,Eubacterium_F sp000433735,Caecibacter massiliensis,Campylobacter_B hominis,CAG-81 sp900066785,Massilioclostridium methylpentosum,OM05-12 sp003438995,MGYG000002025,Dysosmobacter sp900546705,Eisenbergiella sp003478085,Blautia_A obeum_B,Bacteroides neonati,CAG-510 sp900551115,Pseudomonas_E putida_P,CAG-83 sp900549395,MGYG000003813,Serratia marcescens_I,Phocaeicola coprophilus,CAG-170 sp900549635,MGYG000000557,MGYG000004708,UMGS1600 sp900553295,UBA738 sp003522945,Morganella morganii_A,Eubacterium_G sp000432355,Frisingicoccus caecimuris,Robinsoniella sp900539655,MGYG000002063,Prevotella sp004556065,Veillonella sp003463825,Blautia_A sp900551075,Agathobaculum butyriciproducens,MGYG000003328,MGYG000004680,MGYG000003897,MGYG000002053,MGYG000004697,Clostridium butyricum,Streptococcus sp900546335,Ruthenibacterium lactatiformans,Sutterella wadsworthensis
rep106_seed2131	Prevotellamassilia sp900539625,MGYG000002702,UBA3388 sp900545215,CAG-313 sp000433035,MGYG000000589,UBA5884 sp900551505,Anaerosacchariphilus sp900553635,Veillonella sp900757715,Faecalibacillus sp003480255,BX12 sp902363595,UBA1191 sp900545775,MGYG000000505,Eubacterium_G sp900550135,Ezakiella sp900540185,Coprococcus sp900761435,Bifidobacterium adolescentis,Sutterella sp900543805,Peptoniphilus_A lacydonensis,CAG-353 sp900066885,Collinsella sp900548515,MGYG000004882,UBA5905 sp900764115,Sutterella seckii_A,Fusobacterium_B sp900554885,Eubacterium maltosivorans,MGYG000004848,MGYG000000702,UMGS902 sp900761025,UMGS1696 sp900554225,Phocaeicola sartorii,Escherichia marmotae,Christensenella timonensis,UBA11774 sp003507655,UBA644 sp900547165,MGYG000004224,CAG-510 sp900551115,Pseudescherichia vulneris,Collinsella sp900546825,Klebsiella quasivariicola,Faecalimonas sp900546325,Collinsella sp902362275,UBA11452 sp003526375,Enterocloster bolteae,Proteus vulgaris,MGYG000000862,Lachnoclostridium_B sp900066765
rep107_seed2132	MGYG000000735,Dysgonomonas sp900079735,MGYG000002068,Negativibacillus sp000435195,GCA-900066755 sp902363085,MGYG000004873,Collinsella sp900543605,Prevotella sp002299635,Oxalobacter formigenes_B,Ruminococcus sp002438605,Clostridium nigeriense,Parabacteroides faecis,Prevotella sp900548585,F0422 sp003999875,UBA11471 sp900547555,Eubacterium_I sp900557275,Allisonella pneumosintes,MGYG000002627,CAG-238 sp900551415,Bacteroides xylanisolvens,Haemophilus influenzae,MGYG000003871,MGYG000003273,UBA5446 sp900543085,MGYG000002697,SFDP01 sp004558185,MGYG000003647,CAG-462 sp900765575,Blautia_A schinkii,UMGS731 sp900544985,Lentilactobacillus hilgardii,Acutalibacter sp900543305,Moellerella wisconsensis,Acutalibacter sp900755895,NK3B98 sp900752305,NSJ-32 sp014384895,MGYG000004428,MGYG000001028,Collinsella sp900544135,Acutalibacter sp000432995,MGYG000004423,Cronobacter sakazakii,F23-B02 sp000431075,Citrobacter werkmanii,MGYG000000763,Paraprevotella sp900760455
rep108_seed2133	RUG023 sp900315435,Robinsoniella sp900540475,HGM04593 sp900769465,Succinivibrio sp900548485,Collinsella sp900556515,UBA1777 sp900754515,UMGS1872 sp900555795,MGYG000004184,UMGS1865 sp900768535,Phascolarctobacterium_A sp900553055,Mediterraneibacter sp900761655,Bacteroides sp902362375,Prevotella hominis,UMGS882 sp900757905,MGYG000004655,Enterobacter hormaechei_A,Streptococcus mitis_AC,Ruthenibacterium lactatiformans,CAG-302 sp000431795,Longicatena caecimuris,Collinsella sp900556205,Alloscardovia omnicolens,Coprococcus sp900761435,Collinsella sp900546825,Gemmiger sp900540595,Streptococcus oralis_E,MGYG000004583,UBA4285 sp900545225,MGYG000004745,Pygmaiobacter massiliensis,Streptococcus rubneri,Lactonifactor sp009677585,CAG-245 sp900761475,CAG-354 sp900552655,Veillonella sp900538355,QAMX01 sp004555605,MGYG000004228,MGYG000000588,MGYG000002107,Ruthenibacterium sp900759375,MGYG000004421,UBA5884 sp900551505,CAG-127 sp900539705,Collinsella sp900759565,Collinsella sp900757265,Campylobacter_B sp900539505
rep109_seed2134	MGYG000004657,CAG-485 sp900766975,MGYG000000760,Gemmiger sp004555405,Enterocloster sp900541315,CAG-83 sp900552475,Terrisporobacter glycolicus_A,Catenibacterium sp900764565,MGYG000001935,Haemophilus_D parainfluenzae_L,MGYG000002769,Haemophilus sp002998595,Bacteroides sp902362375,MGYG000001181,MGYG000003914,MGYG000003770,MGYG000000386,Lacticaseibacillus rhamnosus,Niameybacter sp900549765,Blautia_A sp900540785,MGYG000000637,MGYG000004219,CAG-485 sp001701295,MGYG000004206,Yersinia kristensenii,UBA737 sp900547305,Alistipes sp900769745,Prevotella sp900548585,MGYG000004700,Amulumruptor caecigallinarius,MGYG000004708,Cellulosilyticum sp900556665,MGYG000002677,MGYG000003480,Campylobacter_B sp900539505,MGYG000004377,HGM12998 sp900756495,MGYG000003207,CAG-492 sp000434335,Holdemanella sp003436425,CAG-83 sp000435975,Proteus sp001722135,UBA5446 sp900546615,Eubacterium_F sp000434115,MGYG000001921,Parasutterella sp900554375
rep110_seed2135	UMGS995 sp900769695,UBA10281 sp900767815,MGYG000004172,UBA5446 sp900544295,UMGS577 sp900543525,Acidaminococcus massiliensis,Haemophilus_A sputorum,Leuconostoc lactis,Ruminococcus_E sp900755995,CAG-145 sp900545135,Streptococcus salivarius,Senegalimassilia sp900550055,Citrobacter werkmanii,UMGS1766 sp900554855,UBA11517 sp900555365,Collinsella sp003436275,Treponema_D sp900769975,MGYG000003752,Collinsella sp003462685,MGYG000002207,MGYG000004702,Lawsonibacter sp900549405,Alistipes_A sp900240235,Enterobacter sichuanensis,MGYG000001935,ER4 sp900550165,UMGS1071 sp900541905,Phascolarctobacterium sp900544795,Dysosmobacter welbionis,MGYG000001033,MGYG000004028,Sellimonas sp002161525,CAG-882 sp003486385,QAMX01 sp003149835,CAG-269 sp001916055,TM7x sp900557595,Prevotella sp900546345,MGYG000003256,Ruminococcus_E sp003526955,CAG-170 sp002404795,MGYG000003823,Peptostreptococcus anaerobius,Clostridium septicum,MGYG000003871,CAG-831 sp900771335,Sutterella wadsworthensis
rep111_seed2136	Senegalimassilia faecalis,Parabacteroides timonensis,Eubacterium_R sp900540305,Prevotella sp900290275,Gemmiger sp900540595,Collinsella sp900754525,Collinsella sp900545555,Collinsella sp900546115,UBA1777 sp900754515,MGYG000004634,CAG-83 sp900552475,Paraeggerthella hongkongensis_A,Niameybacter sp900549765,UMGS1668 sp900768105,MGYG000000587,MGYG000003256,UBA4644 sp900555855,Lachnoclostridium phytofermentans_A,MGYG000003872,Collinsella sp900551815,Senegalimassilia sp900550055,CABIZH01 sp902363205,MGYG000001862,MGYG000001727,Slackia_A sp900555495,MGYG000003770,Paenibacillus lactis,CAG-302 sp000431795,CAG-288 sp000437395,MGYG000003773,Blautia sp002161285,MGYG000002613,Bifidobacterium dentium,Phascolarctobacterium_A succinatutens_A,UBA9475 sp900549885,MGYG000004251,Dorea_A sp900550865,MGYG000004188,CAG-273 sp003534295,Fusobacterium animalis,CAG-196 sp900553895,Allisonella pneumosintes,UBA5905 sp002437905,MGYG000003784,UMGS1002 sp900547565,MGYG000003867
rep112_seed2137	Ruminococcus_C sp000437255,MGYG000003969,MGYG000004148,Blautia_A sp900551465,CAG-485 sp900541835,MGYG000004135,UMGS1370 sp900542035,Lacrimispora sp902363835,Duncaniella sp900762315,Collinsella sp900540855,Prevotella jejuni,Collinsella sp900555355,Lactobacillus amylovorus,HGM04593 sp900769765,Paraprevotella sp003477995,Enterocloster sp900547035,Megasphaera cerevisiae,Clostridium_J sp000821305,CAG-485 sp900554345,UMGS1880 sp900555875,Citrobacter youngae,UBA1691 sp900544715,UBA7182 sp003480725,MGYG000002730,Providencia rettgeri_D,Muribaculum intestinale,Lawsonibacter sp900754605,CAG-279 sp900544305,UBA738 sp004557735,Blautia_A wexlerae_B,Klebsiella variicola,MGYG000001804,Lachnospira rogosae_A,Olsenella sp900555995,ER4 sp900768135,CAG-269 sp003525075,Enterobacter kobei,Kosakonia cowanii,MGYG000001666,Angelakisella sp003453215,Sporanaerobacter acetigenes,MGYG000003994,Enterocloster sp900541315,Ruthenibacterium sp900759375,Collinsella sp900549215,MGYG000004045
rep113_seed2138	Bacteroides_F pectinophilus,MGYG000004894,Enterobacter chengduensis,UBA1777 sp900549865,CAG-56 sp900539525,UBA1181 sp900769555,MGYG000001735,MGYG000002209,An172 sp002160515,Faecalimonas sp900546325,MGYG000000481,Phocaeicola sp000434735,MGYG000002223,Collinsella sp900758845,UBA5884 sp900551505,Eisenbergiella sp900544445,MGYG000004857,Streptococcus thermophilus,Odoribacter sp900544025,Ruminococcus_D sp900752625,Phocaeicola ilei,Coprococcus_A sp900548825,Neobacillus rubiinfantis,CAG-590 sp900769115,Anaerostipes rhamnosivorans,ER4 sp000765235,Alistipes sp900546065,SFVR01 sp900769035,Prevotella sp900316565,Coprobacillus cateniformis,UBA636 sp900546285,Collinsella sp900760905,CAG-279 sp900550025,UMGS1670 sp902406135,MGYG000003934,Clostridium sp900539375,UBA5446 sp900544295,MGYG000004348,UMGS1202 sp900549565,Lacrimispora sp902363835,Blautia sp900556555,MGYG000002881,Bacteroides sp900765785,MGYG000004841,UBA7185 sp900756555,Methanosphaera cuniculi
rep114_seed2139	Collinsella sp900547345,Bacteroides congonensis,Anaerococcus rubeinfantis,UBA1409 sp002338885,Olsenella_E timonensis,UBA11524 sp900769075,Barnesiella sp900538555,UMGS902 sp900761025,Mailhella sp900555975,RUG806 sp900313475,Lactococcus garvieae,Agathobacter rectalis,MGYG000004711,Collinsella sp900554665,Bifidobacterium catenulatum,UMGS1518 sp900552575,ER4 sp900763705,Streptococcus infantarius,Veillonella sp900545205,Streptococcus mitis_D,F23-B02 sp001916715,Dialister sp900545785,QALW01 sp003150515,CAG-238 sp900754805,Ruminococcus_E sp002493635,Bifidobacterium italicum,Streptococcus sp900555155,Lachnospira sp900547255,Bifidobacterium scardovii,MGYG000004836,Lactobacillus kalixensis,Prevotella sp900556795,CACZQA01 sp900758075,UBA9475 sp900549885,Roseburia sp003470905,Fusobacterium_A sp900549465,Serratia ureilytica,Firm-11 sp900550955,MGYG000002585,Dysosmobacter sp900544955,UMGS1668 sp900553955,Faecalibacterium prausnitzii_E,Parasutterella excrementihominis,Enterococcus_D sp002850555,Bilophila sp900553145,AM51-8 sp003478275
rep115_seed2140	Prevotella sp002350355,Catenibacterium sp900540685,UMGS1668 sp900553955,Mediterraneibacter massiliensis,BX12 sp014333425,Aggregatibacter segnis,CAG-83 sp900547745,Yersinia intermedia,MGYG000001841,Marseille-P3106 sp900543935,Fusobacterium_A sp900764925,MGYG000002675,TM7x sp900557595,Eubacterium_R sp900539165,Beduini massiliensis,Blautia sp002161285,MGYG000000635,Faecalibacterium prausnitzii_I,MGYG000002076,MGYG000000587,MGYG000002604,Blautia_A sp000285855,Anaerococcus lactolyticus,Acidaminococcus intestini,CAG-484 sp900554385,CAG-110 sp003525905,Collinsella sp900544115,CAG-83 sp900555735,MGYG000003895,CAG-238 sp900542245,MGYG000003823,Prevotella brunnea,Pauljensenia sp900556405,Collinsella sp900754525,MGYG000001020,RC9 sp900546445,Gemella sanguinis,UMGS1532 sp900552605,Collinsella sp008014645,UMGS1781 sp900553695,MGYG000004127,MGYG000004095,Peptoniphilus_A phoceensis,UMGS2055 sp900557635,Lachnospira eligens_A,Agathobaculum sp900544475
rep116_seed2141	Hafnia paralvei,Collinsella sp900762345,MGYG000002176,Prevotella pectinovora,RUG12045 sp900770325,Phascolarctobacterium_A sp900551335,Holdemania filiformis,F23-B02 sp003533405,Anaerococcus sp900258475,Bifidobacterium italicum,Enterocloster sp900555045,Eisenbergiella massiliensis,UMGS1202 sp900549565,RUG472 sp900545265,Collinsella sp900551655,MGYG000004628,CAG-83 sp900547745,Collinsella sp900541475,Romboutsia dakarensis,QALS01 sp003150575,Prevotella sp002480935,MGYG000003441,MGYG000000594,MGYG000004496,Peptoniphilus_A harei_A,MGYG000001811,CAG-115 sp003516865,UMGS172 sp900539855,Prevotellamassilia sp900556465,MGYG000002112,Collinsella sp900552995,UMGS1696 sp900763885,Pseudescherichia sp002298805,MGYG000004693,Coprococcus sp900066115,Klebsiella_A michiganensis,Faecalimonas sp000209385,Klebsiella variicola,UMGS882 sp900757905,Prevotella sp003447235,GCA-900066495 sp900066495,Prevotella oris,UC5-1-2E3 sp001304875,MGYG000004863,MGYG000004699,Campylobacter_A concisus_G
rep117_seed2142	Desulfovibrio fairfieldensis,MGYG000003863,Escherichia fergusonii,CAG-475 sp900763875,CAG-238 sp000435615,CAG-724 sp003524145,Collinsella sp900551195,MGYG000004180,MGYG000004427,MGYG000001743,Porphyromonas sp900546675,MGYG000004327,MGYG000004148,Bacteroides togonis,MGYG000000393,Prevotella intermedia,Phascolarctobacterium_A sp900541915,CAG-170 sp900751035,Pradoshia sp001183965,Bulleidia sp900554555,CAG-95 sp900554925,MGYG000004184,CAG-390 sp900753295,Collinsella sp900552875,CAG-312 sp002405555,Barnesiella sp900542255,Prevotellamassilia sp900772575,Klebsiella aerogenes,CAG-279 sp900544305,UBA5446 sp900544765,MGYG000004655,MGYG000001588,Streptococcus infantis_I,Parabacteroides gordonii,Yersinia intermedia,UBA5416 sp900539175,MGYG000003766,F23-B02 sp004556755,Bariatricus sp900554415,MGYG000004103,Prevotellamassilia sp900541335,MGYG000000432,Bifidobacterium ruminantium,MGYG000003917,Lachnospira sp000437735,MGYG000003861
rep118_seed2143	Absicoccus sp000434355,Roseburia intestinalis,UMGS1370 sp900542035,Ruminococcus_E bromii_A,Granulicatella sp001058355,CAG-590 sp900552885,HGM11372 sp900767715,MGYG000004305,MGYG000003826,Agathobaculum sp900555465,Extibacter sp001185345,Ruminococcus_C sp900770195,MGYG000004655,RC9 sp900546445,Pantoea brenneri,Enterocloster lavalensis,MGYG000003707,MGYG000000660,MGYG000004100,MGYG000004384,Amulumruptor sp001689515,UBA1822 sp900545365,RC9 sp900769145,Clostridium_P massiliamazoniense,MGYG000000934,Phocaeicola sp900066455,Paramuribaculum sp009775605,Collinsella sp900541125,Agathobacter sp900546625,Ruminiclostridium_E sp900768735,Turicimonas sp900542195,UBA4285 sp900545225,Blautia_A sp900066335,MGYG000003854,Megamonas funiformis,Bacteroides ovatus,CAG-83 sp900550615,CAG-279 sp900548875,Ligilactobacillus ruminis,UBA9506 sp003506415,MGYG000001735,Collinsella sp900754275,CAG-83 sp900756715,Prevotella rara,Collinsella sp003437035,UMGS1820 sp900545865
rep119_seed2144	MGYG000004228,MGYG000000547,Faecalimonas sp900551895,CAG-776 sp900758895,Mediterraneibacter sp900541505,UBA738 sp900763675,Christensenella sp001678845,Dysosmobacter sp900556925,Cutibacterium acnes,Lactonifactor longoviformis,MGYG000004829,UMGS2016 sp900557185,Leptotrichia wadei,MGYG000001106,UMGS1572 sp900553045,HGM13862 sp900760825,HGM11808 sp900757025,UMGS1858 sp900555705,Collinsella sp900549655,Ruminococcus_B gnavus,CAG-417 sp000432835,MGYG000002058,UMGS403 sp900540275,Lawsonibacter sp003478995,Morganella morganii_B,Bacteroides massiliensis_A,Collinsella sp900555765,Anaerosporobacter mobilis,Zag1 sp000433095,Collinsella aerofaciens_F,Pseudomonas_E bubulae,CAG-273 sp902406115,CAG-831 sp902388455,Eubacterium_G sp900548465,Lactobacillus paragasseri,Agathobacter sp000434275,Collinsella sp900556285,UBA1206 sp000433115,UBA1820 sp003150615,Streptococcus oralis_E,MGYG000002675,Anaerocolumna aminovalerica,Barnesiella sp900538555,CAG-462 sp900765575,MGYG000002045,SFTJ01 sp004557385
rep120_seed2145	MGYG000002604,MGYG000004522,Serratia liquefaciens,MGYG000003798,Butyricimonas virosa,Bifidobacterium pullorum,MGYG000002055,Streptococcus mitis_D,Agathobacter sp900552085,CAG-317 sp000433215,Eubacterium_R sp900539165,TF01-11 sp003529475,CAG-95 sp900553305,Klebsiella aerogenes,HGM11521 sp900751885,Collinsella sp002232035,MGYG000004718,UBA7173 sp900555165,Alistipes sp900542505,MGYG000004704,Ruminococcus_G gauvreauii,CAG-302 sp000431795,MGYG000002071,Alistipes sp900550375,Odoribacter sp900541415,Clostridium beijerinckii,Collinsella sp900553215,Alistipes sp900546065,CAG-115 sp900768125,Lacrimispora sp902363735,Bacteroides acidifaciens,ER4 sp900552375,Prevotella bivia,Extibacter sp001185345,Faecalibacillus sp900544435,Lacticaseibacillus paracasei,Desulfovibrio legallii,Prevotella sp000436035,MGYG000002772,CAG-269 sp900551615,CAG-465 sp900554875,HGM04593 sp900769465,Bacteroides pyogenes,UMGS1872 sp902373635,Eisenbergiella tayi,UBA7185 sp900756555
rep121_seed2146	Roseburia sp900756925,RUG806 sp900313475,MGYG000002052,Collinsella sp003466125,MGYG000002213,CAG-45 sp000438375,Butyrivibrio_A sp000431815,Coprococcus_A catus,Collinsella sp900545605,MGYG000003768,Gemmiger sp900540775,CAG-314 sp900551395,Anaerotignum lactatifermentans,CAG-274 sp900545305,Collinsella sp900547855,CAG-115 sp900768705,Phascolarctobacterium_A succinatutens_A,MGYG000000557,MGYG000002210,Slackia_A piriformis,CAG-877 sp900548695,MGYG000004085,CAG-279 sp900548875,MGYG000001717,Klebsiella_A michiganensis,Rothia mucilaginosa_A,Anaerosacchariphilus sp002160765,Bacteroides sp900553815,Lachnoclostridium_B sp900066555,Amulumruptor sp001689515,MGYG000004170,Butyricimonas faecalis,MGYG000003050,UBA7160 sp902363135,Stomatobaculum sp002892395,MGYG000002178,UBA737 sp002431945,Collinsella sp900757285,Collinsella sp900548075,1XD42-69 sp014287635,MGYG000002064,CAG-452 sp900770415,CAG-110 sp900554705,MGYG000004660,Bacteroides sp900556215,Roseburia sp003483745
rep122_seed2147	Holdemania sp900120005,Prevotella sp900556795,Sutterella wadsworthensis,Collinsella sp900547125,Agathobaculum sp900544475,MGYG000004522,MGYG000002901,QAKD01 sp003343965,MGYG000002745,UMGS1611 sp900553435,Collinsella sp900544425,UBA3388 sp900546465,CAG-510 sp000434615,Blautia coccoides,Slackia_A sp900555495,F0422 sp900766245,MGYG000000609,MGYG000004718,MGYG000001811,Duodenibacillus sp900552915,Yersinia enterocolitica,UMGS1820 sp900545865,Ruminococcus_D sp900539095,Collinsella sp900549355,Acidaminococcus fermentans_A,Streptococcus pasteurianus,Anaerotruncus rubiinfantis,MGYG000001142,Parabacteroides johnsonii,RUG472 sp900545265,MGYG000004430,MGYG000000350,MGYG000004686,CAG-115 sp003507295,CAG-475 sp900548005,UBA737 sp900549755,UMGS1312 sp900550625,Methanobrevibacter_A oralis,F23-B02 sp900772725,MGYG000004704,Cronobacter malonaticus,Agathobacter sp900548765,MGYG000004787,MGYG000000505,Collinsella sp900553935,Prevotella sp900550365
rep123_seed2148	Lawsonibacter sp900766145,Faecalibacterium sp900539945,Faecalimonas sp900555395,Fusobacterium_A sp900555845,Bacteroides clarus,MGYG000004817,Bacteroides fragilis_A,Faecalibacterium sp900540455,MGYG000001580,NK3B98 sp900752305,Marseille-P4683 sp900232885,Rothia sp902373285,MGYG000001679,Bariatricus sp900554415,UBA5446 sp900546615,Sutterella sp900762445,Phocaeicola sp900552075,Campylobacter_A concisus_F,MGYG000004650,UMGS1933 sp900772235,Pluralibacter gergoviae,UBA9502 sp003480315,MGYG000002697,MGYG000004380,UMGS1872 sp902373635,Alistipes sp900761235,CAG-170 sp000432135,Collinsella sp900541205,CAG-462 sp900765575,MGYG000002068,Anaerobutyricum soehngenii,MGYG000002069,CAG-110 sp900544405,QALW01 sp003150515,Anaerosacchariphilus sp900066385,Enterococcus_B hirae,Parabacteroides sp014287585,UMGS1880 sp900555875,UBA1786 sp900771425,UMGS1690 sp900554165,Eubacterium_I ramulus_A,Holdemania filiformis,Citrobacter_A sedlakii,Citrobacter braakii,Anaerococcus sp900550345,Prevotellamassilia sp900543155
rep124_seed2149	MGYG000004621,UBA10281 sp900767815,Collinsella sp900549245,MGYG000004553,Prevotella sp900767615,Anaerostipes sp900066705,Dorea_A longicatena_B,V9D3004 sp900760345,UBA5905 sp002437905,Faecalibacterium sp900540455,MGYG000002077,Rothia aeria,Muribaculum sp003150235,Collinsella sp003470665,Blautia_A sp900542045,MGYG000003206,Enterobacter cloacae_O,CAG-170 sp900751035,Blautia_A wexlerae_B,MGYG000003067,Haemophilus_D sp900756875,Blautia_A sp900066335,Enterobacter mori,MGYG000003338,MGYG000002210,Garciella sp900555725,Pseudomonas_E bubulae,Extibacter hylemonae,Fenollaria massiliensis,CAG-269 sp001916055,Prevotella sp900547005,Yersinia massiliensis,Barnesiella sp900538555,MGYG000000450,MGYG000004103,Anaerococcus vaginalis_B,MGYG000000348,Veillonella sp900765235,Gemmiger variabilis_A,CAG-354 sp900555085,Haemophilus_A paraphrohaemolyticus,TM7x sp900556885,Emergencia sp900066695,UBA4372 sp900543815,MGYG000004650,MGYG000003995
rep125_seed2150	MGYG000000761,CAG-217 sp900547275,Eubacterium_R sp900539165,Bacteroides sp900553815,Collinsella sp003466125,Anaerotruncus massiliensis,UBA1820 sp003150615,Streptococcus infantarius,Gastranaerophilus phascolarctosicola,Paramuribaculum sp900759835,Prevotella sp000433175,Bacteroides pyogenes,MGYG000004575,Eisenbergiella sp900539715,CAG-557 sp000435275,Lactobacillus iners,Oribacterium sinus,Megasphaera sp900548635,MGYG000003323,Porphyromonas sp900546675,Catenibacterium mitsuokai,CAG-83 sp003487665,Duodenibacillus sp900762555,Fusobacterium animalis,UBA4285 sp900545225,Ruminococcus sp900545125,MGYG000000706,CAG-41 sp900066215,Anaerococcus jeddahensis,UMGS363 sp900543105,Coprococcus sp000433075,Bacteroides sp900556215,Prevotella sp900556395,Parabacteroides bouchesdurhonensis,UMGS1241 sp900540495,Actinomyces sp900323545,UMGS1668 sp900768105,Parabacteroides acidifaciens,UMGS1865 sp900768535,MGYG000002809,Extibacter hylemonae,Bacteroides sp900547205,Sutterella sp900764215,Erysipelatoclostridium saccharogumia,CAG-492 sp000434015,Enterocloster sp001517625
rep126_seed2151	Coprococcus sp900548215,CAG-390 sp900753295,QALR01 sp900553085,MGYG000004714,UMGS911 sp900545935,MGYG000004075,MGYG000001840,Hydrogeniiclostridium sp900550095,Pseudoflavonifractor sp014287675,GCA-900066135 sp900543575,Pseudoruminococcus massiliensis,Mediterraneibacter sp900752395,MGYG000002255,UBA9502 sp003481825,Collinsella sp900543515,Muricomes fissicatena_A,Blautia_A sp900120195,Prevotella sp900556395,Rothia mucilaginosa_A,Collinsella sp900548515,MGYG000000643,Collinsella sp900544465,MGYG000003907,CAG-312 sp002437405,CAG-115 sp003507295,Eubacterium_I sp900557275,Agathobacter sp900549895,CAG-81 sp900556965,Prevotella sp900555035,Enterocloster sp900770345,CAG-238 sp000435615,UMGS1279 sp900550315,MGYG000000688,Eubacterium_I ramulus_A,MGYG000004028,Bacteroides congonensis,Parvimonas micra,UBA7173 sp001701135,UBA11774 sp003507655,Holdemanella sp900754615,MGYG000004184,Bacteroides caccae,Fournierella sp900543285,MGYG000004258,RC9 sp900760425,CAG-110 sp900549705
rep127_seed2152	Phocaeicola sartorii,Acutalibacter sp900759575,MGYG000003644,Phascolarctobacterium_A sp900545025,MGYG000000632,Amulumruptor sp001689515,Collinsella sp900541195,Streptococcus oralis,MGYG000004714,TM7x sp900556355,Megasphaera sp902388315,Mediterraneibacter sp002314255,Agathobaculum sp900555465,UMGS966 sp900547185,Alistipes sp900541585,MGYG000004775,MGYG000000687,Dysosmobacter sp000436875,MGYG000000860,Scardovia wiggsiae,Faecalimonas phoceensis,MGYG000003869,MGYG000002089,Collinsella sp900762015,Bariatricus comes,Alistipes_A sp900545315,Catenibacterium sp900540685,MGYG000001743,GCA-900066905 sp900066905,Streptococcus sp900550895,Blautia_A sp003474435,HGM12650 sp900761725,Neobittarella massiliensis,MGYG000000716,Lachnospira sp900316325,MGYG000002828,Porphyromonas gingivalis,Prevotella buccalis,UBA4372 sp900543815,Marvinbryantia sp014385005,CAG-488 sp900554995,Kosakonia cowanii,Prevotella sp900770395,Blautia_A sp900540785,Lachnospira sp000437735,Enorma massiliensis
rep128_seed2153	MGYG000001879,Bifidobacterium pullorum,Klebsiella_A michiganensis,Campylobacter_A concisus_E,UMGS1384 sp900551265,MGYG000004697,Blautia_A sp900547615,MGYG000004075,Streptococcus vestibularis,Merdibacter sp900543035,MGYG000003053,MGYG000002229,MGYG000002212,Fusobacterium massiliense,Mesosutterella massiliensis,Enterococcus_A devriesei,UBA2856 sp900555005,MGYG000003895,MGYG000002623,Eubacterium_I ramulus,UBA7182 sp003481535,Anaeroglobus geminatus,MGYG000003060,RC9 sp000432515,Pantoea septica,Ruminococcus_D sp900539095,HGM11808 sp900757025,Alistipes_A sp900539755,MGYG000002713,MGYG000002613,Phascolarctobacterium sp900554395,Roseburia sp900756925,Escherichia albertii,CAG-127 sp900539705,Collinsella sp900556605,Salmonella enterica,Collinsella sp900546825,Ruminococcus_E sp003526955,Enterocloster sp900759225,CAG-127 sp900553925,RUG11247 sp902767315,MGYG000004103,Anaerobutyricum soehngenii,Alistipes sp900760675,MGYG000004462,Alistipes sp900552955
rep129_seed2154	MGYG000003977,MGYG000003839,Collinsella sp900757235,MGYG000004007,UBA5446 sp900752445,HGM11808 sp900757025,TF01-11 sp003149875,Collinsella sp900545075,CAG-83 sp900551995,Fusobacterium_A ulcerans,Prevotella sp900544495,Clostridium_P massiliamazoniense,Prevotella sp002251365,MGYG000004702,CAG-145 sp002320005,Enorma sp900751795,Prevotella sp900551055,Phocaeicola mediterraneensis,MGYG000003850,CAG-269 sp900556695,Enterobacter cloacae_O,UMGS1487 sp900552225,Rubneribacter badeniensis,UBA10281 sp900767885,Lachnospira sp003537285,UMGS1623 sp900553525,Yersinia enterocolitica,UBA1691 sp900549825,MGYG000003945,UBA1394 sp900554975,Weissella confusa,UBA7173 sp900768685,Prevotella sp002350355,CAG-590 sp900544905,Ezakiella massiliensis,Agathobacter sp900546625,UMGS1820 sp900555375,UMGS1387 sp900551295,UBA11471 sp900547555,ER4 sp900768135,MGYG000001759,Acetatifactor sp900766575,Prevotella oris,Anaerosacchariphilus sp900066385,CAG-238 sp900542245,Phytobacter sp002377245
rep130_seed2155	Bacteroides sp002491635,RC9 sp900771005,MGYG000001994,UMGS1883 sp900763305,Gemmiger sp900545545,Enterobacter roggenkampii,Parabacteroides sp014287585,MGYG000002697,Chimaeribacter arupi,Parabacteroides bouchesdurhonensis,MGYG000001679,MGYG000000616,Gabonibacter massiliensis,Butyrivibrio_A crossotus,Eubacterium_M sp900540015,MGYG000004807,Eisenbergiella sp900550285,Eggerthella sp014287365,Prevotellamassilia sp900541335,CAG-269 sp001916065,Fusobacterium_A sp900764925,MGYG000002730,Prevotella sp900772835,Phocaeicola ilei,Bacteroides sp003545565,Agathobacter faecis,CAG-312 sp002405555,MGYG000001780,Anaerobutyricum sp900754855,Dysosmobacter sp900770295,MGYG000004700,Blautia_A sp900542045,Collinsella sp900548075,UBA5884 sp900551505,Bacteroides sp900556215,UBA9502 sp003506385,MGYG000002077,MGYG000004664,Porphyromonas_A somerae,Clostridium sp900540255,CAG-590 sp900552885,MGYG000002712,Schaedlerella sp900066545,RC9 sp000435075,CAG-313 sp003539625,Acutalibacter sp900759575
rep131_seed2156	Lachnoclostridium sp900078195,MGYG000002068,UMGS403 sp900541975,UBA1777 sp900754515,Stomatobaculum sp002892395,Megamonas sp900556715,UBA9502 sp900538475,UBA1417 sp900549945,MGYG000002704,Lawsonibacter sp000177015,UMGS1472 sp900552095,Hungatella_A hathewayi_A,Enterobacter roggenkampii,Acutalibacter sp000435395,Enterocloster aldenensis,Phil1 sp004558525,Anaerococcus lactolyticus,Agathobaculum sp900291975,Enterobacter bugandensis,Pseudomonas_E putida_P,UBA644 sp002299265,Methanobrevibacter_A woesei,MGYG000004646,UMGS1781 sp900553695,Blautia sp900765525,Collinsella sp900545875,MGYG000002075,Collinsella sp900546115,Faecalimonas phoceensis,MGYG000002843,HGM04593 sp900769465,Terrisporobacter glycolicus_A,MGYG000001969,MGYG000004094,CAG-873 sp009775195,Collinsella sp900544865,Collinsella sp900550835,MGYG000004231,Acutalibacter sp000432995,Garciella sp900555725,UBA1777 sp900549545,F23-B02 sp004556755,Eubacterium_R sp000433975,Parabacteroides distasonis,MGYG000003338,MGYG000004894
rep132_seed2157	CAG-95 sp900066375,Collinsella sp900555955,Collinsella sp900545905,MGYG000001735,Enterococcus_B hirae,Prevotella sp900552965,Collinsella sp900544235,Bacteroides congonensis,MGYG000004697,Lachnospira sp003537285,CAG-56 sp900752065,MGYG000004782,Faecalibacterium sp900539945,MGYG000001717,MGYG000001811,MGYG000001886,Peptacetobacter sp900539645,Phocaeicola sp900552075,Anaerostipes sp000508985,Bacteroides faecis,Christensenella minuta,Yersinia massiliensis,MGYG000000627,Catenibacterium sp000437715,UBA1777 sp900547315,Prevotella sp900553465,MGYG000003980,MGYG000004820,Citrobacter_B koseri,MGYG000000383,Prevotella sp900313215,Anaerotignum lactatifermentans,Duncaniella sp900549445,Parabacteroides timonensis,Blautia sp900547685,Collinsella sp003487125,Gordonibacter sp003339845,CAG-882 sp000435595,MGYG000002740,MGYG000004042,Collinsella sp900552995,MGYG000001861,Streptococcus salivarius,Haemophilus_D pittmaniae,Faecalibacterium prausnitzii_D,Lactobacillus iners
rep133_seed2158	MGYG000001032,Schaedlerella glycyrrhizinilytica,Agathobaculum sp900557315,MGYG000002694,Haemophilus_A sputorum,MGYG000001958,MGYG000000592,UMGS1312 sp900550625,Faecalibacterium sp003449675,MGYG000003211,MGYG000001758,MGYG000004854,MGYG000004822,MGYG000000505,MGYG000002045,Cutibacterium acnes,MGYG000001979,CAG-451 sp900760545,Phascolarctobacterium sp900544795,Porphyromonas sp900538385,UMGS1663 sp900753245,Oxalobacter formigenes_B,UMGS403 sp900540275,ER4 sp000765235,MGYG000003895,Rothia sp902373285,Duncaniella sp900549445,CAG-83 sp900550585,Alistipes sp000434235,Weissella confusa,MGYG000003167,UMGS1601 sp900545345,Prevotellamassilia sp900556465,Eubacterium_I ramulus_A,MGYG000004655,Firm-11 sp004556545,Morganella morganii,UBA1691 sp900549825,HGM04593 sp900770665,Robinsoniella sp900540475,Collinsella sp900541205,Fusobacterium periodonticum_D,Frisingicoccus sp900753685,Collinsella sp900756725,Prevotella sp900543975,Marvinbryantia sp900544685
rep134_seed2159	Ruminiclostridium_E sp900768735,MGYG000003315,Gordonibacter sp003339845,Clostridium_A leptum,Dorea formicigenerans,MGYG000004560,CAG-1427 sp900548955,Bittarella massiliensis,Prevotella veroralis,Weissella cibaria,Prevotellamassilia sp900543155,MGYG000004647,CAAEEV01 sp900754955,MGYG000004206,Acutalibacter sp000432995,UBA5905 sp900549155,UBA1409 sp002338885,MGYG000000674,CAG-110 sp900763965,MGYG000000621,Collinsella sp900547345,Collinsella sp900549215,Prevotella sp900554545,CAG-485 sp900550645,Sneathia amnii,Prevotella sp002265625,Negativibacillus massiliensis,Collinsella sp900556495,Blautia sp900541955,UBA3766 sp900769175,Dialister succinatiphilus,Pauljensenia sp900541895,Blautia sp900556555,Eubacterium_R sp900547915,Mediterraneibacter_A butyricigenes,MGYG000003975,MGYG000003015,UMGS1781 sp900553695,MGYG000004765,F23-B02 sp002472405,MGYG000004888,RUG11247 sp902767315,MGYG000004590,UBA7182 sp003480725,QALS01 sp900552625,MGYG000003207
rep135_seed2160	Collinsella sp900544725,Phocaeicola mediterraneensis,Ruminococcus_E sp003521625,MGYG000004503,CAG-485 sp900554345,Ruminococcus_A sp000432335,Porphyromonas uenonis_A,UBA1394 sp900554975,Parasutterella sp000980495,Borkfalkia ceftriaxoniphila,Lacticaseibacillus rhamnosus,Alistipes sp900550925,MGYG000004247,Adlercreutzia celatus_A,Eubacterium_R sp900555015,Blautia sp900539145,Collinsella sp900543605,MGYG000000432,MGYG000001284,CAG-288 sp000437395,Collinsella sp900752475,CAG-485 sp900552315,Catenibacterium mitsuokai,Eubacterium_G sp000432355,Collinsella sp900550815,CAG-475 sp900547975,Prevotella sp900557405,MGYG000001028,Haemophilus_D parainfluenzae_L,Phascolarctobacterium sp900545535,Ruminococcus_E bromii_A,MGYG000004870,Gemmiger sp900539695,Roseburia sp900552665,Turicimonas muris,UBA10281 sp900548285,Anaeroglobus geminatus,UBA4855 sp900540395,MGYG000000745,An181 sp002160325,CAG-274 sp000432155,Terrisporobacter glycolicus_A,Phytobacter ursingii,MGYG000002068,UBA636 sp900546285,Collinsella sp900549345
rep136_seed2161	Megasphaera sp001546855,UMGS1477 sp900553845,MGYG000004527,Collinsella bouchesdurhonensis,Fusobacterium periodonticum_D,MGYG000002743,Holdemanella sp003436425,Collinsella sp900552995,MGYG000003948,UMGS1781 sp900553695,Paraclostridium sordellii,Collinsella sp900541785,NK3B98 sp900752305,UBA737 sp900547445,UC5-1-2E3 sp001304875,CACZQA01 sp900758075,UMGS1601 sp900545345,CAG-110 sp900770015,Bacteroides graminisolvens,Bifidobacterium italicum,MGYG000004423,MGYG000000716,Peptostreptococcus stomatis,Acetatifactor sp900066565,CAG-495 sp900551585,CAG-41 sp900066215,MGYG000004808,Prevotella corporis,Coprococcus sp900548215,Lawsonibacter sp902363045,Faecalibacillus intestinalis,Phocaeicola coprocola,UBA7182 sp003480725,Negativibacillus massiliensis,Blautia_A sp900763175,MGYG000004061,Odoribacter sp900544025,MGYG000000589,UBA737 sp900554525,MGYG000002881,Prevotellamassilia timonensis,Clostridium disporicum_A,UMGS1994 sp900556975,Akkermansia sp004167605,Peptostreptococcus anaerobius,MGYG000000795
rep137_seed2162	MGYG000001735,Pantoea ananatis,MGYG000003136,CAG-45 sp000438375,CAG-110 sp900544945,NSJ-32 sp014384895,UBA4871 sp900554535,Faecalibacterium prausnitzii_M,Ruminococcus_E sp003526955,Evtepia sp004554585,MGYG000003256,HGM10836 sp900772095,MGYG000004765,Dorea formicigenerans,Phytobacter sp002377245,Lawsonibacter asaccharolyticus,CAG-110 sp900762935,CAG-238 sp000435615,MGYG000002086,Pantoea conspicua,CAG-831 sp900544175,BX12 sp014333425,Sodaliphilus sp004557565,Paraprevotella sp900546665,MGYG000004210,Citrobacter_A farmeri,Collinsella sp900545555,MGYG000001953,MGYG000004732,MGYG000002098,CAG-303 sp000437755,UBA1829 sp900760615,CAG-484 sp000431315,MGYG000002766,MGYG000003788,MGYG000000761,Paramuribaculum sp009775605,PeH17 sp900542285,Collinsella sp900552995,UBA10281 sp900767815,RUG420 sp900542575,Faecalitalea cylindroides,MGYG000004864,UMGS1537 sp900543695,RUG472 sp900545265,Collinsella sp900757385
rep138_seed2163	Dysgonomonas gadei,Kosakonia cowanii,MGYG000003895,MGYG000001805,Bariatricus comes,Collinsella sp900555765,Hafnia paralvei,MGYG000000662,MGYG000004235,MGYG000000763,MGYG000004462,Phocaeicola sp900552075,Collinsella sp900556415,UBA2882 sp900542015,Blautia_A sp900547615,Succiniclasticum sp900544275,Salmonella enterica,HGM11525 sp900770405,CAG-83 sp001916855,MGYG000003800,Anaerostipes sp000508985,Collinsella sp002232035,Pluralibacter gergoviae,Holdemanella sp003458715,Mobilibacterium sp900315625,Lentilactobacillus hilgardii,Clostridium_AQ innocuum,Oribacterium sinus,Bifidobacterium sp002742445,Prevotellamassilia sp000437675,Methanobrevibacter_A oralis,MGYG000000361,Anaerocolumna aminovalerica,Yersinia massiliensis,Faecalibacterium sp900765105,MGYG000001833,Mediterraneibacter lactaris,Lancefieldella sp000564995,Hydrogeniiclostridium mannosilyticum,MGYG000002035,HGM11521 sp900751885,MGYG000002052,Lawsonibacter asaccharolyticus,Clostridium_Q sp000435655,UMGS1004 sp900761685,MGYG000003470
rep139_seed2164	UBA9475 sp900549885,Prevotella sp900557405,Allisonella histaminiformans,HGM11525 sp900770405,Catenibacillus sp902363555,Emergencia sp900066695,UBA7597 sp900542935,MGYG000001572,Enterobacter bugandensis,F0040 sp000318095,Ruminococcus_C sp000433635,Collinsella sp900550815,Prevotella rara,Collinsella sp900542325,UBA644 sp002299265,Collinsella sp900542275,CAG-353 sp900768995,MGYG000003900,CAG-196 sp002102975,Dialister sp002320515,Collinsella sp902363125,Enterocloster sp900555045,Evtepia sp004556345,MGYG000002255,RF16 sp900766775,MGYG000004428,Anaerococcus obesiensis,CAG-83 sp900548615,MGYG000000411,Gemmiger sp900539695,Alistipes dispar,UBA1685 sp002320595,UMGS1052 sp900548115,Collinsella sp900555955,HGM12789 sp900766585,Butyrivibrio_A crossotus,Plesiomonas shigelloides,Paraeggerthella hongkongensis_A,UBA1181 sp900769555,Campylobacter_A concisus_L,Faecalitalea cylindroides,Fusobacterium_C gonidiaformans,Blautia_A sp900551075,CAG-83 sp900756715,UBA3766 sp900769175,Faecalibacterium sp900758465
rep140_seed2165	Ruminococcus_C callidus,MGYG000004428,UBA4372 sp900543815,Alistipes_A sp900240235,MGYG000003898,Fusobacterium nucleatum_E,Neobacillus rubiinfantis,Pauljensenia sp900554605,MGYG000000433,Ruminococcus_C sp000437255,CAG-312 sp002405555,MGYG000004704,MGYG000000736,MGYG000001873,Rothia mucilaginosa_B,MGYG000001028,Cedecea davisae,Clostridium_A leptum,Streptococcus salivarius,UBA5446 sp900759385,Collinsella sp900549185,Collinsella sp900543845,MGYG000004231,Akkermansia muciniphila,UMGS1484 sp902388225,Sutterella seckii_A,MGYG000003831,Prevotella sp900769055,MGYG000004745,MGYG000003894,Prevotella sp900769275,MGYG000001133,Bifidobacterium gallinarum,CAG-873 sp900755985,Collinsella sp000434535,Robinsoniella sp900555455,CAG-245 sp000435175,CAG-110 sp900770015,MGYG000003884,Prevotella sp900548585,MGYG000002207,Collinsella sp900544095,Blautia_A sp900066505,CAG-269 sp001916065,Paraprevotella sp003477995,CAG-196 sp002102975
rep141_seed2166	MGYG000004718,MGYG000004829,UBA1740 sp900767415,MGYG000001880,Latilactobacillus curvatus,MGYG000000656,Lactobacillus gallinarum,MGYG000002092,Neisseria elongata,F0422 sp003999875,Terrisporobacter sp900557165,UBA5905 sp004558485,UBA5905 sp900549155,Prevotella sp900546345,MGYG000004380,Providencia rettgeri,Prevotella sp900554045,Holdemanella sp003458715,UBA1820 sp002314265,Prevotella sp900553965,Collinsella sp900550415,Vibrio parahaemolyticus,MGYG000004782,UBA5446 sp900543085,MGYG000004817,MGYG000002255,MGYG000004760,Collinsella sp900555955,Yersinia frederiksenii,Veillonella sp900550455,Peptoniphilus_C sp902363535,MGYG000003978,MGYG000002697,Phytobacter ursingii,Blautia sp900765525,Bacteroides bouchesdurhonensis,UMGS599 sp900543705,UBA5884 sp900551505,Eisenbergiella sp900548905,MGYG000001181,MGYG000004901,CAG-269 sp003525075,MGYG000004233,Enterococcus_B durans,Lactobacillus amylovorus,Streptococcus mitis_AC
rep142_seed2167	MGYG000004820,Bacteroides sp900555635,Rothia mucilaginosa_B,Faecalibacterium prausnitzii_M,MGYG000004863,Lactococcus garvieae,MGYG000000361,Streptococcus infantarius,Dysosmobacter sp900551885,Lactobacillus gallinarum,Bacteroides fluxus,Butyricimonas virosa,Streptococcus constellatus,CAG-110 sp900553805,Holdemanella sp900754615,Paraprevotella xylaniphila,Fournierella massiliensis,Collinsella sp900541645,Lawsonibacter sp900754605,DTU089 sp002440045,Peptoniphilus_A lacydonensis,Phascolarctobacterium sp900551745,Leminorella grimontii,F23-B02 sp004553495,MGYG000001870,Lachnoclostridium_B phocaeensis,Faecalibacterium prausnitzii_I,Lawsonibacter sp900764755,Dielma sp001305055,UMGS1994 sp900556975,Prevotella sp002251295,Paraeggerthella hongkongensis_A,MGYG000002659,Agathobacter sp900549895,UBA1786 sp900771425,UMGS1279 sp900550315,Streptococcus sp000411475,MGYG000002727,Prevotella sp900315955,Blautia_A sp900542045,Eisenbergiella sp900548905,CAG-83 sp000431575,Mediterraneibacter lactaris,Eubacterium_I sp900557275,Prevotella sp900769055,Prevotella timonensis
rep143_seed2168	UMGS1810 sp900555295,Dysosmobacter sp900546705,CAG-762 sp900551315,Klebsiella variicola,Coprobacter fastidiosus,Providencia rettgeri_D,Anaeroglobus massiliensis,Ruminococcus_C callidus,Serratia marcescens_I,Gemmiger sp900539695,Prevotella oris,CAG-110 sp000434635,Ligilactobacillus sp900765635,MGYG000004772,Collinsella sp902363125,MGYG000002921,MGYG000001916,UMGS1388 sp900551345,MGYG000004080,Prevotella stercorea,Morganella morganii_A,Phocaeicola sp900542985,UMGS75 sp900538885,MGYG000004443,Acinetobacter baumannii,Gemmiger sp900540595,UMGS1370 sp900551135,MGYG000004340,Fusobacterium_A sp900549465,MGYG000001804,Collinsella intestinalis,Blautia_A obeum_B,MGYG000004858,CAG-245 sp900552135,Megasphaera sp000417505,CAG-485 sp900555915,MGYG000004665,Enterobacter cloacae_O,MGYG000003840,Enterocloster aldenensis,UBA5446 sp900752445,MGYG000000746,Neisseria elongata,Holdemania massiliensis,UMGS856 sp900546265,MGYG000004170
rep144_seed2169	Acidaminococcus fermentans,Akkermansia sp001580195,MGYG000003305,Ruminococcus sp900752785,Prevotella sp002350355,Mailhella sp003150275,Collinsella sp900752475,Enterocloster sp900541315,An172 sp002160515,Parabacteroides sp900770835,Porphyromonas asaccharolytica,Caproiciproducens sp000752215,Bacteroides eggerthii,Phascolarctobacterium_A succinatutens,Gemmiger variabilis_A,Methanobrevibacter_A sp900766745,Streptococcus sp004166885,CAG-269 sp900554175,Megasphaera stantonii,Phascolarctobacterium_A sp900545025,SFMI01 sp004556155,Bulleidia moorei,MGYG000004427,MGYG000000687,MGYG000002053,MGYG000004039,Ruminiclostridium_E sp900768735,RC9 sp000434935,TM7x sp900555425,CAG-831 sp902388455,Faecalibacterium sp900758465,Pantoea septica,MGYG000002256,Streptococcus sobrinus,Eisenbergiella sp900544445,MGYG000002627,CAG-485 sp900554345,CAG-83 sp900545585,UBA11517 sp900555365,Dysosmobacter sp900752075,Eubacterium_R sp000434995,Bifidobacterium gallinarum,Holdemania filiformis,Ruminococcus_A faecicola,Porphyromonas sp900539155,Paraclostridium tenue
rep145_seed2170	MGYG000003938,Bacteroides oleiciplenus,UMGS905 sp900540085,MGYG000002730,Bacteroides eggerthii,Collinsella sp900756725,Granulicatella sp001058355,Agathobacter sp900552085,MGYG000002726,Collinsella sp900550205,MGYG000000640,Enterococcus_B faecium,CAG-492 sp000434335,Peptoniphilus_A lacrimalis,Peptostreptococcus stomatis,MGYG000004398,Enterococcus_B durans,MGYG000004760,UMGS1633 sp900553645,Klebsiella_A michiganensis,F082 sp900542475,MGYG000001142,Fusobacterium periodonticum_B,Paramuribaculum sp000431155,CAG-170 sp900553545,Angelakisella sp900552845,UMGS1253 sp900550065,Weizmannia coagulans,UMGS856 sp900546265,MGYG000004556,CAG-279 sp900541935,UBA10281 sp900556195,Enterocloster clostridioformis_A,RC9 sp001915575,MGYG000002041,RC9 sp000431015,Enterocloster lavalensis,MGYG000004496,Odoribacter splanchnicus,MGYG000004198,Peptoniphilus_E obesi,Collinsella sp900754435,Phocaeicola sp000432735,Fusobacterium_B sp900541465,KLE1615 sp900066985,Pseudomonas_E massiliensis
rep146_seed2171	MGYG000004647,AM51-8 sp900546435,Limosilactobacillus antri,UBA3388 sp900545215,UMGS1865 sp900547725,CAG-127 sp900766925,MGYG000004188,Clostridium_J sp000821305,MGYG000000674,MGYG000001020,MGYG000002692,Beduini sp900550005,CAG-115 sp002492075,Acetatifactor sp900772845,Lactobacillus gallinarum,CAG-103 sp900543625,MGYG000002606,CAG-145 sp900545135,MGYG000001581,Veillonella atypica,Merdimonas sp900553355,Anaerostipes hadrus_A,MGYG000004133,Anaerosacchariphilus sp900066385,MGYG000004199,Prevotella copri_A,F082 sp900769945,CAG-170 sp900549635,Neisseria elongata,UBA737 sp900543215,Eubacterium_R sp900542875,Blautia_A sp900120195,Cronobacter sakazakii,Dysgonomonas sp900556485,Streptococcus mitis_BB,MGYG000000594,Robinsoniella peoriensis,Pauljensenia sp902373545,Megasphaera sp900540735,HGM13006 sp900756575,Pluralibacter gergoviae,Klebsiella variicola,Lactobacillus ultunensis,Bacteroides sp002491635,CAG-81 sp900541255,Phil1 sp004558525
rep147_seed2172	Collinsella sp900541045,1XD42-69 sp014287635,CAG-81 sp900066535,MGYG000003863,Lawsonibacter sp900550705,Clostridium_AQ sp000165065,Enterocloster sp900551225,Neisseria subflava_C,TF01-11 sp003524945,Megasphaera sp900539295,Bulleidia moorei,MGYG000002064,Companilactobacillus farciminis,Serratia marcescens_I,MGYG000004251,Ezakiella massiliensis,MGYG000004503,Robinsoniella peoriensis,Anaerococcus sp900258475,MGYG000000759,Megasphaera sp000417505,UBA7102 sp900760085,Fenollaria timonensis,Citrobacter gillenii,Barnesiella sp900538555,Butyricimonas synergistica,Actinomyces sp900323545,Veillonella sp900765235,MGYG000004748,Eubacterium_I sp900546495,MGYG000003800,Phytobacter massiliensis,Bariatricus sp900554415,Prevotella sp900551985,Fusobacterium nucleatum_E,MGYG000000377,Methanosphaera cuniculi,MGYG000004024,Collinsella sp900540845,Veillonella sp003463825,MGYG000004621,CAG-180 sp004556705,Terrisporobacter sp900557165,MGYG000004699,MGYG000003869,MGYG000002209
rep148_seed2173	MGYG000003578,MGYG000002207,Lachnospira sp900551945,UBA5446 sp900544765,Limosilactobacillus reuteri_E,Prevotella sp900557405,Mesosutterella massiliensis,Enterocloster clostridioformis_A,Bacteroides sp900766195,Providencia rettgeri,Citrobacter_A farmeri,UMGS1071 sp900548305,AM51-8 sp900546435,MGYG000004188,MGYG000004235,UMGS1307 sp900550505,Rothia mucilaginosa_A,Anaeroglobus micronuciformis,MGYG000003934,UMGS1781 sp900555075,Erysipelatoclostridium spiroforme,Enterococcus_A devriesei,Rahnella variigena,Clostridium celatum,Collinsella sp900554255,MGYG000000346,Prevotella sp900770025,MGYG000003053,CAG-145 sp900754795,Collinsella sp900547125,Clostridium cuniculi,UMGS416 sp900542005,Prevotella sp900552515,Collinsella tanakaei,MGYG000004660,CAG-462 sp900765575,MGYG000004363,MGYG000001780,Mitsuokella sp003458855,Prevotellamassilia timonensis,TM7x sp900557595,MGYG000000795,Streptococcus rubneri,UBA5394 sp900542615,MGYG000004700,MGYG000002624
rep149_seed2174	UBA7102 sp900760085,MGYG000000576,Phocaeicola sp000432735,Phocaeicola sp900546645,Haemophilus sp002998595,Blautia sp900753905,Veillonella sp900538355,GCA-900066135 sp900543575,MGYG000003304,Alistipes_A ihumii,MGYG000000608,V9D3004 sp002349525,Massilimaliae timonensis,MGYG000003822,COE1 sp001916965,CAG-452 sp900770415,Coprococcus sp000154245,Clostridium_A leptum,Porphyromonas_A somerae,MGYG000001242,CAG-485 sp000437495,UBA5446 sp900544295,Enorma massiliensis,UMGS966 sp900761965,MGYG000003918,Collinsella sp900544235,MGYG000003719,Butyricimonas sp900761485,Sellimonas intestinalis,MGYG000003894,Streptococcus infantarius,MGYG000002212,Citrobacter portucalensis_A,Citrobacter_A farmeri,CAG-269 sp900553125,Citrobacter gillenii,MGYG000001825,Prevotella sp900549175,MGYG000004037,Evtepia sp900546255,Eubacterium_R sp900555015,Serratia surfactantfaciens,HGM11788 sp900760465,MGYG000000745,Ruminococcus_D sp900539095,CAG-303 sp900539455
rep150_seed2175	Pseudescherichia sp002298805,MGYG000002148,CAG-238 sp000435615,Ruminococcus_G gauvreauii,UBA7173 sp001701135,Prevotella sp900770845,Dysosmobacter sp900544105,UMGS1251 sp900549995,Prevotella sp000434975,Blautia sp900541955,MGYG000003297,Collinsella sp003439125,MGYG000004029,KLE1615 sp900066985,Mobilibacterium sp900315625,Proteus sp001722135,MGYG000002809,UBA737 sp900547095,UBA4372 sp900543815,Prevotella sp900553965,UBA3766 sp900769175,CAG-449 sp900551385,Agathobacter sp900548765,Veillonella sp003463825,MGYG000000625,UBA5446 sp900752445,Collinsella sp900541145,Lactococcus lactis_E,Robinsoniella peoriensis,MGYG000001861,CAG-110 sp900547405,Lachnoclostridium_A sp003464085,Clostridium neonatale,Pauljensenia sp900554605,CAG-877 sp900554305,UBA3388 sp900546465,CAG-273 sp003534295,MGYG000000393,Lancefieldella sp902373375,WG-1 sp900539665,Dysgonomonas mossii,Agathobacter faecis,MGYG000003910,CAG-245 sp000434195,Alistipes_A ihumii,MGYG000004258
rep151_seed2176	CAG-115 sp003531585,MGYG000004775,Megamonas sp900554895,MGYG000004836,UMGS2055 sp900557635,Prevotella sp900317685,CAG-873 sp001701165,MGYG000004428,MGYG000000674,MGYG000004123,Ruminococcus sp900761275,UMGS1071 sp900542375,Megasphaera sp900539295,MGYG000004258,MGYG000001935,Firm-11 sp900553905,CAG-170 sp900548625,Frisingicoccus sp900757195,Streptococcus salivarius,MGYG000002730,Prevotella sp900770025,Prevotella sp900553595,Prevotella sp002299275,Collinsella sp900541475,CAG-448 sp003150135,QALR01 sp900553085,Agathobaculum sp900555465,Morganella morganii,CAG-145 sp900545135,MGYG000002797,Alloscardovia omnicolens,UBA2821 sp902763335,Acetatifactor sp900760705,Phascolarctobacterium_A sp900552855,MGYG000001032,Firm-10 sp004552515,Coprobacillus cateniformis,Citrobacter freundii,Agathobaculum sp900557315,UBA11512 sp003522145,Eggerthella sinensis,Serratia liquefaciens,MGYG000000547,CAAEEV01 sp900754955,Fusobacterium_B sp900542625,UBA7173 sp900540205
rep152_seed2177	Actinomyces graevenitzii,Veillonella sp009929605,Faecalibacillus sp900544435,Megamonas sp900554895,Blautia_A sp900066505,Marvinbryantia formatexigens,Extibacter muris,Collinsella sp900554655,PeH17 sp000435055,UBA1711 sp900771365,UMGS1851 sp900555605,MGYG000003328,Clostridium_B sp902809985,CAG-762 sp900551315,UBA11452 sp003526375,Coprococcus sp900767685,Dysgonomonas sp900556485,Companilactobacillus farciminis,Eisenbergiella tayi,Parabacteroides chinchillae,Streptococcus oralis_E,Clostridium_J ihumii,Murimonas intestini,Collinsella sp900547345,UMGS1696 sp900753285,MGYG000000566,Lactobacillus amylovorus,MGYG000001861,Megasphaera sp902388315,MGYG000004760,Alistipes sp902363575,Yersinia pestis,Agathobaculum sp900557315,MGYG000000588,Agathobaculum sp003481705,MGYG000004348,Enterocloster sp900549235,UBA4644 sp900763355,43-108 sp001915545,CAG-110 sp900554625,CAG-170 sp900555665,MGYG000000440,UMGS1052 sp900548115,MGYG000004042,Dielma fastidiosa,Negativibacillus sp900547015
rep153_seed2178	Senegalimassilia anaerobia,Alistipes putredinis,MGYG000004085,CAG-724 sp900551005,MGYG000002743,Collinsella sp900543845,UBA1191 sp900549125,Hydrogeniiclostridium mannosilyticum,Prevotella lascolaii,UBA11471 sp900547555,Collinsella sp900545835,Parabacteroides johnsonii,Evtepia gabavorous,HGM13006 sp900757695,Lawsonibacter sp900066645,MGYG000004800,Ruminococcus_A sp003011855,Clostridium_J ihumii,UBA2882 sp900542015,Paramuribaculum sp000431155,UBA7597 sp900542935,MGYG000001914,Rikenella microfusus,F0040 sp900095835,Barnesiella intestinihominis,MGYG000004330,MGYG000004264,Bacteroides congonensis,UBA7160 sp902363135,Phocaeicola sp900546355,Collinsella sp900765115,MGYG000003813,MGYG000001032,UMGS1518 sp900552575,Eubacterium_R sp900555015,Olsenella_E timonensis,Prevotella sp900556395,Finegoldia magna,Pseudomonas aeruginosa,Collinsella sp900757205,Mailhella sp900541395,Collinsella sp900549355,Streptococcus pasteurianus,Ligilactobacillus murinus,Phascolarctobacterium_A sp900541915,Butyricimonas sp003479425
rep154_seed2179	MGYG000000576,CAG-269 sp900554565,MGYG000004514,Paraprevotella clara,MGYG000002084,Collinsella sp900552705,MGYG000002221,UMGS995 sp900547465,CAG-269 sp001916035,MGYG000001833,UBA7173 sp900540205,Parabacteroides bouchesdurhonensis,Anaerosacchariphilus sp002160765,UBA5446 sp900543085,Ezakiella massiliensis,Eubacterium callanderi,CAG-465 sp900554875,Butyrivibrio_A sp900768755,Muribaculum sp002473395,Collinsella sp900541195,Pauljensenia sp902373545,Enterococcus_D sp002850555,Enterococcus_B faecium,Sutterella parvirubra,CAG-127 sp900539705,Serratia liquefaciens,UBA9506 sp003506415,Enterocloster sp900555045,MGYG000000450,CAG-317 sp000433535,MGYG000002005,MGYG000000390,TF01-11 sp900759665,Prevotellamassilia sp004557035,Fusobacterium_B sp900554885,Veillonella tobetsuensis,Proteus sp003144505,MGYG000004882,MGYG000003719,Collinsella sp900549185,MGYG000004061,CAG-238 sp900754805,UMGS946 sp900547135,UMGS268 sp900540705,Peptococcus niger,Streptococcus sanguinis_H
rep155_seed2180	UMGS902 sp900761025,Parabacteroides sp900549585,CAG-83 sp000435975,UMGS882 sp900757905,Porphyromonas gingivalis,MGYG000000342,MGYG000001839,UBA7173 sp900540205,Veillonella sp900556785,Phascolarctobacterium_A sp900552855,Extibacter sp001185345,Prevotella sp900552675,MGYG000002170,Holdemanella sp900754615,Megasphaera sp002319965,Raoultella ornithinolytica,CAG-110 sp900769995,Prevotella buccalis,AM07-15 sp003477405,Oxalobacter formigenes_B,Acidaminococcus fermentans_A,UMGS1537 sp900552695,Blautia_A sp900066335,Prevotella sp000435635,Campylobacter_A concisus_R,MGYG000002738,Senegalimassilia anaerobia,Actinomyces sp900323545,Dysosmobacter sp900770295,UMGS911 sp900546695,MGYG000001717,Paraprevotella sp900760455,CAG-110 sp900762935,UBA1752 sp900554405,Campylobacter_A concisus_I,Paenibacillus_A sp900069005,CAG-95 sp000436115,MGYG000004174,MGYG000003322,CAG-873 sp900548975,Veillonella parvula_A,Hungatella effluvii,Eubacterium_G sp000432355,CAG-110 sp900549705,Bacteroides ndongoniae,Butyricimonas virosa
rep156_seed2181	Blautia_A massiliensis,UMGS403 sp900540865,Eubacterium_G sp000435815,MGYG000000694,CAG-95 sp000438155,Dysgonomonas gadei,MGYG000001844,Bacteroides neonati,Zag1 sp000433095,UMGS1241 sp900540495,Blautia coccoides,Prevotellamassilia sp900543155,CAG-110 sp900544975,Oribacterium sinus,CAG-628 sp003524085,MGYG000001666,Catenibacillus sp900557175,MGYG000004768,Bifidobacterium sp002742445,UMGS995 sp900769695,MGYG000001020,Parabacteroides bouchesdurhonensis,Fusobacterium_B sp900542625,Christensenella hongkongensis,Collinsella sp900544875,MGYG000003768,UMGS1474 sp900552115,MGYG000001195,MGYG000004187,MGYG000000713,UBA737 sp900549755,Negativibacillus sp900547015,UBA5446 sp004553625,MGYG000000586,MGYG000001580,Lactobacillus hominis,RC9 sp001915575,MGYG000000597,Phascolarctobacterium_A sp900544885,UBA10281 sp900767815,UBA4285 sp900542465,Limosilactobacillus antri,CAG-95 sp900066375,Streptococcus peroris,Gemmiger variabilis_A,MGYG000003315
rep157_seed2182	MGYG000004428,MGYG000002148,MGYG000000728,UBA3388 sp900545215,MGYG000000674,MGYG000001837,CAG-196 sp002102975,MGYG000004852,UMGS902 sp900546635,CAG-279 sp900544305,Collinsella sp900550835,RUG023 sp900315435,Veillonella sp900765235,Eubacterium_R sp900764665,Collinsella sp900554255,Butyricimonas sp900759925,Morganella morganii_A,Streptococcus sp000411475,MGYG000000662,Flavonifractor plautii,CAG-273 sp902406115,Collinsella sp900553935,Merdimonas sp900553355,MGYG000001861,TM7x sp900556885,MGYG000000821,Alistipes sp900769745,Bacteroides sp900766195,MGYG000002017,MGYG000001870,CAG-81 sp900066055,MGYG000001775,HGM11386 sp900761915,MGYG000002843,MGYG000004549,Anaerostipes sp900066705,MGYG000003167,MGYG000002713,Selenomonas_C sp002351185,MGYG000004656,MGYG000004611,Collinsella sp900539035,Pantoea septica,TM7x sp900557595,Leminorella richardii,Intestinibacter bartlettii
rep158_seed2183	Pauljensenia sp902373435,Streptococcus parasanguinis,CAG-83 sp001916855,MGYG000000626,CAG-115 sp003507295,UMGS1839 sp900555545,Streptococcus koreensis,Prevotella sp000436915,UMGS1322 sp900550765,MGYG000001685,Bifidobacterium scardovii,MGYG000003021,Collinsella sp900550205,Parasutterella sp009767915,MGYG000000481,UMGS1474 sp900547105,MGYG000004781,Leminorella richardii,SFFH01 sp900542395,Borkfalkia ceftriaxoniphila,MGYG000004807,MGYG000004306,Collinsella sp900762015,Alistipes_A ihumii,CAG-83 sp900550615,Mediterraneibacter sp002314255,Oxalobacter sp900760095,Phytobacter diazotrophicus,MGYG000004039,Bacteroides togonis,MGYG000001195,Oxalobacter formigenes_B,Haemophilus_D parainfluenzae_K,HGM12814 sp900770165,Collinsella sp900762325,Eisenbergiella sp900544445,UBA5884 sp900551505,Victivallis sp002998355,Gemmiger sp900554145,MGYG000004430,Faecalibacterium prausnitzii_C,Haemophilus_D parainfluenzae_N,Pantoea agglomerans,Enterobacter_D kobei_A,Fusobacterium_A ulcerans_A,MGYG000004075
rep159_seed2184	CAG-115 sp003531585,Clostridium_Q sp003024715,MGYG000004774,Eubacterium callanderi,Enterobacter chengduensis,MGYG000000616,AM51-8 sp003478275,Parabacteroides chinchillae,Collinsella sp900551655,UBA5446 sp900544765,Rikenella microfusus,UBA1829 sp900760615,Campylobacter_A concisus,MGYG000000383,MGYG000004462,UMGS1293 sp900754495,CAG-269 sp000438255,Collinsella sp900550415,CAG-485 sp900554845,Paramuribaculum sp900759915,Anaerotruncus colihominis,MGYG000002809,Peptoniphilus_B duerdenii,Alistipes sp900546065,Sporanaerobacter acetigenes,Acidaminococcus timonensis,MGYG000004750,Christensenella sp001678845,MGYG000004693,Acidaminococcus fermentans_A,Collinsella sp900760325,Lactobacillus ultunensis,CAG-590 sp900552885,Collinsella sp900757705,Gemmiger sp900548355,MGYG000001594,Butyrivibrio_A crossotus,MGYG000004247,Collinsella sp002391315,UMGS1370 sp900542035,CAG-495 sp900538765,CAG-822 sp000432855,Yokenella regensburgei,Niameybacter sp900549765,Collinsella sp900555815,CAG-964 sp902789345
rep160_seed2185	Lachnoanaerobaculum orale,Peptoniphilus_A phoceensis,Alistipes sp900290115,MGYG000003788,MGYG000003296,MGYG000001825,Acetivibrio_A ethanolgignens,MGYG000004753,HGM11514 sp900757255,Ruminococcus_E sp003521625,MGYG000002076,MGYG000002075,Eubacterium_M sp900540015,MGYG000004863,GCA-900066135 sp900543575,Pantoea ananatis,Caecibacter massiliensis,CAG-349 sp003539515,Desulfovibrio legallii,UBA1191 sp900066305,Collinsella sp900556515,Kluyvera ascorbata,MGYG000004708,MGYG000004159,Prevotella jejuni,Lactococcus_A raffinolactis,MGYG000002606,MGYG000004330,Streptococcus parasanguinis_B,Alistipes sp900761235,MGYG000001952,Dialister sp900547785,Coprococcus sp000433075,Akkermansia muciniphila,Eubacterium_G sp900548465,Weissella confusa,MGYG000004148,Bulleidia sp900554555,Enterocloster sp900759225,UBA1685 sp002320595,CAG-83 sp900547745,MGYG000003828,Treponema_D sp900769975,MGYG000002754,UBA2883 sp002103075,Blautia sp900556555
rep161_seed2186	Bifidobacterium globosum,MGYG000004247,Collinsella sp900556515,Alistipes finegoldii,MGYG000002148,MGYG000002753,Enterococcus faecalis,F23-B02 sp900772725,Dialister invisus,Eubacterium_G ventriosum,MGYG000003882,Fusobacterium vincentii,Parabacteroides chinchillae,MGYG000003506,UMGS902 sp900546635,Succinatimonas hippei,CAG-279 sp900541935,Megasphaera sp001546855,Collinsella sp900547805,Ligilactobacillus murinus,MGYG000004560,Peptoniphilus_A harei_A,Collinsella sp900545075,Ruminiclostridium_E sp900539195,MGYG000000699,MGYG000002017,Citrobacter europaeus,Enterocloster asparagiformis,Mailhella sp003150275,MGYG000000440,Blautia_A sp900549015,MGYG000001832,CAG-488 sp900539465,MGYG000001666,UBA4372 sp900543815,Ligilactobacillus ruminis,Prevotella sp900548535,Intestinimonas massiliensis,Butyricicoccus sp900547195,Limosilactobacillus fermentum,MGYG000004669,UMGS1537 sp900552695,Phascolarctobacterium_A sp900544885,MGYG000000355,Bacteroides sp900555635,MGYG000003315
rep162_seed2187	Dorea_A longicatena_B,Marvinbryantia sp900544685,MGYG000004597,Prevotella sp900771975,MGYG000004305,UBA9502 sp003481825,Rahnella variigena,MGYG000004811,Clostridium saudiense,Alloscardovia omnicolens,Lactobacillus crispatus,Ellagibacter isourolithinifaciens,MGYG000000752,MGYG000004363,TF01-11 sp001414325,Intestinimonas massiliensis,Hydrogeniiclostridium mannosilyticum,RC9 sp900546445,Massilioclostridium coli,UBA4871 sp900554535,MGYG000001886,Collinsella sp900541665,Prevotella amnii,Alloprevotella tannerae,Blautia_A sp003471165,Bacteroides cellulosilyticus,Clostridium_AP scindens,MGYG000004714,CAG-510 sp900550475,Pauljensenia sp900554605,Collinsella sp002232035,MGYG000004187,Muribaculum sp001701195,Megasphaera sp000417505,Collinsella sp900545605,CAG-238 sp900542245,Coprococcus_A catus,Limosilactobacillus vaginalis_A,UBA1711 sp900771365,Blautia_A sp000436615,MGYG000001061,CAG-83 sp900545495,Enterocloster sp900547035,MGYG000002207,CAG-81 sp900556965,Faecalibacterium prausnitzii_G
rep163_seed2188	Collinsella sp900554645,CAG-170 sp900553545,Yersinia massiliensis,Collinsella sp900540875,Streptococcus mitis,Bacteroides sp902388495,UMGS1004 sp900761685,F0422 sp003999875,CAG-279 sp900550025,Alistipes sp900761235,Prevotella rara,RQCD01 sp008668455,AM51-8 sp900761925,Lactobacillus hominis,UBA5905 sp004558485,GCA-900066905 sp900066905,CAG-269 sp003525075,MGYG000001679,Collinsella sp900556415,Clostridium_A leptum,MGYG000004621,MGYG000001979,Dorea_A sp900550865,Lacrimispora sp902363835,MGYG000001195,Proteus mirabilis,Blautia_A sp900541345,MGYG000001994,Adlercreutzia celatus_A,Bacteroides fluxus,Anaerococcus sp900550345,MGYG000003328,Phocaeicola sartorii,Dysosmobacter sp900548505,MGYG000003509,UBA737 sp900549755,D5 sp900113995,Leminorella richardii,Alistipes_A sp900545315,UMGS1477 sp900553845,Christensenella sp001678845,MGYG000002629,CAG-56 sp900539525,Collinsella sp900544465,Acutalibacter sp900543305,Bifidobacterium infantis
rep164_seed2189	Muribaculum sp002358615,Firm-11 sp900550955,MGYG000001020,CAG-485 sp900554845,Weizmannia coagulans,Roseburia hominis,Mailhella sp900553065,Bacteroides togonis,MGYG000002115,MGYG000000735,Phocaeicola sp900066455,RUG12045 sp900770325,Coprobacillus cateniformis,Collinsella sp900551655,CAG-317 sp000433215,NK3B98 sp900752305,MGYG000001825,Collinsella sp900751755,MGYG000004188,Parvimonas sp001553085,Collinsella sp900557505,Bariatricus sp900554415,Parabacteroides sp900547435,Mitsuokella sp003458855,Phocaeicola plebeius,UMGS1858 sp900555705,Cellulosilyticum sp900556665,Parabacteroides gordonii,Citrobacter europaeus,Catenibacterium mitsuokai,CAG-170 sp002404795,MGYG000004210,MGYG000004045,Phocaeicola sp002161765,UMGS1387 sp900551295,MGYG000002931,CAG-475 sp900547975,Fusobacterium nucleatum_E,Dialister sp900557365,Agathobaculum sp900291975,MGYG000002614,Blautia_A sp900548245,MGYG000000597,HGM11808 sp900757025,Longicatena caecimuris,Amulumruptor caecigallinarius
rep165_seed2190	MGYG000001284,UBA1409 sp900760125,UBA7597 sp900542935,UMGS692 sp900544545,Veillonella sp900549845,Faecalibacillus sp003480255,Fenollaria massiliensis,Prevotellamassilia sp004557035,MGYG000003867,UMGS929 sp900546875,Porphyromonas sp900546675,MGYG000003067,Schaedlerella sp900066545,UMGS1851 sp900555605,Enterobacter roggenkampii,Parabacteroides sp900552415,Anaerotignum lactatifermentans,CAG-411 sp000437275,Phocaeicola sp000434735,Collinsella sp900767675,HGM11514 sp900757255,F23-B02 sp900545805,Eubacterium_R sp900555015,MGYG000004231,CAG-177 sp900771185,Streptococcus sanguinis_H,UMGS905 sp900540085,Prevotella oris,F23-B02 sp004557075,MGYG000004677,CAG-1427 sp900546175,Collinsella sp900754525,MGYG000001805,Mediterraneibacter sp900761655,Collinsella sp900550205,MGYG000004772,Anaerococcus rubeinfantis,MGYG000004034,MGYG000002691,Blautia_A sp900066335,Collinsella sp900553215,Fournierella sp900543285,MGYG000002151,MGYG000001061,Holdemanella sp002299315,Collinsella sp900552995
rep166_seed2191	Merdimonas sp900553355,Eubacterium_M sp900540015,MGYG000000876,UBA1232 sp900544815,Olsenella_B sp000752675,Bifidobacterium catenulatum,Massilioclostridium coli,Ralstonia pickettii,MGYG000000709,Prevotella sp900548535,UBA7182 sp003480725,CAG-110 sp900549705,RC9 sp001915575,Paramuribaculum sp900752995,Collinsella sp900545905,MGYG000004093,Enterobacter_D kobei_A,MGYG000003877,Evtepia sp900546255,Phocaeicola sp000436795,Agathobacter sp000434275,QALS01 sp900555925,Roseburia intestinalis,Finegoldia magna,Rothia aeria,Massilimaliae timonensis,CABIZH01 sp902363205,RF16 sp900766775,Faecalibacillus intestinalis,MGYG000003167,Anaeroglobus micronuciformis,Succiniclasticum sp900544275,Ligilactobacillus agilis,MGYG000000735,MGYG000002221,An181 sp002160325,Collinsella sp900541045,Streptococcus oralis_E,HGM13006 sp900756575,UMGS1572 sp900553045,Acutalibacter timonensis,Lactiplantibacillus plantarum,SFLA01 sp004553575,Phytobacter ursingii,MGYG000000481,Dysosmobacter sp004553545
rep167_seed2192	Collinsella sp900549345,TM7x sp900555885,UMGS1241 sp900540495,MGYG000004107,Christensenella sp001678845,MGYG000003071,CAG-273 sp003534295,MGYG000004061,Ruminococcus sp002438605,UMGS1474 sp900547105,Anaerococcus lactolyticus,MGYG000004822,Massilistercora timonensis,Veillonella sp900552445,MGYG000003833,MGYG000003021,MGYG000000746,Ruthenibacterium sp900759375,MGYG000004591,MGYG000004304,Fusobacterium vincentii,MGYG000002150,MGYG000001994,Dysosmobacter sp900556925,UMGS929 sp900546875,Acidaminococcus fermentans_A,Collinsella sp900556365,Ellagibacter sp900554945,Gemmiger sp900545545,Collinsella sp900541685,UMGS1071 sp900541905,Faecalibacterium prausnitzii_E,CAG-170 sp002404795,OM05-12 sp900760755,Muribaculum sp002358615,MGYG000001880,MGYG000003441,Enorma massiliensis,MGYG000000361,MGYG000000662,UMGS403 sp900541565,Alistipes communis,MGYG000003923,CAG-495 sp900551585,MGYG000004863,Collinsella sp900541145
rep168_seed2193	Collinsella sp900757495,CAG-485 sp900760815,Faecalibacterium prausnitzii_C,UBA10677 sp003533505,GCA-900066905 sp900066905,CAG-762 sp900551315,MGYG000004002,CAG-145 sp900542565,ER4 sp900550165,MGYG000004841,Clostridium sp900543325,Enterocloster asparagiformis,Bacteroides uniformis,Blautia_A sp900120195,Fusobacterium_C gonidiaformans,MGYG000001870,RC9 sp000434935,CAG-313 sp000433035,Enterobacter hormaechei_A,Amedibacterium intestinale,Prevotella lascolaii,Alistipes_A indistinctus,Lancefieldella sp902373375,Garciella sp900555725,Ruminococcus_C sp000437255,Blautia_A sp003471165,MGYG000004359,MGYG000004228,Ruthenibacterium sp900546885,CAG-115 sp003507295,CAG-632 sp900539185,Ruminococcus_C sp900545285,Streptococcus oralis_W,Yersinia enterocolitica,Lachnoclostridium_B sp900066555,Bacteroides_F pectinophilus,MGYG000001841,MGYG000004791,Enterobacter cloacae,UMGS1670 sp902406135,MGYG000004880,Lachnospira sp000436475,Enterocloster clostridioformis_A,F23-B02 sp900545805,MGYG000000413,Stomatobaculum sp002892395
rep169_seed2194	UMGS1202 sp900549565,MGYG000004377,Ruminococcus_E sp002493635,CAG-485 sp002491165,Eubacterium_F sp000434115,Porphyromonas sp900538385,MGYG000004519,Blautia_A sp000436615,MGYG000004634,Agathobaculum sp900557315,Bacteroides cutis,MGYG000004660,UMGS902 sp900546635,Parasutterella sp900554375,Superficieibacter sp900766525,MGYG000004125,Collinsella sp900552295,Lactobacillus gallinarum,MGYG000004122,UMGS1279 sp900550315,Prevotella corporis,Adlercreutzia celatus_A,Phil1 sp001940855,Collinsella sp900550185,Butyricimonas sp900761485,UMGS1052 sp900548115,Campylobacter_A concisus_F,Eubacterium_M sp900540015,CAG-269 sp900553125,UBA3818 sp900557155,Collinsella sp900765115,HGM13862 sp900760825,Acinetobacter johnsonii,Phocaeicola sp900551065,CAG-145 sp900545135,UMGS1253 sp900550065,Slackia_A sp900555495,Enterobacter_A timonensis,CAG-1427 sp900556585,Faecalibacterium prausnitzii_M,Bilophila sp900553145,Collinsella sp900552875,Streptococcus sp900550895,CAG-83 sp900551995,Citrobacter werkmanii,UMGS1975 sp900556815
rep170_seed2195	UBA1191 sp900543485,Alistipes sp900549305,Ruminiclostridium_E sp003512525,CAG-390 sp900753295,CAG-269 sp900555615,UMGS1532 sp900552605,MGYG000004436,QALR01 sp900553085,MGYG000002901,UMGS1864 sp900555835,MGYG000004127,Salmonella enterica,Desulfovibrio desulfuricans,Ruminiclostridium_E siraeum,MGYG000002076,MGYG000002212,CACZQA01 sp900758075,Holdemanella sp003458715,Pseudoflavonifractor capillosus,CAG-196 sp900549855,Bacteroides nordii,Dorea_A sp900550865,UMGS1670 sp900546215,Collinsella sp003487125,Collinsella sp902388345,Ruminococcus_C callidus,Christensenella timonensis,UMGS1670 sp902406135,MGYG000000325,Lachnoclostridium_A sp002160755,Enterocloster aldenensis,MGYG000003470,Hungatella effluvii,MGYG000001808,Collinsella sp900549185,MGYG000001181,MGYG000004868,Streptococcus lutetiensis,Clostridium_AQ sp900552125,MGYG000004477,MGYG000004854,MGYG000004674,Marvinbryantia sp900066075,Collinsella sp900760325,MGYG000002041,Ligilactobacillus sp900765635
rep171_seed2196	UBA5416 sp900539175,MGYG000003822,MGYG000002150,Veillonella sp003463825,Rothia mucilaginosa,Clostridium_F botulinum_A,HGM12814 sp900770165,Collinsella sp900547345,MGYG000004750,F23-B02 sp900545805,Collinsella sp900544135,Megasphaera sp000417505,Pediococcus acidilactici,CAG-448 sp003150135,Pseudoruminococcus massiliensis,CAG-115 sp002492075,MGYG000001028,CAG-170 sp900545925,Agathobacter sp900547695,Bifidobacterium ruminantium,Eubacterium callanderi,Paraprevotella sp900548345,UBA1691 sp900552985,RUG14107 sp900772685,MGYG000002575,Firm-11 sp900548145,Marvinbryantia formatexigens,Phil1 sp001940855,MGYG000001839,Sutterella wadsworthensis,Proteus penneri,UBA1777 sp900547315,1XD42-69 sp014287635,TM7x sp900556355,Gemmiger sp900539695,MGYG000003777,Lachnoclostridium_B sp900066555,MGYG000004004,Eggerthella sp014287365,CAG-485 sp900555915,Bifidobacterium italicum,Blautia_A wexlerae_B,Stomatobaculum sp002892395,CAG-110 sp900540635,Bacteroides nordii,Bacteroides sp002491635
rep172_seed2197	MGYG000004607,Faecalimonas sp900551895,Collinsella sp900541475,Olsenella_E sp003609875,UMGS1224 sp900549775,MGYG000000746,Blautia_A luti,Prevotella sp000436915,Dysgonomonas sp900079735,UBA11471 sp000434215,Butyrivibrio_A sp000431815,MGYG000004172,Bacteroides stercoris,UMGS680 sp900544525,MGYG000004411,MGYG000004116,Anaerofustis sp900549875,Phocaeicola dorei,UBA7102 sp900760085,MGYG000000821,Clostridium_P massiliamazoniense,MGYG000002654,Blautia sp001304935,MGYG000002743,UBA737 sp900547095,Negativibacillus sp900547015,HGM13233 sp900762805,HGM11808 sp900757025,Negativibacillus sp000435195,Mediterraneibacter faecis,CAG-273 sp003534295,Proteus sp003144505,UBA1181 sp900769555,Haemophilus_D parainfluenzae_K,UMGS692 sp900544545,Collinsella sp900759565,UMGS902 sp003343845,Collinsella sp900545075,MGYG000004462,CAG-83 sp000431575,Citrobacter_B koseri,Prevotella sp900556795,MGYG000004599,UBA1691 sp002320555,CAG-288 sp000437395,Collinsella sp900547855
rep173_seed2198	UBA11774 sp003507655,Succinivibrio sp900548485,Chimaeribacter coloradensis,Yersinia bercovieri,UMGS1994 sp900553945,Dorea formicigenerans,MGYG000000585,MGYG000004180,MGYG000004305,Prevotella sp900553595,Collinsella sp900555355,Coprococcus sp900548215,Butyricimonas sp900761485,Prevotella sp002300055,Collinsella sp900752475,MGYG000004822,Enterocloster citroniae,Enterocloster sp001517625,Citrobacter_B koseri,UMGS1487 sp900552225,Lachnoclostridium_B sp900543315,Collinsella sp003470665,MGYG000002115,UBA1691 sp900552985,Paraprevotella sp900760455,MGYG000000359,OF09-33XD sp003481995,Dysosmobacter sp900542115,Mitsuokella multacida,ER4 sp900552015,Prevotellamassilia sp900543155,CAG-269 sp900760175,MGYG000004884,Terrisporobacter sp902363255,Odoribacter massiliensis,Collinsella sp900757185,CAG-145 sp900754795,MGYG000002719,UBA10677 sp003533505,Lachnospira sp000436535,Phascolarctobacterium sp900551745,UMGS995 sp900547465,MGYG000004107,Anaerosacchariphilus sp900066385,Phocaeicola plebeius_A,Streptococcus anginosus_C
rep174_seed2199	MGYG000004049,Faecalibacillus intestinalis,CAG-451 sp900760545,Monoglobus pectinilyticus,MGYG000004305,Neisseria macacae,Campylobacter_A concisus_G,MGYG000004310,MGYG000004118,Bacteroides ovatus,Anaerostipes hadrus_A,MGYG000002705,Prevotella sp900552675,CAG-170 sp900549635,Odoribacter laneus,Prevotella colorans,Parasutterella sp000980495,UMGS1441 sp900551755,Collinsella sp900547805,MGYG000004233,CAG-177 sp000431775,Alistipes sp001941065,QAKW01 sp003343605,UMGS268 sp900540705,Prevotella salivae,Veillonella atypica,Neisseria sp000186165,Ezakiella sp900540185,CAG-110 sp900546075,Faecalibacterium sp900539885,MGYG000003833,Prevotella sp002480935,Veillonella sp900550175,Lactococcus_A raffinolactis,UMGS1600 sp900553315,Limosilactobacillus antri,MGYG000003869,Cedecea davisae,Agathobacter rectalis,CAG-83 sp000435555,Alistipes sp900769745,Fusobacterium_A sp900015295,Fusobacterium polymorphum,MGYG000001921,MGYG000004599,Succinatimonas hippei
rep175_seed2200	CAG-762 sp900551315,MGYG000001859,Blautia_A faecis,Holdemanella sp003436425,Enterobacter cloacae,Mediterraneibacter sp900553885,CAG-485 sp900555915,RC9 sp900769145,UMGS911 sp900546695,CAG-110 sp900762935,UBA5905 sp002437905,MGYG000000724,Streptococcus sp902363395,MGYG000004808,Alistipes sp002161445,Prevotella sp900548195,Mobilibacterium sp900315625,MGYG000003256,Clostridium_P massiliamazoniense,Frisingicoccus sp900757195,MGYG000001921,Oscillibacter ruminantium,UBA7173 sp900759895,MGYG000000934,CAG-81 sp900541255,MGYG000000440,Clostridium_Q sp000435655,Eisenbergiella sp900066775,Bacteroides fragilis_A,CAG-390 sp000437015,Morganella morganii,CAG-485 sp900766975,CAG-110 sp900551495,UBA7597 sp900542935,Dialister sp900545785,Firm-11 sp004556545,CAG-110 sp900548795,Lacticaseibacillus rhamnosus,UMGS172 sp900539855,Bacteroides cellulosilyticus,MGYG000002086,Odoribacter sp900541415,S5-A14a sp000758905,RC9 sp900760425,Faecalitalea cylindroides,MGYG000000357
rep176_seed2201	BX12 sp014333425,Tidjanibacter inops_A,Blautia sp900539145,Haemophilus_D parainfluenzae_N,MGYG000004042,Agathobaculum sp900291975,Prevotella sp900546535,Gemella sanguinis,Dysosmobacter sp900551885,CAG-238 sp900551415,UBA7748 sp900314535,UBA5884 sp900551505,Blautia_A massiliensis,Eubacterium_T sp900766045,Prevotella sp900313215,Lachnospira rogosae_A,Collinsella sp000434535,Prevotella sp000434975,Salmonella bongori,UBA1691 sp900544375,QAKW01 sp003343605,Eisenbergiella sp900539715,Phocaeicola sp900551065,Parabacteroides sp000436495,MGYG000004247,UBA1234 sp900765095,MGYG000002071,MGYG000001594,Bacteroides intestinalis,MGYG000002743,MGYG000004258,Blautia_A sp900066145,Raoultella ornithinolytica,Collinsella sp900556285,UBA6398 sp900555645,Prevotella sp000435635,UMGS1418 sp900551595,MGYG000000702,CAG-462 sp900291465,Yokenella regensburgei,Christensenella timonensis,CAG-110 sp900540635,Collinsella sp900541025,MGYG000001585,MGYG000000512,Prevotella sp003447235
rep177_seed2202	CAG-882 sp000435595,Faecalimonas sp900546325,Blautia sp000432195,CAG-269 sp001916055,UMGS1603 sp900553265,MGYG000002921,CAG-492 sp000434335,MGYG000004154,Bifidobacterium sp002742445,Pauljensenia sp000308055,Angelakisella sp004557855,MGYG000004449,Phytobacter massiliensis,BX12 sp014333425,MGYG000004506,Prevotella brunnea,Bifidobacterium italicum,Pantoea sp002920175,MGYG000000724,Weissella confusa,Parabacteroides chinchillae,Intestinimonas sp900540545,MGYG000004188,Rothia aeria,MGYG000003837,Providencia stuartii,UMGS911 sp900545935,CAG-245 sp000435175,Phocaeicola sp902388365,Clostridium_E jeddahense,MGYG000001242,Clostridium butyricum,Faecalibacterium sp900539945,MGYG000003717,UMGS995 sp900547465,Paramuribaculum sp000431155,Peptoniphilus_A senegalensis,Prevotella sp900557255,Collinsella sp900555765,MGYG000003451,MGYG000004095,MGYG000001804,Veillonella sp900549845,CAG-170 sp900555665,MGYG000002064,MGYG000004654
rep178_seed2203	MGYG000002092,Campylobacter_B sp900539505,UMGS1864 sp900555835,MGYG000004367,Mailhella sp900541395,Roseburia sp003483745,MGYG000003955,HGM11368 sp900772745,MGYG000001840,Collinsella sp900762015,Anaerostipes hadrus,Lawsonibacter asaccharolyticus,Bacteroides sp900556215,Enterocloster sp900551225,Bacteroides bouchesdurhonensis,UBA11524 sp900769075,UBA1394 sp900554975,Olsenella_B sp000752675,MGYG000000456,Collinsella sp900554255,Bacteroides salyersiae,HGM11327 sp900759935,MGYG000004171,MGYG000002759,Alistipes sp900769445,UBA737 sp900547095,MGYG000004007,HGM13006 sp900756575,Fusobacterium_C gonidiaformans,Ruminococcus sp900540005,Fournierella sp004558145,RC9 sp900769905,UMGS1975 sp900546685,Sneathia amnii,Collinsella sp900550185,ER4 sp900552015,Phocaeicola sp900553185,Neisseria elongata,Merdibacter sp900754715,MGYG000003831,CAG-180 sp000432435,MGYG000004647,UBA5446 sp900545405,CAG-83 sp900548615,MGYG000002035,CAG-145 sp900542295
rep179_seed2204	Collinsella sp900762015,Streptococcus pasteurianus,Eubacterium_I ramulus_A,Lancefieldella sp000564995,CAG-317 sp000433535,Eubacterium_R sp003526845,Acidaminococcus provencensis,SFDP01 sp900770785,Bacteroides faecis,Fusobacterium_B sp900545035,UBA3818 sp900557155,MGYG000004702,CAG-180 sp000432435,MGYG000004693,UBA1191 sp900545775,MGYG000002067,CAG-83 sp902388735,Eubacterium_R sp900539165,Negativibacillus sp900547455,MGYG000003773,UBA4372 sp900543815,Limosilactobacillus antri,Fusobacterium_A ulcerans_A,MGYG000002624,Campylobacter_A concisus_E,MGYG000004039,UBA738 sp900763675,MGYG000001839,Campylobacter_A concisus_F,CAG-81 sp000435795,UMGS263 sp900540535,Streptococcus mitis,CAG-110 sp900769995,MGYG000002659,Prevotella sp900762125,UBA2883 sp002103075,MGYG000004213,MGYG000003175,NK4A136 sp002314855,MGYG000004010,UBA11524 sp900769075,MGYG000004791,MGYG000001717,MGYG000000346,UBA1417 sp900549945,Gemella morbillorum
rep180_seed2205	Dysosmobacter sp900544105,UMGS1293 sp900550385,UBA1191 sp900066305,MGYG000004634,MGYG000004655,CAG-354 sp900759015,Zag1 sp900769355,MGYG000004421,UBA6398 sp900555645,Phocaeicola sp000436795,Azonexus sp900549295,Blautia sp900765525,MGYG000002068,Peptoniphilus_A phoceensis,Collinsella sp900545875,Muribaculum sp002473395,Porphyromonas asaccharolytica,MGYG000002052,MGYG000004405,MGYG000002085,Acetatifactor sp900766575,Anaerotignum lactatifermentans,CAG-83 sp900545585,Rubneribacter badeniensis,Enterococcus_A avium,Prevotella pectinovora,MGYG000002901,MGYG000004112,Bacteroides fragilis,Aneurinibacillus aneurinilyticus,MGYG000003254,CAG-354 sp900555085,Streptococcus sanguinis_H,Eubacterium_R sp900767025,MGYG000002828,Caecibacter massiliensis,Ruminococcus_D sp900543145,Parabacteroides bouchesdurhonensis,UMGS1397 sp900761355,MGYG000003945,UBA5905 sp002437905,Sellimonas intestinalis,CAG-83 sp900551355,Collinsella sp900757385,MGYG000002170,MGYG000003021
rep181_seed2206	Collinsella sp900546825,MGYG000001683,Streptococcus salivarius,QALS01 sp900552625,RC9 sp900769145,Citrobacter_A sedlakii,Dysosmobacter sp004553545,Turicimonas sp900542195,Faecalibacterium prausnitzii,MGYG000002753,UBA5905 sp900764115,Weizmannia coagulans,UMGS1224 sp900549775,Lawsonibacter sp900066645,Clostridium_AQ sp003481775,Collinsella sp900556605,Porphyromonas sp900539155,Muribaculum sp001701195,MGYG000001811,Zag1 sp000438175,Odoribacter massiliensis,MGYG000001833,MGYG000001666,MGYG000003716,Roseburia sp003470905,Parasutterella sp900554375,Amulumruptor caecigallinarius,Collinsella sp902362275,Bacteroides sp900766195,Roseburia intestinalis,Mediterraneibacter sp900752395,MGYG000003254,RUG572 sp900771305,Coprococcus sp900767685,MGYG000001840,Catenibacterium sp000437715,Streptococcus sp004166885,Prevotella sp900554695,Actinomyces sp900323545,Collinsella sp900544135,Erysipelatoclostridium sp002160495,Lactiplantibacillus plantarum,Prevotella jejuni,Collinsella sp900550185,MGYG000001868,CAG-451 sp900760545
rep182_seed2207	MGYG000001958,MGYG000003434,UBA1777 sp900549865,CAG-485 sp900767075,UBA11471 sp000434215,MGYG000002683,UBA738 sp004557735,UMGS902 sp900546635,UMGS1491 sp900757335,MGYG000003913,CAAEEV01 sp900754955,Alistipes sp902388705,Lawsonibacter sp900766145,MGYG000004127,UBA7173 sp900540205,CAG-831 sp902388455,Prevotella sp900553595,CAG-485 sp002491165,Prevotella lascolaii,MGYG000004888,Lachnospira sp900772425,CAG-110 sp003525905,MGYG000001969,Alistipes sp900542505,Anaerocolumna aminovalerica,Paramuribaculum sp009775605,CAG-83 sp001916855,Prevotella buccalis,Eggerthella sp014287365,Collinsella aerofaciens_J,Yersinia frederiksenii,Prevotella sp900543975,Megamonas sp900554895,UMGS1474 sp900547105,MGYG000004187,CAG-177 sp003538135,GCA-900066755 sp900066755,Anaerococcus rubeinfantis,Intestinibacter bartlettii,MGYG000004503,Blautia_A sp003477525,Collinsella sp900549715,CAG-590 sp900544905,UBA1822 sp002314995,UBA1685 sp002320595,MGYG000002901
rep183_seed2208	MGYG000001979,UMGS1889 sp900556055,Phocaeicola sp000432735,HGM13010 sp900754965,Collinsella sp003436275,Blautia_A sp003474435,Phoenicibacter congonensis,Muribaculum sp003150235,MGYG000002642,HGM11372 sp900767715,Finegoldia magna,UMGS403 sp900540865,MGYG000004408,MGYG000000361,Prevotella sp900550365,43-108 sp001915545,MGYG000004411,MGYG000000481,CAG-495 sp001917125,MGYG000004621,MGYG000004496,Prevotellamassilia sp900543155,Franconibacter helveticus,Serratia ureilytica,UMGS403 sp900541565,Agathobaculum desmolans,Fusobacterium nucleatum_E,Acetivibrio_A ethanolgignens,Dysgonomonas gadei,Yersinia frederiksenii_C,CAG-462 sp003489705,Collinsella sp900542155,Firm-11 sp004556545,Collinsella sp900760905,Collinsella sp900556605,Fournierella sp900543285,Anaerobutyricum sp002161065,MGYG000002740,Dysosmobacter sp900544615,UMGS680 sp900544525,Blautia_A sp900763175,Enterocloster sp900547035,Enterococcus_D casseliflavus,MGYG000001811,Eisenbergiella sp900550285,UMGS1477 sp900553845
rep184_seed2209	MGYG000001915,Prevotella multisaccharivorax,Dysosmobacter sp900763685,Longicatena caecimuris,MGYG000002210,Mixta calida,Ruminococcus_D bicirculans,UMGS403 sp900541565,Lachnospira sp900316325,MGYG000002209,UMGS1696 sp900554225,Alistipes senegalensis,Paenibacillus_A sp900069005,CAG-269 sp900553125,Eubacterium_F sp000433735,Phascolarctobacterium sp900551745,Prevotella oralis,Anaerocolumna aminovalerica,Duodenibacillus sp900544255,Collinsella sp900757495,Collinsella sp900541125,Phascolarctobacterium sp900545535,UMGS1865 sp900768535,UBA10281 sp900767885,Fenollaria massiliensis,UBA2821 sp902763335,Acidaminococcus fermentans,MGYG000002223,Faecalibacterium sp900539885,Prevotella sp900555035,Pauljensenia sp900541895,Ruthenibacterium sp900546885,Dysgonomonas gadei,UMGS1994 sp900553945,Veillonella parvula_A,MGYG000001205,MGYG000003021,Pantoea agglomerans,MGYG000000348,Holdemanella biformis,MGYG000002063,Yersinia enterocolitica,MGYG000003294,Marvinbryantia formatexigens,RC9 sp000435075,Alistipes sp900768045
rep185_seed2210	UBA3388 sp900545215,RUG14107 sp900772685,Prevotella sp900554695,UBA1409 sp900760125,MGYG000000300,Fusicatenibacter saccharivorans,Gemmiger sp004555405,MGYG000002068,CAG-269 sp900552555,MGYG000000355,Collinsella sp900544425,Megasphaera sp900540735,HGM04593 sp900769765,RQCD01 sp008668455,F23-B02 sp004556755,MGYG000002210,Garciella sp900555725,Acidaminococcus fermentans_A,Dysosmobacter sp900542115,Barnesiella sp900542255,Granulicatella sp001058355,UMGS1484 sp900552285,Streptococcus mutans,CAG-288 sp000437395,MGYG000002041,MGYG000001871,Prevotella sp002299635,Lachnoclostridium_B sp900066765,MGYG000004702,MGYG000004845,Lachnoclostridium_B sp900066555,Campylobacter_A concisus,Plesiomonas shigelloides,UMGS1224 sp900549775,Collinsella sp900552295,MGYG000003480,CAG-110 sp900544945,Faecalimonas sp900546325,Lawsonibacter sp014287875,Blautia_A wexlerae_A,Gemmiger sp900554145,Eubacterium_R sp000433975,MGYG000004380,MGYG000004699,Akkermansia muciniphila_A,Lawsonibacter sp902363045
rep186_seed2211	CAG-349 sp003539515,MGYG000002614,Dialister sp002320515,Alistipes sp900546065,HGM11514 sp900757255,Proteus mirabilis,UBA9502 sp900540335,MGYG000000625,Desulfovibrio sp900540515,Dialister hominis,Peptococcus niger,MGYG000003798,Lacrimispora sp902363735,Prevotella sp900548195,MGYG000002675,CAG-110 sp900551495,Lachnospira sp900547255,Prevotella sp000436695,Yersinia pestis,MGYG000004803,Collinsella sp900552145,MGYG000004177,CAG-590 sp900548855,Sutterella seckii_A,Megasphaera sp001546855,Collinsella sp900548565,Prevotella sp000435635,MGYG000000739,Duodenibacillus sp003472385,Weissella cibaria,UBA11524 sp000437595,Prevotella sp900290275,Zag111 sp900551965,UBA1777 sp002320035,OF09-33XD sp003481995,MGYG000000711,Collinsella sp900544115,Prevotella sp900550365,Phocaeicola sp900551645,UBA11512 sp003522145,CAG-145 sp900754795,MGYG000001643,MGYG000003797,MGYG000002179,GCA-900066905 sp900066905,Bilophila wadsworthia
rep187_seed2212	CAG-83 sp900556015,MGYG000001735,MGYG000003938,Bifidobacterium breve,HGM11523 sp900756545,CAG-177 sp003514385,MGYG000004112,Butyricimonas sp900759925,Intestinibacter bartlettii,Collinsella sp900549245,Porphyromonas sp900548415,CAG-484 sp000431315,MGYG000002753,MGYG000003941,TM7x sp900557595,Butyricimonas sp900761485,Prevotella intermedia,Escherichia sp000208585,MGYG000004305,MGYG000001219,CAG-170 sp900555665,MGYG000004559,UBA5446 sp900546615,MGYG000004384,Akkermansia muciniphila_C,Oribacterium sinus,CAG-110 sp900548795,Phascolarctobacterium_A sp900547415,UBA6382 sp900557555,Mediterraneibacter sp900752395,MGYG000003833,Bacteroides sp900553815,Gemella sanguinis,Pantoea conspicua,Collinsella sp900541185,UBA1417 sp900552925,CAG-462 sp003489705,Alistipes_A ihumii,Collinsella sp900554255,Collinsella sp900549215,Roseburia hominis,Oribacterium sp900770445,Oxalobacter sp900760095,Anaerofustis sp900549875,Fusobacterium_A sp900764925,UBA3818 sp900557155
rep188_seed2213	MGYG000004093,UBA1417 sp003531055,Collinsella sp900555815,Collinsella sp900550815,Parabacteroides merdae,Terrisporobacter sp900557165,Muricomes oroticus,Blautia_A sp900066205,Megamonas funiformis,Enterocloster sp005845215,Collinsella aerofaciens_A,Parvimonas sp001553085,Evtepia sp900546255,Ruminococcus sp900761275,Psychrobacillus sp012843435,Alistipes sp900761235,Phoenicibacter congonensis,Collinsella sp902388345,HGM13233 sp900762805,Parabacteroides sp900540715,MGYG000000640,Dysosmobacter sp900542115,CAG-1427 sp900546175,MGYG000004477,UBA5905 sp900764115,Ruminococcus_E sp002493635,CAG-115 sp003531585,Collinsella sp900551015,QALW01 sp003150515,Merdibacter sp900543035,Streptococcus sp902363395,Alistipes sp001941065,MGYG000004198,TF01-11 sp003529475,Eisenbergiella sp900544445,MGYG000003826,UMGS1418 sp900551595,CAG-603 sp900066105,Eubacterium_I sp900546495,MGYG000003950,Bifidobacterium ruminantium,Faecalicoccus sp900546545,Collinsella sp003436275,MGYG000002170,UBA4644 sp900763355,MGYG000002610
rep189_seed2214	Ruminococcus sp900761275,MGYG000000547,An92 sp900199495,Anaerobutyricum sp002161065,UMGS1441 sp900543365,Zag1 sp900769645,Acetatifactor sp900755865,MGYG000002626,CAG-303 sp900539455,Eubacterium_T sp900766045,Anaerotruncus rubiinfantis,Collinsella sp900541025,CAG-353 sp900768995,Negativibacillus sp900547015,Alloprevotella tannerae,Prevotella disiens,UMGS911 sp900546695,Haemophilus_D parainfluenzae,Collinsella sp900761155,Prevotella sp900549175,MGYG000003206,Anaerostipes sp900066705,UMGS1781 sp900555075,UBA1691 sp900544715,CAG-83 sp900313295,Collinsella sp900542325,Lawsonibacter sp900553135,MGYG000004722,UMGS1540 sp900552775,UBA1417 sp003531055,MGYG000004408,Faecalibacterium sp900765105,MGYG000004428,Collinsella sp900754385,Prevotella sp900546345,Collinsella sp900554655,MGYG000003882,PeH17 sp000435055,MGYG000004367,Peptostreptococcus stomatis,Lachnoclostridium_A sp003464085,Yersinia enterocolitica,Holdemanella sp900547815,CAG-127 sp900553925,MGYG000004839,Marvinbryantia sp900066075
rep190_seed2215	Agathobacter sp900549895,Acetatifactor sp900066565,UMGS1397 sp900761355,Collinsella sp900541055,MGYG000001859,MGYG000003719,UMGS1901 sp900553755,Odoribacter laneus,MGYG000004393,UBA9475 sp900549885,UBA4871 sp900554535,Stoquefichus massiliensis,UMGS1600 sp900553315,Lawsonibacter sp014287875,Weissella confusa,MGYG000004035,Pradoshia sp001183965,MGYG000002099,CAG-145 sp900542295,Alistipes sp900760675,MGYG000004858,Prevotella sp900548585,MGYG000000516,UBA1777 sp900549545,MGYG000003647,Marvinbryantia formatexigens,Dysgonomonas gadei,Sporanaerobacter acetigenes,Raoultibacter timonensis,Collinsella sp900556495,Eubacterium_R sp000433975,MGYG000004363,TM7x sp900555265,Extibacter sp001185345,UBA7160 sp900757145,Duncaniella sp900549445,Coprobacter sp900545915,Blautia_A wexlerae_A,Lactococcus_A raffinolactis,CAG-485 sp900321585,Faecalimonas sp000209385,CAG-83 sp902388735,Phascolarctobacterium_A sp900553055,Oxalobacter formigenes_B,CAG-81 sp900066055,CAG-617 sp000438115
rep191_seed2216	Eubacterium_R coprostanoligenes,Limosilactobacillus timonensis,Odoribacter sp900544025,Butyricimonas paravirosa,MGYG000004154,Catenibacterium sp900764565,Acetatifactor sp003447295,MGYG000000342,CAG-110 sp900556935,MGYG000004171,CAG-279 sp900544305,Faecalibacillus intestinalis,MGYG000000383,UMGS1851 sp900555605,Clostridium septicum,MGYG000004881,MGYG000002085,Bilophila sp902373525,Haemophilus_A paraphrohaemolyticus,Eubacterium_R sp900540235,Lawsonibacter sp900066825,Serratia marcescens_I,CAG-582 sp900760845,MGYG000004219,UMGS1474 sp900547105,Faecalibacterium sp900539945,MGYG000003747,F23-B02 sp004556755,Leminorella richardii,CAG-354 sp900759015,Garciella sp900555725,Blautia sp900753905,Methanobrevibacter_A smithii,Stoquefichus massiliensis,MGYG000004742,HGM12587 sp900766915,UBA1822 sp002314995,Slackia_A sp900555495,Bifidobacterium bifidum,Collinsella sp900762345,MGYG000000616,Salinicola tamaricis,Acetivibrio_A ethanolgignens,Pseudoflavonifractor sp014287675,Neobittarella massiliensis,CAG-822 sp000432855
rep192_seed2217	Collinsella sp002391315,Pantoea anthophila,Anaerocolumna aminovalerica,Prevotellamassilia sp900541335,Dysosmobacter sp900551885,MGYG000004845,MGYG000000400,MGYG000002112,Collinsella sp900544095,UMGS1370 sp900542035,MGYG000003995,MGYG000002073,UBA5446 sp900759385,Klebsiella_A grimontii,CAG-45 sp000438375,Holdemania massiliensis,Ruminococcus_E sp900755995,Anaerosporobacter mobilis,SFTJ01 sp004557385,CAG-269 sp900554175,Blautia sp900765525,Clostridium tertium,MGYG000000632,Blautia_A luti,UBA4871 sp900554535,UBA4285 sp900545225,MGYG000001181,MGYG000004159,UBA9475 sp900554075,MGYG000000403,Hungatella effluvii,Blautia_A hydrogenotrophica,UBA7185 sp900756555,Evtepia gabavorous,MGYG000001761,Collinsella sp900555585,Marseille-P3106 sp900169975,Klebsiella_A indica,Allisonella pneumosintes,CAG-314 sp000437915,Enterocloster sp900543885,Blautia sp002161285,Enterocloster sp900547035,Ruminococcus_C sp900545285,Alistipes sp900768045,Campylobacter_A concisus_W
rep193_seed2218	Phocaeicola massiliensis,Victivallis sp002998355,MGYG000004803,CAG-313 sp000433035,MGYG000000739,Fusobacterium vincentii,MGYG000004100,CAG-110 sp900548795,Alloprevotella tannerae,HGM13006 sp900757695,MGYG000001873,UMGS911 sp003343545,UMGS882 sp900757905,Escherichia sp000208585,Lachnospira eligens_A,Catenibacterium sp900540685,Collinsella sp900548515,UMGS1484 sp902388225,Clostridium_J sp000821305,MGYG000004553,UBA7173 sp900759895,Fusobacterium_C gonidiaformans,MGYG000004514,MGYG000000724,MGYG000000413,Yersinia bercovieri,Bacteroides nordii,UMGS1864 sp900555835,MGYG000004657,COE1 sp900753305,UBA9502 sp900540335,Alistipes sp001941065,UBA1691 sp900544715,MGYG000004880,Prevotella sp900540375,Acidaminococcus timonensis,UMGS1071 sp900542375,GCA-900066905 sp900066905,Absicoccus sp000434355,Pediococcus acidilactici,MGYG000000627,CAG-417 sp000432835,UBA9475 sp900554075,Collinsella sp900758845,CAG-115 sp000432175,MGYG000004628
rep194_seed2219	Pradoshia sp001183965,Fusobacterium_A sp900555845,Angelakisella sp900547385,Collinsella sp900556285,Pseudoflavonifractor capillosus,Cronobacter malonaticus,MGYG000003067,Senegalimassilia anaerobia,MGYG000003895,Proteus sp003144505,MGYG000004224,MGYG000003813,MGYG000004891,Methanosphaera cuniculi,Enterobacter cloacae_K,Bacteroides pyogenes,UMGS1994 sp900553945,Lacticaseibacillus rhamnosus,Parabacteroides sp900548175,Ligilactobacillus agilis,Campylobacter_B hominis,Phocaeicola dorei,Phascolarctobacterium_A sp900541915,Paraclostridium tenue,Collinsella sp900544115,Lactobacillus paragasseri,Methanobrevibacter_A woesei,Granulicatella sp900551535,Prevotella sp004556065,Enterocloster clostridioformis,UBA737 sp900547095,Prevotellamassilia sp900772575,UBA6398 sp003150315,CAG-269 sp900760175,Dielma sp001305055,RC9 sp900769905,MGYG000001841,MGYG000000752,MGYG000000635,Yersinia kristensenii,SFEL01 sp004557245,CAG-873 sp900755985,MGYG000000763,TM7x sp900557595,Enterocloster clostridioformis_A,Fusobacterium polymorphum
rep195_seed2220	Veillonella sp900765235,CAG-83 sp000435975,CAG-831 sp900771335,MGYG000000637,CAG-269 sp900754285,Alistipes sp900768045,CAG-269 sp900553985,Pseudobutyrivibrio fibrisolvens_A,CAG-510 sp000434615,Collinsella aerofaciens_A,Neobacillus rubiinfantis,Prevotella sp900550035,CAG-83 sp000431575,UBA1409 sp900760125,CAG-177 sp003514385,Collinsella sp900554255,Barnesiella sp900538705,UBA1232 sp900544815,NSJ-61 sp003433845,Haemophilus_D parainfluenzae_M,MGYG000004713,UMGS1670 sp900548595,UMGS1375 sp900066615,Vibrio parahaemolyticus,Collinsella sp900549355,Phascolarctobacterium_A sp900757795,Murdochiella massiliensis,MGYG000004496,Enterococcus_D casseliflavus,CAG-115 sp003507295,Peptoniphilus_E obesi,Ruminococcus_E sp900543095,Streptococcus gordonii,MGYG000000759,Moellerella wisconsensis,MGYG000001780,Gemmiger variabilis_A,Gemmiger sp900540595,Caecibacter sp900549385,Tidjanibacter inops_A,MGYG000004045,Collinsella phocaeensis,MGYG000002090,UMGS1071 sp900541905,MGYG000001142,UBA3766 sp900769175
rep196_seed2221	Prevotella sp900545525,Prevotella sp002299275,Blautia_A sp900066335,Collinsella sp900549215,Collinsella sp900555555,CAG-485 sp900766975,MGYG000002628,Collinsella sp900548515,Proteus penneri,MGYG000004808,MGYG000004197,Phascolarctobacterium_A sp900552855,HGM12998 sp900756495,CAG-485 sp900321585,MGYG000003977,Parasutterella sp900766055,Lachnospira sp000436475,Dialister sp900759415,Enterocloster lavalensis,UBA1777 sp900549545,MGYG000000662,MGYG000002714,RUG115 sp900066395,MGYG000003206,CAG-196 sp900553895,Streptococcus mutans,MGYG000004800,Campylobacter_B hominis,CAG-180 sp004556705,Enterobacter sichuanensis,Fusobacterium polymorphum,Streptococcus sp000187445,Eubacterium callanderi,MGYG000004519,Amulumruptor caecigallinarius,Proteus mirabilis,MGYG000003975,MGYG000003015,Slackia_A isoflavoniconvertens,Collinsella sp002391315,Alistipes_A ihumii,Veillonella sp900552715,Eggerthella lenta,HGM04593 sp900769765,Collinsella sp900542325,MGYG000002646
rep197_seed2222	MGYG000002785,MGYG000004881,MGYG000002005,MGYG000001826,CAG-831 sp900771335,Prevotella lascolaii,Prevotella rara,UBA9475 sp900554075,NSJ-38 sp902363445,MGYG000004873,MGYG000001568,CAG-303 sp000437755,UMGS1375 sp900066615,Pantoea sp002920175,MGYG000004689,MGYG000003509,Gemella morbillorum,MGYG000004003,NK4A136 sp002314855,F23-B02 sp004557075,Actinomyces graevenitzii,Alistipes_A ihumii,CAG-238 sp000435615,Parabacteroides acidifaciens,Pseudomonas_E bubulae,MGYG000004154,RC9 sp900545245,MGYG000000716,Robinsoniella peoriensis,MGYG000004383,Blautia_A sp900553515,MGYG000001775,CAG-269 sp900552555,Lysinibacillus fusiformis_D,Bifidobacterium sp900551485,RUG12045 sp900770325,UMGS1591 sp900553255,MGYG000004049,MGYG000002216,Yersinia bercovieri,Mobilibacterium timonense,Peptostreptococcus stomatis,Bacteroides sp007896885,Prevotellamassilia sp900546605,MGYG000004864,Marseille-P3106 sp900169975
rep198_seed2223	Mediterraneibacter_A butyricigenes,Gabonibacter massiliensis,MGYG000003644,CAG-115 sp003516865,CAG-488 sp900539465,MGYG000004495,Prevotella hominis,Streptococcus pseudopneumoniae_O,MGYG000001588,MGYG000003784,CAG-462 sp003489705,Lancefieldella sp900555335,Phocaeicola sp900552075,Citrobacter portucalensis_A,Streptococcus sp001556435,MGYG000002223,RC9 sp000435075,MGYG000004229,MGYG000000300,UBA5905 sp002437905,Brachyspira pilosicoli,Treponema_D sp900769975,CAG-317 sp000433215,UBA1752 sp900554405,Prevotella intermedia,Enterococcus_D sp002850555,Blautia_A sp900551465,CAG-180 sp900540295,MGYG000002215,MGYG000002035,HGM04593 sp900769465,Lachnospira sp900772425,CAG-485 sp900767075,CAG-272 sp900556615,Peptoniphilus_B duerdenii,Rothia aeria,Collinsella sp900556285,NSJ-50 sp014385105,Muricomes oroticus,CAG-269 sp001916065,MGYG000003798,UBA7160 sp902363665,MGYG000001817,Bacteroides oleiciplenus,Enterococcus_A devriesei,Blautia_A sp900540785
rep199_seed2224	Ralstonia pickettii,Eisenbergiella sp900066775,MGYG000003305,Ruminococcus_A faecicola,MGYG000004174,Pantoea ananatis,MGYG000004312,CAG-485 sp002491165,CAG-110 sp900554705,Eubacterium_I sp900546495,Duncaniella sp900544535,Massilimaliae sp900752435,MGYG000002203,Massilicoli timonensis,Coprococcus sp000154245,MGYG000004702,NSJ-61 sp003433845,MGYG000004080,Streptococcus oralis_W,MGYG000004583,MGYG000002107,Fournierella sp004558145,CAG-492 sp900557195,MGYG000004845,Prevotella sp900771975,Ruminiclostridium_E sp900556525,CAG-194 sp000432915,Enterobacter sichuanensis,CAG-110 sp900546915,Haemophilus sp002998595,CABIZH01 sp902363205,Yersinia kristensenii,MGYG000001879,MGYG000002086,Clostridium_AQ sp900552125,Pseudomonas_E bubulae,Dysosmobacter sp004553545,MGYG000001921,Agathobacter sp900550545,Collinsella sp900551815,MGYG000003816,Collinsella sp900752015,MGYG000002210,Phascolarctobacterium sp900551745,UMGS874 sp900546315,Collinsella sp900754525
rep200_seed2225	MGYG000001568,Proteus sp001722135,Massilioclostridium coli,CAG-81 sp000435795,UMGS1872 sp902373635,HGM12650 sp900761725,HGM13233 sp900762805,Collinsella sp900762345,MGYG000004029,Collinsella sp900548365,MGYG000000505,Faecalibacillus intestinalis,MGYG000001581,Beduini sp902363625,Prevotellamassilia sp900772575,Collinsella sp900554255,MGYG000003752,Murdochiella massiliensis,BX12 sp014333425,CAG-762 sp900551315,Clostridium nigeriense,MGYG000004820,CAG-485 sp900766975,Roseburia sp900548205,CAG-302 sp000431795,MGYG000002084,Ruminococcus_B gnavus,MGYG000004800,Streptococcus timonensis,Bulleidia moorei,MGYG000000760,Coprobacillus cateniformis,Mediterraneibacter sp900541505,UMGS1696 sp900763885,UMGS1690 sp900554165,Blautia sp002161285,Alistipes sp900769405,CHH4-2 sp002899675,Bifidobacterium sp900551485,Mixta calida,Anaerotruncus massiliensis,HGM13862 sp900760825,Klebsiella aerogenes,MGYG000004700,Faecalibacterium prausnitzii_I,MGYG000000706
rep201_seed2226	Collinsella sp900544875,CAG-83 sp000435975,Anaerococcus rubeinfantis,Yersinia kristensenii_B,UBA7160 sp902363135,MGYG000001833,Acetatifactor sp003447295,Enterobacter bugandensis,Collinsella sp900755685,CAG-81 sp900556965,HGM04593 sp900769465,Campylobacter_A concisus_B,UMGS1532 sp900552605,Harryflintia acetispora,MGYG000002686,Streptococcus pseudopneumoniae_O,Streptococcus oralis_W,MGYG000003777,MGYG000004342,CAG-1427 sp900546175,Lagierella massiliensis,UBA1417 sp900549945,UBA1822 sp900545365,MGYG000001914,CAG-110 sp900546915,MGYG000001033,MGYG000002626,MGYG000001583,UBA5394 sp900542615,MGYG000001582,Butyricicoccus_A sp002395695,Chimaeribacter arupi,CAG-145 sp900542565,UBA7173 sp001701135,Ruminococcus_G gauvreauii,MGYG000004330,Faecalimonas sp900551895,MGYG000004901,MGYG000004061,Collinsella sp003436275,MGYG000004085,Alistipes sp900760675,Lactobacillus amylolyticus,MGYG000002614,CAG-317 sp900543415,Enterocloster bolteae
rep202_seed2227	Proteus mirabilis,Anaerobutyricum sp900754855,Enterobacter asburiae_B,Faecalibacterium prausnitzii_I,Collinsella sp900554155,Phocaeicola coprophilus,UBA1777 sp900547315,UBA1691 sp900552985,ER4 sp000765235,MGYG000000674,Blautia sp000432195,Pantoea conspicua,MGYG000002089,Bacillus_A luti,MGYG000004665,MGYG000001921,CAG-793 sp900557475,Prevotella sp900769275,Lactobacillus amylolyticus,Enterocloster sp900551225,MGYG000003752,MGYG000003941,UMGS1052 sp900548115,MGYG000004436,MGYG000002766,MGYG000000728,Phytobacter massiliensis,Collinsella sp900546115,Eubacterium_R sp900543795,MGYG000004198,Treponema_D sp900769975,Streptococcus sp004166885,UBA9502 sp003480315,Pseudescherichia sp002298805,CAG-217 sp900547275,Pantoea agglomerans,Borkfalkia ceftriaxoniphila,Prevotella sp900556795,CAG-590 sp900552885,Collinsella sp900541685,Weissella viridescens,CAG-83 sp902388735,Pseudoruminococcus sp902765855,Eikenella corrodens,Prevotella sp900546345,MGYG000004122
rep203_seed2228	UMGS1889 sp900556055,MGYG000002714,Lachnospira sp900772425,HGM13006 sp900756575,Paraeggerthella hongkongensis_A,MGYG000000576,CAG-964 sp000435335,CAG-110 sp900549705,Schaedlerella sp900765975,Duncaniella sp900549445,CAG-83 sp900547745,Bacteroides sp900766005,MGYG000004306,MGYG000003867,Bacteroides sp900761785,Dysosmobacter sp900752075,CAG-492 sp000434015,CAG-81 sp900066055,UBA3388 sp002358835,Sporanaerobacter acetigenes,Blautia_A sp900551715,Pseudomonas_E massiliensis,Eisenbergiella tayi,Megasphaera sp900539295,Blautia hansenii,CAG-83 sp900552475,CAG-115 sp003531585,MGYG000003616,MGYG000004393,MGYG000002769,Clostridium_Q sp003024715,UMGS1388 sp900551345,UBA1777 sp002320035,CAG-83 sp900552725,Peptoniphilus_B duerdenii,MGYG000003175,UMGS1532 sp900552605,MGYG000004857,MGYG000002706,Phascolarctobacterium_A succinatutens_A,Collinsella sp900542965,Phocaeicola sp900546355,MGYG000002704,Agathobacter sp900552085,Bacteroides clarus,CAG-269 sp900556345
rep204_seed2229	Prevotella sp900549175,UMGS902 sp900546635,UBA7173 sp900759895,MGYG000000635,Enterocloster sp005845215,MGYG000000597,Bacteroides fragilis,Pauljensenia sp001064145,MGYG000002901,MGYG000004611,Sporanaerobacter acetigenes,Collinsella sp900553215,CAG-103 sp900543625,UBA1394 sp900066845,MGYG000003980,MGYG000003707,Anaerococcus lactolyticus,Fusobacterium_C necrophorum,Evtepia sp004556345,Fusobacterium_B sp900542625,Collinsella sp900553935,MGYG000000763,Prevotella sp900557405,Porphyromonas uenonis,Dysosmobacter sp900548505,Gordonibacter sp003339845,CAG-791 sp000431495,CAG-110 sp900549705,CAG-81 sp900066535,MGYG000004364,Collinsella sp900547855,Blautia sp001304935,Rothia mucilaginosa,Porphyromonas uenonis_A,MGYG000003322,MGYG000004342,MGYG000001685,CAG-170 sp900545925,CAG-180 sp000432435,Prevotella sp900548195,MGYG000001642,UBA2882 sp900542015,UMGS1826 sp900555435,Amedibacterium intestinale,Collinsella sp900757385,MGYG000003304
rep205_seed2230	MGYG000002717,MGYG000003788,Fusobacterium_B sp900541465,F23-B02 sp002472405,UBA644 sp900547165,MGYG000002743,Prevotellamassilia sp900543155,UBA1829 sp900760615,Collinsella sp900546455,UBA9475 sp900549885,Agathobacter sp900550545,Christensenella minuta,MGYG000003045,CAG-313 sp900539265,Bacteroides sp902388495,Johnsonella sp900766185,Zag111 sp900551965,UBA2883 sp002103075,Peptoniphilus_B sp000478985,Pauljensenia sp900556405,MGYG000004411,Terrisporobacter glycolicus_A,MGYG000004760,Bacteroides sp003545565,MGYG000003175,Collinsella sp900556605,MGYG000004522,Flavonifractor sp900549795,UMGS1889 sp900556055,S5-A14a sp900553025,Bacteroides gallinarum,Clostridium_B sp902809985,MGYG000003798,Lactobacillus kalixensis,MGYG000003950,Angelakisella sp004557855,MGYG000003948,Prevotella sp900546345,Klebsiella_A indica,Frisingicoccus caecimuris,MGYG000004853,UMGS268 sp900540705,MGYG000002176,Oxalobacter formigenes,Gemmiger sp900540775,MGYG000003776
rep206_seed2231	Marvinbryantia sp900066075,CAG-269 sp900762425,Clostridium_Q saccharolyticum_A,Gabonibacter massiliensis,Holdemania filiformis,Oribacterium sp900770445,MGYG000004598,MGYG000004206,CAG-353 sp900768995,UMGS1781 sp900554635,UMGS1826 sp900555435,Acinetobacter johnsonii,MGYG000003855,MGYG000001880,UBA9475 sp900554075,Veillonella_A sp900765165,Alistipes sp900553175,Turicimonas muris,MGYG000003021,Paraeggerthella hongkongensis_A,Phocaeicola sp900544675,CAG-617 sp000431275,CAG-110 sp900762245,MGYG000000450,Massiliomicrobiota sp002160815,Clostridium sp900540255,F0422 sp900766245,UBA9502 sp003506385,Pantoea conspicua,Acidaminococcus fermentans_A,MGYG000003206,MGYG000004238,Clostridium sp900769625,COE1 sp900753305,Akkermansia sp900548895,TF01-11 sp000436755,Dorea_A longicatena_B,Dysosmobacter sp900544955,CAG-83 sp900547745,Ruminococcus_E sp900543095,Eubacterium_R sp900539325,MGYG000004304,Collinsella sp900555555,UMGS403 sp900541565,UBA1191 sp900066305,CAG-354 sp900555085
rep207_seed2232	MGYG000004107,UMGS1603 sp900759005,Succinatimonas hippei,Prevotellamassilia sp900539625,Proteus sp001722135,Prevotella sp900547005,Hydrogeniiclostridium sp900550095,CAG-95 sp000436115,MGYG000003211,Bacteroides faecis,MGYG000004325,Enterocloster clostridioformis_A,Collinsella sp900541015,MGYG000003831,Streptococcus vestibularis,MGYG000001837,Bacteroides cellulosilyticus,SFDP01 sp004558185,MGYG000003776,Anaerofustis sp900549875,Mailhella sp900541395,UBA5905 sp004558485,Klebsiella variicola,Catenibacterium mitsuokai,UMGS966 sp900547185,Anaerosalibacter massiliensis,CAG-127 sp900553925,UBA11774 sp003507655,MGYG000004741,Peptoniphilus_B duerdenii,CAG-465 sp900554875,Gemmiger sp004555405,MGYG000000821,MGYG000002738,Collinsella sp900546455,UBA5446 sp900544765,Collinsella sp900549185,Klebsiella_A oxytoca,Ruminococcus_C sp000980705,CAG-81 sp900066535,Collinsella sp900556495,UBA9502 sp900555625,Dorea_A longicatena,Fusicatenibacter sp900772675,QAKD01 sp003343965,Blautia_A wexlerae_B
rep208_seed2233	Olsenella sp900555995,Collinsella sp900545555,Enterocloster sp005845215,UBA7160 sp902363665,CAG-269 sp900556345,MGYG000001805,MGYG000000576,CAG-312 sp002405555,Campylobacter_A concisus_W,MGYG000003315,MGYG000002249,Veillonella sp900552445,Merdimonas sp900553355,UBA2882 sp900549665,CAG-882 sp900545455,Enterocloster sp900759225,MGYG000004028,CAG-83 sp900551355,Pantoea sp002920175,Eisenbergiella tayi,Veillonella dispar,SFDP01 sp004558185,Eubacterium_G sp000432355,Amulumruptor caecigallinarius,CAG-1031 sp000431215,Prevotella sp000436915,ER4 sp900763705,F23-B02 sp002472405,Veillonella_A seminalis,Ruminiclostridium_E sp003512525,MGYG000003776,MGYG000004808,UBA866 sp900543295,Yersinia mollaretii,CAG-110 sp900544705,MGYG000004174,Pauljensenia sp902373545,Enterocloster sp900555905,Alistipes sp900770635,Acidaminococcus fermentans_A,MGYG000001717,F23-B02 sp004557075,Lachnoclostridium_A edouardi,MGYG000002052,Acetatifactor sp900554205,Bacteroides sp007896885
rep209_seed2234	UMGS1472 sp900552095,MGYG000002069,Ruthenibacterium sp900759375,Faecalibacillus intestinalis,Collinsella sp900555585,MGYG000002758,Enterocloster lavalensis,MGYG000001958,MGYG000004822,CAG-312 sp002405555,Hydrogeniiclostridium mannosilyticum,Porphyromonas sp900538385,MGYG000003850,MGYG000000736,MGYG000003297,MGYG000001049,Lactonifactor longoviformis,UMGS1071 sp900541905,Collinsella sp900549215,Megasphaera stantonii,CAG-831 sp000432775,Prevotella sp900546535,Collinsella sp900549455,Ruminococcus_E sp900755995,MGYG000004075,CAG-390 sp000437015,Coprococcus sp900548215,MGYG000002229,Agathobaculum sp003481705,MGYG000002646,MGYG000004023,Limosilactobacillus reuteri_E,CAG-110 sp900556935,Campylobacter_A concisus_G,Acidaminococcus sp900770265,CAG-269 sp003525075,MGYG000001032,Phascolarctobacterium_A sp900770955,MGYG000002759,MGYG000004702,MGYG000003005,Phocaeicola sp902388365,HGM13006 sp900756575,MGYG000001727,CAG-83 sp900551995,MGYG000003837
rep210_seed2235	MGYG000002719,Collinsella sp900542325,Zag1 sp900769355,Collinsella sp900556445,Actinomyces sp900323545,MGYG000004139,Acinetobacter johnsonii,Prevotella sp900546535,UMGS1600 sp900553315,UMGS1484 sp900552285,Intestinibacter bartlettii,MGYG000001679,UMGS1668 sp900768105,MGYG000003882,Acetatifactor sp900066365,CAG-302 sp900548425,Dysosmobacter sp900763685,NK4A136 sp002314855,RUG12045 sp900770325,Alistipes provencensis,UMGS1071 sp900541905,Prevotella sp900315955,Sellimonas intestinalis,MGYG000000380,Bifidobacterium dentium,Lachnospira sp900772425,Yokenella regensburgei,Lachnospira rogosae_A,Providencia stuartii,MGYG000002772,Peptoniphilus_E obesi,UMGS2016 sp900557185,Ezakiella sp900540185,MGYG000001137,Peptostreptococcus stomatis,Collinsella sp900541645,MGYG000004393,MGYG000004004,Paenibacillus lactis,MGYG000001049,MGYG000001906,MGYG000000359,MGYG000000403,MGYG000003863,Collinsella sp900542965,Marvinbryantia sp900550755
rep211_seed2236	CAG-1427 sp900548955,Collinsella sp900556445,MGYG000003324,MGYG000001112,MGYG000004325,MGYG000000361,MGYG000001868,MGYG000004693,MGYG000000411,Clostridium_B tyrobutyricum,RC9 sp900769145,MGYG000004791,Acetatifactor sp900766575,UBA11524 sp000437595,Acidaminococcus intestini,MGYG000002743,43-108 sp001915545,Bacteroides eggerthii,MGYG000004845,Campylobacter_A concisus_L,Enterocloster sp900540675,CAG-314 sp900551395,UMGS1696 sp900753285,Collinsella sp900541645,Prevotella disiens,CAG-269 sp900556945,MGYG000002112,Yokenella regensburgei,Pradoshia sp001183965,Pauljensenia sp900556405,MGYG000003271,MGYG000002055,Alistipes_A sp900549685,OF09-33XD sp003481995,Faecalimonas sp000209385,MGYG000003869,MGYG000004665,QANA01 sp900554725,MGYG000002098,MGYG000003109,RUG11247 sp902767315,Pseudomonas_E massiliensis,Gemmiger sp900554145,Faecalibacterium prausnitzii,Alistipes sp001941065,Veillonella sp900552715
rep212_seed2237	MGYG000004854,CAG-303 sp900539455,Prevotella sp900769275,Phascolarctobacterium_A sp900551335,Fusobacterium massiliense,UBA1777 sp003150355,Clostridium_AQ sp003481775,Bacteroides salyersiae,UBA5905 sp004558485,Fusobacterium_B sp900541465,Massiliomicrobiota sp002160865,MGYG000000674,UMGS1668 sp900768105,Faecalimonas sp000209385,UMGS1670 sp900548595,MGYG000001885,CAG-485 sp000437495,MGYG000001833,Collinsella sp900554465,Campylobacter_A concisus_W,Prevotella jejuni,SFMI01 sp004556155,Pseudoflavonifractor capillosus,MGYG000004822,MGYG000004449,Collinsella sp900556285,MGYG000000576,MGYG000002629,MGYG000000433,Prevotella sp900556825,UMGS1370 sp900551135,UBA1829 sp900760615,MGYG000004367,MGYG000003136,Mediterraneibacter sp900751785,CAG-245 sp900552135,Phocaeicola barnesiae,MGYG000003067,MGYG000004169,Collinsella sp900541645,TM7x sp900555425,Fusobacterium sp000235465,CAG-314 sp900551395,Mediterraneibacter sp900761655,MGYG000004377,An181 sp002160325
rep213_seed2238	Bifidobacterium ruminantium,Fusobacterium_A sp900015295,Desulfovibrio desulfuricans,Hydrogeniiclostridium sp900550095,MGYG000003938,UMGS1690 sp900554165,Eubacterium_R sp900555015,Collinsella sp900540855,Campylobacter_B hominis,Collinsella sp900555765,Phocaeicola sartorii,Faecalibacterium prausnitzii_F,MGYG000000709,Hydrogeniiclostridium sp900752115,CAG-196 sp900549855,RC9 sp900760425,UBA11774 sp003507655,MGYG000004247,Peptoniphilus_C sp902363535,Collinsella aerofaciens_H,MGYG000001048,CAG-145 sp900540145,Escherichia fergusonii,Angelakisella sp900547385,Enterobacter roggenkampii,Pseudoflavonifractor sp014287675,MGYG000002256,Butyricicoccus pullicaecorum,Veillonella sp009929605,Anaerobutyricum sp002161065,Lentilactobacillus hilgardii,CAG-724 sp900551005,MGYG000000425,Haemophilus_D parainfluenzae_M,MGYG000000795,Collinsella sp900762015,MGYG000000413,Collinsella sp900543845,Peptostreptococcus anaerobius,Clostridium_B tyrobutyricum,MGYG000004408,Coprococcus_A catus,Prevotella sp900553155,CAG-245 sp000434195,CAG-632 sp000431515,MGYG000000443
rep214_seed2239	UBA3402 sp003478355,Peptoniphilus_C sp902363535,UMGS856 sp900546265,MGYG000004233,Collinsella sp900541475,UBA737 sp900549755,MGYG000003211,MGYG000003887,Collinsella sp902362275,Phascolarctobacterium_A sp900552855,Collinsella sp900541685,MGYG000004180,Coprococcus sp000433075,CAG-632 sp002406015,Zag1 sp000433095,MGYG000001914,Alistipes_A sp900240235,MGYG000000710,Amedibacillus dolichus,Bifidobacterium adolescentis,UMGS1600 sp900553295,Collinsella sp900541285,Clostridioides difficile,Chimaeribacter coloradensis,Peptostreptococcus sp900759325,Collinsella sp900556205,MGYG000004853,Proteus penneri,Dysgonomonas gadei,CAG-452 sp900770415,Lancefieldella sp902373375,UBA5905 sp900549155,Prevotella sp900545525,Collinsella sp900768265,Veillonella sp900538355,Ruminococcus_D sp900543145,HGM05232 sp900759955,Dorea_B phocaeensis,CAG-110 sp900544705,MGYG000002606,Eubacterium_R sp900540235,Bifidobacterium italicum,MGYG000002076,TM7x sp900556885,Collinsella sp003436275,CAG-776 sp900758895
rep215_seed2240	Senegalimassilia sp900550055,CAG-1427 sp900546175,Duncaniella sp900549445,UBA5446 sp900546485,Bittarella massiliensis,MGYG000002075,MGYG000004166,Collinsella sp900552995,MGYG000004029,CAG-110 sp900763965,CAG-492 sp000434335,CAG-831 sp900544175,CAG-103 sp900317855,Prevotella timonensis,MGYG000004384,CAG-353 sp900768995,MGYG000003800,MGYG000000709,MGYG000003211,MGYG000004035,Clostridium_Q sp003024715,MGYG000000862,Blautia_A sp900547615,MGYG000002213,Haemophilus influenzae,Collinsella sp900555555,MGYG000004503,Paraclostridium tenue,MGYG000004380,Prevotella sp000431975,UBA7057 sp900542735,CAG-724 sp003524145,MGYG000004654,MGYG000003296,MGYG000001839,Streptococcus infantis_I,CAG-103 sp900543625,Olsenella_E sp003609875,Acutalibacter sp900543555,MGYG000004180,UBA1206 sp000433115,MGYG000004383,MGYG000003616,UBA11452 sp003526375,Collinsella sp900552875,Sutterella wadsworthensis_A
rep216_seed2241	Dysosmobacter sp000436875,Phocaeicola coprocola,UBA1822 sp900545365,MGYG000003015,Hafnia alvei,NK3B98 sp900752305,MGYG000002685,Peptostreptococcus russellii_A,Ellagibacter sp900554945,Anaerococcus jeddahensis,Serratia marcescens_I,QANA01 sp003149735,CAG-776 sp900758895,F0422 sp900766245,Anaerotruncus rubiinfantis,CAG-83 sp000431575,MGYG000003829,Bacteroides oleiciplenus,SFVR01 sp900769035,Fusobacterium polymorphum,HGM11788 sp900760465,UMGS263 sp900540535,Odoribacter laneus,Beduini massiliensis,MGYG000004689,Collinsella aerofaciens_H,CAG-269 sp003525075,MGYG000003839,Eisenbergiella sp900550285,MGYG000004364,CAG-127 sp900767585,MGYG000000702,Prevotella colorans,Dialister succinatiphilus,Paramuribaculum sp000431155,UMGS1338 sp900550805,UMGS882 sp003343885,CAG-632 sp002406015,MGYG000004193,MGYG000000576,Robinsoniella peoriensis,Odoribacter sp900544025,Clostridium paraputrificum,MGYG000004506,UBA1777 sp900754515,Citrobacter_A sp009363175
rep217_seed2242	MGYG000000474,Vibrio cholerae,Collinsella sp900544725,MGYG000004187,Eubacterium callanderi,UMGS268 sp900540175,Dysosmobacter sp900763685,GCA-900066495 sp902362365,Faecalimonas sp000209385,CAG-1031 sp000431215,Dysosmobacter sp001916835,Ruminococcus_A faecicola,Haemophilus_A parahaemolyticus,CAG-196 sp900549855,Bifidobacterium sp002742445,UBA10677 sp003533505,UBA7597 sp003448195,Streptococcus oralis_E,Bifidobacterium gallicum,MGYG000004377,Parasutterella sp900554375,Clostridium celatum,Fusobacterium_C gonidiaformans,Pseudescherichia vulneris,MGYG000001873,Pantoea septica,Collinsella sp900555955,Caecibacter massiliensis,Lactobacillus helveticus,Alistipes sp900769445,MGYG000000760,Neisseria sp000186165,Muricomes sp000509105,MGYG000002127,CAG-1427 sp900546175,CAG-279 sp900541555,Cronobacter malonaticus,Alistipes sp900550375,Eubacterium_R sp900540305,MGYG000000516,GCA-900066135 sp900066135,CAG-1427 sp900556585,Murdochiella vaginalis,MGYG000001137,MGYG000004235,Murimonas intestini
rep218_seed2243	MGYG000004901,Mailhella sp003150275,Collinsella sp003458415,Collinsella aerofaciens_G,Fusobacterium_A varium_A,Enterocloster aldenensis,Prevotella sp900555035,CAG-273 sp900752095,Neisseria elongata,Bacillus_J andreraoultii,CAG-485 sp002491165,Prevotellamassilia sp900541575,Lactobacillus gasseri,Merdibacter sp900543035,Providencia rettgeri,MGYG000003923,UBA7185 sp900756555,Enterocloster bolteae,MGYG000000403,UMGS995 sp900547465,Duncaniella sp900762315,MGYG000003855,Caecibacter sp003467125,UBA5905 sp900764115,UMGS1397 sp900761355,Bacteroides togonis,Coprococcus sp900767685,Ruminococcus_B gnavus,MGYG000004787,UMGS1975 sp900546685,Allisonella pneumosintes,Collinsella sp900541185,Klebsiella_A indica,Blautia_A sp900551715,MGYG000004670,Collinsella sp900543845,CAG-877 sp900554305,Limosilactobacillus antri,Escherichia albertii,Gemmiger qucibialis,Collinsella sp900555815,Dysgonomonas gadei,Bilophila sp900550745,Firm-11 sp900553905,CAG-145 sp900545135,Emergencia sp900551775
rep219_seed2244	Prevotella nigrescens,Evtepia sp004554585,Phocaeicola sp900066455,MGYG000003206,Campylobacter_A concisus_G,Clostridium_F botulinum_A,MGYG000000688,CAG-269 sp900553985,Collinsella sp900555555,Alistipes sp900550375,Gemmiger sp900556255,Anaerococcus vaginalis_B,Blautia sp900556555,MGYG000001205,Monoglobus pectinilyticus,UBA7057 sp900542735,MGYG000003322,Phocaeicola sp900066445,Prevotella sp900553155,MGYG000003470,Alistipes_A ihumii,CAG-617 sp000431275,MGYG000001792,Fusobacterium periodonticum_B,Enterobacter mori,Ruminococcus_B gnavus,MGYG000004807,Collinsella sp900556205,MGYG000004722,Blautia sp900539145,UMGS1375 sp900551235,Parabacteroides distasonis,Evtepia gabavorous,MGYG000002613,MGYG000004624,RC9 sp900769145,CAG-95 sp900553305,TF01-11 sp001414325,MGYG000002058,Streptococcus sp000187445,MGYG000001020,Pseudomonas_E fulva,Lachnoanaerobaculum orale,SFEL01 sp004557245,Kosakonia cowanii,Acidaminococcus fermentans
rep220_seed2245	UMGS1864 sp900555835,Methanobrevibacter_A smithii,Neobacillus rubiinfantis,Anaerococcus sp900258475,MGYG000004886,CAG-110 sp900546915,Haemophilus_D sp900756155,MGYG000000440,Collinsella aerofaciens_E,UBA6398 sp900550635,Phytobacter massiliensis,Porphyromonas sp900538385,CAG-1427 sp900538545,CAG-762 sp900551315,GCA-900066135 sp900066135,Agathobacter rectalis,MGYG000001736,MGYG000003770,Eisenbergiella sp900544445,Collinsella sp900541285,MGYG000000821,CAG-302 sp001916775,Faecalibacillus faecis,UBA737 sp900547445,MGYG000001106,UMGS1224 sp900549775,MGYG000002575,Fusobacterium polymorphum,Blautia coccoides,MGYG000004100,Phascolarctobacterium_A succinatutens_A,UMGS1477 sp900553845,Coprobacillus cateniformis,MGYG000004061,Succiniclasticum sp900544275,Alistipes sp900769445,Oribacterium sp900770445,MGYG000003831,CAG-83 sp003487665,MGYG000002706,MGYG000004787,Amulumruptor sp900539915,F23-B02 sp003533405,CAG-460 sp900546715,MGYG000003297,Anaerococcus hydrogenalis
rep221_seed2246	MGYG000001032,Enterocloster sp000155435,Phocaeicola sp900553185,Acidaminococcus sp900770265,UBA1234 sp900765095,CAG-83 sp900552475,UBA7185 sp900556545,Streptococcus mitis_D,Ruminococcus_D sp900752625,MGYG000002207,Streptococcus koreensis,MGYG000003787,CAG-127 sp900766925,Collinsella sp900760245,MGYG000000383,Eubacterium_R sp000433975,Anaerotignum lactatifermentans,Bifidobacterium dentium,UBA9502 sp900540335,Ellagibacter isourolithinifaciens,Alistipes sp900542505,Sutterella wadsworthensis_A,MGYG000004085,Massilimaliae timonensis,Faecalibacillus sp900544435,Fusobacterium_B sp900542625,MGYG000000339,Prevotella sp900771975,Enterobacter chengduensis,Eubacterium_R coprostanoligenes,Prevotella bivia,Fusobacterium_C necrophorum,MGYG000000745,Desulfovibrio desulfuricans,Megasphaera elsdenii,Fusobacterium periodonticum_D,Eubacterium_G ventriosum,Alistipes_A sp900549685,UBA737 sp900549055,UBA2821 sp902763335,Peptacetobacter sp900550335,Collinsella sp900768265,CAG-411 sp000437275,Absicoccus sp000434355,Christensenella hongkongensis,NSJ-50 sp014385105
rep222_seed2247	Ruminococcus_A faecicola,Collinsella sp900541055,CAG-269 sp900556945,Massiliomicrobiota sp002160865,Odoribacter sp900548135,MGYG000002696,UBA1820 sp002314265,Blautia hominis,MGYG000004852,MGYG000001061,UMGS1783 sp900555065,CAG-882 sp900545455,Lawsonibacter sp900545895,MGYG000001743,UMGS1781 sp900553695,UMGS1312 sp900550625,MGYG000004849,MGYG000000621,MGYG000004793,Alistipes dispar,MGYG000004080,Streptococcus infantarius,Megasphaera sp900540735,Parabacteroides johnsonii,Enterobacter roggenkampii,UBA1394 sp900538575,MGYG000004436,Ruminococcus_B sp900544395,UMGS1491 sp900757335,Enterobacter cloacae_K,Prevotella sp900556395,Acutalibacter sp900548545,Collinsella sp900551665,Blautia_A sp900066145,MGYG000000645,Collinsella sp900544235,Collinsella sp900762345,Firm-10 sp004552515,CAG-115 sp900768125,MGYG000003490,MGYG000004330,Enterocloster sp900759225,Bacteroides fragilis,MGYG000000512,Phocaeicola sp900552645,Bacteroides cutis
rep223_seed2248	Collinsella sp900544725,UMGS1851 sp900555605,Alistipes sp902388705,MGYG000004093,Coprobacter fastidiosus,Roseburia hominis,UBA1206 sp000433115,Collinsella sp900541475,UMGS1872 sp900549475,MGYG000004387,Ruminococcus_A faecicola,MGYG000002148,Clostridium tertium,Phocaeicola barnesiae,Lachnospira rogosae_A,Mediterraneibacter sp900541505,Pseudomonas_R sp900766265,Roseburia sp900542495,MGYG000004506,Pantoea anthophila,Bifidobacterium adolescentis,Paramuribaculum sp900759915,Citrobacter_A sedlakii,CAG-632 sp900539185,MGYG000000609,Caproiciproducens sp000752215,MGYG000002010,HGM11372 sp900767715,Ruminococcus_E sp003438075,Enterobacter cloacae,UBA10281 sp900767885,UMGS1766 sp900554855,CAG-873 sp900550395,Butyricicoccus pullicaecorum,MGYG000000716,Muribaculum sp003150235,Acidaminococcus sp900538365,Blautia_A obeum_B,MGYG000004714,Clostridium_A leptum,UMGS1375 sp900066615,Prevotella sp003447235,MGYG000004384,Merdibacter sp900543035,MGYG000002717,MGYG000002099
rep224_seed2249	Clostridium_Q sp003024715,MGYG000001844,Pantoea agglomerans,Collinsella sp900549345,Prevotellamassilia sp900768625,Mediterraneibacter sp002314255,CAG-590 sp000431135,MGYG000004219,MGYG000000821,MGYG000003941,Enterocloster sp900547035,Prevotella sp000431975,RUG115 sp900066395,UMGS2016 sp900557185,Acutalibacter sp900543555,Enterocloster sp900543885,MGYG000003839,Erysipelatoclostridium sp002160495,CAG-485 sp900760735,Coprococcus sp900548215,UBA9502 sp003506385,MGYG000000411,MGYG000002112,NK3B98 sp900545815,Phocaeicola barnesiae,Longibaculum muris,Prevotella sp000436915,UBA11471 sp900547555,Gemmiger sp004555405,QAMM01 sp900552945,Intestinimonas sp900540545,Amulumruptor sp900539915,MGYG000004233,UBA3402 sp003478355,CAG-485 sp900321585,Finegoldia magna_F,Collinsella sp900549025,MGYG000003829,MGYG000002901,Collinsella sp900761155,Proteus mirabilis,CAG-238 sp900542245,Blautia_A sp003474435,CABIZH01 sp902363205,Lawsonibacter sp000177015,F0422 sp900766245
rep225_seed2250	UMGS1253 sp900550065,1XD42-69 sp014287635,Butyricimonas sp900184685,MGYG000001850,MGYG000004002,Paraclostridium sordellii,CAG-882 sp900545175,Megasphaera sp001546855,Fusobacterium_A sp900549465,UMGS1202 sp900549565,Catenibacterium sp000437715,MGYG000004874,Collinsella sp900556445,Peptostreptococcus anaerobius,CAG-269 sp900556695,CAG-873 sp001701165,MGYG000003833,Frisingicoccus sp900753685,Collinsella sp003458415,MGYG000004098,UBA737 sp900547095,Ruminococcus_A sp000432335,MGYG000000662,Bacteroides togonis,Prevotella sp900548535,Limosilactobacillus caviae,COE1 sp900753305,Fusobacterium_A sp900543175,Enterocloster clostridioformis_A,UMGS1826 sp900555435,Enterocloster sp900759225,HGM11368 sp900772745,Citrobacter youngae,Ligilactobacillus ruminis,MGYG000000738,Prevotella pectinovora,MGYG000004665,MGYG000002045,Alistipes communis,Faecalibacterium sp900758465,CAG-196 sp002102975,Collinsella sp900551195,F082 sp900769945,CAG-83 sp900551995,Eubacterium_I ramulus,MGYG000004127
rep226_seed2251	Eubacterium_R sp014465955,QAKD01 sp003343965,MGYG000003108,MGYG000003773,Pauljensenia sp000278725,UMGS1901 sp900553755,UMGS1202 sp900549565,Lactobacillus amylolyticus,Collinsella sp900553705,Dysosmobacter sp900551885,RC9 sp900769905,Fusobacterium vincentii,RC9 sp900771005,NK4A136 sp002314855,Phytobacter massiliensis,Phocaeicola sp900552075,UMGS1663 sp900753245,MGYG000002696,MGYG000002809,Limosilactobacillus caviae,UMGS929 sp900546875,MGYG000004650,SFTJ01 sp004557385,MGYG000003863,Granulicatella sp900551535,HGM12669 sp900761935,Eisenbergiella sp900548905,UMGS1370 sp900542035,SFLA01 sp004553575,D5 sp900113995,F082 sp900769945,MGYG000004506,Ruminococcus_E sp002493635,MGYG000004874,Streptococcus sanguinis_H,Agathobaculum sp900291975,MGYG000000387,Fusobacterium nucleatum_E,Acidaminococcus fermentans,Streptococcus mitis_BB,CAG-170 sp900549635,MGYG000004095,Bifidobacterium gallinarum,Blautia sp900753905,MGYG000000359,UBA737 sp900547095
rep227_seed2252	CAG-272 sp900556615,Mediterraneibacter lactaris,TM7x sp900556355,Fusobacterium_A sp900015295,Prevotella sp900762125,Collinsella sp900767675,Prevotella sp900316565,Pseudomonas_E bubulae,Limosilactobacillus caviae,Citrobacter braakii,UBA1417 sp900552925,UMGS1781 sp900553695,CAG-83 sp900550585,Dialister succinatiphilus,MGYG000004742,Terrisporobacter glycolicus_A,Massilimaliae timonensis,UMGS1781 sp900554635,MGYG000004590,MGYG000004684,Klebsiella_A oxytoca,MGYG000004219,CAG-83 sp900552475,Faecalibacterium prausnitzii,CAG-269 sp000435535,Collinsella sp900548365,UBA7160 sp902363665,MGYG000004519,RUG12045 sp900770325,Schaedlerella glycyrrhizinilytica,Enterocloster sp900541315,UMGS1601 sp900545345,MGYG000001061,Phytobacter diazotrophicus,MGYG000003647,Clostridium sp900769625,MGYG000003854,Collinsella sp003439125,Eubacterium_I sp900546495,MGYG000003813,Ruminococcus_E bromii_B,Collinsella sp900541055,MGYG000003050,Ruminococcus_E bromii_A,MGYG000004583,MGYG000004233
rep228_seed2253	MGYG000000728,UBA945 sp900549675,Eubacterium_R sp900543795,Neisseria subflava_C,Duodenibacillus sp900544255,Collinsella sp003437035,ER4 sp900552375,Methanosphaera cuniculi,Eubacterium_I ramulus,Proteus mirabilis,Fusobacterium_B sp900542625,Mediterraneibacter sp900553885,Yersinia intermedia,Collinsella sp900543515,CAG-170 sp900553545,Faecalibacterium sp900551435,Collinsella sp900546455,Olsenella_E timonensis,Dorea_B phocaeensis,MGYG000004787,UBA5446 sp900546615,Pseudomonas_E massiliensis,MGYG000002677,QAMM01 sp900552945,Bacteroides intestinalis,Coprococcus sp900066115,Alistipes sp900541585,Veillonella sp900757715,Paenibacillus_A sp900069005,MGYG000002017,Clostridium paraputrificum,Rothia sp902373285,Chimaeribacter coloradensis,Collinsella sp900542275,MGYG000001921,Raoultibacter timonensis,Zag1 sp900769645,UBA7057 sp900542735,Bacteroides sp900556215,Zag1 sp000438175,Pantoea agglomerans,Fusobacterium periodonticum_D,RC9 sp900541925,MGYG000002122,Bacteroides ovatus,MGYG000004495
rep229_seed2254	Bacteroides thetaiotaomicron,Eubacterium_G sp000434315,Prevotella sp900765465,HGM13006 sp900757695,CAG-145 sp900542565,CAG-1024 sp000432015,UBA1822 sp900545365,Phocaeicola mediterraneensis,MGYG000003799,MGYG000002585,MGYG000004727,Dysosmobacter sp900544955,MGYG000002179,Pseudomonas_E fulva,Veillonella_A sp900765165,CAG-83 sp003539495,UBA737 sp900547095,Phocaeicola plebeius_A,MGYG000004436,MGYG000002683,UBA7173 sp900768685,Collinsella sp900544425,Pauljensenia turicensis,MGYG000000763,HGM12650 sp900761725,Christensenella hongkongensis,Parabacteroides sp900552465,CAG-882 sp000435595,MGYG000004423,MGYG000000586,Enterocloster clostridioformis_A,Morganella morganii_B,Neisseria sp000186165,Streptococcus vestibularis,MGYG000004122,UBA644 sp002299265,UBA636 sp900546285,Phascolarctobacterium sp900544795,HGM13618 sp900753975,UMGS731 sp900544985,MGYG000004258,MGYG000000557,Collinsella sp900542305,UMGS1418 sp900551595,Bacteroides stercoris,MGYG000004651
rep230_seed2255	ER4 sp900552375,Streptococcus oralis_S,CAG-485 sp900541835,Epilithonimonas bovis,Collinsella sp900757265,Megamonas funiformis,Fusobacterium polymorphum,MGYG000002614,RUG11247 sp902767315,Porphyromonas sp900548415,Phascolarctobacterium sp900554395,Phoenicibacter congonensis,Catenibacterium sp900764565,MGYG000000761,Blautia_A sp900551075,MGYG000002758,DTU089 sp002440045,F23-B02 sp004553495,Parabacteroides chinchillae,MGYG000004449,UBA1181 sp900769555,Prevotella sp900540375,CAG-390 sp003523225,CAG-110 sp900544705,Parabacteroides sp003473295,Roseburia sp003483745,UBA1390 sp900764045,Muricomes sp000509105,QALR01 sp900552255,CAG-312 sp002405555,Gemmiger sp004555405,UMGS1071 sp900548305,Fusicatenibacter sp900543115,MGYG000001921,MGYG000000860,Providencia alcalifaciens,UBA7173 sp900768685,Pediococcus acidilactici,Paraprevotella sp900546665,Bacteroides bouchesdurhonensis,MGYG000004080,UMGS1537 sp900761045,Tidjanibacter inops_A,Peptoniphilus_A senegalensis,MGYG000003839,Pauljensenia sp902373545
rep231_seed2256	UBA7173 sp900759895,Slackia_A piriformis,Collinsella sp900555585,Negativibacillus massiliensis,UMGS882 sp003343885,MGYG000003950,Peptacetobacter sp900539645,Morganella morganii_B,MGYG000002255,MGYG000003773,CAG-83 sp902388735,Roseburia sp900550935,Peptoniphilus_A harei_A,Phocaeicola sp900544675,Pantoea sp002920175,SFDP01 sp004558185,MGYG000001871,MGYG000003470,MGYG000004039,Holdemanella sp003436425,Streptococcus mitis_AC,Parasutterella sp900766055,Phocaeicola sp902388365,QANA01 sp003149735,Bacteroides intestinalis,CAG-83 sp900555735,Butyricimonas faecalis,MGYG000004772,Faecalitalea cylindroides,Faecalimonas sp900555395,CAG-873 sp900554715,CAG-279 sp000437795,Haemophilus_D parainfluenzae_N,UMGS1590 sp900759105,Alistipes sp002161445,RUG11247 sp902767315,MGYG000004094,UBA3388 sp002358835,Prevotella sp900546535,MGYG000002122,CAG-115 sp900766795,RC9 sp900769145,Collinsella sp900554665,CAG-83 sp000435555,Campylobacter_A concisus_F,UMGS911 sp900545935
rep232_seed2257	MGYG000004010,SFEL01 sp004557245,Prevotella sp900548585,MGYG000003108,QALS01 sp900555925,CAG-279 sp900541935,Catenibacterium sp900540665,Parabacteroides sp000436495,CAG-1031 sp900752535,MGYG000004553,RC9 sp000432515,MGYG000002207,MGYG000004881,Anaerosalibacter massiliensis,Phascolarctobacterium_A sp900551335,MGYG000000443,MGYG000004879,MGYG000004599,Collinsella sp900547125,Massiliomicrobiota sp002160865,Lachnospira sp000436475,An172 sp002160515,CAG-279 sp900548875,Evtepia sp004556345,Holdemanella biformis,MGYG000002099,MGYG000004774,CAG-485 sp001701295,Eubacterium_I sp900546495,Bacteroides intestinalis,CAG-964 sp000435335,Prevotella sp900553155,UMGS577 sp900543525,Oxalobacter formigenes,MGYG000004874,MGYG000004135,MGYG000000760,Blautia_A obeum_B,MGYG000000687,MGYG000000589,Prevotella denticola,Pauljensenia sp001064145,Mailhella sp900555975,RC9 sp900546395,MGYG000004193,MGYG000003045
rep233_seed2258	MGYG000003995,MGYG000004782,CAG-485 sp900547755,Longibaculum muris,Actinomyces sp900323545,UMGS1487 sp900552225,Lachnoclostridium sp900078195,MGYG000001871,UMGS911 sp900546695,Anaerostipes hadrus,Collinsella sp008014645,Acutalibacter sp900543555,UMGS1004 sp900761685,Megasphaera sp900540735,Collinsella sp900554665,UBA1685 sp002320595,Enorma sp900751795,Alistipes sp900549305,MGYG000004876,MGYG000004586,UBA1820 sp002314265,MGYG000001048,CAG-115 sp003516865,Ruminococcus_A sp000432335,Acinetobacter johnsonii,MGYG000000300,Roseburia sp003470905,Anaerococcus sp900258475,Parasutterella sp900766055,Collinsella sp900541055,MGYG000004359,Holdemania sp900120005,Serratia surfactantfaciens,MGYG000000674,MGYG000001899,Mediterraneibacter massiliensis,Prevotella sp900317685,MGYG000000425,UBA9414 sp003458885,UMGS1384 sp900551265,Providencia rettgeri,MGYG000000286,Gemmiger sp900554145,UBA9502 sp900555625,MGYG000003938,MGYG000003707
rep234_seed2259	MGYG000000746,MGYG000004558,MGYG000002085,Escherichia marmotae,Odoribacter laneus,MGYG000004159,RUG472 sp900545265,Alistipes timonensis,MGYG000003108,Anaeromassilibacillus sp002159845,Porphyromonas gingivalis,Collinsella sp900760325,Bacteroides uniformis,CAG-83 sp000431575,Streptococcus oralis,Bacteroides sp902362375,Prevotella sp000431975,Bacteroides togonis,Dialister sp002320515,Veillonella sp900550455,Catenibacterium sp900764725,HGM12669 sp900761935,Prevotella sp002481295,Fusicatenibacter saccharivorans,Collinsella sp900552145,CAG-617 sp900553285,Bacteroides bouchesdurhonensis,Enterocloster sp900541315,CAG-448 sp003150135,MGYG000003894,Pauljensenia sp900556405,Streptococcus mitis_AC,Collinsella sp900542965,Enterocloster sp001517625,Lachnoclostridium phytofermentans_A,UBA737 sp900547445,MGYG000000393,Lancefieldella rimae,MGYG000001818,MGYG000003914,Muricomes sp900604355,Clostridium sp000435835,Collinsella sp900754435,MGYG000004193,Phocaeicola sp900544675,Caecibacter sp003467125
rep235_seed2260	CAG-317 sp000433215,MGYG000003451,UMGS1397 sp900551425,Sodaliphilus sp004557565,MGYG000000688,Enterocloster aldenensis,UMGS1883 sp900763305,MGYG000002843,UMGS1441 sp900551755,Megasphaera sp000417505,Bacteroides nordii,MGYG000004093,UMGS263 sp900540535,MGYG000000713,Ruminococcus_D sp900539095,Prevotellamassilia sp900546605,MGYG000002628,MGYG000000411,Leclercia adecarboxylata_C,Prevotella copri_A,Slackia_A sp900553775,Parabacteroides goldsteinii,Streptococcus sp900550895,MGYG000004868,UBA1777 sp900754515,MGYG000003777,Parasutterella sp009767915,UBA7173 sp900552325,Butyricimonas faecalis,MGYG000004154,UMGS1312 sp900550625,Blautia_A caecimuris,Prevotella salivae,CAG-475 sp900547975,MGYG000004436,MGYG000001205,UBA636 sp900546285,CAG-103 sp900543625,MGYG000000637,Collinsella sp900552755,HGM12650 sp900761725,Collinsella sp900554325,Anaerofustis stercorihominis,Agathobacter sp900543445,Collinsella sp900553705,UBA737 sp002431945
rep236_seed2261	Terrisporobacter othiniensis,CAG-488 sp900554995,UBA11452 sp003526375,Lachnoclostridium_A sp003464085,CAG-485 sp900767075,Prevotella copri_A,MGYG000002052,MGYG000004148,Phocaeicola sp900551645,Phocaeicola sp002493165,Alistipes finegoldii,Collinsella sp900752475,UBA9475 sp900554075,UBA7185 sp900756555,MGYG000004366,Veillonella sp900556785,CAG-873 sp900554715,Collinsella sp900549025,Coprococcus_A catus,Akkermansia sp001580195,UBA9502 sp003480315,NSJ-32 sp014384895,Parabacteroides sp900547435,Collinsella sp900541145,UBA5905 sp900549155,Agathobaculum sp900544475,Collinsella sp003439125,Firm-11 sp900548145,Collinsella sp002391315,Anaerostipes sp000508985,Hafnia paralvei,Lacrimispora sp902363735,Collinsella sp900541025,CAG-110 sp900763965,UMGS1418 sp900551595,MGYG000000357,CAG-274 sp900545305,MGYG000001205,Collinsella sp900757205,Streptococcus sp001556435,DTU089 sp002440045,MGYG000001825,Blautia_A sp900542045,Ruminococcus sp900752785,Clostridium sp900766315,Duncaniella sp900762315
rep237_seed2262	MGYG000004408,Haemophilus_D parainfluenzae_L,MGYG000003109,Lacrimispora sp902363835,Zag1 sp900769645,Enterocloster sp900551225,MGYG000000635,Bifidobacterium pseudocatenulatum,Collinsella sp900544465,CAG-882 sp003486385,MGYG000004364,MGYG000000210,HGM13862 sp900760825,MGYG000004630,CAG-103 sp004556965,Lachnoanaerobaculum umeaense,MGYG000004556,CAG-180 sp900540295,CAG-485 sp002361235,Dysosmobacter sp014297375,CAG-492 sp000434335,Fusobacterium nucleatum_E,Parabacteroides faecis,UBA1777 sp900546515,MGYG000004765,MGYG000003975,Dysosmobacter sp900770295,Eubacterium_G ventriosum,UMGS902 sp900546635,MGYG000004100,Prevotella sp003447235,UBA5394 sp900542615,Parabacteroides sp900552415,Alistipes sp000434235,MGYG000003061,UMGS268 sp900540175,Bifidobacterium gallinarum,Prevotella sp900765465,MGYG000003328,Enterocloster aldenensis,Eubacterium_M sp900540015,Agathobaculum sp003481705,Muribaculum intestinale,CAG-485 sp002491165,Collinsella sp900550205,Ruminiclostridium_E sp003512525
rep238_seed2263	Clostridium nigeriense,Paramuribaculum sp900760855,Collinsella sp900547125,Clostridioides difficile_A,Bacteroides sp003545565,MGYG000003254,MGYG000004890,Butyricimonas sp900184685,Enterocloster citroniae,MGYG000002627,Leminorella grimontii,Collinsella aerofaciens_J,Lawsonibacter sp900766145,Schaedlerella sp900765975,Blautia sp900539145,Lagierella massiliensis,Collinsella sp900550185,MGYG000004514,MGYG000000818,UBA945 sp900549675,MGYG000004398,Frisingicoccus sp900549105,Collinsella sp003437035,Blautia_A sp900551715,Moellerella wisconsensis,Phocaeicola sp900544075,Prevotella salivae,Clostridium sp000435835,Collinsella sp900760325,Dialister invisus,Prevotella sp900553465,Collinsella sp900757285,MGYG000004197,Collinsella sp900545605,MGYG000003907,Megasphaera sp900539295,Butyricicoccus_A sp002395695,MGYG000001808,MGYG000004002,Clostridium sp900759995,MGYG000003881,UMGS1307 sp900550505,Paraprevotella clara,Enterocloster sp900551225,Limosilactobacillus vaginalis_A,MGYG000004560
rep239_seed2264	MGYG000004710,MGYG000003970,MGYG000000763,CAG-465 sp900554875,MGYG000004582,Anaerococcus sp900258475,Faecalimonas sp900546325,Peptoniphilus_A phoceensis,Phocaeicola massiliensis,Murdochiella massiliensis,MGYG000001861,MGYG000000621,Lachnospira sp900545725,Yersinia kristensenii,Eisenbergiella sp900544445,MGYG000002696,Streptococcus sp900543065,MGYG000004817,MGYG000002207,Mailhella sp900555975,Collinsella sp900548515,Parabacteroides sp900547435,Paraprevotella sp003477995,Muricomes contortus_B,Prevotella pectinovora,Blautia_A sp000285855,MGYG000001873,UMGS882 sp900757905,Phocaeicola sp902388365,MGYG000004864,Collinsella aerofaciens_A,UBA6398 sp003150315,Coprococcus eutactus_A,Lachnoclostridium_B sp000765215,MGYG000004049,CAG-110 sp900554705,UMGS1004 sp900761685,Emergencia sp900551775,Bacteroides fluxus,Leptotrichia wadei,MGYG000004586,Pauljensenia sp900554605,Weissella confusa,Porphyromonas_A sp900541275,Bulleidia sp900539965,CAG-180 sp004556705
rep240_seed2265	Citrobacter portucalensis,BX12 sp902363595,Dysosmobacter sp900550685,Ruminococcus_C sp000437175,MGYG000002704,CAG-170 sp900553545,Agathobacter rectalis,MGYG000003831,Bacteroides sp003545565,MGYG000004597,Robinsoniella sp900540475,Prevotella sp000434975,Ruminococcus_E sp900543095,Campylobacter_A concisus_R,UBA7597 sp900542935,CAG-170 sp000432135,Methanosphaera cuniculi,Pauljensenia radingae_A,Anaerococcus lactolyticus,Escherichia sp000208585,Paramuribaculum sp900759835,QAMX01 sp004555605,Alistipes sp900768045,UMGS1994 sp900556975,Phocaeicola massiliensis,MGYG000004506,MGYG000004384,Peptoniphilus_A sp900538655,CAG-631 sp900762575,Eubacterium_R sp900555015,SFJ001 sp004555865,Phocaeicola sp900066455,MGYG000002037,Phocaeicola sp900540105,Streptococcus sp900546335,MGYG000004647,Clostridium_AP scindens,Eubacterium_I sp900066595,Phocaeicola mediterraneensis,Phascolarctobacterium_A sp900547415,Streptococcus gordonii,MGYG000002791,Prevotella sp900557405,MGYG000000298,WG-1 sp900539665,Eggerthella lenta
rep241_seed2266	Enterocloster sp900541315,Megasphaera cerevisiae,Blautia stercoris,CAG-449 sp900551385,MGYG000002613,CAG-317 sp000433215,MGYG000004436,HGM04593 sp900769465,CAG-831 sp900544175,MGYG000003071,Leclercia adecarboxylata_C,MGYG000002063,Faecalibacillus faecis,HGM14224 sp900761905,Gemmiger formicilis,Peptoniphilus_B sp000478985,MGYG000003799,UMGS1441 sp900543365,Lactobacillus ultunensis,MGYG000004408,CAG-196 sp900553895,MGYG000004845,CAG-354 sp900553015,Collinsella sp900549215,UBA2882 sp002362385,AM51-8 sp003478275,UBA1740 sp900767415,Enterobacter hormaechei_A,Prevotella sp002251295,Stomatobaculum longum,MGYG000000325,Prevotella sp900552515,MGYG000004807,Streptococcus sp902363395,Collinsella sp900548935,Bariatricus massiliensis,MGYG000001808,Adlercreutzia celatus_A,MGYG000000702,UMGS1375 sp900066615,UBA2856 sp900555005,Brachyspira pilosicoli,Ruminococcus_E bromii_B,Eubacterium_G sp900550135,Ruminococcus_F champanellensis,Lawsonibacter sp900545895
rep242_seed2267	Bacteroides caccae,Fusobacterium_B sp900554885,Zag111 sp900551965,Streptococcus parasanguinis_B,CAG-303 sp900539455,MGYG000002685,CAG-762 sp900551315,MGYG000001811,Prevotella buccalis,UBA10281 sp900767885,Lachnospira sp000436535,CAG-791 sp000431495,UBA1777 sp900549485,Murdochiella vaginalis,Alistipes sp000434235,UMGS856 sp900760305,Blautia_A sp900542045,Collinsella aerofaciens_H,MGYG000003167,Dysosmobacter sp900556925,MGYG000004380,Collinsella sp900542275,TF01-11 sp900759665,UBA644 sp900547165,MGYG000000348,Negativibacillus sp000435195,Collinsella sp900548075,Bacteroides eggerthii,UBA4644 sp900763355,CAG-590 sp900548855,MGYG000004836,Lachnospira eligens_A,MGYG000004646,UBA7173 sp001915385,Streptococcus gordonii,Dysosmobacter sp900544615,MGYG000002037,CAG-279 sp900548875,Phocaeicola sp002161565,MGYG000003799,Phascolarctobacterium_A sp900553055,Haemophilus_D parainfluenzae_K,MGYG000002219,MGYG000002706,UMGS1668 sp900553955,Ruthenibacterium sp900759375
rep243_seed2268	Collinsella sp900556205,UMGS1668 sp900553955,Collinsella sp900541125,MGYG000004718,Porphyromonas sp900546675,UBA7488 sp002477185,Anaerotignum lactatifermentans,Bacteroides gallinarum,Bacteroides fragilis_A,CAG-462 sp900291465,Mailhella sp900541395,UMGS1370 sp900542035,MGYG000000594,Dysosmobacter sp900763685,MGYG000000660,MGYG000004187,Butyricimonas faecalis,Eubacterium_G sp000435815,MGYG000001735,MGYG000000413,Enterobacter_A timonensis,HGM13222 sp900757485,Dielma fastidiosa,Collinsella sp900553935,Eubacterium_R sp002493325,CAG-269 sp900556945,MGYG000002005,Enterocloster sp900551225,UBA1691 sp900544375,Prevotella sp900554695,MGYG000000355,Pantoea anthophila,UBA5905 sp900549155,UBA5416 sp900539175,Pauljensenia sp900554605,RUG806 sp900313475,Peptoniphilus_A sp900538655,CAG-873 sp900554715,CAG-793 sp900557475,MGYG000001284,Dysgonomonas capnocytophagoides,MGYG000004894,UMGS1611 sp900553435,Collinsella aerofaciens_E,Clostridium sp900540255,An172 sp002160515
rep244_seed2269	F23-B02 sp900772725,CAG-274 sp900545305,Acetatifactor sp900554205,Collinsella sp900757505,MGYG000002624,Clostridium sp000435835,QAKD01 sp003343965,Oxalobacter formigenes_B,MGYG000004139,MGYG000001724,Paraclostridium tenue,MGYG000003927,Murdochiella vaginalis,Eubacterium_G sp000434315,Anaerotruncus massiliensis,Proteus sp003144505,Dysosmobacter sp900544105,MGYG000001588,UBA1822 sp900545365,Lawsonibacter sp900066645,Bacteroides thetaiotaomicron,MGYG000004430,Faecalimonas phoceensis,Pseudomonas_E bubulae,Roseburia sp900542495,Streptococcus mitis_AC,Kosakonia cowanii,MGYG000003324,CAG-475 sp900763875,MGYG000003800,Lachnospira sp000436475,MGYG000004711,Dialister sp900547785,Lachnoclostridium_A sp002160755,Fannyhessea vaginae,MGYG000004125,Enterobacter cancerogenus,Ruminococcus_D sp900539835,MGYG000003470,Weizmannia coagulans,Faecalibacterium sp900539945,MGYG000001112,Fusobacterium_B sp900541465,Collinsella sp900544875,Blautia_A sp900551075,Collinsella sp900541745
rep245_seed2270	UBA1740 sp900767415,MGYG000003822,Coprococcus sp900548215,Blautia_A sp900553515,Alistipes_A sp900539755,MGYG000004010,Allisonella pneumosintes,Campylobacter_A concisus_I,Faecalibacterium sp900540455,Clostridium sp900540255,CAG-56 sp900762665,Alistipes sp900553175,CAG-495 sp001917125,Eubacterium_R sp000436835,Lactiplantibacillus plantarum,Collinsella sp900547805,Citrobacter youngae,Gemmiger formicilis,MGYG000000658,Enterococcus_B hirae,UBA4372 sp900766785,Dysosmobacter sp900752075,Lachnoclostridium_B sp000765215,UMGS416 sp900542005,MGYG000001826,Acetatifactor sp900066565,CAG-83 sp900552475,Phil1 sp004558525,Collinsella sp900547855,Eubacterium_R sp900543795,Anaerococcus hydrogenalis,RC9 sp900545245,MGYG000001575,Paraprevotella sp003477995,Agathobacter sp000434275,Agathobacter sp900549895,CAG-603 sp900066105,UBA945 sp900549675,CAG-103 sp004556965,Phocaeicola barnesiae,Dysosmobacter sp900542115,Anaeroglobus massiliensis,MGYG000000759,MGYG000004610,Acutalibacter sp900759575,Neisseria sp000186165
rep246_seed2271	HGM11530 sp900751685,MGYG000003061,UBA2883 sp002103075,Acutalibacter sp000435395,CAG-1427 sp900542525,MGYG000004753,CAG-873 sp900550395,Ruminococcus_E bromii_A,UMGS1338 sp900550805,CAG-83 sp900552475,UBA5446 sp900543085,CAG-317 sp000433535,CAG-95 sp000436115,Prevotella sp900317685,UMGS966 sp900761965,Eubacterium_R sp900542875,UBA7173 sp900540205,Blautia_A obeum_B,Enterobacter chengduensis,Sutterella wadsworthensis,MGYG000000325,MGYG000002046,MGYG000004231,UBA7173 sp900768685,Ruminococcus sp900761275,RC9 sp000435075,CAG-170 sp000436735,UBA5884 sp900551505,Agathobaculum sp900557315,An181 sp002160325,UBA3766 sp900769175,Collinsella sp900555745,CAG-269 sp900760175,Alistipes sp900542505,MGYG000000298,Dialister sp000434475,Streptococcus thermophilus,UBA737 sp900543215,MGYG000004359,51-20 sp001917175,Lactobacillus ultunensis,Bariatricus sp900554415,RUG572 sp900771305,MGYG000000505,HGM10836 sp900772095,Anaeroglobus geminatus
rep247_seed2272	VUNA01 sp002299625,Blautia_A sp003471165,Collinsella sp902362275,MGYG000000709,Prevotella sp900772835,MGYG000004166,Bilophila sp900553145,MGYG000004423,Enterocloster bolteae,MGYG000000934,Catenibacterium sp900764725,Fenollaria sp900539225,Haemophilus_D parainfluenzae_M,MGYG000002614,MGYG000000716,Collinsella sp900540845,MGYG000000674,Ruminococcus_D sp900539835,Mediterraneibacter sp900761655,Alistipes sp900548155,MGYG000003211,MGYG000002148,QAKD01 sp003343965,MGYG000001870,MGYG000001169,MGYG000003994,MGYG000004100,Pauljensenia bouchesdurhonensis,UMGS1781 sp900555075,CAG-279 sp900556245,Ruminococcus_D sp900543145,TM7x sp900556885,Lachnospira sp003537285,UMGS403 sp900540865,UMGS1781 sp900554635,Clostridium sp900539375,MGYG000004206,Phytobacter ursingii,Rothia mucilaginosa_A,MGYG000004477,Alistipes_A ihumii,MGYG000004772,UMGS1663 sp900753245,UMGS905 sp900540085,UMGS1781 sp900553695,Phocaeicola sp902388365
rep248_seed2273	Prevotella sp900554695,Pauljensenia sp000758755,Sutterella wadsworthensis_A,Lacticaseibacillus rhamnosus,MGYG000001683,Dysosmobacter sp900752075,Fusobacterium_A sp900764925,Faecalimonas sp900546325,UMGS1889 sp900556055,Christensenella minuta,Collinsella sp008014645,Collinsella sp900546455,Methanobrevibacter_A smithii,Escherichia fergusonii,Hungatella effluvii,Bifidobacterium angulatum,Alistipes_A sp900545315,Acutalibacter sp900548545,Pseudomonas_E putida_P,CAG-632 sp900539185,Muribaculum sp002492595,RUG420 sp900542575,Coprobacillus cateniformis,Collinsella sp900553415,Blautia sp900555025,UMGS902 sp900546635,UBA4871 sp900554535,Proteus sp001722135,Flavonifractor plautii,Parasutterella sp900554375,MGYG000003787,MGYG000004312,MGYG000004741,Porphyromonas sp900538385,CAG-269 sp900556945,MGYG000004704,MGYG000004651,MGYG000002170,MGYG000003788,Ruminiclostridium_E sp900539195,Collinsella sp900554155,UMGS2016 sp900557185,MGYG000001568,UMGS1591 sp900553255,UMGS1933 sp900772235,MGYG000002738
rep249_seed2274	Faecalimonas sp000209385,UMGS1815 sp900555345,CAG-793 sp900557475,Klebsiella variicola,Evtepia sp900546255,UMGS946 sp900547135,Collinsella aerofaciens_E,Mediterraneibacter lactaris,Blautia_A sp900066505,MGYG000002221,Haemophilus_D sp900756875,MGYG000002731,TM7x sp900557595,Pseudomonas_E massiliensis,UBA2882 sp900549665,Borkfalkia ceftriaxoniphila,CAG-882 sp900545175,Collinsella sp900554655,MGYG000001850,MGYG000002151,Lawsonibacter sp900545895,MGYG000001861,Holdemania sp900120005,Duodenibacillus sp900552915,Dysosmobacter welbionis,Bruticola sp004554425,Stomatobaculum naviforme,RUG14107 sp900772685,Desulfovibrio desulfuricans,Massilicoli timonensis,MGYG000004449,MGYG000002683,MGYG000002809,Pantoea anthophila,Prevotella sp000436915,Veillonella parvula_A,Faecalibacterium prausnitzii_I,MGYG000002626,Pantoea ananatis,MGYG000001643,UBA1740 sp900767415,Ruminococcus_C sp900765125,Duodenibacillus sp900762555,Faecalibacterium prausnitzii_J,MGYG000000645,UBA3402 sp003478355
rep250_seed2275	Acetatifactor sp900554205,UMGS1975 sp900556815,Blautia hominis,Faecalibacterium prausnitzii_D,UMGS1696 sp900554225,Phocaeicola sp900552645,MGYG000000298,UBA4644 sp900555855,CAG-313 sp003539625,Anaerostipes hadrus,UMGS1933 sp900772235,Collinsella sp003471585,Olsenella_E sp003609875,Gordonibacter pamelaeae,Moellerella wisconsensis,Clostridium_J sp000821305,Collinsella provencensis,MGYG000001935,Eubacterium_G sp900550135,Bifidobacterium dentium,CAG-279 sp000437795,UBA5446 sp004553625,Anaerococcus lactolyticus,Dialister hominis,UMGS1623 sp900553525,Collinsella sp900754435,MGYG000004365,Erysipelatoclostridium ramosum,MGYG000000346,Streptococcus sp001556435,RC9 sp000433355,Collinsella sp900550185,MGYG000003328,MGYG000001858,MGYG000004803,CAG-417 sp000432835,RUG472 sp900545265,MGYG000002046,CAG-110 sp900769995,Porphyromonas sp900546675,CAG-269 sp900554565,Acidaminococcus timonensis,Weissella confusa,MGYG000002179,MGYG000000745,MGYG000000699
rep251_seed2276	UBA9502 sp003506385,Dysosmobacter sp900544615,RUG115 sp900066395,Collinsella sp900545835,Lachnospira sp900552795,Dysosmobacter sp900548505,Lactobacillus apis,CAG-95 sp900554925,MGYG000004547,Limosilactobacillus timonensis,MGYG000004781,MGYG000004085,CAG-110 sp000434635,Oribacterium sp900770445,Muribaculum intestinale,MGYG000000860,MGYG000001679,MGYG000000732,Mediterraneibacter sp002314255,Anaeroglobus micronuciformis,Collinsella sp900754385,MGYG000003778,CAG-475 sp900763875,UBA1234 sp900765095,MGYG000004210,Streptococcus vestibularis,CAG-1193 sp900550145,CAG-170 sp900548625,Collinsella sp900549455,Psychrobacillus sp012843435,Gemmiger sp900548355,Bulleidia sp900554555,Megasphaera sp900548635,MGYG000004436,Enterocloster sp900547035,Peptacetobacter sp900539645,MGYG000001804,CAG-485 sp900541835,Phocaeicola dorei,Proteus vulgaris,Alistipes sp902363575,MGYG000004023,Agathobaculum sp900557315,MGYG000004756,Eubacterium_G sp000434315,Faecalibacterium sp900765105
rep252_seed2277	Paraprevotella xylaniphila,Prevotella sp900762125,Bifidobacterium infantis,MGYG000004582,S5-A14a sp000758905,MGYG000003910,MGYG000004722,Collinsella sp900760905,Haemophilus_D parainfluenzae_J,F23-B02 sp003533405,Phocaeicola sp900544675,MGYG000001868,ER4 sp900552375,MGYG000002683,Collinsella sp900757235,Prevotella sp000436035,CAG-465 sp900554875,MGYG000000298,Bacteroides ovatus,Lawsonibacter sp900066825,Yersinia mollaretii,Parasutterella excrementihominis,CAG-831 sp900544175,MGYG000000876,CAG-83 sp003487665,MGYG000000738,Limosilactobacillus antri,Phocaeicola sp002161765,Lachnospira sp900547255,Morganella morganii,Alistipes sp900548155,Rothia mucilaginosa_B,CAG-56 sp900752065,Pantoea agglomerans,Caproiciproducens sp000752215,Collinsella stercoris,UMGS1487 sp900552225,Bacteroides sp900765785,Enterocloster sp900547035,Angelakisella sp003453215,CAG-81 sp900066535,MGYG000004359,MGYG000004100,CAG-492 sp900557195,Bacteroides sp900547205,MGYG000002130
rep253_seed2278	CAG-488 sp000434055,Citrobacter_A sp009363175,Prevotellamassilia sp000437675,UBA4644 sp900763355,MGYG000004646,MGYG000004042,Vibrio cholerae,Collinsella sp900755685,Bilophila sp900550745,Blautia_A sp900541985,MGYG000000413,Marvinbryantia formatexigens,Prevotella bivia,MGYG000004462,Arabia massiliensis,UMGS1670 sp902406135,MGYG000002076,MGYG000001142,MGYG000004348,Lactobacillus intestinalis,MGYG000004790,MGYG000004888,AM07-15 sp003477405,Ruminococcus_D bicirculans,CAG-110 sp000435995,Haemophilus_D parainfluenzae_M,Lactonifactor longoviformis,CAG-245 sp000434195,Streptococcus peroris,Klebsiella_A oxytoca,MGYG000004161,Bilophila wadsworthia,MGYG000002719,Bacillus_J andreraoultii,MGYG000003207,Erysipelatoclostridium saccharogumia,CAG-390 sp900753295,Odoribacter splanchnicus,MGYG000002077,Collinsella sp900553935,MGYG000004039,Ruminiclostridium_E sp900556525,Streptococcus gordonii,Collinsella sp900541185,Dysosmobacter sp004553545,CAG-81 sp900066055
rep254_seed2279	Anaerostipes rhamnosivorans,Enterobacter kobei,MGYG000003945,Campylobacter_B hominis,CAG-873 sp002493945,Collinsella sp900543605,CAG-274 sp000432155,Roseburia sp003483745,Collinsella aerofaciens_K,Paraprevotella clara,UMGS1872 sp902373635,MGYG000000632,MGYG000000443,Ruminococcus_E bromii_B,MGYG000003895,CAG-390 sp003523225,MGYG000000576,MGYG000003768,Roseburia sp900756925,MGYG000002659,UMGS1322 sp900550765,UMGS263 sp900540535,Blautia_A obeum,Phocaeicola sp900552645,MGYG000004853,CAG-81 sp900066055,QAKD01 sp003343965,MGYG000002179,Faecalibacterium sp900540455,UMGS856 sp900760305,UMGS1933 sp900772235,Methanobrevibacter_A sp900766745,Desulfovibrio desulfuricans,Collinsella sp900550815,Ruminiclostridium_E sp003512525,Blautia sp002161285,Turicibacter sp001543345,UBA2883 sp002103075,UC5-1-2E3 sp001304875,CAG-103 sp900317855,Anaerococcus sp900258475,Intestinibacter bartlettii,MGYG000000609,Anaerostipes sp900066705,MGYG000004597,MGYG000001568
rep255_seed2280	Bacteroides sp007896885,CAG-83 sp900552475,MGYG000004531,MGYG000001585,Rothia aeria,MGYG000003923,Collinsella sp900552755,Dysgonomonas capnocytophagoides,Phascolarctobacterium_A sp900552855,UMGS902 sp900546635,Fusobacterium_A ulcerans_A,F0422 sp900766245,MGYG000003895,Desulfovibrio legallii,Prevotella sp900553465,Ruminococcus_E sp900543095,MGYG000001242,CAG-103 sp004556965,CAG-964 sp902789345,MGYG000002090,Eggerthella lenta,Paramuribaculum sp900546365,Prevotellamassilia sp900768625,CAG-269 sp900760175,Faecalimonas sp000209385,Blautia sp900539145,Megasphaera sp001546855,HGM11514 sp900757255,MGYG000003955,Actinobaculum massiliense,CAG-273 sp902406115,UBA9475 sp900549885,Enterococcus_A raffinosus,MGYG000004879,Akkermansia muciniphila_A,Citrobacter_B koseri,Phocaeicola sp900066445,CAG-81 sp900066055,Megamonas sp900554895,Ruminococcus_C sp000437255,Prevotella stercorea,Latilactobacillus curvatus,MGYG000001114,MGYG000003297,Eubacterium_G ventriosum,UBA10281 sp900767815
rep256_seed2281	Prevotella sp900553595,Eubacterium_R sp014465955,CAG-617 sp000431275,Parasutterella sp009767915,UBA1822 sp900545365,MGYG000000587,Clostridium_J sp000821305,Methanosphaera cuniculi,Eubacterium_R sp900539845,CAG-354 sp900555085,Veillonella tobetsuensis,Bifidobacterium bifidum,Eubacterium_R sp003526845,Emergencia sp900551775,MGYG000003061,QAMX01 sp003149835,Clostridium paraputrificum,Collinsella sp900768265,Prevotella amnii,Tidjanibacter inops_A,Bifidobacterium breve,MGYG000004004,Coprococcus eutactus,MGYG000002255,CAG-1031 sp900752535,Olsenella_B sp000752675,Peptoniphilus_A senegalensis,Lachnospira sp900552795,MGYG000000710,Enterococcus_B hirae,MGYG000000348,Prevotella sp900767615,MGYG000000325,MGYG000001582,Collinsella sp900554645,CAG-269 sp000437215,MGYG000003289,CAG-475 sp900548005,Prevotella sp900556795,Bacilliculturomica massiliensis,Lachnoclostridium_A sp002160755,UBA1390 sp002305315,MGYG000001859,Christensenella minuta,Anaerosacchariphilus sp014290175,Dysosmobacter sp900544615
rep257_seed2282	Lachnoclostridium_A edouardi,CAG-274 sp900545305,Bacteroides intestinalis,MGYG000004139,Citrobacter_A farmeri,Lagierella massiliensis,UMGS1696 sp900763885,Peptacetobacter sp900539645,UMGS882 sp900546385,Beduini sp900550005,F23-B02 sp900545805,Phytobacter massiliensis,UBA1181 sp900769555,UBA3818 sp900557155,MGYG000003301,UBA737 sp900547305,Campylobacter_A concisus_F,MGYG000001873,CAG-83 sp900550615,Bacteroides_F pectinophilus,Cedecea davisae,CAG-462 sp003489705,Collinsella sp900550415,UMGS1293 sp900754495,V9D3004 sp002349525,Muricomes fissicatena_A,MGYG000004062,MGYG000004506,Dysosmobacter welbionis,MGYG000000390,Ruminococcus_A faecicola,CAG-269 sp900556945,MGYG000001837,F23-B02 sp003533405,CAG-302 sp900548425,Odoribacter sp900541415,Haemophilus_D parainfluenzae_K,UMGS1109 sp900548675,CAG-485 sp900552315,MGYG000002705,MGYG000002025,Prevotella sp900549175,MGYG000003829,TM7x sp900555885,UBA9502 sp003478505,Methanobrevibacter_A sp900766745
rep258_seed2283	UBA1181 sp900769555,UBA737 sp900754145,Eubacterium_R sp900539775,CAG-582 sp900760845,MGYG000003021,Fusobacterium_B sp900545035,Lachnospira sp000436535,Coprococcus sp900767685,MGYG000002025,Megasphaera elsdenii,Ruminococcus_E sp003438075,MGYG000004890,Prevotella sp002251295,D5 sp900113995,MGYG000004873,Prevotella sp900554045,Olsenella_E sp003609875,UMGS1696 sp900763885,Blautia_A sp900540785,UMGS1002 sp900547565,MGYG000003777,Nitratidesulfovibrio vulgaris,Pseudoflavonifractor capillosus,Enorma massiliensis,UBA1417 sp002305575,Prevotella sp900553465,MGYG000000795,MGYG000003945,Alistipes sp900760675,Alistipes sp900769445,Actinomyces oris,HGM11588 sp900754755,Streptococcus vestibularis,Dorea formicigenerans,CAG-177 sp900770255,Eubacterium_R sp900767025,MGYG000001195,MGYG000000677,Prevotella rara,CAG-762 sp000432575,Dysosmobacter sp900546705,Streptococcus mitis_D,MGYG000000711,Adlercreutzia celatus_A,Salmonella bongori,CAG-314 sp000437915
rep259_seed2284	Beduini massiliensis,MGYG000004558,CAG-110 sp900763965,MGYG000004848,MGYG000000348,CAG-462 sp003489705,Collinsella sp900541285,MGYG000001666,Phil1 sp004558525,Lawsonella clevelandensis,Paraprevotella sp900546665,Alistipes sp001941065,Ruminococcus sp002438605,MGYG000000656,UBA1691 sp900544375,UBA11452 sp003526375,Streptococcus pasteurianus,CAG-272 sp000433515,UMGS902 sp900546635,Prevotella sp900548585,MGYG000000795,Roseburia sp900542495,Roseburia sp003470905,Collinsella sp900552755,Anaerostipes sp000508985,MGYG000000658,MGYG000000448,Campylobacter_A concisus_F,MGYG000000512,Butyrivibrio_A sp000431815,Collinsella sp902388345,Blautia_A sp900066205,Butyricimonas sp003479425,MGYG000001583,Parabacteroides goldsteinii,CAG-279 sp900541555,Citrobacter_A amalonaticus,Muricomes fissicatena_A,MGYG000003716,Prevotella sp900551055,Escherichia marmotae,Phocaeicola coprocola,Oxalobacter formigenes_B,MGYG000003338,Gabonibacter sp900543425,Olsenella sp900555995
rep260_seed2285	Ruminiclostridium_E siraeum,UBA9502 sp003480315,Atlantibacter hermannii,Enterocloster asparagiformis,CAG-81 sp000435795,Phocaeicola sp002161765,Collinsella sp900540845,MGYG000001780,Enterobacter ludwigii,MGYG000002769,UMGS1766 sp900554855,MGYG000002207,Bifidobacterium sp900551485,Evtepia sp900758955,NK4A136 sp002314855,Bacteroides bouchesdurhonensis,Clostridium_Q sp003024715,Lawsonibacter sp900766145,MGYG000004209,Citrobacter gillenii,Enterobacter mori,Roseburia sp900552665,Phocaeicola massiliensis,Morganella morganii_B,Eisenbergiella sp900539715,Bariatricus sp900554415,CAG-238 sp000435615,Acidaminococcus sp900538365,Chimaeribacter arupi,Terrisporobacter sp902363255,MGYG000004506,Bacteroides stercorirosoris,Haemophilus_D parainfluenzae_J,Collinsella sp900549245,MGYG000002219,Desulfovibrio sp900540515,Peptacetobacter sp900539645,Akkermansia sp900545155,Ruminococcus_E sp900755995,MGYG000004656,CAG-460 sp900546715,Neisseria elongata,MGYG000000383,Bacteroides ndongoniae,Coprobacter sp900545915,MGYG000002098
rep261_seed2286	MGYG000004359,Butyrivibrio_A sp000431815,Prevotella sp900554045,QALW01 sp900552055,Treponema_D sp900769975,MGYG000004398,Nitratidesulfovibrio vulgaris,Clostridium nigeriense,Fusobacterium_A sp900015295,Streptococcus vestibularis,Enterocloster sp900541315,Agathobacter sp900546625,CAG-83 sp900548615,Collinsella sp900761995,Mailhella sp003150275,Veillonella sp900552445,CAG-831 sp900544175,Ralstonia pickettii,HGM12998 sp900756495,Ligilactobacillus murinus,Methanobrevibacter_A oralis,Hungatella sp005845265,Prevotellamassilia sp900542795,UBA5446 sp900544295,MGYG000001679,Collinsella stercoris,Varibaculum timonense,Haemophilus_D parainfluenzae_L,Prevotella sp900548745,Bacteroides gallinarum,UBA1822 sp002314995,UBA3766 sp900769175,Fusobacterium sp000235465,Enterocloster sp900770345,Prevotella sp900548585,CAG-110 sp900540635,Collinsella sp900752475,CAG-83 sp900313295,Eubacterium_R sp002493325,Bacteroides bouchesdurhonensis,Mailhella sp900555975,Phocaeicola coprophilus,Bittarella massiliensis,MGYG000003271,MGYG000003826,Streptococcus sp902373455
rep262_seed2287	Terrisporobacter othiniensis,CAG-272 sp000433515,CAG-217 sp900547275,MGYG000001759,Collinsella sp900550815,CAG-510 sp900551115,Blautia_A wexlerae_A,UBA1777 sp900547315,Eubacterium_G sp000432355,CAG-41 sp900066215,MGYG000003053,Collinsella intestinalis,SFEL01 sp004557245,MGYG000002623,UMGS1384 sp900551265,Dysosmobacter sp900542115,Eubacterium_R sp900539845,Campylobacter_A concisus_P,Desulfovibrio desulfuricans,MGYG000000605,CAG-127 sp900767585,Paraclostridium bifermentans,Clostridium_P massiliamazoniense,MGYG000003840,Prevotellamassilia sp004557035,MGYG000004169,GCA-900066755 sp900066755,Ruminiclostridium_E siraeum,MGYG000004042,CAG-110 sp900540635,MGYG000002606,MGYG000000733,Gemmiger sp900554145,MGYG000004465,Erysipelatoclostridium spiroforme,MGYG000000576,CAG-81 sp000435795,Cetobacterium_A sp900766645,HGM13010 sp900754965,MGYG000004154,CAG-83 sp900550585,UBA7160 sp902363135,MGYG000004674,Collinsella tanakaei,Enterobacter_A timonensis,UBA1409 sp002338885
rep263_seed2288	UMGS680 sp900544525,Collinsella sp900541785,Bacteroides stercorirosoris,Lactobacillus acidophilus,Enterocloster sp900555905,MGYG000002130,RUG115 sp900066395,MGYG000000746,Allisonella pneumosintes,Collinsella sp900554465,UMGS1338 sp900550805,Blautia sp900541955,MGYG000002623,CAG-417 sp000432835,Haemophilus_D parainfluenzae,Actinomyces graevenitzii,Collinsella sp003439125,Merdibacter sp900754715,Dialister sp900543455,MGYG000000694,Duncaniella sp900549445,MGYG000004693,MGYG000003828,UMGS263 sp900540535,UBA1259 sp003523255,Collinsella intestinalis,Megasphaera cerevisiae,CAG-831 sp902388455,MGYG000000658,Lactobacillus gasseri,Citrobacter freundii,MGYG000000398,Collinsella sp900545835,Collinsella sp900757205,MGYG000001580,Gabonibacter massiliensis,MGYG000001996,Enterobacter kobei,Clostridium sp900540255,MGYG000004531,Collinsella sp900548935,MGYG000002706,MGYG000000716,MGYG000004884,Merdimonas sp900553355,UMGS1307 sp900550505
rep264_seed2289	Bifidobacterium scardovii,MGYG000002740,MGYG000003994,MGYG000004756,Ruminococcus_E bromii_B,Blautia sp900765525,MGYG000003941,MGYG000004607,MGYG000002063,MGYG000000566,Roseburia sp900550935,Prevotella salivae,Collinsella sp900541045,MGYG000004123,Faecalibacterium sp900765105,Dysosmobacter sp900556925,MGYG000004103,MGYG000003800,Agathobaculum sp900555465,Bacteroides sp900556215,MGYG000003060,Coprococcus sp900548215,Collinsella sp900550415,CAG-110 sp900548795,Nitratidesulfovibrio vulgaris,CAG-110 sp900546915,CAG-83 sp902388735,Hungatella sp005845265,CAG-110 sp900549495,UBA644 sp900547165,CAG-1427 sp900546175,Butyrivibrio_A crossotus,Pauljensenia sp900541895,SFDB01 sp004558825,RC9 sp900769905,MGYG000002112,Acutalibacter sp900543305,Anaeromassilibacillus sp001305115,Enterobacter ludwigii,Dialister sp900541485,Lachnoanaerobaculum umeaense,Cronobacter sakazakii,CAG-170 sp900555665,Eisenbergiella massiliensis,Coprococcus sp900767685,MGYG000004656
rep265_seed2290	Lactobacillus helveticus,CAG-245 sp000434195,MGYG000002613,Mediterraneibacter faecis,UBA1691 sp900544715,Prevotella sp900544495,Collinsella sp900554465,MGYG000004610,Oscillibacter ruminantium,Ruminococcus_C sp000433635,MGYG000003823,UBA4871 sp900554535,MGYG000002614,Pauljensenia turicensis,Streptococcus thermophilus,Anaerostipes sp000508985,Yersinia pestis,UBA6398 sp003150315,CAG-495 sp001917125,Megasphaera sp900548635,CAG-103 sp900543625,MGYG000002646,Prevotella oralis,MGYG000004411,Duncaniella sp900544535,Blautia sp002161285,Faecalibacterium prausnitzii_G,Collinsella sp003458415,CAG-831 sp900771335,Alistipes sp900550925,Schaedlerella sp900765975,Roseburia sp900552665,Catenibacterium sp900764725,Prevotellamassilia sp004552865,Faecalibacterium sp900540455,Oribacterium sinus,Collinsella sp900768265,CAG-349 sp003539515,MGYG000003254,UMGS1690 sp900554165,Prevotella sp900540375,UBA3818 sp900557155,MGYG000003296,MGYG000001935,MGYG000000724,Duodenibacillus sp900542805
rep266_seed2291	Enterocloster sp900753815,MGYG000000516,Parasutterella sp000980495,Prevotella amnii,Cedecea davisae,MGYG000000425,Enterocloster sp900538485,UBA644 sp900547165,Lachnospira sp900547255,CAG-411 sp000437275,CAG-103 sp004556965,Campylobacter_A concisus_R,Christensenella minuta,Eubacterium_R sp900542875,Erysipelatoclostridium spiroforme,HGM13010 sp900754965,MGYG000004697,Extibacter muris,HGM11575 sp900754775,Porphyromonas uenonis,CAG-269 sp000431335,Collinsella sp900539035,MGYG000003923,MGYG000004790,UBA1417 sp900552925,MGYG000000334,UMGS1002 sp900547565,Bacteroides sp900766005,MGYG000002654,Ruminococcus_D sp900752625,MGYG000001858,OM05-12 sp003438995,51-20 sp001917175,CAG-196 sp900549855,MGYG000004713,MGYG000000732,Dorea_A longicatena,Blautia hansenii,UBA1394 sp900066845,Collinsella sp900542825,CAG-313 sp900539265,Pauljensenia sp902373435,MGYG000002122,Clostridium_E sporosphaeroides,TF01-11 sp000436755,MGYG000001575
rep267_seed2292	Schaedlerella sp900765975,Peptoniphilus_A phoceensis,V9D3004 sp002349525,Neisseria sp000186165,Parasutterella sp000980495,Butyricimonas sp900759925,UBA7185 sp900556545,CAG-632 sp000431515,Prevotellamassilia sp900539625,Acutalibacter sp000435395,Prevotella sp900556825,Veillonella_A sp900765165,Longibaculum muris,UBA9502 sp003481825,HGM11514 sp900757255,Phocaeicola sp900066445,UMGS1109 sp900548675,Weizmannia coagulans,MGYG000002754,UBA1409 sp002338885,Rothia aeria,Paenibacillus lactis,UMGS1994 sp900553945,F23-B02 sp004553495,Eubacterium_F sp000433735,MGYG000002076,Mediterraneibacter torques,RC9 sp000432655,MGYG000004594,MGYG000003470,Superficieibacter sp900766525,CAG-313 sp003539625,MGYG000002084,CAG-110 sp900554705,MGYG000001743,Prevotella sp900544825,UBA11512 sp003522145,UBA11517 sp900555365,UBA945 sp900549675,Pantoea septica,Anaerotruncus colihominis,Fenollaria sp900539225,Prevotella bergensis,Blautia sp900753905,CAG-485 sp002361235,Odoribacter massiliensis
rep268_seed2293	MGYG000003788,Clostridioides difficile,Campylobacter_A concisus_E,Prevotella sp900554045,Parabacteroides acidifaciens,Hydrogeniiclostridium sp900550095,Lachnospira sp000437735,UMGS1826 sp900555435,MGYG000001811,CAG-485 sp900760735,Blautia_A schinkii,MGYG000003323,Prevotella nigrescens,CAG-590 sp900552885,MGYG000003776,MGYG000000597,Dysosmobacter sp900544955,RC9 sp900545245,CAG-110 sp900762935,Butyricicoccus sp900547195,Anaerosalibacter massiliensis,MGYG000002071,MGYG000004656,UBA737 sp900547305,MGYG000004304,Prevotella jejuni,MGYG000002255,MGYG000001870,CAG-245 sp000435175,Prevotella sp900546575,CAG-127 sp900539705,Robinsoniella sp900540475,Rothia mucilaginosa_A,UBA9506 sp003506415,F23-B02 sp000431075,CAG-841 sp900544285,Prevotella sp900554545,Phocaeicola sp902388365,MGYG000003863,Desulfovibrio desulfuricans,UMGS1322 sp900550765,MGYG000004560,Duncaniella sp900549445,Prevotellamassilia sp900556465,MGYG000004829,MGYG000000356
rep269_seed2294	MGYG000004547,Phascolarctobacterium_A sp900770955,Campylobacter_A concisus_E,Blautia_A obeum_B,CAG-631 sp900754115,Romboutsia timonensis,51-20 sp001917175,MGYG000001242,CAG-873 sp900755985,MGYG000000325,Methanobrevibacter_A sp900766745,CAG-170 sp002404795,MGYG000000736,Prevotella sp900540375,Stomatobaculum sp002892395,UBA9502 sp003481825,Bacteroides ndongoniae,TM7x sp900555885,Prevotella sp900546575,Duodenibacillus sp900762555,MGYG000002151,Mediterraneibacter_A butyricigenes,MGYG000004122,MGYG000003917,Collinsella sp900549245,Streptococcus mutans,Evtepia sp004556345,Enterobacter hormaechei_A,Paraprevotella xylaniphila,MGYG000002694,MGYG000004753,Faecalimonas umbilicata,MGYG000002037,CAG-617 sp900553285,Pauljensenia bouchesdurhonensis,CAG-793 sp000433915,MGYG000002809,MGYG000003778,MGYG000000760,CAG-313 sp000433035,CAG-170 sp900549635,CAG-269 sp900552555,CAG-110 sp900549705,MGYG000000557,UBA1777 sp002320035,CAG-873 sp009775195
rep270_seed2295	MGYG000003752,MGYG000000660,CAG-110 sp900554625,MGYG000004654,CAG-83 sp000431575,Senegalimassilia anaerobia,Roseburia sp900753715,MGYG000000677,MGYG000004829,Faecalibacterium sp900551435,CAG-1427 sp000435675,UC5-1-2E3 sp001304875,UBA1777 sp900549545,MGYG000000433,Fournierella sp004558145,Clostridium_J sp000821305,UBA7173 sp900540205,MGYG000001809,Collinsella sp900541145,CAG-390 sp900753295,Ezakiella sp900540185,Collinsella sp900754275,MGYG000000688,Blautia_A sp900551465,UBA5905 sp900764115,F0422 sp900766245,HGM10836 sp900772095,Acutalibacter sp900755895,Olsenella_E timonensis,MGYG000004864,UBA4855 sp900540395,TF01-11 sp003524945,Bacillus_A luti,Eisenbergiella sp900544445,Collinsella sp900545875,Lawsonibacter sp900763995,NK4A136 sp002314855,MGYG000004718,Anaerostipes sp900066705,Clostridioides difficile_A,Collinsella sp900552145,Collinsella sp900550815,Terrisporobacter sp900557165,MGYG000003882,Butyrivibrio_A crossotus,ER4 sp900768135
rep271_seed2296	Bacteroides faecis,MGYG000001805,Bacteroides salyersiae,Christensenella hongkongensis,Raoultibacter timonensis,Phascolarctobacterium_A succinatutens_A,Lancefieldella sp000564995,Duodenibacillus sp900544255,Gemella morbillorum,Phocaeicola sp900551065,Phascolarctobacterium_A sp900547415,MGYG000000378,RC9 sp000435075,Butyricimonas synergistica,Streptococcus pseudopneumoniae_O,CAG-127 sp900539705,MGYG000004187,Paramuribaculum sp900752995,Collinsella sp900552995,Ruminococcus_D sp000434695,Pseudoruminococcus massiliensis,MGYG000004547,CAG-312 sp002405555,CAG-110 sp003525905,Pseudomonas_R sp900766265,F082 sp900769945,UMGS577 sp900543525,F0040 sp000318095,MGYG000002069,CAG-110 sp000434635,Bifidobacterium angulatum,Enterococcus_A avium,Bacteroides cutis,Anaerococcus rubeinfantis,MGYG000003299,MGYG000004107,CAG-269 sp001916005,MGYG000004198,UMGS1279 sp900761625,SFHK01 sp004556395,MGYG000000398,Eubacterium_R sp003526845,Fusobacterium_A varium_A,Clostridium_AQ innocuum,Collinsella sp900549355,Weissella cibaria
rep272_seed2297	Enterocloster sp900538485,Agathobacter sp900543445,Alloscardovia omnicolens,Negativibacillus sp900547015,CAG-279 sp900541935,MGYG000001142,Serratia marcescens_I,CAG-110 sp900546075,Phocaeicola sp900540105,HGM12789 sp900766585,CAG-460 sp900546715,Oribacterium sp900772695,Eubacterium_R sp002493325,CAG-462 sp900291465,Collinsella sp900757265,Prevotella salivae,Klebsiella quasipneumoniae,SFFH01 sp900542445,Clostridium sp900543325,SFMI01 sp004556155,MGYG000004721,Haemophilus_A paraphrohaemolyticus,MGYG000000348,MGYG000003451,Paraprevotella sp003477995,Eubacterium_R sp900547915,UBA5905 sp004558485,MGYG000004364,UBA7173 sp900768685,Mesosutterella massiliensis,Lawsonibacter sp900545895,Fusobacterium_B sp900554885,CAG-110 sp000435995,Hungatella effluvii,Weissella viridescens,RC9 sp900769145,UMGS1865 sp900768535,CAG-274 sp900545305,Prevotella bivia,Pseudomonas_E massiliensis,Phocaeicola plebeius_A,Blautia_A obeum,Ezakiella sp900540185,RC9 sp900544195,Staphylococcus aureus,Ruminococcus_E bromii_A
rep273_seed2298	CAG-632 sp000431515,MGYG000004436,Neisseria elongata,Merdibacter sp900543035,UBA1417 sp002305575,Streptococcus mitis,CAG-269 sp900551615,UBA1777 sp900547315,UBA11524 sp000437595,MGYG000002606,MGYG000002659,MGYG000004608,Arabia massiliensis,CAG-110 sp900546075,MGYG000001899,MGYG000002052,Enterobacter cloacae,UMGS731 sp900544985,CAG-475 sp900547975,Collinsella sp003469205,MGYG000000733,Faecalimonas sp900546325,HGM11523 sp900756545,Agathobacter rectalis,Porphyromonas_A sp001808555,TM7x sp900556355,Anaerococcus obesiensis,CAG-354 sp900555085,Pauljensenia radingae_A,MGYG000002797,Proteus sp003144505,MGYG000002754,Anaeromassilibacillus sp001305115,CAG-390 sp900753295,MGYG000001642,CAG-510 sp900550475,Collinsella sp900556415,UMGS1491 sp900757335,Bifidobacterium gallinarum,TF01-11 sp900759665,MGYG000002785,CAG-873 sp001701165,MGYG000004665,Negativibacillus sp900547455,MGYG000003913,Pluralibacter gergoviae
rep274_seed2299	CAG-273 sp900752095,Lysinibacillus fusiformis_D,Plesiomonas shigelloides,UMGS1781 sp900555075,Lachnospira eligens_A,Dysosmobacter sp900548505,CAG-279 sp900556245,Dysgonomonas capnocytophagoides,MGYG000000680,Blautia_A luti,UMGS1474 sp900547105,F23-B02 sp900556535,UMGS902 sp900761025,MGYG000004075,MGYG000004677,Lacticaseibacillus rhamnosus,MGYG000004604,CAG-831 sp900771335,Alistipes sp900546065,Bacteroides oleiciplenus,Collinsella sp900759565,MGYG000002130,Lawsonibacter sp900553135,MGYG000000481,Phocaeicola sp900066445,MGYG000004161,Methanobrevibacter_A oralis,F23-B02 sp003533405,Muribaculum sp002358615,Anaerostipes rhamnosivorans,CHH4-2 sp002899675,MGYG000004836,Acidaminococcus intestini,MGYG000004808,MGYG000002076,Collinsella sp900545875,MGYG000001899,Anaerostipes sp900756035,Hungatella sp005845265,Gemmiger variabilis_B,Dorea_A sp900550865,Collinsella sp900552755,MGYG000003647,MGYG000003766,Collinsella aerofaciens_H,MGYG000000735
rep275_seed2300	MGYG000001850,UBA5446 sp004553625,CAG-269 sp900760175,Alistipes sp900761235,Anaerostipes hadrus_A,MGYG000000934,OM05-12 sp900760755,Eubacterium_R coprostanoligenes,Parvimonas sp001553085,MGYG000004095,CAG-170 sp900553545,CAG-313 sp900539265,Porphyromonas_A somerae,Bacillus_J andreraoultii,Ruminococcus_C sp000437175,Enterococcus_B hirae,MGYG000004432,UBA6398 sp900555645,Robinsoniella sp900539655,Finegoldia magna_H,MGYG000000660,Sutterella wadsworthensis,Intestinimonas massiliensis,ER4 sp900546295,UBA11774 sp003507655,MGYG000000384,Clostridium paraputrificum,Prevotella sp900316565,Collinsella sp900547855,Alistipes senegalensis,MGYG000004650,MGYG000004235,CAG-1024 sp000432015,Collinsella sp900541235,MGYG000000411,MGYG000000630,MGYG000000547,SFJ001 sp004555865,MGYG000004405,CAG-269 sp900762425,UMGS1933 sp900772235,Alistipes onderdonkii,Paraeggerthella hongkongensis,HGM11588 sp900754755,MGYG000002732,Blautia sp002161285
rep276_seed2301	MGYG000001049,Eggerthella sp014287365,Gordonibacter urolithinfaciens,Alistipes putredinis,UMGS1858 sp900555705,MGYG000000716,MGYG000002706,Phascolarctobacterium sp900545535,NSJ-63 sp014384805,Anaerofustis sp900549875,Eubacterium_G sp000434315,Massilimaliae sp900752435,HGM11788 sp900760465,MGYG000002098,CAG-776 sp900758895,Alistipes sp900770635,UBA3388 sp002358835,UMGS1518 sp900552575,MGYG000004772,Anaerotruncus massiliensis,Agathobaculum butyriciproducens,Bifidobacterium breve,MGYG000000384,Massilioclostridium methylpentosum,Alistipes_A sp900545315,Phascolarctobacterium_A sp900757795,MGYG000003876,CAG-269 sp900753165,Providencia stuartii,Clostridioides difficile,UMGS1840 sp900555525,CAG-95 sp900553305,Collinsella sp900553705,UMGS403 sp900541565,SFTJ01 sp004557385,Peptoniphilus_A phoceensis,Campylobacter_A concisus_B,Bifidobacterium animalis,MGYG000004127,Lachnospira sp900316325,Collinsella sp900544725,Eubacterium_G sp900550135,MGYG000004647,CAG-81 sp900066055,Alistipes sp900769745,TM7x sp900555265
rep277_seed2302	MGYG000001832,Desulfovibrio piger,MGYG000003289,MGYG000001028,Proteus vulgaris,MGYG000004790,Collinsella sp900756725,MGYG000003067,Prevotella sp000433175,Morganella morganii_A,Rubneribacter badeniensis,Anaerostipes hadrus_A,Citrobacter freundii,TM7x sp900555885,Prevotella sp900555035,RC9 sp900541925,CAG-81 sp900066055,Dysosmobacter sp900548505,CAG-83 sp900552475,MGYG000000545,Enterocloster sp900555905,MGYG000004462,Pluralibacter gergoviae,UBA5905 sp900549155,CAG-1031 sp000431215,MGYG000004387,Pseudomonas citronellolis,MGYG000002092,F082 sp900542475,CAG-485 sp001701295,Parabacteroides sp900547435,MGYG000004610,MGYG000004363,Bacteroides gallinarum,Morganella morganii,Amulumruptor caecigallinarius,Clostridium_AQ innocuum,Collinsella sp900555585,RC9 sp900769145,Collinsella sp900545555,CAG-180 sp000432435,Parabacteroides sp900552465,Phocaeicola sp900552075,MGYG000004689,HGM04593 sp900769765,MGYG000000732
rep278_seed2303	MGYG000004732,MGYG000003698,CAG-110 sp900763965,Enterococcus_D sp002850555,Terrisporobacter sp902363255,Prevotella sp900543975,Lacrimispora sp000526575,Blautia_A sp003471165,CAG-110 sp900546415,MGYG000004836,Prevotella sp900762125,MGYG000002706,UBA7748 sp900314535,MGYG000004169,Leclercia adecarboxylata_C,Bariatricus massiliensis,Ruminococcus_C sp000433635,Ruminococcus_C callidus,Mailhella sp900555975,Enterobacter kobei,MGYG000002098,Pantoea agglomerans,Faecalicoccus sp900546545,Prevotella sp900553965,Eggerthella sp014287365,Streptococcus mutans,MGYG000002150,MGYG000003887,MGYG000002759,Sutterella wadsworthensis,Collinsella sp900762015,CAG-269 sp900551615,Enterocloster citroniae,Catenibacillus sp902363555,CAG-1031 sp000431215,Mediterraneibacter sp900751785,UMGS416 sp900542005,CAG-269 sp000437215,UBA945 sp900549675,MGYG000002691,Ruminococcus_F champanellensis,MGYG000003297,Phocea massiliensis,Weizmannia coagulans,MGYG000000440,Enterocloster sp900543885
rep279_seed2304	CAG-115 sp003531585,Phascolarctobacterium sp900544795,QALW01 sp900552055,UMGS1387 sp900551295,CAG-127 sp900553925,CAG-245 sp900552135,MGYG000003822,MGYG000002010,MGYG000000346,Collinsella sp900542825,Paraprevotella xylaniphila,MGYG000003319,Lawsonibacter asaccharolyticus,Fusobacterium_C necrophorum,MGYG000004365,CAG-269 sp900555615,UBA7160 sp902363665,Pluralibacter gergoviae,Limosilactobacillus vaginalis_A,Phytobacter sp002377245,UC5-1-2E3 sp001304875,Enterobacter hormaechei_A,Holdemanella biformis,CAG-485 sp900760735,MGYG000004657,Collinsella sp900556515,Blautia_A sp900542045,CAG-279 sp900548875,RF16 sp900766775,Providencia alcalifaciens,Eubacterium_R sp000436835,Alistipes_A sp900546005,Phascolarctobacterium sp900551745,Ellagibacter sp900554945,MGYG000002706,MGYG000003296,MGYG000004427,Bifidobacterium dentium,MGYG000003915,MGYG000000588,MGYG000003927,MGYG000003112,Citrobacter braakii,Eubacterium_R sp000433975,Angelakisella sp900547385,Streptococcus salivarius
rep280_seed2305	Collinsella sp900542825,UBA1191 sp900549125,MGYG000004161,Hungatella_A hathewayi_A,MGYG000000763,MGYG000002179,UBA1691 sp900544375,Butyricimonas faecalis,CAG-314 sp900551395,Parabacteroides sp003473295,Bacteroides sp902388495,CAG-873 sp001701165,CAG-302 sp000431795,UBA5446 sp900759385,Enterobacter bugandensis,MGYG000003839,Phytobacter massiliensis,Prevotellamassilia sp900542795,CAG-269 sp900754285,MGYG000003616,Streptococcus oralis,MGYG000000660,UMGS1766 sp900554855,Ruminiclostridium_E sp900768735,Ruminococcus sp900752785,Clostridium_Q saccharolyticum_A,CAG-110 sp900554625,MGYG000000728,UMGS1052 sp900548115,Collinsella aerofaciens_F,Enterocloster sp900543885,CAG-279 sp900550025,MGYG000001061,MGYG000003910,UMGS1600 sp900553315,Evtepia sp004556345,Streptococcus agalactiae,Ruminococcus sp002438605,Zag1 sp000433095,Odoribacter sp900548135,Anaeromassilibacillus sp001305115,Lancefieldella sp902373375,UBA1181 sp900769555,Citrobacter_B koseri,CAG-238 sp900542245,Agathobacter rectalis
rep281_seed2306	Collinsella sp900762345,Collinsella sp900757495,CAG-83 sp900551355,Clostridium sp900769625,MGYG000002696,UMGS1532 sp900552605,UBA7057 sp900543675,Bifidobacterium pseudocatenulatum,Collinsella sp900554985,MGYG000001566,Muricomes fissicatena_A,MGYG000004721,UBA1691 sp900549825,Gemmiger variabilis_A,NSJ-63 sp014384805,MGYG000003813,Neobittarella massiliensis,MGYG000004427,RC9 sp000432655,UBA5905 sp002437905,Faecalibacterium prausnitzii_J,Enterocloster bolteae,Ruminiclostridium_E sp900768735,UMGS911 sp900545935,Megamonas sp900554895,Bacteroides eggerthii,MGYG000004630,Pseudescherichia vulneris,UMGS1783 sp900555065,RC9 sp000435075,CAG-314 sp000437915,MGYG000003071,UBA1206 sp000433115,Alistipes sp900021155,MGYG000001112,Prevotella copri_A,UBA3766 sp900769175,CAG-115 sp900768125,UMGS1004 sp900761685,UBA10281 sp900556195,UMGS731 sp900544985,Eisenbergiella sp900539715,Prevotella sp900552675,Blautia_A sp900542045,Prevotella bivia,Eubacterium_I sp900546495
rep282_seed2307	Prevotella amnii,RUG115 sp900066395,CAG-269 sp000438255,CAG-1427 sp000435675,TM7x sp900555425,MGYG000004432,MGYG000000339,UBA4285 sp900545225,MGYG000001886,Prevotella colorans,Mailhella sp003150275,MGYG000002207,VUNA01 sp002299625,Dorea_B phocaeensis,Phytobacter diazotrophicus,CAG-617 sp000431275,MGYG000004841,MGYG000001566,CAG-831 sp902388455,MGYG000003842,MGYG000004858,Salinicola tamaricis,Paraprevotella sp003477995,UMGS1872 sp902373635,MGYG000004522,Dysgonomonas mossii,CAG-83 sp900550585,MGYG000002255,UBA1181 sp900769555,Collinsella sp900551655,Lachnospira sp000437735,Collinsella sp900550415,Niameybacter sp900549765,Clostridium sp900539375,UMGS1696 sp900753285,Bilophila sp902373525,Bacillus_A luti,Harryflintia acetispora,Prevotella sp900550035,Catenibacillus sp902363555,Prevotella sp002350355,Lactobacillus ultunensis,Collinsella sp900545605,SFFH01 sp900548125,S5-A14a sp000758905,Collinsella sp900541475
rep283_seed2308	MGYG000000876,HGM04593 sp900770665,Bariatricus comes,Phocaeicola sp900546355,MGYG000003768,Anaerococcus obesiensis,Dielma sp001305055,Ruminococcus_G gauvreauii,MGYG000004496,CAG-145 sp900540145,MGYG000004184,Collinsella sp900548075,CAG-313 sp900539265,MGYG000004384,CAG-475 sp900763875,Neisseria sp000186165,Collinsella sp900754275,UBA9502 sp003481825,Blautia_A sp000436615,Yersinia kristensenii_B,MGYG000003900,MGYG000004233,Massilioclostridium coli,CAG-170 sp003516765,Prevotella sp900557405,HGM04593 sp900769465,CAG-510 sp900551115,Eubacterium_R sp002493325,Klebsiella_A grimontii,Sellimonas sp002161525,Sutterella seckii_A,Enterocloster clostridioformis,Adlercreutzia celatus_A,Porphyromonas sp900539155,Alistipes_A indistinctus,HGM11327 sp900759935,UBA3388 sp900546465,UBA7173 sp900546835,Beduini massiliensis,MGYG000003787,Collinsella sp900544235,UBA1409 sp002338885,Bifidobacterium italicum,Roseburia sp900548205,Collinsella sp900760325,UMGS1975 sp900546685
rep284_seed2309	Ruminococcus_B sp900544395,CAG-110 sp900544945,MGYG000000739,MGYG000004062,MGYG000003296,Ruminococcus_E sp900543095,Collinsella sp900540855,V9D3004 sp900760345,CAG-145 sp900542295,Pauljensenia sp001064145,MGYG000001106,MGYG000004850,Coprobacter sp900545915,Collinsella sp900550205,Pseudoflavonifractor sp014287675,CAG-103 sp004556965,Collinsella sp900556445,Acetatifactor sp900772845,Collinsella sp900757185,RC9 sp900769145,Lachnoclostridium_B phocaeensis,CAG-793 sp000433915,UMGS1696 sp900763885,Enterocloster sp900540675,Enterobacter hormaechei_A,Prevotella sp000436035,UBA7160 sp902363665,Duodenibacillus sp900762555,CAG-631 sp900762575,43-108 sp001915545,Acutalibacter sp900543555,UMGS403 sp900540865,RC9 sp000431015,Enterobacter cloacae_O,UMGS1994 sp900556975,Collinsella provencensis,Ruminococcus_G gauvreauii,RC9 sp900545245,Cronobacter sakazakii,Muribaculum sp003150235,CAG-417 sp000432835,Dialister sp900541485,An92 sp900199495,Bacteroides graminisolvens,UMGS1322 sp900550765,Collinsella sp900555955
rep285_seed2310	Bifidobacterium infantis,Collinsella sp900762325,Caecibacter massiliensis,Acetatifactor sp900066565,MGYG000003910,Eubacterium_G sp000435815,Companilactobacillus farciminis,Lachnoclostridium_B phocaeensis,Rothia mucilaginosa_A,Eubacterium_M sp900540015,MGYG000003837,MGYG000000403,Gemmiger sp900556255,Bifidobacterium globosum,ER4 sp900763705,CAG-177 sp003514385,Bifidobacterium animalis,MGYG000004597,Stomatobaculum naviforme,MGYG000000411,Bacteroides nordii,UBA4372 sp900766785,Collinsella sp900546825,MGYG000004870,MGYG000003728,UMGS1975 sp900546685,Alistipes putredinis,Hydrogeniiclostridium sp900550095,Blautia_A obeum_B,MGYG000002090,Adlercreutzia celatus_A,Phascolarctobacterium_A sp900553055,MGYG000004206,Anaerobutyricum sp900754855,Clostridium_J sp000821305,Caecibacter sp900549385,Collinsella sp900550825,Prevotella sp900552675,UMGS1225 sp900549725,Dialister sp900557365,MGYG000004901,Clostridium sp000435835,Peptacetobacter sp900550335,Parvimonas micra,Faecalibacterium sp900539945,Enterocloster citroniae
rep286_seed2311	MGYG000002112,Raoultella ornithinolytica,Collinsella sp900543615,MGYG000001683,Prevotella sp002480935,Phocaeicola sp900544675,F23-B02 sp003533405,Paramuribaculum sp900760855,Parasutterella excrementihominis,Phocaeicola sp900542985,MGYG000003470,Prevotella buccalis,CAG-877 sp900554305,Streptococcus mitis_AC,UBA9502 sp003480315,CAG-269 sp001916055,MGYG000000635,UBA1417 sp900552925,MGYG000003509,Collinsella sp900758845,Pauljensenia sp900541895,UBA737 sp900754145,CAG-269 sp900753165,MGYG000000759,Acinetobacter johnsonii,Veillonella sp900550455,MGYG000000386,MGYG000004575,Eubacterium limosum,Ruminococcus_D sp900539835,ER4 sp003522105,Neobittarella massiliensis,Collinsella sp900549655,Phil1 sp004558525,Phocaeicola sp900546095,Lawsonibacter sp902363045,Phocaeicola salanitronis,Muricomes fissicatena_A,Pantoea ananatis,MGYG000002791,MGYG000000746,MGYG000004430,Bacteroides ovatus,Dysosmobacter sp014297375,CAG-1193 sp900550145,Collinsella sp900553935
rep287_seed2312	UBA1417 sp002305575,CAG-110 sp900762935,Bilophila sp902373525,Mediterraneibacter massiliensis,CAG-177 sp000431775,MGYG000004024,HGM11575 sp900754775,Acetatifactor sp900772845,Bacteroides oleiciplenus,Ligilactobacillus ruminis,Clostridium sp900540255,Clostridium_J ihumii,CAG-877 sp900548695,UMGS1783 sp900555065,Campylobacter_A concisus,UBA738 sp900763675,Prevotella sp000436595,Ruminococcus_E sp003521625,CAG-170 sp003516765,MGYG000000650,MGYG000002219,CAG-110 sp900549495,Klebsiella_A grimontii,MGYG000004306,Lachnoclostridium_B phocaeensis,MGYG000002150,RC9 sp000433355,Parvimonas sp001553085,MGYG000002606,Klebsiella aerogenes,Gastranaerophilus phascolarctosicola,Lachnoclostridium_B sp900066555,Faecalibacterium sp900758465,Collinsella sp900542905,Collinsella sp900550835,Collinsella sp900542825,Collinsella sp900556365,CAG-873 sp002493945,Gemmiger variabilis,MGYG000003315,Holdemania massiliensis,CAAEEV01 sp900754955,Agathobacter sp900552085,CAG-110 sp900544705,MGYG000002604,Anaerosacchariphilus sp014290175
rep288_seed2313	UBA5394 sp003150565,Collinsella sp900760325,Olsenella_E timonensis,Peptoniphilus_A harei,Collinsella sp900548515,CAG-110 sp900556935,Prevotella sp900557405,Mediterraneibacter sp900752395,Fenollaria sp900539225,Bifidobacterium ruminantium,MGYG000001181,GCA-900066495 sp902362365,Prevotella sp900555035,UBA1786 sp900771425,UMGS902 sp900761025,Collinsella sp900759335,UBA7160 sp902363135,MGYG000004556,GCA-900066495 sp900545985,Enterobacter hormaechei_A,Barnesiella sp900538555,Blautia_A sp900120195,Prevotella copri_A,Enterobacter chengduensis,Slackia exigua,CAG-83 sp902388735,UBA5446 sp900546485,Collinsella sp900548365,MGYG000004095,UBA1777 sp900549485,CAG-793 sp900557475,MGYG000000597,CAG-873 sp900554715,Muribaculum sp001701195,Bacteroides salyersiae,MGYG000004894,Eubacterium_R sp000431535,UMGS403 sp900541565,Lactobacillus gallinarum,MGYG000002041,QAMH01 sp900556425,UMGS577 sp900543525,CAG-877 sp900548695,MGYG000003061,Butyricimonas sp900759925,Haemophilus_D parainfluenzae_N
rep289_seed2314	Anaerotignum faecicola,MGYG000000635,Phoenicibacter congonensis,CAG-83 sp900554275,MGYG000004742,Eubacterium_R sp900539425,F23-B02 sp002472405,UMGS1690 sp900554165,Anaeroglobus micronuciformis,Amulumruptor sp900539915,UBA738 sp900763675,UBA1390 sp900764045,UBA4855 sp900540395,MGYG000000361,Lachnoclostridium_B sp900066555,Hydrogeniiclostridium sp900550095,Johnsonella sp900766185,TF01-11 sp003149875,Prevotella sp900770395,Collinsella sp900556365,Ruminococcus_E sp002493635,Lachnospira rogosae_A,BX12 sp014333425,Parabacteroides sp900540715,MGYG000002686,MGYG000004209,Bacteroides stercoris,MGYG000001885,MGYG000000286,Dysosmobacter sp900548505,CAG-269 sp001916065,MGYG000002150,Streptococcus lutetiensis,MGYG000001879,Bittarella massiliensis,MGYG000000355,MGYG000002797,Firm-11 sp004556545,Collinsella aerofaciens_A,Alistipes sp900553175,MGYG000004002,Enterocloster clostridioformis_A,Desulfovibrio piger,Prevotella sp000436035,MGYG000004231,Gemmiger sp900540775
rep290_seed2315	GCA-900066135 sp900066135,Acetivibrio_A ethanolgignens,Muricomes sp900604355,Phascolarctobacterium_A sp900757795,Collinsella sp900546455,CAG-103 sp000432375,Eubacterium_F sp000433735,Pauljensenia sp000411415,Faecalibacillus faecis,MGYG000004423,Akkermansia muciniphila,Atlantibacter hermannii,MGYG000004003,UBA5416 sp900539175,Angelakisella sp004557855,Prevotella sp900316565,Prevotella brunnea,Streptococcus rubneri,UBA9475 sp900554075,Phytobacter massiliensis,Leclercia adecarboxylata_C,UMGS905 sp900540085,Ruminococcus_C sp900770195,MGYG000004836,Prevotella melaninogenica,Lactobacillus hominis,MGYG000001858,Odoribacter sp900541415,MGYG000001133,Collinsella sp900552295,Collinsella sp900542825,VUNA01 sp002299625,Collinsella sp900555955,Phascolarctobacterium_A sp900544885,Collinsella sp900549185,Collinsella sp900545835,UBA1777 sp900549545,Collinsella sp900757235,Eubacterium limosum,Collinsella sp900545875,Gemmiger qucibialis,MGYG000001850,CAG-475 sp900548005,Anaerostipes hadrus,MGYG000004879,Gabonibacter massiliensis
rep291_seed2316	Collinsella sp900761995,RUG023 sp900315435,Ruminococcus_C sp900770195,Acutalibacter sp000435395,MGYG000000645,MGYG000002092,Collinsella sp900549025,Streptococcus anginosus,Collinsella sp900541745,Muricomes fissicatena_A,Collinsella sp900546115,MGYG000003015,MGYG000002053,Megamonas hypermegale,Prevotella sp000431975,Murimonas intestini,Caecibacter sp003467125,MGYG000004624,CAG-617 sp000431275,Fusobacterium nucleatum,Enterococcus_G italicus,GCA-900066495 sp902362365,Veillonella_A sp900765165,UBA5905 sp900549155,Alloprevotella tannerae,Campylobacter_B sp900539505,MGYG000003941,Atlantibacter hermannii,Lactonifactor longoviformis,Terrisporobacter othiniensis,QALS01 sp003150575,Enorma massiliensis,Bacteroides fragilis,Parabacteroides massiliensis,UMGS403 sp900540865,Acinetobacter johnsonii,UMGS1071 sp900542375,Neisseria sp000186165,UMGS75 sp900538885,Gemmiger formicilis,Lachnoclostridium_B sp900066555,CAG-449 sp900551385,Holdemanella sp003436425,MGYG000004759,MGYG000004817,Eubacterium_R sp900540235
rep292_seed2317	MGYG000003045,Prevotella pectinovora,UMGS403 sp900540275,UMGS946 sp900547135,Ruminiclostridium_E sp900539195,Massilistercora sp902406105,Clostridium_E jeddahense,Muricomes contortus_B,Coprococcus sp900548215,Alloprevotella tannerae,CAG-510 sp900550475,Eggerthella lenta,MGYG000004718,Monoglobus pectinilyticus,Phil1 sp004558525,Collinsella sp900541685,CAG-1031 sp900752535,QALR01 sp900552255,Collinsella sp900553415,Eubacterium_R sp900555015,Merdibacter sp900543035,Anaerobutyricum sp900754855,Alistipes sp900541585,UBA7597 sp900542935,MGYG000000545,Anaerosalibacter massiliensis,UBA7160 sp902363665,MGYG000004432,Streptococcus rubneri,Ruminococcus_E sp900543095,Rothia dentocariosa,MGYG000003927,Paraprevotella sp900760455,Veillonella sp900550175,Paramuribaculum sp900759915,CAG-269 sp900556945,Phocaeicola sp900551445,UMGS1865 sp900768535,MGYG000001759,Acidaminococcus timonensis,Bariatricus massiliensis,MGYG000003578,CAG-196 sp900553895,UBA1191 sp900549125,UBA2821 sp902763335,CAG-110 sp900551495
rep293_seed2318	Agathobaculum butyriciproducens,Parasutterella sp900766055,F0422 sp900766245,Blautia sp900556555,MGYG000002037,Fusicatenibacter saccharivorans,GCA-900066495 sp902362365,Prevotella sp000431975,Arabia massiliensis,Agathobacter sp900547695,GCA-900066755 sp900066755,Collinsella sp900761995,MGYG000004808,Duncaniella dubosii,MGYG000001969,MGYG000000674,CAG-485 sp002491165,MGYG000003950,Blautia_A sp900541985,Ruminococcus_A sp003011855,Vibrio cholerae,Porphyromonas sp900539155,Collinsella sp900767675,Acutalibacter timonensis,Prevotella timonensis,Hafnia paralvei,Veillonella sp900545205,UMGS902 sp900546635,Dialister sp900545785,Prevotella sp900769055,MGYG000003323,MGYG000003271,Alistipes sp001941065,Klebsiella variicola,Lancefieldella sp902373375,Fusobacterium_B sp900541465,Lawsonibacter sp003478995,UMGS882 sp900546385,MGYG000004665,UMGS1071 sp900548305,UBA4644 sp900555855,Tidjanibacter inops_A,MGYG000000576,F23-B02 sp000431075,MGYG000003717,Beduini massiliensis
rep294_seed2319	MGYG000002150,Phocaeicola sp000434735,Leminorella grimontii,Streptococcus sp902373455,Olsenella_B sp000752675,Pygmaiobacter massiliensis,Collinsella sp003470665,Eubacterium callanderi,Phascolarctobacterium_A sp900553055,CAG-110 sp900546915,Peptostreptococcus anaerobius,Granulicatella sp900551535,MGYG000000733,MGYG000000727,Bifidobacterium gallinarum,UMGS1441 sp900543365,Collinsella sp900547805,Prevotella sp002251295,QAMM01 sp900552945,MGYG000004443,Collinsella sp902388345,Prevotella bivia,Anaerotignum sp001304995,F23-B02 sp002472405,Prevotellamassilia sp900768625,CAG-873 sp001701165,MGYG000001954,MGYG000002727,Extibacter muris,Eubacterium_I sp900066595,MGYG000004119,CAG-83 sp003539495,Eubacterium_R sp900540235,MGYG000004556,Robinsoniella sp900555455,MGYG000004238,MGYG000004387,MGYG000003060,Duodenibacillus sp900552915,Lachnoclostridium_B sp900066765,CAG-145 sp900545135,Collinsella sp902363125,Bacteroides neonati,MGYG000003854,CAG-485 sp002491165,CAG-882 sp900545175
rep295_seed2320	NSJ-32 sp014384895,Muribaculum sp001701195,Gemmiger sp900556255,UMGS929 sp900546875,UBA7182 sp003480725,UBA3388 sp002358835,Serratia marcescens_I,Escherichia fergusonii,CAG-110 sp900554705,Acutalibacter sp900755895,Bacteroides bouchesdurhonensis,MGYG000001642,MGYG000003728,Holdemanella sp003458715,Latilactobacillus curvatus,Amulumruptor sp900539915,UBA1232 sp900544815,UBA5809 sp002417965,ER4 sp003522105,Ruminococcus_F champanellensis,Agathobacter rectalis,MGYG000004209,MGYG000004818,MGYG000002090,Citrobacter_A sp009363175,UBA10281 sp900767815,Collinsella sp900541025,MGYG000004393,Ruminococcus_A sp000432335,Blautia_A sp900547615,MGYG000004749,Bulleidia sp900554555,MGYG000004836,Collinsella sp900554255,Collinsella sp900549655,MGYG000000752,MGYG000003324,MGYG000000361,Limosilactobacillus antri,CAG-273 sp902406115,CAG-590 sp000431135,RQCD01 sp008668455,MGYG000003578,Eubacterium_G sp900548465,Ruminiclostridium_E sp900768735,Phocea massiliensis
rep296_seed2321	MGYG000004039,MGYG000004849,CAG-269 sp900551615,Kluyvera sp902363335,An181 sp002160325,Citrobacter_B koseri,Blautia stercoris,Citrobacter braakii,TM7x sp900555265,Eubacterium_M sp900540015,Blautia sp900555025,CAG-488 sp900554995,MGYG000004782,Ligilactobacillus sp900765635,Collinsella sp900541475,ER4 sp900768135,Prevotella sp000435635,Blautia_A caecimuris,MGYG000000674,MGYG000004599,UBA3388 sp002358835,UBA2821 sp902763335,CAG-245 sp900552135,UBA1394 sp900554975,Phocaeicola sp900066455,Porphyromonas sp900548415,MGYG000001833,UMGS1670 sp900546215,MGYG000002055,Stomatobaculum naviforme,Streptococcus parasanguinis_B,Odoribacter sp900541415,HGM11808 sp900757025,MGYG000000456,Rothia mucilaginosa,Beduini sp902363625,MGYG000002223,Prevotella copri_A,Pauljensenia sp902373545,Succiniclasticum sp900544275,Plesiomonas shigelloides,Collinsella sp900761155,UMGS1872 sp900555795,Gemmiger sp900540775,Ruthenibacterium sp900759375,Duodenibacillus sp900542805
rep297_seed2322	Ruthenibacterium sp900546885,Megamonas hypermegale,Phascolarctobacterium sp900545535,Ruminococcus_D sp900752625,TM7x sp900556355,Acetatifactor sp900772845,Streptococcus vestibularis,CAG-353 sp900066885,UMGS1889 sp900556055,Klebsiella_A grimontii,MGYG000003778,Klebsiella quasipneumoniae,MGYG000004868,UBA7173 sp900555165,MGYG000004166,Blautia sp900543715,Acetatifactor sp900755865,Bifidobacterium ruminantium,CAG-95 sp900554925,Eubacterium_R sp900547915,CAG-279 sp900550025,HGM04593 sp900769765,UBA7057 sp900542735,Raoultibacter timonensis,Roseburia sp900548205,Peptostreptococcus russellii_A,CAG-877 sp900554305,UBA7160 sp902363665,Acetatifactor sp900066565,MGYG000003975,Collinsella sp900542965,Anaerosacchariphilus sp014290175,Collinsella sp900541025,CAG-110 sp900544405,SFVR01 sp900769035,Collinsella sp900541685,Acidaminococcus provencensis,Collinsella sp900549655,MGYG000004148,Prevotella sp000435635,UMGS1839 sp900555545,MGYG000003869,MGYG000003308,MGYG000004890,Clostridium paraputrificum,Roseburia sp900756925
rep298_seed2323	UBA1417 sp900552925,Porphyromonas uenonis_A,MGYG000004807,CAG-485 sp900555915,UBA1394 sp900066845,CAG-110 sp900762005,Faecalimonas sp900546325,HGM11588 sp900754755,CAG-1193 sp900550145,Collinsella sp900549355,Enterocloster sp000155435,Exiguobacterium sp003467445,MGYG000004118,MGYG000004621,Zag1 sp900769355,CAG-238 sp900551415,MGYG000001033,MGYG000004170,Streptococcus mitis,CAG-1427 sp000435675,Anaeroglobus geminatus,Campylobacter_A concisus_L,Collinsella sp900545835,MGYG000003451,Clostridium_AQ sp900552125,MGYG000000746,Collinsella sp900757205,MGYG000002686,UBA4716 sp900556575,UMGS1883 sp900763305,MGYG000003854,UBA11471 sp900542765,MGYG000003798,MGYG000003256,Extibacter sp001185345,Bifidobacterium angulatum,Lachnoanaerobaculum sp000296385,RC9 sp900546395,Anaerococcus sp900258475,Clostridium paraputrificum,UBA7173 sp900759895,MGYG000000474,MGYG000003840,Prevotella sp900770845,Bacteroides nordii,Prevotella sp900770025
rep299_seed2324	Prevotella sp900540415,Collinsella sp900542315,Parabacteroides merdae,Lactobacillus paragasseri,UBA2882 sp900549665,MGYG000002099,Lawsonibacter sp902363045,CAG-81 sp900556965,MGYG000002769,Parabacteroides chinchillae,UBA1829 sp900760615,Paraprevotella sp900760455,CAG-110 sp900762005,TF01-11 sp003149875,Prevotella sp900544825,Collinsella sp900541685,Collinsella sp900754275,MGYG000004858,Desulfovibrio sp900540515,Amulumruptor caecigallinarius,MGYG000004704,Collinsella sp003479805,Gemmiger sp900554145,CAG-449 sp900551385,MGYG000000627,Blautia_A massiliensis,Eikenella corrodens,UMGS75 sp900538885,Collinsella sp008014645,Lawsonibacter sp900754605,MGYG000004231,MGYG000003909,UBA11517 sp900555365,Anaerococcus hydrogenalis,Citrobacter_B koseri,Cetobacterium_A sp900766645,Bacteroides fragilis_A,CAG-776 sp900758895,Collinsella sp900541745,Pauljensenia sp900556405,MGYG000002626,CAG-485 sp900767075,GCA-900066135 sp900066135,CAG-1427 sp000435675,MGYG000002209,Megasphaera stantonii
rep300_seed2325	Borkfalkia ceftriaxoniphila,Extibacter muris,MGYG000004100,Fusobacterium periodonticum_D,MGYG000003076,Faecalimonas phoceensis,MGYG000000592,Streptococcus sobrinus,MGYG000002785,Collinsella sp900554325,Collinsella sp900765185,CAG-841 sp900544285,Pseudomonas_E fulva,Weissella cibaria,Clostridium_B sp902809985,Agathobaculum desmolans,Megamonas sp900554895,CAG-353 sp900768995,UBA945 sp900549675,CAG-485 sp900767075,Porphyromonas_A sp900541275,Bacteroides graminisolvens,Bariatricus massiliensis,CAG-485 sp900550645,Rothia mucilaginosa,MGYG000003470,Alistipes shahii,MGYG000000688,Lawsonibacter sp900766145,UMGS1202 sp900549565,Phocaeicola salanitronis,Acinetobacter mesopotamicus,MGYG000003328,Agathobacter faecis,Turicimonas sp900542195,UBA11471 sp900547555,Collinsella sp900545875,Collinsella sp900556605,MGYG000002215,Dialister sp900543165,MGYG000001717,MGYG000004807,MGYG000004503,MGYG000004721,Dysosmobacter sp001916835,ER4 sp900552015
rep301_seed2326	Collinsella aerofaciens_H,Collinsella sp900547345,MGYG000000346,Eubacterium_I sp900066595,MGYG000002127,CAG-488 sp900539465,Lachnospira sp900545725,MGYG000002025,Fusobacterium_B sp900545035,Blautia stercoris,Clostridium_Q sp900547735,Collinsella sp900551655,Christensenella sp001678845,Dysosmobacter sp900551885,Prevotella sp900557255,Peptoniphilus_B duerdenii,MGYG000004586,CAG-110 sp900540635,Collinsella sp900549185,Intestinimonas massiliensis,Pauljensenia sp001064145,Klebsiella aerogenes,MGYG000003470,UBA11517 sp900753315,Ruminococcus_E bromii_A,Slackia exigua,CAG-417 sp000432835,MGYG000004209,MGYG000004509,Marvinbryantia sp900066075,Clostridium sp900540255,UMGS1901 sp900553755,CAG-83 sp900551355,MGYG000000286,Prevotella sp900546535,MGYG000003578,MGYG000000411,Blautia_A sp900066335,TF01-11 sp001414325,Haemophilus_A paraphrohaemolyticus,Dysosmobacter sp900544615,UMGS403 sp900540865,MGYG000003995,CAG-488 sp000434055,UBA1691 sp900549825,CAG-1427 sp900548955
rep302_seed2327	Oribacterium sp900770445,Streptococcus infantis_I,MGYG000003299,Pantoea eucalypti,MGYG000001643,Roseburia sp003483745,Parabacteroides faecis,MGYG000002785,MGYG000000413,CAG-495 sp001917125,UBA11774 sp003507655,Enterocloster sp900543885,CAG-110 sp900547405,Enterococcus_B durans,Lacrimispora sp000526575,UMGS403 sp900540865,MGYG000004669,Bacteroides caccae,Collinsella sp900549455,MGYG000003910,Streptococcus sp900755085,Ligilactobacillus salivarius,Ruminococcus_D sp900543145,CAG-312 sp900760055,Clostridium_P massiliamazoniense,CAG-83 sp900552725,Dysosmobacter sp900542115,Clostridium_B sp902809985,Fusobacterium_A varium_A,UBA5394 sp003150565,UMGS1532 sp900552605,Lactonifactor longoviformis,MGYG000004864,Akkermansia muciniphila_C,HGM11521 sp900751885,MGYG000001880,Ruminococcus_E sp900755995,Enterobacter chengduensis,MGYG000004708,Streptococcus mutans,MGYG000003256,CAG-110 sp000434635,MGYG000004670,CAG-632 sp900539185,Peptoniphilus_A lacrimalis,UBA1777 sp900754515
rep303_seed2328	Collinsella sp902362275,ER4 sp900552375,CAG-873 sp900555715,Phytobacter ursingii,Dysosmobacter sp000436875,MGYG000004630,Collinsella sp900544135,MGYG000001969,UMGS1975 sp900556815,CAG-882 sp900545455,Odoribacter laneus,Allisonella pneumosintes,MGYG000004428,Lawsonibacter sp900549405,MGYG000004753,Veillonella tobetsuensis,Faecalicoccus sp900546545,MGYG000001871,MGYG000004664,Dysosmobacter sp900544105,Streptococcus sp900543065,Streptococcus oralis_S,Fusobacterium_B sp900541465,Sutterella parvirubra,UBA6398 sp003150315,MGYG000004481,MGYG000004610,UMGS911 sp003343545,Enterococcus_D sp002850555,Roseburia sp003483745,Negativibacillus sp000435195,HGM12789 sp900766585,MGYG000004808,Collinsella sp900543605,Blautia sp001304935,MGYG000000736,UBA4372 sp900766785,Acidaminococcus fermentans_A,Leclercia adecarboxylata_C,CAG-590 sp000431135,Butyricicoccus_A sp002395695,Dysosmobacter sp014297375,MGYG000002098,Collinsella sp900550835,Collinsella sp902388345,Providencia rettgeri_D
rep304_seed2329	Streptococcus equinus,Turicibacter sp001543345,Phascolarctobacterium sp900551745,MGYG000001914,Blautia coccoides,Flavonifractor plautii,Collinsella aerofaciens_E,CAG-110 sp900556935,UMGS1781 sp900555075,MGYG000002659,Peptostreptococcus stomatis,Collinsella sp900550825,Prevotella sp000433175,Bifidobacterium angulatum,MGYG000000862,UBA2882 sp900549665,MGYG000003509,MGYG000002726,MGYG000001585,Duodenibacillus sp900538905,Bacteroides sp002491635,Citrobacter braakii,Pseudoruminococcus massiliensis,Succiniclasticum sp900544275,Collinsella aerofaciens_J,MGYG000000759,Firm-10 sp004552515,Collinsella sp900544725,QANA01 sp900554725,UBA1259 sp003523255,Christensenella hongkongensis,UBA945 sp900549675,Fusobacterium massiliense,MGYG000004650,Ruminococcus_G gauvreauii,Collinsella sp900554585,Pauljensenia sp000758755,GCA-900066495 sp902362365,Alistipes putredinis,UBA11471 sp900542765,COE1 sp001916965,Ruminococcus_C sp000437175,MGYG000000433,Lachnospira sp000437735,Pauljensenia turicensis,Prevotella sp900770395
rep305_seed2330	Intestinibacter sp900540355,Caecibacter massiliensis,MGYG000004327,Klebsiella quasipneumoniae,MGYG000004888,Bacilliculturomica massiliensis,Granulicatella adiacens,Collinsella sp900761995,Citrobacter braakii,Bacteroides uniformis,Parasutterella sp000980495,HGM12669 sp900761935,MGYG000004042,Peptostreptococcus sp900759325,Agathobacter sp900547695,Haemophilus influenzae,MGYG000003945,Senegalimassilia anaerobia,Collinsella sp900556605,Borkfalkia ceftriaxoniphila,UMGS1537 sp900552695,UBA1777 sp900549485,Beduini massiliensis,MGYG000004547,Dysosmobacter sp000436875,Megasphaera elsdenii,Stomatobaculum naviforme,MGYG000002680,Christensenella timonensis,Prevotella sp900551055,Eubacterium_G sp000434315,Massilioclostridium methylpentosum,Phocaeicola barnesiae,Blautia_A faecis,Absicoccus sp000434355,CAG-269 sp900760175,MGYG000002629,CAG-793 sp000433915,UMGS1865 sp900768535,Campylobacter_B hominis,MGYG000000706,Eubacterium_R sp014465955,F082 sp900769945,MGYG000000432,MGYG000004193,Lawsonibacter sp900764755
rep306_seed2331	UMGS1484 sp902388225,Pygmaiobacter massiliensis,MGYG000001643,Collinsella sp900545555,Odoribacter sp900548135,UBA737 sp900549755,MGYG000004836,CAG-279 sp900541935,MGYG000003315,MGYG000003451,CAG-83 sp900551995,CAG-279 sp900548875,Parabacteroides bouchesdurhonensis,CAG-115 sp000432175,MGYG000004495,Prevotella sp900552965,MGYG000003206,MGYG000003175,RF16 sp900766775,MGYG000003833,UBA5446 sp900544765,Prevotella sp900556825,Romboutsia dakarensis,MGYG000001219,MGYG000004881,HGM13233 sp900762805,Stomatobaculum naviforme,Eubacterium_R sp900539775,Fusobacterium animalis,Streptococcus rubneri,Prevotella sp002251295,UMGS911 sp900546695,UBA6382 sp900557555,MGYG000002604,Providencia rettgeri,Faecalibacterium prausnitzii_E,MGYG000001825,Caproiciproducens sp000752215,UBA3388 sp900545215,Lactobacillus amylolyticus,Marseille-P4683 sp900232885,UBA11524 sp000437595,UBA11524 sp900769075,Streptococcus equinus,Streptococcus sp900543065,Ruminococcus_C sp000437255
rep307_seed2332	Collinsella sp900556205,Agathobacter sp900548765,Eubacterium_F sp000433735,CAG-110 sp000434635,Pseudomonas_E bubulae,MGYG000002053,MGYG000002045,MGYG000002745,MGYG000002035,Blautia hominis,MGYG000004756,MGYG000003863,Prevotella copri_A,Firm-11 sp900540045,CAG-95 sp900554925,UMGS416 sp900542005,AM51-8 sp900761925,Clostridium_B tyrobutyricum,Evtepia sp900546255,MGYG000003861,CAG-762 sp000432575,MGYG000001189,UBA7185 sp900756555,Allisonella histaminiformans,Enterobacter bugandensis,CAG-110 sp900549495,PeH17 sp000435055,UMGS856 sp900760305,TM7x sp900556885,MGYG000004849,Bacteroides gallinarum,Ruminococcus_E sp003438075,Ruminococcus_E sp900314705,Olsenella sp900555995,Collinsella sp900545835,UMGS1766 sp900554855,Porphyromonas_A sp001808555,HGM13010 sp900754965,Weizmannia coagulans,MGYG000000300,MGYG000002182,Oribacterium sinus,Duncaniella dubosii,MGYG000002112,Duodenibacillus sp900552915,MGYG000002092
rep308_seed2333	Lachnospira sp900551945,Phascolarctobacterium_A sp900541915,HGM11386 sp900761915,Rothia sp902373285,MGYG000004170,Olsenella_B sp000752675,ER4 sp900550165,Faecalibacterium prausnitzii_F,MGYG000003948,MGYG000004836,Blautia sp900556555,Senegalimassilia faecalis,Lachnospira sp000436475,Enterococcus_D sp002850555,Ruminococcus_B gnavus,Amulumruptor caecigallinarius,UBA5394 sp900542615,Gemmiger variabilis_A,HGM11507 sp900761005,MGYG000003112,MGYG000002646,UBA1777 sp900546515,CAG-170 sp900548625,Eubacterium_R sp000433975,Peptoniphilus_A lacrimalis,Collinsella sp900541185,MGYG000004135,Dialister sp002320515,Christensenella timonensis,Collinsella sp002391315,UMGS1397 sp900551425,UBA1394 sp900554975,Blautia sp900541955,F082 sp900769945,Streptococcus sobrinus,MGYG000004811,Phil1 sp004558525,CAG-95 sp900066375,Alistipes_A ihumii,Barnesiella sp900538705,Eubacterium_R sp900542875,Yersinia kristensenii_B,CAG-314 sp000437915,MGYG000002178,Desulfovibrio legallii,Coprococcus_A catus
rep309_seed2334	Marseille-P4683 sp900232885,Clostridium_J ihumii,MGYG000004004,MGYG000000589,Bruticola sp004554425,CAG-269 sp001916035,Lysinibacillus fusiformis_D,MGYG000002624,Massilistercora timonensis,MGYG000002680,UMGS731 sp900544985,MGYG000000400,MGYG000000298,Acetatifactor sp900066365,Prevotella melaninogenica,Murimonas intestini,UMGS1441 sp900543365,MGYG000003322,Alistipes_A indistinctus,MGYG000001850,MGYG000001859,MGYG000000735,Longicatena caecimuris,Collinsella sp900760905,AF33-28 sp003477885,Borkfalkia ceftriaxoniphila,MGYG000000576,ER4 sp900552015,Pauljensenia sp900541895,Butyricicoccus sp900547195,Ligilactobacillus agilis,Collinsella sp900544875,Acinetobacter johnsonii,Kluyvera sp902363335,MGYG000001048,UMGS911 sp900546695,Anaerococcus lactolyticus,MGYG000000728,MGYG000001969,Lactiplantibacillus plantarum,UBA644 sp900547165,Eubacterium_G ventriosum,MGYG000004710,Prevotella veroralis,Alistipes sp900542505,Pygmaiobacter massiliensis
rep310_seed2335	MGYG000004177,MGYG000002828,MGYG000001809,Alterileibacterium massiliense,Prevotella sp900547005,Bacteroides sp900555635,MGYG000000512,MGYG000002692,CAG-177 sp003538135,MGYG000004756,Prevotella sp900553595,MGYG000000699,MGYG000003897,Clostridium_B tyrobutyricum,CAG-485 sp900555915,MGYG000004127,Parasutterella sp900554375,Ruminococcus_C sp000437255,Eubacterium_R sp003526845,UMGS1600 sp900553315,UBA1777 sp900549545,MGYG000003867,MGYG000000589,MGYG000003823,Acutalibacter sp000435395,Fenollaria sp900539225,Pluralibacter gergoviae,MGYG000004836,MGYG000001953,MGYG000002705,UBA5905 sp900549155,MGYG000003900,HGM12998 sp900756495,Robinsoniella sp900555455,Bilophila sp900553145,UBA5884 sp900551505,SFVR01 sp900769035,Bacteroides graminisolvens,Lawsonibacter sp900066825,Prevotella sp000435635,CAG-127 sp900766925,CAG-145 sp002320005,Proteus sp001722135,MGYG000004677,Collinsella sp900541185,Odoribacter sp900541415
rep311_seed2336	CAG-1427 sp900556585,Peptostreptococcus russellii_A,CAG-110 sp900762935,Zag111 sp900551965,Amedibacterium intestinale,Streptococcus mitis_D,MGYG000002713,Blautia_A sp000285855,Haemophilus_A parahaemolyticus,UMGS1840 sp900555525,UMGS1387 sp900551295,RUG806 sp900313475,Dysosmobacter sp900752075,CAG-590 sp900769115,UBA9502 sp900540335,CAG-269 sp001916065,CAG-269 sp900551615,Dielma sp001305055,Raoultibacter timonensis,Dielma fastidiosa,Dysosmobacter sp000436875,Citrobacter_A farmeri,MGYG000000687,Yersinia kristensenii_B,CAG-302 sp001916775,UMGS946 sp900547135,MGYG000003207,CAG-495 sp900551585,Extibacter sp001185345,MGYG000000339,MGYG000003955,Lactobacillus gallinarum,Lancefieldella sp000564995,Dialister sp900538805,CAG-238 sp000435615,CAG-83 sp900548615,Eisenbergiella sp900550285,MGYG000002826,Clostridium_Q saccharolyticum_A,Coprococcus sp900767685,Fenollaria massiliensis,Bifidobacterium infantis,Dorea_A sp900550865,MGYG000002828,Dialister invisus,MGYG000000286
rep312_seed2337	Ruminococcus sp900540005,Blautia hansenii,MGYG000003941,Collinsella sp900547855,Agathobaculum sp900557315,UMGS1611 sp900553435,CAG-485 sp900759795,CAG-831 sp902388455,Blautia_A sp900551075,MGYG000003770,Rothia mucilaginosa,Collinsella sp900555355,Veillonella sp900552715,MGYG000004684,Parabacteroides faecis,MGYG000000645,CAG-475 sp900548005,Anaerosacchariphilus sp002160765,MGYG000004849,UMGS966 sp900547185,Erysipelatoclostridium saccharogumia,MGYG000002249,Paraprevotella sp900548345,Citrobacter_A amalonaticus,MGYG000004531,Lachnospira sp000437735,MGYG000001921,Ruminococcus_D sp900539095,CAG-81 sp900066055,MGYG000001840,MGYG000004774,UMGS1472 sp900552095,Peptostreptococcus sp900759325,UBA738 sp900763675,Blautia_A schinkii,UMGS268 sp900540705,Prevotella sp900540375,CAG-103 sp004556965,Peptoniphilus_A harei,Weissella confusa,MGYG000003816,Massilioclostridium methylpentosum,MGYG000003256,MGYG000003867,MGYG000002179,Clostridium nigeriense
rep313_seed2338	CAG-83 sp902388735,TF01-11 sp001414325,Streptococcus koreensis,Faecalibacterium sp900765105,MGYG000002769,MGYG000001994,MGYG000002210,Clostridium sp900766315,MGYG000003833,Haemophilus_D parainfluenzae_M,MGYG000000609,Faecalibacterium sp900772565,Fenollaria timonensis,CAG-95 sp900553305,MGYG000003299,Odoribacter splanchnicus,Blautia_A massiliensis,Prevotella sp900546345,MGYG000002745,Peptostreptococcus anaerobius,MGYG000002702,Ruminococcus_C sp900545285,Pseudoflavonifractor sp014287675,MGYG000004608,Collinsella sp900553415,Rothia aeria,HGM13010 sp900754965,Porphyromonas uenonis_A,MGYG000004346,MGYG000004745,Bacteroides acidifaciens,RC9 sp000435075,HGM13862 sp900760825,MGYG000004836,Veillonella sp900556785,Finegoldia magna_F,Marvinbryantia sp900544685,Bifidobacterium gallicum,Akkermansia muciniphila_C,Bacteroides sp007896885,MGYG000004586,MGYG000003506,MGYG000004651,Eisenbergiella sp900544445,CAG-877 sp900554305,MGYG000004582
rep314_seed2339	Prevotella sp900546575,UBA4644 sp900555855,MGYG000004325,Muribaculum sp002358615,MGYG000004596,Slackia_A piriformis,MGYG000004670,Enterobacter bugandensis,UMGS2055 sp900557635,UMGS1781 sp900554635,CAG-312 sp002437405,Coprococcus sp000154245,Megamonas hypermegale,MGYG000000342,CAG-110 sp900554705,RC9 sp001915575,UBA11512 sp003522145,Pradoshia sp001183965,MGYG000004495,Butyrivibrio_A crossotus,Haemophilus_D parainfluenzae_N,MGYG000004634,MGYG000000448,Firm-11 sp900540045,Blautia sp900555025,Anaerotruncus massiliensis,Butyricimonas sp900184685,Parabacteroides sp900541965,Collinsella sp003437035,Collinsella sp900541055,Roseburia hominis,MGYG000001632,MGYG000003254,MGYG000003060,Pauljensenia sp000411415,Kluyvera ascorbata_B,MGYG000003842,CAG-317 sp000433215,MGYG000003296,Enterococcus_B faecium,Faecalimonas sp000209385,Enterobacter asburiae_B,MGYG000002055,UMGS1293 sp900550385,Roseburia sp900552665,MGYG000002706
rep315_seed2340	Enterocloster bolteae,MGYG000003798,Prevotella sp000436695,MGYG000000384,MGYG000004901,Angelakisella sp900552845,Bariatricus sp900554415,UBA1390 sp900764045,Blautia_A sp900066505,Flavonifractor plautii,Veillonella sp900545205,Robertmurraya massiliosenegalensis,Odoribacter sp900541415,MGYG000002702,CAG-882 sp003486385,MGYG000002797,Christensenella hongkongensis,Alistipes sp900541585,MGYG000001808,MGYG000004656,UBA1394 sp900538575,HGM11588 sp900754755,Lawsonibacter sp900553135,Phascolarctobacterium_A sp900757795,MGYG000002073,Stomatobaculum sp002892395,Clostridium_AQ sp900552125,CAG-269 sp001916005,MGYG000003071,TM7x sp900556885,UMGS1591 sp900553255,Sutterella sp900764215,Roseburia hominis,Collinsella sp900549715,MGYG000002255,CAG-81 sp900066055,Eubacterium_R sp002493325,MGYG000004756,Collinsella sp900550815,Gordonibacter sp003339845,Collinsella sp900541685,CAG-83 sp900550615,Lachnoclostridium_B sp900066765,HGM04593 sp900769465,MGYG000001219,Collinsella sp900757205
rep316_seed2341	Brachyspira pilosicoli,MGYG000001871,CAG-1031 sp900752535,Enterocloster sp900555905,Butyricicoccus sp900547195,CAG-877 sp900753325,CAG-83 sp000435555,Harryflintia acetispora,MGYG000004116,Streptococcus sp900546335,QAMX01 sp004555605,UMGS1487 sp900552225,MGYG000004209,Monoglobus pectinilyticus,MGYG000002726,Collinsella sp900554645,Ruminococcus_C sp000437255,Collinsella sp900756725,Enterococcus_B durans,UMGS1484 sp900552285,UMGS1975 sp900556815,UMGS1670 sp900548595,MGYG000000566,MGYG000004330,Clostridium beijerinckii,MGYG000001850,Bacteroides salyersiae,Merdibacter sp900543035,MGYG000004203,Veillonella sp900538355,Escherichia fergusonii,Barnesiella sp900538705,Eisenbergiella sp900544445,MGYG000004384,MGYG000004449,MGYG000002766,MGYG000004787,Clostridium sp900766315,CAG-145 sp000435715,CAG-485 sp900767075,Fusobacterium_A sp900764925,Raoultella ornithinolytica,Collinsella sp900549655,Lachnospira sp000436535,UBA4716 sp900556575,CAG-115 sp003531585
rep317_seed2342	Robinsoniella sp900539655,UMGS1253 sp900550065,Streptococcus sobrinus,Enterobacter roggenkampii,Prevotella sp900769055,MGYG000004782,MGYG000001632,Lachnoclostridium_A sp003464085,Lachnospira sp900551945,UMGS1109 sp900548675,Enterocloster sp900538485,CAG-110 sp900549495,UMGS929 sp900546875,Streptococcus sp000187445,Eubacterium_F sp003491505,Bacteroides ovatus,TF01-11 sp001414325,Veillonella dispar,Lactonifactor sp009677585,MGYG000003776,Collinsella stercoris,Paraeggerthella hongkongensis_A,Serratia liquefaciens,MGYG000004697,Parabacteroides sp900541965,Collinsella sp900768265,UBA2821 sp902763335,UBA4644 sp900763355,Prevotella sp900769275,Olsenella_E sp003609875,Frisingicoccus caecimuris,CAG-81 sp900556965,UBA11471 sp900547555,MGYG000004384,Lachnoclostridium_B sp900066555,HGM13233 sp900762805,Anaerotignum lactatifermentans,Eubacterium_R sp000433975,MGYG000004583,MGYG000003913,MGYG000002055,Clostridium_A leptum,Peptoniphilus_A sp900538655,Faecalimonas sp000209385,Caproiciproducens sp000752215,Phocaeicola sp002161765
rep318_seed2343	CAG-110 sp900544945,Collinsella sp900755685,Lactobacillus gallinarum,Haemophilus_D sp900756155,Streptococcus vestibularis,Enterocloster bolteae,Butyricimonas faecalis,Agathobacter sp900549895,Amulumruptor sp001689515,Collinsella sp900545075,MGYG000004870,HGM13222 sp900757485,Duncaniella sp900762315,Leclercia adecarboxylata_C,MGYG000004549,MGYG000001169,CAG-269 sp900753165,Streptococcus sp900546335,Collinsella sp000434535,MGYG000000699,MGYG000004380,MGYG000003910,Clostridium_E jeddahense,Collinsella intestinalis,Collinsella sp900754275,Collinsella sp900757265,Phocaeicola mediterraneensis,MGYG000002256,Lawsonella clevelandensis,COE1 sp900753305,Phocaeicola sp900066445,SFTJ01 sp004557385,CAG-279 sp900556245,SFHK01 sp004556395,Peptoniphilus_A senegalensis,Weissella confusa,CAG-510 sp000434615,Collinsella sp900544115,Ruminiclostridium_E sp900539195,Collinsella sp900765115,Dorea_A longicatena_B,MGYG000004346,Anaerococcus sp900258475,UBA1777 sp002320035,Phocaeicola sp900542985,Negativibacillus massiliensis
rep319_seed2344	Collinsella sp900547855,ER4 sp900763705,Veillonella rogosae,AM51-8 sp003478275,Anaerococcus jeddahensis,Collinsella sp900553215,Streptococcus sp900543065,CAG-492 sp900557195,UMGS946 sp900544965,Lancefieldella sp902373375,Collinsella sp900757205,UBA5446 sp900544295,UMGS1441 sp900551755,Ruminococcus_E sp003438075,MGYG000001977,MGYG000004428,Blautia_A luti,Prevotella sp900557405,Coprobacter secundus,Zag1 sp000438175,Bacillus_J andreraoultii,Collinsella sp900556605,UBA7160 sp902363665,MGYG000001743,Fusobacterium_A sp900015295,UMGS1690 sp900554165,UBA1820 sp002314265,Streptococcus oralis,Neisseria elongata,MGYG000003934,Agathobaculum sp003481705,Ruminiclostridium_E sp900768735,Veillonella sp900545205,CAG-279 sp900541555,UMGS995 sp900769695,Enterocloster asparagiformis,CAG-390 sp003523225,MGYG000001242,RC9 sp001915575,Clostridium beijerinckii,CAG-217 sp000436335,MGYG000002675,CAG-127 sp900766925,MGYG000004133,MGYG000003884,MGYG000002754
rep320_seed2345	UBA1820 sp002314265,CAG-841 sp900544285,CAG-269 sp900556945,Pauljensenia sp902373435,Enterobacter kobei,Oxalobacter formigenes_B,MGYG000000862,MGYG000000752,UBA1822 sp002314995,GCA-900066495 sp900545985,Campylobacter_B hominis,MGYG000003975,Azonexus sp900549295,MGYG000002683,F23-B02 sp004556755,MGYG000002092,Collinsella sp900541185,Paramuribaculum sp009775605,CAG-462 sp900291465,Collinsella sp900557505,HGM12814 sp900770165,MGYG000004702,Streptococcus peroris,UBA1691 sp900552985,Lacticaseibacillus rhamnosus,Paraeggerthella hongkongensis_A,ER4 sp900763705,MGYG000000795,MGYG000001761,Prevotella amnii,CAG-793 sp000433915,Parabacteroides merdae,UMGS1889 sp900556055,MGYG000000443,F082 sp900769945,Ruminococcus sp900545125,Anaeroglobus micronuciformis,MGYG000002127,Collinsella sp900760325,Neisseria subflava_C,MGYG000004312,MGYG000003876,Ligilactobacillus ruminis,MGYG000004708,Prevotella jejuni,Dysosmobacter sp900550685
rep321_seed2346	Blautia hominis,CAG-83 sp900550615,Pantoea brenneri,Acutalibacter sp900759575,MGYG000004366,Ruminococcus_C sp000437175,Sellimonas sp002161525,Hungatella_A hathewayi_A,UBA1740 sp900767415,UBA644 sp900547165,UMGS1820 sp900555375,HGM12669 sp900761935,MGYG000001137,Alistipes provencensis,Beduini sp902363625,UBA6382 sp900557555,CAG-170 sp900549635,Slackia_A isoflavoniconvertens,Prevotella sp900290275,Robertmurraya massiliosenegalensis,MGYG000003950,MGYG000004465,MGYG000003842,Fannyhessea vaginae,Bariatricus massiliensis,MGYG000004704,Prevotella sp900554045,MGYG000000626,MGYG000001825,MGYG000004408,MGYG000004628,Prevotella sp900556795,Phascolarctobacterium_A succinatutens,UBA1417 sp900549945,MGYG000004864,Blautia_A sp900551465,MGYG000003060,Evtepia sp004554585,MGYG000004891,CAG-488 sp900539465,MGYG000001242,Arabia massiliensis,Sutterella parvirubra,Prevotella sp900548195,Clostridium disporicum_A,MGYG000004674
rep322_seed2347	UMGS1491 sp900757335,Ruminococcus_F champanellensis,MGYG000002606,CAG-245 sp000434195,HGM13233 sp900762805,Leptotrichia wadei,MGYG000004781,Anaerosacchariphilus sp002160765,Collinsella sp900553415,Bifidobacterium italicum,Latilactobacillus curvatus,CAG-762 sp900551315,MGYG000004598,MGYG000001844,CHH4-2 sp002899675,MGYG000003060,AM51-8 sp003478275,Collinsella sp900544235,Agathobaculum desmolans,Peptoniphilus_B duerdenii,Eubacterium_R sp900764665,Parabacteroides sp900541965,UBA11517 sp900753315,Dysgonomonas sp900079735,Allisonella histaminiformans,Parolsenella sp900552935,MGYG000003167,Streptococcus pseudopneumoniae_O,Collinsella sp900550815,Coprococcus sp900761435,Eubacterium_R sp900539325,Alistipes sp900290115,Lawsonibacter sp003478995,MGYG000000658,Collinsella sp900549715,Fusobacterium_A ulcerans,Pseudomonas_R sp900766265,Prevotella rara,Sellimonas sp002161525,Butyricimonas synergistica,UBA3388 sp900545215,Robertmurraya massiliosenegalensis,Lawsonibacter asaccharolyticus,Zag1 sp000433095,Alistipes sp900770635,Alistipes sp900548155
rep323_seed2348	CAG-83 sp900756715,Dysosmobacter sp900752075,CAG-724 sp003524145,MGYG000004651,ER4 sp900552015,MGYG000002692,Parabacteroides sp900547435,MGYG000003647,Veillonella sp900550175,Pauljensenia sp000411415,MGYG000004028,Extibacter sp001185345,CAG-492 sp900557195,Amedibacillus dolichus,UBA1417 sp002305575,Akkermansia sp900545155,MGYG000001717,Blautia_A sp900549015,Anaerofustis sp900549875,MGYG000001977,Gordonibacter massiliensis,Mailhella sp003150275,Dorea_A longicatena_B,Vibrio cholerae,Dorea formicigenerans,UBA2883 sp002103075,Anaeroglobus micronuciformis,Alistipes sp900761235,Collinsella sp003436275,Roseburia sp003483745,Paramuribaculum sp001689535,F23-B02 sp004558025,Treponema_D sp900769975,MGYG000001666,Anaeromassilibacillus sp001305115,Phocaeicola coprophilus,Intestinibacter sp900540355,Blautia sp900539145,CAG-110 sp900762005,HGM11368 sp900772745,MGYG000003273,Lachnospira sp000437735,QALS01 sp003150575,Parabacteroides sp900552415,Blautia sp900765525,MGYG000004713
rep324_seed2349	MGYG000002614,CAG-462 sp900765575,Streptococcus alactolyticus,Collinsella sp900554155,MGYG000004135,Yokenella regensburgei,GCA-900066135 sp900066135,CAG-485 sp900321585,Phascolarctobacterium_A sp900547415,Catenibacterium mitsuokai,Fusobacterium polymorphum,Collinsella sp900555585,MGYG000000632,Alistipes sp900550925,Ruminococcus_E sp003526955,Ruminococcus_D sp900543145,UBA3402 sp003478355,MGYG000003842,MGYG000000547,MGYG000003256,Blautia_A sp000436615,Dysosmobacter sp900763685,Enterocloster clostridioformis_A,Phascolarctobacterium_A sp900541915,Alistipes sp900541585,MGYG000004662,Enterobacter mori,MGYG000004028,MGYG000004177,Collinsella sp900544465,Pygmaiobacter massiliensis,Peptacetobacter sp900539645,Collinsella sp900556415,Methanobrevibacter_A woesei,MGYG000001840,Ligilactobacillus ruminis,UMGS1889 sp900556055,Extibacter hylemonae,Megasphaera massiliensis,Gemmiger formicilis,Robinsoniella peoriensis,Clostridium_P massiliamazoniense,MGYG000000821,Collinsella sp900549535,Lachnoclostridium_B sp000765215,MGYG000002772
rep325_seed2350	UBA5446 sp900545405,MGYG000000745,CAG-269 sp900552555,Mediterraneibacter sp002314255,Staphylococcus aureus,HGM11386 sp900761915,Faecalibacillus faecis,MGYG000003211,Fusicatenibacter sp900543115,Gemmiger qucibialis,Anaerococcus jeddahensis,Epilithonimonas bovis,Massilioclostridium methylpentosum,MGYG000000733,MGYG000001735,MGYG000002212,Veillonella parvula_A,Prevotella buccalis,Niameybacter sp900549765,COE1 sp001916965,Collinsella tanakaei,UBA737 sp002431945,Schaedlerella glycyrrhizinilytica,Phascolarctobacterium_A sp900552855,Hungatella sp005845265,Ellagibacter isourolithinifaciens,Paenibacillus lactis,Prevotellamassilia sp900556465,Anaerosacchariphilus sp900066385,Collinsella sp900542325,MGYG000004610,Phascolarctobacterium sp900554395,Collinsella sp900547125,Faecalibacillus intestinalis,MGYG000002041,MGYG000004374,MGYG000002255,CAG-81 sp900066535,Kluyvera sp902363335,Fusobacterium_A ulcerans,Collinsella sp003479805,Butyricimonas sp900761485,UBA738 sp004557735,MGYG000002017,UBA737 sp900554525,Collinsella sp900545835
rep326_seed2351	Edwardsiella tarda,Paramuribaculum sp000431155,Enterococcus_B lactis,UMGS1858 sp900555705,Collinsella sp900755685,MGYG000002657,Collinsella sp900754385,Eubacterium_R sp900767025,CAG-170 sp003516765,Emergencia sp900066695,Bacteroides sp007896885,UMGS268 sp900540175,MGYG000001761,Salinicola tamaricis,MGYG000002921,MGYG000004824,Acetatifactor sp900066565,Barnesiella sp003150885,Alistipes sp002358415,Collinsella sp900544725,MGYG000004210,Butyricicoccus sp900547195,CAG-269 sp900556695,Morganella morganii_B,Hydrogeniiclostridium mannosilyticum,CAG-56 sp900762665,MGYG000002198,Anaerococcus rubeinfantis,Prevotella sp900316565,Parabacteroides sp900770835,Lawsonibacter sp003478995,MGYG000002221,Veillonella rogosae,Bariatricus massiliensis,Enterobacter asburiae_B,Zag1 sp900769355,MGYG000000656,CAG-590 sp900544905,MGYG000004713,Alistipes onderdonkii,MGYG000001839,Odoribacter laneus,MGYG000002223,Clostridium_A leptum,Klebsiella aerogenes,Phascolarctobacterium_A sp900545025
rep327_seed2352	Lachnospira sp900552795,MGYG000000694,Fusobacterium_A ulcerans_A,CAG-269 sp900551615,MGYG000004800,UBA737 sp900547445,MGYG000000637,Prevotella sp900548535,Bacteroides sp900765785,MGYG000004398,MGYG000004714,MGYG000001807,Bacteroides sp002491635,Akkermansia sp900548895,Butyricimonas sp003479425,Collinsella sp900762345,Collinsella sp900544465,MGYG000001994,Fournierella sp004558145,Caecibacter sp900549385,MGYG000004380,Bacteroides sp902362375,CAG-882 sp003486385,UMGS1865 sp900768535,MGYG000000643,Alistipes sp902363575,Collinsella sp900541475,Prevotella sp900553965,Prevotella sp900762125,MGYG000000386,Eubacterium_R sp900555015,Gastranaerophilus phascolarctosicola,Pantoea agglomerans,Muribaculum sp002473395,Limosilactobacillus caviae,Fusobacterium_B sp900554885,Dialister succinatiphilus,Anaerosporobacter mobilis,MGYG000004874,Vibrio parahaemolyticus,Parvimonas sp001553085,MGYG000001759,MGYG000000795,Collinsella sp900544865,MGYG000002198,Bifidobacterium gallinarum
rep328_seed2353	Lawsonibacter sp900545895,CAG-180 sp900540295,CAG-302 sp000431795,MGYG000000300,Streptococcus infantarius,MGYG000002075,Brachyspira pilosicoli,CAG-110 sp900544945,MGYG000001582,Eisenbergiella tayi,Eubacterium limosum,ER4 sp900546295,MGYG000004366,MGYG000004787,CAG-196 sp900549855,Prevotellamassilia sp900543155,Collinsella aerofaciens_E,Ruminococcus_C sp900765125,Collinsella sp900552755,Sporanaerobacter acetigenes,MGYG000004868,Lawsonibacter sp000177015,MGYG000004590,Blautia_A hydrogenotrophica,Lachnospira sp900316325,UBA5026 sp900557305,Streptococcus infantis_I,Blautia_A sp900551465,Prevotella sp900544825,MGYG000002732,Enterococcus_G italicus,CAG-312 sp002405555,Bacteroides ovatus,UMGS1071 sp900542375,Citrobacter werkmanii,UMGS1783 sp900555065,Phocaeicola massiliensis,Collinsella sp900549535,UBA3818 sp900557155,Bifidobacterium gallinarum,Scardovia wiggsiae,MGYG000003895,Megamonas sp900554895,CAG-83 sp900556015,Yersinia aleksiciae,UBA6398 sp900555645
rep329_seed2354	Vibrio cholerae,Agathobaculum sp900557315,MGYG000000608,UBA11524 sp900769075,Dialister sp900541605,MGYG000000682,UBA737 sp900547095,MGYG000002785,UMGS1840 sp900555525,MGYG000000795,UMGS902 sp900546635,CAG-317 sp900543415,Prevotella sp900552965,Yersinia kristensenii,MGYG000000727,MGYG000000380,MGYG000004169,TM7x sp900555265,Prevotella sp002299635,Veillonella sp900538355,MGYG000004233,Frisingicoccus sp900549105,Vibrio parahaemolyticus,F0422 sp003999875,Fusobacterium_B sp900542625,Anaerobutyricum hallii,MGYG000003871,Prevotella colorans,MGYG000004377,Stomatobaculum sp002892395,MGYG000000752,HGM11372 sp900767715,RUG115 sp900066395,Olsenella_B sp000752675,UMGS946 sp900544965,Collinsella sp900543515,CAG-354 sp900553015,Dysosmobacter sp900544955,Methanobrevibacter_A oralis,Dysosmobacter sp900551885,CAG-269 sp900753165,Alistipes sp900553175,UBA2821 sp902763335,Prevotella bergensis,CAG-632 sp000431515,UMGS1670 sp902406135
rep330_seed2355	MGYG000000576,Citrobacter portucalensis_A,Lactobacillus acidophilus,MGYG000001049,MGYG000000342,Blautia_A sp900551715,MGYG000001137,MGYG000004870,Ruminiclostridium_E sp003512525,MGYG000001112,NK3B98 sp900752305,MGYG000004004,Lachnoclostridium_B phocaeensis,MGYG000004556,Chimaeribacter coloradensis,HGM11575 sp900754775,Faecalibacterium prausnitzii_F,CAG-110 sp900763965,Bacteroides finegoldii,Sutterella wadsworthensis_A,NSJ-38 sp902363445,Pseudomonas_E fulva,CAG-245 sp000435175,UBA1829 sp900760615,Lactobacillus hominis,CAG-110 sp900544945,NSJ-61 sp003433845,Enterococcus faecalis,Streptococcus mitis_D,Prevotella bergensis,Lawsonibacter sp000177015,F23-B02 sp003533405,Collinsella sp900550825,MGYG000004509,MGYG000004112,Parolsenella sp900552935,Alistipes senegalensis,MGYG000002717,MGYG000004624,Collinsella sp900543605,MGYG000004503,Olsenella sp900555995,Bifidobacterium globosum,Mediterraneibacter_A butyricigenes,MGYG000004787,Lentilactobacillus hilgardii
rep331_seed2356	Alistipes timonensis,Citrobacter portucalensis_A,V9D3004 sp002349525,CAG-127 sp900539705,Fusobacterium_A sp900549465,Coprococcus_A sp900548825,CAG-317 sp000433535,MGYG000004670,UMGS1202 sp900549565,MGYG000000325,Prevotella sp900544495,Collinsella sp900556365,Clostridium_X cadaveris,Duodenibacillus sp900542805,CAG-56 sp900539525,Collinsella provencensis,Collinsella sp900546455,CAG-269 sp900554175,Parasutterella sp009767915,Coprococcus sp900767685,MGYG000004366,MGYG000003067,Blautia_A sp900541345,Prevotella sp900548585,Fusobacterium periodonticum_B,UMGS1397 sp900761355,Intestinimonas massiliensis,Parolsenella sp900552935,UBA9502 sp003506385,MGYG000002068,Collinsella sp900554985,Angelakisella sp900552845,Lacticaseibacillus paracasei,Phascolarctobacterium sp900545535,Paraclostridium bifermentans,UBA9502 sp900540335,Varibaculum timonense,NSJ-63 sp014384805,UBA1822 sp900545365,MGYG000004590,UMGS1338 sp900550805,MGYG000000876,Collinsella aerofaciens_E,MGYG000004660,CAG-245 sp000435175,MGYG000002090
rep332_seed2357	Phocaeicola sp000434735,Streptococcus sp000411475,CAG-110 sp900762005,UMGS882 sp900546385,MGYG000002683,Collinsella sp900555815,HGM12789 sp900766585,UBA2856 sp900555005,CAG-724 sp900551005,MGYG000004527,MGYG000004359,MGYG000003813,CAG-354 sp900555085,Erysipelatoclostridium spiroforme,CAG-1427 sp900553605,Acidaminococcus sp900770265,Barnesiella sp900538555,Blautia_A sp003477525,MGYG000001804,Phytobacter diazotrophicus,Firm-11 sp004556545,MGYG000004891,Streptococcus oralis,MGYG000001862,PeH17 sp900542285,Porphyromonas sp900539765,Clostridium_F botulinum_A,Enterobacter asburiae_B,MGYG000003356,Fusicatenibacter sp900543115,CAG-1427 sp900548955,Enterobacter cloacae,MGYG000003698,Streptococcus agalactiae,Olsenella_E sp003609875,Clostridium sp900769625,MGYG000004582,Parabacteroides sp900552465,Prevotella sp900554545,Coprobacter sp900545915,Klebsiella quasipneumoniae,MGYG000000821,Mediterraneibacter sp900541505,TF01-11 sp003149875,Paraclostridium tenue,Lawsonibacter sp900545895
rep333_seed2358	MGYG000000378,UBA1777 sp900549645,Collinsella sp902362275,Megasphaera sp000417505,MGYG000004854,CAG-628 sp003524085,Gemmiger sp900540775,MGYG000004199,Lactococcus lactis,UMGS1591 sp900553255,Prevotella sp900543975,CAG-314 sp000437915,Massilistercora timonensis,QALS01 sp900552625,Azonexus sp900549295,Ruminococcus_E sp003438075,MGYG000003506,UBA1829 sp900760615,Collinsella sp900557505,MGYG000000512,Faecalibacillus faecis,UBA4644 sp900763355,Lachnospira sp900552795,Eubacterium_F sp000434115,Enterococcus_A devriesei,MGYG000000210,CAG-417 sp000432835,Blautia_A sp900551465,Bacteroides sp902388495,Phocaeicola sp900551445,SFVR01 sp900769035,An172 sp002160515,Clostridium_A leptum,Collinsella sp900547125,Ellagibacter sp900554945,MGYG000004387,Christensenella sp001678845,F23-B02 sp004553495,CAG-269 sp003525075,Dysosmobacter sp900551885,MGYG000004238,MGYG000003918,UMGS1670 sp900548595,MGYG000004229,Eubacterium_I ramulus_A,CAG-724 sp900551005
rep334_seed2359	Haemophilus_D parainfluenzae,Phocaeicola sp900066455,CAG-485 sp900554845,CAG-95 sp900554925,Pseudomonas aeruginosa,CAG-81 sp900066785,Flavonifractor sp900549795,Lawsonibacter sp900549405,Collinsella sp900543605,Haemophilus_D parainfluenzae_J,Prevotella sp002299635,CAG-83 sp900549395,CAG-245 sp000435175,Alistipes_A sp900546005,UBA7057 sp900543675,Campylobacter_A concisus_L,Yersinia aleksiciae,CAG-245 sp000434195,Citrobacter_A amalonaticus,Atlantibacter hermannii,43-108 sp001915545,Eubacterium_R sp900539325,Bacteroides cellulosilyticus,MGYG000002738,Eubacterium_R sp900767025,Frisingicoccus sp900757195,Anaerotruncus massiliensis,MGYG000003441,Veillonella_A sp900765165,MGYG000000650,Prevotellamassilia sp000437675,UMGS1071 sp900548305,Faecalibacterium sp900539945,Weissella viridescens,MGYG000004760,UBA7173 sp001915385,Bifidobacterium pseudocatenulatum,Haemophilus sp002998595,Clostridium saudiense,CAG-115 sp900768705,MGYG000001833,CAG-724 sp003524145,UBA636 sp900546285,CAG-83 sp900554275,Lachnoanaerobaculum orale,MGYG000004697
rep335_seed2360	RC9 sp900546445,Angelakisella sp900547385,Christensenella hongkongensis,AM51-8 sp900761925,Pseudomonas_E bubulae,MGYG000003434,Faecalibacterium sp900540455,MGYG000002753,Prevotella bivia,Muribaculum sp002492595,HGM13006 sp900757695,MGYG000000448,Lactococcus lactis,Mediterraneibacter faecis,Fusobacterium sp000235465,UBA11452 sp003526375,MGYG000000397,Evtepia sp900758955,Collinsella sp900542275,MGYG000000390,Peptoniphilus_A sp900538655,Vibrio cholerae,Peptoniphilus_B duerdenii,Bacteroides caccae,Intestinimonas butyriciproducens,Eubacterium_I sp900066595,CAG-110 sp900544945,Prevotella sp900556395,UBA7173 sp900555165,Enorma sp900751795,UBA11517 sp900753315,Flavonifractor sp900549795,MGYG000003994,CAG-317 sp000433215,UBA9502 sp003478505,HGM11521 sp900751885,TM7x sp900557595,MGYG000004586,SFHK01 sp004556395,Lachnospira rogosae_A,Scardovia wiggsiae,CAG-354 sp900552655,Citrobacter freundii,Streptococcus oralis,Pseudoruminococcus sp902765855,MGYG000004171
rep336_seed2361	Prevotellamassilia sp004557035,Eubacterium_R sp014465955,CAG-882 sp900545175,MGYG000000300,MGYG000001953,Gordonibacter urolithinfaciens,Collinsella stercoris,Enterobacter mori,MGYG000002699,Akkermansia sp900545155,MGYG000003816,UBA6398 sp003150315,Citrobacter_A amalonaticus,F082 sp900769945,Phocaeicola sp900066445,Lawsonibacter sp900764755,UBA5446 sp900545405,HGM11616 sp900761075,Blautia sp900765525,Prevotella sp002299275,CAG-313 sp000433035,UBA2821 sp902763335,Veillonella_A seminalis,Amulumruptor sp001689515,Collinsella sp900556515,Lawsonibacter sp900766145,Prevotella sp900552675,UMGS1901 sp900553755,Eubacterium_R sp000433975,Roseburia sp003470905,Butyrivibrio_A sp000431815,CAG-83 sp900552475,Eubacterium_R sp900540235,Ruminococcus_E sp900314705,MGYG000002683,Limosilactobacillus vaginalis,MGYG000004470,An172 sp002160515,UBA6398 sp900555645,CAG-269 sp000435535,MGYG000001169,CAG-170 sp900751035,UMGS1472 sp900552095,Acutalibacter sp000432995,MGYG000000821,MGYG000002076
rep337_seed2362	MGYG000004901,CAG-194 sp000432915,Lachnoclostridium phytofermentans_A,Pauljensenia sp900556405,UMGS1880 sp900555875,Ruminococcus_E bromii_B,Anaerococcus sp900550345,Phascolarctobacterium_A sp900541915,Aggregatibacter segnis,Klebsiella quasipneumoniae,CAG-180 sp004556705,Collinsella sp900540845,Phoenicibacter congonensis,Eisenbergiella sp900539715,Collinsella sp900761995,MGYG000003289,CAG-873 sp900554715,MGYG000002063,Acidaminococcus sp900770265,UMGS1441 sp900543365,HGM12669 sp900761935,Fusobacterium nucleatum_E,Catenibacterium sp900540665,Lactococcus lactis_E,MGYG000004171,Varibaculum timonense,CAG-485 sp900766975,Enterocloster sp900551225,Terrisporobacter sp900557165,UBA737 sp900549055,Granulicatella sp900551535,Anaerotignum faecicola,Parabacteroides timonensis,RC9 sp001915575,UMGS416 sp900542005,Blautia sp001304935,UMGS1611 sp900553435,Megasphaera sp900539295,CAG-590 sp900552885,Franconibacter helveticus,Adlercreutzia celatus_A,Bacteroides massiliensis_A,Hydrogeniiclostridium sp900752115,MGYG000004680,Acidaminococcus intestini,Eubacterium_G ventriosum
rep338_seed2363	MGYG000004820,Streptococcus vestibularis,RC9 sp000432655,Fournierella sp900543285,Alistipes sp902363575,UBA10677 sp003533505,CAG-617 sp000431275,MGYG000000682,MGYG000000398,MGYG000004496,Extibacter hylemonae,Prevotella sp002265625,Collinsella sp900541185,UBA7173 sp900552325,Collinsella sp900556495,Streptococcus mitis_BB,Prevotella sp000436695,Muricomes oroticus,UBA6382 sp900557555,MGYG000001837,Olsenella sp900555995,Bacteroides oleiciplenus,MGYG000004662,Methanobrevibacter_A oralis,UMGS1670 sp900553995,MGYG000004045,QAMX01 sp003149835,QALR01 sp900552255,Ruminococcus_C sp900545285,CAG-180 sp900540295,Collinsella sp900553935,Ruminococcus_E sp900755995,Collinsella sp900544235,MGYG000004095,Blautia_A sp900120195,UBA1191 sp900543485,Roseburia sp900548205,MGYG000002706,CAG-873 sp900555715,UMGS1474 sp900552115,MGYG000001112,MGYG000003270,UBA737 sp900549055,CAG-110 sp900544405,MGYG000004873,CAG-127 sp900539705
rep339_seed2364	MGYG000003788,MGYG000001761,Blautia sp900556555,RC9 sp900541925,UBA3402 sp003478355,Megamonas funiformis,CAG-245 sp900552135,MGYG000004148,MGYG000002203,Harryflintia acetispora,MGYG000000702,Senegalimassilia sp900550055,MGYG000004646,MGYG000004674,MGYG000001844,MGYG000000694,Bacteroides graminisolvens,F23-B02 sp900556535,Campylobacter_A concisus_W,Collinsella sp900547125,CAG-762 sp900551315,MGYG000003917,Alistipes sp900768045,UBA9502 sp900540335,F0422 sp900766245,Dielma fastidiosa,Anaeromassilibacillus sp001305115,Ruminococcus_F champanellensis,UBA1191 sp900542385,CAG-272 sp000433515,Catenibacterium sp900540685,MGYG000004233,AF33-28 sp003477885,CAG-238 sp900551415,Prevotella intermedia,Adlercreutzia celatus_A,Megasphaera sp900540735,Dialister sp900765565,UMGS1387 sp900551295,Agathobaculum sp900555465,MGYG000002092,ER4 sp900768135,Collinsella sp900556365,RUG023 sp900315435,Bacteroides stercorirosoris,CAG-354 sp900759015
rep340_seed2365	Muribaculum sp001701195,Collinsella sp900760245,Faecalicoccus sp900546545,MGYG000001679,MGYG000004258,Blautia_A faecis,Acidaminococcus timonensis,Collinsella sp900556205,UMGS856 sp900760305,Emergencia sp900066695,Butyricimonas sp900184685,Dysosmobacter sp900548505,F082 sp900769945,UMGS1540 sp900552775,Alistipes sp900760675,MGYG000003418,UBA11517 sp900753315,CAG-632 sp000431515,UBA737 sp900549755,MGYG000000795,Roseburia sp900552665,MGYG000002626,UBA7173 sp900552325,Butyricimonas sp900761485,Catenibacterium sp900764725,UBA5446 sp900546485,MGYG000002785,MGYG000001969,UMGS403 sp900541565,UBA7160 sp902363665,Edwardsiella tarda,Haemophilus sp002998595,Collinsella sp900545605,Prevotella sp000434975,Granulicatella sp900551535,MGYG000000443,MGYG000004558,MGYG000003895,AM51-8 sp900761925,Enterocloster sp001517625,CAG-83 sp900313295,Sutterella seckii_A,Ruminococcus_A faecicola,MGYG000004745,UMGS1696 sp900554225,Streptococcus sp001556435
rep341_seed2366	GCA-900066755 sp900066755,Clostridium neonatale,UBA5416 sp900539175,Faecalibacterium sp900772565,Anaerostipes sp900066705,Acidaminococcus timonensis,Yersinia frederiksenii,UMGS966 sp900547185,CAG-83 sp900552475,MGYG000000355,F23-B02 sp004558025,UMGS1820 sp900555375,MGYG000000585,Staphylococcus aureus,MGYG000002035,MGYG000001724,MGYG000000346,CAG-145 sp900754795,UBA7182 sp003480725,MGYG000003021,Enterocloster sp000431375,Pauljensenia sp001838165,Robinsoniella sp900555455,Streptococcus sobrinus,UBA1259 sp003523255,Oscillibacter ruminantium,Phascolarctobacterium_A sp900544885,Caecibacter massiliensis,MGYG000003861,Proteus penneri,UMGS1623 sp900553525,Streptococcus rubneri,Collinsella sp900556605,MGYG000004198,MGYG000001903,CAG-83 sp900545495,MGYG000004556,Enorma massiliensis,Pantoea agglomerans,Merdibacter sp900543035,UBA4644 sp900555855,Amulumruptor sp001689515,MGYG000004233,Lachnoclostridium_B sp900543315,MGYG000004359,Olsenella_E timonensis
rep342_seed2367	Anaerotignum lactatifermentans,Blautia_A massiliensis,MGYG000003936,CAG-485 sp002491165,Duncaniella dubosii,MGYG000003837,Christensenella minuta,UMGS1537 sp900543695,HGM11525 sp900770405,UMGS1696 sp900753285,MGYG000004304,Prevotella buccae,MGYG000004607,Erysipelatoclostridium ramosum,Eubacterium_R sp000436835,Oxalobacter sp900760095,MGYG000003977,Gemella sanguinis,MGYG000004398,Collinsella sp900544465,CAG-882 sp900545455,Duncaniella sp900549445,Blautia_A sp900066505,Collinsella sp900551815,Faecalimonas sp900546325,UBA2883 sp002103075,MGYG000004807,MGYG000003948,Prevotellamassilia sp004552865,UBA5446 sp900546615,Anaerococcus vaginalis_B,Prevotella sp900544825,Parvimonas micra,Campylobacter_B hominis,Faecalibacterium prausnitzii_J,MGYG000003076,RF16 sp900766775,Massilistercora timonensis,Lentilactobacillus hilgardii,Collinsella sp002232035,Anaerococcus rubeinfantis,MGYG000004187,Blautia sp900543715,CAG-269 sp900556945,Leuconostoc lactis,Porphyromonas_A sp900541275
rep343_seed2368	Dialister invisus,CAAEEV01 sp900754955,Eikenella corrodens,UBA11517 sp900555365,Megasphaera stantonii,MGYG000004210,Prevotella sp000436035,MGYG000004159,UBA738 sp900763675,MGYG000002035,Collinsella sp003436275,Agathobaculum sp900291975,MGYG000004684,Klebsiella_A michiganensis,Longibaculum muris,Akkermansia muciniphila_A,Klebsiella_A indica,MGYG000004654,Fannyhessea vaginae,Actinomyces graevenitzii,Anaerostipes hadrus,Streptococcus sp001556435,MGYG000004363,MGYG000004765,Pediococcus acidilactici,Collinsella sp900549215,Prevotella sp900546535,UBA7597 sp900542935,UBA2821 sp902763335,MGYG000001914,RC9 sp000433355,CAG-313 sp000433035,Streptococcus sp000187445,Alistipes sp900548155,Pseudomonas_E putida_P,UBA1777 sp003150355,Lachnoclostridium phytofermentans_A,Kosakonia cowanii,Acidaminococcus timonensis,CAG-269 sp900762425,CAG-964 sp000435335,MGYG000001195,MGYG000001169,Paraclostridium bifermentans,Eubacterium_R sp000433975,Lysinibacillus fusiformis_D
rep344_seed2369	Bifidobacterium sp900551485,CAG-110 sp900549705,UBA7173 sp900768685,Alistipes sp900548155,Turicimonas sp900542195,CAG-269 sp000431335,Pediococcus acidilactici,Oxalobacter formigenes_B,Agathobaculum sp900555465,Blautia stercoris,MGYG000000433,Blautia_A sp000285855,MGYG000003752,Blautia_A sp003477525,Granulicatella sp900551535,MGYG000004421,CAG-488 sp900539465,Collinsella sp900541645,Prevotella sp900551055,Faecalimonas sp900551895,Eubacterium_R sp900540305,MGYG000000728,UBA1691 sp002320555,MGYG000003909,MGYG000002086,MGYG000004366,CAG-313 sp000433035,CAG-269 sp001916055,Klebsiella quasipneumoniae,MGYG000004405,Enterocloster sp900549235,UBA11524 sp000437595,MGYG000003977,Firm-11 sp900550955,MGYG000001581,Prevotella rara,Pauljensenia sp900541895,Prevotella amnii,Enterobacter roggenkampii,CAG-83 sp900551355,Clostridium celatum,CAG-83 sp900551995,Prevotella sp002350355,Lawsonibacter sp900553135,UBA5809 sp002417965,Ruminococcus_E sp900543095
rep345_seed2370	TM7x sp900556885,CAG-302 sp001916775,HGM12650 sp900761725,MGYG000003869,Collinsella sp900765185,CAG-475 sp900547975,Barnesiella sp900538555,MGYG000000691,Barnesiella sp900538705,MGYG000000637,MGYG000002075,Alistipes_A ihumii,MGYG000004590,CAG-873 sp002493945,MGYG000002585,CAG-1031 sp000431215,Porphyromonas sp900546675,MGYG000004700,Agathobaculum sp900291975,MGYG000000348,CAG-238 sp900551415,MGYG000004305,Gastranaerophilus phascolarctosicola,MGYG000004674,MGYG000003061,Butyricimonas paravirosa,MGYG000000390,MGYG000000728,RC9 sp000431015,Collinsella sp900556415,Klebsiella_A oxytoca,Stoquefichus sp001244545,Beduini sp900550005,HGM11616 sp900761075,UMGS1441 sp900543365,Haemophilus_D sp900756155,Olsenella sp900555995,Peptostreptococcus anaerobius,Atlantibacter hermannii,MGYG000004023,Prevotella sp900548585,Campylobacter_A concisus_L,Enterococcus_G italicus,Roseburia hominis,Succinivibrio sp900548485,MGYG000001048
rep346_seed2371	UBA1777 sp900754515,Pauljensenia sp000411415,Serratia liquefaciens,UBA737 sp900549055,UMGS1307 sp900550505,Streptococcus salivarius,Roseburia sp900542495,Anaerococcus vaginalis_B,Klebsiella_A indica,UMGS1518 sp900552575,Parabacteroides sp900552465,Bacteroides_F pectinophilus,MGYG000004560,Klebsiella aerogenes,Acetatifactor sp900766575,Streptococcus mitis,UBA9475 sp900549885,Collinsella sp900554645,MGYG000002657,CAG-127 sp900766925,CAG-272 sp900556615,MGYG000000413,UBA738 sp004557735,Faecalibacterium sp900758465,UBA6398 sp900555645,Lachnospira rogosae_A,Streptococcus sp902373455,Collinsella sp900541645,Parabacteroides sp900540715,Cellulosilyticum sp900556665,Yersinia massiliensis,MGYG000004782,Bulleidia sp900554555,Enterococcus_D sp002850555,MGYG000000594,Prevotella oralis,Collinsella sp900752015,Allisonella histaminiformans,HGM11525 sp900770405,Hydrogeniiclostridium sp900752115,MGYG000000512,MGYG000002642,SFLA01 sp004553575,Gemmiger sp900540595,Ellagibacter isourolithinifaciens,CAG-485 sp002361235
rep347_seed2372	UMGS905 sp900540085,UBA7173 sp900759895,Methanobrevibacter_A woesei,MGYG000004062,HGM11514 sp900757255,MGYG000004085,CAG-115 sp900768125,MGYG000002025,Streptococcus sanguinis_H,Lactobacillus apis,MGYG000001826,Barnesiella sp900542255,Veillonella rogosae,Streptococcus parasanguinis,CAG-110 sp900544405,Collinsella sp900552155,Frisingicoccus sp900753685,Prevotella sp900315955,MGYG000000860,Rothia sp001808955,Bifidobacterium sp002742445,Duodenibacillus sp900542805,Leminorella richardii,Phoenicibacter congonensis,MGYG000002758,Alistipes_A sp900539755,MGYG000003934,Roseburia hominis,Collinsella sp900542155,Collinsella sp900553415,CAG-110 sp900763965,MGYG000003910,Megamonas hypermegale,MGYG000001743,Fusobacterium periodonticum_B,MGYG000000594,Dialister sp900547785,Enteroscipio rubneri,CAG-302 sp900548425,Collinsella sp900545605,UBA4644 sp900763355,MGYG000004387,CAG-83 sp000431575,Yokenella regensburgei,Fusobacterium_B sp900542625,Anaerostipes hadrus
rep348_seed2373	Eubacterium_R sp000431535,MGYG000004496,Dysosmobacter sp900544105,Rothia mucilaginosa_B,Collinsella sp900552295,Streptococcus pasteurianus,MGYG000001805,Merdibacter sp900543035,Collinsella sp900541645,CAG-485 sp900554845,Mediterraneibacter sp900751785,Actinobaculum massiliense,CAG-196 sp900549855,Collinsella sp900544875,MGYG000004432,UBA5884 sp900551505,UMGS1810 sp900555295,MGYG000000860,Peptacetobacter sp900550335,UMGS882 sp900757905,Haemophilus_A paraphrohaemolyticus,MGYG000003950,F23-B02 sp900545805,UMGS2016 sp900557185,Collinsella sp002391315,MGYG000004159,MGYG000004037,CAG-115 sp000432175,MGYG000003936,Sutterella wadsworthensis,CAG-180 sp900540295,MGYG000001880,MGYG000001642,CAG-873 sp900554715,MGYG000003212,MGYG000000760,UMGS1623 sp900553525,CAG-495 sp900551585,Collinsella sp003466125,CAG-831 sp900544175,Haemophilus_D sp900756875,Citrobacter freundii,Prevotella sp003447235,Pediococcus acidilactici,Veillonella sp900552445,Akkermansia sp900548895
rep349_seed2374	Collinsella sp900765115,UMGS1975 sp900556815,Bacteroides finegoldii,MGYG000002151,Duodenibacillus sp003472385,Collinsella sp900552295,Proteus sp003144505,MGYG000004238,MGYG000001743,Franconibacter helveticus,Lacticaseibacillus rhamnosus,MGYG000001048,UMGS1441 sp900543365,MGYG000002198,Streptococcus sp902373455,UBA7173 sp900540205,Phascolarctobacterium_A sp900551335,CAG-485 sp900554345,Marseille-P4683 sp900232885,UMGS995 sp900547465,MGYG000004665,Acutalibacter timonensis,MGYG000000350,Prevotellamassilia sp900540885,RUG572 sp900771305,MGYG000003768,TM7x sp900555265,Parabacteroides merdae,Blautia_A sp900066505,MGYG000000592,Prevotella sp900545525,Faecalibacillus sp003480255,Clostridium_AQ innocuum,Veillonella sp900549845,Parasutterella sp900554375,UMGS1826 sp900555435,Eubacterium_R sp900542875,CAG-485 sp900760735,UMGS905 sp900540085,MGYG000002053,CAG-110 sp900556935,Enterocloster clostridioformis,Clostridium_X cadaveris,Proteus sp001722135,Negativibacillus sp900547455,Lactobacillus gasseri
rep350_seed2375	Salmonella bongori,Dysosmobacter sp900542115,F0422 sp003999875,UMGS1279 sp900761625,Collinsella sp900541475,UBA5446 sp900545405,Peptostreptococcus anaerobius,Butyricimonas sp900759925,Enterocloster sp900551225,Enterococcus_A raffinosus,MGYG000004710,Blautia hominis,Collinsella sp003479805,Slackia exigua,Mediterraneibacter sp900553885,CAG-115 sp002492075,Alistipes sp900550925,Zag1 sp900769645,Bifidobacterium breve,MGYG000000625,CAG-110 sp900549705,UBA7102 sp900760085,MGYG000002730,UMGS1975 sp900556815,UMGS416 sp900542005,Robinsoniella sp900539655,Holdemanella sp900547815,MGYG000002035,MGYG000000635,MGYG000001048,Anaerotruncus rubiinfantis,Parabacteroides goldsteinii,Rahnella variigena,UBA7185 sp900556545,Erysipelatoclostridium ramosum,QAMH01 sp900556425,MGYG000000589,UBA738 sp003522945,Ligilactobacillus salivarius,Fusobacterium polymorphum,CAG-127 sp900553925,Gemmiger sp900554145,Blautia_A luti,Clostridium_AQ sp900552125,UBA7597 sp900542935,Ruthenibacterium lactatiformans
rep351_seed2376	MGYG000001033,Oribacterium sinus,Fournierella sp004558145,ER4 sp900546295,MGYG000004876,Collinsella sp900555745,MGYG000004817,Parabacteroides distasonis,Collinsella sp900550815,Collinsella sp003437035,Lachnospira sp900316325,RUG14107 sp900772685,Anaerococcus obesiensis,Hungatella_A hathewayi_A,Proteus penneri,Acutalibacter sp900543555,MGYG000000687,Mailhella sp900541395,MGYG000004348,Collinsella sp900548365,Collinsella sp900541025,Lachnoanaerobaculum umeaense,MGYG000001683,UMGS1441 sp900551755,MGYG000000339,MGYG000002726,UMGS1251 sp900549995,Gemmiger variabilis_A,MGYG000004171,UMGS1826 sp900555435,CAG-110 sp900554625,MGYG000004549,Bariatricus comes,Phascolarctobacterium_A sp900551335,Parasutterella sp000980495,CAG-449 sp900551385,CAG-180 sp000432435,Bifidobacterium gallinarum,Alloprevotella tannerae,Megasphaera massiliensis,CAG-269 sp900555615,SFVR01 sp900769035,Collinsella aerofaciens_G,Terrisporobacter othiniensis,Turicibacter sanguinis,CAG-83 sp900547745
rep352_seed2377	UBA1777 sp900546515,Megamonas funiformis,RUG115 sp900066395,Collinsella sp900544755,Enterococcus_A avium,UMGS1322 sp900550765,MGYG000003418,MGYG000004330,Bacteroides faecis,Bacteroides sp014385165,MGYG000000746,MGYG000002657,Lactobacillus apis,MGYG000002696,CAG-353 sp900768995,Pseudomonas aeruginosa,Collinsella sp900554155,Alistipes_A sp900549685,MGYG000003451,TF01-11 sp900759665,Phocaeicola mediterraneensis,Peptostreptococcus stomatis,Peptoniphilus_E obesi,MGYG000002692,Edwardsiella tarda,CAG-411 sp000437275,MGYG000003881,MGYG000004346,Faecalibacterium sp900540455,MGYG000004037,Blautia_A sp900549015,Prevotella nigrescens,MGYG000002035,CAG-1427 sp900546175,CAG-353 sp900066885,Bacteroides sp900555635,Bilophila sp900550745,Ezakiella sp900540185,Streptococcus equinus,Porphyromonas uenonis,MGYG000002216,CAG-776 sp900758895,MGYG000004029,UMGS1590 sp900759105,CAG-83 sp000435555,CAG-269 sp001916055
rep353_seed2378	Prevotella sp900554045,MGYG000004890,Gemmiger formicilis,UMGS1826 sp900555435,Streptococcus mitis,CAG-417 sp000432835,Veillonella sp900550175,CAG-103 sp004556965,RC9 sp900544195,Bacteroides thetaiotaomicron,UBA5884 sp900551505,Phocaeicola dorei,Marseille-P3106 sp900169975,Eubacterium_R sp900540235,CAG-485 sp900542185,Edwardsiella tarda,UMGS1370 sp900551135,UMGS1071 sp900548305,MGYG000004219,Prevotella sp900762125,Prevotellamassilia sp900546605,MGYG000000547,Collinsella sp900757235,UMGS1004 sp900761685,Eubacterium limosum,MGYG000002067,Bacteroides salyersiae,Blautia_A sp900066335,Phoenicibacter congonensis,Streptococcus oralis_S,CAG-83 sp900554275,MGYG000003872,UBA3388 sp900546465,RUG023 sp900315435,Acinetobacter johnsonii,MGYG000004664,MGYG000002624,MGYG000002099,Gabonibacter sp900543425,ER4 sp900763705,Enterocloster sp900753815,MGYG000003904,CAG-177 sp900770255,Fournierella massiliensis,MGYG000004161,MGYG000004159
rep354_seed2379	Oribacterium sp900772695,UMGS911 sp900545935,Intestinimonas massiliensis,Coprococcus sp900548315,Collinsella sp900758845,Serratia liquefaciens,Faecalibacterium sp900772565,Companilactobacillus farciminis,Collinsella aerofaciens_F,CAG-484 sp000431315,MGYG000004686,MGYG000000413,Collinsella sp900554645,Roseburia sp900550935,Alistipes sp900769405,MGYG000000334,Ruminococcus_C sp900545285,ER4 sp900552375,UBA644 sp900547165,MGYG000002675,Eubacterium_R sp900540305,Enterocloster sp900547035,MGYG000004197,Mediterraneibacter torques,Parabacteroides sp900760525,MGYG000003294,Ruminococcus_C sp900770195,MGYG000004503,MGYG000001724,MGYG000000411,MGYG000000377,MGYG000000597,Yersinia bercovieri,MGYG000001583,Dorea_A sp900550865,Clostridium sp001916075,MGYG000004596,Gordonibacter massiliensis,Frisingicoccus caecimuris,Sellimonas sp002161525,Frisingicoccus sp900757195,Collinsella sp900541285,Actinomyces oris,CAG-110 sp000434635,UBA1259 sp003523255,MGYG000000745
rep355_seed2380	Enterocloster citroniae,Vibrio parahaemolyticus,Limosilactobacillus vaginalis_A,AF33-28 sp003477885,CAG-110 sp900546075,MGYG000004068,MGYG000003869,MGYG000004885,RQCD01 sp008668455,CAG-269 sp001916035,Klebsiella quasipneumoniae,OM05-12 sp900760755,MGYG000004749,Eubacterium_I sp900557275,UMGS911 sp900545935,MGYG000000587,Parabacteroides massiliensis,MGYG000001219,Prevotella salivae,UMGS1537 sp900552695,Streptococcus sp900550895,Merdimonas sp900553355,MGYG000002727,Megasphaera sp900540735,UBA1417 sp002305575,Peptostreptococcus russellii_A,MGYG000002223,NSJ-61 sp003433845,Prevotella pectinovora,MGYG000000821,Catenibacterium sp900764725,MGYG000004732,Barnesiella sp003150885,Prevotella sp900545525,RC9 sp900541925,Ruminococcus_C sp000437175,Campylobacter_A concisus_F,Clostridium_F botulinum_A,Frisingicoccus caecimuris,UBA7182 sp003481535,MGYG000002712,CAG-83 sp900547745,Clostridioides difficile,MGYG000000361,Phascolarctobacterium sp900554395,UBA5446 sp900544765
rep356_seed2381	Faecalibacterium sp900539885,QALR01 sp900553085,Lachnoclostridium_B sp000765215,1XD42-69 sp014287635,MGYG000001632,UMGS1484 sp902388225,Lachnoclostridium_A sp002160755,Holdemanella sp003436425,UMGS946 sp900547135,Collinsella sp900541185,MGYG000001809,Collinsella sp900552875,Ruminococcus_G gauvreauii,Bifidobacterium pullorum,Enterocloster asparagiformis,MGYG000003752,Dialister sp900545785,MGYG000003005,MGYG000001813,Hungatella sp005845265,RUG14107 sp900772685,Prevotella sp900548535,Lachnospira sp000436475,Blautia_A obeum,Prevotella sp900550365,CAG-145 sp900754795,Ruminococcus_C sp000980705,MGYG000004509,HGM13233 sp900762805,Anaerofustis sp900549875,Streptococcus pseudopneumoniae_O,Beduini massiliensis,MGYG000001033,Enterococcus_D sp002850555,MGYG000002037,Blautia_A sp900066335,Ruminococcus_D sp000434695,MGYG000001977,UBA11452 sp003526375,S5-A14a sp900553025,CAG-196 sp900549855,Prevotella sp002251295,UMGS1865 sp900768535,Phascolarctobacterium_A sp900544885,Citrobacter_A amalonaticus,Bariatricus massiliensis
rep357_seed2382	Lawsonibacter sp900763995,Kluyvera ascorbata_B,F23-B02 sp000431075,CAG-314 sp000437915,MGYG000004621,MGYG000002686,Prevotella sp000436695,UMGS1293 sp900550385,UMGS1839 sp900555545,Muricomes fissicatena_A,Agathobaculum sp900557315,CAG-272 sp900556615,Roseburia sp900542495,Mediterraneibacter torques,Sutterella sp900762445,Gemmiger sp900539695,CAG-312 sp002437405,Rothia dentocariosa,CAG-354 sp900553015,QANA01 sp900554725,Collinsella sp002391315,MGYG000000739,AF33-28 sp003477885,Collinsella sp003458415,Collinsella sp900552875,MGYG000000378,MGYG000004891,Ruminococcus_D sp900539835,Extibacter sp001185345,Yersinia intermedia,UMGS1491 sp900757335,SFVR01 sp900769035,Butyricicoccus sp900547195,MGYG000002650,UBA737 sp900547445,CAG-170 sp900549635,Fenollaria sp900539225,Streptococcus pseudopneumoniae_O,MGYG000004882,MGYG000004068,Lachnospira sp000436475,Rikenella microfusus,Ruminococcus_D sp900539095,Fusobacterium_A sp900764925,Faecalimonas sp900546325,MGYG000003823
rep358_seed2383	Intestinibacter sp900540355,MGYG000001169,MGYG000004135,NSJ-38 sp902363445,MGYG000003770,RC9 sp000435075,Collinsella sp900542305,MGYG000004852,SFEL01 sp004557245,CAG-83 sp900555735,MGYG000001818,MGYG000001879,CAG-317 sp000433535,Enterocloster sp900538485,UMGS1872 sp900549475,UMGS1477 sp900553845,Turicibacter sanguinis,CAG-274 sp000432155,Enterococcus faecalis,MGYG000004049,Alistipes_A sp900545315,MGYG000000632,Campylobacter_A concisus_W,Eikenella corrodens,MGYG000004380,Coprobacter fastidiosus,Streptococcus thermophilus,Murimonas intestini,MGYG000004080,MGYG000000736,Lancefieldella sp000564995,Evtepia sp900758955,MGYG000004787,CAG-110 sp900763965,Hafnia paralvei,Faecalicoccus sp900546545,Paraprevotella sp900760455,Eubacterium_R sp900555015,Psychrobacillus sp012843435,Gabonibacter massiliensis,Prevotella hominis,Porphyromonas gingivalis,Phocaeicola coprocola,Prevotellamassilia sp900772575,MGYG000000706,MGYG000001049
rep359_seed2384	Alistipes sp902388705,Peptoniphilus_A harei,MGYG000004874,HGM12587 sp900766915,MGYG000003915,Collinsella sp900758845,UBA7160 sp900757145,Peptoniphilus_A phoceensis,HGM11368 sp900772745,CAG-449 sp900551385,Ruminococcus_F champanellensis,Collinsella phocaeensis,Alistipes sp002358415,Bacteroides fragilis,Collinsella sp900554645,MGYG000004607,Longibaculum sp900538465,UBA11471 sp900542765,Enterobacter bugandensis,MGYG000003975,Enterococcus_B durans,Collinsella sp900547125,MGYG000003301,Alistipes sp001941065,Acinetobacter johnsonii,Prevotella sp900556395,Eubacterium_I ramulus_A,Actinomyces graevenitzii,Porphyromonas sp900546675,MGYG000000411,UBA1740 sp900767415,Parabacteroides johnsonii,Veillonella sp003463825,Leminorella richardii,MGYG000004665,ER4 sp000765235,Prevotella sp900552675,MGYG000000474,Muricomes fissicatena_A,Clostridium paraputrificum,Yersinia frederiksenii,Prevotella sp900554695,UMGS1441 sp900551755,MGYG000004116,QALS01 sp900555925,Collinsella aerofaciens_G
rep360_seed2385	MGYG000001775,CAG-110 sp900547405,DTU089 sp002440045,UBA1691 sp002320555,BX12 sp014333425,Collinsella sp900757505,Dialister succinatiphilus,Oscillibacter ruminantium,CAG-41 sp900066215,PeH17 sp000435055,CAG-485 sp000437495,Prevotellamassilia sp900541335,MGYG000004608,MGYG000004594,CAG-110 sp900763965,MGYG000002826,Phocaeicola sp900540105,Actinomyces oris,Collinsella sp900545605,Paramuribaculum sp900759835,MGYG000002067,CAG-269 sp900753165,Parabacteroides chinchillae,CAG-83 sp900551995,UBA11452 sp003526375,Ruminococcus_C sp000437255,MGYG000002178,Blautia sp900765525,Parabacteroides sp900541965,Streptococcus oralis_E,Prevotella timonensis,Proteus sp001722135,V9D3004 sp002349525,MGYG000004068,Bulleidia sp900554555,MGYG000004465,UBA5905 sp900764115,Bacteroides stercoris,TF01-11 sp000436755,NSJ-32 sp014384895,CAG-170 sp900751035,MGYG000002674,Acetatifactor sp900066365,MGYG000002089,Streptococcus vestibularis,Fusobacterium_B sp900554885
rep361_seed2386	Veillonella sp009929605,Prevotella sp900554545,UMGS1633 sp900553645,Anaerobutyricum sp002161065,Prevotella sp900544495,CAG-492 sp900557195,CAG-115 sp000432175,MGYG000004811,Streptococcus sp000187445,MGYG000004772,Collinsella sp900768265,CAG-269 sp900553125,Collinsella sp900551815,MGYG000004876,MGYG000002931,Prevotella sp900550365,Paramuribaculum sp900759835,UBA1259 sp003523255,UMGS1487 sp900552225,Anaerotignum sp001304995,UBA7173 sp001701135,MGYG000004881,Lactococcus lactis_E,MGYG000004808,MGYG000002754,Anaerosacchariphilus sp900553635,Anaerostipes hadrus,Erysipelatoclostridium spiroforme,UBA1191 sp900066305,Escherichia marmotae,CAG-81 sp000435795,Prevotella sp900770395,QAKD01 sp003343965,MGYG000004609,MGYG000003948,Blautia_A sp003471165,Haemophilus_D pittmaniae,Peptococcus niger,UBA1822 sp900545365,Pauljensenia sp000278725,CAG-170 sp900751035,Bifidobacterium gallinarum,MGYG000002112,Streptococcus oralis_E,Zag1 sp000433095,UMGS1872 sp900549475
rep362_seed2387	AM51-8 sp900546435,Enterobacter cancerogenus,Bacteroides sp002491635,Rothia mucilaginosa,Collinsella sp003487125,Streptococcus alactolyticus,Lysinibacillus fusiformis_D,Phocaeicola sp000436795,Collinsella sp900547855,MGYG000001242,Eubacterium_F sp000434115,Tidjanibacter inops_A,CAG-873 sp900755985,CAG-302 sp001916775,MGYG000000761,Campylobacter_A concisus_I,Sneathia amnii,Bacteroides clarus,MGYG000002127,Murdochiella vaginalis,MGYG000002743,MGYG000003328,Eubacterium_I ramulus_A,Dysosmobacter sp900544955,Phascolarctobacterium sp900545535,MGYG000004002,Collinsella sp900541475,Prevotella sp900315955,MGYG000002170,Collinsella sp900554155,Lactonifactor sp009677585,MGYG000002921,MGYG000002683,Kluyvera ascorbata,UBA5446 sp900544765,UBA1822 sp900545365,MGYG000000448,Marvinbryantia sp900550755,CAG-279 sp900541935,Phocaeicola sp002161565,Clostridium_E jeddahense,UBA5416 sp900539175,NSJ-61 sp003433845,Yersinia intermedia,CAG-170 sp900549635,Collinsella sp900542155
rep363_seed2388	Providencia rettgeri,Amulumruptor caecigallinarius,Vibrio parahaemolyticus,Acetatifactor sp003447295,UMGS1241 sp900549955,MGYG000003766,Enterobacter kobei,Prevotellamassilia sp900556465,Weissella confusa,Lacticaseibacillus rhamnosus,Anaerostipes rhamnosivorans,Prevotella colorans,CAG-83 sp900756715,Fenollaria sp900539225,Blautia_A luti,Ligilactobacillus salivarius,Butyricicoccus_A sp002395695,Collinsella sp900556495,MGYG000004210,MGYG000001169,Lachnoclostridium phytofermentans_A,MGYG000002759,MGYG000003915,Zag1 sp000438175,NSJ-50 sp014385105,MGYG000004686,Providencia stuartii,UMGS1537 sp900543695,Prevotella sp900767615,MGYG000004169,F23-B02 sp004557075,Ruminococcus_E sp900314705,UMGS1002 sp900547565,UBA5884 sp900551505,Collinsella sp900552145,CAG-110 sp900549495,CAG-180 sp900540295,QAMX01 sp003149835,UMGS1670 sp900548595,MGYG000004233,MGYG000004023,Bacteroides bouchesdurhonensis,Campylobacter_A concisus_P,Gemmiger qucibialis,Alistipes sp900553175,Alistipes sp900544265
rep364_seed2389	Campylobacter_A concisus_L,MGYG000003470,Enterobacter cloacae_K,Dorea_A longicatena_B,MGYG000004135,Streptococcus mitis_BB,UMGS1781 sp900555075,Olsenella_B sp000752675,Enterococcus_A avium,MGYG000003994,Gemmiger variabilis,Eubacterium_T sp900766045,Mitsuokella multacida,MGYG000000377,CAG-56 sp900539525,MGYG000004427,Clostridium_X cadaveris,MGYG000000589,Anaerotignum lactatifermentans,MGYG000003877,Prevotella hominis,Enterobacter mori,Coprobacillus cateniformis,UBA1777 sp900549485,Bifidobacterium thermophilum,MGYG000004210,Sodaliphilus sp004557565,CAG-177 sp900771185,MGYG000004251,UBA5884 sp900551505,Collinsella sp900554985,Prevotellamassilia sp004557035,Clostridium_Q sp000435655,Negativibacillus sp900547015,Collinsella sp900548935,Sutterella wadsworthensis_A,Ruminococcus_A faecicola,Phocaeicola sp900546095,UBA1191 sp900066305,RC9 sp900771005,Bacteroides gallinarum,Prevotella sp900546535,Ruminococcus_D sp000434695,MGYG000004365,Klebsiella pneumoniae,Psychrobacillus sp012843435
rep365_seed2390	Peptostreptococcus anaerobius,MGYG000004870,Clostridium tertium,MGYG000003578,Methanobrevibacter_A sp900766745,Limosilactobacillus caviae,CAG-83 sp900545585,Bulleidia sp900539965,Collinsella aerofaciens_F,Erysipelatoclostridium sp002160495,Lachnoclostridium_B sp900066765,UMGS882 sp900757905,MGYG000003936,CAG-41 sp900066215,Blautia_A sp900066335,Prevotella jejuni,Lachnoclostridium_A sp003464085,Eisenbergiella sp900066775,Collinsella sp900545555,Alistipes sp900541585,MGYG000000626,Ruminococcus_C sp900765125,Muricomes sp900604355,UBA7173 sp900555165,CAG-279 sp900541935,MGYG000004330,Catenibacterium sp900764565,CAG-460 sp900546715,Acidaminococcus sp900770265,UBA4285 sp900542465,Anaerobutyricum soehngenii,Collinsella sp900552155,Bacteroides togonis,Parabacteroides bouchesdurhonensis,MGYG000004213,Phocaeicola sp900066455,Acetatifactor sp003447295,Lachnospira sp900316325,SFDP01 sp900770785,Neisseria elongata,MGYG000001582,Dialister hominis,UBA5905 sp900549155,Ruminococcus_C sp000437175,Klebsiella_A indica,MGYG000003050
rep366_seed2391	Bacteroides sp902388495,UMGS1633 sp900553645,Faecalibacterium sp900765105,CAG-1427 sp900542525,Collinsella sp900551655,UBA5446 sp900759385,MGYG000003045,Enterococcus_G italicus,UBA945 sp900549675,MGYG000000286,Beduini massiliensis,MGYG000002654,Bifidobacterium animalis,Streptococcus sobrinus,Pseudomonas_E massiliensis,CAG-81 sp900541255,Bulleidia sp900539965,Citrobacter_A sedlakii,MGYG000004597,Duodenibacillus sp900552915,MGYG000003828,Haemophilus_D parainfluenzae_J,CAG-964 sp902789345,MGYG000004790,Dialister sp900541485,MGYG000003480,CAG-488 sp900554995,UMGS577 sp900543525,OM05-12 sp003438995,Coprococcus_A sp900548825,Escherichia marmotae,MGYG000000694,Dorea_A sp900550865,CAG-110 sp900556935,GCA-900066495 sp900066495,Ruminococcus sp900761275,MGYG000002791,Collinsella aerofaciens_F,MGYG000003816,Collinsella sp900552995,UMGS995 sp900769695,CAG-238 sp900754805,Ruminococcus_E sp003438075,CAG-83 sp900550615,UMGS902 sp900546635,MGYG000002699
rep367_seed2392	MGYG000001020,MGYG000003917,CAG-449 sp900551385,UBA1691 sp900544715,CAG-617 sp000438115,Alistipes_A sp900545315,UMGS1293 sp900754495,UBA7173 sp900548705,UBA5884 sp900551505,Collinsella sp900555815,Dialister sp900543455,Firm-11 sp900540045,Robinsoniella sp900540475,MGYG000003882,Prevotellamassilia sp900541575,UMGS1670 sp900548595,Prevotella sp900556795,Phocaeicola sp900552645,MGYG000002249,MGYG000004125,MGYG000000660,MGYG000001743,MGYG000004662,Neisseria sp000186165,CAG-590 sp000431135,CAG-269 sp001916055,Fournierella sp004558145,Veillonella sp900550175,HGM12587 sp900766915,Collinsella aerofaciens_H,TF01-11 sp003149875,MGYG000004330,Sellimonas sp002161525,Faecalibacterium sp900758465,Christensenella minuta,Clostridium sp900547475,Eubacterium_R sp000434995,MGYG000002092,Ruminiclostridium_E sp900768735,MGYG000004765,MGYG000004135,MGYG000001807,Collinsella sp900541645,Ruminococcus_E sp002493635,Acetatifactor sp900771995,MGYG000000210
rep368_seed2393	Clostridium sp900539375,NSJ-61 sp003433845,CAG-590 sp900769115,Streptococcus oralis_W,Collinsella sp900542325,RC9 sp900769145,MGYG000003212,Methanosphaera cuniculi,MGYG000001106,Cronobacter malonaticus,Fannyhessea vaginae,Collinsella sp900757185,Porphyromonas gingivalis,UBA644 sp002299265,MGYG000004693,Enterocloster bolteae,MGYG000003828,Parabacteroides bouchesdurhonensis,MGYG000001862,Eisenbergiella sp900548905,Prevotella sp900313215,Phascolarctobacterium_A sp900541915,Collinsella sp900758845,MGYG000004411,SFDP01 sp900770785,Blautia sp900556555,Blautia_A massiliensis,Coprobacillus cateniformis,Dysosmobacter sp900544615,Ruminococcus_G gauvreauii,Phocaeicola barnesiae,Acutalibacter sp900543305,MGYG000001885,Phil1 sp001940855,UMGS1484 sp902388225,Roseburia sp900550935,Bariatricus sp900554415,Parabacteroides sp900552415,QAMH01 sp900556425,Blautia_A obeum_B,MGYG000001809,HGM05232 sp900759955,Collinsella sp900541665,Holdemanella sp900754615,Veillonella sp900552445,CAG-873 sp900550395
rep369_seed2394	Pantoea sp002920175,Stoquefichus massiliensis,Collinsella sp900762015,MGYG000002255,Bifidobacterium gallinarum,UBA1191 sp900066305,Collinsella sp900549245,UMGS1696 sp900753285,MGYG000004708,Succinatimonas hippei,Eubacterium limosum,Collinsella sp900544865,MGYG000003773,Ruminococcus_C sp000433635,Anaerococcus sp900258475,CAG-617 sp000438115,Sutterella sp900764215,MGYG000004677,Bacteroides neonati,Prevotella sp002265625,Prevotella sp002481295,UMGS1071 sp900542375,CAG-269 sp900555615,MGYG000002089,Anaerostipes hadrus,MGYG000003923,CAG-964 sp000435335,MGYG000000300,Collinsella sp900544425,Collinsella aerofaciens_J,Lachnospira sp900772425,Anaerofustis stercorihominis,CAG-776 sp900758895,Agathobacter faecis,Bacteroides eggerthii,CAG-1427 sp000435675,UMGS856 sp900760305,MGYG000004704,Ruminococcus_C sp900765125,Beduini massiliensis,Collinsella sp900550825,Sneathia amnii,Parolsenella uli_B,Lactobacillus amylolyticus,Odoribacter laneus,Streptococcus anginosus
rep370_seed2395	Collinsella sp900553215,Eubacterium_R sp000436835,CAG-462 sp003489705,Collinsella sp900768265,CAG-302 sp000431795,Selenomonas_C sp002351185,Phocaeicola sp900551645,UBA866 sp900543295,Clostridium_P massiliamazoniense,Prevotella sp900543975,HGM11514 sp900757255,MGYG000004166,UMGS1668 sp900553955,Lawsonibacter sp900545895,MGYG000004839,Clostridium_AQ innocuum,Bacteroides sp900766195,Bariatricus massiliensis,Acidaminococcus fermentans_A,Collinsella sp003458415,Prevotella sp002481295,Lawsonibacter sp014287875,Prevotella sp003447235,CAG-313 sp000433035,MGYG000002797,Bifidobacterium dentium,UBA1417 sp900549945,Collinsella sp900552295,UC5-1-2E3 sp001304875,CAG-877 sp900548695,CAG-110 sp900762245,Blautia sp900556555,Bifidobacterium angulatum,Collinsella sp900765185,UBA1409 sp900760125,Salinicola tamaricis,Eubacterium_R sp000431535,Raoultella ornithinolytica,Dysosmobacter sp900556925,MGYG000004634,Collinsella sp900546455,Prevotella rara,Rothia aeria,UBA5905 sp002437905,MGYG000002084,Frisingicoccus caecimuris
rep371_seed2396	MGYG000001870,Phocaeicola sp900551065,MGYG000004829,CAG-83 sp001916855,Collinsella sp902362275,MGYG000002170,Ruthenibacterium lactatiformans,RUG11247 sp902767315,UBA3388 sp002358835,Lactonifactor longoviformis,Gordonibacter pamelaeae,Collinsella sp900752475,RUG14107 sp900772685,Pantoea brenneri,Alistipes onderdonkii,Lachnospira sp900547255,Akkermansia muciniphila_A,MGYG000004080,Prevotella sp002299275,MGYG000004669,Slackia_A sp900553775,MGYG000004787,F0422 sp003999875,MGYG000004560,MGYG000001844,Marvinbryantia sp900550755,MGYG000004880,MGYG000004093,MGYG000002931,Dorea_A longicatena,Porphyromonas gingivalis,MGYG000003323,Prevotella sp000436035,MGYG000000630,Faecalibacterium prausnitzii_E,HGM12587 sp900766915,Parabacteroides sp900552415,UBA1777 sp900549865,RC9 sp900545245,HGM05232 sp900759955,UMGS1872 sp902373635,Mesosutterella massiliensis,MGYG000004125,Eubacterium_R sp000434995,CAG-279 sp900550025,HGM11521 sp900751885
rep372_seed2397	Muricomes fissicatena_A,Phocaeicola sp900066455,MGYG000004029,Enterobacter_A timonensis,CAG-95 sp900066375,UMGS1397 sp900761355,UBA940 sp900768115,MGYG000004421,Dialister sp000434475,Bacteroides fluxus,Lacticaseibacillus paracasei,CAG-245 sp900761475,MGYG000004170,CAG-390 sp000437015,Clostridium_E jeddahense,Holdemanella biformis,MGYG000004377,F23-B02 sp900545805,MGYG000004049,Bacteroides finegoldii,Collinsella sp900541285,Bacteroides stercoris,Eubacterium_F sp000433735,Rothia mucilaginosa_B,Enterocloster citroniae,Eubacterium_G sp900548465,MGYG000004327,UBA7748 sp900314535,UMGS1532 sp900552605,Bacteroides sp902362375,Veillonella parvula_A,UBA7173 sp900555165,Parabacteroides sp000436495,Mediterraneibacter sp900752395,CAG-590 sp900552885,Firm-11 sp900540045,Phocaeicola sp900552645,Massilioclostridium coli,Stoquefichus massiliensis,UBA10281 sp900767885,Clostridium_AQ sp900552125,MGYG000002657,UBA1409 sp900760125,Enterococcus faecalis,Mediterraneibacter sp900553885,Dialister sp900557365
rep373_seed2398	Eisenbergiella sp900548905,Bacteroides salyersiae,UBA6398 sp003150315,Dysgonomonas capnocytophagoides,Muricomes contortus_B,Collinsella sp900541205,CAG-115 sp900768125,Bacteroides uniformis,Megamonas sp900556715,UBA7597 sp003448195,MGYG000000645,Caecibacter massiliensis,Citrobacter_A sp009363175,CAG-115 sp002492075,Lawsonibacter sp900766145,Faecalibacterium prausnitzii_E,RUG115 sp900066395,Parabacteroides gordonii,UMGS692 sp900544545,GCA-900066135 sp900066135,UMGS1696 sp900753285,Catenibacterium sp900764725,Prevotella sp900548195,Succiniclasticum sp900544275,Prevotella sp900556825,UMGS1397 sp900761355,QAKW01 sp003343605,UMGS1690 sp900554165,Faecalibacterium sp900551435,MGYG000004231,MGYG000000545,Phocaeicola mediterraneensis,MGYG000000738,Phascolarctobacterium_A sp900541915,QALR01 sp900542425,PeH17 sp000435055,Bacteroides nordii,Faecalimonas umbilicata,Phytobacter massiliensis,MGYG000002219,UMGS946 sp900547135,UBA4285 sp900545225,Roseburia hominis,Collinsella sp003462685,MGYG000004742,UMGS995 sp900769695
rep374_seed2399	CAG-617 sp000431275,CAG-590 sp900769115,Oxalobacter formigenes,MGYG000000733,Collinsella sp900556415,CAG-56 sp900539525,Phocaeicola sp900546645,Granulicatella adiacens,MGYG000000378,UBA1409 sp002338885,Collinsella sp900546825,Enterocloster bolteae,Anaerosporobacter mobilis,Eggerthella sinensis,Gabonibacter sp900543425,Proteus vulgaris,MGYG000000763,CAG-475 sp900547975,MGYG000000390,Duodenibacillus sp900544255,HGM04593 sp900770665,Alistipes_A sp900539755,Blautia stercoris,MGYG000002743,UMGS1696 sp900753285,GCA-900066755 sp902363085,Prevotella melaninogenica,MGYG000004547,Porphyromonas_A sp001808555,Collinsella sp900754435,CAG-841 sp900544285,Prevotella sp000436915,MGYG000004367,Providencia rettgeri_D,Collinsella sp900752015,UMGS680 sp900544525,MGYG000001061,MGYG000004233,CAG-170 sp900553545,MGYG000002084,UBA5809 sp002417965,Eubacterium_G sp900550135,CAG-485 sp900760735,Collinsella sp900552755,Eubacterium_G ventriosum,MGYG000003950
rep375_seed2400	Alistipes shahii,MGYG000004161,UBA11517 sp900555365,Blautia_A sp900548245,TF01-11 sp001916135,Acutalibacter sp900759575,MGYG000003904,MGYG000004197,MGYG000003644,Serratia liquefaciens,Dialister sp900765565,MGYG000004884,Duodenibacillus sp900552915,Collinsella sp900544235,Clostridium baratii,MGYG000000589,Collinsella sp900761155,UBA5446 sp900759385,Collinsella sp900541195,TF01-11 sp003149875,Prevotella sp900553155,UMGS1484 sp902388225,CAG-110 sp900548795,Parabacteroides sp900547435,UBA4716 sp900556575,Escherichia fergusonii,CAG-196 sp900549855,Alistipes provencensis,MGYG000004874,MGYG000004159,Eubacterium_M sp900540015,Akkermansia muciniphila_B,Lactobacillus kalixensis,Blautia_A sp900541985,Collinsella sp900555745,Collinsella sp900542155,UBA636 sp900546285,Phascolarctobacterium_A sp900545025,Negativibacillus sp900547015,Veillonella sp900545205,MGYG000002843,Blautia_A sp000285855,Rubneribacter badeniensis,Phascolarctobacterium_A succinatutens_A,Streptococcus sobrinus,Lachnoclostridium_A sp003464085
rep376_seed2401	Eubacterium_G sp000435815,Aggregatibacter segnis,Akkermansia sp900545155,Klebsiella_A grimontii,UBA7160 sp900757145,MGYG000003647,MGYG000001954,MGYG000004781,UMGS1537 sp900761045,Citrobacter_A amalonaticus,MGYG000004670,MGYG000000378,Eubacterium_R coprostanoligenes,F23-B02 sp000431075,MGYG000002115,Haemophilus_D parainfluenzae_K,Ruminococcus_A faecicola,MGYG000004393,MGYG000002229,MGYG000004443,Roseburia sp900542495,Beduini massiliensis,UBA11517 sp900753315,Ruminococcus_A sp000432335,SFDP01 sp004558185,Dialister succinatiphilus,UMGS1872 sp900549475,CAG-495 sp900538765,CAG-873 sp900550395,MGYG000002714,CAG-81 sp900066535,CAG-269 sp900556945,Collinsella sp900551015,UBA866 sp900543295,Acetatifactor sp900766575,MGYG000004811,Phascolarctobacterium_A sp900544885,MGYG000004094,MGYG000004732,Clostridium tertium,VUNA01 sp002299625,Eubacterium_R sp014465955,CAG-831 sp900771335,MGYG000004647,Porphyromonas gingivalis,Veillonella rogosae
rep377_seed2402	Dialister invisus,UBA3402 sp003478355,Collinsella sp900544755,CAG-485 sp900760815,MGYG000000425,UBA5884 sp900551505,UMGS1975 sp900556815,Bacteroides ovatus,Murdochiella vaginalis,MGYG000004514,Pseudomonas_R sp900766265,Butyricimonas faecalis,MGYG000002828,CAG-510 sp900551115,MGYG000002745,QAMX01 sp004555605,Phocaeicola barnesiae,UBA9502 sp003480315,Alistipes communis,Collinsella sp003436275,Collinsella sp900554665,Gemmiger sp900540595,UBA1786 sp900771425,MGYG000003915,Phocaeicola sp900066445,Pauljensenia sp000308055,UMGS1472 sp900552095,Neisseria sp000186165,MGYG000004094,MGYG000000398,MGYG000002732,Lachnospira eligens_A,Lachnoclostridium_B sp900543315,CAG-269 sp000437215,MGYG000001736,UBA1206 sp000433115,MGYG000004829,Collinsella sp900545075,MGYG000003950,Bilophila sp900550745,Duncaniella sp900544535,Dorea_A longicatena_B,Fusicatenibacter sp900543115,Prevotella sp003447235,UMGS2055 sp900557635,Alistipes onderdonkii
rep378_seed2403	UMGS1880 sp900555875,CAG-269 sp001916005,Collinsella sp900553935,Dorea formicigenerans,MGYG000002179,Coprococcus eutactus_A,Akkermansia muciniphila,MGYG000000625,MGYG000002046,CAG-170 sp003516765,UBA940 sp900768115,CAG-302 sp000431795,Anaerostipes rhamnosivorans,MGYG000003915,Agathobacter sp900550545,Lachnoanaerobaculum sp000296385,Enterocloster lavalensis,MGYG000000637,MGYG000003338,Lawsonibacter sp900549405,MGYG000004408,Phascolarctobacterium_A sp900552855,Alistipes_A sp900546005,Granulicatella sp900551535,MGYG000000448,Evtepia sp900546255,Dysosmobacter sp900544955,Enterocloster sp900555905,Desulfovibrio desulfuricans,UBA7160 sp902363665,UBA10281 sp900556195,MGYG000004219,MGYG000004885,UBA1777 sp900549545,Streptococcus thermophilus,UBA10281 sp900767815,QAMM01 sp900552945,MGYG000001133,Fenollaria timonensis,Prevotellamassilia sp900768625,MGYG000001870,MGYG000001575,MGYG000004711,Lawsonella clevelandensis,MGYG000000566,SFVR01 sp900769035
rep379_seed2404	CAG-302 sp900548425,Lagierella massiliensis,UBA738 sp003522945,MGYG000002680,MGYG000003816,CAG-83 sp900551995,CAG-354 sp900759015,Actinomyces graevenitzii,UBA9502 sp900538475,Collinsella sp900543845,MGYG000002052,Acidaminococcus fermentans_A,UBA1394 sp900538575,CAG-110 sp900752285,MGYG000004172,MGYG000004547,Prevotellamassilia sp900772575,Haemophilus influenzae,UBA10281 sp900767815,Pauljensenia sp900554605,MGYG000002207,UMGS1865 sp900768535,Ruminococcus_D sp900752625,Bulleidia moorei,CAG-81 sp900066535,Bacteroides bouchesdurhonensis,TM7x sp900557595,CAG-110 sp900544945,MGYG000001736,Gabonibacter sp900543425,MGYG000003434,CAG-882 sp000435595,Collinsella sp900552705,Pseudoflavonifractor capillosus,UBA1777 sp002320035,CAG-631 sp900762575,Alistipes_A ihumii,Faecalibacterium sp900772565,MGYG000004774,Klebsiella_A grimontii,Veillonella sp900765235,UMGS1670 sp902406135,MGYG000003822,MGYG000003490,UMGS1696 sp900753285,Collinsella aerofaciens_G
rep380_seed2405	Rothia mucilaginosa_A,MGYG000001242,PeH17 sp000435055,Slackia_A piriformis,Streptococcus koreensis,UMGS1518 sp900552575,CAG-269 sp900556345,Enterocloster sp001517625,MGYG000003833,CAG-83 sp900756715,Salmonella enterica,Anaeroglobus massiliensis,Collinsella sp900540845,CAG-822 sp000432855,MGYG000000746,CAG-724 sp003524145,Ruminococcus_C sp000437175,Megasphaera sp000417505,CAG-1427 sp900538545,Ruminiclostridium_E sp900768735,MGYG000004800,Citrobacter_B koseri,Allisonella pneumosintes,MGYG000001566,MGYG000003861,MGYG000003707,CAG-110 sp900553805,MGYG000002759,Odoribacter sp900548135,MGYG000000210,MGYG000004251,Collinsella sp900760325,Bifidobacterium ruminantium,Collinsella sp900542325,Lagierella massiliensis,UBA1777 sp900549645,Aneurinibacillus aneurinilyticus,UBA1777 sp900549485,MGYG000004894,Massilimaliae sp900752435,CAG-145 sp000435715,Collinsella sp900541055,Prevotellamassilia timonensis,Eubacterium_R sp900539165,Prevotella salivae,CAG-245 sp900552135
rep381_seed2406	Clostridium_AQ sp900552125,Akkermansia sp001580195,MGYG000003887,MGYG000001049,UMGS1370 sp900551135,Rothia dentocariosa,Mediterraneibacter massiliensis,Dorea_A sp900550865,UMGS1872 sp900549475,Beduini massiliensis,Methanobrevibacter_A sp900766745,Pseudobutyrivibrio fibrisolvens_A,Collinsella sp900550815,MGYG000002726,MGYG000003969,MGYG000004702,Murdochiella vaginalis,HGM11327 sp900759935,MGYG000002740,MGYG000003904,Veillonella_A seminalis,CAG-170 sp000436735,CAG-279 sp900550025,Blautia_A sp900120195,Collinsella stercoris,UMGS902 sp900761025,MGYG000004133,UBA10281 sp900767815,F23-B02 sp900545805,Amulumruptor caecigallinarius,MGYG000004004,Gemmiger sp900556255,Bacteroides cellulosilyticus,Collinsella sp900549655,MGYG000002148,Alistipes_A sp900546005,MGYG000000640,CAG-170 sp003516765,Massilioclostridium coli,MGYG000001761,MGYG000004198,Roseburia sp900753715,Veillonella parvula_A,CAG-269 sp900762425,CAG-269 sp001916065,MGYG000003915
rep382_seed2407	Porphyromonas_A sp001808555,MGYG000000860,Massiliomicrobiota sp002160815,Murdochiella vaginalis,MGYG000003322,Faecalibacterium sp900539885,CAG-83 sp900756715,Agathobacter sp900550545,Caecibacter sp003467125,Negativibacillus sp000435195,MGYG000003768,Prevotella sp900551985,MGYG000001952,Collinsella sp900555555,Sutterella parvirubra,Parabacteroides sp900549585,Enterocloster sp900541315,Limosilactobacillus reuteri_E,Criibacterium bergeronii,Phascolarctobacterium_A sp900544885,CAG-194 sp000432915,Mediterraneibacter torques,Anaerostipes sp900756035,MGYG000004024,Prevotella sp900313215,Bifidobacterium catenulatum,Parasutterella excrementihominis,MGYG000001921,Prevotella sp900553595,CAG-238 sp900754805,Collinsella sp900758375,UMGS1883 sp900763305,Bacteroides acidifaciens,MGYG000004449,Collinsella sp902363125,Eisenbergiella massiliensis,MGYG000000398,Lactobacillus helveticus,CAG-127 sp900766925,F082 sp900769945,Anaerotignum faecicola,Clostridium sp900540255,Faecalimonas sp900550235,Enterocloster sp900555045,MGYG000004387,Parabacteroides massiliensis
rep383_seed2408	MGYG000004852,UMGS1865 sp900768535,Collinsella sp003458415,Agathobacter faecis,MGYG000004002,Morganella morganii,Veillonella tobetsuensis,Pygmaiobacter massiliensis,MGYG000000448,Mitsuokella sp003458855,Haemophilus_D parainfluenzae_L,UBA10281 sp900767815,HGM11386 sp900761915,QANA01 sp900554725,Collinsella sp900548075,Marseille-P4683 sp900232885,Prevotella sp900556275,Haemophilus_A parahaemolyticus,Collinsella sp900760245,UMGS1537 sp900552695,Blautia sp900753905,RC9 sp900545245,CAG-510 sp900550475,MGYG000004342,Parabacteroides sp900541965,Dysosmobacter sp900550685,Bilophila sp902373525,Eubacterium_R sp000434995,Prevotella sp002350355,Clostridium sp900759995,Coprobacillus cateniformis,Lachnoanaerobaculum umeaense,UMGS1338 sp900550805,MGYG000001979,Parabacteroides sp900548175,HGM11501 sp900766735,Alistipes sp900770635,UBA1777 sp900549865,Bacteroides neonati,Angelakisella sp004557855,Ezakiella massiliensis,MGYG000000760,Faecalibacterium prausnitzii_G,Phytobacter diazotrophicus,HGM11616 sp900761075,Porphyromonas_A sp900541275
rep384_seed2409	Oribacterium sp900772695,MGYG000004559,MGYG000002740,Holdemanella sp002299315,Enterobacter mori,CAG-485 sp900542185,Eubacterium_R sp900539425,MGYG000000380,Mediterraneibacter sp002314255,Collinsella aerofaciens_A,MGYG000004839,GCA-900066905 sp900066905,UMGS929 sp900546875,Parabacteroides faecis,Butyricimonas faecalis,Collinsella sp900552705,Prevotella sp900315955,Acetatifactor sp900760705,Fusicatenibacter sp900772675,UBA4644 sp900763355,Catenibacillus sp900557175,Dysosmobacter sp900542115,Prevotella sp002251295,UBA5446 sp900546615,MGYG000000378,Haemophilus_D parainfluenzae_K,MGYG000002005,Collinsella sp900762345,Phocaeicola sp900546645,Zag1 sp000433095,SFDP01 sp004558185,Prevotella buccae,CAG-177 sp900770255,CAG-115 sp002492075,CAG-180 sp004556705,MGYG000000687,UBA2883 sp002103075,CAG-793 sp900557475,UBA737 sp900549755,CAG-831 sp900544175,MGYG000002699,Stomatobaculum naviforme,Collinsella sp900549245,Enterocloster asparagiformis,Allisonella histaminiformans,UBA4285 sp900542465
rep385_seed2410	HGM11386 sp900761915,Cellulosilyticum sp900556665,Cronobacter malonaticus,MGYG000000585,Frisingicoccus sp900753685,CAG-841 sp900544285,Ezakiella massiliensis,Citrobacter werkmanii,Enterocloster sp900551225,MGYG000000691,UMGS1472 sp900552095,Collinsella sp900757265,Dysosmobacter sp000436875,MGYG000003994,Lacrimispora sp902363735,Duncaniella sp900549445,Butyrivibrio_A crossotus,CAG-177 sp003538135,MGYG000000456,UMGS1883 sp900763305,UBA4855 sp900540395,Phoenicibacter congonensis,Paraprevotella xylaniphila,UMGS1781 sp900553695,Collinsella provencensis,UBA6398 sp003150315,Yersinia massiliensis,Intestinibacter sp900540355,MGYG000000682,Alistipes sp900761235,CAG-793 sp000433915,Collinsella sp902363125,MGYG000004624,NSJ-61 sp003433845,Schaedlerella sp900765975,UBA6398 sp900550635,Peptoniphilus_B sp000478985,MGYG000002828,NK4A136 sp002314855,HGM11808 sp900757025,MGYG000003338,Alistipes sp000434235,MGYG000004481,Collinsella sp900551605,MGYG000003299,Collinsella stercoris
rep386_seed2411	Ezakiella massiliensis,CAG-313 sp900539265,MGYG000001133,CAG-170 sp000436735,RC9 sp000432515,MGYG000000505,MGYG000002203,Faecalicoccus sp900546545,Prevotella sp900765465,CAG-353 sp900066885,Pauljensenia radingae_A,CAG-877 sp900753325,Phascolarctobacterium sp900545535,Clostridium sp900540255,MGYG000003975,CAG-269 sp900553125,MGYG000004224,Collinsella sp900761995,Bilophila sp900553145,Fusobacterium polymorphum,Ruthenibacterium lactatiformans,Pauljensenia sp001064145,Faecalibacterium sp900539945,Prevotella melaninogenica,MGYG000003021,CAG-485 sp900555915,Gordonibacter sp003339845,Collinsella sp900751755,Dialister sp900538805,Dysosmobacter sp900542115,Campylobacter_A concisus_B,CAG-590 sp900548855,MGYG000001585,Prevotella sp900553465,Lachnospira eligens_A,MGYG000000699,Agathobacter sp900548765,CAG-83 sp900548615,MGYG000002680,MGYG000004219,Campylobacter_A concisus_W,Holdemanella sp003436425,CAG-724 sp003524145,Prevotella sp002299635,Lactobacillus paragasseri,Mediterraneibacter_A butyricigenes
rep387_seed2412	Lawsonibacter sp900763995,Prevotella copri_A,MGYG000000386,Methanosphaera sp900322125,Senegalimassilia faecalis,Veillonella sp900538355,Paramuribaculum sp900760855,Megamonas hypermegale,Collinsella sp003471585,CAG-1427 sp900542525,Catenibacterium sp000437715,Prevotella sp900545525,MGYG000004547,Collinsella sp008014645,Blautia_A caecimuris,UBA5446 sp900543085,Murdochiella massiliensis,Bacteroides uniformis,MGYG000003270,MGYG000001114,Bacteroides fragilis_A,Faecalibacterium prausnitzii_M,Gemmiger variabilis,Anaerotruncus colihominis,Prevotella sp000433175,Coprococcus eutactus,MGYG000004135,UBA5394 sp003150565,MGYG000001049,CAG-177 sp000431775,Citrobacter portucalensis_A,MGYG000004159,MGYG000003136,MGYG000002699,Campylobacter_A concisus_F,Faecalitalea cylindroides,MGYG000002575,Alistipes_A sp900539755,Lactococcus lactis_E,MGYG000001858,Bacteroides intestinalis,HGM04593 sp900770665,Prevotella sp900548195,MGYG000002677,Ruminococcus_E sp900755995,Angelakisella sp004557855
rep388_seed2413	RC9 sp900546395,Faecalibacillus sp003480255,MGYG000001862,MGYG000004608,Slackia_A piriformis,MGYG000002699,Roseburia sp900550935,Prevotella sp900556825,Psychrobacillus sp012843435,Prevotella sp900549175,Acetatifactor sp900755865,MGYG000000355,Streptococcus mitis_D,Fournierella sp900543285,UBA7185 sp900756555,MGYG000004901,Eubacterium_I ramulus_A,Anaerostipes hadrus_A,Ruminococcus_C callidus,MGYG000003071,Collinsella sp900767675,Eubacterium_I ramulus,Veillonella dispar_A,MGYG000000760,Anaerotruncus colihominis,Providencia stuartii,Pauljensenia sp900554605,Phascolarctobacterium_A sp900770955,Merdibacter sp900754715,CAG-269 sp000431335,Bacteroides finegoldii,Megasphaera sp002319965,CAG-115 sp000432175,Anaerococcus sp900258475,CAG-194 sp000432915,Murimonas intestini,UBA1777 sp900546515,MGYG000004727,CAG-145 sp900545135,MGYG000004231,Neisseria gonorrhoeae,Olsenella sp900555995,MGYG000002809,Megamonas funiformis,MGYG000004094,UBA1394 sp900066845
rep389_seed2414	Lawsonella clevelandensis,Varibaculum timonense,GCA-900066905 sp900066905,MGYG000002112,UMGS856 sp900546265,Collinsella sp900540855,UMGS1590 sp900759105,MGYG000001906,Streptococcus sp004166885,Eggerthella sinensis,Christensenella sp001678845,MGYG000001566,Cutibacterium acnes,CAG-110 sp900770015,Catenibacterium sp900540665,QALR01 sp900552255,Ruminococcus_E sp900314705,Pauljensenia sp001064145,Paramuribaculum sp900752995,Bulleidia sp900539965,MGYG000003752,UBA11517 sp900753315,Alistipes sp900550375,MGYG000004669,Akkermansia muciniphila_C,CAG-170 sp900555665,Eubacterium_R sp900539325,MGYG000003015,Porphyromonas sp900546675,MGYG000003060,Haemophilus_D pittmaniae,CAG-475 sp900547975,Citrobacter_A sedlakii,Lentilactobacillus hilgardii,Collinsella sp900554465,MGYG000001953,Prevotella sp900772835,CAG-617 sp000431275,Mailhella sp900541395,UBA7173 sp900540205,Robertmurraya massiliosenegalensis,CAG-115 sp900768705,Eubacterium_R sp014465955,UBA4285 sp900542465,UMGS403 sp900540275,MGYG000000356
rep390_seed2415	Bifidobacterium angulatum,MGYG000004586,Prevotella timonensis,MGYG000002730,Anaeromassilibacillus sp002159845,Collinsella sp002232035,Roseburia sp900756925,Pauljensenia sp001838165,Fusobacterium massiliense,Anaerosacchariphilus sp900066385,UBA3388 sp002358835,MGYG000001826,Gemmiger sp900540595,Gordonibacter urolithinfaciens,Prevotellamassilia sp900539625,Parasutterella sp009767915,MGYG000002084,QALW01 sp900552055,Eubacterium_T sp900766045,MGYG000002046,TM7x sp900555885,Massilistercora timonensis,Proteus mirabilis,Phocaeicola sp900066455,Erysipelatoclostridium spiroforme,Dialister sp900543165,Dysgonomonas sp900556485,CAG-83 sp900313295,Collinsella sp900553415,Streptococcus vestibularis,Finegoldia magna,Lactobacillus gasseri,Roseburia sp900548205,Fournierella sp900543285,UBA6398 sp003150315,Parolsenella sp900552935,MGYG000004868,Blautia sp900539145,Lachnospira sp900547255,MGYG000002219,Alistipes sp900552955,Chimaeribacter coloradensis,PeH17 sp900542285,CAG-145 sp900542565,UBA7173 sp001915385,MGYG000001566
rep391_seed2416	Phocaeicola salanitronis,Enterobacter roggenkampii,Dialister sp900543455,Agathobaculum sp900544475,F082 sp900542475,Barnesiella intestinihominis,Collinsella sp900768265,Ruminococcus_D sp900752625,An92 sp900199495,Alistipes_A sp900240235,COE1 sp001916965,Streptococcus sobrinus,Acutalibacter sp000432995,MGYG000001032,Prevotella sp900770025,MGYG000000795,Blautia_A wexlerae_A,MGYG000004882,Acetatifactor sp900766575,Providencia rettgeri_D,MGYG000004650,UMGS1241 sp900540495,Phascolarctobacterium_A sp900553055,Bifidobacterium dentium,CAG-1031 sp900752535,Mediterraneibacter sp002314255,MGYG000000709,CAG-1427 sp900548955,MGYG000000745,Citrobacter freundii,Cellulosilyticum sp900556665,Anaerobutyricum soehngenii,Massilistercora sp902406105,CAG-485 sp900547755,MGYG000001859,Prevotella sp900547005,Eubacterium_M sp900540015,Streptococcus equinus,Collinsella sp900547125,TM7x sp900556885,Akkermansia muciniphila_A,Bacteroides fragilis,Prevotella sp900544495,Criibacterium bergeronii,Clostridium baratii,MGYG000002046
rep392_seed2417	Streptococcus mitis_D,MGYG000003616,MGYG000003175,Senegalimassilia anaerobia,UBA5416 sp900539175,CAG-269 sp900554565,MGYG000002216,Peptoniphilus_E obesi,F082 sp900769945,Neisseria gonorrhoeae,UBA1786 sp900771425,Butyricicoccus pullicaecorum,Clostridium_J ihumii,Bifidobacterium ruminantium,Megasphaera sp900539295,CAG-110 sp900762245,Collinsella sp900757495,UBA5446 sp900544295,Streptococcus lutetiensis,Collinsella sp900757205,MGYG000004820,MGYG000004449,Barnesiella sp002159975,UMGS1781 sp900555075,CAG-762 sp900551315,RC9 sp900546395,CAG-354 sp900553015,Kluyvera sp902363335,CAG-127 sp900553925,Granulicatella adiacens,Clostridium_A leptum,Blautia_A sp000285855,UMGS1865 sp900547725,Collinsella sp900551815,Acutalibacter timonensis,MGYG000001880,UBA1417 sp003531055,Lactobacillus hominis,F23-B02 sp003533405,Faecalimonas sp900550235,CAG-83 sp900313295,MGYG000001792,MGYG000003270,Prevotella sp900315955,Collinsella sp900544095,Veillonella sp900765235
rep393_seed2418	SFTJ01 sp004557385,RC9 sp000433355,Klebsiella quasipneumoniae,Prevotella sp900313215,MGYG000002084,S5-A14a sp000758905,Holdemania filiformis,MGYG000000626,Prevotella sp900548195,UBA738 sp004557735,Fusobacterium vincentii,MGYG000003837,Muribaculum intestinale,UMGS1766 sp900554855,Frisingicoccus sp900757195,Alloscardovia omnicolens,Acutalibacter timonensis,Eisenbergiella tayi,Butyricimonas paravirosa,MGYG000000588,Enterocloster sp900540675,QANA01 sp900554725,Sutterella sp900764215,Collinsella sp900551655,Limosilactobacillus reuteri_E,Clostridium sp900769625,UBA1390 sp002305315,Actinobaculum massiliense,Faecalibacterium prausnitzii_H,TF01-11 sp900759665,MGYG000004177,Haemophilus influenzae,MGYG000002058,Faecalibacterium sp900539885,Ruminococcus_C sp000433635,Dialister sp900543165,MGYG000000713,Bifidobacterium globosum,CAG-83 sp900552475,Campylobacter_B sp900539505,Zag1 sp000438175,UMGS1858 sp900555705,UBA9502 sp003506385,QALS01 sp003150575,Angelakisella sp900552845,Veillonella tobetsuensis
rep394_seed2419	SFJ001 sp004555865,Enterocloster sp001517625,UBA6398 sp900555645,Actinobaculum massiliense,MGYG000004713,SFDB01 sp004558825,Enterococcus_G italicus,MGYG000000433,Prevotellamassilia sp900539625,TM7x sp900555675,Blautia sp003287895,MGYG000000691,UMGS403 sp900541975,Clostridium sp900543325,Streptococcus thermophilus,UBA5446 sp900546615,CAG-269 sp000431335,Collinsella phocaeensis,MGYG000002738,UBA4285 sp900545225,Collinsella sp900762345,MGYG000003904,Blautia sp900555025,PeH17 sp000435055,CAG-110 sp000434635,MGYG000002204,Actinomyces sp900323545,MGYG000001977,Alistipes sp900542505,CAG-269 sp900553125,Proteus mirabilis,Gastranaerophilus phascolarctosicola,Ruminococcus_D sp900752625,Streptococcus sp902363395,MGYG000003923,CAG-485 sp900321585,MGYG000000621,CAG-822 sp000432855,Akkermansia muciniphila_A,MGYG000004118,Eubacterium_F sp900539115,MGYG000004697,MGYG000004436,MGYG000000574,Bacteroides cutis,MGYG000003717
rep395_seed2420	MGYG000002719,MGYG000001969,MGYG000004818,Anaerosacchariphilus sp900066385,Hydrogeniiclostridium sp900550095,UMGS946 sp900547135,UBA5884 sp900551505,Ruminococcus_C sp000437175,Anaerofustis stercorihominis,Dorea_B phocaeensis,Eggerthella sp014287365,Pseudescherichia sp002298805,Collinsella sp003471585,Ruminococcus_A sp000432335,Bacteroides stercoris,UMGS1224 sp900549775,CAG-269 sp900553125,UBA1390 sp002305315,Parasutterella excrementihominis,Fusicatenibacter saccharivorans,MGYG000004180,Butyricimonas virosa,Lawsonella clevelandensis,CAG-791 sp000431495,Lactobacillus gallinarum,MGYG000000650,CAG-510 sp000434615,Phocaeicola sp900540105,CAG-115 sp002492075,MGYG000001868,Acetatifactor sp900760705,MGYG000000576,CAG-451 sp900760545,Hungatella effluvii,Blautia sp900753905,MGYG000000350,Zag1 sp000438175,Paramuribaculum sp009775605,TM7x sp900557595,Lancefieldella sp000564995,Parabacteroides sp000436495,CAG-81 sp900066785,MGYG000003728,UMGS1537 sp900543695,CAG-110 sp900540635,CAG-115 sp000432175
rep396_seed2421	F0422 sp900766245,HGM11523 sp900756545,Blautia_A sp900541985,Bacteroides sp900556215,Butyrivibrio_A sp900768755,CAG-451 sp000438295,Eubacterium_G sp900548465,Prevotella lascolaii,RF16 sp900766775,Agathobaculum sp900557315,Pseudescherichia sp002298805,Clostridioides difficile_A,Lactococcus garvieae,MGYG000003207,Parolsenella sp900552935,Pauljensenia radingae_A,Lactonifactor sp009677585,Brachyspira pilosicoli,Anaerococcus vaginalis_B,Veillonella sp900545205,MGYG000002691,Collinsella sp900757385,Klebsiella variicola,MGYG000004818,Ruthenibacterium lactatiformans,UBA4716 sp900556575,Enterocloster sp900753815,MGYG000004852,MGYG000000605,CAG-492 sp000434015,Bacteroides xylanisolvens,Bacteroides neonati,MGYG000003211,CAG-145 sp900542295,MGYG000001759,Coprococcus sp900548315,Faecalibacterium sp900758465,Collinsella sp900757505,MGYG000001979,Prevotella sp004556065,MGYG000003813,Holdemanella sp003458715,Faecalibacillus sp900544435,MGYG000004775,Blautia sp900543715,HGM11368 sp900772745
rep397_seed2422	HGM13618 sp900753975,MGYG000000795,Gordonibacter sp003339845,QAMH01 sp900556425,UBA5446 sp900546615,MGYG000002084,MGYG000002629,CAG-110 sp900551495,Amulumruptor sp001689515,Collinsella sp900542315,MGYG000004699,Ruthenibacterium lactatiformans,Lachnoclostridium_A sp003464085,MGYG000000728,MGYG000004188,UMGS1484 sp902388225,MGYG000000516,MGYG000001809,Faecalibacterium sp900765105,MGYG000001841,Collinsella sp900554325,CABIZH01 sp902363205,Vibrio cholerae,UBA4285 sp900542465,CAG-238 sp900754805,Enterobacter cloacae,Prevotella sp900770845,Veillonella sp900556785,MGYG000002685,Collinsella aerofaciens_H,Veillonella sp003463825,CAG-510 sp000434615,MGYG000003907,MGYG000001679,Porphyromonas sp900548415,MGYG000003053,UMGS1518 sp900552575,UBA1820 sp002314265,Ruminococcus_E sp900314705,Emergencia timonensis,CAG-81 sp900066055,Holdemanella sp003436425,Phocaeicola massiliensis,MGYG000000286,RC9 sp900769145,Porphyromonas sp900539765
rep398_seed2423	Collinsella sp900556365,Collinsella sp900553935,MGYG000002112,Alistipes sp900541585,Latilactobacillus curvatus,F0422 sp900766245,UBA2882 sp900542015,Eubacterium_I ramulus_A,MGYG000004608,Collinsella sp900556605,BX12 sp902363595,MGYG000004841,Turicimonas muris,MGYG000003778,F082 sp002633315,CAG-485 sp900767075,MGYG000004251,Streptococcus equinus,MGYG000001572,CAG-103 sp900543625,Collinsella sp900757235,Lachnoclostridium_A sp002160755,MGYG000000481,Hafnia alvei,HGM11386 sp900761915,MGYG000004495,MGYG000002037,UBA1777 sp002320035,MGYG000003897,Anaerococcus lactolyticus,Bacteroides sp902362375,Gemmiger sp900556255,Prevotella sp900546535,Acetatifactor sp900755865,CAG-83 sp900313295,Eubacterium_G ventriosum,Collinsella sp900554585,CAG-127 sp900767585,MGYG000002730,UBA10677 sp003533505,Collinsella sp900556495,CAG-180 sp900540295,CAG-288 sp000437395,Lachnoclostridium_B sp000765215,MGYG000004209,Collinsella sp003437035
rep399_seed2424	UMGS1696 sp900554225,KLE1615 sp900066985,Emergencia sp900066695,CAG-964 sp902789345,Oscillibacter ruminantium,CAG-110 sp900546075,Duodenibacillus sp900538905,Clostridium sp900543325,Butyricicoccus pullicaecorum,Collinsella sp900551195,MGYG000004599,CAG-279 sp900541555,Hafnia paralvei,MGYG000004049,Peptacetobacter sp900550335,UMGS874 sp900546315,Ligilactobacillus murinus,UBA9475 sp900549885,CAG-127 sp900767585,Prevotellamassilia sp900772575,Collinsella sp900549655,Acidaminococcus sp900770265,MGYG000004197,Butyricimonas sp900184685,Lawsonibacter sp902363045,MGYG000000660,Prevotella intermedia,Garciella sp900555725,MGYG000000724,Prevotella sp900556275,CAG-791 sp000431495,Mailhella sp900555975,MGYG000002215,MGYG000004713,Ruminococcus_F champanellensis,CAG-485 sp900766975,Alistipes_A sp900545315,Haemophilus influenzae,MGYG000001583,MGYG000003798,Parabacteroides distasonis,Collinsella sp900552295,Haemophilus_D parainfluenzae_M,Alistipes_A sp900240235,MGYG000001859,UMGS1880 sp900555875
rep400_seed2425	UMGS1312 sp900550625,Bifidobacterium italicum,Collinsella sp900755685,UMGS882 sp900546385,Collinsella sp900556445,Prevotella sp900552965,MGYG000000821,Paramuribaculum sp900546365,UMGS1532 sp900552605,UMGS1670 sp900553995,Streptococcus sp900550895,Prevotella brunnea,Rothia mucilaginosa_A,MGYG000003647,Alloscardovia omnicolens,CAG-462 sp900765575,MGYG000003823,Faecalibacterium prausnitzii_J,RUG14107 sp900772685,Senegalimassilia sp900550055,CAG-964 sp000435335,Blautia stercoris,RC9 sp900546395,MGYG000000586,UMGS882 sp900757905,MGYG000004229,MGYG000003872,Fusobacterium animalis,UBA738 sp003522945,MGYG000000739,CAG-1427 sp900546175,Enterococcus_G italicus,Streptococcus oralis_W,Dorea_A sp900550865,UBA9414 sp003458885,Bariatricus sp900554415,CAG-115 sp003516865,QALR01 sp900542425,Bacteroides congonensis,UBA3402 sp003478355,Collinsella sp900540845,MGYG000003045,COE1 sp900753305,Collinsella sp003471585,Klebsiella pneumoniae,MGYG000002646
rep401_seed2426	Lactonifactor sp009677585,MGYG000000380,Beduini massiliensis,Borkfalkia ceftriaxoniphila,UMGS882 sp003343885,MGYG000003980,MGYG000001585,UBA1390 sp900764045,PeH17 sp900542285,Erysipelatoclostridium saccharogumia,Muricomes sp900604355,Collinsella sp900757495,CAG-103 sp900757655,Roseburia sp900548205,MGYG000003768,Lachnoclostridium_B sp900066765,Collinsella sp900539035,UBA5446 sp900545405,MGYG000001075,GCA-900066495 sp902362365,Gemmiger sp900554145,Dorea_A longicatena_B,Enterocloster sp001517625,Collinsella sp900552155,UBA1181 sp900769555,Robinsoniella peoriensis,Haemophilus_D parainfluenzae,CAG-45 sp000438375,UMGS1225 sp900549725,UBA5905 sp002437905,MGYG000003441,MGYG000000724,MGYG000002675,UBA737 sp900549055,Rothia dentocariosa,Collinsella sp003437035,Campylobacter_A concisus_F,Lactobacillus intestinalis,UMGS1663 sp900753245,Muribaculum sp003150235,MGYG000002010,MGYG000004811,Enterobacter ludwigii,Lactobacillus paragasseri,Agathobaculum sp003481705,Collinsella sp900553215
rep402_seed2427	CAG-488 sp900554995,Gordonibacter sp003339845,UMGS599 sp900543705,Klebsiella_A michiganensis,TM7x sp900555265,Collinsella sp900752475,Eubacterium_R sp000431535,UBA1822 sp900545365,UMGS692 sp900544545,UBA9414 sp003458885,MGYG000003975,Collinsella sp900758845,Collinsella sp900540875,MGYG000000592,Phascolarctobacterium_A succinatutens,CAG-462 sp900291465,Ruminiclostridium_E siraeum,MGYG000003270,MGYG000002052,Prevotella nigrescens,MGYG000004139,MGYG000000721,Prevotella sp900772835,CAG-269 sp900556695,Phocaeicola sp900553185,CAG-115 sp003531585,Slackia_A piriformis,Eubacterium callanderi,MGYG000003207,Enterocloster sp900547035,Citrobacter_A sedlakii,Blautia_A sp900551715,MGYG000004085,Alistipes sp900761235,Faecalibacillus faecis,Prevotella sp900549175,Collinsella sp900556205,Clostridium beijerinckii,Collinsella sp900543615,MGYG000001033,UMGS1052 sp900548115,RC9 sp000433355,UMGS1611 sp900553435,UMGS1572 sp900553045,MGYG000003301,Veillonella dispar_A
rep403_seed2428	MGYG000002604,Megasphaera sp002319965,Collinsella sp900752015,MGYG000004611,Firm-11 sp900548145,CAG-495 sp900538765,MGYG000002657,Prevotella amnii,Enterocloster clostridioformis_A,Collinsella sp900556285,CAG-590 sp000431135,Bacteroides pyogenes,UMGS1537 sp900543695,Odoribacter laneus,Turicimonas muris,Collinsella sp900549215,UBA1752 sp900554405,MGYG000003798,Acidaminococcus fermentans,UMGS966 sp900547185,MGYG000002828,Porphyromonas_A somerae,Citrobacter_A amalonaticus,UMGS1491 sp900757335,Prevotella disiens,Parasutterella excrementihominis,MGYG000001807,Anaerobutyricum hallii,Ruminococcus_E sp900543095,Lachnospira eligens_A,Roseburia sp003483745,Lactonifactor longoviformis,MGYG000004188,MGYG000004330,Paramuribaculum sp900760855,Collinsella sp900759335,CAG-170 sp900549635,Oxalobacter formigenes_B,Streptococcus anginosus,Bacteroides sp900765785,MGYG000001195,CAG-492 sp000434015,Clostridium septicum,Ruminococcus_B gnavus,Streptococcus sanguinis_H,CAG-302 sp000431795
rep404_seed2429	Pauljensenia sp902373435,UMGS1623 sp900553525,Catenibacillus sp900557175,MGYG000001075,Parabacteroides timonensis,MGYG000004710,Collinsella stercoris,MGYG000002005,Eubacterium_R sp900547915,Merdibacter sp900754715,Olsenella_B sp000752675,Anaerobutyricum hallii,Pauljensenia sp000411415,Alistipes_A sp900539755,Parabacteroides sp900770835,Blautia sp000432195,MGYG000004610,Ruthenibacterium sp900759375,MGYG000004727,MGYG000000432,CAG-510 sp900550475,MGYG000004854,MGYG000003977,MGYG000002107,Bacteroides thetaiotaomicron,MGYG000002691,Lawsonibacter sp900763995,Clostridium sp900766315,Lactobacillus gallinarum,MGYG000003578,Eubacterium_G sp900550135,Fusobacterium_B sp900545035,CAG-303 sp900539455,Serratia ureilytica,MGYG000002037,Collinsella sp900545875,MGYG000004119,Eubacterium_R sp002493325,Bariatricus comes,UMGS1815 sp900555345,CAG-170 sp000436735,Hydrogeniiclostridium sp900550095,KLE1615 sp900066985,MGYG000002212,UMGS1472 sp900552095,UMGS902 sp900546635
rep405_seed2430	Bilophila sp900553145,Ruminococcus sp900545125,Bifidobacterium ruminantium,MGYG000003717,Lactonifactor longoviformis,Merdibacter sp900759455,Klebsiella_A indica,Leminorella grimontii,UBA1409 sp900760125,Ruminococcus_C sp000980705,BX12 sp014333425,MGYG000003322,QALR01 sp900552255,Gemmiger sp900556255,CAG-452 sp900770415,UBA2883 sp002103075,CAG-485 sp900767075,Collinsella sp900547125,CAG-762 sp900551315,51-20 sp001917175,UBA4871 sp900554535,MGYG000004213,CAG-354 sp900759015,UBA7173 sp001701135,UMGS995 sp900547465,MGYG000003895,MGYG000004180,Turicibacter sp001543345,UMGS1880 sp900555875,MGYG000002702,Phocaeicola salanitronis,Paraeggerthella hongkongensis,UMGS268 sp900540175,MGYG000003909,MGYG000003294,Prevotella disiens,Prevotella intermedia,Gemmiger sp004555405,UMGS1600 sp900553315,Slackia_A sp900555495,Prevotella sp002251385,MGYG000001106,MGYG000003647,UMGS1810 sp900555295,Bacteroides caccae,CAG-272 sp900556615
rep406_seed2431	Lactobacillus gallinarum,Collinsella sp900762325,MGYG000002204,UBA3388 sp900546465,Fusobacterium_A sp900555845,UMGS1241 sp900540495,Serratia marcescens_I,Fusobacterium_C gonidiaformans,Morganella morganii_A,Dialister sp900557365,MGYG000000862,Gemmiger sp900545545,UBA1820 sp003150615,Terrisporobacter glycolicus_A,CAG-448 sp003150135,HGM12998 sp900756495,MGYG000000709,Phil1 sp001940855,MGYG000000738,Eubacterium_R coprostanoligenes,CAG-1193 sp900550145,UMGS1872 sp900555795,Pauljensenia sp900541895,MGYG000003915,Olsenella_E timonensis,MGYG000004304,UMGS172 sp900539855,MGYG000003490,Collinsella sp900551015,Faecalibacterium sp900540455,Streptococcus sp000411475,Fusobacterium_C necrophorum,UBA4285 sp900542465,UBA5905 sp002437905,CAG-451 sp000438295,MGYG000004549,Alistipes sp900768045,Clostridium sp900766315,CAG-45 sp000438375,MGYG000004556,CAG-603 sp900066105,MGYG000001979,CAG-485 sp900542185,MGYG000003167,Caecibacter sp003467125,MGYG000004135
rep407_seed2432	Eggerthella sinensis,MGYG000003294,Bariatricus comes,Dysosmobacter sp900550685,CAG-95 sp000436115,Zag1 sp000438175,UMGS1537 sp900552695,Lawsonibacter sp900766145,MGYG000003829,Lachnospira sp900772425,MGYG000004135,UMGS1224 sp900549775,CAG-484 sp000431315,Intestinibacter bartlettii,MGYG000003850,MGYG000002045,Phascolarctobacterium sp900554395,UMGS1600 sp900553315,MGYG000001994,AF33-28 sp003477885,Phascolarctobacterium_A sp900544885,Massilioclostridium coli,Lachnospira sp900545725,MGYG000003941,MGYG000004206,Collinsella sp003470665,Veillonella sp900552445,Desulfovibrio fairfieldensis,Johnsonella sp900766185,CAG-56 sp900752065,Parabacteroides sp900547435,UBA5446 sp900544295,MGYG000003418,MGYG000000432,Paramuribaculum sp900759915,MGYG000001585,MGYG000004075,Muribaculum sp002492595,MGYG000004003,Massilioclostridium methylpentosum,Ruminococcus_E sp003521625,Neobittarella massiliensis,UMGS1518 sp900552575,Terrisporobacter glycolicus_A,CAG-110 sp900554625,Lactobacillus amylovorus
rep408_seed2433	MGYG000004558,Peptoniphilus_A harei_A,Paraprevotella sp900760455,Citrobacter youngae,Collinsella sp900541045,CAG-279 sp900541555,MGYG000004325,MGYG000000300,Dysosmobacter sp900546705,Prevotella melaninogenica,Phocaeicola sp900540105,Hydrogeniiclostridium sp900752115,Enterobacter cloacae,Campylobacter_A concisus_L,UMGS1370 sp900542035,CAG-83 sp003539495,Collinsella sp003462685,MGYG000003211,MGYG000003021,MGYG000003647,Methanobrevibacter_A oralis,Enterocloster sp005845215,Evtepia gabavorous,Alloscardovia omnicolens,MGYG000004713,Niameybacter sp900551325,CAG-279 sp900556245,CAG-177 sp900771185,MGYG000004443,Roseburia sp900753715,51-20 sp001917175,Borkfalkia ceftriaxoniphila,UMGS1994 sp900556975,CAG-269 sp900554175,MGYG000000597,Bacteroides sp902388495,UBA7160 sp900757145,Eubacterium_G sp000435815,Merdibacter sp900754715,Ruminococcus_B sp900544395,Mediterraneibacter_A butyricigenes,Parvimonas sp001553085,F082 sp002633315,Eisenbergiella massiliensis,MGYG000001205,UMGS1851 sp900555605
rep409_seed2434	Collinsella sp900543845,Collinsella sp900752475,MGYG000002255,Agathobaculum sp900291975,Enterocloster sp900555045,MGYG000004359,Schaedlerella glycyrrhizinilytica,UBA1777 sp900549485,Limosilactobacillus fermentum,Eubacterium_R sp900539775,MGYG000000608,CAG-495 sp900538765,Peptoniphilus_A sp900538655,Longibaculum sp900538465,MGYG000004775,Enterobacter kobei,MGYG000000682,UMGS1864 sp900555835,Anaeromassilibacillus sp002159845,MGYG000003315,Collinsella sp900553935,Bacteroides stercoris,MGYG000000818,MGYG000003955,Collinsella sp900541025,MGYG000004646,CAG-83 sp900556015,Collinsella sp900541475,MGYG000000713,Gemmiger sp900540595,Phocaeicola sp900552645,QAMX01 sp003149835,UMGS692 sp900544545,UBA6398 sp003150315,MGYG000003490,Faecalibacillus sp003480255,UBA7173 sp900768685,MGYG000001106,Phocaeicola sp900540105,MGYG000004888,MGYG000002084,Bacteroides bouchesdurhonensis,Erysipelatoclostridium spiroforme,Parabacteroides johnsonii,Collinsella sp900555745,MGYG000001075
rep410_seed2435	Megasphaera sp902388315,Faecalimonas sp900546325,Collinsella sp900754435,Collinsella sp900541235,Clostridium sp900539375,UMGS403 sp900541565,Evtepia gabavorous,UMGS1696 sp900763885,Haemophilus_D parainfluenzae_L,Blautia sp900541955,MGYG000001758,Paraprevotella xylaniphila,Beduini massiliensis,Collinsella sp900549535,MGYG000000821,CAG-724 sp900551005,Anaerostipes hadrus_A,UMGS172 sp900539855,UMGS1002 sp900547565,CAG-110 sp900549495,CAG-83 sp900550585,Collinsella sp900547805,Anaeroglobus micronuciformis,Enterocloster asparagiformis,Fusobacterium_A sp900543175,MGYG000004745,Ruminococcus_E bromii_A,Enterobacter_A timonensis,MGYG000004166,Ezakiella massiliensis,Porphyromonas sp900538385,Collinsella sp900548935,Streptococcus mutans,MGYG000004854,UMGS1387 sp900551295,Bacteroides salyersiae,MGYG000000400,MGYG000003869,MGYG000000380,Prevotellamassilia sp900541575,MGYG000001142,Streptococcus infantis_I,MGYG000002210,MGYG000002150,Collinsella sp900549455,Veillonella sp900556785
rep411_seed2436	MGYG000004247,MGYG000004154,Holdemanella sp002299315,Parabacteroides sp900541965,Holdemanella sp003436425,Lachnospira sp000436535,MGYG000004886,Lactobacillus acidophilus,MGYG000002680,CAG-353 sp900768995,F23-B02 sp004553495,Desulfovibrio sp900540515,Enterococcus_A raffinosus,Prevotella hominis,CAG-317 sp000433215,Collinsella sp900552155,CAG-1031 sp000431215,Prevotella rara,MGYG000002699,Acutalibacter sp000432995,MGYG000002256,MGYG000000818,CAG-302 sp000431795,Bifidobacterium italicum,MGYG000003752,Oxalobacter formigenes,MGYG000002674,Finegoldia magna_F,Negativibacillus massiliensis,Niameybacter sp900551325,UMGS1484 sp900552285,MGYG000002095,GCA-900066135 sp900543575,Brachyspira pilosicoli,UMGS1474 sp900547105,Prevotella lascolaii,CAG-83 sp900551355,UBA2856 sp900555005,MGYG000002182,Anaerocolumna aminovalerica,UBA1234 sp900765095,Dialister sp900541485,Collinsella sp900546455,MGYG000003923,Dysosmobacter sp001916835,Streptococcus salivarius
rep412_seed2437	Veillonella_A sp900765165,CAG-485 sp002361235,Lawsonella clevelandensis,Collinsella sp900751755,HGM11372 sp900767715,Agathobaculum sp900555465,RC9 sp001915575,Lachnospira sp900551945,Streptococcus lutetiensis,UBA9502 sp900538475,MGYG000003770,OF09-33XD sp003481995,Collinsella sp900754525,Enterocloster bolteae,Yersinia mollaretii,MGYG000004184,F23-B02 sp900556535,Eubacterium_R sp003526845,MGYG000003777,MGYG000003324,Prevotella lascolaii,MGYG000002025,MGYG000003900,Blautia_A sp900542045,Klebsiella variicola,CAG-170 sp002404795,F0040 sp000318095,Haemophilus_A paraphrohaemolyticus,CAG-83 sp000431575,Merdimonas faecis,SFFH01 sp900542445,MGYG000003470,CAG-451 sp000438295,CAG-791 sp000431495,Streptococcus sp900550895,Zag1 sp900769645,CAG-269 sp900556945,Veillonella rogosae,Bacteroides massiliensis_A,MGYG000001871,CAG-873 sp900548975,Collinsella sp900549215,UMGS1889 sp900556055,MGYG000001642,CAG-349 sp003539515,MGYG000004873
rep413_seed2438	CAG-110 sp900547405,MGYG000003798,Turicibacter sp001543345,Paraprevotella clara,Bariatricus massiliensis,TF01-11 sp001414325,MGYG000002046,Dialister sp900547785,Eubacterium_R sp900547915,Lawsonibacter sp900549405,Mediterraneibacter faecis,MGYG000000378,Bacteroides fragilis,Prevotella sp004556065,MGYG000004575,UBA3388 sp900546465,Eubacterium_F sp900539115,Lachnoclostridium phytofermentans_A,QAMX01 sp004555605,MGYG000004095,MGYG000004684,Pauljensenia turicensis,Lawsonibacter sp900764755,Fusobacterium vincentii,Streptococcus koreensis,Pseudoflavonifractor sp014287675,MGYG000003773,Parabacteroides sp003480915,MGYG000004829,Phascolarctobacterium_A sp900553055,Mailhella sp900553065,Collinsella sp900754525,HGM13006 sp900757695,UBA1409 sp002338885,HGM11530 sp900751685,MGYG000000739,Yersinia enterocolitica,MGYG000001724,Veillonella tobetsuensis,UBA11517 sp900753315,MGYG000004367,HGM11501 sp900766735,Yersinia intermedia,MGYG000002740,Prevotella sp900549175,Collinsella sp900550205
rep414_seed2439	MGYG000002629,Clostridium baratii,MGYG000004306,Prevotella sp000431975,MGYG000004210,MGYG000003015,MGYG000004103,MGYG000004477,MGYG000002212,MGYG000002654,UMGS1004 sp900761685,Odoribacter laneus,Collinsella sp900540845,UMGS1307 sp900550505,Alistipes sp900548155,Methanosphaera cuniculi,Collinsella stercoris,MGYG000003212,MGYG000000346,Bacteroides faecis,MGYG000004782,Prevotellamassilia sp900546605,Lactobacillus helveticus,Faecalibacterium sp900539885,Parabacteroides sp900540715,MGYG000000658,Dielma fastidiosa,Evtepia sp004554585,Ralstonia pickettii,Collinsella sp900541055,Campylobacter_B sp900539505,Clostridium_AQ sp900552125,UBA6398 sp900555645,HGM13233 sp900762805,Escherichia coli_D,SFFH01 sp900542445,Bacteroides cellulosilyticus,Enterocloster sp000155435,MGYG000003839,MGYG000002221,MGYG000002073,Clostridium_E sporosphaeroides,Lactobacillus intestinalis,Collinsella sp900544875,Faecalimonas sp000209385,Bariatricus massiliensis
rep415_seed2440	MGYG000001792,Harryflintia acetispora,Sporanaerobacter acetigenes,Acetivibrio_A ethanolgignens,CAG-873 sp900548975,MGYG000002053,UMGS946 sp900547135,Collinsella sp900754435,Bifidobacterium adolescentis,Eubacterium_R sp900540235,Streptococcus mitis,Blautia_A obeum_B,Veillonella sp900538355,Blautia_A sp900066145,CAG-83 sp900545585,MGYG000002685,Collinsella aerofaciens_K,Collinsella sp900549455,Dysgonomonas capnocytophagoides,Clostridium_P massiliamazoniense,Odoribacter splanchnicus,MGYG000000481,MGYG000004514,MGYG000000699,Selenomonas_A sp900769615,CAG-317 sp900543415,QANA01 sp900554725,UBA3388 sp900546465,MGYG000004481,Bacteroides pyogenes,Ruminococcus sp900761275,CAG-1427 sp000435675,HGM13006 sp900756575,UBA1786 sp900771425,CAG-449 sp900551385,Lachnoclostridium phytofermentans_A,Streptococcus constellatus,Streptococcus infantarius,Collinsella sp900541205,UMGS403 sp900541975,MGYG000000688,Haemophilus_D parainfluenzae_K,UBA1691 sp900549825,Coprococcus eutactus_A,Porphyromonas sp900546675,Butyricimonas sp900761485
rep416_seed2441	UBA5905 sp002437905,CAG-475 sp900763875,MGYG000004009,CAG-170 sp000436735,Parasutterella sp900766055,MGYG000004374,ER4 sp003522105,HGM04593 sp900769465,Ruminococcus_E sp002493635,Collinsella sp900542275,Alistipes onderdonkii,UMGS1472 sp900552095,Collinsella sp900554155,Lachnoclostridium_B phocaeensis,Porphyromonas uenonis,MGYG000000386,MGYG000002178,Rothia mucilaginosa_A,Acutalibacter sp900548545,MGYG000000474,Firm-11 sp900550955,Dysosmobacter sp900551885,Enterobacter cloacae,Intestinimonas butyriciproducens,Paraclostridium bifermentans,Peptacetobacter sp900550335,UBA10677 sp003533505,MGYG000000400,MGYG000004885,CAG-274 sp000432155,CAG-269 sp900762425,UMGS1251 sp900549995,MGYG000001759,UMGS1696 sp900554225,UBA5905 sp900764115,Collinsella sp900757285,MGYG000001106,Faecalibacterium sp900758465,CAG-269 sp900553985,Plesiomonas shigelloides,MGYG000001583,MGYG000003747,MGYG000001572,MGYG000000393,MGYG000004848,UMGS1872 sp900555795
rep417_seed2442	Limosilactobacillus caviae,Anaerococcus sp900258475,CAG-83 sp900551995,Finegoldia magna_H,Citrobacter youngae,UBA9502 sp900770535,MGYG000004781,Lachnoclostridium_B sp900066765,Tidjanibacter inops_A,MGYG000004874,Faecalibacterium prausnitzii_I,Collinsella sp003462685,MGYG000003719,CAG-103 sp900543625,CAG-882 sp000435595,Prevotella sp000433175,Caecibacter massiliensis,Prevotella veroralis,Catenibacillus sp902363555,Pseudomonas_E massiliensis,Akkermansia sp900548895,UMGS1484 sp902388225,UMGS1307 sp900550505,UMGS1810 sp900555295,MGYG000002740,UBA5905 sp002437905,MGYG000002731,Haemophilus sp002998595,Clostridium_AQ sp900552125,Paraprevotella sp900760455,Collinsella sp900751755,UBA10281 sp900556195,Prevotella sp900556395,UBA2882 sp900549665,Faecalimonas sp900546325,MGYG000001582,Gemmiger sp900539695,Prevotella sp000436695,Streptococcus sanguinis_H,Alistipes_A indistinctus,Veillonella dispar_A,Anaerosacchariphilus sp014290175,Ruminococcus_G gauvreauii,Marseille-P3106 sp900543935,MGYG000003799,Eubacterium_R sp900767025
rep418_seed2443	Parabacteroides chinchillae,Caproiciproducens sp000752215,Enterocloster aldenensis,MGYG000001284,Marseille-P4683 sp900232885,Collinsella sp900555815,CAG-485 sp900542185,Prevotellamassilia sp900772575,Actinomyces graevenitzii,HGM04593 sp900770665,Negativibacillus massiliensis,MGYG000002753,MGYG000002731,UBA7597 sp900542935,Lactobacillus gallinarum,Alistipes putredinis,Weissella viridescens,Collinsella sp900555955,Gemmiger sp900539695,Yersinia mollaretii,Ligilactobacillus murinus,UMGS1370 sp900542035,RQCD01 sp008668455,MGYG000001594,Pseudomonas aeruginosa,Enterobacter kobei,CAG-462 sp003489705,MGYG000002843,Fusobacterium_A sp900555845,MGYG000004803,Agathobacter sp900547695,Lachnospira sp900316325,CAG-485 sp900766975,Roseburia sp900548205,Collinsella sp900542905,Bilophila wadsworthia,Prevotella oris,Emergencia timonensis,Alterileibacterium massiliense,Streptococcus parasanguinis,UBA1777 sp900754515,Varibaculum timonense,MGYG000001743,UMGS1370 sp900551135,Ruminococcus_D sp900543145,CAG-390 sp000437015
rep419_seed2444	Holdemanella biformis,MGYG000003994,Collinsella sp900549355,Acetatifactor sp900760705,MGYG000004670,MGYG000003071,Erysipelatoclostridium spiroforme,Clostridium_AQ sp900552125,F23-B02 sp004557075,MGYG000000680,MGYG000000640,Phytobacter massiliensis,RC9 sp900545245,MGYG000000745,MGYG000003855,MGYG000001825,Collinsella sp900762015,MGYG000000711,Phocaeicola salanitronis,CAG-238 sp900542245,MGYG000000627,Phil1 sp004558525,Barnesiella sp002159975,MGYG000004876,CAG-110 sp900554705,Alistipes sp900769745,CAG-273 sp900752095,Blautia sp900556555,MGYG000000588,Dysosmobacter sp014297375,Anaerosacchariphilus sp900066385,Veillonella sp900552715,Haemophilus_D parainfluenzae,CAG-475 sp900548005,Massilicoli timonensis,HGM12669 sp900761935,Eubacterium_R sp900542875,NK3B98 sp900545815,Campylobacter_A concisus_W,Eisenbergiella sp900544445,MGYG000003877,V9D3004 sp002349525,Streptococcus alactolyticus,Collinsella sp900544065,Prevotella oralis,Collinsella sp900545075
rep420_seed2445	CAG-269 sp000431335,Dialister sp900543165,Faecalibacterium prausnitzii_C,Bacteroides sp900556215,MGYG000004772,Enterobacter asburiae_B,Paraclostridium sordellii,Muribaculum sp002473395,Holdemanella sp003458715,MGYG000000745,CAG-877 sp900548695,MGYG000004408,Collinsella sp900554645,MGYG000000693,MGYG000002685,MGYG000004002,Gemmiger sp900554145,Prevotella sp900316565,MGYG000001979,Alistipes sp002161445,Faecalimonas sp000209385,Robinsoniella peoriensis,MGYG000002179,HGM11588 sp900754755,CAG-1427 sp900546175,UBA1232 sp900544815,Sellimonas sp002161525,Pseudomonas_E putida_P,UBA7597 sp003448195,Eubacterium_I ramulus_A,Zag1 sp000433095,Alistipes provencensis,MGYG000002216,RF16 sp900766775,CAG-103 sp900757655,MGYG000004514,MGYG000003945,Bacteroides pyogenes,MGYG000002058,GCA-900066905 sp900066905,Clostridium sp900769625,UMGS403 sp900541565,Roseburia sp900756925,Blautia sp900543715,MGYG000004519,Collinsella sp900547125
rep421_seed2446	Ruminiclostridium_E sp900539195,Lachnospira sp000437735,CAG-269 sp001916005,QAMH01 sp900556425,Enterocloster sp000431375,UBA6398 sp003150315,Flavonifractor sp900549795,MGYG000004837,Parabacteroides sp000436495,CAG-127 sp900319515,Bariatricus sp900554415,Prevotella corporis,UMGS1668 sp900768105,Dysgonomonas gadei,Prevotella sp002251385,Blautia sp001304935,MGYG000004398,CAG-288 sp000437395,MGYG000003256,Anaerobutyricum soehngenii,Pediococcus acidilactici,Limosilactobacillus timonensis,MGYG000001840,MGYG000004817,MGYG000002046,Enterocloster bolteae,Acetatifactor sp900554205,CAG-110 sp900553805,MGYG000002772,Johnsonella sp900766185,MGYG000000739,MGYG000004449,Megasphaera sp900539295,CAG-81 sp900066535,MGYG000001837,AM51-8 sp003478275,MGYG000004430,MGYG000003509,Prevotella sp900553465,Prevotellamassilia timonensis,HGM11514 sp900757255,MGYG000003948,CAG-273 sp003534295,Prevotellamassilia sp900539625,MGYG000003839,Prevotella sp900557405
rep422_seed2447	Fusobacterium_A varium_A,Prevotella sp900317685,Alistipes sp900552955,MGYG000004630,Collinsella sp900541285,MGYG000001683,MGYG000002210,Peptostreptococcus stomatis,CAG-475 sp900548005,CAG-831 sp900544175,MGYG000002095,Criibacterium bergeronii,Enterobacter cloacae,UMGS1690 sp900554165,UMGS1872 sp900555795,Morganella morganii_B,MGYG000001581,Prevotella multisaccharivorax,Faecalibacterium prausnitzii_C,Clostridium beijerinckii,UMGS1224 sp900549775,MGYG000004575,CAG-110 sp900540635,Acetatifactor sp900066365,MGYG000000640,MGYG000000694,Proteus sp001722135,Turicimonas sp900542195,Phocaeicola sp900544075,Coprococcus_A sp900548825,MGYG000004684,Stomatobaculum longum,UMGS1384 sp900551265,Faecalimonas sp900546325,ER4 sp900317525,Alloscardovia omnicolens,Bacteroides nordii,Parabacteroides sp900760525,MGYG000001804,Mediterraneibacter sp002314255,MGYG000002699,Pantoea agglomerans,CAG-110 sp900544405,Alistipes shahii,Akkermansia muciniphila,Prevotella sp900544825
rep423_seed2448	MGYG000001969,Prevotella sp000436695,Bacteroides_F pectinophilus,Limosilactobacillus timonensis,Agathobacter faecis,Pauljensenia sp000278725,MGYG000001870,Atlantibacter hermannii,HGM12814 sp900770165,Clostridium beijerinckii,Citrobacter portucalensis_A,Lacrimispora sp000526575,Pantoea eucalypti,Slackia_A sp900555495,Bacteroides xylanisolvens,MGYG000001020,MGYG000003108,UMGS1052 sp900548115,Butyricimonas sp003479425,MGYG000004745,MGYG000003766,Rubneribacter badeniensis,Streptococcus lutetiensis,Lawsonibacter sp900066645,MGYG000000386,Faecalicoccus sp900546545,Enterocloster sp900551225,Robinsoniella sp900555455,MGYG000003876,MGYG000004772,MGYG000003434,Phocaeicola sp002161565,UBA7185 sp900756555,MGYG000000357,Longibaculum muris,Lacticaseibacillus rhamnosus,RUG115 sp900066395,MGYG000001588,MGYG000004327,Gordonibacter massiliensis,CAG-873 sp900548975,Anaeroglobus micronuciformis,Flavonifractor sp900549795,HGM13006 sp900756575,Pantoea ananatis,Odoribacter splanchnicus
rep424_seed2449	Blautia sp900765525,VUNA01 sp002299625,Coprococcus_A sp900548825,Gordonibacter sp003339845,MGYG000001061,Clostridium_E jeddahense,Prevotella salivae,UMGS1872 sp900549475,Anaerococcus rubeinfantis,MGYG000004393,Lawsonibacter sp900066825,Blautia_A caecimuris,Merdimonas faecis,MGYG000001858,Pluralibacter gergoviae,Alistipes sp900761235,CAG-269 sp900555615,Agathobaculum sp900557315,Collinsella sp900551195,CAG-145 sp900540145,Collinsella sp900541285,Parabacteroides sp900540715,MGYG000004209,Sneathia amnii,CAG-170 sp003516765,Eubacterium_G sp000435815,Blautia sp900541955,MGYG000002626,Lentilactobacillus hilgardii,MGYG000001114,Lachnospira sp000436535,CAG-127 sp900319515,Parabacteroides acidifaciens,Massiliomicrobiota sp002160865,Bacteroides gallinarum,Treponema_D sp900769975,Gemella morbillorum,MGYG000003995,MGYG000004443,UMGS946 sp900547135,Franconibacter helveticus,Citrobacter_B koseri,Prevotella buccae,Collinsella sp900542305,Collinsella sp000434535,Phocaeicola sp002161565
rep425_seed2450	CAG-127 sp900553925,MGYG000002624,MGYG000001804,Alistipes sp900546065,MGYG000003319,CAG-269 sp900556345,Campylobacter_A concisus_R,Prevotellamassilia sp900541335,GCA-900066495 sp900545985,Agathobacter sp900550545,MGYG000001028,Faecalibacterium sp900539885,CAG-170 sp900751035,MGYG000003822,CAG-354 sp900759015,MGYG000002828,Eubacterium callanderi,Agathobacter sp900547695,Blautia sp002161285,MGYG000002098,CAG-279 sp900550025,Bacteroides clarus,MGYG000004722,Prevotella sp000434975,MGYG000002683,Roseburia intestinalis,MGYG000004586,MGYG000004509,Absicoccus sp000434355,F0040 sp000318095,MGYG000003067,Veillonella sp009929605,UBA9506 sp003506415,Proteus cibarius,Collinsella sp900552295,Collinsella sp900555765,UBA2856 sp900555005,Anaerotruncus rubiinfantis,CAG-110 sp900551495,MGYG000003798,HGM11386 sp900761915,CAG-110 sp900762005,Lactobacillus hominis,Bifidobacterium breve,CAG-873 sp001701165,MGYG000000728
rep426_seed2451	MGYG000004890,Treponema_D sp900769975,UBA5394 sp003150565,MGYG000000566,Prevotella sp900770025,MGYG000000425,Paraeggerthella hongkongensis,MGYG000001817,Alistipes sp900770635,MGYG000000398,MGYG000004664,CAG-83 sp900547745,Collinsella sp900554155,Dorea_B phocaeensis,MGYG000004556,Negativibacillus sp900547015,MGYG000001724,MGYG000003773,Phocaeicola plebeius,UBA4372 sp900766785,CAG-110 sp000434635,Collinsella aerofaciens_J,Emergencia timonensis,MGYG000004549,Clostridium_J sp000821305,CAG-492 sp900557195,Streptococcus vestibularis,CAG-279 sp900556245,Collinsella sp900547805,Enterococcus_G italicus,MGYG000002704,HGM14224 sp900761905,Lawsonibacter sp014287875,MGYG000002122,CAG-354 sp900759015,Citrobacter_A farmeri,Akkermansia muciniphila,UBA1259 sp900760875,Bacteroides finegoldii,Slackia_A piriformis,Veillonella dispar,Streptococcus sp000411475,Phil1 sp004558525,Eubacterium_G ventriosum,Dysgonomonas sp900556485,Alistipes sp900541585
rep427_seed2452	MGYG000004118,CAG-115 sp900766795,MGYG000003076,Catenibacterium sp900540685,CAG-411 sp000437275,ER4 sp900546295,Eubacterium_G sp000435815,Collinsella sp900556445,Lachnoclostridium_B sp900066555,Alistipes finegoldii,Bacteroides finegoldii,HGM11521 sp900751885,CAG-582 sp900760845,Blautia sp900753905,Bifidobacterium sp002742445,MGYG000002098,MGYG000004868,CAG-145 sp002320005,MGYG000003884,UBA940 sp900768115,MGYG000001906,Ruthenibacterium sp900759375,Robinsoniella sp900540475,CAG-617 sp000438115,MGYG000004233,MGYG000003717,Bifidobacterium gallicum,Veillonella sp009929605,Prevotella brunnea,Dorea_A longicatena_B,CAG-177 sp003538135,Enterocloster sp900770345,Collinsella sp900757505,Enterobacter roggenkampii,UMGS1603 sp900553265,Paramuribaculum sp001689535,Gordonibacter massiliensis,Yersinia frederiksenii_C,HGM11386 sp900761915,MGYG000004854,CAG-145 sp900545135,CAG-488 sp000434055,Coprobacter fastidiosus,UMGS1387 sp900551295,MGYG000001106,Mediterraneibacter lactaris
rep428_seed2453	F082 sp002633315,Arabia massiliensis,Campylobacter_B sp900539505,Providencia rettgeri,Parabacteroides sp900760525,MGYG000003752,MGYG000001049,Sutterella sp900762445,MGYG000004238,Lancefieldella sp902373375,Succinatimonas hippei,Peptostreptococcus russellii_A,UMGS1279 sp900761625,CAG-196 sp900549855,UBA2856 sp900555005,CAG-488 sp900539465,Muribaculum sp003150235,Amulumruptor caecigallinarius,CAG-485 sp900760815,CAG-115 sp003516865,Dialister hominis,Streptococcus anginosus,Phil1 sp001940855,MGYG000003828,Collinsella sp900542275,MGYG000001717,UBA5446 sp900546615,Odoribacter sp900541415,UBA5905 sp900764115,Bruticola sp004554425,Lactiplantibacillus plantarum,Agathobacter sp900549895,Serratia surfactantfaciens,Morganella morganii,UBA1259 sp900760875,MGYG000001899,Gabonibacter sp900543425,Collinsella sp900543515,Blautia_A sp900547615,UBA1711 sp900771365,UBA940 sp900768115,Amedibacterium intestinale,Anaerostipes sp900066705,Campylobacter_A concisus_E,MGYG000000413,Fusobacterium periodonticum_D
rep429_seed2454	OF09-33XD sp003481995,Gordonibacter sp003339845,Collinsella sp900767675,Butyricicoccus_A sp002395695,Clostridium sp001916075,MGYG000003719,Anaerosacchariphilus sp900553635,UBA11471 sp000434215,Bacillus_A luti,MGYG000004749,Alistipes timonensis,UMGS1889 sp900556055,MGYG000004462,Oribacterium sp900772695,CAG-1427 sp900556585,UMGS1279 sp900761625,Enterocloster sp000155435,PeH17 sp000435055,Prevotella lascolaii,Merdibacter sp900759455,Bacteroides pyogenes,CAG-83 sp900545495,Proteus vulgaris,Acidaminococcus fermentans_A,VUNA01 sp002299625,Akkermansia muciniphila_C,Slackia_A sp900555495,Enterocloster sp001517625,UMGS1537 sp900543695,MGYG000000732,Phascolarctobacterium_A sp900757795,CAG-95 sp900066375,Pradoshia sp001183965,Pluralibacter gergoviae,MGYG000000356,CAG-314 sp000437915,Prevotella stercorea,MGYG000003304,Alistipes sp900760675,Enterobacter sichuanensis,MGYG000004024,MGYG000000632,Collinsella sp900752475,MGYG000004009,Parabacteroides sp900552465,CAG-269 sp000437215
rep430_seed2455	MGYG000003877,UMGS1293 sp900754495,Allisonella pneumosintes,MGYG000003015,Ruminococcus_E sp900314705,MGYG000004604,UBA1191 sp900066305,WG-1 sp900539665,UBA1417 sp003531055,Olsenella sp900555995,MGYG000004849,Blautia_A sp003477525,Citrobacter gillenii,Beduini sp900550005,UBA7173 sp900759895,UMGS946 sp900547135,UBA11524 sp000437595,Collinsella sp900542315,Yersinia massiliensis,Exiguobacterium sp003467445,MGYG000000650,MGYG000002215,Clostridium sp900769625,Phocaeicola sp900553185,UBA7173 sp900768685,TF01-11 sp003149875,RC9 sp900546445,Barnesiella sp900538555,Lancefieldella sp902373375,CAG-313 sp003539625,MGYG000000390,Lacticaseibacillus rhamnosus,Collinsella sp900555815,Veillonella dispar,UMGS1696 sp900753285,MGYG000004556,MGYG000004699,Clostridium celatum,Anaerotruncus massiliensis,Desulfovibrio desulfuricans,Dialister sp900545785,Christensenella timonensis,Enterocloster sp900540675,CAG-245 sp000434195,Prevotella sp900554045,Lachnoclostridium phytofermentans_A
rep431_seed2456	MGYG000002702,MGYG000004042,MGYG000001840,Ruminococcus_A faecicola,MGYG000004062,ER4 sp900550165,PeH17 sp000435055,Phil1 sp001940855,UBA5446 sp900544295,UMGS1872 sp902373635,MGYG000004722,UMGS1783 sp900555065,RUG14107 sp900772685,Streptococcus mitis_D,Prevotellamassilia sp900540885,DTU089 sp002440045,UBA1191 sp900542385,MGYG000001195,MGYG000003644,Fusobacterium polymorphum,Neobittarella massiliensis,Clostridium_Q sp000435655,Bacteroides sp007896885,MGYG000004837,UBA644 sp002299265,Prevotella intermedia,RC9 sp900769145,Parvimonas micra,Bacteroides sp900766195,Slackia_A isoflavoniconvertens,MGYG000004174,Bacteroides nordii,MGYG000002743,Haemophilus_A sputorum,Gemmiger variabilis_B,UBA10281 sp900767885,Lactobacillus apis,Collinsella sp900546825,Erysipelatoclostridium saccharogumia,UMGS1241 sp900540495,Eubacterium_R sp000434995,MGYG000002107,Streptococcus koreensis,MGYG000004465,CAG-475 sp900548005,MGYG000001818
rep432_seed2457	MGYG000000680,Phocaeicola sp900066455,Salinicola tamaricis,RC9 sp900544195,MGYG000000432,CAG-245 sp000434195,Roseburia sp900548205,Eubacterium_R sp900539165,MGYG000001181,Alistipes onderdonkii,Paenibacillus lactis,Eubacterium_G sp900548465,Mediterraneibacter faecis,MGYG000003900,Pseudomonas_R sp900766265,Bacteroides sp900765785,Extibacter sp001185345,UBA9502 sp900555625,Dialister sp900541485,GCA-900066495 sp900066495,Collinsella sp900542275,Prevotella sp900546345,Chimaeribacter coloradensis,MGYG000004818,Porphyromonas sp900538385,UBA5446 sp900544765,CAG-56 sp900752065,MGYG000002754,MGYG000004398,Kluyvera sp902363335,UBA6398 sp900555645,Faecalibacterium sp900772565,Gemmiger variabilis_A,MGYG000002025,Fusobacterium_A sp900764925,MGYG000004876,Collinsella sp900757505,Porphyromonas sp900548415,Faecalimonas umbilicata,MGYG000004880,Clostridium_J ihumii,Haemophilus_D pittmaniae,Alistipes sp900769405,Prevotella sp900762125,Veillonella rogosae,MGYG000002182
rep433_seed2458	Blautia_A sp003471165,Streptococcus mutans,MGYG000004591,CAG-170 sp002404795,MGYG000001205,Prevotella sp900550365,Clostridium cuniculi,Methanobrevibacter_A oralis,Paramuribaculum sp900546365,Tidjanibacter inops_A,Bittarella massiliensis,Enterococcus_B lactis,MGYG000002797,Phocaeicola sp000432735,Parasutterella sp009767915,Merdibacter sp900543035,UMGS1071 sp900541905,Akkermansia sp900545155,Alistipes sp900761235,Collinsella aerofaciens_J,Phil1 sp004558525,MGYG000002210,Veillonella sp900545205,MGYG000001585,MGYG000003995,Enterobacter cloacae_O,Slackia_A isoflavoniconvertens,MGYG000001724,RC9 sp900769905,MGYG000002198,Enterobacter bugandensis,UMGS1601 sp900545345,Lacticaseibacillus rhamnosus,UBA5446 sp900544295,Odoribacter sp900544025,CAG-83 sp000435975,MGYG000004264,Phocaeicola sp900551065,Edwardsiella tarda,CAG-313 sp000433035,Bifidobacterium bifidum,CAG-83 sp900551355,Clostridium sp900543325,CAG-462 sp900765575,S5-A14a sp900553025,MGYG000000592
rep434_seed2459	MGYG000002115,Fusobacterium_A sp900555845,Collinsella sp003471585,Collinsella sp900551195,Caecibacter sp003467125,Citrobacter_A sp009363175,MGYG000001137,MGYG000004760,Faecalibacterium sp900540455,MGYG000000650,Lawsonibacter sp900754605,Haemophilus influenzae,CAG-590 sp900552885,Mediterraneibacter sp900553885,Bacteroides sp900547205,Bittarella massiliensis,UMGS1491 sp900757335,Citrobacter werkmanii,Phocaeicola sp900541515,MGYG000004742,Holdemanella sp002299315,Eubacterium_R sp000431535,MGYG000002255,Actinomyces graevenitzii,Muricomes fissicatena_A,MGYG000001916,Phocaeicola sp002493165,Blautia_A sp003471165,Amedibacterium intestinale,Blautia_A sp900551715,Streptococcus gordonii,CAG-492 sp900557195,CAG-145 sp000435715,Prevotella sp900543585,UBA2882 sp002362385,Extibacter hylemonae,F23-B02 sp004556755,CAG-170 sp000432135,Bacteroides graminisolvens,Bacteroides sp902388495,MGYG000002626,Bulleidia sp900539965,CAG-762 sp000432575,UBA7102 sp900760085,Dialister hominis,RQCD01 sp008668455
rep435_seed2460	CAG-510 sp000434615,Bacteroides sp002491635,UBA1191 sp900549125,F23-B02 sp900772725,Lawsonibacter sp900066645,UBA5905 sp900764115,Alterileibacterium massiliense,Eubacterium_R coprostanoligenes,CAG-110 sp900546075,Lawsonibacter sp900766145,Blautia_A sp900541345,Bacteroides congonensis,CAG-269 sp900554175,Muribaculum sp002358615,Marvinbryantia sp900550755,Coprococcus sp000433075,Collinsella aerofaciens_F,Muricomes oroticus,UMGS1889 sp900556055,Collinsella sp900546825,UBA737 sp900754145,Collinsella sp900541475,Collinsella sp900549245,Allisonella histaminiformans,Alistipes sp900769405,Enterocloster sp001517625,Succinivibrio sp900548485,Odoribacter massiliensis,MGYG000004857,Peptococcus niger,MGYG000000605,Streptococcus parasanguinis,Anaerotruncus colihominis,Dielma sp001305055,CAG-110 sp900762245,MGYG000004699,Peptacetobacter sp900539645,Longicatena caecimuris,MGYG000003897,Dysosmobacter sp900544955,MGYG000004718,MGYG000003995,MGYG000001870,MGYG000004586,MGYG000004522,MGYG000004519
rep436_seed2461	CAG-110 sp900548795,MGYG000004408,MGYG000004822,Acutalibacter sp900759575,HGM12669 sp900761935,UMGS1810 sp900555295,UMGS995 sp900547465,MGYG000001205,Collinsella sp900549355,MGYG000002115,UBA7488 sp002477185,Collinsella aerofaciens_H,Enterocloster sp900753815,MGYG000004657,MGYG000002122,Collinsella sp900751755,Yersinia frederiksenii_C,Collinsella sp900552995,Robinsoniella sp900539655,Fusicatenibacter sp900772675,Leclercia adecarboxylata_C,MGYG000004597,UBA7057 sp900543675,CAG-177 sp900771185,MGYG000000716,Evtepia sp900546255,MGYG000002025,MGYG000001994,MGYG000002732,Collinsella aerofaciens_G,CAG-582 sp900760845,Campylobacter_A concisus_G,CAG-115 sp900768125,MGYG000002738,MGYG000003480,MGYG000000393,RC9 sp900546395,UBA2882 sp002362385,RUG023 sp900315435,MGYG000004477,Bacteroides massiliensis_A,Collinsella sp900757185,Agathobaculum sp900557315,Klebsiella aerogenes,MGYG000003175,MGYG000004607
rep437_seed2462	MGYG000000706,QALW01 sp003150515,MGYG000003863,MGYG000000384,CAG-510 sp900550475,CAG-269 sp000435535,Rahnella variigena,Campylobacter_A concisus_B,Enterocloster sp900555045,Enterocloster sp900551225,Barnesiella sp002159975,MGYG000004628,Enterocloster asparagiformis,UBA3388 sp900546465,Collinsella sp900555355,UMGS1241 sp900540495,Streptococcus vestibularis,Alistipes_A sp900539755,TM7x sp900555425,UBA3388 sp002358835,UBA7173 sp900548705,Bacteroides fluxus,Streptococcus sp900543065,Blautia_A wexlerae_B,Haemophilus_D parainfluenzae_L,Prevotella sp000433175,MGYG000003934,Parvimonas sp001553085,Streptococcus anginosus_C,Lachnospira rogosae_A,Dialister invisus,Robinsoniella sp900539655,MGYG000004075,MGYG000002176,Actinomyces graevenitzii,Ruminococcus_D sp000434695,Phocaeicola sp900546095,MGYG000004251,Parabacteroides massiliensis,SFLA01 sp004553575,MGYG000004122,MGYG000002659,Campylobacter_B sp900539505,MGYG000003434,UMGS1253 sp900550065,Holdemania sp900120005
rep438_seed2463	MGYG000002176,Robinsoniella peoriensis,MGYG000002073,Phocaeicola sp902388365,UBA9414 sp003458885,UMGS1864 sp900555835,Gemmiger formicilis,Fusobacterium nucleatum,Porphyromonas sp900548415,MGYG000004312,MGYG000002025,CAG-269 sp900760175,Lachnospira sp003537285,CAG-312 sp002405555,MGYG000001885,Phytobacter ursingii,COE1 sp900753305,Parabacteroides distasonis,Pauljensenia sp000758755,MGYG000001133,MGYG000003108,Gemmiger sp900539695,MGYG000003112,Weizmannia coagulans,Fusobacterium_B sp900554885,UBA1691 sp900549825,MGYG000002753,Hungatella effluvii,CAG-617 sp000438115,MGYG000000761,UBA1691 sp900544375,TM7x sp900557595,MGYG000000694,CAG-452 sp900770415,MGYG000001137,Anaeroglobus geminatus,MGYG000000386,CAG-170 sp900553545,MGYG000000346,Dysosmobacter sp900542115,F082 sp900769945,MGYG000000557,CAG-180 sp900540295,UMGS1322 sp900550765,Cutibacterium acnes,Anaerococcus jeddahensis
rep439_seed2464	Collinsella sp900548075,MGYG000003766,Enterobacter chengduensis,MGYG000003207,Bariatricus sp900554415,Prevotella sp900551055,Collinsella sp900555745,MGYG000004558,CAG-83 sp900549395,Collinsella sp900543845,Prevotella sp900552675,UBA5416 sp900539175,UMGS1397 sp900551425,UMGS856 sp900546265,Morganella morganii,Marseille-P4683 sp900232885,MGYG000003136,MGYG000003578,Prevotella sp900548535,MGYG000000650,CAG-485 sp900766975,Enterocloster sp005845215,VUNA01 sp002299625,MGYG000004853,Anaerococcus vaginalis_B,Eubacterium_F sp003491505,CAG-488 sp900539465,MGYG000000298,MGYG000003322,MGYG000004503,Roseburia sp900550935,Longibaculum sp900538465,CAG-475 sp900548005,UMGS1052 sp900548115,Evtepia sp900546255,Ruminococcus_D sp900539095,Phocaeicola sp900553185,CAG-83 sp900555735,GCA-900066905 sp900066905,Enterocloster sp900753815,MGYG000004495,MGYG000003319,Anaerostipes sp900066705,F23-B02 sp900556535,Paraprevotella clara,Collinsella aerofaciens_A
rep440_seed2465	Ruminiclostridium_E sp900556525,MGYG000001969,NSJ-63 sp014384805,MGYG000004365,MGYG000002606,MGYG000000387,Lawsonibacter sp900763995,Clostridium beijerinckii,CAG-485 sp900555915,MGYG000004519,Faecalimonas sp900546325,Roseburia sp900548205,MGYG000001195,MGYG000001284,UMGS1815 sp900555345,Prevotella sp002265625,MGYG000003616,SFVR01 sp900769035,Dysgonomonas sp900079735,Oribacterium sp900770445,GCA-900066135 sp900066135,Lactobacillus intestinalis,Collinsella sp900555355,Anaerobutyricum sp900754855,Phocaeicola sp000436795,Bacteroides stercoris,Collinsella sp900757505,Prevotella sp002350355,UMGS1696 sp900753285,MGYG000002071,Prevotella sp900769055,MGYG000001743,Olsenella_E sp003609875,Bulleidia sp900554555,Christensenella sp001678845,Enterocloster sp900547035,Prevotella nigrescens,MGYG000000411,Eisenbergiella sp900548905,Terrisporobacter glycolicus_A,MGYG000003728,Holdemanella biformis,CAG-274 sp000432155,MGYG000004665,CAG-451 sp000438295,Mesosutterella massiliensis
rep441_seed2466	Atlantibacter hermannii,Eikenella corrodens,Anaerosacchariphilus sp900066385,Clostridium butyricum,Porphyromonas gingivalis,Pauljensenia sp001838165,RC9 sp900546395,CAG-115 sp900766795,Acidaminococcus sp900538365,MGYG000003936,CAG-196 sp900553895,Haemophilus_D parainfluenzae_M,Enterocloster sp000155435,Massilimaliae sp900752435,MGYG000004377,UMGS1441 sp900543365,Faecalibacterium prausnitzii_F,MGYG000004310,D5 sp900113995,MGYG000001841,UMGS1696 sp900753285,Turicimonas sp900542195,SFJ001 sp004555865,Parabacteroides bouchesdurhonensis,Bacteroides pyogenes,UBA1191 sp900545775,ER4 sp900552375,CAG-314 sp000437915,MGYG000004708,Caecibacter sp003467125,CAG-269 sp900552555,CAG-177 sp000431775,Hafnia alvei,Dorea_B phocaeensis,Prevotella sp900547005,Amedibacillus dolichus,Haemophilus_D pittmaniae,Eggerthella sinensis,CHH4-2 sp002899675,Yersinia bercovieri,Anaerotruncus rubiinfantis,HGM14224 sp900761905,Ruminococcus_D bicirculans,MGYG000004312,MGYG000004604,MGYG000000361
rep442_seed2467	MGYG000002107,UBA5416 sp900539175,Prevotella denticola,Faecalibacterium prausnitzii,Collinsella sp900542155,F23-B02 sp000431075,Lactonifactor sp009677585,Prevotella oris,CAG-180 sp000432435,Granulicatella sp001058355,CAG-170 sp900553545,CAG-313 sp900539265,Clostridium sp900547475,Bifidobacterium italicum,Firm-11 sp900540045,HGM13006 sp900756575,Streptococcus rubneri,Mediterraneibacter_A butyricigenes,CAG-1427 sp000435675,Oxalobacter sp900760095,UBA1777 sp002320035,Amulumruptor sp001689515,MGYG000001112,Megasphaera stantonii,Enterococcus_D sp002850555,CAG-269 sp900556695,Phytobacter sp002377245,Salmonella bongori,Collinsella sp900540845,MGYG000002753,MGYG000004699,MGYG000004462,RF16 sp900766775,Escherichia marmotae,Absicoccus sp000434355,Selenomonas_C sp002351185,MGYG000002629,Ruminococcus_F champanellensis,CAG-83 sp900554275,Proteus penneri,MGYG000003206,Dysosmobacter sp900551885,Citrobacter gillenii,Turicimonas sp900542195,MGYG000003854,MGYG000002785
rep443_seed2468	Haemophilus_D parainfluenzae_K,Muricomes sp000509105,CAG-582 sp900760845,Bifidobacterium dentium,Fusobacterium_B sp900554885,Mediterraneibacter massiliensis,Blautia_A hydrogenotrophica,Prevotella sp002251365,MGYG000000339,Prevotella stercorea,Gordonibacter massiliensis,CAG-196 sp900549855,Aneurinibacillus aneurinilyticus,CAG-115 sp900768125,Ellagibacter isourolithinifaciens,MGYG000003773,MGYG000002148,Megasphaera sp001546855,Methanobrevibacter_A sp900766745,UMGS1253 sp900550065,MGYG000003108,Collinsella sp900557505,Blautia_A sp900541345,MGYG000001242,MGYG000002198,Porphyromonas sp900548415,MGYG000004572,MGYG000004027,Mesosutterella massiliensis,HGM05232 sp900759955,RC9 sp900544195,NSJ-32 sp014384895,Pantoea anthophila,UMGS1279 sp900761625,Caecibacter massiliensis,Eggerthella sp014287365,Muricomes oroticus,Massilimaliae timonensis,Phascolarctobacterium_A sp900551335,MGYG000004756,CAG-170 sp900751035,Collinsella sp900544865,Lawsonella clevelandensis,MGYG000003831,Fournierella sp900543285,MGYG000002901
rep444_seed2469	Eisenbergiella massiliensis,Anaeroglobus massiliensis,Gemmiger formicilis,Bifidobacterium gallinarum,Bulleidia sp900539965,UMGS731 sp900544985,Negativibacillus sp900547455,UBA737 sp900549755,MGYG000004628,Blautia_A hydrogenotrophica,Roseburia sp003483745,Erysipelatoclostridium saccharogumia,UBA5416 sp900539175,Prevotella timonensis,UMGS403 sp900540865,Anaeroglobus geminatus,Ruminococcus sp900540005,NSJ-63 sp014384805,Anaerotruncus rubiinfantis,Cellulosilyticum sp900556665,Blautia sp900547685,RC9 sp900546395,F082 sp002633315,Parabacteroides sp900547435,RQCD01 sp008668455,Gemmiger variabilis_A,Phocaeicola coprophilus,Lawsonibacter sp902363045,Proteus sp003144505,Prevotella multisaccharivorax,Fusobacterium_A sp900015295,MGYG000001859,CAG-492 sp000434015,Neobittarella massiliensis,Clostridium sp900543325,MGYG000002585,Lachnospira sp900545725,Pauljensenia sp000758755,MGYG000004674,Phocaeicola sp002161565,Pauljensenia bouchesdurhonensis,MGYG000000587,Enterococcus_A raffinosus,MGYG000004481,Lachnoanaerobaculum orale,UBA7102 sp900760085
rep445_seed2470	Enterobacter sichuanensis,Collinsella sp900544065,Dialister hominis,Eubacterium_R sp900539775,Megasphaera sp000417505,Phascolarctobacterium_A succinatutens,CAG-510 sp900551115,Paraclostridium bifermentans,Prevotella brunnea,Roseburia sp003470905,Epilithonimonas bovis,UMGS416 sp900542005,Collinsella sp900552145,UMGS1994 sp900553945,CAG-873 sp009775195,NK3B98 sp900758315,UBA9414 sp003458885,UMGS1537 sp900552695,CAG-495 sp900551585,Olsenella_E sp003609875,QALS01 sp900555925,Holdemania sp900120005,MGYG000004062,MGYG000003938,SFDB01 sp004558825,TF01-11 sp001414325,UBA11512 sp003522145,Pantoea sp002920175,CAG-492 sp900557195,MGYG000002745,Bariatricus comes,Collinsella sp002232035,Collinsella sp900546115,Eubacterium_R sp900555015,MGYG000003470,Roseburia hominis,Enterocloster clostridioformis,Collinsella sp900754385,Kluyvera ascorbata_B,MGYG000001717,Methanobrevibacter_A woesei,MGYG000004575,UMGS403 sp900541975,Streptococcus oralis_W,Pseudobutyrivibrio fibrisolvens_A,Anaerobutyricum sp900754855
rep446_seed2471	Firm-11 sp900550955,MGYG000000398,MGYG000003296,MGYG000003053,Butyricimonas synergistica,MGYG000003509,Dysosmobacter sp900556925,Parabacteroides faecis,Agathobacter sp900552085,Bifidobacterium sp900551485,Dorea_A sp900550865,Enterocloster sp900551225,Eubacterium_I sp900066595,CAG-873 sp002493945,Firm-11 sp900553905,Campylobacter_B sp900539505,UMGS1002 sp900547565,MGYG000004752,Bacteroides_F pectinophilus,Acutalibacter timonensis,Bacteroides fragilis_A,MGYG000003798,Enterocloster sp900549235,CAG-485 sp900767075,Streptococcus vestibularis,MGYG000003871,Longibaculum muris,HGM05232 sp900759955,Streptococcus oralis,TF01-11 sp900759665,UMGS1880 sp900555875,MGYG000002045,Ruminococcus_C sp000437175,CAG-269 sp900556945,Dysgonomonas gadei,Prevotella sp900313215,Anaerostipes sp000508985,Marvinbryantia formatexigens,Bacteroides ndongoniae,MGYG000004531,Blautia sp000432195,CAG-776 sp900758895,RUG11247 sp902767315,MGYG000001585,CAG-269 sp900753165,Collinsella sp900762325
rep447_seed2472	Collinsella sp900541645,MGYG000000397,Phascolarctobacterium sp900554395,MGYG000003289,MGYG000002708,Plesiomonas shigelloides,Prevotella copri_A,Phocaeicola sp900544075,MGYG000003909,MGYG000003776,Barnesiella sp900538705,Collinsella sp900754275,Neisseria subflava_C,Alistipes sp902388705,Bilophila wadsworthia,Cutibacterium acnes,Ruminococcus_D sp900543145,MGYG000002055,Ruminococcus_C sp900765125,Megamonas hypermegale,Dielma fastidiosa,Eubacterium_R sp900543795,Acidaminococcus sp900538365,UBA9502 sp900540335,UBA5446 sp900545405,CAG-170 sp002404795,UMGS1338 sp900550805,UMGS973 sp900547295,CAG-632 sp002406015,MGYG000000585,Collinsella sp900549355,Salmonella bongori,MGYG000001736,CAG-448 sp003150135,MGYG000003994,Parabacteroides sp014287585,Ezakiella sp900540185,Megasphaera sp000417505,Phascolarctobacterium sp900551745,Limosilactobacillus timonensis,CAG-269 sp000435535,Hafnia paralvei,CAG-617 sp900553285,Prevotella sp900313215,Ruminococcus_C sp900545285,Firm-10 sp004552515
rep448_seed2473	Acutalibacter timonensis,UMGS2055 sp900557635,UMGS856 sp900760305,Acutalibacter sp900548545,MGYG000003211,MGYG000004749,Dysosmobacter sp900548505,MGYG000004007,Clostridium saudiense,MGYG000002931,Hydrogeniiclostridium sp900752115,MGYG000004836,MGYG000000738,Collinsella sp003471585,UBA1777 sp900549645,Phascolarctobacterium_A sp900544885,MGYG000003909,Rothia mucilaginosa,MGYG000001195,Intestinibacter bartlettii,Prevotella salivae,Alistipes sp900761235,UBA738 sp900763675,MGYG000002654,MGYG000003616,Citrobacter youngae,Veillonella atypica,CAG-145 sp900754795,UBA10281 sp900548285,Dysosmobacter welbionis,Megasphaera sp900540735,Haemophilus_D sp900756155,CAG-449 sp900551385,Agathobacter sp900547695,Collinsella sp900540845,Duncaniella sp900544535,Agathobacter sp900552085,Bruticola sp900772775,Prevotella sp900770845,Collinsella sp900545605,MGYG000003854,Ruminococcus sp900761275,UMGS1670 sp900546215,CAG-145 sp900540145,Victivallis sp002998355,Peptoniphilus_A lacydonensis
rep449_seed2474	Yokenella regensburgei,Dielma fastidiosa,Muricomes contortus_B,HGM13233 sp900762805,MGYG000003909,Collinsella sp900541685,MGYG000002769,Frisingicoccus sp900757195,Collinsella sp900544865,MGYG000003955,UMGS1781 sp900555075,Faecalibacterium prausnitzii_H,CAG-279 sp000437795,MGYG000003813,UMGS1781 sp900554635,UBA6398 sp900555645,CAG-238 sp900542245,UBA4871 sp900554535,Lawsonella clevelandensis,MGYG000000357,UMGS1975 sp900546685,CAG-269 sp900762425,MGYG000003770,Dysgonomonas sp900556485,Sutterella sp900764215,Bifidobacterium gallinarum,Enterobacter sichuanensis,Veillonella dispar_A,MGYG000004841,MGYG000004035,MGYG000004445,MGYG000003923,Peptoniphilus_A harei_A,Cronobacter malonaticus,MGYG000002069,Citrobacter youngae,Fusobacterium animalis,Acetatifactor sp900066365,Lachnoanaerobaculum umeaense,Desulfovibrio sp900540515,MGYG000004852,MGYG000004782,CAG-485 sp900321585,MGYG000003441,UMGS577 sp900543525,Paraprevotella sp900546665
rep450_seed2475	Barnesiella sp002159975,Enorma sp900751795,Dorea_A longicatena_B,Peptostreptococcus stomatis,UBA1786 sp900771425,CAG-110 sp900556935,Veillonella sp900550175,SFFH01 sp900542445,Faecalibacillus sp900544435,Roseburia intestinalis,MGYG000003917,UMGS403 sp900541565,Alistipes sp900769445,Collinsella sp900556415,Collinsella stercoris,GCA-900066135 sp900066135,UMGS1474 sp900552115,CAG-269 sp900753165,MGYG000002708,MGYG000004340,MGYG000002712,Collinsella sp900552755,MGYG000003800,UBA1777 sp900549545,Collinsella sp900548935,Mediterraneibacter sp900751785,CAG-83 sp003539495,UBA11471 sp000434215,MGYG000003698,Ruminococcus_C sp000437255,Victivallis sp002998355,MGYG000001142,UBA6398 sp900550635,TF01-11 sp003524945,MGYG000000456,MGYG000001915,UBA10281 sp900548285,MGYG000004772,HGM11507 sp900761005,MGYG000004741,SFFH01 sp900548125,UMGS1783 sp900555065,MGYG000004383,Cedecea davisae,Selenomonas_A sp900769615,GCA-900066495 sp900545985
rep451_seed2476	UBA3388 sp002358835,Blautia_A obeum_B,MGYG000002076,MGYG000004365,Enterococcus_D sp002850555,Absicoccus sp000434355,Mediterraneibacter massiliensis,MGYG000004699,Collinsella sp900552875,Porphyromonas asaccharolytica,CAG-485 sp900542185,Streptococcus equinus,Actinobaculum massiliense,MGYG000000818,Odoribacter massiliensis,MGYG000004495,CAG-873 sp900554715,Butyricicoccus pullicaecorum,Pseudescherichia sp002298805,Epilithonimonas bovis,MGYG000004045,Lacticaseibacillus paracasei,Phocaeicola sp900544675,MGYG000003855,Phascolarctobacterium_A sp900757795,NSJ-38 sp902363445,Hydrogeniiclostridium sp900752115,MGYG000003305,CAG-83 sp003539495,MGYG000004824,MGYG000003799,Zag1 sp900769355,Prevotella sp004556065,Campylobacter_A concisus_G,Parabacteroides sp003480915,Blautia_A wexlerae_A,CAG-269 sp900554175,MGYG000002209,Prevotella sp000436695,Collinsella sp900543605,CAG-791 sp000431495,Pauljensenia sp001064145,UMGS905 sp900540085,UMGS1872 sp902373635,Clostridium tertium,CAG-631 sp900762575
rep452_seed2477	Coprococcus eutactus_A,Collinsella sp900544425,Mediterraneibacter sp900553885,Methanosphaera cuniculi,CAG-831 sp902388455,Prevotellamassilia sp900543155,Gemmiger variabilis_B,RC9 sp000433355,Dielma sp001305055,CAG-83 sp900548615,MGYG000002127,RF16 sp900766775,Prevotella sp900550365,Bilophila sp902373525,Cellulosilyticum sp900556665,Phocaeicola sp900066445,Peptococcus niger,Streptococcus mitis_BB,MGYG000004837,Lachnoanaerobaculum orale,Bacteroides cellulosilyticus,CAG-269 sp000438255,Prevotella sp000436035,Megasphaera sp902388315,Streptococcus thermophilus,Alistipes dispar,Collinsella sp900550825,Prevotella oris,Butyricimonas sp900761485,MGYG000000862,MGYG000002717,Phocaeicola plebeius,Pseudescherichia sp002298805,Clostridium sp900759995,MGYG000003770,Phocaeicola sp902388365,MGYG000001792,Franconibacter helveticus,Eubacterium_R sp900767025,CAG-269 sp900554175,UMGS1696 sp900753285,Acetivibrio_A ethanolgignens,Collinsella sp900545835,Phascolarctobacterium_A succinatutens_A,MGYG000002614,Clostridium_P perfringens
rep453_seed2478	Blautia sp900541955,Collinsella sp900556415,Enterocloster sp900555905,TM7x sp900557595,Phocaeicola ilei,CAG-56 sp900762665,MGYG000000680,Collinsella sp900546825,Blautia_A obeum_B,MGYG000004161,UBA1777 sp900549545,SFTJ01 sp004557385,Evtepia sp004556345,MGYG000000403,MGYG000002740,MGYG000000716,Prevotella sp900770845,Collinsella sp900554255,MGYG000004888,Arabia massiliensis,Enterobacter cancerogenus,Duncaniella dubosii,CAG-110 sp900769995,Coprobacter sp900545915,MGYG000004650,Clostridium beijerinckii,Phascolarctobacterium sp900545535,Hafnia paralvei,Peptoniphilus_A harei_A,MGYG000000342,MGYG000004095,Clostridium sp900759995,MGYG000004470,MGYG000004885,Collinsella sp003471585,UMGS1872 sp900549475,RC9 sp000435075,Bacteroides xylanisolvens,Streptococcus mitis_AC,Prevotella sp002251295,Collinsella sp900768265,CAG-485 sp900552315,Agathobacter sp900550545,Clostridium neonatale,Lacrimispora sp000526575,Prevotella sp900543585
rep454_seed2479	MGYG000002677,MGYG000000377,Sutterella sp900762445,Prevotella sp000436915,CAG-882 sp000435595,Porphyromonas gingivalis,Collinsella bouchesdurhonensis,MGYG000004172,Dysgonomonas gadei,CAG-279 sp000437795,Megasphaera massiliensis,Acetatifactor sp900766575,MGYG000002255,Ellagibacter isourolithinifaciens,MGYG000004258,CAG-1024 sp000432015,UBA1777 sp900754515,UMGS416 sp900542005,Prevotella salivae,Terrisporobacter glycolicus_A,Allisonella histaminiformans,CAG-81 sp900556965,Criibacterium bergeronii,Phocaeicola barnesiae,MGYG000001572,Terrisporobacter sp900557165,MGYG000004820,Prevotella jejuni,Collinsella sp900754525,CAG-269 sp900754285,MGYG000004443,CAG-145 sp900545135,MGYG000003871,MGYG000003356,MGYG000002659,Collinsella sp900757385,MGYG000002249,Lawsonibacter sp902363045,Anaerobutyricum hallii,MGYG000003045,Agathobacter sp900547695,F23-B02 sp900772725,MGYG000001585,Gabonibacter massiliensis,Alistipes sp900541585,Streptococcus mitis_AC
rep455_seed2480	Fusobacterium massiliense,Collinsella sp900551655,Massiliomicrobiota sp002160865,Holdemania filiformis,Alistipes_A ihumii,D5 sp900113995,MGYG000003970,MGYG000000702,Marvinbryantia sp900066075,HGM11808 sp900757025,MGYG000004864,MGYG000000448,Streptococcus sp000187445,Ligilactobacillus salivarius,MGYG000000393,Phascolarctobacterium sp900544795,MGYG000003322,Ezakiella massiliensis,MGYG000003975,CAG-110 sp900544405,UMGS1540 sp900552775,MGYG000001242,Prevotella sp900548745,Ruminococcus_F champanellensis,MGYG000000752,MGYG000003766,Rothia mucilaginosa_A,Barnesiella sp003150885,Phil1 sp001940855,MGYG000004895,Companilactobacillus farciminis,MGYG000003869,Eubacterium_G sp000432355,Dysgonomonas sp900556485,Pantoea brenneri,Prevotella rara,HGM10836 sp900772095,Campylobacter_A concisus_G,MGYG000002025,Enterocloster sp900547035,Niameybacter sp900549765,Parabacteroides chinchillae,MGYG000003798,UBA1390 sp900764045,Ruminococcus_C sp000437175,Prevotella sp900548195
rep456_seed2481	Garciella sp900555725,UMGS905 sp900540085,Anaerobutyricum hallii,UMGS882 sp003343885,Paraprevotella sp003477995,V9D3004 sp002349525,CAG-272 sp000433515,F23-B02 sp900772725,CAG-145 sp002320005,UBA1417 sp900549945,MGYG000002084,Eubacterium_R sp003526845,MGYG000004677,Bulleidia sp900539965,Collinsella sp900554665,QALS01 sp003150575,Lachnospira eligens_A,Collinsella sp900552875,TF01-11 sp900759665,Phascolarctobacterium faecium,Alistipes sp900021155,CAG-269 sp900556345,Phocaeicola sp002161565,CAG-177 sp003514385,HGM13006 sp900756575,Veillonella tobetsuensis,Collinsella sp900758375,RC9 sp000433355,Prevotella sp900544825,Streptococcus koreensis,CAG-279 sp000437795,Mobilibacterium timonense,Flavonifractor sp900549795,Lactococcus garvieae,UMGS1537 sp900761045,MGYG000001759,MGYG000003842,MGYG000002178,UBA3818 sp900557155,MGYG000004760,CAG-110 sp900546415,Cutibacterium acnes,Muribaculum sp002358615,Alistipes sp900768045,Ruminococcus_D bicirculans,Prevotella sp900548195
rep457_seed2482	MGYG000004247,Alistipes sp902363575,TM7x sp900557595,Enterococcus_A avium,Massilistercora timonensis,MGYG000002212,Tidjanibacter inops_A,MGYG000004611,UBA737 sp900754145,Anaeromassilibacillus sp001305115,MGYG000001242,Evtepia sp004556345,Clostridium_J ihumii,MGYG000004305,Enterocloster sp001517625,Collinsella sp003466125,Mailhella sp003150275,UMGS1815 sp900555345,OF09-33XD sp003481995,CAG-110 sp900544405,Pantoea sp002920175,Zag1 sp000433095,Phascolarctobacterium_A sp900553055,Collinsella sp003470665,Collinsella sp900546455,Bacteroides pyogenes,CAG-103 sp900757655,Murdochiella massiliensis,Collinsella sp900549245,Acutalibacter sp900543305,HGM13006 sp900757695,Anaeroglobus geminatus,Enterocloster sp900759225,Dysosmobacter sp900550685,MGYG000002659,CAG-1427 sp900548955,Bacteroides xylanisolvens,NSJ-32 sp014384895,Ezakiella massiliensis,Ruminococcus sp900540005,CAG-272 sp000433515,MGYG000003936,MGYG000003826,MGYG000004657,Agathobaculum sp900557315,Streptococcus sp000187445
rep458_seed2483	MGYG000004209,Collinsella sp900554155,MGYG000000640,Citrobacter gillenii,Prevotellamassilia sp900541335,Catenibacterium mitsuokai,MGYG000000586,Prevotella copri_A,Ruminococcus_A faecicola,Blautia_A sp900549015,Veillonella_A sp900765165,MGYG000000658,CAG-590 sp900544905,Faecalibacterium prausnitzii_G,UMGS1002 sp900547565,UMGS416 sp900542005,UBA5446 sp900546615,D5 sp900113995,MGYG000001642,Barnesiella sp900542255,CAG-317 sp900543415,UBA1232 sp900544815,Lachnoclostridium_B sp900066765,Prevotella sp002350355,RC9 sp000433355,Blautia_A sp900547615,Phocaeicola sp900066445,CAG-110 sp900763965,Campylobacter_A concisus_I,Anaerotruncus colihominis,CAG-485 sp900542185,MGYG000002717,Stomatobaculum longum,Collinsella sp900751755,MGYG000004118,MGYG000003015,UBA7057 sp900543675,Fusobacterium nucleatum_E,MGYG000001137,CAG-115 sp003507295,MGYG000003969,CAG-269 sp900551615,Blautia_A sp900541345,Eubacterium_R sp900539165,CAG-110 sp900762005,Acetatifactor sp900554205
rep459_seed2484	Intestinimonas butyriciproducens,Bifidobacterium pullorum,Blautia_A sp900541345,Enorma massiliensis,Collinsella sp003436275,CAG-302 sp001916775,Proteus penneri,Bifidobacterium angulatum,MGYG000002095,Rothia mucilaginosa_B,CAG-1024 sp000432015,Phascolarctobacterium_A sp900541915,CAG-196 sp900553895,Prevotella sp900313215,Bilophila sp902373525,Veillonella sp900765235,UBA2883 sp002103075,Lactobacillus apis,Citrobacter braakii,Lachnoclostridium phytofermentans_A,Neisseria gonorrhoeae,Kluyvera ascorbata_B,MGYG000000450,Prevotella sp000433175,MGYG000000383,Eubacterium_R sp900539845,CAG-448 sp003150135,CAG-279 sp900556245,UBA9502 sp900770535,CAG-485 sp900760815,UBA4372 sp900543815,Blautia_A luti,MGYG000004684,Nitratidesulfovibrio vulgaris,Paraeggerthella hongkongensis,Lactococcus lactis,UBA4644 sp900555855,Phascolarctobacterium sp900544795,Collinsella sp900759565,UMGS403 sp900541975,Streptococcus alactolyticus,Anaerococcus obesiensis,CAG-279 sp900544305,Pantoea conspicua,Finegoldia magna,Pseudomonas_R sp900766265
rep460_seed2485	Collinsella sp900554645,Holdemanella sp900547815,Collinsella sp900556285,Mobilibacterium sp900315625,Collinsella sp900551015,Dialister sp900547785,CAG-1427 sp900553605,Clostridium_Q saccharolyticum_A,Anaerotignum sp001304995,CAG-41 sp900066215,An92 sp900199495,MGYG000001775,Prevotella sp900552965,Eubacterium_R sp003526845,HGM11327 sp900759935,Holdemania sp900120005,Peptoniphilus_A senegalensis,Bacteroides neonati,Collinsella sp902363125,Escherichia albertii,Phytobacter sp002377245,Lachnospira eligens_A,Flavonifractor plautii,Sutterella wadsworthensis,MGYG000000576,Alistipes_A sp900549685,Dielma fastidiosa,MGYG000002585,CAG-238 sp900551415,UMGS2016 sp900557185,UBA5446 sp900759385,MGYG000001811,MGYG000004677,UMGS403 sp900541975,Yokenella regensburgei,RC9 sp900546395,TM7x sp900555265,Streptococcus sp902373455,Streptococcus sp000411475,Streptococcus oralis_E,MGYG000000739,Frisingicoccus caecimuris,MGYG000002686,Odoribacter sp900544025,Collinsella sp900552705,Collinsella sp003458415
rep461_seed2486	Phocaeicola coprocola,Serratia marcescens_I,CAG-269 sp001916035,CAG-302 sp900548425,Eubacterium_R sp000433975,CAG-180 sp000432435,Proteus sp001722135,MGYG000002901,CAG-793 sp900557475,Rothia aeria,Collinsella sp003458415,GCA-900066495 sp900066495,MGYG000002150,UBA738 sp004557735,CAG-484 sp000431315,Enterococcus_A avium,NSJ-32 sp014384895,Blautia_A sp900541985,Bacteroides clarus,Collinsella sp900541645,Paraprevotella sp003477995,Bilophila sp900553145,Neisseria subflava_C,MGYG000004430,Prevotella sp900553595,Dialister hominis,Monoglobus pectinilyticus,Phocaeicola sp900551645,Veillonella sp900538355,Phocaeicola salanitronis,Alistipes provencensis,UMGS1279 sp900761625,MGYG000000594,MGYG000004209,CAG-1031 sp000431215,Neisseria sp000186165,CAG-964 sp000435335,MGYG000001979,UBA11524 sp000437595,CAG-488 sp000434055,Veillonella sp900757715,Bifidobacterium catenulatum,MGYG000004411,Prevotella sp000431975,Lachnoclostridium_B sp900066555,CACZQA01 sp900758075
rep462_seed2487	Agathobaculum sp900544475,Fusobacterium vincentii,MGYG000004628,MGYG000004340,Campylobacter_A concisus_B,MGYG000004793,MGYG000004874,Veillonella sp900757715,Agathobacter sp900546625,HGM11507 sp900761005,Lachnoclostridium sp900078195,SFMI01 sp004556155,UBA5446 sp900545405,MGYG000003887,Prevotella sp900551055,Enterocloster citroniae,CAG-145 sp000435715,Fusobacterium periodonticum_B,Acutalibacter sp900755895,Catenibacillus sp900557175,GCA-900066495 sp900066495,Prevotella sp900552675,UBA7182 sp003480725,Blautia sp900547685,Collinsella sp900540875,MGYG000001568,Bacteroides ndongoniae,Bacteroides caccae,Pauljensenia sp001838165,MGYG000004159,MGYG000000660,Pseudomonas_E putida_P,UBA737 sp900547305,Schaedlerella sp900066545,Desulfovibrio desulfuricans,MGYG000004346,MGYG000003315,UBA1685 sp002320595,CAG-632 sp000431515,CAG-462 sp900765575,Pauljensenia turicensis,MGYG000004527,MGYG000001862,MGYG000004669,UBA5446 sp900546615,MGYG000000456
rep463_seed2488	Olsenella_E timonensis,Turicimonas muris,GCA-900066495 sp900066495,MGYG000002791,Klebsiella quasivariicola,CAG-793 sp000433915,CAG-488 sp900554995,UBA11471 sp900542765,UBA7185 sp900556545,MGYG000003212,Dialister sp900759415,Eubacterium_R sp900540235,Pauljensenia bouchesdurhonensis,Porphyromonas sp900539155,MGYG000001832,RF16 sp900766775,Bacteroides neonati,Slackia_A isoflavoniconvertens,Anaeroglobus massiliensis,Stomatobaculum sp002892395,Proteus penneri,MGYG000004125,Lactonifactor longoviformis,Collinsella sp008014645,MGYG000004708,Eubacterium_R sp900539165,MGYG000001775,CAG-475 sp900548005,MGYG000001861,CAG-269 sp000435535,Evtepia sp004556345,Collinsella sp900760245,Parabacteroides faecis,CABIZH01 sp902363205,CAG-631 sp900754115,UMGS1537 sp900761045,Collinsella sp900552145,MGYG000000759,Lawsonibacter sp900754605,MGYG000004700,UMGS1487 sp900552225,Bacteroides_F pectinophilus,S5-A14a sp900553025,Pseudoflavonifractor capillosus,Blautia_A massiliensis,Dysosmobacter sp900551885
rep464_seed2489	MGYG000000516,MGYG000003299,Anaerostipes caccae,MGYG000003969,Blautia sp900765525,SFMI01 sp004556155,Dialister sp900547785,Faecalibacterium prausnitzii_M,MGYG000002881,Dialister sp900543455,MGYG000004432,Parabacteroides massiliensis,TM7x sp900555885,Allisonella pneumosintes,Terrisporobacter sp902363255,MGYG000003021,UMGS363 sp900543105,MGYG000000682,MGYG000004837,Lawsonella clevelandensis,Catenibacterium sp900540685,CAG-83 sp900555735,UMGS1293 sp900550385,MGYG000001717,Romboutsia dakarensis,CAG-303 sp900539455,UBA738 sp004557735,UBA11517 sp900753315,Alistipes sp900770635,CAG-238 sp900542245,MGYG000004674,Campylobacter_B sp900539505,UMGS1670 sp900553995,CAG-279 sp900556245,Parasutterella sp900766055,Collinsella sp900554585,MGYG000002115,Providencia stuartii,Eisenbergiella sp900539715,Phascolarctobacterium sp900551745,Phocaeicola sp900551645,Phocaeicola sp900541515,MGYG000004753,MGYG000000635,Senegalimassilia anaerobia,MGYG000004559
rep465_seed2490	Streptococcus sp000187445,Fusobacterium_A varium_A,Veillonella dispar,Collinsella sp003487125,Erysipelatoclostridium spiroforme,Ruminococcus_G gauvreauii,Enterocloster lavalensis,MGYG000003053,Oribacterium sp900770445,UBA737 sp900547305,Akkermansia sp001580195,Phocaeicola sp002161565,Enterocloster sp900549235,Prevotella sp900316565,Prevotella sp900552965,Phascolarctobacterium_A succinatutens,Agathobacter rectalis,Actinomyces graevenitzii,Agathobaculum sp900291975,CAG-873 sp002493945,Butyricimonas faecalis,Collinsella sp900549455,CAG-115 sp003516865,Blautia sp900541955,Streptococcus parasanguinis,Duodenibacillus sp900538905,Porphyromonas gingivalis,UMGS1851 sp900555605,MGYG000004704,CAG-313 sp003539625,MGYG000000677,CAG-56 sp900752065,Haemophilus_A paraphrohaemolyticus,CAG-877 sp900554305,Alistipes sp900760675,CAG-238 sp900754805,Mailhella sp900553065,Fusobacterium_C necrophorum,MGYG000004251,Paraprevotella xylaniphila,MGYG000001219,Aneurinibacillus aneurinilyticus,MGYG000003917,Megasphaera sp902388315,Fusicatenibacter saccharivorans,Lachnoanaerobaculum orale
rep466_seed2491	Cedecea davisae,Varibaculum timonense,MGYG000000736,Clostridium_Q symbiosum,Eubacterium_R sp900547915,MGYG000002212,Anaeromassilibacillus sp002159845,Blautia_A wexlerae_A,MGYG000002176,Caecibacter sp003467125,Lactobacillus intestinalis,Enterocloster asparagiformis,Prevotella melaninogenica,Dysosmobacter sp900542115,Eubacterium_R sp900555015,Peptostreptococcus stomatis,Prevotella sp000436035,Ruminiclostridium_E sp900768735,Citrobacter_A amalonaticus,RC9 sp000432655,MGYG000004713,MGYG000000393,MGYG000004873,Paramuribaculum sp900759835,MGYG000004841,MGYG000000512,CAG-485 sp900760815,Prevotella sp000433175,Eubacterium callanderi,Prevotella sp900544825,MGYG000000709,Paraprevotella clara,MGYG000004817,Allisonella pneumosintes,Paraclostridium bifermentans,MGYG000003136,UMGS995 sp900547465,Alistipes communis,MGYG000000440,F23-B02 sp003533405,CAG-882 sp003486385,MGYG000004594,Collinsella sp900554645,Pauljensenia bouchesdurhonensis,UBA7173 sp900548705,CAG-269 sp900553125
rep467_seed2492	Prevotella sp900769275,MGYG000003788,Citrobacter_B koseri,Citrobacter portucalensis,UBA636 sp900546285,Bilophila sp900550745,Collinsella sp900760325,Alistipes finegoldii,UMGS1338 sp900550805,MGYG000000547,CAG-603 sp900066105,MGYG000000286,Olsenella sp900555995,HGM04593 sp900770665,Citrobacter_A farmeri,MGYG000004894,F23-B02 sp004553495,MGYG000003885,Cutibacterium acnes,Streptococcus sp900755085,MGYG000001885,Mailhella sp900553065,Parabacteroides chinchillae,Enterobacter kobei,Bacteroides caccae,Phascolarctobacterium sp900554395,Phocaeicola sp900066455,UMGS1600 sp900553315,TF01-11 sp003524945,Duncaniella sp900762315,Eubacterium_R sp014465955,Prevotella sp900548535,Paramuribaculum sp001689535,MGYG000002046,UBA737 sp900543215,CAG-873 sp900550395,MGYG000001717,Collinsella sp900556415,Christensenella hongkongensis,Hydrogeniiclostridium sp900752115,Collinsella sp900542325,Oribacterium sp900772695,Paraprevotella xylaniphila,MGYG000002705,Faecalimonas sp900546325,Hydrogeniiclostridium mannosilyticum
rep468_seed2493	CAG-1427 sp900553605,Enterocloster sp000431375,CAG-492 sp000434335,Phascolarctobacterium sp900544795,MGYG000002073,MGYG000000210,Streptococcus alactolyticus,Moellerella wisconsensis,Klebsiella_A oxytoca,Collinsella sp900547855,Alistipes sp900761235,Agathobacter rectalis,CAG-196 sp900553895,Collinsella intestinalis,MGYG000001195,UMGS1810 sp900555295,Prevotella sp000436595,CAG-288 sp000437395,Evtepia sp004554585,MGYG000000637,MGYG000004348,Dialister sp900541605,MGYG000001841,Parolsenella sp900552935,Ruminococcus_E sp900755995,CAG-831 sp902388455,Parabacteroides sp900547435,MGYG000004756,Blautia sp900547685,Prevotella sp900556395,Collinsella sp900542275,Eubacterium_R sp900539845,CAG-110 sp900544975,Stoquefichus sp001244545,CAG-269 sp900554565,CAG-103 sp900543625,Pseudomonas_R sp900766265,TM7x sp900556885,MGYG000004670,MGYG000003045,UMGS1004 sp900761685,MGYG000004864,Megasphaera elsdenii,Ruminococcus_C callidus,Lactococcus_A raffinolactis,Collinsella sp900752015
rep469_seed2494	Eubacterium_M sp900540015,Akkermansia sp004167605,MGYG000000597,Clostridium_AQ sp003481775,Ruminococcus_E sp003438075,Megasphaera stantonii,CAG-170 sp002404795,TF01-11 sp900759665,CAG-56 sp900762665,Collinsella sp900759565,MGYG000004553,Agathobacter sp900549895,Eikenella corrodens,CAG-115 sp000432175,Faecalibacterium prausnitzii,Enterobacter cloacae_O,UBA4285 sp900542465,Prevotella sp900549175,CAG-103 sp900757655,MGYG000003787,CAG-831 sp900544175,Bacteroides eggerthii,MGYG000001833,MGYG000004829,UMGS1994 sp900553945,Bilophila sp900550745,MGYG000002210,MGYG000001818,DTU089 sp002440045,Collinsella sp900762015,MGYG000003872,Pauljensenia sp902373435,Butyricimonas paravirosa,MGYG000004583,UBA5446 sp900543085,UBA7173 sp900759895,Bulleidia sp900554555,HGM13010 sp900754965,Collinsella sp900547345,UMGS1839 sp900555545,MGYG000002613,UBA1822 sp900545365,Enterococcus_D sp002850555,MGYG000004171,Lactobacillus apis,Collinsella sp900546455
rep470_seed2495	MGYG000001825,UBA1691 sp900544715,MGYG000003136,Rothia mucilaginosa_B,MGYG000004027,UMGS1815 sp900555345,Prevotella salivae,MGYG000003324,Eubacterium_R coprostanoligenes,MGYG000004665,MGYG000000592,Bifidobacterium sp002742445,Lachnoclostridium_B sp900543315,GCA-900066495 sp900066495,Collinsella aerofaciens_A,Collinsella sp900548365,Bacteroides cellulosilyticus,UBA7185 sp900556545,UBA5446 sp900544295,Prevotellamassilia sp900543155,UMGS911 sp900546695,UBA5394 sp003150565,MGYG000000597,Agathobaculum sp900557315,Blautia hominis,Parabacteroides faecis,Eubacterium_R sp000433975,MGYG000004171,RUG420 sp900542575,PeH17 sp900542285,Bittarella massiliensis,MGYG000004193,Anaeromassilibacillus sp002159845,Streptococcus sobrinus,MGYG000004874,Acidaminococcus intestini,Prevotella sp900317685,Fannyhessea vaginae,Providencia alcalifaciens,Veillonella sp900556785,Bacteroides sp900555635,CAG-1427 sp900548955,MGYG000004674,Clostridium tertium,MGYG000000761,Collinsella sp900554655
rep471_seed2496	UBA7597 sp003448195,Prevotella oralis,Peptoniphilus_A harei,CABIZH01 sp902363205,MGYG000003698,HGM11514 sp900757255,Clostridium neonatale,MGYG000002089,Blautia_A schinkii,Pseudoflavonifractor capillosus,MGYG000003941,Collinsella sp900547345,Streptococcus equinus,CAG-831 sp900544175,Limosilactobacillus vaginalis_A,Dorea_A sp900550865,Streptococcus parasanguinis,Porphyromonas sp900546675,MGYG000003162,UBA7173 sp900540205,Lactobacillus acidophilus,MGYG000004170,Citrobacter portucalensis_A,CAG-83 sp900547745,Aneurinibacillus aneurinilyticus,Odoribacter laneus,Ruminococcus_D sp000434695,Collinsella sp900760905,CAG-269 sp001916055,Phascolarctobacterium_A sp900551335,MGYG000004752,Citrobacter gillenii,Dialister sp900765565,MGYG000001761,Mediterraneibacter sp900541505,CAG-115 sp003516865,GCA-900066495 sp900545985,UBA9414 sp003458885,Collinsella sp900541145,Muricomes sp000509105,CAG-762 sp900551315,UBA737 sp900547305,CAG-485 sp000437495,Tidjanibacter inops_A,Bifidobacterium sp002742445,Eubacterium_R sp900547915
rep472_seed2497	Collinsella sp900759335,UBA945 sp900549675,QALS01 sp900552625,Faecalibacterium sp900758465,UBA4644 sp900555855,HGM11523 sp900756545,Romboutsia timonensis,UMGS75 sp900538885,Dialister succinatiphilus,MGYG000003842,Bacteroides ndongoniae,MGYG000004748,Citrobacter_A amalonaticus,MGYG000004049,UBA3402 sp003478355,UMGS1872 sp900549475,MGYG000003994,MGYG000004477,Pauljensenia sp000308055,MGYG000003108,MGYG000001840,MGYG000000662,MGYG000003067,MGYG000001642,MGYG000002753,Lactococcus garvieae,Collinsella sp900553415,Alistipes_A sp900546005,CAG-245 sp900552135,Ruminiclostridium_E sp003512525,MGYG000004760,MGYG000004098,Phocaeicola sp900541515,UMGS1865 sp900768535,Flavonifractor sp900549795,Faecalibacillus sp900544435,Hungatella effluvii,Morganella morganii_B,Collinsella sp003479805,Blautia_A sp900541985,HGM11514 sp900757255,UBA738 sp004557735,Paramuribaculum sp900760855,MGYG000004752,CAG-485 sp002491165,MGYG000004213
rep473_seed2498	UMGS1591 sp900553255,Collinsella sp900762325,MGYG000002204,Garciella sp900555725,UMGS1370 sp900542035,MGYG000004700,Sporanaerobacter acetigenes,MGYG000001049,MGYG000002696,RC9 sp000432655,Chimaeribacter coloradensis,UMGS1839 sp900555545,MGYG000004445,MGYG000004495,CAG-83 sp900550585,Firm-10 sp004552515,UBA1711 sp900771365,Olsenella_E sp003609875,Collinsella sp900549455,MGYG000002828,Paramuribaculum sp900546365,MGYG000004107,CAG-196 sp900553895,MGYG000001862,UBA7173 sp900540205,UMGS1590 sp900759105,UMGS1872 sp902373635,Prevotella sp900767615,Anaerosacchariphilus sp900066385,Bacteroides gallinarum,Collinsella sp900547345,Collinsella sp900544065,MGYG000004148,MGYG000003480,MGYG000004560,CAG-776 sp900758895,MGYG000000716,Butyrivibrio_A crossotus,PeH17 sp000435055,MGYG000001826,Blautia_A sp003477525,Prevotellamassilia sp900540885,MGYG000003060,UMGS1370 sp900551135,MGYG000004118,Edwardsiella tarda
rep474_seed2499	UBA7182 sp003480725,Hafnia alvei,Gabonibacter sp900543425,CAG-831 sp902388455,Bifidobacterium italicum,Bacteroides fluxus,Alistipes sp002358415,Agathobacter rectalis,MGYG000003021,MGYG000004427,Muricomes contortus_B,Holdemanella sp002299315,Ruminiclostridium_E sp900539195,Peptoniphilus_A lacrimalis,UBA1394 sp900554975,Streptococcus equinus,UBA1777 sp002320035,Fusobacterium_A sp900543175,UMGS1670 sp900546215,UBA1822 sp900545365,MGYG000004003,Collinsella sp900757705,Dialister sp000434475,UMGS1370 sp900542035,MGYG000003270,Mesosutterella massiliensis,UMGS1474 sp900547105,MGYG000004662,RUG420 sp900542575,CAG-170 sp900548625,UBA1191 sp900545775,Veillonella sp900550175,Victivallis sp002998355,MGYG000004669,Faecalibacterium sp900539885,MGYG000000425,Agathobacter sp900548765,Streptococcus salivarius,Phascolarctobacterium faecium,UMGS599 sp900543705,Amulumruptor sp900539915,CAG-269 sp001916005,CAG-279 sp900548875,Olsenella sp900555995,Phascolarctobacterium_A sp900551335,Haemophilus_D pittmaniae
rep475_seed2500	MGYG000002092,Eubacterium_R sp900555015,MGYG000003778,CAG-110 sp900546075,Lachnospira sp900552795,Blautia sp003287895,MGYG000002017,RQCD01 sp008668455,CAG-269 sp001916035,Acetatifactor sp900755865,Streptococcus sp900555155,MGYG000001886,Dysosmobacter sp900544615,Coprococcus sp900767685,MGYG000004708,UMGS1901 sp900553755,Amulumruptor sp900539915,MGYG000003887,MGYG000004408,UBA6398 sp900555645,Parabacteroides distasonis,Collinsella sp900752015,Eisenbergiella massiliensis,MGYG000002221,Clostridium_J sp000821305,Roseburia sp900550935,CAG-110 sp900770015,Collinsella sp003487125,Collinsella sp003458415,MGYG000000862,MGYG000003067,Collinsella sp900555585,UMGS599 sp900543705,Massilimaliae timonensis,Paraclostridium tenue,MGYG000000733,Mediterraneibacter torques,Sutterella sp900764215,UBA1191 sp900542385,Mediterraneibacter lactaris,MGYG000004858,Enterobacter sichuanensis,MGYG000004080,Collinsella aerofaciens_J,Leminorella grimontii,Bulleidia sp900539965
rep476_seed2501	TF01-11 sp003524945,Selenomonas_A sp900769615,Treponema_D sp900769975,Peptoniphilus_A harei,MGYG000004197,Streptococcus mitis_BB,MGYG000002229,Acutalibacter sp900543305,CAG-110 sp900763965,Actinomyces oris,Blautia_A sp003471165,QALW01 sp003150515,Ruminococcus_D sp000434695,Veillonella sp900550175,UMGS1889 sp900556055,CAG-465 sp900554875,Bruticola sp004554425,Eggerthella sinensis,Mediterraneibacter sp900752395,Prevotellamassilia sp000437675,Coprococcus eutactus_A,Eubacterium callanderi,UMGS1591 sp900553255,Collinsella sp900555555,UBA7160 sp902363665,Muribaculum sp001701195,Paenibacillus lactis,TF01-11 sp000436755,Catenibacterium sp900764565,UBA7057 sp900542735,MGYG000004080,MGYG000003273,MGYG000003305,UBA1191 sp900066305,Bacteroides stercoris,UBA5809 sp002417965,CAG-485 sp001701295,Parabacteroides faecis,Phascolarctobacterium_A sp900545025,CAG-1427 sp900538545,UBA738 sp900763675,MGYG000004572,Porphyromonas_A sp001808555,CAG-488 sp900539465,Streptococcus mitis_D,UBA2882 sp900542015
rep477_seed2502	MGYG000001048,MGYG000003788,Anaerococcus vaginalis_B,Prevotella sp900549175,UBA1259 sp900760875,CAG-83 sp900550615,Veillonella sp900552445,CAG-110 sp900544705,MGYG000000680,MGYG000004098,MGYG000001977,MGYG000000594,Veillonella sp900550455,MGYG000004689,MGYG000001840,Streptococcus oralis_E,UBA1822 sp002314995,Faecalibacterium prausnitzii_F,Collinsella sp900541145,Alterileibacterium massiliense,CAG-485 sp900760815,MGYG000004340,Anaerocolumna aminovalerica,ER4 sp900317525,MGYG000002005,UBA7102 sp900760085,Desulfovibrio desulfuricans,CAG-590 sp900548855,Phascolarctobacterium sp900545535,MGYG000004327,Sutterella sp900764215,Alistipes timonensis,MGYG000003837,MGYG000004710,Prevotella sp900546535,Acutalibacter sp000435395,MGYG000000378,Anaerosacchariphilus sp014290175,F23-B02 sp003533405,Clostridium_Q sp000435655,CAG-484 sp900554385,Muricomes sp900604355,Enterocloster sp900543885,Criibacterium bergeronii,Prevotellamassilia sp900556465,UBA5446 sp900752445
rep478_seed2503	Massilioclostridium coli,MGYG000002212,Faecalimonas umbilicata,Kluyvera sp902363335,Escherichia fergusonii,Ruminococcus_B gnavus,UBA10677 sp003533505,Blautia sp002161285,QALR01 sp900553085,MGYG000004010,CAG-110 sp900549495,Bacteroides fragilis,MGYG000003061,UBA1232 sp900544815,UBA11471 sp900547555,MGYG000001832,Alistipes sp001941065,MGYG000001727,MGYG000002005,Lachnoclostridium_B sp900066765,Phascolarctobacterium sp900544795,MGYG000004891,MGYG000002053,Muricomes sp900604355,Dysosmobacter sp900763685,Caecibacter sp003467125,Streptococcus equinus,Enterocloster sp900555045,Veillonella dispar,COE1 sp900753305,Prevotella sp900769055,Campylobacter_A concisus_F,MGYG000003254,Streptococcus sp900755085,Faecalibacterium prausnitzii_F,Eggerthella sp014287365,Faecalitalea cylindroides,Phocaeicola ilei,MGYG000000694,CAG-302 sp000431795,MGYG000000566,MGYG000004327,MGYG000001906,Prevotella sp002480935,Enterocloster asparagiformis,CAG-115 sp003516865
rep479_seed2504	Mediterraneibacter sp002314255,MGYG000003167,Anaerosacchariphilus sp900066385,Murimonas intestini,Bulleidia sp900539965,Pseudobutyrivibrio fibrisolvens_A,MGYG000000594,UMGS1004 sp900761685,Marvinbryantia sp900544685,MGYG000004782,MGYG000003778,Lactobacillus amylovorus,Collinsella sp900756725,Butyrivibrio_A crossotus,Collinsella sp003439125,Streptococcus parasanguinis,Collinsella sp900554985,Gordonibacter sp003339845,Collinsella sp900551655,Collinsella sp900541785,MGYG000003076,MGYG000002677,Campylobacter_A concisus_P,MGYG000004024,Roseburia sp900756925,MGYG000004377,Marvinbryantia formatexigens,UMGS1002 sp900547565,MGYG000002182,CAG-83 sp902388735,Collinsella sp900761995,MGYG000001219,UBA2821 sp902763335,Alistipes sp900770635,Klebsiella quasipneumoniae,MGYG000003970,NK3B98 sp900545815,UMGS1491 sp900757335,MGYG000002041,Prevotella sp002251295,Agathobacter sp900552085,UBA1740 sp900767415,Parabacteroides timonensis,Bifidobacterium animalis,CAG-127 sp900553925,SFFH01 sp900542445
rep480_seed2505	UMGS1611 sp900553435,UBA5026 sp900557305,MGYG000003162,Odoribacter laneus,Collinsella stercoris,CAG-269 sp900553985,Prevotellamassilia sp900539625,CAG-1031 sp000431215,MGYG000004714,Collinsella sp900765185,MGYG000004873,Intestinibacter sp900540355,CAG-964 sp902789345,Raoultibacter timonensis,QALR01 sp900552255,Faecalibacterium prausnitzii_D,Parabacteroides merdae,UMGS1880 sp900555875,Cutibacterium acnes,MGYG000001839,Collinsella sp900554325,Eubacterium_R sp900539775,MGYG000002629,Butyricimonas paravirosa,F23-B02 sp002472405,UMGS902 sp900546635,Collinsella sp900541205,Alistipes sp900550925,MGYG000002677,MGYG000004700,CAG-390 sp003523225,Eubacterium_R sp900539325,Enterobacter_A timonensis,Dysgonomonas mossii,Bacteroides massiliensis_A,Lactobacillus gallinarum,MGYG000004123,MGYG000003800,UBA4871 sp014467055,CAG-485 sp900554345,Merdimonas sp900553355,MGYG000004854,Collinsella sp900551195,Ruminococcus_A sp003011855,CAG-170 sp900549635,CAG-762 sp000432575
rep481_seed2506	CAG-831 sp902388455,Pantoea brenneri,CAG-45 sp000438375,CAG-485 sp900550645,Paraprevotella sp003477995,Hydrogeniiclostridium sp900550095,MGYG000002613,WG-1 sp900539665,Collinsella sp900540875,UBA5905 sp900764115,Lachnoanaerobaculum orale,Holdemanella sp003436425,Blautia_A sp900541345,GCA-900066135 sp900543575,UBA1394 sp900554975,Collinsella sp900541195,UMGS1865 sp900768535,Collinsella sp900541025,MGYG000000760,MGYG000000763,MGYG000003509,Pantoea ananatis,Escherichia fergusonii,MGYG000001977,Sutterella wadsworthensis_A,UMGS1441 sp900543365,F23-B02 sp900556535,UMGS1663 sp900753245,QAMM01 sp900552945,HGM11368 sp900772745,MGYG000004598,Eggerthella lenta,UBA1820 sp003150615,Pseudobutyrivibrio fibrisolvens_A,MGYG000004621,MGYG000000481,MGYG000003828,Olsenella_E sp003609875,MGYG000003885,Coprococcus_A catus,MGYG000000443,Eisenbergiella sp900066775,MGYG000000350,Prevotella sp000436035,Collinsella intestinalis,UMGS902 sp003343845
rep482_seed2507	Eisenbergiella sp900548905,Enterocloster sp900538485,MGYG000001977,MGYG000001969,MGYG000002058,Collinsella sp900757495,Collinsella sp900541745,Prevotella sp000436035,Fusobacterium animalis,Ruminiclostridium_E siraeum,Haemophilus_D parainfluenzae_L,Bacteroides thetaiotaomicron,UMGS1537 sp900552695,MGYG000003833,Bacteroides neonati,CAG-831 sp902388455,Plesiomonas shigelloides,CAG-269 sp001916055,MGYG000002089,Veillonella sp900550175,MGYG000000699,CAG-83 sp900552475,Prevotella sp900316565,MGYG000004609,MGYG000003578,MGYG000004235,MGYG000003470,MGYG000004384,Phascolarctobacterium_A sp900551335,MGYG000001805,Holdemanella sp900547815,MGYG000002025,Acetatifactor sp900755865,Zag1 sp000438175,MGYG000004811,Angelakisella sp900552845,UBA11471 sp900542765,MGYG000004621,UBA3766 sp900769175,Phocaeicola sp900066455,Faecalimonas sp900546325,Collinsella sp900552875,MGYG000001181,MGYG000003323,MGYG000000390,Dialister sp900547785
rep483_seed2508	Bifidobacterium bifidum,Eubacterium_I sp900557275,Eubacterium_T sp900766045,Serratia marcescens_I,Hafnia alvei,MGYG000002005,Ruminococcus_D sp900752625,CAG-196 sp002102975,MGYG000001954,MGYG000004002,Enorma massiliensis,UMGS966 sp900761965,MGYG000002627,RUG023 sp900315435,Alistipes sp900553175,UMGS172 sp900539855,MGYG000000605,Acetatifactor sp003447295,F082 sp002633315,MGYG000002025,MGYG000002691,Prevotella sp000436035,Alistipes sp002358415,Clostridium_Q saccharolyticum_A,CAG-269 sp900754285,Gemella morbillorum,UBA1394 sp900538575,Zag111 sp900551965,Enterocloster sp900555045,Yersinia frederiksenii,Prevotella sp002299275,QANA01 sp003149735,NK3B98 sp900545815,VUNA01 sp002299625,Haemophilus influenzae,ER4 sp900317525,Haemophilus_D parainfluenzae_N,Raoultella ornithinolytica,MGYG000004085,UMGS902 sp900761025,Mobilibacterium sp900315625,Amedibacillus dolichus,Pseudomonas_E bubulae,Alistipes finegoldii,MGYG000004127,UMGS731 sp900544985
rep484_seed2509	F0040 sp000318095,MGYG000001977,Prevotella amnii,MGYG000000674,Enterococcus_B faecium,MGYG000001915,MGYG000003076,Agathobaculum desmolans,MGYG000003322,TM7x sp900555265,Ruminiclostridium_E sp900768735,Yersinia enterocolitica,MGYG000004116,Mediterraneibacter faecis,CAG-180 sp000432435,MGYG000001061,MGYG000003788,Phocaeicola sp002161565,Zag1 sp000433095,UBA1191 sp900542385,Blautia_A luti,Blautia_A sp003471165,CAG-353 sp900066885,Prevotella denticola,Bifidobacterium adolescentis,Collinsella sp900754385,Butyricimonas sp003479425,HGM11507 sp900761005,MGYG000003876,Enterobacter cancerogenus,Bacteroides graminisolvens,Citrobacter_A amalonaticus,MGYG000004364,Collinsella sp900554325,Collinsella sp900544135,Collinsella sp900761995,MGYG000002738,Ruminococcus_E sp900755995,CAG-110 sp900553805,Parabacteroides sp900540715,UBA9475 sp900549885,MGYG000004895,Caecibacter sp003467125,UBA10281 sp900556195,Lachnoclostridium_B sp000765215,Collinsella sp900544095
rep485_seed2510	MGYG000003296,Bacillus_A luti,Absicoccus sp000434355,MGYG000002046,Actinomyces oris,CAG-628 sp003524085,MGYG000002099,MGYG000004558,MGYG000001899,MGYG000002712,Prevotella salivae,UBA1417 sp900549945,MGYG000000860,NK3B98 sp900752305,UBA4644 sp900763355,UMGS1591 sp900553255,MGYG000003356,MGYG000003936,Ruminococcus sp900540005,Alistipes sp902388705,Acinetobacter johnsonii,MGYG000002772,UBA1417 sp002305575,CAG-83 sp900555735,Parolsenella uli_B,MGYG000003716,MGYG000004598,CAG-495 sp900551585,Fenollaria massiliensis,Blautia_A sp900540785,Eubacterium_R sp900539325,MGYG000003898,MGYG000004628,Collinsella sp900541745,Megasphaera sp001546855,Streptococcus sp900755085,CAG-269 sp900762425,Varibaculum timonense,MGYG000002614,Collinsella sp900552145,Citrobacter_A farmeri,Dialister sp900538805,UBA1777 sp003150355,Duncaniella dubosii,Lancefieldella sp900555335,Bacteroides clarus
rep486_seed2511	UBA1822 sp002314995,Collinsella sp900547805,Lactobacillus helveticus,Alistipes sp900549305,Bacilliculturomica massiliensis,Alistipes_A sp900240235,Prevotellamassilia sp900541575,CAG-317 sp900543415,Superficieibacter sp900766525,Phascolarctobacterium_A sp900553055,Collinsella sp900549345,F0422 sp003999875,Parasutterella excrementihominis,MGYG000003910,NK3B98 sp900545815,Clostridium sp001916075,Veillonella sp900550455,Campylobacter_B hominis,Lactobacillus amylovorus,CAG-632 sp900539185,Acetatifactor sp900771995,SFHK01 sp004556395,Clostridium_B tyrobutyricum,MGYG000001566,Gemmiger formicilis,Ruminococcus_C sp000980705,MGYG000004068,Mixta calida,Lactococcus lactis_E,UBA1786 sp900771425,MGYG000004669,MGYG000003509,Alistipes sp002161445,CAG-590 sp900769115,UBA1390 sp900764045,CAG-95 sp900553305,Firm-11 sp900548145,Prevotella bergensis,Haemophilus_D parainfluenzae,Streptococcus mutans,Lawsonibacter sp900549405,CAG-110 sp900762245,CAG-485 sp002491165,Ellagibacter isourolithinifaciens,Collinsella sp900755685,Mediterraneibacter sp900541505
rep487_seed2512	CAG-632 sp900539185,CAG-411 sp000437275,MGYG000000377,Collinsella sp900554585,CAG-354 sp900553015,Blautia_A sp900553515,MGYG000002213,Sneathia amnii,Streptococcus parasanguinis_B,MGYG000002674,MGYG000002758,MGYG000003839,MGYG000000735,CAG-724 sp003524145,CAAEEV01 sp900754955,CAG-56 sp900762665,Ruminococcus_A sp003011855,Eubacterium_R sp900540235,Lancefieldella sp902373375,Dysgonomonas sp900079735,MGYG000002209,MGYG000004699,Streptococcus sp902363395,MGYG000002089,Robertmurraya massiliosenegalensis,UBA7102 sp900760085,Methanobrevibacter_A oralis,ER4 sp003522105,Coprococcus sp900066115,Tidjanibacter inops_A,Clostridium sp900766315,Acinetobacter baumannii,Bacteroides graminisolvens,MGYG000000339,Aggregatibacter segnis,MGYG000002686,Ruminococcus_E sp900755995,Eubacterium_M sp900540015,Collinsella sp900551665,Collinsella sp900549185,MGYG000001632,Faecalimonas phoceensis,Haemophilus_A parahaemolyticus,Coprobacillus cateniformis,Blautia_A sp900551715,Prevotella denticola
rep488_seed2513	Prevotellamassilia sp000437675,CAG-269 sp001916065,Mediterraneibacter sp900761655,UBA737 sp900549055,Dialister sp900759415,Vibrio parahaemolyticus,Parabacteroides sp900541965,MGYG000004119,Rubneribacter badeniensis,Citrobacter portucalensis,Lacrimispora sp902363735,Streptococcus sp001556435,RC9 sp900769145,MGYG000000398,Collinsella sp900552995,Kosakonia cowanii,UMGS1826 sp900555435,CAG-964 sp902789345,Ruminococcus_D sp900539835,QAMX01 sp003149835,Phocaeicola sp900551645,Faecalibacterium sp900772565,Faecalibacillus sp003480255,UBA737 sp900554525,MGYG000004657,Collinsella sp900548075,Porphyromonas_A sp001808555,Prevotella sp900556275,QAMH01 sp900556425,Clostridium sp900540255,Parasutterella excrementihominis,V9D3004 sp002349525,Prevotella sp900290275,Megasphaera sp900539295,Collinsella sp900542315,UBA737 sp900547305,CAG-238 sp000435615,Lachnospira sp000436535,MGYG000001840,MGYG000003978,Enterobacter sichuanensis,UMGS1002 sp900547565,MGYG000001133,Dorea_A sp900550865,GCA-900066135 sp900543575,Eubacterium_G sp000435815
rep489_seed2514	Collinsella sp900554985,Roseburia sp003483745,Dorea_A longicatena,MGYG000004599,Veillonella sp900550175,Agathobaculum sp900557315,Porphyromonas sp900548415,UBA1259 sp900760875,Lawsonibacter sp900066645,MGYG000002828,Phascolarctobacterium faecium,UBA2883 sp002103075,Anaerococcus vaginalis_B,Lentilactobacillus hilgardii,MGYG000001850,MGYG000000632,Odoribacter massiliensis,Pantoea septica,Collinsella sp900544755,Eisenbergiella sp900548905,Prevotella sp900557255,MGYG000003837,MGYG000004035,UBA5394 sp003150565,Streptococcus sp900555155,F23-B02 sp900545805,Prevotella sp002350355,MGYG000000425,TF01-11 sp001414325,Collinsella sp900549025,MGYG000003950,MGYG000004304,Veillonella rogosae,MGYG000004817,Alistipes sp900760675,UBA1390 sp002305315,MGYG000004247,Lactiplantibacillus plantarum,CAG-485 sp900554345,HGM14224 sp900761905,Fusobacterium_A sp900015295,MGYG000000691,Parabacteroides johnsonii,HGM11501 sp900766735,Bifidobacterium breve,MGYG000004774
rep490_seed2515	MGYG000004664,QALS01 sp003150575,MGYG000003923,Klebsiella_A oxytoca,Yersinia kristensenii_B,Butyricicoccus_A sp002395695,CAG-110 sp900546915,Catenibacterium sp900540665,Blautia_A hydrogenotrophica,QALW01 sp003150515,Duodenibacillus sp900542805,Lactobacillus hominis,TF01-11 sp900759665,MGYG000004791,UMGS911 sp900546695,Gemmiger variabilis,UBA2882 sp900542015,Erysipelatoclostridium saccharogumia,Fournierella sp900543285,Hydrogeniiclostridium sp900752115,Niameybacter sp900549765,SFFH01 sp900548125,Providencia rettgeri,Limosilactobacillus fermentum,Streptococcus sp900546335,MGYG000002685,Enterobacter chengduensis,Marseille-P4683 sp900232885,MGYG000004774,MGYG000000759,Roseburia intestinalis,MGYG000004654,Faecalibacterium prausnitzii_I,RC9 sp900546445,MGYG000003112,Veillonella tobetsuensis,MGYG000000574,Prevotella sp900553465,Collinsella sp900762015,MGYG000002041,TF01-11 sp003149875,Terrisporobacter sp902363255,Pauljensenia sp900556405,MGYG000001242,MGYG000004432,UBA737 sp900554525
rep491_seed2516	UMGS1370 sp900551135,Holdemania filiformis,MGYG000000456,Erysipelatoclostridium spiroforme,Fusobacterium sp000235465,CAG-145 sp000435715,Leclercia adecarboxylata_C,Eubacterium_R sp900539845,Enterobacter cloacae_K,UMGS966 sp900547185,Dysosmobacter sp900556925,Massilistercora timonensis,Peptoniphilus_A senegalensis,RC9 sp900546445,Oxalobacter sp900760095,Lachnospira sp900545725,CAG-83 sp900551355,Alloscardovia omnicolens,Haemophilus influenzae,Schaedlerella sp900066545,Megasphaera sp900548635,UMGS902 sp900761025,Citrobacter werkmanii,UBA5446 sp900544295,Paramuribaculum sp000431155,S5-A14a sp000758905,Bruticola sp900772775,Collinsella sp900541285,Terrisporobacter sp900557165,Blautia_A schinkii,Enterocloster sp900547035,Prevotella sp900540415,CAG-95 sp900066375,Eubacterium_F sp900539115,UBA1691 sp900552985,Collinsella sp900754525,Dialister sp900547785,MGYG000002646,UMGS1975 sp900546685,CAG-110 sp900540635,HGM13006 sp900757695,Eubacterium_F sp000433735,Lawsonibacter sp900764755,CAG-452 sp900770415,NSJ-61 sp003433845,Gemella sanguinis
rep492_seed2517	Phocaeicola sp900544075,MGYG000003270,MGYG000000752,Clostridium_P massiliamazoniense,UMGS1880 sp900555875,Sellimonas sp002161525,CAG-127 sp900553925,COE1 sp001916965,MGYG000004080,UBA4372 sp900766785,Faecalibacillus intestinalis,Acutalibacter sp900755895,UBA7160 sp902363665,UMGS1202 sp900549565,Parasutterella sp900766055,MGYG000004628,MGYG000003897,Bulleidia sp900554555,UBA10677 sp003533505,Prevotella denticola,Gabonibacter massiliensis,MGYG000004599,CAG-449 sp900551385,Alistipes_A sp900546005,Hydrogeniiclostridium mannosilyticum,Gemmiger formicilis,MGYG000002086,CAG-314 sp000437915,Barnesiella sp002159975,Campylobacter_A concisus_R,CAG-269 sp900552555,AM51-8 sp900761925,Prevotella buccalis,MGYG000004895,UBA3388 sp900546465,Collinsella sp900551655,Bacteroides_F pectinophilus,Gemmiger sp900540775,CAG-317 sp000433215,CAG-110 sp000434635,UBA7173 sp001915385,MGYG000004604,MGYG000002069,MGYG000000585,Eubacterium_G sp000434315,UBA9502 sp900555625
rep493_seed2518	Fusobacterium_A ulcerans_A,Pseudoruminococcus massiliensis,MGYG000000342,CAG-83 sp900756715,CAG-81 sp900066785,Collinsella sp900549215,Oxalobacter formigenes,CAG-81 sp900066055,MGYG000003934,Roseburia hominis,Agathobacter sp900543445,UMGS1781 sp900555075,MGYG000003773,Porphyromonas_A sp900541275,Holdemanella sp003436425,Prevotella sp900556825,Bacteroides caccae,Marvinbryantia sp900544685,Roseburia sp900753715,MGYG000004669,UBA11774 sp003507655,Peptoniphilus_B sp000478985,MGYG000004188,HGM14224 sp900761905,MGYG000001717,Collinsella sp900555745,Anaerobutyricum sp900754855,Dysosmobacter sp001916835,MGYG000004405,MGYG000004599,UBA5446 sp900545405,Eubacterium_G ventriosum,MGYG000001808,MGYG000001858,Bruticola sp004554425,Mediterraneibacter sp900751785,Lawsonibacter sp900550705,Weissella viridescens,Massiliomicrobiota sp002160865,UMGS1491 sp900757335,Duncaniella sp900762315,Campylobacter_A concisus,UBA5394 sp003150565,Collinsella sp900556285,Citrobacter_B koseri,Rothia sp001808955
rep494_seed2519	CAG-103 sp900317855,Negativibacillus massiliensis,Prevotella sp900540415,Campylobacter_A concisus_W,UMGS1225 sp900549725,MGYG000004793,Collinsella sp900549355,MGYG000002215,MGYG000004700,Bifidobacterium sp002742445,QAKD01 sp003343965,Prevotella jejuni,Citrobacter portucalensis_A,V9D3004 sp002349525,Bifidobacterium breve,CAG-354 sp900553015,Prevotella sp900550035,UBA5446 sp900759385,MGYG000000586,Prevotellamassilia sp000437675,Neisseria gonorrhoeae,MGYG000002585,CAG-353 sp900066885,CAG-314 sp900551395,MGYG000002115,SFJ001 sp004555865,MGYG000002204,MGYG000003917,Bacteroides thetaiotaomicron,Blautia sp900547685,RC9 sp900771005,Proteus penneri,Prevotella veroralis,Porphyromonas asaccharolytica,MGYG000002150,Collinsella sp900757495,MGYG000000761,MGYG000002198,MGYG000001585,Ruminiclostridium_E sp900768735,UBA1777 sp900549645,MGYG000000574,NSJ-61 sp003433845,Dielma sp001305055,Anaeromassilibacillus sp002159845,MGYG000001914
rep495_seed2520	Peptococcus niger,CAG-279 sp900544305,Phocaeicola sp902388365,Collinsella sp900762015,MGYG000000589,MGYG000004611,CAG-495 sp001917125,CAG-877 sp900548695,Collinsella sp900547855,Campylobacter_A concisus_R,Bacteroides togonis,MGYG000004700,QALS01 sp900552625,MGYG000000286,Ruminococcus_C sp900770195,CAG-1193 sp900550145,UBA1409 sp002338885,MGYG000003977,WG-1 sp900539665,Lacticaseibacillus rhamnosus,MGYG000002107,F0040 sp900095835,Collinsella sp900552155,F082 sp900542475,Phocaeicola sp000432735,Paraclostridium tenue,Alistipes sp900769445,Clostridium_J ihumii,Fusicatenibacter sp900772675,Prevotellamassilia sp900541575,MGYG000001979,CAG-303 sp000437755,UMGS1839 sp900555545,MGYG000002758,MGYG000002035,Bacteroides eggerthii,UMGS1851 sp900555605,UBA7185 sp900556545,UBA4285 sp900545225,MGYG000004818,CAG-269 sp000435535,CAG-103 sp900317855,NK3B98 sp900752305,Collinsella sp900553415,Pseudobutyrivibrio fibrisolvens_A,MGYG000000586
rep496_seed2521	Eisenbergiella sp900544445,MGYG000002730,MGYG000004586,MGYG000002791,Lancefieldella sp900555335,Prevotella sp002350355,CAG-127 sp900766925,UMGS1572 sp900553045,Veillonella sp900545205,CAG-95 sp900066375,Caecibacter sp900549385,UBA6398 sp900550635,Eubacterium_M sp900540015,Collinsella sp900761155,CAG-831 sp902388455,Prevotella sp900765465,MGYG000004881,CAG-110 sp900548795,MGYG000001921,Bacteroides sp007896885,AM07-15 sp003477405,Collinsella sp900542325,Collinsella sp900543845,Bifidobacterium dentium,MGYG000003647,MGYG000001811,Agathobaculum sp003481705,Porphyromonas sp900548415,CAG-495 sp001917125,Ligilactobacillus agilis,UBA738 sp900763675,Prevotella sp002265625,MGYG000003211,GCA-900066495 sp902362365,Collinsella sp900760905,MGYG000004174,MGYG000000587,Bacteroides fragilis,MGYG000002053,UBA1691 sp900549825,CAG-831 sp900544175,Barnesiella sp002159975,MGYG000004209,Ruminococcus_G gauvreauii,Acidaminococcus fermentans,Roseburia sp900550935
rep497_seed2522	CAG-170 sp003516765,F0422 sp003999875,UBA4372 sp900766785,Faecalibacterium prausnitzii_H,MGYG000002901,MGYG000004231,MGYG000004258,NSJ-50 sp014385105,MGYG000004817,MGYG000003863,CAG-485 sp002491165,Pauljensenia turicensis,MGYG000003212,Faecalimonas sp000209385,MGYG000000621,CAG-269 sp900760175,Faecalimonas phoceensis,Parabacteroides sp900548175,CAG-312 sp002437405,UMGS1071 sp900541905,Pseudomonas_E bubulae,CABIZH01 sp902363205,Anaerotignum faecicola,UBA5905 sp900549155,Collinsella sp900555555,CAG-313 sp900539265,Collinsella sp900550835,Yersinia aleksiciae,MGYG000001048,Slackia exigua,MGYG000004197,Ruminococcus sp900545125,Holdemanella sp002299315,Porphyromonas uenonis,Parasutterella excrementihominis,Collinsella sp900548515,Yokenella regensburgei,CAG-170 sp002404795,Angelakisella sp004557855,Fusobacterium nucleatum_E,MGYG000003441,Haemophilus_D parainfluenzae_L,CAG-103 sp900543625,MGYG000002692,Bulleidia moorei,CAG-590 sp000431135
rep498_seed2523	Collinsella sp900554655,MGYG000001809,Parabacteroides johnsonii,CAG-465 sp900554875,CAG-83 sp900545495,MGYG000000594,Streptococcus infantarius,Parolsenella sp900552935,Collinsella sp900760245,MGYG000004857,Prevotella sp000436915,Dysosmobacter sp900544955,MGYG000004519,MGYG000004068,Paramuribaculum sp001689535,Prevotellamassilia sp900539625,Streptococcus lutetiensis,MGYG000004656,Holdemania filiformis,Anaeroglobus micronuciformis,MGYG000002041,Prevotellamassilia sp004552865,Coprococcus sp900548215,Epilithonimonas bovis,CAG-110 sp900546415,HGM12814 sp900770165,MGYG000003747,Cutibacterium acnes,UBA7173 sp001701135,Collinsella sp900556205,CAAEEV01 sp900754955,MGYG000002769,Bacteroides acidifaciens,Phascolarctobacterium_A sp900552855,CAG-194 sp000432915,Enterobacter roggenkampii,UBA7057 sp900543675,Paraprevotella sp900760455,UBA2821 sp902763335,Prevotella sp900553595,Roseburia sp003483745,Enterocloster sp900753815,MGYG000002675,Prevotella sp900770395,UMGS1518 sp900552575,Alistipes senegalensis
rep499_seed2524	UMGS1293 sp900754495,MGYG000003167,Collinsella sp900542155,Prevotella lascolaii,MGYG000002809,Bariatricus massiliensis,Prevotella sp900770395,Anaerococcus sp900550345,Desulfovibrio legallii,CAG-115 sp900768705,Collinsella sp900757285,Blautia_A obeum,Haemophilus influenzae,Blautia_A sp003471165,MGYG000002675,UMGS1663 sp900753245,Odoribacter splanchnicus,CAG-83 sp900545495,MGYG000003837,Alistipes_A indistinctus,Faecalibacillus faecis,Ruminococcus_F champanellensis,CAG-194 sp000432915,MGYG000004558,CAG-510 sp900550475,Allisonella pneumosintes,MGYG000002732,Desulfovibrio sp900540515,Prevotella sp900553465,MGYG000004572,Yersinia massiliensis,HGM11501 sp900766735,S5-A14a sp000758905,Yersinia aleksiciae,RUG11247 sp902767315,MGYG000004765,Bacteroides faecis,MGYG000003945,Pantoea anthophila,MGYG000004213,Butyricimonas sp900184685,CAG-269 sp001916035,Hungatella sp005845265,Bifidobacterium bifidum,MGYG000004594,MGYG000004118
rep500_seed2525	QALS01 sp900552625,Ligilactobacillus sp900765635,Bilophila sp900553145,UBA11524 sp900769075,Collinsella sp900757505,MGYG000003977,Butyricimonas paravirosa,Parabacteroides sp900541965,CAG-488 sp900554995,CAG-302 sp900554615,MGYG000004651,Scardovia wiggsiae,Akkermansia sp001580195,UBA4372 sp900543815,Anaerostipes hadrus_A,Streptococcus sp902373455,Prevotella timonensis,MGYG000004496,Enterocloster sp900770345,Mediterraneibacter sp900541505,Brachyspira pilosicoli,CAG-269 sp000435535,Limosilactobacillus vaginalis_A,SFDP01 sp900770785,Anaerotruncus massiliensis,Lachnoclostridium_B phocaeensis,Acidaminococcus fermentans,UBA1777 sp002320035,Collinsella sp003439125,Prevotella sp900550035,CAG-45 sp000438375,Citrobacter werkmanii,Odoribacter laneus,MGYG000002058,Enterocloster sp900555045,MGYG000000433,UBA3818 sp900557155,UBA7173 sp900759895,MGYG000004169,Bacteroides neonati,MGYG000002646,MGYG000002691,Parolsenella uli_B,Mediterraneibacter_A butyricigenes,MGYG000004366,MGYG000000710
rep501_seed2526	Acinetobacter baumannii,CAG-245 sp000434195,Enterococcus_B faecium,GCA-900066135 sp900066135,Prevotella sp900556825,CAG-145 sp900540145,CAG-180 sp004556705,Firm-10 sp004552515,Blautia_A sp900542045,Paraclostridium tenue,Collinsella sp900550205,CAG-279 sp900544305,MGYG000000677,Collinsella sp900546115,Blautia_A sp900541985,MGYG000001049,MGYG000003304,MGYG000004100,Phocaeicola coprophilus,Dorea formicigenerans,MGYG000002075,Exiguobacterium sp003467445,Prevotella sp900317685,Coprococcus_A catus,Eisenbergiella sp900544445,MGYG000001868,MGYG000004756,Agathobaculum sp900555465,MGYG000004721,Bacteroides salyersiae,MGYG000002052,Streptococcus mitis_D,Alistipes_A sp900240235,Clostridium septicum,Mediterraneibacter sp900751785,MGYG000004713,Collinsella sp900752475,CAG-115 sp000432175,Bacteroides eggerthii,UBA9475 sp900554075,MGYG000003913,Lactobacillus gallinarum,Coprococcus sp900066115,MGYG000004598,Collinsella sp900544115,MGYG000003207
rep502_seed2527	Enterocloster clostridioformis_A,UBA1786 sp900771425,TM7x sp900555675,Phocaeicola coprophilus,UBA5446 sp900545405,MGYG000001870,Desulfovibrio legallii,Providencia alcalifaciens,HGM11372 sp900767715,Rahnella variigena,MGYG000004745,Dorea formicigenerans,Bacteroides cutis,Lachnospira sp900316325,Phocaeicola plebeius,Phocea massiliensis,Clostridium_Q sp900547735,MGYG000000298,RC9 sp000432515,CAG-110 sp900540635,HGM04593 sp900769465,Neisseria macacae,MGYG000003980,Fusobacterium_A ulcerans,MGYG000001181,UMGS1375 sp900066615,Eubacterium_T sp900766045,MGYG000001996,OM05-12 sp003438995,UBA737 sp900543215,CAG-488 sp000434055,CAG-45 sp000438375,Paraprevotella sp003477995,Pseudoruminococcus massiliensis,Streptococcus sp902363395,Campylobacter_A concisus_I,Bifidobacterium breve,CAG-485 sp900552315,MGYG000002086,CAG-485 sp900321585,Streptococcus sp001556435,Alistipes_A ihumii,MGYG000003308,Acutalibacter sp900543305,MGYG000003897,Fusobacterium_A varium_A
rep503_seed2528	Evtepia sp004556345,Lacrimispora sp000526575,CAG-110 sp000435995,Enterocloster clostridioformis_A,Collinsella sp900554665,MGYG000004380,Methanobrevibacter_A smithii,MGYG000004028,Eubacterium_T sp900766045,UBA1417 sp900549945,CAG-465 sp900554875,Pseudomonas_E massiliensis,Prevotella sp900316565,Ruminococcus_C callidus,UBA1191 sp900543485,Roseburia sp900548205,Alistipes provencensis,UMGS1975 sp900546685,HGM11523 sp900756545,UBA5446 sp900759385,UC5-1-2E3 sp001304875,Bacteroides ovatus,Streptococcus constellatus,MGYG000003045,Enterococcus_A raffinosus,Phocaeicola sp900541515,Dysosmobacter sp004553545,CAG-273 sp003534295,Prevotella denticola,MGYG000004235,CAG-110 sp900549495,CAG-1427 sp900542525,CAG-110 sp900544405,MGYG000004449,Lactococcus_A raffinolactis,Mediterraneibacter sp900541505,Clostridium_E jeddahense,MGYG000002646,Collinsella sp900541055,Faecalibacterium sp900539945,MGYG000002659,Bacteroides thetaiotaomicron,Butyrivibrio_A sp900768755,Pluralibacter gergoviae,Anaerostipes hadrus_A,MGYG000004251
rep504_seed2529	UBA1191 sp900549125,Alistipes_A sp900539755,CAG-110 sp900544705,Agathobacter sp900548765,MGYG000004549,CAG-83 sp900551355,UBA1206 sp000433115,Parabacteroides massiliensis,Bacteroides faecis,Sutterella parvirubra,MGYG000000377,CAG-390 sp000437015,Clostridium neonatale,Veillonella dispar,Cedecea davisae,CAG-83 sp902388735,QALS01 sp003150575,QAMX01 sp003149835,Fusobacterium vincentii,TM7x sp900556355,MGYG000002069,Collinsella sp900758845,Paramuribaculum sp000431155,Collinsella sp900556415,Clostridium_Q sp003024715,MGYG000003995,MGYG000000862,Caecibacter massiliensis,HGM11808 sp900757025,Dysosmobacter sp900550685,Ruminococcus_C callidus,Collinsella tanakaei,Negativibacillus sp900547455,Pauljensenia sp000278725,MGYG000004107,Sporanaerobacter acetigenes,Veillonella sp900545205,MGYG000003747,MGYG000000339,MGYG000004100,CAG-313 sp900539265,MGYG000004547,Bacteroides ndongoniae,Lactobacillus helveticus,Lachnoclostridium_A sp003464085,CAG-110 sp000434635
rep505_seed2530	CAG-877 sp900753325,Enterobacter cloacae_O,UBA2882 sp900542015,UBA2882 sp002362385,Fournierella sp900543285,Roseburia sp900542495,Klebsiella_A michiganensis,MGYG000004383,UMGS1474 sp900547105,CAG-194 sp000432915,Ruminococcus_C sp000980705,Borkfalkia ceftriaxoniphila,CAG-180 sp000432435,MGYG000004123,HGM11575 sp900754775,RUG115 sp900066395,AM07-15 sp003477405,MGYG000002095,UBA1259 sp003523255,Collinsella sp900541045,Enterococcus_B lactis,Collinsella sp900762015,ER4 sp900768135,Bilophila sp900550745,CAG-485 sp900547755,Robertmurraya massiliosenegalensis,MGYG000003328,PeH17 sp900542285,Pantoea anthophila,Collinsella sp900544465,MGYG000004765,Gordonibacter massiliensis,UMGS1202 sp900549565,Absicoccus sp000434355,Alistipes_A sp900240235,Johnsonella sp900766185,MGYG000003301,Phascolarctobacterium_A sp900552855,Rothia mucilaginosa_B,OF09-33XD sp003481995,MGYG000001862,F23-B02 sp003533405,Bacteroides cutis,Collinsella sp900549345,MGYG000004312,Prevotella sp000436595
rep506_seed2531	Parabacteroides bouchesdurhonensis,Bifidobacterium dentium,Negativibacillus sp900547455,MGYG000003837,Haemophilus_D parainfluenzae_M,MGYG000003053,Lawsonella clevelandensis,Agathobacter sp900548765,Streptococcus oralis,Porphyromonas uenonis_A,MGYG000001758,Porphyromonas sp900539765,Alistipes sp002358415,Eisenbergiella sp900066775,COE1 sp001916965,MGYG000003941,Amedibacterium intestinale,UBA1232 sp900544815,Blautia_A sp900547615,Collinsella intestinalis,Blautia sp900541955,Coprococcus sp900548215,MGYG000003273,Lactococcus garvieae,Fusobacterium sp000235465,MGYG000000721,Yersinia mollaretii,Mediterraneibacter lactaris,GCA-900066905 sp900066905,MGYG000003175,UBA1181 sp900769555,Anaerotignum faecicola,Acutalibacter sp900548545,Odoribacter massiliensis,Streptococcus sp902373455,CAG-145 sp900540145,F23-B02 sp004557075,Megasphaera sp900548635,CAG-488 sp000434055,Parabacteroides sp900552465,Paramuribaculum sp000431155,Prevotella melaninogenica,Anaeroglobus massiliensis,Streptococcus sp902363395,Lancefieldella sp000564995,Agathobaculum desmolans
rep507_seed2532	Alistipes_A ihumii,MGYG000001809,UBA7173 sp900546835,Streptococcus oralis,Ruminococcus_D sp900752625,Bacteroides ndongoniae,Acidaminococcus sp900538365,Butyricimonas sp003479425,Muricomes oroticus,CAG-269 sp900553125,UBA9502 sp900540335,Porphyromonas uenonis_A,Hungatella_A hathewayi_A,Enterococcus_D sp002850555,Alistipes sp900553175,MGYG000000727,Robinsoniella peoriensis,Blautia stercoris,Collinsella sp900542315,Prevotella amnii,Psychrobacillus sp012843435,Enterococcus_A raffinosus,CAG-279 sp900544305,Frisingicoccus sp900549105,Enterocloster sp900540675,RC9 sp900769145,UBA7182 sp003480725,Gemmiger variabilis_B,MGYG000004304,UMGS1532 sp900552605,UBA1691 sp900552985,Oxalobacter formigenes,UBA737 sp900547445,SFLA01 sp004553575,Alistipes sp900768045,Blautia sp900547685,MGYG000004793,MGYG000004432,MGYG000003842,RC9 sp900545245,SFDP01 sp900770785,CAG-83 sp902388735,MGYG000004264,Marseille-P3106 sp900169975,UMGS1820 sp900555375,Eisenbergiella sp900550285
rep508_seed2533	UMGS882 sp900757905,Kluyvera ascorbata,MGYG000004172,Eisenbergiella massiliensis,MGYG000004854,MGYG000004753,MGYG000003850,Veillonella sp003463825,Anaerobutyricum sp900754855,Phascolarctobacterium_A sp900553055,MGYG000003778,Collinsella sp900545605,Streptococcus gordonii,MGYG000004664,Eisenbergiella sp900548905,UMGS1815 sp900555345,Bifidobacterium globosum,Bacilliculturomica massiliensis,Eubacterium_F sp003491505,Providencia alcalifaciens,Stomatobaculum longum,Parasutterella excrementihominis,Eubacterium_G sp000432355,MGYG000003970,Anaerosacchariphilus sp002160765,MGYG000002759,Prevotellamassilia sp900541575,MGYG000001833,CAG-873 sp002493945,Enterocloster sp900753815,Lactobacillus gasseri,Marvinbryantia sp900066075,Prevotella buccae,Christensenella sp001678845,Prevotella oralis,MGYG000004039,CAG-115 sp900768125,MGYG000002604,Peptoniphilus_B duerdenii,MGYG000004028,CAG-127 sp900767585,CAG-95 sp000438155,MGYG000004591,Phocaeicola plebeius_A,MGYG000002921,CAG-791 sp000431495
rep509_seed2534	ER4 sp900552375,MGYG000004342,CAG-312 sp002437405,CAG-110 sp900763965,UBA6398 sp003150315,MGYG000004881,Lentilactobacillus hilgardii,MGYG000002585,Parabacteroides distasonis,UBA4871 sp900554535,Acidaminococcus timonensis,Salmonella enterica,MGYG000002614,Bacteroides sp900547205,MGYG000003904,CAG-180 sp000432435,QAMM01 sp003150405,CAG-1427 sp900538545,Dysgonomonas capnocytophagoides,SFMI01 sp004556155,UMGS1397 sp900761355,Clostridium_Q sp900547735,UBA7173 sp001701135,MGYG000001580,MGYG000001106,HGM11788 sp900760465,Yersinia frederiksenii_C,UBA5446 sp900546485,UMGS1783 sp900555065,Clostridium tertium,Eisenbergiella sp900555195,Collinsella sp900548365,Parabacteroides goldsteinii,Butyricimonas faecalis,UMGS1491 sp900757335,GCA-900066135 sp900066135,UBA1191 sp900545775,Muribaculum sp003150235,Butyrivibrio_A sp900768755,MGYG000002921,MGYG000002881,Collinsella sp900546455,Collinsella sp900545875,Clostridium_AP scindens,CAG-349 sp003539515,UMGS1670 sp902406135
rep510_seed2535	MGYG000004864,MGYG000001792,Collinsella sp900759565,MGYG000003021,Megamonas hypermegale,Dysgonomonas sp900079735,Absicoccus sp000434355,UBA1740 sp900767415,MGYG000003747,MGYG000001952,Prevotella sp900767615,Merdibacter sp900543035,Duodenibacillus sp900762555,Streptococcus sp900546335,Lactobacillus gasseri,MGYG000001759,Megasphaera sp900540735,NSJ-63 sp014384805,MGYG000001643,MGYG000003977,Collinsella sp900552295,Fusicatenibacter sp900543115,UBA1394 sp900554975,Collinsella sp900552755,Holdemanella sp003458715,CAG-81 sp000435795,Prevotellamassilia sp000437675,Streptococcus sp900543065,Fenollaria sp900539225,Collinsella sp900550835,Phascolarctobacterium_A sp900544885,CAG-873 sp900554715,Catenibacterium sp900540685,Collinsella intestinalis,Butyrivibrio_A sp000431815,F23-B02 sp004556755,MGYG000000656,Peptoniphilus_E obesi,Phascolarctobacterium_A succinatutens,MGYG000002086,MGYG000001197,Prevotella sp900540415,SFHK01 sp004556395,MGYG000002629,Lactobacillus ultunensis,Firm-11 sp900553905
rep511_seed2536	MGYG000004822,Fusobacterium_A sp900015295,MGYG000003434,MGYG000004193,Lawsonibacter sp900766145,Faecalibacillus intestinalis,RUG11247 sp902767315,HGM12789 sp900766585,MGYG000000400,Prevotellamassilia sp000437675,Clostridium cuniculi,Collinsella sp900543615,Collinsella sp900541645,BX12 sp902363595,Evtepia sp900546255,Enterocloster sp900555045,Prevotella sp900315955,CAG-56 sp900752065,Massilimaliae sp900752435,Ruminococcus_D bicirculans,MGYG000004462,Prevotella sp900548745,Collinsella sp900541285,Citrobacter europaeus,Phocaeicola salanitronis,Niameybacter sp900551325,Muribaculum sp002358615,CAG-180 sp900545625,MGYG000004749,UBA7173 sp900555165,Ruminiclostridium_E sp900556525,Parabacteroides sp900552465,Duodenibacillus sp900762555,UMGS1858 sp900555705,Acetatifactor sp003447295,Clostridium sp900540255,CAG-793 sp000433915,Hungatella_A hathewayi_A,MGYG000004180,CAG-170 sp900555665,CAG-793 sp900557475,Eubacterium_G sp900550135,UMGS1397 sp900551425,MGYG000003441,MGYG000004628,UBA5446 sp900544765
rep512_seed2537	Lachnospira sp000436475,Eubacterium_R coprostanoligenes,MGYG000002107,Muribaculum sp002358615,MGYG000001028,MGYG000003897,Phascolarctobacterium_A sp900541915,Collinsella sp900543615,Yersinia frederiksenii,CAG-274 sp900545305,Eubacterium_G ventriosum,Ligilactobacillus murinus,Eisenbergiella sp900555195,CAG-95 sp900554925,CAG-127 sp900766925,MGYG000003855,Collinsella sp900556365,Lachnoclostridium_B sp000765215,UBA1777 sp003150355,MGYG000004583,Firm-11 sp900540045,Phil1 sp001940855,UMGS1820 sp900555375,Pluralibacter gergoviae,MGYG000002150,Butyricimonas sp900184685,MGYG000003323,ER4 sp900552375,Enterococcus_D sp002850555,Ruminococcus_D sp900539095,Lachnospira sp000436535,Blautia_A sp900551075,Fusobacterium_A varium_A,Slackia_A sp900553775,HGM11616 sp900761075,MGYG000001759,Peptoniphilus_A harei_A,MGYG000000594,UBA5416 sp900539175,Collinsella sp900551665,MGYG000001953,Dialister sp900538805,CAG-196 sp900553895,Enterococcus_D casseliflavus,MGYG000002219,Alistipes_A sp900539755
rep513_seed2538	Prevotella brunnea,Butyricimonas sp900759925,Erysipelatoclostridium ramosum,Lachnospira eligens_A,MGYG000000818,Citrobacter youngae,MGYG000000425,Blautia_A faecis,Eubacterium_R sp900767025,MGYG000003777,MGYG000004824,KLE1615 sp900066985,Peptostreptococcus russellii_A,Enterobacter asburiae_B,Campylobacter_A concisus,MGYG000000450,HGM11507 sp900761005,CAG-110 sp900762935,Fusobacterium_A sp900549465,Eisenbergiella sp900555195,UBA1409 sp002338885,MGYG000004756,Alistipes sp900770635,Parvimonas sp001553085,Collinsella sp900547345,Enterocloster sp900543885,Enterocloster asparagiformis,Moellerella wisconsensis,Collinsella sp900550205,Yersinia kristensenii_B,Evtepia gabavorous,MGYG000004310,HGM13010 sp900754965,MGYG000004398,MGYG000004411,Alistipes sp900542505,MGYG000000627,Citrobacter freundii,MGYG000004583,Haemophilus_D sp900756875,CAG-873 sp001701165,Prevotella rara,Weissella viridescens,MGYG000000398,Coprobacter secundus,CAG-317 sp900543415
rep514_seed2539	Sutterella seckii_A,Anaerobutyricum sp900754855,Dialister sp900541485,Gemmiger formicilis,UBA7173 sp900555165,Schaedlerella sp900066545,MGYG000002182,Streptococcus gordonii,Bifidobacterium pseudocatenulatum,Dialister sp900759415,Scardovia wiggsiae,Serratia liquefaciens,MGYG000003747,MGYG000000286,MGYG000003842,Lawsonibacter sp902363045,MGYG000000432,Paraeggerthella hongkongensis_A,MGYG000000356,Mediterraneibacter sp900555215,Ruminococcus_D sp900539835,UBA2821 sp902763335,Agathobaculum butyriciproducens,MGYG000001181,Catenibacterium sp900540665,Beduini sp902363625,CAG-110 sp900546415,Eubacterium_G ventriosum,UMGS1491 sp900757335,Merdibacter sp900754715,Barnesiella sp003150885,MGYG000003884,MGYG000001685,MGYG000000377,MGYG000000348,MGYG000004408,Faecalibacillus sp900544435,Extibacter muris,Clostridium disporicum_A,Romboutsia timonensis,Peptacetobacter sp900539645,Eubacterium_R sp900539325,MGYG000004591,CAG-791 sp000431495,Lagierella massiliensis,Collinsella sp900554465
rep515_seed2540	Collinsella phocaeensis,CAG-177 sp000431775,Bacteroides ndongoniae,Alistipes sp900550925,Rothia mucilaginosa_B,Mediterraneibacter lactaris,UMGS1441 sp900551755,Streptococcus sp900546335,MGYG000004180,MGYG000003322,Collinsella sp900541645,Eisenbergiella tayi,MGYG000001195,Catenibacterium sp900540685,Phocaeicola sp900544675,Bacteroides sp003545565,Alistipes_A sp900545315,MGYG000002076,HGM12669 sp900761935,Blautia sp900555025,Phocaeicola sp900066445,Duodenibacillus sp900552915,MGYG000000862,Lachnoclostridium_A edouardi,Lactobacillus apis,MGYG000004127,Mailhella sp900553065,RF16 sp900766775,HGM11808 sp900757025,CAG-354 sp900552655,Bifidobacterium pseudocatenulatum,UBA1691 sp900544715,SFTJ01 sp004557385,UMGS1002 sp900547565,Alistipes_A sp900549685,MGYG000004586,Alistipes sp900770635,UMGS1858 sp900555705,UMGS946 sp900544965,CAG-274 sp000432155,Klebsiella_A michiganensis,MGYG000000386,MGYG000003897,Anaerococcus lactolyticus,UBA1191 sp900542385,Collinsella sp008014645
rep516_seed2541	RUG420 sp900542575,MGYG000004122,Agathobaculum butyriciproducens,Catenibacterium mitsuokai,GCA-900066135 sp900066135,MGYG000002223,Bacteroides bouchesdurhonensis,Merdimonas sp900553355,Coprococcus eutactus,Olsenella_B sp000752675,Gastranaerophilus phascolarctosicola,MGYG000002069,Collinsella sp900541285,UMGS911 sp900546695,Dysosmobacter sp900546705,Prevotella rara,Clostridium sp900547475,Streptococcus sp900543065,Eubacterium_R sp900539325,MGYG000002713,UBA636 sp900546285,MGYG000004127,Collinsella sp900757385,Agathobacter sp900547695,PeH17 sp000435055,MGYG000001679,MGYG000002758,CAG-180 sp900540295,MGYG000000640,Acidaminococcus sp900770265,Prevotella buccae,MGYG000004496,Enorma sp900751795,Lachnospira sp900316325,UMGS1241 sp900549955,MGYG000002743,CAG-110 sp900544405,Faecalimonas phoceensis,Collinsella sp900544875,Salinicola tamaricis,Collinsella sp900550415,MGYG000001833,UBA1417 sp002305575,UMGS946 sp900544965,MGYG000003910,Prevotella sp900315955
rep517_seed2542	Bifidobacterium scardovii,Schaedlerella glycyrrhizinilytica,CAG-791 sp000431495,Duodenibacillus sp900762555,UBA5809 sp002417965,MGYG000001969,Anaerotignum faecicola,Clostridium butyricum,UMGS1826 sp900555435,Ligilactobacillus agilis,Porphyromonas uenonis,MGYG000002095,Prevotella sp900554695,MGYG000002683,MGYG000000688,UBA1691 sp900544715,Firm-11 sp900548145,CAG-1193 sp900550145,Prevotella timonensis,CAG-170 sp003516765,Senegalimassilia anaerobia,CAG-110 sp900551495,Mediterraneibacter sp900555215,Prevotella sp002350355,MGYG000001840,MGYG000004586,Desulfovibrio piger,Yersinia pestis,Campylobacter_A concisus_I,CAG-83 sp900552475,Collinsella sp900548565,CAAEEV01 sp900754955,Victivallis sp002998355,Muricomes contortus_B,Peptoniphilus_A lacrimalis,MGYG000003904,Pantoea brenneri,Phocaeicola sp000434735,MGYG000003885,MGYG000000456,MGYG000001775,CAG-873 sp900554715,UMGS1418 sp900551595,Bulleidia sp900539965,MGYG000000632,Dorea_B phocaeensis
rep518_seed2543	CAG-465 sp900554875,Prevotella oris,Enterococcus_B faecium,MGYG000002699,CAG-449 sp900551385,Citrobacter_B koseri,MGYG000001683,UMGS1370 sp900542035,Parabacteroides bouchesdurhonensis,HGM13006 sp900756575,RC9 sp900760425,CAG-793 sp900557475,MGYG000002683,MGYG000002714,Collinsella sp900765115,RC9 sp900546395,Prevotella sp002251365,MGYG000004745,QALR01 sp900542425,MGYG000002067,Cronobacter sakazakii,Massilistercora timonensis,CAG-831 sp000432775,Lachnospira sp000436535,Collinsella sp900556205,Duodenibacillus sp900762555,MGYG000004857,MGYG000000411,UMGS1783 sp900555065,ER4 sp900550165,UMGS1901 sp900553755,Psychrobacillus sp012843435,CAG-115 sp002492075,Streptococcus sobrinus,RC9 sp000434935,TF01-11 sp003149875,Providencia rettgeri_D,ER4 sp003522105,Mobilibacterium timonense,MGYG000001837,CAG-170 sp000436735,Blautia sp900753905,MGYG000001811,Prevotella sp900316565,MGYG000004756,MGYG000000505
rep519_seed2544	Christensenella sp001678845,MGYG000002791,QALS01 sp003150575,Streptococcus sp000187445,MGYG000004702,MGYG000003061,Prevotella oris,MGYG000004210,UBA10281 sp900767885,Porphyromonas asaccharolytica,Lactobacillus paragasseri,MGYG000003915,Anaerotruncus massiliensis,Collinsella sp900548935,MGYG000003707,UBA1409 sp002338885,Prevotella sp900552675,UMGS1441 sp900543365,MGYG000002122,Ruminiclostridium_E sp900539195,MGYG000003917,CAG-312 sp002405555,Enterocloster asparagiformis,Gemmiger variabilis,Butyricimonas faecalis,Ruminococcus_C sp000437175,CAG-110 sp900544975,UBA7597 sp900542935,Pauljensenia radingae_A,MGYG000002654,Collinsella sp900540875,UMGS911 sp003343545,MGYG000004800,CAG-83 sp001916855,Veillonella sp900550175,Faecalimonas sp900550235,UMGS911 sp900545935,MGYG000004231,MGYG000000594,Muribaculum sp002492595,Intestinimonas sp900540545,MGYG000000650,UMGS1872 sp902373635,Duodenibacillus sp900552915,Holdemania massiliensis,Caecibacter sp900549385
rep520_seed2545	Pauljensenia sp902373545,CAG-617 sp000431275,Blautia_A sp900066145,CAG-354 sp900553015,Prevotella sp900545525,MGYG000001886,Merdibacter sp900759455,Barnesiella sp003150885,UMGS911 sp003343545,UBA5446 sp900759385,MGYG000000585,Evtepia gabavorous,Prevotella melaninogenica,Pseudoflavonifractor sp014287675,Eubacterium_R sp003526845,CAG-145 sp002320005,Collinsella sp900547855,MGYG000001813,Alterileibacterium massiliense,MGYG000001792,Phocaeicola sp000434735,Pseudomonas_E bubulae,Lachnospira sp000436475,Eubacterium_F sp003491505,MGYG000004708,Neisseria sp000186165,UBA5884 sp900551505,MGYG000004197,CAG-485 sp900542185,Eggerthella sinensis,MGYG000000616,Enterocloster sp900753815,MGYG000000432,CAG-269 sp900554565,MGYG000001048,Holdemania sp900120005,Granulicatella sp001058355,MGYG000004080,MGYG000004677,Phocaeicola massiliensis,HGM05232 sp900759955,Bifidobacterium scardovii,MGYG000004462,Salinicola tamaricis,Catenibacillus sp902363555,Acutalibacter timonensis
rep521_seed2546	Butyrivibrio_A sp900768755,Haemophilus_D parainfluenzae_L,UBA4871 sp900554535,Blautia coccoides,Massiliomicrobiota sp002160815,Streptococcus vestibularis,Bacteroides sp900766195,Coprococcus sp900066115,MGYG000004756,UBA4372 sp900766785,Enterocloster aldenensis,Prevotella sp900546345,Bifidobacterium ruminantium,QALS01 sp900552625,Butyricimonas sp900759925,Neisseria elongata,Collinsella sp900542325,MGYG000003212,MGYG000002769,F23-B02 sp001916715,Prevotella intermedia,CAG-110 sp900554705,MGYG000004366,Prevotella sp000436035,Lacrimispora sp902363835,Eubacterium_R sp000434995,MGYG000004704,MGYG000004888,Parvimonas micra,MGYG000001868,Bifidobacterium thermophilum,Leuconostoc lactis,UMGS1591 sp900553255,Alistipes sp902363575,Enterocloster sp000155435,Eisenbergiella massiliensis,MGYG000003882,Collinsella aerofaciens_G,Clostridium sp900547475,F23-B02 sp900545805,Lactobacillus intestinalis,Enterobacter roggenkampii,CAG-217 sp900547275,UBA3388 sp002358835,HGM11616 sp900761075,TF01-11 sp001916135
rep522_seed2547	Collinsella sp003462685,Prevotella sp900315955,Rikenella microfusus,Pseudoflavonifractor capillosus,MGYG000004231,Prevotella sp900543975,Mediterraneibacter sp002314255,HGM11523 sp900756545,CAG-303 sp000437755,UBA1390 sp002305315,CAG-83 sp900554275,UBA7182 sp003480725,CAAEEV01 sp900754955,Collinsella sp900555815,UMGS1975 sp900556815,Alistipes sp900542505,MGYG000004125,MGYG000004647,CAG-495 sp001917125,MGYG000004756,MGYG000004342,Marvinbryantia sp900066075,Blautia_A sp900549015,Eubacterium_G ventriosum,ER4 sp900546295,Paramuribaculum sp900759835,Prevotellamassilia sp900541335,Clostridium_F botulinum_A,UMGS1251 sp900549995,MGYG000004741,ER4 sp000765235,Ruminococcus_D bicirculans,Prevotella sp900770395,UMGS1312 sp900550625,MGYG000002738,CAG-115 sp900768705,MGYG000004068,Gabonibacter sp900543425,CAG-485 sp002361235,MGYG000000350,Paraprevotella sp900546665,UMGS902 sp900761025,Muribaculum sp003150235,Dialister sp900541485,UBA10281 sp900548285,Enterococcus_B hirae
rep523_seed2548	Collinsella sp003458415,UBA5905 sp002437905,MGYG000002151,Gabonibacter sp900543425,Adlercreutzia celatus_A,Angelakisella sp003453215,CAG-83 sp900550585,Amedibacillus dolichus,CAG-303 sp000437755,Alistipes sp900550375,Fournierella sp900543285,Bacteroides thetaiotaomicron,UBA737 sp900547445,Collinsella sp900542155,Gemmiger qucibialis,UBA7160 sp902363665,MGYG000004590,Blautia hansenii,Blautia coccoides,TF01-11 sp003529475,Bariatricus sp900554415,Clostridium paraputrificum,MGYG000000342,Enterococcus_A devriesei,Anaerosacchariphilus sp900553635,UBA4871 sp900554535,Rothia dentocariosa,MGYG000000677,Parvimonas sp001553085,CAG-317 sp000433215,Collinsella sp900553935,MGYG000004808,MGYG000000210,Lactobacillus hominis,UMGS1696 sp900554225,Collinsella sp900540875,Terrisporobacter glycolicus_A,MGYG000003451,MGYG000004597,Faecalibacterium sp003449675,CAG-353 sp900066885,Coprobacter secundus,CAG-873 sp900555715,CAG-115 sp000432175,Paraeggerthella hongkongensis,Phil1 sp004558525
rep524_seed2549	Kluyvera sp902363335,MGYG000003716,UBA3402 sp003478355,Butyrivibrio_A sp900768755,UBA11517 sp900555365,Prevotella sp900543975,NK3B98 sp900752305,Kosakonia cowanii,Acetatifactor sp900772845,Bacteroides xylanisolvens,Dysosmobacter sp900556925,MGYG000000481,Collinsella sp900754525,Providencia stuartii,MGYG000004172,MGYG000004348,UMGS1293 sp900754495,Prevotellamassilia sp900542795,Enterobacter cloacae,Serratia ureilytica,Collinsella sp003487125,Yersinia bercovieri,Paraclostridium tenue,QALS01 sp003150575,Blautia coccoides,Blautia sp900765525,UBA7160 sp902363665,Ruminococcus_D sp900543145,MGYG000001727,Morganella morganii,MGYG000000862,UMGS403 sp900541565,CAG-127 sp900319515,MGYG000004306,Collinsella sp900551815,MGYG000002685,Absicoccus sp000434355,CAG-793 sp000433915,CAG-312 sp002405555,MGYG000003212,MGYG000004095,UMGS268 sp900540175,UBA11524 sp900769075,Collinsella sp902388345,Prevotella sp900546345,Prevotella sp900540375
rep525_seed2550	Fusobacterium_B sp900545035,Actinobaculum massiliense,MGYG000003839,MGYG000002212,MGYG000002215,QALS01 sp900555925,UBA1417 sp900549945,Angelakisella sp900552845,UBA1191 sp900543485,Lactobacillus acidophilus,UMGS403 sp900541565,Agathobacter faecis,Collinsella sp900545555,Collinsella sp900545605,Firm-11 sp900540045,Absicoccus sp000434355,MGYG000001112,CAG-145 sp900545135,MGYG000004342,UMGS1601 sp900545345,UMGS1293 sp900754495,Ruminococcus sp900752785,UBA10281 sp900767885,UMGS1611 sp900553435,MGYG000004231,MGYG000004591,CAG-269 sp000438255,Hungatella sp005845265,UBA11524 sp000437595,UMGS1370 sp900551135,Duodenibacillus sp900542805,Collinsella sp900551665,UBA1259 sp900760875,MGYG000003315,MGYG000001954,Alistipes_A sp900549685,CAG-170 sp900751035,Ruminococcus_C sp900765125,Clostridium septicum,MGYG000000432,MGYG000004750,Prevotella sp002300055,Alistipes sp900769405,Gastranaerophilus phascolarctosicola,MGYG000004765,CAG-510 sp900550475
rep526_seed2551	CAG-590 sp900544905,Haemophilus_A parahaemolyticus,Blautia_A wexlerae_B,UMGS363 sp900543105,MGYG000002249,Prevotellamassilia sp900772575,MGYG000004881,Collinsella sp900551815,Frisingicoccus sp900757195,Anaerostipes rhamnosivorans,MGYG000004818,SFDP01 sp004558185,Limosilactobacillus caviae,Anaeroglobus massiliensis,UMGS1532 sp900552605,Ruminococcus_G gauvreauii,CAG-269 sp001916035,Prevotella sp000436695,HGM13006 sp900756575,F082 sp002633315,MGYG000004503,MGYG000001958,MGYG000004247,Dysosmobacter sp004553545,Bacillus_J andreraoultii,Marvinbryantia sp900544685,Prevotella sp004556065,ER4 sp900550165,MGYG000003913,Peptoniphilus_A lacrimalis,Bacillus_A luti,Alistipes sp001941065,Acutalibacter sp900543555,UMGS680 sp900544525,UBA3766 sp900769175,VUNA01 sp002299625,Collinsella sp900549215,RC9 sp900760425,Streptococcus sobrinus,Intestinimonas sp900540545,Yersinia kristensenii,MGYG000000342,RC9 sp900544195,Enterocloster sp900759225,MGYG000001758,MGYG000003895
rep527_seed2552	Collinsella sp900543605,Agathobacter sp900552085,Eisenbergiella massiliensis,Escherichia coli_D,Collinsella sp900552995,UMGS1781 sp900553695,CAG-170 sp900549635,Veillonella dispar,Lachnoclostridium_B sp900543315,MGYG000004177,CAG-95 sp000436115,Pauljensenia sp000411415,CAG-353 sp900768995,QAMH01 sp900556425,Acetatifactor sp900760705,MGYG000003950,Ligilactobacillus agilis,CAG-873 sp001701165,MGYG000003301,GCA-900066755 sp900066755,Clostridium sp900759995,OM05-12 sp003438995,Agathobaculum sp003481705,CAG-452 sp900770415,Slackia_A sp900553775,Bacillus_A luti,MGYG000002785,Muribaculum sp001701195,CAG-488 sp900554995,CAG-83 sp900550585,Collinsella sp900543515,UBA7597 sp003448195,Bacteroides finegoldii,Blautia sp002161285,MGYG000004772,Collinsella sp900549025,Paramuribaculum sp000431155,Ruminococcus_C sp000980705,Collinsella sp900545555,MGYG000001033,MGYG000002010,Collinsella sp900545875,UBA4644 sp900555855,Enterobacter cloacae_K,F0040 sp000318095,MGYG000004377
rep528_seed2553	MGYG000003829,Blautia_A sp900541985,Phytobacter diazotrophicus,MGYG000004874,UBA9502 sp900770535,Porphyromonas gingivalis,MGYG000002726,UMGS1783 sp900555065,HGM11575 sp900754775,Parabacteroides acidifaciens,CAG-110 sp900546075,MGYG000000739,MGYG000000627,Gemmiger qucibialis,Neisseria macacae,Stomatobaculum longum,CAG-317 sp900543415,Prevotella brunnea,Bacteroides gallinarum,HGM13222 sp900757485,Blautia sp900539145,Enterocloster sp005845215,Alistipes sp900546065,MGYG000004818,CAG-95 sp900066375,An172 sp002160515,Bacteroides sp007896885,Lachnoclostridium_B sp900066765,MGYG000003578,Eisenbergiella sp900066775,Faecalibacterium sp900765105,MGYG000003766,Klebsiella quasipneumoniae,MGYG000004135,Mobilibacterium sp900315625,Collinsella sp900754435,UBA5026 sp900557305,MGYG000003005,Butyricimonas sp900759925,Alistipes dispar,MGYG000000342,Megasphaera sp001546855,MGYG000000630,MGYG000004430,MGYG000003950,Blautia_A hydrogenotrophica
rep529_seed2554	MGYG000004421,Pauljensenia sp000308055,Ruminococcus sp900761275,Ruminococcus_E sp003521625,MGYG000001575,Mobilibacterium sp900315625,Stomatobaculum naviforme,Holdemanella sp003458715,Pseudomonas_R sp900766265,Prevotella copri_A,Collinsella sp003479805,Eisenbergiella massiliensis,Collinsella sp900540875,MGYG000001833,Prevotella buccae,HGM11521 sp900751885,Prevotella buccalis,MGYG000004049,MGYG000003441,CAG-238 sp900542245,Collinsella sp900549215,Eubacterium_G sp900550135,MGYG000002705,Clostridium_E sporosphaeroides,Collinsella sp900555585,Merdimonas faecis,MGYG000004836,Marseille-P3106 sp900543935,Alistipes timonensis,Bacteroides stercorirosoris,Erysipelatoclostridium sp002160495,MGYG000001666,Acidaminococcus fermentans_A,Alistipes sp900553175,Collinsella sp008014645,Ellagibacter isourolithinifaciens,MGYG000004572,GCA-900066905 sp900066905,Johnsonella sp900766185,Alistipes putredinis,CAG-145 sp900545135,MGYG000004094,Haemophilus sp002998595,Phascolarctobacterium_A sp900757795,Prevotella sp000433175,Eubacterium_R sp900539325
rep530_seed2555	Muricomes fissicatena_A,Ligilactobacillus sp900765635,CAG-83 sp900550615,Leuconostoc lactis,Fusobacterium nucleatum_E,MGYG000002759,MGYG000003766,Barnesiella sp900538705,Dysosmobacter welbionis,CAG-269 sp000435535,UBA1390 sp900764045,Gemmiger formicilis,Citrobacter_A sp009363175,Acetatifactor sp003447295,MGYG000004029,Clostridium_P massiliamazoniense,MGYG000004891,Lachnoclostridium_B sp900066765,Lawsonibacter sp900754605,MGYG000003910,MGYG000002705,Paraeggerthella hongkongensis_A,MGYG000003304,Acidaminococcus intestini,Succinatimonas hippei,HGM12789 sp900766585,Enterocloster sp000155435,Klebsiella_A michiganensis,CAG-313 sp900539265,MGYG000000752,MGYG000002624,CAG-495 sp900551585,MGYG000002697,Lactobacillus crispatus,MGYG000004597,Collinsella sp900555765,Barnesiella sp002159975,MGYG000003301,Emergencia sp900066695,Emergencia timonensis,Butyrivibrio_A sp900768755,UBA5446 sp900546615,Veillonella_A sp900765165,MGYG000003915,Robertmurraya massiliosenegalensis,Eubacterium_R sp900543795
rep531_seed2556	CAG-110 sp900544405,Olsenella_E timonensis,CAG-1427 sp900556585,Lawsonibacter sp900549405,MGYG000002170,Eubacterium_R sp900543795,Pauljensenia sp000411415,Prevotella sp000434975,Sutterella wadsworthensis_A,Proteus sp003144505,Emergencia timonensis,Prevotella sp900548195,Slackia_A piriformis,MGYG000000645,GCA-900066755 sp900066755,UBA10677 sp003533505,Hydrogeniiclostridium mannosilyticum,UBA737 sp900547445,OF09-33XD sp003481995,Barnesiella sp900538705,Firm-11 sp900550955,Prevotella sp004556065,CAG-475 sp900548005,Schaedlerella sp900066545,Parvimonas sp001553085,Mediterraneibacter sp900555215,Yersinia intermedia,Lactococcus lactis_E,Phocaeicola sp002161765,MGYG000000298,Zag1 sp900769355,CAG-115 sp003516865,Streptococcus mitis_D,MGYG000000339,Senegalimassilia faecalis,Bacteroides sp900547205,Collinsella sp900546455,Roseburia hominis,Intestinibacter bartlettii,UMGS1071 sp900542375,Parabacteroides sp900548175,UBA738 sp004557735,HGM12789 sp900766585,Holdemanella biformis,MGYG000003768,Ruminococcus_D bicirculans
rep532_seed2557	UMGS905 sp900540085,Collinsella sp900548935,MGYG000002064,Phocaeicola sp900546645,Parabacteroides sp900552465,MGYG000003162,Anaeroglobus micronuciformis,Yokenella regensburgei,Fannyhessea vaginae,CAG-460 sp900546715,HGM13222 sp900757485,Hafnia paralvei,MGYG000004686,MGYG000004864,MGYG000001049,ER4 sp000765235,Butyrivibrio_A sp000431815,MGYG000004791,Ruminococcus sp900540005,Collinsella sp003471585,Blautia_A hydrogenotrophica,Bruticola sp004554425,UBA737 sp900547095,Olsenella_E timonensis,MGYG000001833,MGYG000002255,Collinsella sp900544425,UBA1259 sp003523255,Dialister sp900538805,Streptococcus sp000187445,Rikenella microfusus,MGYG000001028,CAG-485 sp900547755,Agathobacter sp900546625,MGYG000000425,Bacteroides oleiciplenus,Campylobacter_A concisus_G,Paraeggerthella hongkongensis_A,Prevotella sp002300055,Veillonella sp900550175,Peptostreptococcus anaerobius,CAG-882 sp900545175,MGYG000001805,Ruminococcus sp900545125,Blautia_A sp900066335,Dysosmobacter sp900551885
rep533_seed2558	Haemophilus sp002998595,MGYG000002705,Anaerotruncus massiliensis,CAG-170 sp900553545,UBA9506 sp003506415,Leminorella grimontii,Rothia sp902373285,MGYG000001581,CAG-103 sp004556965,Alistipes communis,UBA1777 sp900549645,Veillonella sp900552715,MGYG000003863,MGYG000001840,MGYG000002215,UMGS902 sp900546635,MGYG000004765,Coprobacter secundus,MGYG000004693,UBA10677 sp003533505,Murdochiella vaginalis,MGYG000002053,Streptococcus sobrinus,Collinsella sp900553705,UMGS1670 sp902406135,CAG-557 sp000435275,MGYG000004852,Schaedlerella sp900066545,Collinsella sp900758375,MGYG000002921,MGYG000003301,Phocaeicola sp002161565,MGYG000003904,RC9 sp900541925,UBA7160 sp902363665,Prevotella sp900544825,Prevotellamassilia sp900539625,QAMM01 sp003150405,MGYG000002122,Angelakisella sp900547385,Anaerocolumna aminovalerica,Prevotellamassilia sp900540885,Collinsella sp003469205,QALR01 sp900553085,MGYG000000632,MGYG000002654
rep534_seed2559	Campylobacter_B hominis,Providencia stuartii,Dysosmobacter sp900548505,MGYG000004139,Parabacteroides sp900547435,Parabacteroides faecis,Robinsoniella peoriensis,CAG-83 sp900313295,Collinsella sp900757705,UBA7597 sp900542935,Prevotella sp900771975,Phocaeicola coprocola,Massilistercora timonensis,Finegoldia magna_H,Proteus cibarius,Pauljensenia sp000308055,MGYG000003828,Haemophilus_D parainfluenzae_L,Parasutterella sp900766055,CAG-83 sp900547745,MGYG000000621,Collinsella sp900756725,MGYG000000448,CAG-180 sp900540295,Lachnoclostridium phytofermentans_A,CAG-83 sp900545495,UC5-1-2E3 sp001304875,MGYG000001832,Collinsella sp900554985,Streptococcus parasanguinis_B,Eubacterium_T sp900766045,RUG472 sp900545265,MGYG000002122,Akkermansia muciniphila,Blautia_A sp900548245,Prevotella sp000434975,UMGS1474 sp900547105,Faecalibacterium prausnitzii_J,HGM11808 sp900757025,UBA7102 sp900760085,TF01-11 sp900759665,TM7x sp900555425,Selenomonas_C sp002351185,UBA2856 sp900555005,MGYG000002073,Cronobacter malonaticus
rep535_seed2560	MGYG000004085,UBA5446 sp900752445,CAAEEV01 sp900754955,Angelakisella sp900552845,Collinsella sp900544875,Phocaeicola sp002161565,MGYG000000393,CAG-180 sp900545625,MGYG000003778,MGYG000004170,UBA940 sp900768115,CAG-83 sp900549395,Erysipelatoclostridium saccharogumia,Fusobacterium_B sp900542625,MGYG000002063,Phascolarctobacterium_A sp900770955,CAG-1427 sp900553605,UMGS1224 sp900549775,MGYG000004139,MGYG000004800,Acutalibacter sp000435395,Bifidobacterium ruminantium,MGYG000001642,Enteroscipio rubneri,MGYG000002809,Intestinimonas sp900540545,MGYG000001735,Slackia_A sp900553775,Veillonella_A seminalis,RC9 sp001915575,MGYG000004123,Citrobacter gillenii,Collinsella sp900542305,UMGS1537 sp900761045,MGYG000004330,Blautia_A sp900542045,UBA1259 sp900760875,COE1 sp001916965,Sneathia amnii,Collinsella sp900544135,Akkermansia muciniphila_A,Streptococcus oralis_S,HGM12650 sp900761725,UBA9502 sp900770535,Alistipes shahii,Akkermansia sp004167605
rep536_seed2561	UMGS2055 sp900557635,CAG-103 sp000432375,Prevotella sp000436915,Enterocloster lavalensis,MGYG000001804,Enterocloster sp900540675,Dorea_A longicatena_B,Collinsella sp900545605,MGYG000002697,Coprococcus eutactus_A,CAG-83 sp900552475,MGYG000003938,Citrobacter europaeus,Actinomyces oris,MGYG000001969,Prevotella sp900548535,Citrobacter_A sedlakii,Streptococcus mutans,Pauljensenia sp900554605,UBA1390 sp900764045,MGYG000004366,MGYG000004895,UMGS1052 sp900548115,UBA10281 sp900548285,CAG-145 sp900754795,Collinsella sp900757495,Duncaniella sp900762315,Muribaculum intestinale,Barnesiella sp003150885,MGYG000001736,UBA1191 sp900545775,HGM04593 sp900770665,Enterocloster sp900770345,MGYG000001566,Clostridium_P perfringens,Evtepia sp004556345,MGYG000004790,Prevotella multisaccharivorax,MGYG000003418,CAG-617 sp000438115,Enterocloster citroniae,Yokenella regensburgei,MGYG000003855,GCA-900066135 sp900543575,Prevotella copri_A,CAG-56 sp900539525
rep537_seed2562	Peptococcus niger,MGYG000000645,Faecalibacterium sp900540455,UMGS692 sp900544545,CAG-724 sp003524145,Muribaculum sp002492595,UBA1822 sp002314995,Prevotella sp900544495,Fenollaria timonensis,CAG-103 sp900543625,UMGS1441 sp900551755,PeH17 sp900542285,Pantoea brenneri,UBA1691 sp002320555,MGYG000003067,MGYG000000359,TM7x sp900557595,CAG-115 sp900768125,Merdibacter sp900543035,Blautia_A schinkii,MGYG000002623,Holdemanella sp002299315,Sutterella sp900762445,Serratia surfactantfaciens,MGYG000002675,MGYG000002213,Enterocloster sp900551225,CAG-83 sp003487665,MGYG000004628,Roseburia sp900548205,Dialister hominis,MGYG000001833,Mobilibacterium timonense,MGYG000001809,Acutalibacter sp900543555,Blautia sp900541955,Collinsella sp900552875,Alistipes sp900546065,Streptococcus sp004166885,MGYG000001870,CAG-170 sp900553545,Veillonella sp900765235,Merdibacter sp900754715,UMGS911 sp900546695,CAG-831 sp900544175,Parasutterella sp900766055
rep538_seed2563	CAG-451 sp900760545,GCA-900066755 sp900066755,MGYG000004741,Catenibacterium sp000437715,MGYG000002063,Collinsella aerofaciens_E,MGYG000004383,F0040 sp900095835,Bacteroides sp900766195,Lacrimispora sp000526575,MGYG000001916,Ruminococcus_E sp002493635,UMGS1783 sp900555065,MGYG000004024,Slackia_A piriformis,Enterobacter bugandensis,Coprococcus sp900767685,MGYG000002198,MGYG000003787,MGYG000004228,Lacrimispora sp902363735,Agathobacter sp900550545,Finegoldia magna_F,Collinsella sp900549185,CABIZH01 sp902363205,Parabacteroides faecis,CAG-793 sp000433915,Ruminococcus sp900752785,MGYG000003338,Anaerostipes sp900066705,Mediterraneibacter sp900751785,CAG-462 sp900291465,Ruminococcus_E sp003521625,Paramuribaculum sp900759835,Fusobacterium_A sp900555845,MGYG000004116,Ruminococcus_D sp900539095,F23-B02 sp002472405,Bifidobacterium gallinarum,Collinsella sp900768265,Adlercreutzia celatus_A,Enterococcus_D sp002850555,Phoenicibacter congonensis,MGYG000004042,Haemophilus sp002998595,Sutterella seckii_A
rep539_seed2564	UBA7173 sp900540205,Prevotella sp900540375,Blautia_A sp000436615,Eubacterium callanderi,MGYG000003798,Paraprevotella clara,Lactobacillus gasseri,UMGS902 sp900546635,Faecalicoccus sp900546545,Faecalibacillus intestinalis,Evtepia sp004554585,Paraprevotella sp900760455,HGM11530 sp900751685,MGYG000000588,HGM05232 sp900759955,MGYG000000658,NSJ-32 sp014384895,Acutalibacter sp900755895,CAG-873 sp900554715,MGYG000003777,Enterococcus_B lactis,CAG-495 sp900551585,MGYG000004610,MGYG000004159,Phocaeicola sp900540105,CAG-485 sp001701295,F082 sp900542475,MGYG000002067,Ruminiclostridium_E sp900768735,Bacteroides neonati,MGYG000001825,CAG-632 sp002406015,Bifidobacterium globosum,UBA9502 sp003478505,MGYG000002680,CAG-485 sp900555915,MGYG000004095,MGYG000001284,Collinsella sp900751755,Phocaeicola sartorii,Dielma fastidiosa,MGYG000004477,Eggerthella sp014287365,MGYG000004689,Phocaeicola sp900553185,Eubacterium_F sp000433735
rep540_seed2565	Prevotella timonensis,Longicatena caecimuris,MGYG000004177,CAG-110 sp900548795,Succinivibrio sp900548485,UBA738 sp004557735,MGYG000001679,Proteus cibarius,CAG-873 sp900550395,MGYG000004465,MGYG000001582,Blautia_A wexlerae_A,MGYG000003719,Turicibacter sp001543345,MGYG000004380,CAG-83 sp001916855,CAG-485 sp900760735,Alistipes sp900769745,CAG-269 sp900762425,Stoquefichus sp001244545,Collinsella sp900552755,Porphyromonas_A sp001808555,MGYG000000386,UMGS1537 sp900543695,Haemophilus_D parainfluenzae_K,MGYG000004894,MGYG000003800,Veillonella sp009929605,UMGS1002 sp900547565,MGYG000003872,MGYG000002073,Prevotella colorans,NK3B98 sp900545815,Clostridium sp900539375,Eubacterium_G sp900550135,Eubacterium limosum,Butyricicoccus sp900547195,Extibacter sp001185345,UMGS1826 sp900555435,Pantoea septica,51-20 sp001917175,Porphyromonas gingivalis,UBA3388 sp002358835,CAG-269 sp001916055,Murimonas intestini,MGYG000003053
rep541_seed2566	Megamonas sp900556715,Prevotella timonensis,MGYG000004421,Bacteroides sp900766005,MGYG000000656,Streptococcus agalactiae,Enterocloster sp900551225,MGYG000004080,MGYG000002035,UBA10281 sp900548285,CAG-475 sp900763875,MGYG000004522,MGYG000002699,CAG-510 sp000434615,Clostridium saudiense,CAG-110 sp900540635,Muribaculum intestinale,MGYG000001916,MGYG000003798,MGYG000001840,Klebsiella_A grimontii,Eubacterium_I ramulus_A,UBA644 sp900547165,MGYG000004597,Agathobacter sp000434275,Duncaniella sp900762315,Collinsella sp900544725,Haemophilus_D parainfluenzae_J,Citrobacter freundii,Bacteroides xylanisolvens,Pauljensenia sp001838165,Fusobacterium_C necrophorum,Citrobacter werkmanii,UMGS1668 sp900553955,UBA1234 sp900765095,CAG-631 sp900762575,Ruminococcus_C sp000980705,CAG-127 sp900553925,MGYG000000727,Phascolarctobacterium sp900545535,Yersinia frederiksenii,Prevotella brunnea,RUG023 sp900315435,MGYG000004841,F23-B02 sp004553495,Lactococcus garvieae
rep542_seed2567	Anaerococcus vaginalis_B,UMGS1253 sp900550065,RC9 sp900544195,Citrobacter_A amalonaticus,Prevotella timonensis,MGYG000002219,MGYG000002052,Methanosphaera sp900322125,Alistipes sp900552955,MGYG000001666,QAMX01 sp003149835,CAG-302 sp000431795,Paramuribaculum sp001689535,UBA5026 sp900557305,Lawsonibacter sp014287875,Bifidobacterium catenulatum,Phascolarctobacterium_A sp900541915,CAG-110 sp900763965,TF01-11 sp003529475,Faecalimonas sp900555395,UBA737 sp900547095,Brachyspira pilosicoli,Bacteroides clarus,Latilactobacillus curvatus,Dialister sp900557365,Evtepia sp900546255,MGYG000000448,CAG-81 sp900066535,Enterocloster sp900547035,RC9 sp000433355,CAG-831 sp902388455,Intestinibacter sp900540355,Collinsella sp900545905,Coprococcus sp900761435,Oribacterium sp900772695,CAG-110 sp900554625,Blautia_A sp003477525,CAG-269 sp900556945,Prevotella sp900548195,ER4 sp900546295,MGYG000002797,MGYG000004686,UMGS1591 sp900553255,Negativibacillus sp900547015,Murdochiella massiliensis,Eubacterium_R coprostanoligenes
rep543_seed2568	MGYG000000456,UBA737 sp900547095,MGYG000002084,Eubacterium_R sp900539425,Pradoshia sp001183965,Actinomyces oris,MGYG000004330,Lacticaseibacillus paracasei,Acetatifactor sp003447295,CAG-475 sp900547975,Bacilliculturomica massiliensis,UMGS1491 sp900757335,CAG-81 sp900066055,Collinsella sp900550415,MGYG000001020,MGYG000001870,Eubacterium_F sp000434115,MGYG000003994,Finegoldia magna,Clostridium_B tyrobutyricum,QAKW01 sp003343605,CAG-317 sp900543415,UBA9502 sp900540335,MGYG000000383,Prevotella sp002300055,MGYG000004228,Collinsella sp900541785,Massilioclostridium methylpentosum,Alterileibacterium massiliense,Faecalibacterium prausnitzii_H,CAG-495 sp900551585,MGYG000004822,MGYG000004139,Marvinbryantia sp900066075,CAG-349 sp003539515,Anaerococcus vaginalis_B,Prevotella timonensis,Bacteroides sp900553815,Acutalibacter sp000432995,Lachnospira sp900552795,Turicibacter sanguinis,Eubacterium_F sp000433735,Erysipelatoclostridium spiroforme,Clostridioides difficile_A,UMGS1418 sp900551595,UMGS1241 sp900549955
rep544_seed2569	Collinsella sp900757495,Veillonella sp900556785,UBA4372 sp900766785,Paraprevotella sp900760455,Dysosmobacter sp900556925,UMGS902 sp900761025,F23-B02 sp002472405,MGYG000000706,CAG-485 sp002491165,Escherichia albertii,MGYG000003826,Dialister sp900557365,UMGS1279 sp900761625,Prevotella sp900540375,Lawsonibacter sp900066645,MGYG000001642,Phascolarctobacterium faecium,UMGS1375 sp900551235,MGYG000004009,MGYG000004748,Hafnia paralvei,MGYG000002203,Enterocloster sp900547035,UMGS1872 sp902373635,Porphyromonas_A sp900541275,Evtepia sp004554585,Paenibacillus lactis,Paramuribaculum sp900546365,Paraprevotella sp003477995,Intestinibacter bartlettii,CAG-353 sp900066885,MGYG000003877,MGYG000003776,Pseudoruminococcus massiliensis,MGYG000000699,Ligilactobacillus agilis,Phocaeicola sp900551445,CAG-485 sp001701295,MGYG000002758,MGYG000004881,MGYG000004122,UBA1394 sp900066845,MGYG000004553,MGYG000002010,Faecalimonas phoceensis,Oribacterium sp900770445
rep545_seed2570	Lawsonibacter sp900545895,CAG-448 sp003150135,MGYG000004198,Phascolarctobacterium_A sp900757795,MGYG000004721,Eubacterium_G sp000435815,Phascolarctobacterium_A sp900552855,Yersinia massiliensis,Massilioclostridium coli,Rothia aeria,Muribaculum sp002358615,MGYG000004119,CAG-631 sp900754115,Ruminococcus_D sp000434695,CAG-83 sp001916855,Lactonifactor longoviformis,Prevotella sp900769055,Prevotella sp002251365,CAG-83 sp900550585,Akkermansia sp004167605,MGYG000001832,CAG-269 sp000431335,Enteroscipio rubneri,Eisenbergiella sp900539715,MGYG000001880,Ligilactobacillus salivarius,CAG-390 sp000437015,MGYG000003839,Phocaeicola sp900552645,Collinsella sp900551195,Acetatifactor sp900066365,Bifidobacterium ruminantium,Acinetobacter baumannii,UMGS1293 sp900754495,Citrobacter_A sedlakii,Paramuribaculum sp000431155,Prevotellamassilia sp900546605,MGYG000004711,QALS01 sp003150575,MGYG000002085,MGYG000002717,MGYG000003071,HGM11501 sp900766735,Collinsella sp900555355,Faecalicoccus sp900546545,UBA737 sp900543215
rep546_seed2571	F082 sp002633315,UMGS1307 sp900550505,Robinsoniella peoriensis,Anaerococcus lactolyticus,SFTJ01 sp004557385,Butyricimonas faecalis,CAG-449 sp900551385,CAG-269 sp000431335,MGYG000001817,UBA1777 sp003150355,Enorma sp900751795,CAG-170 sp900553545,MGYG000001169,MGYG000004836,Clostridium_X cadaveris,CAG-272 sp000433515,UMGS1071 sp900548305,HGM11788 sp900760465,MGYG000004630,Collinsella sp900545875,MGYG000004790,Duncaniella sp900762315,Caproiciproducens sp000752215,MGYG000002686,Cetobacterium_A sp900766645,UBA7160 sp902363135,MGYG000000348,Peptoniphilus_E obesi,MGYG000003071,Phascolarctobacterium_A sp900551335,MGYG000004028,Weizmannia coagulans,Lawsonibacter sp900766145,Prevotellamassilia sp900541575,Clostridium sp900766315,Collinsella sp900541665,UMGS1387 sp900551295,Collinsella aerofaciens_E,UBA1417 sp900549945,MGYG000001880,HGM11521 sp900751885,Streptococcus sp900555155,Massilimaliae timonensis,Bilophila wadsworthia,Eisenbergiella sp900550285,MGYG000002791
rep547_seed2572	MGYG000001114,MGYG000001870,Parabacteroides sp003473295,Fusobacterium sp000235465,Paraprevotella xylaniphila,Muribaculum sp002473395,Providencia alcalifaciens,Proteus sp003144505,Limosilactobacillus vaginalis_A,MGYG000000616,MGYG000000298,Streptococcus timonensis,Odoribacter sp900548135,UMGS1241 sp900549955,Marseille-P3106 sp900169975,Coprococcus_A sp900548825,Peptoniphilus_A lacydonensis,MGYG000003871,Bacteroides acidifaciens,Phocea massiliensis,Prevotellamassilia sp004552865,MGYG000004100,MGYG000000699,MGYG000003338,CAG-475 sp900548005,CAG-302 sp001916775,Veillonella sp900550175,Peptoniphilus_A harei_A,MGYG000000386,Clostridium_B tyrobutyricum,Clostridium_Q sp003024715,Olsenella_B sp000752675,MGYG000001807,Collinsella sp900767675,UMGS946 sp900547135,Azonexus sp900549295,UBA1234 sp900765095,MGYG000004213,GCA-900066755 sp902363085,Intestinibacter bartlettii,Prevotella sp900544825,Paraclostridium tenue,Prevotella sp000436915,CAG-462 sp900291465,Prevotella sp900556395,Victivallis sp002998355
rep548_seed2573	MGYG000004699,MGYG000004760,CAG-170 sp900545925,MGYG000002732,CAG-390 sp003523225,UBA1777 sp900546515,Lactobacillus amylovorus,Streptococcus gordonii,UBA5446 sp900544295,Clostridium_AQ sp900552125,Phocaeicola sp900546095,UBA1417 sp003531055,MGYG000002585,MGYG000003876,Acinetobacter baumannii,MGYG000000608,Blautia_A sp900551465,Bacteroides stercorirosoris,UBA7057 sp900542735,Fournierella sp900543285,MGYG000004657,Streptococcus anginosus_C,Alistipes_A sp900546005,MGYG000004839,Megamonas hypermegale,MGYG000003914,MGYG000002705,Prevotella sp900290275,MGYG000004062,CAG-317 sp000433535,Enterocloster sp900543885,Romboutsia timonensis,Enterobacter roggenkampii,S5-A14a sp900553025,HGM04593 sp900770665,MGYG000003884,MGYG000003840,Collinsella sp900754385,Eubacterium_R sp002493325,Enterococcus_D sp002850555,MGYG000001915,Alistipes sp900550375,UBA2883 sp002103075,UBA11524 sp000437595,CAG-110 sp900544945,Enterobacter cloacae
rep549_seed2574	Blautia_A sp900551075,F23-B02 sp900545805,CAG-460 sp900546715,UMGS172 sp900539855,Dysosmobacter sp900550685,Enterococcus faecalis,Collinsella sp900551655,Streptococcus sanguinis_H,Eikenella corrodens,OM05-12 sp003438995,Lactococcus lactis_E,UBA1691 sp900552985,Ruminococcus_E sp003438075,MGYG000002650,Lawsonibacter asaccharolyticus,MGYG000003254,UBA738 sp004557735,MGYG000002697,Veillonella sp900545205,UBA7173 sp900540205,MGYG000004427,Zag1 sp000433095,QAMX01 sp003149835,MGYG000002092,Prevotella sp002251385,Lactobacillus intestinalis,MGYG000000342,CAG-873 sp900550395,UBA7173 sp900548705,Slackia_A piriformis,CAG-194 sp000432915,Parasutterella excrementihominis,Lachnoclostridium phytofermentans_A,Citrobacter_A amalonaticus,MGYG000004421,UMGS1668 sp900768105,Bifidobacterium dentium,Pseudomonas_E bubulae,Collinsella sp900762325,Prevotella sp900770845,Prevotella sp003447235,Eisenbergiella sp900555195,Leptotrichia wadei,Streptococcus timonensis,Prevotellamassilia sp900541575,Bacteroides thetaiotaomicron
rep550_seed2575	MGYG000000732,Mediterraneibacter sp900761655,Collinsella sp900543845,MGYG000002010,Lactobacillus helveticus,CAG-145 sp900542295,QANA01 sp003149735,UBA737 sp900547095,MGYG000000393,Vibrio parahaemolyticus,Anaerococcus hydrogenalis,MGYG000003509,Fusicatenibacter sp900543115,UBA1820 sp003150615,UBA1820 sp002314265,CAG-510 sp900550475,MGYG000002064,Intestinimonas butyriciproducens,Serratia ureilytica,MGYG000002809,Ruminococcus_C sp000980705,RC9 sp000434935,MGYG000003778,Rothia dentocariosa,Streptococcus sp000411475,Phascolarctobacterium_A sp900541915,CAG-110 sp900544945,Weissella cibaria,MGYG000003934,Stoquefichus sp001244545,UMGS1418 sp900551595,Agathobacter sp900552085,Agathobacter sp900547695,MGYG000004590,Blautia hominis,Phytobacter ursingii,Blautia sp000432195,MGYG000004559,Prevotella sp900315955,Angelakisella sp003453215,Caecibacter sp003467125,ER4 sp003522105,MGYG000001780,Enterobacter cloacae,Megasphaera sp000417505,MGYG000004597
rep551_seed2576	CAG-617 sp900553285,QAMM01 sp900552945,Eisenbergiella tayi,Merdibacter sp900759455,OM05-12 sp003438995,CAG-196 sp900549855,Scardovia wiggsiae,Parasutterella sp900554375,Dysosmobacter sp004553545,Franconibacter helveticus,Alistipes provencensis,Prevotella sp900543585,Kluyvera ascorbata,UBA6382 sp900557555,Anaerococcus sp900550345,Acutalibacter sp000432995,Lachnoclostridium_B sp000765215,Prevotella sp900550035,Methanosphaera sp900322125,V9D3004 sp002349525,CAG-1024 sp000432015,Alistipes dispar,MGYG000001818,Desulfovibrio fairfieldensis,Alistipes sp902388705,MGYG000003716,F23-B02 sp004557075,MGYG000004818,Ruminococcus sp002438605,MGYG000003948,Methanobrevibacter_A smithii,Eubacterium_R sp000434995,Enterobacter asburiae_B,MGYG000002086,Alistipes sp001941065,MGYG000003822,MGYG000002727,MGYG000004377,Veillonella sp900549845,MGYG000000735,Beduini sp900550005,CAG-170 sp900549635,QANA01 sp900554725,CAG-831 sp000432775,MGYG000001813,CAG-245 sp900761475
rep552_seed2577	Acidaminococcus provencensis,UMGS1253 sp900550065,Fournierella massiliensis,BX12 sp014333425,Enterocloster aldenensis,Collinsella sp003458415,Collinsella sp900556285,Lawsonibacter asaccharolyticus,Barnesiella intestinihominis,CAG-793 sp000433915,MGYG000000298,MGYG000002255,Phocaeicola coprocola,Pauljensenia sp001838165,Dialister succinatiphilus,MGYG000002067,Finegoldia magna,Collinsella sp900548365,UBA2856 sp900555005,Collinsella sp900554985,Prevotella oralis,CAG-460 sp900546715,Veillonella dispar_A,Lacrimispora sp902363835,Veillonella dispar,Faecalimonas umbilicata,MGYG000002010,Selenomonas_C sp002351185,UBA1691 sp900544375,MGYG000003977,Dysosmobacter sp900770295,MGYG000002610,MGYG000002148,UMGS1071 sp900542375,Prevotella multisaccharivorax,Acutalibacter sp000435395,MGYG000003867,ER4 sp900550165,UBA1691 sp002320555,UBA1740 sp900767415,Phocaeicola massiliensis,Bacteroides sp900766195,Streptococcus sobrinus,UMGS1670 sp900548595,Collinsella sp900762345,Muribaculum intestinale
rep553_seed2578	Ruminococcus_C sp000437175,RC9 sp000433355,MGYG000000656,Sutterella sp900764215,MGYG000004787,QANA01 sp003149735,Collinsella sp900555355,Agathobaculum desmolans,Dialister sp002320515,Prevotella sp900547005,Parabacteroides johnsonii,Prevotella sp900546575,Faecalimonas phoceensis,HGM11530 sp900751685,43-108 sp001915545,CAG-177 sp900770255,UMGS902 sp900546635,Porphyromonas sp900546675,Collinsella sp900758845,MGYG000004462,CAG-475 sp900763875,MGYG000004621,Collinsella sp900762325,MGYG000003833,MGYG000004895,MGYG000000650,HGM12669 sp900761935,MGYG000001580,MGYG000002176,MGYG000004002,Prevotellamassilia sp900543155,Phocaeicola sp002161765,MGYG000000300,CAG-83 sp000435975,MGYG000002623,MGYG000000387,Porphyromonas uenonis_A,Paramuribaculum sp001689535,QALR01 sp900553085,CAG-451 sp900760545,Bacteroides fragilis,Lachnoclostridium_A edouardi,MGYG000000505,Streptococcus alactolyticus,MGYG000004423,Prevotella sp002251385
rep554_seed2579	UBA1777 sp900546515,RUG420 sp900542575,Megasphaera elsdenii,Desulfovibrio fairfieldensis,Clostridium_AQ sp003481775,Eubacterium_R sp900539845,MGYG000000710,Eisenbergiella sp900555195,MGYG000002650,Turicimonas muris,Ruminiclostridium_E siraeum,UMGS263 sp900540535,UBA737 sp900547305,Ruminococcus sp002438605,Porphyromonas sp900546675,UBA4716 sp900556575,MGYG000003776,MGYG000000640,MGYG000002826,Parabacteroides sp014287585,MGYG000000702,UMGS1384 sp900551265,MGYG000004023,CAG-590 sp000431135,Prevotella sp900551055,MGYG000002179,Eisenbergiella sp900066775,Collinsella sp900541685,Coprococcus sp900548215,UMGS1251 sp900549995,MGYG000004874,Fusobacterium_B sp900554885,MGYG000001858,Prevotella stercorea,Gemmiger sp900540595,MGYG000004251,SFDP01 sp900770785,Parabacteroides chinchillae,Eubacterium_I sp900546495,MGYG000004558,CAG-1031 sp000431215,MGYG000004340,Lacticaseibacillus paracasei,MGYG000002052,Dorea_A longicatena,Collinsella aerofaciens_H
rep555_seed2580	Muribaculum sp002473395,MGYG000002692,MGYG000001181,MGYG000000400,UBA11471 sp000434215,Anaerotignum lactatifermentans,Streptococcus oralis_S,Blautia_A sp900541345,Evtepia gabavorous,MGYG000002696,Streptococcus sp900543065,Acetatifactor sp900066565,MGYG000004646,Sporanaerobacter acetigenes,Finegoldia magna,Clostridium_E jeddahense,AM51-8 sp900546435,Collinsella sp900759335,Butyricimonas synergistica,MGYG000000711,Parabacteroides sp900547435,UMGS416 sp900542005,Blautia_A sp900763175,MGYG000004689,Prevotella sp000435635,HGM11616 sp900761075,Ligilactobacillus sp900765635,Exiguobacterium sp003467445,CAG-180 sp900540295,Schaedlerella sp900765975,UBA9502 sp900555625,Faecalibacillus intestinalis,Bacteroides sp900547205,CAG-632 sp002406015,Alistipes sp902363575,Catenibacterium sp000437715,UBA7185 sp900756555,MGYG000003108,RUG572 sp900771305,Azonexus sp900549295,Parasutterella sp900554375,MGYG000003936,Collinsella sp900765185,Fusicatenibacter saccharivorans,Collinsella sp900548935,Limosilactobacillus fermentum
rep556_seed2581	Collinsella sp900554985,Clostridium_AP scindens,Streptococcus oralis_S,Campylobacter_A concisus_L,HGM13222 sp900757485,Bacteroides_F pectinophilus,CAG-313 sp000433035,UBA10281 sp900767885,MGYG000004702,CAG-272 sp000433515,Holdemania sp900120005,MGYG000002772,MGYG000000557,MGYG000004596,Collinsella sp003470665,Paramuribaculum sp900759915,Faecalibacterium prausnitzii_G,MGYG000003828,MGYG000002585,Enterocloster asparagiformis,ER4 sp900546295,UBA1417 sp002305575,Anaerobutyricum soehngenii,Fusobacterium_B sp900545035,MGYG000004660,CAG-485 sp900554345,UBA7173 sp900540205,Collinsella sp900754275,UMGS929 sp900546875,Dorea_A longicatena_B,Muribaculum sp001701195,TF01-11 sp900759665,Paraprevotella sp900760455,Porphyromonas sp900539765,MGYG000003752,MGYG000002221,Acetatifactor sp900760705,MGYG000004159,Stomatobaculum naviforme,MGYG000002099,MGYG000002699,Collinsella sp900556365,Merdimonas sp900553355,UBA4644 sp900763355,MGYG000003441,Phocea massiliensis
rep557_seed2582	Bacteroides sp007896885,UBA7748 sp900314535,Blautia_A faecis,Serratia liquefaciens,MGYG000001841,Leminorella richardii,MGYG000002704,Hungatella sp005845265,Finegoldia magna_H,CAG-273 sp003534295,UBA737 sp900547305,RC9 sp900769145,MGYG000002075,Lentilactobacillus hilgardii,Butyrivibrio_A crossotus,Collinsella sp900556415,Mediterraneibacter sp900761655,Alistipes senegalensis,Enterobacter ludwigii,Parabacteroides sp000436495,Marseille-P4683 sp900232885,Enterocloster sp000431375,UBA1786 sp900771425,CAG-590 sp000431135,Ruminococcus_E bromii_A,CAG-882 sp900545455,Weissella confusa,UMGS905 sp900540085,Clostridium sp900769625,MGYG000004870,Lactococcus_A raffinolactis,CAG-590 sp900544905,GCA-900066495 sp900545985,Catenibacterium mitsuokai,MGYG000004024,CAG-488 sp900554995,Blautia_A sp900763175,F082 sp900542475,Prevotella sp900551055,Providencia rettgeri,Bacteroides stercorirosoris,MGYG000002677,CAG-81 sp000435795,Collinsella sp900544465,MGYG000003861,MGYG000003319
rep558_seed2583	Escherichia sp000208585,Phocaeicola sp900541515,Pantoea septica,MGYG000001642,Dysosmobacter welbionis,Erysipelatoclostridium spiroforme,MGYG000000456,MGYG000003887,CAG-485 sp900550645,CAG-510 sp000434615,Prevotella sp900554045,MGYG000002216,MGYG000003509,UBA1691 sp900544375,MGYG000000286,Parabacteroides goldsteinii,Ruminococcus_C sp000437175,HGM13006 sp900756575,MGYG000003948,AF33-28 sp003477885,Eisenbergiella sp900555195,Collinsella sp900555745,Sutterella wadsworthensis,CAG-83 sp001916855,Pseudomonas aeruginosa,CAG-95 sp000438155,UMGS403 sp900540865,CAG-462 sp900765575,Clostridium_E jeddahense,COE1 sp001916965,CAG-349 sp003539515,Prevotella sp900317685,RC9 sp000433355,Aneurinibacillus aneurinilyticus,Blautia sp900753905,MGYG000002025,MGYG000004664,MGYG000003322,MGYG000003254,Massilistercora timonensis,MGYG000001813,Prevotellamassilia sp900772575,MGYG000004477,MGYG000001580,Neobacillus rubiinfantis,CAG-177 sp003538135
rep559_seed2584	MGYG000002585,Pediococcus acidilactici,Collinsella sp900557505,Frisingicoccus sp900757195,QALR01 sp900553085,Alistipes communis,CAG-269 sp900760175,Dysgonomonas sp900079735,MGYG000000545,HGM12814 sp900770165,1XD42-69 sp014287635,Longicatena caecimuris,MGYG000003773,UBA1394 sp900554975,CAG-83 sp003487665,Neisseria macacae,MGYG000002694,Alistipes provencensis,Massiliomicrobiota sp002160815,MGYG000001833,UBA7185 sp900556545,QAMH01 sp900556425,Harryflintia acetispora,Collinsella sp900752015,MGYG000003289,QANA01 sp003149735,UBA1777 sp900549485,Holdemania sp900120005,TF01-11 sp003524945,UBA945 sp900549675,Yersinia intermedia,Cronobacter sakazakii,TM7x sp900555675,MGYG000001840,CAG-302 sp000431795,Barnesiella intestinihominis,MGYG000001189,Anaerotruncus massiliensis,UBA6398 sp003150315,ER4 sp000765235,Pauljensenia radingae_A,UBA5809 sp002417965,MGYG000000760,Alistipes finegoldii,Peptoniphilus_E obesi,Collinsella sp900542315
rep560_seed2585	MGYG000004374,Collinsella sp000434535,CAG-83 sp900756715,Bacteroides sp900766195,Atlantibacter hermannii,CAG-485 sp900759795,Clostridium septicum,Mediterraneibacter sp900761655,Collinsella sp900544465,Blautia stercoris,MGYG000002084,UMGS1537 sp900552695,MGYG000001996,MGYG000003076,Olsenella sp900555995,Eubacterium_R sp900539775,Fenollaria timonensis,Bifidobacterium angulatum,MGYG000003842,MGYG000001566,Veillonella_A sp900765165,Prevotella jejuni,Flavonifractor plautii,Pauljensenia sp902373545,Morganella morganii_B,Muricomes contortus_B,MGYG000003776,Yokenella regensburgei,Eisenbergiella massiliensis,MGYG000003869,MGYG000004609,UMGS1477 sp900553845,MGYG000000818,Proteus cibarius,MGYG000001885,Agathobaculum butyriciproducens,Serratia surfactantfaciens,Blautia_A sp900066505,Prevotella sp900551055,Peptoniphilus_A harei_A,Duodenibacillus sp900538905,Enterobacter cloacae,Pauljensenia radingae_A,MGYG000004118,Collinsella sp900541195,MGYG000000752
rep561_seed2586	Faecalibacterium prausnitzii_H,Acetatifactor sp900772845,Serratia marcescens_I,CAG-632 sp002406015,Eubacterium_I sp900546495,Collinsella sp900555765,OM05-12 sp003438995,Butyricimonas faecalis,MGYG000004495,Veillonella sp900757715,Coprococcus_A sp900548825,Collinsella sp900551015,UC5-1-2E3 sp001304875,MGYG000000456,MGYG000002046,MGYG000003861,CAG-390 sp000437015,TM7x sp900555675,Collinsella sp900549245,Fusicatenibacter sp900543115,Vibrio cholerae,Acutalibacter sp900543305,Actinobaculum massiliense,MGYG000001112,MGYG000004836,CAG-115 sp900768125,Klebsiella aerogenes,Fusobacterium periodonticum_B,Prevotella sp900554695,Duodenibacillus sp900544255,MGYG000000346,Gemmiger sp900554145,MGYG000004037,Amulumruptor sp900539915,Butyricimonas sp900761485,Collinsella sp900549715,MGYG000001977,MGYG000004852,MGYG000004800,Anaerotruncus colihominis,Lactobacillus ultunensis,Faecalibacillus intestinalis,UMGS966 sp900761965,UBA1394 sp900538575,Bacteroides thetaiotaomicron,Lachnoanaerobaculum orale
rep562_seed2587	CAG-269 sp900555615,Prevotella oris,MGYG000000339,UMGS1590 sp900759105,MGYG000001724,MGYG000003826,MGYG000003863,Akkermansia sp900548895,Streptococcus timonensis,Collinsella sp900545075,CAG-1427 sp000435675,Prevotellamassilia sp900772575,Clostridium_P massiliamazoniense,Finegoldia magna_H,CAG-475 sp900548005,Collinsella sp900752015,Yersinia pestis,MGYG000004112,Streptococcus thermophilus,Lachnospira sp900547255,Coprococcus sp900761435,MGYG000002198,Phocaeicola sp900551065,Fusobacterium_C necrophorum,UBA1777 sp900549485,MGYG000004879,Lawsonibacter sp003478995,Agathobacter sp900550545,Eubacterium_R sp900540235,Pauljensenia turicensis,Collinsella sp900554255,UBA7160 sp900757145,CAG-110 sp900544975,MGYG000004411,MGYG000001205,Yersinia frederiksenii_C,CAG-103 sp900317855,UMGS1933 sp900772235,CAG-269 sp001916005,CAG-115 sp900768705,Lactonifactor longoviformis,UMGS902 sp900761025,MGYG000003861,Blautia_A hydrogenotrophica,UMGS905 sp900540085,MGYG000004624
rep563_seed2588	Sodaliphilus sp004557565,MGYG000001195,Collinsella sp900756725,Collinsella sp900541195,Fournierella sp004558145,MGYG000003071,MGYG000001761,MGYG000002759,UBA11517 sp900555365,Collinsella sp900551605,Turicibacter sanguinis,MGYG000000411,MGYG000003885,Ruminococcus sp900545125,Roseburia hominis,MGYG000002642,Duodenibacillus sp900538905,Collinsella sp900550415,Collinsella sp900768265,Pauljensenia sp001838165,MGYG000002931,CAG-269 sp900551615,Fusobacterium nucleatum_E,QALW01 sp900552055,Limosilactobacillus reuteri_E,Erysipelatoclostridium spiroforme,CAG-83 sp900550615,MGYG000003418,Prevotella sp900556275,Catenibacterium sp900764565,Anaerosacchariphilus sp900066385,CAG-269 sp900553125,Cronobacter malonaticus,MGYG000003900,UMGS856 sp900546265,Faecalibacterium sp003449675,CAG-83 sp900551995,Lachnoclostridium_B sp900066555,51-20 sp001917175,Clostridium sp900547475,Blautia_A sp900548245,CAG-238 sp900754805,MGYG000004233,Clostridium_B sp902809985,MGYG000004748,Alloprevotella tannerae
rep564_seed2589	Lactobacillus apis,Veillonella sp900552445,Intestinimonas massiliensis,MGYG000001807,MGYG000002881,Streptococcus oralis_W,Lactobacillus kalixensis,MGYG000001133,Eubacterium_G sp900550135,Lactobacillus paragasseri,Blautia_A sp900549015,Peptoniphilus_A lacydonensis,MGYG000002675,MGYG000000818,Haemophilus_D sp900756875,Veillonella sp900552715,Agathobacter sp900546625,UMGS1633 sp900553645,MGYG000004527,Streptococcus mitis,Collinsella sp900765185,MGYG000002089,HGM13006 sp900757695,Ruminococcus sp002438605,Collinsella sp900549535,UBA4871 sp014467055,MGYG000004443,MGYG000003773,Hydrogeniiclostridium sp900752115,Prevotellamassilia sp900541335,UMGS1397 sp900761355,MGYG000002148,Coprococcus sp900548215,Alistipes_A sp900546005,Marvinbryantia sp900550755,UBA1786 sp900771425,Fusobacterium periodonticum_D,Butyrivibrio_A sp000431815,Holdemanella sp900547815,Gordonibacter urolithinfaciens,Alloscardovia omnicolens,MGYG000002697,Bacteroides sp007896885,Christensenella hongkongensis,MGYG000003490,Eggerthella lenta
rep565_seed2590	CAG-110 sp900770015,Alistipes sp900546065,UMGS1387 sp900551295,Pauljensenia bouchesdurhonensis,MGYG000004610,Parabacteroides merdae,Collinsella aerofaciens_J,UBA5905 sp900549155,UMGS1537 sp900761045,CAG-269 sp900760175,Akkermansia sp001580195,Gemmiger sp900554145,Prevotella sp900771975,Turicimonas sp900542195,Enterococcus_B durans,MGYG000003777,AM51-8 sp900546435,UMGS966 sp900547185,Flavonifractor sp900549795,MGYG000004608,Ruminiclostridium_E sp900556525,Prevotella stercorea,Prevotellamassilia sp900546605,Ruminococcus_C sp000980705,MGYG000004174,Enterocloster bolteae,MGYG000001825,Phocaeicola sp900552075,Porphyromonas gingivalis,MGYG000000587,MGYG000004359,Collinsella sp900554985,Eubacterium_G sp000434315,MGYG000002216,Streptococcus parasanguinis_B,Prevotella rara,Blautia_A sp003474435,MGYG000004495,Collinsella sp900551195,UMGS1696 sp900753285,Parabacteroides faecis,MGYG000002743,Akkermansia sp004167605,MGYG000000557,CAG-245 sp900552135,Streptococcus mitis_BB
rep566_seed2591	Phascolarctobacterium_A sp900544885,Eubacterium_G ventriosum,Ruminococcus_D sp900752625,MGYG000004665,UBA738 sp900763675,MGYG000000710,Collinsella sp900760325,Dysosmobacter sp004553545,MGYG000001761,MGYG000004634,CAG-449 sp900551385,Veillonella tobetsuensis,Ruminococcus sp002438605,Blautia_A sp900549015,Tidjanibacter inops_A,Senegalimassilia sp900550055,Aneurinibacillus aneurinilyticus,SFEL01 sp004557245,CAG-475 sp900548005,CAG-238 sp000435615,UBA4372 sp900766785,Campylobacter_A concisus_B,Muricomes contortus_B,Methanobrevibacter_A woesei,Porphyromonas uenonis_A,MGYG000002657,Enterobacter cloacae,Bifidobacterium gallinarum,UBA1417 sp900549945,Paramuribaculum sp900752995,MGYG000000630,UMGS1690 sp900554165,Escherichia marmotae,Dysosmobacter welbionis,CAG-510 sp000434615,Cutibacterium acnes,Collinsella sp900762015,CAG-1193 sp900550145,Ruminococcus sp900752785,CAG-1427 sp900542525,MGYG000003978,MGYG000004310,Coprococcus eutactus_A,MGYG000002697,Pseudomonas aeruginosa,CAG-488 sp000434055
rep567_seed2592	Collinsella tanakaei,Enterococcus_B durans,MGYG000004610,Ezakiella massiliensis,CAG-170 sp900545925,MGYG000004430,Dysosmobacter sp900544105,MGYG000003766,Paraclostridium sordellii,Acutalibacter sp000432995,UMGS1441 sp900551755,UMGS1880 sp900555875,Leptotrichia wadei,UBA4855 sp900540395,Collinsella sp900550815,Schaedlerella glycyrrhizinilytica,UBA7182 sp003481535,Eubacterium_G sp000432355,Bacteroides clarus,UBA1191 sp900543485,Christensenella sp001678845,UBA4285 sp900545225,Faecalicoccus sp900546545,Porphyromonas_A somerae,Campylobacter_B hominis,Enterocloster sp900555905,Phocaeicola sp900540105,MGYG000001114,Collinsella sp900539035,Acidaminococcus intestini,UBA7173 sp001915385,Bacillus_J andreraoultii,Veillonella sp900552445,Phocaeicola sp900551065,F23-B02 sp900545805,Dysosmobacter sp900550685,Faecalibacillus sp900544435,Mediterraneibacter massiliensis,Neisseria elongata,Phascolarctobacterium_A sp900541915,Phascolarctobacterium_A succinatutens,RUG472 sp900545265,ER4 sp000765235,CAG-83 sp900545495,UBA5446 sp900543085,MGYG000000662
rep568_seed2593	CAG-273 sp902406115,Gemmiger sp900539695,CAG-83 sp900550615,Haemophilus_D parainfluenzae,UMGS946 sp900544965,Alistipes sp002358415,MGYG000003212,Duodenibacillus sp900552915,SFJ001 sp004555865,Staphylococcus aureus,Enterocloster aldenensis,Dysosmobacter sp900548505,Collinsella sp900555765,MGYG000004028,Frisingicoccus sp900753685,MGYG000002575,MGYG000000716,Peptoniphilus_A harei,Bifidobacterium scardovii,CAG-83 sp900545495,Klebsiella_A oxytoca,UBA1390 sp002305315,Prevotella sp900544825,MGYG000000359,Prevotella rara,MGYG000002697,Stoquefichus sp001244545,Veillonella dispar_A,Johnsonella sp900766185,Streptococcus anginosus,Robinsoniella sp900540475,Dialister succinatiphilus,Gordonibacter sp003339845,MGYG000004133,MGYG000004665,CAG-110 sp900544705,UBA7488 sp002477185,Collinsella sp900554585,Bacteroides sp900547205,MGYG000000760,Rothia dentocariosa,Anaerosacchariphilus sp900553635,Phocaeicola sp900541515,MGYG000003784,Blautia stercoris,Catenibacillus sp900553975
rep569_seed2594	MGYG000003747,Salmonella bongori,Streptococcus sp001556435,CAG-110 sp900554705,MGYG000000795,CAG-617 sp000438115,Phocaeicola sp900551645,MGYG000000383,UBA11452 sp003526375,Peptoniphilus_A harei_A,MGYG000000706,UBA7173 sp900546835,Oxalobacter sp900760095,Ruminococcus sp002438605,Duodenibacillus sp900542805,MGYG000004209,MGYG000003910,CAG-110 sp900553805,Veillonella sp900538355,CAG-177 sp000431775,MGYG000004107,CAG-302 sp900554615,Enterocloster aldenensis,Citrobacter europaeus,Clostridium_P massiliamazoniense,MGYG000004560,Collinsella aerofaciens_H,Prevotellamassilia sp900768625,Faecalibacterium prausnitzii_G,Citrobacter portucalensis_A,Enterocloster bolteae,Streptococcus sp900550895,Pantoea conspicua,Prevotella sp900552675,Faecalibacillus faecis,Firm-11 sp004556545,CAG-83 sp900545495,MGYG000004172,Bacteroides sp900765785,Ligilactobacillus murinus,Alistipes sp900550375,UMGS1279 sp900761625,Allisonella pneumosintes,CAG-317 sp000433215,Dysosmobacter sp900551885,Parvimonas sp001553085
rep570_seed2595	Prevotella sp900557255,Mediterraneibacter faecis,Odoribacter massiliensis,Clostridium sp900543325,MGYG000002654,Mediterraneibacter sp900761655,ER4 sp900317525,MGYG000004680,Bacteroides sp900766195,Pauljensenia sp000758755,Superficieibacter sp900766525,UMGS1781 sp900553695,Enterocloster sp000431375,CAG-103 sp000432375,MGYG000004598,MGYG000002071,Lactobacillus helveticus,Evtepia sp900758955,UMGS403 sp900541565,MGYG000003108,Prevotella brunnea,MGYG000000357,Faecalibacterium prausnitzii_F,Negativibacillus sp900547455,Enterocloster sp900540675,Bacillus_A luti,Lawsonibacter sp900754605,Agathobacter sp900546625,Pluralibacter gergoviae,MGYG000002077,Paraclostridium bifermentans,UBA7102 sp900760085,MGYG000003490,MGYG000001724,Anaerococcus vaginalis_B,MGYG000004630,CAG-475 sp900763875,Faecalibacillus intestinalis,Collinsella sp900552705,Catenibacterium sp900540685,CAG-631 sp900762575,Collinsella sp900544865,MGYG000003872,CAG-873 sp001701165,MGYG000002712,CAG-462 sp003489705
rep571_seed2596	Streptococcus equinus,Lactobacillus kalixensis,Prevotella sp900316565,Collinsella sp000434535,CAG-314 sp900551395,UBA1691 sp002320555,MGYG000001727,CAG-217 sp900547275,Bacteroides togonis,TM7x sp900557595,UBA9502 sp003506385,Murdochiella massiliensis,Collinsella sp900760245,CAG-462 sp900291465,UBA9502 sp900770535,CAG-269 sp000437215,MGYG000004330,Prevotella corporis,Eubacterium_R sp900539845,Duodenibacillus sp003472385,Phocaeicola sp900551445,Collinsella sp900545075,Blautia sp900543715,Lacrimispora sp000526575,CAG-617 sp000431275,Limosilactobacillus vaginalis,CAG-110 sp900770015,Ruminococcus_E sp900755995,Phascolarctobacterium_A succinatutens_A,Collinsella sp900550835,SFDB01 sp004558825,Megasphaera massiliensis,Collinsella sp900761155,Enterocloster lavalensis,Collinsella sp900544865,MGYG000000721,MGYG000003797,Veillonella atypica,Oxalobacter formigenes_B,Parabacteroides acidifaciens,MGYG000000632,CAG-279 sp900550025,Collinsella sp900757495,MGYG000000688,MGYG000001219,CAG-170 sp900555665
rep572_seed2597	Phocaeicola salanitronis,Lachnoclostridium_A sp003464085,Succinatimonas hippei,MGYG000004882,CAG-83 sp001916855,Collinsella sp900555745,Agathobacter sp900548765,UBA7173 sp900552325,UBA5446 sp900759385,CAG-451 sp900760545,Citrobacter werkmanii,Lachnospira sp900551945,Lactococcus lactis_E,MGYG000004118,MGYG000002797,Mediterraneibacter sp900555215,CAG-269 sp900754285,MGYG000004049,Ezakiella massiliensis,MGYG000003716,Enterobacter cancerogenus,Megasphaera stantonii,MGYG000002198,Collinsella sp900752015,Enteroscipio rubneri,Anaerostipes hadrus_A,UBA1740 sp900767415,UMGS1668 sp900768105,Veillonella sp900552715,MGYG000000357,MGYG000002686,SFTJ01 sp004557385,Prevotella sp002480935,Angelakisella sp003453215,HGM13618 sp900753975,MGYG000004727,Yersinia pestis,Collinsella aerofaciens_K,Prevotellamassilia sp900540885,MGYG000004139,Lacrimispora sp902363735,Paramuribaculum sp900752995,Prevotella sp900316565,MGYG000000640,Phocaeicola sp900546645,MGYG000000860
rep573_seed2598	MGYG000001685,Lacrimispora sp000526575,Clostridium butyricum,Lactobacillus iners,Eubacterium limosum,Clostridium_J ihumii,Collinsella sp900550825,MGYG000004306,Parasutterella sp900766055,Collinsella sp900551665,Alistipes senegalensis,Ellagibacter isourolithinifaciens,CAG-103 sp900757655,Yersinia kristensenii,Fusobacterium periodonticum_B,CAG-303 sp000437755,Butyricimonas sp900184685,Clostridium_AQ sp003481775,Peptococcus niger,UBA1390 sp002305315,Alistipes sp002161445,MGYG000002697,Acutalibacter sp900543555,SFLA01 sp004553575,ER4 sp900317525,S5-A14a sp000758905,MGYG000002076,Collinsella sp900556515,Prevotella sp900553965,Longibaculum sp900538465,UBA9502 sp003481825,Prevotella sp900552675,Alistipes sp900552955,MGYG000002064,MGYG000002017,MGYG000001197,Collinsella sp900751755,Lactobacillus kalixensis,Prevotella sp004556065,51-20 sp001917175,MGYG000000795,Haemophilus_A parahaemolyticus,Peptoniphilus_A lacrimalis,UMGS1418 sp900551595,Phascolarctobacterium_A sp900770955,MGYG000002901
rep574_seed2599	Firm-11 sp900553905,Coprococcus sp900066115,Anaerosporobacter mobilis,MGYG000003328,CAG-1024 sp000432015,CAG-495 sp001917125,Dielma fastidiosa,MGYG000004654,UBA4871 sp014467055,Veillonella sp900556785,MGYG000002112,Parolsenella sp900552935,Christensenella sp001678845,RUG12045 sp900770325,CAG-485 sp900542185,MGYG000004127,Acidaminococcus massiliensis,Streptococcus sp902363395,MGYG000000626,Eubacterium_I ramulus_A,CAG-465 sp900554875,Enterocloster sp900759225,CAG-302 sp900554615,Collinsella sp900550815,MGYG000003917,Collinsella sp902388345,MGYG000004741,Lachnoclostridium_A sp003464085,Clostridium_E jeddahense,MGYG000000413,MGYG000002674,MGYG000001807,UMGS1865 sp900547725,CAG-877 sp900753325,MGYG000004634,MGYG000004714,Anaerofustis sp900549875,CAG-110 sp900544945,MGYG000002691,Ellagibacter sp900554945,Fusobacterium_A varium_A,Olsenella_E timonensis,Bulleidia moorei,Collinsella sp900554655,Holdemanella biformis,Peptostreptococcus sp900759325
rep575_seed2600	MGYG000002785,Pseudobutyrivibrio fibrisolvens_A,MGYG000004258,MGYG000002677,Phocaeicola sp000434735,Acidaminococcus sp900538365,Dysosmobacter sp900752075,CAG-110 sp900752285,MGYG000001727,Prevotella sp000436035,Caproiciproducens sp000752215,MGYG000001839,MGYG000003813,Ruminococcus_B gnavus,Lactobacillus amylolyticus,Dialister sp900759415,Duodenibacillus sp900544255,Streptococcus rubneri,CAG-279 sp000437795,CAG-492 sp000434015,UMGS1839 sp900555545,Dialister sp900543455,UMGS1603 sp900759005,Prevotella hominis,Collinsella sp003458415,Pauljensenia sp001838165,UBA1234 sp900765095,Streptococcus peroris,MGYG000004881,Odoribacter splanchnicus,MGYG000003915,Enterobacter cloacae_O,MGYG000001873,MGYG000000566,Collinsella sp900552875,MGYG000004884,Ruminococcus_E bromii_A,Raoultella ornithinolytica,UMGS577 sp900543525,Olsenella_E timonensis,Muribaculum sp002473395,MGYG000000425,MGYG000003050,MGYG000003616,MGYG000004496,Gastranaerophilus phascolarctosicola
rep576_seed2601	UMGS1071 sp900542375,MGYG000002130,Holdemanella sp900754615,Blautia_A sp900548245,CAG-110 sp900549705,Faecalimonas phoceensis,Lachnospira sp000436475,Faecalicoccus sp900546545,RUG806 sp900313475,MGYG000001868,RQCD01 sp008668455,CAG-488 sp900554995,Bacteroides eggerthii,Porphyromonas sp900539765,Phascolarctobacterium_A sp900544885,Stomatobaculum sp002892395,Collinsella sp900555815,UMGS403 sp900540865,MGYG000004873,CAG-245 sp000435175,ER4 sp900550165,Zag1 sp000438175,UMGS731 sp900544985,Collinsella sp900757185,CAG-492 sp000434015,Sutterella sp900764215,Collinsella sp003487125,MGYG000000706,MGYG000000361,MGYG000003897,Clostridium sp001916075,Turicibacter sp001543345,Fusobacterium periodonticum_B,MGYG000004839,Collinsella sp900539035,Streptococcus oralis_S,UBA5026 sp900557305,CAG-877 sp900548695,MGYG000004713,Collinsella sp900556515,Veillonella dispar_A,Collinsella sp900549455,Veillonella sp900552715,CAG-831 sp902388455,CAG-590 sp900769115,MGYG000004822
rep577_seed2602	Collinsella sp900757385,MGYG000001859,CAG-145 sp900542565,Yersinia frederiksenii_C,Massilistercora sp902406105,Massilimaliae timonensis,Phocaeicola sp002493165,MGYG000000691,Dialister sp900765565,UMGS1441 sp900551755,Klebsiella_A michiganensis,Gabonibacter sp900543425,Collinsella sp900549455,Salmonella enterica,Enterocloster aldenensis,Phascolarctobacterium_A succinatutens_A,Zag1 sp900769645,Collinsella sp003471585,Prevotella sp002251365,Blautia sp003287895,Alistipes shahii,MGYG000004753,Eggerthella sp014287365,Lactobacillus intestinalis,S5-A14a sp000758905,Collinsella sp003469205,CAG-353 sp900066885,UBA1777 sp900754515,Citrobacter europaeus,UMGS1865 sp900768535,MGYG000002881,Odoribacter laneus,UMGS1783 sp900555065,UMGS946 sp900547135,CAG-269 sp900556945,CAG-81 sp900556965,HGM12650 sp900761725,CAG-180 sp000432435,MGYG000002606,HGM11523 sp900756545,Acidaminococcus intestini,Pseudoruminococcus sp902765855,MGYG000000660,Desulfovibrio piger,Enterococcus_B lactis,CAG-115 sp002492075
rep578_seed2603	Fusobacterium_A sp900015295,Phil1 sp004558525,BX12 sp014333425,MGYG000000342,Extibacter hylemonae,Gemmiger sp900545545,Citrobacter_A amalonaticus,Collinsella sp900541285,MGYG000003828,MGYG000000411,RC9 sp900545245,MGYG000001935,Pseudoflavonifractor capillosus,MGYG000001871,CAG-449 sp900551385,RUG420 sp900542575,HGM11507 sp900761005,MGYG000004839,MGYG000001859,MGYG000004408,UBA7173 sp900759895,Faecalibacterium sp900758465,HGM11525 sp900770405,CAG-170 sp002404795,Alistipes finegoldii,UBA7057 sp900542735,UMGS1109 sp900548675,UBA7488 sp002477185,Gemmiger formicilis,Lawsonibacter sp900066825,Phocaeicola sp900546645,Enterocloster citroniae,Acutalibacter sp900548545,Anaerococcus hydrogenalis,Raoultella ornithinolytica,Prevotella sp900549175,MGYG000000876,MGYG000002089,UBA5905 sp900764115,Oxalobacter formigenes_B,UBA1777 sp900549645,Collinsella sp900762325,Mailhella sp900555975,Eubacterium_G sp900550135,Christensenella sp001678845,UBA1691 sp900544375
rep579_seed2604	Blautia hominis,Dysosmobacter sp900550685,Porphyromonas sp900538385,MGYG000000693,Blautia_A sp900763175,MGYG000004608,Citrobacter_A farmeri,MGYG000004670,Akkermansia muciniphila_C,MGYG000003978,MGYG000000691,UMGS1670 sp900548595,MGYG000003948,UMGS1537 sp900552695,HGM11808 sp900757025,MGYG000004699,Catenibacterium sp000437715,Blautia_A sp900551465,Megamonas funiformis,Bacteroides pyogenes,Anaerococcus obesiensis,MGYG000004174,Clostridium celatum,UMGS1858 sp900555705,Evtepia sp004554585,Citrobacter_B koseri,MGYG000002627,CAG-510 sp900550475,MGYG000004713,HGM13862 sp900760825,RC9 sp000434935,Phocaeicola salanitronis,MGYG000003969,MGYG000002730,Faecalibacterium prausnitzii_I,UMGS263 sp900540535,Alistipes sp900542505,Bacteroides xylanisolvens,Alloscardovia omnicolens,Streptococcus anginosus,Fusobacterium nucleatum,UBA1417 sp900552925,Alistipes_A ihumii,Terrisporobacter glycolicus_A,Roseburia hominis,MGYG000000738
rep580_seed2605	NSJ-38 sp902363445,Ruminococcus sp900761275,UMGS1370 sp900542035,Collinsella sp000434535,MGYG000002659,Pygmaiobacter massiliensis,UBA7185 sp900756555,CAG-354 sp900759015,MGYG000004680,Fusobacterium_C gonidiaformans,Paenibacillus_A sp900069005,Collinsella sp002391315,Collinsella sp900545555,MGYG000000359,F23-B02 sp002472405,Collinsella sp900544235,Clostridium sp900766315,MGYG000004009,Allisonella pneumosintes,Oxalobacter formigenes_B,MGYG000004123,UBA738 sp003522945,OM05-12 sp900760755,MGYG000004721,QAMX01 sp003149835,Roseburia sp900550935,MGYG000004610,MGYG000001219,Campylobacter_A concisus,UMGS1241 sp900549955,Peptoniphilus_C sp902363535,MGYG000003766,MGYG000001585,CAG-288 sp000437395,Klebsiella pneumoniae,Haemophilus_D parainfluenzae_K,CAG-632 sp000431515,Enterococcus_B hirae,Butyricimonas sp900759925,MGYG000000566,UMGS268 sp900540705,UMGS1253 sp900550065,Collinsella sp900552705,UMGS1696 sp900763885,An172 sp002160515,MGYG000001189
rep581_seed2606	UMGS1670 sp900548595,MGYG000004384,UBA9414 sp003458885,Alistipes finegoldii,Bacteroides sp900766005,MGYG000003319,Lactobacillus paragasseri,Coprococcus_A catus,CAG-272 sp900556615,UMGS1370 sp900551135,Prevotella brunnea,Eubacterium_R sp014465955,MGYG000000397,Anaeromassilibacillus sp002159845,MGYG000002626,UMGS1663 sp900753245,MGYG000003914,Clostridium_AQ sp003481775,MGYG000002685,Rothia sp001808955,Streptococcus rubneri,TM7x sp900556355,CAG-115 sp003531585,MGYG000000450,UMGS1781 sp900553695,CAG-303 sp900539455,Parabacteroides chinchillae,Anaerostipes rhamnosivorans,MGYG000000761,MGYG000004674,Megamonas sp900556715,HGM11327 sp900759935,Streptococcus sp900546335,Collinsella sp900542275,1XD42-69 sp014287635,Collinsella sp900555765,Lactobacillus gallinarum,UBA1234 sp900765095,Alistipes sp900546065,Leclercia adecarboxylata_C,MGYG000002714,UBA1394 sp900554975,CAG-272 sp000433515,Lawsonibacter sp900754605,Duodenibacillus sp900762555,UMGS995 sp900547465
rep582_seed2607	Prevotella sp002265625,Acutalibacter sp000435395,Blautia_A sp900553515,Haemophilus_D parainfluenzae_M,Acetatifactor sp900554205,Dysosmobacter sp900550685,UBA5884 sp900551505,CAG-95 sp900066375,UMGS75 sp900538885,HGM11521 sp900751885,Bacteroides pyogenes,MGYG000004135,Fusobacterium polymorphum,UMGS1370 sp900551135,UBA7057 sp900542735,MGYG000004238,Alistipes_A sp900545315,Lachnoclostridium_A sp002160755,CAG-417 sp000432835,Collinsella sp900554645,MGYG000004304,CAG-110 sp000434635,MGYG000002691,MGYG000002215,Prevotella sp900549175,Collinsella sp900545605,Citrobacter_A farmeri,Bifidobacterium pullorum,MGYG000002063,Butyricimonas sp003479425,MGYG000003995,HGM05232 sp900759955,UBA1191 sp900543485,CAG-314 sp900551395,Faecalibacterium sp900540455,Edwardsiella tarda,Collinsella sp900541055,MGYG000001862,Anaerococcus rubeinfantis,Blautia hansenii,Faecalibacterium sp900772565,Zag1 sp900769355,CAG-485 sp900760735,CAG-95 sp900553305,MGYG000004174,UBA2882 sp900549665
rep583_seed2608	Varibaculum timonense,MGYG000004023,MGYG000002692,Desulfovibrio piger,Dialister sp900541485,CAG-279 sp900556245,Olsenella sp900555995,Phocaeicola sp900542985,Dialister sp900543455,MGYG000003855,Campylobacter_A concisus_I,CAG-288 sp000437395,Massiliomicrobiota sp002160815,UBA1822 sp900545365,Porphyromonas_A sp900541275,CAG-81 sp900066535,UMGS1487 sp900552225,UMGS692 sp900544545,Rikenella microfusus,Lancefieldella sp902373375,Mediterraneibacter lactaris,Barnesiella sp900542255,Roseburia sp900550935,Tidjanibacter inops_A,Hafnia paralvei,HGM11588 sp900754755,Christensenella sp001678845,SFEL01 sp004557245,MGYG000002646,UBA5905 sp004558485,Lactobacillus amylolyticus,Granulicatella sp900551535,Dysosmobacter welbionis,MGYG000004009,Bifidobacterium bifidum,UMGS1251 sp900549995,Muribaculum intestinale,Pygmaiobacter massiliensis,Butyricimonas faecalis,MGYG000004621,UBA1777 sp900547315,MGYG000003777,MGYG000003915,Collinsella sp900762325,Prevotella denticola,CAG-465 sp900554875
rep584_seed2609	UBA5446 sp900544765,Firm-11 sp900553905,UMGS1668 sp900768105,HGM12789 sp900766585,Phoenicibacter congonensis,CAG-485 sp000437495,MGYG000002017,Methanobrevibacter_A oralis,MGYG000000589,CAG-793 sp900557475,MGYG000003015,Campylobacter_A concisus_E,Bacteroides pyogenes,MGYG000004586,MGYG000004582,Granulicatella sp900551535,MGYG000003060,MGYG000004116,Dialister sp900759415,Ruminococcus_B sp900544395,QAMX01 sp003149835,Turicimonas sp900542195,Prevotella salivae,Anaerostipes caccae,Streptococcus sp001556435,Phocaeicola sp900551645,MGYG000003108,Enterococcus_D casseliflavus,MGYG000001581,MGYG000003289,CAG-964 sp902789345,UMGS268 sp900540175,Fournierella sp004558145,Actinomyces oris,MGYG000004112,Akkermansia sp900548895,CAG-269 sp900760175,MGYG000001886,Citrobacter_A amalonaticus,Mediterraneibacter_A butyricigenes,UBA1691 sp900544715,Caecibacter massiliensis,Dysgonomonas capnocytophagoides,Coprococcus sp000154245,TF01-11 sp003149875,Bacteroides sp900761785
rep585_seed2610	Acutalibacter timonensis,MGYG000004374,CAG-873 sp009775195,CAG-873 sp002493945,Bifidobacterium gallicum,MGYG000002713,Escherichia albertii,CAG-110 sp900770015,Dialister sp900765565,Limosilactobacillus vaginalis_A,UMGS995 sp900769695,Serratia surfactantfaciens,MGYG000004753,Collinsella sp900554155,UBA10281 sp900556195,Eubacterium_F sp003491505,MGYG000002085,Collinsella sp900544095,Collinsella sp900552295,UMGS1279 sp900550315,Mediterraneibacter massiliensis,MGYG000004628,MGYG000004127,MGYG000001588,UBA1777 sp900549485,Lancefieldella sp900555335,SFTJ01 sp004557385,Holdemanella sp002299315,Fenollaria massiliensis,MGYG000003955,Ruminococcus_B gnavus,Bacteroides faecis,MGYG000002071,Alistipes dispar,Phocaeicola dorei,Alistipes sp900544265,MGYG000002727,MGYG000003773,MGYG000001780,Collinsella sp900542965,Faecalimonas sp000209385,Fannyhessea vaginae,Clostridium sp000435835,Pseudescherichia vulneris,Parabacteroides goldsteinii,Agathobacter sp900547695
rep586_seed2611	Collinsella sp900552295,Bacteroides sp900766195,UBA2882 sp900549665,MGYG000004646,Clostridium_AQ sp003481775,CAG-417 sp000432835,MGYG000004364,Bifidobacterium ruminantium,CACZQA01 sp900758075,Catenibacterium sp900540685,MGYG000003434,CAG-127 sp900319515,AM51-8 sp900546435,Butyricimonas synergistica,Parabacteroides sp003480915,CAG-127 sp900539705,MGYG000003934,Mediterraneibacter massiliensis,Bariatricus massiliensis,MGYG000000860,Prevotellamassilia sp004557035,UBA11471 sp000434215,Collinsella aerofaciens_F,Streptococcus sp000187445,MGYG000004119,Collinsella sp900552755,MGYG000003061,Parabacteroides sp900541965,Emergencia timonensis,Collinsella bouchesdurhonensis,MGYG000003717,MGYG000003509,Caecibacter sp003467125,Yersinia aleksiciae,Limosilactobacillus timonensis,UMGS1004 sp900761685,Holdemania massiliensis,Fusobacterium_B sp900541465,MGYG000003927,Acinetobacter baumannii,MGYG000004880,Prevotella sp002300055,MGYG000001724,Holdemanella sp900754615,UMGS1477 sp900553845,Olsenella_E timonensis
rep587_seed2612	MGYG000003206,HGM13233 sp900762805,UBA636 sp900546285,Anaerococcus lactolyticus,MGYG000004890,Acutalibacter sp900759575,Roseburia sp900542495,Alistipes sp900548155,Ruminococcus_E sp002493635,Anaeromassilibacillus sp001305115,MGYG000003319,CAG-279 sp900548875,CAG-485 sp900759795,AM07-15 sp003477405,Streptococcus constellatus,1XD42-69 sp014287635,Enterocloster sp900555045,MGYG000003799,Bifidobacterium ruminantium,Lachnoclostridium_B sp900543315,MGYG000001885,Anaerostipes rhamnosivorans,CAG-762 sp900551315,Clostridium_AP scindens,Psychrobacillus sp012843435,Faecalimonas sp900550235,UBA9414 sp003458885,MGYG000002691,MGYG000003904,Mitsuokella multacida,UBA1822 sp002314995,MGYG000000761,MGYG000000662,MGYG000000745,Prevotella sp900772835,Collinsella sp900545835,Amulumruptor caecigallinarius,Collinsella sp900751755,Collinsella sp900754385,MGYG000003270,MGYG000001996,Lachnospira sp900772425,Murimonas intestini,MGYG000003800,Clostridium_Q saccharolyticum_A,UMGS577 sp900543525
rep588_seed2613	Campylobacter_B hominis,MGYG000001837,MGYG000002699,UMGS1826 sp900555435,Bilophila sp900550745,Morganella morganii_B,Dysosmobacter sp000436875,Citrobacter_B koseri,CAG-95 sp000438155,UBA7173 sp001701135,MGYG000002646,MGYG000003076,CAG-272 sp000433515,Eubacterium_I sp900557275,Veillonella atypica,MGYG000004591,Prevotella sp900313215,Citrobacter europaeus,Haemophilus influenzae,Eubacterium_R sp002493325,Prevotella sp900552675,Prevotella sp002251365,Lawsonibacter sp003478995,MGYG000000630,Collinsella sp900542905,Bacteroides sp007896885,Enterococcus_B lactis,CAG-196 sp900553895,CAG-180 sp900545625,Alistipes provencensis,Dialister sp900557365,Lacrimispora sp902363835,Prevotella sp900316565,MGYG000002216,Enterocloster citroniae,Prevotella sp000434975,MGYG000002738,Eikenella corrodens,Prevotella sp900551055,Prevotellamassilia timonensis,Collinsella tanakaei,Clostridium celatum,Pediococcus acidilactici,CAG-83 sp900549395,MGYG000000350,Parabacteroides sp900770835
rep589_seed2614	CAG-488 sp000434055,MGYG000003728,MGYG000004854,UBA4285 sp900545225,MGYG000004421,NK4A136 sp002314855,MGYG000004662,CAG-110 sp900549705,Merdibacter sp900759455,MGYG000001844,CAG-485 sp900552315,UBA7173 sp900548705,MGYG000000456,CAG-313 sp000433035,Lachnoclostridium_B sp000765215,MGYG000002127,MGYG000004752,MGYG000004122,Collinsella sp902362275,Alistipes sp900552955,Bifidobacterium globosum,CAG-110 sp900544705,Murimonas intestini,Collinsella sp900556605,Faecalimonas sp900550235,Fusobacterium_A varium_A,MGYG000004553,UMGS882 sp900546385,MGYG000004085,UBA1777 sp003150355,Prevotella sp900554695,MGYG000003254,MGYG000004531,Dialister sp000434475,Anaerococcus rubeinfantis,UMGS1540 sp900552775,CAG-110 sp900553805,Collinsella sp003466125,Prevotella multisaccharivorax,Pseudoflavonifractor sp014287675,MGYG000003948,MGYG000004808,MGYG000000210,MGYG000004519,CAG-882 sp003486385,MGYG000003434
rep590_seed2615	RUG472 sp900545265,Pseudomonas_E massiliensis,Lachnoclostridium_A sp003464085,UMGS1532 sp900552605,MGYG000003917,MGYG000004503,Bacteroides oleiciplenus,NSJ-38 sp902363445,Porphyromonas asaccharolytica,Butyricicoccus_A sp002395695,Fusobacterium_A sp900764925,Porphyromonas sp900538385,Slackia_A piriformis,MGYG000004857,MGYG000004522,MGYG000000711,Collinsella sp900552155,Collinsella sp900544235,MGYG000002198,Collinsella sp900757185,Veillonella sp900552715,CAG-269 sp900556345,UMGS1387 sp900551295,MGYG000000512,MGYG000000587,MGYG000003787,Neobittarella massiliensis,MGYG000000616,MGYG000004787,Limosilactobacillus vaginalis,CAG-83 sp900313295,Olsenella sp900555995,MGYG000004824,Lactococcus_A raffinolactis,Collinsella sp900554325,Bacteroides uniformis,CAG-81 sp900066535,CAG-83 sp003539495,MGYG000000721,Bifidobacterium breve,MGYG000001914,Escherichia fergusonii,Longicatena caecimuris,MGYG000002207,RUG12045 sp900770325,UBA9502 sp003481825
rep591_seed2616	MGYG000004553,Olsenella_E timonensis,Ligilactobacillus salivarius,MGYG000001804,Ruminococcus_E sp900314705,HGM11525 sp900770405,CAG-110 sp000434635,Escherichia coli_D,Yersinia massiliensis,RUG420 sp900542575,Collinsella sp900543515,MGYG000004024,MGYG000002713,Marseille-P4683 sp900232885,Eubacterium_R sp900547915,Amedibacillus dolichus,GCA-900066495 sp900545985,Eubacterium maltosivorans,Phocaeicola sp002161765,Prevotella sp002251385,UMGS1293 sp900550385,Lachnoclostridium_B phocaeensis,MGYG000004107,UMGS1474 sp900552115,UBA4871 sp014467055,MGYG000004858,Parabacteroides distasonis,MGYG000001106,Prevotella sp002480935,Cedecea davisae,Sellimonas intestinalis,MGYG000001870,Catenibacterium sp000437715,MGYG000001871,UBA11774 sp003507655,UMGS1840 sp900555525,Collinsella sp003439125,Megamonas sp900556715,Eubacterium_R sp000433975,CAG-180 sp900540295,MGYG000003509,UMGS1858 sp900555705,Intestinibacter sp900540355,Collinsella sp900757205,MGYG000004377,CAG-245 sp900552135
rep592_seed2617	Collinsella sp900544235,CAG-115 sp003516865,Frisingicoccus sp900549105,Anaerotignum sp001304995,HGM13222 sp900757485,Agathobaculum sp900555465,Robinsoniella sp900540475,CAG-882 sp900545455,Dysosmobacter sp900542115,Pseudescherichia sp002298805,Scardovia wiggsiae,Prevotella sp900553465,Amedibacterium intestinale,Catenibacillus sp900557175,CAG-877 sp900554305,UMGS1766 sp900554855,Lactobacillus iners,Salmonella bongori,Alistipes sp000434235,CAG-177 sp900770255,Pseudomonas_E fulva,UMGS1540 sp900552775,Bacteroides fragilis_A,TF01-11 sp001414325,Collinsella sp900554665,CAG-617 sp000431275,MGYG000004549,Pseudoruminococcus massiliensis,Veillonella_A seminalis,Parabacteroides massiliensis,Eubacterium_I sp900557275,Alistipes timonensis,Clostridium_J sp000821305,UMGS1696 sp900554225,Lactobacillus amylolyticus,UMGS966 sp900547185,UMGS1052 sp900548115,MGYG000000934,Ruminococcus_D sp000434695,Clostridium sp900766315,CAG-145 sp900754795,V9D3004 sp002349525,CAG-110 sp900549705,Anaerofustis stercorihominis,Fenollaria timonensis,CAG-390 sp000437015
rep593_seed2618	UBA1394 sp900538575,Ligilactobacillus sp900765635,MGYG000000339,CAG-279 sp900548875,Collinsella sp900767675,CAG-557 sp000435275,Fusobacterium_A sp900764925,Barnesiella sp002159975,Faecalibacterium sp900539885,UMGS1670 sp900548595,CAG-110 sp003525905,Prevotella disiens,CAG-485 sp900759795,UBA7173 sp001915385,MGYG000001242,F23-B02 sp004556755,Parabacteroides massiliensis,Hafnia alvei,Mobilibacterium sp900315625,MGYG000004808,Parabacteroides faecis,Limosilactobacillus fermentum,MGYG000000738,Phocaeicola sp900066455,MGYG000004781,Bifidobacterium sp002742445,MGYG000000425,MGYG000002053,CAG-272 sp000433515,RC9 sp900769905,Serratia ureilytica,Catenibacillus sp902363555,Lactobacillus iners,Yersinia pestis,CAG-882 sp003486385,Enterocloster aldenensis,UMGS403 sp900540275,UMGS1225 sp900549725,Holdemanella sp900754615,Cedecea davisae,MGYG000004818,Franconibacter helveticus,CAG-831 sp900544175,Lachnoclostridium_B sp900066555,MGYG000004374,Oxalobacter sp900760095
rep594_seed2619	Anaerostipes hadrus,Blautia_A wexlerae_A,MGYG000004874,Paraclostridium tenue,MGYG000000286,Prevotella sp900555035,PeH17 sp000435055,Robinsoniella sp900539655,Clostridium_AQ innocuum,Erysipelatoclostridium ramosum,Flavonifractor sp900549795,Yersinia kristensenii_B,Yokenella regensburgei,MGYG000000713,Morganella morganii,MGYG000003719,Bacteroides sp007896885,HGM13222 sp900757485,UMGS577 sp900543525,Porphyromonas_A sp900541275,MGYG000001954,CAG-314 sp900551395,Romboutsia dakarensis,Streptococcus alactolyticus,Proteus sp003144505,Mixta calida,RUG12045 sp900770325,Hungatella_A hathewayi_A,Robinsoniella peoriensis,MGYG000004423,Clostridium_F botulinum_A,Fusicatenibacter sp900772675,MGYG000003005,Collinsella sp902388345,Paraprevotella sp900548345,Bacteroides faecis,CAG-127 sp900767585,MGYG000001735,MGYG000004850,Odoribacter splanchnicus,MGYG000002198,MGYG000004895,Phil1 sp004558525,Collinsella sp900550185,CAG-170 sp003516765,Prevotella jejuni
rep595_seed2620	CAG-312 sp900760055,Coprococcus sp000154245,MGYG000000594,CAAEEV01 sp900754955,Fusobacterium periodonticum_B,UBA6398 sp003150315,Bacteroides xylanisolvens,Prevotella sp000433175,MGYG000000403,MGYG000004169,NK3B98 sp900545815,MGYG000001885,Prevotella sp900548585,Blautia_A sp900547615,MGYG000004768,Megasphaera sp002319965,MGYG000004741,Lactonifactor sp009677585,Coprobacillus cateniformis,Veillonella sp900545205,MGYG000000545,Collinsella sp900541195,Lactococcus lactis_E,Prevotella stercorea,Leminorella grimontii,MGYG000004727,Campylobacter_A concisus,Yokenella regensburgei,Megamonas sp900556715,Neisseria sp000186165,Mesosutterella massiliensis,RC9 sp900545245,MGYG000000574,MGYG000004405,Rubneribacter badeniensis,Collinsella sp900556605,CAG-488 sp900539465,Porphyromonas sp900539155,Dorea_A longicatena,Clostridium sp001916075,UBA10281 sp900556195,Eubacterium_R sp900547915,Ruminococcus_F champanellensis,Alistipes sp900541585,CAG-83 sp902388735,MGYG000003021
rep596_seed2621	Lactobacillus hominis,Mitsuokella multacida,MGYG000001969,Collinsella sp003469205,UBA4871 sp900554535,Phocaeicola sp900551065,Streptococcus pseudopneumoniae_O,Oribacterium sp900772695,Blautia_A sp900551075,Frisingicoccus sp900757195,Collinsella sp900757265,Fenollaria timonensis,CAG-312 sp900760055,Collinsella sp900551665,MGYG000004224,UBA1829 sp900760615,MGYG000002213,Stoquefichus sp001244545,Phytobacter sp002377245,Collinsella sp900549345,Cetobacterium_A sp900766645,HGM11808 sp900757025,UMGS1441 sp900551755,Alistipes sp000434235,MGYG000004432,CAG-882 sp900545175,Collinsella sp900548515,Lachnospira sp900545725,Varibaculum timonense,Rikenella microfusus,CAG-1427 sp900553605,Collinsella sp900544115,GCA-900066135 sp900543575,Gabonibacter sp900543425,UMGS1370 sp900551135,MGYG000003109,TF01-11 sp003524945,MGYG000004427,Haemophilus_D parainfluenzae_L,Prevotella sp900553465,Dorea_A longicatena_B,Sutterella sp900762445,UBA1191 sp900545775,CAG-354 sp900553015,Gemmiger variabilis,MGYG000004095
rep597_seed2622	Phytobacter sp002377245,RUG806 sp900313475,Streptococcus oralis,Amulumruptor caecigallinarius,MGYG000003207,CAG-83 sp900545495,Escherichia coli_D,Faecalibacterium prausnitzii_D,UMGS1279 sp900761625,Eisenbergiella sp900548905,Merdibacter sp900543035,CAG-841 sp900544285,Longibaculum sp900538465,QALS01 sp003150575,Prevotella hominis,Streptococcus parasanguinis_B,Johnsonella sp900766185,MGYG000002759,UBA1232 sp900544815,Acetatifactor sp003447295,Collinsella aerofaciens_H,Haemophilus_A paraphrohaemolyticus,Enterocloster clostridioformis,Acetatifactor sp900766575,CAG-177 sp900771185,OM05-12 sp003438995,Haemophilus_D pittmaniae,MGYG000002623,Peptoniphilus_A lacydonensis,Enterocloster sp000155435,Prevotella sp900556795,MGYG000002215,MGYG000004470,MGYG000000443,MGYG000003273,Terrisporobacter othiniensis,CAG-488 sp000434055,MGYG000002680,Pseudomonas_E massiliensis,MGYG000003798,MGYG000004674,UBA11471 sp000434215,HGM12587 sp900766915,Eisenbergiella massiliensis,UMGS966 sp900547185,MGYG000003296
rep598_seed2623	UMGS1370 sp900551135,MGYG000003837,Firm-11 sp900553905,Muricomes contortus_B,Collinsella sp900554155,Bacteroides ovatus,MGYG000000643,Prevotella sp002251385,MGYG000000334,CAG-127 sp900553925,Bacillus_J andreraoultii,Catenibacterium sp000437715,Anaerococcus sp900550345,MGYG000004327,TM7x sp900557595,Paraprevotella sp003477995,MGYG000002216,HGM11788 sp900760465,CAG-83 sp900554275,MGYG000004034,Mailhella sp900541395,MGYG000001683,MGYG000004608,Duncaniella sp900549445,Holdemanella sp900754615,MGYG000003301,Anaerococcus sp900258475,UMGS1109 sp900548675,Porphyromonas gingivalis,Yersinia pestis,MGYG000002654,Streptococcus rubneri,Anaerosacchariphilus sp014290175,Ligilactobacillus ruminis,MGYG000004765,Paraeggerthella hongkongensis_A,MGYG000001811,MGYG000000761,Clostridium sp900539375,Sneathia amnii,Anaerococcus hydrogenalis,Mailhella sp003150275,Collinsella sp003458415,MGYG000000547,Prevotella sp900770395,MGYG000001219
rep599_seed2624	Peptacetobacter sp900550335,MGYG000003338,MGYG000003855,UBA4871 sp014467055,Agathobaculum sp900291975,Hafnia paralvei,Mediterraneibacter faecis,MGYG000000687,Proteus vulgaris,MGYG000000677,Robinsoniella peoriensis,Clostridium beijerinckii,UBA5446 sp004553625,Barnesiella sp900538705,Collinsella sp900541785,MGYG000003800,Porphyromonas sp900538385,Ruminococcus_E sp900314705,CAG-841 sp900544285,Bifidobacterium infantis,UBA737 sp900549755,Citrobacter_A amalonaticus,MGYG000004630,MGYG000003837,MGYG000000592,UMGS995 sp900547465,Mediterraneibacter sp900752395,Enorma sp900751795,Klebsiella_A indica,CAG-632 sp000431515,MGYG000004874,UBA1777 sp002320035,Cellulosilyticum sp900556665,Rothia mucilaginosa,Citrobacter_A sedlakii,Collinsella sp900550185,Enterocloster sp005845215,CAG-873 sp002493945,Pauljensenia sp900556405,Bifidobacterium bifidum,Muribaculum sp002358615,MGYG000001743,Parabacteroides chinchillae,CAG-83 sp000435555,Clostridium_Q saccharolyticum_A,Merdimonas faecis
rep600_seed2625	MGYG000004024,CAG-269 sp000431335,UBA7597 sp900542935,Alistipes sp900769445,MGYG000004693,MGYG000004421,UBA4644 sp900763355,MGYG000004039,GCA-900066495 sp902362365,Granulicatella sp001058355,Anaeroglobus geminatus,TM7x sp900555265,Rothia mucilaginosa_B,Anaerostipes sp900066705,MGYG000003863,Mediterraneibacter massiliensis,Eubacterium_R sp900543795,CAG-274 sp000432155,Slackia_A isoflavoniconvertens,Eubacterium_R sp000434995,MGYG000002182,Dialister hominis,Blautia_A sp900551075,MGYG000004364,UBA1691 sp900549825,UBA1777 sp900549865,CAG-269 sp001916055,Phascolarctobacterium faecium,MGYG000002745,Alistipes sp900542505,Acetivibrio_A ethanolgignens,MGYG000002614,BX12 sp902363595,Garciella sp900555725,Eubacterium_I ramulus_A,Yersinia intermedia,Collinsella sp900556365,Oscillibacter ruminantium,Alistipes_A sp900539755,CAG-873 sp009775195,Fusobacterium sp000235465,Porphyromonas uenonis_A,Ruminococcus_E bromii_B,MGYG000003823,MGYG000000745,CAG-238 sp900754805
rep601_seed2626	Zag1 sp000438175,MGYG000003975,Terrisporobacter sp900557165,MGYG000004590,Clostridioides difficile,Parabacteroides sp900760525,CAG-95 sp000438155,Frisingicoccus sp900549105,Clostridium_AP scindens,MGYG000004198,Muricomes oroticus,Acidaminococcus sp900538365,UMGS1766 sp900554855,UMGS1484 sp900552285,Prevotella sp900543585,Dialister sp900538805,Varibaculum timonense,Blautia_A wexlerae_A,Collinsella tanakaei,MGYG000004700,Dysosmobacter sp900548505,CAG-115 sp900768705,MGYG000001137,Clostridium sp900539375,MGYG000000516,UBA1417 sp003531055,Prevotella pectinovora,Streptococcus peroris,MGYG000003788,Collinsella sp900546115,MGYG000002785,Prevotella jejuni,Exiguobacterium sp003467445,Clostridium_F botulinum_A,Haemophilus_D parainfluenzae_M,Bacteroides caccae,MGYG000002223,CAG-390 sp003523225,Firm-10 sp004552515,Enterocloster sp900538485,MGYG000000300,MGYG000002130,CAG-631 sp900754115,MGYG000004166,Limosilactobacillus reuteri_E,CAG-269 sp900754285
rep602_seed2627	MGYG000004759,CAG-115 sp002492075,MGYG000002090,Haemophilus_A sputorum,Eubacterium_G sp000435815,Weissella confusa,MGYG000002069,Rothia mucilaginosa_B,Pluralibacter gergoviae,Ruminococcus_C sp000433635,Alistipes putredinis,MGYG000004119,Collinsella sp003462685,Megasphaera sp902388315,Barnesiella sp900538555,MGYG000001032,MGYG000001583,MGYG000002249,Collinsella sp900542315,MGYG000003211,Zag1 sp900769645,MGYG000001817,Parabacteroides sp900770835,HGM12669 sp900761935,Intestinimonas sp900540545,Anaerosporobacter mobilis,CAG-110 sp900770015,UBA3402 sp003478355,UBA6382 sp900557555,MGYG000003045,Phocaeicola sp000432735,UBA5884 sp900551505,UMGS1071 sp900542375,MGYG000003822,MGYG000004597,Serratia ureilytica,MGYG000002627,MGYG000004891,Prevotellamassilia sp900542795,Streptococcus rubneri,Eubacterium_I ramulus_A,MGYG000002714,Massilioclostridium coli,MGYG000000400,MGYG000004559,Arabia massiliensis
rep603_seed2628	CAG-485 sp900555915,Phocaeicola sp900553185,Cronobacter sakazakii,Prevotellamassilia sp900542795,MGYG000000635,MGYG000004790,F082 sp002633315,Alistipes sp900552955,Parabacteroides distasonis,MGYG000002045,Lachnoclostridium_B sp900066555,Leptotrichia wadei,Lactobacillus intestinalis,UMGS1071 sp900542375,MGYG000004462,MGYG000004514,MGYG000001169,Sutterella parvirubra,UMGS1537 sp900543695,Clostridium_F botulinum_A,Lactobacillus acidophilus,CAG-353 sp900768995,Collinsella sp003437035,CAG-81 sp900066535,UBA11471 sp900542765,CAG-485 sp002361235,Ruminococcus_E sp900755995,Pygmaiobacter massiliensis,Pauljensenia sp902373435,UMGS1781 sp900554635,UMGS1600 sp900553295,CAG-110 sp900546075,CAG-317 sp900543415,MGYG000004180,HGM13006 sp900756575,Collinsella sp900757495,MGYG000002727,MGYG000000433,Bacteroides nordii,Bifidobacterium angulatum,Marvinbryantia sp900544685,MGYG000001075,MGYG000002229,MGYG000003745,Enterobacter asburiae_B,Campylobacter_A concisus_W
rep604_seed2629	Intestinimonas sp900540545,Phascolarctobacterium_A sp900545025,Veillonella sp900545205,Prevotella sp900547005,MGYG000004098,MGYG000002702,Gordonibacter sp003339845,CAG-349 sp003539515,Negativibacillus massiliensis,MGYG000004624,Amedibacterium intestinale,CAG-485 sp900550645,Collinsella sp900553215,MGYG000000425,MGYG000003863,Blautia_A wexlerae_A,Lactonifactor longoviformis,MGYG000000658,CAG-217 sp000436335,Anaerosacchariphilus sp014290175,Phocaeicola sp900542985,Acutalibacter timonensis,SFJ001 sp004555865,MGYG000004808,Collinsella sp900551015,Parabacteroides goldsteinii,UMGS1670 sp900553995,Anaerostipes sp000508985,Desulfovibrio piger,MGYG000001775,MGYG000004873,Parasutterella sp900766055,MGYG000003941,MGYG000002092,MGYG000000645,Acidaminococcus provencensis,Pseudomonas_R sp900766265,UBA5809 sp002417965,Slackia_A piriformis,Bifidobacterium globosum,ER4 sp900546295,HGM13006 sp900757695,UBA5905 sp002437905,Dialister sp900765565,Enterococcus_D casseliflavus,MGYG000004061
rep605_seed2630	Senegalimassilia anaerobia,Prevotella sp900290275,Lachnospira sp900552795,MGYG000004732,ER4 sp003522105,MGYG000000355,Alistipes sp900769405,Anaeroglobus geminatus,Alistipes_A sp900549685,MGYG000000411,Akkermansia sp900545155,MGYG000000680,Ruminococcus_D sp900543145,MGYG000004885,UBA1417 sp002305575,Gemella sanguinis,Methanobrevibacter_A smithii,MGYG000002766,MGYG000000609,Pauljensenia sp900541895,Phascolarctobacterium sp900554395,MGYG000004061,PeH17 sp000435055,Alistipes_A sp900546005,CAG-177 sp003514385,Collinsella sp900549345,Yersinia bercovieri,MGYG000002052,Ruthenibacterium lactatiformans,Paraprevotella xylaniphila,CAG-194 sp000432915,MGYG000002683,Paramuribaculum sp900759835,MGYG000004654,Collinsella sp900756725,Phytobacter diazotrophicus,Parabacteroides chinchillae,Clostridium cuniculi,Prevotella sp900548745,TM7x sp900557595,Phocaeicola sp900551645,UBA4372 sp900766785,MGYG000004408,Streptococcus pasteurianus,Collinsella sp900541055,MGYG000004713
rep606_seed2631	Collinsella sp900552995,Collinsella sp900540875,Prevotella sp002299275,CAG-877 sp900753325,Klebsiella pneumoniae,Streptococcus sp000187445,Fusobacterium_A varium_A,Agathobaculum sp900544475,UMGS1307 sp900550505,MGYG000004531,MGYG000003294,Dysosmobacter sp900550685,MGYG000004247,Rikenella microfusus,Actinomyces sp900323545,Methanobrevibacter_A smithii,UMGS1994 sp900553945,MGYG000002209,Blautia sp900753905,Collinsella sp900553935,MGYG000002182,Prevotella colorans,Ruminococcus_D sp900752625,Haemophilus_A parahaemolyticus,CAG-269 sp900554565,Prevotella sp000434975,MGYG000004449,UBA4644 sp900555855,UBA11517 sp900753315,MGYG000002073,Bacteroides uniformis,MGYG000000384,Streptococcus parasanguinis,UBA5905 sp002437905,Gemmiger formicilis,Prevotella sp002299635,MGYG000000425,MGYG000004811,Lactobacillus amylolyticus,MGYG000002731,MGYG000003109,Dialister sp900759415,ER4 sp003522105,UBA9475 sp900554075,Dielma sp001305055,UBA6398 sp003150315
rep607_seed2632	CAG-110 sp000434635,Campylobacter_A concisus_W,CAG-313 sp000433035,UBA2882 sp900542015,Fusobacterium periodonticum_D,MGYG000001572,UBA4644 sp900555855,Campylobacter_A concisus_P,MGYG000004125,MGYG000003301,HGM11507 sp900761005,Neisseria subflava_C,Yersinia pestis,MGYG000002654,Parabacteroides acidifaciens,V9D3004 sp900760345,MGYG000004857,Bacteroides fragilis,Collinsella sp900754525,Lactobacillus amylovorus,Barnesiella sp003150885,Pseudobutyrivibrio fibrisolvens_A,RC9 sp900546395,Emergencia sp900066695,Veillonella sp003463825,Lawsonibacter sp900550705,CAG-1427 sp900546175,MGYG000002706,CAG-791 sp000431495,Bacteroides sp900765785,Prevotellamassilia sp900543155,Lactobacillus helveticus,Collinsella sp900757185,Lachnoanaerobaculum sp000296385,Klebsiella quasivariicola,Pygmaiobacter massiliensis,MGYG000001839,Agathobaculum sp900555465,MGYG000000474,MGYG000000821,Collinsella sp900551655,Collinsella aerofaciens_F,Eubacterium_F sp900539115,Duodenibacillus sp900762555,Lacticaseibacillus paracasei,UBA11524 sp900769075
rep608_seed2633	MGYG000003813,Alistipes_A sp900549685,MGYG000003980,MGYG000000733,Collinsella sp902388345,MGYG000001952,Phocaeicola sp900553185,MGYG000001582,Alloscardovia omnicolens,Peptostreptococcus sp900759325,MGYG000004820,Phocaeicola sp900551445,Bifidobacterium adolescentis,MGYG000000403,MGYG000003719,UMGS946 sp900547135,Prevotellamassilia sp900772575,MGYG000001879,Alistipes sp900541585,MGYG000000339,Bulleidia sp900554555,Lawsonibacter sp900066825,MGYG000003895,Eisenbergiella sp900548905,Campylobacter_A concisus_R,MGYG000004656,SFDP01 sp004558185,Clostridium_Q symbiosum,MGYG000004228,Mailhella sp900553065,CAG-448 sp003150135,Emergencia timonensis,Lachnospira sp900547255,Prevotella buccae,Terrisporobacter glycolicus_A,CAG-269 sp000438255,Campylobacter_A concisus_P,Lachnoclostridium_B phocaeensis,UMGS1880 sp900555875,UBA7182 sp003480725,Collinsella sp900556365,Bacteroides fluxus,Frisingicoccus sp900757195,Limosilactobacillus fermentum,MGYG000003898,MGYG000000727
rep609_seed2634	Merdibacter sp900543035,MGYG000004305,UBA940 sp900768115,CAG-110 sp900546415,GCA-900066135 sp900066135,Prevotella sp003447235,Massilistercora timonensis,Veillonella sp900552445,Vibrio parahaemolyticus,CAG-873 sp900755985,CAG-83 sp900552475,MGYG000000759,MGYG000004873,MGYG000003338,MGYG000004377,Alistipes sp902363575,Neisseria subflava_C,Collinsella aerofaciens_E,MGYG000004880,HGM11788 sp900760465,Collinsella sp900548365,Alloprevotella tannerae,CAG-462 sp003489705,Streptococcus pasteurianus,Gemmiger sp004555405,CAG-1427 sp900553605,F23-B02 sp900772725,CAG-110 sp900548795,CAG-269 sp900556945,Sutterella parvirubra,MGYG000001735,Fusobacterium_B sp900541465,MGYG000000390,MGYG000002076,F23-B02 sp002472405,UBA1390 sp900764045,QAMH01 sp900556425,CAG-488 sp900539465,Agathobacter sp900548765,Streptococcus sobrinus,MGYG000003938,Lachnoclostridium sp900078195,UMGS1109 sp900548675,CABIZH01 sp902363205,Alistipes sp000434235,MGYG000003936
rep610_seed2635	QALR01 sp900552255,Blautia_A sp900066145,Odoribacter massiliensis,Alistipes sp900544265,Streptococcus rubneri,Dialister invisus,Brachyspira pilosicoli,Blautia_A caecimuris,UBA737 sp900549755,Lactobacillus iners,Flavonifractor sp900549795,Parabacteroides sp900547435,Peptostreptococcus russellii_A,Odoribacter sp900541415,Negativibacillus sp900547015,MGYG000001841,CAG-877 sp900753325,Enterocloster asparagiformis,Collinsella sp900546115,Phocaeicola coprophilus,Proteus cibarius,Ruminococcus_C sp000980705,Cellulosilyticum sp900556665,Neobacillus rubiinfantis,MGYG000004857,Anaerosalibacter massiliensis,MGYG000004411,Campylobacter_A concisus_I,MGYG000000516,MGYG000002654,Parvimonas micra,Butyricimonas faecalis,Coprococcus sp900066115,Haemophilus_D parainfluenzae_L,Ruminococcus sp002438605,MGYG000003289,Streptococcus infantis_I,CAG-1427 sp900553605,Anaerostipes hadrus,MGYG000001205,Alistipes_A sp900539755,MGYG000004901,RF16 sp900766775,CAG-1427 sp000435675,Acutalibacter sp900543305,Pantoea brenneri
rep611_seed2636	CAG-95 sp900066375,Akkermansia sp004167605,Caproiciproducens sp000752215,Lachnoclostridium_A edouardi,GCA-900066495 sp900066495,UBA1234 sp900765095,Duodenibacillus sp900544255,Collinsella sp003436275,Zag1 sp900769355,Blautia_A schinkii,MGYG000000699,Muribaculum sp002492595,UBA1820 sp002314265,Dorea formicigenerans,RF16 sp900766775,Yersinia bercovieri,QAMM01 sp003150405,UBA737 sp900549755,Duodenibacillus sp900542805,Dysosmobacter sp900550685,MGYG000002623,Megasphaera sp902388315,MGYG000001197,RC9 sp900546395,Clostridium_Q sp003024715,Megamonas sp900556715,Firm-11 sp900553905,Prevotella sp000436595,UBA10281 sp900767815,Slackia_A piriformis,Coprobacillus cateniformis,Haemophilus_D pittmaniae,Prevotella sp900540375,Mediterraneibacter lactaris,Catenibacterium sp900764565,UMGS1933 sp900772235,MGYG000000589,Acutalibacter sp000435395,Bifidobacterium dentium,CAG-354 sp900552655,TF01-11 sp900759665,CAG-882 sp900545455,UBA1691 sp900544715,Collinsella sp003439125,CAG-245 sp000435175,MGYG000000413
rep612_seed2637	Acetatifactor sp003447295,MGYG000003907,CAG-110 sp900544945,Phoenicibacter congonensis,UBA1777 sp900549645,MGYG000003980,MGYG000000298,MGYG000004462,Bacillus_A luti,UBA5026 sp900557305,Enterocloster sp900759225,MGYG000004699,MGYG000000505,Absicoccus sp000434355,Ruminiclostridium_E siraeum,Fusobacterium polymorphum,Bifidobacterium ruminantium,Prevotella sp900553595,Acidaminococcus fermentans_A,Clostridium tertium,NK3B98 sp900545815,Limosilactobacillus vaginalis,MGYG000004210,MGYG000001033,UMGS1540 sp900552775,Collinsella sp900542905,Eubacterium_G sp000435815,Collinsella sp900541195,CAG-83 sp900550585,Acetatifactor sp900066365,MGYG000003304,UBA1409 sp900760125,MGYG000003698,Collinsella sp900754275,Enterocloster sp005845215,Pantoea conspicua,Collinsella sp900554985,CAG-776 sp900758895,Phascolarctobacterium_A sp900545025,Collinsella sp900757705,Pauljensenia sp001064145,MGYG000001915,MGYG000004209,Firm-10 sp004552515,HGM11521 sp900751885,Sutterella wadsworthensis
rep613_seed2638	Paraclostridium sordellii,UBA5809 sp002417965,MGYG000001906,Raoultella ornithinolytica,MGYG000004374,Veillonella sp900550175,MGYG000004169,Citrobacter_A sedlakii,MGYG000003319,Coprococcus sp900548215,Veillonella sp900556785,MGYG000004901,Bacteroides sp007896885,Limosilactobacillus antri,Prevotella sp900543975,Eubacterium_R sp900539425,UBA9502 sp003481825,MGYG000002255,RUG420 sp900542575,CAG-83 sp900756715,Collinsella sp900761155,UMGS1572 sp900553045,MGYG000002654,MGYG000003207,Prevotella pectinovora,Fusobacterium animalis,Eggerthella sp014287365,Alistipes sp900769745,Stoquefichus massiliensis,Actinomyces graevenitzii,MGYG000004133,Lachnoanaerobaculum sp000296385,Phascolarctobacterium_A sp900545025,MGYG000004824,Acutalibacter sp900759575,Hafnia paralvei,MGYG000002726,Blautia_A luti,CAG-110 sp900547405,Acidaminococcus provencensis,Prevotella sp000436695,MGYG000001137,Yersinia kristensenii_B,Paraeggerthella hongkongensis_A,Peptostreptococcus russellii_A,Blautia_A wexlerae_A
rep614_seed2639	Faecalibacterium prausnitzii_H,Lawsonibacter sp900066825,Mediterraneibacter sp900751785,MGYG000004607,UBA1829 sp900760615,Sutterella seckii_A,Erysipelatoclostridium spiroforme,Limosilactobacillus caviae,CAG-110 sp003525905,UMGS1387 sp900551295,Pseudoflavonifractor capillosus,HGM13010 sp900754965,Methanosphaera cuniculi,MGYG000003745,CAG-877 sp900753325,Akkermansia sp001580195,Prevotella sp900770395,MGYG000002198,MGYG000002753,Butyrivibrio_A crossotus,Butyricimonas sp900184685,Collinsella sp900552155,Collinsella sp900544725,Parabacteroides sp900548175,MGYG000002686,UBA5884 sp900551505,Clostridium sp900543325,UMGS1820 sp900555375,Streptococcus sp900543065,SFVR01 sp900769035,Vibrio parahaemolyticus,CAG-873 sp900555715,UMGS1591 sp900553255,UMGS1225 sp900549725,Acetatifactor sp900760705,MGYG000000711,Schaedlerella sp900765975,Alistipes sp900769405,Blautia sp000432195,CAG-964 sp000435335,UBA9502 sp003478505,Roseburia sp003470905,MGYG000004432,UBA1777 sp900547315,Collinsella sp900540875,Phascolarctobacterium sp900545535
rep615_seed2640	Morganella morganii_A,UBA7160 sp902363135,Eubacterium_R sp900539775,CAG-245 sp000434195,MGYG000004514,MGYG000001818,UMGS363 sp900543105,UBA5394 sp003150565,Prevotella corporis,Parabacteroides sp900549585,MGYG000004791,MGYG000002095,RF16 sp900766775,Streptococcus mitis_AC,Coprococcus sp900548315,MGYG000002730,Porphyromonas uenonis_A,Lactobacillus paragasseri,MGYG000003855,Escherichia sp000208585,MGYG000000608,MGYG000002017,Lysinibacillus fusiformis_D,Lawsonibacter sp014287875,CAG-873 sp001701165,Varibaculum timonense,MGYG000004891,MGYG000004367,MGYG000003778,Enterobacter hormaechei_A,MGYG000000706,Collinsella sp900552875,Agathobacter sp000434275,Ruthenibacterium sp900546885,UMGS1975 sp900546685,Allisonella histaminiformans,MGYG000003319,MGYG000003434,GCA-900066495 sp900066495,Catenibacterium mitsuokai,Leptotrichia wadei,Angelakisella sp900547385,MGYG000004689,Ruminococcus_E bromii_A,Odoribacter splanchnicus,UBA636 sp900546285
rep616_seed2641	UBA5809 sp002417965,MGYG000004850,Clostridium_J ihumii,MGYG000002613,Bacteroides bouchesdurhonensis,Rothia mucilaginosa,QALS01 sp003150575,MGYG000004586,MGYG000002170,UMGS1472 sp900552095,MGYG000004172,Streptococcus mitis_AC,MGYG000004443,Prevotella sp900772835,Christensenella sp001678845,UBA7057 sp900543675,CAG-317 sp900543415,Pantoea anthophila,Fusobacterium_A sp900764925,Angelakisella sp004557855,MGYG000003877,MGYG000004664,MGYG000004793,Providencia rettgeri,MGYG000000334,Parolsenella sp900552935,Sneathia amnii,MGYG000003719,MGYG000002084,Phascolarctobacterium sp900545535,Anaerobutyricum sp002161065,HGM12587 sp900766915,UMGS1864 sp900555835,Collinsella sp900551665,Dialister sp002320515,CAG-170 sp900555665,UMGS2016 sp900557185,UBA4372 sp900543815,UBA1417 sp002305575,Fusobacterium_B sp900542625,Kluyvera ascorbata_B,MGYG000000745,MGYG000004085,UBA4285 sp900545225,Clostridium_AQ sp900552125,TF01-11 sp001916135
rep617_seed2642	CAG-448 sp003150135,Mediterraneibacter faecis,Enorma sp900751795,UMGS1474 sp900547105,MGYG000002216,Dysosmobacter sp900548505,QAKW01 sp003343605,Coprococcus sp900548215,CAG-238 sp900542245,Collinsella sp900541195,Blautia_A sp000436615,Morganella morganii_B,MGYG000003882,MGYG000002212,Actinobaculum massiliense,Pauljensenia sp900541895,F23-B02 sp900556535,MGYG000000656,Enterococcus_D sp002850555,UMGS403 sp900540865,UBA1786 sp900771425,MGYG000000456,HGM11616 sp900761075,NK3B98 sp900752305,UBA1820 sp002314265,Fusobacterium massiliense,MGYG000004647,MGYG000004436,Muricomes fissicatena_A,Morganella morganii_A,Veillonella tobetsuensis,MGYG000000346,Roseburia intestinalis,Acutalibacter sp000432995,Acinetobacter johnsonii,Chimaeribacter arupi,MGYG000004852,CAG-269 sp001916005,UBA1417 sp003531055,43-108 sp001915545,Dialister sp900543455,Rothia dentocariosa,MGYG000002170,Extibacter muris,MGYG000003324,Phocaeicola sp900544075
rep618_seed2643	MGYG000003977,UBA7173 sp001915385,MGYG000003338,Dielma sp001305055,Rothia mucilaginosa,Lawsonibacter sp900553135,Porphyromonas sp900538385,CAG-245 sp000434195,MGYG000000643,MGYG000000400,Alistipes sp000434235,CAG-269 sp900762425,Alistipes sp900769405,Clostridium_AQ sp003481775,Acidaminococcus intestini,Terrisporobacter glycolicus_A,Lactococcus garvieae,MGYG000004749,Ruminococcus_E sp900755995,MGYG000004591,BX12 sp014333425,MGYG000004624,Sutterella sp900543805,Ruminococcus_C sp000980705,MGYG000002797,Muricomes fissicatena_A,Sporanaerobacter acetigenes,Phocaeicola salanitronis,Peptoniphilus_E obesi,MGYG000003254,Prevotella sp002251385,Clostridium sp900547475,Parabacteroides sp003473295,UMGS172 sp900539855,Dysosmobacter sp900542115,Firm-11 sp900553905,Collinsella sp900557505,Anaerosacchariphilus sp002160765,Olsenella_B sp000752675,UBA945 sp900549675,Collinsella sp900547125,Pediococcus acidilactici,Muribaculum intestinale,MGYG000000721,GCA-900066755 sp900066755,MGYG000001868
rep619_seed2644	Hydrogeniiclostridium sp900752115,Collinsella sp900539035,Amedibacterium intestinale,MGYG000000411,MGYG000002064,Anaerostipes sp900066705,Alistipes timonensis,Pantoea ananatis,Bacteroides ovatus,MGYG000004890,Collinsella sp900555955,CAG-269 sp900551615,Veillonella_A seminalis,MGYG000004206,Collinsella sp900548565,Desulfovibrio fairfieldensis,MGYG000001839,Collinsella sp900545835,HGM11525 sp900770405,MGYG000002717,Collinsella sp900544425,UMGS1590 sp900759105,UMGS1670 sp900553995,UBA9502 sp900538475,MGYG000002826,MGYG000002754,Collinsella sp900556445,Superficieibacter sp900766525,Peptoniphilus_C sp902363535,Collinsella sp900553705,CAG-83 sp003539495,Ruminococcus_E sp900755995,CAG-269 sp001916065,UMGS1071 sp900548305,Gabonibacter massiliensis,Phocaeicola sp900541515,GCA-900066905 sp900066905,Alistipes sp000434235,MGYG000001813,MGYG000004398,MGYG000002657,MGYG000004818,CAG-56 sp900752065,MGYG000004123,MGYG000000433,Fusicatenibacter saccharivorans
rep620_seed2645	F23-B02 sp003533405,MGYG000004647,Psychrobacillus sp012843435,CAG-272 sp900556615,UMGS856 sp900760305,Ezakiella massiliensis,MGYG000002692,Paraclostridium sordellii,Collinsella sp900757205,CAG-170 sp000436735,MGYG000000682,Collinsella sp900556605,UMGS1477 sp900553845,HGM13233 sp900762805,MGYG000003885,MGYG000000724,Faecalimonas sp900550235,Parabacteroides sp900552415,Phascolarctobacterium_A sp900544885,Bacteroides cutis,MGYG000004405,Klebsiella_A oxytoca,Parasutterella sp000980495,MGYG000004582,Enterobacter roggenkampii,CAG-484 sp000431315,Bacteroides nordii,MGYG000003328,Escherichia coli_D,Erysipelatoclostridium spiroforme,MGYG000001840,Campylobacter_A concisus_G,Dialister sp900759415,Niameybacter sp900551325,MGYG000003898,Gemmiger variabilis_B,Akkermansia sp900548895,MGYG000002098,Fusicatenibacter sp900772675,MGYG000003060,Prevotella sp900556795,Collinsella sp900547855,CAG-1427 sp000435675,Ruminococcus_E sp002493635,MGYG000003895,MGYG000004377
rep621_seed2646	MGYG000003778,MGYG000004775,MGYG000003938,CAG-452 sp900770415,Muricomes contortus_B,QAMH01 sp900556425,Plesiomonas shigelloides,MGYG000000448,Lachnospira sp900552795,CAG-877 sp900753325,F23-B02 sp003533405,MGYG000002209,MGYG000000761,CAG-269 sp001916065,Collinsella sp900544875,Prevotella sp900551055,Collinsella sp900552755,ER4 sp900763705,MGYG000004772,MGYG000004203,Enterocloster bolteae,MGYG000004366,Collinsella sp900551195,UBA1777 sp900754515,Bacteroides ovatus,MGYG000004034,Rahnella variigena,MGYG000004749,MGYG000004822,Collinsella sp902363125,MGYG000000627,Clostridium_AQ sp000165065,MGYG000002624,Blautia_A schinkii,Streptococcus alactolyticus,MGYG000000456,CAG-1427 sp900538545,Prevotella amnii,Collinsella sp900759565,MGYG000004713,CAG-269 sp900556345,UMGS2016 sp900557185,MGYG000002629,Megasphaera sp902388315,MGYG000001169,Collinsella sp900556415
rep622_seed2647	TM7x sp900555885,Peptoniphilus_A phoceensis,Fusobacterium_A sp900543175,MGYG000004607,Prevotella sp900290275,Prevotella sp000434975,UMGS1933 sp900772235,MGYG000002068,Prevotella sp900769055,MGYG000002738,CAG-196 sp900549855,Amulumruptor caecigallinarius,UBA5446 sp900759385,MGYG000004085,Campylobacter_A concisus_P,Prevotella lascolaii,Dialister hominis,Collinsella sp900552145,Phocaeicola sp900552075,UBA1777 sp900546515,Prevotellamassilia sp900556465,QANA01 sp003149735,UBA1390 sp900764045,Megasphaera cerevisiae,Klebsiella_A oxytoca,Mobilibacterium sp900315625,Butyricimonas sp900184685,Prevotella buccalis,MGYG000001032,MGYG000004125,MGYG000002204,S5-A14a sp900553025,Collinsella sp900762325,MGYG000004586,Senegalimassilia faecalis,Acetatifactor sp003447295,Parasutterella sp900554375,Parabacteroides timonensis,Gordonibacter pamelaeae,Streptococcus sp000187445,MGYG000004023,MGYG000004171,Prevotella salivae,Prevotella sp900556825,Gemmiger sp900556255,MGYG000004180
rep623_seed2648	UMGS1668 sp900553955,Paraprevotella sp900548345,Mediterraneibacter sp900752395,Collinsella sp900547345,MGYG000001977,Bacteroides eggerthii,UBA4871 sp014467055,Lachnoclostridium_B sp900543315,UBA5884 sp900551505,Massiliomicrobiota sp002160815,Serratia surfactantfaciens,Streptococcus mitis,QALS01 sp003150575,UBA737 sp900554525,Parolsenella sp900552935,Turicibacter sp001543345,UMGS1071 sp900541905,Bilophila sp900553145,Alistipes_A sp900545315,MGYG000003616,MGYG000001020,MGYG000000694,MGYG000000557,Haemophilus_D parainfluenzae_M,CAG-83 sp900313295,Lysinibacillus fusiformis_D,CAG-110 sp900556935,RQCD01 sp008668455,HGM11530 sp900751685,Clostridium nigeriense,GCA-900066135 sp900066135,Porphyromonas_A somerae,CAG-110 sp900762005,Lactobacillus gallinarum,Clostridium_J sp000821305,MGYG000003910,Bacteroides sp003545565,Robinsoniella sp900540475,Veillonella tobetsuensis,Lancefieldella sp000564995,NSJ-38 sp902363445,Lachnospira sp900547255,CAG-170 sp002404795,Prevotella sp900313215,RC9 sp000432655,MGYG000003877
rep624_seed2649	Duodenibacillus sp900544255,Bacteroides sp902388495,Citrobacter_A farmeri,Paraclostridium bifermentans,Evtepia gabavorous,Streptococcus rubneri,MGYG000004848,Collinsella sp900549355,Citrobacter braakii,Haemophilus_D parainfluenzae_K,UBA5446 sp900759385,Streptococcus mitis,Eubacterium_R sp000436835,MGYG000004377,Enterococcus_G italicus,MGYG000003319,Ruminococcus_D bicirculans,CAG-177 sp900770255,Haemophilus_D sp900756875,Prevotella sp900769275,MGYG000004628,Muribaculum intestinale,Ruminococcus_D sp900539095,CAG-269 sp001916055,CAG-83 sp900551995,UBA1409 sp002338885,Blautia_A obeum_B,Prevotella sp000434975,Phocaeicola ilei,Butyricimonas virosa,CAG-110 sp900549705,MGYG000001219,CAG-269 sp900556945,Bacteroides fragilis_A,Rubneribacter badeniensis,MGYG000004700,CAG-115 sp003531585,MGYG000001048,MGYG000003005,MGYG000002219,Bilophila sp900553145,MGYG000001915,HGM12789 sp900766585,S5-A14a sp000758905,MGYG000003206,Prevotellamassilia sp004552865
rep625_seed2650	UMGS874 sp900546315,CAG-495 sp001917125,Lactonifactor sp009677585,UBA5905 sp004558485,MGYG000000656,TM7x sp900555425,Collinsella sp900542155,CAG-83 sp003539495,Lancefieldella sp902373375,Catenibacterium sp900764725,MGYG000000456,Desulfovibrio legallii,Butyricimonas sp900759925,MGYG000000348,Phocaeicola sp000434735,Collinsella sp900541055,RC9 sp000432655,MGYG000003296,Blautia_A sp900066205,Prevotella sp900543975,CAG-238 sp900551415,CAG-485 sp900321585,MGYG000001832,Eisenbergiella tayi,Cronobacter malonaticus,Rothia mucilaginosa,Anaerosacchariphilus sp002160765,UC5-1-2E3 sp001304875,Stomatobaculum longum,Prevotella disiens,Clostridium_B sp902809985,MGYG000003828,Butyricimonas faecalis,Anaerobutyricum soehngenii,Atlantibacter hermannii,Aneurinibacillus aneurinilyticus,HGM12814 sp900770165,Gordonibacter massiliensis,MGYG000000702,Amulumruptor caecigallinarius,Porphyromonas asaccharolytica,Slackia_A sp900555495,MGYG000002017,Prevotella sp900770025,Paraeggerthella hongkongensis,MGYG000002650
rep626_seed2651	Merdibacter sp900754715,MGYG000000691,CAG-582 sp900760845,CAG-145 sp900542295,Enterocloster sp000155435,Akkermansia muciniphila_C,Lachnoclostridium_B sp900066555,Collinsella sp900541195,MGYG000001996,MGYG000004884,Collinsella sp002391315,Parabacteroides gordonii,MGYG000003898,Prevotella sp900544495,Paraclostridium tenue,Gemmiger sp004555405,Prevotella oralis,MGYG000003776,MGYG000002727,CAG-354 sp900553015,Eubacterium_R sp900539425,MGYG000004583,Coprococcus eutactus,Dysosmobacter sp900548505,CAG-103 sp900317855,Anaerococcus jeddahensis,Sellimonas intestinalis,UBA4285 sp900545225,Collinsella sp902363125,MGYG000001585,Roseburia sp900756925,CAG-110 sp900546075,MGYG000002758,UMGS1766 sp900554855,Collinsella sp900765115,UBA10281 sp900556195,Lacticaseibacillus paracasei,Parabacteroides timonensis,Weissella viridescens,UMGS1883 sp900763305,MGYG000003855,Phascolarctobacterium_A succinatutens,Peptoniphilus_B sp000478985,Collinsella sp900757505,Fusobacterium_B sp900542625,Eubacterium_F sp003491505
rep627_seed2652	UBA9506 sp003506415,UMGS1312 sp900550625,MGYG000003826,Phocaeicola sp000432735,MGYG000002053,Collinsella aerofaciens_E,Ruminococcus_E sp003438075,CAG-873 sp002493945,Faecalimonas sp900546325,MGYG000000876,CAG-81 sp900066785,MGYG000004711,MGYG000003950,HGM12587 sp900766915,Sporanaerobacter acetigenes,Gabonibacter sp900543425,Megasphaera sp900548635,Selenomonas_C sp002351185,Catenibacterium sp900764565,Muribaculum sp002492595,Ruminococcus sp900545125,MGYG000004630,Varibaculum timonense,Citrobacter gillenii,UMGS1418 sp900551595,MGYG000004258,Fusobacterium massiliense,Collinsella sp900550825,Fusobacterium_A sp900543175,UBA11524 sp000437595,CAG-631 sp900754115,Bifidobacterium infantis,MGYG000001921,Bifidobacterium angulatum,Collinsella sp900556285,UMGS75 sp900538885,CAG-83 sp900756715,UMGS363 sp900543105,Collinsella aerofaciens_F,F23-B02 sp002472405,Phytobacter diazotrophicus,MGYG000004465,MGYG000003927,MGYG000000733,MGYG000000735,Lawsonibacter sp014287875
rep628_seed2653	MGYG000000761,Mediterraneibacter sp900761655,Pseudobutyrivibrio fibrisolvens_A,Oribacterium sp900772695,Collinsella tanakaei,CAG-793 sp000433915,MGYG000003833,MGYG000001832,Blautia sp000432195,MGYG000002677,Gordonibacter pamelaeae,UMGS692 sp900544545,Eubacterium_R sp900767025,Clostridium_Q sp900547735,Clostridium sp900543325,MGYG000004722,Phocaeicola sp900546645,UBA1777 sp900549485,Collinsella sp900542325,UMGS882 sp900757905,QALS01 sp003150575,MGYG000004209,Prevotellamassilia timonensis,RC9 sp000432515,NSJ-50 sp014385105,Parabacteroides sp003480915,MGYG000004882,UBA5809 sp002417965,Veillonella sp900538355,Eggerthella sp014287365,CAG-485 sp900550645,MGYG000004159,Alistipes putredinis,Mixta calida,Treponema_D sp900769975,Bulleidia sp900539965,Roseburia hominis,CAG-145 sp900542295,Mitsuokella sp003458855,Prevotella sp900762125,Dysgonomonas gadei,Streptococcus sp004166885,MGYG000003322,MGYG000001859,MGYG000004003,Pantoea sp002920175
rep629_seed2654	Faecalibacterium prausnitzii,Klebsiella aerogenes,Collinsella sp900554465,Prevotella sp900554545,Porphyromonas_A somerae,Ruminococcus_C sp000437175,MGYG000000710,Collinsella sp900547345,Acutalibacter sp000435395,MGYG000000691,Paramuribaculum sp000431155,Eubacterium_R sp900547915,Phocaeicola sp002161565,UMGS1668 sp900553955,MGYG000004380,Anaeroglobus geminatus,UMGS1397 sp900761355,CAG-462 sp900765575,Blautia sp001304935,Phascolarctobacterium_A sp900545025,Eisenbergiella sp900555195,Proteus sp001722135,MGYG000002041,Collinsella sp900549245,CAG-103 sp900317855,Collinsella sp900540875,Peptoniphilus_A harei,Citrobacter europaeus,MGYG000004793,Muricomes sp000509105,CAG-776 sp900758895,HGM13010 sp900754965,Blautia hansenii,HGM11808 sp900757025,MGYG000002037,Campylobacter_A concisus_L,Mediterraneibacter faecis,MGYG000004677,Alistipes_A sp900240235,Catenibacillus sp900553975,CAG-83 sp900552725,UMGS1810 sp900555295,Ruminococcus_E sp003526955,Veillonella sp900556785,TM7x sp900557595,Prevotella sp900313215
rep630_seed2655	Dialister succinatiphilus,Aneurinibacillus aneurinilyticus,UBA945 sp900549675,Dysosmobacter sp900551885,Bacteroides congonensis,Blautia_A sp000436615,Collinsella sp900555585,CAG-273 sp902406115,UMGS1052 sp900548115,MGYG000004161,Eubacterium_R coprostanoligenes,Anaeroglobus geminatus,UMGS966 sp900761965,RC9 sp000434935,Lactobacillus helveticus,MGYG000000710,Porphyromonas sp900538385,MGYG000003005,CAG-269 sp900760175,Acetatifactor sp900066365,RUG12045 sp900770325,Streptococcus oralis_E,Collinsella sp900544135,Haemophilus_D parainfluenzae_N,MGYG000000411,MGYG000000727,Collinsella sp900549535,Bacteroides neonati,Lachnoclostridium_B sp900066765,Dorea_A longicatena_B,Prevotella brunnea,MGYG000003977,Yersinia frederiksenii_C,WG-1 sp900539665,CAG-632 sp900539185,CAG-460 sp900546715,Blautia_A luti,UBA7182 sp003481535,Veillonella sp900765235,Veillonella rogosae,MGYG000000298,UMGS1224 sp900549775,Barnesiella sp900538705,Pantoea septica,Prevotella sp002251385,Catenibacterium mitsuokai
rep631_seed2656	MGYG000004753,Catenibacterium sp900764565,MGYG000004264,UBA4855 sp900540395,MGYG000001581,Campylobacter_A concisus_W,UMGS1975 sp900546685,MGYG000004885,MGYG000003907,Monoglobus pectinilyticus,UBA1417 sp002305575,MGYG000002112,Blautia_A caecimuris,Collinsella sp900541015,MGYG000002025,Peptoniphilus_B sp000478985,Coprococcus eutactus,CAG-882 sp000435595,MGYG000001858,Ruminococcus_D sp900752625,MGYG000002077,Lachnoclostridium_B sp900543315,QAMM01 sp900762715,AM51-8 sp900546435,UBA11774 sp003507655,CAG-110 sp900769995,Rikenella microfusus,Bacteroides faecis,UMGS882 sp900757905,MGYG000003869,CAG-180 sp900545625,Enterocloster sp900555905,UBA1191 sp900545775,CAG-83 sp000431575,CAG-488 sp000434055,MGYG000003950,UMGS363 sp900543105,Acidaminococcus sp900538365,Enteroscipio rubneri,Dysosmobacter sp900542115,Bifidobacterium pullorum,MGYG000004656,Collinsella sp900550815,MGYG000004061,Prevotella sp900554545,Lawsonibacter sp900550705
rep632_seed2657	MGYG000004656,Ruminococcus sp002438605,Blautia_A sp003474435,Odoribacter sp900541415,CAG-877 sp900753325,Lancefieldella sp902373375,MGYG000000342,Tidjanibacter inops_A,Collinsella sp900751755,CAG-484 sp000431315,MGYG000002697,UMGS1623 sp900553525,Pantoea brenneri,51-20 sp001917175,Phoenicibacter congonensis,Pauljensenia sp000411415,MGYG000000732,Bacteroides fragilis_A,Coprococcus sp900548215,MGYG000004647,Lawsonibacter sp003478995,MGYG000004170,MGYG000001032,Alistipes sp001941065,UMGS973 sp900547295,F23-B02 sp002472405,Bilophila sp900550745,Bacilliculturomica massiliensis,Haemophilus influenzae,UBA7488 sp002477185,Butyrivibrio_A sp000431815,Citrobacter braakii,Collinsella sp003458415,CAG-269 sp001916035,MGYG000004829,Bilophila sp902373525,Collinsella sp900549345,Clostridium sp900759995,MGYG000004817,Anaerobutyricum hallii,Parabacteroides sp900549585,MGYG000001572,UMGS1600 sp900553295,Enterobacter sichuanensis,Catenibacillus sp900553975,AM51-8 sp003478275
rep633_seed2658	CAG-313 sp003539625,Anaerotruncus colihominis,MGYG000000286,Streptococcus pasteurianus,Bilophila sp900553145,Parasutterella excrementihominis,MGYG000001632,Enterococcus_B lactis,UBA1409 sp900760125,CAG-485 sp900767075,UBA1259 sp003523255,UMGS1668 sp900553955,UMGS1397 sp900761355,MGYG000003784,Eubacterium callanderi,UBA940 sp900768115,MGYG000004686,MGYG000002809,CAG-312 sp002437405,MGYG000004045,Alistipes sp900550375,UBA7173 sp001915385,CAG-631 sp900754115,Collinsella sp900542315,Ruminococcus_C sp000437255,UMGS1387 sp900551295,RUG023 sp900315435,MGYG000001642,Anaerofustis sp900549875,Azonexus sp900549295,CAG-273 sp003534295,MGYG000004774,Clostridium saudiense,RC9 sp900769145,Collinsella sp900761995,MGYG000000325,CAG-110 sp900544975,TM7x sp900556885,CAG-617 sp000431275,Escherichia sp000208585,CAG-475 sp900548005,Ruminococcus_G gauvreauii,UBA10281 sp900767815,MGYG000004732,CAG-776 sp900758895,MGYG000004611
rep634_seed2659	Niameybacter sp900551325,MGYG000000334,Cetobacterium_A sp900766645,UBA9502 sp900555625,Agathobacter sp900552085,MGYG000002204,Collinsella sp902388345,CAG-484 sp000431315,Negativibacillus sp000435195,Anaeroglobus micronuciformis,Peptoniphilus_E obesi,Escherichia coli_D,CAG-762 sp900551315,MGYG000003813,MGYG000002726,Streptococcus agalactiae,UMGS1293 sp900754495,CAG-831 sp000432775,Collinsella sp900541045,UBA7597 sp900542935,NSJ-32 sp014384895,Paramuribaculum sp900752995,Blautia_A sp900541985,CAG-495 sp900551585,UBA11512 sp003522145,UBA1740 sp900767415,MGYG000004004,Enterocloster citroniae,Fusobacterium nucleatum_E,MGYG000004462,Romboutsia timonensis,Blautia_A sp900120195,Alistipes sp900550925,UBA5394 sp003150565,CAG-196 sp900549855,MGYG000004346,Collinsella sp900757505,MGYG000004888,Weizmannia coagulans,CAG-269 sp900551615,RC9 sp000434935,Collinsella sp900541745,Prevotella sp900540375,Phocaeicola sp000434735,MGYG000001844,Caproiciproducens sp000752215
rep635_seed2660	F23-B02 sp900556535,UMGS1696 sp900753285,F0040 sp000318095,MGYG000004857,Streptococcus anginosus,Porphyromonas sp900538385,MGYG000001862,CAG-110 sp000434635,Serratia marcescens_I,Streptococcus sp001556435,Massilimaliae sp900752435,MGYG000004228,Longicatena caecimuris,MGYG000002150,Alistipes sp002161445,UBA4285 sp900542465,Butyricicoccus sp900547195,Enterococcus_G italicus,F0040 sp900095835,MGYG000003910,MGYG000001804,F23-B02 sp002472405,Prevotella sp900546535,Collinsella sp900768265,Catenibacterium sp900764725,UMGS1600 sp900553295,UMGS1202 sp900549565,Clostridium_J sp000821305,CAG-196 sp900549855,QAMM01 sp003150405,CAG-177 sp900770255,Prevotella sp000433175,Sodaliphilus sp004557565,CAG-269 sp900754285,Eubacterium_F sp000433735,Stoquefichus massiliensis,UBA1409 sp002338885,MGYG000003994,UMGS1994 sp900556975,UBA5905 sp900764115,UBA5026 sp900557305,MGYG000004421,CAG-115 sp900768705,Prevotella sp002300055,CAG-485 sp900766975,CAG-145 sp900540145
rep636_seed2661	Acinetobacter baumannii,HGM12998 sp900756495,MGYG000004708,UMGS1826 sp900555435,Christensenella sp001678845,Citrobacter europaeus,CAG-269 sp001916055,MGYG000003854,Enterocloster sp005845215,Lachnospira sp900772425,Dysgonomonas sp900556485,Veillonella_A seminalis,Terrisporobacter othiniensis,CAG-95 sp900554925,CAG-145 sp900540145,Akkermansia muciniphila,MGYG000001583,MGYG000004327,Veillonella sp900556785,Butyrivibrio_A crossotus,TF01-11 sp900759665,CAG-603 sp900066105,RC9 sp900546395,Marseille-P3106 sp900543935,UBA2856 sp900555005,Collinsella aerofaciens_F,MGYG000004003,Dysosmobacter sp001916835,HGM11588 sp900754755,Collinsella sp900767675,Fusobacterium nucleatum,Lacticaseibacillus paracasei,MGYG000004384,MGYG000004206,CAG-873 sp009775195,Muricomes sp000509105,MGYG000004325,CAG-1427 sp000435675,Enterobacter cloacae_O,Anaeroglobus micronuciformis,Alistipes_A sp900549685,MGYG000000298,MGYG000004582,CAG-617 sp000438115,MGYG000003271,CAG-449 sp900551385
rep637_seed2662	RUG806 sp900313475,Actinomyces sp900323545,Longicatena caecimuris,Collinsella provencensis,Sutterella wadsworthensis_A,Oxalobacter sp900760095,Roseburia sp900552665,MGYG000003294,Firm-11 sp900540045,Lachnospira sp900552795,MGYG000003698,Clostridium_AQ sp900552125,MGYG000003717,Eubacterium_R sp900539775,Lachnoclostridium phytofermentans_A,CAG-83 sp900313295,UMGS1820 sp900545865,Collinsella sp900541205,Collinsella sp900540855,Alistipes_A sp900545315,Streptococcus lutetiensis,Fusobacterium sp000235465,Collinsella sp900542825,MGYG000004768,MGYG000001020,Enterocloster sp900551225,CAG-145 sp900545135,ER4 sp900768135,Bifidobacterium sp900551485,Haemophilus_D sp900756875,HGM13222 sp900757485,Klebsiella pneumoniae,Streptococcus sobrinus,Lawsonella clevelandensis,Hungatella_A hathewayi_A,Phytobacter sp002377245,Lawsonibacter sp900766145,Pseudobutyrivibrio fibrisolvens_A,MGYG000004748,CAG-303 sp900539455,Acutalibacter sp000435395,OM05-12 sp900760755,Lactococcus_A raffinolactis,CAG-1427 sp900556585,Providencia stuartii,CAG-81 sp900066535
rep638_seed2663	MGYG000004870,MGYG000003842,Acidaminococcus provencensis,MGYG000004651,Roseburia sp003483745,Christensenella hongkongensis,UBA945 sp900549675,CAG-488 sp000434055,Oxalobacter formigenes,MGYG000004549,MGYG000002675,GCA-900066755 sp902363085,MGYG000001979,Lactobacillus intestinalis,UMGS1880 sp900555875,Bacteroides faecis,TM7x sp900555885,MGYG000004462,Eisenbergiella massiliensis,UBA7173 sp900555165,Megasphaera sp000417505,MGYG000004610,CAG-115 sp000432175,UMGS1603 sp900553265,MGYG000004845,UMGS1384 sp900551265,Collinsella sp900542155,MGYG000002209,CAG-110 sp900762935,MGYG000004233,Parabacteroides chinchillae,MGYG000004342,QAMH01 sp900556425,MGYG000002692,CAG-269 sp900753165,MGYG000004702,Ezakiella massiliensis,Megamonas sp900556715,UMGS1591 sp900553255,Duodenibacillus sp003472385,MGYG000003797,CAG-245 sp000435175,Blautia_A schinkii,HGM11386 sp900761915,Fusicatenibacter saccharivorans,UMGS911 sp003343545
rep639_seed2664	Prevotella sp900557255,MGYG000000378,Collinsella sp900553705,Alistipes sp900290115,Catenibacterium sp900540685,MGYG000004462,Acinetobacter mesopotamicus,MGYG000004034,MGYG000000677,Prevotellamassilia sp900543155,Hydrogeniiclostridium mannosilyticum,Alistipes sp001941065,Ruminococcus_C sp000433635,Blautia_A luti,Collinsella sp900541205,MGYG000003067,MGYG000004700,Catenibacterium sp900764565,UBA2882 sp900549665,Firm-11 sp900553905,Clostridium_Q sp003024715,MGYG000002112,Neisseria subflava_C,UBA7173 sp900552325,HGM11507 sp900761005,MGYG000004647,Butyricimonas synergistica,CAG-317 sp900543415,Enterocloster clostridioformis_A,S5-A14a sp000758905,MGYG000004714,CAG-485 sp900760815,TF01-11 sp001916135,CAG-83 sp900550585,Mediterraneibacter massiliensis,MGYG000004598,MGYG000004604,Barnesiella sp900542255,MGYG000001028,Clostridium sp900766315,CAG-83 sp900552475,CAG-95 sp900553305,F082 sp002633315,MGYG000000711,Negativibacillus sp000435195,Collinsella sp900555555
rep640_seed2665	MGYG000001114,Phoenicibacter congonensis,MGYG000003328,CAG-841 sp900544285,MGYG000002219,UBA1394 sp900066845,Blautia_A hydrogenotrophica,MGYG000002130,CAG-353 sp900066885,Lachnoclostridium_B phocaeensis,MGYG000001859,Enterococcus faecalis,Blautia_A sp900551715,Mediterraneibacter sp900555215,MGYG000003296,UMGS1487 sp900552225,Prevotella sp000436595,Collinsella sp900541745,Parvimonas micra,Intestinibacter sp900540355,Fannyhessea vaginae,Allisonella pneumosintes,Pseudomonas_E massiliensis,CAG-115 sp003516865,Bulleidia sp900539965,Blautia sp000432195,Phocaeicola coprocola,MGYG000003833,Neisseria macacae,UBA5446 sp900759385,Bacteroides sp900555635,MGYG000003768,Collinsella aerofaciens_J,Lactiplantibacillus plantarum,UMGS1690 sp900554165,Anaerotignum faecicola,UBA1232 sp900544815,UMGS1663 sp900753245,Collinsella sp900556365,Fournierella sp900543285,Collinsella sp900541145,UMGS1338 sp900550805,CAG-831 sp902388455,UMGS268 sp900540705,CAG-354 sp900553015,Desulfovibrio legallii
rep641_seed2666	Blautia_A sp900548245,MGYG000000645,MGYG000003787,MGYG000002176,Collinsella sp900549655,Pauljensenia sp000411415,MGYG000004684,HGM12587 sp900766915,Edwardsiella tarda,Ruminococcus sp900761275,Duncaniella sp900762315,CAG-41 sp900066215,CAG-312 sp900760055,Bulleidia sp900554555,Morganella morganii_B,Veillonella sp900556785,CAG-510 sp900550475,MGYG000003211,Veillonella_A seminalis,CAG-110 sp900548795,MGYG000000736,MGYG000001048,CAG-452 sp900770415,MGYG000004891,Evtepia sp004556345,Parabacteroides faecis,MGYG000004807,GCA-900066135 sp900066135,Bifidobacterium infantis,Enterocloster sp000155435,MGYG000003297,MGYG000004884,Collinsella sp900543515,MGYG000001685,Anaerocolumna aminovalerica,MGYG000003833,UMGS1591 sp900553255,Serratia ureilytica,UMGS1883 sp900763305,Pseudomonas citronellolis,UBA3388 sp002358835,MGYG000003799,Ruminococcus_C sp000433635,CAG-269 sp900754285,MGYG000004305,MGYG000004596
rep642_seed2667	CAG-873 sp900555715,MGYG000003356,Collinsella sp900757505,Collinsella sp900545905,Collinsella sp900544465,Paramuribaculum sp900760855,MGYG000000656,Zag1 sp000433095,F23-B02 sp004556755,Prevotellamassilia sp900539625,Kluyvera ascorbata,Phascolarctobacterium_A sp900545025,MGYG000003162,UBA1390 sp002305315,F0422 sp003999875,MGYG000003768,UBA2856 sp900555005,Mediterraneibacter faecis,UBA7160 sp902363135,MGYG000001048,Clostridium butyricum,Citrobacter youngae,Agathobaculum desmolans,UBA1740 sp900767415,Lawsonibacter sp900550705,MGYG000003301,Actinomyces graevenitzii,Yersinia enterocolitica,Fusobacterium nucleatum_E,Collinsella sp900551605,Eubacterium_R sp900539325,MGYG000002115,MGYG000001807,Collinsella sp900548365,Collinsella phocaeensis,CAG-269 sp900754285,Streptococcus anginosus,CAG-269 sp900552555,HGM11372 sp900767715,Clostridium_Q saccharolyticum_A,MGYG000001580,MGYG000003053,Faecalibacillus sp900544435,UBA4372 sp900543815,Collinsella sp900541025,Alistipes sp902363575
rep643_seed2668	Dialister sp900543165,Prevotella nigrescens,MGYG000002604,Robinsoniella sp900555455,RUG023 sp900315435,MGYG000004742,UMGS874 sp900546315,Lawsonibacter sp000177015,OF09-33XD sp003481995,UMGS1781 sp900554635,MGYG000004559,Ruminococcus_C sp000980705,MGYG000001916,Bifidobacterium sp002742445,Scardovia wiggsiae,CAG-475 sp900548005,Enterocloster sp900543885,UBA3402 sp003478355,Duncaniella sp900549445,CAG-590 sp000431135,Eubacterium_G sp000434315,CAG-110 sp000435995,Cronobacter malonaticus,Schaedlerella sp900765975,Proteus penneri,MGYG000000547,Rothia sp902373285,Ruminiclostridium_E sp003512525,Enterococcus_A devriesei,RC9 sp000432655,MGYG000000383,CAG-145 sp000435715,Oxalobacter formigenes,MGYG000001859,MGYG000002713,Catenibacterium sp000437715,Clostridium_X cadaveris,MGYG000003923,MGYG000004430,UBA738 sp900763675,Veillonella sp900757715,MGYG000002613,Bacteroides ovatus,Collinsella sp900544875,MGYG000004689,Marvinbryantia sp900550755
rep644_seed2669	Phocaeicola sp900544675,MGYG000003995,UBA1777 sp900547315,Dysosmobacter sp900551885,Barnesiella sp002159975,Campylobacter_A concisus_R,Clostridium sp900540255,Butyrivibrio_A sp000431815,HGM10836 sp900772095,Limosilactobacillus vaginalis_A,QAMM01 sp900762715,MGYG000004206,Parabacteroides acidifaciens,MGYG000000711,HGM13222 sp900757485,Collinsella sp900555745,UBA3402 sp003478355,Paraprevotella sp900546665,Negativibacillus massiliensis,MGYG000004306,Alistipes finegoldii,MGYG000004556,F23-B02 sp004558025,MGYG000002045,MGYG000000474,Fusobacterium_A sp900543175,MGYG000003273,Acidaminococcus sp900770265,HGM11616 sp900761075,HGM12998 sp900756495,Fusicatenibacter sp900543115,CAG-81 sp900066055,Alistipes_A indistinctus,UBA9475 sp900554075,MGYG000000574,MGYG000002025,Pradoshia sp001183965,Acutalibacter sp900543555,CAG-81 sp900556965,Lactobacillus gasseri,Anaerococcus sp900258475,Christensenella hongkongensis,Mitsuokella sp003458855,MGYG000002797,MGYG000004693,CAG-1031 sp900752535
rep645_seed2670	CAG-632 sp002406015,Acidaminococcus massiliensis,Prevotella sp900556795,Streptococcus pseudopneumoniae_O,Prevotella sp900548585,Collinsella sp900550185,MGYG000004177,MGYG000003506,VUNA01 sp002299625,UBA9502 sp003506385,Acetatifactor sp900755865,CAG-279 sp900544305,MGYG000004122,Clostridium_AQ sp000165065,UMGS1590 sp900759105,UBA5809 sp002417965,Collinsella sp900551605,Dysosmobacter sp001916835,Bacteroides intestinalis,MGYG000001588,Lawsonibacter sp902363045,MGYG000004654,Odoribacter laneus,CAG-238 sp000435615,UBA11774 sp003507655,MGYG000000662,CAG-492 sp000434335,Porphyromonas uenonis_A,Collinsella sp900541235,Butyricicoccus_A sp002395695,CAG-475 sp900548005,UMGS599 sp900543705,Lancefieldella rimae,Ruminococcus sp900761275,CAG-110 sp900548795,Oxalobacter formigenes,MGYG000002069,UMGS1279 sp900761625,UBA6398 sp003150315,Streptococcus constellatus,Collinsella sp900760325,CAG-411 sp000437275,AM51-8 sp900546435,Klebsiella quasivariicola,Alistipes sp900769745,Longicatena caecimuris
rep646_seed2671	Bariatricus massiliensis,Peptoniphilus_A lacydonensis,Collinsella sp900761155,Marvinbryantia sp014385005,Murdochiella vaginalis,Prevotellamassilia sp004552865,Phascolarctobacterium faecium,Collinsella sp900551605,Eubacterium_R sp900539325,MGYG000004305,Anaerostipes caccae,Marvinbryantia formatexigens,UBA1740 sp900767415,Peptoniphilus_C sp902363535,HGM04593 sp900770665,Phascolarctobacterium sp900544795,Extibacter sp001185345,CAG-217 sp900547275,Collinsella sp003439125,Faecalibacterium prausnitzii_J,MGYG000000346,Prevotella sp002265625,Eubacterium_I ramulus,UBA11512 sp003522145,Faecalibacterium prausnitzii_D,MGYG000003175,MGYG000002691,Campylobacter_A concisus_L,Megamonas sp900554895,MGYG000001594,MGYG000002654,Lactobacillus amylolyticus,TM7x sp900555265,Phocaeicola sp002161765,Phocaeicola sp900551065,Agathobaculum sp003481705,HGM13618 sp900753975,Eubacterium_T sp900766045,Ruminococcus sp900752785,MGYG000004127,MGYG000001112,MGYG000002092,Collinsella sp900549215,Fusobacterium massiliense,MGYG000004188,F23-B02 sp004553495
rep647_seed2672	Methanobrevibacter_A sp900766745,Collinsella sp900541025,CAG-269 sp900554565,CAG-83 sp900554275,MGYG000000733,Bacteroides fragilis_A,Collinsella sp900553705,Fusobacterium_B sp900541465,CAG-964 sp000435335,Ezakiella massiliensis,Prevotella sp900556825,Succiniclasticum sp900544275,Lawsonella clevelandensis,QAMH01 sp900556425,Rothia dentocariosa,Bacteroides sp900766195,CAG-56 sp900752065,UBA1191 sp900549125,Phocaeicola sp900552645,CAG-83 sp001916855,UMGS1690 sp900554165,MGYG000001219,UBA5905 sp900764115,Pantoea eucalypti,CAG-841 sp900544285,S5-A14a sp000758905,Alterileibacterium massiliense,Erysipelatoclostridium spiroforme,CAG-882 sp900545175,MGYG000002212,Collinsella sp900758375,Prevotella sp900316565,Slackia_A piriformis,UBA11471 sp900542765,MGYG000000635,Terrisporobacter sp902363255,Bariatricus comes,Alloscardovia omnicolens,Prevotella sp000436915,CAG-882 sp003486385,CAG-1427 sp900553605,MGYG000002613,Prevotella sp000433175,MGYG000004886,Gemmiger qucibialis,Enterocloster sp900538485
rep648_seed2673	Collinsella sp900544115,Bruticola sp004554425,Acidaminococcus provencensis,Collinsella sp900542275,UBA940 sp900768115,Bifidobacterium thermophilum,Longibaculum sp900538465,MGYG000000733,UMGS946 sp900544965,Dialister sp900545785,HGM11507 sp900761005,Collinsella sp900752475,Massilicoli timonensis,UBA1820 sp003150615,Collinsella sp900556495,MGYG000001775,Turicibacter sp001543345,Mediterraneibacter sp900555215,Acetatifactor sp900772845,Prevotella sp003447235,Methanobrevibacter_A sp900766745,Blautia_A sp900120195,Blautia_A sp003477525,Turicibacter sanguinis,CAG-110 sp900762245,MGYG000004837,UBA10281 sp900548285,MGYG000001033,Prevotella sp900317685,Neisseria subflava_C,UBA5446 sp900546485,Prevotella sp900769055,Robinsoniella sp900555455,MGYG000003441,UMGS1670 sp902406135,Collinsella sp900556445,MGYG000003778,MGYG000000450,Bacteroides_F pectinophilus,Yersinia massiliensis,UMGS1370 sp900542035,MGYG000003418,Collinsella sp900554985,MGYG000004781,CAG-269 sp900553985,Streptococcus pseudopneumoniae_O
rep649_seed2674	Phocaeicola coprophilus,Alistipes sp900549305,Fusobacterium animalis,MGYG000004590,Streptococcus sp902373455,RUG12045 sp900770325,Prevotella sp000431975,MGYG000002769,MGYG000002151,MGYG000002704,MGYG000000398,Collinsella sp003436275,MGYG000002207,Marseille-P4683 sp900232885,Barnesiella sp003150885,NSJ-61 sp003433845,Mailhella sp003150275,MGYG000004621,MGYG000001833,Alistipes dispar,Serratia surfactantfaciens,UBA1390 sp900764045,Collinsella aerofaciens_H,CAG-485 sp002491165,UBA1417 sp900549945,CAG-269 sp900555615,Longibaculum sp900538465,AM51-8 sp900546435,Acutalibacter sp900543305,Phocaeicola sp900066445,CAG-95 sp900066375,CAG-882 sp900545455,MGYG000004670,CAG-145 sp002320005,CAG-495 sp900538765,CAG-312 sp002405555,MGYG000004791,Ruminiclostridium_E sp900539195,Blautia sp900753905,MGYG000003869,CAG-302 sp900554615,UMGS1474 sp900547105,Lachnoclostridium_B sp900543315,Enorma massiliensis,Dialister hominis,Collinsella sp900552875
rep650_seed2675	CAG-194 sp000432915,Parabacteroides faecis,MGYG000000609,MGYG000001879,Prevotellamassilia sp900556465,MGYG000004080,Dielma fastidiosa,MGYG000004112,CAG-180 sp004556705,Acetatifactor sp900755865,CAG-417 sp000432835,Alistipes sp900760675,UBA10677 sp003533505,WG-1 sp900539665,UMGS75 sp900538885,Parabacteroides sp003473295,UMGS1600 sp900553295,Phocaeicola massiliensis,Campylobacter_A concisus_R,CAG-115 sp003516865,UMGS1839 sp900555545,UBA1394 sp900554975,MGYG000002758,CAG-115 sp003507295,Dysgonomonas capnocytophagoides,Collinsella sp900549215,MGYG000004891,CAG-510 sp900550475,Intestinibacter bartlettii,Bifidobacterium dentium,Prevotellamassilia sp900543155,Campylobacter_A concisus_P,Morganella morganii,MGYG000004781,CAG-354 sp900555085,UBA4644 sp900763355,Mailhella sp900541395,MGYG000004608,Megamonas sp900556715,Bacteroides sp900761785,Phocaeicola sp900551645,UMGS403 sp900540275,UBA11774 sp003507655,Prevotella brunnea,Parabacteroides merdae,Firm-11 sp900548145
rep651_seed2676	Eubacterium_R sp900767025,Collinsella sp900556285,MGYG000000592,Collinsella sp900549215,Streptococcus infantarius,CAG-170 sp003516765,MGYG000004306,Paramuribaculum sp900752995,Limosilactobacillus reuteri_E,SFEL01 sp004557245,RF16 sp900766775,Acidaminococcus sp900770265,Collinsella sp900542325,Clostridium sp900543325,UBA7173 sp900540205,Collinsella sp900757265,MGYG000000403,MGYG000003867,UBA1691 sp900552985,UMGS1590 sp900759105,Varibaculum timonense,UBA7173 sp900768685,Dysosmobacter sp900763685,Raoultella ornithinolytica,MGYG000003813,CAG-103 sp004556965,MGYG000004839,Faecalitalea cylindroides,OF09-33XD sp003481995,Massilioclostridium methylpentosum,CAG-238 sp900754805,CAG-475 sp900763875,Emergencia timonensis,MGYG000004741,UMGS856 sp900546265,Pradoshia sp001183965,Plesiomonas shigelloides,Bacteroides intestinalis,Anaerostipes hadrus_A,UMGS1491 sp900757335,MGYG000002696,UBA10281 sp900767815,CAG-269 sp001916005,CAG-492 sp000434335,Collinsella sp900542965,MGYG000002826
rep652_seed2677	Weizmannia coagulans,Pauljensenia sp900556405,Rothia mucilaginosa_B,Collinsella aerofaciens_H,Prevotella sp000431975,Lagierella massiliensis,MGYG000001581,CAG-631 sp900762575,CAG-1427 sp000435675,MGYG000000505,QALS01 sp900552625,Faecalimonas sp900546325,MGYG000002182,Eggerthella sp014287365,Megamonas sp900554895,MGYG000004895,UBA4285 sp900542465,Peptostreptococcus anaerobius,Dysosmobacter sp900546705,CAG-390 sp900753295,Campylobacter_A concisus_E,Collinsella bouchesdurhonensis,OF09-33XD sp003481995,Latilactobacillus curvatus,Fournierella massiliensis,Pseudomonas_E putida_P,UMGS1858 sp900555705,Raoultella ornithinolytica,MGYG000002921,Ruminococcus_E sp003438075,MGYG000001954,UBA9502 sp900555625,MGYG000002759,MGYG000004756,Phocaeicola sp900544075,Coprobacillus cateniformis,Clostridium saudiense,Collinsella sp900554655,MGYG000004531,MGYG000003067,Streptococcus mitis_D,MGYG000004342,MGYG000000677,Collinsella sp900761995,Akkermansia muciniphila_A,MGYG000004177
rep653_seed2678	UMGS1279 sp900761625,Bacteroides sp900766195,Phocaeicola mediterraneensis,MGYG000003822,MGYG000002150,Lachnoanaerobaculum umeaense,MGYG000004365,Ruminiclostridium_E sp900539195,Prevotella sp900546535,MGYG000001242,UBA5905 sp900764115,Monoglobus pectinilyticus,CAG-631 sp900762575,UMGS403 sp900541565,Coprobacter secundus,Bacteroides sp003545565,Cetobacterium_A sp900766645,Faecalibacterium prausnitzii_M,Blautia_A sp900763175,ER4 sp900552375,Collinsella sp900543515,UBA1777 sp900549485,Collinsella sp900757185,Prevotella sp002480935,Intestinibacter sp900540355,CAG-83 sp001916855,MGYG000000682,CAG-83 sp902388735,Dysgonomonas sp900556485,Phascolarctobacterium faecium,Streptococcus lutetiensis,UBA1409 sp002338885,CACZQA01 sp900758075,Enterocloster sp001517625,UMGS1279 sp900550315,QAMX01 sp004555605,Fusicatenibacter saccharivorans,Eubacterium_R sp900547915,Streptococcus sp001556435,HGM11523 sp900756545,Acinetobacter mesopotamicus,Prevotella sp900317685,Paramuribaculum sp900752995,MGYG000000588,MGYG000000818,UBA7173 sp001915385
rep654_seed2679	HGM04593 sp900769765,Prevotella sp000436915,MGYG000000660,Finegoldia magna,Superficieibacter sp900766525,MGYG000001880,Agathobacter faecis,CAG-127 sp900767585,MGYG000004793,Citrobacter gillenii,Collinsella sp900541205,MGYG000000576,Muricomes contortus_B,CAG-303 sp900539455,Roseburia sp900542495,Ruthenibacterium sp900759375,Stomatobaculum longum,MGYG000001581,MGYG000002127,Collinsella sp900550815,CAG-103 sp900757655,CAG-964 sp000435335,UBA3388 sp900546465,MGYG000004888,CAG-83 sp000435555,MGYG000004169,Prevotella brunnea,Actinobaculum massiliense,MGYG000003900,Blautia_A sp900551465,MGYG000004049,F0422 sp900766245,Collinsella sp900555815,Clostridium sp000435835,Frisingicoccus sp900753685,CAG-312 sp002405555,CAG-484 sp000431315,Marseille-P3106 sp900543935,Clostridium septicum,MGYG000004094,Hungatella effluvii,MGYG000000733,Sutterella seckii_A,Fenollaria massiliensis,Cutibacterium acnes,Lacticaseibacillus rhamnosus
rep655_seed2680	F0040 sp000318095,MGYG000001935,UMGS1696 sp900753285,MGYG000004791,Varibaculum timonense,Lactococcus lactis,UMGS1002 sp900547565,Parabacteroides sp900540715,Prevotella pectinovora,Bilophila sp900550745,UBA7185 sp900756555,Bacteroides sp002491635,Olsenella_B sp000752675,Alistipes sp900769745,Alistipes_A sp900539755,Lactiplantibacillus plantarum,Ruminococcus_E sp003526955,MGYG000004095,Dysosmobacter sp900551885,MGYG000003698,CAG-83 sp900550585,Blautia sp900543715,Blautia_A luti,MGYG000003212,DTU089 sp002440045,Collinsella sp900542905,Acutalibacter sp900543305,Peptoniphilus_A phoceensis,Christensenella sp001678845,Campylobacter_A concisus_P,CAG-269 sp900760175,Phocaeicola sp002493165,Hydrogeniiclostridium sp900752115,CAG-590 sp900548855,UBA1752 sp900554405,CAG-83 sp900313295,S5-A14a sp900553025,MGYG000000818,CAG-110 sp003525905,MGYG000000594,Ruminococcus_E sp900755995,Odoribacter laneus,Phocaeicola sartorii,Phascolarctobacterium_A sp900545025,Marvinbryantia sp900550755,MGYG000002575
rep656_seed2681	MGYG000002613,MGYG000000576,CAG-110 sp900549705,Faecalicoccus sp900546545,Desulfovibrio sp900540515,MGYG000003877,Rahnella variigena,Yersinia pestis,MGYG000004607,MGYG000002095,MGYG000000350,Ruminiclostridium_E sp900539195,UBA7160 sp900757145,MGYG000000505,UBA5905 sp900764115,Lactobacillus crispatus,Catenibacterium sp900540685,Alistipes sp900542505,Exiguobacterium sp003467445,Enterocloster citroniae,MGYG000004238,MGYG000004229,MGYG000002071,MGYG000004808,Mitsuokella multacida,Yersinia mollaretii,Bacteroides sp014385165,MGYG000003934,51-20 sp001917175,Enterococcus_B lactis,CAG-274 sp000432155,Megasphaera sp900540735,MGYG000002150,Phascolarctobacterium sp900545535,Clostridium_Q sp003024715,SFTJ01 sp004557385,MGYG000001858,Blautia_A obeum_B,UMGS1338 sp900550805,Alistipes sp900548155,MGYG000000597,Prevotella brunnea,Collinsella sp900555355,MGYG000004665,Muribaculum sp002473395,CAG-582 sp900760845
rep657_seed2682	Alistipes sp900760675,Alistipes sp902363575,UBA4644 sp900555855,UMGS1994 sp900556975,Serratia liquefaciens,CAG-269 sp000435535,MGYG000001914,Peptoniphilus_A harei,Blautia_A obeum_B,CAG-1024 sp000432015,MGYG000002089,Collinsella sp900554325,MGYG000002685,CAG-449 sp900551385,MGYG000004547,MGYG000004174,UBA737 sp900754145,MGYG000004553,Faecalibacillus sp900544435,MGYG000001899,MGYG000000516,Prevotella stercorea,MGYG000001683,Eubacterium_R sp900555015,MGYG000004118,UBA737 sp002431945,CAG-632 sp002406015,MGYG000002654,Brachyspira pilosicoli,Lachnospira sp900547255,Bacillus_J andreraoultii,Frisingicoccus sp900549105,Alistipes sp900550375,Anaerostipes sp900756035,SFLA01 sp004553575,Eubacterium_R sp900543795,Alloscardovia omnicolens,UBA1234 sp900765095,Collinsella sp900551655,F23-B02 sp004557075,MGYG000002064,Anaerococcus sp900258475,Fusobacterium vincentii,Catenibacterium mitsuokai,Blautia stercoris,Olsenella sp900555995
rep658_seed2683	MGYG000004103,CAG-83 sp003487665,MGYG000002256,MGYG000003076,UBA7160 sp902363665,CAG-485 sp900541835,Marseille-P4683 sp900232885,Clostridium_Q sp900547735,Amedibacillus dolichus,Angelakisella sp900547385,TF01-11 sp003149875,CAG-485 sp900321585,CAG-873 sp900554715,Enterocloster asparagiformis,Butyricimonas virosa,Monoglobus pectinilyticus,CAG-273 sp902406115,MGYG000002207,Stomatobaculum longum,MGYG000000640,NSJ-61 sp003433845,Roseburia sp900550935,Enterobacter asburiae_B,Peptoniphilus_A lacydonensis,UBA1232 sp900544815,UBA10281 sp900767885,MGYG000003434,Phocaeicola sp900551445,Turicimonas sp900542195,MGYG000001048,MGYG000002626,HGM12587 sp900766915,Serratia marcescens_I,Blautia_A sp900551715,MGYG000004594,Prevotella sp900554545,MGYG000004756,Faecalibacterium prausnitzii_G,Blautia sp900765525,MGYG000000397,Collinsella sp902362275,MGYG000001914,CAG-110 sp900770015,CAG-95 sp900554925,Catenibacterium sp900540685,Mediterraneibacter torques
rep659_seed2684	HGM04593 sp900769765,MGYG000001142,CAG-724 sp900551005,HGM11368 sp900772745,TF01-11 sp900759665,MGYG000000643,Lachnospira sp900772425,MGYG000001818,Faecalibacterium sp900539945,Prevotella bergensis,MGYG000004621,Ruminococcus_E sp900755995,Slackia exigua,MGYG000001839,Pauljensenia sp900556405,Collinsella sp900542305,MGYG000004837,Pauljensenia sp001838165,Paraprevotella xylaniphila,RUG115 sp900066395,MGYG000004238,CAG-302 sp001916775,Collinsella sp900548935,GCA-900066905 sp900066905,V9D3004 sp900760345,MGYG000003778,Senegalimassilia sp900550055,Alistipes sp900770635,Rothia mucilaginosa,Neisseria macacae,F0422 sp900766245,Anaeroglobus micronuciformis,MGYG000004628,TM7x sp900555675,MGYG000003813,MGYG000001879,Eubacterium_G sp000432355,MGYG000001114,RUG11247 sp902767315,UMGS268 sp900540175,CAG-590 sp900769115,NSJ-63 sp014384805,CAG-448 sp003150135,Victivallis sp002998355,Prevotella sp000436595,UBA1777 sp900549865
rep660_seed2685	MGYG000004697,MGYG000004714,MGYG000004822,CAG-488 sp000434055,UBA1777 sp900754515,ER4 sp900763705,Collinsella sp900552155,Lacrimispora sp902363835,Prevotella sp900316565,MGYG000004611,Roseburia sp900552665,HGM11575 sp900754775,Frisingicoccus sp900757195,UMGS75 sp900538885,Enterococcus_A devriesei,MGYG000003816,UBA5446 sp900546615,Paraprevotella sp003477995,MGYG000001594,Eubacterium_R sp000434995,MGYG000001585,Veillonella sp900538355,Lachnoclostridium_A edouardi,UBA3388 sp900545215,MGYG000004123,UBA7182 sp003480725,MGYG000004436,QANA01 sp900554725,Bifidobacterium adolescentis,Prevotella buccalis,Olsenella_B sp000752675,Megasphaera sp900539295,RC9 sp001915575,MGYG000003015,Eubacterium_I sp900066595,Streptococcus vestibularis,Coprococcus eutactus,QAKW01 sp003343605,Collinsella sp900548075,Haemophilus_A paraphrohaemolyticus,Prevotella sp900767615,Collinsella sp900554155,Bacteroides sp900547205,Lachnoclostridium_A sp002160755,Lancefieldella sp900555335,Ruminococcus_A sp000432335
rep661_seed2686	Agathobacter sp900549895,MGYG000004428,Prevotella sp900556795,MGYG000004188,MGYG000004421,Morganella morganii,Hungatella sp005845265,Streptococcus anginosus,Porphyromonas sp900548415,UMGS902 sp900761025,Slackia exigua,MGYG000000350,MGYG000004749,Alistipes shahii,Lactobacillus paragasseri,Cronobacter sakazakii,UBA1191 sp900545775,Dialister sp900557365,HGM13222 sp900757485,F23-B02 sp900556535,Terrisporobacter sp900557165,MGYG000004161,Collinsella sp900757385,Enterobacter cloacae,UC5-1-2E3 sp001304875,Dysosmobacter sp900548505,Eubacterium_R sp900539845,Franconibacter helveticus,MGYG000001832,MGYG000003948,MGYG000004894,Parabacteroides sp900547435,UMGS1601 sp900545345,Eubacterium_F sp900539115,Lachnospira sp003537285,Niameybacter sp900551325,CAG-83 sp900548615,MGYG000001813,MGYG000004752,TF01-11 sp001916135,Collinsella sp900550205,Collinsella sp900754525,MGYG000002758,MGYG000001666,Collinsella sp900545605,Prevotella brunnea
rep662_seed2687	Pauljensenia sp000758755,Eubacterium_R sp900539845,Marseille-P3106 sp900543935,HGM11530 sp900751685,MGYG000002628,F23-B02 sp001916715,MGYG000004598,Parolsenella uli_B,MGYG000004519,UMGS995 sp900547465,MGYG000004820,Lactobacillus gasseri,MGYG000002041,Ellagibacter sp900554945,Hydrogeniiclostridium sp900550095,MGYG000004432,Faecalimonas sp900555395,Agathobaculum sp900291975,UBA2883 sp002103075,Clostridium neonatale,MGYG000003876,MGYG000001566,Megasphaera sp900539295,Roseburia sp900542495,MGYG000003828,MGYG000002055,Parabacteroides sp003480915,UMGS1975 sp900546685,Romboutsia dakarensis,MGYG000000821,MGYG000004727,MGYG000004304,Prevotellamassilia sp900542795,Prevotella jejuni,Leuconostoc lactis,Prevotella amnii,UMGS1388 sp900551345,Ruminococcus_C sp000980705,Veillonella atypica,MGYG000003717,UBA1777 sp003150355,UMGS1484 sp900552285,Negativibacillus sp900547455,UBA1259 sp003523255,Stomatobaculum longum,Clostridium_Q sp000435655
rep663_seed2688	Collinsella sp900541185,Prevotella sp900553155,CAG-110 sp900553805,UMGS599 sp900543705,MGYG000003955,CAG-313 sp003539625,Enterobacter cloacae_O,Amulumruptor sp900539915,Prevotella sp900546575,Enterococcus_A avium,MGYG000000688,UMGS1293 sp900550385,Faecalibacterium sp900551435,GCA-900066495 sp900545985,Dialister sp900541485,Collinsella sp003487125,QAMM01 sp900762715,Prevotella sp900548745,MGYG000002730,Bacillus_J andreraoultii,Collinsella sp900544065,Enterobacter cloacae,MGYG000003871,Parasutterella sp900766055,Intestinibacter sp900540355,F082 sp900542475,Catenibacterium sp900540685,Bilophila wadsworthia,Veillonella tobetsuensis,Ruminococcus_C sp900765125,Prevotella sp900551055,Phocaeicola sp900546095,Faecalibacillus sp900544435,Pseudoruminococcus massiliensis,Bacillus_A luti,UBA738 sp004557735,Klebsiella variicola,CAG-557 sp000435275,MGYG000004624,Lactococcus lactis_E,Coprococcus sp000433075,CAG-110 sp900763965,Anaerotignum sp001304995,MGYG000001916,Collinsella sp900757705,Prevotella sp002300055
rep664_seed2689	Dialister sp002320515,UMGS1810 sp900555295,MGYG000004607,Psychrobacillus sp012843435,MGYG000002772,MGYG000001870,UBA1394 sp900554975,Peptoniphilus_A phoceensis,Agathobaculum sp900555465,Staphylococcus aureus,UBA1181 sp900769555,Merdimonas faecis,Phascolarctobacterium sp900545535,MGYG000004042,Blautia_A sp900763175,Citrobacter portucalensis_A,CAG-1024 sp000432015,UMGS911 sp900545935,AM07-15 sp003477405,Chimaeribacter arupi,Collinsella sp900544235,Escherichia fergusonii,Ruminococcus_G gauvreauii,Kosakonia cowanii,Prevotella oralis,MGYG000004774,Stoquefichus massiliensis,Leptotrichia wadei,Dialister sp900547785,Prevotella sp002481295,Merdibacter sp900543035,Prevotella sp002251385,Enterococcus faecalis,Methanobrevibacter_A sp900766745,Barnesiella sp003150885,MGYG000004549,Coprococcus sp900767685,MGYG000002674,Pseudomonas citronellolis,MGYG000003112,Collinsella sp900548365,CAG-831 sp900771335,QANA01 sp900554725,Holdemanella sp003458715,Eubacterium_R sp900539425,PeH17 sp000435055
rep665_seed2690	Lachnospira sp900545725,Citrobacter_A sedlakii,MGYG000004037,Collinsella aerofaciens_G,Agathobacter sp000434275,CAG-841 sp900544285,Clostridium saudiense,Acutalibacter sp900543305,UMGS1994 sp900556975,Dysosmobacter sp900544105,MGYG000000512,Collinsella sp900758375,Streptococcus pseudopneumoniae_O,UBA1191 sp900066305,Muricomes fissicatena_A,HGM11788 sp900760465,MGYG000000413,MGYG000000759,Sneathia amnii,MGYG000000650,Collinsella sp900541685,Actinomyces oris,Succinivibrio sp900548485,Collinsella sp900768265,Phocaeicola coprophilus,MGYG000004651,UBA1740 sp900767415,Acetatifactor sp900066365,Porphyromonas sp900546675,Enterobacter_D kobei_A,UBA940 sp900768115,Blautia_A hydrogenotrophica,Dysosmobacter sp900763685,MGYG000004697,Phocaeicola plebeius,Faecalibacterium prausnitzii_I,CAG-41 sp900066215,MGYG000004094,Clostridium butyricum,Acinetobacter johnsonii,CAG-488 sp900554995,MGYG000001886,Anaerosacchariphilus sp900066385,MGYG000004519,Parabacteroides sp900548175,CAG-964 sp902789345
rep666_seed2691	Rothia mucilaginosa,Dysgonomonas mossii,QALW01 sp003150515,Parabacteroides sp900548175,Veillonella sp900549845,MGYG000004224,Senegalimassilia sp900550055,Collinsella sp900550415,MGYG000003315,Eggerthella sinensis,Catenibacillus sp902363555,Parolsenella sp900552935,Kluyvera ascorbata,Dorea formicigenerans,Fenollaria timonensis,PeH17 sp000435055,MGYG000004822,Lachnospira sp900552795,Clostridium beijerinckii,MGYG000000390,MGYG000003917,Phocaeicola sp002161765,MGYG000003297,Morganella morganii,Anaerostipes caccae,Ruminococcus_D sp900752625,MGYG000002005,Dialister sp900541605,Enterocloster sp000431375,Parasutterella sp900554375,CAG-793 sp000433915,UMGS1002 sp900547565,MGYG000000645,MGYG000002712,HGM10836 sp900772095,UMGS1781 sp900553695,UBA1691 sp900544715,Enterocloster sp900549235,CAG-110 sp900546075,Collinsella sp900550825,CAG-485 sp900760735,Terrisporobacter sp902363255,UMGS1889 sp900556055,UBA5394 sp900542615,Pauljensenia sp000278725,CAG-177 sp900770255
rep667_seed2692	Collinsella sp900550825,MGYG000003441,MGYG000004782,Parabacteroides sp900540715,Bacillus_A luti,Slackia_A piriformis,Kluyvera ascorbata,UBA1752 sp900554405,Ruminococcus sp900540005,Parabacteroides gordonii,Epilithonimonas bovis,MGYG000000760,RUG12045 sp900770325,MGYG000004170,Phascolarctobacterium_A succinatutens,UBA10281 sp900767885,UBA1409 sp002338885,51-20 sp001917175,Collinsella sp900542305,Selenomonas_C sp002351185,Bacteroides sp902388495,CAG-279 sp900548875,Azonexus sp900549295,PeH17 sp900542285,MGYG000003509,MGYG000004203,CAG-302 sp001916775,CAG-492 sp000434335,Terrisporobacter glycolicus_A,Dorea_A longicatena,Collinsella sp003479805,CAG-485 sp001701295,CAG-95 sp900066375,Bifidobacterium gallicum,Blautia_A sp900066505,Salmonella bongori,Bittarella massiliensis,Sutterella parvirubra,MGYG000001921,RF16 sp900766775,MGYG000000732,CAG-115 sp900766795,CAG-882 sp900545455,CAG-273 sp003534295,MGYG000003175,MGYG000001870
rep668_seed2693	Phascolarctobacterium sp900544795,UMGS1690 sp900554165,Phascolarctobacterium_A sp900545025,Collinsella sp900541015,Treponema_D sp900769975,Collinsella sp900549345,Megasphaera sp002319965,UMGS1663 sp900753245,Megasphaera elsdenii,Bacteroides sp900766005,MGYG000003480,CAG-1427 sp900548955,MGYG000004621,MGYG000004714,Ruminococcus_E bromii_A,Clostridium sp900769625,Actinobaculum massiliense,Gordonibacter urolithinfaciens,MGYG000001724,Prevotella sp000436595,MGYG000003773,Prevotella sp900551985,CAG-83 sp900548615,MGYG000004421,MGYG000004710,Longibaculum sp900538465,CAG-762 sp000432575,Acidaminococcus sp900770265,Catenibacterium sp900764725,GCA-900066905 sp900066905,Ruminiclostridium_E sp900768735,MGYG000003881,UMGS1472 sp900552095,MGYG000001807,UBA9502 sp003480315,Anaerostipes hadrus,Enterocloster asparagiformis,MGYG000004509,Streptococcus infantarius,CAG-279 sp000437795,Succinivibrio sp900548485,Eubacterium_R sp900543795,CAG-83 sp900313295,Blautia stercoris,Prevotella sp900548585,MGYG000000440
rep669_seed2694	CAG-238 sp900542245,Klebsiella pneumoniae,Butyrivibrio_A sp900768755,Streptococcus oralis_E,CAG-877 sp900548695,Prevotella sp900552515,Collinsella sp900555955,OM05-12 sp003438995,Varibaculum timonense,UBA1691 sp900552985,MGYG000004393,MGYG000000699,Collinsella intestinalis,Anaerobutyricum soehngenii,Prevotella sp900540415,Ruminococcus_E sp900543095,Ruminococcus sp900752785,UBA3388 sp900545215,MGYG000004817,MGYG000001594,CAG-110 sp900546415,Collinsella sp900555555,MGYG000000378,Enterococcus faecalis,CAG-492 sp000434015,UBA1191 sp900543485,CAG-127 sp900766925,UBA9502 sp003480315,Barnesiella intestinihominis,UBA1691 sp900544715,CAG-83 sp900545585,Faecalibacterium prausnitzii_E,Bifidobacterium pseudocatenulatum,Prevotella sp900769275,CAG-279 sp900544305,MGYG000003644,Butyricimonas synergistica,Proteus vulgaris,MGYG000002759,MGYG000004127,Prevotella sp900549175,Alistipes sp900549305,Prevotellamassilia sp900768625,Acutalibacter sp900548545,Prevotella sp900554545,Prevotella sp900557255
rep670_seed2695	Eubacterium_R sp003526845,Parabacteroides goldsteinii,RUG115 sp900066395,Catenibacillus sp900557175,Clostridium_P massiliamazoniense,Fenollaria timonensis,UMGS1387 sp900551295,UMGS1820 sp900545865,Salinicola tamaricis,Collinsella sp900555815,Schaedlerella glycyrrhizinilytica,UMGS1600 sp900553315,Peptoniphilus_A senegalensis,MGYG000000357,Enterocloster citroniae,Veillonella sp009929605,CAG-274 sp000432155,ER4 sp900552375,Cetobacterium_A sp900766645,Lagierella massiliensis,Parabacteroides timonensis,Anaerostipes rhamnosivorans,Alistipes_A sp900545315,MGYG000003308,Oribacterium sinus,MGYG000004890,CAG-196 sp900553895,MGYG000001953,MGYG000001588,MGYG000000339,Phascolarctobacterium_A sp900551335,MGYG000001868,Eubacterium_G sp000435815,Collinsella stercoris,Prevotella buccae,Bacteroides nordii,UMGS1052 sp900548115,HGM11521 sp900751885,MGYG000001886,Finegoldia magna,Lacticaseibacillus rhamnosus,CAG-81 sp900066785,Limosilactobacillus reuteri_E,Prevotella sp002265625,MGYG000000627,Haemophilus_A parahaemolyticus
rep671_seed2696	Eubacterium_I sp900546495,Bruticola sp900772775,MGYG000002005,Dysosmobacter sp900551885,Intestinibacter sp900540355,Blautia_A caecimuris,UMGS1384 sp900551265,Pseudomonas_R sp900766265,Massilicoli timonensis,Blautia_A sp900540785,Eubacterium_R sp900539845,Gemmiger sp004555405,Olsenella sp900555995,RUG14107 sp900772685,CAG-180 sp004556705,MGYG000004203,Emergencia sp900066695,MGYG000001871,MGYG000002731,Collinsella sp900555955,Alloprevotella tannerae,MGYG000004364,Sutterella parvirubra,Enterobacter hormaechei_A,CAG-831 sp902388455,CAG-495 sp900551585,Phocaeicola mediterraneensis,Coprococcus eutactus_A,Phocaeicola sp900546095,MGYG000003867,Fusobacterium nucleatum,Ruminococcus_E bromii,Blautia_A sp000436615,Bacteroides sp902388495,MGYG000000680,Collinsella sp900555745,Eisenbergiella sp900555195,Caecibacter sp900549385,MGYG000003918,UMGS1474 sp900552115,MGYG000000586,Collinsella sp900540855,CAG-110 sp900762005,MGYG000004363,SFDP01 sp900770785,Anaeromassilibacillus sp002159845
rep672_seed2697	MGYG000003060,MGYG000004428,MGYG000000576,UMGS1375 sp900066615,CAG-273 sp003534295,CAG-303 sp900539455,Clostridium cuniculi,Blautia hominis,Enterocloster sp000155435,Enterococcus faecalis,HGM13006 sp900757695,Alistipes_A sp900546005,UBA7173 sp001915385,Prevotellamassilia sp000437675,CAG-269 sp000435535,Citrobacter_B koseri,Agathobaculum sp900557315,MGYG000004405,MGYG000003904,SFLA01 sp004553575,QAMM01 sp900552945,Firm-10 sp004552515,Terrisporobacter sp900557165,CAG-485 sp900760815,Turicimonas sp900542195,Alistipes sp002358415,RQCD01 sp008668455,AM51-8 sp900546435,MGYG000004732,MGYG000003850,Neisseria subflava_C,Evtepia sp900546255,Phascolarctobacterium_A sp900544885,HGM11521 sp900751885,UMGS902 sp900546635,Barnesiella sp900538555,CAG-279 sp900541555,Pradoshia sp001183965,Collinsella sp900555815,MGYG000004348,Rothia sp902373285,CAG-110 sp900546915,UBA1822 sp002314995,Collinsella sp900554465,Erysipelatoclostridium sp002160495,Dialister sp900543165
rep673_seed2698	UBA1191 sp900066305,Leminorella grimontii,UBA11774 sp003507655,MGYG000003776,MGYG000003071,MGYG000001921,UBA3402 sp003478355,Dialister invisus,Zag1 sp000438175,Blautia_A sp003471165,CAG-485 sp900760815,Lancefieldella sp000564995,CAG-452 sp900770415,Alistipes_A sp900545315,CAG-110 sp900549495,Citrobacter_B koseri,Blautia_A sp000285855,Coprobacter sp900545915,CAG-269 sp900553125,Porphyromonas uenonis,Chimaeribacter coloradensis,Prevotella nigrescens,MGYG000003299,Porphyromonas sp900539155,MGYG000003854,Prevotella sp900548195,CACZQA01 sp900758075,MGYG000004583,CAG-115 sp003507295,Yersinia aleksiciae,Prevotella sp900555035,Rothia mucilaginosa_A,Eubacterium_T sp900766045,Roseburia intestinalis,Marseille-P4683 sp900232885,MGYG000004374,MGYG000002696,MGYG000000876,Ruminiclostridium_E sp900768735,MGYG000004010,MGYG000002731,Pantoea anthophila,Lactococcus_A raffinolactis,CAG-617 sp000438115,Prevotella sp900316565,Streptococcus pseudopneumoniae_O
rep674_seed2699	CAG-238 sp900754805,MGYG000004820,MGYG000003855,UBA2882 sp900549665,MGYG000002628,MGYG000001114,CAG-56 sp900752065,Parasutterella sp000980495,Enterocloster sp900540675,MGYG000002731,CAG-145 sp900542295,Anaerostipes rhamnosivorans,MGYG000004325,MGYG000000630,Phascolarctobacterium_A sp900553055,MGYG000003904,Lachnospira sp900772425,Prevotella sp900550035,UBA7748 sp900314535,Agathobacter faecis,ER4 sp900552375,Collinsella sp900754435,CAG-177 sp003538135,Enterobacter kobei,Intestinimonas massiliensis,MGYG000000380,Sodaliphilus sp004557565,Desulfovibrio sp900540515,MGYG000003839,Streptococcus parasanguinis,Streptococcus sp900555155,Collinsella sp900541645,Streptococcus sp902373455,Dorea_A longicatena,Bariatricus sp900554415,Prevotella sp900557405,MGYG000003061,Akkermansia muciniphila_C,Coprobacter secundus,MGYG000000674,CAG-590 sp000431135,UMGS75 sp900538885,Lactonifactor longoviformis,Fusicatenibacter sp900543115,Stoquefichus sp001244545,UBA7173 sp900552325
rep675_seed2700	Collinsella sp900552705,MGYG000002743,MGYG000000433,MGYG000004119,Ruminococcus sp900761275,MGYG000004238,MGYG000001954,SFEL01 sp004557245,Bacteroides bouchesdurhonensis,NK3B98 sp900752305,MGYG000004023,MGYG000001112,MGYG000004868,Peptoniphilus_A phoceensis,Peptostreptococcus anaerobius,CAG-485 sp900321585,UBA636 sp900546285,Finegoldia magna,Prevotella sp900553965,HGM11386 sp900761915,Peptoniphilus_B sp000478985,Ruminococcus_C sp900765125,MGYG000003273,CAG-631 sp900762575,Blautia_A sp900548245,F0040 sp900095835,MGYG000004340,QALS01 sp900555925,CAG-269 sp900754285,MGYG000004161,CAG-110 sp900762005,Evtepia sp004554585,Blautia_A sp900551465,MGYG000003752,Dysosmobacter sp900551885,MGYG000002674,MGYG000000393,MGYG000000626,RQCD01 sp008668455,Weissella cibaria,UMGS1491 sp900757335,Phytobacter diazotrophicus,MGYG000003773,Clostridium saudiense,UBA4285 sp900545225,Johnsonella sp900766185
rep676_seed2701	MGYG000002107,Serratia marcescens_I,UBA1777 sp900754515,Collinsella sp900542275,Eisenbergiella sp900550285,CAG-873 sp001701165,MGYG000001743,Alistipes sp900290115,Eubacterium_R sp000433975,HGM11525 sp900770405,Yokenella regensburgei,MGYG000002686,Prevotella rara,MGYG000004148,Anaerofustis stercorihominis,Senegalimassilia sp900550055,Dysgonomonas mossii,Bacteroides finegoldii,Collinsella sp900757185,MGYG000003799,Veillonella dispar,Phocaeicola plebeius,CAG-81 sp900541255,Phascolarctobacterium_A sp900551335,MGYG000004604,Paraclostridium bifermentans,MGYG000002659,MGYG000003828,MGYG000004503,Sutterella sp900764215,MGYG000004098,RC9 sp900760425,Amulumruptor caecigallinarius,Megasphaera sp000417505,Blautia hansenii,MGYG000003212,Ruminococcus_D bicirculans,NK4A136 sp002314855,Merdibacter sp900754715,UMGS1518 sp900552575,CAG-485 sp002361235,Haemophilus_D parainfluenzae_J,MGYG000001813,Ruminococcus_C sp000433635,Phocaeicola sp900553185,MGYG000000621
rep677_seed2702	Eisenbergiella sp900066775,MGYG000004665,Coprococcus eutactus_A,Blautia_A sp900541345,Collinsella sp900761995,Yersinia kristensenii,MGYG000000592,CAG-83 sp900554275,Clostridium septicum,Collinsella sp900541125,F23-B02 sp003533405,Robinsoniella sp900540475,Prevotella colorans,SFDP01 sp900770785,MGYG000004621,Atlantibacter hermannii,Anaerococcus jeddahensis,MGYG000002743,Erysipelatoclostridium saccharogumia,CAG-877 sp900554305,Ruminococcus_C sp000980705,MGYG000004118,Bacteroides fragilis,UBA737 sp900547305,MGYG000000739,UMGS1781 sp900553695,UBA1711 sp900771365,Bifidobacterium gallinarum,UBA9502 sp003481825,UBA3388 sp900545215,Streptococcus oralis_S,Alistipes sp900021155,CAG-272 sp900556615,UBA1181 sp900769555,MGYG000002178,HGM04593 sp900769465,Clostridium_AQ sp003481775,UBA7173 sp900552325,Sutterella sp900764215,MGYG000004759,V9D3004 sp002349525,Ruthenibacterium sp900546885,Prevotella sp000435635,NK4A136 sp002314855,Bacteroides sp900553815,MGYG000004103
rep678_seed2703	CAG-964 sp000435335,RUG115 sp900066395,MGYG000004004,Collinsella sp900553215,MGYG000000640,Paenibacillus_A sp900069005,MGYG000004123,Hafnia paralvei,Salmonella bongori,Streptococcus oralis_S,Prevotellamassilia sp900556465,Sutterella parvirubra,MGYG000002150,BX12 sp902363595,MGYG000004411,MGYG000004575,OM05-12 sp900760755,Muribaculum sp002492595,CAG-354 sp900553015,Arabia massiliensis,Agathobacter sp900550545,CAG-279 sp000437795,UMGS1611 sp900553435,MGYG000004312,Clostridium_A leptum,Eubacterium_R sp900539165,RC9 sp000435075,MGYG000003053,MGYG000004203,CAG-485 sp900547755,Lactobacillus amylovorus,Paraclostridium bifermentans,MGYG000004772,UMGS1370 sp900542035,MGYG000001780,MGYG000004820,MGYG000002683,UBA7488 sp002477185,Proteus cibarius,Gemmiger sp900540775,Clostridium_AQ sp003481775,UBA5905 sp002437905,Phascolarctobacterium_A sp900552855,MGYG000004210,Finegoldia magna_F,Dysosmobacter sp900763685
rep679_seed2704	MGYG000004597,Ruminococcus_D sp000434695,MGYG000000630,MGYG000001868,Streptococcus anginosus,Alistipes sp900761235,MGYG000000325,HGM11386 sp900761915,MGYG000002642,Fusobacterium animalis,Sellimonas intestinalis,Prevotella sp004556065,Phascolarctobacterium_A sp900770955,Bacteroides neonati,Clostridium celatum,MGYG000004384,Enterobacter asburiae_B,CAG-964 sp902789345,UMGS1591 sp900553255,MGYG000000380,CAG-873 sp900554715,CAG-83 sp900313295,Fusobacterium_B sp900542625,CAG-115 sp000432175,Collinsella aerofaciens_J,UMGS1397 sp900551425,MGYG000002702,Holdemanella biformis,MGYG000004634,HGM11588 sp900754755,Mailhella sp900555975,MGYG000001880,Collinsella sp900544135,HGM05232 sp900759955,Lachnoanaerobaculum sp000296385,Bariatricus comes,MGYG000004800,MGYG000004879,MGYG000004693,Streptococcus oralis,MGYG000002697,Massilioclostridium coli,Lactobacillus gasseri,Mitsuokella sp003458855,UBA6398 sp900550635,MGYG000002099
rep680_seed2705	Acidaminococcus fermentans_A,MGYG000004238,MGYG000000662,UBA3766 sp900769175,MGYG000004264,Fusobacterium_C necrophorum,QAMM01 sp003150405,Bifidobacterium pullorum,UMGS1241 sp900549955,MGYG000000694,CAG-302 sp000431795,CAG-95 sp900553305,Collinsella sp900549345,UBA1777 sp900549865,Collinsella sp900549215,Dysosmobacter sp900544955,MGYG000000706,UMGS902 sp003343845,Blautia_A sp003471165,MGYG000002099,MGYG000002210,CAG-485 sp900541835,Collinsella sp900541665,Kosakonia cowanii,Bifidobacterium infantis,Prevotellamassilia sp004557035,Faecalibacterium prausnitzii_I,CAG-465 sp900554875,Gemmiger sp900545545,Firm-11 sp900548145,MGYG000003799,Collinsella sp900556515,Agathobaculum sp900555465,MGYG000001114,HGM11616 sp900761075,CAG-170 sp900549635,UBA5446 sp900759385,Prevotellamassilia sp000437675,MGYG000000443,Prevotella sp900557405,MGYG000004790,Agathobacter sp900550545,Megamonas hypermegale,Terrisporobacter othiniensis,Anaerosacchariphilus sp014290175,UBA6398 sp900550635
rep681_seed2706	UBA738 sp004557735,UMGS1601 sp900545345,Prevotella sp900543585,Haemophilus_D parainfluenzae,QALW01 sp900552055,Prevotella sp900547005,ER4 sp900546295,UBA1829 sp900760615,UBA1777 sp900549485,RUG420 sp900542575,MGYG000004209,Collinsella sp900549455,Collinsella sp900761995,GCA-900066135 sp900066135,Turicibacter sp001543345,Alistipes sp902388705,CAG-95 sp000438155,UMGS268 sp900540705,UBA4716 sp900556575,MGYG000002654,MGYG000004890,MGYG000004503,CAG-628 sp003524085,Paramuribaculum sp900759915,Lachnospira rogosae_A,UBA737 sp900543215,MGYG000001724,UBA5884 sp900551505,CAG-81 sp900541255,Blautia sp900765525,Eubacterium_R sp900539165,Faecalitalea cylindroides,Enterococcus_B faecium,CAG-269 sp900556945,Ruminococcus_B gnavus,Prevotella sp900543975,MGYG000004045,Porphyromonas sp900538385,Prevotella sp000436035,UC5-1-2E3 sp001304875,Bifidobacterium catenulatum,Enterobacter cloacae_K,SFFH01 sp900542445,CAG-354 sp900553015,CAG-590 sp000431135,Bifidobacterium angulatum
rep682_seed2707	Megamonas sp900556715,MGYG000004890,MGYG000002046,UMGS1670 sp900548595,UBA9414 sp003458885,Prevotella sp900553155,UMGS946 sp900544965,MGYG000000557,CAG-180 sp000432435,MGYG000000738,Paraclostridium bifermentans,CAG-238 sp900542245,MGYG000000759,UBA4644 sp900555855,Agathobaculum sp900557315,MGYG000001195,MGYG000000397,Prevotellamassilia sp900546605,Alistipes sp900552955,Sutterella wadsworthensis_A,MGYG000004427,MGYG000003273,Streptococcus gordonii,Alistipes_A sp900545315,Enterobacter_A timonensis,Dialister sp900547785,Faecalimonas sp000209385,Clostridium_AQ innocuum,Azonexus sp900549295,MGYG000002680,Faecalibacterium prausnitzii_C,MGYG000003015,MGYG000002809,UBA1409 sp002338885,UBA3402 sp003478355,UMGS1872 sp902373635,CAG-177 sp000431775,HGM11372 sp900767715,MGYG000004787,Campylobacter_A concisus_I,Megasphaera sp000417505,Duncaniella sp900544535,MGYG000004742,CAG-81 sp900066535,Clostridium disporicum_A,Ruthenibacterium sp900759375
rep683_seed2708	UBA7160 sp902363135,Bacteroides sp014385165,MGYG000003969,Phascolarctobacterium_A sp900545025,Lachnospira rogosae_A,UBA5905 sp900549155,Porphyromonas sp900539765,UBA7185 sp900556545,Dialister sp900541485,Odoribacter sp900544025,RQCD01 sp008668455,MGYG000002683,Ruminococcus_E bromii_B,MGYG000000387,F23-B02 sp900545805,MGYG000004765,UBA9502 sp003481825,Alistipes sp900550375,MGYG000001861,Ruminococcus_C callidus,MGYG000003015,Alistipes sp900553175,CAG-269 sp000431335,Evtepia sp900546255,Anaerococcus sp900258475,Amulumruptor caecigallinarius,Blautia_A sp900551465,Nitratidesulfovibrio vulgaris,MGYG000000512,Clostridium_AQ sp000165065,Phoenicibacter congonensis,MGYG000004752,GCA-900066905 sp900066905,CAG-127 sp900539705,Prevotellamassilia sp900542795,Phocaeicola sp900551645,CAG-302 sp001916775,Collinsella sp900541475,MGYG000002204,UMGS902 sp900761025,V9D3004 sp002349525,MGYG000004421,Chimaeribacter arupi,RF16 sp900766775,MGYG000002095,MGYG000003644
rep684_seed2709	Lactobacillus amylovorus,Anaerotruncus colihominis,OF09-33XD sp003481995,Merdibacter sp900543035,Ruminococcus_C sp900545285,UMGS1109 sp900548675,S5-A14a sp900553025,HGM11808 sp900757025,Marvinbryantia sp900550755,MGYG000002035,Massilioclostridium coli,MGYG000001880,Collinsella sp900751755,F23-B02 sp003533405,Longibaculum muris,UBA5446 sp900546615,CAG-127 sp900766925,Fenollaria sp900539225,Fusicatenibacter sp900543115,TM7x sp900557595,Anaerobutyricum sp002161065,UBA9502 sp900538475,Senegalimassilia faecalis,Clostridium cuniculi,MGYG000002628,Massiliomicrobiota sp002160865,Peptoniphilus_B sp000478985,MGYG000001915,MGYG000004594,Collinsella stercoris,Enterocloster sp900555905,QAMX01 sp004555605,UBA1777 sp900549485,An92 sp900199495,Faecalibacterium sp900772565,Bittarella massiliensis,Mediterraneibacter torques,MGYG000004742,Prevotella jejuni,Streptococcus sp001556435,UMGS929 sp900546875,Bacteroides salyersiae,MGYG000002931,Fusicatenibacter sp900772675,Terrisporobacter glycolicus_A,MGYG000000605
rep685_seed2710	MGYG000002150,Desulfovibrio fairfieldensis,MGYG000001575,MGYG000004787,Phil1 sp001940855,UBA5026 sp900557305,Collinsella sp900757505,MGYG000001825,MGYG000004750,Bacteroides xylanisolvens,Prevotella pectinovora,MGYG000002624,MGYG000000674,Prevotellamassilia sp900539625,UBA9475 sp900549885,Prevotella salivae,MGYG000001903,Citrobacter freundii,Rahnella variigena,Lawsonibacter asaccharolyticus,MGYG000004597,Fusobacterium_A sp900549465,Streptococcus sp900543065,Alistipes putredinis,UBA1685 sp002320595,Enterocloster sp900555905,Phytobacter massiliensis,MGYG000002115,Faecalitalea cylindroides,Ruminococcus_D sp900543145,Faecalibacterium prausnitzii_D,Haemophilus sp002998595,Coprococcus eutactus,Eubacterium_G sp000435815,Blautia sp900541955,Phocaeicola sp002493165,Muricomes sp900604355,CAG-822 sp000432855,MGYG000002099,MGYG000004547,MGYG000003297,UMGS1810 sp900555295,Murimonas intestini,CAG-110 sp900546415,Alistipes timonensis,Prevotella sp000436595
rep686_seed2711	UMGS882 sp003343885,Butyricicoccus sp900547195,Alistipes onderdonkii,Alistipes sp002161445,QALS01 sp900555925,Bruticola sp900772775,Limosilactobacillus antri,UBA1822 sp002314995,Pauljensenia sp000308055,Parasutterella sp009767915,Lawsonibacter asaccharolyticus,Collinsella sp900554155,MGYG000000687,Alistipes sp000434235,UBA3388 sp900546465,MGYG000004549,UMGS1474 sp900547105,Fusobacterium_A ulcerans_A,Collinsella sp900760245,UBA5446 sp900546485,MGYG000001242,MGYG000003060,Extibacter sp001185345,UMGS599 sp900543705,Bacteroides sp900556215,CAG-110 sp900551495,UBA4716 sp900556575,MGYG000004219,Lachnoclostridium_B sp900543315,MGYG000002075,BX12 sp902363595,Streptococcus mutans,Kluyvera sp902363335,Bacteroides sp900553815,MGYG000003871,Faecalibacterium prausnitzii_F,Sutterella wadsworthensis,CAG-269 sp900754285,CAG-145 sp900545135,Collinsella sp900551015,Peptostreptococcus stomatis,Clostridium_Q symbiosum,Lachnospira eligens_A,Collinsella sp900541055,Eubacterium_I sp900546495,Pseudescherichia sp002298805
rep687_seed2712	Clostridium saudiense,Citrobacter youngae,Collinsella sp900542965,UMGS1872 sp902373635,Coprococcus sp900767685,Phocaeicola plebeius_A,Acetatifactor sp900771995,CAG-485 sp900760735,Ruminococcus_E bromii_A,UMGS1484 sp900552285,Holdemanella sp900754615,MGYG000004839,UBA3766 sp900769175,UBA2882 sp900549665,Parabacteroides timonensis,Yersinia kristensenii_B,Lawsonibacter sp900763995,CAG-245 sp000435175,Enterocloster aldenensis,Bilophila sp900550745,ER4 sp900317525,Collinsella sp900542905,Muricomes fissicatena_A,CAG-180 sp004556705,Prevotella amnii,MGYG000004075,Lactiplantibacillus plantarum,CAG-83 sp900556015,Alistipes putredinis,Collinsella sp900541205,OM05-12 sp900760755,Collinsella sp900544135,UBA1777 sp900547315,Coprococcus sp900548315,Collinsella sp900548075,Megamonas funiformis,MGYG000001666,Faecalibacterium sp900551435,MGYG000004646,Prevotella sp900762125,Collinsella sp900767675,Blautia_A sp900066335,Desulfovibrio legallii,MGYG000003270,Harryflintia acetispora,Lacticaseibacillus paracasei
rep688_seed2713	Dysosmobacter sp900551885,Pseudomonas aeruginosa,Blautia_A sp900066505,Prevotella sp002480935,Anaeromassilibacillus sp002159845,Prevotella sp900543975,UMGS1696 sp900753285,Cutibacterium acnes,MGYG000003995,Bifidobacterium gallicum,Prevotella sp900315955,F23-B02 sp003533405,Faecalibacterium sp900539945,Phocaeicola sp900552075,Fenollaria massiliensis,Alistipes_A sp900539755,HGM13618 sp900753975,Rothia mucilaginosa_A,MGYG000001588,Bariatricus comes,Blautia hominis,Faecalibacterium prausnitzii_I,Firm-11 sp900553905,Marvinbryantia sp900550755,Bacteroides clarus,Lachnoclostridium_A sp003464085,Eubacterium_R sp900555015,Blautia stercoris,Schaedlerella sp900066545,CAG-245 sp900761475,UBA4871 sp014467055,Streptococcus anginosus,MGYG000003206,CAG-279 sp900548875,Gemella morbillorum,ER4 sp003522105,UBA7173 sp001915385,TF01-11 sp003149875,Prevotella sp900540375,CAG-110 sp900540635,MGYG000000356,Prevotella sp000433175,MGYG000003909,Blautia_A sp900763175,Alistipes sp900769405,Anaerostipes hadrus
rep689_seed2714	UBA1685 sp002320595,MGYG000003855,CAG-590 sp900548855,Haemophilus_A parahaemolyticus,Bifidobacterium bifidum,MGYG000002627,Streptococcus sp900550895,CAG-1427 sp900546175,MGYG000004367,Prevotella sp900316565,Kluyvera ascorbata_B,MGYG000002624,CAG-177 sp000431775,CAG-485 sp900767075,GCA-900066135 sp900543575,UMGS882 sp900546385,MGYG000000210,Enterococcus_A avium,Enterococcus_A raffinosus,Ruminococcus_D sp900752625,Olsenella_E sp003609875,NSJ-61 sp003433845,CAG-269 sp001916065,CAG-279 sp900548875,MGYG000004572,CAG-56 sp900762665,MGYG000000662,Collinsella sp900555765,Phascolarctobacterium_A sp900553055,Collinsella phocaeensis,Christensenella sp001678845,Bacteroides sp900766195,RUG420 sp900542575,CAG-390 sp000437015,UBA5884 sp900551505,Fenollaria massiliensis,MGYG000004327,MGYG000001958,MGYG000000448,Veillonella sp900556785,Evtepia sp900758955,Agathobaculum sp900544475,Prevotella timonensis,MGYG000003053,MGYG000004197,Phascolarctobacterium_A sp900547415
rep690_seed2715	MGYG000003854,MGYG000002732,MGYG000003747,Blautia sp900543715,Merdibacter sp900754715,Anaerobutyricum sp900754855,Clostridium beijerinckii,MGYG000004075,Prevotella sp900546345,ER4 sp900546295,Bacteroides stercoris,MGYG000003787,UBA9502 sp900770535,Frisingicoccus sp900753685,Prevotella intermedia,CAG-882 sp000435595,Schaedlerella glycyrrhizinilytica,UBA11774 sp003507655,MGYG000004408,CAG-115 sp000432175,UMGS1202 sp900549565,MGYG000002657,Fusicatenibacter saccharivorans,Mediterraneibacter sp900751785,Eubacterium_R sp900539775,UBA6398 sp900555645,MGYG000004677,UBA11452 sp003526375,MGYG000001886,Alistipes provencensis,Terrisporobacter sp902363255,UBA1740 sp900767415,Succiniclasticum sp900544275,HGM11788 sp900760465,MGYG000000433,MGYG000004007,Barnesiella sp003150885,MGYG000004765,Collinsella sp900544235,UBA6382 sp900557555,Sutterella wadsworthensis,CAG-95 sp900554925,Blautia_A sp900541345,Peptoniphilus_A lacrimalis,MGYG000002073,Gemmiger sp900556255
rep691_seed2716	Bifidobacterium scardovii,CAG-115 sp003516865,MGYG000003319,Coprococcus sp900548315,Phil1 sp001940855,Holdemanella sp003458715,RUG420 sp900542575,Slackia_A piriformis,Lactobacillus intestinalis,MGYG000002025,CAG-1427 sp900548955,Streptococcus pseudopneumoniae_O,MGYG000001935,UMGS1611 sp900553435,UBA9506 sp003506415,MGYG000000632,Enterocloster sp900770345,Collinsella phocaeensis,Mediterraneibacter sp900555215,MGYG000003917,Salmonella enterica,CAG-631 sp900754115,Nitratidesulfovibrio vulgaris,MGYG000000795,CAG-83 sp900313295,MGYG000004531,MGYG000004876,MGYG000001868,Collinsella sp900759335,MGYG000000736,MGYG000002610,MGYG000004116,HGM13222 sp900757485,Faecalibacterium prausnitzii_I,Phascolarctobacterium sp900545535,Veillonella dispar,Ellagibacter isourolithinifaciens,HGM11588 sp900754755,MGYG000004583,Collinsella sp900757205,Acutalibacter sp900543555,Gemmiger sp900540595,Rubneribacter badeniensis,Coprococcus sp900767685,Collinsella sp900548515,MGYG000001804
rep692_seed2717	CAG-145 sp900540145,UBA1822 sp002314995,Campylobacter_A concisus_B,Collinsella sp008014645,Oxalobacter sp900760095,Blautia_A sp900066205,Agathobacter faecis,Acutalibacter sp900548545,MGYG000003717,MGYG000000761,UMGS692 sp900544545,Collinsella sp900556495,CABIZH01 sp902363205,MGYG000003256,Phocaeicola mediterraneensis,MGYG000004049,Prevotella buccae,MGYG000004660,GCA-900066755 sp902363085,MGYG000004781,HGM13010 sp900754965,Yersinia intermedia,MGYG000003328,Eubacterium_R sp900539165,Lancefieldella sp000564995,Johnsonella sp900766185,Lawsonibacter sp900545895,Parolsenella sp900552935,Paraprevotella sp003477995,MGYG000004306,Dysgonomonas mossii,Bacteroides sp900553815,MGYG000001142,CAG-269 sp000437215,UMGS1696 sp900763885,UMGS856 sp900546265,CAG-127 sp900767585,Clostridium_P perfringens,CAG-127 sp900319515,Roseburia sp900756925,Collinsella sp900548565,Collinsella aerofaciens_G,Collinsella sp900552875,F0040 sp000318095,Lacticaseibacillus paracasei,Agathobaculum sp900291975
rep693_seed2718	MGYG000002107,Stomatobaculum longum,Alistipes sp900552955,MGYG000003212,CAG-83 sp900556015,CAG-83 sp900552725,MGYG000002901,Collinsella sp003471585,MGYG000002881,CAG-390 sp900753295,CAG-269 sp000435535,Blautia_A sp900551075,Veillonella sp900549845,HGM11386 sp900761915,MGYG000004310,Dialister sp900543455,QAMM01 sp900762715,Salmonella bongori,Leuconostoc lactis,Collinsella sp900556285,Terrisporobacter othiniensis,MGYG000002610,Collinsella sp900557505,UMGS1441 sp900543365,MGYG000000386,QALS01 sp900552625,MGYG000003798,Ruminococcus_E sp900755995,Muribaculum sp002492595,Collinsella sp900542965,CAG-83 sp900555735,Lysinibacillus fusiformis_D,Yersinia frederiksenii_C,Streptococcus parasanguinis_B,Firm-11 sp900553905,MGYG000001632,Parabacteroides sp900552465,UMGS1572 sp900553045,CAG-873 sp002493945,Methanobrevibacter_A oralis,MGYG000001727,MGYG000004651,MGYG000000588,MGYG000002585,Streptococcus mutans,Phocea massiliensis
rep694_seed2719	MGYG000001994,UBA7173 sp900768685,CAG-632 sp000431515,Lactococcus_A raffinolactis,CAG-110 sp900762935,CAG-485 sp900321585,Salinicola tamaricis,Bacteroides bouchesdurhonensis,Collinsella sp900761995,QAKW01 sp003343605,MGYG000003941,MGYG000003480,Acidaminococcus sp900538365,CAG-510 sp900550475,UMGS1690 sp900554165,Longibaculum muris,MGYG000002210,Eisenbergiella tayi,RUG11247 sp902767315,Eubacterium callanderi,Prevotellamassilia sp900541335,Acidaminococcus timonensis,Blautia_A sp900066205,MGYG000003900,MGYG000003770,UBA738 sp003522945,MGYG000003936,Prevotella sp900548585,Collinsella sp900765115,SFHK01 sp004556395,Bifidobacterium dentium,UMGS1864 sp900555835,Phascolarctobacterium_A succinatutens,Bacteroides salyersiae,Blautia_A sp900549015,Mitsuokella multacida,MGYG000002654,UMGS1933 sp900772235,Alistipes sp900546065,ER4 sp003522105,MGYG000003207,Pseudoruminococcus massiliensis,Enterobacter_A timonensis,CAG-83 sp003487665,Alistipes sp002358415,MGYG000004206
rep695_seed2720	MGYG000004710,MGYG000002931,Merdimonas faecis,CAG-110 sp003525905,MGYG000002696,MGYG000004651,MGYG000001736,CAG-462 sp900765575,Selenomonas_A sp900769615,MGYG000004231,Prevotellamassilia sp900542795,MGYG000001049,Prevotella timonensis,UBA2882 sp900549665,Catenibacillus sp900557175,Ruminococcus_B sp900544395,Parabacteroides sp900547435,CAG-449 sp900551385,MGYG000004024,Prevotella sp002251385,Fusobacterium_B sp900542625,CAG-462 sp003489705,UBA9502 sp900555625,Sneathia amnii,Methanosphaera sp900322125,Citrobacter freundii,Blautia sp900555025,MGYG000004028,Faecalimonas sp900550235,Akkermansia muciniphila_B,Kluyvera ascorbata,MGYG000002068,Vibrio parahaemolyticus,MGYG000002627,MGYG000004094,BX12 sp902363595,UBA7173 sp001701135,Campylobacter_A concisus_P,Anaerosacchariphilus sp900066385,CAG-288 sp000437395,Yersinia mollaretii,Collinsella sp003437035,Bifidobacterium pseudocatenulatum,CAG-485 sp900541835,Phascolarctobacterium_A sp900770955,Campylobacter_A concisus_I
rep696_seed2721	Gabonibacter sp900543425,UMGS1840 sp900555525,MGYG000004193,GCA-900066135 sp900066135,Peptacetobacter sp900550335,Morganella morganii_B,MGYG000001862,MGYG000002692,UBA7182 sp003480725,Catenibacterium sp900540665,UMGS1889 sp900556055,MGYG000001685,MGYG000004180,MGYG000000680,Sodaliphilus sp004557565,CAG-776 sp900758895,Enterococcus_B hirae,Pseudomonas aeruginosa,Campylobacter_A concisus_F,CAG-269 sp001916065,Desulfovibrio desulfuricans,Escherichia albertii,Lachnoclostridium phytofermentans_A,Roseburia sp900542495,Prevotella sp002299635,UMGS1810 sp900555295,Collinsella sp900758375,Bifidobacterium scardovii,Veillonella atypica,Clostridioides difficile,MGYG000002628,CAG-793 sp000433915,MGYG000003045,UMGS1225 sp900549725,UMGS1696 sp900554225,CAG-272 sp000433515,Prevotella sp900770395,Leuconostoc lactis,MGYG000004803,MGYG000004559,MGYG000003927,MGYG000003315,MGYG000001844,Phocaeicola sp900541515,MGYG000003716,Sutterella sp900764215
rep697_seed2722	Roseburia sp900756925,MGYG000000512,Fusobacterium_B sp900554885,Bacteroides stercoris,Bacteroides faecis,CAG-110 sp900769995,Faecalibacillus sp003480255,MGYG000004634,Prevotella oralis,Anaerofustis sp900549875,Prevotella sp900315955,Phocaeicola coprocola,MGYG000002726,MGYG000004443,Acetatifactor sp900554205,Odoribacter sp900541415,Eisenbergiella sp900550285,Streptococcus peroris,Prevotella sp900557405,MGYG000004670,Ruminiclostridium_E sp003512525,Allisonella pneumosintes,Collinsella sp900545605,Pauljensenia sp000411415,Duodenibacillus sp900552915,Phocaeicola mediterraneensis,MGYG000002704,Terrisporobacter othiniensis,UMGS1202 sp900549565,MGYG000004807,MGYG000004330,MGYG000000413,UBA5446 sp900546485,MGYG000004863,Phascolarctobacterium_A sp900551335,UBA644 sp002299265,UMGS1474 sp900552115,Enterococcus_B hirae,Dysosmobacter sp000436875,CAG-882 sp900545455,CAG-127 sp900766925,MGYG000001870,MGYG000004824,Schaedlerella sp900066545,Collinsella sp900754435,Phocaeicola ilei
rep698_seed2723	Collinsella sp900545555,MGYG000004306,CAG-273 sp902406115,Monoglobus pectinilyticus,Megasphaera sp900540735,MGYG000003945,Veillonella tobetsuensis,MGYG000004197,MGYG000000821,MGYG000000728,Dialister succinatiphilus,MGYG000001958,Eisenbergiella tayi,Duncaniella sp900762315,ER4 sp900317525,Bacteroides sp902388495,MGYG000004408,MGYG000003434,Bifidobacterium thermophilum,Bifidobacterium animalis,CAG-110 sp900546415,Clostridium septicum,MGYG000003766,Pluralibacter gergoviae,MGYG000003969,HGM11530 sp900751685,Intestinimonas sp900540545,MGYG000001994,Evtepia gabavorous,MGYG000001181,Clostridium_Q sp003024715,Negativibacillus sp000435195,CAG-45 sp000438375,MGYG000004800,MGYG000003840,Eubacterium_F sp003491505,Allisonella pneumosintes,RUG572 sp900771305,MGYG000001582,Limosilactobacillus fermentum,UMGS75 sp900538885,CAG-180 sp004556705,CAG-81 sp900066055,UMGS1670 sp900548595,UBA5446 sp900543085,Streptococcus infantarius
rep699_seed2724	UBA9414 sp003458885,Duodenibacillus sp900538905,UMGS1418 sp900551595,CAG-274 sp900545305,MGYG000004103,UBA1394 sp900538575,MGYG000004741,Oscillibacter ruminantium,CAG-302 sp900554615,MGYG000001915,MGYG000004007,Coprococcus sp900548315,Acetatifactor sp900554205,Parabacteroides massiliensis,Ruminococcus_A sp003011855,UMGS1668 sp900768105,MGYG000000739,Phascolarctobacterium_A sp900547415,Enterocloster sp900753815,Clostridium_AQ sp000165065,MGYG000002743,AF33-28 sp003477885,MGYG000000378,CAG-238 sp000435615,MGYG000003831,MGYG000002077,Eisenbergiella massiliensis,Dysosmobacter sp900556925,Collinsella sp900758845,MGYG000003338,Paramuribaculum sp000431155,CAG-964 sp000435335,Collinsella sp900757285,HGM11588 sp900754755,Duodenibacillus sp900542805,Collinsella sp900554255,CAG-177 sp003538135,UMGS1975 sp900546685,MGYG000004203,UMGS1670 sp900546215,CAG-485 sp900760815,Faecalitalea cylindroides,Prevotellamassilia sp900539625,MGYG000004462,Ezakiella sp900540185,UMGS1474 sp900547105
rep700_seed2725	UBA7182 sp003480725,CAG-312 sp002405555,Agathobacter sp900552085,CAG-724 sp003524145,MGYG000004559,MGYG000000621,Prevotella amnii,MGYG000004874,Alistipes onderdonkii,Eubacterium_R sp900764665,UMGS577 sp900543525,Bifidobacterium sp900551485,Blautia_A wexlerae_A,Lactobacillus amylolyticus,Prevotella sp900315955,MGYG000001588,MGYG000001169,Holdemanella sp003458715,MGYG000004752,MGYG000002613,F23-B02 sp004556755,Mitsuokella sp003458855,Collinsella sp900544465,UBA4644 sp900555855,UBA7173 sp900540205,Bifidobacterium animalis,Campylobacter_A concisus_B,MGYG000000632,UMGS1994 sp900553945,CAG-590 sp900769115,MGYG000004085,Dialister sp900538805,CAG-269 sp000437215,Coprobacter secundus,Megasphaera stantonii,CAG-873 sp001701165,UMGS1810 sp900555295,MGYG000002759,Butyricicoccus pullicaecorum,Phocea massiliensis,Porphyromonas sp900548415,CAG-110 sp900548795,MGYG000004171,Collinsella sp900542275,MGYG000001219,Faecalibacterium sp900539945
rep701_seed2726	MGYG000004122,CAG-724 sp003524145,MGYG000004522,MGYG000004365,UMGS1696 sp900554225,Blautia_A sp900066505,Fusobacterium_C gonidiaformans,Anaerosacchariphilus sp014290175,Collinsella sp900545875,UMGS1781 sp900554635,Peptoniphilus_B sp000478985,Fusobacterium_A sp900764925,Dielma sp001305055,MGYG000004881,Coprobacter secundus,Collinsella sp900542325,MGYG000002229,Streptococcus vestibularis,MGYG000004374,Ruminococcus_E sp003438075,UBA7173 sp900540205,Collinsella sp003436275,MGYG000000682,Phocaeicola sp900066455,MGYG000002069,Catenibacterium sp900540685,Collinsella sp900542155,Staphylococcus aureus,Dialister sp900547785,Yersinia aleksiciae,MGYG000001585,Alistipes shahii,Lachnospira sp900547255,CAG-269 sp900556945,CAG-110 sp900763965,Escherichia coli_D,CAG-115 sp900766795,MGYG000004465,CAAEEV01 sp900754955,Phocaeicola sp900552645,Prevotella sp000436035,Collinsella sp900540845,Collinsella sp900546115,Acidaminococcus timonensis,Alistipes_A ihumii,MGYG000000687
rep702_seed2727	CAG-873 sp001701165,Dialister sp900765565,UBA10281 sp900767885,MGYG000001916,Lachnoclostridium_B sp000765215,UMGS1864 sp900555835,CAG-115 sp003531585,CAG-83 sp900545585,UBA5884 sp900551505,Barnesiella sp002159975,MGYG000000752,Collinsella sp900548565,Collinsella sp900555765,Duodenibacillus sp900544255,Neobacillus rubiinfantis,Senegalimassilia sp900550055,Dialister sp900538805,Phil1 sp004558525,MGYG000004597,Bacillus_J andreraoultii,Collinsella sp900758845,Coprococcus sp000154245,UBA9475 sp900554075,MGYG000000662,MGYG000004327,Roseburia sp003470905,Dysosmobacter sp014297375,UMGS1537 sp900761045,Paramuribaculum sp900759915,SFDB01 sp004558825,Lactobacillus amylolyticus,Turicibacter sanguinis,MGYG000004383,MGYG000003308,UBA1691 sp900544375,Muribaculum sp001701195,Bacteroides fragilis_A,Collinsella sp900761995,Mitsuokella multacida,Klebsiella variicola,Pantoea ananatis,CAG-145 sp002320005,Lawsonibacter sp900066645,Catenibacterium sp900540685,F23-B02 sp900772725,Prevotella sp900316565
rep703_seed2728	Agathobacter sp900546625,Pseudomonas_R sp900766265,Longicatena caecimuris,Lachnoclostridium_B phocaeensis,Collinsella sp900539035,Parolsenella sp900552935,MGYG000001844,Duodenibacillus sp900538905,CAG-273 sp900752095,Parabacteroides faecis,Ruminococcus_D sp000434695,Haemophilus_D sp900756155,MGYG000003304,Collinsella sp900757235,Phil1 sp001940855,QAMH01 sp900556425,MGYG000000716,MGYG000004745,MGYG000002642,Lachnospira sp000436475,UMGS1338 sp900550805,UBA1206 sp000433115,MGYG000001868,CAG-115 sp003507295,CAG-41 sp900066215,DTU089 sp002440045,Eubacterium_F sp003491505,Blautia_A sp000285855,MGYG000000377,Anaerobutyricum soehngenii,CAG-1031 sp000431215,CAG-194 sp000432915,MGYG000002025,Sellimonas sp002161525,Desulfovibrio fairfieldensis,MGYG000003045,UMGS1484 sp900552285,MGYG000003050,Prevotella sp900556395,Rothia mucilaginosa_B,MGYG000004209,Bariatricus massiliensis,MGYG000003005,MGYG000004873,Phocaeicola sp900544075,Lawsonibacter sp014287875
rep704_seed2729	Sellimonas intestinalis,MGYG000004559,Romboutsia timonensis,UBA5446 sp900544765,Bacteroides cellulosilyticus,Epilithonimonas bovis,MGYG000004689,MGYG000003945,Collinsella sp900547855,Enterocloster sp900753815,Alistipes_A ihumii,Blautia_A schinkii,TM7x sp900557595,Collinsella sp900556445,MGYG000002176,Atlantibacter hermannii,MGYG000003975,MGYG000004634,Alistipes sp900549305,Dysgonomonas mossii,MGYG000002740,UBA9475 sp900549885,MGYG000002642,HGM12998 sp900756495,Adlercreutzia celatus_A,CAG-632 sp900539185,Collinsella aerofaciens_K,F23-B02 sp003533405,Hafnia paralvei,MGYG000003270,Muricomes sp000509105,CAG-180 sp000432435,Streptococcus constellatus,Roseburia sp900550935,Actinobaculum massiliense,HGM11575 sp900754775,Streptococcus sp900755085,UBA5446 sp900546615,Phocaeicola sp900553185,MGYG000004408,MGYG000000393,UMGS1251 sp900549995,Collinsella sp003439125,Barnesiella sp002159975,Lawsonibacter sp900549405,MGYG000001580
rep705_seed2730	Cellulosilyticum sp900556665,UMGS1601 sp900545345,Criibacterium bergeronii,Actinomyces graevenitzii,Collinsella sp900555355,Chimaeribacter arupi,Megasphaera sp001546855,Bifidobacterium globosum,Phocaeicola sp900546355,Collinsella sp900757235,Morganella morganii,Barnesiella intestinihominis,MGYG000000557,CAG-882 sp900545455,MGYG000004895,Faecalibacillus sp003480255,MGYG000003872,Catenibacterium sp900764565,Klebsiella pneumoniae,Roseburia sp900542495,Prevotella sp900551985,Aggregatibacter segnis,F23-B02 sp004553495,MGYG000004264,Clostridium_X cadaveris,Emergencia sp900066695,MGYG000004864,CAG-245 sp900761475,Phocaeicola sp000436795,Ruminococcus_D sp900543145,HGM11501 sp900766735,SFHK01 sp004556395,TM7x sp900555265,UBA737 sp900549755,Enterococcus_G italicus,Lactobacillus iners,Campylobacter_A concisus_I,MGYG000002759,Agathobaculum butyriciproducens,MGYG000004882,Lancefieldella rimae,Dorea_A sp900550865,MGYG000000934,UBA7173 sp900759895,Ruminiclostridium_E sp900556525,CAG-390 sp900753295
rep706_seed2731	Coprobacter sp900545915,Collinsella sp900554985,MGYG000003578,MGYG000004868,SFEL01 sp004557245,MGYG000004004,Phascolarctobacterium_A sp900553055,MGYG000001808,Blautia_A wexlerae_B,Blautia_A sp900066205,Prevotella sp900767615,Parabacteroides acidifaciens,CAG-110 sp900763965,Erysipelatoclostridium ramosum,UBA1191 sp900066305,Ruminococcus_D sp900543145,Anaerosporobacter mobilis,MGYG000004430,MGYG000003167,Alistipes sp900553175,MGYG000000738,Streptococcus sp004166885,Collinsella sp900541685,Dysosmobacter sp900763685,Enterocloster sp900547035,Enterobacter cloacae_K,Sutterella sp900764215,CAG-873 sp900550395,Bacteroides stercoris,Collinsella intestinalis,MGYG000004100,CAG-180 sp900540295,MGYG000000658,UBA1777 sp900549865,UBA1822 sp002314995,Mediterraneibacter sp900553885,Megasphaera sp000417505,Clostridium_Q sp003024715,Collinsella sp900552155,UMGS1815 sp900555345,Agathobaculum desmolans,Faecalimonas sp900550235,Blautia_A sp900066335,MGYG000003768,Anaerococcus sp900258475,MGYG000003936
rep707_seed2732	Peptoniphilus_B sp000478985,Collinsella sp900550835,UMGS911 sp900545935,Pauljensenia sp900541895,Streptococcus anginosus,MGYG000002680,Pauljensenia sp000308055,Alistipes sp900769445,ER4 sp900546295,Streptococcus sp004166885,MGYG000002209,QALW01 sp003150515,UMGS363 sp900543105,Streptococcus mitis_BB,Clostridium_AQ sp900552125,MGYG000003441,MGYG000003770,QALR01 sp900552255,HGM11386 sp900761915,Pseudoruminococcus massiliensis,CAG-83 sp902388735,MGYG000001743,Leclercia adecarboxylata_C,Christensenella sp001678845,MGYG000001862,MGYG000001195,Muricomes sp900604355,Prevotella sp002265625,Bacteroides sp900766005,Eubacterium_R sp900542875,Collinsella sp900549025,Ligilactobacillus agilis,Lactobacillus amylolyticus,HGM13006 sp900756575,CAG-279 sp900541555,MGYG000004586,Fenollaria massiliensis,MGYG000002585,RC9 sp000431015,Psychrobacillus sp012843435,UBA737 sp900547095,Enterobacter_D kobei_A,QAMH01 sp900556425,Ruminococcus_D sp900539835,UBA1829 sp900760615,UBA5884 sp900551505
rep708_seed2733	MGYG000000433,MGYG000003884,Evtepia sp900546255,Anaerococcus sp900550345,Collinsella aerofaciens_A,MGYG000004870,RC9 sp000435075,Enterococcus_B faecium,Clostridium butyricum,CAG-510 sp900551115,MGYG000002692,MGYG000004374,MGYG000004166,MGYG000000738,Collinsella sp900757285,Ruminococcus_C sp000437255,Prevotella sp900556825,Klebsiella_A indica,Alistipes sp900550925,MGYG000004713,CAG-217 sp900547275,Collinsella sp900760905,Ruminiclostridium_E siraeum,MGYG000000443,HGM13862 sp900760825,MGYG000004790,Prevotella sp900555035,Collinsella sp003479805,MGYG000002090,MGYG000002150,UMGS1933 sp900772235,Evtepia sp004554585,UMGS902 sp900546635,Pauljensenia sp000758755,Phocaeicola sp002493165,Prevotella sp002299635,UMGS1484 sp902388225,UMGS1600 sp900553315,CAG-110 sp900546915,UBA2821 sp902763335,MGYG000001808,Agathobaculum sp900544475,Campylobacter_A concisus_W,MGYG000003822,UMGS268 sp900540175,UBA10281 sp900767885
rep709_seed2734	MGYG000002025,CAG-95 sp000436115,MGYG000003913,Desulfovibrio sp900540515,Clostridium septicum,MGYG000000691,RC9 sp900546395,MGYG000004630,MGYG000004166,Clostridium paraputrificum,Collinsella sp900556495,Anaerocolumna aminovalerica,MGYG000004159,Angelakisella sp900547385,MGYG000003305,MGYG000004800,Muricomes oroticus,CAG-831 sp902388455,UMGS995 sp900547465,MGYG000004037,Clostridium tertium,Paraclostridium tenue,UMGS1312 sp900550625,Dysosmobacter sp900544105,UBA9502 sp003480315,MGYG000000576,Megasphaera sp000417505,Ruminococcus_D sp900539095,MGYG000001075,Prevotella sp900550035,Phascolarctobacterium_A sp900541915,Blautia_A sp900120195,Phocaeicola sp900066455,UMGS995 sp900769695,MGYG000002623,Prevotella sp900552675,Prevotella sp000431975,CAG-83 sp900551355,Ruminococcus_A faecicola,SFDP01 sp900770785,Mixta calida,Anaerosporobacter mobilis,Prevotella sp000435635,Prevotella sp900554545,Cetobacterium_A sp900766645,Phocaeicola sp900541515
rep710_seed2735	RUG023 sp900315435,Faecalibacterium sp900758465,Methanobrevibacter_A oralis,Collinsella sp900554985,CAG-145 sp002320005,CAG-110 sp900762935,HGM11514 sp900757255,UBA1820 sp003150615,CAG-110 sp900762245,Pseudoflavonifractor capillosus,MGYG000000377,Butyricimonas sp003479425,CAG-83 sp900551995,Clostridium sp900539375,MGYG000001977,Collinsella sp003437035,Dysgonomonas sp900079735,MGYG000001817,Megasphaera sp002319965,Bacteroides neonati,CABIZH01 sp902363205,MGYG000002213,Faecalibacterium prausnitzii_H,Faecalimonas sp900551895,QALW01 sp900552055,Collinsella sp900756725,Pauljensenia sp900541895,Alistipes sp900544265,Fusobacterium_A sp900555845,Holdemanella sp003458715,CAG-632 sp000431515,MGYG000003941,Faecalimonas umbilicata,V9D3004 sp900760345,MGYG000004427,Ruminococcus_E sp900543095,MGYG000001839,Aggregatibacter segnis,Bifidobacterium scardovii,Clostridium sp900543325,Cutibacterium acnes,Dialister invisus,Alistipes sp900768045,CAG-1427 sp900546175,Streptococcus sp900543065,Collinsella sp900552155
rep711_seed2736	CAG-170 sp900553545,Parabacteroides sp003480915,MGYG000004080,MGYG000001189,MGYG000002610,MGYG000003777,Lachnoclostridium_B sp000765215,Prevotella sp002481295,Ruminococcus_A sp003011855,Mobilibacterium timonense,CAG-110 sp900551495,MGYG000001837,Anaerococcus vaginalis_B,UBA7160 sp900757145,MGYG000004857,Eubacterium_R sp002493325,CAG-83 sp003487665,UBA10281 sp900767815,MGYG000004364,Ruminiclostridium_E siraeum,MGYG000000448,Collinsella sp000434535,HGM11521 sp900751885,MGYG000004125,CAG-81 sp900066785,Faecalibacillus faecis,Lachnoclostridium_B phocaeensis,MGYG000000702,UBA11524 sp000437595,MGYG000003050,UBA737 sp900547305,RC9 sp900545245,Duncaniella dubosii,MGYG000002045,Collinsella aerofaciens_H,MGYG000001575,Marvinbryantia sp900550755,Fenollaria sp900539225,Peptoniphilus_A sp900538655,HGM04593 sp900769465,MGYG000002219,CAG-495 sp900551585,MGYG000002758,Terrisporobacter othiniensis,Paramuribaculum sp900759915,Leminorella richardii
rep712_seed2737	MGYG000004664,UMGS1865 sp900768535,MGYG000004348,Alistipes sp000434235,UMGS1293 sp900754495,CAG-485 sp900767075,MGYG000004327,MGYG000001632,CAG-510 sp900551115,Blautia_A sp900541345,Bilophila sp900550745,Enterobacter cloacae_O,Prevotella sp900554545,Pseudomonas_E putida_P,MGYG000003053,Collinsella sp900556495,Angelakisella sp900552845,Anaerococcus hydrogenalis,Enterococcus_B faecium,Enterocloster sp900547035,MGYG000000733,Clostridium_J sp000821305,Butyricicoccus_A sp002395695,Mailhella sp900553065,Collinsella sp900540855,Campylobacter_A concisus_W,Blautia_A sp900541985,Peptoniphilus_A senegalensis,MGYG000004367,Collinsella sp900550415,Blautia_A sp900551075,CAG-145 sp900542295,Ruminococcus_C sp000980705,Parabacteroides sp900549585,HGM13233 sp900762805,Succinivibrio sp900548485,Collinsella aerofaciens_G,MGYG000003319,CAG-56 sp900539525,Pseudescherichia vulneris,MGYG000000357,MGYG000001758,UMGS1975 sp900546685,Scardovia wiggsiae,Clostridium sp900766315,MGYG000000728
rep713_seed2738	MGYG000003162,Collinsella sp003470665,Psychrobacillus sp012843435,Muribaculum sp003150235,Ruminiclostridium_E sp003512525,MGYG000002207,Pygmaiobacter massiliensis,Mediterraneibacter sp002314255,Gemmiger variabilis_A,Eisenbergiella sp900550285,Dorea_A longicatena,Gemella morbillorum,Kluyvera ascorbata_B,NSJ-50 sp014385105,MGYG000002740,Morganella morganii_B,Dialister succinatiphilus,ER4 sp900552375,CAG-110 sp000435995,MGYG000003294,MGYG000004742,MGYG000001780,Lancefieldella sp902373375,MGYG000000411,CAG-485 sp900555915,Dialister sp900759415,UMGS403 sp900541565,Streptococcus sp900550895,Coprobacter fastidiosus,UMGS1611 sp900553435,MGYG000000656,Lachnoclostridium_B phocaeensis,CAG-485 sp900550645,MGYG000004693,Megamonas sp900556715,Blautia_A schinkii,MGYG000002203,MGYG000003752,Collinsella sp900549655,Akkermansia muciniphila,Limosilactobacillus vaginalis,MGYG000001979,Alistipes sp900770635,Collinsella sp900548565,MGYG000002610,Anaerococcus sp900550345
rep714_seed2739	CAG-762 sp000432575,MGYG000002708,CAG-115 sp900766795,UMGS1052 sp900548115,Haemophilus_A sputorum,Clostridium sp900759995,MGYG000002046,Angelakisella sp900547385,MGYG000004594,Ruminococcus_E bromii_B,MGYG000001871,MGYG000004841,MGYG000004547,UMGS1603 sp900553265,Campylobacter_A concisus_R,UMGS973 sp900547295,Lacrimispora sp902363735,MGYG000001903,RC9 sp900546445,MGYG000001114,Collinsella aerofaciens_E,Ellagibacter sp900554945,Bacteroides sp003545565,Bacteroides sp900766005,MGYG000002179,UBA1691 sp002320555,Acetatifactor sp900755865,Clostridium celatum,Catenibacterium sp900540685,MGYG000000693,CAG-877 sp900753325,Muribaculum sp002358615,UBA5446 sp900759385,Prevotella sp002300055,CAG-81 sp900066055,Lactobacillus amylovorus,Acinetobacter baumannii,Collinsella sp900541045,Flavonifractor sp900549795,Intestinimonas butyriciproducens,UBA3388 sp900546465,CAG-110 sp000434635,Hafnia alvei,MGYG000004800,MGYG000002705,An181 sp002160325
rep715_seed2740	UMGS973 sp900547295,Collinsella sp900544065,Escherichia coli_D,UBA9502 sp900538475,Collinsella sp900757235,Prevotella sp002265625,Ruminococcus_C sp000980705,MGYG000002692,Hydrogeniiclostridium sp900752115,MGYG000004010,Weissella viridescens,Streptococcus rubneri,Duncaniella sp900549445,MGYG000000390,Akkermansia muciniphila_B,Prevotella bivia,MGYG000004660,Veillonella sp900757715,Collinsella sp902388345,MGYG000001632,Marvinbryantia sp014385005,MGYG000002809,Desulfovibrio fairfieldensis,Collinsella sp900552755,UBA1691 sp002320555,Holdemanella sp002299315,HGM12650 sp900761725,UMGS172 sp900539855,Agathobacter sp900543445,MGYG000004122,Alistipes dispar,MGYG000003948,Anaeromassilibacillus sp001305115,Collinsella sp900541235,MGYG000002628,Parabacteroides sp900770835,Campylobacter_A concisus_E,MGYG000004745,Eubacterium_G ventriosum,MGYG000003800,Merdibacter sp900754715,Coprococcus sp900066115,RUG572 sp900771305,MGYG000001727,Faecalimonas umbilicata,Peptoniphilus_A sp900538655
rep716_seed2741	Pauljensenia sp900541895,Acetatifactor sp900755865,Collinsella sp900757235,UMGS1633 sp900553645,Prevotella sp900556825,Bifidobacterium ruminantium,Marvinbryantia formatexigens,Enteroscipio rubneri,Merdibacter sp900754715,Eubacterium limosum,Mediterraneibacter faecis,CAG-83 sp000431575,Veillonella atypica,Phocaeicola sp900551445,Dialister sp900557365,Desulfovibrio legallii,Enterobacter ludwigii,Peptoniphilus_C sp902363535,Collinsella sp900752015,Cutibacterium acnes,CAG-762 sp900551315,Eubacterium_R sp900543795,MGYG000004708,TM7x sp900557595,UMGS577 sp900543525,MGYG000004100,MGYG000003839,UMGS1603 sp900553265,Alistipes timonensis,MGYG000004154,Alistipes sp900548155,Prevotellamassilia sp900539625,MGYG000001805,Pauljensenia sp902373545,Clostridium paraputrificum,Collinsella sp900553935,Enterobacter sichuanensis,Rothia mucilaginosa_A,Butyricimonas sp003479425,UMGS263 sp900540535,MGYG000000456,Faecalibacterium sp900765105,Actinomyces graevenitzii,MGYG000001870,Collinsella sp900762325,CAG-145 sp900540145
rep717_seed2742	Latilactobacillus curvatus,Blautia stercoris,Eubacterium_G sp900550135,MGYG000003895,Peptoniphilus_A harei,Veillonella sp900545205,MGYG000003256,MGYG000004139,CAG-83 sp900550585,Phocaeicola coprophilus,Porphyromonas_A sp900541275,Butyrivibrio_A sp000431815,Leuconostoc lactis,TF01-11 sp001414325,Slackia exigua,CAG-485 sp900766975,MGYG000004742,Roseburia sp900552665,Schaedlerella sp900765975,MGYG000004596,MGYG000002692,MGYG000004901,CAG-238 sp900754805,Johnsonella sp900766185,Collinsella sp900756725,UMGS75 sp900538885,MGYG000003941,MGYG000002064,Collinsella sp900552145,Extibacter muris,Ruminococcus_C callidus,Fournierella sp004558145,MGYG000003934,Faecalibacterium sp900540455,Ruminococcus_F champanellensis,RC9 sp000432515,UBA1829 sp900760615,Collinsella sp900557505,Moellerella wisconsensis,Muricomes sp900604355,Anaerostipes sp900756035,Ruthenibacterium lactatiformans,Bariatricus comes,Eisenbergiella tayi,Veillonella parvula_A,MGYG000001994
rep718_seed2743	Bacteroides faecis,CAG-115 sp900768705,MGYG000003784,CAG-273 sp900752095,Oxalobacter formigenes_B,Limosilactobacillus vaginalis_A,Serratia marcescens_I,Acetatifactor sp900066565,MGYG000004824,MGYG000002130,Proteus penneri,MGYG000004870,An181 sp002160325,Faecalibacterium prausnitzii_I,Phil1 sp004558525,UBA1394 sp900538575,Phocea massiliensis,Alistipes_A sp900240235,UBA737 sp900549055,Faecalibacterium sp900551435,Flavonifractor sp900549795,Haemophilus_A parahaemolyticus,CACZQA01 sp900758075,MGYG000003826,Prevotella intermedia,UMGS1253 sp900550065,CAG-632 sp000431515,Haemophilus_D sp900756155,Collinsella sp900550815,MGYG000003842,MGYG000000702,Haemophilus_D parainfluenzae_J,Collinsella sp003436275,Faecalibacterium sp900758465,Collinsella sp003487125,MGYG000003451,MGYG000004886,MGYG000004366,Johnsonella sp900766185,Clostridium paraputrificum,Prevotella sp900548195,Alistipes sp900760675,Marvinbryantia sp900066075,Collinsella sp900541235,MGYG000004408,MGYG000004093
rep719_seed2744	Christensenella timonensis,MGYG000004700,Muricomes oroticus,Dialister sp000434475,CAG-127 sp900767585,MGYG000004075,MGYG000001952,Eisenbergiella sp900539715,Oribacterium sp900772695,Collinsella sp900556445,Catenibacillus sp900557175,MGYG000004085,Stoquefichus sp001244545,Pseudoflavonifractor capillosus,UMGS1663 sp900753245,MGYG000000516,MGYG000004380,Anaerotruncus massiliensis,UMGS946 sp900544965,MGYG000002112,Bacteroides nordii,MGYG000004549,Megasphaera massiliensis,Prevotella intermedia,Collinsella sp900547345,Paenibacillus lactis,MGYG000003980,UMGS1071 sp900542375,UMGS1975 sp900556815,Klebsiella_A indica,UBA11774 sp003507655,CAG-632 sp900539185,Eubacterium limosum,Anaerosacchariphilus sp014290175,Clostridium cuniculi,CAG-170 sp000436735,TF01-11 sp003524945,Enterobacter ludwigii,CAG-145 sp900540145,CAG-485 sp900542185,Gastranaerophilus phascolarctosicola,UMGS929 sp900546875,MGYG000002221,Marvinbryantia sp014385005,UBA4871 sp014467055,MGYG000004628
rep720_seed2745	MGYG000004251,MGYG000002112,Enorma massiliensis,UBA1191 sp900066305,Gastranaerophilus phascolarctosicola,Collinsella sp900547125,RUG420 sp900542575,Murdochiella massiliensis,Dialister sp000434475,Bariatricus sp900554415,MGYG000002045,Collinsella sp900754435,Peptoniphilus_B sp000478985,UMGS946 sp900544965,Providencia alcalifaciens,Coprobacter sp900545915,Collinsella sp900542905,Phascolarctobacterium_A succinatutens_A,Klebsiella_A grimontii,Frisingicoccus caecimuris,CAG-485 sp900766975,Acutalibacter sp000435395,CAG-873 sp001701165,CAG-488 sp900554995,Blautia_A sp900066335,Parvimonas sp001553085,AM51-8 sp900761925,Collinsella sp900550815,MGYG000001735,Collinsella sp900751755,CAG-354 sp900555085,MGYG000003305,Collinsella sp900541685,UMGS1241 sp900540495,Alistipes sp001941065,Collinsella sp900543845,Collinsella sp900557505,MGYG000003451,Stoquefichus massiliensis,Collinsella sp900540845,Streptococcus equinus,Lachnoclostridium phytofermentans_A,Enterobacter cloacae_K,Leuconostoc lactis,Bacteroides acidifaciens,Enterobacter_D kobei_A
rep721_seed2746	Collinsella sp900554155,Prevotella corporis,Sutterella wadsworthensis,Porphyromonas asaccharolytica,MGYG000004330,CAG-492 sp000434335,CAG-83 sp900547745,Brachyspira pilosicoli,Enterocloster sp900759225,Catenibacterium sp900764565,UMGS403 sp900541975,MGYG000001724,Collinsella sp900549245,MGYG000004657,MGYG000000505,Clostridium_J sp000821305,MGYG000003112,Anaerococcus obesiensis,UMGS1633 sp900553645,RUG472 sp900545265,Ruminiclostridium_E siraeum,CAG-83 sp003487665,Bacteroides sp900766195,Prevotella sp900556395,Butyricimonas paravirosa,CAG-873 sp002493945,Prevotella sp900543585,UBA4855 sp900540395,MGYG000004787,Ruminococcus_E sp003526955,MGYG000002069,Prevotella brunnea,RC9 sp900769145,CAG-269 sp000435535,Streptococcus oralis_W,MGYG000001837,CAG-269 sp000437215,MGYG000004171,CAG-95 sp900553305,MGYG000004753,TM7x sp900555425,Collinsella sp900541025,MGYG000001583,UBA11471 sp000434215,UMGS363 sp900543105,MGYG000000761
rep722_seed2747	CAG-110 sp900544405,UBA737 sp900549755,Enterobacter chengduensis,UMGS1810 sp900555295,Ruminococcus_E bromii_B,UC5-1-2E3 sp001304875,Alistipes finegoldii,Lawsonibacter sp900766145,Blautia_A schinkii,Veillonella sp009929605,CAG-110 sp900762935,UMGS882 sp900757905,Aggregatibacter segnis,Anaerobutyricum hallii,Hungatella_A hathewayi_A,Bacteroides uniformis,Parabacteroides sp900549585,MGYG000004210,CAG-390 sp003523225,Collinsella sp900751755,Streptococcus oralis_W,MGYG000002210,Collinsella sp900552705,Streptococcus parasanguinis,Bacteroides gallinarum,MGYG000003797,CAG-269 sp001916055,MGYG000003770,Firm-11 sp900553905,Enterocloster sp000431375,Dysosmobacter sp900548505,Rothia sp001808955,Dialister sp900541485,MGYG000004710,MGYG000003207,CAG-279 sp900541555,Dialister sp900759415,CAG-417 sp000432835,Megasphaera sp900540735,MGYG000003323,CAG-110 sp003525905,HGM13222 sp900757485,MGYG000001996,MGYG000001916,Massilioclostridium coli,CAG-110 sp900554705
rep723_seed2748	Alistipes dispar,Phocaeicola sp900552075,Blautia_A hydrogenotrophica,S5-A14a sp000758905,Bacteroides sp014385165,SFDP01 sp900770785,MGYG000002692,CAG-81 sp900066055,MGYG000002017,MGYG000003206,Eubacterium_G sp000432355,Phascolarctobacterium_A sp900544885,Veillonella tobetsuensis,Collinsella sp900542325,Paramuribaculum sp900760855,UBA940 sp900768115,Murimonas intestini,SFEL01 sp004557245,MGYG000003823,UMGS1591 sp900553255,Enterococcus_A avium,Streptococcus vestibularis,Collinsella sp900553705,Gemmiger sp900545545,Coprococcus_A catus,MGYG000002759,V9D3004 sp002349525,Mitsuokella multacida,MGYG000004166,MGYG000000393,Fusobacterium_A sp900015295,Intestinimonas massiliensis,OF09-33XD sp003481995,Leminorella richardii,Massilimaliae timonensis,Prevotella copri_A,Acetatifactor sp900066565,Phocaeicola sp900551645,Haemophilus influenzae,MGYG000004718,Prevotella sp900552675,Methanosphaera cuniculi,UMGS1384 sp900551265,Phytobacter massiliensis,Anaerosporobacter mobilis,Pantoea brenneri
rep724_seed2749	Muribaculum sp002492595,Massiliomicrobiota sp002160865,Prevotella sp002299275,MGYG000004793,Salmonella enterica,UBA7160 sp900757145,MGYG000002628,CAG-269 sp001916055,Phascolarctobacterium_A sp900545025,MGYG000001582,Odoribacter sp900541415,UBA3766 sp900769175,Prevotella sp900548535,Blautia sp000432195,Faecalimonas umbilicata,Clostridium disporicum_A,Haemophilus_A parahaemolyticus,UBA1259 sp003523255,Bacteroides clarus,Streptococcus parasanguinis_B,MGYG000004609,Collinsella sp900542965,CAG-245 sp900761475,CAG-1427 sp900546175,CAG-115 sp900768125,MGYG000001979,MGYG000000746,MGYG000003270,UBA2882 sp900542015,MGYG000001859,GCA-900066755 sp900066755,Atlantibacter hermannii,CAG-269 sp003525075,UMGS995 sp900547465,Faecalibacterium prausnitzii_J,MGYG000002182,UBA1417 sp002305575,Phocaeicola salanitronis,CAG-103 sp900543625,Streptococcus parasanguinis,MGYG000000608,Ruminococcus_D sp000434695,UMGS1071 sp900548305,Pseudoflavonifractor sp014287675,Alistipes onderdonkii,MGYG000004836
rep725_seed2750	Lactobacillus amylovorus,Clostridioides difficile,UMGS1781 sp900554635,Anaerococcus sp900258475,Enterocloster sp900549235,Amulumruptor sp900539915,CAG-110 sp000434635,Acutalibacter sp000435395,TF01-11 sp003529475,CAG-485 sp001701295,Campylobacter_A concisus,Anaeroglobus micronuciformis,HGM05232 sp900759955,Collinsella sp900554465,Lachnoclostridium phytofermentans_A,MGYG000002828,MGYG000000608,MGYG000002017,Yersinia frederiksenii,MGYG000002209,CAG-217 sp000436335,Gemmiger sp900554145,Finegoldia magna_H,Mediterraneibacter sp900752395,Duodenibacillus sp900542805,UMGS692 sp900544545,MGYG000002694,Klebsiella quasivariicola,Parabacteroides sp900541965,Clostridium_B sp902809985,CAG-83 sp000431575,Pantoea agglomerans,CAG-274 sp000432155,Blautia_A wexlerae_A,Anaeromassilibacillus sp002159845,Anaerosacchariphilus sp014290175,MGYG000002170,CAG-317 sp900543415,MGYG000002005,Megamonas funiformis,Desulfovibrio desulfuricans,MGYG000000592,CAG-269 sp900554565,Lacticaseibacillus rhamnosus,Citrobacter freundii,Klebsiella aerogenes
rep726_seed2751	MGYG000002754,Streptococcus alactolyticus,CAG-269 sp000431335,Faecalibacterium prausnitzii_C,Eisenbergiella sp900548905,COE1 sp001916965,MGYG000004680,MGYG000003296,HGM11616 sp900761075,MGYG000003941,Marvinbryantia sp900550755,Lachnospira sp900552795,Streptococcus lutetiensis,MGYG000003728,COE1 sp900753305,UMGS1633 sp900553645,Faecalibacterium prausnitzii_J,Blautia sp900556555,Dysgonomonas gadei,SFFH01 sp900542445,Collinsella sp900554665,Ruminiclostridium_E sp003512525,Faecalibacterium sp900539945,Emergencia sp900551775,Acidaminococcus massiliensis,Erysipelatoclostridium ramosum,Catenibacterium sp900764565,Lactococcus lactis_E,Lacticaseibacillus paracasei,Clostridium butyricum,Eubacterium_R sp900539325,Pseudobutyrivibrio fibrisolvens_A,MGYG000001805,Collinsella sp900549185,UMGS1766 sp900554855,Edwardsiella tarda,Collinsella sp900553415,MGYG000004774,Parabacteroides sp014287585,CAG-617 sp000438115,Collinsella sp900757705,MGYG000002674,MGYG000000594,Oscillibacter ruminantium,Bifidobacterium pullorum,Bifidobacterium sp002742445
rep727_seed2752	Streptococcus infantarius,Extibacter muris,TF01-11 sp000436755,Phocaeicola massiliensis,MGYG000000397,CAG-110 sp003525905,Bilophila sp900553145,MGYG000004894,Phocaeicola sp900066455,RC9 sp900541925,MGYG000004722,MGYG000001915,Collinsella sp900556415,Blautia_A sp900551715,Anaeroglobus massiliensis,MGYG000004312,Acetatifactor sp900554205,RC9 sp900546445,Pantoea agglomerans,CAG-170 sp000436735,HGM11386 sp900761915,CAG-170 sp900555665,HGM10836 sp900772095,Collinsella sp900551655,UMGS1851 sp900555605,MGYG000003005,UMGS363 sp900543105,MGYG000001685,Clostridium paraputrificum,MGYG000003813,Ruminococcus_B sp900544395,MGYG000002753,Finegoldia magna_F,Turicimonas sp900542195,Fusobacterium nucleatum,Eubacterium_R sp900539425,Faecalibacterium prausnitzii_E,Olsenella sp900555995,MGYG000000334,CAG-485 sp900760735,Anaeromassilibacillus sp002159845,F0422 sp900766245,UBA3402 sp003478355,Eubacterium_R sp000434995,UBA7185 sp900556545,Fournierella sp004558145
rep728_seed2753	Pseudoruminococcus massiliensis,MGYG000004610,MGYG000002704,Parabacteroides sp900541965,Erysipelatoclostridium ramosum,UMGS599 sp900543705,MGYG000001205,Collinsella sp900549185,MGYG000004107,Prevotella sp900544825,Ruminococcus_C sp000433635,CAG-110 sp900769995,MGYG000001809,Fusobacterium_A sp900764925,MGYG000004817,Blautia_A sp900542045,MGYG000000386,Peptoniphilus_A harei,UMGS1670 sp900548595,Blautia_A sp003474435,CAG-485 sp900321585,Collinsella sp900548075,Phascolarctobacterium_A sp900553055,Flavonifractor sp900549795,Methanobrevibacter_A oralis,Acidaminococcus massiliensis,CAG-488 sp000434055,UBA1394 sp900538575,TF01-11 sp001414325,Enteroscipio rubneri,Dysgonomonas mossii,MGYG000001906,MGYG000004100,Pantoea ananatis,Rothia aeria,Ruthenibacterium lactatiformans,Phocaeicola sp902388365,Phocaeicola massiliensis,Prevotella hominis,MGYG000000795,Megasphaera sp001546855,MGYG000001566,Eubacterium_G sp000432355,UMGS1781 sp900555075,Hydrogeniiclostridium sp900752115,Enterobacter_A timonensis
rep729_seed2754	MGYG000001632,Robinsoniella sp900555455,Ruthenibacterium sp900759375,QALS01 sp900552625,Collinsella sp900554665,Atlantibacter hermannii,MGYG000001580,Prevotella sp900548535,Anaerococcus vaginalis_B,Collinsella sp900551815,Ruminococcus_D sp000434695,Moellerella wisconsensis,MGYG000003798,MGYG000001048,UMGS1975 sp900546685,Anaerotruncus massiliensis,PeH17 sp000435055,Duodenibacillus sp900542805,MGYG000002714,NK4A136 sp002314855,CAG-485 sp900760735,Phocaeicola plebeius,CAG-95 sp900553305,Johnsonella sp900766185,MGYG000002809,UBA1691 sp900552985,CAG-590 sp900552885,TM7x sp900555425,Clostridium sp900547475,Pantoea anthophila,MGYG000004093,CAG-95 sp000438155,Collinsella sp900545605,MGYG000002064,NK3B98 sp900545815,HGM13006 sp900757695,CAG-793 sp900557475,MGYG000003719,CAG-45 sp000438375,UMGS1591 sp900553255,MGYG000003995,UBA11517 sp900753315,MGYG000003271,Veillonella sp900757715,GCA-900066495 sp900545985,UBA1822 sp002314995
rep730_seed2755	Cedecea davisae,Lawsonibacter sp900766145,MGYG000004366,Ruminococcus_A faecicola,HGM12587 sp900766915,Anaerocolumna aminovalerica,Coprococcus sp900066115,SFDP01 sp004558185,MGYG000004039,Dialister hominis,MGYG000004503,MGYG000000398,Phocaeicola ilei,UBA7057 sp900542735,Collinsella sp900544425,MGYG000004116,MGYG000000586,QALS01 sp900555925,Duncaniella sp900762315,MGYG000003970,TM7x sp900555675,Catenibacterium sp900764725,MGYG000002931,CAG-145 sp900542565,Extibacter muris,MGYG000004506,CAG-485 sp900760815,UBA11517 sp900555365,Gemmiger formicilis,Enterocloster lavalensis,Phocaeicola plebeius_A,UBA945 sp900549675,UBA9506 sp003506415,Murimonas intestini,Blautia sp001304935,Firm-11 sp900548145,MGYG000004559,CAG-245 sp000435175,Faecalibacillus intestinalis,UBA738 sp900763675,QAMH01 sp900556425,MGYG000004180,MGYG000004876,Porphyromonas sp900539765,MGYG000000505,CAG-451 sp000438295
rep731_seed2756	RC9 sp900545245,MGYG000004722,MGYG000004198,MGYG000003578,Firm-11 sp900550955,RC9 sp000432515,CAG-314 sp000437915,MGYG000004841,UMGS1663 sp900753245,UMGS599 sp900543705,Faecalimonas phoceensis,MGYG000000413,Faecalibacterium prausnitzii,Adlercreutzia celatus_A,UMGS1540 sp900552775,Tidjanibacter inops_A,Pseudobutyrivibrio fibrisolvens_A,Faecalibacterium sp900551435,Collinsella sp900541785,MGYG000003273,Eubacterium_F sp000434115,CAG-485 sp900555915,UBA737 sp900554525,Paraeggerthella hongkongensis,Brachyspira pilosicoli,MGYG000003076,MGYG000001873,RUG12045 sp900770325,RC9 sp000434935,CAG-110 sp900551495,Ligilactobacillus sp900765635,Muribaculum sp002492595,CAG-110 sp000435995,Klebsiella variicola,Collinsella sp900556495,MGYG000002107,CAG-762 sp000432575,Campylobacter_B hominis,Massilioclostridium coli,CAG-115 sp000432175,MGYG000003304,UMGS973 sp900547295,Cedecea davisae,Lachnoclostridium phytofermentans_A,Collinsella sp900551655,Erysipelatoclostridium saccharogumia
rep732_seed2757	MGYG000003884,Phocaeicola sp900540105,Enterobacter ludwigii,MGYG000004496,CAG-485 sp900554845,Collinsella sp900755685,Collinsella sp003437035,CAG-110 sp900544975,CAG-194 sp000432915,Citrobacter gillenii,Blautia_A obeum_B,Bilophila sp902373525,Collinsella sp900545605,Prevotella sp900553965,Prevotella sp900547005,MGYG000000724,Eubacterium_R sp900764665,Angelakisella sp004557855,RUG11247 sp902767315,MGYG000002731,MGYG000001979,MGYG000000680,MGYG000003784,Collinsella sp003470665,UBA7185 sp900556545,MGYG000000645,MGYG000001133,Fournierella sp004558145,MGYG000002714,Anaerococcus sp900550345,Enterocloster sp900543885,Streptococcus infantis_I,MGYG000004752,UBA3388 sp002358835,MGYG000004656,Streptococcus pseudopneumoniae_O,MGYG000004677,UMGS874 sp900546315,MGYG000003324,Plesiomonas shigelloides,Paramuribaculum sp000431155,Collinsella sp900554985,Faecalibacterium sp900758465,Collinsella sp900761155,UMGS1388 sp900551345,CAG-177 sp000431775
rep733_seed2758	UMGS1880 sp900555875,Alistipes sp900021155,MGYG000002628,MGYG000001594,MGYG000001979,Marseille-P3106 sp900543935,Agathobaculum butyriciproducens,Veillonella tobetsuensis,Prevotella sp000436915,UBA737 sp900549755,MGYG000004377,ER4 sp900552015,MGYG000004655,MGYG000002626,CAG-83 sp003487665,UBA5905 sp002437905,Enterococcus_A devriesei,Lactococcus lactis,CAG-83 sp000435975,CAG-170 sp003516765,UMGS882 sp003343885,Collinsella sp900540855,CAG-582 sp900760845,MGYG000002753,OM05-12 sp003438995,MGYG000001566,Collinsella aerofaciens_E,MGYG000001862,Oribacterium sp900770445,Pauljensenia sp001064145,CAG-831 sp900544175,CAG-279 sp900541935,UMGS1071 sp900542375,Blautia_A sp003471165,UMGS1889 sp900556055,Bacteroides sp900553815,MGYG000003752,Alistipes timonensis,Phocaeicola sp002161565,Prevotella pectinovora,MGYG000003050,MGYG000004750,F23-B02 sp900772725,Escherichia fergusonii,Frisingicoccus sp900549105,MGYG000004608
rep734_seed2759	Intestinimonas sp900540545,Bifidobacterium infantis,MGYG000000818,Phascolarctobacterium_A sp900547415,Phocaeicola sp900066445,Ruminococcus_E sp900755995,UBA5394 sp003150565,MGYG000003270,Prevotellamassilia sp900542795,Blautia sp900555025,Blautia_A sp900542045,MGYG000001724,MGYG000004154,Faecalibacterium sp900772565,UBA7173 sp900548705,MGYG000000425,Bifidobacterium animalis,Megasphaera sp002319965,CAG-269 sp900553985,Mitsuokella multacida,MGYG000004874,CAG-103 sp000432375,MGYG000001683,MGYG000001844,MGYG000003907,MGYG000003876,QAMH01 sp900556425,Collinsella sp900541645,QAMM01 sp003150405,Massiliomicrobiota sp002160815,Megamonas sp900554895,Fusobacterium animalis,Collinsella sp003479805,Ruminococcus_E bromii_B,UMGS856 sp900760305,Prevotella sp900769275,Ruminococcus_D sp900752625,Collinsella sp900545605,Proteus mirabilis,CAG-269 sp900754285,Vibrio cholerae,Parasutterella sp000980495,UBA1191 sp900066305,Phocaeicola sp900546355,MGYG000004662,CAG-485 sp900321585
rep735_seed2760	MGYG000003898,Firm-11 sp900540045,Mailhella sp003150275,MGYG000003955,Cetobacterium_A sp900766645,Robinsoniella sp900540475,UBA7488 sp002477185,CAG-81 sp900066055,Collinsella sp900545905,Alistipes sp900769405,Bacteroides clarus,MGYG000004393,Hungatella_A hathewayi_A,MGYG000002785,CAG-83 sp003539495,Peptoniphilus_A lacydonensis,Peptoniphilus_A sp900538655,Garciella sp900555725,CAG-492 sp900557195,Longibaculum sp900538465,Mediterraneibacter sp900541505,ER4 sp900317525,Mediterraneibacter lactaris,MGYG000000474,MGYG000004800,MGYG000001205,CAG-485 sp900766975,BX12 sp014333425,F082 sp900542475,Enterobacter cloacae_O,MGYG000003707,Collinsella sp900545875,Zag111 sp900551965,HGM13233 sp900762805,UMGS1994 sp900553945,Porphyromonas gingivalis,UMGS680 sp900544525,Lachnospira sp000437735,SFVR01 sp900769035,Prevotella sp900545525,Butyricimonas synergistica,Gordonibacter massiliensis,MGYG000000393,UMGS1071 sp900541905,Eubacterium_R sp900547915,MGYG000001952
rep736_seed2761	Pseudoflavonifractor sp014287675,Lactobacillus amylovorus,MGYG000000637,MGYG000003945,Sutterella seckii_A,Collinsella sp000434535,MGYG000001809,Acetatifactor sp900771995,Agathobaculum sp900544475,Hafnia alvei,MGYG000002759,MGYG000002229,Dialister sp900759415,Paramuribaculum sp001689535,Prevotella sp002265625,CAG-196 sp002102975,Dysosmobacter sp900548505,MGYG000004045,MGYG000004583,Clostridium_Q symbiosum,Anaerotignum sp001304995,Streptococcus agalactiae,Barnesiella sp900538705,UMGS1815 sp900555345,Collinsella sp900546115,Prevotellamassilia sp000437675,UBA10677 sp003533505,Gemella morbillorum,Enterobacter cloacae,Phocaeicola sp000432735,Prevotella melaninogenica,Prevotellamassilia sp900546605,CAG-452 sp900770415,MGYG000004611,Anaerococcus obesiensis,S5-A14a sp900553025,MGYG000002256,HGM14224 sp900761905,MGYG000001717,MGYG000000680,TF01-11 sp001916135,CAG-180 sp004556705,UMGS1781 sp900555075,Veillonella sp003463825,Bacteroides sp002491635,Blautia sp002161285
rep737_seed2762	CAG-873 sp001701165,MGYG000004684,Phascolarctobacterium faecium,MGYG000000752,MGYG000002699,Phytobacter diazotrophicus,Eubacterium_R sp900539165,Atlantibacter hermannii,MGYG000004854,UBA11512 sp003522145,Lawsonibacter asaccharolyticus,MGYG000004061,Phocaeicola sp900544075,Gemella sanguinis,Peptostreptococcus anaerobius,Merdimonas sp900553355,Gabonibacter sp900543425,UMGS1670 sp900546215,Murdochiella massiliensis,MGYG000004477,MGYG000002017,MGYG000002791,MGYG000000393,Ruminococcus sp900752785,Faecalibacterium prausnitzii_D,Faecalimonas phoceensis,Faecalibacterium sp900540455,CAG-177 sp003514385,Blautia sp900543715,MGYG000001880,MGYG000002629,Streptococcus sp900543065,Phocaeicola sp900553185,Streptococcus mitis_D,Succinivibrio sp900548485,UBA1390 sp900764045,Prevotella sp900767615,CAG-724 sp003524145,Acutalibacter sp000432995,Roseburia sp900550935,Citrobacter portucalensis_A,Parasutterella excrementihominis,Porphyromonas sp900539155,UBA11524 sp900769075,Caecibacter sp900549385,Bariatricus massiliensis
rep738_seed2763	Collinsella sp900550185,UMGS1781 sp900555075,OF09-33XD sp003481995,MGYG000004387,MGYG000002058,MGYG000004310,AM51-8 sp900761925,UMGS75 sp900538885,Barnesiella sp002159975,Prevotella disiens,Collinsella sp900759335,Raoultella ornithinolytica,Dysosmobacter sp900550685,MGYG000002712,Bifidobacterium gallicum,MGYG000000380,Ruminococcus_A sp003011855,CAG-127 sp900553925,UMGS1338 sp900550805,UMGS1696 sp900554225,Yersinia bercovieri,Lactobacillus ultunensis,Ruminococcus sp900545125,ER4 sp900552375,Citrobacter portucalensis_A,Clostridium sp001916075,MGYG000004443,Mediterraneibacter sp900553885,Massilimaliae sp900752435,Amedibacterium intestinale,Lancefieldella rimae,UBA3388 sp900546465,Prevotella sp900552515,Enterocloster sp900753815,UMGS1865 sp900547725,Alistipes_A ihumii,Fenollaria massiliensis,UMGS1312 sp900550625,CAAEEV01 sp900754955,UMGS1397 sp900551425,Ruminococcus_D sp000434695,MGYG000001759,Collinsella sp900760905,Eisenbergiella massiliensis,Anaeromassilibacillus sp001305115,MGYG000004787
rep739_seed2764	MGYG000000298,CAG-83 sp000431575,Enterocloster sp900540675,Olsenella_E sp003609875,Enterococcus_B durans,MGYG000004098,Clostridium_P massiliamazoniense,Phytobacter diazotrophicus,Blautia_A sp900549015,Collinsella aerofaciens_E,CAG-485 sp900767075,Paramuribaculum sp900760855,MGYG000002613,CAG-279 sp900550025,MGYG000003060,UMGS1487 sp900552225,Dialister sp900759415,MGYG000003837,UBA4285 sp900545225,MGYG000002182,Caproiciproducens sp000752215,Clostridium_X cadaveris,Methanosphaera sp900322125,MGYG000000359,Collinsella sp900544465,MGYG000002699,MGYG000004346,CAG-110 sp900553805,UBA5446 sp900546485,CAG-485 sp002361235,Enterocloster sp001517625,Catenibacterium sp900764565,Rothia aeria,Faecalibacterium prausnitzii_D,Dysosmobacter sp900546705,Proteus penneri,Citrobacter braakii,Muricomes oroticus,Collinsella sp900555555,Negativibacillus sp900547455,CACZQA01 sp900758075,UBA1417 sp900552925,Collinsella sp900547855,CAG-269 sp900556945,MGYG000004197,CAG-312 sp002405555
rep740_seed2765	UBA5446 sp900546615,Eubacterium_R sp900540305,Collinsella sp900541185,Campylobacter_A concisus_F,TF01-11 sp003149875,Pauljensenia sp900541895,Peptococcus niger,Providencia stuartii,Veillonella sp900552445,Acinetobacter baumannii,MGYG000000450,Flavonifractor sp900549795,MGYG000003842,Agathobacter sp900548765,Prevotella sp900550035,Pseudomonas aeruginosa,Pseudobutyrivibrio fibrisolvens_A,MGYG000003707,CAG-81 sp900541255,UBA1394 sp900538575,UMGS1002 sp900547565,Lachnoclostridium_A sp003464085,MGYG000002207,Ruthenibacterium sp900546885,Tidjanibacter inops_A,Phocaeicola plebeius_A,Paraclostridium sordellii,MGYG000003788,Dysosmobacter sp900546705,MGYG000002691,Faecalibacillus faecis,Collinsella sp900542155,CAG-448 sp003150135,MGYG000004849,Enterococcus_B durans,Lachnospira sp000436475,UBA5905 sp900549155,MGYG000004559,Streptococcus sp902373455,Lactobacillus helveticus,MGYG000001666,MGYG000003308,CAG-485 sp900541835,CAG-590 sp900548855,Blautia_A sp900549015,Pediococcus acidilactici
rep741_seed2766	Paramuribaculum sp001689535,Veillonella sp900552445,Prevotella sp900762125,MGYG000004365,UBA1786 sp900771425,Clostridium cuniculi,MGYG000004775,MGYG000001914,Blautia_A sp900066505,UMGS1781 sp900555075,Gemmiger variabilis_B,MGYG000000339,MGYG000003839,MGYG000001572,MGYG000003915,Pseudomonas aeruginosa,Methanobrevibacter_A smithii,CAG-312 sp002437405,UMGS1241 sp900540495,Evtepia sp004556345,CAG-83 sp001916855,MGYG000000637,Collinsella sp900541475,Lachnoclostridium_B sp900543315,UMGS1474 sp900547105,Lancefieldella sp902373375,Alistipes sp900770635,MGYG000004340,MGYG000001809,Bacilliculturomica massiliensis,UBA738 sp003522945,MGYG000003136,Longicatena caecimuris,Prevotella nigrescens,Pseudomonas_E bubulae,TF01-11 sp900759665,Lawsonibacter sp900550705,MGYG000004760,CAG-510 sp900550475,Alistipes sp000434235,Parabacteroides sp900540715,MGYG000001859,MGYG000000702,CAG-460 sp900546715,CAG-95 sp900553305,Veillonella sp900549845
rep742_seed2767	CAG-273 sp902406115,MGYG000002745,UMGS1477 sp900553845,Anaerostipes hadrus,UMGS1387 sp900551295,Odoribacter sp900544025,Caecibacter sp900549385,UMGS1872 sp900555795,SFFH01 sp900542445,Duncaniella sp900762315,CAG-115 sp003516865,Megasphaera sp900548635,Collinsella sp900554255,Clostridium neonatale,Eubacterium_R sp900542875,Gemmiger sp900540595,Bruticola sp900772775,Ruminococcus_C sp900770195,MGYG000001977,Lachnoanaerobaculum sp000296385,MGYG000002216,Eggerthella sp014287365,MGYG000000674,Collinsella sp900552875,MGYG000004107,Peptoniphilus_A harei,MGYG000003053,Streptococcus sanguinis_H,UBA1691 sp900549825,UMGS268 sp900540175,Blautia_A sp900542045,Oribacterium sinus,Faecalimonas phoceensis,CAG-1427 sp000435675,Ruminococcus_E bromii_B,MGYG000002650,Rothia mucilaginosa_A,UMGS1397 sp900761355,Lawsonibacter sp900545895,Pseudobutyrivibrio fibrisolvens_A,Collinsella sp900554655,MGYG000004219,Mediterraneibacter sp900555215,MGYG000004177,ER4 sp900317525,Weissella cibaria
rep743_seed2768	Clostridium sp900543325,MGYG000003907,Duodenibacillus sp900542805,MGYG000004228,Olsenella_B sp000752675,Dialister sp900759415,CAG-822 sp000432855,Neobacillus rubiinfantis,CAG-582 sp900760845,UMGS1601 sp900545345,Enterococcus_B hirae,Prevotellamassilia sp900546605,Bifidobacterium sp900551485,CAG-873 sp900755985,Clostridium_P massiliamazoniense,Clostridioides difficile_A,Blautia sp900556555,Parabacteroides sp014287585,Ruminococcus_E sp002493635,Collinsella sp900551015,Clostridium_P perfringens,MGYG000001899,Clostridium nigeriense,Holdemania filiformis,Acutalibacter sp900548545,Zag1 sp900769355,MGYG000001284,Clostridioides difficile,Streptococcus thermophilus,Lancefieldella sp902373375,Barnesiella sp900538555,CAG-492 sp000434015,UMGS882 sp900757905,MGYG000003050,MGYG000000738,Paraprevotella clara,Collinsella sp900547805,Porphyromonas asaccharolytica,MGYG000001839,Odoribacter sp900541415,CHH4-2 sp002899675,MGYG000001935,Collinsella sp900549185,UMGS1858 sp900555705,Superficieibacter sp900766525,MGYG000004818
rep744_seed2769	Butyricicoccus pullicaecorum,Prevotella sp900554045,Prevotellamassilia sp900541575,MGYG000004035,Collinsella sp900548935,Collinsella sp900755685,Ruminococcus_E sp003521625,Christensenella minuta,UBA738 sp003522945,UMGS1839 sp900555545,Lachnospira sp900551945,Porphyromonas sp900546675,COE1 sp001916965,Prevotellamassilia timonensis,MGYG000003071,Parabacteroides distasonis,Citrobacter_A amalonaticus,Alistipes sp900548155,MGYG000003867,Gemmiger sp900554145,Intestinimonas butyriciproducens,MGYG000002204,Evtepia gabavorous,MGYG000004075,MGYG000002921,QAMX01 sp003149835,Collinsella sp900557505,UBA1777 sp900549865,MGYG000003823,Ruminococcus_C sp000437255,CAG-180 sp900545625,CAG-245 sp900761475,MGYG000004436,MGYG000004199,Prevotella sp900557405,MGYG000003206,Prevotellamassilia sp900539625,CAG-776 sp900758895,Ruminiclostridium_E sp003512525,Collinsella sp900546825,CAG-83 sp003487665,Sutterella seckii_A,Collinsella sp900555555,Klebsiella quasipneumoniae,MGYG000003005,UBA3818 sp900557155
rep745_seed2770	Bacteroides congonensis,Agathobacter sp900546625,Faecalicoccus sp900546545,Bacteroides fragilis_A,UMGS1307 sp900550505,MGYG000004732,MGYG000003842,MGYG000000677,Leptotrichia wadei,Alistipes_A sp900549685,MGYG000003211,Streptococcus sp900543065,Holdemanella sp003436425,UMGS1865 sp900547725,Klebsiella variicola,Ruminococcus_A sp000432335,CAG-313 sp003539625,Bacteroides xylanisolvens,MGYG000002179,UBA737 sp002431945,CAG-110 sp900546915,Bulleidia moorei,Eubacterium_I sp900546495,Muricomes oroticus,Megasphaera sp902388315,Blautia_A sp900541985,NSJ-63 sp014384805,Chimaeribacter arupi,Faecalibacterium sp003449675,Mobilibacterium sp900315625,MGYG000004154,MGYG000004800,Sutterella sp900543805,ER4 sp000765235,Collinsella sp900548365,Lachnospira sp000436535,NSJ-50 sp014385105,Clostridium_P perfringens,Citrobacter youngae,UBA1191 sp900549125,MGYG000004428,CAG-462 sp900765575,Salmonella bongori,MGYG000003616,Enterocloster asparagiformis,UBA7597 sp900542935
rep746_seed2771	D5 sp900113995,Holdemania filiformis,Pantoea brenneri,Firm-11 sp900548145,Enterocloster sp900753815,Blautia_A faecis,Leuconostoc lactis,Collinsella sp003466125,Collinsella sp900554985,UBA1777 sp900549865,Sutterella wadsworthensis,MGYG000004166,Parabacteroides sp900548175,F23-B02 sp900772725,Angelakisella sp900552845,MGYG000002706,Anaerotignum faecicola,Phascolarctobacterium_A sp900757795,Ruthenibacterium lactatiformans,MGYG000003934,Acutalibacter sp900543555,Dysosmobacter sp900544105,Acinetobacter johnsonii,MGYG000003050,Collinsella sp900544115,Bacteroides bouchesdurhonensis,Kluyvera ascorbata,Collinsella sp900542155,Criibacterium bergeronii,Akkermansia sp001580195,Ruminococcus_B sp900544395,Clostridium_AQ innocuum,MGYG000002696,Prevotella sp000431975,UMGS1690 sp900554165,Prevotellamassilia sp004552865,UBA1820 sp002314265,Escherichia fergusonii,MGYG000004558,Sutterella sp900764215,MGYG000002089,UMGS1601 sp900545345,MGYG000004432,UMGS1397 sp900551425,Peptacetobacter sp900550335,Eubacterium limosum
rep747_seed2772	Catenibacillus sp900557175,Campylobacter_A concisus,MGYG000000450,Lawsonibacter sp900764755,MGYG000004139,Ruminococcus_E sp003521625,MGYG000004247,Enterobacter sichuanensis,MGYG000004127,MGYG000004609,HGM11616 sp900761075,Murimonas intestini,Slackia_A isoflavoniconvertens,Butyricimonas virosa,Collinsella sp900552155,UMGS1696 sp900763885,UMGS1484 sp902388225,Agathobaculum butyriciproducens,Prevotella sp002251365,Collinsella sp900544875,MGYG000000413,Fusobacterium_A ulcerans_A,Eubacterium maltosivorans,Fusobacterium polymorphum,Collinsella sp900548075,UMGS1241 sp900540495,UBA7173 sp900555165,MGYG000004808,Ezakiella sp900540185,Paramuribaculum sp900546365,Gabonibacter massiliensis,MGYG000001594,MGYG000002585,Megamonas funiformis,UMGS268 sp900540175,Prevotella sp900290275,Phocea massiliensis,MGYG000000433,Vibrio cholerae,MGYG000000516,Pseudomonas aeruginosa,Peptostreptococcus anaerobius,MGYG000000630,Victivallis sp002998355,MGYG000001133,CAG-448 sp003150135
rep748_seed2773	UBA1417 sp003531055,Coprococcus_A catus,Ruminococcus_E bromii_A,Haemophilus_A paraphrohaemolyticus,QANA01 sp900554725,Mediterraneibacter sp900541505,GCA-900066495 sp900545985,CAG-462 sp900765575,CAG-194 sp000432915,Megamonas hypermegale,Lactobacillus amylovorus,MGYG000003434,MGYG000004340,Lacrimispora sp902363735,Collinsella sp900548565,Phascolarctobacterium sp900551745,TM7x sp900555885,Eubacterium_M sp900540015,Enterobacter_A timonensis,Lawsonibacter sp900754605,Prevotella sp900543585,MGYG000000350,Prevotella sp000436595,Exiguobacterium sp003467445,MGYG000000860,HGM14224 sp900761905,Collinsella sp000434535,MGYG000002745,QALW01 sp900552055,MGYG000003822,NSJ-32 sp014384895,MGYG000004037,CAG-617 sp000438115,MGYG000004607,CAG-312 sp002405555,MGYG000000481,UBA7597 sp003448195,MGYG000004774,MGYG000003776,NK4A136 sp002314855,Paramuribaculum sp900760855,Faecalimonas sp900550235,MGYG000004689,CAG-314 sp900551395,Citrobacter braakii,CAG-1024 sp000432015
rep749_seed2774	UBA7160 sp900757145,MGYG000001583,UMGS1783 sp900555065,Klebsiella pneumoniae,Scardovia wiggsiae,Blautia_A schinkii,MGYG000002182,MGYG000001858,UMGS1872 sp900549475,MGYG000000761,Prevotella hominis,Paramuribaculum sp001689535,ER4 sp900552015,Stomatobaculum naviforme,Paraclostridium bifermentans,Streptococcus rubneri,Prevotella sp900540375,Emergencia sp900066695,Alistipes timonensis,CAG-103 sp900757655,F23-B02 sp000431075,Prevotella brunnea,Selenomonas_A sp900769615,Merdibacter sp900759455,RUG806 sp900313475,Turicibacter sp001543345,UMGS1537 sp900543695,MGYG000000818,Prevotella sp900553155,F082 sp900769945,Streptococcus sp001556435,Gemmiger qucibialis,Dysosmobacter sp900551885,Streptococcus sp900546335,UMGS929 sp900546875,MGYG000000711,Eubacterium_R sp000434995,CAG-110 sp900546075,Prevotella amnii,MGYG000003167,Odoribacter splanchnicus,UMGS1387 sp900551295,QALS01 sp900555925,Bulleidia sp900539965,Barnesiella sp003150885,MGYG000004650
rep750_seed2775	Lactonifactor sp009677585,Ruminococcus_C callidus,Prevotellamassilia sp900556465,Prevotella sp002251295,Collinsella sp900552295,Dialister sp900759415,CAG-83 sp900313295,MGYG000002828,MGYG000003770,MGYG000002215,MGYG000004845,Negativibacillus sp000435195,MGYG000003441,UMGS1241 sp900549955,CAG-115 sp002492075,Lawsonibacter sp000177015,Bacteroides caccae,MGYG000002694,Rubneribacter badeniensis,UMGS902 sp900546635,Fusobacterium_C necrophorum,Enterocloster asparagiformis,MGYG000000630,MGYG000002797,MGYG000004123,MGYG000000688,UMGS966 sp900761965,Collinsella sp900542305,Prevotella sp900553595,MGYG000004722,MGYG000000380,Weissella viridescens,Firm-11 sp900540045,MGYG000004839,MGYG000000759,UBA866 sp900543295,CAG-873 sp900555715,Collinsella sp900553935,CAG-302 sp900548425,MGYG000003894,Streptococcus lutetiensis,Eisenbergiella tayi,MGYG000001775,Pauljensenia sp001838165,Streptococcus koreensis,MGYG000004749
rep751_seed2776	Collinsella sp003469205,Prevotella sp900543585,MGYG000003850,MGYG000000746,Slackia_A piriformis,Pseudoflavonifractor capillosus,MGYG000000359,MGYG000004462,Kosakonia cowanii,MGYG000001811,MGYG000004575,Lactobacillus paragasseri,UBA644 sp002299265,MGYG000003887,MGYG000004774,CAG-83 sp000435555,UBA1409 sp002338885,Acidaminococcus sp900538365,CAG-462 sp900291465,Coprococcus sp900548315,MGYG000003915,UBA11774 sp003507655,MGYG000003305,Phocaeicola plebeius_A,Harryflintia acetispora,Bacteroides congonensis,Ruminococcus_E bromii_B,Bacteroides sp902388495,MGYG000001969,UBA9502 sp003480315,UMGS1307 sp900550505,CAG-194 sp000432915,Pauljensenia sp900554605,UBA738 sp004557735,Pseudoflavonifractor sp014287675,CAG-269 sp900552555,MGYG000002843,Prevotella sp900544825,CAG-590 sp900552885,MGYG000001727,MGYG000002683,UMGS1293 sp900550385,Collinsella sp900551665,Blautia sp002161285,Salinicola tamaricis,UBA644 sp900547165
rep752_seed2777	Phocaeicola coprocola,MGYG000000547,F082 sp002633315,UBA1740 sp900767415,MGYG000004874,Collinsella sp900545605,Allisonella histaminiformans,Ruthenibacterium sp900546885,Acutalibacter sp000432995,Anaerostipes caccae,Enterocloster clostridioformis_A,MGYG000004829,Gemella morbillorum,Alistipes sp902363575,Anaerosporobacter mobilis,Erysipelatoclostridium saccharogumia,Salmonella enterica,CAG-485 sp900555915,Collinsella sp900754525,MGYG000000474,Collinsella bouchesdurhonensis,Blautia hominis,QAKW01 sp003343605,Veillonella sp009929605,MGYG000002053,MGYG000002758,Blautia_A sp000285855,Blautia_A wexlerae_A,MGYG000000862,MGYG000004042,Bilophila wadsworthia,Clostridium neonatale,MGYG000004443,UBA7173 sp900540205,Roseburia sp900552665,Coprococcus sp900066115,CAG-170 sp003516765,MGYG000002025,MGYG000002881,Butyricimonas sp003479425,Bacteroides graminisolvens,Faecalicoccus sp900546545,Collinsella sp902363125,UMGS1696 sp900753285,Yersinia frederiksenii_C,Lawsonibacter sp900764755
rep753_seed2778	Collinsella sp900542905,CAG-103 sp900757655,Lawsonibacter sp900763995,Marvinbryantia sp900544685,Prevotella sp900548745,Blautia_A hydrogenotrophica,Collinsella sp900765115,MGYG000002005,MGYG000002122,MGYG000004722,Collinsella sp900541285,CAG-110 sp900546915,UMGS1441 sp900543365,Zag1 sp000438175,Collinsella sp900757495,MGYG000001969,Collinsella sp900765185,Haemophilus_D pittmaniae,Eubacterium_R sp900555015,MGYG000001106,Massilimaliae sp900752435,MGYG000004839,Ruthenibacterium lactatiformans,Alistipes_A sp900546005,Lactococcus garvieae,UMGS911 sp900545935,Prevotella sp900769275,Streptococcus sp900555155,MGYG000004559,Alistipes sp000434235,Lachnospira sp900316325,Clostridium sp900540255,MGYG000000795,UBA1777 sp003150355,Anaerosacchariphilus sp014290175,MGYG000003907,Bacteroides ndongoniae,Catenibacterium sp900540665,MGYG000004169,Bacteroides sp902388495,UBA9502 sp003506385,UMGS172 sp900539855,Eisenbergiella sp900539715,Anaerofustis stercorihominis,MGYG000003356,Collinsella aerofaciens_H
rep754_seed2779	MGYG000002090,Enterobacter ludwigii,Alistipes sp900769745,MGYG000004655,CAG-465 sp900554875,Enterocloster asparagiformis,MGYG000004752,CAG-196 sp002102975,Anaerotruncus rubiinfantis,ER4 sp900550165,Holdemanella biformis,Prevotella disiens,UMGS856 sp900760305,MGYG000004035,CAG-110 sp900546075,MGYG000003784,Ruminiclostridium_E siraeum,MGYG000000645,CAG-83 sp900549395,Collinsella sp900547125,Alistipes_A sp900545315,MGYG000004075,Limosilactobacillus reuteri_E,Eggerthella lenta,Ruminococcus_A sp003011855,HGM11372 sp900767715,Haemophilus_D pittmaniae,Negativibacillus sp000435195,MGYG000000626,Collinsella sp900541045,Parabacteroides chinchillae,MGYG000003995,Bilophila sp902373525,UMGS1241 sp900540495,Parvimonas sp001553085,Pseudobutyrivibrio fibrisolvens_A,Turicimonas muris,Yersinia intermedia,Bifidobacterium catenulatum,Prevotellamassilia sp900539625,MGYG000002826,Barnesiella sp900538705,Eubacterium_G sp000432355,Prevotellamassilia sp900542795,CAG-873 sp002493945,Akkermansia sp900545155
rep755_seed2780	Neisseria sp000186165,Ruminococcus sp002438605,MGYG000004820,NK3B98 sp900752305,QAKW01 sp003343605,Lachnoclostridium_A edouardi,MGYG000000545,Ruminococcus_E sp900314705,MGYG000004699,MGYG000002881,UBA11517 sp900555365,Enterococcus_A avium,MGYG000002785,Phocaeicola sp900546645,Blautia_A sp900551465,Phascolarctobacterium sp900544795,CAG-354 sp900759015,UMGS1696 sp900763885,UBA5446 sp900545405,MGYG000003776,CAG-110 sp900548795,Olsenella_E timonensis,RQCD01 sp008668455,MGYG000003716,Barnesiella sp900542255,Barnesiella sp003150885,Collinsella sp900552155,CAG-95 sp900066375,UMGS731 sp900544985,UBA5905 sp004558485,RC9 sp900541925,Absicoccus sp000434355,Enterocloster sp900540675,Peptoniphilus_A senegalensis,UBA7160 sp902363135,Rothia sp902373285,UMGS973 sp900547295,UBA9502 sp003481825,F23-B02 sp900556535,MGYG000002148,UMGS1994 sp900553945,CAG-776 sp900758895,MGYG000000680,UMGS856 sp900760305,Lawsonibacter sp900763995,UMGS1858 sp900555705
rep756_seed2781	Faecalibacterium prausnitzii_J,MGYG000003855,SFDP01 sp004558185,Haemophilus sp002998595,Mediterraneibacter lactaris,NK4A136 sp002314855,MGYG000002575,CAG-245 sp000435175,MGYG000001873,Prevotella lascolaii,MGYG000003211,MGYG000004689,MGYG000000403,Dysgonomonas capnocytophagoides,MGYG000000682,CAG-632 sp002406015,CAG-841 sp900544285,NK3B98 sp900752305,Robinsoniella sp900540475,Acetatifactor sp003447295,Enterocloster aldenensis,Collinsella sp900541145,Blautia stercoris,Phascolarctobacterium_A sp900552855,Collinsella sp000434535,MGYG000002041,UMGS1883 sp900763305,MGYG000003323,Alistipes_A ihumii,Porphyromonas_A somerae,MGYG000004609,MGYG000003045,Pygmaiobacter massiliensis,Phocaeicola sp900540105,Butyrivibrio_A sp900768755,UMGS268 sp900540175,Criibacterium bergeronii,Fusobacterium_A ulcerans,MGYG000003322,Bacteroides cellulosilyticus,MGYG000000433,Paraclostridium tenue,CAG-582 sp900760845,MGYG000004559,MGYG000003005,Prevotella sp900770395
rep757_seed2782	Collinsella sp900541195,UMGS1696 sp900554225,CAG-272 sp900556615,Bifidobacterium sp900551485,Alistipes timonensis,Enterocloster sp005845215,Clostridium_J ihumii,UMGS1781 sp900554635,Clostridium paraputrificum,Garciella sp900555725,Aneurinibacillus aneurinilyticus,CAG-632 sp000431515,Bacteroides congonensis,Butyricimonas sp003479425,CAG-95 sp900554925,Barnesiella sp900538705,CAG-603 sp900066105,Paramuribaculum sp009775605,Holdemania filiformis,Lactobacillus gasseri,Bacteroides acidifaciens,Yokenella regensburgei,CAG-115 sp003507295,MGYG000001862,MGYG000003850,CAG-83 sp900547745,CAG-488 sp900539465,OF09-33XD sp003481995,MGYG000002256,UBA1191 sp900066305,CAG-83 sp900313295,F23-B02 sp004553495,UMGS577 sp900543525,Acutalibacter sp000432995,MGYG000002685,Prevotella sp900552965,UBA737 sp900547305,AM51-8 sp900761925,Blautia_A sp900553515,TF01-11 sp003524945,UBA1740 sp900767415,MGYG000004689,MGYG000004768,MGYG000002085,Prevotella sp900549175,UBA1822 sp900545365
rep758_seed2783	MGYG000003509,Enterocloster sp900770345,Sutterella wadsworthensis_A,CAG-873 sp009775195,MGYG000004572,Veillonella sp900556785,Bacteroides neonati,Ruminococcus_B sp900544395,Peptococcus niger,Faecalicoccus sp900546545,Paraeggerthella hongkongensis_A,Phocaeicola sp000436795,CAG-488 sp000434055,Eubacterium_I sp900066595,MGYG000004398,F23-B02 sp900556535,UBA1390 sp900764045,Prevotella sp000436695,MGYG000004421,UMGS1872 sp900549475,Haemophilus_D parainfluenzae_L,Collinsella sp900556445,Collinsella sp900544235,MGYG000002697,Eisenbergiella massiliensis,Mediterraneibacter torques,Peptostreptococcus anaerobius,Firm-11 sp900548145,UMGS268 sp900540705,Roseburia sp900756925,Lactobacillus gasseri,MGYG000000450,CAG-110 sp000435995,Collinsella sp900762015,UMGS1865 sp900768535,Collinsella sp900541015,CAG-390 sp003523225,Bifidobacterium ruminantium,Sutterella wadsworthensis,CAG-617 sp900553285,CAG-110 sp900544405,UMGS1537 sp900552695,Ruminococcus_D sp900539095,Collinsella sp900542325,Alistipes sp900760675,UBA4644 sp900555855
rep759_seed2784	MGYG000001873,Gemmiger sp900548355,Prevotella sp900313215,UMGS1484 sp902388225,CAG-110 sp900546415,MGYG000003799,CAG-83 sp000435975,MGYG000003060,Slackia_A sp900553775,Lysinibacillus fusiformis_D,Prevotella jejuni,Prevotella sp000434975,Beduini massiliensis,Ruminococcus_E sp900314705,MGYG000003773,MGYG000003900,Anaerosacchariphilus sp014290175,Eubacterium_G sp900548465,MGYG000000609,Veillonella_A seminalis,MGYG000000411,MGYG000004849,Cetobacterium_A sp900766645,Frisingicoccus sp900753685,Schaedlerella sp900765975,Collinsella aerofaciens_G,MGYG000002179,Enterobacter hormaechei_A,Anaerococcus sp900550345,Garciella sp900555725,Peptoniphilus_A sp900538655,MGYG000004411,MGYG000001792,MGYG000002692,Catenibacillus sp900557175,MGYG000000545,UBA6382 sp900557555,Coprobacter fastidiosus,SFEL01 sp004557245,Oribacterium sinus,Collinsella sp900541145,UBA5416 sp900539175,Anaerotignum faecicola,Collinsella sp900757385,Dialister sp900545785,Enterobacter cloacae_O
rep760_seed2785	Lachnoclostridium_B sp900543315,Holdemanella sp003436425,Ruminococcus_D sp900543145,Christensenella timonensis,Intestinimonas butyriciproducens,CAG-488 sp000434055,MGYG000003913,HGM13862 sp900760825,Collinsella sp900542905,MGYG000004775,MGYG000004741,Faecalibacterium sp900765105,MGYG000002064,UMGS1670 sp900546215,MGYG000003977,MGYG000003994,UMGS1279 sp900761625,MGYG000001840,Porphyromonas uenonis_A,SFDB01 sp004558825,Phascolarctobacterium_A sp900541915,MGYG000003900,Bifidobacterium italicum,Collinsella sp900541195,Phocaeicola sp900542985,MGYG000001994,Lacticaseibacillus paracasei,MGYG000002758,Ligilactobacillus murinus,Rothia sp001808955,CAG-822 sp000432855,Blautia_A sp900541985,Campylobacter_B sp900539505,Collinsella sp900549535,CAG-115 sp003531585,CAG-485 sp900760735,MGYG000002627,MGYG000002216,Citrobacter_A sedlakii,Fusobacterium_A varium_A,UBA1390 sp002305315,RC9 sp000435075,MGYG000003021,Morganella morganii_B,RC9 sp900769905,MGYG000004009
rep761_seed2786	CAG-317 sp900543415,MGYG000001666,Bittarella massiliensis,CAG-196 sp900549855,Butyrivibrio_A sp000431815,Yersinia bercovieri,MGYG000002705,Robinsoniella sp900540475,MGYG000004901,Prevotella stercorea,Alloscardovia omnicolens,MGYG000002828,Prevotellamassilia sp900543155,MGYG000002213,Acidaminococcus provencensis,MGYG000004697,MGYG000002712,Porphyromonas_A somerae,Leminorella grimontii,Tidjanibacter inops_A,CAG-793 sp000433915,Haemophilus_D parainfluenzae_N,MGYG000001195,Phocaeicola coprophilus,Streptococcus parasanguinis,MGYG000004646,Turicibacter sanguinis,MGYG000000630,Collinsella sp900760325,MGYG000004366,Bacillus_A luti,Collinsella sp900549215,Collinsella sp900754385,Haemophilus_D parainfluenzae,ER4 sp900550165,UMGS1537 sp900552695,Prevotellamassilia sp900772575,HGM11616 sp900761075,MGYG000002151,MGYG000000298,Prevotella sp900770845,MGYG000002017,MGYG000004882,Clostridium_J sp000821305,Prevotella sp900317685,MGYG000000625
rep762_seed2787	Massilistercora timonensis,Enteroscipio rubneri,Collinsella sp900545555,Collinsella sp900551605,Odoribacter sp900541415,MGYG000002178,MGYG000000761,Parabacteroides chinchillae,UMGS973 sp900547295,Blautia_A sp003474435,Enterobacter cloacae_K,MGYG000001205,CAG-56 sp900539525,HGM11521 sp900751885,MGYG000000432,Succinivibrio sp900548485,Coprobacter secundus,Lactobacillus iners,Anaerotruncus massiliensis,MGYG000004445,Bacteroides sp014385165,CAG-475 sp900763875,CAG-274 sp000432155,Clostridium_A leptum,Desulfovibrio fairfieldensis,UBA1394 sp900066845,Bifidobacterium animalis,MGYG000004495,Pseudomonas_E bubulae,HGM11575 sp900754775,Pseudomonas_E putida_P,Prevotella jejuni,Clostridium sp900769625,MGYG000000588,MGYG000003969,Bacteroides togonis,Eubacterium maltosivorans,UBA5905 sp002437905,Bifidobacterium pullorum,Bifidobacterium gallinarum,Pantoea agglomerans,Campylobacter_A concisus,MGYG000003994,Dialister sp900541485,Ruminococcus_C callidus,Desulfovibrio piger
rep763_seed2788	UMGS902 sp003343845,Enterocloster clostridioformis,MGYG000002210,CAG-269 sp001916055,Fusobacterium_C necrophorum,Acutalibacter sp900543305,DTU089 sp002440045,UMGS905 sp900540085,SFDP01 sp900770785,Johnsonella sp900766185,Eubacterium limosum,Serratia surfactantfaciens,CAG-762 sp000432575,Streptococcus oralis,CAG-110 sp900770015,Lawsonibacter sp900549405,Yersinia kristensenii,Lawsonibacter sp014287875,RUG472 sp900545265,Muribaculum sp002473395,MGYG000004103,UBA1777 sp900547315,CAG-110 sp000435995,Eubacterium_R sp900542875,HGM12669 sp900761935,Catenibacterium sp000437715,Rubneribacter badeniensis,CAG-451 sp000438295,QAMM01 sp900762715,Coprobacter sp900545915,UBA1191 sp900549125,UMGS911 sp900546695,MGYG000002219,MGYG000002732,Clostridium_AQ sp003481775,MGYG000000474,Alistipes sp902363575,Evtepia sp004554585,MGYG000001813,Streptococcus sp900550895,CAG-557 sp000435275,CAG-776 sp900758895,Cetobacterium_A sp900766645,Eisenbergiella sp900544445,F23-B02 sp000431075,Rothia mucilaginosa_A
rep764_seed2789	Eubacterium_R sp900539165,MGYG000001137,CAG-83 sp000435975,Dialister sp900541485,Anaeromassilibacillus sp001305115,F23-B02 sp900545805,Parasutterella sp900554375,MGYG000002204,Emergencia sp900066695,Allisonella pneumosintes,MGYG000000400,Enterobacter kobei,Eubacterium_R sp000436835,Prevotella bivia,CAG-313 sp000433035,MGYG000000512,An181 sp002160325,Enterocloster sp900555905,MGYG000004894,MGYG000000346,Collinsella sp900754275,MGYG000002650,Prevotella sp900553465,CAG-762 sp000432575,Bacteroides cutis,CAG-317 sp000433215,COE1 sp900753305,SFFH01 sp900542445,Enterococcus_B lactis,Enterocloster sp900770345,MGYG000003839,UMGS2016 sp900557185,MGYG000003867,Roseburia sp900552665,Arabia massiliensis,Ruminococcus_E sp900314705,UMGS75 sp900538885,Collinsella sp900541665,Dysosmobacter sp001916835,Lawsonella clevelandensis,Varibaculum timonense,UBA1820 sp002314265,Collinsella sp900545835,Enterocloster sp900543885,Zag1 sp000438175,Collinsella sp900544865
rep765_seed2790	Faecalicoccus sp900546545,UMGS856 sp900546265,Prevotella sp900546575,MGYG000001142,MGYG000002654,Clostridium celatum,Blautia_A sp900066505,Faecalimonas sp000209385,Eubacterium_G sp000432355,MGYG000002785,MGYG000003061,CAG-877 sp900554305,Amedibacillus dolichus,Actinomyces graevenitzii,UMGS1491 sp900757335,CAG-632 sp002406015,Ruminococcus_E bromii_B,Enterocloster sp900551225,Lactobacillus hominis,MGYG000003294,UMGS1872 sp902373635,Morganella morganii_A,CAG-492 sp900557195,UBA644 sp900547165,MGYG000004628,MGYG000002151,UMGS902 sp900546635,MGYG000004411,MGYG000003167,Zag1 sp900769355,Lachnospira sp003537285,Romboutsia dakarensis,TM7x sp900556885,Collinsella sp900550185,CAG-628 sp003524085,Coprococcus_A catus,Bacteroides fluxus,Eubacterium_R sp000434995,Haemophilus_D parainfluenzae_M,Prevotella sp900551985,MGYG000004095,Sneathia amnii,CAG-269 sp900556345,Neisseria gonorrhoeae,UBA7182 sp003481535,UBA11471 sp900547555
rep766_seed2791	Enterocloster aldenensis,Bacilliculturomica massiliensis,MGYG000002610,MGYG000004876,Acetivibrio_A ethanolgignens,Enterococcus_B faecium,MGYG000000688,MGYG000000728,MGYG000002754,Serratia ureilytica,CAG-45 sp000438375,MGYG000001195,Gemella morbillorum,CAG-724 sp900551005,Escherichia fergusonii,RUG472 sp900545265,Anaerococcus hydrogenalis,Muribaculum sp002492595,CAG-279 sp900548875,UMGS1839 sp900555545,CAG-269 sp003525075,UMGS1933 sp900772235,UBA5026 sp900557305,MGYG000000739,GCA-900066495 sp902362365,MGYG000004233,Bacteroides sp002491635,Citrobacter braakii,Bacteroides sp900547205,MGYG000002732,MGYG000003800,Alistipes sp900768045,UBA3388 sp002358835,ER4 sp900550165,MGYG000001811,Evtepia sp004556345,MGYG000002654,TM7x sp900557595,Phocaeicola sartorii,UBA1691 sp900549825,MGYG000001832,Prevotella sp900548745,Odoribacter splanchnicus,MGYG000004699,Prevotella sp002480935,Ruminococcus_A sp003011855
rep767_seed2792	Paramuribaculum sp009775605,Acutalibacter sp900543305,Eggerthella lenta,Megasphaera sp902388315,Ruminococcus_B gnavus,HGM12587 sp900766915,Alistipes sp902363575,MGYG000004782,Collinsella bouchesdurhonensis,MGYG000002076,Coprobacter fastidiosus,Bacteroides xylanisolvens,Streptococcus sp000187445,Absicoccus sp000434355,UBA1822 sp900545365,Clostridioides difficile,MGYG000002708,UBA738 sp900763675,Christensenella minuta,Butyrivibrio_A sp000431815,Fusicatenibacter sp900543115,MGYG000002745,Escherichia marmotae,MGYG000004229,CAG-485 sp900760815,UBA4372 sp900543815,Streptococcus sp900546335,Longibaculum muris,CAG-180 sp000432435,Klebsiella_A oxytoca,Yersinia enterocolitica,Enterocloster clostridioformis_A,Weissella cibaria,CAG-56 sp900762665,Lachnospira sp000437735,CAG-631 sp900754115,Mixta calida,MGYG000004159,MGYG000000688,MGYG000004112,MGYG000003778,Campylobacter_A concisus_P,MGYG000003441,Lactobacillus kalixensis,Faecalibacterium sp900539945,Campylobacter_A concisus_L
rep768_seed2793	Ruminococcus_C sp000437175,MGYG000002076,Streptococcus gordonii,Phocaeicola sp900553185,Lachnospira sp000436535,Ruthenibacterium lactatiformans,Gemmiger sp900540775,MGYG000000625,UMGS1071 sp900541905,MGYG000003994,CAG-460 sp900546715,Catenibacterium sp900764725,Prevotella sp004556065,MGYG000001873,Serratia marcescens_I,ER4 sp900546295,Prevotella multisaccharivorax,Proteus sp003144505,MGYG000001994,CAG-110 sp900553805,SFMI01 sp004556155,MGYG000004700,Salinicola tamaricis,Odoribacter massiliensis,UBA5905 sp900764115,MGYG000000736,UMGS1933 sp900772235,Evtepia gabavorous,CAG-180 sp000432435,MGYG000001205,Streptococcus mitis,Coprococcus eutactus_A,Bacteroides sp900555635,BX12 sp902363595,UBA1409 sp900760125,Sneathia amnii,MGYG000000680,UMGS1633 sp900553645,Alistipes timonensis,UMGS1004 sp900761685,Criibacterium bergeronii,UBA1691 sp900552985,UBA9502 sp900538475,UBA7173 sp900555165,MGYG000003842,MGYG000000350
rep769_seed2794	Prevotella sp900315955,GCA-900066495 sp902362365,Clostridium butyricum,Ruminococcus_E bromii_B,Blautia_A obeum,MGYG000000361,Fusicatenibacter sp900543115,Acidaminococcus provencensis,CAG-488 sp900539465,UMGS75 sp900538885,Cedecea davisae,Ezakiella sp900540185,Blautia_A obeum_B,MGYG000003698,CAG-170 sp900555665,MGYG000003980,Caecibacter sp003467125,MGYG000002122,Collinsella sp900549025,Collinsella aerofaciens_E,MGYG000004604,UBA3818 sp900557155,MGYG000003950,Parabacteroides sp014287585,MGYG000003212,Sutterella seckii_A,Alterileibacterium massiliense,Mediterraneibacter sp900752395,Paramuribaculum sp001689535,Ruminococcus_E sp900314705,UBA737 sp900547305,Intestinimonas massiliensis,Prevotella oralis,UBA636 sp900546285,MGYG000001205,CAG-882 sp000435595,HGM05232 sp900759955,Prevotella sp900556825,QALS01 sp900552625,Collinsella aerofaciens_F,Clostridioides difficile,Prevotella sp000436595,MGYG000003867,MGYG000002708,Lachnospira eligens_A,MGYG000001582
rep770_seed2795	Acetatifactor sp900772845,Rothia mucilaginosa_A,Lactobacillus paragasseri,MGYG000002213,UMGS1537 sp900761045,Faecalicoccus sp900546545,Intestinibacter bartlettii,CAG-411 sp000437275,CAG-110 sp900547405,MGYG000001632,Paramuribaculum sp900759915,Mediterraneibacter sp900555215,UMGS1518 sp900552575,Collinsella sp900759335,MGYG000002170,Collinsella sp003471585,UMGS1591 sp900553255,Alistipes dispar,HGM14224 sp900761905,Haemophilus_D sp900756155,MGYG000002730,UBA1777 sp900549645,Collinsella sp900546455,RC9 sp900545245,Eubacterium_I sp900557275,Streptococcus sp004166885,Dysosmobacter sp900763685,MGYG000004027,Dialister sp900538805,CAG-485 sp900541835,Hydrogeniiclostridium sp900550095,CAG-317 sp900543415,Allisonella pneumosintes,UMGS1600 sp900553315,MGYG000004669,Collinsella sp900547345,Bifidobacterium animalis,Citrobacter freundii,CAG-354 sp900553015,UBA737 sp900549055,NSJ-61 sp003433845,Prevotella sp900315955,Enterobacter cloacae_K,MGYG000000709,Collinsella sp900757205,CAG-83 sp900545585
rep771_seed2796	Enterocloster bolteae,Finegoldia magna_F,Gabonibacter sp900543425,Prevotella sp000431975,MGYG000003071,Massiliomicrobiota sp002160865,Alistipes sp900546065,Fusobacterium periodonticum_B,Clostridium_B tyrobutyricum,Methanobrevibacter_A sp900766745,Collinsella sp900762015,Mailhella sp900553065,Clostridium_Q symbiosum,CAG-631 sp900762575,MGYG000003788,Stoquefichus massiliensis,Frisingicoccus caecimuris,Phocaeicola dorei,Porphyromonas uenonis,Streptococcus anginosus_C,Collinsella sp900550835,Collinsella sp900542965,Rothia mucilaginosa_A,Veillonella sp900552445,MGYG000000387,CAG-269 sp001916065,MGYG000001969,MGYG000004558,Anaerosporobacter mobilis,Ligilactobacillus salivarius,MGYG000004364,UMGS403 sp900541975,MGYG000001736,Escherichia sp000208585,Scardovia wiggsiae,Prevotella sp000434975,CAG-103 sp000432375,Enterocloster citroniae,Bacteroides massiliensis_A,Akkermansia sp004167605,MGYG000000557,Fusobacterium_B sp900542625,Anaerostipes rhamnosivorans,UBA1394 sp900554975,MGYG000004807,UBA737 sp900543215
rep772_seed2797	Collinsella sp900553705,Ruminococcus_E sp002493635,Morganella morganii_A,UBA7185 sp900756555,Streptococcus agalactiae,CAG-831 sp900544175,MGYG000001048,MGYG000004325,Clostridium_B sp902809985,Pseudomonas aeruginosa,MGYG000004161,Evtepia sp004554585,UMGS1293 sp900550385,Collinsella sp900554325,Lachnoanaerobaculum umeaense,UBA4716 sp900556575,Desulfovibrio sp900540515,CAG-1427 sp900553605,MGYG000003256,F0040 sp000318095,CAG-238 sp000435615,CAG-724 sp900551005,Fusobacterium nucleatum_E,UBA11512 sp003522145,CAG-269 sp900551615,CAG-313 sp900539265,MGYG000002585,UBA737 sp900754145,Eisenbergiella sp003478085,HGM11521 sp900751885,MGYG000000721,MGYG000004219,MGYG000003356,Bacteroides acidifaciens,RC9 sp000432515,Slackia_A sp900555495,Collinsella sp900549715,Ruminococcus_D sp000434695,Phocaeicola mediterraneensis,Prevotella sp002251295,MGYG000003045,MGYG000004235,UBA1829 sp900760615,UBA1777 sp900549645,Muricomes sp000509105,UMGS2016 sp900557185
rep773_seed2798	MGYG000000390,Intestinimonas butyriciproducens,MGYG000001813,CAG-279 sp000437795,Ruminococcus_C sp000980705,Christensenella minuta,Lachnoclostridium_B sp900066765,MGYG000004630,Streptococcus peroris,MGYG000004210,UBA1234 sp900765095,Acetatifactor sp900766575,UBA9502 sp003481825,Collinsella sp900541145,Phoenicibacter congonensis,Hafnia alvei,MGYG000002705,V9D3004 sp900760345,Enorma sp900751795,UMGS1537 sp900543695,Collinsella sp900549455,Bacteroides sp900761785,Paramuribaculum sp900759835,Prevotella sp004556065,UBA1752 sp900554405,UBA1191 sp900542385,UBA4372 sp900543815,MGYG000004885,MGYG000004870,Alistipes sp900769405,HGM11530 sp900751685,MGYG000002708,Megasphaera stantonii,Firm-11 sp900540045,Evtepia sp004556345,Bittarella massiliensis,MGYG000004822,Holdemania filiformis,MGYG000001954,UBA1191 sp900545775,CAG-349 sp003539515,Succinivibrio sp900548485,Marseille-P3106 sp900169975,Collinsella sp003437035,Prevotella sp900553965,Anaerobutyricum hallii
rep774_seed2799	Lacrimispora sp000526575,Limosilactobacillus caviae,Butyricicoccus pullicaecorum,Prevotella sp900553465,Blautia hominis,MGYG000004608,MGYG000001679,MGYG000004750,Anaerococcus sp900550345,Pradoshia sp001183965,HGM11525 sp900770405,Roseburia hominis,Enteroscipio rubneri,Prevotella sp900315955,Muricomes contortus_B,UMGS75 sp900538885,Phocaeicola salanitronis,CAG-831 sp900771335,Paramuribaculum sp900760855,Mailhella sp900555975,Paramuribaculum sp009775605,Collinsella sp900551655,Collinsella sp900540855,Limosilactobacillus timonensis,Paraprevotella sp900546665,Phascolarctobacterium_A sp900553055,Eubacterium limosum,UBA940 sp900768115,Clostridium sp000435835,Lawsonibacter sp900553135,Escherichia sp000208585,Parabacteroides sp900549585,Eubacterium_T sp900766045,Bacteroides caccae,Akkermansia sp001580195,Robinsoniella peoriensis,Sneathia amnii,Coprococcus sp000154245,Alistipes_A sp900539755,Amulumruptor caecigallinarius,UMGS1872 sp900555795,UMGS1397 sp900761355,Collinsella aerofaciens_E,Bacteroides acidifaciens,UBA2882 sp900549665,Anaerotruncus colihominis
rep775_seed2800	Eubacterium maltosivorans,Ralstonia pickettii,Butyricimonas faecalis,MGYG000002657,Agathobaculum sp900544475,Dialister invisus,MGYG000000474,Bacteroides caccae,Butyrivibrio_A sp900768755,Dysosmobacter sp900551885,Adlercreutzia celatus_A,UMGS403 sp900540865,Finegoldia magna,UBA3388 sp002358835,MGYG000004430,MGYG000000682,RUG572 sp900771305,Collinsella sp900549025,UMGS1397 sp900761355,MGYG000004154,V9D3004 sp002349525,Collinsella sp900544465,MGYG000002063,MGYG000000398,MGYG000004503,Agathobacter sp900550545,Prevotella sp900553465,MGYG000002035,Holdemanella sp900754615,UBA1409 sp002338885,MGYG000002122,Collinsella sp900549215,Enterobacter chengduensis,MGYG000000934,CAG-145 sp900545135,Holdemanella sp002299315,Lawsonibacter sp900553135,Christensenella timonensis,Dysgonomonas capnocytophagoides,Ruminiclostridium_E sp900539195,UMGS1603 sp900553265,MGYG000002198,Bacteroides gallinarum,MGYG000004884,Gemmiger sp900545545,Dialister sp900759415
rep776_seed2801	Ruminococcus_E sp900755995,Prevotella buccalis,MGYG000002151,MGYG000000387,V9D3004 sp002349525,MGYG000000390,Aneurinibacillus aneurinilyticus,Prevotella melaninogenica,MGYG000004873,Anaerostipes hadrus,BX12 sp902363595,Fusicatenibacter sp900772675,UBA5394 sp003150565,MGYG000004423,CAG-349 sp003539515,RC9 sp000434935,MGYG000003211,CAAEEV01 sp900754955,CAG-590 sp000431135,MGYG000002179,MGYG000003842,Collinsella sp900759565,Paraprevotella sp900760455,Catenibacterium mitsuokai,CAG-83 sp000431575,MGYG000004035,Negativibacillus massiliensis,Epilithonimonas bovis,MGYG000003970,Eubacterium_R sp000433975,UMGS599 sp900543705,UBA2856 sp900555005,Blautia_A sp900551075,MGYG000000378,Peptoniphilus_A lacydonensis,MGYG000004756,Prevotella sp000436595,Phocaeicola sp900066455,UBA7160 sp902363665,MGYG000002705,Clostridium beijerinckii,Weizmannia coagulans,Acutalibacter sp900759575,Dialister sp900543455,Mediterraneibacter sp900751785,Evtepia sp004554585
rep777_seed2802	S5-A14a sp000758905,Lawsonibacter sp900066825,Streptococcus sp000411475,MGYG000002769,Peptoniphilus_C sp902363535,Collinsella sp900541475,MGYG000003876,Lawsonibacter sp000177015,Prevotella sp002480935,MGYG000000699,NK3B98 sp900758315,Veillonella dispar,Ruminococcus_E sp003438075,Lactobacillus kalixensis,Methanosphaera sp900322125,MGYG000004436,MGYG000004139,MGYG000000403,Pantoea agglomerans,Enterococcus_B lactis,MGYG000000658,Prevotella sp900771975,MGYG000003955,UBA738 sp004557735,Sporanaerobacter acetigenes,Morganella morganii_B,ER4 sp900317525,Prevotella sp900317685,CAG-877 sp900753325,Lachnospira sp900545725,UBA1711 sp900771365,Enterobacter cloacae,Sutterella parvirubra,Collinsella sp900549345,MGYG000002657,Haemophilus_A sputorum,Phocaeicola sp002161765,Campylobacter_B hominis,CAG-194 sp000432915,Extibacter hylemonae,CAG-115 sp900768705,UMGS1623 sp900553525,SFMI01 sp004556155,Lachnoclostridium phytofermentans_A,UBA9506 sp003506415,Prevotella sp900315955
rep778_seed2803	MGYG000004098,Prevotella sp900769275,Collinsella intestinalis,Enterococcus_A raffinosus,Blautia_A sp003477525,Gemmiger sp900548355,CAG-110 sp003525905,MGYG000003778,MGYG000000860,Marseille-P3106 sp900169975,Butyrivibrio_A sp900768755,Phascolarctobacterium sp900545535,Acetatifactor sp900772845,Campylobacter_A concisus_F,Raoultibacter timonensis,CAG-196 sp900553895,MGYG000003910,CAG-390 sp000437015,Anaerocolumna aminovalerica,Collinsella sp900757265,UMGS1052 sp900548115,CAG-170 sp900553545,MGYG000002064,Anaerococcus sp900258475,MGYG000000403,MGYG000001780,Rothia mucilaginosa_A,Phascolarctobacterium_A sp900551335,Prevotella sp900548535,Acetatifactor sp900066365,Prevotella disiens,Citrobacter portucalensis,UMGS363 sp900543105,UMGS1312 sp900550625,Eisenbergiella sp900550285,Prevotella lascolaii,CAG-762 sp900551315,Odoribacter massiliensis,Phocaeicola sp900544675,MGYG000000450,Streptococcus gordonii,MGYG000003470,CAG-603 sp900066105,CAG-170 sp900548625,Limosilactobacillus vaginalis_A,An92 sp900199495
rep779_seed2804	UMGS856 sp900760305,UMGS1872 sp902373635,Roseburia sp900542495,Fusicatenibacter sp900772675,MGYG000004118,Enterocloster sp900555905,Blautia_A sp003471165,MGYG000002685,Massilimaliae sp900752435,MGYG000004849,MGYG000000621,MGYG000004231,MGYG000001807,CAG-56 sp900539525,Anaerobutyricum soehngenii,UBA1191 sp900543485,Anaerobutyricum hallii,Prevotella sp900547005,Yersinia intermedia,MGYG000000934,F23-B02 sp900545805,Porphyromonas gingivalis,Actinomyces sp900323545,UBA5809 sp002417965,MGYG000001873,Stomatobaculum sp002892395,UMGS882 sp900757905,Klebsiella_A michiganensis,Flavonifractor plautii,MGYG000000637,MGYG000002627,MGYG000000450,Yersinia pestis,CAG-269 sp900556695,Collinsella sp900757285,Leminorella grimontii,Mediterraneibacter faecis,Dialister hominis,QALR01 sp900553085,MGYG000002223,MGYG000004228,Pantoea eucalypti,UBA644 sp900547165,Prevotella hominis,Muribaculum sp002358615,Faecalicoccus sp900546545
rep780_seed2805	Bifidobacterium ruminantium,Eisenbergiella sp900066775,CAG-462 sp003489705,MGYG000000589,MGYG000002182,MGYG000003826,MGYG000004575,CAG-492 sp900557195,Clostridium_Q sp003024715,MGYG000004125,UMGS1840 sp900555525,Acetivibrio_A ethanolgignens,UMGS1696 sp900753285,CAG-110 sp900548795,Finegoldia magna_F,UBA3388 sp900545215,MGYG000004258,MGYG000004506,CAG-390 sp003523225,MGYG000003299,MGYG000004049,Lactobacillus paragasseri,Phascolarctobacterium sp900551745,Prevotellamassilia sp004552865,Anaerosalibacter massiliensis,Haemophilus influenzae,MGYG000003021,Fusobacterium_A sp900543175,Eubacterium_I sp900557275,MGYG000002606,Citrobacter_A sp009363175,CAG-964 sp000435335,Ruminococcus_C sp000980705,Cronobacter malonaticus,Amulumruptor caecigallinarius,Robertmurraya massiliosenegalensis,MGYG000002090,UBA7160 sp900757145,Streptococcus parasanguinis,UMGS1933 sp900772235,Phocaeicola sp900552075,Bacteroides togonis,Anaerobutyricum soehngenii,Mediterraneibacter sp900553885,UMGS1474 sp900547105,Duodenibacillus sp900544255
rep781_seed2806	Lachnospira sp900772425,TM7x sp900556355,Enorma massiliensis,CAG-110 sp900554625,CAG-354 sp900759015,Schaedlerella sp900066545,MGYG000003798,CAG-1427 sp900542525,Lactobacillus gasseri,Gordonibacter pamelaeae,Veillonella parvula_A,Eisenbergiella sp900555195,Dysosmobacter sp004553545,Collinsella aerofaciens_K,F23-B02 sp000431075,Alistipes_A indistinctus,MGYG000004462,MGYG000000450,Lachnoclostridium_B sp900066555,Faecalibacterium prausnitzii_E,CAG-873 sp900755985,Mediterraneibacter torques,MGYG000000693,Eubacterium_R sp900539775,MGYG000003294,Negativibacillus massiliensis,RC9 sp900771005,MGYG000004443,Pseudomonas_E bubulae,MGYG000003707,Paraprevotella sp900548345,Neobacillus rubiinfantis,Clostridium paraputrificum,MGYG000004229,UMGS1820 sp900555375,MGYG000003207,Agathobacter sp900548765,MGYG000003799,MGYG000001952,MGYG000001921,Bifidobacterium catenulatum,HGM13233 sp900762805,F0040 sp900095835,MGYG000002726,Dialister sp900541605,ER4 sp900317525
rep782_seed2807	UBA5905 sp900764115,Prevotella sp900556395,GCA-900066905 sp900066905,MGYG000001952,Alistipes onderdonkii,CAG-83 sp003487665,Moellerella wisconsensis,Parabacteroides sp003473295,MGYG000004630,Collinsella sp900757705,Cedecea davisae,Bacteroides ndongoniae,Collinsella sp900550825,MGYG000000411,Prevotella sp900769275,Akkermansia muciniphila_A,Limosilactobacillus vaginalis,Roseburia intestinalis,MGYG000004231,Haemophilus_A paraphrohaemolyticus,Prevotella bergensis,UBA737 sp900547445,Weizmannia coagulans,MGYG000001195,MGYG000002219,MGYG000000386,MGYG000000334,UBA5446 sp900752445,CAG-103 sp004556965,CAG-628 sp003524085,Haemophilus_D parainfluenzae_M,Flavonifractor plautii,Olsenella_E timonensis,CAG-110 sp000435995,CAG-390 sp003523225,Bacteroides_F pectinophilus,Phocaeicola sp002161565,F23-B02 sp004556755,Mediterraneibacter torques,Haemophilus_D parainfluenzae_N,MGYG000000643,HGM04593 sp900769765,MGYG000001137,UBA7185 sp900556545,MGYG000003839,Acetatifactor sp900772845
rep783_seed2808	MGYG000004209,MGYG000001916,Prevotellamassilia sp900772575,UMGS911 sp003343545,MGYG000004722,Parasutterella excrementihominis,MGYG000003299,Akkermansia sp900545155,CAG-269 sp900554565,Collinsella sp900546115,Eubacterium_R sp900539425,Gemmiger qucibialis,MGYG000002646,Enterocloster sp900543885,QALR01 sp900552255,ER4 sp900552375,Collinsella sp900542965,Prevotella sp002251365,MGYG000002255,Haemophilus_A paraphrohaemolyticus,Haemophilus_D parainfluenzae,MGYG000003418,MGYG000002575,Methanosphaera sp900322125,Coprococcus_A catus,CAG-238 sp900754805,MGYG000004094,UBA5905 sp004558485,MGYG000003941,CAG-81 sp900556965,UBA1409 sp002338885,Acetatifactor sp900772845,Collinsella sp900757385,MGYG000000733,Pseudescherichia sp002298805,Robertmurraya massiliosenegalensis,MGYG000000860,Eubacterium maltosivorans,HGM11808 sp900757025,Prevotella sp900555035,Bifidobacterium catenulatum,MGYG000003833,Actinomyces sp900323545,UMGS1668 sp900768105,Blautia_A sp900541985,MGYG000000752
rep784_seed2809	UBA737 sp900549755,Lachnoclostridium_B sp000765215,Prevotella buccalis,Epilithonimonas bovis,Enterocloster sp900547035,MGYG000000677,Muricomes sp900604355,UMGS1690 sp900554165,CAG-238 sp900542245,Collinsella sp900542315,Bacteroides sp900556215,MGYG000004383,Lachnospira sp000436535,UMGS1820 sp900545865,Faecalimonas sp900550235,Phocaeicola sp002161765,MGYG000001906,Haemophilus_A paraphrohaemolyticus,Prevotella sp900550365,CAG-793 sp000433915,UBA1691 sp002320555,CAG-127 sp900766925,Ruminococcus_E bromii_A,RC9 sp900541925,MGYG000002659,Methanobrevibacter_A smithii,MGYG000004549,MGYG000000763,Pauljensenia turicensis,Rahnella variigena,Paramuribaculum sp900759835,Lachnospira eligens_A,Parabacteroides goldsteinii,Catenibacillus sp900557175,Alistipes sp900544265,Lachnoclostridium_B phocaeensis,Sutterella wadsworthensis_A,Collinsella sp900757235,CAG-83 sp001916855,Collinsella sp900544425,UBA4855 sp900540395,Ruminococcus sp900545125,Blautia_A sp900542045,Lachnoclostridium_A edouardi,MGYG000000566,MGYG000004586
rep785_seed2810	Megamonas hypermegale,UBA1820 sp003150615,Coprobacter fastidiosus,QALR01 sp900552255,MGYG000001284,Lactobacillus gallinarum,Dysosmobacter sp900542115,Lactobacillus crispatus,Phocaeicola ilei,MGYG000001844,Butyricicoccus_A sp002395695,Roseburia sp900756925,MGYG000002659,CAG-724 sp003524145,UMGS1484 sp900552285,Rubneribacter badeniensis,Providencia rettgeri,CAG-495 sp900551585,Anaerococcus sp900258475,MGYG000002613,UBA1417 sp003531055,Yokenella regensburgei,Enterococcus_B lactis,Pradoshia sp001183965,UMGS1994 sp900553945,MGYG000002714,Porphyromonas sp900546675,MGYG000003289,UMGS882 sp003343885,Eubacterium_R sp900539425,UBA945 sp900549675,Eubacterium_F sp000434115,HGM11523 sp900756545,An172 sp002160515,UMGS1668 sp900553955,Peptoniphilus_A senegalensis,MGYG000004367,MGYG000001642,MGYG000002745,MGYG000004863,Collinsella sp900556285,SFMI01 sp004556155,Yersinia frederiksenii_C,Harryflintia acetispora,Lactobacillus amylolyticus,TF01-11 sp001414325
rep786_seed2811	Parabacteroides sp003473295,MGYG000004793,Blautia_A sp003477525,MGYG000004122,CAG-110 sp900554705,MGYG000003212,Lagierella massiliensis,Pseudomonas_E bubulae,Cronobacter sakazakii,Eubacterium_G ventriosum,Clostridium_P perfringens,Veillonella sp900757715,MGYG000000630,UBA10281 sp900556195,V9D3004 sp002349525,UBA4285 sp900542465,Bacteroides gallinarum,Parasutterella sp900554375,Blautia_A sp900066505,Lysinibacillus fusiformis_D,CAG-390 sp000437015,MGYG000004161,Phascolarctobacterium_A sp900553055,Cetobacterium_A sp900766645,Enterocloster sp900770345,Porphyromonas sp900548415,MGYG000004651,Alistipes sp001941065,Anaerococcus jeddahensis,MGYG000003778,Collinsella sp900541045,MGYG000004398,Bacillus_A luti,UMGS1388 sp900551345,Marvinbryantia formatexigens,Prevotella sp002251385,MGYG000004664,UMGS1670 sp900546215,CAG-353 sp900768995,Ruminiclostridium_E sp900556525,Agathobaculum sp003481705,Faecalibacillus sp003480255,MGYG000001994,Phocaeicola sp900546095,MGYG000004366,Beduini massiliensis
rep787_seed2812	Paramuribaculum sp900760855,Dysosmobacter sp900556925,MGYG000000746,Klebsiella_A grimontii,MGYG000004377,MGYG000002714,UMGS1004 sp900761685,HGM11525 sp900770405,Proteus vulgaris,Anaeromassilibacillus sp002159845,UBA1417 sp900549945,Collinsella sp900544115,Sellimonas sp002161525,Paraprevotella sp003477995,Pauljensenia sp000308055,UBA5416 sp900539175,Veillonella tobetsuensis,Blautia_A sp900540785,RC9 sp900546445,Bilophila wadsworthia,Streptococcus infantis_I,UBA10281 sp900767885,UMGS1603 sp900553265,Anaerostipes hadrus_A,UBA3818 sp900557155,Eubacterium_F sp000433735,MGYG000003506,MGYG000002203,MGYG000002219,Phascolarctobacterium faecium,Citrobacter freundii,UBA737 sp900543215,MGYG000004228,Peptoniphilus_B sp000478985,Bacilliculturomica massiliensis,Muricomes sp900604355,MGYG000002901,Blautia_A sp000285855,Phascolarctobacterium_A sp900552855,Fusobacterium polymorphum,MGYG000004662,Limosilactobacillus vaginalis_A,UMGS1865 sp900547725,Collinsella sp003487125,Ruminococcus sp900761275,MGYG000001885
rep788_seed2813	UBA1417 sp002305575,CAG-110 sp900762245,Agathobacter sp900552085,Eubacterium_R sp900542875,Mediterraneibacter faecis,Enterocloster sp900555045,UMGS1518 sp900552575,Enterocloster sp900547035,Coprobacillus cateniformis,MGYG000004477,MGYG000000745,CAG-877 sp900548695,Collinsella sp900550815,MGYG000004366,Sutterella seckii_A,Lacrimispora sp902363735,Eubacterium callanderi,Bifidobacterium ruminantium,V9D3004 sp002349525,MGYG000004169,ER4 sp000765235,AM51-8 sp900546435,Enterobacter roggenkampii,Lactobacillus intestinalis,Mailhella sp900555975,UBA737 sp900547095,Megamonas funiformis,MGYG000000658,CAG-510 sp900550475,Collinsella sp900548365,Pseudescherichia vulneris,Collinsella sp900544865,MGYG000003109,Enterococcus_A raffinosus,HGM13006 sp900757695,MGYG000004310,Acutalibacter sp000432995,UBA1777 sp900549545,Phocaeicola sartorii,Prevotella sp900544825,MGYG000001642,Turicibacter sanguinis,Prevotella sp900556275,UBA738 sp004557735,Ruthenibacterium sp900546885,UBA7102 sp900760085
rep789_seed2814	MGYG000002052,Ruminococcus_A faecicola,CAG-873 sp900550395,Akkermansia muciniphila_C,Enterococcus faecalis,Bifidobacterium ruminantium,Rikenella microfusus,TF01-11 sp003149875,QALR01 sp900542425,HGM11521 sp900751885,Parabacteroides sp900552415,MGYG000001839,Collinsella sp900541205,Firm-11 sp900550955,Holdemania massiliensis,CAG-1427 sp900553605,MGYG000002085,Alistipes communis,Eubacterium_G ventriosum,Blautia coccoides,Eisenbergiella sp900555195,CAG-302 sp900548425,NSJ-63 sp014384805,Lachnoanaerobaculum sp000296385,Eubacterium_R sp900539775,Morganella morganii,Bariatricus massiliensis,Rothia mucilaginosa_A,Butyricicoccus sp900547195,Blautia_A hydrogenotrophica,Streptococcus lutetiensis,Fusobacterium_C necrophorum,Faecalibacterium sp900551435,Agathobaculum sp900557315,MGYG000003296,MGYG000003778,Lachnoanaerobaculum umeaense,MGYG000000346,Yokenella regensburgei,CAG-269 sp900754285,Alistipes_A sp900539755,MGYG000004655,MGYG000001805,Stomatobaculum naviforme,Enterococcus_B durans,Christensenella timonensis
rep790_seed2815	COE1 sp900753305,CAG-196 sp900549855,MGYG000000505,Collinsella sp900544425,MGYG000004646,Eubacterium_G sp900550135,Fusobacterium_B sp900542625,Epilithonimonas bovis,MGYG000003950,MGYG000000348,Lactobacillus iners,Ruminococcus_D bicirculans,Blautia_A sp900066145,CAG-180 sp004556705,UBA5446 sp900546485,Collinsella sp900541015,MGYG000002685,MGYG000002642,MGYG000002046,Phocaeicola ilei,Streptococcus peroris,MGYG000002585,MGYG000002005,CAG-269 sp900754285,UBA1691 sp900544715,1XD42-69 sp014287635,MGYG000001284,Haemophilus_D parainfluenzae_K,Phascolarctobacterium_A sp900541915,Massilimaliae timonensis,Collinsella sp900548565,QAMM01 sp003150405,F23-B02 sp000431075,Campylobacter_A concisus_I,MGYG000003948,UMGS1623 sp900553525,UBA1820 sp002314265,Prevotella sp900770025,Dorea_B phocaeensis,Azonexus sp900549295,MGYG000004710,Prevotella sp002251295,MGYG000003319,Flavonifractor plautii,Enterobacter cloacae_K,MGYG000001780
rep791_seed2816	Porphyromonas sp900538385,Collinsella sp900762015,Ruminococcus_D sp900539835,Cronobacter malonaticus,Phascolarctobacterium_A sp900544885,MGYG000001142,MGYG000002766,Phytobacter ursingii,Collinsella sp900549535,MGYG000003717,Morganella morganii,Veillonella sp900545205,Porphyromonas gingivalis,MGYG000002659,UMGS1491 sp900757335,Collinsella phocaeensis,Emergencia sp900551775,MGYG000004364,MGYG000001958,UBA5446 sp900545405,MGYG000000380,CAG-110 sp900548795,Phytobacter sp002377245,Bariatricus comes,OF09-33XD sp003481995,Veillonella rogosae,HGM11368 sp900772745,Prevotella sp900550365,Ruminococcus_E sp003521625,MGYG000004393,MGYG000000630,UMGS995 sp900547465,Streptococcus infantarius,Acetatifactor sp900066365,CAG-110 sp900549705,UMGS680 sp900544525,UBA1259 sp003523255,HGM12650 sp900761725,SFJ001 sp004555865,MGYG000003915,CAG-873 sp900755985,Odoribacter sp900544025,UBA7597 sp003448195,V9D3004 sp900760345,MGYG000003071,Enterocloster sp900555045
rep792_seed2817	Eubacterium maltosivorans,MGYG000003778,Bacteroides sp900761785,MGYG000001935,Bacteroides sp003545565,NK3B98 sp900545815,MGYG000001879,CAG-170 sp900555665,Prevotella sp003447235,Alistipes sp900542505,CAG-485 sp900767075,CAG-83 sp900313295,Collinsella sp900757265,Clostridium_Q symbiosum,CAG-485 sp900554845,RC9 sp900769905,Alloscardovia omnicolens,UBA5446 sp900544295,Collinsella sp900555555,Veillonella_A seminalis,UMGS692 sp900544545,Collinsella sp900554645,Lawsonibacter sp900553135,CAG-245 sp000434195,Alistipes sp900553175,UMGS1071 sp900541905,Alistipes_A sp900539755,Merdibacter sp900543035,UMGS1225 sp900549725,UBA7173 sp900548705,Pantoea agglomerans,Enterocloster sp900551225,Phascolarctobacterium_A sp900544885,MGYG000001743,MGYG000003871,Coprococcus sp900548215,MGYG000002646,SFFH01 sp900542395,Collinsella sp900552155,Providencia alcalifaciens,UBA7597 sp003448195,MGYG000004791,UBA5446 sp900545405,MGYG000003162,UBA2821 sp902763335,MGYG000000325
rep793_seed2818	Collinsella sp900554325,Collinsella sp900548565,Amedibacillus dolichus,MGYG000004741,HGM11501 sp900766735,UMGS363 sp900543105,Lawsonibacter sp900763995,CAG-238 sp900551415,Pantoea conspicua,MGYG000004807,Yersinia bercovieri,Streptococcus sp900555155,Murdochiella massiliensis,Anaerosacchariphilus sp014290175,Prevotella sp900552515,Prevotella sp000435635,CAG-492 sp900557195,Parasutterella sp009767915,CAG-196 sp002102975,Collinsella sp900544875,UBA1691 sp002320555,Clostridium disporicum_A,Ruminococcus_C sp000433635,CAG-180 sp000432435,AM51-8 sp003478275,Collinsella sp900757505,Nitratidesulfovibrio vulgaris,F23-B02 sp004557075,MGYG000002628,Prevotella sp900555035,Citrobacter portucalensis,Prevotella sp900772835,Collinsella sp900552155,Phocaeicola sp002161565,Desulfovibrio desulfuricans,UBA4871 sp900554535,CAG-269 sp900554175,HGM12814 sp900770165,MGYG000003289,MGYG000003273,UBA7182 sp003481535,Porphyromonas sp900539765,Campylobacter_A concisus_W,Clostridium_F botulinum_A,F082 sp002633315,Phytobacter ursingii
rep794_seed2819	MGYG000001028,UMGS882 sp003343885,Enterobacter ludwigii,Prevotella sp004556065,MGYG000004742,Gemmiger formicilis,MGYG000000448,MGYG000004039,Phascolarctobacterium sp900544795,MGYG000002182,Enterocloster sp000155435,Leclercia adecarboxylata_C,MGYG000003850,MGYG000004857,UMGS1397 sp900761355,Bacteroides faecis,Dorea_A sp900550865,MGYG000004169,CAG-81 sp000435795,Collinsella sp003469205,MGYG000004346,UMGS2055 sp900557635,Turicimonas muris,MGYG000001020,MGYG000002843,Alistipes sp900552955,MGYG000002766,MGYG000000721,Anaerostipes sp900756035,Clostridium_A leptum,Phascolarctobacterium_A sp900757795,MGYG000002256,MGYG000003898,Prevotellamassilia sp900546605,UBA1417 sp003531055,Bilophila sp900553145,Lachnoclostridium phytofermentans_A,CAG-279 sp900541555,Parabacteroides sp900552465,Coprococcus eutactus,MGYG000004711,Haemophilus_A parahaemolyticus,Collinsella sp900555765,Veillonella sp900556785,Odoribacter laneus,Acetatifactor sp900760705
rep795_seed2820	Neobittarella massiliensis,MGYG000000597,Phocaeicola sp900542985,Yersinia kristensenii,Ruminococcus sp900545125,UBA10281 sp900767815,Gabonibacter massiliensis,CAG-1031 sp000431215,CAG-485 sp900766975,MGYG000002696,UMGS1251 sp900549995,Eubacterium_R sp014465955,Terrisporobacter othiniensis,Clostridium sp900539375,MGYG000003826,Dorea_A sp900550865,MGYG000004209,Frisingicoccus sp900549105,Eubacterium_I sp900546495,Pseudoruminococcus sp902765855,MGYG000000677,BX12 sp902363595,MGYG000001048,MGYG000001858,Dorea_A longicatena,Prevotella sp900553965,MGYG000000635,Kosakonia cowanii,MGYG000002215,UBA1820 sp003150615,Veillonella sp900556785,Phocaeicola sp900551645,Paramuribaculum sp001689535,MGYG000000711,Haemophilus_D parainfluenzae,NSJ-32 sp014384895,UMGS1532 sp900552605,UMGS1540 sp900552775,Streptococcus sobrinus,NK3B98 sp900545815,MGYG000001862,Odoribacter massiliensis,UMGS1537 sp900543695,Veillonella sp900552715,Yersinia intermedia,Eubacterium_R sp000433975
rep796_seed2821	Gemmiger sp004555405,Clostridium nigeriense,MGYG000004135,MGYG000002077,Rothia sp902373285,CAG-882 sp900545175,CAG-302 sp000431795,Negativibacillus sp000435195,Akkermansia muciniphila_B,Akkermansia muciniphila,UBA5905 sp002437905,MGYG000004660,RUG572 sp900771305,MGYG000001581,AM51-8 sp003478275,MGYG000002628,Ruminococcus sp900761275,Faecalibacterium sp900772565,Parolsenella uli_B,MGYG000004749,Oribacterium sinus,UBA1417 sp003531055,MGYG000004247,Peptoniphilus_A sp900538655,MGYG000000608,Prevotella sp900551055,Collinsella tanakaei,Phascolarctobacterium_A sp900551335,Butyricimonas virosa,MGYG000004604,Agathobacter sp900549895,Clostridium_Q symbiosum,Butyricicoccus pullicaecorum,CAG-269 sp001916035,Bifidobacterium catenulatum,MGYG000004445,Oribacterium sp900772695,MGYG000002712,MGYG000002677,Paenibacillus lactis,Mediterraneibacter sp900541505,Haemophilus_D parainfluenzae_K,Finegoldia magna_H,UMGS882 sp003343885,MGYG000000393,MGYG000002674
rep797_seed2822	Enterocloster sp900541315,MGYG000000627,Prevotella stercorea,MGYG000003434,MGYG000000733,Veillonella sp009929605,Ruminococcus_C sp000433635,Niameybacter sp900549765,Collinsella sp900543515,UMGS1472 sp900552095,MGYG000003212,Catenibacterium sp900764565,Eisenbergiella sp900548905,Olsenella_B sp000752675,CAG-485 sp900760815,Serratia marcescens_I,MGYG000002099,UMGS1532 sp900552605,Cronobacter sakazakii,Terrisporobacter sp902363255,HGM11507 sp900761005,MGYG000003578,Bacteroides sp900765785,Blautia_A hydrogenotrophica,Bifidobacterium breve,UMGS1370 sp900542035,Faecalibacterium prausnitzii_C,MGYG000004704,Sutterella wadsworthensis,Eubacterium_I sp900557275,Dialister sp900557365,Agathobaculum sp900544475,MGYG000004393,Limosilactobacillus timonensis,Neobittarella massiliensis,MGYG000002170,GCA-900066495 sp900545985,Prevotella sp900772835,MGYG000001899,MGYG000004380,QAMX01 sp004555605,MGYG000004750,Eikenella corrodens,Blautia_A wexlerae_A,Alistipes communis,Lawsonibacter sp900066645
rep798_seed2823	Dialister sp900543165,Peptoniphilus_A sp900538655,Citrobacter_A sedlakii,MGYG000002745,Bacteroides gallinarum,CAG-411 sp000437275,Salinicola tamaricis,Klebsiella_A grimontii,MGYG000003855,MGYG000002685,MGYG000003717,MGYG000002071,Haemophilus sp002998595,MGYG000003800,UMGS1781 sp900553695,Morganella morganii,Acutalibacter sp000435395,RC9 sp900541925,Monoglobus pectinilyticus,MGYG000004180,Blautia_A caecimuris,MGYG000004704,Sutterella wadsworthensis,MGYG000001112,MGYG000001724,MGYG000002753,Ruminococcus sp900540005,MGYG000003799,Faecalibacillus intestinalis,Alistipes sp900290115,Olsenella_E sp003609875,MGYG000002738,Robinsoniella sp900555455,Alistipes sp900548155,MGYG000001169,Eisenbergiella sp900550285,An172 sp002160515,MGYG000002624,Clostridium_Q sp000435655,MGYG000000693,CAG-177 sp003514385,Acetatifactor sp900771995,CAG-269 sp900556695,MGYG000000616,RF16 sp900766775,Massilioclostridium methylpentosum
rep799_seed2824	MGYG000002740,UMGS1783 sp900555065,CAG-110 sp900546915,Faecalimonas sp900550235,Raoultella ornithinolytica,MGYG000004522,Bacteroides uniformis,Alistipes sp001941065,Dorea formicigenerans,CAG-632 sp000431515,MGYG000004742,Streptococcus sobrinus,Holdemanella biformis,UBA5905 sp002437905,UBA7597 sp900542935,Bacteroides sp900765785,MGYG000001808,Prevotellamassilia sp900772575,MGYG000003955,Proteus sp001722135,UMGS1572 sp900553045,Rothia dentocariosa,UMGS692 sp900544545,Bifidobacterium globosum,CAG-1031 sp900752535,Agathobacter sp900548765,UMGS1872 sp900555795,Butyricimonas sp900761485,Streptococcus anginosus_C,Dysosmobacter sp900546705,Blautia_A luti,HGM11368 sp900772745,UBA644 sp002299265,Citrobacter freundii,Anaerotruncus massiliensis,Bacteroides thetaiotaomicron,Parabacteroides sp900770835,Ruminococcus_E sp900543095,Morganella morganii_B,MGYG000002730,Eubacterium_R sp900539845,Collinsella sp900555555,UMGS577 sp900543525,Harryflintia acetispora,Odoribacter massiliensis,CAG-170 sp900751035
rep800_seed2825	CAG-272 sp000433515,CAG-110 sp000434635,MGYG000001585,MGYG000000724,Escherichia albertii,CAG-269 sp900753165,Prevotellamassilia sp900540885,MGYG000002084,Fusobacterium polymorphum,MGYG000001862,Collinsella sp900556515,Gabonibacter massiliensis,UBA737 sp900549755,Bifidobacterium italicum,MGYG000004708,Coprococcus sp900548315,MGYG000004863,Providencia rettgeri,MGYG000000759,MGYG000002685,CAG-873 sp001701165,Dysosmobacter sp004553545,Clostridium_B sp902809985,MGYG000004885,MGYG000000413,Extibacter hylemonae,MGYG000004462,Citrobacter braakii,UBA7173 sp900552325,Acutalibacter sp900755895,MGYG000002613,MGYG000002702,Peptostreptococcus sp900759325,Paraclostridium tenue,Acetivibrio_A ethanolgignens,MGYG000001588,Bacteroides congonensis,MGYG000000635,Blautia_A schinkii,MGYG000001566,UBA1777 sp900549545,Yersinia massiliensis,MGYG000003887,Dialister succinatiphilus,Sutterella sp900764215,Zag1 sp900769645
rep801_seed2826	Phocaeicola sp900551645,MGYG000004423,Dorea_A longicatena,ER4 sp900552375,Neisseria macacae,MGYG000002223,Serratia marcescens_I,MGYG000002085,Turicimonas muris,MGYG000001996,Prevotella sp900554045,MGYG000003752,Anaerotignum faecicola,Prevotella sp900313215,Phascolarctobacterium_A sp900553055,Collinsella sp900553415,Parasutterella sp900554375,Dysosmobacter sp004553545,Campylobacter_A concisus_P,CAG-288 sp000437395,Parabacteroides sp003473295,MGYG000004365,Lancefieldella sp900555335,Collinsella sp900550825,Collinsella sp900545555,Faecalibacterium prausnitzii,CAG-390 sp003523225,Neobittarella massiliensis,CAG-793 sp900557475,MGYG000004848,Parasutterella sp009767915,RC9 sp900546395,Blautia_A wexlerae_B,Bulleidia sp900554555,UMGS882 sp900546385,Providencia stuartii,Phocaeicola sp900066455,RF16 sp900766775,Prevotella sp900549175,Eubacterium_I ramulus_A,Veillonella sp003463825,Collinsella sp003479805,Prevotella sp900544825,CAG-492 sp000434015,Phocaeicola barnesiae,Longibaculum muris
rep802_seed2827	MGYG000001727,Pauljensenia radingae_A,CAG-110 sp900549705,MGYG000004885,MGYG000004010,CAG-390 sp900753295,UMGS403 sp900541975,UMGS1225 sp900549725,Streptococcus equinus,Allisonella pneumosintes,Clostridium sp900769625,CAG-110 sp900546075,Bifidobacterium infantis,UBA7160 sp900757145,CAG-269 sp900554175,Blautia coccoides,Collinsella sp900549535,Veillonella_A seminalis,CAG-110 sp900762935,Clostridium cuniculi,Acutalibacter sp900543555,Gemella morbillorum,Yersinia massiliensis,Collinsella sp900754385,UMGS1880 sp900555875,Lachnoclostridium_A sp002160755,UBA1259 sp003523255,Ruminococcus_D sp000434695,CAG-510 sp900551115,Anaerococcus sp900258475,UMGS1071 sp900548305,CAG-238 sp000435615,CAG-492 sp000434335,RUG115 sp900066395,Prevotella sp002300055,Massilimaliae sp900752435,CAG-110 sp003525905,Massilistercora sp902406105,Agathobacter sp900549895,CAG-877 sp900554305,MGYG000001862,Bacillus_A luti,Collinsella sp900550415,Megasphaera sp001546855,CAG-127 sp900766925,CAG-279 sp000437795
rep803_seed2828	MGYG000004775,Parabacteroides sp900552415,CAG-390 sp003523225,Acetatifactor sp900766575,UMGS1375 sp900551235,Bacteroides intestinalis,Mobilibacterium sp900315625,CAG-110 sp900763965,Prevotellamassilia sp900540885,Beduini sp902363625,MGYG000003914,CAG-83 sp900549395,CAG-1427 sp900542525,Senegalimassilia sp900550055,Sodaliphilus sp004557565,Clostridium_Q saccharolyticum_A,Phytobacter diazotrophicus,Bacteroides ndongoniae,Collinsella sp900554325,UMGS1781 sp900555075,MGYG000004611,Collinsella sp003437035,Collinsella sp900552155,Lachnoclostridium_A sp002160755,CAG-302 sp000431795,Alistipes_A indistinctus,Collinsella phocaeensis,Ralstonia pickettii,MGYG000002046,Collinsella sp003479805,MGYG000004037,MGYG000003863,CAG-1427 sp900546175,Limosilactobacillus caviae,Limosilactobacillus antri,Phascolarctobacterium_A sp900552855,Megamonas funiformis,MGYG000003273,Eubacterium_G sp900550135,Faecalimonas sp900555395,CAG-510 sp900551115,Bacteroides bouchesdurhonensis,Enterobacter mori,Phocaeicola sp000434735,ER4 sp900763705,Phytobacter ursingii
rep804_seed2829	Gemmiger qucibialis,Muribaculum intestinale,TM7x sp900556885,MGYG000003955,Collinsella sp000434535,Agathobacter sp900543445,Caecibacter sp003467125,Eubacterium_T sp900766045,Blautia_A sp900551715,Megamonas sp900556715,Collinsella sp900544875,CAG-1427 sp900538545,F0040 sp900095835,Fournierella sp004558145,Collinsella sp900550185,1XD42-69 sp014287635,MGYG000002053,MGYG000003728,UMGS902 sp003343845,Collinsella sp900544465,Eubacterium_F sp003491505,CAG-170 sp900553545,Ralstonia pickettii,Caecibacter sp900549385,Coprococcus sp000154245,MGYG000004045,CAG-451 sp000438295,CAG-590 sp000431135,CAG-353 sp900066885,Phascolarctobacterium sp900551745,CAG-492 sp000434015,Collinsella sp900554255,RUG420 sp900542575,MGYG000002659,UMGS1826 sp900555435,MGYG000000677,MGYG000001666,MGYG000002731,MGYG000000674,Prevotella sp900553595,Butyricimonas paravirosa,MGYG000002112,Clostridium sp900540255,MGYG000001954,HGM12587 sp900766915,MGYG000004465
rep805_seed2830	MGYG000003894,Dorea_A longicatena_B,CAG-465 sp900554875,CAG-115 sp002492075,CAG-83 sp900756715,Peptostreptococcus russellii_A,Enterobacter cancerogenus,MGYG000002209,Duodenibacillus sp900544255,Providencia rettgeri,Parabacteroides sp900541965,Dysosmobacter sp001916835,CAG-272 sp000433515,MGYG000001642,UMGS680 sp900544525,CAG-279 sp900556245,Enterocloster sp001517625,Caecibacter sp900549385,MGYG000002212,UBA3818 sp900557155,Peptostreptococcus anaerobius,CAG-451 sp900760545,UBA1191 sp900066305,UMGS1851 sp900555605,CAG-145 sp900542565,UBA1191 sp900545775,Ruminococcus sp900540005,Streptococcus oralis_W,Lachnospira sp900551945,MGYG000003910,Collinsella sp900552875,Prevotella sp900540375,CAG-1427 sp900553605,UBA5446 sp900752445,UBA5905 sp002437905,MGYG000003936,Senegalimassilia sp900550055,MGYG000001826,Phascolarctobacterium sp900554395,Acetatifactor sp900772845,Blautia hansenii,Veillonella sp009929605,UBA1691 sp900544375,MGYG000003828,CAG-628 sp003524085,Phocaeicola sp000434735
rep806_seed2831	UMGS1004 sp900761685,Leuconostoc lactis,MGYG000002675,MGYG000001858,MGYG000002683,CAG-776 sp900758895,Bifidobacterium breve,UMGS1537 sp900543695,CAG-115 sp900766795,QAMM01 sp900552945,Catenibacterium sp900764725,Blautia_A sp900549015,Collinsella sp900542275,Collinsella sp900545075,MGYG000004154,MGYG000001879,Blautia_A faecis,MGYG000002071,Clostridium_Q sp003024715,CAG-485 sp900760815,Alistipes_A sp900240235,MGYG000004684,Prevotella sp900544825,Collinsella sp003462685,Lactobacillus amylolyticus,Beduini sp902363625,Pauljensenia sp902373435,UMGS75 sp900538885,Anaerococcus lactolyticus,ER4 sp003522105,Agathobaculum sp900544475,MGYG000003470,MGYG000003872,Collinsella sp900548515,MGYG000003829,Massilistercora sp902406105,Bifidobacterium pseudocatenulatum,UMGS946 sp900544965,CAG-313 sp000433035,UBA3388 sp900546465,UBA2882 sp002362385,Clostridium_F botulinum_A,MGYG000003877,Veillonella sp003463825,Prevotella sp900547005,Fusobacterium sp000235465
rep807_seed2832	MGYG000004891,UMGS1472 sp900552095,UMGS1696 sp900763885,MGYG000001032,MGYG000000574,Peptostreptococcus anaerobius,Niameybacter sp900549765,Peptoniphilus_A phoceensis,MGYG000003254,Senegalimassilia faecalis,Fusobacterium nucleatum,Bacteroides sp902362375,Mixta calida,Slackia_A isoflavoniconvertens,UBA5446 sp900546485,Bacteroides cutis,Desulfovibrio legallii,CAG-95 sp900066375,MGYG000002772,CAG-110 sp900549495,MGYG000001792,MGYG000002654,MGYG000004817,MGYG000003015,TM7x sp900555885,UBA4372 sp900766785,UBA636 sp900546285,MGYG000004023,MGYG000004665,UMGS1293 sp900754495,MGYG000000694,Pantoea agglomerans,Sellimonas sp002161525,MGYG000000710,RC9 sp000432655,CAG-110 sp900770015,Prevotella sp900548585,Agathobacter sp900543445,Dialister sp900759415,MGYG000004009,Prevotella sp002265625,MGYG000002098,MGYG000004650,MGYG000001195,CAG-390 sp000437015,Prevotellamassilia sp900542795
rep808_seed2833	Faecalibacterium sp003449675,Acidaminococcus timonensis,Lachnoanaerobaculum sp000296385,Acidaminococcus sp900770265,MGYG000002697,MGYG000004364,MGYG000000334,MGYG000000759,CAG-245 sp000434195,MGYG000001632,Anaerobutyricum soehngenii,Christensenella timonensis,Enterobacter cancerogenus,Pseudoflavonifractor capillosus,MGYG000004393,Agathobacter sp900543445,Prevotella sp900543975,Dorea_A longicatena_B,MGYG000004380,CAG-170 sp900545925,MGYG000000862,MGYG000002606,MGYG000004034,Neisseria macacae,Blautia_A sp000436615,Collinsella sp900552145,Lachnoclostridium_B sp900543315,Bacteroides thetaiotaomicron,MGYG000004572,Peptoniphilus_A harei,Blautia_A sp900540785,UMGS946 sp900544965,Lawsonibacter sp900066645,UMGS1933 sp900772235,MGYG000004558,MGYG000002221,Clostridium disporicum_A,Coprococcus eutactus,Streptococcus oralis,Lactobacillus iners,MGYG000002654,CAG-279 sp900544305,MGYG000004854,UMGS1851 sp900555605,Oribacterium sp900772695,Collinsella intestinalis
rep809_seed2834	Prevotella multisaccharivorax,UBA7185 sp900756555,Lactococcus garvieae,MGYG000004384,Clostridium_Q sp000435655,Enterocloster sp900770345,Mailhella sp900541395,Anaerostipes sp900756035,Enterocloster sp900543885,Clostridium_Q symbiosum,UMGS1872 sp900549475,CAG-269 sp000438255,Citrobacter_B koseri,MGYG000003005,MGYG000000355,Faecalibacterium sp900765105,Mediterraneibacter sp900555215,Muricomes contortus_B,Prevotella buccae,Faecalibacterium prausnitzii_I,Sutterella sp900764215,Extibacter hylemonae,Paraclostridium bifermentans,Prevotella sp900770025,Ruminococcus_A faecicola,Clostridium butyricum,Serratia ureilytica,Duncaniella dubosii,ER4 sp900317525,CAG-180 sp900545625,Prevotella timonensis,UC5-1-2E3 sp001304875,Acinetobacter mesopotamicus,Collinsella sp900550835,Veillonella sp900538355,CAG-245 sp900552135,MGYG000002212,Zag1 sp000433095,Eubacterium_R sp900542875,MGYG000001825,CACZQA01 sp900758075,Prevotella sp002481295,Haemophilus_A parahaemolyticus,MGYG000004003,UMGS1820 sp900545865,Stoquefichus massiliensis
rep810_seed2835	MGYG000003328,MGYG000000594,Alistipes shahii,UMGS1668 sp900768105,UBA1417 sp003531055,Blautia_A sp900542045,HGM14224 sp900761905,Prevotella sp900556275,UBA5446 sp900759385,Negativibacillus sp900547455,Sellimonas intestinalis,Blautia sp003287895,Clostridium_X cadaveris,MGYG000000557,UBA6398 sp900555645,UMGS1241 sp900540495,Collinsella sp900551665,Fournierella sp004558145,UBA7173 sp900768685,Actinobaculum massiliense,CAG-488 sp900539465,Peptoniphilus_E obesi,CAG-56 sp900762665,MGYG000004630,Pauljensenia turicensis,QAMM01 sp900552945,MGYG000004811,Collinsella sp900550815,MGYG000000821,Prevotella sp900553155,Phocaeicola massiliensis,MGYG000004664,Collinsella sp900756725,CAG-390 sp000437015,Collinsella aerofaciens_G,Ruminococcus sp900545125,Lachnoclostridium_B sp900066765,Pseudomonas_E fulva,Sporanaerobacter acetigenes,Cutibacterium acnes,Phocaeicola sp900066455,CAG-762 sp900551315,Bruticola sp900772775,Escherichia sp000208585,Companilactobacillus farciminis,MGYG000004085
rep811_seed2836	Peptostreptococcus anaerobius,Roseburia sp900548205,Pauljensenia sp902373545,MGYG000004817,Ralstonia pickettii,Streptococcus alactolyticus,MGYG000001683,CAG-485 sp900555915,MGYG000001935,Eubacterium_R sp900767025,MGYG000004509,CAG-873 sp900555715,Collinsella sp900553415,Peptoniphilus_B sp000478985,CAG-95 sp900553305,Fournierella massiliensis,MGYG000000727,MGYG000000587,Enterobacter cloacae_O,Collinsella sp900555555,Prevotella brunnea,UBA5394 sp003150565,MGYG000004824,Peptostreptococcus sp900759325,MGYG000004650,Dysosmobacter sp900546705,Odoribacter sp900544025,MGYG000004790,Lactobacillus intestinalis,Megasphaera sp902388315,Dielma fastidiosa,CAG-145 sp900545135,GCA-900066135 sp900066135,CAG-349 sp003539515,MGYG000002738,UBA737 sp900547095,Veillonella sp900550175,Peptoniphilus_A senegalensis,Massilimaliae timonensis,Lachnospira sp900547255,Streptococcus infantis_I,CAG-724 sp003524145,Clostridium_J ihumii,Clostridium septicum,Prevotella sp002350355,Marseille-P3106 sp900543935
rep812_seed2837	MGYG000001759,MGYG000002738,CAG-110 sp900549495,MGYG000000298,Phascolarctobacterium faecium,CAG-110 sp900544975,VUNA01 sp002299625,Acutalibacter sp900543305,Dorea formicigenerans,CAG-1193 sp900550145,Acidaminococcus fermentans,Streptococcus oralis_S,Murdochiella vaginalis,Collinsella aerofaciens_G,CAG-180 sp004556705,Bacteroides sp900555635,Gemmiger sp900540775,Prevotella sp900553965,MGYG000004061,Acetatifactor sp900755865,MGYG000000658,Yersinia enterocolitica,MGYG000003923,MGYG000001903,AM51-8 sp900546435,Agathobaculum sp003481705,RC9 sp000432655,MGYG000004599,MGYG000002766,MGYG000002785,MGYG000000682,Dialister sp900541605,MGYG000003980,Veillonella sp900556785,CAG-776 sp900758895,MGYG000004009,UMGS1611 sp900553435,Butyricimonas synergistica,HGM12814 sp900770165,Dorea_A longicatena,MGYG000002727,Lactobacillus amylolyticus,CAG-762 sp900551315,Sodaliphilus sp004557565,CAG-1031 sp000431215,Peptoniphilus_A senegalensis
rep813_seed2838	MGYG000004095,Neobittarella massiliensis,MGYG000002696,Phytobacter sp002377245,Streptococcus sp900755085,CAG-485 sp001701295,MGYG000000346,An92 sp900199495,Bulleidia sp900554555,Faecalibacillus sp003480255,MGYG000002726,Enterocloster lavalensis,Streptococcus salivarius,Blautia_A sp900066505,Massilimaliae sp900752435,Faecalimonas umbilicata,Agathobacter sp900552085,GCA-900066905 sp900066905,Duncaniella sp900544535,Bacteroides xylanisolvens,Clostridium_Q sp000435655,Parabacteroides sp900552415,Clostridium cuniculi,UBA1740 sp900767415,Citrobacter freundii,Collinsella sp900754385,MGYG000000716,UBA6398 sp003150315,Paraprevotella xylaniphila,RUG420 sp900542575,Streptococcus thermophilus,Bacteroides stercoris,MGYG000000286,SFEL01 sp004557245,Ruminococcus sp900540005,Butyrivibrio_A sp900768755,Collinsella sp900547125,Methanobrevibacter_A sp900766745,UBA1691 sp900552985,Holdemanella sp002299315,UMGS1696 sp900763885,UMGS1052 sp900548115,MGYG000004330,MGYG000000650,GCA-900066755 sp900066755,Duodenibacillus sp900542805
rep814_seed2839	MGYG000002680,MGYG000004380,MGYG000004818,Exiguobacterium sp003467445,CAG-180 sp000432435,Pauljensenia turicensis,Collinsella sp900543615,Enterobacter asburiae_B,QALW01 sp003150515,Clostridioides difficile,MGYG000000752,MGYG000002075,UMGS902 sp900546635,MGYG000004660,Enterocloster sp900549235,UMGS882 sp900757905,MGYG000003067,Enterocloster sp900540675,Collinsella sp900547805,Prevotella sp900552675,MGYG000003207,Lactobacillus iners,Blautia_A sp900540785,MGYG000003297,Bacteroides cellulosilyticus,Peptostreptococcus sp900759325,MGYG000000325,Phascolarctobacterium sp900545535,Anaerostipes rhamnosivorans,MGYG000000688,SFJ001 sp004555865,MGYG000004330,Adlercreutzia celatus_A,Dysgonomonas capnocytophagoides,UMGS1864 sp900555835,Citrobacter_A sedlakii,Collinsella sp900546825,Phocaeicola salanitronis,MGYG000004756,CAG-628 sp003524085,UMGS973 sp900547295,MGYG000004443,GCA-900066755 sp902363085,Succinivibrio sp900548485,Agathobacter sp900552085,CAG-793 sp000433915
rep815_seed2840	MGYG000000390,Ruthenibacterium sp900546885,MGYG000001566,MGYG000003053,Megamonas funiformis,Ruminococcus_E sp003526955,Lawsonibacter sp900545895,MGYG000004837,Bacteroides neonati,Clostridium_F botulinum_A,MGYG000004689,Alistipes_A ihumii,UBA2821 sp902763335,RC9 sp000433355,Phascolarctobacterium sp900551745,CAG-791 sp000431495,Bifidobacterium angulatum,MGYG000004647,Akkermansia sp900548895,Bacteroides fragilis_A,MGYG000001935,Citrobacter_A amalonaticus,Anaerotignum sp001304995,CAG-762 sp900551315,Massiliomicrobiota sp002160865,Lacticaseibacillus paracasei,MGYG000002843,Murdochiella vaginalis,Prevotella sp900770025,Streptococcus anginosus,Leclercia adecarboxylata_C,UBA11517 sp900753315,Holdemania sp900120005,Collinsella sp900540875,Pseudoflavonifractor sp014287675,CAG-465 sp900554875,UMGS966 sp900547185,Prevotella lascolaii,CAG-110 sp900553805,Amulumruptor sp900539915,UBA1786 sp900771425,Prevotella sp900557405,MGYG000002705,Anaerostipes caccae,CAG-83 sp000435975,CAG-110 sp900540635
rep816_seed2841	Azonexus sp900549295,UBA1417 sp900549945,Eubacterium_R sp014465955,Massilimaliae sp900752435,MGYG000001242,Prevotella buccalis,CAG-460 sp900546715,Oxalobacter formigenes,Enterocloster clostridioformis_A,CAG-83 sp003539495,MGYG000004364,Enterocloster sp900549235,MGYG000000643,MGYG000000342,MGYG000003356,Prevotella brunnea,Coprococcus sp900548315,MGYG000000433,MGYG000000625,Phascolarctobacterium faecium,CAG-791 sp000431495,GCA-900066495 sp900545985,Acinetobacter mesopotamicus,CAG-145 sp900542565,MGYG000004582,Pauljensenia sp900554605,Eubacterium_F sp900539115,MGYG000004258,MGYG000004119,Granulicatella sp001058355,RF16 sp900766775,MGYG000001028,Phocaeicola sp900066455,UMGS1880 sp900555875,Barnesiella intestinihominis,MGYG000003833,MGYG000002713,Prevotella sp900553595,HGM12998 sp900756495,CAG-590 sp000431135,CAG-1427 sp900556585,Collinsella sp900545905,Prevotella sp900557255,MGYG000004188,Anaerocolumna aminovalerica,UBA5446 sp900759385
rep817_seed2842	Faecalibacterium prausnitzii_F,CAG-115 sp003507295,UMGS1487 sp900552225,Dysosmobacter sp900551885,Anaeroglobus micronuciformis,Lactococcus lactis_E,Selenomonas_A sp900769615,NK3B98 sp900752305,Eubacterium_R sp900540305,MGYG000002702,MGYG000002148,MGYG000000378,CAG-245 sp900552135,UMGS268 sp900540705,Phocaeicola sp900551445,MGYG000002901,UBA1691 sp900552985,MGYG000004824,MGYG000000574,MGYG000001580,Collinsella sp900550205,CAG-762 sp900551315,Oribacterium sinus,Fenollaria massiliensis,Collinsella sp900541195,Frisingicoccus sp900753685,Providencia stuartii,UBA1417 sp003531055,MGYG000004811,Butyricimonas sp003479425,Lawsonibacter sp900549405,MGYG000001792,Eubacterium_R sp000433975,MGYG000000585,Marvinbryantia sp900066075,SFHK01 sp004556395,MGYG000002740,MGYG000001952,MGYG000000286,Pseudomonas_E massiliensis,MGYG000002089,Lawsonibacter asaccharolyticus,MGYG000002659,MGYG000002732,Dorea_A longicatena,Paraeggerthella hongkongensis
rep818_seed2843	Prevotella amnii,MGYG000004597,F23-B02 sp900545805,Collinsella stercoris,HGM13010 sp900754965,Phocaeicola sp002161765,Massiliomicrobiota sp002160865,Paraprevotella xylaniphila,Eubacterium callanderi,Prevotella sp900553155,MGYG000001048,Blautia_A sp900549015,MGYG000002223,Megasphaera sp002319965,HGM11523 sp900756545,Lacrimispora sp000526575,MGYG000002575,Enterocloster clostridioformis_A,MGYG000003955,Phocaeicola sp900551065,MGYG000001775,UBA7057 sp900542735,Parabacteroides sp014287585,Prevotella sp900316565,Robinsoniella sp900555455,MGYG000002921,Blautia sp001304935,Collinsella sp900754435,MGYG000004095,MGYG000001581,Amulumruptor sp900539915,Prevotella sp900550035,MGYG000004664,CAG-217 sp900547275,CAG-269 sp900556695,Lactobacillus hominis,MGYG000002182,Collinsella sp900545905,Collinsella sp900550185,UMGS1975 sp900556815,F23-B02 sp004558025,UMGS680 sp900544525,MGYG000004686,UBA2882 sp002362385,MGYG000001736,Fusobacterium_A varium_A
rep819_seed2844	MGYG000003294,UBA1752 sp900554405,Phocaeicola sp900552645,Zag1 sp900769355,MGYG000002881,MGYG000004839,Enterocloster sp005845215,Morganella morganii,MGYG000000630,Collinsella sp900542155,Collinsella sp900556445,CAG-269 sp900760175,Extibacter hylemonae,Parabacteroides sp900760525,HGM11514 sp900757255,MGYG000003787,Beduini sp900550005,Acutalibacter sp000432995,Marseille-P3106 sp900543935,Phascolarctobacterium sp900551745,MGYG000004169,MGYG000004680,Sutterella sp900764215,MGYG000004655,MGYG000004364,Hydrogeniiclostridium sp900752115,MGYG000004166,MGYG000003304,MGYG000004039,Anaerosacchariphilus sp900066385,TM7x sp900556355,MGYG000002115,CAG-485 sp900760815,Eubacterium maltosivorans,UMGS1375 sp900066615,Oxalobacter sp900760095,Lawsonibacter sp900553135,Adlercreutzia celatus_A,Clostridioides difficile,Prevotella sp004556065,Collinsella sp900549355,Amulumruptor caecigallinarius,Porphyromonas_A sp900541275,Prevotella sp002251385,Ruminococcus_E sp002493635,MGYG000004103
rep820_seed2845	MGYG000000713,TF01-11 sp900759665,MGYG000004366,MGYG000004711,Collinsella sp900552755,Collinsella sp900751755,Veillonella sp900552715,MGYG000003768,UBA7160 sp900757145,Collinsella sp900542305,CAG-485 sp900552315,CAAEEV01 sp900754955,Prevotella sp002265625,MGYG000002085,Acetatifactor sp900772845,Bacteroides clarus,Enterococcus_B lactis,CAG-269 sp001916055,Dorea formicigenerans,UMGS2016 sp900557185,CAG-269 sp900554175,UMGS2055 sp900557635,Prevotella sp900546535,Collinsella aerofaciens_E,Ruminiclostridium_E sp900539195,Collinsella sp900760245,CAG-115 sp900768705,UBA6382 sp900557555,UMGS1572 sp900553045,Streptococcus sanguinis_H,Megasphaera sp001546855,MGYG000001977,UMGS1820 sp900555375,TM7x sp900556885,RUG14107 sp900772685,CAG-317 sp000433215,Phascolarctobacterium_A sp900757795,MGYG000002575,Ruminococcus_D bicirculans,Fusobacterium periodonticum_D,Rubneribacter badeniensis,MGYG000004023,MGYG000002112,Slackia_A piriformis,Mitsuokella multacida,MGYG000003977
rep821_seed2846	MGYG000001811,UBA5394 sp003150565,Blautia_A sp900551075,CAG-245 sp900552135,Pantoea conspicua,MGYG000004405,MGYG000004888,Streptococcus sp900755085,Anaerobutyricum soehngenii,MGYG000000592,UBA7185 sp900756555,CAG-56 sp900752065,MGYG000002076,MGYG000001825,Parabacteroides bouchesdurhonensis,Escherichia marmotae,Emergencia sp900551775,CAG-617 sp900553285,Enterocloster bolteae,Eubacterium_I ramulus,MGYG000004604,Clostridium disporicum_A,Roseburia sp003483745,Lacticaseibacillus rhamnosus,CAG-194 sp000432915,CAG-451 sp000438295,Bacteroides neonati,Ruminococcus_E bromii_A,CAG-279 sp000437795,MGYG000003108,Frisingicoccus sp900757195,UMGS1810 sp900555295,MGYG000003829,Collinsella sp900544755,Megasphaera sp902388315,Schaedlerella sp900765975,MGYG000004094,MGYG000004811,CAG-312 sp900760055,CAG-873 sp900550395,MGYG000004829,Peptoniphilus_A phoceensis,Bacteroides sp014385165,Collinsella sp900556605,MGYG000004495,Prevotellamassilia sp900539625
rep822_seed2847	Enterocloster sp900551225,Merdimonas faecis,Hydrogeniiclostridium sp900550095,Ruminococcus_C callidus,Alistipes sp900541585,MGYG000004863,Longibaculum muris,MGYG000004432,HGM04593 sp900769765,Holdemanella sp900754615,Bacteroides sp002491635,Campylobacter_A concisus_B,MGYG000001727,MGYG000004549,Fusobacterium periodonticum_D,UBA5446 sp900544765,Eubacterium_R sp900540305,MGYG000004665,Slackia_A piriformis,Enterobacter bugandensis,Blautia_A obeum_B,Prevotella amnii,Faecalibacterium sp900540455,Blautia_A sp000285855,Collinsella sp900549535,MGYG000000818,CAG-269 sp003525075,Phocaeicola dorei,UBA10281 sp900767815,Firm-11 sp900550955,RUG023 sp900315435,Collinsella sp900548515,Ruminiclostridium_E sp900768735,Massiliomicrobiota sp002160815,Muribaculum sp003150235,Dysosmobacter sp900542115,Prevotella veroralis,MGYG000003323,Collinsella sp900761995,Roseburia hominis,UBA737 sp900547445,CAG-302 sp900548425,Bacteroides sp902388495,MGYG000002642,MGYG000001572,HGM11575 sp900754775
rep823_seed2848	Campylobacter_A concisus_E,UMGS1307 sp900550505,MGYG000000625,CAG-194 sp000432915,MGYG000000650,Collinsella sp900552995,MGYG000003978,CAG-485 sp900321585,Niameybacter sp900549765,CAG-353 sp900066885,MGYG000000355,Prevotella sp002251385,CAG-217 sp900547275,Blautia sp003287895,CAG-632 sp002406015,UMGS1384 sp900551265,Collinsella sp900548075,Eubacterium_M sp900540015,Dialister sp000434475,Romboutsia timonensis,CAG-110 sp900554705,Anaeromassilibacillus sp001305115,MGYG000002785,UBA2856 sp900555005,Eubacterium_I sp900546495,Blautia_A sp003471165,MGYG000003304,Veillonella rogosae,MGYG000003728,MGYG000002098,F0040 sp000318095,CAG-180 sp000432435,CAG-484 sp000431315,Streptococcus constellatus,UBA5905 sp900764115,UMGS1484 sp900552285,Mediterraneibacter massiliensis,Bifidobacterium globosum,Anaerococcus sp900550345,UBA1820 sp002314265,MGYG000003319,Cedecea davisae,MGYG000000934,Schaedlerella glycyrrhizinilytica,CAG-196 sp002102975,MGYG000004651
rep824_seed2849	SFFH01 sp900548125,CAG-510 sp900551115,Collinsella sp003470665,Slackia_A sp900555495,Collinsella sp003479805,UMGS1307 sp900550505,Bifidobacterium infantis,Oxalobacter formigenes,MGYG000003970,Emergencia sp900066695,Phocaeicola barnesiae,D5 sp900113995,Proteus cibarius,UBA11524 sp900769075,Alistipes sp002358415,Hydrogeniiclostridium sp900550095,MGYG000004858,MGYG000001818,Anaeroglobus micronuciformis,HGM13010 sp900754965,MGYG000004800,Fusobacterium_B sp900541465,MGYG000004854,Collinsella sp900544425,UBA1390 sp002305315,Muricomes fissicatena_A,Prevotella corporis,CAG-83 sp900551995,Eggerthella lenta,UMGS268 sp900540175,HGM11368 sp900772745,Acidaminococcus sp900538365,MGYG000004522,NK3B98 sp900545815,Oribacterium sp900770445,MGYG000003863,Eggerthella sinensis,CAG-485 sp002491165,Hafnia paralvei,MGYG000002683,Faecalimonas sp900546325,Dysosmobacter sp014297375,MGYG000004591,CAG-312 sp900760055,Lachnoanaerobaculum sp000296385,Dorea formicigenerans
rep825_seed2850	CAG-83 sp900313295,Anaerosacchariphilus sp900066385,RC9 sp000433355,Veillonella sp003463825,Fusicatenibacter sp900772675,Bacteroides cellulosilyticus,MGYG000004660,Pseudomonas citronellolis,Collinsella sp900550825,Enterococcus_A devriesei,CAG-170 sp000432135,Clostridium_AQ sp003481775,MGYG000003955,MGYG000004169,Stoquefichus sp001244545,MGYG000000724,MGYG000004228,CAG-873 sp001701165,CAG-127 sp900553925,RQCD01 sp008668455,Bacteroides ovatus,MGYG000001761,UMGS905 sp900540085,Evtepia sp900546255,Pauljensenia sp902373545,Holdemanella sp900547815,Clostridium_A leptum,Phascolarctobacterium_A sp900757795,Merdibacter sp900754715,MGYG000003867,Mediterraneibacter massiliensis,MGYG000001133,MGYG000002629,Clostridium sp900759995,UBA9502 sp003478505,MGYG000001205,MGYG000002791,CAG-269 sp900553985,Prevotella sp900545525,CAG-238 sp900542245,UBA7173 sp900540205,Methanosphaera sp900322125,MGYG000000713,MGYG000003297,Collinsella sp003462685,MGYG000004854
rep826_seed2851	CAG-103 sp900317855,CAG-302 sp000431795,TM7x sp900556885,CAG-314 sp900551395,Collinsella sp900544865,MGYG000003356,MGYG000002229,MGYG000004845,Collinsella sp900549655,UBA2856 sp900555005,Proteus cibarius,Phocaeicola barnesiae,Rothia mucilaginosa,Clostridium sp000435835,MGYG000003995,Collinsella sp900550835,Parasutterella sp900554375,Acetatifactor sp900755865,Streptococcus koreensis,MGYG000000699,Citrobacter freundii,Lysinibacillus fusiformis_D,Providencia rettgeri_D,Rothia mucilaginosa_B,Anaerosacchariphilus sp900553635,MGYG000003256,MGYG000004650,Anaerotignum lactatifermentans,MGYG000004100,MGYG000004095,MGYG000000716,UBA1191 sp900542385,CAG-110 sp000434635,NSJ-50 sp014385105,Streptococcus parasanguinis_B,Cedecea davisae,UMGS946 sp900547135,Prevotella buccae,Butyricicoccus sp900547195,MGYG000003108,CAG-279 sp900550025,UBA2882 sp900549665,MGYG000000662,MGYG000002045,HGM11788 sp900760465,MGYG000003869
rep827_seed2852	MGYG000004062,Haemophilus_D pittmaniae,MGYG000001870,Bacilliculturomica massiliensis,Bacteroides fluxus,Collinsella sp003471585,Massilimaliae timonensis,UMGS1071 sp900541905,Massilimaliae sp900752435,Collinsella sp900757205,MGYG000001880,Evtepia gabavorous,GCA-900066495 sp900066495,Raoultibacter timonensis,QALS01 sp900552625,Alistipes sp902388705,Pauljensenia sp900554605,Lactobacillus apis,Lachnoclostridium_B sp000765215,Prevotella sp002251385,Phocaeicola sp900066445,MGYG000004553,Alistipes_A indistinctus,CAG-110 sp900762005,Dysosmobacter sp900544105,Oxalobacter sp900760095,UMGS403 sp900541975,Streptococcus sanguinis_H,MGYG000003441,MGYG000004864,MGYG000003015,HGM11808 sp900757025,Porphyromonas gingivalis,MGYG000003766,Butyricimonas sp900761485,Agathobacter rectalis,QALS01 sp900555925,Collinsella sp900549215,Dysosmobacter sp900763685,MGYG000004085,Megamonas sp900556715,CAG-302 sp001916775,CAG-1031 sp000431215,Collinsella sp900544115,Enterococcus_D casseliflavus,Haemophilus_A sputorum
rep828_seed2853	Collinsella sp900555765,UMGS268 sp900540705,MGYG000004049,Erysipelatoclostridium saccharogumia,UMGS911 sp900545935,Roseburia sp003470905,MGYG000002064,MGYG000004836,QAKW01 sp003343605,UBA737 sp002431945,Prevotella sp900554695,Faecalimonas sp900555395,Firm-11 sp900548145,Escherichia sp000208585,Prevotella amnii,Lactococcus garvieae,MGYG000003050,Succiniclasticum sp900544275,MGYG000004503,MGYG000004093,Campylobacter_A concisus,Ruminococcus sp002438605,Agathobacter sp900549895,Acutalibacter sp900759575,MGYG000003854,MGYG000004665,MGYG000000512,Acidaminococcus massiliensis,Bifidobacterium italicum,Negativibacillus sp900547015,Negativibacillus sp900547455,UMGS1600 sp900553315,Streptococcus mitis_D,Lachnospira sp900547255,Anaerofustis sp900549875,UMGS1202 sp900549565,Schaedlerella sp900765975,UBA10281 sp900767885,Clostridium_X cadaveris,MGYG000000738,MGYG000004772,Prevotellamassilia sp004552865,MGYG000003324,MGYG000001588,Alistipes communis,Ruminococcus_E sp003526955
rep829_seed2854	Collinsella sp003439125,MGYG000004098,MGYG000000710,CAG-462 sp003489705,Ruminococcus_E sp003526955,Murdochiella vaginalis,Pantoea eucalypti,MGYG000004759,Clostridium_E jeddahense,Prevotella sp900550035,MGYG000002045,Sutterella sp900764215,Collinsella sp900760905,RC9 sp000434935,QALR01 sp900553085,MGYG000001873,MGYG000001826,Anaerosporobacter mobilis,Alistipes sp900550925,MGYG000002249,CAG-882 sp000435595,Christensenella minuta,MGYG000004206,UC5-1-2E3 sp001304875,MGYG000004527,Collinsella sp900549715,MGYG000001189,Kluyvera sp902363335,Eubacterium_R sp900555015,Morganella morganii_A,CAG-557 sp000435275,Cronobacter malonaticus,MGYG000004224,MGYG000002901,GCA-900066905 sp900066905,MGYG000000588,MGYG000004187,Clostridium butyricum,CAG-353 sp900066885,Parabacteroides acidifaciens,MGYG000004197,UMGS995 sp900547465,Dielma fastidiosa,MGYG000004023,Evtepia sp004556345,UMGS692 sp900544545
rep830_seed2855	MGYG000000325,Collinsella sp900550205,MGYG000002053,Collinsella sp900554985,Alistipes sp900541585,Gordonibacter massiliensis,MGYG000004213,Catenibacillus sp900557175,MGYG000003938,UMGS1600 sp900553315,Anaerococcus jeddahensis,MGYG000004049,MGYG000002826,F23-B02 sp900772725,Blautia_A sp000436615,Turicimonas sp900542195,UMGS966 sp900547185,Terrisporobacter sp900557165,Akkermansia muciniphila,Collinsella sp900547855,MGYG000000334,MGYG000004765,CAG-485 sp900321585,MGYG000004749,Haemophilus_D parainfluenzae_M,UBA1777 sp900547315,UBA4372 sp900766785,CAG-273 sp902406115,MGYG000000361,Citrobacter_A farmeri,MGYG000004171,Leuconostoc lactis,Ligilactobacillus sp900765635,Collinsella sp900756725,GCA-900066755 sp900066755,MGYG000000342,Neisseria sp000186165,MGYG000000566,Anaerofustis stercorihominis,MGYG000004304,UBA4644 sp900555855,MGYG000003021,Holdemanella sp900547815,MGYG000004004,MGYG000004890,CAG-110 sp900556935
rep831_seed2856	MGYG000003826,Anaerosacchariphilus sp014290175,MGYG000001811,MGYG000000585,CAG-245 sp000434195,Collinsella sp900553935,Roseburia sp900753715,Parabacteroides faecis,Bittarella massiliensis,CAG-485 sp900550645,Acidaminococcus sp900770265,Lactobacillus apis,CAG-590 sp900769115,MGYG000001859,MGYG000004609,MGYG000003900,MGYG000001839,Streptococcus sp001556435,Collinsella sp003487125,MGYG000004884,Pseudomonas citronellolis,Collinsella sp900554255,Christensenella hongkongensis,MGYG000001632,Eubacterium_R sp900555015,Fournierella sp900543285,Acutalibacter sp000432995,UBA7160 sp902363665,SFFH01 sp900548125,Ruminococcus_E bromii_A,Collinsella sp900544135,Enterocloster sp000431375,CAG-617 sp000431275,MGYG000004107,CAG-95 sp000436115,Anaerostipes sp900066705,MGYG000001914,Oribacterium sp900770445,Clostridium sp900540255,Ruminococcus_E sp900314705,Clostridium_AQ innocuum,Collinsella sp900752475,Lawsonibacter sp900549405,CAG-127 sp900319515,MGYG000003162,MGYG000004669
rep832_seed2857	Flavonifractor sp900549795,Eubacterium_R sp000431535,Robertmurraya massiliosenegalensis,Haemophilus_D parainfluenzae_L,MGYG000004477,MGYG000003882,CAG-1427 sp900538545,Collinsella sp900555815,UMGS882 sp900757905,UMGS1384 sp900551265,UBA5394 sp900542615,CAG-590 sp900769115,MGYG000000736,MGYG000003798,UBA1777 sp900546515,MGYG000000547,UMGS1696 sp900763885,UBA7185 sp900556545,Akkermansia sp900548895,MGYG000000662,Enterocloster clostridioformis_A,Yersinia enterocolitica,UMGS1781 sp900555075,UBA1191 sp900549125,Bifidobacterium scardovii,Clostridium_AQ sp003481775,CAG-485 sp002491165,CAG-81 sp900556965,Limosilactobacillus reuteri_E,MGYG000003297,MGYG000004068,MGYG000004597,Lentilactobacillus hilgardii,UMGS263 sp900540535,CAG-273 sp902406115,Dialister sp900543165,MGYG000001727,Enterocloster sp000431375,Gemella morbillorum,Pseudomonas_E massiliensis,Ruminococcus sp002438605,Slackia_A piriformis,Bacteroides cutis,CAG-269 sp000431335,Fusobacterium_A sp900555845,Parabacteroides acidifaciens
rep833_seed2858	Dielma fastidiosa,Yokenella regensburgei,MGYG000003950,MGYG000004039,CAG-510 sp900550475,Agathobacter sp000434275,Massilistercora timonensis,UMGS1603 sp900553265,Collinsella sp900544115,Firm-11 sp900540045,KLE1615 sp900066985,Blautia_A sp900542045,MGYG000003338,Intestinibacter sp900540355,Olsenella_E sp003609875,Prevotella sp900767615,MGYG000002754,CAG-110 sp900546075,MGYG000004306,MGYG000000643,NSJ-61 sp003433845,Clostridium_X cadaveris,Collinsella sp902362275,Collinsella sp900752015,CAG-724 sp003524145,MGYG000004662,MGYG000000621,NK3B98 sp900758315,Megasphaera elsdenii,Collinsella sp900541785,Roseburia sp900550935,MGYG000000557,MGYG000002053,UMGS1370 sp900551135,UMGS1537 sp900543695,Collinsella sp900546825,CAG-631 sp900762575,MGYG000003299,Blautia_A sp900066335,Lachnoclostridium_B sp900543315,Parabacteroides sp900547435,Holdemania sp900120005,Bifidobacterium bifidum,MGYG000003322,UMGS1668 sp900768105,Campylobacter_A concisus_G
rep834_seed2859	HGM11575 sp900754775,Campylobacter_B sp900539505,Enterobacter mori,MGYG000004885,MGYG000004004,Megasphaera sp900540735,MGYG000001242,CAG-495 sp900551585,Lawsonibacter sp003478995,UBA1685 sp002320595,MGYG000004061,Acidaminococcus timonensis,Lysinibacillus fusiformis_D,Catenibacterium mitsuokai,CAG-81 sp000435795,MGYG000000721,UBA737 sp002431945,Peptoniphilus_E obesi,MGYG000004732,Butyricicoccus_A sp002395695,Pseudoflavonifractor capillosus,Ruminococcus_B sp900544395,MGYG000004346,MGYG000002702,CAG-485 sp900767075,QALS01 sp900552625,Bacteroides fragilis,MGYG000003717,MGYG000003441,Extibacter hylemonae,Bifidobacterium gallinarum,UMGS1002 sp900547565,QANA01 sp900554725,MGYG000002654,Collinsella sp900544425,TM7x sp900555675,UBA1409 sp002338885,CAG-273 sp003534295,Collinsella sp900541185,Enterocloster sp900555045,Holdemanella sp900754615,MGYG000000355,CAG-180 sp000432435,Faecalibacterium sp900539945,Enterocloster sp900753815,Collinsella sp900556285
rep835_seed2860	Lawsonibacter sp900066645,CAG-302 sp900548425,UBA1822 sp002314995,MGYG000000694,Streptococcus agalactiae,Enterocloster sp900753815,Bacteroides fragilis_A,Collinsella sp900554255,Butyricimonas sp900759925,CAG-83 sp000431575,MGYG000001666,UBA1417 sp900549945,Yersinia mollaretii,MGYG000000761,Phocaeicola sp900544675,Collinsella sp900554155,MGYG000004621,CAG-83 sp003539495,MGYG000003975,Enterobacter mori,CAG-492 sp900557195,Fusobacterium periodonticum_B,Frisingicoccus sp900549105,HGM11788 sp900760465,Prevotella sp002300055,MGYG000003900,MGYG000001844,MGYG000002642,Acutalibacter sp000432995,TM7x sp900556355,Blautia sp900753905,Paramuribaculum sp900760855,Clostridium cuniculi,Bacteroides clarus,Blautia sp000432195,Actinomyces sp900323545,MGYG000000589,Bacteroides_F pectinophilus,MGYG000001952,CAG-354 sp900555085,Streptococcus mitis_AC,MGYG000004811,MGYG000001743,MGYG000000733,Megasphaera sp001546855,MGYG000000693
rep836_seed2861	MGYG000000752,Clostridium_Q symbiosum,MGYG000004708,Dialister sp002320515,MGYG000004885,Streptococcus sp000187445,MGYG000004118,MGYG000002931,UBA5446 sp900543085,Acidaminococcus fermentans_A,MGYG000000733,MGYG000004621,UMGS268 sp900540175,Prevotella sp900769055,MGYG000004365,MGYG000003308,Merdimonas faecis,MGYG000000342,UMGS1312 sp900550625,Prevotella sp003447235,CAG-302 sp001916775,MGYG000000386,MGYG000004346,Faecalibacterium sp900539945,Streptococcus gordonii,Lachnospira sp900551945,Cedecea davisae,Alistipes sp900760675,MGYG000004264,Phocaeicola sp902388365,Clostridium_AQ innocuum,MGYG000001862,Ruminococcus_E sp900755995,Neisseria sp000186165,CAG-272 sp000433515,UMGS1071 sp900541905,Streptococcus pseudopneumoniae_O,Collinsella sp900542905,Anaerotruncus rubiinfantis,Dysosmobacter sp900556925,Agathobaculum sp900544475,MGYG000004116,MGYG000000432,SFFH01 sp900542395,Collinsella sp900541785,Eubacterium_R sp900539425
rep837_seed2862	Paramuribaculum sp900752995,Ruminococcus sp900540005,Collinsella bouchesdurhonensis,Enterocloster sp001517625,Catenibacillus sp900553975,MGYG000000359,Coprobacter secundus,MGYG000004741,Alistipes sp900769445,UBA10281 sp900548285,Veillonella sp900757715,MGYG000004430,Angelakisella sp003453215,Enterobacter_A timonensis,Bacteroides massiliensis_A,Acetatifactor sp003447295,Prevotella sp900762125,Lachnospira sp900551945,MGYG000004684,Gemmiger sp900556255,CAG-95 sp900554925,CAG-83 sp003539495,Collinsella sp900550185,Prevotella sp000436915,Prevotella bergensis,Enterocloster citroniae,MGYG000004519,MGYG000001142,Mediterraneibacter sp900553885,MGYG000000721,Clostridium_A leptum,Faecalimonas sp900551895,QALW01 sp003150515,MGYG000003897,Dorea_A sp900550865,Holdemanella sp900754615,Anaerostipes hadrus_A,Lachnoclostridium phytofermentans_A,UBA2882 sp900549665,QAKW01 sp003343605,Bacteroides xylanisolvens,Fusicatenibacter sp900772675,MGYG000001994,Bacteroides stercorirosoris,Ruminococcus_E sp900314705,MGYG000000609
rep838_seed2863	Murimonas intestini,UMGS1225 sp900549725,Collinsella sp900545555,Peptococcus niger,MGYG000004560,Collinsella sp900756725,Morganella morganii,Lactonifactor longoviformis,Citrobacter gillenii,Parabacteroides sp003480915,UBA1181 sp900769555,CHH4-2 sp002899675,MGYG000004098,F23-B02 sp900545805,MGYG000004583,AM51-8 sp900761925,UBA10281 sp900767885,MGYG000002650,Parvimonas micra,CAG-269 sp000431335,HGM04593 sp900770665,Collinsella sp900758845,Roseburia sp900753715,Holdemanella sp900754615,Collinsella sp900554655,Serratia liquefaciens,Gemmiger sp900539695,Bacteroides clarus,UMGS1370 sp900542035,Ruminococcus_C sp000437175,MGYG000001020,CAG-390 sp000437015,MGYG000004235,Campylobacter_B sp900539505,Clostridioides difficile,Prevotella sp900545525,MGYG000000713,Bacteroides cutis,Rahnella variigena,MGYG000003747,Peptoniphilus_A senegalensis,Collinsella sp902362275,Paraprevotella clara,Brachyspira pilosicoli,Collinsella sp900765185,Megasphaera elsdenii
rep839_seed2864	Lactococcus lactis,Veillonella_A seminalis,MGYG000001839,Megasphaera cerevisiae,Blautia sp900765525,Citrobacter_A amalonaticus,Odoribacter massiliensis,CAG-110 sp900554705,Alistipes sp900548155,Vibrio parahaemolyticus,CAG-110 sp003525905,MGYG000004782,Alistipes_A sp900549685,MGYG000002025,Phocaeicola sp900551065,MGYG000002699,Prevotellamassilia sp000437675,Merdimonas faecis,CAG-238 sp000435615,Lysinibacillus fusiformis_D,MGYG000002095,Collinsella sp900760905,Aggregatibacter segnis,Lachnospira sp900547255,UBA9506 sp003506415,Lactococcus_A raffinolactis,Veillonella sp900757715,MGYG000001195,UBA7173 sp001701135,Sellimonas intestinalis,UBA7597 sp900542935,QALS01 sp900552625,Prevotella buccae,RUG12045 sp900770325,Phascolarctobacterium_A sp900770955,MGYG000004628,Roseburia hominis,MGYG000003053,Fusobacterium_A sp900543175,Barnesiella sp002159975,MGYG000001832,HGM13006 sp900757695,Faecalibacterium prausnitzii_D,MGYG000000597,MGYG000004470,Prevotella sp900548585
rep840_seed2865	MGYG000004009,GCA-900066495 sp902362365,Bacteroides uniformis,CAG-877 sp900554305,ER4 sp003522105,Prevotella sp900770845,Prevotella sp900548745,Paraclostridium sordellii,UBA9502 sp003480315,Eubacterium_G sp000432355,Prevotella sp002480935,Pseudomonas citronellolis,Eubacterium_G sp000435815,Prevotella multisaccharivorax,MGYG000004863,Hydrogeniiclostridium mannosilyticum,MGYG000001049,UMGS1839 sp900555545,MGYG000000386,CAG-312 sp002437405,MGYG000003904,Faecalitalea cylindroides,CAG-269 sp900760175,Collinsella sp900542325,CAG-279 sp900541555,Firm-11 sp004556545,MGYG000004836,Rothia mucilaginosa_B,Collinsella sp900554655,Duncaniella sp900549445,Lancefieldella sp000564995,MGYG000000616,CAG-354 sp900555085,Collinsella sp900554325,MGYG000000425,Absicoccus sp000434355,MGYG000003289,MGYG000002604,MGYG000004837,MGYG000003829,Collinsella sp900553935,CAG-485 sp900552315,CAG-485 sp900554345,MGYG000000348,Acutalibacter sp900543555,CHH4-2 sp002899675
rep841_seed2866	Escherichia marmotae,Ruminococcus_B sp900544395,Alistipes sp900544265,UMGS1696 sp900763885,CAG-484 sp000431315,Ruminiclostridium_E sp003512525,Paramuribaculum sp900752995,QALR01 sp900542425,Acinetobacter johnsonii,Treponema_D sp900769975,Anaerobutyricum sp900754855,Collinsella sp900546115,MGYG000001575,CAG-103 sp900757655,MGYG000003112,MGYG000000378,Companilactobacillus farciminis,Frisingicoccus sp900753685,Hydrogeniiclostridium mannosilyticum,MGYG000000733,UBA1822 sp002314995,Oribacterium sp900770445,CAG-83 sp003539495,MGYG000003799,Faecalibacterium prausnitzii_G,Catenibacterium sp900764725,UBA738 sp900763675,Emergencia timonensis,Bacteroides sp900766005,MGYG000004693,MGYG000001114,Superficieibacter sp900766525,Oxalobacter formigenes,Massilistercora sp902406105,Neisseria sp000186165,MGYG000002692,Bacteroides congonensis,CAG-110 sp900547405,CAG-245 sp000435175,MGYG000004123,UBA3402 sp003478355,Raoultibacter timonensis,Clostridioides difficile,Duodenibacillus sp900552915,Peptostreptococcus sp900759325,Paraeggerthella hongkongensis
rep842_seed2867	CAG-145 sp000435715,AF33-28 sp003477885,CAG-1427 sp900556585,43-108 sp001915545,Eubacterium_I ramulus_A,MGYG000001952,Streptococcus sp902373455,Peptostreptococcus sp900759325,Blautia_A sp900551465,CAG-145 sp900545135,CAG-115 sp900768125,Blautia sp000432195,MGYG000003175,MGYG000003909,UBA11774 sp003507655,Bariatricus comes,Collinsella sp900556365,Acetatifactor sp003447295,Ruminococcus_A faecicola,MGYG000001137,Mediterraneibacter sp900541505,Ezakiella sp900540185,UMGS1781 sp900553695,Alistipes sp900552955,Enterococcus_D sp002850555,MGYG000002215,MGYG000002112,CAG-510 sp000434615,Lacticaseibacillus paracasei,Faecalibacterium prausnitzii_I,Barnesiella intestinihominis,Atlantibacter hermannii,UMGS263 sp900540535,RUG12045 sp900770325,MGYG000004864,Lachnoanaerobaculum orale,Bacteroides thetaiotaomicron,Clostridium_AQ sp000165065,Rothia dentocariosa,MGYG000004509,Ruminiclostridium_E sp900768735,Dialister succinatiphilus,Veillonella rogosae,MGYG000004660,RC9 sp900771005,UBA7160 sp900757145
rep843_seed2868	Prevotella pectinovora,Bacteroides graminisolvens,MGYG000004882,Prevotella sp002265625,Escherichia fergusonii,UBA4716 sp900556575,WG-1 sp900539665,UBA7182 sp003480725,NK3B98 sp900545815,CAG-45 sp000438375,UMGS1312 sp900550625,Parabacteroides faecis,NK3B98 sp900752305,Mailhella sp003150275,MGYG000004247,MGYG000002256,UBA7173 sp900546835,MGYG000004197,Veillonella_A sp900765165,Streptococcus sp000187445,Phocaeicola plebeius_A,RUG14107 sp900772685,Stoquefichus sp001244545,MGYG000004306,Phocaeicola sp002161765,MGYG000003322,MGYG000000585,MGYG000004824,Enterococcus_G italicus,CAG-964 sp902789345,MGYG000000616,Prevotella sp900548585,Salinicola tamaricis,CAG-83 sp900551355,Alterileibacterium massiliense,MGYG000003005,MGYG000002697,UMGS905 sp900540085,Limosilactobacillus timonensis,CAG-110 sp900553805,CAG-83 sp900556015,Azonexus sp900549295,Bacillus_J andreraoultii,HGM11372 sp900767715,Ruminococcus_E sp003521625,Lactobacillus crispatus
rep844_seed2869	MGYG000003294,MGYG000004768,CAG-127 sp900767585,MGYG000002170,UBA940 sp900768115,Odoribacter sp900541415,Collinsella sp900757705,MGYG000001666,MGYG000004700,Collinsella sp900549655,Acutalibacter sp900548545,HGM04593 sp900769465,Ruminococcus_E sp900314705,MGYG000004174,UBA11774 sp003507655,MGYG000002743,CAG-492 sp000434335,Collinsella sp900757495,Amulumruptor caecigallinarius,Faecalibacillus faecis,MGYG000003948,CAG-312 sp002405555,Citrobacter youngae,MGYG000002179,Bilophila sp902373525,UMGS902 sp900546635,HGM11588 sp900754755,MGYG000000746,MGYG000002657,CAG-170 sp900553545,MGYG000002642,CAG-484 sp900554385,CAG-485 sp900552315,Gastranaerophilus phascolarctosicola,Ruminococcus_E sp003526955,Prevotella sp900762125,MGYG000002017,Muricomes sp900604355,Prevotella pectinovora,UMGS1865 sp900547725,Prevotellamassilia sp900539625,CAG-302 sp900554615,Massiliomicrobiota sp002160815,Collinsella sp900550825,Faecalibacterium prausnitzii_E,AM07-15 sp003477405
rep845_seed2870	Butyricicoccus sp900547195,CAG-110 sp900547405,Collinsella sp900545555,CAG-180 sp004556705,CAG-110 sp003525905,MGYG000002624,MGYG000004704,COE1 sp900753305,Muribaculum sp002473395,Exiguobacterium sp003467445,Yersinia mollaretii,Eubacterium_I sp900546495,Lactobacillus ultunensis,CAG-484 sp900554385,Lactobacillus gasseri,MGYG000003053,Veillonella dispar_A,Eubacterium_R sp000433975,Phocaeicola sp900546645,Haemophilus_D parainfluenzae_N,MGYG000004007,Clostridioides difficile_A,Roseburia sp900756925,Prevotella sp900548195,Streptococcus equinus,Mobilibacterium sp900315625,Clostridium_E sporosphaeroides,Raoultibacter timonensis,CAG-475 sp900763875,Leminorella richardii,MGYG000003969,MGYG000003855,CAG-465 sp900554875,Eisenbergiella tayi,Prevotella sp900553965,MGYG000002092,Prevotella lascolaii,RC9 sp001915575,Clostridium celatum,MGYG000003833,UBA1691 sp900544375,MGYG000003822,Lancefieldella rimae,Barnesiella sp900538705,MGYG000001195,CAG-314 sp900551395
rep846_seed2871	Collinsella sp900550825,Ruminococcus_C callidus,MGYG000003766,CAG-238 sp900542245,Eubacterium_G sp900550135,MGYG000003867,Turicimonas sp900542195,Rothia mucilaginosa_A,MGYG000002901,Prevotella pectinovora,Enterococcus faecalis,Acutalibacter sp900755895,Stomatobaculum longum,MGYG000002182,Alistipes_A sp900546005,Caecibacter sp900549385,Sutterella sp900543805,CAG-110 sp900554705,MGYG000002629,Lysinibacillus fusiformis_D,Lactonifactor longoviformis,Pseudoruminococcus massiliensis,Cronobacter malonaticus,UBA5446 sp900544765,MGYG000003270,MGYG000003067,Sutterella wadsworthensis_A,MGYG000004868,UMGS1670 sp900548595,Blautia_A sp900553515,CAG-110 sp900544975,MGYG000003304,TM7x sp900555675,CAG-632 sp900539185,CAG-302 sp900548425,RC9 sp000431015,Phocaeicola sartorii,Selenomonas_C sp002351185,Frisingicoccus sp900753685,Prevotella sp900546575,UMGS731 sp900544985,HGM14224 sp900761905,MGYG000002575,MGYG000004583,MGYG000000688,Phocaeicola sp900066445
rep847_seed2872	Collinsella sp003470665,Leminorella grimontii,Anaerococcus sp900258475,UBA7173 sp900768685,Niameybacter sp900549765,MGYG000004599,Eubacterium_R sp900767025,Fusobacterium sp000235465,Prevotella sp900770395,Alistipes sp900760675,MGYG000003876,Desulfovibrio sp900540515,Blautia hansenii,CAG-272 sp000433515,F23-B02 sp001916715,UBA1259 sp900760875,Morganella morganii_B,Murdochiella vaginalis,Streptococcus parasanguinis_B,UBA1259 sp003523255,Collinsella sp900541145,Negativibacillus sp000435195,Bacteroides nordii,CAG-279 sp900541555,Salmonella enterica,CAG-873 sp900548975,QALS01 sp900552625,MGYG000004029,CAG-582 sp900760845,Acetatifactor sp900771995,MGYG000004325,Lacrimispora sp902363835,Eikenella corrodens,MGYG000002086,CAG-462 sp900765575,Ruminiclostridium_E sp003512525,CAG-83 sp900313295,Parabacteroides acidifaciens,Bacteroides sp900547205,Veillonella tobetsuensis,MGYG000004808,CAG-303 sp900539455,Faecalibacterium sp900539885,MGYG000003871,CAG-269 sp900553125,MGYG000003716
rep848_seed2873	Turicibacter sp001543345,CAG-485 sp900547755,HGM13006 sp900757695,UMGS1322 sp900550765,Firm-10 sp004552515,MGYG000002255,MGYG000004519,CAG-269 sp900760175,Bacteroides cutis,Holdemanella sp003458715,CAG-873 sp900550395,Prevotella sp900556825,Bacteroides sp900766005,Agathobaculum sp900557315,MGYG000004596,MGYG000001643,UMGS902 sp003343845,F23-B02 sp004557075,Holdemanella sp003436425,MGYG000003850,Prevotella nigrescens,Yersinia aleksiciae,Dialister sp900557365,MGYG000004009,Collinsella sp900553215,Collinsella sp900756725,Blautia_A faecis,MGYG000004007,ER4 sp900768135,Barnesiella sp003150885,MGYG000002712,Prevotella sp900550365,MGYG000002828,Lagierella massiliensis,UBA7102 sp900760085,Eubacterium_R sp000434995,Dorea_B phocaeensis,MGYG000002046,MGYG000003315,TM7x sp900557595,Prevotella sp900557405,MGYG000003338,CAG-485 sp001701295,MGYG000004591,Clostridium_Q sp900547735,Salinicola tamaricis
rep849_seed2874	Latilactobacillus curvatus,Collinsella sp900541285,CAG-632 sp002406015,MGYG000004607,Blautia_A sp900549015,Ruminococcus_E sp003526955,UBA1691 sp002320555,CAG-238 sp900542245,Hungatella sp005845265,Enterococcus_A devriesei,Gemmiger sp900556255,Collinsella sp900545075,Brachyspira pilosicoli,Alistipes sp900542505,Dysosmobacter sp900546705,Blautia_A sp900066205,Dysosmobacter sp900752075,UMGS1600 sp900553295,Paramuribaculum sp000431155,UBA1777 sp900549485,Actinomyces sp900323545,Prevotella sp900544495,Bifidobacterium italicum,UBA5905 sp900764115,Campylobacter_A concisus_I,Peptacetobacter sp900539645,Veillonella_A sp900765165,Enterocloster sp900547035,Porphyromonas sp900539155,BX12 sp902363595,Tidjanibacter inops_A,Mailhella sp003150275,Prevotella sp900548745,Weizmannia coagulans,CAG-238 sp900551415,UBA5026 sp900557305,MGYG000002712,Sporanaerobacter acetigenes,MGYG000000588,Evtepia sp900546255,CAG-279 sp000437795,MGYG000004449,MGYG000004647,MGYG000000387,MGYG000004873,Prevotella sp900762125
rep850_seed2875	Zag1 sp900769355,UBA1191 sp900545775,Proteus sp003144505,MGYG000004874,UMGS1696 sp900753285,UBA6382 sp900557555,Enterobacter cancerogenus,UMGS902 sp900546635,AM51-8 sp900761925,MGYG000003936,Streptococcus sp902373455,Neisseria sp000186165,Bruticola sp900772775,UBA9502 sp900555625,MGYG000000745,Collinsella sp900544865,MGYG000003745,MGYG000004383,Yersinia intermedia,Kosakonia cowanii,Proteus vulgaris,MGYG000004154,Dysosmobacter sp001916835,UBA3388 sp900545215,Collinsella sp003436275,UBA1685 sp002320595,MGYG000001685,MGYG000000512,Veillonella sp900552715,MGYG000004793,Collinsella sp900759565,Oribacterium sinus,MGYG000001219,MGYG000002766,Pauljensenia bouchesdurhonensis,Parvimonas micra,CAG-194 sp000432915,UMGS731 sp900544985,CAG-110 sp900554705,MGYG000000456,Coprococcus sp900548215,Lawsonibacter sp900550705,UBA7748 sp900314535,MGYG000002064,CAG-103 sp900543625,Prevotella sp900556395
rep851_seed2876	MGYG000001585,Acutalibacter sp900543555,UMGS1600 sp900553315,UBA4871 sp014467055,Prevotella sp900313215,Bulleidia sp900539965,MGYG000003509,Faecalitalea cylindroides,CAG-110 sp900548795,MGYG000002753,CAG-269 sp900553125,Bacteroides ovatus,UBA4285 sp900545225,Prevotella multisaccharivorax,MGYG000003175,Alistipes sp001941065,CAG-103 sp900757655,MGYG000004007,MGYG000000481,UMGS1293 sp900754495,Collinsella sp900549455,Collinsella sp003469205,MGYG000000443,Collinsella sp900541125,CAG-462 sp003489705,CAG-145 sp900542295,HGM12998 sp900756495,Emergencia sp900066695,Chimaeribacter coloradensis,Barnesiella sp003150885,MGYG000004807,CAG-964 sp902789345,Turicibacter sp001543345,RC9 sp900546395,Collinsella sp900541045,Rothia dentocariosa,MGYG000004657,Prevotella sp002251385,Anaerobutyricum hallii,UMGS946 sp900547135,Terrisporobacter glycolicus_A,Alistipes sp900544265,COE1 sp900753305,Prevotella sp900767615,UBA2882 sp002362385,UBA7185 sp900556545
rep852_seed2877	Acetatifactor sp900772845,Lacticaseibacillus rhamnosus,Bacillus_A luti,MGYG000000597,Eubacterium_R sp000431535,Finegoldia magna,Enterobacter asburiae_B,Kluyvera ascorbata_B,MGYG000004037,MGYG000000286,Blautia sp002161285,Clostridium_J ihumii,Collinsella sp002391315,MGYG000000393,Emergencia sp900551775,Zag1 sp000438175,MGYG000004599,Blautia sp900765525,Akkermansia muciniphila_B,Collinsella sp003466125,MGYG000002921,ER4 sp900552015,Clostridium sp900547475,Pauljensenia radingae_A,CAG-110 sp900546915,Faecalibacterium sp900551435,MGYG000002680,Amedibacillus dolichus,Lachnoanaerobaculum umeaense,UBA1685 sp002320595,MGYG000004411,Porphyromonas_A sp001808555,MGYG000000450,MGYG000001142,UMGS856 sp900760305,QALR01 sp900553085,Haemophilus_D sp900756875,Collinsella sp900540855,Alistipes_A sp900546005,MGYG000003289,UBA5394 sp900542615,Streptococcus oralis_W,RC9 sp900541925,UBA1691 sp900544715,CAG-882 sp000435595,Porphyromonas uenonis
rep853_seed2878	UMGS731 sp900544985,Collinsella sp900547805,MGYG000001859,MGYG000004628,CAG-1427 sp900546175,MGYG000004756,CAG-269 sp900556345,Catenibacterium sp900764725,Parolsenella uli_B,Catenibacterium mitsuokai,MGYG000000693,MGYG000002624,Faecalimonas sp000209385,UBA10281 sp900556195,MGYG000004901,UMGS874 sp900546315,UBA9506 sp003506415,Leminorella grimontii,MGYG000000738,Bruticola sp004554425,Fusobacterium nucleatum,MGYG000003053,MGYG000004849,Murdochiella massiliensis,Lactobacillus paragasseri,Blautia_A sp900551465,Bacteroides ovatus,Collinsella sp900553215,1XD42-69 sp014287635,MGYG000004364,Klebsiella quasipneumoniae,UBA1394 sp900066845,Frisingicoccus sp900753685,Slackia_A sp900553775,MGYG000002255,Bacteroides sp900555635,MGYG000004035,UBA7173 sp900552325,Campylobacter_B sp900539505,Prevotella sp900769055,Collinsella sp900547345,Streptococcus sobrinus,CAG-83 sp003487665,MGYG000003867,Mitsuokella sp003458855,Blautia_A schinkii
rep854_seed2879	Collinsella sp900556605,Collinsella sp900547805,Agathobaculum sp900555465,Collinsella sp900762345,Lactobacillus acidophilus,Bifidobacterium animalis,Streptococcus sp900755085,Bulleidia sp900539965,Pauljensenia sp000411415,MGYG000000589,Phocaeicola sp900546095,UMGS902 sp003343845,UBA7057 sp900543675,MGYG000002809,Odoribacter sp900548135,Paraprevotella sp003477995,CAG-317 sp000433535,CAG-724 sp003524145,Haemophilus_D parainfluenzae,MGYG000004596,MGYG000002063,SFFH01 sp900542445,MGYG000004750,MGYG000003299,Anaerococcus rubeinfantis,Prevotellamassilia sp900542795,Lachnoclostridium phytofermentans_A,Porphyromonas gingivalis,UBA10281 sp900767885,Veillonella sp900545205,Collinsella sp900550185,Oribacterium sp900770445,MGYG000002052,Prevotella sp900770025,MGYG000004868,MGYG000000713,MGYG000001114,Phocaeicola sp900552645,Lachnospira sp900772425,Lawsonella clevelandensis,Parabacteroides chinchillae,Bifidobacterium gallinarum,MGYG000003869,MGYG000004560,MGYG000003490,Kosakonia cowanii
rep855_seed2880	CAG-831 sp902388455,Senegalimassilia faecalis,Megasphaera sp900539295,Chimaeribacter arupi,UBA5446 sp900546485,Pauljensenia sp902373435,Prevotella sp900762125,Massilimaliae timonensis,Dialister sp900543455,UBA2882 sp900542015,MGYG000004870,MGYG000004135,MGYG000004387,Angelakisella sp900547385,UBA738 sp003522945,Lactobacillus gallinarum,MGYG000000432,Lactonifactor sp009677585,MGYG000004408,MGYG000003254,SFFH01 sp900542395,Paramuribaculum sp900759835,MGYG000003863,Sellimonas sp002161525,MGYG000004560,MGYG000000411,Collinsella sp900756725,Collinsella sp900552995,MGYG000000387,Veillonella dispar,MGYG000003212,Methanosphaera sp900322125,UMGS1397 sp900761355,CAG-196 sp900553895,43-108 sp001915545,UMGS1071 sp900541905,MGYG000002203,Fusobacterium_B sp900554885,Blautia sp001304935,Collinsella stercoris,UMGS1826 sp900555435,Prevotella sp900546345,Paramuribaculum sp900546365,Paramuribaculum sp900752995,RUG115 sp900066395,Firm-11 sp004556545
rep856_seed2881	Yersinia aleksiciae,AM51-8 sp900546435,Clostridioides difficile,Proteus vulgaris,Dysgonomonas mossii,Alistipes timonensis,Desulfovibrio legallii,Allisonella histaminiformans,Blautia_A sp900549015,MGYG000004699,Faecalimonas phoceensis,NSJ-61 sp003433845,Prevotella veroralis,Collinsella sp900551195,Phocaeicola sp000432735,Haemophilus_D parainfluenzae_N,Alistipes_A sp900539755,MGYG000000339,MGYG000004172,Collinsella sp900541145,Enorma sp900751795,UMGS1781 sp900554635,Parabacteroides sp900540715,UBA737 sp900754145,Clostridium_AQ innocuum,Morganella morganii,MGYG000002176,Faecalibacterium sp900539945,Phocaeicola sp900544075,UBA7173 sp900759895,Prevotella sp900543585,Blautia_A sp900547615,MGYG000004790,Ruthenibacterium sp900546885,CAG-484 sp000431315,Ruthenibacterium lactatiformans,Ruminococcus_E sp900314705,Actinomyces graevenitzii,Weissella confusa,MGYG000002610,Prevotella sp900547005,CAG-465 sp900554875,Erysipelatoclostridium ramosum,Enterocloster sp900547035,Pseudomonas aeruginosa,Blautia coccoides
rep857_seed2882	Niameybacter sp900549765,Lacrimispora sp902363835,Fournierella sp004558145,Collinsella aerofaciens_K,Coprobacter secundus,MGYG000000693,Gordonibacter pamelaeae,CAG-41 sp900066215,UMGS1004 sp900761685,MGYG000004880,MGYG000001825,MGYG000000298,Parvimonas micra,UMGS1293 sp900550385,MGYG000004148,Romboutsia timonensis,Prevotella jejuni,CAG-485 sp900555915,MGYG000004791,CAG-269 sp900553125,CAG-492 sp900557195,Streptococcus agalactiae,MGYG000000210,Lawsonibacter sp900066645,MGYG000001880,Acinetobacter baumannii,Eubacterium_R sp900547915,Eubacterium_R sp900539775,Blautia_A sp000436615,Collinsella sp900542965,CAG-83 sp900313295,MGYG000001886,Paraprevotella xylaniphila,MGYG000000342,MGYG000000724,CAG-317 sp000433535,Granulicatella sp001058355,Faecalibacterium prausnitzii_D,HGM11588 sp900754755,HGM13010 sp900754965,Catenibacterium mitsuokai,CAG-110 sp900770015,MGYG000002017,MGYG000004864,Gemmiger sp900540595,BX12 sp902363595
rep858_seed2883	Anaerotruncus rubiinfantis,Lachnoclostridium sp900078195,Bacteroides_F pectinophilus,MGYG000003823,Eubacterium limosum,Faecalibacterium sp900772565,UMGS1783 sp900555065,CAG-269 sp000431335,Actinobaculum massiliense,UMGS1872 sp900549475,Finegoldia magna_H,Collinsella sp900550415,CAG-110 sp900547405,CAG-110 sp900544405,Odoribacter sp900541415,OM05-12 sp003438995,MGYG000000609,Agathobacter sp900546625,CAG-83 sp003539495,Phil1 sp004558525,Prevotella sp900317685,Collinsella sp900541645,MGYG000004197,Faecalibacterium sp900539945,MGYG000003167,Collinsella sp900548515,UMGS1537 sp900543695,Lachnospira sp900552795,UMGS1781 sp900555075,UBA1409 sp900760125,F23-B02 sp000431075,Phocaeicola sp002161565,Collinsella sp900754385,Anaerococcus rubeinfantis,MGYG000003297,MGYG000001871,Anaerotignum lactatifermentans,Enterocloster sp900770345,MGYG000000818,Lachnospira sp900551945,QALR01 sp900542425,Collinsella sp900541185,Sutterella sp900543805,Dialister succinatiphilus,CAG-488 sp000434055,Peptoniphilus_A senegalensis
rep859_seed2884	Parabacteroides sp014287585,Parabacteroides distasonis,F082 sp900769945,Negativibacillus sp900547455,Clostridium_AQ sp000165065,Anaeromassilibacillus sp002159845,MGYG000003296,Clostridium_J ihumii,Duncaniella sp900762315,Prevotella colorans,Sellimonas intestinalis,Bacteroides acidifaciens,MGYG000001049,MGYG000001594,Clostridium_E jeddahense,UMGS1109 sp900548675,Lachnospira eligens_A,Enterococcus_A devriesei,V9D3004 sp002349525,UMGS1663 sp900753245,MGYG000004519,Pseudoruminococcus sp902765855,Mesosutterella massiliensis,UBA5446 sp900544295,MGYG000003773,Faecalibacterium prausnitzii_F,Veillonella tobetsuensis,Eubacterium_G sp000434315,Eubacterium_R sp000436835,Ruthenibacterium sp900546885,Lancefieldella sp900555335,MGYG000003294,Streptococcus oralis_W,Fusobacterium nucleatum_E,Alistipes shahii,Collinsella sp900542825,Parabacteroides goldsteinii,Mediterraneibacter faecis,MGYG000000728,Phocea massiliensis,MGYG000001826,Kosakonia cowanii,UMGS1518 sp900552575,MGYG000003167,MGYG000000334,CAG-269 sp003525075
rep860_seed2885	MGYG000003356,Collinsella sp900754275,MGYG000004177,MGYG000004549,Clostridium_B sp902809985,UMGS1397 sp900551425,Alistipes dispar,CAG-793 sp000433915,UBA737 sp900547305,UMGS1590 sp900759105,Coprococcus sp900066115,Hydrogeniiclostridium mannosilyticum,MGYG000002659,Lawsonibacter sp900545895,MGYG000004837,CAG-56 sp900752065,UMGS1109 sp900548675,UMGS874 sp900546315,UMGS1370 sp900542035,MGYG000000795,MGYG000004556,UMGS2055 sp900557635,Streptococcus koreensis,Streptococcus sp900546335,Bifidobacterium pseudocatenulatum,MGYG000004024,Slackia_A sp900553775,Eubacterium_G ventriosum,Lachnoclostridium_B sp000765215,MGYG000003934,CAG-274 sp900545305,UBA5446 sp900546485,CAG-590 sp000431135,Prevotella sp900315955,CAG-793 sp900557475,Prevotella oris,Faecalibacterium sp900765105,CAG-83 sp900555735,Collinsella sp002391315,Mediterraneibacter sp900553885,Christensenella timonensis,MGYG000004118,Phocaeicola massiliensis,Prevotella lascolaii,CAG-81 sp900541255,ER4 sp900546295
rep861_seed2886	MGYG000003109,CAG-269 sp000435535,MGYG000004519,Marseille-P3106 sp900543935,Alistipes_A sp900539755,UBA4871 sp014467055,Porphyromonas asaccharolytica,MGYG000003797,Eisenbergiella sp900550285,Peptacetobacter sp900539645,UMGS856 sp900546265,Eubacterium_R sp900540305,MGYG000002677,Dialister sp900541605,CAG-127 sp900319515,Collinsella sp900549345,Campylobacter_A concisus_I,Haemophilus_D parainfluenzae_M,Anaerococcus rubeinfantis,Proteus penneri,UBA2856 sp900555005,Peptococcus niger,Desulfovibrio sp900540515,QAMM01 sp900762715,Caecibacter massiliensis,MGYG000004604,Collinsella sp900544725,UBA6382 sp900557555,Coprococcus sp000154245,Eisenbergiella sp900548905,Dorea formicigenerans,MGYG000004680,Collinsella sp900757505,UBA866 sp900543295,CAG-81 sp900066535,MGYG000004312,Robinsoniella sp900540475,Bacteroides ovatus,Collinsella sp900544875,HGM12650 sp900761725,RC9 sp000431015,MGYG000000688,Pantoea anthophila,Prevotella rara,CAG-617 sp900553285,Peptostreptococcus anaerobius
rep862_seed2887	Bacteroides sp902388495,ER4 sp900317525,UMGS1815 sp900555345,Prevotella sp900770395,MGYG000003067,MGYG000002712,Bifidobacterium globosum,Eubacterium_R sp900767025,Bacteroides_F pectinophilus,Catenibacterium sp000437715,Cronobacter sakazakii,MGYG000000594,Actinomyces oris,UBA4855 sp900540395,MGYG000004646,UBA4285 sp900542465,Lactonifactor sp009677585,UMGS929 sp900546875,Kluyvera ascorbata_B,Veillonella parvula_A,Collinsella sp900765115,CAG-1193 sp900550145,CAG-882 sp900545455,Ellagibacter sp900554945,MGYG000004881,MGYG000000709,CAG-617 sp000431275,Senegalimassilia anaerobia,Veillonella sp900757715,MGYG000001837,Prevotella sp000435635,MGYG000003578,MGYG000004713,MGYG000003840,CAG-127 sp900553925,QALW01 sp900552055,Eubacterium_R coprostanoligenes,Gabonibacter sp900543425,MGYG000001568,F082 sp900542475,MGYG000000682,Hydrogeniiclostridium sp900550095,MGYG000004628,Phocaeicola sp900066445,CAG-793 sp000433915,Collinsella sp900757235
rep863_seed2888	CAG-484 sp900554385,MGYG000003909,Blautia sp900555025,Plesiomonas shigelloides,MGYG000002740,Lacrimispora sp902363735,MGYG000000656,Fusobacterium_A sp900543175,Turicibacter sanguinis,UBA9502 sp003480315,CAG-95 sp900554925,CAG-194 sp000432915,QALR01 sp900552255,Faecalibacillus sp900544435,Agathobacter sp900548765,SFFH01 sp900548125,Citrobacter europaeus,Butyricimonas virosa,Clostridium septicum,Collinsella sp003436275,Frisingicoccus sp900753685,Adlercreutzia celatus_A,UBA9502 sp003478505,Eubacterium_R sp000436835,UBA11471 sp900542765,UBA5446 sp900546485,UBA1390 sp900764045,RC9 sp900545245,Veillonella sp900538355,MGYG000001028,HGM11507 sp900761005,SFDB01 sp004558825,UMGS1591 sp900553255,Finegoldia magna_H,Lachnospira sp900552795,MGYG000004171,UMGS1293 sp900550385,Prevotella sp900548745,CAG-81 sp000435795,Collinsella aerofaciens_E,Collinsella sp900543615,Bifidobacterium italicum,Eubacterium_G ventriosum,HGM11368 sp900772745,Pantoea sp002920175,Bifidobacterium pseudocatenulatum
rep864_seed2889	Blautia_A sp900763175,Veillonella tobetsuensis,Collinsella sp003459505,Prevotella sp000434975,CAG-269 sp001916035,CAG-269 sp003525075,UBA2882 sp002362385,Rubneribacter badeniensis,Muricomes sp000509105,UBA7748 sp900314535,GCA-900066755 sp900066755,CAG-177 sp003538135,HGM05232 sp900759955,MGYG000004873,Streptococcus salivarius,UBA4716 sp900556575,Fenollaria timonensis,Collinsella sp900542905,MGYG000004103,UBA5394 sp900542615,MGYG000004112,Collinsella sp003479805,MGYG000000752,MGYG000004061,Eubacterium_R sp900555015,MGYG000001906,Gemmiger sp900540775,Zag1 sp000438175,Slackia_A sp900553775,Prevotella sp900552675,Phascolarctobacterium sp900544795,Collinsella sp900549655,Streptococcus sp902363395,Paraeggerthella hongkongensis,Kluyvera ascorbata,MGYG000004098,MGYG000004024,MGYG000000876,Christensenella hongkongensis,MGYG000003752,MGYG000003717,Paramuribaculum sp009775605,MGYG000004713,Streptococcus constellatus,MGYG000004858,Citrobacter freundii
rep865_seed2890	MGYG000000516,Eubacterium_F sp900539115,RC9 sp900546395,UMGS1338 sp900550805,Anaerobutyricum sp900754855,Marseille-P3106 sp900543935,Fusobacterium massiliense,UBA1685 sp002320595,ER4 sp900552375,Collinsella sp900554465,RC9 sp000431015,GCA-900066495 sp900066495,UMGS1668 sp900553955,Prevotella sp900546535,MGYG000004655,Ezakiella massiliensis,MGYG000001935,UMGS1253 sp900550065,Ruthenibacterium sp900759375,MGYG000004553,MGYG000003816,UBA4871 sp014467055,Citrobacter_A farmeri,UBA4855 sp900540395,Collinsella aerofaciens_J,UBA1691 sp900544715,Collinsella sp002232035,Gordonibacter sp003339845,CAG-877 sp900753325,Eubacterium_I sp900066595,MGYG000004656,OM05-12 sp900760755,Mobilibacterium timonense,Negativibacillus massiliensis,CAG-145 sp000435715,Evtepia sp900758955,Prevotellamassilia sp900556465,PeH17 sp900542285,SFTJ01 sp004557385,UBA5446 sp900759385,CAG-390 sp000437015,MGYG000001189,Acutalibacter sp000432995,Bacteroides eggerthii,CAG-194 sp000432915,UBA11471 sp900542765
rep866_seed2891	UBA1181 sp900769555,MGYG000004870,Lancefieldella sp900555335,Agathobacter sp900543445,RC9 sp001915575,MGYG000001844,Ruminococcus_C sp900770195,UBA1409 sp900760125,CAG-110 sp900544975,Yersinia pestis,Blautia_A sp000285855,MGYG000002791,UMGS1477 sp900553845,Oxalobacter sp900760095,Firm-11 sp900553905,ER4 sp000765235,TF01-11 sp000436755,Collinsella sp900551015,Dysosmobacter sp900542115,Streptococcus sp900550895,Lactobacillus iners,Eubacterium maltosivorans,Ruminococcus sp900752785,Enteroscipio rubneri,CAG-354 sp900555085,Collinsella sp900541025,MGYG000004704,Eubacterium_I sp900557275,Desulfovibrio piger,Collinsella sp900544725,MGYG000001811,Pseudescherichia vulneris,Granulicatella adiacens,MGYG000000356,Escherichia albertii,Clostridium neonatale,CAG-180 sp004556705,Collinsella sp900542315,MGYG000004119,Klebsiella pneumoniae,Niameybacter sp900549765,MGYG000004325,UMGS1590 sp900759105,Butyricimonas sp003479425,Collinsella sp900553705,Odoribacter sp900544025
rep867_seed2892	Yersinia kristensenii_B,MGYG000003914,Schaedlerella sp900765975,UBA4285 sp900545225,Lawsonibacter sp900545895,CAG-485 sp900552315,Collinsella sp900541185,MGYG000003212,CAG-485 sp900321585,MGYG000004583,Parasutterella sp000980495,Leclercia adecarboxylata_C,Raoultella ornithinolytica,Ruthenibacterium sp900759375,Longibaculum sp900538465,Butyricimonas virosa,MGYG000004049,MGYG000000350,CAG-110 sp900548795,Phocaeicola sp900544075,Pauljensenia sp001838165,RC9 sp001915575,Dysgonomonas mossii,MGYG000004428,UMGS1370 sp900542035,UMGS1387 sp900551295,UBA940 sp900768115,MGYG000003910,Lachnospira sp003537285,MGYG000001903,CAG-448 sp003150135,Methanosphaera cuniculi,MGYG000004210,MGYG000001717,Fusobacterium_A varium_A,Veillonella rogosae,UBA1191 sp900066305,Odoribacter sp900544025,Fusobacterium_A sp900549465,Collinsella sp900553415,CAG-95 sp000438155,MGYG000003980,MGYG000004765,Clostridium_AQ innocuum,CAG-873 sp900755985,Faecalimonas umbilicata
rep868_seed2893	Christensenella minuta,UMGS1783 sp900555065,Acinetobacter johnsonii,MGYG000002055,Blautia sp900555025,Fusobacterium_A sp900764925,UMGS1071 sp900541905,Streptococcus sp900550895,CAG-83 sp902388735,MGYG000000346,MGYG000004876,TF01-11 sp003149875,Collinsella sp900554155,BX12 sp014333425,MGYG000004808,MGYG000004170,Paraeggerthella hongkongensis,Raoultibacter timonensis,Collinsella aerofaciens_J,SFMI01 sp004556155,Ruminococcus_G gauvreauii,Mixta calida,Anaeroglobus micronuciformis,Alistipes sp902388705,MGYG000004154,Stomatobaculum sp002892395,Collinsella sp900549355,MGYG000004432,CAG-115 sp002492075,Negativibacillus sp900547455,Butyricimonas faecalis,MGYG000002176,Dysosmobacter sp004553545,UBA737 sp900547445,UMGS1603 sp900759005,UMGS1865 sp900768535,Blautia_A sp900551465,Serratia liquefaciens,Paraclostridium sordellii,Varibaculum timonense,Porphyromonas asaccharolytica,UMGS1279 sp900761625,Hungatella_A hathewayi_A,ER4 sp900550165,Firm-11 sp004556545,MGYG000004756
rep869_seed2894	Klebsiella variicola,CAG-83 sp003487665,Collinsella sp902362275,Amedibacterium intestinale,Collinsella sp900542825,Phocaeicola sp900544075,Gemmiger variabilis_A,Blautia_A sp900549015,UBA737 sp900547445,MGYG000003917,MGYG000004098,MGYG000002697,UMGS1864 sp900555835,CAG-724 sp900551005,Prevotella sp002299635,Lactobacillus iners,Prevotella sp004556065,Anaerobutyricum hallii,MGYG000000711,Arabia massiliensis,CAG-632 sp000431515,Pantoea brenneri,Faecalimonas sp900546325,Porphyromonas sp900539765,MGYG000000745,MGYG000001219,CAG-1427 sp900553605,MGYG000003045,Muribaculum sp002358615,Ruminococcus_E sp003526955,F082 sp002633315,MGYG000004062,Lacrimispora sp902363835,UBA7102 sp900760085,Alistipes sp000434235,Collinsella sp900548935,Pauljensenia sp001064145,Massilicoli timonensis,Alistipes sp900550925,MGYG000003747,UBA9502 sp900538475,Prevotella intermedia,Ruminococcus_C sp900765125,Alistipes provencensis,CAG-452 sp900770415,Collinsella sp900552155
rep870_seed2895	MGYG000004822,CAG-95 sp900554925,Amulumruptor sp001689515,CAG-582 sp900760845,Eubacterium_R sp900543795,Collinsella sp900553705,MGYG000000443,Streptococcus sp900555155,MGYG000003822,Prevotella sp900555035,CAG-56 sp900752065,Blautia_A sp900549015,Collinsella sp900541015,Collinsella sp900549715,Massilioclostridium methylpentosum,UMGS995 sp900769695,UBA1740 sp900767415,Absicoccus sp000434355,Collinsella sp900539035,Veillonella sp900757715,Scardovia wiggsiae,MGYG000001804,Bacteroides caccae,Odoribacter massiliensis,Prevotella sp900769275,Collinsella aerofaciens_K,Dialister succinatiphilus,MGYG000000763,Peptoniphilus_A lacrimalis,MGYG000003644,UBA1394 sp900066845,Raoultibacter timonensis,Phocaeicola sp000432735,TM7x sp900555885,MGYG000004188,MGYG000004503,Roseburia sp003470905,Turicimonas sp900542195,MGYG000004609,Eubacterium_I ramulus_A,Collinsella sp002391315,Pantoea septica,Prevotellamassilia sp004552865,MGYG000002654,F23-B02 sp002472405,Prevotella sp900547005
rep871_seed2896	Pseudobutyrivibrio fibrisolvens_A,MGYG000002745,SFDP01 sp900770785,Prevotella sp900552515,Collinsella sp900556205,Enterobacter roggenkampii,Collinsella sp900551655,Citrobacter freundii,MGYG000004199,MGYG000003800,Parabacteroides sp900547435,Brachyspira pilosicoli,Eubacterium_R sp900547915,Intestinimonas butyriciproducens,Acetatifactor sp900771995,Enterococcus_B hirae,Prevotella sp900545525,MGYG000003869,MGYG000004443,CAG-279 sp900541555,An92 sp900199495,UMGS692 sp900544545,Streptococcus mitis_AC,Megamonas sp900554895,UMGS1253 sp900550065,UMGS268 sp900540705,HGM11507 sp900761005,Cutibacterium acnes,Yersinia aleksiciae,Massiliomicrobiota sp002160865,Peptoniphilus_A senegalensis,CAG-485 sp900321585,Collinsella sp900548365,Phocaeicola sp900551645,Finegoldia magna_F,MGYG000003977,Enterobacter kobei,Lactobacillus gallinarum,CAG-145 sp000435715,Parabacteroides sp900552465,Olsenella sp900555995,Faecalibacterium sp900539885,CAG-288 sp000437395,Gemmiger sp900548355,Eubacterium_M sp900540015,UMGS1537 sp900543695
rep872_seed2897	Collinsella sp900556445,MGYG000004718,MGYG000001195,Dorea_A longicatena_B,UMGS403 sp900540865,Collinsella sp900552995,Collinsella sp900765185,MGYG000003934,Marvinbryantia formatexigens,UMGS995 sp900547465,Collinsella sp900550415,Parabacteroides gordonii,Eubacterium_R sp900540235,Enterocloster bolteae,Gordonibacter urolithinfaciens,MGYG000003470,Eubacterium_I ramulus_A,Fournierella massiliensis,An181 sp002160325,Phocaeicola sp900066445,Collinsella sp900552705,CAG-103 sp900543625,Alistipes provencensis,Blautia_A sp900547615,MGYG000003970,Blautia_A sp000285855,Muricomes sp000509105,CAG-110 sp900763965,Prevotella jejuni,UMGS856 sp900760305,Eggerthella sp014287365,MGYG000002055,CAG-269 sp900553985,MGYG000004822,MGYG000003136,Beduini sp900550005,Citrobacter youngae,UBA4716 sp900556575,Prevotella sp900770845,Ruminococcus_E sp002493635,CAG-354 sp900552655,CAG-103 sp004556965,Limosilactobacillus reuteri_E,HGM12650 sp900761725,Streptococcus sobrinus,Sporanaerobacter acetigenes
rep873_seed2898	Acetatifactor sp900760705,MGYG000001780,51-20 sp001917175,Collinsella sp900553415,Collinsella sp900556495,Senegalimassilia sp900550055,UBA1711 sp900771365,UMGS966 sp900761965,SFHK01 sp004556395,Bilophila sp900553145,Barnesiella sp900538705,Ligilactobacillus sp900765635,UBA7102 sp900760085,RC9 sp000432515,MGYG000000589,BX12 sp014333425,Lachnospira sp900551945,Anaerostipes sp900756035,Collinsella sp900539035,Anaerofustis sp900549875,V9D3004 sp900760345,Gastranaerophilus phascolarctosicola,UMGS995 sp900769695,UMGS1670 sp900546215,CAG-882 sp003486385,MGYG000002743,Longibaculum muris,MGYG000004873,Muribaculum sp003150235,Enterocloster sp900555905,MGYG000000432,MGYG000004888,Nitratidesulfovibrio vulgaris,CAG-269 sp900760175,Bacteroides sp900556215,MGYG000003308,Veillonella tobetsuensis,Eubacterium_R sp900543795,RC9 sp900546445,MGYG000002035,HGM04593 sp900769465,Phascolarctobacterium sp900554395,Megasphaera massiliensis,UMGS966 sp900547185,Succiniclasticum sp900544275,Fusobacterium_B sp900554885
rep874_seed2899	MGYG000001736,Blautia_A sp900763175,MGYG000003768,Negativibacillus sp900547015,MGYG000002099,Oribacterium sinus,Dialister sp900547785,UBA11471 sp900542765,Porphyromonas_A sp900541275,UMGS1384 sp900551265,CAG-1024 sp000432015,Butyricimonas sp900759925,Succinatimonas hippei,MGYG000001817,Eubacterium_G sp000434315,Clostridium_AQ sp003481775,Fusobacterium_A varium_A,UBA5446 sp900546485,MGYG000000346,MGYG000002035,Butyricimonas sp900761485,MGYG000000761,F082 sp900769945,Eubacterium_F sp900539115,MGYG000002791,MGYG000002255,Mediterraneibacter sp900553885,Anaerosalibacter massiliensis,Coprococcus_A catus,Eisenbergiella sp900544445,MGYG000000626,MGYG000004662,Lactobacillus acidophilus,Collinsella sp900547855,MGYG000000355,Pseudomonas aeruginosa,MGYG000004377,Streptococcus pseudopneumoniae_O,Eubacterium_I sp900066595,MGYG000004367,MGYG000004348,MGYG000003887,Neisseria elongata,Alloprevotella tannerae,Ligilactobacillus salivarius,Phocaeicola sp002161765
rep875_seed2900	MGYG000004781,Collinsella sp900549655,MGYG000003308,CAG-831 sp902388455,CAG-617 sp000438115,MGYG000003907,Parvimonas sp001553085,Bacteroides fluxus,Akkermansia sp004167605,Emergencia sp900551775,UMGS268 sp900540175,Blautia_A caecimuris,Methanosphaera sp900322125,CAG-170 sp900548625,Massilicoli timonensis,Romboutsia dakarensis,GCA-900066135 sp900066135,UBA1777 sp003150355,Neisseria elongata,Lactobacillus gasseri,MGYG000004509,Yokenella regensburgei,MGYG000004559,Parabacteroides sp900549585,Enterococcus_D casseliflavus,CAG-177 sp003514385,Pseudoflavonifractor sp014287675,Parabacteroides massiliensis,MGYG000002628,Catenibacterium sp900764725,Eubacterium_R sp900767025,MGYG000003212,CAG-81 sp900556965,MGYG000002089,UBA9502 sp003480315,Collinsella sp900544725,Collinsella sp900541785,CAG-83 sp900552725,MGYG000004722,Anaerobutyricum sp900754855,Peptoniphilus_A lacydonensis,MGYG000004119,Chimaeribacter coloradensis,Lawsonibacter sp900766145,Agathobacter sp900549895,UBA1259 sp003523255
rep876_seed2901	MGYG000003470,OM05-12 sp900760755,CAG-312 sp002405555,MGYG000000357,MGYG000001033,MGYG000002708,Citrobacter_A sp009363175,MGYG000003784,Faecalibacterium sp900539945,MGYG000003271,UMGS1611 sp900553435,Prevotella sp900770845,MGYG000003616,Collinsella sp900556445,Acetatifactor sp900554205,Blautia_A sp003471165,Enterococcus_B hirae,Phascolarctobacterium_A sp900547415,CAG-269 sp900555615,Prevotella sp900552675,Akkermansia muciniphila_C,UMGS1600 sp900553295,UBA1685 sp002320595,Bifidobacterium sp002742445,MGYG000000716,Megasphaera sp000417505,UMGS1781 sp900553695,CAG-841 sp900544285,Lawsonibacter sp900066645,MGYG000003441,MGYG000004582,MGYG000003745,Superficieibacter sp900766525,Ruminococcus_D sp000434695,Terrisporobacter othiniensis,Prevotella sp900315955,Prevotellamassilia sp900772575,MGYG000002204,CAG-882 sp003486385,Prevotella sp002480935,Methanosphaera sp900322125,MGYG000004745,UBA1394 sp900554975,Collinsella sp003436275,Bacteroides fragilis_A,Faecalibacterium prausnitzii_I
rep877_seed2902	MGYG000004793,MGYG000000334,Erysipelatoclostridium sp002160495,MGYG000001906,Anaerobutyricum sp900754855,CAG-110 sp900544945,Streptococcus sp900555155,Bacillus_A luti,An92 sp900199495,MGYG000002704,Fusicatenibacter sp900543115,CAG-1427 sp900553605,CAG-110 sp900553805,Lancefieldella sp000564995,UMGS1603 sp900759005,MGYG000004374,Longibaculum sp900538465,UBA1234 sp900765095,Mediterraneibacter sp900751785,Bariatricus comes,MGYG000001921,Mobilibacterium sp900315625,Haemophilus_D sp900756875,Campylobacter_B sp900539505,Prevotella sp003447235,UBA7173 sp900552325,Collinsella sp900540875,CAG-617 sp000431275,Ruminococcus_C sp900770195,UBA7160 sp900757145,Clostridium nigeriense,Morganella morganii_A,CAG-145 sp900542565,UBA1206 sp000433115,Pantoea ananatis,MGYG000000576,MGYG000004235,Alistipes finegoldii,CAG-485 sp001701295,NSJ-38 sp902363445,Escherichia marmotae,CAG-302 sp000431795,CAG-81 sp900066055,MGYG000003798,MGYG000003881,Veillonella sp900550175
rep878_seed2903	UBA1777 sp002320035,MGYG000004209,Ruminococcus_D bicirculans,MGYG000000386,Streptococcus mitis_BB,MGYG000000359,Pauljensenia sp001838165,Lacticaseibacillus paracasei,UMGS1668 sp900553955,UBA1191 sp900545775,Mitsuokella multacida,Lysinibacillus fusiformis_D,Muribaculum sp003150235,Prevotella sp900556395,UMGS2055 sp900557635,Lachnospira sp900547255,MGYG000004621,CAG-485 sp900555915,Enterobacter cloacae,Lactobacillus amylovorus,SFHK01 sp004556395,Eubacterium_I sp900546495,UMGS1491 sp900757335,HGM11327 sp900759935,MGYG000003768,Ezakiella sp900540185,UBA1394 sp900538575,MGYG000000710,Haemophilus_D parainfluenzae,Collinsella sp900541745,MGYG000002713,CAG-452 sp900770415,Limosilactobacillus antri,Collinsella sp900556205,UMGS1591 sp900553255,Clostridium sp900539375,MGYG000000625,Akkermansia sp001580195,Streptococcus anginosus_C,Yersinia aleksiciae,Veillonella dispar_A,UBA2856 sp900555005,Klebsiella variicola,CAG-127 sp900766925,Blautia sp003287895,MGYG000004166
rep879_seed2904	Collinsella sp900754435,CAG-354 sp900759015,TF01-11 sp003524945,Enterobacter mori,MGYG000004398,CAG-312 sp002437405,Blautia sp900541955,Serratia liquefaciens,UBA2821 sp902763335,MGYG000002176,Anaerococcus hydrogenalis,Paraprevotella clara,UMGS1766 sp900554855,MGYG000004039,Streptococcus alactolyticus,MGYG000004610,Ruminococcus_E bromii_B,Clostridium sp900539375,Fusobacterium nucleatum_E,Enterococcus_G italicus,MGYG000004161,Phascolarctobacterium faecium,MGYG000000355,Prevotella sp002480935,UMGS1839 sp900555545,UBA1191 sp900543485,Bulleidia moorei,Mailhella sp900553065,CAAEEV01 sp900754955,UBA9502 sp003506385,MGYG000004711,Robinsoniella peoriensis,CAG-245 sp900552135,MGYG000003109,Porphyromonas uenonis_A,MGYG000001885,CAG-485 sp002491165,Ralstonia pickettii,Collinsella sp900757285,Collinsella sp900765185,Lachnospira sp900552795,MGYG000002654,Finegoldia magna,NSJ-38 sp902363445,RC9 sp000434935,MGYG000001735
rep880_seed2905	Bacteroides oleiciplenus,Prevotella sp900543585,Barnesiella sp002159975,Lawsonibacter sp003478995,Leuconostoc lactis,MGYG000002052,Phocaeicola sp900066445,CAG-762 sp000432575,Anaerococcus sp900550345,Faecalimonas umbilicata,UBA10677 sp003533505,CAG-475 sp900763875,Peptoniphilus_B sp000478985,MGYG000001807,MGYG000004884,MGYG000003717,MGYG000003778,Lachnoclostridium_A sp003464085,Blautia_A sp000285855,MGYG000002017,MGYG000001585,Holdemania filiformis,Collinsella sp900549355,Eisenbergiella tayi,MGYG000004768,Peptoniphilus_E obesi,Merdimonas faecis,Acidaminococcus sp900770265,CAG-314 sp000437915,Blautia_A sp900541985,Lawsonibacter sp900545895,Ruminococcus_E sp003438075,Agathobaculum sp003481705,Bifidobacterium pullorum,Prevotella sp900770845,Anaerotignum lactatifermentans,Angelakisella sp003453215,MGYG000000574,Streptococcus sp900555155,Campylobacter_A concisus_F,Collinsella sp900762345,Chimaeribacter coloradensis,Prevotella brunnea,Lawsonibacter sp900763995,Coprococcus sp900548315,Ellagibacter isourolithinifaciens
rep881_seed2906	MGYG000004023,MGYG000003854,Sutterella seckii_A,Collinsella sp900546455,Prevotella sp002299635,TF01-11 sp003149875,MGYG000000656,Phocaeicola sp900544675,Prevotella denticola,OF09-33XD sp003481995,F0422 sp900766245,Collinsella sp900541645,CAG-582 sp900760845,Ruminococcus_C sp000433635,Dysosmobacter sp900763685,Peptoniphilus_A phoceensis,MGYG000000346,UBA10281 sp900556195,RUG472 sp900545265,Collinsella sp900541125,Lachnospira rogosae_A,CAG-485 sp900767075,MGYG000004428,CAG-724 sp900551005,Ligilactobacillus ruminis,Collinsella sp900762015,Blautia sp900753905,MGYG000001870,Blautia_A obeum_B,Dysosmobacter sp900542115,Acidaminococcus sp900538365,UBA10677 sp003533505,Bacteroides sp003545565,UBA7597 sp900542935,Lacrimispora sp000526575,Citrobacter europaeus,Lawsonibacter sp003478995,Dialister hominis,Lachnospira sp000436475,UBA737 sp900549755,CAG-110 sp900554705,Dialister invisus,Enteroscipio rubneri,Fusobacterium animalis,Gemmiger variabilis,Bacteroides fragilis
rep882_seed2907	MGYG000001028,Bifidobacterium bifidum,CAG-353 sp900066885,UBA1234 sp900765095,UBA1394 sp900554975,MGYG000003884,Ruminococcus_C sp900770195,QAKW01 sp003343605,Marvinbryantia formatexigens,Eubacterium_G sp000435815,Dysosmobacter sp900544105,Treponema_D sp900769975,HGM11523 sp900756545,MGYG000002099,CAG-127 sp900539705,Bacteroides xylanisolvens,MGYG000003717,Faecalicoccus sp900546545,Staphylococcus aureus,UBA5446 sp900759385,MGYG000004609,Enterobacter chengduensis,Collinsella sp900552295,Collinsella sp900552705,MGYG000001837,Eisenbergiella sp003478085,Eggerthella lenta,MGYG000004411,UMGS1696 sp900763885,MGYG000002745,MGYG000002731,Eisenbergiella massiliensis,MGYG000004664,CAG-492 sp900557195,Dysosmobacter sp900544955,MGYG000004135,GCA-900066755 sp900066755,CAG-873 sp900554715,SFDP01 sp900770785,Collinsella sp900550205,MGYG000000400,MGYG000004891,RC9 sp900546395,Franconibacter helveticus,MGYG000004503,Acetatifactor sp900554205
rep883_seed2908	CAG-145 sp900540145,Fusobacterium vincentii,NSJ-32 sp014384895,Eubacterium_R sp000431535,Prevotella sp900552515,MGYG000003509,Streptococcus lutetiensis,Enterobacter chengduensis,MGYG000000632,Enterobacter cloacae_K,UBA10281 sp900767885,Bilophila wadsworthia,Collinsella aerofaciens_K,MGYG000002901,Agathobacter rectalis,UBA644 sp002299265,MGYG000002745,MGYG000001133,MGYG000001048,Collinsella sp900542825,Faecalibacterium prausnitzii_M,MGYG000000592,Neobittarella massiliensis,Campylobacter_A concisus_G,UBA5446 sp900752445,Actinomyces sp900323545,UBA7173 sp900546835,Blautia sp900556555,Prevotella sp002251295,Blautia hominis,Collinsella sp900556365,MGYG000000739,MGYG000002809,CAG-170 sp900555665,Streptococcus sp900546335,Pseudomonas_E fulva,CAG-317 sp000433215,Citrobacter portucalensis,CAG-110 sp900546075,MGYG000000709,Fusobacterium_A sp900543175,Methanobrevibacter_A oralis,Proteus cibarius,Holdemanella sp003458715,UBA3388 sp002358835,UMGS1312 sp900550625
rep884_seed2909	Caecibacter sp900549385,Collinsella sp900543605,Alistipes sp900542505,Prevotella sp000436035,MGYG000000377,Prevotella hominis,Collinsella sp900541145,Amulumruptor sp900539915,MGYG000001106,Morganella morganii_B,Allisonella histaminiformans,CAG-127 sp900539705,51-20 sp001917175,Yersinia frederiksenii_C,UBA7597 sp003448195,Bacteroides sp003545565,Veillonella sp900765235,Prevotella sp900543585,UBA7173 sp900552325,Faecalibacillus sp900544435,MGYG000003909,CAG-510 sp900550475,Collinsella sp900755685,Bifidobacterium breve,CAG-873 sp001701165,Latilactobacillus curvatus,Enterobacter sichuanensis,Collinsella sp900541665,UMGS1109 sp900548675,Veillonella rogosae,Lawsonibacter sp900553135,MGYG000004651,UMGS1872 sp900549475,Collinsella sp900552155,MGYG000003850,NK3B98 sp900545815,UMGS1901 sp900553755,Bulleidia sp900554555,Alistipes sp900768045,MGYG000003212,Citrobacter youngae,Parabacteroides chinchillae,Blautia sp003287895,Prevotella sp900540415,Bacteroides sp900766005,MGYG000004662
rep885_seed2910	CAG-110 sp900544405,Citrobacter_B koseri,HGM12669 sp900761935,MGYG000002740,Collinsella sp900549715,Phascolarctobacterium_A sp900547415,Blautia_A sp000436615,MGYG000000357,MGYG000004596,UBA1820 sp002314265,Holdemanella sp900547815,CAG-590 sp000431135,MGYG000003881,CAG-56 sp900539525,Mailhella sp900541395,MGYG000004180,Collinsella sp900541235,Gemmiger variabilis_B,Parabacteroides sp900540715,Yersinia kristensenii,Olsenella_E sp003609875,Phocaeicola sp900553185,Faecalibacterium sp900539885,MGYG000002068,Prevotella sp900546535,MGYG000003647,Neisseria gonorrhoeae,MGYG000002921,Anaeromassilibacillus sp002159845,UMGS416 sp900542005,Parasutterella sp000980495,Lachnoanaerobaculum umeaense,MGYG000000643,UBA3388 sp900545215,Collinsella sp900755685,Dysosmobacter sp900544615,MGYG000004193,Akkermansia muciniphila_B,MGYG000000745,Enterocloster sp900555045,Chimaeribacter arupi,MGYG000000574,Roseburia sp900550935,Cronobacter malonaticus,Prevotella sp003447235,Fusobacterium_C necrophorum
rep886_seed2911	Parabacteroides distasonis,CAG-217 sp900547275,Prevotella sp002251385,Extibacter muris,MGYG000000400,Faecalibacterium prausnitzii_H,HGM11521 sp900751885,UMGS1253 sp900550065,MGYG000003308,Lactobacillus iners,MGYG000000716,Methanobrevibacter_A sp900766745,Peptoniphilus_A phoceensis,Citrobacter_A farmeri,Veillonella sp900757715,Ligilactobacillus ruminis,Methanobrevibacter_A oralis,MGYG000003015,MGYG000004107,CAG-83 sp900547745,Ruminococcus sp900761275,Blautia_A wexlerae_A,MGYG000003719,Mediterraneibacter sp900761655,Enorma sp900751795,MGYG000001582,Catenibacillus sp902363555,MGYG000003770,MGYG000003842,UMGS1696 sp900753285,MGYG000001841,MGYG000002076,Collinsella sp900540845,Streptococcus sobrinus,Collinsella sp900765115,CAG-793 sp000433915,Negativibacillus sp000435195,QAKD01 sp003343965,Oribacterium sp900772695,MGYG000004039,MGYG000000413,UMGS1388 sp900551345,MGYG000003136,RC9 sp000431015,UBA9502 sp003506385,CAG-127 sp900766925
rep887_seed2912	MGYG000000586,Enterococcus_A devriesei,Zag111 sp900551965,Bacteroides fragilis,Desulfovibrio legallii,Phocaeicola mediterraneensis,MGYG000000735,Agathobaculum sp003481705,UMGS1663 sp900753245,MGYG000001724,MGYG000001759,CAG-83 sp900550615,Collinsella sp900545605,Leuconostoc lactis,Ruminococcus sp900545125,Fenollaria sp900539225,Prevotella veroralis,Collinsella sp900548565,Christensenella hongkongensis,Massilimaliae timonensis,Bifidobacterium italicum,UMGS1600 sp900553315,MGYG000003021,Pseudomonas_E fulva,Bilophila wadsworthia,MGYG000003829,MGYG000000393,MGYG000002095,MGYG000004506,UBA4855 sp900540395,MGYG000000688,UMGS1872 sp900555795,BX12 sp014333425,CAG-269 sp900552555,MGYG000003745,MGYG000000339,Faecalibacterium prausnitzii_C,Enterococcus_B lactis,Dialister sp900541605,Collinsella sp900549215,Prevotella rara,MGYG000004383,MGYG000000334,Prevotella buccae,Eggerthella lenta,Lactobacillus acidophilus
rep888_seed2913	Selenomonas_C sp002351185,Providencia stuartii,CAG-312 sp900760055,TF01-11 sp001414325,Weissella viridescens,Coprococcus sp900761435,Blautia_A sp900553515,Bifidobacterium sp900551485,MGYG000002714,MGYG000001915,Enterocloster lavalensis,Blautia sp900539145,MGYG000002170,MGYG000002740,MGYG000003211,Yersinia enterocolitica,Prevotella sp900553465,ER4 sp900546295,Bacteroides togonis,Collinsella sp900757205,Ruminiclostridium_E siraeum,Harryflintia acetispora,MGYG000002075,Clostridium_E sporosphaeroides,MGYG000001879,Ruthenibacterium lactatiformans,MGYG000004774,RC9 sp000432515,Bacteroides fluxus,ER4 sp900763705,Muribaculum sp002358615,MGYG000001061,43-108 sp001915545,NK3B98 sp900752305,Lentilactobacillus hilgardii,MGYG000003867,Lactococcus garvieae,Faecalibacterium sp900539885,UBA1691 sp900549825,CAG-831 sp900544175,Enterobacter chengduensis,Butyrivibrio_A sp000431815,Phascolarctobacterium sp900554395,Citrobacter_A sedlakii,MGYG000004882,MGYG000000433
rep889_seed2914	Eubacterium_R sp900540235,MGYG000002212,Collinsella intestinalis,Pseudoflavonifractor capillosus,Marseille-P3106 sp900543935,Dysosmobacter sp004553545,CAG-279 sp900541555,Enterocloster sp900759225,Collinsella sp900547345,UMGS1071 sp900548305,Slackia_A piriformis,CAG-495 sp900538765,Collinsella sp900556205,CAG-279 sp900548875,MGYG000004383,Slackia_A sp900553775,MGYG000000660,MGYG000004094,Dialister succinatiphilus,Paramuribaculum sp009775605,Prevotella veroralis,Prevotella sp002299635,Alistipes sp900770635,Eubacterium_G ventriosum,Phocaeicola sp002493165,UMGS1071 sp900542375,Blautia_A obeum_B,UMGS1253 sp900550065,UMGS1815 sp900555345,Blautia_A sp900066505,Pseudescherichia sp002298805,Eggerthella lenta,UMGS1071 sp900541905,Weissella confusa,SFTJ01 sp004557385,SFFH01 sp900548125,MGYG000002151,MGYG000003787,Campylobacter_A concisus_E,Frisingicoccus caecimuris,Aggregatibacter segnis,MGYG000001717,Gemmiger variabilis_A,Blautia sp900765525,QAMX01 sp003149835,Collinsella sp900556445
rep890_seed2915	MGYG000000640,Bacteroides sp900761785,CAG-245 sp000435175,Hungatella effluvii,Agathobacter sp900549895,Anaerocolumna aminovalerica,CAG-354 sp900555085,CAG-269 sp900554175,MGYG000003728,MGYG000004699,Blautia_A sp000285855,Eubacterium_I sp900557275,Lachnospira rogosae_A,Collinsella sp900541685,Alistipes sp900770635,Collinsella sp900554255,Streptococcus lutetiensis,Lactobacillus kalixensis,MGYG000000400,Lactococcus lactis,Collinsella sp900544725,UBA7182 sp003481535,Fannyhessea vaginae,UBA1777 sp900549645,Megamonas sp900556715,Collinsella sp003479805,CAG-177 sp900771185,Beduini sp900550005,MGYG000000687,Faecalibacterium sp003449675,Pauljensenia sp000308055,Blautia_A hydrogenotrophica,MGYG000003904,MGYG000000699,Collinsella sp900550825,MGYG000004849,Prevotellamassilia timonensis,Eubacterium_R sp900555015,Bacteroides sp007896885,Prevotella sp000436035,Ruminococcus_E bromii_B,QALR01 sp900542425,Collinsella sp900542965,Phocaeicola coprocola,Prevotellamassilia sp900540885,MGYG000002053
rep891_seed2916	Anaerostipes sp900756035,Bifidobacterium bifidum,Roseburia hominis,Blautia_A sp000285855,MGYG000004203,Lancefieldella sp000564995,UBA1777 sp003150355,Bacteroides stercorirosoris,MGYG000000736,CAG-103 sp900543625,Ruminococcus_A sp003011855,UBA4372 sp900543815,MGYG000001743,MGYG000004247,Marseille-P4683 sp900232885,Collinsella sp900754435,Collinsella sp900541025,UMGS599 sp900543705,Citrobacter werkmanii,MGYG000004384,Pauljensenia sp902373435,MGYG000003776,Fusobacterium animalis,Allisonella pneumosintes,Collinsella sp900758845,Phocaeicola sp002161565,CAG-103 sp900317855,MGYG000003305,CAG-110 sp900762935,Rahnella variigena,Clostridium septicum,CAG-83 sp900549395,MGYG000004029,UMGS1670 sp900553995,CAG-964 sp902789345,Parabacteroides distasonis,UMGS1518 sp900552575,UBA3766 sp900769175,Escherichia marmotae,Evtepia sp004556345,Veillonella sp900757715,Pseudomonas_R sp900766265,Collinsella sp900759335,MGYG000004095,Paraclostridium sordellii,MGYG000000662
rep892_seed2917	MGYG000004199,CAG-245 sp900552135,CAG-83 sp900313295,Acinetobacter baumannii,Agathobacter sp000434275,Alistipes shahii,Eubacterium_R sp003526845,CAG-485 sp900759795,MGYG000003322,Ezakiella sp900540185,UMGS1663 sp900753245,CAG-110 sp900547405,Selenomonas_C sp002351185,Faecalimonas phoceensis,MGYG000001817,Mediterraneibacter sp002314255,Garciella sp900555725,Vibrio parahaemolyticus,MGYG000004172,MGYG000003490,Collinsella sp003470665,Lachnoclostridium_A sp002160755,Bifidobacterium catenulatum,MGYG000004443,MGYG000004432,Acinetobacter johnsonii,Parabacteroides sp900549585,MGYG000004506,Evtepia gabavorous,CAG-484 sp900554385,UBA6398 sp900555645,Collinsella sp900554465,Dysosmobacter welbionis,Enterocloster sp900555045,TF01-11 sp000436755,CAG-831 sp902388455,Fusobacterium animalis,Phocaeicola sp900551445,UMGS902 sp003343845,MGYG000004582,Anaerotruncus colihominis,MGYG000000693,Collinsella sp900556445,UBA5446 sp900543085,MGYG000003338,Ruminococcus_A sp003011855
rep893_seed2918	Prevotella sp900553595,Fusobacterium vincentii,MGYG000001075,Collinsella sp900541125,F23-B02 sp004558025,MGYG000001840,Collinsella sp900546115,Eubacterium_F sp000434115,MGYG000002626,Collinsella sp900540855,Mediterraneibacter massiliensis,MGYG000001953,Bacteroides bouchesdurhonensis,CAG-110 sp900544405,Ligilactobacillus salivarius,UBA1417 sp003531055,Collinsella sp900549535,MGYG000004885,Duodenibacillus sp900544255,MGYG000002077,Collinsella sp900541025,Collinsella sp900540845,UMGS1537 sp900761045,Pantoea sp002920175,CAG-177 sp900771185,AF33-28 sp003477885,Alistipes sp900770635,Prevotella sp900540415,MGYG000000587,Coprobacter fastidiosus,Prevotella sp900769055,Intestinimonas massiliensis,CAG-177 sp003538135,Anaerococcus hydrogenalis,Klebsiella quasivariicola,Rothia aeria,CAG-354 sp900759015,MGYG000000597,RUG14107 sp900772685,Peptoniphilus_A harei_A,Enterobacter cloacae,Clostridium sp001916075,Collinsella sp900757495,Neisseria subflava_C,CAG-1427 sp900548955,Enorma massiliensis
rep894_seed2919	Peptoniphilus_A lacrimalis,RC9 sp900769145,Streptococcus pasteurianus,Lachnoclostridium_B sp900543315,UBA7597 sp003448195,Lachnoclostridium_B sp900066555,MGYG000003788,QALS01 sp900552625,CAG-83 sp900548615,Prevotella sp900554045,Clostridium celatum,Blautia_A sp900541985,MGYG000002223,F23-B02 sp004553495,Beduini massiliensis,Collinsella tanakaei,Neisseria sp000186165,MGYG000000694,Peptacetobacter sp900550335,Haemophilus_D sp900756875,Blautia_A sp900551075,Angelakisella sp003453215,Pauljensenia radingae_A,CAG-83 sp902388735,UBA1259 sp900760875,MGYG000002726,Duodenibacillus sp900544255,UBA1417 sp003531055,MGYG000002073,MGYG000001735,CAG-110 sp900551495,MGYG000003323,MGYG000004721,MGYG000001906,Dialister sp900541485,Actinomyces oris,Alistipes sp900769445,CAG-488 sp900539465,MGYG000004879,UMGS1472 sp900552095,MGYG000004364,UMGS1633 sp900553645,MGYG000000862,QAKD01 sp003343965,Klebsiella quasivariicola,UMGS902 sp003343845
rep895_seed2920	CAG-724 sp003524145,Streptococcus sp902363395,Morganella morganii,MGYG000004817,CAG-110 sp900549705,Neisseria sp000186165,Dysosmobacter sp900556925,Prevotella intermedia,CAG-115 sp003516865,Anaerobutyricum sp900754855,MGYG000000339,CAG-170 sp900555665,CAG-83 sp003487665,Alistipes sp902388705,Collinsella sp900551665,Ligilactobacillus agilis,CAG-354 sp900555085,Erysipelatoclostridium ramosum,MGYG000002130,UBA2821 sp902763335,CAG-279 sp900556245,Anaerosacchariphilus sp002160765,MGYG000000763,Enterococcus_B hirae,CAG-831 sp000432775,SFHK01 sp004556395,QALW01 sp900552055,Faecalibacterium prausnitzii_M,UMGS1781 sp900554635,MGYG000002176,Alloprevotella tannerae,QALS01 sp900555925,Enterobacter_D kobei_A,Streptococcus sp900550895,UMGS1864 sp900555835,Prevotella sp900544825,Intestinibacter bartlettii,RC9 sp000434935,MGYG000003509,CAG-115 sp900768125,MGYG000000716,MGYG000001885,UMGS995 sp900547465,Senegalimassilia sp900550055,Clostridium_Q saccharolyticum_A,MGYG000002606
rep896_seed2921	Blautia_A sp900542045,Prevotellamassilia timonensis,Faecalitalea cylindroides,Stoquefichus sp001244545,Pseudescherichia sp002298805,CAG-831 sp900544175,MGYG000003800,Blautia stercoris,Pantoea brenneri,MGYG000001197,Alistipes sp900544265,Gemmiger sp900539695,MGYG000001594,HGM13006 sp900757695,UMGS1109 sp900548675,UMGS1537 sp900761045,Collinsella sp900545875,MGYG000004133,Collinsella sp900541205,MGYG000003076,CAG-95 sp900066375,CAG-841 sp900544285,RUG11247 sp902767315,Anaerosacchariphilus sp900553635,UBA1191 sp900066305,Eisenbergiella sp900539715,Clostridium sp900540255,Enterocloster clostridioformis_A,MGYG000004553,Butyricicoccus_A sp002395695,Prevotella sp900548535,Providencia rettgeri_D,Absicoccus sp000434355,Porphyromonas asaccharolytica,Clostridium disporicum_A,UMGS1002 sp900547565,Bacteroides salyersiae,Paraclostridium sordellii,QALW01 sp003150515,CAG-115 sp900768705,Beduini sp900550005,Pauljensenia sp900541895,MGYG000002791,OF09-33XD sp003481995,Eubacterium_G sp900550135,Parabacteroides acidifaciens
rep897_seed2922	UBA5446 sp900759385,Schaedlerella sp900066545,MGYG000001594,Muribaculum sp002473395,Mixta calida,MGYG000003777,Prevotella sp900556275,UBA1752 sp900554405,Holdemanella sp002299315,Paraclostridium bifermentans,UBA1786 sp900771425,MGYG000000378,UBA1777 sp900547315,MGYG000004340,Prevotella sp900762125,Faecalibacillus sp900544435,Lawsonibacter sp014287875,Collinsella sp900552995,Campylobacter_A concisus,Collinsella sp900553935,Exiguobacterium sp003467445,UBA4644 sp900555855,Megasphaera elsdenii,Acetatifactor sp900554205,MGYG000004874,Peptostreptococcus anaerobius,Campylobacter_A concisus_B,Gemmiger sp900556255,MGYG000004741,MGYG000002122,Dialister hominis,Collinsella sp900541645,UMGS263 sp900540535,MGYG000002077,MGYG000001284,UBA7160 sp900757145,MGYG000001792,CAG-269 sp900553985,Eubacterium_F sp900539115,MGYG000004793,Lactococcus garvieae,MGYG000004808,MGYG000004829,MGYG000003913,Dysosmobacter sp900548505,MGYG000002697
rep898_seed2923	MGYG000002210,MGYG000003822,CAG-462 sp003489705,Pantoea ananatis,Ruminiclostridium_E sp900556525,UBA7173 sp900540205,Blautia sp900753905,CAG-1024 sp000432015,MGYG000002727,Megasphaera sp900548635,Paraprevotella sp900760455,Phocaeicola sp900544075,CAG-1427 sp900546175,MGYG000001581,Pseudomonas_E bubulae,UMGS1810 sp900555295,MGYG000001205,Eisenbergiella massiliensis,Merdibacter sp900759455,CAG-170 sp900548625,HGM11808 sp900757025,MGYG000001833,Paramuribaculum sp000431155,MGYG000003918,UBA1394 sp900554975,Pseudoruminococcus sp902765855,Butyrivibrio_A sp900768755,MGYG000004852,Clostridium_A leptum,Bacteroides gallinarum,MGYG000002207,Clostridium_Q sp900547735,Kosakonia cowanii,Anaerotignum lactatifermentans,Collinsella sp900544875,UMGS1591 sp900553255,Agathobacter sp900547695,MGYG000003752,CAG-475 sp900547975,Clostridium_Q symbiosum,Eubacterium_R sp900539845,Bacteroides caccae,UBA5905 sp900764115,HGM14224 sp900761905,Blautia_A sp900541345,CAG-115 sp003531585
rep899_seed2924	Eggerthella sp014287365,GCA-900066495 sp900545985,Roseburia sp900753715,UMGS1279 sp900761625,MGYG000004901,OF09-33XD sp003481995,Phocaeicola sp900546095,Enterobacter hormaechei_A,UC5-1-2E3 sp001304875,UMGS905 sp900540085,Barnesiella sp003150885,Pseudescherichia vulneris,Muribaculum intestinale,CAG-269 sp900553125,HGM11521 sp900751885,Phascolarctobacterium_A sp900553055,UBA2882 sp900542015,CAG-1193 sp900550145,CAG-279 sp900548875,MGYG000002067,Haemophilus_D parainfluenzae,Bacteroides sp014385165,MGYG000004075,Blautia sp900543715,MGYG000004383,Blautia_A wexlerae_B,CAG-485 sp900760735,MGYG000002127,Phascolarctobacterium_A sp900547415,Collinsella sp900556495,Butyrivibrio_A sp900768755,Mobilibacterium sp900315625,Ruminococcus_A faecicola,Pauljensenia turicensis,MGYG000004839,Lachnoclostridium phytofermentans_A,Prevotella nigrescens,UMGS1781 sp900555075,Collinsella sp900550185,Phocaeicola sp002161765,Edwardsiella tarda,CAG-196 sp900553895,Blautia_A sp900551465,QALR01 sp900552255,Dialister hominis,Fournierella sp004558145
rep900_seed2925	MGYG000004209,CAG-170 sp000436735,QAMX01 sp004555605,MGYG000002223,Prevotella sp900769055,Blautia_A schinkii,Klebsiella quasipneumoniae,Phocaeicola sp900542985,Bilophila sp900550745,Anaerobutyricum sp900754855,UBA2856 sp900555005,MGYG000002727,CAG-110 sp900544975,Eubacterium_R sp900539425,MGYG000003828,HGM12650 sp900761725,Ralstonia pickettii,Bacteroides togonis,Lachnoanaerobaculum sp000296385,Megasphaera stantonii,NSJ-32 sp014384895,Collinsella sp900541195,QAKW01 sp003343605,Frisingicoccus caecimuris,Turicimonas muris,MGYG000004247,MGYG000004711,Faecalibacterium prausnitzii_D,MGYG000000597,Bifidobacterium gallinarum,CAG-485 sp900547755,MGYG000001807,CAG-83 sp900550615,Lactobacillus acidophilus,Fusobacterium_A ulcerans,TF01-11 sp003524945,CAG-882 sp000435595,MGYG000003108,Pauljensenia sp902373545,HGM12998 sp900756495,Coprobacter fastidiosus,Emergencia sp900551775,MGYG000004611,CAG-632 sp002406015,UBA737 sp900547095,Catenibacillus sp900553975
rep901_seed2926	MGYG000000346,CAG-279 sp900541555,MGYG000003816,Collinsella sp900548515,Robinsoniella peoriensis,Anaerobutyricum soehngenii,Finegoldia magna_F,Pauljensenia turicensis,MGYG000004824,Collinsella sp900545835,QALS01 sp900555925,NSJ-61 sp003433845,MGYG000000355,Selenomonas_C sp002351185,CAG-177 sp003538135,Eubacterium_R sp000436835,MGYG000004863,Muribaculum sp001701195,Evtepia sp004554585,CAG-303 sp000437755,Collinsella sp900551655,Citrobacter_A amalonaticus,Clostridium_AQ sp900552125,Prevotella sp900543585,CAG-83 sp900552475,CAG-449 sp900551385,Prevotella sp900546575,Collinsella sp900542905,MGYG000004393,Collinsella sp900554665,MGYG000002055,Prevotellamassilia sp900772575,MGYG000001195,MGYG000003768,Mediterraneibacter faecis,UMGS1384 sp900551265,CAG-873 sp900755985,UBA1691 sp900549825,CAG-510 sp000434615,Dysosmobacter sp900556925,MGYG000001761,Clostridium_X cadaveris,Parasutterella sp900554375,Escherichia albertii,Massilicoli timonensis,HGM12669 sp900761935
rep902_seed2927	CAG-314 sp000437915,Haemophilus influenzae,CAG-110 sp900770015,Phascolarctobacterium sp900544795,Kluyvera sp902363335,CAG-354 sp900759015,Collinsella sp900760245,Yokenella regensburgei,Blautia sp900753905,Anaerobutyricum soehngenii,UMGS1901 sp900553755,UMGS1865 sp900547725,Enterobacter cancerogenus,HGM12587 sp900766915,MGYG000004700,MGYG000004251,Adlercreutzia celatus_A,Coprococcus sp900548215,CAG-110 sp000434635,Anaerotignum lactatifermentans,Haemophilus_D parainfluenzae_J,Acidaminococcus provencensis,Serratia liquefaciens,Ruminococcus_E sp003521625,SFFH01 sp900542395,Prevotella stercorea,MGYG000003509,Alistipes timonensis,Parabacteroides sp003473295,Desulfovibrio sp900540515,CAG-557 sp000435275,Bacteroides fluxus,MGYG000002207,MGYG000004107,Klebsiella_A indica,MGYG000003798,Dorea_A sp900550865,Hungatella_A hathewayi_A,UBA7488 sp002477185,Clostridium sp900543325,Collinsella sp900549655,Prevotella bergensis,Bariatricus massiliensis,Gemmiger sp900540595,UBA1390 sp900764045,Anaerococcus sp900258475
rep903_seed2928	CAG-353 sp900066885,MGYG000001033,UMGS403 sp900540865,UMGS1600 sp900553295,CAG-110 sp900770015,UMGS1611 sp900553435,MGYG000001885,MGYG000003887,Butyricicoccus sp900547195,UMGS1670 sp900546215,MGYG000004509,MGYG000001979,Massiliomicrobiota sp002160865,Dialister sp900541605,Ruminiclostridium_E sp900539195,CAG-273 sp900752095,MGYG000002708,Lactobacillus kalixensis,MGYG000002170,MGYG000004702,Lachnospira eligens_A,QALW01 sp003150515,Phocaeicola sp900551065,CAG-83 sp000431575,MGYG000003980,Senegalimassilia sp900550055,MGYG000004095,MGYG000003970,Collinsella sp008014645,Ruminococcus_G gauvreauii,CAG-177 sp900771185,Providencia stuartii,UMGS1441 sp900551755,ER4 sp900552015,MGYG000003800,CAG-485 sp900766975,CAG-279 sp900556245,Romboutsia timonensis,Methanobrevibacter_A sp900766745,Morganella morganii,Faecalibacterium sp900539945,Pauljensenia sp902373545,Scardovia wiggsiae,Azonexus sp900549295,Faecalibacterium prausnitzii_D,Gordonibacter sp003339845
rep904_seed2929	Christensenella minuta,UMGS911 sp900546695,Lactococcus lactis,QALS01 sp900552625,UBA7102 sp900760085,Bacteroides neonati,Fusobacterium polymorphum,MGYG000004075,Eisenbergiella tayi,HGM13006 sp900757695,MGYG000004699,MGYG000000616,Collinsella sp900760245,MGYG000003941,UBA5446 sp900546615,MGYG000001685,MGYG000002699,MGYG000002604,UBA5446 sp900759385,MGYG000003776,Gordonibacter urolithinfaciens,Alistipes_A indistinctus,Anaerostipes sp900066705,MGYG000004700,Enterobacter cloacae_K,Blautia_A wexlerae_A,CAG-485 sp900542185,Roseburia hominis,Lawsonibacter sp900545895,Klebsiella quasipneumoniae,Eubacterium_R sp900543795,Campylobacter_B sp900539505,Streptococcus mitis_BB,Collinsella sp900541185,CAG-83 sp003487665,Acutalibacter sp000435395,MGYG000001958,UMGS1872 sp902373635,MGYG000003451,MGYG000004103,Ruminococcus_D sp900543145,UBA3388 sp900545215,Pseudomonas aeruginosa,MGYG000000585,CAG-631 sp900762575,Collinsella sp900556605
rep905_seed2930	UBA7488 sp002477185,MGYG000002249,Dorea_A longicatena,Bulleidia moorei,MGYG000003907,MGYG000003950,Enterocloster clostridioformis_A,Nitratidesulfovibrio vulgaris,MGYG000002772,Prevotella sp900553595,UBA6398 sp900550635,Collinsella sp900555555,Coprococcus_A sp900548825,Prevotella oris,Eubacterium_R sp900539325,Haemophilus sp002998595,Collinsella sp900552995,Bruticola sp900772775,QANA01 sp900554725,UBA945 sp900549675,MGYG000002182,1XD42-69 sp014287635,CAG-245 sp000435175,Bacillus_J andreraoultii,Lachnoanaerobaculum orale,Peptoniphilus_A lacydonensis,Eubacterium_R coprostanoligenes,MGYG000004312,Faecalitalea cylindroides,Eubacterium_G sp000432355,Streptococcus infantis_I,Alistipes sp900769445,MGYG000002207,CAG-177 sp003514385,Prevotellamassilia sp900768625,Sneathia amnii,UBA1777 sp900549485,ER4 sp003522105,Clostridium_Q symbiosum,Anaerotignum lactatifermentans,MGYG000004506,Dysgonomonas capnocytophagoides,Bacteroides xylanisolvens,Ruminococcus_D sp000434695,CAG-873 sp900550395,UMGS1851 sp900555605
rep906_seed2931	Treponema_D sp900769975,UBA9502 sp003481825,Collinsella sp900541745,Prevotella sp900556795,Amulumruptor caecigallinarius,QALR01 sp900552255,UMGS680 sp900544525,Ruminococcus_A faecicola,Anaerococcus lactolyticus,Alistipes sp900552955,An181 sp002160325,Pauljensenia sp900556405,Gemmiger variabilis,Clostridium sp900547475,MGYG000003894,Bacillus_J andreraoultii,Phocaeicola coprocola,Enterocloster sp900547035,Eubacterium_R sp014465955,Agathobacter faecis,MGYG000004027,HGM11525 sp900770405,Peptococcus niger,Anaerosacchariphilus sp014290175,Anaerostipes hadrus,Ruminococcus_C sp900765125,Clostridium_AQ sp003481775,MGYG000000342,Leminorella richardii,Catenibacterium sp900764565,Collinsella sp900540845,Phocaeicola sp900552075,MGYG000001169,MGYG000000733,Collinsella sp900544755,UBA11774 sp003507655,Megasphaera sp001546855,Collinsella sp003479805,MGYG000004251,Duodenibacillus sp900762555,Merdimonas sp900553355,MGYG000004749,MGYG000004029,Collinsella sp900541055,Oribacterium sp900770445,CAG-390 sp000437015
rep907_seed2932	Stomatobaculum sp002892395,MGYG000004811,CAG-170 sp900549635,UMGS856 sp900760305,Prevotella sp000434975,Enterococcus_A devriesei,Blautia_A sp900542045,UMGS403 sp900540865,Collinsella sp902388345,CAG-877 sp900554305,MGYG000000393,Salmonella enterica,UBA7057 sp900542735,MGYG000002708,Streptococcus infantarius,MGYG000004670,Alistipes sp900770635,Bacteroides sp902388495,Prevotella sp900557405,MGYG000001195,MGYG000001813,Alistipes sp000434235,Enterococcus_D sp002850555,Lachnoclostridium_B phocaeensis,MGYG000004808,NSJ-38 sp902363445,MGYG000004891,Bifidobacterium pseudocatenulatum,MGYG000004594,MGYG000001915,Collinsella sp002232035,Enterocloster sp900547035,MGYG000004199,Serratia marcescens_I,MGYG000002178,Phocaeicola plebeius_A,CAG-103 sp900317855,MGYG000003470,MGYG000003270,Collinsella aerofaciens_A,UBA11452 sp003526375,Marseille-P3106 sp900169975,RUG420 sp900542575,UBA2821 sp902763335,Coprobacter secundus,MGYG000002219
rep908_seed2933	Methanobrevibacter_A woesei,Prevotella copri_A,UMGS905 sp900540085,CAG-485 sp900552315,MGYG000001837,MGYG000004596,Negativibacillus massiliensis,Prevotella sp900553155,MGYG000000413,MGYG000000356,Hafnia alvei,MGYG000002719,Eubacterium_G sp900548465,MGYG000004599,Negativibacillus sp000435195,Prevotellamassilia sp900772575,Dysosmobacter sp900550685,MGYG000002785,MGYG000003869,Faecalibacterium sp900758465,MGYG000002063,UBA9502 sp003478505,MGYG000002613,MGYG000004103,Peptoniphilus_B sp000478985,MGYG000003296,MGYG000000397,MGYG000000350,Parasutterella sp000980495,Enterobacter ludwigii,MGYG000001568,CAG-56 sp900539525,AM07-15 sp003477405,MGYG000003950,Butyricicoccus_A sp002395695,MGYG000003881,Erysipelatoclostridium ramosum,Collinsella sp900541185,MGYG000000763,Emergencia sp900066695,Blautia_A faecis,MGYG000002713,UMGS1537 sp900552695,UBA11774 sp003507655,MGYG000004853,CAG-279 sp900548875
rep909_seed2934	UBA5394 sp003150565,Exiguobacterium sp003467445,MGYG000001568,Butyricimonas paravirosa,Faecalibacillus faecis,Haemophilus_D parainfluenzae_M,Lancefieldella rimae,Frisingicoccus sp900753685,UBA10281 sp900767815,MGYG000001826,Coprococcus eutactus,Sodaliphilus sp004557565,CAG-317 sp000433215,CAG-485 sp000437495,MGYG000002623,Eubacterium_R sp003526845,Evtepia sp900758955,Veillonella sp900765235,MGYG000004572,MGYG000004756,QAMM01 sp003150405,Streptococcus agalactiae,Veillonella tobetsuensis,Cronobacter sakazakii,UC5-1-2E3 sp001304875,MGYG000004436,UMGS1670 sp900546215,UBA1691 sp900544715,Agathobaculum desmolans,Collinsella sp900550815,MGYG000004882,Lawsonibacter sp900066825,MGYG000002085,MGYG000002089,Campylobacter_A concisus_P,MGYG000004209,Prevotella sp900554545,Lawsonibacter sp900553135,Anaerobutyricum sp002161065,Slackia_A piriformis,HGM12814 sp900770165,UBA7597 sp003448195,Faecalibacterium sp900539945,Alistipes sp002358415,CAG-354 sp900555085,MGYG000002179
rep910_seed2935	MGYG000000440,Haemophilus_D pittmaniae,Collinsella sp900550185,CAG-170 sp002404795,CAG-238 sp900551415,MGYG000000752,Eisenbergiella tayi,UBA738 sp900763675,Collinsella sp900545875,Lactobacillus ultunensis,Lactonifactor sp009677585,Massilistercora sp902406105,MGYG000003211,UBA10281 sp900548285,MGYG000004103,UBA11471 sp900542765,Paraprevotella xylaniphila,Sneathia amnii,Bacteroides nordii,CAG-177 sp900770255,Collinsella sp900543515,MGYG000002209,Frisingicoccus sp900549105,MGYG000000862,MGYG000004027,CAG-617 sp000431275,Enterococcus_A devriesei,MGYG000003855,Merdibacter sp900759455,CAG-873 sp002493945,Prevotella sp900552965,Prevotella timonensis,Streptococcus mitis_D,UMGS1225 sp900549725,Franconibacter helveticus,Hungatella effluvii,MGYG000004853,CAG-452 sp900770415,Fusobacterium_A sp900555845,CAG-269 sp000438255,TF01-11 sp001916135,Collinsella sp900553215,Phascolarctobacterium_A sp900544885,UBA1394 sp900538575,QAMX01 sp004555605,MGYG000003470
rep911_seed2936	Bacteroides fragilis_A,Ruminococcus_E bromii_B,Streptococcus mitis,UMGS1696 sp900554225,Oribacterium sp900772695,Collinsella sp900545875,MGYG000002772,UMGS946 sp900547135,UMGS1537 sp900761045,MGYG000002696,Peptoniphilus_A sp900538655,Yokenella regensburgei,MGYG000002697,MGYG000004304,Fusobacterium_C gonidiaformans,CAG-269 sp900754285,CAG-217 sp000436335,Roseburia sp900753715,Anaerofustis sp900549875,43-108 sp001915545,CAG-269 sp900553985,Terrisporobacter othiniensis,Streptococcus constellatus,Latilactobacillus curvatus,MGYG000003850,Rahnella variigena,UMGS1279 sp900761625,MGYG000000721,Lactobacillus acidophilus,MGYG000004199,Duncaniella sp900762315,Evtepia sp004554585,Streptococcus oralis_S,Prevotella sp900762125,Dysgonomonas gadei,MGYG000001840,Collinsella sp900541145,Alistipes sp900770635,Enterobacter cloacae_O,Stoquefichus massiliensis,MGYG000004547,Pseudescherichia sp002298805,ER4 sp003522105,Kosakonia cowanii,HGM11514 sp900757255,Parabacteroides faecis
rep912_seed2937	Prevotella sp900556395,HGM04593 sp900770665,Agathobacter sp900546625,Bacteroides uniformis,MGYG000004895,CAG-245 sp000434195,MGYG000000710,BX12 sp014333425,MGYG000003828,MGYG000002148,CAG-81 sp900066055,UBA945 sp900549675,MGYG000001181,Parabacteroides sp900548175,CAG-349 sp003539515,QAKD01 sp003343965,CAG-83 sp900556015,CAG-485 sp900550645,Alterileibacterium massiliense,SFTJ01 sp004557385,Mediterraneibacter faecis,Collinsella sp003466125,MGYG000002704,Phascolarctobacterium_A succinatutens_A,MGYG000001189,CAG-115 sp003516865,CAG-110 sp900544975,Prevotella sp002299635,MGYG000002130,Tidjanibacter inops_A,NSJ-63 sp014384805,Phocaeicola mediterraneensis,Gemella sanguinis,GCA-900066135 sp900543575,Lachnoclostridium_A edouardi,Blautia_A sp900542045,MGYG000001028,Anaerococcus lactolyticus,MGYG000002041,Enterobacter_A timonensis,Streptococcus salivarius,Gemmiger variabilis_A,CAG-873 sp900554715,MGYG000004103,Fusicatenibacter sp900772675,Firm-11 sp004556545
rep913_seed2938	MGYG000000706,MGYG000004198,Pauljensenia bouchesdurhonensis,MGYG000002754,Dialister sp900543455,TM7x sp900557595,MGYG000000716,Dielma sp001305055,Enterocloster sp000431375,MGYG000000746,Prevotella sp000436035,HGM05232 sp900759955,Faecalibacterium sp900551435,ER4 sp000765235,UMGS268 sp900540705,CAG-485 sp900554345,Prevotella sp000436695,GCA-900066755 sp900066755,Prevotella melaninogenica,Agathobaculum sp900557315,UMGS1840 sp900555525,Phascolarctobacterium_A sp900551335,SFMI01 sp004556155,UMGS1820 sp900555375,UBA737 sp900547445,Peptococcus niger,UMGS1865 sp900768535,Prevotella sp000434975,CAG-1427 sp900556585,UBA11524 sp000437595,CAG-873 sp002493945,Collinsella sp900549715,MGYG000003707,MGYG000001717,Citrobacter portucalensis,Enterobacter asburiae_B,Bacteroides thetaiotaomicron,MGYG000000658,UBA11517 sp900555365,UMGS1441 sp900551755,MGYG000002223,MGYG000000735,MGYG000003506,MGYG000004768,Collinsella sp900540855,UBA1777 sp900549865
rep914_seed2939	Firm-11 sp900548145,MGYG000004881,MGYG000003884,MGYG000003970,CAG-873 sp900548975,CAG-485 sp900321585,CAG-273 sp900752095,MGYG000003294,Dorea_A longicatena,UBA10677 sp003533505,F0422 sp900766245,Criibacterium bergeronii,Veillonella sp900757715,MGYG000004817,Amulumruptor sp001689515,Eubacterium_G sp900548465,Parabacteroides gordonii,MGYG000003207,Akkermansia muciniphila_B,Anaeromassilibacillus sp001305115,Bifidobacterium sp900551485,F23-B02 sp004553495,MGYG000004009,MGYG000000390,Anaerosacchariphilus sp900066385,Ruminococcus sp900761275,Yersinia kristensenii_B,Megamonas funiformis,Mediterraneibacter sp900555215,Roseburia sp900753715,Agathobacter sp900546625,Cellulosilyticum sp900556665,MGYG000004858,MGYG000004880,MGYG000000589,MGYG000000512,Odoribacter sp900548135,UMGS1783 sp900555065,MGYG000002758,CAG-617 sp000438115,Lactobacillus gasseri,Lawsonibacter sp900553135,Dysosmobacter sp900542115,MGYG000004693,Holdemania massiliensis,CAG-110 sp900549705
rep915_seed2940	Gemella morbillorum,NK3B98 sp900758315,Faecalibacillus sp003480255,MGYG000004325,Firm-11 sp900553905,Faecalicoccus sp900546545,Clostridium_AQ innocuum,UBA1259 sp900760875,CAG-302 sp000431795,Muribaculum sp002492595,AM51-8 sp003478275,F0040 sp000318095,Akkermansia sp900548895,UMGS1815 sp900555345,CAG-873 sp900555715,CAG-110 sp900546915,MGYG000004098,RUG115 sp900066395,Blautia sp900753905,Ruminococcus_E bromii,Faecalibacterium prausnitzii_E,Alistipes sp900542505,OF09-33XD sp003481995,Collinsella sp900549025,UMGS1387 sp900551295,Collinsella sp900549455,MGYG000003978,UBA5905 sp900549155,MGYG000004035,RF16 sp900766775,Veillonella sp900765235,MGYG000004793,MGYG000004481,SFFH01 sp900542395,Dialister sp900541485,CAG-279 sp900548875,CAG-485 sp900555915,Sellimonas sp002161525,QAMX01 sp003149835,Ruminiclostridium_E siraeum,CAG-110 sp900556935,UMGS1865 sp900768535,MGYG000004873,Ruminococcus_A sp000432335,MGYG000000862,UBA1234 sp900765095
rep916_seed2941	MGYG000004665,UBA1752 sp900554405,Streptococcus pseudopneumoniae_O,MGYG000003506,Lactobacillus intestinalis,CAG-81 sp900541255,Veillonella sp900550455,Prevotella nigrescens,Porphyromonas_A sp900541275,UBA940 sp900768115,Intestinimonas sp900540545,ER4 sp003522105,Pluralibacter gergoviae,UBA7182 sp003481535,CAG-1427 sp900542525,CAG-314 sp900551395,Streptococcus parasanguinis_B,UBA1390 sp900764045,Eubacterium_R sp900540235,Phocaeicola plebeius,MGYG000003934,Akkermansia muciniphila_B,Collinsella sp900552755,MGYG000000346,Collinsella sp900543615,Phocaeicola mediterraneensis,CAG-83 sp900552725,Actinomyces oris,MGYG000002740,MGYG000004367,Peptoniphilus_A lacrimalis,UMGS1781 sp900553695,MGYG000004495,MGYG000000588,Eubacterium_G sp000432355,MGYG000001583,Murdochiella vaginalis,MGYG000002828,UBA1409 sp002338885,MGYG000001568,Kluyvera sp902363335,Collinsella sp900550205,MGYG000002708,UBA5446 sp900545405,MGYG000002086,Roseburia sp900542495
rep917_seed2942	TF01-11 sp003149875,Intestinibacter bartlettii,MGYG000002730,Faecalibacterium prausnitzii_G,MGYG000003301,Christensenella hongkongensis,Collinsella sp900555585,Stoquefichus massiliensis,CAG-110 sp900544945,Paramuribaculum sp900759915,Robinsoniella sp900555455,CAG-180 sp004556705,MGYG000001804,Collinsella sp900541785,Coprococcus_A catus,Streptococcus oralis_S,MGYG000004187,UBA1191 sp900549125,Prevotella sp900551055,Evtepia gabavorous,Collinsella sp003466125,Bacillus_A luti,Eggerthella sp014287365,Pantoea anthophila,CAG-83 sp003539495,Enterococcus_D sp002850555,Yersinia kristensenii_B,MGYG000001583,Merdibacter sp900543035,Pauljensenia sp900541895,Bacteroides bouchesdurhonensis,Collinsella sp900757505,UBA1409 sp900760125,Lawsonella clevelandensis,QAKW01 sp003343605,MGYG000004870,Enterocloster sp900538485,Fusobacterium_B sp900542625,Pantoea eucalypti,Clostridium sp900540255,Megamonas funiformis,Collinsella sp900754525,CAG-145 sp900545135,Parabacteroides faecis,Lachnoclostridium phytofermentans_A,Dysosmobacter sp900770295
rep918_seed2943	MGYG000000635,MGYG000000300,Porphyromonas_A somerae,CAG-302 sp900554615,Longibaculum sp900538465,Neisseria gonorrhoeae,Bacteroides bouchesdurhonensis,Prevotella sp900554045,Prevotella sp900547005,Collinsella aerofaciens_G,Marvinbryantia sp900544685,Collinsella sp900553415,Limosilactobacillus caviae,Lacrimispora sp000526575,Alistipes sp900290115,Veillonella atypica,MGYG000004093,Odoribacter sp900548135,Phocaeicola sp900544675,Phil1 sp001940855,Neisseria elongata,MGYG000004742,Collinsella sp900541665,Collinsella sp900545835,MGYG000004836,Collinsella sp900545605,UBA10281 sp900767815,UBA1191 sp900545775,MGYG000004710,SFEL01 sp004557245,Phascolarctobacterium faecium,Ligilactobacillus salivarius,Lactobacillus acidophilus,Blautia sp900539145,CAG-127 sp900766925,UBA1394 sp900066845,UMGS1975 sp900546685,Prevotella intermedia,MGYG000004125,Succinivibrio sp900548485,MGYG000003305,MGYG000004849,MGYG000003797,Fusobacterium_B sp900545035,UBA5446 sp900543085,UMGS1537 sp900761045
rep919_seed2944	UMGS680 sp900544525,Coprococcus sp900548315,Robinsoniella sp900539655,Methanobrevibacter_A oralis,MGYG000003881,Parasutterella sp900766055,Dysosmobacter sp900763685,Paraprevotella xylaniphila,Morganella morganii_A,MGYG000000432,Bifidobacterium angulatum,CAG-353 sp900066885,Proteus vulgaris,TM7x sp900555425,MGYG000002256,MGYG000000325,Peptoniphilus_A lacrimalis,MGYG000004610,Barnesiella sp900538555,Collinsella sp900556515,Bifidobacterium scardovii,Dysosmobacter sp900551885,MGYG000002705,CAG-485 sp900759795,Phocaeicola sp900546645,MGYG000002785,CAG-110 sp900769995,MGYG000002740,Bacteroides neonati,Yersinia frederiksenii,ER4 sp003522105,Prevotella pectinovora,Salinicola tamaricis,Veillonella sp900552445,Fusobacterium_A sp900555845,Dialister sp900541605,Streptococcus equinus,Bacteroides stercorirosoris,AM51-8 sp900546435,MGYG000004721,MGYG000000763,UMGS1600 sp900553315,MGYG000001809,Robinsoniella peoriensis,Streptococcus sanguinis_H,MGYG000004514
rep920_seed2945	Lancefieldella rimae,UMGS1225 sp900549725,Prevotella sp002251385,CAG-465 sp900554875,CAG-776 sp900758895,Collinsella sp900756725,SFJ001 sp004555865,CAG-313 sp003539625,CAG-492 sp000434015,AM51-8 sp003478275,Muricomes oroticus,Prevotella sp900556825,Actinomyces graevenitzii,CAG-269 sp900553125,UBA2882 sp002362385,CAG-110 sp900546075,Campylobacter_A concisus_F,CAG-110 sp900544405,Acutalibacter sp900543305,UBA7102 sp900760085,Fournierella sp004558145,MGYG000001868,MGYG000000576,CAG-484 sp000431315,CAG-83 sp000435975,Collinsella sp900547855,MGYG000004677,Enterocloster sp005845215,Yersinia massiliensis,Parolsenella uli_B,MGYG000004029,MGYG000004421,Raoultella ornithinolytica,Bacteroides sp902388495,Evtepia gabavorous,CAG-245 sp900761475,MGYG000002646,Alistipes sp902363575,CAG-485 sp002361235,CAG-313 sp900539265,CAAEEV01 sp900754955,Faecalibacterium sp900540455,MGYG000002759,MGYG000003271,Lawsonibacter sp003478995,Butyricimonas synergistica
rep921_seed2946	QAMM01 sp900552945,Prevotella salivae,HGM11523 sp900756545,UBA4871 sp014467055,CAG-110 sp900553805,Lactobacillus intestinalis,Yersinia pestis,UBA5446 sp900546485,UMGS1441 sp900551755,Enterobacter cancerogenus,MGYG000000325,UBA1820 sp003150615,MGYG000003797,AM51-8 sp003478275,Collinsella sp900762015,Slackia exigua,MGYG000003894,Collinsella sp900550825,CAG-317 sp900543415,RC9 sp900769145,Prevotella sp900551985,MGYG000003015,CAG-390 sp900753295,Megasphaera cerevisiae,CAG-492 sp000434015,MGYG000000616,Clostridium nigeriense,Collinsella sp003470665,Acetatifactor sp900766575,CAG-873 sp002493945,MGYG000004781,Streptococcus mutans,Collinsella sp900755685,CAG-115 sp900768125,UMGS75 sp900538885,Collinsella sp900541645,MGYG000004325,Gemmiger qucibialis,Sutterella sp900762445,Alloprevotella tannerae,MGYG000000300,UBA5446 sp900752445,Firm-11 sp900540045,Eubacterium_I ramulus,Phascolarctobacterium_A sp900770955,Alistipes provencensis
rep922_seed2947	UMGS680 sp900544525,MGYG000000448,MGYG000004037,Prevotella disiens,HGM10836 sp900772095,Collinsella sp900554645,MGYG000002624,MGYG000002828,Fusobacterium_A ulcerans,NSJ-38 sp902363445,Eubacterium_I ramulus,Ruminiclostridium_E sp900768735,Alistipes sp900548155,Holdemania massiliensis,Methanobrevibacter_A oralis,Providencia rettgeri_D,Prevotella sp000435635,Sutterella sp900762445,Eubacterium_R sp900540305,Prevotella sp900546575,Angelakisella sp004557855,MGYG000002223,Citrobacter gillenii,Salmonella enterica,MGYG000004647,Mobilibacterium timonense,Collinsella sp900548365,MGYG000000350,RF16 sp900766775,Blautia_A wexlerae_A,Bacteroides sp900766005,CAG-83 sp900551355,MGYG000001879,Acetatifactor sp900766575,UBA3388 sp900546465,Bacillus_J andreraoultii,BX12 sp902363595,UBA1691 sp900544715,Clostridium_J ihumii,RUG472 sp900545265,MGYG000004169,Alistipes sp002161445,Criibacterium bergeronii,Anaerobutyricum sp002161065,Caecibacter sp003467125,Anaerotruncus massiliensis
rep923_seed2948	UMGS911 sp900545935,MGYG000004879,Collinsella sp900556285,Dielma fastidiosa,Collinsella sp900547345,Muribaculum intestinale,Collinsella sp900541645,Psychrobacillus sp012843435,Butyrivibrio_A sp900768755,Streptococcus sp001556435,UBA1752 sp900554405,Stomatobaculum sp002892395,MGYG000000586,Prevotella sp900556825,MGYG000004586,CAG-882 sp003486385,RC9 sp900544195,Lachnoclostridium_A sp002160755,MGYG000001133,CAG-882 sp000435595,UMGS1820 sp900545865,Sneathia amnii,Veillonella_A sp900765165,UBA7173 sp900768685,Prevotella sp900772835,Ligilactobacillus agilis,Prevotella sp900548745,Collinsella sp900541025,MGYG000004790,UMGS1474 sp900552115,Collinsella sp900754435,Paenibacillus lactis,Dysgonomonas sp900556485,MGYG000002063,UBA3766 sp900769175,Collinsella sp900553215,Peptoniphilus_C sp902363535,Dialister sp900543165,Collinsella sp900541475,CAG-95 sp900554925,MGYG000004621,Prevotella multisaccharivorax,MGYG000004594,MGYG000003816,Dysosmobacter sp900548505,Faecalimonas sp900546325
rep924_seed2949	MGYG000004495,MGYG000001028,UBA4285 sp900545225,Acutalibacter sp000432995,MGYG000002063,UMGS1474 sp900552115,MGYG000004547,MGYG000004713,Clostridium_Q sp000435655,Prevotella sp900546535,CAG-475 sp900547975,Sutterella wadsworthensis,MGYG000001020,Eubacterium_F sp900539115,Collinsella sp900765185,Actinomyces oris,Parabacteroides sp003473295,UBA1691 sp900549825,Edwardsiella tarda,MGYG000000609,Escherichia fergusonii,Klebsiella quasipneumoniae,UMGS1600 sp900553315,CAG-110 sp900546415,UMGS1071 sp900548305,Ligilactobacillus sp900765635,Zag1 sp900769355,Dysosmobacter sp900551885,Faecalimonas sp900551895,CAG-964 sp000435335,CAG-110 sp900544705,Holdemania filiformis,Bifidobacterium sp900551485,CAG-831 sp000432775,Hafnia alvei,CAG-95 sp000438155,Eggerthella sinensis,MGYG000004374,CAG-485 sp900760735,CAG-279 sp900548875,Enteroscipio rubneri,MGYG000001727,Latilactobacillus curvatus,PeH17 sp000435055,Bacteroides_F pectinophilus,MGYG000002706
rep925_seed2950	Prevotellamassilia sp004552865,MGYG000000682,Anaerostipes caccae,F23-B02 sp002472405,Fenollaria timonensis,Megasphaera sp000417505,Collinsella sp900542965,Parabacteroides sp014287585,MGYG000002797,RC9 sp900771005,Methanobrevibacter_A smithii,Collinsella sp900547125,MGYG000003871,UBA5905 sp004558485,Collinsella sp900757505,Acetatifactor sp900755865,Azonexus sp900549295,MGYG000001169,Gabonibacter sp900543425,MGYG000004882,Turicibacter sanguinis,Zag111 sp900551965,MGYG000002005,Collinsella sp900554465,Rahnella variigena,UBA6398 sp003150315,Ruminococcus_E sp003438075,Pseudomonas_E bubulae,UBA11452 sp003526375,Firm-11 sp900553905,UMGS1071 sp900548305,Dialister sp900543165,MGYG000004817,Veillonella sp900765235,NK4A136 sp002314855,Dysgonomonas capnocytophagoides,Faecalimonas umbilicata,Streptococcus infantarius,Prevotellamassilia sp900772575,MGYG000004203,Blautia_A hydrogenotrophica,Blautia_A sp000436615,Negativibacillus sp000435195,Lactonifactor longoviformis,Haemophilus sp002998595,UBA1777 sp003150355
rep926_seed2951	Agathobacter sp900546625,MGYG000004028,CAG-110 sp900762935,Collinsella sp900550815,MGYG000004199,MGYG000001643,CAG-238 sp900542245,MGYG000004462,MGYG000004061,RC9 sp900545245,UMGS1397 sp900761355,Dysosmobacter sp900752075,MGYG000004068,CAG-317 sp000433535,Agathobacter sp000434275,MGYG000003831,Bacteroides sp900553815,Veillonella sp900538355,MGYG000002216,MGYG000003076,Collinsella sp900550415,Collinsella sp900541015,Limosilactobacillus caviae,Enterocloster lavalensis,Barnesiella intestinihominis,Parolsenella sp900552935,V9D3004 sp900760345,Bacteroides sp902362375,CAG-110 sp900762245,Mediterraneibacter_A butyricigenes,Phocaeicola sp900551065,CAG-115 sp002492075,MGYG000004572,Alistipes sp900548155,MGYG000000413,MGYG000001137,Bacteroides bouchesdurhonensis,CAG-110 sp900554625,Ruminococcus_E sp003521625,UBA1822 sp900545365,CAG-56 sp900752065,MGYG000004365,Akkermansia muciniphila,Sellimonas sp002161525,Pauljensenia sp000758755,MGYG000000658
rep927_seed2952	CHH4-2 sp002899675,MGYG000001996,MGYG000003745,MGYG000002255,Dysosmobacter sp900752075,Pauljensenia sp001838165,Ruminococcus_C sp900545285,Collinsella sp900761995,Dysosmobacter sp900544105,RC9 sp000435075,CAG-83 sp000435975,Enterococcus_B faecium,Paraprevotella sp900548345,Gordonibacter urolithinfaciens,SFDP01 sp900770785,MGYG000004219,Collinsella sp900757705,UMGS1071 sp900548305,TF01-11 sp900759665,Blautia_A wexlerae_A,Enterobacter_A timonensis,MGYG000004890,Leptotrichia wadei,MGYG000001219,Ruminococcus_E sp002493635,MGYG000004380,Robinsoniella peoriensis,MGYG000004197,MGYG000000481,Phocaeicola sp900066445,Collinsella sp900551655,Collinsella aerofaciens_K,Lancefieldella sp902373375,MGYG000004669,Collinsella aerofaciens_E,CAG-1427 sp900548955,Parabacteroides sp900552415,Alistipes dispar,Dysosmobacter welbionis,Streptococcus lutetiensis,UBA1409 sp002338885,Anaerobutyricum sp900754855,Fusicatenibacter sp900543115,Paraclostridium sordellii,UMGS1472 sp900552095,Barnesiella sp002159975
rep928_seed2953	Paraprevotella sp900760455,Peptacetobacter sp900539645,MGYG000004753,HGM12587 sp900766915,UMGS1820 sp900545865,UBA11471 sp900542765,Fusicatenibacter sp900772675,Prevotella colorans,Eggerthella sinensis,Paraprevotella sp900548345,Veillonella sp009929605,Clostridium paraputrificum,MGYG000004346,MGYG000001585,MGYG000002213,Eubacterium_R sp900547915,Dysosmobacter sp900551885,MGYG000004199,Caecibacter sp003467125,F0040 sp900095835,Eisenbergiella tayi,MGYG000000643,Lancefieldella sp902373375,Extibacter muris,Paramuribaculum sp900760855,Paramuribaculum sp900759835,Fusobacterium_A sp900015295,Lawsonibacter sp900066645,NK3B98 sp900758315,MGYG000001818,CAG-110 sp900547405,Collinsella sp900555955,UBA5446 sp900759385,Acidaminococcus timonensis,MGYG000003788,MGYG000003644,Porphyromonas sp900538385,Collinsella sp900541285,CAG-485 sp002361235,Pantoea eucalypti,CAG-110 sp900546915,Parasutterella sp000980495,Gemmiger formicilis,MGYG000002650,Pseudomonas_R sp900766265,Cronobacter malonaticus
rep929_seed2954	MGYG000000448,MGYG000004745,MGYG000001808,HGM11788 sp900760465,MGYG000004628,CAG-170 sp900549635,CAG-177 sp900771185,MGYG000003980,Phascolarctobacterium sp900544795,MGYG000004037,Desulfovibrio fairfieldensis,Prevotellamassilia sp900541335,MGYG000004009,Paraprevotella clara,Paramuribaculum sp009775605,Parolsenella uli_B,Megasphaera sp002319965,SFDP01 sp900770785,Agathobacter faecis,Anaerococcus hydrogenalis,MGYG000004062,Collinsella sp900756725,MGYG000001903,UBA1777 sp900547315,Murimonas intestini,MGYG000001594,Enterococcus faecalis,Prevotella sp002350355,Cedecea davisae,Blautia sp900555025,Collinsella sp900541665,MGYG000001873,Anaerococcus obesiensis,UMGS1670 sp900553995,Acetatifactor sp900771995,Collinsella sp900541205,MGYG000001839,Collinsella aerofaciens_E,Bifidobacterium globosum,Collinsella provencensis,Lachnospira sp900551945,MGYG000004845,SFHK01 sp004556395,Phocaeicola coprophilus,CAG-145 sp900540145,Gemmiger sp900539695
rep930_seed2955	Prevotellamassilia sp900543155,Collinsella sp902388345,CAG-590 sp900769115,Enterocloster citroniae,Dysosmobacter sp900544105,Ligilactobacillus agilis,Enterobacter cloacae_K,RUG472 sp900545265,MGYG000002203,MGYG000003112,MGYG000000632,CAG-81 sp900066535,UMGS75 sp900538885,CAG-495 sp900551585,Cronobacter malonaticus,Blautia sp900543715,Faecalimonas sp900546325,Megasphaera sp001546855,MGYG000004829,RUG572 sp900771305,Ruminococcus_E sp900314705,Lancefieldella sp902373375,Butyrivibrio_A sp000431815,Acutalibacter sp900548545,CAG-180 sp900545625,Finegoldia magna_H,MGYG000004646,UBA1777 sp900549545,Johnsonella sp900766185,MGYG000003162,MGYG000004100,F23-B02 sp003533405,MGYG000003867,Massiliomicrobiota sp002160865,UMGS1370 sp900542035,Catenibacterium sp000437715,Campylobacter_A concisus_P,Ruminococcus_C sp900765125,MGYG000004845,Erysipelatoclostridium spiroforme,UMGS1781 sp900553695,Anaerostipes hadrus_A,Anaerococcus lactolyticus,Bittarella massiliensis,F082 sp900542475,Parasutterella excrementihominis
rep931_seed2956	Marvinbryantia formatexigens,MGYG000004803,MGYG000003434,MGYG000001743,MGYG000001868,Clostridium beijerinckii,UBA7057 sp900542735,MGYG000004384,Phascolarctobacterium_A sp900551335,Alistipes sp900553175,MGYG000002041,CAG-831 sp900544175,MGYG000000745,SFLA01 sp004553575,Cutibacterium acnes,UBA3818 sp900557155,Prevotella sp900554695,MGYG000002691,MGYG000002627,Bifidobacterium thermophilum,MGYG000000334,Gabonibacter sp900543425,Alistipes shahii,Roseburia sp900753715,MGYG000002204,UMGS911 sp003343545,MGYG000000934,Porphyromonas sp900546675,UMGS1600 sp900553295,Eubacterium_R sp900555015,MGYG000003324,CAG-83 sp900756715,MGYG000004702,MGYG000000403,MGYG000001020,Peptoniphilus_B duerdenii,MGYG000000505,Mitsuokella sp003458855,MGYG000002745,Blautia_A sp003477525,MGYG000003823,MGYG000000474,Phocaeicola sp900553185,Pauljensenia sp900541895,CAG-238 sp000435615,Methanobrevibacter_A oralis
rep932_seed2957	RC9 sp900546445,Collinsella sp900555765,UMGS1883 sp900763305,Dysosmobacter sp900550685,MGYG000000635,CAG-272 sp000433515,Collinsella sp900552155,Finegoldia magna,MGYG000001868,MGYG000004177,CAG-45 sp000438375,Veillonella sp900552445,Plesiomonas shigelloides,Ruminococcus_A faecicola,Porphyromonas sp900548415,Neisseria gonorrhoeae,Oribacterium sp900772695,MGYG000003823,Collinsella sp900545875,UMGS403 sp900541975,Collinsella sp900544465,HGM04593 sp900770665,CAG-485 sp002361235,CAG-83 sp900552475,Terrisporobacter othiniensis,Superficieibacter sp900766525,UMGS1224 sp900549775,Alistipes sp900550375,Barnesiella sp900538555,CAG-485 sp900766975,Bacteroides uniformis,Yersinia frederiksenii_C,MGYG000004836,MGYG000003050,Holdemanella biformis,Borkfalkia ceftriaxoniphila,Eubacterium_F sp000434115,Streptococcus thermophilus,Blautia_A sp003474435,Schaedlerella sp900765975,MGYG000004837,MGYG000003950,CAG-245 sp000434195,Phascolarctobacterium_A sp900544885,UBA5446 sp900759385,MGYG000000346
rep933_seed2958	Bacteroides togonis,MGYG000003136,Franconibacter helveticus,Phil1 sp004558525,CAG-485 sp900550645,Muricomes sp000509105,Mitsuokella multacida,MGYG000002256,CAG-603 sp900066105,MGYG000004891,Prevotella colorans,Schaedlerella sp900066545,MGYG000000674,Odoribacter splanchnicus,Collinsella sp900757185,MGYG000004405,Barnesiella intestinihominis,CAG-631 sp900762575,CAG-349 sp003539515,Blautia_A sp900547615,MGYG000004863,UBA5446 sp900544295,Selenomonas_A sp900769615,Marvinbryantia formatexigens,MGYG000003975,MGYG000001581,MGYG000004800,Faecalibacterium sp900540455,MGYG000004808,Prevotella copri_A,Pauljensenia sp902373435,Phocaeicola sp900546645,MGYG000004646,Bifidobacterium dentium,MGYG000001817,Actinobaculum massiliense,UBA11452 sp003526375,MGYG000002714,Prevotella rara,MGYG000004560,F082 sp900542475,Lachnospira sp000436535,CAG-312 sp002405555,MGYG000002675,Ruminococcus_C sp900765125,Enterocloster sp900770345
rep934_seed2959	Enterobacter cloacae_O,Megamonas funiformis,Yersinia massiliensis,MGYG000002738,Limosilactobacillus vaginalis,Slackia_A sp900555495,MGYG000004135,Schaedlerella sp900066545,UBA1390 sp900764045,MGYG000004398,Oribacterium sp900770445,UMGS911 sp900546695,Phocaeicola sp900540105,Fusicatenibacter saccharivorans,Phocaeicola sp900544075,UMGS1781 sp900553695,Acidaminococcus sp900538365,Prevotella timonensis,MGYG000002717,Eubacterium_R coprostanoligenes,Turicibacter sanguinis,Collinsella sp900761155,Ruminococcus_E sp003438075,MGYG000003297,MGYG000004531,Robertmurraya massiliosenegalensis,Phocaeicola dorei,Prevotella sp900290275,RUG14107 sp900772685,F23-B02 sp002472405,Collinsella sp900545555,Lawsonibacter sp003478995,Blautia_A hydrogenotrophica,Collinsella sp003466125,Streptococcus sp900555155,Cutibacterium acnes,Fusobacterium_A sp900555845,UMGS1293 sp900754495,Faecalimonas phoceensis,Haemophilus_D parainfluenzae,Clostridium_E sporosphaeroides,F23-B02 sp900556535,MGYG000004374,MGYG000004841,MGYG000004003,UBA737 sp900549755
rep935_seed2960	MGYG000003060,Anaerotruncus colihominis,Lacrimispora sp902363835,Clostridioides difficile_A,Caecibacter massiliensis,CAG-269 sp000438255,MGYG000004224,Clostridium sp900540255,Bruticola sp004554425,Enterocloster bolteae,Yersinia kristensenii_B,Eubacterium_G sp000435815,MGYG000000443,NK4A136 sp002314855,Massilioclostridium methylpentosum,CAG-488 sp900554995,MGYG000004171,MGYG000003941,MGYG000003434,UBA4285 sp900545225,Coprococcus eutactus,Phocea massiliensis,Pantoea anthophila,RC9 sp900769145,Collinsella sp003462685,Stomatobaculum sp002892395,TF01-11 sp003149875,MGYG000002112,UBA1691 sp002320555,Duodenibacillus sp900544255,CAG-302 sp000431795,Prevotella sp900290275,MGYG000001958,UMGS599 sp900543705,Collinsella sp900541045,Catenibacillus sp900557175,Phocaeicola sp900546095,CAG-83 sp900551355,Streptococcus sp900543065,MGYG000001879,CAG-873 sp002493945,Methanobrevibacter_A smithii,CAG-274 sp000432155,MGYG000000384,CAG-170 sp900751035,F23-B02 sp004556755
rep936_seed2961	Agathobaculum sp900291975,Megasphaera sp902388315,Alistipes sp002161445,Agathobacter sp900552085,UBA4644 sp900555855,Duodenibacillus sp900552915,CAG-632 sp002406015,MGYG000004741,Acidaminococcus provencensis,Parabacteroides sp900770835,CAG-269 sp900553125,Collinsella sp900765115,CAG-81 sp000435795,Alistipes sp001941065,Lactobacillus amylovorus,UMGS1865 sp900768535,Muricomes contortus_B,Eubacterium_G ventriosum,Pseudescherichia sp002298805,UBA11524 sp900769075,Collinsella sp900541185,CACZQA01 sp900758075,CAG-492 sp900557195,Alistipes provencensis,UMGS1590 sp900759105,MGYG000000632,Clostridium sp900539375,Blautia_A sp900548245,Prevotella sp900554695,Collinsella sp900552295,Haemophilus influenzae,MGYG000004660,Ruminococcus sp900752785,HGM11372 sp900767715,Duncaniella sp900762315,Phocaeicola barnesiae,MGYG000002727,Desulfovibrio desulfuricans,MGYG000003828,Bilophila sp900553145,MGYG000004037,Parabacteroides distasonis,Slackia_A sp900553775,Agathobaculum sp900544475,CAG-495 sp001917125,Amulumruptor sp001689515
rep937_seed2962	MGYG000004432,MGYG000001870,Holdemanella sp900547815,UMGS1611 sp900553435,Acutalibacter sp900543555,Phocaeicola sp000434735,Collinsella sp003471585,MGYG000002712,Collinsella sp900555355,Porphyromonas sp900539155,MGYG000003798,Collinsella sp900555585,Collinsella sp900768265,Citrobacter_B koseri,MGYG000004697,Anaerotruncus rubiinfantis,Blautia_A sp900066205,RC9 sp900541925,MGYG000003938,Sutterella wadsworthensis_A,MGYG000003304,MGYG000001871,Terrisporobacter sp902363255,MGYG000001935,Adlercreutzia celatus_A,Pauljensenia sp000758755,Blautia_A massiliensis,Gemmiger sp900554145,MGYG000003076,Ligilactobacillus murinus,UMGS1375 sp900551235,UBA4855 sp900540395,Dialister sp900545785,MGYG000004188,QANA01 sp900554725,Clostridium_Q sp000435655,MGYG000004075,An181 sp002160325,MGYG000001879,Eisenbergiella sp900539715,MGYG000000557,Olsenella_E timonensis,MGYG000002696,Bacteroides sp902362375,UMGS995 sp900547465,MGYG000003797
rep938_seed2963	Ruminococcus_E sp900543095,Leminorella grimontii,Mediterraneibacter sp900553885,MGYG000001841,MGYG000004684,Prevotella multisaccharivorax,Alistipes sp900760675,Bacteroides sp900547205,Erysipelatoclostridium sp002160495,CAG-485 sp000437495,MGYG000000210,UBA1777 sp900549645,MGYG000004039,Neisseria sp000186165,CAG-269 sp001916005,NK3B98 sp900752305,MGYG000001632,Rothia dentocariosa,Agathobacter sp900546625,MGYG000004549,Lactobacillus amylovorus,CAG-831 sp900771335,Superficieibacter sp900766525,F23-B02 sp002472405,MGYG000001807,Morganella morganii,Sutterella sp900762445,Collinsella sp900544865,Firm-11 sp900553905,TM7x sp900555885,Parabacteroides sp900770835,Parabacteroides sp900760525,MGYG000004119,Eubacterium_F sp000433735,UMGS403 sp900541565,Lysinibacillus fusiformis_D,Leuconostoc lactis,MGYG000001112,MGYG000000592,Faecalibacterium prausnitzii_E,Collinsella sp900550185,Faecalimonas sp900550235,CAG-127 sp900767585,Collinsella sp900555955,Acutalibacter sp900759575,CAG-196 sp900549855
rep939_seed2964	Gemmiger sp900548355,Veillonella sp003463825,CAG-279 sp900541555,Collinsella sp900757705,Lactobacillus hominis,MGYG000003970,MGYG000002064,MGYG000000597,Haemophilus_D parainfluenzae_J,CABIZH01 sp902363205,UMGS1820 sp900545865,Bifidobacterium pullorum,Alistipes sp900544265,Ezakiella massiliensis,CAG-485 sp900759795,Collinsella sp900754435,Enterocloster citroniae,MGYG000000348,Massilioclostridium methylpentosum,MGYG000000413,MGYG000002712,BX12 sp902363595,Paramuribaculum sp900752995,Collinsella sp900768265,Bacteroides sp900547205,UBA5905 sp004558485,Dysosmobacter sp014297375,CAG-245 sp000434195,Alistipes sp900769445,Lactobacillus helveticus,UMGS1994 sp900556975,Porphyromonas sp900548415,ER4 sp900552015,MGYG000004094,MGYG000004522,Turicibacter sp001543345,MGYG000002785,CAG-81 sp900066785,MGYG000004700,Odoribacter splanchnicus,Phascolarctobacterium_A succinatutens,Prevotellamassilia sp900541335,MGYG000004708,Evtepia sp900546255,ER4 sp900768135,Ruminococcus_E sp002493635
rep940_seed2965	MGYG000004116,Lawsonibacter sp900066645,Desulfovibrio piger,CAG-177 sp000431775,MGYG000003800,MGYG000004159,UBA737 sp900547305,Eubacterium maltosivorans,Prevotella nigrescens,Fusicatenibacter sp900772675,Phocaeicola sp900541515,UMGS1491 sp900757335,Clostridium septicum,Anaerobutyricum sp002161065,MGYG000001805,CAG-95 sp000438155,UMGS995 sp900547465,TM7x sp900557595,CAG-115 sp900768125,Christensenella minuta,Collinsella sp900553215,Enterocloster sp900555905,Allisonella pneumosintes,Alistipes onderdonkii,MGYG000002107,Robinsoniella sp900539655,HGM13862 sp900760825,CAG-485 sp002361235,Enterococcus_D casseliflavus,MGYG000002677,UMGS1241 sp900540495,MGYG000003917,Gemmiger variabilis_A,Phocaeicola sp900551445,Olsenella_E timonensis,Phascolarctobacterium_A sp900541915,CAG-485 sp000437495,Dialister sp900765565,Faecalibacterium sp900758465,Collinsella sp900542825,MGYG000004519,Senegalimassilia sp900550055,Clostridium_X cadaveris,MGYG000000448,D5 sp900113995,Collinsella sp900551195
rep941_seed2966	RUG115 sp900066395,Massilioclostridium coli,UBA11517 sp900555365,Streptococcus infantarius,Bacteroides bouchesdurhonensis,Prevotella sp002299635,UBA3818 sp900557155,Pauljensenia sp902373545,Granulicatella adiacens,UBA11524 sp000437595,MGYG000004749,Megasphaera sp002319965,Dysosmobacter sp900544955,Intestinimonas massiliensis,MGYG000001780,UBA5394 sp003150565,Alistipes sp900542505,Blautia sp900541955,HGM11575 sp900754775,Akkermansia muciniphila_A,MGYG000001205,Bacteroides massiliensis_A,QALS01 sp900552625,Gemmiger variabilis_A,Agathobaculum sp900557315,CAG-590 sp900769115,Haemophilus_A parahaemolyticus,Lactonifactor longoviformis,HGM11507 sp900761005,UMGS966 sp900547185,UBA1409 sp002338885,Granulicatella sp001058355,Selenomonas_C sp002351185,UMGS1994 sp900553945,UMGS1052 sp900548115,Prevotella sp900540415,MGYG000001028,CAG-793 sp900557475,Enterobacter sichuanensis,Lachnoclostridium_B sp900066765,MGYG000004890,F23-B02 sp002472405,MGYG000002215,UBA5446 sp004553625,MGYG000001743,MGYG000001916
rep942_seed2967	CAG-127 sp900539705,Vibrio cholerae,MGYG000000557,MGYG000003207,UBA1394 sp900066845,Peptostreptococcus sp900759325,Lactococcus_A raffinolactis,Eisenbergiella tayi,Collinsella sp900759565,CAG-170 sp900555665,Ruminococcus sp900761275,UMGS1540 sp900552775,Christensenella timonensis,Odoribacter splanchnicus,Lactonifactor sp009677585,UMGS1472 sp900552095,MGYG000004258,Haemophilus_D parainfluenzae_N,Alistipes_A sp900549685,Citrobacter_A sedlakii,MGYG000003914,MGYG000000687,MGYG000002075,MGYG000001952,CAG-831 sp900771335,Acetatifactor sp900755865,MGYG000001899,Anaerobutyricum soehngenii,MGYG000004611,MGYG000002759,MGYG000002758,MGYG000003867,Anaerococcus sp900550345,CAG-83 sp003487665,Massilistercora sp902406105,Collinsella sp900541145,Lachnoclostridium_A sp002160755,Anaerocolumna aminovalerica,Faecalibacterium prausnitzii_E,MGYG000004888,Phascolarctobacterium sp900551745,Cronobacter malonaticus,MGYG000002063,MGYG000002706,Anaerotruncus rubiinfantis,Schaedlerella sp900765975
rep943_seed2968	MGYG000004462,Bilophila sp900550745,Veillonella sp900549845,Agathobacter sp900543445,UMGS403 sp900540275,UMGS1071 sp900541905,Zag1 sp000438175,HGM11514 sp900757255,MGYG000001858,Collinsella sp900554325,Collinsella sp900762345,CHH4-2 sp002899675,Lachnoclostridium_B sp000765215,Odoribacter sp900541415,Campylobacter_A concisus_I,Limosilactobacillus antri,Sutterella parvirubra,UBA1820 sp003150615,MGYG000002010,Alistipes sp900760675,Fournierella sp900543285,Collinsella sp002232035,Criibacterium bergeronii,Frisingicoccus sp900753685,Alistipes dispar,Mediterraneibacter sp900541505,Lawsonibacter sp014287875,Yersinia massiliensis,Phytobacter massiliensis,AM51-8 sp003478275,Haemophilus_D parainfluenzae,MGYG000000413,UBA1752 sp900554405,MGYG000004559,UMGS1975 sp900546685,Acutalibacter sp900759575,UBA11471 sp900547555,Clostridium_J ihumii,UBA738 sp003522945,Collinsella sp900752015,Lactobacillus gallinarum,Mediterraneibacter sp900751785,Holdemanella biformis,MGYG000004857,MGYG000000361,Veillonella sp900550175
rep944_seed2969	MGYG000002178,Lactonifactor sp009677585,Enterocloster citroniae,Alistipes sp902388705,Prevotella denticola,UBA1390 sp002305315,Eikenella corrodens,RC9 sp900760425,Acutalibacter sp000432995,MGYG000000660,RC9 sp000433355,Porphyromonas sp900539155,51-20 sp001917175,Fusobacterium polymorphum,Clostridium neonatale,Ruminococcus sp002438605,Bacteroides finegoldii,MGYG000003061,Lacrimispora sp902363835,Lactococcus garvieae,Collinsella sp902388345,Dysosmobacter sp001916835,Klebsiella_A oxytoca,MGYG000003418,MGYG000004662,Fenollaria massiliensis,MGYG000000586,Alistipes timonensis,MGYG000004634,UBA1234 sp900765095,Angelakisella sp003453215,Gemmiger sp900540595,MGYG000000656,MGYG000000728,Duncaniella sp900762315,MGYG000003071,MGYG000000481,Enterobacter roggenkampii,Collinsella sp900759335,Blautia_A wexlerae_A,Coprococcus sp900066115,MGYG000002717,CHH4-2 sp002899675,MGYG000000709,Porphyromonas gingivalis,Parabacteroides sp000436495
rep945_seed2970	CAG-269 sp001916035,Prevotella sp000435635,Haemophilus_A parahaemolyticus,Prevotella sp900548745,MGYG000003578,Methanobrevibacter_A woesei,Peptacetobacter sp900539645,MGYG000000876,Lancefieldella sp902373375,MGYG000000592,MGYG000003941,Bifidobacterium angulatum,Salmonella bongori,Akkermansia muciniphila_C,Collinsella sp900761995,Parabacteroides sp000436495,CAG-312 sp900760055,MGYG000004697,MGYG000002659,Prevotella rara,UMGS966 sp900761965,Bariatricus massiliensis,MGYG000002095,Paramuribaculum sp000431155,Bifidobacterium sp900551485,Veillonella sp900556785,Eubacterium_R sp000436835,UBA1777 sp900549865,Blautia_A sp900551715,Gordonibacter urolithinfaciens,MGYG000000348,MGYG000003045,Gastranaerophilus phascolarctosicola,Phocaeicola ilei,Collinsella sp900541665,Alloscardovia omnicolens,CAG-115 sp900768705,Phocaeicola sp000432735,Oxalobacter formigenes_B,MGYG000000637,MGYG000004037,CAG-877 sp900548695,UBA3402 sp003478355,Bilophila sp902373525,MGYG000004650,UBA738 sp003522945
rep946_seed2971	Acinetobacter baumannii,MGYG000003328,Pauljensenia sp000308055,UBA737 sp900549755,Paramuribaculum sp900546365,Agathobaculum sp900544475,MGYG000002712,Acetatifactor sp900554205,Holdemania sp900120005,Anaerosporobacter mobilis,Faecalibacterium prausnitzii_D,Enterocloster sp900753815,MGYG000000759,Collinsella sp900544135,Proteus sp001722135,Collinsella sp900555555,Phascolarctobacterium faecium,UMGS902 sp900761025,Haemophilus_A parahaemolyticus,UMGS995 sp900547465,MGYG000002730,Sutterella sp900764215,MGYG000004187,MGYG000003854,UMGS1370 sp900542035,Prevotella sp900550365,Clostridium_E jeddahense,Haemophilus_D parainfluenzae_L,Marvinbryantia sp900066075,UBA10281 sp900556195,CAG-83 sp900551995,Holdemanella sp900754615,MGYG000004003,UMGS911 sp003343545,Eubacterium_R sp900539325,MGYG000003840,Bacilliculturomica massiliensis,Lactobacillus gallinarum,MGYG000004118,UBA7748 sp900314535,Collinsella sp902362275,Streptococcus peroris,Oscillibacter ruminantium,Zag1 sp900769645,TF01-11 sp003149875,MGYG000000728
rep947_seed2972	CAG-451 sp000438295,Paraprevotella sp900548345,MGYG000002626,UBA7102 sp900760085,MGYG000003328,Prevotella copri_A,MGYG000004219,Paramuribaculum sp900759835,Ruminococcus_B gnavus,MGYG000003936,Duncaniella sp900544535,Coprococcus sp000154245,Clostridium_AQ sp900552125,Prevotella sp900556795,Peptoniphilus_A harei_A,Phascolarctobacterium_A sp900541915,Prevotella sp900557405,Murdochiella massiliensis,Pauljensenia turicensis,MGYG000000691,UBA1822 sp900545365,Collinsella sp003458415,Bariatricus massiliensis,MGYG000001825,MGYG000003837,PeH17 sp000435055,CAG-170 sp900548625,MGYG000000635,CAG-145 sp900754795,Ellagibacter isourolithinifaciens,CAG-590 sp900552885,Merdimonas faecis,Ruminococcus sp002438605,MGYG000000566,MGYG000004650,MGYG000003909,MGYG000003305,MGYG000000361,MGYG000003319,Akkermansia muciniphila_B,Streptococcus sp900546335,CAG-180 sp900545625,UMGS1590 sp900759105,CAG-110 sp003525905,MGYG000002122,Enterobacter chengduensis
rep948_seed2973	MGYG000001195,Lawsonibacter sp000177015,MGYG000003071,SFMI01 sp004556155,Haemophilus_D parainfluenzae_L,CAG-313 sp900539265,Collinsella sp900542825,CAG-484 sp000431315,QAMM01 sp900762715,MGYG000004514,Ruminococcus_E sp900543095,HGM12814 sp900770165,Chimaeribacter coloradensis,MGYG000004228,MGYG000004247,CAG-110 sp900551495,MGYG000002210,UBA5905 sp900764115,Oribacterium sinus,Psychrobacillus sp012843435,Collinsella sp900555765,Veillonella parvula_A,Lachnoclostridium_B sp900066555,Alistipes sp902363575,CAG-1024 sp000432015,Yersinia pestis,Marvinbryantia sp900550755,Phytobacter sp002377245,MGYG000002084,Allisonella histaminiformans,Evtepia sp900546255,CAG-115 sp000432175,Streptococcus oralis_S,MGYG000001886,MGYG000004841,SFDB01 sp004558825,CAG-1427 sp900553605,Lactobacillus gallinarum,MGYG000002680,CAG-170 sp900549635,MGYG000003005,QAMM01 sp003150405,Collinsella sp900550415,UBA1691 sp002320555,MGYG000003315,Veillonella sp900757715
rep949_seed2974	Alistipes sp002358415,MGYG000004405,Prevotella sp900770025,MGYG000000656,Longibaculum muris,UBA1417 sp900549945,MGYG000001632,Sutterella parvirubra,Clostridium_P massiliamazoniense,Prevotella sp900550365,Collinsella aerofaciens_G,Dysosmobacter sp900551885,Lachnospira sp900316325,Collinsella sp900759335,Streptococcus mutans,Collinsella sp900554585,MGYG000000393,UMGS1781 sp900555075,Kluyvera sp902363335,Anaerococcus sp900258475,CAG-170 sp900549635,MGYG000003338,Blautia_A hydrogenotrophica,Dysosmobacter sp900542115,Coprococcus sp000154245,Dialister sp900543165,Parabacteroides sp900552465,Bittarella massiliensis,UMGS882 sp003343885,Paramuribaculum sp900546365,MGYG000002219,MGYG000001205,UBA1777 sp900549865,Collinsella stercoris,CAG-269 sp900551615,Fusobacterium vincentii,UBA644 sp900547165,Amulumruptor sp900539915,UBA737 sp002431945,Collinsella sp900554645,CAG-95 sp900066375,Streptococcus infantarius,MGYG000003207,MGYG000004774,MGYG000004684,Agathobacter sp900547695
rep950_seed2975	Blautia_A sp900549015,Holdemanella biformis,Muricomes contortus_B,MGYG000004791,UBA11774 sp003507655,CAG-238 sp900542245,MGYG000004238,Citrobacter braakii,UBA3402 sp003478355,Prevotella sp900552675,Bifidobacterium dentium,MGYG000004122,Eubacterium_R sp900543795,MGYG000003927,Prevotella sp900316565,Salmonella bongori,Anaerosacchariphilus sp900553635,UBA1777 sp900549485,CAG-177 sp003538135,UMGS1312 sp900550625,MGYG000004756,Odoribacter sp900548135,Leuconostoc lactis,MGYG000003451,MGYG000002627,UBA9475 sp900554075,Eubacterium_R sp900539165,Coprococcus_A catus,Lactobacillus amylovorus,Butyricimonas sp900759925,Caproiciproducens sp000752215,Sutterella sp900543805,RC9 sp900760425,Duncaniella dubosii,MGYG000002785,UMGS1600 sp900553295,CAG-110 sp900752285,Beduini sp902363625,MGYG000000413,Alistipes sp900550925,Collinsella sp003459505,UMGS1901 sp900553755,MGYG000004161,Prevotella timonensis,Paraclostridium bifermentans,MGYG000003855
rep951_seed2976	MGYG000002730,TF01-11 sp001916135,Lachnoclostridium_A edouardi,Sneathia amnii,Acinetobacter johnsonii,MGYG000002712,MGYG000004509,UBA1234 sp900765095,Bacteroides eggerthii,HGM11368 sp900772745,UMGS1994 sp900556975,Prevotellamassilia sp900772575,UBA737 sp900543215,Peptacetobacter sp900550335,CAG-488 sp900554995,Enorma sp900751795,Morganella morganii_A,MGYG000003451,UBA636 sp900546285,Bruticola sp004554425,SFTJ01 sp004557385,Haemophilus_D parainfluenzae_M,Blautia hominis,CAG-776 sp900758895,Enterobacter cancerogenus,MGYG000004756,CAG-83 sp900545495,Intestinibacter bartlettii,Prevotella bivia,Blautia_A faecis,Collinsella sp900556515,Dysosmobacter sp900548505,Anaerosacchariphilus sp002160765,Alistipes sp001941065,Acetatifactor sp900755865,Holdemania sp900120005,Bacteroides gallinarum,Phascolarctobacterium sp900551745,Pauljensenia sp900541895,Niameybacter sp900551325,Veillonella sp900552445,UBA11517 sp900555365,Blautia_A obeum_B,Limosilactobacillus fermentum,Blautia_A sp900549015,Enterobacter sichuanensis
rep952_seed2977	CAG-1427 sp900553605,Collinsella sp900752475,Porphyromonas sp900539765,Lactococcus garvieae,MGYG000004010,Faecalibacterium sp900551435,Prevotella sp900551985,Veillonella_A sp900765165,MGYG000000699,Ruminococcus_E sp900314705,Collinsella sp900556495,Evtepia gabavorous,Campylobacter_A concisus_R,Collinsella sp900544115,Fournierella sp900543285,Porphyromonas sp900548415,Streptococcus alactolyticus,Prevotella bergensis,SFJ001 sp004555865,Eisenbergiella sp900555195,Streptococcus thermophilus,GCA-900066495 sp900066495,MGYG000002210,Anaerococcus sp900550345,Catenibacterium sp900764565,HGM11525 sp900770405,CAG-110 sp900556935,Monoglobus pectinilyticus,CAG-110 sp900554625,MGYG000000361,Limosilactobacillus antri,Collinsella sp900754525,Mediterraneibacter torques,Prevotellamassilia sp900772575,Alistipes sp900769745,UMGS1663 sp900753245,Clostridium_P massiliamazoniense,Blautia_A sp000436615,MGYG000001112,MGYG000004560,Lactobacillus hominis,CAG-462 sp900765575,Firm-11 sp900550955,MGYG000002084,Anaerotignum sp001304995,Faecalibacterium prausnitzii_M
rep953_seed2978	QAMX01 sp003149835,Lancefieldella sp902373375,SFFH01 sp900542395,Bacteroides clarus,Butyricimonas synergistica,UMGS1668 sp900768105,Paramuribaculum sp900546365,MGYG000003975,MGYG000002077,CAG-279 sp900548875,Bilophila sp902373525,Prevotella sp900770025,QALS01 sp003150575,UMGS1418 sp900551595,Marvinbryantia sp900066075,UMGS268 sp900540175,Collinsella sp900550835,Collinsella sp900545875,CAG-145 sp900540145,Collinsella bouchesdurhonensis,Clostridium_J ihumii,Prevotellamassilia sp004557035,UMGS1002 sp900547565,MGYG000000711,An181 sp002160325,CAG-452 sp900770415,Prevotella sp900553595,MGYG000004722,CAG-485 sp900552315,Gemmiger sp900556255,UMGS1484 sp900552285,Enterobacter cloacae,Prevotella sp900557255,Eisenbergiella sp900539715,CAG-279 sp900541555,Lactobacillus helveticus,Haemophilus_D parainfluenzae_M,Barnesiella sp003150885,Bulleidia sp900539965,Collinsella sp900552705,Enterobacter asburiae_B,MGYG000004509,Enterobacter chengduensis,MGYG000000650,CAG-238 sp000435615,UBA4871 sp900554535
rep954_seed2979	Collinsella sp900552755,Klebsiella_A grimontii,MGYG000002745,MGYG000004853,F23-B02 sp001916715,Prevotellamassilia sp900546605,Alistipes sp002358415,Anaerococcus sp900550345,Prevotella disiens,Butyricimonas paravirosa,CAG-95 sp000438155,UBA1777 sp900546515,GCA-900066755 sp900066755,Klebsiella quasivariicola,Roseburia sp900542495,Bulleidia moorei,Prevotella sp900557405,Anaerosacchariphilus sp900066385,Collinsella sp900554585,MGYG000004477,Clostridium_Q saccharolyticum_A,GCA-900066495 sp900545985,Megasphaera sp900540735,MGYG000001205,UBA9502 sp900770535,Firm-11 sp900548145,MGYG000003887,CAG-492 sp000434335,UMGS416 sp900542005,Cronobacter sakazakii,MGYG000000609,Bacteroides fragilis_A,CAG-177 sp900770255,MGYG000003356,Anaerococcus jeddahensis,Enterobacter cloacae_O,Alistipes sp900761235,Prevotella pectinovora,CAG-317 sp000433535,Kluyvera sp902363335,Acinetobacter johnsonii,Eubacterium_G sp900548465,Prevotella rara,UBA5905 sp002437905,Prevotella sp002480935,Agathobaculum sp900555465
rep955_seed2980	Prevotella sp002265625,Collinsella sp900765115,Ruminiclostridium_E siraeum,Prevotella sp000435635,Acetatifactor sp900554205,Prevotella copri_A,Caecibacter sp003467125,CAG-793 sp900557475,Akkermansia muciniphila,An92 sp900199495,MGYG000003910,Ruminococcus_E sp900314705,Phytobacter ursingii,Haemophilus influenzae,CAG-110 sp900770015,Blautia_A sp900551465,MGYG000004247,Faecalibacterium prausnitzii_J,Phocaeicola coprocola,Paramuribaculum sp001689535,Enterocloster sp000155435,Lawsonibacter sp900549405,UMGS1109 sp900548675,Peptoniphilus_A phoceensis,Blautia_A sp900066505,UMGS1590 sp900759105,CAG-127 sp900539705,Prevotella sp900767615,Collinsella sp900765185,SFEL01 sp004557245,Porphyromonas sp900539155,Ruminococcus_B sp900544395,Pantoea anthophila,MGYG000003822,Fenollaria massiliensis,Fusobacterium_A sp900764925,Campylobacter_A concisus_B,MGYG000004002,MGYG000004035,SFFH01 sp900548125,Collinsella sp900555585,Parabacteroides sp003480915,Porphyromonas uenonis_A,CAG-312 sp900760055,CAG-462 sp003489705,Bruticola sp004554425
rep956_seed2981	Prevotella timonensis,CAG-145 sp900542565,Collinsella sp003437035,SFFH01 sp900548125,VUNA01 sp002299625,Clostridium_AQ sp000165065,CAG-110 sp900769995,Prevotella intermedia,CAG-83 sp902388735,UMGS1279 sp900550315,MGYG000004811,MGYG000002702,Coprococcus sp000433075,Akkermansia muciniphila_A,Collinsella sp900765185,MGYG000004582,CAG-279 sp900541935,MGYG000000339,Faecalibacillus sp900544435,Amulumruptor caecigallinarius,UBA738 sp900763675,MGYG000004553,MGYG000004465,MGYG000000386,Roseburia sp900552665,Lactobacillus iners,Ruminococcus_A sp000432335,UBA1206 sp000433115,CAG-177 sp900770255,MGYG000000413,Phocaeicola sp002493165,CAG-83 sp900549395,Phocaeicola sp000436795,MGYG000004753,Veillonella sp900765235,Phocaeicola sp900546645,AM51-8 sp900546435,Eubacterium_G sp000435815,MGYG000004768,MGYG000003884,Streptococcus lutetiensis,MGYG000003005,Cronobacter sakazakii,Eisenbergiella sp900066775,Streptococcus oralis,HGM12789 sp900766585
rep957_seed2982	QALS01 sp900555925,CAG-110 sp003525905,Bruticola sp900772775,Collinsella sp900555815,Hydrogeniiclostridium sp900752115,CAG-145 sp002320005,RF16 sp900766775,Dorea_A sp900550865,Collinsella sp900545555,CAG-83 sp900556015,UMGS2055 sp900557635,NK4A136 sp002314855,CAG-81 sp900066055,CAG-217 sp000436335,MGYG000001833,Massilioclostridium coli,GCA-900066135 sp900543575,MGYG000004154,CAG-145 sp900540145,Citrobacter portucalensis_A,Enterococcus_A devriesei,Collinsella sp900554585,Odoribacter massiliensis,RC9 sp000434935,Blautia_A sp900763175,Collinsella sp900762325,F082 sp900542475,Butyrivibrio_A sp000431815,CAG-831 sp900544175,MGYG000003798,CAG-180 sp900545625,MGYG000004670,MGYG000000625,MGYG000000512,MGYG000002127,BX12 sp902363595,UMGS1071 sp900542375,Phoenicibacter congonensis,F23-B02 sp004557075,Massiliomicrobiota sp002160865,MGYG000000348,MGYG000004660,Alistipes sp002161445,UBA4285 sp900542465,Haemophilus_D parainfluenzae_M,CAG-194 sp000432915
rep958_seed2983	Lachnospira sp900316325,MGYG000004462,CAG-417 sp000432835,Pseudescherichia vulneris,Fusobacterium_B sp900542625,Anaerofustis stercorihominis,CAG-492 sp900557195,UBA9502 sp003481825,UMGS1441 sp900543365,Parabacteroides sp900552415,MGYG000001818,Prevotella nigrescens,Collinsella sp900552145,Lacrimispora sp000526575,Faecalibacterium prausnitzii_D,Turicimonas muris,MGYG000004822,MGYG000000761,Anaerostipes sp000508985,UBA7597 sp900542935,Alistipes sp900761235,MGYG000004677,UBA737 sp900547095,RUG420 sp900542575,CAG-390 sp003523225,MGYG000004199,Fusobacterium_A ulcerans,CAG-475 sp900763875,MGYG000004430,Longicatena caecimuris,RC9 sp900546395,MGYG000002017,CAG-110 sp900554625,MGYG000004258,CAG-238 sp900551415,UBA737 sp002431945,MGYG000001049,UMGS1670 sp900548595,Collinsella sp900545835,UBA636 sp900546285,UMGS1883 sp900763305,CAG-303 sp000437755,Campylobacter_A concisus_I,Bacteroides cellulosilyticus,Oxalobacter formigenes,Bacteroides bouchesdurhonensis
rep959_seed2984	Slackia exigua,Lachnospira sp900551945,Phascolarctobacterium sp900544795,Dysgonomonas mossii,Hafnia paralvei,UBA4855 sp900540395,Dialister sp900765565,CAG-269 sp900556345,Clostridium celatum,Alistipes sp002358415,MGYG000003728,MGYG000000699,CAG-462 sp900291465,HGM11386 sp900761915,MGYG000002791,Blautia_A sp003477525,Megasphaera sp900548635,UMGS1781 sp900555075,Fournierella sp900543285,SFLA01 sp004553575,Faecalibacterium prausnitzii_G,Anaeromassilibacillus sp002159845,MGYG000002017,Neisseria gonorrhoeae,UMGS403 sp900541565,MGYG000004427,Streptococcus sp001556435,HGM13862 sp900760825,Lawsonibacter sp900553135,Lactococcus garvieae,Pantoea ananatis,MGYG000004888,Dialister invisus,Collinsella sp900762015,UBA1191 sp900066305,CAG-245 sp000435175,Ruminococcus_A sp003011855,Holdemanella sp003458715,UMGS1872 sp900555795,Clostridium sp900547475,MGYG000004890,CAG-762 sp000432575,UMGS929 sp900546875,Garciella sp900555725,UBA3402 sp003478355,Phocaeicola sp900541515
rep960_seed2985	Odoribacter sp900544025,Alistipes onderdonkii,Ruminococcus sp900761275,PeH17 sp000435055,Rothia mucilaginosa_A,Enterocloster bolteae,UBA866 sp900543295,Haemophilus_D pittmaniae,Prevotella sp900547005,Pantoea conspicua,Collinsella sp900758375,MGYG000004258,Phocaeicola salanitronis,Faecalitalea cylindroides,MGYG000004590,Collinsella sp900550415,MGYG000002714,TM7x sp900557595,Gastranaerophilus phascolarctosicola,Ruminococcus_E sp900314705,Peptoniphilus_A senegalensis,RC9 sp000434935,Beduini sp902363625,MGYG000004042,UBA1417 sp900552925,Anaeroglobus geminatus,Prevotella sp900765465,Haemophilus_A sputorum,Alistipes sp900553175,Prevotella sp900770395,Campylobacter_A concisus_L,MGYG000000710,Pseudoruminococcus sp902765855,MGYG000004742,Bacteroides gallinarum,Collinsella sp900544465,Lysinibacillus fusiformis_D,Paraeggerthella hongkongensis,Muribaculum sp002492595,Streptococcus lutetiensis,MGYG000000645,Prevotella sp900550035,MGYG000002740,Acetatifactor sp900766575,Dialister sp900543165,MGYG000003167
rep961_seed2986	MGYG000002035,Anaerobutyricum sp900754855,Parabacteroides sp900540715,Prevotella sp900554045,MGYG000003045,Finegoldia magna_F,UBA737 sp900547095,Megasphaera sp000417505,UBA5446 sp900545405,MGYG000004686,MGYG000003256,Proteus sp003144505,Clostridium beijerinckii,Prevotella sp002251365,MGYG000002754,MGYG000002743,MGYG000003798,Enterococcus_B faecium,MGYG000004610,Butyricicoccus pullicaecorum,Oribacterium sinus,Collinsella sp900542905,Collinsella sp900552295,Parabacteroides sp900547435,Firm-11 sp900548145,Alistipes shahii,UBA7185 sp900756555,Oribacterium sp900772695,Negativibacillus sp900547015,Erysipelatoclostridium sp002160495,Prevotella sp900316565,CAG-485 sp900760735,CAG-274 sp000432155,CAG-177 sp003538135,UMGS268 sp900540175,Ruminococcus sp900752785,MGYG000002025,Lachnoclostridium_B phocaeensis,MGYG000002691,UBA11517 sp900753315,MGYG000002719,Peptoniphilus_A lacrimalis,MGYG000004197,Parabacteroides bouchesdurhonensis,Prevotella timonensis,Ruminococcus_E sp003526955
rep962_seed2987	UBA6382 sp900557555,Prevotella sp900543975,Haemophilus_D parainfluenzae_J,Dysgonomonas sp900079735,MGYG000003994,Peptoniphilus_A phoceensis,MGYG000003813,CAG-115 sp900766795,MGYG000004760,CAG-877 sp900753325,MGYG000000721,MGYG000000547,SFFH01 sp900548125,43-108 sp001915545,Limosilactobacillus vaginalis,UBA866 sp900543295,Ruminococcus_E sp002493635,Lachnospira sp900551945,MGYG000000645,MGYG000002150,MGYG000004330,Lancefieldella sp902373375,Collinsella sp900554985,Parabacteroides merdae,MGYG000003885,Collinsella sp902363125,MGYG000001581,Dysgonomonas capnocytophagoides,Allisonella histaminiformans,MGYG000003777,Collinsella sp900552705,Akkermansia sp900545155,Slackia_A sp900555495,PeH17 sp000435055,MGYG000003975,Collinsella sp900550825,Pauljensenia bouchesdurhonensis,Collinsella sp900554585,UBA738 sp900763675,UMGS902 sp900546635,Peptoniphilus_A harei_A,Phascolarctobacterium_A sp900544885,Evtepia gabavorous,Sneathia amnii,UMGS1293 sp900550385,Collinsella sp900554255
rep963_seed2988	MGYG000000547,UBA1777 sp900549645,MGYG000004094,Neisseria macacae,TM7x sp900557595,Absicoccus sp000434355,MGYG000002730,Kluyvera sp902363335,MGYG000001594,Eubacterium_G sp000435815,CAG-110 sp003525905,Streptococcus salivarius,NSJ-32 sp014384895,Lawsonibacter sp900066825,MGYG000002249,Coprococcus eutactus,Collinsella sp900541015,CAG-83 sp900552475,Collinsella sp900545605,MGYG000004609,Bacteroides ndongoniae,UBA4716 sp900556575,Collinsella sp900541185,HGM11501 sp900766735,Terrisporobacter othiniensis,Akkermansia muciniphila,MGYG000002073,GCA-900066135 sp900543575,Collinsella sp900554655,Prevotella sp900290275,Neobacillus rubiinfantis,UBA1685 sp002320595,Prevotella sp900767615,MGYG000004264,Anaerostipes sp900066705,Fusobacterium vincentii,MGYG000000625,Eubacterium maltosivorans,UMGS1004 sp900761685,Bifidobacterium adolescentis,MGYG000001242,Bacteroides uniformis,CAG-83 sp900313295,Alistipes dispar,CAG-353 sp900768995,Lachnospira sp000436535
rep964_seed2989	UBA7182 sp003480725,Ruminococcus_E sp003526955,MGYG000003829,Blautia_A sp900066505,CAG-83 sp003487665,Sneathia amnii,MGYG000002740,Prevotellamassilia sp900539625,Muricomes contortus_B,MGYG000001048,Acidaminococcus provencensis,Acidaminococcus sp900538365,UBA7173 sp900759895,UMGS1518 sp900552575,Fusobacterium periodonticum_B,Eubacterium_G sp900550135,QANA01 sp003149735,Peptoniphilus_A lacydonensis,Paenibacillus lactis,Collinsella sp003479805,Catenibacterium sp900540665,Muricomes oroticus,MGYG000000645,Massilioclostridium coli,MGYG000000397,Akkermansia muciniphila_C,Acidaminococcus fermentans_A,Veillonella sp900538355,Chimaeribacter arupi,MGYG000003787,MGYG000003644,Bulleidia sp900539965,Alistipes sp900550375,Collinsella sp003459505,MGYG000003308,Enterobacter ludwigii,Fournierella sp004558145,MGYG000004660,Lactobacillus apis,CAG-95 sp900553305,MGYG000002843,MGYG000000403,MGYG000001833,HGM10836 sp900772095,Anaeromassilibacillus sp001305115,Pauljensenia sp902373435
rep965_seed2990	CAG-194 sp000432915,MGYG000004197,Collinsella sp900549215,MGYG000004198,Collinsella sp900757205,CAG-831 sp902388455,Roseburia sp900548205,MGYG000003254,Ruminococcus sp002438605,Dysosmobacter welbionis,Lactobacillus intestinalis,Eggerthella lenta,Phocaeicola sp002161765,Yersinia frederiksenii_C,MGYG000004829,Alistipes finegoldii,MGYG000001839,Christensenella timonensis,MGYG000004509,Anaerosporobacter mobilis,MGYG000001840,Alistipes sp900770635,Acutalibacter sp900755895,CAG-56 sp900539525,RC9 sp000433355,Collinsella aerofaciens_G,Alistipes_A sp900546005,Enterocloster asparagiformis,MGYG000000687,Blautia_A sp900551465,Ruminococcus_D sp900752625,Salinicola tamaricis,CAG-390 sp000437015,Collinsella sp900549715,Collinsella sp900541025,OM05-12 sp900760755,Clostridioides difficile_A,CAG-95 sp000436115,Collinsella sp900549245,CAG-110 sp900556935,COE1 sp001916965,Dysosmobacter sp014297375,UBA5809 sp002417965,Paramuribaculum sp900752995,UBA7057 sp900542735,MGYG000004727
rep966_seed2991	Senegalimassilia faecalis,MGYG000004496,MGYG000001839,MGYG000000357,UBA9502 sp003481825,MGYG000002881,MGYG000001114,CAG-353 sp900768995,UMGS1994 sp900556975,MGYG000003297,CAG-110 sp900544405,Ruminiclostridium_E sp900539195,MGYG000001818,Acinetobacter mesopotamicus,Pauljensenia sp000278725,UBA945 sp900549675,MGYG000001858,MGYG000004027,Bacteroides clarus,HGM13862 sp900760825,Gemella morbillorum,MGYG000004139,ER4 sp900768135,Enterococcus_B lactis,Holdemania filiformis,Hydrogeniiclostridium mannosilyticum,Mediterraneibacter lactaris,Azonexus sp900549295,UMGS1518 sp900552575,DTU089 sp002440045,Collinsella aerofaciens_K,SFLA01 sp004553575,Fusobacterium_A sp900555845,MGYG000000728,MGYG000000727,Collinsella sp003471585,Roseburia sp900550935,Clostridium sp900543325,RC9 sp900769905,Bacteroides sp900547205,Bacteroides sp900766005,Enterocloster sp900551225,MGYG000003980,Alistipes_A sp900240235,UBA4855 sp900540395,HGM12587 sp900766915
rep967_seed2992	MGYG000004430,MGYG000002204,MGYG000004100,CAG-180 sp900545625,Acetatifactor sp900766575,MGYG000004599,MGYG000004170,Peptoniphilus_A senegalensis,Hafnia alvei,CAG-95 sp000438155,MGYG000001727,Catenibacterium sp900540685,Collinsella sp900756725,Yersinia kristensenii_B,CAG-110 sp900762245,CAG-83 sp003487665,Eubacterium_G sp900550135,Hydrogeniiclostridium sp900752115,MGYG000004836,Acutalibacter sp000432995,Yersinia pestis,CAG-81 sp900066055,Prevotella sp002350355,MGYG000003938,MGYG000002881,COE1 sp001916965,MGYG000000383,Selenomonas_C sp002351185,Parasutterella sp900766055,Parolsenella sp900552935,Lachnoclostridium sp900078195,Prevotella sp000436695,MGYG000002797,Rothia mucilaginosa_B,CAG-484 sp000431315,MGYG000002095,CAG-145 sp002320005,UMGS1603 sp900553265,Ruminococcus sp900545125,UMGS882 sp003343885,Alistipes sp900021155,UMGS1820 sp900545865,Firm-11 sp900540045,Collinsella sp900548515,Roseburia sp900753715,Erysipelatoclostridium ramosum
rep968_seed2993	MGYG000001666,Veillonella sp900538355,CAG-882 sp000435595,UBA5446 sp900752445,MGYG000003918,Phocea massiliensis,MGYG000002686,Emergencia timonensis,MGYG000004547,CAG-145 sp002320005,UMGS1826 sp900555435,Bifidobacterium animalis,MGYG000003787,Gemmiger sp900554145,CAG-83 sp900554275,MGYG000004549,Phocaeicola sp002493165,Blautia sp900541955,Clostridium disporicum_A,Enterocloster sp900538485,Collinsella sp900542905,MGYG000004591,Prevotella corporis,Mitsuokella sp003458855,Enterobacter ludwigii,MGYG000001804,MGYG000001588,Angelakisella sp900547385,Dialister sp002320515,Collinsella sp900760245,MGYG000003877,Duodenibacillus sp003472385,UBA1820 sp003150615,Enterococcus_B faecium,Alloscardovia omnicolens,Collinsella sp900554985,Pauljensenia sp900554605,Lachnospira sp900772425,Prevotella sp900317685,Phocaeicola ilei,UBA1740 sp900767415,MGYG000000732,RC9 sp000432515,Anaerosporobacter mobilis,MGYG000004405,CAG-196 sp002102975
rep969_seed2994	CAG-882 sp000435595,MGYG000002754,MGYG000004547,Collinsella sp900552705,Lactobacillus helveticus,CAG-95 sp000436115,MGYG000000346,Megasphaera sp001546855,Angelakisella sp900547385,Ruminococcus_G gauvreauii,MGYG000003256,MGYG000000645,Serratia surfactantfaciens,Collinsella sp900550185,Enterococcus_B durans,Bifidobacterium ruminantium,Collinsella sp900542965,Senegalimassilia sp900550055,MGYG000000361,Succinatimonas hippei,MGYG000003977,MGYG000003918,Enterocloster sp900541315,Kosakonia cowanii,MGYG000002176,Mediterraneibacter sp900751785,Oribacterium sinus,CAG-170 sp002404795,Enterocloster sp900547035,Peptoniphilus_A harei,MGYG000002901,MGYG000000589,Erysipelatoclostridium saccharogumia,Veillonella_A sp900765165,PeH17 sp900542285,Alistipes sp900553175,MGYG000000763,MGYG000004610,MGYG000003798,Turicibacter sp001543345,CAG-274 sp000432155,Collinsella sp900551665,Streptococcus sp900555155,UMGS1815 sp900555345,HGM13006 sp900756575,Prevotellamassilia sp000437675
rep970_seed2995	Bilophila sp900553145,CAG-617 sp900553285,Acinetobacter baumannii,MGYG000004209,MGYG000003324,Lachnospira sp000436535,MGYG000004061,Rothia dentocariosa,An172 sp002160515,MGYG000000711,CAG-180 sp004556705,Ruminococcus_E sp900314705,Paramuribaculum sp900752995,Paramuribaculum sp001689535,SFTJ01 sp004557385,Agathobacter sp000434275,Faecalitalea cylindroides,MGYG000000588,HGM11514 sp900757255,UMGS1826 sp900555435,MGYG000001833,UBA1191 sp900545775,CAG-110 sp900540635,MGYG000004782,Ruminococcus_C sp900770195,MGYG000004365,Veillonella sp900757715,MGYG000004882,MGYG000000699,MGYG000004674,Agathobacter sp900547695,Ruthenibacterium lactatiformans,Parabacteroides sp000436495,MGYG000002743,MGYG000004558,Pseudomonas aeruginosa,MGYG000000440,Gemmiger sp900548355,Holdemania massiliensis,MGYG000001061,MGYG000003480,Prevotellamassilia sp900772575,CAG-83 sp900549395,MGYG000004085,ER4 sp900552015,Enterobacter hormaechei_A
rep971_seed2996	UBA5446 sp900545405,Ligilactobacillus agilis,UMGS1537 sp900543695,MGYG000002691,MGYG000004697,UMGS1611 sp900553435,MGYG000004383,Coprococcus sp000154245,MGYG000001717,CAG-484 sp900554385,CAG-492 sp000434335,Eubacterium_G sp900550135,Bacteroides fragilis,Alistipes sp900769745,UBA1232 sp900544815,Peptoniphilus_A sp900538655,AF33-28 sp003477885,UBA5905 sp900764115,HGM11501 sp900766735,Bacillus_J andreraoultii,UBA1691 sp900549825,Faecalibacterium prausnitzii_J,MGYG000003839,TM7x sp900555885,MGYG000001958,Escherichia sp000208585,Blautia_A sp000285855,Stomatobaculum naviforme,Barnesiella sp900542255,Veillonella tobetsuensis,HGM12669 sp900761935,Blautia sp900539145,RUG420 sp900542575,Amulumruptor sp001689515,CAG-145 sp900545135,Phil1 sp001940855,Prevotellamassilia sp900539625,MGYG000004094,MGYG000004853,CAG-177 sp900770255,Enterobacter chengduensis,RC9 sp000431015,MGYG000004807,Muricomes sp000509105,Eisenbergiella tayi,Mediterraneibacter sp900752395
rep972_seed2997	Alistipes sp900021155,CAG-238 sp900551415,Lawsonibacter sp900066825,Dysosmobacter sp900548505,Alistipes_A ihumii,CAG-1427 sp900546175,CAG-115 sp900768125,SFVR01 sp900769035,UBA1691 sp900549825,MGYG000004465,Enterocloster sp900547035,Blautia_A sp900066335,MGYG000003305,MGYG000001189,Anaeromassilibacillus sp002159845,Anaerofustis sp900549875,Butyricimonas sp900759925,UBA1191 sp900549125,Ruminococcus_E bromii_B,Parabacteroides sp900548175,Muricomes sp900604355,Bifidobacterium ruminantium,UMGS1338 sp900550805,MGYG000004553,MGYG000002745,CAG-302 sp900554615,Slackia_A isoflavoniconvertens,CAG-103 sp004556965,MGYG000003254,D5 sp900113995,Clostridium_P massiliamazoniense,Eubacterium_R sp900542875,Intestinimonas butyriciproducens,Murdochiella vaginalis,Alistipes onderdonkii,Holdemanella sp900547815,Fusobacterium_A ulcerans_A,CAG-485 sp900767075,Collinsella sp900545835,MGYG000001142,CAG-873 sp001701165,TM7x sp900555265,MGYG000000547,MGYG000003840,Enterobacter bugandensis,Dysgonomonas sp900556485
rep973_seed2998	Pseudomonas aeruginosa,MGYG000002738,MGYG000003021,ER4 sp000765235,MGYG000004224,Lachnoclostridium_B phocaeensis,Phocaeicola sartorii,Lawsonibacter asaccharolyticus,UMGS1338 sp900550805,MGYG000001996,CAG-180 sp900545625,UMGS1670 sp900546215,MGYG000000377,MGYG000003869,MGYG000004103,UMGS973 sp900547295,UBA7748 sp900314535,Prevotella sp004556065,Dialister sp002320515,Prevotella colorans,CAG-269 sp000431335,ER4 sp900546295,CAG-194 sp000432915,UBA6398 sp003150315,UBA1390 sp002305315,ER4 sp900317525,CAG-83 sp900547745,Roseburia sp900542495,Anaerococcus sp900258475,Eubacterium_I ramulus_A,UBA1777 sp900754515,Paenibacillus_A sp900069005,Acinetobacter johnsonii,ER4 sp900550165,Pseudoruminococcus sp902765855,MGYG000004421,Phocea massiliensis,Prevotella sp000436915,MGYG000004481,Phocaeicola sp900541515,CAG-495 sp900551585,UMGS1002 sp900547565,Veillonella sp900549845,MGYG000004035,MGYG000004597,QALS01 sp900552625
rep974_seed2999	MGYG000000738,Prevotella sp900772835,MGYG000004590,MGYG000004669,CAG-115 sp003531585,CAG-170 sp000436735,RC9 sp000433355,CAG-632 sp002406015,Terrisporobacter othiniensis,Prevotellamassilia timonensis,CAG-196 sp002102975,MGYG000004689,Amulumruptor sp001689515,MGYG000001775,Yersinia enterocolitica,UBA9475 sp900549885,MGYG000004174,Lachnospira sp900545725,UBA2882 sp900542015,UMGS363 sp900543105,Christensenella minuta,DTU089 sp002440045,MGYG000000350,Lactococcus_A raffinolactis,MGYG000004154,Christensenella sp001678845,Senegalimassilia anaerobia,Companilactobacillus farciminis,Parabacteroides bouchesdurhonensis,MGYG000003108,UMGS902 sp900761025,Lachnospira sp003537285,Megasphaera sp001546855,Blautia_A sp900066145,Prevotella amnii,UMGS946 sp900544965,UMGS403 sp900540275,Faecalibacterium prausnitzii,CAG-485 sp900541835,Veillonella parvula_A,Gemmiger sp004555405,CAG-56 sp900752065,Prevotella sp900543585,Chimaeribacter coloradensis,CAG-488 sp000434055,Hungatella effluvii
rep975_seed3000	UBA4644 sp900555855,CAG-484 sp900554385,UMGS1532 sp900552605,Fusobacterium_A ulcerans_A,HGM11501 sp900766735,ER4 sp003522105,MGYG000000597,Mediterraneibacter sp900555215,CAG-488 sp900539465,MGYG000003839,UMGS1839 sp900555545,MGYG000004890,UBA1206 sp000433115,Fenollaria massiliensis,MGYG000001632,CAG-83 sp003487665,MGYG000004224,Merdibacter sp900543035,Duncaniella sp900762315,Lachnospira rogosae_A,Dielma sp001305055,Veillonella sp003463825,Morganella morganii_A,MGYG000002740,CAG-590 sp900769115,Ruminococcus_E sp900543095,Haemophilus_D parainfluenzae_J,Niameybacter sp900551325,Senegalimassilia anaerobia,Lactococcus lactis,Prevotella sp900555035,MGYG000001871,TM7x sp900555425,Acetatifactor sp900554205,MGYG000003175,Faecalicoccus sp900546545,Eubacterium_R sp900543795,Salmonella bongori,Slackia_A sp900555495,UBA9502 sp003478505,Veillonella sp900552715,NSJ-61 sp003433845,UBA1234 sp900765095,MGYG000002216,Anaerocolumna aminovalerica,MGYG000000557
rep976_seed3001	Prevotella sp000436035,Parabacteroides merdae,Bruticola sp900772775,CAG-83 sp902388735,UMGS882 sp900757905,Pauljensenia radingae_A,UBA1234 sp900765095,Acetatifactor sp900771995,Acutalibacter sp900543555,Ruminococcus sp900545125,MGYG000000658,UBA4285 sp900545225,UMGS1696 sp900763885,MGYG000003480,UMGS1224 sp900549775,UMGS1603 sp900553265,Roseburia sp900552665,Collinsella sp900542275,UBA1777 sp900754515,Enterobacter cancerogenus,Collinsella sp900554655,Citrobacter youngae,MGYG000004383,MGYG000003945,MGYG000002112,Alloprevotella tannerae,MGYG000002726,UBA2882 sp002362385,Ruminococcus_C sp000437255,UMGS1474 sp900547105,GCA-900066755 sp900066755,Haemophilus_D parainfluenzae,Sutterella wadsworthensis,CAG-110 sp900544705,MGYG000002035,CAG-279 sp900544305,MGYG000003876,Collinsella sp900550815,MGYG000003451,Alistipes sp900021155,Evtepia sp900546255,MGYG000004753,MGYG000003950,UBA5905 sp004558485,MGYG000002249,Fusobacterium vincentii
rep977_seed3002	Pseudomonas_E massiliensis,Parabacteroides sp900552415,GCA-900066905 sp900066905,Ruminococcus_C sp000980705,MGYG000004760,Ruminococcus_E sp900543095,Lactococcus lactis,Prevotella buccae,Acutalibacter sp900543555,Eubacterium_I ramulus,CAG-882 sp900545175,UBA7173 sp900555165,Collinsella sp900548515,MGYG000000691,CAG-632 sp002406015,MGYG000004002,MGYG000003644,Collinsella sp900759335,ER4 sp900550165,Alistipes sp900548155,Senegalimassilia sp900550055,Bariatricus massiliensis,MGYG000001804,Streptococcus oralis_W,UMGS1241 sp900549955,Phocaeicola sp900552075,ER4 sp900768135,Anaerobutyricum soehngenii,CAG-1427 sp000435675,CAG-273 sp900752095,UMGS1537 sp900543695,Haemophilus_A paraphrohaemolyticus,MGYG000001219,Eubacterium_I sp900546495,Alistipes sp900021155,VUNA01 sp002299625,HGM13006 sp900756575,RUG572 sp900771305,SFDP01 sp004558185,Collinsella sp900760245,Collinsella sp900545905,OM05-12 sp003438995,UBA1829 sp900760615,CAG-170 sp000432135,Phascolarctobacterium_A sp900551335,Ruminococcus_D sp900752625
rep978_seed3003	Akkermansia sp900548895,Collinsella sp900555585,Streptococcus mutans,Ligilactobacillus agilis,Lactobacillus amylolyticus,KLE1615 sp900066985,MGYG000002084,Faecalimonas sp900551895,Lawsonibacter sp900066645,MGYG000002654,Dysosmobacter sp900770295,Akkermansia sp004167605,MGYG000003788,HGM11514 sp900757255,MGYG000004881,UMGS929 sp900546875,MGYG000002255,Enterococcus_A devriesei,Methanobrevibacter_A smithii,Anaerobutyricum sp900754855,Enterobacter cancerogenus,Alistipes sp900770635,Streptococcus mitis,CAG-196 sp002102975,Lactobacillus kalixensis,MGYG000004411,Amulumruptor sp001689515,CAG-95 sp900553305,MGYG000004495,MGYG000000474,F0422 sp003999875,Catenibacterium sp900540665,UBA644 sp002299265,Bacteroides stercoris,Ruminococcus_C callidus,CAG-56 sp900752065,CAG-485 sp900554845,Bacteroides sp902362375,Merdibacter sp900759455,Dorea_A longicatena_B,MGYG000000325,Desulfovibrio legallii,Companilactobacillus farciminis,CAG-632 sp002406015,Paramuribaculum sp900760855,Phascolarctobacterium_A sp900544885
rep979_seed3004	MGYG000001837,Mediterraneibacter torques,Parabacteroides chinchillae,Clostridioides difficile_A,UMGS1872 sp902373635,Firm-11 sp900548145,Merdibacter sp900754715,Acidaminococcus sp900538365,UBA1409 sp900760125,Dorea formicigenerans,UBA3766 sp900769175,Phascolarctobacterium_A sp900541915,Prevotella sp900316565,UMGS902 sp900761025,MGYG000000650,Ruminococcus_C sp000980705,MGYG000004699,CAG-451 sp000438295,MGYG000003745,OM05-12 sp003438995,Mediterraneibacter sp900752395,MGYG000004704,MGYG000000597,Weissella viridescens,Prevotella sp900771975,Prevotella salivae,MGYG000004061,MGYG000002740,D5 sp900113995,RC9 sp900760425,CAG-302 sp900548425,Collinsella sp900757265,Prevotella sp900556795,Parasutterella sp900766055,Dialister succinatiphilus,Amulumruptor caecigallinarius,Phocaeicola sp900553185,Beduini massiliensis,CAG-475 sp900548005,Streptococcus mitis_D,MGYG000000398,Murdochiella massiliensis,CAG-245 sp900552135,Prevotella sp000431975,MGYG000001759,CAG-475 sp900547975
rep980_seed3005	Alistipes finegoldii,Clostridium celatum,CAG-724 sp003524145,Eubacterium_G sp000435815,MGYG000004596,Acutalibacter sp000435395,Collinsella sp900543845,MGYG000000585,Citrobacter_B koseri,UBA1691 sp900544715,Oribacterium sp900772695,Limosilactobacillus caviae,MGYG000003716,MGYG000004023,MGYG000004170,MGYG000003319,Parasutterella sp000980495,UBA866 sp900543295,MGYG000001582,Porphyromonas_A somerae,Collinsella sp900541025,MGYG000000640,UMGS680 sp900544525,UC5-1-2E3 sp001304875,Phascolarctobacterium sp900545535,CAG-81 sp900541255,CAG-485 sp900554345,Parabacteroides sp900760525,Ruthenibacterium sp900546885,Paraprevotella sp003477995,Prevotella multisaccharivorax,Parabacteroides sp014287585,Prevotella sp900313215,MGYG000004807,Pantoea anthophila,Prevotella oralis,MGYG000003647,MGYG000004367,Enterococcus_B hirae,Anaerosacchariphilus sp002160765,CAG-170 sp900555665,Alloscardovia omnicolens,Megamonas hypermegale,Muricomes contortus_B,CAG-110 sp900762935,RQCD01 sp008668455
rep981_seed3006	Fusobacterium_B sp900541465,CAG-115 sp003531585,CAG-313 sp900539265,MGYG000000745,MGYG000001994,UBA1820 sp003150615,QAMX01 sp003149835,MGYG000002077,MGYG000000413,Holdemanella sp002299315,Lactobacillus helveticus,Sutterella sp900764215,Muribaculum intestinale,UBA1691 sp900544375,MGYG000000586,MGYG000004247,Emergencia timonensis,TF01-11 sp003524945,Anaerobutyricum soehngenii,UBA11517 sp900753315,UBA4871 sp014467055,Acutalibacter sp900543305,MGYG000003441,UBA1191 sp900066305,Prevotellamassilia sp900768625,MGYG000003509,Barnesiella sp900542255,Lancefieldella rimae,Pseudomonas_R sp900766265,Bilophila sp902373525,Eubacterium_T sp900766045,MGYG000004800,Bifidobacterium sp900551485,Megasphaera elsdenii,MGYG000004591,Prevotella sp900551985,MGYG000000795,UBA1259 sp003523255,Clostridium_AP scindens,SFFH01 sp900548125,Collinsella sp900543845,UBA1394 sp900554975,MGYG000000425,CAG-81 sp900066785,Bacteroides massiliensis_A,Alistipes sp002358415
rep982_seed3007	UMGS577 sp900543525,Fournierella sp004558145,Enterobacter hormaechei_A,UMGS1690 sp900554165,Megamonas sp900556715,HGM11588 sp900754755,Collinsella sp900556445,Anaerostipes rhamnosivorans,UBA3402 sp003478355,Hydrogeniiclostridium mannosilyticum,CAG-349 sp003539515,MGYG000004004,Clostridium neonatale,MGYG000000662,Pygmaiobacter massiliensis,RC9 sp001915575,MGYG000004655,Enterocloster sp900770345,CAG-449 sp900551385,Fusobacterium_C gonidiaformans,CAAEEV01 sp900754955,Proteus sp001722135,Anaerococcus sp900550345,Klebsiella aerogenes,Collinsella sp900541055,Lysinibacillus fusiformis_D,Pediococcus acidilactici,QALS01 sp003150575,DTU089 sp002440045,MGYG000003108,Enterocloster sp000155435,MGYG000002130,Gabonibacter sp900543425,Phocaeicola sp900546095,Collinsella sp900546455,Prevotella sp900545525,UMGS1397 sp900761355,UBA1691 sp900552985,CAG-317 sp000433535,MGYG000002726,Lactobacillus paragasseri,UBA4285 sp900545225,MGYG000002069,Scardovia wiggsiae,CAG-83 sp003487665,MGYG000004229
rep983_seed3008	MGYG000001921,MGYG000002785,Hydrogeniiclostridium sp900550095,Collinsella sp900754385,CAG-485 sp900552315,Enterocloster lavalensis,Bacteroides uniformis,Lachnospira sp900316325,Peptoniphilus_A sp900538655,MGYG000003480,MGYG000002642,MGYG000001775,Citrobacter portucalensis_A,Bacteroides sp007896885,Barnesiella sp002159975,Evtepia sp900546255,Bacteroides sp002491635,Porphyromonas_A sp001808555,Streptococcus sobrinus,UBA1394 sp900554975,CAG-313 sp003539625,MGYG000002107,MGYG000004398,Streptococcus infantarius,MGYG000000632,Collinsella aerofaciens_A,Prevotella sp900313215,UMGS911 sp003343545,UBA9502 sp900555625,Collinsella sp003462685,F23-B02 sp004556755,Prevotellamassilia sp004557035,Fournierella sp004558145,CAG-127 sp900766925,UBA1691 sp900544715,CAG-83 sp900550615,MGYG000000733,Enterobacter roggenkampii,UBA5884 sp900551505,Megasphaera cerevisiae,Agathobaculum sp900555465,HGM05232 sp900759955,Faecalibacterium prausnitzii_H,UBA1232 sp900544815,MGYG000001049,Collinsella intestinalis
rep984_seed3009	Gemmiger variabilis,MGYG000002255,CAG-492 sp000434015,Eubacterium_F sp000434115,RC9 sp001915575,Phytobacter sp002377245,HGM12998 sp900756495,MGYG000003324,Yersinia intermedia,Prevotella sp900555035,Phocaeicola sp900540105,Marvinbryantia sp900066075,Collinsella sp900555765,MGYG000001575,Dysosmobacter welbionis,Phocaeicola sp900546095,Sutterella parvirubra,Ruminococcus sp900540005,MGYG000001114,Massiliomicrobiota sp002160815,CAG-451 sp000438295,MGYG000002738,UBA7173 sp900768685,Roseburia sp900756925,MGYG000000355,CAG-170 sp000436735,Prevotella sp000436695,MGYG000003881,CAG-302 sp900554615,Faecalibacterium sp003449675,Collinsella sp900541235,CAG-245 sp000435175,CAG-354 sp900553015,Phocaeicola coprophilus,Enterobacter cloacae_O,OM05-12 sp003438995,MGYG000002826,CAG-83 sp900552725,MGYG000000630,Eubacterium maltosivorans,Collinsella sp900549355,HGM13862 sp900760825,TM7x sp900556885,MGYG000004885,MGYG000002010,Collinsella sp900544425
rep985_seed3010	Fusobacterium_A varium_A,Bacteroides ovatus,Acetivibrio_A ethanolgignens,Collinsella sp900543845,Allisonella pneumosintes,Phocaeicola barnesiae,Campylobacter_A concisus,Parabacteroides sp900549585,Collinsella sp900554585,Massilicoli timonensis,MGYG000000210,Stoquefichus massiliensis,Yersinia massiliensis,Leminorella richardii,MGYG000004750,Veillonella dispar,Collinsella sp900555955,UBA737 sp900547445,Faecalibacterium sp003449675,Ligilactobacillus agilis,MGYG000003800,Phil1 sp001940855,Acutalibacter sp000432995,UMGS268 sp900540705,Desulfovibrio legallii,Enterocloster sp900543885,Anaerostipes caccae,MGYG000003050,CAG-110 sp900549705,Phocaeicola dorei,MGYG000003816,MGYG000002223,Streptococcus oralis_W,Prevotella denticola,Collinsella sp900544425,Romboutsia dakarensis,MGYG000003109,HGM04593 sp900770665,CAG-617 sp000438115,Collinsella sp900757205,Limosilactobacillus fermentum,CAG-462 sp900291465,Collinsella sp900554665,GCA-900066755 sp902363085,MGYG000001632,MGYG000004556
rep986_seed3011	Prevotellamassilia sp000437675,MGYG000004837,MGYG000003296,Lactobacillus apis,D5 sp900113995,Bilophila sp900553145,Caecibacter sp900549385,Haemophilus_D parainfluenzae,Slackia_A piriformis,Collinsella sp900761155,Parolsenella uli_B,Parasutterella excrementihominis,Collinsella sp900555355,MGYG000002677,NSJ-61 sp003433845,MGYG000003941,MGYG000004750,Negativibacillus massiliensis,CAG-485 sp001701295,Stomatobaculum sp002892395,Caecibacter massiliensis,Collinsella sp900553935,MGYG000004610,CAG-465 sp900554875,Mobilibacterium sp900315625,Agathobaculum sp900555465,MGYG000004702,Proteus vulgaris,MGYG000000342,Phocaeicola sp002161565,Olsenella sp900555995,Collinsella sp900757205,Collinsella sp900554465,CAG-272 sp000433515,Faecalitalea cylindroides,Anaerobutyricum hallii,CAG-269 sp900556945,Bilophila wadsworthia,MGYG000004127,Dysgonomonas gadei,Merdimonas faecis,UBA1390 sp900764045,CAG-196 sp900553895,MGYG000004306,MGYG000004172,Alistipes sp900544265
rep987_seed3012	Phocaeicola sp900551445,Collinsella sp900759565,Sodaliphilus sp004557565,UBA1181 sp900769555,UBA9506 sp003506415,MGYG000003109,MGYG000003273,CAG-452 sp900770415,UBA7160 sp902363665,Phocaeicola sp000432735,Enterocloster sp005845215,MGYG000002921,CAG-313 sp000433035,Duncaniella sp900544535,CAG-145 sp900540145,Peptoniphilus_B duerdenii,Neisseria subflava_C,MGYG000001958,Anaeroglobus micronuciformis,MGYG000003777,Nitratidesulfovibrio vulgaris,Phocaeicola sp900546095,Collinsella sp900545605,Eubacterium_F sp003491505,Oribacterium sinus,Enterocloster sp900555045,Rothia aeria,Coprococcus sp000154245,MGYG000004590,MGYG000004365,Akkermansia sp001580195,MGYG000002712,Collinsella sp002232035,MGYG000002931,Prevotella rara,MGYG000002077,Clostridium baratii,Fusobacterium_A varium_A,CAG-81 sp000435795,MGYG000002766,UMGS363 sp900543105,GCA-900066135 sp900543575,CAG-631 sp900754115,Collinsella sp003439125,MGYG000001825,Lawsonibacter sp900766145
rep988_seed3013	ER4 sp003522105,UMGS268 sp900540705,CAG-83 sp900555735,MGYG000002092,UBA7173 sp900548705,ER4 sp900552375,Lactobacillus helveticus,MGYG000001032,MGYG000003716,Clostridium_A leptum,MGYG000000821,UMGS1840 sp900555525,Rothia aeria,Marvinbryantia sp900550755,UBA1752 sp900554405,Akkermansia sp004167605,Odoribacter sp900541415,Streptococcus oralis_S,Faecalibacterium sp003449675,CAG-349 sp003539515,Bacteroides_F pectinophilus,Alistipes_A sp900546005,Prevotella sp900553965,Mitsuokella sp003458855,RC9 sp000432655,MGYG000004002,Angelakisella sp900547385,MGYG000000693,Prevotella sp900552675,Dysgonomonas gadei,Prevotella rara,MGYG000002095,CAG-269 sp900551615,Frisingicoccus sp900757195,MGYG000000440,UBA7748 sp900314535,Lawsonibacter sp900066645,Fusobacterium vincentii,Streptococcus anginosus,CAG-83 sp000435975,Collinsella sp900544235,CAG-81 sp900066055,CAG-194 sp000432915,MGYG000003053,UBA10281 sp900548285,UMGS363 sp900543105
rep989_seed3014	CAG-831 sp900544175,Collinsella sp900541125,MGYG000000616,UBA1777 sp900549865,MGYG000000658,Ruminococcus_A faecicola,MGYG000004042,Escherichia marmotae,Ruminococcus_E sp002493635,Eisenbergiella tayi,MGYG000002732,Peptoniphilus_A sp900538655,Prevotella disiens,MGYG000004841,UBA1777 sp900754515,Pantoea ananatis,HGM12587 sp900766915,Faecalimonas sp900546325,Blautia_A sp900551465,Borkfalkia ceftriaxoniphila,Ezakiella sp900540185,MGYG000004891,Citrobacter portucalensis_A,MGYG000002675,MGYG000001679,MGYG000004393,MGYG000002708,MGYG000001871,Ruminococcus_C callidus,MGYG000001028,UMGS268 sp900540705,Veillonella sp900545205,MGYG000000699,Alistipes sp000434235,Prevotella sp900544825,Megasphaera sp902388315,MGYG000001717,Phocaeicola sp900541515,MGYG000003256,Collinsella sp900549245,MGYG000002035,HGM14224 sp900761905,NK3B98 sp900758315,MGYG000004772,RUG806 sp900313475,MGYG000004374
rep990_seed3015	Brachyspira pilosicoli,Phascolarctobacterium_A sp900553055,RC9 sp900760425,ER4 sp900552015,MGYG000002052,Limosilactobacillus reuteri_E,Paenibacillus_A sp900069005,UMGS874 sp900546315,Bifidobacterium bifidum,MGYG000003773,MGYG000003271,Prevotella melaninogenica,Coprococcus sp900761435,MGYG000000862,MGYG000000632,MGYG000004085,CAG-269 sp900551615,Collinsella sp900549535,MGYG000001977,CAG-882 sp000435595,Lachnospira sp900316325,MGYG000001775,Eubacterium_I ramulus_A,Clostridium disporicum_A,NK3B98 sp900545815,Merdimonas faecis,Streptococcus gordonii,MGYG000004549,MGYG000004558,Veillonella sp900550175,MGYG000000594,F23-B02 sp004556755,Veillonella parvula_A,MGYG000003270,Prevotella sp900762125,Dysosmobacter sp900551885,MGYG000001862,UBA9475 sp900549885,CAG-762 sp900551315,HGM10836 sp900772095,Prevotellamassilia sp900540885,Evtepia gabavorous,UMGS1933 sp900772235,Mediterraneibacter sp900553885,Porphyromonas gingivalis,UBA1691 sp900544375
rep991_seed3016	Anaerococcus sp900258475,Collinsella sp900541045,MGYG000004768,RUG12045 sp900770325,MGYG000004656,MGYG000001048,Collinsella sp900552755,MGYG000002730,MGYG000004209,MGYG000004836,Collinsella sp900554985,Fusobacterium_A sp900543175,Blautia hominis,Haemophilus_D sp900756155,MGYG000000357,MGYG000002575,MGYG000004845,HGM11575 sp900754775,CAG-115 sp900768705,MGYG000002090,Bacteroides bouchesdurhonensis,Bacteroides sp900555635,MGYG000003728,MGYG000000738,SFDP01 sp900770785,Succinivibrio sp900548485,UMGS1293 sp900754495,Roseburia hominis,Bacteroides finegoldii,Finegoldia magna,Collinsella sp900554155,ER4 sp900546295,CAG-95 sp900553305,Alistipes provencensis,MGYG000004607,Cutibacterium acnes,MGYG000004342,Enterocloster sp000431375,MGYG000002759,Fusobacterium_C gonidiaformans,Collinsella sp900546115,Collinsella sp900757505,Pantoea eucalypti,Oxalobacter formigenes,Collinsella sp900548515,Phascolarctobacterium_A sp900552855
rep992_seed3017	MGYG000003175,MGYG000003294,Collinsella sp900549655,Evtepia gabavorous,MGYG000000761,Prevotella sp900547005,MGYG000000586,Enterococcus_B faecium,NSJ-61 sp003433845,Fusobacterium_C necrophorum,Dielma fastidiosa,Clostridium_A leptum,Slackia_A sp900553775,Bacteroides uniformis,Collinsella sp003466125,Clostridium tertium,MGYG000002931,Collinsella sp900757285,MGYG000002071,Blautia_A sp900066505,Collinsella sp003437035,Bacteroides sp007896885,Collinsella sp900549345,Pseudomonas_R sp900766265,CAG-302 sp001916775,Phocaeicola sp900546355,MGYG000001632,Clostridium_AQ sp003481775,Prevotella jejuni,Bacteroides massiliensis_A,Gemmiger formicilis,MGYG000003308,Longicatena caecimuris,Bulleidia sp900539965,UMGS268 sp900540705,MGYG000003914,UMGS577 sp900543525,Anaerotignum lactatifermentans,RC9 sp900769905,MGYG000001840,CAG-41 sp900066215,MGYG000004514,F23-B02 sp004553495,Collinsella sp900541475,Emergencia sp900551775,UMGS403 sp900541975
rep993_seed3018	UMGS1783 sp900555065,CAG-170 sp900548625,Prevotella sp000436695,MGYG000000440,Haemophilus sp002998595,Hydrogeniiclostridium sp900550095,Prevotellamassilia sp900543155,Fournierella sp004558145,VUNA01 sp002299625,Collinsella sp900556445,Cellulosilyticum sp900556665,UMGS172 sp900539855,Collinsella sp900554665,Odoribacter sp900541415,Enterocloster sp000155435,MGYG000001862,Pantoea septica,Mediterraneibacter sp900553885,MGYG000004634,AM07-15 sp003477405,CAG-485 sp900541835,HGM11327 sp900759935,Firm-11 sp900550955,MGYG000000566,CAG-110 sp900554625,Ruminococcus_E sp900755995,CAG-83 sp900548615,Prevotella oralis,Collinsella sp003459505,MGYG000004750,MGYG000001581,MGYG000001873,Agathobacter sp000434275,MGYG000004340,MGYG000003777,MGYG000004684,Collinsella sp900541185,CAG-831 sp900771335,Clostridium sp000435835,Faecalibacterium prausnitzii_I,MGYG000000450,MGYG000001061,HGM11507 sp900761005,Collinsella sp900545905,Eubacterium_I ramulus,UMGS1858 sp900555705
rep994_seed3019	Ellagibacter isourolithinifaciens,Serratia ureilytica,Parabacteroides timonensis,UBA737 sp900549055,MGYG000002614,MGYG000001921,Providencia rettgeri_D,Clostridium_A leptum,Anaerococcus lactolyticus,MGYG000001581,Yersinia mollaretii,Faecalicoccus sp900546545,UBA1417 sp900552925,CAG-590 sp900544905,UBA7102 sp900760085,MGYG000002706,Catenibacterium sp900540685,CAG-170 sp000436735,Fusobacterium massiliense,Collinsella sp900550835,UBA940 sp900768115,Phocaeicola sp900544675,MGYG000000709,UMGS882 sp003343885,HGM12669 sp900761935,Campylobacter_B sp900539505,Neisseria elongata,MGYG000004188,Fusobacterium_B sp900542625,MGYG000000818,Ruminococcus_D sp900752625,HGM13862 sp900760825,QALS01 sp900552625,CAG-269 sp900556345,Extibacter muris,TM7x sp900555425,MGYG000000397,Phocaeicola ilei,F082 sp002633315,Marseille-P3106 sp900169975,D5 sp900113995,Anaerostipes sp900756035,MGYG000004359,MGYG000004264,MGYG000000609,Peptostreptococcus sp900759325
rep995_seed3020	UMGS1241 sp900549955,UBA2883 sp002103075,Dialister sp900547785,MGYG000000691,Lactococcus garvieae,CHH4-2 sp002899675,Desulfovibrio piger,UBA6398 sp900550635,Lysinibacillus fusiformis_D,MGYG000001914,Veillonella sp900757715,CAG-269 sp900555615,CAG-313 sp900539265,BX12 sp902363595,Ruminococcus_A sp000432335,Haemophilus_D parainfluenzae_J,MGYG000004123,MGYG000004384,CABIZH01 sp902363205,Slackia_A isoflavoniconvertens,Ruminococcus sp002438605,Parabacteroides merdae,Clostridium_X cadaveris,Vibrio parahaemolyticus,Lactobacillus hominis,Streptococcus timonensis,CAG-451 sp000438295,TF01-11 sp001414325,Veillonella rogosae,Megasphaera sp900540735,Coprococcus sp900767685,MGYG000003822,Streptococcus sobrinus,An172 sp002160515,Coprococcus_A sp900548825,Prevotellamassilia sp900541575,Collinsella sp900553215,Bacteroides congonensis,Paraprevotella clara,Actinomyces oris,UMGS1293 sp900550385,TM7x sp900556355,Phocaeicola sp000432735,Peptostreptococcus stomatis,Lactobacillus gallinarum,Bifidobacterium adolescentis
rep996_seed3021	CAG-475 sp900763875,Acetatifactor sp900766575,UBA1232 sp900544815,Lactobacillus acidophilus,Murdochiella massiliensis,UBA5446 sp900545405,Methanosphaera cuniculi,Eubacterium_M sp900540015,MGYG000004197,Terrisporobacter othiniensis,MGYG000003910,Barnesiella sp900538555,MGYG000004203,Negativibacillus sp000435195,Collinsella sp900552755,Fusobacterium sp000235465,Lachnoclostridium_A sp002160755,CAG-81 sp900556965,Gemmiger formicilis,TF01-11 sp003529475,Faecalimonas sp900550235,Collinsella sp003439125,MGYG000002650,CAG-390 sp000437015,MGYG000000630,MGYG000000645,MGYG000002759,UMGS1810 sp900555295,MGYG000004590,Faecalibacterium prausnitzii_G,Alistipes sp900760675,Prevotella sp900552515,MGYG000004177,Streptococcus sobrinus,Collinsella sp900542305,Collinsella sp900541785,Lachnoclostridium_B phocaeensis,UBA1752 sp900554405,Collinsella sp900550815,CAG-56 sp900752065,UBA6398 sp900555645,Parabacteroides sp014287585,MGYG000004829,MGYG000000643,Collinsella sp900554255,Collinsella sp900767675
rep997_seed3022	UBA9502 sp900555625,Extibacter muris,Streptococcus mitis_D,UBA1259 sp900760875,Parabacteroides sp900549585,ER4 sp000765235,Collinsella sp902388345,Alistipes sp900546065,Clostridium_J sp000821305,Collinsella sp900541475,Alistipes sp900553175,Kluyvera ascorbata,MGYG000003948,MGYG000002613,CAG-110 sp900752285,Collinsella sp900540845,Phocaeicola sp900546645,Phocaeicola sp900551445,Coprobacter sp900545915,Lawsonibacter sp900066645,Dialister invisus,Citrobacter_A sp009363175,Bacilliculturomica massiliensis,Collinsella sp900541645,UMGS1670 sp900553995,Bacteroides sp900765785,Prevotella sp000436695,Fusobacterium_B sp900545035,Phocaeicola sp000436795,Victivallis sp002998355,UMGS1781 sp900555075,MGYG000003304,Murdochiella vaginalis,Bacteroides graminisolvens,MGYG000003898,UBA11517 sp900753315,Clostridium_F botulinum_A,TF01-11 sp001916135,MGYG000001761,Prevotella rara,CAG-95 sp900553305,Ligilactobacillus sp900765635,Negativibacillus sp900547015,UBA5446 sp900546615,MGYG000003212,MGYG000001818
rep998_seed3023	MGYG000004509,Eisenbergiella massiliensis,MGYG000004824,MGYG000000650,Gemella sanguinis,CAG-269 sp900555615,Collinsella sp900544115,MGYG000003418,Mediterraneibacter sp900751785,UBA4372 sp900766785,UBA5905 sp900764115,Phocaeicola plebeius,CAG-465 sp900554875,Clostridium_Q saccharolyticum_A,CAG-103 sp900543625,UBA7173 sp900555165,Lacrimispora sp902363735,CAG-110 sp900769995,CAG-41 sp900066215,CAG-272 sp900556615,Alistipes sp900546065,Porphyromonas asaccharolytica,Blautia_A sp900548245,Faecalimonas phoceensis,MGYG000004095,Anaerosacchariphilus sp900066385,MGYG000000738,Megasphaera sp000417505,MGYG000001594,Prevotella sp002481295,Anaeromassilibacillus sp001305115,Collinsella sp900757705,MGYG000002843,UBA5446 sp900546615,UMGS1603 sp900553265,QAMX01 sp004555605,Paraclostridium bifermentans,MGYG000001841,Azonexus sp900549295,RC9 sp900544195,Clostridium_J ihumii,MGYG000004772,Ruminococcus_A sp000432335,MGYG000001189,UMGS911 sp003343545,MGYG000001804
rep999_seed3024	Eubacterium_R sp000436835,Collinsella sp900757235,Marseille-P3106 sp900169975,QAMM01 sp003150405,UBA2882 sp900542015,Dysosmobacter sp900556925,MGYG000002092,MGYG000001743,CAG-485 sp002361235,Collinsella aerofaciens_E,UMGS1279 sp900761625,CAG-603 sp900066105,Neobittarella massiliensis,Prevotella lascolaii,Massilicoli timonensis,MGYG000004346,UBA1394 sp900538575,Hydrogeniiclostridium sp900752115,43-108 sp001915545,Yersinia bercovieri,Lawsonibacter sp003478995,MGYG000000393,Hungatella sp005845265,UBA1191 sp900545775,MGYG000001873,Prevotella sp900548535,CAG-196 sp900553895,MGYG000002099,MGYG000003356,Collinsella sp900544235,Prevotella sp900544495,Prevotella sp000431975,CAG-170 sp002404795,Dysosmobacter sp000436875,Dialister hominis,Escherichia albertii,MGYG000004180,Agathobaculum sp003481705,MGYG000002055,Faecalimonas phoceensis,Yersinia kristensenii,CAG-95 sp000436115,MGYG000004630,Pseudomonas_E putida_P,CAG-302 sp900548425,Collinsella sp003458415
