rep001_seed2026	MGYG000000574,MGYG000001979,MGYG000003308,Haemophilus_D parainfluenzae_J,Enorma massiliensis,Lactobacillus gallinarum,Bacteroides sp900766195,MGYG000003980,Muribaculum sp001701195,Alistipes senegalensis,CAG-762 sp900551315,QALS01 sp900555925,CAG-1427 sp000435675
rep002_seed2027	Dialister sp900543165,UMGS1623 sp900553525,CAG-873 sp900550395,MGYG000000795,Paramuribaculum sp900760855,RC9 sp001915575,MGYG000003050,Sutterella seckii_A,MGYG000002229,Anaerotignum faecicola,F0040 sp900095835,Ruminococcus_E sp003526955,Phocea massiliensis
rep003_seed2028	MGYG000001642,Weissella confusa,MGYG000004197,Ruminococcus_C callidus,Marvinbryantia sp014385005,MGYG000003822,MGYG000000557,Prevotella melaninogenica,Blautia_A obeum,F0040 sp900095835,MGYG000002610,Collinsella sp900758845,Phocea massiliensis
rep004_seed2029	UMGS1322 sp900550765,Enterobacter mori,MGYG000000761,Phocaeicola coprocola,UBA1259 sp003523255,MGYG000003509,Muricomes contortus_B,MGYG000001979,Limosilactobacillus vaginalis_A,Anaerococcus jeddahensis,Pseudomonas aeruginosa,Moellerella wisconsensis,Bacteroides sp902362375
rep005_seed2030	MGYG000004560,Collinsella sp900761155,Collinsella sp003487125,Collinsella sp900543605,Collinsella sp900552145,Faecalibacterium prausnitzii_M,Ruminiclostridium_E sp900556525,MGYG000004590,UMGS1002 sp900547565,Peptostreptococcus russellii_A,Eubacterium_R sp002493325,MGYG000004718,CAG-269 sp900554565
rep006_seed2031	Bariatricus comes,UBA4855 sp900540395,CAG-103 sp900757655,Clostridium_P perfringens,Morganella morganii_A,Terrisporobacter sp902363255,MGYG000000677,Bacteroides graminisolvens,Gabonibacter massiliensis,MGYG000000727,MGYG000000821,Aneurinibacillus aneurinilyticus,Ruminococcus_E sp003438075
rep007_seed2032	UMGS1696 sp900554225,Duodenibacillus sp003472385,Catenibacterium sp900764725,Blautia hominis,Olsenella_E sp003609875,MGYG000000361,MGYG000004470,Catenibacterium sp900764565,Collinsella sp900541475,Collinsella aerofaciens_J,MGYG000003509,MGYG000004203,CAG-354 sp900555085
rep008_seed2033	UMGS1279 sp900761625,CAG-279 sp900541555,MGYG000002654,Lactobacillus apis,MGYG000004711,MGYG000004465,MGYG000004177,UBA1191 sp900545775,MGYG000002099,MGYG000002828,Porphyromonas_A sp900541275,MGYG000000210,Fusobacterium_C gonidiaformans
rep009_seed2034	Veillonella_A seminalis,MGYG000001197,Arabia massiliensis,Providencia rettgeri,Alistipes sp900761235,Eubacterium_R sp900539325,MGYG000001582,MGYG000003840,MGYG000004590,MGYG000004247,Prevotella sp900765465,Lacrimispora sp902363835,Clostridium sp000435835
rep010_seed2035	MGYG000002223,Acidaminococcus fermentans,Agathobacter sp900543445,Dialister sp900543165,Megamonas sp900554895,RC9 sp000434935,Campylobacter_A concisus_I,Coprococcus sp900761435,Prevotella sp900546575,MGYG000001826,CAG-269 sp003525075,Prevotella rara,Phascolarctobacterium_A sp900770955
rep011_seed2036	Vibrio parahaemolyticus,CAG-127 sp900766925,Enterocloster sp900770345,CAG-475 sp900547975,MGYG000003867,Paraeggerthella hongkongensis_A,Enterococcus_B hirae,ER4 sp900317525,UMGS1441 sp900551755,MGYG000004824,F082 sp900542475,MGYG000002629,UBA5905 sp900764115
rep012_seed2037	CAG-485 sp002491165,Collinsella sp900550825,UBA7173 sp900540205,Phascolarctobacterium faecium,Parabacteroides sp900548175,HGM11514 sp900757255,Veillonella dispar,Chimaeribacter coloradensis,Phocaeicola massiliensis,Dialister sp900543455,MGYG000004177,Eisenbergiella sp900548905,Roseburia sp900550935
rep013_seed2038	Mediterraneibacter torques,Collinsella intestinalis,Collinsella sp900754385,MGYG000004689,UBA2856 sp900555005,Gordonibacter massiliensis,UBA4285 sp900542465,Cronobacter sakazakii,Enterocloster sp900551225,Streptococcus sobrinus,UBA1394 sp900066845,MGYG000004506,CAG-103 sp900543625
rep014_seed2039	Beduini massiliensis,Eubacterium_G sp900548465,MGYG000003955,Faecalibacterium sp900765105,Robinsoniella sp900539655,Pauljensenia sp900541895,Eubacterium_I ramulus,Bifidobacterium scardovii,UMGS599 sp900543705,Leptotrichia wadei,MGYG000002731,Collinsella sp900541745,Parabacteroides massiliensis
rep015_seed2040	MGYG000003871,MGYG000004127,MGYG000002610,Faecalibacillus sp900544435,Yersinia intermedia,Dialister sp900541485,Prevotella veroralis,MGYG000001977,UMGS1858 sp900555705,RUG14107 sp900772685,MGYG000001935,Fenollaria sp900539225,Bacteroides finegoldii
rep016_seed2041	Eubacterium_R sp002493325,MGYG000003833,Ruminococcus_E bromii_B,COE1 sp001916965,MGYG000002753,Haemophilus_D sp900756155,MGYG000000732,Olsenella_E timonensis,Alistipes sp001941065,UBA1786 sp900771425,HGM10836 sp900772095,UBA3388 sp900546465,Acutalibacter sp900543555
rep017_seed2042	F23-B02 sp004553495,Phascolarctobacterium_A sp900757795,Faecalibacterium sp900540455,Slackia_A piriformis,Clostridium_Q symbiosum,HGM13006 sp900756575,Enterocloster sp000431375,Alistipes finegoldii,Mediterraneibacter sp900553885,UBA11524 sp000437595,CAG-485 sp900766975,MGYG000003840,Extibacter hylemonae
rep018_seed2043	MGYG000004901,CAG-632 sp000431515,MGYG000004100,MGYG000004465,Gemmiger sp900540775,CAG-83 sp900313295,Porphyromonas sp900539155,CAG-603 sp900066105,MGYG000000713,MGYG000002626,MGYG000000821,Collinsella sp900552705,Escherichia coli_D
rep019_seed2044	MGYG000004677,HGM04593 sp900769465,Bacteroides togonis,Phocaeicola mediterraneensis,HGM12650 sp900761725,Dorea_B phocaeensis,Mailhella sp003150275,Lactobacillus amylolyticus,CAG-964 sp902789345,CAG-317 sp900543415,Bacteroides cellulosilyticus,Porphyromonas uenonis,HGM04593 sp900770665
rep020_seed2045	Desulfovibrio fairfieldensis,Butyricimonas faecalis,MGYG000004699,Phascolarctobacterium_A sp900770955,Lachnospira rogosae_A,Eubacterium_R sp000431535,MGYG000002086,MGYG000001219,Escherichia marmotae,CAG-110 sp900762245,Phascolarctobacterium_A succinatutens_A,MGYG000002229,Enterocloster sp900543885
rep021_seed2046	MGYG000003324,UMGS172 sp900539855,Fusobacterium_A ulcerans,MGYG000001736,CAG-145 sp900542565,MGYG000003021,Ruminiclostridium_E sp900539195,UMGS1370 sp900551135,Criibacterium bergeronii,Slackia_A sp900553775,HGM04593 sp900769765,CAG-603 sp900066105,Pauljensenia turicensis
rep022_seed2047	CAG-177 sp003538135,MGYG000004042,Phocaeicola ilei,HGM05232 sp900759955,Eubacterium_I ramulus_A,Collinsella sp900548365,CAG-110 sp000434635,Angelakisella sp004557855,MGYG000000682,CAG-279 sp900541555,CAG-452 sp900770415,MGYG000002708,CAG-177 sp900770255
rep023_seed2048	TF01-11 sp000436755,Dialister sp900543455,Lactobacillus acidophilus,F082 sp900542475,Providencia stuartii,MGYG000004651,Collinsella sp900550825,CAG-590 sp900769115,Klebsiella quasipneumoniae,Clostridioides difficile,UBA1394 sp900554975,Lancefieldella rimae,MGYG000004650
rep024_seed2049	Prevotella sp900552965,Duncaniella dubosii,CAG-390 sp003523225,Acetatifactor sp900066365,UMGS263 sp900540535,CAG-145 sp002320005,UMGS1670 sp902406135,Paraclostridium sordellii,Lawsonibacter sp014287875,Mediterraneibacter lactaris,UBA7173 sp900768685,Pantoea brenneri,Lachnoclostridium phytofermentans_A
rep025_seed2050	MGYG000003839,Streptococcus sp900546335,Dialister sp000434475,UBA1777 sp900754515,MGYG000004599,Streptococcus vestibularis,Clostridium sp900543325,Clostridium beijerinckii,CAG-302 sp000431795,Collinsella sp900754275,MGYG000004660,Haemophilus_D parainfluenzae_K,Lactobacillus intestinalis
rep026_seed2051	Ruminococcus sp900545125,Coprococcus eutactus_A,Bacteroides cellulosilyticus,Escherichia albertii,CAG-110 sp900544705,Citrobacter braakii,Fusobacterium_A sp900015295,Barnesiella intestinihominis,Collinsella sp900549245,MGYG000000746,Parabacteroides faecis,MGYG000004238,Collinsella sp900760325
rep027_seed2052	MGYG000004139,Bifidobacterium sp002742445,UMGS1603 sp900759005,Emergencia sp900066695,RC9 sp900760425,Streptococcus mitis_BB,F0422 sp003999875,Clostridium saudiense,Lachnospira sp003537285,Alistipes sp900553175,MGYG000002256,Collinsella sp900758845,UBA9502 sp003506385
rep028_seed2053	MGYG000001033,Harryflintia acetispora,CAG-110 sp900762245,Lactobacillus gasseri,MGYG000004188,MGYG000003797,RC9 sp900546445,Butyrivibrio_A sp000431815,CAG-115 sp002492075,UMGS1518 sp900552575,Hafnia paralvei,Mesosutterella massiliensis,Amulumruptor sp900539915
rep029_seed2054	Anaerostipes hadrus_A,Acetatifactor sp900760705,Veillonella_A sp900765165,Prevotella disiens,UBA737 sp900547445,Schaedlerella sp900066545,MGYG000002067,Prevotella sp000436035,Barnesiella sp002159975,Parasutterella sp000980495,MGYG000000630,MGYG000003913,CAG-103 sp900317855
rep030_seed2055	MGYG000004818,UMGS1872 sp900549475,Enterocloster sp900538485,MGYG000004154,CAG-873 sp002493945,Frisingicoccus sp900757195,CAG-103 sp000432375,Fusobacterium_C necrophorum,Collinsella sp900549455,UBA1232 sp900544815,CAG-312 sp900760055,Ruminococcus_D sp900543145,MGYG000001583
rep031_seed2056	CAG-170 sp000432135,MGYG000004061,Eubacterium_R sp900764665,Marvinbryantia sp014385005,CAG-269 sp900760175,MGYG000002843,MGYG000001717,Collinsella sp900760245,Anaerostipes sp900066705,MGYG000000860,Prevotella jejuni,Collinsella sp900762015,UBA4855 sp900540395
rep032_seed2057	Fusobacterium vincentii,Coprobacter secundus,SFTJ01 sp004557385,SFEL01 sp004557245,UBA7748 sp900314535,Faecalimonas sp900550235,Streptococcus sp902363395,Faecalibacterium sp900539885,MGYG000000557,Mediterraneibacter sp900553885,HGM11368 sp900772745,Collinsella sp900552705,Citrobacter europaeus
rep033_seed2058	CAG-831 sp900544175,MGYG000003882,RUG472 sp900545265,Alistipes shahii,MGYG000001916,Lachnospira eligens_A,MGYG000004586,Bifidobacterium sp900551485,Duncaniella sp900544535,Blautia coccoides,Collinsella sp900541145,MGYG000004203,Clostridium nigeriense
rep034_seed2059	MGYG000001840,Bacilliculturomica massiliensis,Collinsella sp900555815,Christensenella sp001678845,UMGS1766 sp900554855,Barnesiella intestinihominis,Allisonella pneumosintes,Eggerthella sinensis,Marvinbryantia sp014385005,Porphyromonas sp900538385,Anaerobutyricum sp002161065,Cetobacterium_A sp900766645,HGM13222 sp900757485
rep035_seed2060	UBA1777 sp900549545,MGYG000003822,CAG-170 sp000432135,UBA1691 sp900549825,Caecibacter sp900549385,Bacteroides faecis,MGYG000000574,UMGS1338 sp900550805,Collinsella sp900762325,Phascolarctobacterium_A sp900541915,Massiliomicrobiota sp002160815,Prevotellamassilia sp900772575,Proteus penneri
rep036_seed2061	Enterobacter chengduensis,UBA9502 sp003506385,MGYG000002659,Butyricimonas virosa,Eubacterium_R sp900539425,Collinsella sp900543615,MGYG000004664,MGYG000002085,Cetobacterium_A sp900766645,Eubacterium_R sp900547915,RC9 sp000431015,Dysosmobacter sp900542115,Mediterraneibacter sp900761655
rep037_seed2062	CAG-590 sp900769115,UMGS1418 sp900551595,Dysosmobacter sp900556925,Coprobacter fastidiosus,Duodenibacillus sp003472385,Acutalibacter sp900543305,Fusobacterium_A varium_A,UMGS1388 sp900551345,Enterobacter cloacae_K,MGYG000003826,Paraprevotella sp003477995,Faecalibacterium sp900539885,Azonexus sp900549295
rep038_seed2063	Fusobacterium animalis,UMGS75 sp900538885,Prevotella disiens,MGYG000004852,Proteus penneri,Peptoniphilus_B sp000478985,Alistipes sp900544265,Gemmiger sp900540775,Alistipes_A indistinctus,Rothia dentocariosa,Campylobacter_A concisus_E,Collinsella sp900549715,Providencia alcalifaciens
rep039_seed2064	Megamonas hypermegale,Borkfalkia ceftriaxoniphila,CAG-56 sp900539525,Neisseria gonorrhoeae,Cedecea davisae,MGYG000001868,MGYG000004790,Prevotella oralis,MGYG000001683,UBA738 sp900763675,Blautia coccoides,MGYG000004722,CAG-95 sp900066375
rep040_seed2065	Dysosmobacter welbionis,Marseille-P3106 sp900543935,VUNA01 sp002299625,Ralstonia pickettii,Duodenibacillus sp900538905,Amulumruptor sp900539915,Prevotella sp900548585,Bacteroides sp900761785,CAG-273 sp902406115,MGYG000004203,Blautia_A sp003471165,CHH4-2 sp002899675,Blautia sp000432195
rep041_seed2066	MGYG000003451,CAG-110 sp900549495,SFEL01 sp004557245,UMGS973 sp900547295,Clostridium neonatale,Prevotella sp900546345,Serratia liquefaciens,Enterococcus_D sp002850555,F0422 sp003999875,Bifidobacterium gallinarum,Eubacterium_R sp900539425,Enterococcus_B faecium,MGYG000004880
rep042_seed2067	UMGS995 sp900769695,Streptococcus oralis_E,MGYG000004340,Cellulosilyticum sp900556665,Ligilactobacillus sp900765635,UBA1777 sp900549485,MGYG000000752,MGYG000001666,CAG-462 sp900765575,MGYG000004793,CAG-313 sp000433035,Coprobacter fastidiosus,Murimonas intestini
rep043_seed2068	Coprococcus sp000433075,Bacteroides stercoris,Phytobacter massiliensis,Blautia_A luti,Clostridium_P massiliamazoniense,Bulleidia sp900554555,UBA9475 sp900554075,MGYG000003323,UBA1685 sp002320595,UMGS1388 sp900551345,NSJ-32 sp014384895,Varibaculum timonense,SFHK01 sp004556395
rep044_seed2069	Alloscardovia omnicolens,Streptococcus timonensis,Acetatifactor sp900760705,UBA738 sp900763675,F082 sp900542475,Phocaeicola sp900551445,MGYG000000393,MGYG000004034,MGYG000001114,Citrobacter youngae,Dysosmobacter sp900544955,Latilactobacillus curvatus,Enterocloster sp900543885
rep045_seed2070	CAG-590 sp900548855,CAG-791 sp000431495,Parabacteroides sp900547435,CAG-110 sp900540635,Peptostreptococcus stomatis,MGYG000004393,CAG-1193 sp900550145,CAG-269 sp001916055,Clostridium_B sp902809985,Prevotella melaninogenica,HGM11368 sp900772745,Sutterella seckii_A,MGYG000000682
rep046_seed2071	UBA1206 sp000433115,Mediterraneibacter sp900555215,Collinsella sp900555745,Phascolarctobacterium faecium,Enterocloster sp900551225,RQCD01 sp008668455,MGYG000002092,Lactobacillus kalixensis,Collinsella sp900552145,Parabacteroides sp900547435,Phocaeicola dorei,Kluyvera sp902363335,Parasutterella sp000980495
rep047_seed2072	Firm-11 sp004556545,Ruminococcus_D sp900543145,Citrobacter_B koseri,Pseudomonas aeruginosa,Weissella confusa,UMGS995 sp900547465,Prevotella sp900765465,Collinsella sp900757385,AM07-15 sp003477405,Methanosphaera cuniculi,CAG-822 sp000432855,MGYG000004817,CAG-475 sp900763875
rep048_seed2073	UMGS1491 sp900757335,MGYG000004647,MGYG000002769,Butyricicoccus pullicaecorum,Eubacterium_I sp900066595,Rothia aeria,Bacteroides sp007896885,Sellimonas intestinalis,Megamonas sp900556715,Prevotella denticola,Lancefieldella rimae,Blautia_A sp000285855,Bacteroides sp900761785
rep049_seed2074	Beduini sp902363625,MGYG000000658,Acidaminococcus fermentans,UMGS363 sp900543105,Phocaeicola sp900546095,Campylobacter_A concisus_F,MGYG000002726,Collinsella sp900756725,CAG-103 sp004556965,MGYG000000474,UBA6398 sp003150315,Longibaculum sp900538465,Prevotella sp900553465
rep050_seed2075	Ruminococcus_C sp000437255,RC9 sp000434935,Dysosmobacter sp900770295,MGYG000004711,Faecalibacterium sp900539885,MGYG000003909,UBA1691 sp002320555,Ruminococcus_B sp900544395,MGYG000004219,GCA-900066495 sp902362365,Dysgonomonas capnocytophagoides,CAG-81 sp900066055,Phytobacter sp002377245
rep051_seed2076	MGYG000004531,Clostridioides difficile,Coprococcus sp900761435,Haemophilus_D pittmaniae,Allisonella histaminiformans,HGM13010 sp900754965,Alistipes sp900542505,Rothia sp001808955,MGYG000000450,UBA738 sp004557735,Blautia_A sp900541985,Akkermansia muciniphila,Phocea massiliensis
rep052_seed2077	TF01-11 sp001414325,Lancefieldella rimae,Phytobacter ursingii,Prevotella sp000435635,Collinsella sp900767675,Butyricimonas virosa,MGYG000002604,Coprococcus sp900761435,Faecalimonas sp900551895,MGYG000002053,Klebsiella quasivariicola,Dysosmobacter sp900770295,Anaerostipes rhamnosivorans
rep053_seed2078	Prevotella sp900556275,Barnesiella sp003150885,UMGS1071 sp900542375,NK3B98 sp900545815,MGYG000004870,MGYG000000643,Collinsella sp900544725,Citrobacter portucalensis_A,CAG-170 sp000432135,MGYG000004841,MGYG000004004,CAG-81 sp900556965,Firm-11 sp004556545
rep054_seed2079	Butyricimonas sp900184685,CACZQA01 sp900758075,CAG-41 sp900066215,Collinsella sp900755685,Dysosmobacter sp900763685,Ruthenibacterium sp900759375,Odoribacter splanchnicus,MGYG000000585,Lawsonibacter sp014287875,Enterocloster sp000431375,Mailhella sp900553065,MGYG000001921,Collinsella sp900545555
rep055_seed2080	MGYG000003061,Methanosphaera cuniculi,Enterococcus_B faecium,Collinsella sp900551815,Duncaniella sp900762315,MGYG000004219,MGYG000004359,MGYG000003978,Peptostreptococcus anaerobius,Pediococcus acidilactici,MGYG000004824,Eubacterium_R sp900542875,Bifidobacterium thermophilum
rep056_seed2081	MGYG000001914,Enorma sp900751795,Gemmiger sp900539695,MGYG000003206,Pseudescherichia sp002298805,Phocaeicola sp000432735,CAG-110 sp900770015,MGYG000001811,CAG-1031 sp900752535,Prevotella bivia,UMGS1591 sp900553255,Paramuribaculum sp900760855,Proteus cibarius
rep057_seed2082	Collinsella aerofaciens_E,Duncaniella sp900762315,MGYG000002092,CAG-245 sp900552135,Blautia sp900753905,Pantoea ananatis,UBA3818 sp900557155,UBA737 sp900549055,CAG-590 sp900552885,Gemmiger sp900539695,MGYG000004094,MGYG000004749,1XD42-69 sp014287635
rep058_seed2083	MGYG000004895,UBA3818 sp900557155,UMGS1241 sp900540495,UMGS1384 sp900551265,MGYG000002623,MGYG000003647,MGYG000004007,Yersinia frederiksenii_C,CAG-822 sp000432855,Clostridium_Q sp000435655,Kluyvera sp902363335,MGYG000004775,CAG-145 sp900540145
rep059_seed2084	Parabacteroides sp003473295,Megasphaera sp002319965,UBA1191 sp900545775,UMGS946 sp900544965,CAG-791 sp000431495,MGYG000004820,Harryflintia acetispora,Mailhella sp900553065,CAG-269 sp000435535,Dysosmobacter sp900544105,MGYG000004042,CAG-390 sp000437015,MGYG000000557
rep060_seed2085	MGYG000000662,MGYG000001075,Collinsella sp900540855,Phocaeicola sp002161565,Acidaminococcus massiliensis,Anaerococcus obesiensis,Parabacteroides massiliensis,MGYG000000691,Phocaeicola sp900066445,Faecalibacterium prausnitzii_H,NSJ-63 sp014384805,Allisonella histaminiformans,UMGS1307 sp900550505
rep061_seed2086	UBA7185 sp900756555,Campylobacter_A concisus_F,CAG-127 sp900766925,Haemophilus_D parainfluenzae_M,CAG-103 sp004556965,UBA3388 sp002358835,MGYG000004423,UBA737 sp900547095,Prevotella stercorea,UBA1691 sp900552985,Enterocloster sp900543885,Clostridium sp900766315,Collinsella sp900541125
rep062_seed2087	Faecalibacterium prausnitzii_H,UBA1777 sp003150355,Alistipes sp002161445,CAG-110 sp900762005,MGYG000004864,MGYG000004772,Prevotella sp900546535,UBA11517 sp900753315,Anaerotruncus colihominis,CAG-317 sp900543415,Alistipes sp900769445,CAG-127 sp900539705,Veillonella sp900765235
rep063_seed2088	MGYG000003707,Paenibacillus_A sp900069005,Pantoea anthophila,Marseille-P4683 sp900232885,TM7x sp900556355,Streptococcus parasanguinis_B,Evtepia gabavorous,UBA737 sp900549055,UBA5884 sp900551505,MGYG000004765,Collinsella sp900754525,Lachnospira sp900772425,UMGS1202 sp900549565
rep064_seed2089	Yersinia pestis,Parabacteroides sp900770835,CAG-492 sp900557195,MGYG000001205,MGYG000000450,Phocaeicola sp900552645,MGYG000002740,Blautia_A sp900542045,Alloscardovia omnicolens,CAG-110 sp900762005,UMGS731 sp900544985,Butyricimonas paravirosa,Dysosmobacter sp001916835
rep065_seed2090	MGYG000003831,QAMM01 sp003150405,MGYG000000380,Firm-11 sp900550955,MGYG000003707,Streptococcus mitis_D,MGYG000002212,Prevotella sp900549175,MGYG000003955,Zag1 sp000433095,Enterobacter_D kobei_A,MGYG000000693,MGYG000004841
rep066_seed2091	UBA11517 sp900753315,MGYG000002758,Phocaeicola sp900551645,Acinetobacter johnsonii,CAG-485 sp002361235,Blautia_A sp900066505,MGYG000004650,MGYG000004384,MGYG000002216,CAG-145 sp002320005,Collinsella sp900541665,UBA738 sp004557735,MGYG000000432
rep067_seed2092	MGYG000003936,Veillonella sp900556785,Muribaculum sp002492595,Collinsella provencensis,Ruminococcus_C callidus,CAG-83 sp900555735,UMGS1872 sp902373635,Fusobacterium_B sp900554885,MGYG000002713,Prevotella sp900546345,MGYG000003005,Enterocloster sp000155435,Bacteroides ndongoniae
rep068_seed2093	MGYG000003871,Collinsella aerofaciens_A,MGYG000002255,Bilophila sp900553145,Criibacterium bergeronii,UBA5905 sp900764115,Prevotella sp900555035,Angelakisella sp003453215,MGYG000004342,Blautia_A sp900066205,MGYG000003717,Ralstonia pickettii,MGYG000003948
rep069_seed2094	MGYG000004408,MGYG000001195,MGYG000004509,CAG-238 sp900551415,MGYG000000650,Blautia_A sp900541985,MGYG000003254,UBA1829 sp900760615,Odoribacter massiliensis,Megasphaera sp000417505,MGYG000004003,MGYG000000592,MGYG000001792
rep070_seed2095	Streptococcus anginosus,MGYG000004449,MGYG000004680,Collinsella sp900758375,HGM10836 sp900772095,CAG-279 sp900550025,Collinsella sp900757385,Alistipes dispar,Alistipes_A indistinctus,Vibrio parahaemolyticus,MGYG000004864,Angelakisella sp900552845,Robinsoniella sp900555455
rep071_seed2096	Prevotellamassilia sp900541335,Dialister hominis,MGYG000001871,MGYG000004103,MGYG000000632,Alistipes sp001941065,Caecibacter sp003467125,Anaerotruncus massiliensis,Prevotella oralis,MGYG000000727,MGYG000001580,MGYG000003945,UBA1417 sp003531055
rep072_seed2097	Coprococcus sp900761435,Prevotella sp900550035,Lachnospira sp000436535,Blautia hominis,MGYG000002198,TF01-11 sp003149875,CAG-238 sp900551415,Collinsella stercoris,Finegoldia magna,Proteus sp003144505,Enterocloster sp900770345,Alistipes sp900550375,Streptococcus thermophilus
rep073_seed2098	Collinsella sp900542155,CAG-492 sp000434335,UMGS1633 sp900553645,MGYG000003970,CAG-127 sp900319515,Lachnospira sp900316325,MGYG000001886,Enterobacter cloacae,Phocaeicola sp900546355,Duodenibacillus sp900538905,Collinsella sp900554465,Hungatella_A hathewayi_A,Fusobacterium_B sp900541465
rep074_seed2099	Streptococcus pasteurianus,Phascolarctobacterium_A sp900547415,Prevotella sp002481295,GCA-900066135 sp900543575,CAG-349 sp003539515,UMGS1994 sp900553945,MGYG000004174,MGYG000002785,Marvinbryantia formatexigens,Enorma massiliensis,Pradoshia sp001183965,UMGS1370 sp900551135,MGYG000004656
rep075_seed2100	Intestinibacter bartlettii,Coprococcus_A sp900548825,UBA9502 sp900538475,Parabacteroides sp900547435,Christensenella minuta,CAG-110 sp900770015,UBA2856 sp900555005,Morganella morganii_B,Streptococcus thermophilus,UBA1390 sp002305315,MGYG000000334,Alistipes putredinis,MGYG000003271
rep076_seed2101	Streptococcus sp001556435,UBA5905 sp004558485,CAG-245 sp900761475,Eisenbergiella massiliensis,Bilophila sp900550745,Christensenella timonensis,MGYG000002706,Emergencia sp900551775,Ruminococcus_E sp900755995,Collinsella sp900549655,Haemophilus_D pittmaniae,Sellimonas intestinalis,MGYG000002115
rep077_seed2102	UMGS1670 sp902406135,Prevotella sp002299635,Prevotella sp900290275,MGYG000002628,GCA-900066495 sp902362365,MGYG000003907,CAG-353 sp900066885,MGYG000000456,MGYG000002223,Granulicatella sp900551535,CAG-269 sp000431335,Collinsella sp900760905,Ligilactobacillus sp900765635
rep078_seed2103	Bifidobacterium catenulatum,Turicibacter sanguinis,MGYG000003319,Prevotella sp900548585,Blautia sp900555025,Bifidobacterium sp900551485,Collinsella sp900752475,Porphyromonas asaccharolytica,Muribaculum sp002358615,MGYG000002095,Peptostreptococcus russellii_A,Eubacterium_F sp000434115,Pluralibacter gergoviae
rep079_seed2104	MGYG000003904,Stoquefichus massiliensis,Limosilactobacillus antri,Caecibacter sp003467125,Ruminococcus_C sp000980705,UBA5446 sp900759385,UMGS1071 sp900542375,Coprobacter sp900545915,Fusobacterium_A sp900543175,Megamonas sp900554895,Blautia_A sp900120195,Yersinia frederiksenii_C,Anaerosacchariphilus sp900553635
rep080_seed2105	MGYG000004849,Neisseria subflava_C,Collinsella sp900541055,CAG-617 sp900553285,MGYG000003698,Faecalibacterium sp900551435,UBA644 sp900547165,MGYG000003994,Collinsella sp900555585,Megasphaera massiliensis,Lacrimispora sp000526575,MGYG000003894,Marvinbryantia sp900066075
rep081_seed2106	Pantoea agglomerans,Bacteroides caccae,MGYG000000713,Frisingicoccus caecimuris,Collinsella sp900547125,MGYG000004800,MGYG000003813,MGYG000001825,Staphylococcus aureus,MGYG000003506,Ruminococcus_C sp000437175,Anaerosacchariphilus sp002160765,UBA1417 sp900549945
rep082_seed2107	Alistipes sp002358415,MGYG000004007,Anaerosacchariphilus sp014290175,Agathobaculum desmolans,Megasphaera massiliensis,CAG-83 sp001916855,Collinsella sp900541235,RC9 sp001915575,Klebsiella_A oxytoca,UMGS1633 sp900553645,Bacteroides sp900556215,Collinsella sp900752015,Amulumruptor sp900539915
rep083_seed2108	Collinsella sp900552705,CAG-317 sp900543415,HGM05232 sp900759955,Clostridium_Q sp003024715,UBA1417 sp900549945,Bacteroides bouchesdurhonensis,MGYG000002053,Oxalobacter formigenes,MGYG000003839,Collinsella sp900554655,MGYG000000384,MGYG000004443,MGYG000004775
rep084_seed2109	UBA5416 sp900539175,MGYG000004863,Romboutsia dakarensis,MGYG000004346,Porphyromonas uenonis_A,CAG-83 sp000435555,CABIZH01 sp902363205,Leminorella richardii,GCA-900066495 sp900066495,CAG-831 sp900771335,Acidaminococcus massiliensis,Anaerococcus obesiensis,Salmonella bongori
rep085_seed2110	Bacteroides sp014385165,Collinsella sp900544725,CAG-127 sp900553925,MGYG000001112,CAG-238 sp900542245,CAG-170 sp000436735,Methanobrevibacter_A sp900766745,Gabonibacter massiliensis,RUG11247 sp902767315,MGYG000002035,Anaerotignum faecicola,MGYG000004857,Phocaeicola sp000436795
rep086_seed2111	CHH4-2 sp002899675,Prevotella sp900290275,MGYG000000339,Anaerococcus lactolyticus,MGYG000001833,MGYG000002732,Collinsella sp900544425,Butyricimonas synergistica,Parabacteroides sp900770835,MGYG000003831,Megasphaera sp900539295,MGYG000000733,MGYG000003826
rep087_seed2112	MGYG000000325,Weissella viridescens,Parabacteroides sp900540715,Lawsonibacter sp900550705,CAG-964 sp902789345,Enterocloster citroniae,MGYG000003869,CAG-488 sp000434055,Ruminococcus_D sp900752625,Collinsella sp900554465,QAMH01 sp900556425,MGYG000002198,Atlantibacter hermannii
rep088_seed2113	MGYG000004231,MGYG000004572,Superficieibacter sp900766525,UMGS1994 sp900553945,MGYG000004891,MGYG000001642,Holdemania sp900120005,MGYG000004665,UBA7057 sp900543675,UMGS1611 sp900553435,Clostridium baratii,Franconibacter helveticus,Dialister sp900759415
rep089_seed2114	CAG-83 sp000435975,MGYG000004029,MGYG000002921,UMGS1472 sp900552095,UBA5884 sp900551505,CAG-273 sp003534295,Klebsiella pneumoniae,Collinsella sp900544235,Faecalibacillus sp900544435,CAG-465 sp900554875,Enterocloster sp900555905,MGYG000004009,MGYG000000557
rep090_seed2115	UMGS1384 sp900551265,CAG-488 sp900554995,UBA7057 sp900542735,Enterocloster citroniae,CAG-110 sp000435995,Merdibacter sp900759455,Collinsella sp900760245,Blautia sp900539145,Alistipes_A sp900240235,UMGS1994 sp900553945,Lachnoclostridium_B sp900543315,Porphyromonas sp900539765,Phascolarctobacterium_A succinatutens
rep091_seed2116	MGYG000000677,MGYG000003938,TM7x sp900555265,Collinsella sp900553215,Fusobacterium periodonticum_D,Limosilactobacillus timonensis,Enterobacter cloacae_K,RC9 sp900545245,Weissella confusa,CAG-462 sp003489705,Pantoea eucalypti,Holdemanella sp002299315,Ruminiclostridium_E sp900768735
rep092_seed2117	Ligilactobacillus sp900765635,MGYG000003969,Fusobacterium_A sp900015295,Weissella viridescens,Gemmiger sp900548355,SFLA01 sp004553575,Bacteroides sp902388495,An92 sp900199495,CAG-170 sp900555665,Paraclostridium tenue,MGYG000001580,Paramuribaculum sp001689535,Collinsella sp900762015
rep093_seed2118	Prevotella sp900313215,Flavonifractor plautii,Clostridium_Q sp003024715,MGYG000004586,Agathobacter sp900546625,Collinsella sp900542315,MGYG000004161,Fusobacterium_C necrophorum,Collinsella sp900543615,MGYG000000733,An181 sp002160325,Butyricimonas sp900759925,ER4 sp900552015
rep094_seed2119	Porphyromonas gingivalis,CAG-411 sp000437275,Bacteroides sp003545565,Firm-11 sp900540045,MGYG000004684,Psychrobacillus sp012843435,CAG-56 sp900752065,Marvinbryantia sp900066075,Eisenbergiella sp900539715,MGYG000002705,Acidaminococcus fermentans,Christensenella sp001678845,CAG-83 sp900554275
rep095_seed2120	MGYG000003978,Akkermansia sp900548895,MGYG000004787,Collinsella aerofaciens_H,Pantoea agglomerans,Criibacterium bergeronii,CAG-314 sp000437915,MGYG000002098,UBA6382 sp900557555,Alistipes sp900550375,Clostridium sp900759995,Anaerostipes hadrus_A,MGYG000001862
rep096_seed2121	Stoquefichus sp001244545,Caecibacter massiliensis,UBA1777 sp900754515,MGYG000004753,Enterobacter ludwigii,Flavonifractor plautii,Johnsonella sp900766185,Pauljensenia sp900556405,MGYG000001996,Acetatifactor sp900772845,Pseudoruminococcus sp902765855,CAG-110 sp000434635,Faecalitalea cylindroides
rep097_seed2122	CAG-83 sp900549395,Prevotella sp900552675,Bacteroides cellulosilyticus,Rothia mucilaginosa_B,MGYG000004258,Salmonella enterica,Bacteroides sp900555635,SFFH01 sp900542445,Collinsella sp900556205,Alterileibacterium massiliense,UBA7173 sp900552325,UMGS1384 sp900551265,MGYG000004660
rep098_seed2123	Megasphaera stantonii,Holdemanella sp002299315,Ruminococcus_B sp900544395,Ruminococcus_C sp900765125,Longibaculum sp900538465,F082 sp002633315,UBA1691 sp900544375,SFDB01 sp004558825,MGYG000004787,Parolsenella sp900552935,Fenollaria massiliensis,MGYG000003969,CAG-269 sp900753165
rep099_seed2124	MGYG000001914,UMGS1865 sp900768535,CAG-617 sp000431275,MGYG000003005,MGYG000000592,Blautia sp900543715,UBA7173 sp900540205,CAG-485 sp900766975,Parabacteroides goldsteinii,RF16 sp900766775,Collinsella sp900751755,HGM10836 sp900772095,UBA5446 sp900544765
rep100_seed2125	Pauljensenia sp000278725,Dorea_B phocaeensis,Rothia mucilaginosa_B,Anaerotignum lactatifermentans,Pradoshia sp001183965,Eubacterium_R sp900547915,MGYG000001832,Alistipes_A sp900545315,Collinsella sp900551015,Plesiomonas shigelloides,Sutterella sp900762445,UMGS966 sp900761965,MGYG000004656
rep101_seed2126	MGYG000002826,MGYG000004219,MGYG000004325,Fusobacterium massiliense,NK3B98 sp900752305,Anaerostipes hadrus,Lachnoclostridium_A edouardi,MGYG000003855,Mailhella sp900555975,Prevotella sp900553465,Rothia aeria,Anaerotruncus massiliensis,Prevotella sp000436695
rep102_seed2127	MGYG000004742,Acetatifactor sp900066365,MGYG000004800,MGYG000004364,Prevotella sp900313215,MGYG000002604,AM51-8 sp900546435,Streptococcus thermophilus,MGYG000002130,QALS01 sp900552625,CAG-145 sp900545135,MGYG000001996,MGYG000002035
rep103_seed2128	Bacteroides ovatus,RC9 sp900545245,MGYG000000650,MGYG000002714,Anaerobutyricum hallii,Prevotella sp900548535,Eisenbergiella sp900066775,Pauljensenia sp900556405,Serratia surfactantfaciens,Collinsella aerofaciens_G,Gemella morbillorum,Mediterraneibacter sp900555215,MGYG000000587
rep104_seed2129	MGYG000003270,Collinsella sp003462685,RC9 sp900546395,CAG-83 sp900549395,MGYG000002076,Blautia_A hydrogenotrophica,Prevotella salivae,MGYG000002037,Eubacterium_I sp900546495,UBA1777 sp900549485,Anaerostipes hadrus_A,Butyricimonas synergistica,Serratia ureilytica
rep105_seed2130	Prevotella sp002299635,Emergencia timonensis,Lactiplantibacillus plantarum,Collinsella sp900549715,Eubacterium_T sp900766045,F23-B02 sp004558025,Eubacterium_F sp000433735,Caecibacter massiliensis,Campylobacter_B hominis,CAG-81 sp900066785,Massilioclostridium methylpentosum,OM05-12 sp003438995,MGYG000002025
rep106_seed2131	Prevotellamassilia sp900539625,MGYG000002702,UBA3388 sp900545215,CAG-313 sp000433035,MGYG000000589,UBA5884 sp900551505,Anaerosacchariphilus sp900553635,Veillonella sp900757715,Faecalibacillus sp003480255,BX12 sp902363595,UBA1191 sp900545775,MGYG000000505,Eubacterium_G sp900550135
rep107_seed2132	MGYG000000735,Dysgonomonas sp900079735,MGYG000002068,Negativibacillus sp000435195,GCA-900066755 sp902363085,MGYG000004873,Collinsella sp900543605,Prevotella sp002299635,Oxalobacter formigenes_B,Ruminococcus sp002438605,Clostridium nigeriense,Parabacteroides faecis,Prevotella sp900548585
rep108_seed2133	RUG023 sp900315435,Robinsoniella sp900540475,HGM04593 sp900769465,Succinivibrio sp900548485,Collinsella sp900556515,UBA1777 sp900754515,UMGS1872 sp900555795,MGYG000004184,UMGS1865 sp900768535,Phascolarctobacterium_A sp900553055,Mediterraneibacter sp900761655,Bacteroides sp902362375,Prevotella hominis
rep109_seed2134	MGYG000004657,CAG-485 sp900766975,MGYG000000760,Gemmiger sp004555405,Enterocloster sp900541315,CAG-83 sp900552475,Terrisporobacter glycolicus_A,Catenibacterium sp900764565,MGYG000001935,Haemophilus_D parainfluenzae_L,MGYG000002769,Haemophilus sp002998595,Bacteroides sp902362375
rep110_seed2135	UMGS995 sp900769695,UBA10281 sp900767815,MGYG000004172,UBA5446 sp900544295,UMGS577 sp900543525,Acidaminococcus massiliensis,Haemophilus_A sputorum,Leuconostoc lactis,Ruminococcus_E sp900755995,CAG-145 sp900545135,Streptococcus salivarius,Senegalimassilia sp900550055,Citrobacter werkmanii
rep111_seed2136	Senegalimassilia faecalis,Parabacteroides timonensis,Eubacterium_R sp900540305,Prevotella sp900290275,Gemmiger sp900540595,Collinsella sp900754525,Collinsella sp900545555,Collinsella sp900546115,UBA1777 sp900754515,MGYG000004634,CAG-83 sp900552475,Paraeggerthella hongkongensis_A,Niameybacter sp900549765
rep112_seed2137	Ruminococcus_C sp000437255,MGYG000003969,MGYG000004148,Blautia_A sp900551465,CAG-485 sp900541835,MGYG000004135,UMGS1370 sp900542035,Lacrimispora sp902363835,Duncaniella sp900762315,Collinsella sp900540855,Prevotella jejuni,Collinsella sp900555355,Lactobacillus amylovorus
rep113_seed2138	Bacteroides_F pectinophilus,MGYG000004894,Enterobacter chengduensis,UBA1777 sp900549865,CAG-56 sp900539525,UBA1181 sp900769555,MGYG000001735,MGYG000002209,An172 sp002160515,Faecalimonas sp900546325,MGYG000000481,Phocaeicola sp000434735,MGYG000002223
rep114_seed2139	Collinsella sp900547345,Bacteroides congonensis,Anaerococcus rubeinfantis,UBA1409 sp002338885,Olsenella_E timonensis,UBA11524 sp900769075,Barnesiella sp900538555,UMGS902 sp900761025,Mailhella sp900555975,RUG806 sp900313475,Lactococcus garvieae,Agathobacter rectalis,MGYG000004711
rep115_seed2140	Prevotella sp002350355,Catenibacterium sp900540685,UMGS1668 sp900553955,Mediterraneibacter massiliensis,BX12 sp014333425,Aggregatibacter segnis,CAG-83 sp900547745,Yersinia intermedia,MGYG000001841,Marseille-P3106 sp900543935,Fusobacterium_A sp900764925,MGYG000002675,TM7x sp900557595
rep116_seed2141	Hafnia paralvei,Collinsella sp900762345,MGYG000002176,Prevotella pectinovora,RUG12045 sp900770325,Phascolarctobacterium_A sp900551335,Holdemania filiformis,F23-B02 sp003533405,Anaerococcus sp900258475,Bifidobacterium italicum,Enterocloster sp900555045,Eisenbergiella massiliensis,UMGS1202 sp900549565
rep117_seed2142	Desulfovibrio fairfieldensis,MGYG000003863,Escherichia fergusonii,CAG-475 sp900763875,CAG-238 sp000435615,CAG-724 sp003524145,Collinsella sp900551195,MGYG000004180,MGYG000004427,MGYG000001743,Porphyromonas sp900546675,MGYG000004327,MGYG000004148
rep118_seed2143	Absicoccus sp000434355,Roseburia intestinalis,UMGS1370 sp900542035,Ruminococcus_E bromii_A,Granulicatella sp001058355,CAG-590 sp900552885,HGM11372 sp900767715,MGYG000004305,MGYG000003826,Agathobaculum sp900555465,Extibacter sp001185345,Ruminococcus_C sp900770195,MGYG000004655
rep119_seed2144	MGYG000004228,MGYG000000547,Faecalimonas sp900551895,CAG-776 sp900758895,Mediterraneibacter sp900541505,UBA738 sp900763675,Christensenella sp001678845,Dysosmobacter sp900556925,Cutibacterium acnes,Lactonifactor longoviformis,MGYG000004829,UMGS2016 sp900557185,Leptotrichia wadei
rep120_seed2145	MGYG000002604,MGYG000004522,Serratia liquefaciens,MGYG000003798,Butyricimonas virosa,Bifidobacterium pullorum,MGYG000002055,Streptococcus mitis_D,Agathobacter sp900552085,CAG-317 sp000433215,Eubacterium_R sp900539165,TF01-11 sp003529475,CAG-95 sp900553305
rep121_seed2146	Roseburia sp900756925,RUG806 sp900313475,MGYG000002052,Collinsella sp003466125,MGYG000002213,CAG-45 sp000438375,Butyrivibrio_A sp000431815,Coprococcus_A catus,Collinsella sp900545605,MGYG000003768,Gemmiger sp900540775,CAG-314 sp900551395,Anaerotignum lactatifermentans
rep122_seed2147	Holdemania sp900120005,Prevotella sp900556795,Sutterella wadsworthensis,Collinsella sp900547125,Agathobaculum sp900544475,MGYG000004522,MGYG000002901,QAKD01 sp003343965,MGYG000002745,UMGS1611 sp900553435,Collinsella sp900544425,UBA3388 sp900546465,CAG-510 sp000434615
rep123_seed2148	Lawsonibacter sp900766145,Faecalibacterium sp900539945,Faecalimonas sp900555395,Fusobacterium_A sp900555845,Bacteroides clarus,MGYG000004817,Bacteroides fragilis_A,Faecalibacterium sp900540455,MGYG000001580,NK3B98 sp900752305,Marseille-P4683 sp900232885,Rothia sp902373285,MGYG000001679
rep124_seed2149	MGYG000004621,UBA10281 sp900767815,Collinsella sp900549245,MGYG000004553,Prevotella sp900767615,Anaerostipes sp900066705,Dorea_A longicatena_B,V9D3004 sp900760345,UBA5905 sp002437905,Faecalibacterium sp900540455,MGYG000002077,Rothia aeria,Muribaculum sp003150235
rep125_seed2150	MGYG000000761,CAG-217 sp900547275,Eubacterium_R sp900539165,Bacteroides sp900553815,Collinsella sp003466125,Anaerotruncus massiliensis,UBA1820 sp003150615,Streptococcus infantarius,Gastranaerophilus phascolarctosicola,Paramuribaculum sp900759835,Prevotella sp000433175,Bacteroides pyogenes,MGYG000004575
rep126_seed2151	Coprococcus sp900548215,CAG-390 sp900753295,QALR01 sp900553085,MGYG000004714,UMGS911 sp900545935,MGYG000004075,MGYG000001840,Hydrogeniiclostridium sp900550095,Pseudoflavonifractor sp014287675,GCA-900066135 sp900543575,Pseudoruminococcus massiliensis,Mediterraneibacter sp900752395,MGYG000002255
rep127_seed2152	Phocaeicola sartorii,Acutalibacter sp900759575,MGYG000003644,Phascolarctobacterium_A sp900545025,MGYG000000632,Amulumruptor sp001689515,Collinsella sp900541195,Streptococcus oralis,MGYG000004714,TM7x sp900556355,Megasphaera sp902388315,Mediterraneibacter sp002314255,Agathobaculum sp900555465
rep128_seed2153	MGYG000001879,Bifidobacterium pullorum,Klebsiella_A michiganensis,Campylobacter_A concisus_E,UMGS1384 sp900551265,MGYG000004697,Blautia_A sp900547615,MGYG000004075,Streptococcus vestibularis,Merdibacter sp900543035,MGYG000003053,MGYG000002229,MGYG000002212
rep129_seed2154	MGYG000003977,MGYG000003839,Collinsella sp900757235,MGYG000004007,UBA5446 sp900752445,HGM11808 sp900757025,TF01-11 sp003149875,Collinsella sp900545075,CAG-83 sp900551995,Fusobacterium_A ulcerans,Prevotella sp900544495,Clostridium_P massiliamazoniense,Prevotella sp002251365
rep130_seed2155	Bacteroides sp002491635,RC9 sp900771005,MGYG000001994,UMGS1883 sp900763305,Gemmiger sp900545545,Enterobacter roggenkampii,Parabacteroides sp014287585,MGYG000002697,Chimaeribacter arupi,Parabacteroides bouchesdurhonensis,MGYG000001679,MGYG000000616,Gabonibacter massiliensis
rep131_seed2156	Lachnoclostridium sp900078195,MGYG000002068,UMGS403 sp900541975,UBA1777 sp900754515,Stomatobaculum sp002892395,Megamonas sp900556715,UBA9502 sp900538475,UBA1417 sp900549945,MGYG000002704,Lawsonibacter sp000177015,UMGS1472 sp900552095,Hungatella_A hathewayi_A,Enterobacter roggenkampii
rep132_seed2157	CAG-95 sp900066375,Collinsella sp900555955,Collinsella sp900545905,MGYG000001735,Enterococcus_B hirae,Prevotella sp900552965,Collinsella sp900544235,Bacteroides congonensis,MGYG000004697,Lachnospira sp003537285,CAG-56 sp900752065,MGYG000004782,Faecalibacterium sp900539945
rep133_seed2158	MGYG000001032,Schaedlerella glycyrrhizinilytica,Agathobaculum sp900557315,MGYG000002694,Haemophilus_A sputorum,MGYG000001958,MGYG000000592,UMGS1312 sp900550625,Faecalibacterium sp003449675,MGYG000003211,MGYG000001758,MGYG000004854,MGYG000004822
rep134_seed2159	Ruminiclostridium_E sp900768735,MGYG000003315,Gordonibacter sp003339845,Clostridium_A leptum,Dorea formicigenerans,MGYG000004560,CAG-1427 sp900548955,Bittarella massiliensis,Prevotella veroralis,Weissella cibaria,Prevotellamassilia sp900543155,MGYG000004647,CAAEEV01 sp900754955
rep135_seed2160	Collinsella sp900544725,Phocaeicola mediterraneensis,Ruminococcus_E sp003521625,MGYG000004503,CAG-485 sp900554345,Ruminococcus_A sp000432335,Porphyromonas uenonis_A,UBA1394 sp900554975,Parasutterella sp000980495,Borkfalkia ceftriaxoniphila,Lacticaseibacillus rhamnosus,Alistipes sp900550925,MGYG000004247
rep136_seed2161	Megasphaera sp001546855,UMGS1477 sp900553845,MGYG000004527,Collinsella bouchesdurhonensis,Fusobacterium periodonticum_D,MGYG000002743,Holdemanella sp003436425,Collinsella sp900552995,MGYG000003948,UMGS1781 sp900553695,Paraclostridium sordellii,Collinsella sp900541785,NK3B98 sp900752305
rep137_seed2162	MGYG000001735,Pantoea ananatis,MGYG000003136,CAG-45 sp000438375,CAG-110 sp900544945,NSJ-32 sp014384895,UBA4871 sp900554535,Faecalibacterium prausnitzii_M,Ruminococcus_E sp003526955,Evtepia sp004554585,MGYG000003256,HGM10836 sp900772095,MGYG000004765
rep138_seed2163	Dysgonomonas gadei,Kosakonia cowanii,MGYG000003895,MGYG000001805,Bariatricus comes,Collinsella sp900555765,Hafnia paralvei,MGYG000000662,MGYG000004235,MGYG000000763,MGYG000004462,Phocaeicola sp900552075,Collinsella sp900556415
rep139_seed2164	UBA9475 sp900549885,Prevotella sp900557405,Allisonella histaminiformans,HGM11525 sp900770405,Catenibacillus sp902363555,Emergencia sp900066695,UBA7597 sp900542935,MGYG000001572,Enterobacter bugandensis,F0040 sp000318095,Ruminococcus_C sp000433635,Collinsella sp900550815,Prevotella rara
rep140_seed2165	Ruminococcus_C callidus,MGYG000004428,UBA4372 sp900543815,Alistipes_A sp900240235,MGYG000003898,Fusobacterium nucleatum_E,Neobacillus rubiinfantis,Pauljensenia sp900554605,MGYG000000433,Ruminococcus_C sp000437255,CAG-312 sp002405555,MGYG000004704,MGYG000000736
rep141_seed2166	MGYG000004718,MGYG000004829,UBA1740 sp900767415,MGYG000001880,Latilactobacillus curvatus,MGYG000000656,Lactobacillus gallinarum,MGYG000002092,Neisseria elongata,F0422 sp003999875,Terrisporobacter sp900557165,UBA5905 sp004558485,UBA5905 sp900549155
rep142_seed2167	MGYG000004820,Bacteroides sp900555635,Rothia mucilaginosa_B,Faecalibacterium prausnitzii_M,MGYG000004863,Lactococcus garvieae,MGYG000000361,Streptococcus infantarius,Dysosmobacter sp900551885,Lactobacillus gallinarum,Bacteroides fluxus,Butyricimonas virosa,Streptococcus constellatus
rep143_seed2168	UMGS1810 sp900555295,Dysosmobacter sp900546705,CAG-762 sp900551315,Klebsiella variicola,Coprobacter fastidiosus,Providencia rettgeri_D,Anaeroglobus massiliensis,Ruminococcus_C callidus,Serratia marcescens_I,Gemmiger sp900539695,Prevotella oris,CAG-110 sp000434635,Ligilactobacillus sp900765635
rep144_seed2169	Acidaminococcus fermentans,Akkermansia sp001580195,MGYG000003305,Ruminococcus sp900752785,Prevotella sp002350355,Mailhella sp003150275,Collinsella sp900752475,Enterocloster sp900541315,An172 sp002160515,Parabacteroides sp900770835,Porphyromonas asaccharolytica,Caproiciproducens sp000752215,Bacteroides eggerthii
rep145_seed2170	MGYG000003938,Bacteroides oleiciplenus,UMGS905 sp900540085,MGYG000002730,Bacteroides eggerthii,Collinsella sp900756725,Granulicatella sp001058355,Agathobacter sp900552085,MGYG000002726,Collinsella sp900550205,MGYG000000640,Enterococcus_B faecium,CAG-492 sp000434335
rep146_seed2171	MGYG000004647,AM51-8 sp900546435,Limosilactobacillus antri,UBA3388 sp900545215,UMGS1865 sp900547725,CAG-127 sp900766925,MGYG000004188,Clostridium_J sp000821305,MGYG000000674,MGYG000001020,MGYG000002692,Beduini sp900550005,CAG-115 sp002492075
rep147_seed2172	Collinsella sp900541045,1XD42-69 sp014287635,CAG-81 sp900066535,MGYG000003863,Lawsonibacter sp900550705,Clostridium_AQ sp000165065,Enterocloster sp900551225,Neisseria subflava_C,TF01-11 sp003524945,Megasphaera sp900539295,Bulleidia moorei,MGYG000002064,Companilactobacillus farciminis
rep148_seed2173	MGYG000003578,MGYG000002207,Lachnospira sp900551945,UBA5446 sp900544765,Limosilactobacillus reuteri_E,Prevotella sp900557405,Mesosutterella massiliensis,Enterocloster clostridioformis_A,Bacteroides sp900766195,Providencia rettgeri,Citrobacter_A farmeri,UMGS1071 sp900548305,AM51-8 sp900546435
rep149_seed2174	UBA7102 sp900760085,MGYG000000576,Phocaeicola sp000432735,Phocaeicola sp900546645,Haemophilus sp002998595,Blautia sp900753905,Veillonella sp900538355,GCA-900066135 sp900543575,MGYG000003304,Alistipes_A ihumii,MGYG000000608,V9D3004 sp002349525,Massilimaliae timonensis
rep150_seed2175	Pseudescherichia sp002298805,MGYG000002148,CAG-238 sp000435615,Ruminococcus_G gauvreauii,UBA7173 sp001701135,Prevotella sp900770845,Dysosmobacter sp900544105,UMGS1251 sp900549995,Prevotella sp000434975,Blautia sp900541955,MGYG000003297,Collinsella sp003439125,MGYG000004029
rep151_seed2176	CAG-115 sp003531585,MGYG000004775,Megamonas sp900554895,MGYG000004836,UMGS2055 sp900557635,Prevotella sp900317685,CAG-873 sp001701165,MGYG000004428,MGYG000000674,MGYG000004123,Ruminococcus sp900761275,UMGS1071 sp900542375,Megasphaera sp900539295
rep152_seed2177	Actinomyces graevenitzii,Veillonella sp009929605,Faecalibacillus sp900544435,Megamonas sp900554895,Blautia_A sp900066505,Marvinbryantia formatexigens,Extibacter muris,Collinsella sp900554655,PeH17 sp000435055,UBA1711 sp900771365,UMGS1851 sp900555605,MGYG000003328,Clostridium_B sp902809985
rep153_seed2178	Senegalimassilia anaerobia,Alistipes putredinis,MGYG000004085,CAG-724 sp900551005,MGYG000002743,Collinsella sp900543845,UBA1191 sp900549125,Hydrogeniiclostridium mannosilyticum,Prevotella lascolaii,UBA11471 sp900547555,Collinsella sp900545835,Parabacteroides johnsonii,Evtepia gabavorous
rep154_seed2179	MGYG000000576,CAG-269 sp900554565,MGYG000004514,Paraprevotella clara,MGYG000002084,Collinsella sp900552705,MGYG000002221,UMGS995 sp900547465,CAG-269 sp001916035,MGYG000001833,UBA7173 sp900540205,Parabacteroides bouchesdurhonensis,Anaerosacchariphilus sp002160765
rep155_seed2180	UMGS902 sp900761025,Parabacteroides sp900549585,CAG-83 sp000435975,UMGS882 sp900757905,Porphyromonas gingivalis,MGYG000000342,MGYG000001839,UBA7173 sp900540205,Veillonella sp900556785,Phascolarctobacterium_A sp900552855,Extibacter sp001185345,Prevotella sp900552675,MGYG000002170
rep156_seed2181	Blautia_A massiliensis,UMGS403 sp900540865,Eubacterium_G sp000435815,MGYG000000694,CAG-95 sp000438155,Dysgonomonas gadei,MGYG000001844,Bacteroides neonati,Zag1 sp000433095,UMGS1241 sp900540495,Blautia coccoides,Prevotellamassilia sp900543155,CAG-110 sp900544975
rep157_seed2182	MGYG000004428,MGYG000002148,MGYG000000728,UBA3388 sp900545215,MGYG000000674,MGYG000001837,CAG-196 sp002102975,MGYG000004852,UMGS902 sp900546635,CAG-279 sp900544305,Collinsella sp900550835,RUG023 sp900315435,Veillonella sp900765235
rep158_seed2183	Pauljensenia sp902373435,Streptococcus parasanguinis,CAG-83 sp001916855,MGYG000000626,CAG-115 sp003507295,UMGS1839 sp900555545,Streptococcus koreensis,Prevotella sp000436915,UMGS1322 sp900550765,MGYG000001685,Bifidobacterium scardovii,MGYG000003021,Collinsella sp900550205
rep159_seed2184	CAG-115 sp003531585,Clostridium_Q sp003024715,MGYG000004774,Eubacterium callanderi,Enterobacter chengduensis,MGYG000000616,AM51-8 sp003478275,Parabacteroides chinchillae,Collinsella sp900551655,UBA5446 sp900544765,Rikenella microfusus,UBA1829 sp900760615,Campylobacter_A concisus
rep160_seed2185	Lachnoanaerobaculum orale,Peptoniphilus_A phoceensis,Alistipes sp900290115,MGYG000003788,MGYG000003296,MGYG000001825,Acetivibrio_A ethanolgignens,MGYG000004753,HGM11514 sp900757255,Ruminococcus_E sp003521625,MGYG000002076,MGYG000002075,Eubacterium_M sp900540015
rep161_seed2186	Bifidobacterium globosum,MGYG000004247,Collinsella sp900556515,Alistipes finegoldii,MGYG000002148,MGYG000002753,Enterococcus faecalis,F23-B02 sp900772725,Dialister invisus,Eubacterium_G ventriosum,MGYG000003882,Fusobacterium vincentii,Parabacteroides chinchillae
rep162_seed2187	Dorea_A longicatena_B,Marvinbryantia sp900544685,MGYG000004597,Prevotella sp900771975,MGYG000004305,UBA9502 sp003481825,Rahnella variigena,MGYG000004811,Clostridium saudiense,Alloscardovia omnicolens,Lactobacillus crispatus,Ellagibacter isourolithinifaciens,MGYG000000752
rep163_seed2188	Collinsella sp900554645,CAG-170 sp900553545,Yersinia massiliensis,Collinsella sp900540875,Streptococcus mitis,Bacteroides sp902388495,UMGS1004 sp900761685,F0422 sp003999875,CAG-279 sp900550025,Alistipes sp900761235,Prevotella rara,RQCD01 sp008668455,AM51-8 sp900761925
rep164_seed2189	Muribaculum sp002358615,Firm-11 sp900550955,MGYG000001020,CAG-485 sp900554845,Weizmannia coagulans,Roseburia hominis,Mailhella sp900553065,Bacteroides togonis,MGYG000002115,MGYG000000735,Phocaeicola sp900066455,RUG12045 sp900770325,Coprobacillus cateniformis
rep165_seed2190	MGYG000001284,UBA1409 sp900760125,UBA7597 sp900542935,UMGS692 sp900544545,Veillonella sp900549845,Faecalibacillus sp003480255,Fenollaria massiliensis,Prevotellamassilia sp004557035,MGYG000003867,UMGS929 sp900546875,Porphyromonas sp900546675,MGYG000003067,Schaedlerella sp900066545
rep166_seed2191	Merdimonas sp900553355,Eubacterium_M sp900540015,MGYG000000876,UBA1232 sp900544815,Olsenella_B sp000752675,Bifidobacterium catenulatum,Massilioclostridium coli,Ralstonia pickettii,MGYG000000709,Prevotella sp900548535,UBA7182 sp003480725,CAG-110 sp900549705,RC9 sp001915575
rep167_seed2192	Collinsella sp900549345,TM7x sp900555885,UMGS1241 sp900540495,MGYG000004107,Christensenella sp001678845,MGYG000003071,CAG-273 sp003534295,MGYG000004061,Ruminococcus sp002438605,UMGS1474 sp900547105,Anaerococcus lactolyticus,MGYG000004822,Massilistercora timonensis
rep168_seed2193	Collinsella sp900757495,CAG-485 sp900760815,Faecalibacterium prausnitzii_C,UBA10677 sp003533505,GCA-900066905 sp900066905,CAG-762 sp900551315,MGYG000004002,CAG-145 sp900542565,ER4 sp900550165,MGYG000004841,Clostridium sp900543325,Enterocloster asparagiformis,Bacteroides uniformis
rep169_seed2194	UMGS1202 sp900549565,MGYG000004377,Ruminococcus_E sp002493635,CAG-485 sp002491165,Eubacterium_F sp000434115,Porphyromonas sp900538385,MGYG000004519,Blautia_A sp000436615,MGYG000004634,Agathobaculum sp900557315,Bacteroides cutis,MGYG000004660,UMGS902 sp900546635
rep170_seed2195	UBA1191 sp900543485,Alistipes sp900549305,Ruminiclostridium_E sp003512525,CAG-390 sp900753295,CAG-269 sp900555615,UMGS1532 sp900552605,MGYG000004436,QALR01 sp900553085,MGYG000002901,UMGS1864 sp900555835,MGYG000004127,Salmonella enterica,Desulfovibrio desulfuricans
rep171_seed2196	UBA5416 sp900539175,MGYG000003822,MGYG000002150,Veillonella sp003463825,Rothia mucilaginosa,Clostridium_F botulinum_A,HGM12814 sp900770165,Collinsella sp900547345,MGYG000004750,F23-B02 sp900545805,Collinsella sp900544135,Megasphaera sp000417505,Pediococcus acidilactici
rep172_seed2197	MGYG000004607,Faecalimonas sp900551895,Collinsella sp900541475,Olsenella_E sp003609875,UMGS1224 sp900549775,MGYG000000746,Blautia_A luti,Prevotella sp000436915,Dysgonomonas sp900079735,UBA11471 sp000434215,Butyrivibrio_A sp000431815,MGYG000004172,Bacteroides stercoris
rep173_seed2198	UBA11774 sp003507655,Succinivibrio sp900548485,Chimaeribacter coloradensis,Yersinia bercovieri,UMGS1994 sp900553945,Dorea formicigenerans,MGYG000000585,MGYG000004180,MGYG000004305,Prevotella sp900553595,Collinsella sp900555355,Coprococcus sp900548215,Butyricimonas sp900761485
rep174_seed2199	MGYG000004049,Faecalibacillus intestinalis,CAG-451 sp900760545,Monoglobus pectinilyticus,MGYG000004305,Neisseria macacae,Campylobacter_A concisus_G,MGYG000004310,MGYG000004118,Bacteroides ovatus,Anaerostipes hadrus_A,MGYG000002705,Prevotella sp900552675
rep175_seed2200	CAG-762 sp900551315,MGYG000001859,Blautia_A faecis,Holdemanella sp003436425,Enterobacter cloacae,Mediterraneibacter sp900553885,CAG-485 sp900555915,RC9 sp900769145,UMGS911 sp900546695,CAG-110 sp900762935,UBA5905 sp002437905,MGYG000000724,Streptococcus sp902363395
rep176_seed2201	BX12 sp014333425,Tidjanibacter inops_A,Blautia sp900539145,Haemophilus_D parainfluenzae_N,MGYG000004042,Agathobaculum sp900291975,Prevotella sp900546535,Gemella sanguinis,Dysosmobacter sp900551885,CAG-238 sp900551415,UBA7748 sp900314535,UBA5884 sp900551505,Blautia_A massiliensis
rep177_seed2202	CAG-882 sp000435595,Faecalimonas sp900546325,Blautia sp000432195,CAG-269 sp001916055,UMGS1603 sp900553265,MGYG000002921,CAG-492 sp000434335,MGYG000004154,Bifidobacterium sp002742445,Pauljensenia sp000308055,Angelakisella sp004557855,MGYG000004449,Phytobacter massiliensis
rep178_seed2203	MGYG000002092,Campylobacter_B sp900539505,UMGS1864 sp900555835,MGYG000004367,Mailhella sp900541395,Roseburia sp003483745,MGYG000003955,HGM11368 sp900772745,MGYG000001840,Collinsella sp900762015,Anaerostipes hadrus,Lawsonibacter asaccharolyticus,Bacteroides sp900556215
rep179_seed2204	Collinsella sp900762015,Streptococcus pasteurianus,Eubacterium_I ramulus_A,Lancefieldella sp000564995,CAG-317 sp000433535,Eubacterium_R sp003526845,Acidaminococcus provencensis,SFDP01 sp900770785,Bacteroides faecis,Fusobacterium_B sp900545035,UBA3818 sp900557155,MGYG000004702,CAG-180 sp000432435
rep180_seed2205	Dysosmobacter sp900544105,UMGS1293 sp900550385,UBA1191 sp900066305,MGYG000004634,MGYG000004655,CAG-354 sp900759015,Zag1 sp900769355,MGYG000004421,UBA6398 sp900555645,Phocaeicola sp000436795,Azonexus sp900549295,Blautia sp900765525,MGYG000002068
rep181_seed2206	Collinsella sp900546825,MGYG000001683,Streptococcus salivarius,QALS01 sp900552625,RC9 sp900769145,Citrobacter_A sedlakii,Dysosmobacter sp004553545,Turicimonas sp900542195,Faecalibacterium prausnitzii,MGYG000002753,UBA5905 sp900764115,Weizmannia coagulans,UMGS1224 sp900549775
rep182_seed2207	MGYG000001958,MGYG000003434,UBA1777 sp900549865,CAG-485 sp900767075,UBA11471 sp000434215,MGYG000002683,UBA738 sp004557735,UMGS902 sp900546635,UMGS1491 sp900757335,MGYG000003913,CAAEEV01 sp900754955,Alistipes sp902388705,Lawsonibacter sp900766145
rep183_seed2208	MGYG000001979,UMGS1889 sp900556055,Phocaeicola sp000432735,HGM13010 sp900754965,Collinsella sp003436275,Blautia_A sp003474435,Phoenicibacter congonensis,Muribaculum sp003150235,MGYG000002642,HGM11372 sp900767715,Finegoldia magna,UMGS403 sp900540865,MGYG000004408
rep184_seed2209	MGYG000001915,Prevotella multisaccharivorax,Dysosmobacter sp900763685,Longicatena caecimuris,MGYG000002210,Mixta calida,Ruminococcus_D bicirculans,UMGS403 sp900541565,Lachnospira sp900316325,MGYG000002209,UMGS1696 sp900554225,Alistipes senegalensis,Paenibacillus_A sp900069005
rep185_seed2210	UBA3388 sp900545215,RUG14107 sp900772685,Prevotella sp900554695,UBA1409 sp900760125,MGYG000000300,Fusicatenibacter saccharivorans,Gemmiger sp004555405,MGYG000002068,CAG-269 sp900552555,MGYG000000355,Collinsella sp900544425,Megasphaera sp900540735,HGM04593 sp900769765
rep186_seed2211	CAG-349 sp003539515,MGYG000002614,Dialister sp002320515,Alistipes sp900546065,HGM11514 sp900757255,Proteus mirabilis,UBA9502 sp900540335,MGYG000000625,Desulfovibrio sp900540515,Dialister hominis,Peptococcus niger,MGYG000003798,Lacrimispora sp902363735
rep187_seed2212	CAG-83 sp900556015,MGYG000001735,MGYG000003938,Bifidobacterium breve,HGM11523 sp900756545,CAG-177 sp003514385,MGYG000004112,Butyricimonas sp900759925,Intestinibacter bartlettii,Collinsella sp900549245,Porphyromonas sp900548415,CAG-484 sp000431315,MGYG000002753
rep188_seed2213	MGYG000004093,UBA1417 sp003531055,Collinsella sp900555815,Collinsella sp900550815,Parabacteroides merdae,Terrisporobacter sp900557165,Muricomes oroticus,Blautia_A sp900066205,Megamonas funiformis,Enterocloster sp005845215,Collinsella aerofaciens_A,Parvimonas sp001553085,Evtepia sp900546255
rep189_seed2214	Ruminococcus sp900761275,MGYG000000547,An92 sp900199495,Anaerobutyricum sp002161065,UMGS1441 sp900543365,Zag1 sp900769645,Acetatifactor sp900755865,MGYG000002626,CAG-303 sp900539455,Eubacterium_T sp900766045,Anaerotruncus rubiinfantis,Collinsella sp900541025,CAG-353 sp900768995
rep190_seed2215	Agathobacter sp900549895,Acetatifactor sp900066565,UMGS1397 sp900761355,Collinsella sp900541055,MGYG000001859,MGYG000003719,UMGS1901 sp900553755,Odoribacter laneus,MGYG000004393,UBA9475 sp900549885,UBA4871 sp900554535,Stoquefichus massiliensis,UMGS1600 sp900553315
rep191_seed2216	Eubacterium_R coprostanoligenes,Limosilactobacillus timonensis,Odoribacter sp900544025,Butyricimonas paravirosa,MGYG000004154,Catenibacterium sp900764565,Acetatifactor sp003447295,MGYG000000342,CAG-110 sp900556935,MGYG000004171,CAG-279 sp900544305,Faecalibacillus intestinalis,MGYG000000383
rep192_seed2217	Collinsella sp002391315,Pantoea anthophila,Anaerocolumna aminovalerica,Prevotellamassilia sp900541335,Dysosmobacter sp900551885,MGYG000004845,MGYG000000400,MGYG000002112,Collinsella sp900544095,UMGS1370 sp900542035,MGYG000003995,MGYG000002073,UBA5446 sp900759385
rep193_seed2218	Phocaeicola massiliensis,Victivallis sp002998355,MGYG000004803,CAG-313 sp000433035,MGYG000000739,Fusobacterium vincentii,MGYG000004100,CAG-110 sp900548795,Alloprevotella tannerae,HGM13006 sp900757695,MGYG000001873,UMGS911 sp003343545,UMGS882 sp900757905
rep194_seed2219	Pradoshia sp001183965,Fusobacterium_A sp900555845,Angelakisella sp900547385,Collinsella sp900556285,Pseudoflavonifractor capillosus,Cronobacter malonaticus,MGYG000003067,Senegalimassilia anaerobia,MGYG000003895,Proteus sp003144505,MGYG000004224,MGYG000003813,MGYG000004891
rep195_seed2220	Veillonella sp900765235,CAG-83 sp000435975,CAG-831 sp900771335,MGYG000000637,CAG-269 sp900754285,Alistipes sp900768045,CAG-269 sp900553985,Pseudobutyrivibrio fibrisolvens_A,CAG-510 sp000434615,Collinsella aerofaciens_A,Neobacillus rubiinfantis,Prevotella sp900550035,CAG-83 sp000431575
rep196_seed2221	Prevotella sp900545525,Prevotella sp002299275,Blautia_A sp900066335,Collinsella sp900549215,Collinsella sp900555555,CAG-485 sp900766975,MGYG000002628,Collinsella sp900548515,Proteus penneri,MGYG000004808,MGYG000004197,Phascolarctobacterium_A sp900552855,HGM12998 sp900756495
rep197_seed2222	MGYG000002785,MGYG000004881,MGYG000002005,MGYG000001826,CAG-831 sp900771335,Prevotella lascolaii,Prevotella rara,UBA9475 sp900554075,NSJ-38 sp902363445,MGYG000004873,MGYG000001568,CAG-303 sp000437755,UMGS1375 sp900066615
rep198_seed2223	Mediterraneibacter_A butyricigenes,Gabonibacter massiliensis,MGYG000003644,CAG-115 sp003516865,CAG-488 sp900539465,MGYG000004495,Prevotella hominis,Streptococcus pseudopneumoniae_O,MGYG000001588,MGYG000003784,CAG-462 sp003489705,Lancefieldella sp900555335,Phocaeicola sp900552075
rep199_seed2224	Ralstonia pickettii,Eisenbergiella sp900066775,MGYG000003305,Ruminococcus_A faecicola,MGYG000004174,Pantoea ananatis,MGYG000004312,CAG-485 sp002491165,CAG-110 sp900554705,Eubacterium_I sp900546495,Duncaniella sp900544535,Massilimaliae sp900752435,MGYG000002203
rep200_seed2225	MGYG000001568,Proteus sp001722135,Massilioclostridium coli,CAG-81 sp000435795,UMGS1872 sp902373635,HGM12650 sp900761725,HGM13233 sp900762805,Collinsella sp900762345,MGYG000004029,Collinsella sp900548365,MGYG000000505,Faecalibacillus intestinalis,MGYG000001581
rep201_seed2226	Collinsella sp900544875,CAG-83 sp000435975,Anaerococcus rubeinfantis,Yersinia kristensenii_B,UBA7160 sp902363135,MGYG000001833,Acetatifactor sp003447295,Enterobacter bugandensis,Collinsella sp900755685,CAG-81 sp900556965,HGM04593 sp900769465,Campylobacter_A concisus_B,UMGS1532 sp900552605
rep202_seed2227	Proteus mirabilis,Anaerobutyricum sp900754855,Enterobacter asburiae_B,Faecalibacterium prausnitzii_I,Collinsella sp900554155,Phocaeicola coprophilus,UBA1777 sp900547315,UBA1691 sp900552985,ER4 sp000765235,MGYG000000674,Blautia sp000432195,Pantoea conspicua,MGYG000002089
rep203_seed2228	UMGS1889 sp900556055,MGYG000002714,Lachnospira sp900772425,HGM13006 sp900756575,Paraeggerthella hongkongensis_A,MGYG000000576,CAG-964 sp000435335,CAG-110 sp900549705,Schaedlerella sp900765975,Duncaniella sp900549445,CAG-83 sp900547745,Bacteroides sp900766005,MGYG000004306
rep204_seed2229	Prevotella sp900549175,UMGS902 sp900546635,UBA7173 sp900759895,MGYG000000635,Enterocloster sp005845215,MGYG000000597,Bacteroides fragilis,Pauljensenia sp001064145,MGYG000002901,MGYG000004611,Sporanaerobacter acetigenes,Collinsella sp900553215,CAG-103 sp900543625
rep205_seed2230	MGYG000002717,MGYG000003788,Fusobacterium_B sp900541465,F23-B02 sp002472405,UBA644 sp900547165,MGYG000002743,Prevotellamassilia sp900543155,UBA1829 sp900760615,Collinsella sp900546455,UBA9475 sp900549885,Agathobacter sp900550545,Christensenella minuta,MGYG000003045
rep206_seed2231	Marvinbryantia sp900066075,CAG-269 sp900762425,Clostridium_Q saccharolyticum_A,Gabonibacter massiliensis,Holdemania filiformis,Oribacterium sp900770445,MGYG000004598,MGYG000004206,CAG-353 sp900768995,UMGS1781 sp900554635,UMGS1826 sp900555435,Acinetobacter johnsonii,MGYG000003855
rep207_seed2232	MGYG000004107,UMGS1603 sp900759005,Succinatimonas hippei,Prevotellamassilia sp900539625,Proteus sp001722135,Prevotella sp900547005,Hydrogeniiclostridium sp900550095,CAG-95 sp000436115,MGYG000003211,Bacteroides faecis,MGYG000004325,Enterocloster clostridioformis_A,Collinsella sp900541015
rep208_seed2233	Olsenella sp900555995,Collinsella sp900545555,Enterocloster sp005845215,UBA7160 sp902363665,CAG-269 sp900556345,MGYG000001805,MGYG000000576,CAG-312 sp002405555,Campylobacter_A concisus_W,MGYG000003315,MGYG000002249,Veillonella sp900552445,Merdimonas sp900553355
rep209_seed2234	UMGS1472 sp900552095,MGYG000002069,Ruthenibacterium sp900759375,Faecalibacillus intestinalis,Collinsella sp900555585,MGYG000002758,Enterocloster lavalensis,MGYG000001958,MGYG000004822,CAG-312 sp002405555,Hydrogeniiclostridium mannosilyticum,Porphyromonas sp900538385,MGYG000003850
rep210_seed2235	MGYG000002719,Collinsella sp900542325,Zag1 sp900769355,Collinsella sp900556445,Actinomyces sp900323545,MGYG000004139,Acinetobacter johnsonii,Prevotella sp900546535,UMGS1600 sp900553315,UMGS1484 sp900552285,Intestinibacter bartlettii,MGYG000001679,UMGS1668 sp900768105
rep211_seed2236	CAG-1427 sp900548955,Collinsella sp900556445,MGYG000003324,MGYG000001112,MGYG000004325,MGYG000000361,MGYG000001868,MGYG000004693,MGYG000000411,Clostridium_B tyrobutyricum,RC9 sp900769145,MGYG000004791,Acetatifactor sp900766575
rep212_seed2237	MGYG000004854,CAG-303 sp900539455,Prevotella sp900769275,Phascolarctobacterium_A sp900551335,Fusobacterium massiliense,UBA1777 sp003150355,Clostridium_AQ sp003481775,Bacteroides salyersiae,UBA5905 sp004558485,Fusobacterium_B sp900541465,Massiliomicrobiota sp002160865,MGYG000000674,UMGS1668 sp900768105
rep213_seed2238	Bifidobacterium ruminantium,Fusobacterium_A sp900015295,Desulfovibrio desulfuricans,Hydrogeniiclostridium sp900550095,MGYG000003938,UMGS1690 sp900554165,Eubacterium_R sp900555015,Collinsella sp900540855,Campylobacter_B hominis,Collinsella sp900555765,Phocaeicola sartorii,Faecalibacterium prausnitzii_F,MGYG000000709
rep214_seed2239	UBA3402 sp003478355,Peptoniphilus_C sp902363535,UMGS856 sp900546265,MGYG000004233,Collinsella sp900541475,UBA737 sp900549755,MGYG000003211,MGYG000003887,Collinsella sp902362275,Phascolarctobacterium_A sp900552855,Collinsella sp900541685,MGYG000004180,Coprococcus sp000433075
rep215_seed2240	Senegalimassilia sp900550055,CAG-1427 sp900546175,Duncaniella sp900549445,UBA5446 sp900546485,Bittarella massiliensis,MGYG000002075,MGYG000004166,Collinsella sp900552995,MGYG000004029,CAG-110 sp900763965,CAG-492 sp000434335,CAG-831 sp900544175,CAG-103 sp900317855
rep216_seed2241	Dysosmobacter sp000436875,Phocaeicola coprocola,UBA1822 sp900545365,MGYG000003015,Hafnia alvei,NK3B98 sp900752305,MGYG000002685,Peptostreptococcus russellii_A,Ellagibacter sp900554945,Anaerococcus jeddahensis,Serratia marcescens_I,QANA01 sp003149735,CAG-776 sp900758895
rep217_seed2242	MGYG000000474,Vibrio cholerae,Collinsella sp900544725,MGYG000004187,Eubacterium callanderi,UMGS268 sp900540175,Dysosmobacter sp900763685,GCA-900066495 sp902362365,Faecalimonas sp000209385,CAG-1031 sp000431215,Dysosmobacter sp001916835,Ruminococcus_A faecicola,Haemophilus_A parahaemolyticus
rep218_seed2243	MGYG000004901,Mailhella sp003150275,Collinsella sp003458415,Collinsella aerofaciens_G,Fusobacterium_A varium_A,Enterocloster aldenensis,Prevotella sp900555035,CAG-273 sp900752095,Neisseria elongata,Bacillus_J andreraoultii,CAG-485 sp002491165,Prevotellamassilia sp900541575,Lactobacillus gasseri
rep219_seed2244	Prevotella nigrescens,Evtepia sp004554585,Phocaeicola sp900066455,MGYG000003206,Campylobacter_A concisus_G,Clostridium_F botulinum_A,MGYG000000688,CAG-269 sp900553985,Collinsella sp900555555,Alistipes sp900550375,Gemmiger sp900556255,Anaerococcus vaginalis_B,Blautia sp900556555
rep220_seed2245	UMGS1864 sp900555835,Methanobrevibacter_A smithii,Neobacillus rubiinfantis,Anaerococcus sp900258475,MGYG000004886,CAG-110 sp900546915,Haemophilus_D sp900756155,MGYG000000440,Collinsella aerofaciens_E,UBA6398 sp900550635,Phytobacter massiliensis,Porphyromonas sp900538385,CAG-1427 sp900538545
rep221_seed2246	MGYG000001032,Enterocloster sp000155435,Phocaeicola sp900553185,Acidaminococcus sp900770265,UBA1234 sp900765095,CAG-83 sp900552475,UBA7185 sp900556545,Streptococcus mitis_D,Ruminococcus_D sp900752625,MGYG000002207,Streptococcus koreensis,MGYG000003787,CAG-127 sp900766925
rep222_seed2247	Ruminococcus_A faecicola,Collinsella sp900541055,CAG-269 sp900556945,Massiliomicrobiota sp002160865,Odoribacter sp900548135,MGYG000002696,UBA1820 sp002314265,Blautia hominis,MGYG000004852,MGYG000001061,UMGS1783 sp900555065,CAG-882 sp900545455,Lawsonibacter sp900545895
rep223_seed2248	Collinsella sp900544725,UMGS1851 sp900555605,Alistipes sp902388705,MGYG000004093,Coprobacter fastidiosus,Roseburia hominis,UBA1206 sp000433115,Collinsella sp900541475,UMGS1872 sp900549475,MGYG000004387,Ruminococcus_A faecicola,MGYG000002148,Clostridium tertium
rep224_seed2249	Clostridium_Q sp003024715,MGYG000001844,Pantoea agglomerans,Collinsella sp900549345,Prevotellamassilia sp900768625,Mediterraneibacter sp002314255,CAG-590 sp000431135,MGYG000004219,MGYG000000821,MGYG000003941,Enterocloster sp900547035,Prevotella sp000431975,RUG115 sp900066395
rep225_seed2250	UMGS1253 sp900550065,1XD42-69 sp014287635,Butyricimonas sp900184685,MGYG000001850,MGYG000004002,Paraclostridium sordellii,CAG-882 sp900545175,Megasphaera sp001546855,Fusobacterium_A sp900549465,UMGS1202 sp900549565,Catenibacterium sp000437715,MGYG000004874,Collinsella sp900556445
rep226_seed2251	Eubacterium_R sp014465955,QAKD01 sp003343965,MGYG000003108,MGYG000003773,Pauljensenia sp000278725,UMGS1901 sp900553755,UMGS1202 sp900549565,Lactobacillus amylolyticus,Collinsella sp900553705,Dysosmobacter sp900551885,RC9 sp900769905,Fusobacterium vincentii,RC9 sp900771005
rep227_seed2252	CAG-272 sp900556615,Mediterraneibacter lactaris,TM7x sp900556355,Fusobacterium_A sp900015295,Prevotella sp900762125,Collinsella sp900767675,Prevotella sp900316565,Pseudomonas_E bubulae,Limosilactobacillus caviae,Citrobacter braakii,UBA1417 sp900552925,UMGS1781 sp900553695,CAG-83 sp900550585
rep228_seed2253	MGYG000000728,UBA945 sp900549675,Eubacterium_R sp900543795,Neisseria subflava_C,Duodenibacillus sp900544255,Collinsella sp003437035,ER4 sp900552375,Methanosphaera cuniculi,Eubacterium_I ramulus,Proteus mirabilis,Fusobacterium_B sp900542625,Mediterraneibacter sp900553885,Yersinia intermedia
rep229_seed2254	Bacteroides thetaiotaomicron,Eubacterium_G sp000434315,Prevotella sp900765465,HGM13006 sp900757695,CAG-145 sp900542565,CAG-1024 sp000432015,UBA1822 sp900545365,Phocaeicola mediterraneensis,MGYG000003799,MGYG000002585,MGYG000004727,Dysosmobacter sp900544955,MGYG000002179
rep230_seed2255	ER4 sp900552375,Streptococcus oralis_S,CAG-485 sp900541835,Epilithonimonas bovis,Collinsella sp900757265,Megamonas funiformis,Fusobacterium polymorphum,MGYG000002614,RUG11247 sp902767315,Porphyromonas sp900548415,Phascolarctobacterium sp900554395,Phoenicibacter congonensis,Catenibacterium sp900764565
rep231_seed2256	UBA7173 sp900759895,Slackia_A piriformis,Collinsella sp900555585,Negativibacillus massiliensis,UMGS882 sp003343885,MGYG000003950,Peptacetobacter sp900539645,Morganella morganii_B,MGYG000002255,MGYG000003773,CAG-83 sp902388735,Roseburia sp900550935,Peptoniphilus_A harei_A
rep232_seed2257	MGYG000004010,SFEL01 sp004557245,Prevotella sp900548585,MGYG000003108,QALS01 sp900555925,CAG-279 sp900541935,Catenibacterium sp900540665,Parabacteroides sp000436495,CAG-1031 sp900752535,MGYG000004553,RC9 sp000432515,MGYG000002207,MGYG000004881
rep233_seed2258	MGYG000003995,MGYG000004782,CAG-485 sp900547755,Longibaculum muris,Actinomyces sp900323545,UMGS1487 sp900552225,Lachnoclostridium sp900078195,MGYG000001871,UMGS911 sp900546695,Anaerostipes hadrus,Collinsella sp008014645,Acutalibacter sp900543555,UMGS1004 sp900761685
rep234_seed2259	MGYG000000746,MGYG000004558,MGYG000002085,Escherichia marmotae,Odoribacter laneus,MGYG000004159,RUG472 sp900545265,Alistipes timonensis,MGYG000003108,Anaeromassilibacillus sp002159845,Porphyromonas gingivalis,Collinsella sp900760325,Bacteroides uniformis
rep235_seed2260	CAG-317 sp000433215,MGYG000003451,UMGS1397 sp900551425,Sodaliphilus sp004557565,MGYG000000688,Enterocloster aldenensis,UMGS1883 sp900763305,MGYG000002843,UMGS1441 sp900551755,Megasphaera sp000417505,Bacteroides nordii,MGYG000004093,UMGS263 sp900540535
rep236_seed2261	Terrisporobacter othiniensis,CAG-488 sp900554995,UBA11452 sp003526375,Lachnoclostridium_A sp003464085,CAG-485 sp900767075,Prevotella copri_A,MGYG000002052,MGYG000004148,Phocaeicola sp900551645,Phocaeicola sp002493165,Alistipes finegoldii,Collinsella sp900752475,UBA9475 sp900554075
rep237_seed2262	MGYG000004408,Haemophilus_D parainfluenzae_L,MGYG000003109,Lacrimispora sp902363835,Zag1 sp900769645,Enterocloster sp900551225,MGYG000000635,Bifidobacterium pseudocatenulatum,Collinsella sp900544465,CAG-882 sp003486385,MGYG000004364,MGYG000000210,HGM13862 sp900760825
rep238_seed2263	Clostridium nigeriense,Paramuribaculum sp900760855,Collinsella sp900547125,Clostridioides difficile_A,Bacteroides sp003545565,MGYG000003254,MGYG000004890,Butyricimonas sp900184685,Enterocloster citroniae,MGYG000002627,Leminorella grimontii,Collinsella aerofaciens_J,Lawsonibacter sp900766145
rep239_seed2264	MGYG000004710,MGYG000003970,MGYG000000763,CAG-465 sp900554875,MGYG000004582,Anaerococcus sp900258475,Faecalimonas sp900546325,Peptoniphilus_A phoceensis,Phocaeicola massiliensis,Murdochiella massiliensis,MGYG000001861,MGYG000000621,Lachnospira sp900545725
rep240_seed2265	Citrobacter portucalensis,BX12 sp902363595,Dysosmobacter sp900550685,Ruminococcus_C sp000437175,MGYG000002704,CAG-170 sp900553545,Agathobacter rectalis,MGYG000003831,Bacteroides sp003545565,MGYG000004597,Robinsoniella sp900540475,Prevotella sp000434975,Ruminococcus_E sp900543095
rep241_seed2266	Enterocloster sp900541315,Megasphaera cerevisiae,Blautia stercoris,CAG-449 sp900551385,MGYG000002613,CAG-317 sp000433215,MGYG000004436,HGM04593 sp900769465,CAG-831 sp900544175,MGYG000003071,Leclercia adecarboxylata_C,MGYG000002063,Faecalibacillus faecis
rep242_seed2267	Bacteroides caccae,Fusobacterium_B sp900554885,Zag111 sp900551965,Streptococcus parasanguinis_B,CAG-303 sp900539455,MGYG000002685,CAG-762 sp900551315,MGYG000001811,Prevotella buccalis,UBA10281 sp900767885,Lachnospira sp000436535,CAG-791 sp000431495,UBA1777 sp900549485
rep243_seed2268	Collinsella sp900556205,UMGS1668 sp900553955,Collinsella sp900541125,MGYG000004718,Porphyromonas sp900546675,UBA7488 sp002477185,Anaerotignum lactatifermentans,Bacteroides gallinarum,Bacteroides fragilis_A,CAG-462 sp900291465,Mailhella sp900541395,UMGS1370 sp900542035,MGYG000000594
rep244_seed2269	F23-B02 sp900772725,CAG-274 sp900545305,Acetatifactor sp900554205,Collinsella sp900757505,MGYG000002624,Clostridium sp000435835,QAKD01 sp003343965,Oxalobacter formigenes_B,MGYG000004139,MGYG000001724,Paraclostridium tenue,MGYG000003927,Murdochiella vaginalis
rep245_seed2270	UBA1740 sp900767415,MGYG000003822,Coprococcus sp900548215,Blautia_A sp900553515,Alistipes_A sp900539755,MGYG000004010,Allisonella pneumosintes,Campylobacter_A concisus_I,Faecalibacterium sp900540455,Clostridium sp900540255,CAG-56 sp900762665,Alistipes sp900553175,CAG-495 sp001917125
rep246_seed2271	HGM11530 sp900751685,MGYG000003061,UBA2883 sp002103075,Acutalibacter sp000435395,CAG-1427 sp900542525,MGYG000004753,CAG-873 sp900550395,Ruminococcus_E bromii_A,UMGS1338 sp900550805,CAG-83 sp900552475,UBA5446 sp900543085,CAG-317 sp000433535,CAG-95 sp000436115
rep247_seed2272	VUNA01 sp002299625,Blautia_A sp003471165,Collinsella sp902362275,MGYG000000709,Prevotella sp900772835,MGYG000004166,Bilophila sp900553145,MGYG000004423,Enterocloster bolteae,MGYG000000934,Catenibacterium sp900764725,Fenollaria sp900539225,Haemophilus_D parainfluenzae_M
rep248_seed2273	Prevotella sp900554695,Pauljensenia sp000758755,Sutterella wadsworthensis_A,Lacticaseibacillus rhamnosus,MGYG000001683,Dysosmobacter sp900752075,Fusobacterium_A sp900764925,Faecalimonas sp900546325,UMGS1889 sp900556055,Christensenella minuta,Collinsella sp008014645,Collinsella sp900546455,Methanobrevibacter_A smithii
rep249_seed2274	Faecalimonas sp000209385,UMGS1815 sp900555345,CAG-793 sp900557475,Klebsiella variicola,Evtepia sp900546255,UMGS946 sp900547135,Collinsella aerofaciens_E,Mediterraneibacter lactaris,Blautia_A sp900066505,MGYG000002221,Haemophilus_D sp900756875,MGYG000002731,TM7x sp900557595
rep250_seed2275	Acetatifactor sp900554205,UMGS1975 sp900556815,Blautia hominis,Faecalibacterium prausnitzii_D,UMGS1696 sp900554225,Phocaeicola sp900552645,MGYG000000298,UBA4644 sp900555855,CAG-313 sp003539625,Anaerostipes hadrus,UMGS1933 sp900772235,Collinsella sp003471585,Olsenella_E sp003609875
rep251_seed2276	UBA9502 sp003506385,Dysosmobacter sp900544615,RUG115 sp900066395,Collinsella sp900545835,Lachnospira sp900552795,Dysosmobacter sp900548505,Lactobacillus apis,CAG-95 sp900554925,MGYG000004547,Limosilactobacillus timonensis,MGYG000004781,MGYG000004085,CAG-110 sp000434635
rep252_seed2277	Paraprevotella xylaniphila,Prevotella sp900762125,Bifidobacterium infantis,MGYG000004582,S5-A14a sp000758905,MGYG000003910,MGYG000004722,Collinsella sp900760905,Haemophilus_D parainfluenzae_J,F23-B02 sp003533405,Phocaeicola sp900544675,MGYG000001868,ER4 sp900552375
rep253_seed2278	CAG-488 sp000434055,Citrobacter_A sp009363175,Prevotellamassilia sp000437675,UBA4644 sp900763355,MGYG000004646,MGYG000004042,Vibrio cholerae,Collinsella sp900755685,Bilophila sp900550745,Blautia_A sp900541985,MGYG000000413,Marvinbryantia formatexigens,Prevotella bivia
rep254_seed2279	Anaerostipes rhamnosivorans,Enterobacter kobei,MGYG000003945,Campylobacter_B hominis,CAG-873 sp002493945,Collinsella sp900543605,CAG-274 sp000432155,Roseburia sp003483745,Collinsella aerofaciens_K,Paraprevotella clara,UMGS1872 sp902373635,MGYG000000632,MGYG000000443
rep255_seed2280	Bacteroides sp007896885,CAG-83 sp900552475,MGYG000004531,MGYG000001585,Rothia aeria,MGYG000003923,Collinsella sp900552755,Dysgonomonas capnocytophagoides,Phascolarctobacterium_A sp900552855,UMGS902 sp900546635,Fusobacterium_A ulcerans_A,F0422 sp900766245,MGYG000003895
rep256_seed2281	Prevotella sp900553595,Eubacterium_R sp014465955,CAG-617 sp000431275,Parasutterella sp009767915,UBA1822 sp900545365,MGYG000000587,Clostridium_J sp000821305,Methanosphaera cuniculi,Eubacterium_R sp900539845,CAG-354 sp900555085,Veillonella tobetsuensis,Bifidobacterium bifidum,Eubacterium_R sp003526845
rep257_seed2282	Lachnoclostridium_A edouardi,CAG-274 sp900545305,Bacteroides intestinalis,MGYG000004139,Citrobacter_A farmeri,Lagierella massiliensis,UMGS1696 sp900763885,Peptacetobacter sp900539645,UMGS882 sp900546385,Beduini sp900550005,F23-B02 sp900545805,Phytobacter massiliensis,UBA1181 sp900769555
rep258_seed2283	UBA1181 sp900769555,UBA737 sp900754145,Eubacterium_R sp900539775,CAG-582 sp900760845,MGYG000003021,Fusobacterium_B sp900545035,Lachnospira sp000436535,Coprococcus sp900767685,MGYG000002025,Megasphaera elsdenii,Ruminococcus_E sp003438075,MGYG000004890,Prevotella sp002251295
rep259_seed2284	Beduini massiliensis,MGYG000004558,CAG-110 sp900763965,MGYG000004848,MGYG000000348,CAG-462 sp003489705,Collinsella sp900541285,MGYG000001666,Phil1 sp004558525,Lawsonella clevelandensis,Paraprevotella sp900546665,Alistipes sp001941065,Ruminococcus sp002438605
rep260_seed2285	Ruminiclostridium_E siraeum,UBA9502 sp003480315,Atlantibacter hermannii,Enterocloster asparagiformis,CAG-81 sp000435795,Phocaeicola sp002161765,Collinsella sp900540845,MGYG000001780,Enterobacter ludwigii,MGYG000002769,UMGS1766 sp900554855,MGYG000002207,Bifidobacterium sp900551485
rep261_seed2286	MGYG000004359,Butyrivibrio_A sp000431815,Prevotella sp900554045,QALW01 sp900552055,Treponema_D sp900769975,MGYG000004398,Nitratidesulfovibrio vulgaris,Clostridium nigeriense,Fusobacterium_A sp900015295,Streptococcus vestibularis,Enterocloster sp900541315,Agathobacter sp900546625,CAG-83 sp900548615
rep262_seed2287	Terrisporobacter othiniensis,CAG-272 sp000433515,CAG-217 sp900547275,MGYG000001759,Collinsella sp900550815,CAG-510 sp900551115,Blautia_A wexlerae_A,UBA1777 sp900547315,Eubacterium_G sp000432355,CAG-41 sp900066215,MGYG000003053,Collinsella intestinalis,SFEL01 sp004557245
rep263_seed2288	UMGS680 sp900544525,Collinsella sp900541785,Bacteroides stercorirosoris,Lactobacillus acidophilus,Enterocloster sp900555905,MGYG000002130,RUG115 sp900066395,MGYG000000746,Allisonella pneumosintes,Collinsella sp900554465,UMGS1338 sp900550805,Blautia sp900541955,MGYG000002623
rep264_seed2289	Bifidobacterium scardovii,MGYG000002740,MGYG000003994,MGYG000004756,Ruminococcus_E bromii_B,Blautia sp900765525,MGYG000003941,MGYG000004607,MGYG000002063,MGYG000000566,Roseburia sp900550935,Prevotella salivae,Collinsella sp900541045
rep265_seed2290	Lactobacillus helveticus,CAG-245 sp000434195,MGYG000002613,Mediterraneibacter faecis,UBA1691 sp900544715,Prevotella sp900544495,Collinsella sp900554465,MGYG000004610,Oscillibacter ruminantium,Ruminococcus_C sp000433635,MGYG000003823,UBA4871 sp900554535,MGYG000002614
rep266_seed2291	Enterocloster sp900753815,MGYG000000516,Parasutterella sp000980495,Prevotella amnii,Cedecea davisae,MGYG000000425,Enterocloster sp900538485,UBA644 sp900547165,Lachnospira sp900547255,CAG-411 sp000437275,CAG-103 sp004556965,Campylobacter_A concisus_R,Christensenella minuta
rep267_seed2292	Schaedlerella sp900765975,Peptoniphilus_A phoceensis,V9D3004 sp002349525,Neisseria sp000186165,Parasutterella sp000980495,Butyricimonas sp900759925,UBA7185 sp900556545,CAG-632 sp000431515,Prevotellamassilia sp900539625,Acutalibacter sp000435395,Prevotella sp900556825,Veillonella_A sp900765165,Longibaculum muris
rep268_seed2293	MGYG000003788,Clostridioides difficile,Campylobacter_A concisus_E,Prevotella sp900554045,Parabacteroides acidifaciens,Hydrogeniiclostridium sp900550095,Lachnospira sp000437735,UMGS1826 sp900555435,MGYG000001811,CAG-485 sp900760735,Blautia_A schinkii,MGYG000003323,Prevotella nigrescens
rep269_seed2294	MGYG000004547,Phascolarctobacterium_A sp900770955,Campylobacter_A concisus_E,Blautia_A obeum_B,CAG-631 sp900754115,Romboutsia timonensis,51-20 sp001917175,MGYG000001242,CAG-873 sp900755985,MGYG000000325,Methanobrevibacter_A sp900766745,CAG-170 sp002404795,MGYG000000736
rep270_seed2295	MGYG000003752,MGYG000000660,CAG-110 sp900554625,MGYG000004654,CAG-83 sp000431575,Senegalimassilia anaerobia,Roseburia sp900753715,MGYG000000677,MGYG000004829,Faecalibacterium sp900551435,CAG-1427 sp000435675,UC5-1-2E3 sp001304875,UBA1777 sp900549545
rep271_seed2296	Bacteroides faecis,MGYG000001805,Bacteroides salyersiae,Christensenella hongkongensis,Raoultibacter timonensis,Phascolarctobacterium_A succinatutens_A,Lancefieldella sp000564995,Duodenibacillus sp900544255,Gemella morbillorum,Phocaeicola sp900551065,Phascolarctobacterium_A sp900547415,MGYG000000378,RC9 sp000435075
rep272_seed2297	Enterocloster sp900538485,Agathobacter sp900543445,Alloscardovia omnicolens,Negativibacillus sp900547015,CAG-279 sp900541935,MGYG000001142,Serratia marcescens_I,CAG-110 sp900546075,Phocaeicola sp900540105,HGM12789 sp900766585,CAG-460 sp900546715,Oribacterium sp900772695,Eubacterium_R sp002493325
rep273_seed2298	CAG-632 sp000431515,MGYG000004436,Neisseria elongata,Merdibacter sp900543035,UBA1417 sp002305575,Streptococcus mitis,CAG-269 sp900551615,UBA1777 sp900547315,UBA11524 sp000437595,MGYG000002606,MGYG000002659,MGYG000004608,Arabia massiliensis
rep274_seed2299	CAG-273 sp900752095,Lysinibacillus fusiformis_D,Plesiomonas shigelloides,UMGS1781 sp900555075,Lachnospira eligens_A,Dysosmobacter sp900548505,CAG-279 sp900556245,Dysgonomonas capnocytophagoides,MGYG000000680,Blautia_A luti,UMGS1474 sp900547105,F23-B02 sp900556535,UMGS902 sp900761025
rep275_seed2300	MGYG000001850,UBA5446 sp004553625,CAG-269 sp900760175,Alistipes sp900761235,Anaerostipes hadrus_A,MGYG000000934,OM05-12 sp900760755,Eubacterium_R coprostanoligenes,Parvimonas sp001553085,MGYG000004095,CAG-170 sp900553545,CAG-313 sp900539265,Porphyromonas_A somerae
rep276_seed2301	MGYG000001049,Eggerthella sp014287365,Gordonibacter urolithinfaciens,Alistipes putredinis,UMGS1858 sp900555705,MGYG000000716,MGYG000002706,Phascolarctobacterium sp900545535,NSJ-63 sp014384805,Anaerofustis sp900549875,Eubacterium_G sp000434315,Massilimaliae sp900752435,HGM11788 sp900760465
rep277_seed2302	MGYG000001832,Desulfovibrio piger,MGYG000003289,MGYG000001028,Proteus vulgaris,MGYG000004790,Collinsella sp900756725,MGYG000003067,Prevotella sp000433175,Morganella morganii_A,Rubneribacter badeniensis,Anaerostipes hadrus_A,Citrobacter freundii
rep278_seed2303	MGYG000004732,MGYG000003698,CAG-110 sp900763965,Enterococcus_D sp002850555,Terrisporobacter sp902363255,Prevotella sp900543975,Lacrimispora sp000526575,Blautia_A sp003471165,CAG-110 sp900546415,MGYG000004836,Prevotella sp900762125,MGYG000002706,UBA7748 sp900314535
rep279_seed2304	CAG-115 sp003531585,Phascolarctobacterium sp900544795,QALW01 sp900552055,UMGS1387 sp900551295,CAG-127 sp900553925,CAG-245 sp900552135,MGYG000003822,MGYG000002010,MGYG000000346,Collinsella sp900542825,Paraprevotella xylaniphila,MGYG000003319,Lawsonibacter asaccharolyticus
rep280_seed2305	Collinsella sp900542825,UBA1191 sp900549125,MGYG000004161,Hungatella_A hathewayi_A,MGYG000000763,MGYG000002179,UBA1691 sp900544375,Butyricimonas faecalis,CAG-314 sp900551395,Parabacteroides sp003473295,Bacteroides sp902388495,CAG-873 sp001701165,CAG-302 sp000431795
rep281_seed2306	Collinsella sp900762345,Collinsella sp900757495,CAG-83 sp900551355,Clostridium sp900769625,MGYG000002696,UMGS1532 sp900552605,UBA7057 sp900543675,Bifidobacterium pseudocatenulatum,Collinsella sp900554985,MGYG000001566,Muricomes fissicatena_A,MGYG000004721,UBA1691 sp900549825
rep282_seed2307	Prevotella amnii,RUG115 sp900066395,CAG-269 sp000438255,CAG-1427 sp000435675,TM7x sp900555425,MGYG000004432,MGYG000000339,UBA4285 sp900545225,MGYG000001886,Prevotella colorans,Mailhella sp003150275,MGYG000002207,VUNA01 sp002299625
rep283_seed2308	MGYG000000876,HGM04593 sp900770665,Bariatricus comes,Phocaeicola sp900546355,MGYG000003768,Anaerococcus obesiensis,Dielma sp001305055,Ruminococcus_G gauvreauii,MGYG000004496,CAG-145 sp900540145,MGYG000004184,Collinsella sp900548075,CAG-313 sp900539265
rep284_seed2309	Ruminococcus_B sp900544395,CAG-110 sp900544945,MGYG000000739,MGYG000004062,MGYG000003296,Ruminococcus_E sp900543095,Collinsella sp900540855,V9D3004 sp900760345,CAG-145 sp900542295,Pauljensenia sp001064145,MGYG000001106,MGYG000004850,Coprobacter sp900545915
rep285_seed2310	Bifidobacterium infantis,Collinsella sp900762325,Caecibacter massiliensis,Acetatifactor sp900066565,MGYG000003910,Eubacterium_G sp000435815,Companilactobacillus farciminis,Lachnoclostridium_B phocaeensis,Rothia mucilaginosa_A,Eubacterium_M sp900540015,MGYG000003837,MGYG000000403,Gemmiger sp900556255
rep286_seed2311	MGYG000002112,Raoultella ornithinolytica,Collinsella sp900543615,MGYG000001683,Prevotella sp002480935,Phocaeicola sp900544675,F23-B02 sp003533405,Paramuribaculum sp900760855,Parasutterella excrementihominis,Phocaeicola sp900542985,MGYG000003470,Prevotella buccalis,CAG-877 sp900554305
rep287_seed2312	UBA1417 sp002305575,CAG-110 sp900762935,Bilophila sp902373525,Mediterraneibacter massiliensis,CAG-177 sp000431775,MGYG000004024,HGM11575 sp900754775,Acetatifactor sp900772845,Bacteroides oleiciplenus,Ligilactobacillus ruminis,Clostridium sp900540255,Clostridium_J ihumii,CAG-877 sp900548695
rep288_seed2313	UBA5394 sp003150565,Collinsella sp900760325,Olsenella_E timonensis,Peptoniphilus_A harei,Collinsella sp900548515,CAG-110 sp900556935,Prevotella sp900557405,Mediterraneibacter sp900752395,Fenollaria sp900539225,Bifidobacterium ruminantium,MGYG000001181,GCA-900066495 sp902362365,Prevotella sp900555035
rep289_seed2314	Anaerotignum faecicola,MGYG000000635,Phoenicibacter congonensis,CAG-83 sp900554275,MGYG000004742,Eubacterium_R sp900539425,F23-B02 sp002472405,UMGS1690 sp900554165,Anaeroglobus micronuciformis,Amulumruptor sp900539915,UBA738 sp900763675,UBA1390 sp900764045,UBA4855 sp900540395
rep290_seed2315	GCA-900066135 sp900066135,Acetivibrio_A ethanolgignens,Muricomes sp900604355,Phascolarctobacterium_A sp900757795,Collinsella sp900546455,CAG-103 sp000432375,Eubacterium_F sp000433735,Pauljensenia sp000411415,Faecalibacillus faecis,MGYG000004423,Akkermansia muciniphila,Atlantibacter hermannii,MGYG000004003
rep291_seed2316	Collinsella sp900761995,RUG023 sp900315435,Ruminococcus_C sp900770195,Acutalibacter sp000435395,MGYG000000645,MGYG000002092,Collinsella sp900549025,Streptococcus anginosus,Collinsella sp900541745,Muricomes fissicatena_A,Collinsella sp900546115,MGYG000003015,MGYG000002053
rep292_seed2317	MGYG000003045,Prevotella pectinovora,UMGS403 sp900540275,UMGS946 sp900547135,Ruminiclostridium_E sp900539195,Massilistercora sp902406105,Clostridium_E jeddahense,Muricomes contortus_B,Coprococcus sp900548215,Alloprevotella tannerae,CAG-510 sp900550475,Eggerthella lenta,MGYG000004718
rep293_seed2318	Agathobaculum butyriciproducens,Parasutterella sp900766055,F0422 sp900766245,Blautia sp900556555,MGYG000002037,Fusicatenibacter saccharivorans,GCA-900066495 sp902362365,Prevotella sp000431975,Arabia massiliensis,Agathobacter sp900547695,GCA-900066755 sp900066755,Collinsella sp900761995,MGYG000004808
rep294_seed2319	MGYG000002150,Phocaeicola sp000434735,Leminorella grimontii,Streptococcus sp902373455,Olsenella_B sp000752675,Pygmaiobacter massiliensis,Collinsella sp003470665,Eubacterium callanderi,Phascolarctobacterium_A sp900553055,CAG-110 sp900546915,Peptostreptococcus anaerobius,Granulicatella sp900551535,MGYG000000733
rep295_seed2320	NSJ-32 sp014384895,Muribaculum sp001701195,Gemmiger sp900556255,UMGS929 sp900546875,UBA7182 sp003480725,UBA3388 sp002358835,Serratia marcescens_I,Escherichia fergusonii,CAG-110 sp900554705,Acutalibacter sp900755895,Bacteroides bouchesdurhonensis,MGYG000001642,MGYG000003728
rep296_seed2321	MGYG000004039,MGYG000004849,CAG-269 sp900551615,Kluyvera sp902363335,An181 sp002160325,Citrobacter_B koseri,Blautia stercoris,Citrobacter braakii,TM7x sp900555265,Eubacterium_M sp900540015,Blautia sp900555025,CAG-488 sp900554995,MGYG000004782
rep297_seed2322	Ruthenibacterium sp900546885,Megamonas hypermegale,Phascolarctobacterium sp900545535,Ruminococcus_D sp900752625,TM7x sp900556355,Acetatifactor sp900772845,Streptococcus vestibularis,CAG-353 sp900066885,UMGS1889 sp900556055,Klebsiella_A grimontii,MGYG000003778,Klebsiella quasipneumoniae,MGYG000004868
rep298_seed2323	UBA1417 sp900552925,Porphyromonas uenonis_A,MGYG000004807,CAG-485 sp900555915,UBA1394 sp900066845,CAG-110 sp900762005,Faecalimonas sp900546325,HGM11588 sp900754755,CAG-1193 sp900550145,Collinsella sp900549355,Enterocloster sp000155435,Exiguobacterium sp003467445,MGYG000004118
rep299_seed2324	Prevotella sp900540415,Collinsella sp900542315,Parabacteroides merdae,Lactobacillus paragasseri,UBA2882 sp900549665,MGYG000002099,Lawsonibacter sp902363045,CAG-81 sp900556965,MGYG000002769,Parabacteroides chinchillae,UBA1829 sp900760615,Paraprevotella sp900760455,CAG-110 sp900762005
rep300_seed2325	Borkfalkia ceftriaxoniphila,Extibacter muris,MGYG000004100,Fusobacterium periodonticum_D,MGYG000003076,Faecalimonas phoceensis,MGYG000000592,Streptococcus sobrinus,MGYG000002785,Collinsella sp900554325,Collinsella sp900765185,CAG-841 sp900544285,Pseudomonas_E fulva
rep301_seed2326	Collinsella aerofaciens_H,Collinsella sp900547345,MGYG000000346,Eubacterium_I sp900066595,MGYG000002127,CAG-488 sp900539465,Lachnospira sp900545725,MGYG000002025,Fusobacterium_B sp900545035,Blautia stercoris,Clostridium_Q sp900547735,Collinsella sp900551655,Christensenella sp001678845
rep302_seed2327	Oribacterium sp900770445,Streptococcus infantis_I,MGYG000003299,Pantoea eucalypti,MGYG000001643,Roseburia sp003483745,Parabacteroides faecis,MGYG000002785,MGYG000000413,CAG-495 sp001917125,UBA11774 sp003507655,Enterocloster sp900543885,CAG-110 sp900547405
rep303_seed2328	Collinsella sp902362275,ER4 sp900552375,CAG-873 sp900555715,Phytobacter ursingii,Dysosmobacter sp000436875,MGYG000004630,Collinsella sp900544135,MGYG000001969,UMGS1975 sp900556815,CAG-882 sp900545455,Odoribacter laneus,Allisonella pneumosintes,MGYG000004428
rep304_seed2329	Streptococcus equinus,Turicibacter sp001543345,Phascolarctobacterium sp900551745,MGYG000001914,Blautia coccoides,Flavonifractor plautii,Collinsella aerofaciens_E,CAG-110 sp900556935,UMGS1781 sp900555075,MGYG000002659,Peptostreptococcus stomatis,Collinsella sp900550825,Prevotella sp000433175
rep305_seed2330	Intestinibacter sp900540355,Caecibacter massiliensis,MGYG000004327,Klebsiella quasipneumoniae,MGYG000004888,Bacilliculturomica massiliensis,Granulicatella adiacens,Collinsella sp900761995,Citrobacter braakii,Bacteroides uniformis,Parasutterella sp000980495,HGM12669 sp900761935,MGYG000004042
rep306_seed2331	UMGS1484 sp902388225,Pygmaiobacter massiliensis,MGYG000001643,Collinsella sp900545555,Odoribacter sp900548135,UBA737 sp900549755,MGYG000004836,CAG-279 sp900541935,MGYG000003315,MGYG000003451,CAG-83 sp900551995,CAG-279 sp900548875,Parabacteroides bouchesdurhonensis
rep307_seed2332	Collinsella sp900556205,Agathobacter sp900548765,Eubacterium_F sp000433735,CAG-110 sp000434635,Pseudomonas_E bubulae,MGYG000002053,MGYG000002045,MGYG000002745,MGYG000002035,Blautia hominis,MGYG000004756,MGYG000003863,Prevotella copri_A
rep308_seed2333	Lachnospira sp900551945,Phascolarctobacterium_A sp900541915,HGM11386 sp900761915,Rothia sp902373285,MGYG000004170,Olsenella_B sp000752675,ER4 sp900550165,Faecalibacterium prausnitzii_F,MGYG000003948,MGYG000004836,Blautia sp900556555,Senegalimassilia faecalis,Lachnospira sp000436475
rep309_seed2334	Marseille-P4683 sp900232885,Clostridium_J ihumii,MGYG000004004,MGYG000000589,Bruticola sp004554425,CAG-269 sp001916035,Lysinibacillus fusiformis_D,MGYG000002624,Massilistercora timonensis,MGYG000002680,UMGS731 sp900544985,MGYG000000400,MGYG000000298
rep310_seed2335	MGYG000004177,MGYG000002828,MGYG000001809,Alterileibacterium massiliense,Prevotella sp900547005,Bacteroides sp900555635,MGYG000000512,MGYG000002692,CAG-177 sp003538135,MGYG000004756,Prevotella sp900553595,MGYG000000699,MGYG000003897
rep311_seed2336	CAG-1427 sp900556585,Peptostreptococcus russellii_A,CAG-110 sp900762935,Zag111 sp900551965,Amedibacterium intestinale,Streptococcus mitis_D,MGYG000002713,Blautia_A sp000285855,Haemophilus_A parahaemolyticus,UMGS1840 sp900555525,UMGS1387 sp900551295,RUG806 sp900313475,Dysosmobacter sp900752075
rep312_seed2337	Ruminococcus sp900540005,Blautia hansenii,MGYG000003941,Collinsella sp900547855,Agathobaculum sp900557315,UMGS1611 sp900553435,CAG-485 sp900759795,CAG-831 sp902388455,Blautia_A sp900551075,MGYG000003770,Rothia mucilaginosa,Collinsella sp900555355,Veillonella sp900552715
rep313_seed2338	CAG-83 sp902388735,TF01-11 sp001414325,Streptococcus koreensis,Faecalibacterium sp900765105,MGYG000002769,MGYG000001994,MGYG000002210,Clostridium sp900766315,MGYG000003833,Haemophilus_D parainfluenzae_M,MGYG000000609,Faecalibacterium sp900772565,Fenollaria timonensis
rep314_seed2339	Prevotella sp900546575,UBA4644 sp900555855,MGYG000004325,Muribaculum sp002358615,MGYG000004596,Slackia_A piriformis,MGYG000004670,Enterobacter bugandensis,UMGS2055 sp900557635,UMGS1781 sp900554635,CAG-312 sp002437405,Coprococcus sp000154245,Megamonas hypermegale
rep315_seed2340	Enterocloster bolteae,MGYG000003798,Prevotella sp000436695,MGYG000000384,MGYG000004901,Angelakisella sp900552845,Bariatricus sp900554415,UBA1390 sp900764045,Blautia_A sp900066505,Flavonifractor plautii,Veillonella sp900545205,Robertmurraya massiliosenegalensis,Odoribacter sp900541415
rep316_seed2341	Brachyspira pilosicoli,MGYG000001871,CAG-1031 sp900752535,Enterocloster sp900555905,Butyricicoccus sp900547195,CAG-877 sp900753325,CAG-83 sp000435555,Harryflintia acetispora,MGYG000004116,Streptococcus sp900546335,QAMX01 sp004555605,UMGS1487 sp900552225,MGYG000004209
rep317_seed2342	Robinsoniella sp900539655,UMGS1253 sp900550065,Streptococcus sobrinus,Enterobacter roggenkampii,Prevotella sp900769055,MGYG000004782,MGYG000001632,Lachnoclostridium_A sp003464085,Lachnospira sp900551945,UMGS1109 sp900548675,Enterocloster sp900538485,CAG-110 sp900549495,UMGS929 sp900546875
rep318_seed2343	CAG-110 sp900544945,Collinsella sp900755685,Lactobacillus gallinarum,Haemophilus_D sp900756155,Streptococcus vestibularis,Enterocloster bolteae,Butyricimonas faecalis,Agathobacter sp900549895,Amulumruptor sp001689515,Collinsella sp900545075,MGYG000004870,HGM13222 sp900757485,Duncaniella sp900762315
rep319_seed2344	Collinsella sp900547855,ER4 sp900763705,Veillonella rogosae,AM51-8 sp003478275,Anaerococcus jeddahensis,Collinsella sp900553215,Streptococcus sp900543065,CAG-492 sp900557195,UMGS946 sp900544965,Lancefieldella sp902373375,Collinsella sp900757205,UBA5446 sp900544295,UMGS1441 sp900551755
rep320_seed2345	UBA1820 sp002314265,CAG-841 sp900544285,CAG-269 sp900556945,Pauljensenia sp902373435,Enterobacter kobei,Oxalobacter formigenes_B,MGYG000000862,MGYG000000752,UBA1822 sp002314995,GCA-900066495 sp900545985,Campylobacter_B hominis,MGYG000003975,Azonexus sp900549295
rep321_seed2346	Blautia hominis,CAG-83 sp900550615,Pantoea brenneri,Acutalibacter sp900759575,MGYG000004366,Ruminococcus_C sp000437175,Sellimonas sp002161525,Hungatella_A hathewayi_A,UBA1740 sp900767415,UBA644 sp900547165,UMGS1820 sp900555375,HGM12669 sp900761935,MGYG000001137
rep322_seed2347	UMGS1491 sp900757335,Ruminococcus_F champanellensis,MGYG000002606,CAG-245 sp000434195,HGM13233 sp900762805,Leptotrichia wadei,MGYG000004781,Anaerosacchariphilus sp002160765,Collinsella sp900553415,Bifidobacterium italicum,Latilactobacillus curvatus,CAG-762 sp900551315,MGYG000004598
rep323_seed2348	CAG-83 sp900756715,Dysosmobacter sp900752075,CAG-724 sp003524145,MGYG000004651,ER4 sp900552015,MGYG000002692,Parabacteroides sp900547435,MGYG000003647,Veillonella sp900550175,Pauljensenia sp000411415,MGYG000004028,Extibacter sp001185345,CAG-492 sp900557195
rep324_seed2349	MGYG000002614,CAG-462 sp900765575,Streptococcus alactolyticus,Collinsella sp900554155,MGYG000004135,Yokenella regensburgei,GCA-900066135 sp900066135,CAG-485 sp900321585,Phascolarctobacterium_A sp900547415,Catenibacterium mitsuokai,Fusobacterium polymorphum,Collinsella sp900555585,MGYG000000632
rep325_seed2350	UBA5446 sp900545405,MGYG000000745,CAG-269 sp900552555,Mediterraneibacter sp002314255,Staphylococcus aureus,HGM11386 sp900761915,Faecalibacillus faecis,MGYG000003211,Fusicatenibacter sp900543115,Gemmiger qucibialis,Anaerococcus jeddahensis,Epilithonimonas bovis,Massilioclostridium methylpentosum
rep326_seed2351	Edwardsiella tarda,Paramuribaculum sp000431155,Enterococcus_B lactis,UMGS1858 sp900555705,Collinsella sp900755685,MGYG000002657,Collinsella sp900754385,Eubacterium_R sp900767025,CAG-170 sp003516765,Emergencia sp900066695,Bacteroides sp007896885,UMGS268 sp900540175,MGYG000001761
rep327_seed2352	Lachnospira sp900552795,MGYG000000694,Fusobacterium_A ulcerans_A,CAG-269 sp900551615,MGYG000004800,UBA737 sp900547445,MGYG000000637,Prevotella sp900548535,Bacteroides sp900765785,MGYG000004398,MGYG000004714,MGYG000001807,Bacteroides sp002491635
rep328_seed2353	Lawsonibacter sp900545895,CAG-180 sp900540295,CAG-302 sp000431795,MGYG000000300,Streptococcus infantarius,MGYG000002075,Brachyspira pilosicoli,CAG-110 sp900544945,MGYG000001582,Eisenbergiella tayi,Eubacterium limosum,ER4 sp900546295,MGYG000004366
rep329_seed2354	Vibrio cholerae,Agathobaculum sp900557315,MGYG000000608,UBA11524 sp900769075,Dialister sp900541605,MGYG000000682,UBA737 sp900547095,MGYG000002785,UMGS1840 sp900555525,MGYG000000795,UMGS902 sp900546635,CAG-317 sp900543415,Prevotella sp900552965
rep330_seed2355	MGYG000000576,Citrobacter portucalensis_A,Lactobacillus acidophilus,MGYG000001049,MGYG000000342,Blautia_A sp900551715,MGYG000001137,MGYG000004870,Ruminiclostridium_E sp003512525,MGYG000001112,NK3B98 sp900752305,MGYG000004004,Lachnoclostridium_B phocaeensis
rep331_seed2356	Alistipes timonensis,Citrobacter portucalensis_A,V9D3004 sp002349525,CAG-127 sp900539705,Fusobacterium_A sp900549465,Coprococcus_A sp900548825,CAG-317 sp000433535,MGYG000004670,UMGS1202 sp900549565,MGYG000000325,Prevotella sp900544495,Collinsella sp900556365,Clostridium_X cadaveris
rep332_seed2357	Phocaeicola sp000434735,Streptococcus sp000411475,CAG-110 sp900762005,UMGS882 sp900546385,MGYG000002683,Collinsella sp900555815,HGM12789 sp900766585,UBA2856 sp900555005,CAG-724 sp900551005,MGYG000004527,MGYG000004359,MGYG000003813,CAG-354 sp900555085
rep333_seed2358	MGYG000000378,UBA1777 sp900549645,Collinsella sp902362275,Megasphaera sp000417505,MGYG000004854,CAG-628 sp003524085,Gemmiger sp900540775,MGYG000004199,Lactococcus lactis,UMGS1591 sp900553255,Prevotella sp900543975,CAG-314 sp000437915,Massilistercora timonensis
rep334_seed2359	Haemophilus_D parainfluenzae,Phocaeicola sp900066455,CAG-485 sp900554845,CAG-95 sp900554925,Pseudomonas aeruginosa,CAG-81 sp900066785,Flavonifractor sp900549795,Lawsonibacter sp900549405,Collinsella sp900543605,Haemophilus_D parainfluenzae_J,Prevotella sp002299635,CAG-83 sp900549395,CAG-245 sp000435175
rep335_seed2360	RC9 sp900546445,Angelakisella sp900547385,Christensenella hongkongensis,AM51-8 sp900761925,Pseudomonas_E bubulae,MGYG000003434,Faecalibacterium sp900540455,MGYG000002753,Prevotella bivia,Muribaculum sp002492595,HGM13006 sp900757695,MGYG000000448,Lactococcus lactis
rep336_seed2361	Prevotellamassilia sp004557035,Eubacterium_R sp014465955,CAG-882 sp900545175,MGYG000000300,MGYG000001953,Gordonibacter urolithinfaciens,Collinsella stercoris,Enterobacter mori,MGYG000002699,Akkermansia sp900545155,MGYG000003816,UBA6398 sp003150315,Citrobacter_A amalonaticus
rep337_seed2362	MGYG000004901,CAG-194 sp000432915,Lachnoclostridium phytofermentans_A,Pauljensenia sp900556405,UMGS1880 sp900555875,Ruminococcus_E bromii_B,Anaerococcus sp900550345,Phascolarctobacterium_A sp900541915,Aggregatibacter segnis,Klebsiella quasipneumoniae,CAG-180 sp004556705,Collinsella sp900540845,Phoenicibacter congonensis
rep338_seed2363	MGYG000004820,Streptococcus vestibularis,RC9 sp000432655,Fournierella sp900543285,Alistipes sp902363575,UBA10677 sp003533505,CAG-617 sp000431275,MGYG000000682,MGYG000000398,MGYG000004496,Extibacter hylemonae,Prevotella sp002265625,Collinsella sp900541185
rep339_seed2364	MGYG000003788,MGYG000001761,Blautia sp900556555,RC9 sp900541925,UBA3402 sp003478355,Megamonas funiformis,CAG-245 sp900552135,MGYG000004148,MGYG000002203,Harryflintia acetispora,MGYG000000702,Senegalimassilia sp900550055,MGYG000004646
rep340_seed2365	Muribaculum sp001701195,Collinsella sp900760245,Faecalicoccus sp900546545,MGYG000001679,MGYG000004258,Blautia_A faecis,Acidaminococcus timonensis,Collinsella sp900556205,UMGS856 sp900760305,Emergencia sp900066695,Butyricimonas sp900184685,Dysosmobacter sp900548505,F082 sp900769945
rep341_seed2366	GCA-900066755 sp900066755,Clostridium neonatale,UBA5416 sp900539175,Faecalibacterium sp900772565,Anaerostipes sp900066705,Acidaminococcus timonensis,Yersinia frederiksenii,UMGS966 sp900547185,CAG-83 sp900552475,MGYG000000355,F23-B02 sp004558025,UMGS1820 sp900555375,MGYG000000585
rep342_seed2367	Anaerotignum lactatifermentans,Blautia_A massiliensis,MGYG000003936,CAG-485 sp002491165,Duncaniella dubosii,MGYG000003837,Christensenella minuta,UMGS1537 sp900543695,HGM11525 sp900770405,UMGS1696 sp900753285,MGYG000004304,Prevotella buccae,MGYG000004607
rep343_seed2368	Dialister invisus,CAAEEV01 sp900754955,Eikenella corrodens,UBA11517 sp900555365,Megasphaera stantonii,MGYG000004210,Prevotella sp000436035,MGYG000004159,UBA738 sp900763675,MGYG000002035,Collinsella sp003436275,Agathobaculum sp900291975,MGYG000004684
rep344_seed2369	Bifidobacterium sp900551485,CAG-110 sp900549705,UBA7173 sp900768685,Alistipes sp900548155,Turicimonas sp900542195,CAG-269 sp000431335,Pediococcus acidilactici,Oxalobacter formigenes_B,Agathobaculum sp900555465,Blautia stercoris,MGYG000000433,Blautia_A sp000285855,MGYG000003752
rep345_seed2370	TM7x sp900556885,CAG-302 sp001916775,HGM12650 sp900761725,MGYG000003869,Collinsella sp900765185,CAG-475 sp900547975,Barnesiella sp900538555,MGYG000000691,Barnesiella sp900538705,MGYG000000637,MGYG000002075,Alistipes_A ihumii,MGYG000004590
rep346_seed2371	UBA1777 sp900754515,Pauljensenia sp000411415,Serratia liquefaciens,UBA737 sp900549055,UMGS1307 sp900550505,Streptococcus salivarius,Roseburia sp900542495,Anaerococcus vaginalis_B,Klebsiella_A indica,UMGS1518 sp900552575,Parabacteroides sp900552465,Bacteroides_F pectinophilus,MGYG000004560
rep347_seed2372	UMGS905 sp900540085,UBA7173 sp900759895,Methanobrevibacter_A woesei,MGYG000004062,HGM11514 sp900757255,MGYG000004085,CAG-115 sp900768125,MGYG000002025,Streptococcus sanguinis_H,Lactobacillus apis,MGYG000001826,Barnesiella sp900542255,Veillonella rogosae
rep348_seed2373	Eubacterium_R sp000431535,MGYG000004496,Dysosmobacter sp900544105,Rothia mucilaginosa_B,Collinsella sp900552295,Streptococcus pasteurianus,MGYG000001805,Merdibacter sp900543035,Collinsella sp900541645,CAG-485 sp900554845,Mediterraneibacter sp900751785,Actinobaculum massiliense,CAG-196 sp900549855
rep349_seed2374	Collinsella sp900765115,UMGS1975 sp900556815,Bacteroides finegoldii,MGYG000002151,Duodenibacillus sp003472385,Collinsella sp900552295,Proteus sp003144505,MGYG000004238,MGYG000001743,Franconibacter helveticus,Lacticaseibacillus rhamnosus,MGYG000001048,UMGS1441 sp900543365
rep350_seed2375	Salmonella bongori,Dysosmobacter sp900542115,F0422 sp003999875,UMGS1279 sp900761625,Collinsella sp900541475,UBA5446 sp900545405,Peptostreptococcus anaerobius,Butyricimonas sp900759925,Enterocloster sp900551225,Enterococcus_A raffinosus,MGYG000004710,Blautia hominis,Collinsella sp003479805
rep351_seed2376	MGYG000001033,Oribacterium sinus,Fournierella sp004558145,ER4 sp900546295,MGYG000004876,Collinsella sp900555745,MGYG000004817,Parabacteroides distasonis,Collinsella sp900550815,Collinsella sp003437035,Lachnospira sp900316325,RUG14107 sp900772685,Anaerococcus obesiensis
rep352_seed2377	UBA1777 sp900546515,Megamonas funiformis,RUG115 sp900066395,Collinsella sp900544755,Enterococcus_A avium,UMGS1322 sp900550765,MGYG000003418,MGYG000004330,Bacteroides faecis,Bacteroides sp014385165,MGYG000000746,MGYG000002657,Lactobacillus apis
rep353_seed2378	Prevotella sp900554045,MGYG000004890,Gemmiger formicilis,UMGS1826 sp900555435,Streptococcus mitis,CAG-417 sp000432835,Veillonella sp900550175,CAG-103 sp004556965,RC9 sp900544195,Bacteroides thetaiotaomicron,UBA5884 sp900551505,Phocaeicola dorei,Marseille-P3106 sp900169975
rep354_seed2379	Oribacterium sp900772695,UMGS911 sp900545935,Intestinimonas massiliensis,Coprococcus sp900548315,Collinsella sp900758845,Serratia liquefaciens,Faecalibacterium sp900772565,Companilactobacillus farciminis,Collinsella aerofaciens_F,CAG-484 sp000431315,MGYG000004686,MGYG000000413,Collinsella sp900554645
rep355_seed2380	Enterocloster citroniae,Vibrio parahaemolyticus,Limosilactobacillus vaginalis_A,AF33-28 sp003477885,CAG-110 sp900546075,MGYG000004068,MGYG000003869,MGYG000004885,RQCD01 sp008668455,CAG-269 sp001916035,Klebsiella quasipneumoniae,OM05-12 sp900760755,MGYG000004749
rep356_seed2381	Faecalibacterium sp900539885,QALR01 sp900553085,Lachnoclostridium_B sp000765215,1XD42-69 sp014287635,MGYG000001632,UMGS1484 sp902388225,Lachnoclostridium_A sp002160755,Holdemanella sp003436425,UMGS946 sp900547135,Collinsella sp900541185,MGYG000001809,Collinsella sp900552875,Ruminococcus_G gauvreauii
rep357_seed2382	Lawsonibacter sp900763995,Kluyvera ascorbata_B,F23-B02 sp000431075,CAG-314 sp000437915,MGYG000004621,MGYG000002686,Prevotella sp000436695,UMGS1293 sp900550385,UMGS1839 sp900555545,Muricomes fissicatena_A,Agathobaculum sp900557315,CAG-272 sp900556615,Roseburia sp900542495
rep358_seed2383	Intestinibacter sp900540355,MGYG000001169,MGYG000004135,NSJ-38 sp902363445,MGYG000003770,RC9 sp000435075,Collinsella sp900542305,MGYG000004852,SFEL01 sp004557245,CAG-83 sp900555735,MGYG000001818,MGYG000001879,CAG-317 sp000433535
rep359_seed2384	Alistipes sp902388705,Peptoniphilus_A harei,MGYG000004874,HGM12587 sp900766915,MGYG000003915,Collinsella sp900758845,UBA7160 sp900757145,Peptoniphilus_A phoceensis,HGM11368 sp900772745,CAG-449 sp900551385,Ruminococcus_F champanellensis,Collinsella phocaeensis,Alistipes sp002358415
rep360_seed2385	MGYG000001775,CAG-110 sp900547405,DTU089 sp002440045,UBA1691 sp002320555,BX12 sp014333425,Collinsella sp900757505,Dialister succinatiphilus,Oscillibacter ruminantium,CAG-41 sp900066215,PeH17 sp000435055,CAG-485 sp000437495,Prevotellamassilia sp900541335,MGYG000004608
rep361_seed2386	Veillonella sp009929605,Prevotella sp900554545,UMGS1633 sp900553645,Anaerobutyricum sp002161065,Prevotella sp900544495,CAG-492 sp900557195,CAG-115 sp000432175,MGYG000004811,Streptococcus sp000187445,MGYG000004772,Collinsella sp900768265,CAG-269 sp900553125,Collinsella sp900551815
rep362_seed2387	AM51-8 sp900546435,Enterobacter cancerogenus,Bacteroides sp002491635,Rothia mucilaginosa,Collinsella sp003487125,Streptococcus alactolyticus,Lysinibacillus fusiformis_D,Phocaeicola sp000436795,Collinsella sp900547855,MGYG000001242,Eubacterium_F sp000434115,Tidjanibacter inops_A,CAG-873 sp900755985
rep363_seed2388	Providencia rettgeri,Amulumruptor caecigallinarius,Vibrio parahaemolyticus,Acetatifactor sp003447295,UMGS1241 sp900549955,MGYG000003766,Enterobacter kobei,Prevotellamassilia sp900556465,Weissella confusa,Lacticaseibacillus rhamnosus,Anaerostipes rhamnosivorans,Prevotella colorans,CAG-83 sp900756715
rep364_seed2389	Campylobacter_A concisus_L,MGYG000003470,Enterobacter cloacae_K,Dorea_A longicatena_B,MGYG000004135,Streptococcus mitis_BB,UMGS1781 sp900555075,Olsenella_B sp000752675,Enterococcus_A avium,MGYG000003994,Gemmiger variabilis,Eubacterium_T sp900766045,Mitsuokella multacida
rep365_seed2390	Peptostreptococcus anaerobius,MGYG000004870,Clostridium tertium,MGYG000003578,Methanobrevibacter_A sp900766745,Limosilactobacillus caviae,CAG-83 sp900545585,Bulleidia sp900539965,Collinsella aerofaciens_F,Erysipelatoclostridium sp002160495,Lachnoclostridium_B sp900066765,UMGS882 sp900757905,MGYG000003936
rep366_seed2391	Bacteroides sp902388495,UMGS1633 sp900553645,Faecalibacterium sp900765105,CAG-1427 sp900542525,Collinsella sp900551655,UBA5446 sp900759385,MGYG000003045,Enterococcus_G italicus,UBA945 sp900549675,MGYG000000286,Beduini massiliensis,MGYG000002654,Bifidobacterium animalis
rep367_seed2392	MGYG000001020,MGYG000003917,CAG-449 sp900551385,UBA1691 sp900544715,CAG-617 sp000438115,Alistipes_A sp900545315,UMGS1293 sp900754495,UBA7173 sp900548705,UBA5884 sp900551505,Collinsella sp900555815,Dialister sp900543455,Firm-11 sp900540045,Robinsoniella sp900540475
rep368_seed2393	Clostridium sp900539375,NSJ-61 sp003433845,CAG-590 sp900769115,Streptococcus oralis_W,Collinsella sp900542325,RC9 sp900769145,MGYG000003212,Methanosphaera cuniculi,MGYG000001106,Cronobacter malonaticus,Fannyhessea vaginae,Collinsella sp900757185,Porphyromonas gingivalis
rep369_seed2394	Pantoea sp002920175,Stoquefichus massiliensis,Collinsella sp900762015,MGYG000002255,Bifidobacterium gallinarum,UBA1191 sp900066305,Collinsella sp900549245,UMGS1696 sp900753285,MGYG000004708,Succinatimonas hippei,Eubacterium limosum,Collinsella sp900544865,MGYG000003773
rep370_seed2395	Collinsella sp900553215,Eubacterium_R sp000436835,CAG-462 sp003489705,Collinsella sp900768265,CAG-302 sp000431795,Selenomonas_C sp002351185,Phocaeicola sp900551645,UBA866 sp900543295,Clostridium_P massiliamazoniense,Prevotella sp900543975,HGM11514 sp900757255,MGYG000004166,UMGS1668 sp900553955
rep371_seed2396	MGYG000001870,Phocaeicola sp900551065,MGYG000004829,CAG-83 sp001916855,Collinsella sp902362275,MGYG000002170,Ruthenibacterium lactatiformans,RUG11247 sp902767315,UBA3388 sp002358835,Lactonifactor longoviformis,Gordonibacter pamelaeae,Collinsella sp900752475,RUG14107 sp900772685
rep372_seed2397	Muricomes fissicatena_A,Phocaeicola sp900066455,MGYG000004029,Enterobacter_A timonensis,CAG-95 sp900066375,UMGS1397 sp900761355,UBA940 sp900768115,MGYG000004421,Dialister sp000434475,Bacteroides fluxus,Lacticaseibacillus paracasei,CAG-245 sp900761475,MGYG000004170
rep373_seed2398	Eisenbergiella sp900548905,Bacteroides salyersiae,UBA6398 sp003150315,Dysgonomonas capnocytophagoides,Muricomes contortus_B,Collinsella sp900541205,CAG-115 sp900768125,Bacteroides uniformis,Megamonas sp900556715,UBA7597 sp003448195,MGYG000000645,Caecibacter massiliensis,Citrobacter_A sp009363175
rep374_seed2399	CAG-617 sp000431275,CAG-590 sp900769115,Oxalobacter formigenes,MGYG000000733,Collinsella sp900556415,CAG-56 sp900539525,Phocaeicola sp900546645,Granulicatella adiacens,MGYG000000378,UBA1409 sp002338885,Collinsella sp900546825,Enterocloster bolteae,Anaerosporobacter mobilis
rep375_seed2400	Alistipes shahii,MGYG000004161,UBA11517 sp900555365,Blautia_A sp900548245,TF01-11 sp001916135,Acutalibacter sp900759575,MGYG000003904,MGYG000004197,MGYG000003644,Serratia liquefaciens,Dialister sp900765565,MGYG000004884,Duodenibacillus sp900552915
rep376_seed2401	Eubacterium_G sp000435815,Aggregatibacter segnis,Akkermansia sp900545155,Klebsiella_A grimontii,UBA7160 sp900757145,MGYG000003647,MGYG000001954,MGYG000004781,UMGS1537 sp900761045,Citrobacter_A amalonaticus,MGYG000004670,MGYG000000378,Eubacterium_R coprostanoligenes
rep377_seed2402	Dialister invisus,UBA3402 sp003478355,Collinsella sp900544755,CAG-485 sp900760815,MGYG000000425,UBA5884 sp900551505,UMGS1975 sp900556815,Bacteroides ovatus,Murdochiella vaginalis,MGYG000004514,Pseudomonas_R sp900766265,Butyricimonas faecalis,MGYG000002828
rep378_seed2403	UMGS1880 sp900555875,CAG-269 sp001916005,Collinsella sp900553935,Dorea formicigenerans,MGYG000002179,Coprococcus eutactus_A,Akkermansia muciniphila,MGYG000000625,MGYG000002046,CAG-170 sp003516765,UBA940 sp900768115,CAG-302 sp000431795,Anaerostipes rhamnosivorans
rep379_seed2404	CAG-302 sp900548425,Lagierella massiliensis,UBA738 sp003522945,MGYG000002680,MGYG000003816,CAG-83 sp900551995,CAG-354 sp900759015,Actinomyces graevenitzii,UBA9502 sp900538475,Collinsella sp900543845,MGYG000002052,Acidaminococcus fermentans_A,UBA1394 sp900538575
rep380_seed2405	Rothia mucilaginosa_A,MGYG000001242,PeH17 sp000435055,Slackia_A piriformis,Streptococcus koreensis,UMGS1518 sp900552575,CAG-269 sp900556345,Enterocloster sp001517625,MGYG000003833,CAG-83 sp900756715,Salmonella enterica,Anaeroglobus massiliensis,Collinsella sp900540845
rep381_seed2406	Clostridium_AQ sp900552125,Akkermansia sp001580195,MGYG000003887,MGYG000001049,UMGS1370 sp900551135,Rothia dentocariosa,Mediterraneibacter massiliensis,Dorea_A sp900550865,UMGS1872 sp900549475,Beduini massiliensis,Methanobrevibacter_A sp900766745,Pseudobutyrivibrio fibrisolvens_A,Collinsella sp900550815
rep382_seed2407	Porphyromonas_A sp001808555,MGYG000000860,Massiliomicrobiota sp002160815,Murdochiella vaginalis,MGYG000003322,Faecalibacterium sp900539885,CAG-83 sp900756715,Agathobacter sp900550545,Caecibacter sp003467125,Negativibacillus sp000435195,MGYG000003768,Prevotella sp900551985,MGYG000001952
rep383_seed2408	MGYG000004852,UMGS1865 sp900768535,Collinsella sp003458415,Agathobacter faecis,MGYG000004002,Morganella morganii,Veillonella tobetsuensis,Pygmaiobacter massiliensis,MGYG000000448,Mitsuokella sp003458855,Haemophilus_D parainfluenzae_L,UBA10281 sp900767815,HGM11386 sp900761915
rep384_seed2409	Oribacterium sp900772695,MGYG000004559,MGYG000002740,Holdemanella sp002299315,Enterobacter mori,CAG-485 sp900542185,Eubacterium_R sp900539425,MGYG000000380,Mediterraneibacter sp002314255,Collinsella aerofaciens_A,MGYG000004839,GCA-900066905 sp900066905,UMGS929 sp900546875
rep385_seed2410	HGM11386 sp900761915,Cellulosilyticum sp900556665,Cronobacter malonaticus,MGYG000000585,Frisingicoccus sp900753685,CAG-841 sp900544285,Ezakiella massiliensis,Citrobacter werkmanii,Enterocloster sp900551225,MGYG000000691,UMGS1472 sp900552095,Collinsella sp900757265,Dysosmobacter sp000436875
rep386_seed2411	Ezakiella massiliensis,CAG-313 sp900539265,MGYG000001133,CAG-170 sp000436735,RC9 sp000432515,MGYG000000505,MGYG000002203,Faecalicoccus sp900546545,Prevotella sp900765465,CAG-353 sp900066885,Pauljensenia radingae_A,CAG-877 sp900753325,Phascolarctobacterium sp900545535
rep387_seed2412	Lawsonibacter sp900763995,Prevotella copri_A,MGYG000000386,Methanosphaera sp900322125,Senegalimassilia faecalis,Veillonella sp900538355,Paramuribaculum sp900760855,Megamonas hypermegale,Collinsella sp003471585,CAG-1427 sp900542525,Catenibacterium sp000437715,Prevotella sp900545525,MGYG000004547
rep388_seed2413	RC9 sp900546395,Faecalibacillus sp003480255,MGYG000001862,MGYG000004608,Slackia_A piriformis,MGYG000002699,Roseburia sp900550935,Prevotella sp900556825,Psychrobacillus sp012843435,Prevotella sp900549175,Acetatifactor sp900755865,MGYG000000355,Streptococcus mitis_D
rep389_seed2414	Lawsonella clevelandensis,Varibaculum timonense,GCA-900066905 sp900066905,MGYG000002112,UMGS856 sp900546265,Collinsella sp900540855,UMGS1590 sp900759105,MGYG000001906,Streptococcus sp004166885,Eggerthella sinensis,Christensenella sp001678845,MGYG000001566,Cutibacterium acnes
rep390_seed2415	Bifidobacterium angulatum,MGYG000004586,Prevotella timonensis,MGYG000002730,Anaeromassilibacillus sp002159845,Collinsella sp002232035,Roseburia sp900756925,Pauljensenia sp001838165,Fusobacterium massiliense,Anaerosacchariphilus sp900066385,UBA3388 sp002358835,MGYG000001826,Gemmiger sp900540595
rep391_seed2416	Phocaeicola salanitronis,Enterobacter roggenkampii,Dialister sp900543455,Agathobaculum sp900544475,F082 sp900542475,Barnesiella intestinihominis,Collinsella sp900768265,Ruminococcus_D sp900752625,An92 sp900199495,Alistipes_A sp900240235,COE1 sp001916965,Streptococcus sobrinus,Acutalibacter sp000432995
rep392_seed2417	Streptococcus mitis_D,MGYG000003616,MGYG000003175,Senegalimassilia anaerobia,UBA5416 sp900539175,CAG-269 sp900554565,MGYG000002216,Peptoniphilus_E obesi,F082 sp900769945,Neisseria gonorrhoeae,UBA1786 sp900771425,Butyricicoccus pullicaecorum,Clostridium_J ihumii
rep393_seed2418	SFTJ01 sp004557385,RC9 sp000433355,Klebsiella quasipneumoniae,Prevotella sp900313215,MGYG000002084,S5-A14a sp000758905,Holdemania filiformis,MGYG000000626,Prevotella sp900548195,UBA738 sp004557735,Fusobacterium vincentii,MGYG000003837,Muribaculum intestinale
rep394_seed2419	SFJ001 sp004555865,Enterocloster sp001517625,UBA6398 sp900555645,Actinobaculum massiliense,MGYG000004713,SFDB01 sp004558825,Enterococcus_G italicus,MGYG000000433,Prevotellamassilia sp900539625,TM7x sp900555675,Blautia sp003287895,MGYG000000691,UMGS403 sp900541975
rep395_seed2420	MGYG000002719,MGYG000001969,MGYG000004818,Anaerosacchariphilus sp900066385,Hydrogeniiclostridium sp900550095,UMGS946 sp900547135,UBA5884 sp900551505,Ruminococcus_C sp000437175,Anaerofustis stercorihominis,Dorea_B phocaeensis,Eggerthella sp014287365,Pseudescherichia sp002298805,Collinsella sp003471585
rep396_seed2421	F0422 sp900766245,HGM11523 sp900756545,Blautia_A sp900541985,Bacteroides sp900556215,Butyrivibrio_A sp900768755,CAG-451 sp000438295,Eubacterium_G sp900548465,Prevotella lascolaii,RF16 sp900766775,Agathobaculum sp900557315,Pseudescherichia sp002298805,Clostridioides difficile_A,Lactococcus garvieae
rep397_seed2422	HGM13618 sp900753975,MGYG000000795,Gordonibacter sp003339845,QAMH01 sp900556425,UBA5446 sp900546615,MGYG000002084,MGYG000002629,CAG-110 sp900551495,Amulumruptor sp001689515,Collinsella sp900542315,MGYG000004699,Ruthenibacterium lactatiformans,Lachnoclostridium_A sp003464085
rep398_seed2423	Collinsella sp900556365,Collinsella sp900553935,MGYG000002112,Alistipes sp900541585,Latilactobacillus curvatus,F0422 sp900766245,UBA2882 sp900542015,Eubacterium_I ramulus_A,MGYG000004608,Collinsella sp900556605,BX12 sp902363595,MGYG000004841,Turicimonas muris
rep399_seed2424	UMGS1696 sp900554225,KLE1615 sp900066985,Emergencia sp900066695,CAG-964 sp902789345,Oscillibacter ruminantium,CAG-110 sp900546075,Duodenibacillus sp900538905,Clostridium sp900543325,Butyricicoccus pullicaecorum,Collinsella sp900551195,MGYG000004599,CAG-279 sp900541555,Hafnia paralvei
rep400_seed2425	UMGS1312 sp900550625,Bifidobacterium italicum,Collinsella sp900755685,UMGS882 sp900546385,Collinsella sp900556445,Prevotella sp900552965,MGYG000000821,Paramuribaculum sp900546365,UMGS1532 sp900552605,UMGS1670 sp900553995,Streptococcus sp900550895,Prevotella brunnea,Rothia mucilaginosa_A
rep401_seed2426	Lactonifactor sp009677585,MGYG000000380,Beduini massiliensis,Borkfalkia ceftriaxoniphila,UMGS882 sp003343885,MGYG000003980,MGYG000001585,UBA1390 sp900764045,PeH17 sp900542285,Erysipelatoclostridium saccharogumia,Muricomes sp900604355,Collinsella sp900757495,CAG-103 sp900757655
rep402_seed2427	CAG-488 sp900554995,Gordonibacter sp003339845,UMGS599 sp900543705,Klebsiella_A michiganensis,TM7x sp900555265,Collinsella sp900752475,Eubacterium_R sp000431535,UBA1822 sp900545365,UMGS692 sp900544545,UBA9414 sp003458885,MGYG000003975,Collinsella sp900758845,Collinsella sp900540875
rep403_seed2428	MGYG000002604,Megasphaera sp002319965,Collinsella sp900752015,MGYG000004611,Firm-11 sp900548145,CAG-495 sp900538765,MGYG000002657,Prevotella amnii,Enterocloster clostridioformis_A,Collinsella sp900556285,CAG-590 sp000431135,Bacteroides pyogenes,UMGS1537 sp900543695
rep404_seed2429	Pauljensenia sp902373435,UMGS1623 sp900553525,Catenibacillus sp900557175,MGYG000001075,Parabacteroides timonensis,MGYG000004710,Collinsella stercoris,MGYG000002005,Eubacterium_R sp900547915,Merdibacter sp900754715,Olsenella_B sp000752675,Anaerobutyricum hallii,Pauljensenia sp000411415
rep405_seed2430	Bilophila sp900553145,Ruminococcus sp900545125,Bifidobacterium ruminantium,MGYG000003717,Lactonifactor longoviformis,Merdibacter sp900759455,Klebsiella_A indica,Leminorella grimontii,UBA1409 sp900760125,Ruminococcus_C sp000980705,BX12 sp014333425,MGYG000003322,QALR01 sp900552255
rep406_seed2431	Lactobacillus gallinarum,Collinsella sp900762325,MGYG000002204,UBA3388 sp900546465,Fusobacterium_A sp900555845,UMGS1241 sp900540495,Serratia marcescens_I,Fusobacterium_C gonidiaformans,Morganella morganii_A,Dialister sp900557365,MGYG000000862,Gemmiger sp900545545,UBA1820 sp003150615
rep407_seed2432	Eggerthella sinensis,MGYG000003294,Bariatricus comes,Dysosmobacter sp900550685,CAG-95 sp000436115,Zag1 sp000438175,UMGS1537 sp900552695,Lawsonibacter sp900766145,MGYG000003829,Lachnospira sp900772425,MGYG000004135,UMGS1224 sp900549775,CAG-484 sp000431315
rep408_seed2433	MGYG000004558,Peptoniphilus_A harei_A,Paraprevotella sp900760455,Citrobacter youngae,Collinsella sp900541045,CAG-279 sp900541555,MGYG000004325,MGYG000000300,Dysosmobacter sp900546705,Prevotella melaninogenica,Phocaeicola sp900540105,Hydrogeniiclostridium sp900752115,Enterobacter cloacae
rep409_seed2434	Collinsella sp900543845,Collinsella sp900752475,MGYG000002255,Agathobaculum sp900291975,Enterocloster sp900555045,MGYG000004359,Schaedlerella glycyrrhizinilytica,UBA1777 sp900549485,Limosilactobacillus fermentum,Eubacterium_R sp900539775,MGYG000000608,CAG-495 sp900538765,Peptoniphilus_A sp900538655
rep410_seed2435	Megasphaera sp902388315,Faecalimonas sp900546325,Collinsella sp900754435,Collinsella sp900541235,Clostridium sp900539375,UMGS403 sp900541565,Evtepia gabavorous,UMGS1696 sp900763885,Haemophilus_D parainfluenzae_L,Blautia sp900541955,MGYG000001758,Paraprevotella xylaniphila,Beduini massiliensis
rep411_seed2436	MGYG000004247,MGYG000004154,Holdemanella sp002299315,Parabacteroides sp900541965,Holdemanella sp003436425,Lachnospira sp000436535,MGYG000004886,Lactobacillus acidophilus,MGYG000002680,CAG-353 sp900768995,F23-B02 sp004553495,Desulfovibrio sp900540515,Enterococcus_A raffinosus
rep412_seed2437	Veillonella_A sp900765165,CAG-485 sp002361235,Lawsonella clevelandensis,Collinsella sp900751755,HGM11372 sp900767715,Agathobaculum sp900555465,RC9 sp001915575,Lachnospira sp900551945,Streptococcus lutetiensis,UBA9502 sp900538475,MGYG000003770,OF09-33XD sp003481995,Collinsella sp900754525
rep413_seed2438	CAG-110 sp900547405,MGYG000003798,Turicibacter sp001543345,Paraprevotella clara,Bariatricus massiliensis,TF01-11 sp001414325,MGYG000002046,Dialister sp900547785,Eubacterium_R sp900547915,Lawsonibacter sp900549405,Mediterraneibacter faecis,MGYG000000378,Bacteroides fragilis
rep414_seed2439	MGYG000002629,Clostridium baratii,MGYG000004306,Prevotella sp000431975,MGYG000004210,MGYG000003015,MGYG000004103,MGYG000004477,MGYG000002212,MGYG000002654,UMGS1004 sp900761685,Odoribacter laneus,Collinsella sp900540845
rep415_seed2440	MGYG000001792,Harryflintia acetispora,Sporanaerobacter acetigenes,Acetivibrio_A ethanolgignens,CAG-873 sp900548975,MGYG000002053,UMGS946 sp900547135,Collinsella sp900754435,Bifidobacterium adolescentis,Eubacterium_R sp900540235,Streptococcus mitis,Blautia_A obeum_B,Veillonella sp900538355
rep416_seed2441	UBA5905 sp002437905,CAG-475 sp900763875,MGYG000004009,CAG-170 sp000436735,Parasutterella sp900766055,MGYG000004374,ER4 sp003522105,HGM04593 sp900769465,Ruminococcus_E sp002493635,Collinsella sp900542275,Alistipes onderdonkii,UMGS1472 sp900552095,Collinsella sp900554155
rep417_seed2442	Limosilactobacillus caviae,Anaerococcus sp900258475,CAG-83 sp900551995,Finegoldia magna_H,Citrobacter youngae,UBA9502 sp900770535,MGYG000004781,Lachnoclostridium_B sp900066765,Tidjanibacter inops_A,MGYG000004874,Faecalibacterium prausnitzii_I,Collinsella sp003462685,MGYG000003719
rep418_seed2443	Parabacteroides chinchillae,Caproiciproducens sp000752215,Enterocloster aldenensis,MGYG000001284,Marseille-P4683 sp900232885,Collinsella sp900555815,CAG-485 sp900542185,Prevotellamassilia sp900772575,Actinomyces graevenitzii,HGM04593 sp900770665,Negativibacillus massiliensis,MGYG000002753,MGYG000002731
rep419_seed2444	Holdemanella biformis,MGYG000003994,Collinsella sp900549355,Acetatifactor sp900760705,MGYG000004670,MGYG000003071,Erysipelatoclostridium spiroforme,Clostridium_AQ sp900552125,F23-B02 sp004557075,MGYG000000680,MGYG000000640,Phytobacter massiliensis,RC9 sp900545245
rep420_seed2445	CAG-269 sp000431335,Dialister sp900543165,Faecalibacterium prausnitzii_C,Bacteroides sp900556215,MGYG000004772,Enterobacter asburiae_B,Paraclostridium sordellii,Muribaculum sp002473395,Holdemanella sp003458715,MGYG000000745,CAG-877 sp900548695,MGYG000004408,Collinsella sp900554645
rep421_seed2446	Ruminiclostridium_E sp900539195,Lachnospira sp000437735,CAG-269 sp001916005,QAMH01 sp900556425,Enterocloster sp000431375,UBA6398 sp003150315,Flavonifractor sp900549795,MGYG000004837,Parabacteroides sp000436495,CAG-127 sp900319515,Bariatricus sp900554415,Prevotella corporis,UMGS1668 sp900768105
rep422_seed2447	Fusobacterium_A varium_A,Prevotella sp900317685,Alistipes sp900552955,MGYG000004630,Collinsella sp900541285,MGYG000001683,MGYG000002210,Peptostreptococcus stomatis,CAG-475 sp900548005,CAG-831 sp900544175,MGYG000002095,Criibacterium bergeronii,Enterobacter cloacae
rep423_seed2448	MGYG000001969,Prevotella sp000436695,Bacteroides_F pectinophilus,Limosilactobacillus timonensis,Agathobacter faecis,Pauljensenia sp000278725,MGYG000001870,Atlantibacter hermannii,HGM12814 sp900770165,Clostridium beijerinckii,Citrobacter portucalensis_A,Lacrimispora sp000526575,Pantoea eucalypti
rep424_seed2449	Blautia sp900765525,VUNA01 sp002299625,Coprococcus_A sp900548825,Gordonibacter sp003339845,MGYG000001061,Clostridium_E jeddahense,Prevotella salivae,UMGS1872 sp900549475,Anaerococcus rubeinfantis,MGYG000004393,Lawsonibacter sp900066825,Blautia_A caecimuris,Merdimonas faecis
rep425_seed2450	CAG-127 sp900553925,MGYG000002624,MGYG000001804,Alistipes sp900546065,MGYG000003319,CAG-269 sp900556345,Campylobacter_A concisus_R,Prevotellamassilia sp900541335,GCA-900066495 sp900545985,Agathobacter sp900550545,MGYG000001028,Faecalibacterium sp900539885,CAG-170 sp900751035
rep426_seed2451	MGYG000004890,Treponema_D sp900769975,UBA5394 sp003150565,MGYG000000566,Prevotella sp900770025,MGYG000000425,Paraeggerthella hongkongensis,MGYG000001817,Alistipes sp900770635,MGYG000000398,MGYG000004664,CAG-83 sp900547745,Collinsella sp900554155
rep427_seed2452	MGYG000004118,CAG-115 sp900766795,MGYG000003076,Catenibacterium sp900540685,CAG-411 sp000437275,ER4 sp900546295,Eubacterium_G sp000435815,Collinsella sp900556445,Lachnoclostridium_B sp900066555,Alistipes finegoldii,Bacteroides finegoldii,HGM11521 sp900751885,CAG-582 sp900760845
rep428_seed2453	F082 sp002633315,Arabia massiliensis,Campylobacter_B sp900539505,Providencia rettgeri,Parabacteroides sp900760525,MGYG000003752,MGYG000001049,Sutterella sp900762445,MGYG000004238,Lancefieldella sp902373375,Succinatimonas hippei,Peptostreptococcus russellii_A,UMGS1279 sp900761625
rep429_seed2454	OF09-33XD sp003481995,Gordonibacter sp003339845,Collinsella sp900767675,Butyricicoccus_A sp002395695,Clostridium sp001916075,MGYG000003719,Anaerosacchariphilus sp900553635,UBA11471 sp000434215,Bacillus_A luti,MGYG000004749,Alistipes timonensis,UMGS1889 sp900556055,MGYG000004462
rep430_seed2455	MGYG000003877,UMGS1293 sp900754495,Allisonella pneumosintes,MGYG000003015,Ruminococcus_E sp900314705,MGYG000004604,UBA1191 sp900066305,WG-1 sp900539665,UBA1417 sp003531055,Olsenella sp900555995,MGYG000004849,Blautia_A sp003477525,Citrobacter gillenii
rep431_seed2456	MGYG000002702,MGYG000004042,MGYG000001840,Ruminococcus_A faecicola,MGYG000004062,ER4 sp900550165,PeH17 sp000435055,Phil1 sp001940855,UBA5446 sp900544295,UMGS1872 sp902373635,MGYG000004722,UMGS1783 sp900555065,RUG14107 sp900772685
rep432_seed2457	MGYG000000680,Phocaeicola sp900066455,Salinicola tamaricis,RC9 sp900544195,MGYG000000432,CAG-245 sp000434195,Roseburia sp900548205,Eubacterium_R sp900539165,MGYG000001181,Alistipes onderdonkii,Paenibacillus lactis,Eubacterium_G sp900548465,Mediterraneibacter faecis
rep433_seed2458	Blautia_A sp003471165,Streptococcus mutans,MGYG000004591,CAG-170 sp002404795,MGYG000001205,Prevotella sp900550365,Clostridium cuniculi,Methanobrevibacter_A oralis,Paramuribaculum sp900546365,Tidjanibacter inops_A,Bittarella massiliensis,Enterococcus_B lactis,MGYG000002797
rep434_seed2459	MGYG000002115,Fusobacterium_A sp900555845,Collinsella sp003471585,Collinsella sp900551195,Caecibacter sp003467125,Citrobacter_A sp009363175,MGYG000001137,MGYG000004760,Faecalibacterium sp900540455,MGYG000000650,Lawsonibacter sp900754605,Haemophilus influenzae,CAG-590 sp900552885
rep435_seed2460	CAG-510 sp000434615,Bacteroides sp002491635,UBA1191 sp900549125,F23-B02 sp900772725,Lawsonibacter sp900066645,UBA5905 sp900764115,Alterileibacterium massiliense,Eubacterium_R coprostanoligenes,CAG-110 sp900546075,Lawsonibacter sp900766145,Blautia_A sp900541345,Bacteroides congonensis,CAG-269 sp900554175
rep436_seed2461	CAG-110 sp900548795,MGYG000004408,MGYG000004822,Acutalibacter sp900759575,HGM12669 sp900761935,UMGS1810 sp900555295,UMGS995 sp900547465,MGYG000001205,Collinsella sp900549355,MGYG000002115,UBA7488 sp002477185,Collinsella aerofaciens_H,Enterocloster sp900753815
rep437_seed2462	MGYG000000706,QALW01 sp003150515,MGYG000003863,MGYG000000384,CAG-510 sp900550475,CAG-269 sp000435535,Rahnella variigena,Campylobacter_A concisus_B,Enterocloster sp900555045,Enterocloster sp900551225,Barnesiella sp002159975,MGYG000004628,Enterocloster asparagiformis
rep438_seed2463	MGYG000002176,Robinsoniella peoriensis,MGYG000002073,Phocaeicola sp902388365,UBA9414 sp003458885,UMGS1864 sp900555835,Gemmiger formicilis,Fusobacterium nucleatum,Porphyromonas sp900548415,MGYG000004312,MGYG000002025,CAG-269 sp900760175,Lachnospira sp003537285
rep439_seed2464	Collinsella sp900548075,MGYG000003766,Enterobacter chengduensis,MGYG000003207,Bariatricus sp900554415,Prevotella sp900551055,Collinsella sp900555745,MGYG000004558,CAG-83 sp900549395,Collinsella sp900543845,Prevotella sp900552675,UBA5416 sp900539175,UMGS1397 sp900551425
rep440_seed2465	Ruminiclostridium_E sp900556525,MGYG000001969,NSJ-63 sp014384805,MGYG000004365,MGYG000002606,MGYG000000387,Lawsonibacter sp900763995,Clostridium beijerinckii,CAG-485 sp900555915,MGYG000004519,Faecalimonas sp900546325,Roseburia sp900548205,MGYG000001195
rep441_seed2466	Atlantibacter hermannii,Eikenella corrodens,Anaerosacchariphilus sp900066385,Clostridium butyricum,Porphyromonas gingivalis,Pauljensenia sp001838165,RC9 sp900546395,CAG-115 sp900766795,Acidaminococcus sp900538365,MGYG000003936,CAG-196 sp900553895,Haemophilus_D parainfluenzae_M,Enterocloster sp000155435
rep442_seed2467	MGYG000002107,UBA5416 sp900539175,Prevotella denticola,Faecalibacterium prausnitzii,Collinsella sp900542155,F23-B02 sp000431075,Lactonifactor sp009677585,Prevotella oris,CAG-180 sp000432435,Granulicatella sp001058355,CAG-170 sp900553545,CAG-313 sp900539265,Clostridium sp900547475
rep443_seed2468	Haemophilus_D parainfluenzae_K,Muricomes sp000509105,CAG-582 sp900760845,Bifidobacterium dentium,Fusobacterium_B sp900554885,Mediterraneibacter massiliensis,Blautia_A hydrogenotrophica,Prevotella sp002251365,MGYG000000339,Prevotella stercorea,Gordonibacter massiliensis,CAG-196 sp900549855,Aneurinibacillus aneurinilyticus
rep444_seed2469	Eisenbergiella massiliensis,Anaeroglobus massiliensis,Gemmiger formicilis,Bifidobacterium gallinarum,Bulleidia sp900539965,UMGS731 sp900544985,Negativibacillus sp900547455,UBA737 sp900549755,MGYG000004628,Blautia_A hydrogenotrophica,Roseburia sp003483745,Erysipelatoclostridium saccharogumia,UBA5416 sp900539175
rep445_seed2470	Enterobacter sichuanensis,Collinsella sp900544065,Dialister hominis,Eubacterium_R sp900539775,Megasphaera sp000417505,Phascolarctobacterium_A succinatutens,CAG-510 sp900551115,Paraclostridium bifermentans,Prevotella brunnea,Roseburia sp003470905,Epilithonimonas bovis,UMGS416 sp900542005,Collinsella sp900552145
rep446_seed2471	Firm-11 sp900550955,MGYG000000398,MGYG000003296,MGYG000003053,Butyricimonas synergistica,MGYG000003509,Dysosmobacter sp900556925,Parabacteroides faecis,Agathobacter sp900552085,Bifidobacterium sp900551485,Dorea_A sp900550865,Enterocloster sp900551225,Eubacterium_I sp900066595
rep447_seed2472	Collinsella sp900541645,MGYG000000397,Phascolarctobacterium sp900554395,MGYG000003289,MGYG000002708,Plesiomonas shigelloides,Prevotella copri_A,Phocaeicola sp900544075,MGYG000003909,MGYG000003776,Barnesiella sp900538705,Collinsella sp900754275,Neisseria subflava_C
rep448_seed2473	Acutalibacter timonensis,UMGS2055 sp900557635,UMGS856 sp900760305,Acutalibacter sp900548545,MGYG000003211,MGYG000004749,Dysosmobacter sp900548505,MGYG000004007,Clostridium saudiense,MGYG000002931,Hydrogeniiclostridium sp900752115,MGYG000004836,MGYG000000738
rep449_seed2474	Yokenella regensburgei,Dielma fastidiosa,Muricomes contortus_B,HGM13233 sp900762805,MGYG000003909,Collinsella sp900541685,MGYG000002769,Frisingicoccus sp900757195,Collinsella sp900544865,MGYG000003955,UMGS1781 sp900555075,Faecalibacterium prausnitzii_H,CAG-279 sp000437795
rep450_seed2475	Barnesiella sp002159975,Enorma sp900751795,Dorea_A longicatena_B,Peptostreptococcus stomatis,UBA1786 sp900771425,CAG-110 sp900556935,Veillonella sp900550175,SFFH01 sp900542445,Faecalibacillus sp900544435,Roseburia intestinalis,MGYG000003917,UMGS403 sp900541565,Alistipes sp900769445
rep451_seed2476	UBA3388 sp002358835,Blautia_A obeum_B,MGYG000002076,MGYG000004365,Enterococcus_D sp002850555,Absicoccus sp000434355,Mediterraneibacter massiliensis,MGYG000004699,Collinsella sp900552875,Porphyromonas asaccharolytica,CAG-485 sp900542185,Streptococcus equinus,Actinobaculum massiliense
rep452_seed2477	Coprococcus eutactus_A,Collinsella sp900544425,Mediterraneibacter sp900553885,Methanosphaera cuniculi,CAG-831 sp902388455,Prevotellamassilia sp900543155,Gemmiger variabilis_B,RC9 sp000433355,Dielma sp001305055,CAG-83 sp900548615,MGYG000002127,RF16 sp900766775,Prevotella sp900550365
rep453_seed2478	Blautia sp900541955,Collinsella sp900556415,Enterocloster sp900555905,TM7x sp900557595,Phocaeicola ilei,CAG-56 sp900762665,MGYG000000680,Collinsella sp900546825,Blautia_A obeum_B,MGYG000004161,UBA1777 sp900549545,SFTJ01 sp004557385,Evtepia sp004556345
rep454_seed2479	MGYG000002677,MGYG000000377,Sutterella sp900762445,Prevotella sp000436915,CAG-882 sp000435595,Porphyromonas gingivalis,Collinsella bouchesdurhonensis,MGYG000004172,Dysgonomonas gadei,CAG-279 sp000437795,Megasphaera massiliensis,Acetatifactor sp900766575,MGYG000002255
rep455_seed2480	Fusobacterium massiliense,Collinsella sp900551655,Massiliomicrobiota sp002160865,Holdemania filiformis,Alistipes_A ihumii,D5 sp900113995,MGYG000003970,MGYG000000702,Marvinbryantia sp900066075,HGM11808 sp900757025,MGYG000004864,MGYG000000448,Streptococcus sp000187445
rep456_seed2481	Garciella sp900555725,UMGS905 sp900540085,Anaerobutyricum hallii,UMGS882 sp003343885,Paraprevotella sp003477995,V9D3004 sp002349525,CAG-272 sp000433515,F23-B02 sp900772725,CAG-145 sp002320005,UBA1417 sp900549945,MGYG000002084,Eubacterium_R sp003526845,MGYG000004677
rep457_seed2482	MGYG000004247,Alistipes sp902363575,TM7x sp900557595,Enterococcus_A avium,Massilistercora timonensis,MGYG000002212,Tidjanibacter inops_A,MGYG000004611,UBA737 sp900754145,Anaeromassilibacillus sp001305115,MGYG000001242,Evtepia sp004556345,Clostridium_J ihumii
rep458_seed2483	MGYG000004209,Collinsella sp900554155,MGYG000000640,Citrobacter gillenii,Prevotellamassilia sp900541335,Catenibacterium mitsuokai,MGYG000000586,Prevotella copri_A,Ruminococcus_A faecicola,Blautia_A sp900549015,Veillonella_A sp900765165,MGYG000000658,CAG-590 sp900544905
rep459_seed2484	Intestinimonas butyriciproducens,Bifidobacterium pullorum,Blautia_A sp900541345,Enorma massiliensis,Collinsella sp003436275,CAG-302 sp001916775,Proteus penneri,Bifidobacterium angulatum,MGYG000002095,Rothia mucilaginosa_B,CAG-1024 sp000432015,Phascolarctobacterium_A sp900541915,CAG-196 sp900553895
rep460_seed2485	Collinsella sp900554645,Holdemanella sp900547815,Collinsella sp900556285,Mobilibacterium sp900315625,Collinsella sp900551015,Dialister sp900547785,CAG-1427 sp900553605,Clostridium_Q saccharolyticum_A,Anaerotignum sp001304995,CAG-41 sp900066215,An92 sp900199495,MGYG000001775,Prevotella sp900552965
rep461_seed2486	Phocaeicola coprocola,Serratia marcescens_I,CAG-269 sp001916035,CAG-302 sp900548425,Eubacterium_R sp000433975,CAG-180 sp000432435,Proteus sp001722135,MGYG000002901,CAG-793 sp900557475,Rothia aeria,Collinsella sp003458415,GCA-900066495 sp900066495,MGYG000002150
rep462_seed2487	Agathobaculum sp900544475,Fusobacterium vincentii,MGYG000004628,MGYG000004340,Campylobacter_A concisus_B,MGYG000004793,MGYG000004874,Veillonella sp900757715,Agathobacter sp900546625,HGM11507 sp900761005,Lachnoclostridium sp900078195,SFMI01 sp004556155,UBA5446 sp900545405
rep463_seed2488	Olsenella_E timonensis,Turicimonas muris,GCA-900066495 sp900066495,MGYG000002791,Klebsiella quasivariicola,CAG-793 sp000433915,CAG-488 sp900554995,UBA11471 sp900542765,UBA7185 sp900556545,MGYG000003212,Dialister sp900759415,Eubacterium_R sp900540235,Pauljensenia bouchesdurhonensis
rep464_seed2489	MGYG000000516,MGYG000003299,Anaerostipes caccae,MGYG000003969,Blautia sp900765525,SFMI01 sp004556155,Dialister sp900547785,Faecalibacterium prausnitzii_M,MGYG000002881,Dialister sp900543455,MGYG000004432,Parabacteroides massiliensis,TM7x sp900555885
rep465_seed2490	Streptococcus sp000187445,Fusobacterium_A varium_A,Veillonella dispar,Collinsella sp003487125,Erysipelatoclostridium spiroforme,Ruminococcus_G gauvreauii,Enterocloster lavalensis,MGYG000003053,Oribacterium sp900770445,UBA737 sp900547305,Akkermansia sp001580195,Phocaeicola sp002161565,Enterocloster sp900549235
rep466_seed2491	Cedecea davisae,Varibaculum timonense,MGYG000000736,Clostridium_Q symbiosum,Eubacterium_R sp900547915,MGYG000002212,Anaeromassilibacillus sp002159845,Blautia_A wexlerae_A,MGYG000002176,Caecibacter sp003467125,Lactobacillus intestinalis,Enterocloster asparagiformis,Prevotella melaninogenica
rep467_seed2492	Prevotella sp900769275,MGYG000003788,Citrobacter_B koseri,Citrobacter portucalensis,UBA636 sp900546285,Bilophila sp900550745,Collinsella sp900760325,Alistipes finegoldii,UMGS1338 sp900550805,MGYG000000547,CAG-603 sp900066105,MGYG000000286,Olsenella sp900555995
rep468_seed2493	CAG-1427 sp900553605,Enterocloster sp000431375,CAG-492 sp000434335,Phascolarctobacterium sp900544795,MGYG000002073,MGYG000000210,Streptococcus alactolyticus,Moellerella wisconsensis,Klebsiella_A oxytoca,Collinsella sp900547855,Alistipes sp900761235,Agathobacter rectalis,CAG-196 sp900553895
rep469_seed2494	Eubacterium_M sp900540015,Akkermansia sp004167605,MGYG000000597,Clostridium_AQ sp003481775,Ruminococcus_E sp003438075,Megasphaera stantonii,CAG-170 sp002404795,TF01-11 sp900759665,CAG-56 sp900762665,Collinsella sp900759565,MGYG000004553,Agathobacter sp900549895,Eikenella corrodens
rep470_seed2495	MGYG000001825,UBA1691 sp900544715,MGYG000003136,Rothia mucilaginosa_B,MGYG000004027,UMGS1815 sp900555345,Prevotella salivae,MGYG000003324,Eubacterium_R coprostanoligenes,MGYG000004665,MGYG000000592,Bifidobacterium sp002742445,Lachnoclostridium_B sp900543315
rep471_seed2496	UBA7597 sp003448195,Prevotella oralis,Peptoniphilus_A harei,CABIZH01 sp902363205,MGYG000003698,HGM11514 sp900757255,Clostridium neonatale,MGYG000002089,Blautia_A schinkii,Pseudoflavonifractor capillosus,MGYG000003941,Collinsella sp900547345,Streptococcus equinus
rep472_seed2497	Collinsella sp900759335,UBA945 sp900549675,QALS01 sp900552625,Faecalibacterium sp900758465,UBA4644 sp900555855,HGM11523 sp900756545,Romboutsia timonensis,UMGS75 sp900538885,Dialister succinatiphilus,MGYG000003842,Bacteroides ndongoniae,MGYG000004748,Citrobacter_A amalonaticus
rep473_seed2498	UMGS1591 sp900553255,Collinsella sp900762325,MGYG000002204,Garciella sp900555725,UMGS1370 sp900542035,MGYG000004700,Sporanaerobacter acetigenes,MGYG000001049,MGYG000002696,RC9 sp000432655,Chimaeribacter coloradensis,UMGS1839 sp900555545,MGYG000004445
rep474_seed2499	UBA7182 sp003480725,Hafnia alvei,Gabonibacter sp900543425,CAG-831 sp902388455,Bifidobacterium italicum,Bacteroides fluxus,Alistipes sp002358415,Agathobacter rectalis,MGYG000003021,MGYG000004427,Muricomes contortus_B,Holdemanella sp002299315,Ruminiclostridium_E sp900539195
rep475_seed2500	MGYG000002092,Eubacterium_R sp900555015,MGYG000003778,CAG-110 sp900546075,Lachnospira sp900552795,Blautia sp003287895,MGYG000002017,RQCD01 sp008668455,CAG-269 sp001916035,Acetatifactor sp900755865,Streptococcus sp900555155,MGYG000001886,Dysosmobacter sp900544615
rep476_seed2501	TF01-11 sp003524945,Selenomonas_A sp900769615,Treponema_D sp900769975,Peptoniphilus_A harei,MGYG000004197,Streptococcus mitis_BB,MGYG000002229,Acutalibacter sp900543305,CAG-110 sp900763965,Actinomyces oris,Blautia_A sp003471165,QALW01 sp003150515,Ruminococcus_D sp000434695
rep477_seed2502	MGYG000001048,MGYG000003788,Anaerococcus vaginalis_B,Prevotella sp900549175,UBA1259 sp900760875,CAG-83 sp900550615,Veillonella sp900552445,CAG-110 sp900544705,MGYG000000680,MGYG000004098,MGYG000001977,MGYG000000594,Veillonella sp900550455
rep478_seed2503	Massilioclostridium coli,MGYG000002212,Faecalimonas umbilicata,Kluyvera sp902363335,Escherichia fergusonii,Ruminococcus_B gnavus,UBA10677 sp003533505,Blautia sp002161285,QALR01 sp900553085,MGYG000004010,CAG-110 sp900549495,Bacteroides fragilis,MGYG000003061
rep479_seed2504	Mediterraneibacter sp002314255,MGYG000003167,Anaerosacchariphilus sp900066385,Murimonas intestini,Bulleidia sp900539965,Pseudobutyrivibrio fibrisolvens_A,MGYG000000594,UMGS1004 sp900761685,Marvinbryantia sp900544685,MGYG000004782,MGYG000003778,Lactobacillus amylovorus,Collinsella sp900756725
rep480_seed2505	UMGS1611 sp900553435,UBA5026 sp900557305,MGYG000003162,Odoribacter laneus,Collinsella stercoris,CAG-269 sp900553985,Prevotellamassilia sp900539625,CAG-1031 sp000431215,MGYG000004714,Collinsella sp900765185,MGYG000004873,Intestinibacter sp900540355,CAG-964 sp902789345
rep481_seed2506	CAG-831 sp902388455,Pantoea brenneri,CAG-45 sp000438375,CAG-485 sp900550645,Paraprevotella sp003477995,Hydrogeniiclostridium sp900550095,MGYG000002613,WG-1 sp900539665,Collinsella sp900540875,UBA5905 sp900764115,Lachnoanaerobaculum orale,Holdemanella sp003436425,Blautia_A sp900541345
rep482_seed2507	Eisenbergiella sp900548905,Enterocloster sp900538485,MGYG000001977,MGYG000001969,MGYG000002058,Collinsella sp900757495,Collinsella sp900541745,Prevotella sp000436035,Fusobacterium animalis,Ruminiclostridium_E siraeum,Haemophilus_D parainfluenzae_L,Bacteroides thetaiotaomicron,UMGS1537 sp900552695
rep483_seed2508	Bifidobacterium bifidum,Eubacterium_I sp900557275,Eubacterium_T sp900766045,Serratia marcescens_I,Hafnia alvei,MGYG000002005,Ruminococcus_D sp900752625,CAG-196 sp002102975,MGYG000001954,MGYG000004002,Enorma massiliensis,UMGS966 sp900761965,MGYG000002627
rep484_seed2509	F0040 sp000318095,MGYG000001977,Prevotella amnii,MGYG000000674,Enterococcus_B faecium,MGYG000001915,MGYG000003076,Agathobaculum desmolans,MGYG000003322,TM7x sp900555265,Ruminiclostridium_E sp900768735,Yersinia enterocolitica,MGYG000004116
rep485_seed2510	MGYG000003296,Bacillus_A luti,Absicoccus sp000434355,MGYG000002046,Actinomyces oris,CAG-628 sp003524085,MGYG000002099,MGYG000004558,MGYG000001899,MGYG000002712,Prevotella salivae,UBA1417 sp900549945,MGYG000000860
rep486_seed2511	UBA1822 sp002314995,Collinsella sp900547805,Lactobacillus helveticus,Alistipes sp900549305,Bacilliculturomica massiliensis,Alistipes_A sp900240235,Prevotellamassilia sp900541575,CAG-317 sp900543415,Superficieibacter sp900766525,Phascolarctobacterium_A sp900553055,Collinsella sp900549345,F0422 sp003999875,Parasutterella excrementihominis
rep487_seed2512	CAG-632 sp900539185,CAG-411 sp000437275,MGYG000000377,Collinsella sp900554585,CAG-354 sp900553015,Blautia_A sp900553515,MGYG000002213,Sneathia amnii,Streptococcus parasanguinis_B,MGYG000002674,MGYG000002758,MGYG000003839,MGYG000000735
rep488_seed2513	Prevotellamassilia sp000437675,CAG-269 sp001916065,Mediterraneibacter sp900761655,UBA737 sp900549055,Dialister sp900759415,Vibrio parahaemolyticus,Parabacteroides sp900541965,MGYG000004119,Rubneribacter badeniensis,Citrobacter portucalensis,Lacrimispora sp902363735,Streptococcus sp001556435,RC9 sp900769145
rep489_seed2514	Collinsella sp900554985,Roseburia sp003483745,Dorea_A longicatena,MGYG000004599,Veillonella sp900550175,Agathobaculum sp900557315,Porphyromonas sp900548415,UBA1259 sp900760875,Lawsonibacter sp900066645,MGYG000002828,Phascolarctobacterium faecium,UBA2883 sp002103075,Anaerococcus vaginalis_B
rep490_seed2515	MGYG000004664,QALS01 sp003150575,MGYG000003923,Klebsiella_A oxytoca,Yersinia kristensenii_B,Butyricicoccus_A sp002395695,CAG-110 sp900546915,Catenibacterium sp900540665,Blautia_A hydrogenotrophica,QALW01 sp003150515,Duodenibacillus sp900542805,Lactobacillus hominis,TF01-11 sp900759665
rep491_seed2516	UMGS1370 sp900551135,Holdemania filiformis,MGYG000000456,Erysipelatoclostridium spiroforme,Fusobacterium sp000235465,CAG-145 sp000435715,Leclercia adecarboxylata_C,Eubacterium_R sp900539845,Enterobacter cloacae_K,UMGS966 sp900547185,Dysosmobacter sp900556925,Massilistercora timonensis,Peptoniphilus_A senegalensis
rep492_seed2517	Phocaeicola sp900544075,MGYG000003270,MGYG000000752,Clostridium_P massiliamazoniense,UMGS1880 sp900555875,Sellimonas sp002161525,CAG-127 sp900553925,COE1 sp001916965,MGYG000004080,UBA4372 sp900766785,Faecalibacillus intestinalis,Acutalibacter sp900755895,UBA7160 sp902363665
rep493_seed2518	Fusobacterium_A ulcerans_A,Pseudoruminococcus massiliensis,MGYG000000342,CAG-83 sp900756715,CAG-81 sp900066785,Collinsella sp900549215,Oxalobacter formigenes,CAG-81 sp900066055,MGYG000003934,Roseburia hominis,Agathobacter sp900543445,UMGS1781 sp900555075,MGYG000003773
rep494_seed2519	CAG-103 sp900317855,Negativibacillus massiliensis,Prevotella sp900540415,Campylobacter_A concisus_W,UMGS1225 sp900549725,MGYG000004793,Collinsella sp900549355,MGYG000002215,MGYG000004700,Bifidobacterium sp002742445,QAKD01 sp003343965,Prevotella jejuni,Citrobacter portucalensis_A
rep495_seed2520	Peptococcus niger,CAG-279 sp900544305,Phocaeicola sp902388365,Collinsella sp900762015,MGYG000000589,MGYG000004611,CAG-495 sp001917125,CAG-877 sp900548695,Collinsella sp900547855,Campylobacter_A concisus_R,Bacteroides togonis,MGYG000004700,QALS01 sp900552625
rep496_seed2521	Eisenbergiella sp900544445,MGYG000002730,MGYG000004586,MGYG000002791,Lancefieldella sp900555335,Prevotella sp002350355,CAG-127 sp900766925,UMGS1572 sp900553045,Veillonella sp900545205,CAG-95 sp900066375,Caecibacter sp900549385,UBA6398 sp900550635,Eubacterium_M sp900540015
rep497_seed2522	CAG-170 sp003516765,F0422 sp003999875,UBA4372 sp900766785,Faecalibacterium prausnitzii_H,MGYG000002901,MGYG000004231,MGYG000004258,NSJ-50 sp014385105,MGYG000004817,MGYG000003863,CAG-485 sp002491165,Pauljensenia turicensis,MGYG000003212
rep498_seed2523	Collinsella sp900554655,MGYG000001809,Parabacteroides johnsonii,CAG-465 sp900554875,CAG-83 sp900545495,MGYG000000594,Streptococcus infantarius,Parolsenella sp900552935,Collinsella sp900760245,MGYG000004857,Prevotella sp000436915,Dysosmobacter sp900544955,MGYG000004519
rep499_seed2524	UMGS1293 sp900754495,MGYG000003167,Collinsella sp900542155,Prevotella lascolaii,MGYG000002809,Bariatricus massiliensis,Prevotella sp900770395,Anaerococcus sp900550345,Desulfovibrio legallii,CAG-115 sp900768705,Collinsella sp900757285,Blautia_A obeum,Haemophilus influenzae
rep500_seed2525	QALS01 sp900552625,Ligilactobacillus sp900765635,Bilophila sp900553145,UBA11524 sp900769075,Collinsella sp900757505,MGYG000003977,Butyricimonas paravirosa,Parabacteroides sp900541965,CAG-488 sp900554995,CAG-302 sp900554615,MGYG000004651,Scardovia wiggsiae,Akkermansia sp001580195
rep501_seed2526	Acinetobacter baumannii,CAG-245 sp000434195,Enterococcus_B faecium,GCA-900066135 sp900066135,Prevotella sp900556825,CAG-145 sp900540145,CAG-180 sp004556705,Firm-10 sp004552515,Blautia_A sp900542045,Paraclostridium tenue,Collinsella sp900550205,CAG-279 sp900544305,MGYG000000677
rep502_seed2527	Enterocloster clostridioformis_A,UBA1786 sp900771425,TM7x sp900555675,Phocaeicola coprophilus,UBA5446 sp900545405,MGYG000001870,Desulfovibrio legallii,Providencia alcalifaciens,HGM11372 sp900767715,Rahnella variigena,MGYG000004745,Dorea formicigenerans,Bacteroides cutis
rep503_seed2528	Evtepia sp004556345,Lacrimispora sp000526575,CAG-110 sp000435995,Enterocloster clostridioformis_A,Collinsella sp900554665,MGYG000004380,Methanobrevibacter_A smithii,MGYG000004028,Eubacterium_T sp900766045,UBA1417 sp900549945,CAG-465 sp900554875,Pseudomonas_E massiliensis,Prevotella sp900316565
rep504_seed2529	UBA1191 sp900549125,Alistipes_A sp900539755,CAG-110 sp900544705,Agathobacter sp900548765,MGYG000004549,CAG-83 sp900551355,UBA1206 sp000433115,Parabacteroides massiliensis,Bacteroides faecis,Sutterella parvirubra,MGYG000000377,CAG-390 sp000437015,Clostridium neonatale
rep505_seed2530	CAG-877 sp900753325,Enterobacter cloacae_O,UBA2882 sp900542015,UBA2882 sp002362385,Fournierella sp900543285,Roseburia sp900542495,Klebsiella_A michiganensis,MGYG000004383,UMGS1474 sp900547105,CAG-194 sp000432915,Ruminococcus_C sp000980705,Borkfalkia ceftriaxoniphila,CAG-180 sp000432435
rep506_seed2531	Parabacteroides bouchesdurhonensis,Bifidobacterium dentium,Negativibacillus sp900547455,MGYG000003837,Haemophilus_D parainfluenzae_M,MGYG000003053,Lawsonella clevelandensis,Agathobacter sp900548765,Streptococcus oralis,Porphyromonas uenonis_A,MGYG000001758,Porphyromonas sp900539765,Alistipes sp002358415
rep507_seed2532	Alistipes_A ihumii,MGYG000001809,UBA7173 sp900546835,Streptococcus oralis,Ruminococcus_D sp900752625,Bacteroides ndongoniae,Acidaminococcus sp900538365,Butyricimonas sp003479425,Muricomes oroticus,CAG-269 sp900553125,UBA9502 sp900540335,Porphyromonas uenonis_A,Hungatella_A hathewayi_A
rep508_seed2533	UMGS882 sp900757905,Kluyvera ascorbata,MGYG000004172,Eisenbergiella massiliensis,MGYG000004854,MGYG000004753,MGYG000003850,Veillonella sp003463825,Anaerobutyricum sp900754855,Phascolarctobacterium_A sp900553055,MGYG000003778,Collinsella sp900545605,Streptococcus gordonii
rep509_seed2534	ER4 sp900552375,MGYG000004342,CAG-312 sp002437405,CAG-110 sp900763965,UBA6398 sp003150315,MGYG000004881,Lentilactobacillus hilgardii,MGYG000002585,Parabacteroides distasonis,UBA4871 sp900554535,Acidaminococcus timonensis,Salmonella enterica,MGYG000002614
rep510_seed2535	MGYG000004864,MGYG000001792,Collinsella sp900759565,MGYG000003021,Megamonas hypermegale,Dysgonomonas sp900079735,Absicoccus sp000434355,UBA1740 sp900767415,MGYG000003747,MGYG000001952,Prevotella sp900767615,Merdibacter sp900543035,Duodenibacillus sp900762555
rep511_seed2536	MGYG000004822,Fusobacterium_A sp900015295,MGYG000003434,MGYG000004193,Lawsonibacter sp900766145,Faecalibacillus intestinalis,RUG11247 sp902767315,HGM12789 sp900766585,MGYG000000400,Prevotellamassilia sp000437675,Clostridium cuniculi,Collinsella sp900543615,Collinsella sp900541645
rep512_seed2537	Lachnospira sp000436475,Eubacterium_R coprostanoligenes,MGYG000002107,Muribaculum sp002358615,MGYG000001028,MGYG000003897,Phascolarctobacterium_A sp900541915,Collinsella sp900543615,Yersinia frederiksenii,CAG-274 sp900545305,Eubacterium_G ventriosum,Ligilactobacillus murinus,Eisenbergiella sp900555195
rep513_seed2538	Prevotella brunnea,Butyricimonas sp900759925,Erysipelatoclostridium ramosum,Lachnospira eligens_A,MGYG000000818,Citrobacter youngae,MGYG000000425,Blautia_A faecis,Eubacterium_R sp900767025,MGYG000003777,MGYG000004824,KLE1615 sp900066985,Peptostreptococcus russellii_A
rep514_seed2539	Sutterella seckii_A,Anaerobutyricum sp900754855,Dialister sp900541485,Gemmiger formicilis,UBA7173 sp900555165,Schaedlerella sp900066545,MGYG000002182,Streptococcus gordonii,Bifidobacterium pseudocatenulatum,Dialister sp900759415,Scardovia wiggsiae,Serratia liquefaciens,MGYG000003747
rep515_seed2540	Collinsella phocaeensis,CAG-177 sp000431775,Bacteroides ndongoniae,Alistipes sp900550925,Rothia mucilaginosa_B,Mediterraneibacter lactaris,UMGS1441 sp900551755,Streptococcus sp900546335,MGYG000004180,MGYG000003322,Collinsella sp900541645,Eisenbergiella tayi,MGYG000001195
rep516_seed2541	RUG420 sp900542575,MGYG000004122,Agathobaculum butyriciproducens,Catenibacterium mitsuokai,GCA-900066135 sp900066135,MGYG000002223,Bacteroides bouchesdurhonensis,Merdimonas sp900553355,Coprococcus eutactus,Olsenella_B sp000752675,Gastranaerophilus phascolarctosicola,MGYG000002069,Collinsella sp900541285
rep517_seed2542	Bifidobacterium scardovii,Schaedlerella glycyrrhizinilytica,CAG-791 sp000431495,Duodenibacillus sp900762555,UBA5809 sp002417965,MGYG000001969,Anaerotignum faecicola,Clostridium butyricum,UMGS1826 sp900555435,Ligilactobacillus agilis,Porphyromonas uenonis,MGYG000002095,Prevotella sp900554695
rep518_seed2543	CAG-465 sp900554875,Prevotella oris,Enterococcus_B faecium,MGYG000002699,CAG-449 sp900551385,Citrobacter_B koseri,MGYG000001683,UMGS1370 sp900542035,Parabacteroides bouchesdurhonensis,HGM13006 sp900756575,RC9 sp900760425,CAG-793 sp900557475,MGYG000002683
rep519_seed2544	Christensenella sp001678845,MGYG000002791,QALS01 sp003150575,Streptococcus sp000187445,MGYG000004702,MGYG000003061,Prevotella oris,MGYG000004210,UBA10281 sp900767885,Porphyromonas asaccharolytica,Lactobacillus paragasseri,MGYG000003915,Anaerotruncus massiliensis
rep520_seed2545	Pauljensenia sp902373545,CAG-617 sp000431275,Blautia_A sp900066145,CAG-354 sp900553015,Prevotella sp900545525,MGYG000001886,Merdibacter sp900759455,Barnesiella sp003150885,UMGS911 sp003343545,UBA5446 sp900759385,MGYG000000585,Evtepia gabavorous,Prevotella melaninogenica
rep521_seed2546	Butyrivibrio_A sp900768755,Haemophilus_D parainfluenzae_L,UBA4871 sp900554535,Blautia coccoides,Massiliomicrobiota sp002160815,Streptococcus vestibularis,Bacteroides sp900766195,Coprococcus sp900066115,MGYG000004756,UBA4372 sp900766785,Enterocloster aldenensis,Prevotella sp900546345,Bifidobacterium ruminantium
rep522_seed2547	Collinsella sp003462685,Prevotella sp900315955,Rikenella microfusus,Pseudoflavonifractor capillosus,MGYG000004231,Prevotella sp900543975,Mediterraneibacter sp002314255,HGM11523 sp900756545,CAG-303 sp000437755,UBA1390 sp002305315,CAG-83 sp900554275,UBA7182 sp003480725,CAAEEV01 sp900754955
rep523_seed2548	Collinsella sp003458415,UBA5905 sp002437905,MGYG000002151,Gabonibacter sp900543425,Adlercreutzia celatus_A,Angelakisella sp003453215,CAG-83 sp900550585,Amedibacillus dolichus,CAG-303 sp000437755,Alistipes sp900550375,Fournierella sp900543285,Bacteroides thetaiotaomicron,UBA737 sp900547445
rep524_seed2549	Kluyvera sp902363335,MGYG000003716,UBA3402 sp003478355,Butyrivibrio_A sp900768755,UBA11517 sp900555365,Prevotella sp900543975,NK3B98 sp900752305,Kosakonia cowanii,Acetatifactor sp900772845,Bacteroides xylanisolvens,Dysosmobacter sp900556925,MGYG000000481,Collinsella sp900754525
rep525_seed2550	Fusobacterium_B sp900545035,Actinobaculum massiliense,MGYG000003839,MGYG000002212,MGYG000002215,QALS01 sp900555925,UBA1417 sp900549945,Angelakisella sp900552845,UBA1191 sp900543485,Lactobacillus acidophilus,UMGS403 sp900541565,Agathobacter faecis,Collinsella sp900545555
rep526_seed2551	CAG-590 sp900544905,Haemophilus_A parahaemolyticus,Blautia_A wexlerae_B,UMGS363 sp900543105,MGYG000002249,Prevotellamassilia sp900772575,MGYG000004881,Collinsella sp900551815,Frisingicoccus sp900757195,Anaerostipes rhamnosivorans,MGYG000004818,SFDP01 sp004558185,Limosilactobacillus caviae
rep527_seed2552	Collinsella sp900543605,Agathobacter sp900552085,Eisenbergiella massiliensis,Escherichia coli_D,Collinsella sp900552995,UMGS1781 sp900553695,CAG-170 sp900549635,Veillonella dispar,Lachnoclostridium_B sp900543315,MGYG000004177,CAG-95 sp000436115,Pauljensenia sp000411415,CAG-353 sp900768995
rep528_seed2553	MGYG000003829,Blautia_A sp900541985,Phytobacter diazotrophicus,MGYG000004874,UBA9502 sp900770535,Porphyromonas gingivalis,MGYG000002726,UMGS1783 sp900555065,HGM11575 sp900754775,Parabacteroides acidifaciens,CAG-110 sp900546075,MGYG000000739,MGYG000000627
rep529_seed2554	MGYG000004421,Pauljensenia sp000308055,Ruminococcus sp900761275,Ruminococcus_E sp003521625,MGYG000001575,Mobilibacterium sp900315625,Stomatobaculum naviforme,Holdemanella sp003458715,Pseudomonas_R sp900766265,Prevotella copri_A,Collinsella sp003479805,Eisenbergiella massiliensis,Collinsella sp900540875
rep530_seed2555	Muricomes fissicatena_A,Ligilactobacillus sp900765635,CAG-83 sp900550615,Leuconostoc lactis,Fusobacterium nucleatum_E,MGYG000002759,MGYG000003766,Barnesiella sp900538705,Dysosmobacter welbionis,CAG-269 sp000435535,UBA1390 sp900764045,Gemmiger formicilis,Citrobacter_A sp009363175
rep531_seed2556	CAG-110 sp900544405,Olsenella_E timonensis,CAG-1427 sp900556585,Lawsonibacter sp900549405,MGYG000002170,Eubacterium_R sp900543795,Pauljensenia sp000411415,Prevotella sp000434975,Sutterella wadsworthensis_A,Proteus sp003144505,Emergencia timonensis,Prevotella sp900548195,Slackia_A piriformis
rep532_seed2557	UMGS905 sp900540085,Collinsella sp900548935,MGYG000002064,Phocaeicola sp900546645,Parabacteroides sp900552465,MGYG000003162,Anaeroglobus micronuciformis,Yokenella regensburgei,Fannyhessea vaginae,CAG-460 sp900546715,HGM13222 sp900757485,Hafnia paralvei,MGYG000004686
rep533_seed2558	Haemophilus sp002998595,MGYG000002705,Anaerotruncus massiliensis,CAG-170 sp900553545,UBA9506 sp003506415,Leminorella grimontii,Rothia sp902373285,MGYG000001581,CAG-103 sp004556965,Alistipes communis,UBA1777 sp900549645,Veillonella sp900552715,MGYG000003863
rep534_seed2559	Campylobacter_B hominis,Providencia stuartii,Dysosmobacter sp900548505,MGYG000004139,Parabacteroides sp900547435,Parabacteroides faecis,Robinsoniella peoriensis,CAG-83 sp900313295,Collinsella sp900757705,UBA7597 sp900542935,Prevotella sp900771975,Phocaeicola coprocola,Massilistercora timonensis
rep535_seed2560	MGYG000004085,UBA5446 sp900752445,CAAEEV01 sp900754955,Angelakisella sp900552845,Collinsella sp900544875,Phocaeicola sp002161565,MGYG000000393,CAG-180 sp900545625,MGYG000003778,MGYG000004170,UBA940 sp900768115,CAG-83 sp900549395,Erysipelatoclostridium saccharogumia
rep536_seed2561	UMGS2055 sp900557635,CAG-103 sp000432375,Prevotella sp000436915,Enterocloster lavalensis,MGYG000001804,Enterocloster sp900540675,Dorea_A longicatena_B,Collinsella sp900545605,MGYG000002697,Coprococcus eutactus_A,CAG-83 sp900552475,MGYG000003938,Citrobacter europaeus
rep537_seed2562	Peptococcus niger,MGYG000000645,Faecalibacterium sp900540455,UMGS692 sp900544545,CAG-724 sp003524145,Muribaculum sp002492595,UBA1822 sp002314995,Prevotella sp900544495,Fenollaria timonensis,CAG-103 sp900543625,UMGS1441 sp900551755,PeH17 sp900542285,Pantoea brenneri
rep538_seed2563	CAG-451 sp900760545,GCA-900066755 sp900066755,MGYG000004741,Catenibacterium sp000437715,MGYG000002063,Collinsella aerofaciens_E,MGYG000004383,F0040 sp900095835,Bacteroides sp900766195,Lacrimispora sp000526575,MGYG000001916,Ruminococcus_E sp002493635,UMGS1783 sp900555065
rep539_seed2564	UBA7173 sp900540205,Prevotella sp900540375,Blautia_A sp000436615,Eubacterium callanderi,MGYG000003798,Paraprevotella clara,Lactobacillus gasseri,UMGS902 sp900546635,Faecalicoccus sp900546545,Faecalibacillus intestinalis,Evtepia sp004554585,Paraprevotella sp900760455,HGM11530 sp900751685
rep540_seed2565	Prevotella timonensis,Longicatena caecimuris,MGYG000004177,CAG-110 sp900548795,Succinivibrio sp900548485,UBA738 sp004557735,MGYG000001679,Proteus cibarius,CAG-873 sp900550395,MGYG000004465,MGYG000001582,Blautia_A wexlerae_A,MGYG000003719
rep541_seed2566	Megamonas sp900556715,Prevotella timonensis,MGYG000004421,Bacteroides sp900766005,MGYG000000656,Streptococcus agalactiae,Enterocloster sp900551225,MGYG000004080,MGYG000002035,UBA10281 sp900548285,CAG-475 sp900763875,MGYG000004522,MGYG000002699
rep542_seed2567	Anaerococcus vaginalis_B,UMGS1253 sp900550065,RC9 sp900544195,Citrobacter_A amalonaticus,Prevotella timonensis,MGYG000002219,MGYG000002052,Methanosphaera sp900322125,Alistipes sp900552955,MGYG000001666,QAMX01 sp003149835,CAG-302 sp000431795,Paramuribaculum sp001689535
rep543_seed2568	MGYG000000456,UBA737 sp900547095,MGYG000002084,Eubacterium_R sp900539425,Pradoshia sp001183965,Actinomyces oris,MGYG000004330,Lacticaseibacillus paracasei,Acetatifactor sp003447295,CAG-475 sp900547975,Bacilliculturomica massiliensis,UMGS1491 sp900757335,CAG-81 sp900066055
rep544_seed2569	Collinsella sp900757495,Veillonella sp900556785,UBA4372 sp900766785,Paraprevotella sp900760455,Dysosmobacter sp900556925,UMGS902 sp900761025,F23-B02 sp002472405,MGYG000000706,CAG-485 sp002491165,Escherichia albertii,MGYG000003826,Dialister sp900557365,UMGS1279 sp900761625
rep545_seed2570	Lawsonibacter sp900545895,CAG-448 sp003150135,MGYG000004198,Phascolarctobacterium_A sp900757795,MGYG000004721,Eubacterium_G sp000435815,Phascolarctobacterium_A sp900552855,Yersinia massiliensis,Massilioclostridium coli,Rothia aeria,Muribaculum sp002358615,MGYG000004119,CAG-631 sp900754115
rep546_seed2571	F082 sp002633315,UMGS1307 sp900550505,Robinsoniella peoriensis,Anaerococcus lactolyticus,SFTJ01 sp004557385,Butyricimonas faecalis,CAG-449 sp900551385,CAG-269 sp000431335,MGYG000001817,UBA1777 sp003150355,Enorma sp900751795,CAG-170 sp900553545,MGYG000001169
rep547_seed2572	MGYG000001114,MGYG000001870,Parabacteroides sp003473295,Fusobacterium sp000235465,Paraprevotella xylaniphila,Muribaculum sp002473395,Providencia alcalifaciens,Proteus sp003144505,Limosilactobacillus vaginalis_A,MGYG000000616,MGYG000000298,Streptococcus timonensis,Odoribacter sp900548135
rep548_seed2573	MGYG000004699,MGYG000004760,CAG-170 sp900545925,MGYG000002732,CAG-390 sp003523225,UBA1777 sp900546515,Lactobacillus amylovorus,Streptococcus gordonii,UBA5446 sp900544295,Clostridium_AQ sp900552125,Phocaeicola sp900546095,UBA1417 sp003531055,MGYG000002585
rep549_seed2574	Blautia_A sp900551075,F23-B02 sp900545805,CAG-460 sp900546715,UMGS172 sp900539855,Dysosmobacter sp900550685,Enterococcus faecalis,Collinsella sp900551655,Streptococcus sanguinis_H,Eikenella corrodens,OM05-12 sp003438995,Lactococcus lactis_E,UBA1691 sp900552985,Ruminococcus_E sp003438075
rep550_seed2575	MGYG000000732,Mediterraneibacter sp900761655,Collinsella sp900543845,MGYG000002010,Lactobacillus helveticus,CAG-145 sp900542295,QANA01 sp003149735,UBA737 sp900547095,MGYG000000393,Vibrio parahaemolyticus,Anaerococcus hydrogenalis,MGYG000003509,Fusicatenibacter sp900543115
rep551_seed2576	CAG-617 sp900553285,QAMM01 sp900552945,Eisenbergiella tayi,Merdibacter sp900759455,OM05-12 sp003438995,CAG-196 sp900549855,Scardovia wiggsiae,Parasutterella sp900554375,Dysosmobacter sp004553545,Franconibacter helveticus,Alistipes provencensis,Prevotella sp900543585,Kluyvera ascorbata
rep552_seed2577	Acidaminococcus provencensis,UMGS1253 sp900550065,Fournierella massiliensis,BX12 sp014333425,Enterocloster aldenensis,Collinsella sp003458415,Collinsella sp900556285,Lawsonibacter asaccharolyticus,Barnesiella intestinihominis,CAG-793 sp000433915,MGYG000000298,MGYG000002255,Phocaeicola coprocola
rep553_seed2578	Ruminococcus_C sp000437175,RC9 sp000433355,MGYG000000656,Sutterella sp900764215,MGYG000004787,QANA01 sp003149735,Collinsella sp900555355,Agathobaculum desmolans,Dialister sp002320515,Prevotella sp900547005,Parabacteroides johnsonii,Prevotella sp900546575,Faecalimonas phoceensis
rep554_seed2579	UBA1777 sp900546515,RUG420 sp900542575,Megasphaera elsdenii,Desulfovibrio fairfieldensis,Clostridium_AQ sp003481775,Eubacterium_R sp900539845,MGYG000000710,Eisenbergiella sp900555195,MGYG000002650,Turicimonas muris,Ruminiclostridium_E siraeum,UMGS263 sp900540535,UBA737 sp900547305
rep555_seed2580	Muribaculum sp002473395,MGYG000002692,MGYG000001181,MGYG000000400,UBA11471 sp000434215,Anaerotignum lactatifermentans,Streptococcus oralis_S,Blautia_A sp900541345,Evtepia gabavorous,MGYG000002696,Streptococcus sp900543065,Acetatifactor sp900066565,MGYG000004646
rep556_seed2581	Collinsella sp900554985,Clostridium_AP scindens,Streptococcus oralis_S,Campylobacter_A concisus_L,HGM13222 sp900757485,Bacteroides_F pectinophilus,CAG-313 sp000433035,UBA10281 sp900767885,MGYG000004702,CAG-272 sp000433515,Holdemania sp900120005,MGYG000002772,MGYG000000557
rep557_seed2582	Bacteroides sp007896885,UBA7748 sp900314535,Blautia_A faecis,Serratia liquefaciens,MGYG000001841,Leminorella richardii,MGYG000002704,Hungatella sp005845265,Finegoldia magna_H,CAG-273 sp003534295,UBA737 sp900547305,RC9 sp900769145,MGYG000002075
rep558_seed2583	Escherichia sp000208585,Phocaeicola sp900541515,Pantoea septica,MGYG000001642,Dysosmobacter welbionis,Erysipelatoclostridium spiroforme,MGYG000000456,MGYG000003887,CAG-485 sp900550645,CAG-510 sp000434615,Prevotella sp900554045,MGYG000002216,MGYG000003509
rep559_seed2584	MGYG000002585,Pediococcus acidilactici,Collinsella sp900557505,Frisingicoccus sp900757195,QALR01 sp900553085,Alistipes communis,CAG-269 sp900760175,Dysgonomonas sp900079735,MGYG000000545,HGM12814 sp900770165,1XD42-69 sp014287635,Longicatena caecimuris,MGYG000003773
rep560_seed2585	MGYG000004374,Collinsella sp000434535,CAG-83 sp900756715,Bacteroides sp900766195,Atlantibacter hermannii,CAG-485 sp900759795,Clostridium septicum,Mediterraneibacter sp900761655,Collinsella sp900544465,Blautia stercoris,MGYG000002084,UMGS1537 sp900552695,MGYG000001996
rep561_seed2586	Faecalibacterium prausnitzii_H,Acetatifactor sp900772845,Serratia marcescens_I,CAG-632 sp002406015,Eubacterium_I sp900546495,Collinsella sp900555765,OM05-12 sp003438995,Butyricimonas faecalis,MGYG000004495,Veillonella sp900757715,Coprococcus_A sp900548825,Collinsella sp900551015,UC5-1-2E3 sp001304875
rep562_seed2587	CAG-269 sp900555615,Prevotella oris,MGYG000000339,UMGS1590 sp900759105,MGYG000001724,MGYG000003826,MGYG000003863,Akkermansia sp900548895,Streptococcus timonensis,Collinsella sp900545075,CAG-1427 sp000435675,Prevotellamassilia sp900772575,Clostridium_P massiliamazoniense
rep563_seed2588	Sodaliphilus sp004557565,MGYG000001195,Collinsella sp900756725,Collinsella sp900541195,Fournierella sp004558145,MGYG000003071,MGYG000001761,MGYG000002759,UBA11517 sp900555365,Collinsella sp900551605,Turicibacter sanguinis,MGYG000000411,MGYG000003885
rep564_seed2589	Lactobacillus apis,Veillonella sp900552445,Intestinimonas massiliensis,MGYG000001807,MGYG000002881,Streptococcus oralis_W,Lactobacillus kalixensis,MGYG000001133,Eubacterium_G sp900550135,Lactobacillus paragasseri,Blautia_A sp900549015,Peptoniphilus_A lacydonensis,MGYG000002675
rep565_seed2590	CAG-110 sp900770015,Alistipes sp900546065,UMGS1387 sp900551295,Pauljensenia bouchesdurhonensis,MGYG000004610,Parabacteroides merdae,Collinsella aerofaciens_J,UBA5905 sp900549155,UMGS1537 sp900761045,CAG-269 sp900760175,Akkermansia sp001580195,Gemmiger sp900554145,Prevotella sp900771975
rep566_seed2591	Phascolarctobacterium_A sp900544885,Eubacterium_G ventriosum,Ruminococcus_D sp900752625,MGYG000004665,UBA738 sp900763675,MGYG000000710,Collinsella sp900760325,Dysosmobacter sp004553545,MGYG000001761,MGYG000004634,CAG-449 sp900551385,Veillonella tobetsuensis,Ruminococcus sp002438605
rep567_seed2592	Collinsella tanakaei,Enterococcus_B durans,MGYG000004610,Ezakiella massiliensis,CAG-170 sp900545925,MGYG000004430,Dysosmobacter sp900544105,MGYG000003766,Paraclostridium sordellii,Acutalibacter sp000432995,UMGS1441 sp900551755,UMGS1880 sp900555875,Leptotrichia wadei
rep568_seed2593	CAG-273 sp902406115,Gemmiger sp900539695,CAG-83 sp900550615,Haemophilus_D parainfluenzae,UMGS946 sp900544965,Alistipes sp002358415,MGYG000003212,Duodenibacillus sp900552915,SFJ001 sp004555865,Staphylococcus aureus,Enterocloster aldenensis,Dysosmobacter sp900548505,Collinsella sp900555765
rep569_seed2594	MGYG000003747,Salmonella bongori,Streptococcus sp001556435,CAG-110 sp900554705,MGYG000000795,CAG-617 sp000438115,Phocaeicola sp900551645,MGYG000000383,UBA11452 sp003526375,Peptoniphilus_A harei_A,MGYG000000706,UBA7173 sp900546835,Oxalobacter sp900760095
rep570_seed2595	Prevotella sp900557255,Mediterraneibacter faecis,Odoribacter massiliensis,Clostridium sp900543325,MGYG000002654,Mediterraneibacter sp900761655,ER4 sp900317525,MGYG000004680,Bacteroides sp900766195,Pauljensenia sp000758755,Superficieibacter sp900766525,UMGS1781 sp900553695,Enterocloster sp000431375
rep571_seed2596	Streptococcus equinus,Lactobacillus kalixensis,Prevotella sp900316565,Collinsella sp000434535,CAG-314 sp900551395,UBA1691 sp002320555,MGYG000001727,CAG-217 sp900547275,Bacteroides togonis,TM7x sp900557595,UBA9502 sp003506385,Murdochiella massiliensis,Collinsella sp900760245
rep572_seed2597	Phocaeicola salanitronis,Lachnoclostridium_A sp003464085,Succinatimonas hippei,MGYG000004882,CAG-83 sp001916855,Collinsella sp900555745,Agathobacter sp900548765,UBA7173 sp900552325,UBA5446 sp900759385,CAG-451 sp900760545,Citrobacter werkmanii,Lachnospira sp900551945,Lactococcus lactis_E
rep573_seed2598	MGYG000001685,Lacrimispora sp000526575,Clostridium butyricum,Lactobacillus iners,Eubacterium limosum,Clostridium_J ihumii,Collinsella sp900550825,MGYG000004306,Parasutterella sp900766055,Collinsella sp900551665,Alistipes senegalensis,Ellagibacter isourolithinifaciens,CAG-103 sp900757655
rep574_seed2599	Firm-11 sp900553905,Coprococcus sp900066115,Anaerosporobacter mobilis,MGYG000003328,CAG-1024 sp000432015,CAG-495 sp001917125,Dielma fastidiosa,MGYG000004654,UBA4871 sp014467055,Veillonella sp900556785,MGYG000002112,Parolsenella sp900552935,Christensenella sp001678845
rep575_seed2600	MGYG000002785,Pseudobutyrivibrio fibrisolvens_A,MGYG000004258,MGYG000002677,Phocaeicola sp000434735,Acidaminococcus sp900538365,Dysosmobacter sp900752075,CAG-110 sp900752285,MGYG000001727,Prevotella sp000436035,Caproiciproducens sp000752215,MGYG000001839,MGYG000003813
rep576_seed2601	UMGS1071 sp900542375,MGYG000002130,Holdemanella sp900754615,Blautia_A sp900548245,CAG-110 sp900549705,Faecalimonas phoceensis,Lachnospira sp000436475,Faecalicoccus sp900546545,RUG806 sp900313475,MGYG000001868,RQCD01 sp008668455,CAG-488 sp900554995,Bacteroides eggerthii
rep577_seed2602	Collinsella sp900757385,MGYG000001859,CAG-145 sp900542565,Yersinia frederiksenii_C,Massilistercora sp902406105,Massilimaliae timonensis,Phocaeicola sp002493165,MGYG000000691,Dialister sp900765565,UMGS1441 sp900551755,Klebsiella_A michiganensis,Gabonibacter sp900543425,Collinsella sp900549455
rep578_seed2603	Fusobacterium_A sp900015295,Phil1 sp004558525,BX12 sp014333425,MGYG000000342,Extibacter hylemonae,Gemmiger sp900545545,Citrobacter_A amalonaticus,Collinsella sp900541285,MGYG000003828,MGYG000000411,RC9 sp900545245,MGYG000001935,Pseudoflavonifractor capillosus
rep579_seed2604	Blautia hominis,Dysosmobacter sp900550685,Porphyromonas sp900538385,MGYG000000693,Blautia_A sp900763175,MGYG000004608,Citrobacter_A farmeri,MGYG000004670,Akkermansia muciniphila_C,MGYG000003978,MGYG000000691,UMGS1670 sp900548595,MGYG000003948
rep580_seed2605	NSJ-38 sp902363445,Ruminococcus sp900761275,UMGS1370 sp900542035,Collinsella sp000434535,MGYG000002659,Pygmaiobacter massiliensis,UBA7185 sp900756555,CAG-354 sp900759015,MGYG000004680,Fusobacterium_C gonidiaformans,Paenibacillus_A sp900069005,Collinsella sp002391315,Collinsella sp900545555
rep581_seed2606	UMGS1670 sp900548595,MGYG000004384,UBA9414 sp003458885,Alistipes finegoldii,Bacteroides sp900766005,MGYG000003319,Lactobacillus paragasseri,Coprococcus_A catus,CAG-272 sp900556615,UMGS1370 sp900551135,Prevotella brunnea,Eubacterium_R sp014465955,MGYG000000397
rep582_seed2607	Prevotella sp002265625,Acutalibacter sp000435395,Blautia_A sp900553515,Haemophilus_D parainfluenzae_M,Acetatifactor sp900554205,Dysosmobacter sp900550685,UBA5884 sp900551505,CAG-95 sp900066375,UMGS75 sp900538885,HGM11521 sp900751885,Bacteroides pyogenes,MGYG000004135,Fusobacterium polymorphum
rep583_seed2608	Varibaculum timonense,MGYG000004023,MGYG000002692,Desulfovibrio piger,Dialister sp900541485,CAG-279 sp900556245,Olsenella sp900555995,Phocaeicola sp900542985,Dialister sp900543455,MGYG000003855,Campylobacter_A concisus_I,CAG-288 sp000437395,Massiliomicrobiota sp002160815
rep584_seed2609	UBA5446 sp900544765,Firm-11 sp900553905,UMGS1668 sp900768105,HGM12789 sp900766585,Phoenicibacter congonensis,CAG-485 sp000437495,MGYG000002017,Methanobrevibacter_A oralis,MGYG000000589,CAG-793 sp900557475,MGYG000003015,Campylobacter_A concisus_E,Bacteroides pyogenes
rep585_seed2610	Acutalibacter timonensis,MGYG000004374,CAG-873 sp009775195,CAG-873 sp002493945,Bifidobacterium gallicum,MGYG000002713,Escherichia albertii,CAG-110 sp900770015,Dialister sp900765565,Limosilactobacillus vaginalis_A,UMGS995 sp900769695,Serratia surfactantfaciens,MGYG000004753
rep586_seed2611	Collinsella sp900552295,Bacteroides sp900766195,UBA2882 sp900549665,MGYG000004646,Clostridium_AQ sp003481775,CAG-417 sp000432835,MGYG000004364,Bifidobacterium ruminantium,CACZQA01 sp900758075,Catenibacterium sp900540685,MGYG000003434,CAG-127 sp900319515,AM51-8 sp900546435
rep587_seed2612	MGYG000003206,HGM13233 sp900762805,UBA636 sp900546285,Anaerococcus lactolyticus,MGYG000004890,Acutalibacter sp900759575,Roseburia sp900542495,Alistipes sp900548155,Ruminococcus_E sp002493635,Anaeromassilibacillus sp001305115,MGYG000003319,CAG-279 sp900548875,CAG-485 sp900759795
rep588_seed2613	Campylobacter_B hominis,MGYG000001837,MGYG000002699,UMGS1826 sp900555435,Bilophila sp900550745,Morganella morganii_B,Dysosmobacter sp000436875,Citrobacter_B koseri,CAG-95 sp000438155,UBA7173 sp001701135,MGYG000002646,MGYG000003076,CAG-272 sp000433515
rep589_seed2614	CAG-488 sp000434055,MGYG000003728,MGYG000004854,UBA4285 sp900545225,MGYG000004421,NK4A136 sp002314855,MGYG000004662,CAG-110 sp900549705,Merdibacter sp900759455,MGYG000001844,CAG-485 sp900552315,UBA7173 sp900548705,MGYG000000456
rep590_seed2615	RUG472 sp900545265,Pseudomonas_E massiliensis,Lachnoclostridium_A sp003464085,UMGS1532 sp900552605,MGYG000003917,MGYG000004503,Bacteroides oleiciplenus,NSJ-38 sp902363445,Porphyromonas asaccharolytica,Butyricicoccus_A sp002395695,Fusobacterium_A sp900764925,Porphyromonas sp900538385,Slackia_A piriformis
rep591_seed2616	MGYG000004553,Olsenella_E timonensis,Ligilactobacillus salivarius,MGYG000001804,Ruminococcus_E sp900314705,HGM11525 sp900770405,CAG-110 sp000434635,Escherichia coli_D,Yersinia massiliensis,RUG420 sp900542575,Collinsella sp900543515,MGYG000004024,MGYG000002713
rep592_seed2617	Collinsella sp900544235,CAG-115 sp003516865,Frisingicoccus sp900549105,Anaerotignum sp001304995,HGM13222 sp900757485,Agathobaculum sp900555465,Robinsoniella sp900540475,CAG-882 sp900545455,Dysosmobacter sp900542115,Pseudescherichia sp002298805,Scardovia wiggsiae,Prevotella sp900553465,Amedibacterium intestinale
rep593_seed2618	UBA1394 sp900538575,Ligilactobacillus sp900765635,MGYG000000339,CAG-279 sp900548875,Collinsella sp900767675,CAG-557 sp000435275,Fusobacterium_A sp900764925,Barnesiella sp002159975,Faecalibacterium sp900539885,UMGS1670 sp900548595,CAG-110 sp003525905,Prevotella disiens,CAG-485 sp900759795
rep594_seed2619	Anaerostipes hadrus,Blautia_A wexlerae_A,MGYG000004874,Paraclostridium tenue,MGYG000000286,Prevotella sp900555035,PeH17 sp000435055,Robinsoniella sp900539655,Clostridium_AQ innocuum,Erysipelatoclostridium ramosum,Flavonifractor sp900549795,Yersinia kristensenii_B,Yokenella regensburgei
rep595_seed2620	CAG-312 sp900760055,Coprococcus sp000154245,MGYG000000594,CAAEEV01 sp900754955,Fusobacterium periodonticum_B,UBA6398 sp003150315,Bacteroides xylanisolvens,Prevotella sp000433175,MGYG000000403,MGYG000004169,NK3B98 sp900545815,MGYG000001885,Prevotella sp900548585
rep596_seed2621	Lactobacillus hominis,Mitsuokella multacida,MGYG000001969,Collinsella sp003469205,UBA4871 sp900554535,Phocaeicola sp900551065,Streptococcus pseudopneumoniae_O,Oribacterium sp900772695,Blautia_A sp900551075,Frisingicoccus sp900757195,Collinsella sp900757265,Fenollaria timonensis,CAG-312 sp900760055
rep597_seed2622	Phytobacter sp002377245,RUG806 sp900313475,Streptococcus oralis,Amulumruptor caecigallinarius,MGYG000003207,CAG-83 sp900545495,Escherichia coli_D,Faecalibacterium prausnitzii_D,UMGS1279 sp900761625,Eisenbergiella sp900548905,Merdibacter sp900543035,CAG-841 sp900544285,Longibaculum sp900538465
rep598_seed2623	UMGS1370 sp900551135,MGYG000003837,Firm-11 sp900553905,Muricomes contortus_B,Collinsella sp900554155,Bacteroides ovatus,MGYG000000643,Prevotella sp002251385,MGYG000000334,CAG-127 sp900553925,Bacillus_J andreraoultii,Catenibacterium sp000437715,Anaerococcus sp900550345
rep599_seed2624	Peptacetobacter sp900550335,MGYG000003338,MGYG000003855,UBA4871 sp014467055,Agathobaculum sp900291975,Hafnia paralvei,Mediterraneibacter faecis,MGYG000000687,Proteus vulgaris,MGYG000000677,Robinsoniella peoriensis,Clostridium beijerinckii,UBA5446 sp004553625
rep600_seed2625	MGYG000004024,CAG-269 sp000431335,UBA7597 sp900542935,Alistipes sp900769445,MGYG000004693,MGYG000004421,UBA4644 sp900763355,MGYG000004039,GCA-900066495 sp902362365,Granulicatella sp001058355,Anaeroglobus geminatus,TM7x sp900555265,Rothia mucilaginosa_B
rep601_seed2626	Zag1 sp000438175,MGYG000003975,Terrisporobacter sp900557165,MGYG000004590,Clostridioides difficile,Parabacteroides sp900760525,CAG-95 sp000438155,Frisingicoccus sp900549105,Clostridium_AP scindens,MGYG000004198,Muricomes oroticus,Acidaminococcus sp900538365,UMGS1766 sp900554855
rep602_seed2627	MGYG000004759,CAG-115 sp002492075,MGYG000002090,Haemophilus_A sputorum,Eubacterium_G sp000435815,Weissella confusa,MGYG000002069,Rothia mucilaginosa_B,Pluralibacter gergoviae,Ruminococcus_C sp000433635,Alistipes putredinis,MGYG000004119,Collinsella sp003462685
rep603_seed2628	CAG-485 sp900555915,Phocaeicola sp900553185,Cronobacter sakazakii,Prevotellamassilia sp900542795,MGYG000000635,MGYG000004790,F082 sp002633315,Alistipes sp900552955,Parabacteroides distasonis,MGYG000002045,Lachnoclostridium_B sp900066555,Leptotrichia wadei,Lactobacillus intestinalis
rep604_seed2629	Intestinimonas sp900540545,Phascolarctobacterium_A sp900545025,Veillonella sp900545205,Prevotella sp900547005,MGYG000004098,MGYG000002702,Gordonibacter sp003339845,CAG-349 sp003539515,Negativibacillus massiliensis,MGYG000004624,Amedibacterium intestinale,CAG-485 sp900550645,Collinsella sp900553215
rep605_seed2630	Senegalimassilia anaerobia,Prevotella sp900290275,Lachnospira sp900552795,MGYG000004732,ER4 sp003522105,MGYG000000355,Alistipes sp900769405,Anaeroglobus geminatus,Alistipes_A sp900549685,MGYG000000411,Akkermansia sp900545155,MGYG000000680,Ruminococcus_D sp900543145
rep606_seed2631	Collinsella sp900552995,Collinsella sp900540875,Prevotella sp002299275,CAG-877 sp900753325,Klebsiella pneumoniae,Streptococcus sp000187445,Fusobacterium_A varium_A,Agathobaculum sp900544475,UMGS1307 sp900550505,MGYG000004531,MGYG000003294,Dysosmobacter sp900550685,MGYG000004247
rep607_seed2632	CAG-110 sp000434635,Campylobacter_A concisus_W,CAG-313 sp000433035,UBA2882 sp900542015,Fusobacterium periodonticum_D,MGYG000001572,UBA4644 sp900555855,Campylobacter_A concisus_P,MGYG000004125,MGYG000003301,HGM11507 sp900761005,Neisseria subflava_C,Yersinia pestis
rep608_seed2633	MGYG000003813,Alistipes_A sp900549685,MGYG000003980,MGYG000000733,Collinsella sp902388345,MGYG000001952,Phocaeicola sp900553185,MGYG000001582,Alloscardovia omnicolens,Peptostreptococcus sp900759325,MGYG000004820,Phocaeicola sp900551445,Bifidobacterium adolescentis
rep609_seed2634	Merdibacter sp900543035,MGYG000004305,UBA940 sp900768115,CAG-110 sp900546415,GCA-900066135 sp900066135,Prevotella sp003447235,Massilistercora timonensis,Veillonella sp900552445,Vibrio parahaemolyticus,CAG-873 sp900755985,CAG-83 sp900552475,MGYG000000759,MGYG000004873
rep610_seed2635	QALR01 sp900552255,Blautia_A sp900066145,Odoribacter massiliensis,Alistipes sp900544265,Streptococcus rubneri,Dialister invisus,Brachyspira pilosicoli,Blautia_A caecimuris,UBA737 sp900549755,Lactobacillus iners,Flavonifractor sp900549795,Parabacteroides sp900547435,Peptostreptococcus russellii_A
rep611_seed2636	CAG-95 sp900066375,Akkermansia sp004167605,Caproiciproducens sp000752215,Lachnoclostridium_A edouardi,GCA-900066495 sp900066495,UBA1234 sp900765095,Duodenibacillus sp900544255,Collinsella sp003436275,Zag1 sp900769355,Blautia_A schinkii,MGYG000000699,Muribaculum sp002492595,UBA1820 sp002314265
rep612_seed2637	Acetatifactor sp003447295,MGYG000003907,CAG-110 sp900544945,Phoenicibacter congonensis,UBA1777 sp900549645,MGYG000003980,MGYG000000298,MGYG000004462,Bacillus_A luti,UBA5026 sp900557305,Enterocloster sp900759225,MGYG000004699,MGYG000000505
rep613_seed2638	Paraclostridium sordellii,UBA5809 sp002417965,MGYG000001906,Raoultella ornithinolytica,MGYG000004374,Veillonella sp900550175,MGYG000004169,Citrobacter_A sedlakii,MGYG000003319,Coprococcus sp900548215,Veillonella sp900556785,MGYG000004901,Bacteroides sp007896885
rep614_seed2639	Faecalibacterium prausnitzii_H,Lawsonibacter sp900066825,Mediterraneibacter sp900751785,MGYG000004607,UBA1829 sp900760615,Sutterella seckii_A,Erysipelatoclostridium spiroforme,Limosilactobacillus caviae,CAG-110 sp003525905,UMGS1387 sp900551295,Pseudoflavonifractor capillosus,HGM13010 sp900754965,Methanosphaera cuniculi
rep615_seed2640	Morganella morganii_A,UBA7160 sp902363135,Eubacterium_R sp900539775,CAG-245 sp000434195,MGYG000004514,MGYG000001818,UMGS363 sp900543105,UBA5394 sp003150565,Prevotella corporis,Parabacteroides sp900549585,MGYG000004791,MGYG000002095,RF16 sp900766775
rep616_seed2641	UBA5809 sp002417965,MGYG000004850,Clostridium_J ihumii,MGYG000002613,Bacteroides bouchesdurhonensis,Rothia mucilaginosa,QALS01 sp003150575,MGYG000004586,MGYG000002170,UMGS1472 sp900552095,MGYG000004172,Streptococcus mitis_AC,MGYG000004443
rep617_seed2642	CAG-448 sp003150135,Mediterraneibacter faecis,Enorma sp900751795,UMGS1474 sp900547105,MGYG000002216,Dysosmobacter sp900548505,QAKW01 sp003343605,Coprococcus sp900548215,CAG-238 sp900542245,Collinsella sp900541195,Blautia_A sp000436615,Morganella morganii_B,MGYG000003882
rep618_seed2643	MGYG000003977,UBA7173 sp001915385,MGYG000003338,Dielma sp001305055,Rothia mucilaginosa,Lawsonibacter sp900553135,Porphyromonas sp900538385,CAG-245 sp000434195,MGYG000000643,MGYG000000400,Alistipes sp000434235,CAG-269 sp900762425,Alistipes sp900769405
rep619_seed2644	Hydrogeniiclostridium sp900752115,Collinsella sp900539035,Amedibacterium intestinale,MGYG000000411,MGYG000002064,Anaerostipes sp900066705,Alistipes timonensis,Pantoea ananatis,Bacteroides ovatus,MGYG000004890,Collinsella sp900555955,CAG-269 sp900551615,Veillonella_A seminalis
rep620_seed2645	F23-B02 sp003533405,MGYG000004647,Psychrobacillus sp012843435,CAG-272 sp900556615,UMGS856 sp900760305,Ezakiella massiliensis,MGYG000002692,Paraclostridium sordellii,Collinsella sp900757205,CAG-170 sp000436735,MGYG000000682,Collinsella sp900556605,UMGS1477 sp900553845
rep621_seed2646	MGYG000003778,MGYG000004775,MGYG000003938,CAG-452 sp900770415,Muricomes contortus_B,QAMH01 sp900556425,Plesiomonas shigelloides,MGYG000000448,Lachnospira sp900552795,CAG-877 sp900753325,F23-B02 sp003533405,MGYG000002209,MGYG000000761
rep622_seed2647	TM7x sp900555885,Peptoniphilus_A phoceensis,Fusobacterium_A sp900543175,MGYG000004607,Prevotella sp900290275,Prevotella sp000434975,UMGS1933 sp900772235,MGYG000002068,Prevotella sp900769055,MGYG000002738,CAG-196 sp900549855,Amulumruptor caecigallinarius,UBA5446 sp900759385
rep623_seed2648	UMGS1668 sp900553955,Paraprevotella sp900548345,Mediterraneibacter sp900752395,Collinsella sp900547345,MGYG000001977,Bacteroides eggerthii,UBA4871 sp014467055,Lachnoclostridium_B sp900543315,UBA5884 sp900551505,Massiliomicrobiota sp002160815,Serratia surfactantfaciens,Streptococcus mitis,QALS01 sp003150575
rep624_seed2649	Duodenibacillus sp900544255,Bacteroides sp902388495,Citrobacter_A farmeri,Paraclostridium bifermentans,Evtepia gabavorous,Streptococcus rubneri,MGYG000004848,Collinsella sp900549355,Citrobacter braakii,Haemophilus_D parainfluenzae_K,UBA5446 sp900759385,Streptococcus mitis,Eubacterium_R sp000436835
rep625_seed2650	UMGS874 sp900546315,CAG-495 sp001917125,Lactonifactor sp009677585,UBA5905 sp004558485,MGYG000000656,TM7x sp900555425,Collinsella sp900542155,CAG-83 sp003539495,Lancefieldella sp902373375,Catenibacterium sp900764725,MGYG000000456,Desulfovibrio legallii,Butyricimonas sp900759925
rep626_seed2651	Merdibacter sp900754715,MGYG000000691,CAG-582 sp900760845,CAG-145 sp900542295,Enterocloster sp000155435,Akkermansia muciniphila_C,Lachnoclostridium_B sp900066555,Collinsella sp900541195,MGYG000001996,MGYG000004884,Collinsella sp002391315,Parabacteroides gordonii,MGYG000003898
rep627_seed2652	UBA9506 sp003506415,UMGS1312 sp900550625,MGYG000003826,Phocaeicola sp000432735,MGYG000002053,Collinsella aerofaciens_E,Ruminococcus_E sp003438075,CAG-873 sp002493945,Faecalimonas sp900546325,MGYG000000876,CAG-81 sp900066785,MGYG000004711,MGYG000003950
rep628_seed2653	MGYG000000761,Mediterraneibacter sp900761655,Pseudobutyrivibrio fibrisolvens_A,Oribacterium sp900772695,Collinsella tanakaei,CAG-793 sp000433915,MGYG000003833,MGYG000001832,Blautia sp000432195,MGYG000002677,Gordonibacter pamelaeae,UMGS692 sp900544545,Eubacterium_R sp900767025
rep629_seed2654	Faecalibacterium prausnitzii,Klebsiella aerogenes,Collinsella sp900554465,Prevotella sp900554545,Porphyromonas_A somerae,Ruminococcus_C sp000437175,MGYG000000710,Collinsella sp900547345,Acutalibacter sp000435395,MGYG000000691,Paramuribaculum sp000431155,Eubacterium_R sp900547915,Phocaeicola sp002161565
rep630_seed2655	Dialister succinatiphilus,Aneurinibacillus aneurinilyticus,UBA945 sp900549675,Dysosmobacter sp900551885,Bacteroides congonensis,Blautia_A sp000436615,Collinsella sp900555585,CAG-273 sp902406115,UMGS1052 sp900548115,MGYG000004161,Eubacterium_R coprostanoligenes,Anaeroglobus geminatus,UMGS966 sp900761965
rep631_seed2656	MGYG000004753,Catenibacterium sp900764565,MGYG000004264,UBA4855 sp900540395,MGYG000001581,Campylobacter_A concisus_W,UMGS1975 sp900546685,MGYG000004885,MGYG000003907,Monoglobus pectinilyticus,UBA1417 sp002305575,MGYG000002112,Blautia_A caecimuris
rep632_seed2657	MGYG000004656,Ruminococcus sp002438605,Blautia_A sp003474435,Odoribacter sp900541415,CAG-877 sp900753325,Lancefieldella sp902373375,MGYG000000342,Tidjanibacter inops_A,Collinsella sp900751755,CAG-484 sp000431315,MGYG000002697,UMGS1623 sp900553525,Pantoea brenneri
rep633_seed2658	CAG-313 sp003539625,Anaerotruncus colihominis,MGYG000000286,Streptococcus pasteurianus,Bilophila sp900553145,Parasutterella excrementihominis,MGYG000001632,Enterococcus_B lactis,UBA1409 sp900760125,CAG-485 sp900767075,UBA1259 sp003523255,UMGS1668 sp900553955,UMGS1397 sp900761355
rep634_seed2659	Niameybacter sp900551325,MGYG000000334,Cetobacterium_A sp900766645,UBA9502 sp900555625,Agathobacter sp900552085,MGYG000002204,Collinsella sp902388345,CAG-484 sp000431315,Negativibacillus sp000435195,Anaeroglobus micronuciformis,Peptoniphilus_E obesi,Escherichia coli_D,CAG-762 sp900551315
rep635_seed2660	F23-B02 sp900556535,UMGS1696 sp900753285,F0040 sp000318095,MGYG000004857,Streptococcus anginosus,Porphyromonas sp900538385,MGYG000001862,CAG-110 sp000434635,Serratia marcescens_I,Streptococcus sp001556435,Massilimaliae sp900752435,MGYG000004228,Longicatena caecimuris
rep636_seed2661	Acinetobacter baumannii,HGM12998 sp900756495,MGYG000004708,UMGS1826 sp900555435,Christensenella sp001678845,Citrobacter europaeus,CAG-269 sp001916055,MGYG000003854,Enterocloster sp005845215,Lachnospira sp900772425,Dysgonomonas sp900556485,Veillonella_A seminalis,Terrisporobacter othiniensis
rep637_seed2662	RUG806 sp900313475,Actinomyces sp900323545,Longicatena caecimuris,Collinsella provencensis,Sutterella wadsworthensis_A,Oxalobacter sp900760095,Roseburia sp900552665,MGYG000003294,Firm-11 sp900540045,Lachnospira sp900552795,MGYG000003698,Clostridium_AQ sp900552125,MGYG000003717
rep638_seed2663	MGYG000004870,MGYG000003842,Acidaminococcus provencensis,MGYG000004651,Roseburia sp003483745,Christensenella hongkongensis,UBA945 sp900549675,CAG-488 sp000434055,Oxalobacter formigenes,MGYG000004549,MGYG000002675,GCA-900066755 sp902363085,MGYG000001979
rep639_seed2664	Prevotella sp900557255,MGYG000000378,Collinsella sp900553705,Alistipes sp900290115,Catenibacterium sp900540685,MGYG000004462,Acinetobacter mesopotamicus,MGYG000004034,MGYG000000677,Prevotellamassilia sp900543155,Hydrogeniiclostridium mannosilyticum,Alistipes sp001941065,Ruminococcus_C sp000433635
rep640_seed2665	MGYG000001114,Phoenicibacter congonensis,MGYG000003328,CAG-841 sp900544285,MGYG000002219,UBA1394 sp900066845,Blautia_A hydrogenotrophica,MGYG000002130,CAG-353 sp900066885,Lachnoclostridium_B phocaeensis,MGYG000001859,Enterococcus faecalis,Blautia_A sp900551715
rep641_seed2666	Blautia_A sp900548245,MGYG000000645,MGYG000003787,MGYG000002176,Collinsella sp900549655,Pauljensenia sp000411415,MGYG000004684,HGM12587 sp900766915,Edwardsiella tarda,Ruminococcus sp900761275,Duncaniella sp900762315,CAG-41 sp900066215,CAG-312 sp900760055
rep642_seed2667	CAG-873 sp900555715,MGYG000003356,Collinsella sp900757505,Collinsella sp900545905,Collinsella sp900544465,Paramuribaculum sp900760855,MGYG000000656,Zag1 sp000433095,F23-B02 sp004556755,Prevotellamassilia sp900539625,Kluyvera ascorbata,Phascolarctobacterium_A sp900545025,MGYG000003162
rep643_seed2668	Dialister sp900543165,Prevotella nigrescens,MGYG000002604,Robinsoniella sp900555455,RUG023 sp900315435,MGYG000004742,UMGS874 sp900546315,Lawsonibacter sp000177015,OF09-33XD sp003481995,UMGS1781 sp900554635,MGYG000004559,Ruminococcus_C sp000980705,MGYG000001916
rep644_seed2669	Phocaeicola sp900544675,MGYG000003995,UBA1777 sp900547315,Dysosmobacter sp900551885,Barnesiella sp002159975,Campylobacter_A concisus_R,Clostridium sp900540255,Butyrivibrio_A sp000431815,HGM10836 sp900772095,Limosilactobacillus vaginalis_A,QAMM01 sp900762715,MGYG000004206,Parabacteroides acidifaciens
rep645_seed2670	CAG-632 sp002406015,Acidaminococcus massiliensis,Prevotella sp900556795,Streptococcus pseudopneumoniae_O,Prevotella sp900548585,Collinsella sp900550185,MGYG000004177,MGYG000003506,VUNA01 sp002299625,UBA9502 sp003506385,Acetatifactor sp900755865,CAG-279 sp900544305,MGYG000004122
rep646_seed2671	Bariatricus massiliensis,Peptoniphilus_A lacydonensis,Collinsella sp900761155,Marvinbryantia sp014385005,Murdochiella vaginalis,Prevotellamassilia sp004552865,Phascolarctobacterium faecium,Collinsella sp900551605,Eubacterium_R sp900539325,MGYG000004305,Anaerostipes caccae,Marvinbryantia formatexigens,UBA1740 sp900767415
rep647_seed2672	Methanobrevibacter_A sp900766745,Collinsella sp900541025,CAG-269 sp900554565,CAG-83 sp900554275,MGYG000000733,Bacteroides fragilis_A,Collinsella sp900553705,Fusobacterium_B sp900541465,CAG-964 sp000435335,Ezakiella massiliensis,Prevotella sp900556825,Succiniclasticum sp900544275,Lawsonella clevelandensis
rep648_seed2673	Collinsella sp900544115,Bruticola sp004554425,Acidaminococcus provencensis,Collinsella sp900542275,UBA940 sp900768115,Bifidobacterium thermophilum,Longibaculum sp900538465,MGYG000000733,UMGS946 sp900544965,Dialister sp900545785,HGM11507 sp900761005,Collinsella sp900752475,Massilicoli timonensis
rep649_seed2674	Phocaeicola coprophilus,Alistipes sp900549305,Fusobacterium animalis,MGYG000004590,Streptococcus sp902373455,RUG12045 sp900770325,Prevotella sp000431975,MGYG000002769,MGYG000002151,MGYG000002704,MGYG000000398,Collinsella sp003436275,MGYG000002207
rep650_seed2675	CAG-194 sp000432915,Parabacteroides faecis,MGYG000000609,MGYG000001879,Prevotellamassilia sp900556465,MGYG000004080,Dielma fastidiosa,MGYG000004112,CAG-180 sp004556705,Acetatifactor sp900755865,CAG-417 sp000432835,Alistipes sp900760675,UBA10677 sp003533505
rep651_seed2676	Eubacterium_R sp900767025,Collinsella sp900556285,MGYG000000592,Collinsella sp900549215,Streptococcus infantarius,CAG-170 sp003516765,MGYG000004306,Paramuribaculum sp900752995,Limosilactobacillus reuteri_E,SFEL01 sp004557245,RF16 sp900766775,Acidaminococcus sp900770265,Collinsella sp900542325
rep652_seed2677	Weizmannia coagulans,Pauljensenia sp900556405,Rothia mucilaginosa_B,Collinsella aerofaciens_H,Prevotella sp000431975,Lagierella massiliensis,MGYG000001581,CAG-631 sp900762575,CAG-1427 sp000435675,MGYG000000505,QALS01 sp900552625,Faecalimonas sp900546325,MGYG000002182
rep653_seed2678	UMGS1279 sp900761625,Bacteroides sp900766195,Phocaeicola mediterraneensis,MGYG000003822,MGYG000002150,Lachnoanaerobaculum umeaense,MGYG000004365,Ruminiclostridium_E sp900539195,Prevotella sp900546535,MGYG000001242,UBA5905 sp900764115,Monoglobus pectinilyticus,CAG-631 sp900762575
rep654_seed2679	HGM04593 sp900769765,Prevotella sp000436915,MGYG000000660,Finegoldia magna,Superficieibacter sp900766525,MGYG000001880,Agathobacter faecis,CAG-127 sp900767585,MGYG000004793,Citrobacter gillenii,Collinsella sp900541205,MGYG000000576,Muricomes contortus_B
rep655_seed2680	F0040 sp000318095,MGYG000001935,UMGS1696 sp900753285,MGYG000004791,Varibaculum timonense,Lactococcus lactis,UMGS1002 sp900547565,Parabacteroides sp900540715,Prevotella pectinovora,Bilophila sp900550745,UBA7185 sp900756555,Bacteroides sp002491635,Olsenella_B sp000752675
rep656_seed2681	MGYG000002613,MGYG000000576,CAG-110 sp900549705,Faecalicoccus sp900546545,Desulfovibrio sp900540515,MGYG000003877,Rahnella variigena,Yersinia pestis,MGYG000004607,MGYG000002095,MGYG000000350,Ruminiclostridium_E sp900539195,UBA7160 sp900757145
rep657_seed2682	Alistipes sp900760675,Alistipes sp902363575,UBA4644 sp900555855,UMGS1994 sp900556975,Serratia liquefaciens,CAG-269 sp000435535,MGYG000001914,Peptoniphilus_A harei,Blautia_A obeum_B,CAG-1024 sp000432015,MGYG000002089,Collinsella sp900554325,MGYG000002685
rep658_seed2683	MGYG000004103,CAG-83 sp003487665,MGYG000002256,MGYG000003076,UBA7160 sp902363665,CAG-485 sp900541835,Marseille-P4683 sp900232885,Clostridium_Q sp900547735,Amedibacillus dolichus,Angelakisella sp900547385,TF01-11 sp003149875,CAG-485 sp900321585,CAG-873 sp900554715
rep659_seed2684	HGM04593 sp900769765,MGYG000001142,CAG-724 sp900551005,HGM11368 sp900772745,TF01-11 sp900759665,MGYG000000643,Lachnospira sp900772425,MGYG000001818,Faecalibacterium sp900539945,Prevotella bergensis,MGYG000004621,Ruminococcus_E sp900755995,Slackia exigua
rep660_seed2685	MGYG000004697,MGYG000004714,MGYG000004822,CAG-488 sp000434055,UBA1777 sp900754515,ER4 sp900763705,Collinsella sp900552155,Lacrimispora sp902363835,Prevotella sp900316565,MGYG000004611,Roseburia sp900552665,HGM11575 sp900754775,Frisingicoccus sp900757195
rep661_seed2686	Agathobacter sp900549895,MGYG000004428,Prevotella sp900556795,MGYG000004188,MGYG000004421,Morganella morganii,Hungatella sp005845265,Streptococcus anginosus,Porphyromonas sp900548415,UMGS902 sp900761025,Slackia exigua,MGYG000000350,MGYG000004749
rep662_seed2687	Pauljensenia sp000758755,Eubacterium_R sp900539845,Marseille-P3106 sp900543935,HGM11530 sp900751685,MGYG000002628,F23-B02 sp001916715,MGYG000004598,Parolsenella uli_B,MGYG000004519,UMGS995 sp900547465,MGYG000004820,Lactobacillus gasseri,MGYG000002041
rep663_seed2688	Collinsella sp900541185,Prevotella sp900553155,CAG-110 sp900553805,UMGS599 sp900543705,MGYG000003955,CAG-313 sp003539625,Enterobacter cloacae_O,Amulumruptor sp900539915,Prevotella sp900546575,Enterococcus_A avium,MGYG000000688,UMGS1293 sp900550385,Faecalibacterium sp900551435
rep664_seed2689	Dialister sp002320515,UMGS1810 sp900555295,MGYG000004607,Psychrobacillus sp012843435,MGYG000002772,MGYG000001870,UBA1394 sp900554975,Peptoniphilus_A phoceensis,Agathobaculum sp900555465,Staphylococcus aureus,UBA1181 sp900769555,Merdimonas faecis,Phascolarctobacterium sp900545535
rep665_seed2690	Lachnospira sp900545725,Citrobacter_A sedlakii,MGYG000004037,Collinsella aerofaciens_G,Agathobacter sp000434275,CAG-841 sp900544285,Clostridium saudiense,Acutalibacter sp900543305,UMGS1994 sp900556975,Dysosmobacter sp900544105,MGYG000000512,Collinsella sp900758375,Streptococcus pseudopneumoniae_O
rep666_seed2691	Rothia mucilaginosa,Dysgonomonas mossii,QALW01 sp003150515,Parabacteroides sp900548175,Veillonella sp900549845,MGYG000004224,Senegalimassilia sp900550055,Collinsella sp900550415,MGYG000003315,Eggerthella sinensis,Catenibacillus sp902363555,Parolsenella sp900552935,Kluyvera ascorbata
rep667_seed2692	Collinsella sp900550825,MGYG000003441,MGYG000004782,Parabacteroides sp900540715,Bacillus_A luti,Slackia_A piriformis,Kluyvera ascorbata,UBA1752 sp900554405,Ruminococcus sp900540005,Parabacteroides gordonii,Epilithonimonas bovis,MGYG000000760,RUG12045 sp900770325
rep668_seed2693	Phascolarctobacterium sp900544795,UMGS1690 sp900554165,Phascolarctobacterium_A sp900545025,Collinsella sp900541015,Treponema_D sp900769975,Collinsella sp900549345,Megasphaera sp002319965,UMGS1663 sp900753245,Megasphaera elsdenii,Bacteroides sp900766005,MGYG000003480,CAG-1427 sp900548955,MGYG000004621
rep669_seed2694	CAG-238 sp900542245,Klebsiella pneumoniae,Butyrivibrio_A sp900768755,Streptococcus oralis_E,CAG-877 sp900548695,Prevotella sp900552515,Collinsella sp900555955,OM05-12 sp003438995,Varibaculum timonense,UBA1691 sp900552985,MGYG000004393,MGYG000000699,Collinsella intestinalis
rep670_seed2695	Eubacterium_R sp003526845,Parabacteroides goldsteinii,RUG115 sp900066395,Catenibacillus sp900557175,Clostridium_P massiliamazoniense,Fenollaria timonensis,UMGS1387 sp900551295,UMGS1820 sp900545865,Salinicola tamaricis,Collinsella sp900555815,Schaedlerella glycyrrhizinilytica,UMGS1600 sp900553315,Peptoniphilus_A senegalensis
rep671_seed2696	Eubacterium_I sp900546495,Bruticola sp900772775,MGYG000002005,Dysosmobacter sp900551885,Intestinibacter sp900540355,Blautia_A caecimuris,UMGS1384 sp900551265,Pseudomonas_R sp900766265,Massilicoli timonensis,Blautia_A sp900540785,Eubacterium_R sp900539845,Gemmiger sp004555405,Olsenella sp900555995
rep672_seed2697	MGYG000003060,MGYG000004428,MGYG000000576,UMGS1375 sp900066615,CAG-273 sp003534295,CAG-303 sp900539455,Clostridium cuniculi,Blautia hominis,Enterocloster sp000155435,Enterococcus faecalis,HGM13006 sp900757695,Alistipes_A sp900546005,UBA7173 sp001915385
rep673_seed2698	UBA1191 sp900066305,Leminorella grimontii,UBA11774 sp003507655,MGYG000003776,MGYG000003071,MGYG000001921,UBA3402 sp003478355,Dialister invisus,Zag1 sp000438175,Blautia_A sp003471165,CAG-485 sp900760815,Lancefieldella sp000564995,CAG-452 sp900770415
rep674_seed2699	CAG-238 sp900754805,MGYG000004820,MGYG000003855,UBA2882 sp900549665,MGYG000002628,MGYG000001114,CAG-56 sp900752065,Parasutterella sp000980495,Enterocloster sp900540675,MGYG000002731,CAG-145 sp900542295,Anaerostipes rhamnosivorans,MGYG000004325
rep675_seed2700	Collinsella sp900552705,MGYG000002743,MGYG000000433,MGYG000004119,Ruminococcus sp900761275,MGYG000004238,MGYG000001954,SFEL01 sp004557245,Bacteroides bouchesdurhonensis,NK3B98 sp900752305,MGYG000004023,MGYG000001112,MGYG000004868
rep676_seed2701	MGYG000002107,Serratia marcescens_I,UBA1777 sp900754515,Collinsella sp900542275,Eisenbergiella sp900550285,CAG-873 sp001701165,MGYG000001743,Alistipes sp900290115,Eubacterium_R sp000433975,HGM11525 sp900770405,Yokenella regensburgei,MGYG000002686,Prevotella rara
rep677_seed2702	Eisenbergiella sp900066775,MGYG000004665,Coprococcus eutactus_A,Blautia_A sp900541345,Collinsella sp900761995,Yersinia kristensenii,MGYG000000592,CAG-83 sp900554275,Clostridium septicum,Collinsella sp900541125,F23-B02 sp003533405,Robinsoniella sp900540475,Prevotella colorans
rep678_seed2703	CAG-964 sp000435335,RUG115 sp900066395,MGYG000004004,Collinsella sp900553215,MGYG000000640,Paenibacillus_A sp900069005,MGYG000004123,Hafnia paralvei,Salmonella bongori,Streptococcus oralis_S,Prevotellamassilia sp900556465,Sutterella parvirubra,MGYG000002150
rep679_seed2704	MGYG000004597,Ruminococcus_D sp000434695,MGYG000000630,MGYG000001868,Streptococcus anginosus,Alistipes sp900761235,MGYG000000325,HGM11386 sp900761915,MGYG000002642,Fusobacterium animalis,Sellimonas intestinalis,Prevotella sp004556065,Phascolarctobacterium_A sp900770955
rep680_seed2705	Acidaminococcus fermentans_A,MGYG000004238,MGYG000000662,UBA3766 sp900769175,MGYG000004264,Fusobacterium_C necrophorum,QAMM01 sp003150405,Bifidobacterium pullorum,UMGS1241 sp900549955,MGYG000000694,CAG-302 sp000431795,CAG-95 sp900553305,Collinsella sp900549345
rep681_seed2706	UBA738 sp004557735,UMGS1601 sp900545345,Prevotella sp900543585,Haemophilus_D parainfluenzae,QALW01 sp900552055,Prevotella sp900547005,ER4 sp900546295,UBA1829 sp900760615,UBA1777 sp900549485,RUG420 sp900542575,MGYG000004209,Collinsella sp900549455,Collinsella sp900761995
rep682_seed2707	Megamonas sp900556715,MGYG000004890,MGYG000002046,UMGS1670 sp900548595,UBA9414 sp003458885,Prevotella sp900553155,UMGS946 sp900544965,MGYG000000557,CAG-180 sp000432435,MGYG000000738,Paraclostridium bifermentans,CAG-238 sp900542245,MGYG000000759
rep683_seed2708	UBA7160 sp902363135,Bacteroides sp014385165,MGYG000003969,Phascolarctobacterium_A sp900545025,Lachnospira rogosae_A,UBA5905 sp900549155,Porphyromonas sp900539765,UBA7185 sp900556545,Dialister sp900541485,Odoribacter sp900544025,RQCD01 sp008668455,MGYG000002683,Ruminococcus_E bromii_B
rep684_seed2709	Lactobacillus amylovorus,Anaerotruncus colihominis,OF09-33XD sp003481995,Merdibacter sp900543035,Ruminococcus_C sp900545285,UMGS1109 sp900548675,S5-A14a sp900553025,HGM11808 sp900757025,Marvinbryantia sp900550755,MGYG000002035,Massilioclostridium coli,MGYG000001880,Collinsella sp900751755
rep685_seed2710	MGYG000002150,Desulfovibrio fairfieldensis,MGYG000001575,MGYG000004787,Phil1 sp001940855,UBA5026 sp900557305,Collinsella sp900757505,MGYG000001825,MGYG000004750,Bacteroides xylanisolvens,Prevotella pectinovora,MGYG000002624,MGYG000000674
rep686_seed2711	UMGS882 sp003343885,Butyricicoccus sp900547195,Alistipes onderdonkii,Alistipes sp002161445,QALS01 sp900555925,Bruticola sp900772775,Limosilactobacillus antri,UBA1822 sp002314995,Pauljensenia sp000308055,Parasutterella sp009767915,Lawsonibacter asaccharolyticus,Collinsella sp900554155,MGYG000000687
rep687_seed2712	Clostridium saudiense,Citrobacter youngae,Collinsella sp900542965,UMGS1872 sp902373635,Coprococcus sp900767685,Phocaeicola plebeius_A,Acetatifactor sp900771995,CAG-485 sp900760735,Ruminococcus_E bromii_A,UMGS1484 sp900552285,Holdemanella sp900754615,MGYG000004839,UBA3766 sp900769175
rep688_seed2713	Dysosmobacter sp900551885,Pseudomonas aeruginosa,Blautia_A sp900066505,Prevotella sp002480935,Anaeromassilibacillus sp002159845,Prevotella sp900543975,UMGS1696 sp900753285,Cutibacterium acnes,MGYG000003995,Bifidobacterium gallicum,Prevotella sp900315955,F23-B02 sp003533405,Faecalibacterium sp900539945
rep689_seed2714	UBA1685 sp002320595,MGYG000003855,CAG-590 sp900548855,Haemophilus_A parahaemolyticus,Bifidobacterium bifidum,MGYG000002627,Streptococcus sp900550895,CAG-1427 sp900546175,MGYG000004367,Prevotella sp900316565,Kluyvera ascorbata_B,MGYG000002624,CAG-177 sp000431775
rep690_seed2715	MGYG000003854,MGYG000002732,MGYG000003747,Blautia sp900543715,Merdibacter sp900754715,Anaerobutyricum sp900754855,Clostridium beijerinckii,MGYG000004075,Prevotella sp900546345,ER4 sp900546295,Bacteroides stercoris,MGYG000003787,UBA9502 sp900770535
rep691_seed2716	Bifidobacterium scardovii,CAG-115 sp003516865,MGYG000003319,Coprococcus sp900548315,Phil1 sp001940855,Holdemanella sp003458715,RUG420 sp900542575,Slackia_A piriformis,Lactobacillus intestinalis,MGYG000002025,CAG-1427 sp900548955,Streptococcus pseudopneumoniae_O,MGYG000001935
rep692_seed2717	CAG-145 sp900540145,UBA1822 sp002314995,Campylobacter_A concisus_B,Collinsella sp008014645,Oxalobacter sp900760095,Blautia_A sp900066205,Agathobacter faecis,Acutalibacter sp900548545,MGYG000003717,MGYG000000761,UMGS692 sp900544545,Collinsella sp900556495,CABIZH01 sp902363205
rep693_seed2718	MGYG000002107,Stomatobaculum longum,Alistipes sp900552955,MGYG000003212,CAG-83 sp900556015,CAG-83 sp900552725,MGYG000002901,Collinsella sp003471585,MGYG000002881,CAG-390 sp900753295,CAG-269 sp000435535,Blautia_A sp900551075,Veillonella sp900549845
rep694_seed2719	MGYG000001994,UBA7173 sp900768685,CAG-632 sp000431515,Lactococcus_A raffinolactis,CAG-110 sp900762935,CAG-485 sp900321585,Salinicola tamaricis,Bacteroides bouchesdurhonensis,Collinsella sp900761995,QAKW01 sp003343605,MGYG000003941,MGYG000003480,Acidaminococcus sp900538365
rep695_seed2720	MGYG000004710,MGYG000002931,Merdimonas faecis,CAG-110 sp003525905,MGYG000002696,MGYG000004651,MGYG000001736,CAG-462 sp900765575,Selenomonas_A sp900769615,MGYG000004231,Prevotellamassilia sp900542795,MGYG000001049,Prevotella timonensis
rep696_seed2721	Gabonibacter sp900543425,UMGS1840 sp900555525,MGYG000004193,GCA-900066135 sp900066135,Peptacetobacter sp900550335,Morganella morganii_B,MGYG000001862,MGYG000002692,UBA7182 sp003480725,Catenibacterium sp900540665,UMGS1889 sp900556055,MGYG000001685,MGYG000004180
rep697_seed2722	Roseburia sp900756925,MGYG000000512,Fusobacterium_B sp900554885,Bacteroides stercoris,Bacteroides faecis,CAG-110 sp900769995,Faecalibacillus sp003480255,MGYG000004634,Prevotella oralis,Anaerofustis sp900549875,Prevotella sp900315955,Phocaeicola coprocola,MGYG000002726
rep698_seed2723	Collinsella sp900545555,MGYG000004306,CAG-273 sp902406115,Monoglobus pectinilyticus,Megasphaera sp900540735,MGYG000003945,Veillonella tobetsuensis,MGYG000004197,MGYG000000821,MGYG000000728,Dialister succinatiphilus,MGYG000001958,Eisenbergiella tayi
rep699_seed2724	UBA9414 sp003458885,Duodenibacillus sp900538905,UMGS1418 sp900551595,CAG-274 sp900545305,MGYG000004103,UBA1394 sp900538575,MGYG000004741,Oscillibacter ruminantium,CAG-302 sp900554615,MGYG000001915,MGYG000004007,Coprococcus sp900548315,Acetatifactor sp900554205
rep700_seed2725	UBA7182 sp003480725,CAG-312 sp002405555,Agathobacter sp900552085,CAG-724 sp003524145,MGYG000004559,MGYG000000621,Prevotella amnii,MGYG000004874,Alistipes onderdonkii,Eubacterium_R sp900764665,UMGS577 sp900543525,Bifidobacterium sp900551485,Blautia_A wexlerae_A
rep701_seed2726	MGYG000004122,CAG-724 sp003524145,MGYG000004522,MGYG000004365,UMGS1696 sp900554225,Blautia_A sp900066505,Fusobacterium_C gonidiaformans,Anaerosacchariphilus sp014290175,Collinsella sp900545875,UMGS1781 sp900554635,Peptoniphilus_B sp000478985,Fusobacterium_A sp900764925,Dielma sp001305055
rep702_seed2727	CAG-873 sp001701165,Dialister sp900765565,UBA10281 sp900767885,MGYG000001916,Lachnoclostridium_B sp000765215,UMGS1864 sp900555835,CAG-115 sp003531585,CAG-83 sp900545585,UBA5884 sp900551505,Barnesiella sp002159975,MGYG000000752,Collinsella sp900548565,Collinsella sp900555765
rep703_seed2728	Agathobacter sp900546625,Pseudomonas_R sp900766265,Longicatena caecimuris,Lachnoclostridium_B phocaeensis,Collinsella sp900539035,Parolsenella sp900552935,MGYG000001844,Duodenibacillus sp900538905,CAG-273 sp900752095,Parabacteroides faecis,Ruminococcus_D sp000434695,Haemophilus_D sp900756155,MGYG000003304
rep704_seed2729	Sellimonas intestinalis,MGYG000004559,Romboutsia timonensis,UBA5446 sp900544765,Bacteroides cellulosilyticus,Epilithonimonas bovis,MGYG000004689,MGYG000003945,Collinsella sp900547855,Enterocloster sp900753815,Alistipes_A ihumii,Blautia_A schinkii,TM7x sp900557595
rep705_seed2730	Cellulosilyticum sp900556665,UMGS1601 sp900545345,Criibacterium bergeronii,Actinomyces graevenitzii,Collinsella sp900555355,Chimaeribacter arupi,Megasphaera sp001546855,Bifidobacterium globosum,Phocaeicola sp900546355,Collinsella sp900757235,Morganella morganii,Barnesiella intestinihominis,MGYG000000557
rep706_seed2731	Coprobacter sp900545915,Collinsella sp900554985,MGYG000003578,MGYG000004868,SFEL01 sp004557245,MGYG000004004,Phascolarctobacterium_A sp900553055,MGYG000001808,Blautia_A wexlerae_B,Blautia_A sp900066205,Prevotella sp900767615,Parabacteroides acidifaciens,CAG-110 sp900763965
rep707_seed2732	Peptoniphilus_B sp000478985,Collinsella sp900550835,UMGS911 sp900545935,Pauljensenia sp900541895,Streptococcus anginosus,MGYG000002680,Pauljensenia sp000308055,Alistipes sp900769445,ER4 sp900546295,Streptococcus sp004166885,MGYG000002209,QALW01 sp003150515,UMGS363 sp900543105
rep708_seed2733	MGYG000000433,MGYG000003884,Evtepia sp900546255,Anaerococcus sp900550345,Collinsella aerofaciens_A,MGYG000004870,RC9 sp000435075,Enterococcus_B faecium,Clostridium butyricum,CAG-510 sp900551115,MGYG000002692,MGYG000004374,MGYG000004166
rep709_seed2734	MGYG000002025,CAG-95 sp000436115,MGYG000003913,Desulfovibrio sp900540515,Clostridium septicum,MGYG000000691,RC9 sp900546395,MGYG000004630,MGYG000004166,Clostridium paraputrificum,Collinsella sp900556495,Anaerocolumna aminovalerica,MGYG000004159
rep710_seed2735	RUG023 sp900315435,Faecalibacterium sp900758465,Methanobrevibacter_A oralis,Collinsella sp900554985,CAG-145 sp002320005,CAG-110 sp900762935,HGM11514 sp900757255,UBA1820 sp003150615,CAG-110 sp900762245,Pseudoflavonifractor capillosus,MGYG000000377,Butyricimonas sp003479425,CAG-83 sp900551995
rep711_seed2736	CAG-170 sp900553545,Parabacteroides sp003480915,MGYG000004080,MGYG000001189,MGYG000002610,MGYG000003777,Lachnoclostridium_B sp000765215,Prevotella sp002481295,Ruminococcus_A sp003011855,Mobilibacterium timonense,CAG-110 sp900551495,MGYG000001837,Anaerococcus vaginalis_B
rep712_seed2737	MGYG000004664,UMGS1865 sp900768535,MGYG000004348,Alistipes sp000434235,UMGS1293 sp900754495,CAG-485 sp900767075,MGYG000004327,MGYG000001632,CAG-510 sp900551115,Blautia_A sp900541345,Bilophila sp900550745,Enterobacter cloacae_O,Prevotella sp900554545
rep713_seed2738	MGYG000003162,Collinsella sp003470665,Psychrobacillus sp012843435,Muribaculum sp003150235,Ruminiclostridium_E sp003512525,MGYG000002207,Pygmaiobacter massiliensis,Mediterraneibacter sp002314255,Gemmiger variabilis_A,Eisenbergiella sp900550285,Dorea_A longicatena,Gemella morbillorum,Kluyvera ascorbata_B
rep714_seed2739	CAG-762 sp000432575,MGYG000002708,CAG-115 sp900766795,UMGS1052 sp900548115,Haemophilus_A sputorum,Clostridium sp900759995,MGYG000002046,Angelakisella sp900547385,MGYG000004594,Ruminococcus_E bromii_B,MGYG000001871,MGYG000004841,MGYG000004547
rep715_seed2740	UMGS973 sp900547295,Collinsella sp900544065,Escherichia coli_D,UBA9502 sp900538475,Collinsella sp900757235,Prevotella sp002265625,Ruminococcus_C sp000980705,MGYG000002692,Hydrogeniiclostridium sp900752115,MGYG000004010,Weissella viridescens,Streptococcus rubneri,Duncaniella sp900549445
rep716_seed2741	Pauljensenia sp900541895,Acetatifactor sp900755865,Collinsella sp900757235,UMGS1633 sp900553645,Prevotella sp900556825,Bifidobacterium ruminantium,Marvinbryantia formatexigens,Enteroscipio rubneri,Merdibacter sp900754715,Eubacterium limosum,Mediterraneibacter faecis,CAG-83 sp000431575,Veillonella atypica
rep717_seed2742	Latilactobacillus curvatus,Blautia stercoris,Eubacterium_G sp900550135,MGYG000003895,Peptoniphilus_A harei,Veillonella sp900545205,MGYG000003256,MGYG000004139,CAG-83 sp900550585,Phocaeicola coprophilus,Porphyromonas_A sp900541275,Butyrivibrio_A sp000431815,Leuconostoc lactis
rep718_seed2743	Bacteroides faecis,CAG-115 sp900768705,MGYG000003784,CAG-273 sp900752095,Oxalobacter formigenes_B,Limosilactobacillus vaginalis_A,Serratia marcescens_I,Acetatifactor sp900066565,MGYG000004824,MGYG000002130,Proteus penneri,MGYG000004870,An181 sp002160325
rep719_seed2744	Christensenella timonensis,MGYG000004700,Muricomes oroticus,Dialister sp000434475,CAG-127 sp900767585,MGYG000004075,MGYG000001952,Eisenbergiella sp900539715,Oribacterium sp900772695,Collinsella sp900556445,Catenibacillus sp900557175,MGYG000004085,Stoquefichus sp001244545
rep720_seed2745	MGYG000004251,MGYG000002112,Enorma massiliensis,UBA1191 sp900066305,Gastranaerophilus phascolarctosicola,Collinsella sp900547125,RUG420 sp900542575,Murdochiella massiliensis,Dialister sp000434475,Bariatricus sp900554415,MGYG000002045,Collinsella sp900754435,Peptoniphilus_B sp000478985
rep721_seed2746	Collinsella sp900554155,Prevotella corporis,Sutterella wadsworthensis,Porphyromonas asaccharolytica,MGYG000004330,CAG-492 sp000434335,CAG-83 sp900547745,Brachyspira pilosicoli,Enterocloster sp900759225,Catenibacterium sp900764565,UMGS403 sp900541975,MGYG000001724,Collinsella sp900549245
rep722_seed2747	CAG-110 sp900544405,UBA737 sp900549755,Enterobacter chengduensis,UMGS1810 sp900555295,Ruminococcus_E bromii_B,UC5-1-2E3 sp001304875,Alistipes finegoldii,Lawsonibacter sp900766145,Blautia_A schinkii,Veillonella sp009929605,CAG-110 sp900762935,UMGS882 sp900757905,Aggregatibacter segnis
rep723_seed2748	Alistipes dispar,Phocaeicola sp900552075,Blautia_A hydrogenotrophica,S5-A14a sp000758905,Bacteroides sp014385165,SFDP01 sp900770785,MGYG000002692,CAG-81 sp900066055,MGYG000002017,MGYG000003206,Eubacterium_G sp000432355,Phascolarctobacterium_A sp900544885,Veillonella tobetsuensis
rep724_seed2749	Muribaculum sp002492595,Massiliomicrobiota sp002160865,Prevotella sp002299275,MGYG000004793,Salmonella enterica,UBA7160 sp900757145,MGYG000002628,CAG-269 sp001916055,Phascolarctobacterium_A sp900545025,MGYG000001582,Odoribacter sp900541415,UBA3766 sp900769175,Prevotella sp900548535
rep725_seed2750	Lactobacillus amylovorus,Clostridioides difficile,UMGS1781 sp900554635,Anaerococcus sp900258475,Enterocloster sp900549235,Amulumruptor sp900539915,CAG-110 sp000434635,Acutalibacter sp000435395,TF01-11 sp003529475,CAG-485 sp001701295,Campylobacter_A concisus,Anaeroglobus micronuciformis,HGM05232 sp900759955
rep726_seed2751	MGYG000002754,Streptococcus alactolyticus,CAG-269 sp000431335,Faecalibacterium prausnitzii_C,Eisenbergiella sp900548905,COE1 sp001916965,MGYG000004680,MGYG000003296,HGM11616 sp900761075,MGYG000003941,Marvinbryantia sp900550755,Lachnospira sp900552795,Streptococcus lutetiensis
rep727_seed2752	Streptococcus infantarius,Extibacter muris,TF01-11 sp000436755,Phocaeicola massiliensis,MGYG000000397,CAG-110 sp003525905,Bilophila sp900553145,MGYG000004894,Phocaeicola sp900066455,RC9 sp900541925,MGYG000004722,MGYG000001915,Collinsella sp900556415
rep728_seed2753	Pseudoruminococcus massiliensis,MGYG000004610,MGYG000002704,Parabacteroides sp900541965,Erysipelatoclostridium ramosum,UMGS599 sp900543705,MGYG000001205,Collinsella sp900549185,MGYG000004107,Prevotella sp900544825,Ruminococcus_C sp000433635,CAG-110 sp900769995,MGYG000001809
rep729_seed2754	MGYG000001632,Robinsoniella sp900555455,Ruthenibacterium sp900759375,QALS01 sp900552625,Collinsella sp900554665,Atlantibacter hermannii,MGYG000001580,Prevotella sp900548535,Anaerococcus vaginalis_B,Collinsella sp900551815,Ruminococcus_D sp000434695,Moellerella wisconsensis,MGYG000003798
rep730_seed2755	Cedecea davisae,Lawsonibacter sp900766145,MGYG000004366,Ruminococcus_A faecicola,HGM12587 sp900766915,Anaerocolumna aminovalerica,Coprococcus sp900066115,SFDP01 sp004558185,MGYG000004039,Dialister hominis,MGYG000004503,MGYG000000398,Phocaeicola ilei
rep731_seed2756	RC9 sp900545245,MGYG000004722,MGYG000004198,MGYG000003578,Firm-11 sp900550955,RC9 sp000432515,CAG-314 sp000437915,MGYG000004841,UMGS1663 sp900753245,UMGS599 sp900543705,Faecalimonas phoceensis,MGYG000000413,Faecalibacterium prausnitzii
rep732_seed2757	MGYG000003884,Phocaeicola sp900540105,Enterobacter ludwigii,MGYG000004496,CAG-485 sp900554845,Collinsella sp900755685,Collinsella sp003437035,CAG-110 sp900544975,CAG-194 sp000432915,Citrobacter gillenii,Blautia_A obeum_B,Bilophila sp902373525,Collinsella sp900545605
rep733_seed2758	UMGS1880 sp900555875,Alistipes sp900021155,MGYG000002628,MGYG000001594,MGYG000001979,Marseille-P3106 sp900543935,Agathobaculum butyriciproducens,Veillonella tobetsuensis,Prevotella sp000436915,UBA737 sp900549755,MGYG000004377,ER4 sp900552015,MGYG000004655
rep734_seed2759	Intestinimonas sp900540545,Bifidobacterium infantis,MGYG000000818,Phascolarctobacterium_A sp900547415,Phocaeicola sp900066445,Ruminococcus_E sp900755995,UBA5394 sp003150565,MGYG000003270,Prevotellamassilia sp900542795,Blautia sp900555025,Blautia_A sp900542045,MGYG000001724,MGYG000004154
rep735_seed2760	MGYG000003898,Firm-11 sp900540045,Mailhella sp003150275,MGYG000003955,Cetobacterium_A sp900766645,Robinsoniella sp900540475,UBA7488 sp002477185,CAG-81 sp900066055,Collinsella sp900545905,Alistipes sp900769405,Bacteroides clarus,MGYG000004393,Hungatella_A hathewayi_A
rep736_seed2761	Pseudoflavonifractor sp014287675,Lactobacillus amylovorus,MGYG000000637,MGYG000003945,Sutterella seckii_A,Collinsella sp000434535,MGYG000001809,Acetatifactor sp900771995,Agathobaculum sp900544475,Hafnia alvei,MGYG000002759,MGYG000002229,Dialister sp900759415
rep737_seed2762	CAG-873 sp001701165,MGYG000004684,Phascolarctobacterium faecium,MGYG000000752,MGYG000002699,Phytobacter diazotrophicus,Eubacterium_R sp900539165,Atlantibacter hermannii,MGYG000004854,UBA11512 sp003522145,Lawsonibacter asaccharolyticus,MGYG000004061,Phocaeicola sp900544075
rep738_seed2763	Collinsella sp900550185,UMGS1781 sp900555075,OF09-33XD sp003481995,MGYG000004387,MGYG000002058,MGYG000004310,AM51-8 sp900761925,UMGS75 sp900538885,Barnesiella sp002159975,Prevotella disiens,Collinsella sp900759335,Raoultella ornithinolytica,Dysosmobacter sp900550685
rep739_seed2764	MGYG000000298,CAG-83 sp000431575,Enterocloster sp900540675,Olsenella_E sp003609875,Enterococcus_B durans,MGYG000004098,Clostridium_P massiliamazoniense,Phytobacter diazotrophicus,Blautia_A sp900549015,Collinsella aerofaciens_E,CAG-485 sp900767075,Paramuribaculum sp900760855,MGYG000002613
rep740_seed2765	UBA5446 sp900546615,Eubacterium_R sp900540305,Collinsella sp900541185,Campylobacter_A concisus_F,TF01-11 sp003149875,Pauljensenia sp900541895,Peptococcus niger,Providencia stuartii,Veillonella sp900552445,Acinetobacter baumannii,MGYG000000450,Flavonifractor sp900549795,MGYG000003842
rep741_seed2766	Paramuribaculum sp001689535,Veillonella sp900552445,Prevotella sp900762125,MGYG000004365,UBA1786 sp900771425,Clostridium cuniculi,MGYG000004775,MGYG000001914,Blautia_A sp900066505,UMGS1781 sp900555075,Gemmiger variabilis_B,MGYG000000339,MGYG000003839
rep742_seed2767	CAG-273 sp902406115,MGYG000002745,UMGS1477 sp900553845,Anaerostipes hadrus,UMGS1387 sp900551295,Odoribacter sp900544025,Caecibacter sp900549385,UMGS1872 sp900555795,SFFH01 sp900542445,Duncaniella sp900762315,CAG-115 sp003516865,Megasphaera sp900548635,Collinsella sp900554255
rep743_seed2768	Clostridium sp900543325,MGYG000003907,Duodenibacillus sp900542805,MGYG000004228,Olsenella_B sp000752675,Dialister sp900759415,CAG-822 sp000432855,Neobacillus rubiinfantis,CAG-582 sp900760845,UMGS1601 sp900545345,Enterococcus_B hirae,Prevotellamassilia sp900546605,Bifidobacterium sp900551485
rep744_seed2769	Butyricicoccus pullicaecorum,Prevotella sp900554045,Prevotellamassilia sp900541575,MGYG000004035,Collinsella sp900548935,Collinsella sp900755685,Ruminococcus_E sp003521625,Christensenella minuta,UBA738 sp003522945,UMGS1839 sp900555545,Lachnospira sp900551945,Porphyromonas sp900546675,COE1 sp001916965
rep745_seed2770	Bacteroides congonensis,Agathobacter sp900546625,Faecalicoccus sp900546545,Bacteroides fragilis_A,UMGS1307 sp900550505,MGYG000004732,MGYG000003842,MGYG000000677,Leptotrichia wadei,Alistipes_A sp900549685,MGYG000003211,Streptococcus sp900543065,Holdemanella sp003436425
rep746_seed2771	D5 sp900113995,Holdemania filiformis,Pantoea brenneri,Firm-11 sp900548145,Enterocloster sp900753815,Blautia_A faecis,Leuconostoc lactis,Collinsella sp003466125,Collinsella sp900554985,UBA1777 sp900549865,Sutterella wadsworthensis,MGYG000004166,Parabacteroides sp900548175
rep747_seed2772	Catenibacillus sp900557175,Campylobacter_A concisus,MGYG000000450,Lawsonibacter sp900764755,MGYG000004139,Ruminococcus_E sp003521625,MGYG000004247,Enterobacter sichuanensis,MGYG000004127,MGYG000004609,HGM11616 sp900761075,Murimonas intestini,Slackia_A isoflavoniconvertens
rep748_seed2773	UBA1417 sp003531055,Coprococcus_A catus,Ruminococcus_E bromii_A,Haemophilus_A paraphrohaemolyticus,QANA01 sp900554725,Mediterraneibacter sp900541505,GCA-900066495 sp900545985,CAG-462 sp900765575,CAG-194 sp000432915,Megamonas hypermegale,Lactobacillus amylovorus,MGYG000003434,MGYG000004340
rep749_seed2774	UBA7160 sp900757145,MGYG000001583,UMGS1783 sp900555065,Klebsiella pneumoniae,Scardovia wiggsiae,Blautia_A schinkii,MGYG000002182,MGYG000001858,UMGS1872 sp900549475,MGYG000000761,Prevotella hominis,Paramuribaculum sp001689535,ER4 sp900552015
rep750_seed2775	Lactonifactor sp009677585,Ruminococcus_C callidus,Prevotellamassilia sp900556465,Prevotella sp002251295,Collinsella sp900552295,Dialister sp900759415,CAG-83 sp900313295,MGYG000002828,MGYG000003770,MGYG000002215,MGYG000004845,Negativibacillus sp000435195,MGYG000003441
rep751_seed2776	Collinsella sp003469205,Prevotella sp900543585,MGYG000003850,MGYG000000746,Slackia_A piriformis,Pseudoflavonifractor capillosus,MGYG000000359,MGYG000004462,Kosakonia cowanii,MGYG000001811,MGYG000004575,Lactobacillus paragasseri,UBA644 sp002299265
rep752_seed2777	Phocaeicola coprocola,MGYG000000547,F082 sp002633315,UBA1740 sp900767415,MGYG000004874,Collinsella sp900545605,Allisonella histaminiformans,Ruthenibacterium sp900546885,Acutalibacter sp000432995,Anaerostipes caccae,Enterocloster clostridioformis_A,MGYG000004829,Gemella morbillorum
rep753_seed2778	Collinsella sp900542905,CAG-103 sp900757655,Lawsonibacter sp900763995,Marvinbryantia sp900544685,Prevotella sp900548745,Blautia_A hydrogenotrophica,Collinsella sp900765115,MGYG000002005,MGYG000002122,MGYG000004722,Collinsella sp900541285,CAG-110 sp900546915,UMGS1441 sp900543365
rep754_seed2779	MGYG000002090,Enterobacter ludwigii,Alistipes sp900769745,MGYG000004655,CAG-465 sp900554875,Enterocloster asparagiformis,MGYG000004752,CAG-196 sp002102975,Anaerotruncus rubiinfantis,ER4 sp900550165,Holdemanella biformis,Prevotella disiens,UMGS856 sp900760305
rep755_seed2780	Neisseria sp000186165,Ruminococcus sp002438605,MGYG000004820,NK3B98 sp900752305,QAKW01 sp003343605,Lachnoclostridium_A edouardi,MGYG000000545,Ruminococcus_E sp900314705,MGYG000004699,MGYG000002881,UBA11517 sp900555365,Enterococcus_A avium,MGYG000002785
rep756_seed2781	Faecalibacterium prausnitzii_J,MGYG000003855,SFDP01 sp004558185,Haemophilus sp002998595,Mediterraneibacter lactaris,NK4A136 sp002314855,MGYG000002575,CAG-245 sp000435175,MGYG000001873,Prevotella lascolaii,MGYG000003211,MGYG000004689,MGYG000000403
rep757_seed2782	Collinsella sp900541195,UMGS1696 sp900554225,CAG-272 sp900556615,Bifidobacterium sp900551485,Alistipes timonensis,Enterocloster sp005845215,Clostridium_J ihumii,UMGS1781 sp900554635,Clostridium paraputrificum,Garciella sp900555725,Aneurinibacillus aneurinilyticus,CAG-632 sp000431515,Bacteroides congonensis
rep758_seed2783	MGYG000003509,Enterocloster sp900770345,Sutterella wadsworthensis_A,CAG-873 sp009775195,MGYG000004572,Veillonella sp900556785,Bacteroides neonati,Ruminococcus_B sp900544395,Peptococcus niger,Faecalicoccus sp900546545,Paraeggerthella hongkongensis_A,Phocaeicola sp000436795,CAG-488 sp000434055
rep759_seed2784	MGYG000001873,Gemmiger sp900548355,Prevotella sp900313215,UMGS1484 sp902388225,CAG-110 sp900546415,MGYG000003799,CAG-83 sp000435975,MGYG000003060,Slackia_A sp900553775,Lysinibacillus fusiformis_D,Prevotella jejuni,Prevotella sp000434975,Beduini massiliensis
rep760_seed2785	Lachnoclostridium_B sp900543315,Holdemanella sp003436425,Ruminococcus_D sp900543145,Christensenella timonensis,Intestinimonas butyriciproducens,CAG-488 sp000434055,MGYG000003913,HGM13862 sp900760825,Collinsella sp900542905,MGYG000004775,MGYG000004741,Faecalibacterium sp900765105,MGYG000002064
rep761_seed2786	CAG-317 sp900543415,MGYG000001666,Bittarella massiliensis,CAG-196 sp900549855,Butyrivibrio_A sp000431815,Yersinia bercovieri,MGYG000002705,Robinsoniella sp900540475,MGYG000004901,Prevotella stercorea,Alloscardovia omnicolens,MGYG000002828,Prevotellamassilia sp900543155
rep762_seed2787	Massilistercora timonensis,Enteroscipio rubneri,Collinsella sp900545555,Collinsella sp900551605,Odoribacter sp900541415,MGYG000002178,MGYG000000761,Parabacteroides chinchillae,UMGS973 sp900547295,Blautia_A sp003474435,Enterobacter cloacae_K,MGYG000001205,CAG-56 sp900539525
rep763_seed2788	UMGS902 sp003343845,Enterocloster clostridioformis,MGYG000002210,CAG-269 sp001916055,Fusobacterium_C necrophorum,Acutalibacter sp900543305,DTU089 sp002440045,UMGS905 sp900540085,SFDP01 sp900770785,Johnsonella sp900766185,Eubacterium limosum,Serratia surfactantfaciens,CAG-762 sp000432575
rep764_seed2789	Eubacterium_R sp900539165,MGYG000001137,CAG-83 sp000435975,Dialister sp900541485,Anaeromassilibacillus sp001305115,F23-B02 sp900545805,Parasutterella sp900554375,MGYG000002204,Emergencia sp900066695,Allisonella pneumosintes,MGYG000000400,Enterobacter kobei,Eubacterium_R sp000436835
rep765_seed2790	Faecalicoccus sp900546545,UMGS856 sp900546265,Prevotella sp900546575,MGYG000001142,MGYG000002654,Clostridium celatum,Blautia_A sp900066505,Faecalimonas sp000209385,Eubacterium_G sp000432355,MGYG000002785,MGYG000003061,CAG-877 sp900554305,Amedibacillus dolichus
rep766_seed2791	Enterocloster aldenensis,Bacilliculturomica massiliensis,MGYG000002610,MGYG000004876,Acetivibrio_A ethanolgignens,Enterococcus_B faecium,MGYG000000688,MGYG000000728,MGYG000002754,Serratia ureilytica,CAG-45 sp000438375,MGYG000001195,Gemella morbillorum
rep767_seed2792	Paramuribaculum sp009775605,Acutalibacter sp900543305,Eggerthella lenta,Megasphaera sp902388315,Ruminococcus_B gnavus,HGM12587 sp900766915,Alistipes sp902363575,MGYG000004782,Collinsella bouchesdurhonensis,MGYG000002076,Coprobacter fastidiosus,Bacteroides xylanisolvens,Streptococcus sp000187445
rep768_seed2793	Ruminococcus_C sp000437175,MGYG000002076,Streptococcus gordonii,Phocaeicola sp900553185,Lachnospira sp000436535,Ruthenibacterium lactatiformans,Gemmiger sp900540775,MGYG000000625,UMGS1071 sp900541905,MGYG000003994,CAG-460 sp900546715,Catenibacterium sp900764725,Prevotella sp004556065
rep769_seed2794	Prevotella sp900315955,GCA-900066495 sp902362365,Clostridium butyricum,Ruminococcus_E bromii_B,Blautia_A obeum,MGYG000000361,Fusicatenibacter sp900543115,Acidaminococcus provencensis,CAG-488 sp900539465,UMGS75 sp900538885,Cedecea davisae,Ezakiella sp900540185,Blautia_A obeum_B
rep770_seed2795	Acetatifactor sp900772845,Rothia mucilaginosa_A,Lactobacillus paragasseri,MGYG000002213,UMGS1537 sp900761045,Faecalicoccus sp900546545,Intestinibacter bartlettii,CAG-411 sp000437275,CAG-110 sp900547405,MGYG000001632,Paramuribaculum sp900759915,Mediterraneibacter sp900555215,UMGS1518 sp900552575
rep771_seed2796	Enterocloster bolteae,Finegoldia magna_F,Gabonibacter sp900543425,Prevotella sp000431975,MGYG000003071,Massiliomicrobiota sp002160865,Alistipes sp900546065,Fusobacterium periodonticum_B,Clostridium_B tyrobutyricum,Methanobrevibacter_A sp900766745,Collinsella sp900762015,Mailhella sp900553065,Clostridium_Q symbiosum
rep772_seed2797	Collinsella sp900553705,Ruminococcus_E sp002493635,Morganella morganii_A,UBA7185 sp900756555,Streptococcus agalactiae,CAG-831 sp900544175,MGYG000001048,MGYG000004325,Clostridium_B sp902809985,Pseudomonas aeruginosa,MGYG000004161,Evtepia sp004554585,UMGS1293 sp900550385
rep773_seed2798	MGYG000000390,Intestinimonas butyriciproducens,MGYG000001813,CAG-279 sp000437795,Ruminococcus_C sp000980705,Christensenella minuta,Lachnoclostridium_B sp900066765,MGYG000004630,Streptococcus peroris,MGYG000004210,UBA1234 sp900765095,Acetatifactor sp900766575,UBA9502 sp003481825
rep774_seed2799	Lacrimispora sp000526575,Limosilactobacillus caviae,Butyricicoccus pullicaecorum,Prevotella sp900553465,Blautia hominis,MGYG000004608,MGYG000001679,MGYG000004750,Anaerococcus sp900550345,Pradoshia sp001183965,HGM11525 sp900770405,Roseburia hominis,Enteroscipio rubneri
rep775_seed2800	Eubacterium maltosivorans,Ralstonia pickettii,Butyricimonas faecalis,MGYG000002657,Agathobaculum sp900544475,Dialister invisus,MGYG000000474,Bacteroides caccae,Butyrivibrio_A sp900768755,Dysosmobacter sp900551885,Adlercreutzia celatus_A,UMGS403 sp900540865,Finegoldia magna
rep776_seed2801	Ruminococcus_E sp900755995,Prevotella buccalis,MGYG000002151,MGYG000000387,V9D3004 sp002349525,MGYG000000390,Aneurinibacillus aneurinilyticus,Prevotella melaninogenica,MGYG000004873,Anaerostipes hadrus,BX12 sp902363595,Fusicatenibacter sp900772675,UBA5394 sp003150565
rep777_seed2802	S5-A14a sp000758905,Lawsonibacter sp900066825,Streptococcus sp000411475,MGYG000002769,Peptoniphilus_C sp902363535,Collinsella sp900541475,MGYG000003876,Lawsonibacter sp000177015,Prevotella sp002480935,MGYG000000699,NK3B98 sp900758315,Veillonella dispar,Ruminococcus_E sp003438075
rep778_seed2803	MGYG000004098,Prevotella sp900769275,Collinsella intestinalis,Enterococcus_A raffinosus,Blautia_A sp003477525,Gemmiger sp900548355,CAG-110 sp003525905,MGYG000003778,MGYG000000860,Marseille-P3106 sp900169975,Butyrivibrio_A sp900768755,Phascolarctobacterium sp900545535,Acetatifactor sp900772845
rep779_seed2804	UMGS856 sp900760305,UMGS1872 sp902373635,Roseburia sp900542495,Fusicatenibacter sp900772675,MGYG000004118,Enterocloster sp900555905,Blautia_A sp003471165,MGYG000002685,Massilimaliae sp900752435,MGYG000004849,MGYG000000621,MGYG000004231,MGYG000001807
rep780_seed2805	Bifidobacterium ruminantium,Eisenbergiella sp900066775,CAG-462 sp003489705,MGYG000000589,MGYG000002182,MGYG000003826,MGYG000004575,CAG-492 sp900557195,Clostridium_Q sp003024715,MGYG000004125,UMGS1840 sp900555525,Acetivibrio_A ethanolgignens,UMGS1696 sp900753285
rep781_seed2806	Lachnospira sp900772425,TM7x sp900556355,Enorma massiliensis,CAG-110 sp900554625,CAG-354 sp900759015,Schaedlerella sp900066545,MGYG000003798,CAG-1427 sp900542525,Lactobacillus gasseri,Gordonibacter pamelaeae,Veillonella parvula_A,Eisenbergiella sp900555195,Dysosmobacter sp004553545
rep782_seed2807	UBA5905 sp900764115,Prevotella sp900556395,GCA-900066905 sp900066905,MGYG000001952,Alistipes onderdonkii,CAG-83 sp003487665,Moellerella wisconsensis,Parabacteroides sp003473295,MGYG000004630,Collinsella sp900757705,Cedecea davisae,Bacteroides ndongoniae,Collinsella sp900550825
rep783_seed2808	MGYG000004209,MGYG000001916,Prevotellamassilia sp900772575,UMGS911 sp003343545,MGYG000004722,Parasutterella excrementihominis,MGYG000003299,Akkermansia sp900545155,CAG-269 sp900554565,Collinsella sp900546115,Eubacterium_R sp900539425,Gemmiger qucibialis,MGYG000002646
rep784_seed2809	UBA737 sp900549755,Lachnoclostridium_B sp000765215,Prevotella buccalis,Epilithonimonas bovis,Enterocloster sp900547035,MGYG000000677,Muricomes sp900604355,UMGS1690 sp900554165,CAG-238 sp900542245,Collinsella sp900542315,Bacteroides sp900556215,MGYG000004383,Lachnospira sp000436535
rep785_seed2810	Megamonas hypermegale,UBA1820 sp003150615,Coprobacter fastidiosus,QALR01 sp900552255,MGYG000001284,Lactobacillus gallinarum,Dysosmobacter sp900542115,Lactobacillus crispatus,Phocaeicola ilei,MGYG000001844,Butyricicoccus_A sp002395695,Roseburia sp900756925,MGYG000002659
rep786_seed2811	Parabacteroides sp003473295,MGYG000004793,Blautia_A sp003477525,MGYG000004122,CAG-110 sp900554705,MGYG000003212,Lagierella massiliensis,Pseudomonas_E bubulae,Cronobacter sakazakii,Eubacterium_G ventriosum,Clostridium_P perfringens,Veillonella sp900757715,MGYG000000630
rep787_seed2812	Paramuribaculum sp900760855,Dysosmobacter sp900556925,MGYG000000746,Klebsiella_A grimontii,MGYG000004377,MGYG000002714,UMGS1004 sp900761685,HGM11525 sp900770405,Proteus vulgaris,Anaeromassilibacillus sp002159845,UBA1417 sp900549945,Collinsella sp900544115,Sellimonas sp002161525
rep788_seed2813	UBA1417 sp002305575,CAG-110 sp900762245,Agathobacter sp900552085,Eubacterium_R sp900542875,Mediterraneibacter faecis,Enterocloster sp900555045,UMGS1518 sp900552575,Enterocloster sp900547035,Coprobacillus cateniformis,MGYG000004477,MGYG000000745,CAG-877 sp900548695,Collinsella sp900550815
rep789_seed2814	MGYG000002052,Ruminococcus_A faecicola,CAG-873 sp900550395,Akkermansia muciniphila_C,Enterococcus faecalis,Bifidobacterium ruminantium,Rikenella microfusus,TF01-11 sp003149875,QALR01 sp900542425,HGM11521 sp900751885,Parabacteroides sp900552415,MGYG000001839,Collinsella sp900541205
rep790_seed2815	COE1 sp900753305,CAG-196 sp900549855,MGYG000000505,Collinsella sp900544425,MGYG000004646,Eubacterium_G sp900550135,Fusobacterium_B sp900542625,Epilithonimonas bovis,MGYG000003950,MGYG000000348,Lactobacillus iners,Ruminococcus_D bicirculans,Blautia_A sp900066145
rep791_seed2816	Porphyromonas sp900538385,Collinsella sp900762015,Ruminococcus_D sp900539835,Cronobacter malonaticus,Phascolarctobacterium_A sp900544885,MGYG000001142,MGYG000002766,Phytobacter ursingii,Collinsella sp900549535,MGYG000003717,Morganella morganii,Veillonella sp900545205,Porphyromonas gingivalis
rep792_seed2817	Eubacterium maltosivorans,MGYG000003778,Bacteroides sp900761785,MGYG000001935,Bacteroides sp003545565,NK3B98 sp900545815,MGYG000001879,CAG-170 sp900555665,Prevotella sp003447235,Alistipes sp900542505,CAG-485 sp900767075,CAG-83 sp900313295,Collinsella sp900757265
rep793_seed2818	Collinsella sp900554325,Collinsella sp900548565,Amedibacillus dolichus,MGYG000004741,HGM11501 sp900766735,UMGS363 sp900543105,Lawsonibacter sp900763995,CAG-238 sp900551415,Pantoea conspicua,MGYG000004807,Yersinia bercovieri,Streptococcus sp900555155,Murdochiella massiliensis
rep794_seed2819	MGYG000001028,UMGS882 sp003343885,Enterobacter ludwigii,Prevotella sp004556065,MGYG000004742,Gemmiger formicilis,MGYG000000448,MGYG000004039,Phascolarctobacterium sp900544795,MGYG000002182,Enterocloster sp000155435,Leclercia adecarboxylata_C,MGYG000003850
rep795_seed2820	Neobittarella massiliensis,MGYG000000597,Phocaeicola sp900542985,Yersinia kristensenii,Ruminococcus sp900545125,UBA10281 sp900767815,Gabonibacter massiliensis,CAG-1031 sp000431215,CAG-485 sp900766975,MGYG000002696,UMGS1251 sp900549995,Eubacterium_R sp014465955,Terrisporobacter othiniensis
rep796_seed2821	Gemmiger sp004555405,Clostridium nigeriense,MGYG000004135,MGYG000002077,Rothia sp902373285,CAG-882 sp900545175,CAG-302 sp000431795,Negativibacillus sp000435195,Akkermansia muciniphila_B,Akkermansia muciniphila,UBA5905 sp002437905,MGYG000004660,RUG572 sp900771305
rep797_seed2822	Enterocloster sp900541315,MGYG000000627,Prevotella stercorea,MGYG000003434,MGYG000000733,Veillonella sp009929605,Ruminococcus_C sp000433635,Niameybacter sp900549765,Collinsella sp900543515,UMGS1472 sp900552095,MGYG000003212,Catenibacterium sp900764565,Eisenbergiella sp900548905
rep798_seed2823	Dialister sp900543165,Peptoniphilus_A sp900538655,Citrobacter_A sedlakii,MGYG000002745,Bacteroides gallinarum,CAG-411 sp000437275,Salinicola tamaricis,Klebsiella_A grimontii,MGYG000003855,MGYG000002685,MGYG000003717,MGYG000002071,Haemophilus sp002998595
rep799_seed2824	MGYG000002740,UMGS1783 sp900555065,CAG-110 sp900546915,Faecalimonas sp900550235,Raoultella ornithinolytica,MGYG000004522,Bacteroides uniformis,Alistipes sp001941065,Dorea formicigenerans,CAG-632 sp000431515,MGYG000004742,Streptococcus sobrinus,Holdemanella biformis
rep800_seed2825	CAG-272 sp000433515,CAG-110 sp000434635,MGYG000001585,MGYG000000724,Escherichia albertii,CAG-269 sp900753165,Prevotellamassilia sp900540885,MGYG000002084,Fusobacterium polymorphum,MGYG000001862,Collinsella sp900556515,Gabonibacter massiliensis,UBA737 sp900549755
rep801_seed2826	Phocaeicola sp900551645,MGYG000004423,Dorea_A longicatena,ER4 sp900552375,Neisseria macacae,MGYG000002223,Serratia marcescens_I,MGYG000002085,Turicimonas muris,MGYG000001996,Prevotella sp900554045,MGYG000003752,Anaerotignum faecicola
rep802_seed2827	MGYG000001727,Pauljensenia radingae_A,CAG-110 sp900549705,MGYG000004885,MGYG000004010,CAG-390 sp900753295,UMGS403 sp900541975,UMGS1225 sp900549725,Streptococcus equinus,Allisonella pneumosintes,Clostridium sp900769625,CAG-110 sp900546075,Bifidobacterium infantis
rep803_seed2828	MGYG000004775,Parabacteroides sp900552415,CAG-390 sp003523225,Acetatifactor sp900766575,UMGS1375 sp900551235,Bacteroides intestinalis,Mobilibacterium sp900315625,CAG-110 sp900763965,Prevotellamassilia sp900540885,Beduini sp902363625,MGYG000003914,CAG-83 sp900549395,CAG-1427 sp900542525
rep804_seed2829	Gemmiger qucibialis,Muribaculum intestinale,TM7x sp900556885,MGYG000003955,Collinsella sp000434535,Agathobacter sp900543445,Caecibacter sp003467125,Eubacterium_T sp900766045,Blautia_A sp900551715,Megamonas sp900556715,Collinsella sp900544875,CAG-1427 sp900538545,F0040 sp900095835
rep805_seed2830	MGYG000003894,Dorea_A longicatena_B,CAG-465 sp900554875,CAG-115 sp002492075,CAG-83 sp900756715,Peptostreptococcus russellii_A,Enterobacter cancerogenus,MGYG000002209,Duodenibacillus sp900544255,Providencia rettgeri,Parabacteroides sp900541965,Dysosmobacter sp001916835,CAG-272 sp000433515
rep806_seed2831	UMGS1004 sp900761685,Leuconostoc lactis,MGYG000002675,MGYG000001858,MGYG000002683,CAG-776 sp900758895,Bifidobacterium breve,UMGS1537 sp900543695,CAG-115 sp900766795,QAMM01 sp900552945,Catenibacterium sp900764725,Blautia_A sp900549015,Collinsella sp900542275
rep807_seed2832	MGYG000004891,UMGS1472 sp900552095,UMGS1696 sp900763885,MGYG000001032,MGYG000000574,Peptostreptococcus anaerobius,Niameybacter sp900549765,Peptoniphilus_A phoceensis,MGYG000003254,Senegalimassilia faecalis,Fusobacterium nucleatum,Bacteroides sp902362375,Mixta calida
rep808_seed2833	Faecalibacterium sp003449675,Acidaminococcus timonensis,Lachnoanaerobaculum sp000296385,Acidaminococcus sp900770265,MGYG000002697,MGYG000004364,MGYG000000334,MGYG000000759,CAG-245 sp000434195,MGYG000001632,Anaerobutyricum soehngenii,Christensenella timonensis,Enterobacter cancerogenus
rep809_seed2834	Prevotella multisaccharivorax,UBA7185 sp900756555,Lactococcus garvieae,MGYG000004384,Clostridium_Q sp000435655,Enterocloster sp900770345,Mailhella sp900541395,Anaerostipes sp900756035,Enterocloster sp900543885,Clostridium_Q symbiosum,UMGS1872 sp900549475,CAG-269 sp000438255,Citrobacter_B koseri
rep810_seed2835	MGYG000003328,MGYG000000594,Alistipes shahii,UMGS1668 sp900768105,UBA1417 sp003531055,Blautia_A sp900542045,HGM14224 sp900761905,Prevotella sp900556275,UBA5446 sp900759385,Negativibacillus sp900547455,Sellimonas intestinalis,Blautia sp003287895,Clostridium_X cadaveris
rep811_seed2836	Peptostreptococcus anaerobius,Roseburia sp900548205,Pauljensenia sp902373545,MGYG000004817,Ralstonia pickettii,Streptococcus alactolyticus,MGYG000001683,CAG-485 sp900555915,MGYG000001935,Eubacterium_R sp900767025,MGYG000004509,CAG-873 sp900555715,Collinsella sp900553415
rep812_seed2837	MGYG000001759,MGYG000002738,CAG-110 sp900549495,MGYG000000298,Phascolarctobacterium faecium,CAG-110 sp900544975,VUNA01 sp002299625,Acutalibacter sp900543305,Dorea formicigenerans,CAG-1193 sp900550145,Acidaminococcus fermentans,Streptococcus oralis_S,Murdochiella vaginalis
rep813_seed2838	MGYG000004095,Neobittarella massiliensis,MGYG000002696,Phytobacter sp002377245,Streptococcus sp900755085,CAG-485 sp001701295,MGYG000000346,An92 sp900199495,Bulleidia sp900554555,Faecalibacillus sp003480255,MGYG000002726,Enterocloster lavalensis,Streptococcus salivarius
rep814_seed2839	MGYG000002680,MGYG000004380,MGYG000004818,Exiguobacterium sp003467445,CAG-180 sp000432435,Pauljensenia turicensis,Collinsella sp900543615,Enterobacter asburiae_B,QALW01 sp003150515,Clostridioides difficile,MGYG000000752,MGYG000002075,UMGS902 sp900546635
rep815_seed2840	MGYG000000390,Ruthenibacterium sp900546885,MGYG000001566,MGYG000003053,Megamonas funiformis,Ruminococcus_E sp003526955,Lawsonibacter sp900545895,MGYG000004837,Bacteroides neonati,Clostridium_F botulinum_A,MGYG000004689,Alistipes_A ihumii,UBA2821 sp902763335
rep816_seed2841	Azonexus sp900549295,UBA1417 sp900549945,Eubacterium_R sp014465955,Massilimaliae sp900752435,MGYG000001242,Prevotella buccalis,CAG-460 sp900546715,Oxalobacter formigenes,Enterocloster clostridioformis_A,CAG-83 sp003539495,MGYG000004364,Enterocloster sp900549235,MGYG000000643
rep817_seed2842	Faecalibacterium prausnitzii_F,CAG-115 sp003507295,UMGS1487 sp900552225,Dysosmobacter sp900551885,Anaeroglobus micronuciformis,Lactococcus lactis_E,Selenomonas_A sp900769615,NK3B98 sp900752305,Eubacterium_R sp900540305,MGYG000002702,MGYG000002148,MGYG000000378,CAG-245 sp900552135
rep818_seed2843	Prevotella amnii,MGYG000004597,F23-B02 sp900545805,Collinsella stercoris,HGM13010 sp900754965,Phocaeicola sp002161765,Massiliomicrobiota sp002160865,Paraprevotella xylaniphila,Eubacterium callanderi,Prevotella sp900553155,MGYG000001048,Blautia_A sp900549015,MGYG000002223
rep819_seed2844	MGYG000003294,UBA1752 sp900554405,Phocaeicola sp900552645,Zag1 sp900769355,MGYG000002881,MGYG000004839,Enterocloster sp005845215,Morganella morganii,MGYG000000630,Collinsella sp900542155,Collinsella sp900556445,CAG-269 sp900760175,Extibacter hylemonae
rep820_seed2845	MGYG000000713,TF01-11 sp900759665,MGYG000004366,MGYG000004711,Collinsella sp900552755,Collinsella sp900751755,Veillonella sp900552715,MGYG000003768,UBA7160 sp900757145,Collinsella sp900542305,CAG-485 sp900552315,CAAEEV01 sp900754955,Prevotella sp002265625
rep821_seed2846	MGYG000001811,UBA5394 sp003150565,Blautia_A sp900551075,CAG-245 sp900552135,Pantoea conspicua,MGYG000004405,MGYG000004888,Streptococcus sp900755085,Anaerobutyricum soehngenii,MGYG000000592,UBA7185 sp900756555,CAG-56 sp900752065,MGYG000002076
rep822_seed2847	Enterocloster sp900551225,Merdimonas faecis,Hydrogeniiclostridium sp900550095,Ruminococcus_C callidus,Alistipes sp900541585,MGYG000004863,Longibaculum muris,MGYG000004432,HGM04593 sp900769765,Holdemanella sp900754615,Bacteroides sp002491635,Campylobacter_A concisus_B,MGYG000001727
rep823_seed2848	Campylobacter_A concisus_E,UMGS1307 sp900550505,MGYG000000625,CAG-194 sp000432915,MGYG000000650,Collinsella sp900552995,MGYG000003978,CAG-485 sp900321585,Niameybacter sp900549765,CAG-353 sp900066885,MGYG000000355,Prevotella sp002251385,CAG-217 sp900547275
rep824_seed2849	SFFH01 sp900548125,CAG-510 sp900551115,Collinsella sp003470665,Slackia_A sp900555495,Collinsella sp003479805,UMGS1307 sp900550505,Bifidobacterium infantis,Oxalobacter formigenes,MGYG000003970,Emergencia sp900066695,Phocaeicola barnesiae,D5 sp900113995,Proteus cibarius
rep825_seed2850	CAG-83 sp900313295,Anaerosacchariphilus sp900066385,RC9 sp000433355,Veillonella sp003463825,Fusicatenibacter sp900772675,Bacteroides cellulosilyticus,MGYG000004660,Pseudomonas citronellolis,Collinsella sp900550825,Enterococcus_A devriesei,CAG-170 sp000432135,Clostridium_AQ sp003481775,MGYG000003955
rep826_seed2851	CAG-103 sp900317855,CAG-302 sp000431795,TM7x sp900556885,CAG-314 sp900551395,Collinsella sp900544865,MGYG000003356,MGYG000002229,MGYG000004845,Collinsella sp900549655,UBA2856 sp900555005,Proteus cibarius,Phocaeicola barnesiae,Rothia mucilaginosa
rep827_seed2852	MGYG000004062,Haemophilus_D pittmaniae,MGYG000001870,Bacilliculturomica massiliensis,Bacteroides fluxus,Collinsella sp003471585,Massilimaliae timonensis,UMGS1071 sp900541905,Massilimaliae sp900752435,Collinsella sp900757205,MGYG000001880,Evtepia gabavorous,GCA-900066495 sp900066495
rep828_seed2853	Collinsella sp900555765,UMGS268 sp900540705,MGYG000004049,Erysipelatoclostridium saccharogumia,UMGS911 sp900545935,Roseburia sp003470905,MGYG000002064,MGYG000004836,QAKW01 sp003343605,UBA737 sp002431945,Prevotella sp900554695,Faecalimonas sp900555395,Firm-11 sp900548145
rep829_seed2854	Collinsella sp003439125,MGYG000004098,MGYG000000710,CAG-462 sp003489705,Ruminococcus_E sp003526955,Murdochiella vaginalis,Pantoea eucalypti,MGYG000004759,Clostridium_E jeddahense,Prevotella sp900550035,MGYG000002045,Sutterella sp900764215,Collinsella sp900760905
rep830_seed2855	MGYG000000325,Collinsella sp900550205,MGYG000002053,Collinsella sp900554985,Alistipes sp900541585,Gordonibacter massiliensis,MGYG000004213,Catenibacillus sp900557175,MGYG000003938,UMGS1600 sp900553315,Anaerococcus jeddahensis,MGYG000004049,MGYG000002826
rep831_seed2856	MGYG000003826,Anaerosacchariphilus sp014290175,MGYG000001811,MGYG000000585,CAG-245 sp000434195,Collinsella sp900553935,Roseburia sp900753715,Parabacteroides faecis,Bittarella massiliensis,CAG-485 sp900550645,Acidaminococcus sp900770265,Lactobacillus apis,CAG-590 sp900769115
rep832_seed2857	Flavonifractor sp900549795,Eubacterium_R sp000431535,Robertmurraya massiliosenegalensis,Haemophilus_D parainfluenzae_L,MGYG000004477,MGYG000003882,CAG-1427 sp900538545,Collinsella sp900555815,UMGS882 sp900757905,UMGS1384 sp900551265,UBA5394 sp900542615,CAG-590 sp900769115,MGYG000000736
rep833_seed2858	Dielma fastidiosa,Yokenella regensburgei,MGYG000003950,MGYG000004039,CAG-510 sp900550475,Agathobacter sp000434275,Massilistercora timonensis,UMGS1603 sp900553265,Collinsella sp900544115,Firm-11 sp900540045,KLE1615 sp900066985,Blautia_A sp900542045,MGYG000003338
rep834_seed2859	HGM11575 sp900754775,Campylobacter_B sp900539505,Enterobacter mori,MGYG000004885,MGYG000004004,Megasphaera sp900540735,MGYG000001242,CAG-495 sp900551585,Lawsonibacter sp003478995,UBA1685 sp002320595,MGYG000004061,Acidaminococcus timonensis,Lysinibacillus fusiformis_D
rep835_seed2860	Lawsonibacter sp900066645,CAG-302 sp900548425,UBA1822 sp002314995,MGYG000000694,Streptococcus agalactiae,Enterocloster sp900753815,Bacteroides fragilis_A,Collinsella sp900554255,Butyricimonas sp900759925,CAG-83 sp000431575,MGYG000001666,UBA1417 sp900549945,Yersinia mollaretii
rep836_seed2861	MGYG000000752,Clostridium_Q symbiosum,MGYG000004708,Dialister sp002320515,MGYG000004885,Streptococcus sp000187445,MGYG000004118,MGYG000002931,UBA5446 sp900543085,Acidaminococcus fermentans_A,MGYG000000733,MGYG000004621,UMGS268 sp900540175
rep837_seed2862	Paramuribaculum sp900752995,Ruminococcus sp900540005,Collinsella bouchesdurhonensis,Enterocloster sp001517625,Catenibacillus sp900553975,MGYG000000359,Coprobacter secundus,MGYG000004741,Alistipes sp900769445,UBA10281 sp900548285,Veillonella sp900757715,MGYG000004430,Angelakisella sp003453215
rep838_seed2863	Murimonas intestini,UMGS1225 sp900549725,Collinsella sp900545555,Peptococcus niger,MGYG000004560,Collinsella sp900756725,Morganella morganii,Lactonifactor longoviformis,Citrobacter gillenii,Parabacteroides sp003480915,UBA1181 sp900769555,CHH4-2 sp002899675,MGYG000004098
rep839_seed2864	Lactococcus lactis,Veillonella_A seminalis,MGYG000001839,Megasphaera cerevisiae,Blautia sp900765525,Citrobacter_A amalonaticus,Odoribacter massiliensis,CAG-110 sp900554705,Alistipes sp900548155,Vibrio parahaemolyticus,CAG-110 sp003525905,MGYG000004782,Alistipes_A sp900549685
rep840_seed2865	MGYG000004009,GCA-900066495 sp902362365,Bacteroides uniformis,CAG-877 sp900554305,ER4 sp003522105,Prevotella sp900770845,Prevotella sp900548745,Paraclostridium sordellii,UBA9502 sp003480315,Eubacterium_G sp000432355,Prevotella sp002480935,Pseudomonas citronellolis,Eubacterium_G sp000435815
rep841_seed2866	Escherichia marmotae,Ruminococcus_B sp900544395,Alistipes sp900544265,UMGS1696 sp900763885,CAG-484 sp000431315,Ruminiclostridium_E sp003512525,Paramuribaculum sp900752995,QALR01 sp900542425,Acinetobacter johnsonii,Treponema_D sp900769975,Anaerobutyricum sp900754855,Collinsella sp900546115,MGYG000001575
rep842_seed2867	CAG-145 sp000435715,AF33-28 sp003477885,CAG-1427 sp900556585,43-108 sp001915545,Eubacterium_I ramulus_A,MGYG000001952,Streptococcus sp902373455,Peptostreptococcus sp900759325,Blautia_A sp900551465,CAG-145 sp900545135,CAG-115 sp900768125,Blautia sp000432195,MGYG000003175
rep843_seed2868	Prevotella pectinovora,Bacteroides graminisolvens,MGYG000004882,Prevotella sp002265625,Escherichia fergusonii,UBA4716 sp900556575,WG-1 sp900539665,UBA7182 sp003480725,NK3B98 sp900545815,CAG-45 sp000438375,UMGS1312 sp900550625,Parabacteroides faecis,NK3B98 sp900752305
rep844_seed2869	MGYG000003294,MGYG000004768,CAG-127 sp900767585,MGYG000002170,UBA940 sp900768115,Odoribacter sp900541415,Collinsella sp900757705,MGYG000001666,MGYG000004700,Collinsella sp900549655,Acutalibacter sp900548545,HGM04593 sp900769465,Ruminococcus_E sp900314705
rep845_seed2870	Butyricicoccus sp900547195,CAG-110 sp900547405,Collinsella sp900545555,CAG-180 sp004556705,CAG-110 sp003525905,MGYG000002624,MGYG000004704,COE1 sp900753305,Muribaculum sp002473395,Exiguobacterium sp003467445,Yersinia mollaretii,Eubacterium_I sp900546495,Lactobacillus ultunensis
rep846_seed2871	Collinsella sp900550825,Ruminococcus_C callidus,MGYG000003766,CAG-238 sp900542245,Eubacterium_G sp900550135,MGYG000003867,Turicimonas sp900542195,Rothia mucilaginosa_A,MGYG000002901,Prevotella pectinovora,Enterococcus faecalis,Acutalibacter sp900755895,Stomatobaculum longum
rep847_seed2872	Collinsella sp003470665,Leminorella grimontii,Anaerococcus sp900258475,UBA7173 sp900768685,Niameybacter sp900549765,MGYG000004599,Eubacterium_R sp900767025,Fusobacterium sp000235465,Prevotella sp900770395,Alistipes sp900760675,MGYG000003876,Desulfovibrio sp900540515,Blautia hansenii
rep848_seed2873	Turicibacter sp001543345,CAG-485 sp900547755,HGM13006 sp900757695,UMGS1322 sp900550765,Firm-10 sp004552515,MGYG000002255,MGYG000004519,CAG-269 sp900760175,Bacteroides cutis,Holdemanella sp003458715,CAG-873 sp900550395,Prevotella sp900556825,Bacteroides sp900766005
rep849_seed2874	Latilactobacillus curvatus,Collinsella sp900541285,CAG-632 sp002406015,MGYG000004607,Blautia_A sp900549015,Ruminococcus_E sp003526955,UBA1691 sp002320555,CAG-238 sp900542245,Hungatella sp005845265,Enterococcus_A devriesei,Gemmiger sp900556255,Collinsella sp900545075,Brachyspira pilosicoli
rep850_seed2875	Zag1 sp900769355,UBA1191 sp900545775,Proteus sp003144505,MGYG000004874,UMGS1696 sp900753285,UBA6382 sp900557555,Enterobacter cancerogenus,UMGS902 sp900546635,AM51-8 sp900761925,MGYG000003936,Streptococcus sp902373455,Neisseria sp000186165,Bruticola sp900772775
rep851_seed2876	MGYG000001585,Acutalibacter sp900543555,UMGS1600 sp900553315,UBA4871 sp014467055,Prevotella sp900313215,Bulleidia sp900539965,MGYG000003509,Faecalitalea cylindroides,CAG-110 sp900548795,MGYG000002753,CAG-269 sp900553125,Bacteroides ovatus,UBA4285 sp900545225
rep852_seed2877	Acetatifactor sp900772845,Lacticaseibacillus rhamnosus,Bacillus_A luti,MGYG000000597,Eubacterium_R sp000431535,Finegoldia magna,Enterobacter asburiae_B,Kluyvera ascorbata_B,MGYG000004037,MGYG000000286,Blautia sp002161285,Clostridium_J ihumii,Collinsella sp002391315
rep853_seed2878	UMGS731 sp900544985,Collinsella sp900547805,MGYG000001859,MGYG000004628,CAG-1427 sp900546175,MGYG000004756,CAG-269 sp900556345,Catenibacterium sp900764725,Parolsenella uli_B,Catenibacterium mitsuokai,MGYG000000693,MGYG000002624,Faecalimonas sp000209385
rep854_seed2879	Collinsella sp900556605,Collinsella sp900547805,Agathobaculum sp900555465,Collinsella sp900762345,Lactobacillus acidophilus,Bifidobacterium animalis,Streptococcus sp900755085,Bulleidia sp900539965,Pauljensenia sp000411415,MGYG000000589,Phocaeicola sp900546095,UMGS902 sp003343845,UBA7057 sp900543675
rep855_seed2880	CAG-831 sp902388455,Senegalimassilia faecalis,Megasphaera sp900539295,Chimaeribacter arupi,UBA5446 sp900546485,Pauljensenia sp902373435,Prevotella sp900762125,Massilimaliae timonensis,Dialister sp900543455,UBA2882 sp900542015,MGYG000004870,MGYG000004135,MGYG000004387
rep856_seed2881	Yersinia aleksiciae,AM51-8 sp900546435,Clostridioides difficile,Proteus vulgaris,Dysgonomonas mossii,Alistipes timonensis,Desulfovibrio legallii,Allisonella histaminiformans,Blautia_A sp900549015,MGYG000004699,Faecalimonas phoceensis,NSJ-61 sp003433845,Prevotella veroralis
rep857_seed2882	Niameybacter sp900549765,Lacrimispora sp902363835,Fournierella sp004558145,Collinsella aerofaciens_K,Coprobacter secundus,MGYG000000693,Gordonibacter pamelaeae,CAG-41 sp900066215,UMGS1004 sp900761685,MGYG000004880,MGYG000001825,MGYG000000298,Parvimonas micra
rep858_seed2883	Anaerotruncus rubiinfantis,Lachnoclostridium sp900078195,Bacteroides_F pectinophilus,MGYG000003823,Eubacterium limosum,Faecalibacterium sp900772565,UMGS1783 sp900555065,CAG-269 sp000431335,Actinobaculum massiliense,UMGS1872 sp900549475,Finegoldia magna_H,Collinsella sp900550415,CAG-110 sp900547405
rep859_seed2884	Parabacteroides sp014287585,Parabacteroides distasonis,F082 sp900769945,Negativibacillus sp900547455,Clostridium_AQ sp000165065,Anaeromassilibacillus sp002159845,MGYG000003296,Clostridium_J ihumii,Duncaniella sp900762315,Prevotella colorans,Sellimonas intestinalis,Bacteroides acidifaciens,MGYG000001049
rep860_seed2885	MGYG000003356,Collinsella sp900754275,MGYG000004177,MGYG000004549,Clostridium_B sp902809985,UMGS1397 sp900551425,Alistipes dispar,CAG-793 sp000433915,UBA737 sp900547305,UMGS1590 sp900759105,Coprococcus sp900066115,Hydrogeniiclostridium mannosilyticum,MGYG000002659
rep861_seed2886	MGYG000003109,CAG-269 sp000435535,MGYG000004519,Marseille-P3106 sp900543935,Alistipes_A sp900539755,UBA4871 sp014467055,Porphyromonas asaccharolytica,MGYG000003797,Eisenbergiella sp900550285,Peptacetobacter sp900539645,UMGS856 sp900546265,Eubacterium_R sp900540305,MGYG000002677
rep862_seed2887	Bacteroides sp902388495,ER4 sp900317525,UMGS1815 sp900555345,Prevotella sp900770395,MGYG000003067,MGYG000002712,Bifidobacterium globosum,Eubacterium_R sp900767025,Bacteroides_F pectinophilus,Catenibacterium sp000437715,Cronobacter sakazakii,MGYG000000594,Actinomyces oris
rep863_seed2888	CAG-484 sp900554385,MGYG000003909,Blautia sp900555025,Plesiomonas shigelloides,MGYG000002740,Lacrimispora sp902363735,MGYG000000656,Fusobacterium_A sp900543175,Turicibacter sanguinis,UBA9502 sp003480315,CAG-95 sp900554925,CAG-194 sp000432915,QALR01 sp900552255
rep864_seed2889	Blautia_A sp900763175,Veillonella tobetsuensis,Collinsella sp003459505,Prevotella sp000434975,CAG-269 sp001916035,CAG-269 sp003525075,UBA2882 sp002362385,Rubneribacter badeniensis,Muricomes sp000509105,UBA7748 sp900314535,GCA-900066755 sp900066755,CAG-177 sp003538135,HGM05232 sp900759955
rep865_seed2890	MGYG000000516,Eubacterium_F sp900539115,RC9 sp900546395,UMGS1338 sp900550805,Anaerobutyricum sp900754855,Marseille-P3106 sp900543935,Fusobacterium massiliense,UBA1685 sp002320595,ER4 sp900552375,Collinsella sp900554465,RC9 sp000431015,GCA-900066495 sp900066495,UMGS1668 sp900553955
rep866_seed2891	UBA1181 sp900769555,MGYG000004870,Lancefieldella sp900555335,Agathobacter sp900543445,RC9 sp001915575,MGYG000001844,Ruminococcus_C sp900770195,UBA1409 sp900760125,CAG-110 sp900544975,Yersinia pestis,Blautia_A sp000285855,MGYG000002791,UMGS1477 sp900553845
rep867_seed2892	Yersinia kristensenii_B,MGYG000003914,Schaedlerella sp900765975,UBA4285 sp900545225,Lawsonibacter sp900545895,CAG-485 sp900552315,Collinsella sp900541185,MGYG000003212,CAG-485 sp900321585,MGYG000004583,Parasutterella sp000980495,Leclercia adecarboxylata_C,Raoultella ornithinolytica
rep868_seed2893	Christensenella minuta,UMGS1783 sp900555065,Acinetobacter johnsonii,MGYG000002055,Blautia sp900555025,Fusobacterium_A sp900764925,UMGS1071 sp900541905,Streptococcus sp900550895,CAG-83 sp902388735,MGYG000000346,MGYG000004876,TF01-11 sp003149875,Collinsella sp900554155
rep869_seed2894	Klebsiella variicola,CAG-83 sp003487665,Collinsella sp902362275,Amedibacterium intestinale,Collinsella sp900542825,Phocaeicola sp900544075,Gemmiger variabilis_A,Blautia_A sp900549015,UBA737 sp900547445,MGYG000003917,MGYG000004098,MGYG000002697,UMGS1864 sp900555835
rep870_seed2895	MGYG000004822,CAG-95 sp900554925,Amulumruptor sp001689515,CAG-582 sp900760845,Eubacterium_R sp900543795,Collinsella sp900553705,MGYG000000443,Streptococcus sp900555155,MGYG000003822,Prevotella sp900555035,CAG-56 sp900752065,Blautia_A sp900549015,Collinsella sp900541015
rep871_seed2896	Pseudobutyrivibrio fibrisolvens_A,MGYG000002745,SFDP01 sp900770785,Prevotella sp900552515,Collinsella sp900556205,Enterobacter roggenkampii,Collinsella sp900551655,Citrobacter freundii,MGYG000004199,MGYG000003800,Parabacteroides sp900547435,Brachyspira pilosicoli,Eubacterium_R sp900547915
rep872_seed2897	Collinsella sp900556445,MGYG000004718,MGYG000001195,Dorea_A longicatena_B,UMGS403 sp900540865,Collinsella sp900552995,Collinsella sp900765185,MGYG000003934,Marvinbryantia formatexigens,UMGS995 sp900547465,Collinsella sp900550415,Parabacteroides gordonii,Eubacterium_R sp900540235
rep873_seed2898	Acetatifactor sp900760705,MGYG000001780,51-20 sp001917175,Collinsella sp900553415,Collinsella sp900556495,Senegalimassilia sp900550055,UBA1711 sp900771365,UMGS966 sp900761965,SFHK01 sp004556395,Bilophila sp900553145,Barnesiella sp900538705,Ligilactobacillus sp900765635,UBA7102 sp900760085
rep874_seed2899	MGYG000001736,Blautia_A sp900763175,MGYG000003768,Negativibacillus sp900547015,MGYG000002099,Oribacterium sinus,Dialister sp900547785,UBA11471 sp900542765,Porphyromonas_A sp900541275,UMGS1384 sp900551265,CAG-1024 sp000432015,Butyricimonas sp900759925,Succinatimonas hippei
rep875_seed2900	MGYG000004781,Collinsella sp900549655,MGYG000003308,CAG-831 sp902388455,CAG-617 sp000438115,MGYG000003907,Parvimonas sp001553085,Bacteroides fluxus,Akkermansia sp004167605,Emergencia sp900551775,UMGS268 sp900540175,Blautia_A caecimuris,Methanosphaera sp900322125
rep876_seed2901	MGYG000003470,OM05-12 sp900760755,CAG-312 sp002405555,MGYG000000357,MGYG000001033,MGYG000002708,Citrobacter_A sp009363175,MGYG000003784,Faecalibacterium sp900539945,MGYG000003271,UMGS1611 sp900553435,Prevotella sp900770845,MGYG000003616
rep877_seed2902	MGYG000004793,MGYG000000334,Erysipelatoclostridium sp002160495,MGYG000001906,Anaerobutyricum sp900754855,CAG-110 sp900544945,Streptococcus sp900555155,Bacillus_A luti,An92 sp900199495,MGYG000002704,Fusicatenibacter sp900543115,CAG-1427 sp900553605,CAG-110 sp900553805
rep878_seed2903	UBA1777 sp002320035,MGYG000004209,Ruminococcus_D bicirculans,MGYG000000386,Streptococcus mitis_BB,MGYG000000359,Pauljensenia sp001838165,Lacticaseibacillus paracasei,UMGS1668 sp900553955,UBA1191 sp900545775,Mitsuokella multacida,Lysinibacillus fusiformis_D,Muribaculum sp003150235
rep879_seed2904	Collinsella sp900754435,CAG-354 sp900759015,TF01-11 sp003524945,Enterobacter mori,MGYG000004398,CAG-312 sp002437405,Blautia sp900541955,Serratia liquefaciens,UBA2821 sp902763335,MGYG000002176,Anaerococcus hydrogenalis,Paraprevotella clara,UMGS1766 sp900554855
rep880_seed2905	Bacteroides oleiciplenus,Prevotella sp900543585,Barnesiella sp002159975,Lawsonibacter sp003478995,Leuconostoc lactis,MGYG000002052,Phocaeicola sp900066445,CAG-762 sp000432575,Anaerococcus sp900550345,Faecalimonas umbilicata,UBA10677 sp003533505,CAG-475 sp900763875,Peptoniphilus_B sp000478985
rep881_seed2906	MGYG000004023,MGYG000003854,Sutterella seckii_A,Collinsella sp900546455,Prevotella sp002299635,TF01-11 sp003149875,MGYG000000656,Phocaeicola sp900544675,Prevotella denticola,OF09-33XD sp003481995,F0422 sp900766245,Collinsella sp900541645,CAG-582 sp900760845
rep882_seed2907	MGYG000001028,Bifidobacterium bifidum,CAG-353 sp900066885,UBA1234 sp900765095,UBA1394 sp900554975,MGYG000003884,Ruminococcus_C sp900770195,QAKW01 sp003343605,Marvinbryantia formatexigens,Eubacterium_G sp000435815,Dysosmobacter sp900544105,Treponema_D sp900769975,HGM11523 sp900756545
rep883_seed2908	CAG-145 sp900540145,Fusobacterium vincentii,NSJ-32 sp014384895,Eubacterium_R sp000431535,Prevotella sp900552515,MGYG000003509,Streptococcus lutetiensis,Enterobacter chengduensis,MGYG000000632,Enterobacter cloacae_K,UBA10281 sp900767885,Bilophila wadsworthia,Collinsella aerofaciens_K
rep884_seed2909	Caecibacter sp900549385,Collinsella sp900543605,Alistipes sp900542505,Prevotella sp000436035,MGYG000000377,Prevotella hominis,Collinsella sp900541145,Amulumruptor sp900539915,MGYG000001106,Morganella morganii_B,Allisonella histaminiformans,CAG-127 sp900539705,51-20 sp001917175
rep885_seed2910	CAG-110 sp900544405,Citrobacter_B koseri,HGM12669 sp900761935,MGYG000002740,Collinsella sp900549715,Phascolarctobacterium_A sp900547415,Blautia_A sp000436615,MGYG000000357,MGYG000004596,UBA1820 sp002314265,Holdemanella sp900547815,CAG-590 sp000431135,MGYG000003881
rep886_seed2911	Parabacteroides distasonis,CAG-217 sp900547275,Prevotella sp002251385,Extibacter muris,MGYG000000400,Faecalibacterium prausnitzii_H,HGM11521 sp900751885,UMGS1253 sp900550065,MGYG000003308,Lactobacillus iners,MGYG000000716,Methanobrevibacter_A sp900766745,Peptoniphilus_A phoceensis
rep887_seed2912	MGYG000000586,Enterococcus_A devriesei,Zag111 sp900551965,Bacteroides fragilis,Desulfovibrio legallii,Phocaeicola mediterraneensis,MGYG000000735,Agathobaculum sp003481705,UMGS1663 sp900753245,MGYG000001724,MGYG000001759,CAG-83 sp900550615,Collinsella sp900545605
rep888_seed2913	Selenomonas_C sp002351185,Providencia stuartii,CAG-312 sp900760055,TF01-11 sp001414325,Weissella viridescens,Coprococcus sp900761435,Blautia_A sp900553515,Bifidobacterium sp900551485,MGYG000002714,MGYG000001915,Enterocloster lavalensis,Blautia sp900539145,MGYG000002170
rep889_seed2914	Eubacterium_R sp900540235,MGYG000002212,Collinsella intestinalis,Pseudoflavonifractor capillosus,Marseille-P3106 sp900543935,Dysosmobacter sp004553545,CAG-279 sp900541555,Enterocloster sp900759225,Collinsella sp900547345,UMGS1071 sp900548305,Slackia_A piriformis,CAG-495 sp900538765,Collinsella sp900556205
rep890_seed2915	MGYG000000640,Bacteroides sp900761785,CAG-245 sp000435175,Hungatella effluvii,Agathobacter sp900549895,Anaerocolumna aminovalerica,CAG-354 sp900555085,CAG-269 sp900554175,MGYG000003728,MGYG000004699,Blautia_A sp000285855,Eubacterium_I sp900557275,Lachnospira rogosae_A
rep891_seed2916	Anaerostipes sp900756035,Bifidobacterium bifidum,Roseburia hominis,Blautia_A sp000285855,MGYG000004203,Lancefieldella sp000564995,UBA1777 sp003150355,Bacteroides stercorirosoris,MGYG000000736,CAG-103 sp900543625,Ruminococcus_A sp003011855,UBA4372 sp900543815,MGYG000001743
rep892_seed2917	MGYG000004199,CAG-245 sp900552135,CAG-83 sp900313295,Acinetobacter baumannii,Agathobacter sp000434275,Alistipes shahii,Eubacterium_R sp003526845,CAG-485 sp900759795,MGYG000003322,Ezakiella sp900540185,UMGS1663 sp900753245,CAG-110 sp900547405,Selenomonas_C sp002351185
rep893_seed2918	Prevotella sp900553595,Fusobacterium vincentii,MGYG000001075,Collinsella sp900541125,F23-B02 sp004558025,MGYG000001840,Collinsella sp900546115,Eubacterium_F sp000434115,MGYG000002626,Collinsella sp900540855,Mediterraneibacter massiliensis,MGYG000001953,Bacteroides bouchesdurhonensis
rep894_seed2919	Peptoniphilus_A lacrimalis,RC9 sp900769145,Streptococcus pasteurianus,Lachnoclostridium_B sp900543315,UBA7597 sp003448195,Lachnoclostridium_B sp900066555,MGYG000003788,QALS01 sp900552625,CAG-83 sp900548615,Prevotella sp900554045,Clostridium celatum,Blautia_A sp900541985,MGYG000002223
rep895_seed2920	CAG-724 sp003524145,Streptococcus sp902363395,Morganella morganii,MGYG000004817,CAG-110 sp900549705,Neisseria sp000186165,Dysosmobacter sp900556925,Prevotella intermedia,CAG-115 sp003516865,Anaerobutyricum sp900754855,MGYG000000339,CAG-170 sp900555665,CAG-83 sp003487665
rep896_seed2921	Blautia_A sp900542045,Prevotellamassilia timonensis,Faecalitalea cylindroides,Stoquefichus sp001244545,Pseudescherichia sp002298805,CAG-831 sp900544175,MGYG000003800,Blautia stercoris,Pantoea brenneri,MGYG000001197,Alistipes sp900544265,Gemmiger sp900539695,MGYG000001594
rep897_seed2922	UBA5446 sp900759385,Schaedlerella sp900066545,MGYG000001594,Muribaculum sp002473395,Mixta calida,MGYG000003777,Prevotella sp900556275,UBA1752 sp900554405,Holdemanella sp002299315,Paraclostridium bifermentans,UBA1786 sp900771425,MGYG000000378,UBA1777 sp900547315
rep898_seed2923	MGYG000002210,MGYG000003822,CAG-462 sp003489705,Pantoea ananatis,Ruminiclostridium_E sp900556525,UBA7173 sp900540205,Blautia sp900753905,CAG-1024 sp000432015,MGYG000002727,Megasphaera sp900548635,Paraprevotella sp900760455,Phocaeicola sp900544075,CAG-1427 sp900546175
rep899_seed2924	Eggerthella sp014287365,GCA-900066495 sp900545985,Roseburia sp900753715,UMGS1279 sp900761625,MGYG000004901,OF09-33XD sp003481995,Phocaeicola sp900546095,Enterobacter hormaechei_A,UC5-1-2E3 sp001304875,UMGS905 sp900540085,Barnesiella sp003150885,Pseudescherichia vulneris,Muribaculum intestinale
rep900_seed2925	MGYG000004209,CAG-170 sp000436735,QAMX01 sp004555605,MGYG000002223,Prevotella sp900769055,Blautia_A schinkii,Klebsiella quasipneumoniae,Phocaeicola sp900542985,Bilophila sp900550745,Anaerobutyricum sp900754855,UBA2856 sp900555005,MGYG000002727,CAG-110 sp900544975
rep901_seed2926	MGYG000000346,CAG-279 sp900541555,MGYG000003816,Collinsella sp900548515,Robinsoniella peoriensis,Anaerobutyricum soehngenii,Finegoldia magna_F,Pauljensenia turicensis,MGYG000004824,Collinsella sp900545835,QALS01 sp900555925,NSJ-61 sp003433845,MGYG000000355
rep902_seed2927	CAG-314 sp000437915,Haemophilus influenzae,CAG-110 sp900770015,Phascolarctobacterium sp900544795,Kluyvera sp902363335,CAG-354 sp900759015,Collinsella sp900760245,Yokenella regensburgei,Blautia sp900753905,Anaerobutyricum soehngenii,UMGS1901 sp900553755,UMGS1865 sp900547725,Enterobacter cancerogenus
rep903_seed2928	CAG-353 sp900066885,MGYG000001033,UMGS403 sp900540865,UMGS1600 sp900553295,CAG-110 sp900770015,UMGS1611 sp900553435,MGYG000001885,MGYG000003887,Butyricicoccus sp900547195,UMGS1670 sp900546215,MGYG000004509,MGYG000001979,Massiliomicrobiota sp002160865
rep904_seed2929	Christensenella minuta,UMGS911 sp900546695,Lactococcus lactis,QALS01 sp900552625,UBA7102 sp900760085,Bacteroides neonati,Fusobacterium polymorphum,MGYG000004075,Eisenbergiella tayi,HGM13006 sp900757695,MGYG000004699,MGYG000000616,Collinsella sp900760245
rep905_seed2930	UBA7488 sp002477185,MGYG000002249,Dorea_A longicatena,Bulleidia moorei,MGYG000003907,MGYG000003950,Enterocloster clostridioformis_A,Nitratidesulfovibrio vulgaris,MGYG000002772,Prevotella sp900553595,UBA6398 sp900550635,Collinsella sp900555555,Coprococcus_A sp900548825
rep906_seed2931	Treponema_D sp900769975,UBA9502 sp003481825,Collinsella sp900541745,Prevotella sp900556795,Amulumruptor caecigallinarius,QALR01 sp900552255,UMGS680 sp900544525,Ruminococcus_A faecicola,Anaerococcus lactolyticus,Alistipes sp900552955,An181 sp002160325,Pauljensenia sp900556405,Gemmiger variabilis
rep907_seed2932	Stomatobaculum sp002892395,MGYG000004811,CAG-170 sp900549635,UMGS856 sp900760305,Prevotella sp000434975,Enterococcus_A devriesei,Blautia_A sp900542045,UMGS403 sp900540865,Collinsella sp902388345,CAG-877 sp900554305,MGYG000000393,Salmonella enterica,UBA7057 sp900542735
rep908_seed2933	Methanobrevibacter_A woesei,Prevotella copri_A,UMGS905 sp900540085,CAG-485 sp900552315,MGYG000001837,MGYG000004596,Negativibacillus massiliensis,Prevotella sp900553155,MGYG000000413,MGYG000000356,Hafnia alvei,MGYG000002719,Eubacterium_G sp900548465
rep909_seed2934	UBA5394 sp003150565,Exiguobacterium sp003467445,MGYG000001568,Butyricimonas paravirosa,Faecalibacillus faecis,Haemophilus_D parainfluenzae_M,Lancefieldella rimae,Frisingicoccus sp900753685,UBA10281 sp900767815,MGYG000001826,Coprococcus eutactus,Sodaliphilus sp004557565,CAG-317 sp000433215
rep910_seed2935	MGYG000000440,Haemophilus_D pittmaniae,Collinsella sp900550185,CAG-170 sp002404795,CAG-238 sp900551415,MGYG000000752,Eisenbergiella tayi,UBA738 sp900763675,Collinsella sp900545875,Lactobacillus ultunensis,Lactonifactor sp009677585,Massilistercora sp902406105,MGYG000003211
rep911_seed2936	Bacteroides fragilis_A,Ruminococcus_E bromii_B,Streptococcus mitis,UMGS1696 sp900554225,Oribacterium sp900772695,Collinsella sp900545875,MGYG000002772,UMGS946 sp900547135,UMGS1537 sp900761045,MGYG000002696,Peptoniphilus_A sp900538655,Yokenella regensburgei,MGYG000002697
rep912_seed2937	Prevotella sp900556395,HGM04593 sp900770665,Agathobacter sp900546625,Bacteroides uniformis,MGYG000004895,CAG-245 sp000434195,MGYG000000710,BX12 sp014333425,MGYG000003828,MGYG000002148,CAG-81 sp900066055,UBA945 sp900549675,MGYG000001181
rep913_seed2938	MGYG000000706,MGYG000004198,Pauljensenia bouchesdurhonensis,MGYG000002754,Dialister sp900543455,TM7x sp900557595,MGYG000000716,Dielma sp001305055,Enterocloster sp000431375,MGYG000000746,Prevotella sp000436035,HGM05232 sp900759955,Faecalibacterium sp900551435
rep914_seed2939	Firm-11 sp900548145,MGYG000004881,MGYG000003884,MGYG000003970,CAG-873 sp900548975,CAG-485 sp900321585,CAG-273 sp900752095,MGYG000003294,Dorea_A longicatena,UBA10677 sp003533505,F0422 sp900766245,Criibacterium bergeronii,Veillonella sp900757715
rep915_seed2940	Gemella morbillorum,NK3B98 sp900758315,Faecalibacillus sp003480255,MGYG000004325,Firm-11 sp900553905,Faecalicoccus sp900546545,Clostridium_AQ innocuum,UBA1259 sp900760875,CAG-302 sp000431795,Muribaculum sp002492595,AM51-8 sp003478275,F0040 sp000318095,Akkermansia sp900548895
rep916_seed2941	MGYG000004665,UBA1752 sp900554405,Streptococcus pseudopneumoniae_O,MGYG000003506,Lactobacillus intestinalis,CAG-81 sp900541255,Veillonella sp900550455,Prevotella nigrescens,Porphyromonas_A sp900541275,UBA940 sp900768115,Intestinimonas sp900540545,ER4 sp003522105,Pluralibacter gergoviae
rep917_seed2942	TF01-11 sp003149875,Intestinibacter bartlettii,MGYG000002730,Faecalibacterium prausnitzii_G,MGYG000003301,Christensenella hongkongensis,Collinsella sp900555585,Stoquefichus massiliensis,CAG-110 sp900544945,Paramuribaculum sp900759915,Robinsoniella sp900555455,CAG-180 sp004556705,MGYG000001804
rep918_seed2943	MGYG000000635,MGYG000000300,Porphyromonas_A somerae,CAG-302 sp900554615,Longibaculum sp900538465,Neisseria gonorrhoeae,Bacteroides bouchesdurhonensis,Prevotella sp900554045,Prevotella sp900547005,Collinsella aerofaciens_G,Marvinbryantia sp900544685,Collinsella sp900553415,Limosilactobacillus caviae
rep919_seed2944	UMGS680 sp900544525,Coprococcus sp900548315,Robinsoniella sp900539655,Methanobrevibacter_A oralis,MGYG000003881,Parasutterella sp900766055,Dysosmobacter sp900763685,Paraprevotella xylaniphila,Morganella morganii_A,MGYG000000432,Bifidobacterium angulatum,CAG-353 sp900066885,Proteus vulgaris
rep920_seed2945	Lancefieldella rimae,UMGS1225 sp900549725,Prevotella sp002251385,CAG-465 sp900554875,CAG-776 sp900758895,Collinsella sp900756725,SFJ001 sp004555865,CAG-313 sp003539625,CAG-492 sp000434015,AM51-8 sp003478275,Muricomes oroticus,Prevotella sp900556825,Actinomyces graevenitzii
rep921_seed2946	QAMM01 sp900552945,Prevotella salivae,HGM11523 sp900756545,UBA4871 sp014467055,CAG-110 sp900553805,Lactobacillus intestinalis,Yersinia pestis,UBA5446 sp900546485,UMGS1441 sp900551755,Enterobacter cancerogenus,MGYG000000325,UBA1820 sp003150615,MGYG000003797
rep922_seed2947	UMGS680 sp900544525,MGYG000000448,MGYG000004037,Prevotella disiens,HGM10836 sp900772095,Collinsella sp900554645,MGYG000002624,MGYG000002828,Fusobacterium_A ulcerans,NSJ-38 sp902363445,Eubacterium_I ramulus,Ruminiclostridium_E sp900768735,Alistipes sp900548155
rep923_seed2948	UMGS911 sp900545935,MGYG000004879,Collinsella sp900556285,Dielma fastidiosa,Collinsella sp900547345,Muribaculum intestinale,Collinsella sp900541645,Psychrobacillus sp012843435,Butyrivibrio_A sp900768755,Streptococcus sp001556435,UBA1752 sp900554405,Stomatobaculum sp002892395,MGYG000000586
rep924_seed2949	MGYG000004495,MGYG000001028,UBA4285 sp900545225,Acutalibacter sp000432995,MGYG000002063,UMGS1474 sp900552115,MGYG000004547,MGYG000004713,Clostridium_Q sp000435655,Prevotella sp900546535,CAG-475 sp900547975,Sutterella wadsworthensis,MGYG000001020
rep925_seed2950	Prevotellamassilia sp004552865,MGYG000000682,Anaerostipes caccae,F23-B02 sp002472405,Fenollaria timonensis,Megasphaera sp000417505,Collinsella sp900542965,Parabacteroides sp014287585,MGYG000002797,RC9 sp900771005,Methanobrevibacter_A smithii,Collinsella sp900547125,MGYG000003871
rep926_seed2951	Agathobacter sp900546625,MGYG000004028,CAG-110 sp900762935,Collinsella sp900550815,MGYG000004199,MGYG000001643,CAG-238 sp900542245,MGYG000004462,MGYG000004061,RC9 sp900545245,UMGS1397 sp900761355,Dysosmobacter sp900752075,MGYG000004068
rep927_seed2952	CHH4-2 sp002899675,MGYG000001996,MGYG000003745,MGYG000002255,Dysosmobacter sp900752075,Pauljensenia sp001838165,Ruminococcus_C sp900545285,Collinsella sp900761995,Dysosmobacter sp900544105,RC9 sp000435075,CAG-83 sp000435975,Enterococcus_B faecium,Paraprevotella sp900548345
rep928_seed2953	Paraprevotella sp900760455,Peptacetobacter sp900539645,MGYG000004753,HGM12587 sp900766915,UMGS1820 sp900545865,UBA11471 sp900542765,Fusicatenibacter sp900772675,Prevotella colorans,Eggerthella sinensis,Paraprevotella sp900548345,Veillonella sp009929605,Clostridium paraputrificum,MGYG000004346
rep929_seed2954	MGYG000000448,MGYG000004745,MGYG000001808,HGM11788 sp900760465,MGYG000004628,CAG-170 sp900549635,CAG-177 sp900771185,MGYG000003980,Phascolarctobacterium sp900544795,MGYG000004037,Desulfovibrio fairfieldensis,Prevotellamassilia sp900541335,MGYG000004009
rep930_seed2955	Prevotellamassilia sp900543155,Collinsella sp902388345,CAG-590 sp900769115,Enterocloster citroniae,Dysosmobacter sp900544105,Ligilactobacillus agilis,Enterobacter cloacae_K,RUG472 sp900545265,MGYG000002203,MGYG000003112,MGYG000000632,CAG-81 sp900066535,UMGS75 sp900538885
rep931_seed2956	Marvinbryantia formatexigens,MGYG000004803,MGYG000003434,MGYG000001743,MGYG000001868,Clostridium beijerinckii,UBA7057 sp900542735,MGYG000004384,Phascolarctobacterium_A sp900551335,Alistipes sp900553175,MGYG000002041,CAG-831 sp900544175,MGYG000000745
rep932_seed2957	RC9 sp900546445,Collinsella sp900555765,UMGS1883 sp900763305,Dysosmobacter sp900550685,MGYG000000635,CAG-272 sp000433515,Collinsella sp900552155,Finegoldia magna,MGYG000001868,MGYG000004177,CAG-45 sp000438375,Veillonella sp900552445,Plesiomonas shigelloides
rep933_seed2958	Bacteroides togonis,MGYG000003136,Franconibacter helveticus,Phil1 sp004558525,CAG-485 sp900550645,Muricomes sp000509105,Mitsuokella multacida,MGYG000002256,CAG-603 sp900066105,MGYG000004891,Prevotella colorans,Schaedlerella sp900066545,MGYG000000674
rep934_seed2959	Enterobacter cloacae_O,Megamonas funiformis,Yersinia massiliensis,MGYG000002738,Limosilactobacillus vaginalis,Slackia_A sp900555495,MGYG000004135,Schaedlerella sp900066545,UBA1390 sp900764045,MGYG000004398,Oribacterium sp900770445,UMGS911 sp900546695,Phocaeicola sp900540105
rep935_seed2960	MGYG000003060,Anaerotruncus colihominis,Lacrimispora sp902363835,Clostridioides difficile_A,Caecibacter massiliensis,CAG-269 sp000438255,MGYG000004224,Clostridium sp900540255,Bruticola sp004554425,Enterocloster bolteae,Yersinia kristensenii_B,Eubacterium_G sp000435815,MGYG000000443
rep936_seed2961	Agathobaculum sp900291975,Megasphaera sp902388315,Alistipes sp002161445,Agathobacter sp900552085,UBA4644 sp900555855,Duodenibacillus sp900552915,CAG-632 sp002406015,MGYG000004741,Acidaminococcus provencensis,Parabacteroides sp900770835,CAG-269 sp900553125,Collinsella sp900765115,CAG-81 sp000435795
rep937_seed2962	MGYG000004432,MGYG000001870,Holdemanella sp900547815,UMGS1611 sp900553435,Acutalibacter sp900543555,Phocaeicola sp000434735,Collinsella sp003471585,MGYG000002712,Collinsella sp900555355,Porphyromonas sp900539155,MGYG000003798,Collinsella sp900555585,Collinsella sp900768265
rep938_seed2963	Ruminococcus_E sp900543095,Leminorella grimontii,Mediterraneibacter sp900553885,MGYG000001841,MGYG000004684,Prevotella multisaccharivorax,Alistipes sp900760675,Bacteroides sp900547205,Erysipelatoclostridium sp002160495,CAG-485 sp000437495,MGYG000000210,UBA1777 sp900549645,MGYG000004039
rep939_seed2964	Gemmiger sp900548355,Veillonella sp003463825,CAG-279 sp900541555,Collinsella sp900757705,Lactobacillus hominis,MGYG000003970,MGYG000002064,MGYG000000597,Haemophilus_D parainfluenzae_J,CABIZH01 sp902363205,UMGS1820 sp900545865,Bifidobacterium pullorum,Alistipes sp900544265
rep940_seed2965	MGYG000004116,Lawsonibacter sp900066645,Desulfovibrio piger,CAG-177 sp000431775,MGYG000003800,MGYG000004159,UBA737 sp900547305,Eubacterium maltosivorans,Prevotella nigrescens,Fusicatenibacter sp900772675,Phocaeicola sp900541515,UMGS1491 sp900757335,Clostridium septicum
rep941_seed2966	RUG115 sp900066395,Massilioclostridium coli,UBA11517 sp900555365,Streptococcus infantarius,Bacteroides bouchesdurhonensis,Prevotella sp002299635,UBA3818 sp900557155,Pauljensenia sp902373545,Granulicatella adiacens,UBA11524 sp000437595,MGYG000004749,Megasphaera sp002319965,Dysosmobacter sp900544955
rep942_seed2967	CAG-127 sp900539705,Vibrio cholerae,MGYG000000557,MGYG000003207,UBA1394 sp900066845,Peptostreptococcus sp900759325,Lactococcus_A raffinolactis,Eisenbergiella tayi,Collinsella sp900759565,CAG-170 sp900555665,Ruminococcus sp900761275,UMGS1540 sp900552775,Christensenella timonensis
rep943_seed2968	MGYG000004462,Bilophila sp900550745,Veillonella sp900549845,Agathobacter sp900543445,UMGS403 sp900540275,UMGS1071 sp900541905,Zag1 sp000438175,HGM11514 sp900757255,MGYG000001858,Collinsella sp900554325,Collinsella sp900762345,CHH4-2 sp002899675,Lachnoclostridium_B sp000765215
rep944_seed2969	MGYG000002178,Lactonifactor sp009677585,Enterocloster citroniae,Alistipes sp902388705,Prevotella denticola,UBA1390 sp002305315,Eikenella corrodens,RC9 sp900760425,Acutalibacter sp000432995,MGYG000000660,RC9 sp000433355,Porphyromonas sp900539155,51-20 sp001917175
rep945_seed2970	CAG-269 sp001916035,Prevotella sp000435635,Haemophilus_A parahaemolyticus,Prevotella sp900548745,MGYG000003578,Methanobrevibacter_A woesei,Peptacetobacter sp900539645,MGYG000000876,Lancefieldella sp902373375,MGYG000000592,MGYG000003941,Bifidobacterium angulatum,Salmonella bongori
rep946_seed2971	Acinetobacter baumannii,MGYG000003328,Pauljensenia sp000308055,UBA737 sp900549755,Paramuribaculum sp900546365,Agathobaculum sp900544475,MGYG000002712,Acetatifactor sp900554205,Holdemania sp900120005,Anaerosporobacter mobilis,Faecalibacterium prausnitzii_D,Enterocloster sp900753815,MGYG000000759
rep947_seed2972	CAG-451 sp000438295,Paraprevotella sp900548345,MGYG000002626,UBA7102 sp900760085,MGYG000003328,Prevotella copri_A,MGYG000004219,Paramuribaculum sp900759835,Ruminococcus_B gnavus,MGYG000003936,Duncaniella sp900544535,Coprococcus sp000154245,Clostridium_AQ sp900552125
rep948_seed2973	MGYG000001195,Lawsonibacter sp000177015,MGYG000003071,SFMI01 sp004556155,Haemophilus_D parainfluenzae_L,CAG-313 sp900539265,Collinsella sp900542825,CAG-484 sp000431315,QAMM01 sp900762715,MGYG000004514,Ruminococcus_E sp900543095,HGM12814 sp900770165,Chimaeribacter coloradensis
rep949_seed2974	Alistipes sp002358415,MGYG000004405,Prevotella sp900770025,MGYG000000656,Longibaculum muris,UBA1417 sp900549945,MGYG000001632,Sutterella parvirubra,Clostridium_P massiliamazoniense,Prevotella sp900550365,Collinsella aerofaciens_G,Dysosmobacter sp900551885,Lachnospira sp900316325
rep950_seed2975	Blautia_A sp900549015,Holdemanella biformis,Muricomes contortus_B,MGYG000004791,UBA11774 sp003507655,CAG-238 sp900542245,MGYG000004238,Citrobacter braakii,UBA3402 sp003478355,Prevotella sp900552675,Bifidobacterium dentium,MGYG000004122,Eubacterium_R sp900543795
rep951_seed2976	MGYG000002730,TF01-11 sp001916135,Lachnoclostridium_A edouardi,Sneathia amnii,Acinetobacter johnsonii,MGYG000002712,MGYG000004509,UBA1234 sp900765095,Bacteroides eggerthii,HGM11368 sp900772745,UMGS1994 sp900556975,Prevotellamassilia sp900772575,UBA737 sp900543215
rep952_seed2977	CAG-1427 sp900553605,Collinsella sp900752475,Porphyromonas sp900539765,Lactococcus garvieae,MGYG000004010,Faecalibacterium sp900551435,Prevotella sp900551985,Veillonella_A sp900765165,MGYG000000699,Ruminococcus_E sp900314705,Collinsella sp900556495,Evtepia gabavorous,Campylobacter_A concisus_R
rep953_seed2978	QAMX01 sp003149835,Lancefieldella sp902373375,SFFH01 sp900542395,Bacteroides clarus,Butyricimonas synergistica,UMGS1668 sp900768105,Paramuribaculum sp900546365,MGYG000003975,MGYG000002077,CAG-279 sp900548875,Bilophila sp902373525,Prevotella sp900770025,QALS01 sp003150575
rep954_seed2979	Collinsella sp900552755,Klebsiella_A grimontii,MGYG000002745,MGYG000004853,F23-B02 sp001916715,Prevotellamassilia sp900546605,Alistipes sp002358415,Anaerococcus sp900550345,Prevotella disiens,Butyricimonas paravirosa,CAG-95 sp000438155,UBA1777 sp900546515,GCA-900066755 sp900066755
rep955_seed2980	Prevotella sp002265625,Collinsella sp900765115,Ruminiclostridium_E siraeum,Prevotella sp000435635,Acetatifactor sp900554205,Prevotella copri_A,Caecibacter sp003467125,CAG-793 sp900557475,Akkermansia muciniphila,An92 sp900199495,MGYG000003910,Ruminococcus_E sp900314705,Phytobacter ursingii
rep956_seed2981	Prevotella timonensis,CAG-145 sp900542565,Collinsella sp003437035,SFFH01 sp900548125,VUNA01 sp002299625,Clostridium_AQ sp000165065,CAG-110 sp900769995,Prevotella intermedia,CAG-83 sp902388735,UMGS1279 sp900550315,MGYG000004811,MGYG000002702,Coprococcus sp000433075
rep957_seed2982	QALS01 sp900555925,CAG-110 sp003525905,Bruticola sp900772775,Collinsella sp900555815,Hydrogeniiclostridium sp900752115,CAG-145 sp002320005,RF16 sp900766775,Dorea_A sp900550865,Collinsella sp900545555,CAG-83 sp900556015,UMGS2055 sp900557635,NK4A136 sp002314855,CAG-81 sp900066055
rep958_seed2983	Lachnospira sp900316325,MGYG000004462,CAG-417 sp000432835,Pseudescherichia vulneris,Fusobacterium_B sp900542625,Anaerofustis stercorihominis,CAG-492 sp900557195,UBA9502 sp003481825,UMGS1441 sp900543365,Parabacteroides sp900552415,MGYG000001818,Prevotella nigrescens,Collinsella sp900552145
rep959_seed2984	Slackia exigua,Lachnospira sp900551945,Phascolarctobacterium sp900544795,Dysgonomonas mossii,Hafnia paralvei,UBA4855 sp900540395,Dialister sp900765565,CAG-269 sp900556345,Clostridium celatum,Alistipes sp002358415,MGYG000003728,MGYG000000699,CAG-462 sp900291465
rep960_seed2985	Odoribacter sp900544025,Alistipes onderdonkii,Ruminococcus sp900761275,PeH17 sp000435055,Rothia mucilaginosa_A,Enterocloster bolteae,UBA866 sp900543295,Haemophilus_D pittmaniae,Prevotella sp900547005,Pantoea conspicua,Collinsella sp900758375,MGYG000004258,Phocaeicola salanitronis
rep961_seed2986	MGYG000002035,Anaerobutyricum sp900754855,Parabacteroides sp900540715,Prevotella sp900554045,MGYG000003045,Finegoldia magna_F,UBA737 sp900547095,Megasphaera sp000417505,UBA5446 sp900545405,MGYG000004686,MGYG000003256,Proteus sp003144505,Clostridium beijerinckii
rep962_seed2987	UBA6382 sp900557555,Prevotella sp900543975,Haemophilus_D parainfluenzae_J,Dysgonomonas sp900079735,MGYG000003994,Peptoniphilus_A phoceensis,MGYG000003813,CAG-115 sp900766795,MGYG000004760,CAG-877 sp900753325,MGYG000000721,MGYG000000547,SFFH01 sp900548125
rep963_seed2988	MGYG000000547,UBA1777 sp900549645,MGYG000004094,Neisseria macacae,TM7x sp900557595,Absicoccus sp000434355,MGYG000002730,Kluyvera sp902363335,MGYG000001594,Eubacterium_G sp000435815,CAG-110 sp003525905,Streptococcus salivarius,NSJ-32 sp014384895
rep964_seed2989	UBA7182 sp003480725,Ruminococcus_E sp003526955,MGYG000003829,Blautia_A sp900066505,CAG-83 sp003487665,Sneathia amnii,MGYG000002740,Prevotellamassilia sp900539625,Muricomes contortus_B,MGYG000001048,Acidaminococcus provencensis,Acidaminococcus sp900538365,UBA7173 sp900759895
rep965_seed2990	CAG-194 sp000432915,MGYG000004197,Collinsella sp900549215,MGYG000004198,Collinsella sp900757205,CAG-831 sp902388455,Roseburia sp900548205,MGYG000003254,Ruminococcus sp002438605,Dysosmobacter welbionis,Lactobacillus intestinalis,Eggerthella lenta,Phocaeicola sp002161765
rep966_seed2991	Senegalimassilia faecalis,MGYG000004496,MGYG000001839,MGYG000000357,UBA9502 sp003481825,MGYG000002881,MGYG000001114,CAG-353 sp900768995,UMGS1994 sp900556975,MGYG000003297,CAG-110 sp900544405,Ruminiclostridium_E sp900539195,MGYG000001818
rep967_seed2992	MGYG000004430,MGYG000002204,MGYG000004100,CAG-180 sp900545625,Acetatifactor sp900766575,MGYG000004599,MGYG000004170,Peptoniphilus_A senegalensis,Hafnia alvei,CAG-95 sp000438155,MGYG000001727,Catenibacterium sp900540685,Collinsella sp900756725
rep968_seed2993	MGYG000001666,Veillonella sp900538355,CAG-882 sp000435595,UBA5446 sp900752445,MGYG000003918,Phocea massiliensis,MGYG000002686,Emergencia timonensis,MGYG000004547,CAG-145 sp002320005,UMGS1826 sp900555435,Bifidobacterium animalis,MGYG000003787
rep969_seed2994	CAG-882 sp000435595,MGYG000002754,MGYG000004547,Collinsella sp900552705,Lactobacillus helveticus,CAG-95 sp000436115,MGYG000000346,Megasphaera sp001546855,Angelakisella sp900547385,Ruminococcus_G gauvreauii,MGYG000003256,MGYG000000645,Serratia surfactantfaciens
rep970_seed2995	Bilophila sp900553145,CAG-617 sp900553285,Acinetobacter baumannii,MGYG000004209,MGYG000003324,Lachnospira sp000436535,MGYG000004061,Rothia dentocariosa,An172 sp002160515,MGYG000000711,CAG-180 sp004556705,Ruminococcus_E sp900314705,Paramuribaculum sp900752995
rep971_seed2996	UBA5446 sp900545405,Ligilactobacillus agilis,UMGS1537 sp900543695,MGYG000002691,MGYG000004697,UMGS1611 sp900553435,MGYG000004383,Coprococcus sp000154245,MGYG000001717,CAG-484 sp900554385,CAG-492 sp000434335,Eubacterium_G sp900550135,Bacteroides fragilis
rep972_seed2997	Alistipes sp900021155,CAG-238 sp900551415,Lawsonibacter sp900066825,Dysosmobacter sp900548505,Alistipes_A ihumii,CAG-1427 sp900546175,CAG-115 sp900768125,SFVR01 sp900769035,UBA1691 sp900549825,MGYG000004465,Enterocloster sp900547035,Blautia_A sp900066335,MGYG000003305
rep973_seed2998	Pseudomonas aeruginosa,MGYG000002738,MGYG000003021,ER4 sp000765235,MGYG000004224,Lachnoclostridium_B phocaeensis,Phocaeicola sartorii,Lawsonibacter asaccharolyticus,UMGS1338 sp900550805,MGYG000001996,CAG-180 sp900545625,UMGS1670 sp900546215,MGYG000000377
rep974_seed2999	MGYG000000738,Prevotella sp900772835,MGYG000004590,MGYG000004669,CAG-115 sp003531585,CAG-170 sp000436735,RC9 sp000433355,CAG-632 sp002406015,Terrisporobacter othiniensis,Prevotellamassilia timonensis,CAG-196 sp002102975,MGYG000004689,Amulumruptor sp001689515
rep975_seed3000	UBA4644 sp900555855,CAG-484 sp900554385,UMGS1532 sp900552605,Fusobacterium_A ulcerans_A,HGM11501 sp900766735,ER4 sp003522105,MGYG000000597,Mediterraneibacter sp900555215,CAG-488 sp900539465,MGYG000003839,UMGS1839 sp900555545,MGYG000004890,UBA1206 sp000433115
rep976_seed3001	Prevotella sp000436035,Parabacteroides merdae,Bruticola sp900772775,CAG-83 sp902388735,UMGS882 sp900757905,Pauljensenia radingae_A,UBA1234 sp900765095,Acetatifactor sp900771995,Acutalibacter sp900543555,Ruminococcus sp900545125,MGYG000000658,UBA4285 sp900545225,UMGS1696 sp900763885
rep977_seed3002	Pseudomonas_E massiliensis,Parabacteroides sp900552415,GCA-900066905 sp900066905,Ruminococcus_C sp000980705,MGYG000004760,Ruminococcus_E sp900543095,Lactococcus lactis,Prevotella buccae,Acutalibacter sp900543555,Eubacterium_I ramulus,CAG-882 sp900545175,UBA7173 sp900555165,Collinsella sp900548515
rep978_seed3003	Akkermansia sp900548895,Collinsella sp900555585,Streptococcus mutans,Ligilactobacillus agilis,Lactobacillus amylolyticus,KLE1615 sp900066985,MGYG000002084,Faecalimonas sp900551895,Lawsonibacter sp900066645,MGYG000002654,Dysosmobacter sp900770295,Akkermansia sp004167605,MGYG000003788
rep979_seed3004	MGYG000001837,Mediterraneibacter torques,Parabacteroides chinchillae,Clostridioides difficile_A,UMGS1872 sp902373635,Firm-11 sp900548145,Merdibacter sp900754715,Acidaminococcus sp900538365,UBA1409 sp900760125,Dorea formicigenerans,UBA3766 sp900769175,Phascolarctobacterium_A sp900541915,Prevotella sp900316565
rep980_seed3005	Alistipes finegoldii,Clostridium celatum,CAG-724 sp003524145,Eubacterium_G sp000435815,MGYG000004596,Acutalibacter sp000435395,Collinsella sp900543845,MGYG000000585,Citrobacter_B koseri,UBA1691 sp900544715,Oribacterium sp900772695,Limosilactobacillus caviae,MGYG000003716
rep981_seed3006	Fusobacterium_B sp900541465,CAG-115 sp003531585,CAG-313 sp900539265,MGYG000000745,MGYG000001994,UBA1820 sp003150615,QAMX01 sp003149835,MGYG000002077,MGYG000000413,Holdemanella sp002299315,Lactobacillus helveticus,Sutterella sp900764215,Muribaculum intestinale
rep982_seed3007	UMGS577 sp900543525,Fournierella sp004558145,Enterobacter hormaechei_A,UMGS1690 sp900554165,Megamonas sp900556715,HGM11588 sp900754755,Collinsella sp900556445,Anaerostipes rhamnosivorans,UBA3402 sp003478355,Hydrogeniiclostridium mannosilyticum,CAG-349 sp003539515,MGYG000004004,Clostridium neonatale
rep983_seed3008	MGYG000001921,MGYG000002785,Hydrogeniiclostridium sp900550095,Collinsella sp900754385,CAG-485 sp900552315,Enterocloster lavalensis,Bacteroides uniformis,Lachnospira sp900316325,Peptoniphilus_A sp900538655,MGYG000003480,MGYG000002642,MGYG000001775,Citrobacter portucalensis_A
rep984_seed3009	Gemmiger variabilis,MGYG000002255,CAG-492 sp000434015,Eubacterium_F sp000434115,RC9 sp001915575,Phytobacter sp002377245,HGM12998 sp900756495,MGYG000003324,Yersinia intermedia,Prevotella sp900555035,Phocaeicola sp900540105,Marvinbryantia sp900066075,Collinsella sp900555765
rep985_seed3010	Fusobacterium_A varium_A,Bacteroides ovatus,Acetivibrio_A ethanolgignens,Collinsella sp900543845,Allisonella pneumosintes,Phocaeicola barnesiae,Campylobacter_A concisus,Parabacteroides sp900549585,Collinsella sp900554585,Massilicoli timonensis,MGYG000000210,Stoquefichus massiliensis,Yersinia massiliensis
rep986_seed3011	Prevotellamassilia sp000437675,MGYG000004837,MGYG000003296,Lactobacillus apis,D5 sp900113995,Bilophila sp900553145,Caecibacter sp900549385,Haemophilus_D parainfluenzae,Slackia_A piriformis,Collinsella sp900761155,Parolsenella uli_B,Parasutterella excrementihominis,Collinsella sp900555355
rep987_seed3012	Phocaeicola sp900551445,Collinsella sp900759565,Sodaliphilus sp004557565,UBA1181 sp900769555,UBA9506 sp003506415,MGYG000003109,MGYG000003273,CAG-452 sp900770415,UBA7160 sp902363665,Phocaeicola sp000432735,Enterocloster sp005845215,MGYG000002921,CAG-313 sp000433035
rep988_seed3013	ER4 sp003522105,UMGS268 sp900540705,CAG-83 sp900555735,MGYG000002092,UBA7173 sp900548705,ER4 sp900552375,Lactobacillus helveticus,MGYG000001032,MGYG000003716,Clostridium_A leptum,MGYG000000821,UMGS1840 sp900555525,Rothia aeria
rep989_seed3014	CAG-831 sp900544175,Collinsella sp900541125,MGYG000000616,UBA1777 sp900549865,MGYG000000658,Ruminococcus_A faecicola,MGYG000004042,Escherichia marmotae,Ruminococcus_E sp002493635,Eisenbergiella tayi,MGYG000002732,Peptoniphilus_A sp900538655,Prevotella disiens
rep990_seed3015	Brachyspira pilosicoli,Phascolarctobacterium_A sp900553055,RC9 sp900760425,ER4 sp900552015,MGYG000002052,Limosilactobacillus reuteri_E,Paenibacillus_A sp900069005,UMGS874 sp900546315,Bifidobacterium bifidum,MGYG000003773,MGYG000003271,Prevotella melaninogenica,Coprococcus sp900761435
rep991_seed3016	Anaerococcus sp900258475,Collinsella sp900541045,MGYG000004768,RUG12045 sp900770325,MGYG000004656,MGYG000001048,Collinsella sp900552755,MGYG000002730,MGYG000004209,MGYG000004836,Collinsella sp900554985,Fusobacterium_A sp900543175,Blautia hominis
rep992_seed3017	MGYG000003175,MGYG000003294,Collinsella sp900549655,Evtepia gabavorous,MGYG000000761,Prevotella sp900547005,MGYG000000586,Enterococcus_B faecium,NSJ-61 sp003433845,Fusobacterium_C necrophorum,Dielma fastidiosa,Clostridium_A leptum,Slackia_A sp900553775
rep993_seed3018	UMGS1783 sp900555065,CAG-170 sp900548625,Prevotella sp000436695,MGYG000000440,Haemophilus sp002998595,Hydrogeniiclostridium sp900550095,Prevotellamassilia sp900543155,Fournierella sp004558145,VUNA01 sp002299625,Collinsella sp900556445,Cellulosilyticum sp900556665,UMGS172 sp900539855,Collinsella sp900554665
rep994_seed3019	Ellagibacter isourolithinifaciens,Serratia ureilytica,Parabacteroides timonensis,UBA737 sp900549055,MGYG000002614,MGYG000001921,Providencia rettgeri_D,Clostridium_A leptum,Anaerococcus lactolyticus,MGYG000001581,Yersinia mollaretii,Faecalicoccus sp900546545,UBA1417 sp900552925
rep995_seed3020	UMGS1241 sp900549955,UBA2883 sp002103075,Dialister sp900547785,MGYG000000691,Lactococcus garvieae,CHH4-2 sp002899675,Desulfovibrio piger,UBA6398 sp900550635,Lysinibacillus fusiformis_D,MGYG000001914,Veillonella sp900757715,CAG-269 sp900555615,CAG-313 sp900539265
rep996_seed3021	CAG-475 sp900763875,Acetatifactor sp900766575,UBA1232 sp900544815,Lactobacillus acidophilus,Murdochiella massiliensis,UBA5446 sp900545405,Methanosphaera cuniculi,Eubacterium_M sp900540015,MGYG000004197,Terrisporobacter othiniensis,MGYG000003910,Barnesiella sp900538555,MGYG000004203
rep997_seed3022	UBA9502 sp900555625,Extibacter muris,Streptococcus mitis_D,UBA1259 sp900760875,Parabacteroides sp900549585,ER4 sp000765235,Collinsella sp902388345,Alistipes sp900546065,Clostridium_J sp000821305,Collinsella sp900541475,Alistipes sp900553175,Kluyvera ascorbata,MGYG000003948
rep998_seed3023	MGYG000004509,Eisenbergiella massiliensis,MGYG000004824,MGYG000000650,Gemella sanguinis,CAG-269 sp900555615,Collinsella sp900544115,MGYG000003418,Mediterraneibacter sp900751785,UBA4372 sp900766785,UBA5905 sp900764115,Phocaeicola plebeius,CAG-465 sp900554875
rep999_seed3024	Eubacterium_R sp000436835,Collinsella sp900757235,Marseille-P3106 sp900169975,QAMM01 sp003150405,UBA2882 sp900542015,Dysosmobacter sp900556925,MGYG000002092,MGYG000001743,CAG-485 sp002361235,Collinsella aerofaciens_E,UMGS1279 sp900761625,CAG-603 sp900066105,Neobittarella massiliensis
