rep001_seed2026	Fusobacterium_B,51-20,CAG-127,UBA1829,Pantoea,UMGS1826,CAG-488,UMGS1224,Eubacterium_T,Lachnoclostridium_A,Yokenella,Butyrivibrio_A,UBA738,UBA3766,Ruminococcus_C,UMGS1994,Schaedlerella,UMGS1472,UMGS1795,AM51-8,SFLA01,Muribaculum,Lentilactobacillus,Anaerosacchariphilus,Firm-11,UMGS1518,Stomatobaculum,Citrobacter_A,F0422,UMGS1976,Eubacterium_I,QAKW01,UMGS1851,Roseburia,CAG-217,UBA1740,UMGS1633,Lachnoclostridium,TM7x,SFFS01,UMGS1933,CAG-882,UBA3818,NSJ-38,Acetatifactor,CAG-177,CAAEEV01,CAG-632,NC2004,Longicatena,Terrisporobacter,UMGS902,Cedecea,Atlantibacter,UBA10281,CAG-451,HGM13233,Citrobacter,Duncaniella,Lancefieldella,Hafnia,Eggerthella,UMGS1477,UMGS1670,MGYG000004172,MGYG000004029,UMGS1572,Hungatella,UMGS1388,UBA3282,Ellagibacter,CAG-964,UBA7160,Frisingicoccus,CACZQA01,UMGS966,Succinivibrio,RUG806,NSJ-50
rep002_seed2027	CAG-390,UMGS1293,Citrobacter_B,UBA5026,Catenibacterium,Slackia,UMGS1663,SFMI01,UMGS1418,Amulumruptor,GCA-900066135,Niameybacter,Clostridium_AQ,Anaerosacchariphilus,UBA10677,An92,D5,AM07-15,Enterocloster,CAG-170,Phocea,UBA3263,QAMH01,Murdochiella,MGYG000004547,CAG-964,Ruminococcus_D,MGYG000002075,Enterococcus_D,CAG-312,UMGS403,Enterococcus,Mitsuokella,Cedecea,Fannyhessea,UMGS1696,Ruminococcus_E,UBA4716,MGYG000004127,SFEL01,Campylobacter_A,Negativicoccus,UBA5416,Gabonibacter,CAG-83,UBA2821,RUG11200,UBA1375,UBA1691,HGM12789,CAG-95,Gastranaerophilus,Bacillus_A,Stomatobaculum,Enterobacter_D,Franconibacter,Caecibacter,SFTJ01,HGM12814,AF33-28,UMGS1865,UMGS1613,RUG131,UBA11452,TWA4,CHH4-2,Coprobacter,Intestinibacter,Dysosmobacter,Dysgonomonas,RF16,MGYG000004094,Firm-11,Lachnoclostridium,Muricomes,UMGS1397,UBA11512,Paenibacillus,UBA3631
rep003_seed2028	MGYG000002683,Amedibacillus,HGM11788,Ruminococcus_C,Eubacterium_J,Coprococcus_A,CAG-177,CAG-1427,MGYG000002696,UBA1711,Bifidobacterium,GCA-900066135,UMGS882,RUG131,Anaerosacchariphilus,Oscillibacter,CAG-882,UBA1206,CAG-521,Anaeroglobus,MGYG000000390,AF33-28,RUG572,CAG-488,UBA2882,RUG12045,Anaerosporobacter,Acutalibacter,Coprococcus,Duodenibacillus,HGM11523,UBA5920,RUG13868,UBA4285,UMGS1975,CAG-269,NK4A136,Morganella,MGYG000000425,UMGS692,MGYG000004171,UMGS1889,QAMM01,Caproiciproducens,Butyricimonas,Treponema_D,CAG-762,Lawsonibacter,UMGS1781,UMGS1251,Desulfovibrio,Phocea,UMGS856,HGM11530,Terrisporobacter,Pauljensenia,Eubacterium_I,Haemophilus,MGYG000004172,Peptococcus,Evtepia,UBA1777,CAG-411,CAG-273,CAG-81,CABIZH01,CAG-510,Peptacetobacter,QALS01,Massilioclostridium,UBA5394,Bacillus_A,Prevotellamassilia,PeH17,UBA5026,Flavonifractor,UMGS1820,HGM12789,MGYG000000346
rep004_seed2029	HGM11417,CAG-877,Caproiciproducens,Robinsoniella,UMGS1613,MGYG000003945,Slackia,MGYG000004029,RUG572,UMGS1601,UMGS1600,MGYG000000456,RUG13868,Christensenella,Anaerosalibacter,Bacillus_J,Mitsuokella,UBA4871,Peptostreptococcus,UMGS599,UBA9475,Massilimaliae,Escherichia,Methanosphaera,RUG11200,Pygmaiobacter,Tidjanibacter,Intestinimonas,Terrisporobacter,UBA5920,UBA9502,UBA4372,UMGS882,Aggregatibacter,UBA7057,UBA11471,Duncaniella,UBA11524,Ruminococcus_D,CAG-245,Dialister,Chimaeribacter,UMGS1326,Bacillus_A,43-108,AM07-15,Actinomyces,CAG-492,CAG-449,Dysgonomonas,CAG-110,Ruminiclostridium_E,Limosilactobacillus,UMGS1603,Phocaeicola,MGYG000003305,Superficieibacter,Fournierella,Paraprevotella,UMGS1388,UBA2856,Yersinia,Peptoniphilus_C,UBA6382,UBA6984,UBA3631,Acetivibrio_A,MGYG000002053,MGYG000000346,UMGS1537,CAG-465,CAG-274,MGYG000004874,UBA4716,CAG-41,CAG-83,CAG-273,UMGS1004,Lawsonella
rep005_seed2030	MGYG000003945,RUG131,UBA3631,Enterococcus_D,UBA644,Bacteroides,Dysosmobacter,UMGS1601,HGM13634,Longibaculum,UMGS911,HGM11588,UBA1820,Clostridium_X,Lachnoclostridium_A,Anaeromassilibacillus,HGM12587,Evtepia,UBA1740,CAG-1000,MGYG000000286,SFGY01,Weissella,RUG472,SFHK01,Vibrio,HGM11372,BX12,Fusobacterium_C,Niameybacter,Christensenella,Hydrogeniiclostridium,MGYG000004874,Morganella,Butyricimonas,Pygmaiobacter,CAG-492,UBA11524,CACZQA01,Megasphaera,UMGS1307,UBA1409,UBA1181,UBA4871,Porphyromonas,CAG-488,MGYG000004380,Romboutsia,MGYG000002053,Robinsoniella,Coprococcus_A,UMGS1532,Epilithonimonas,UMGS1781,Lacticaseibacillus,HGM13222,Enteroscipio,UBA5026,Rikenella,CAG-180,Emergencia,UMGS263,UMGS1338,UBA7748,SFMI01,Clostridium_A,Gordonibacter,Veillonella,Campylobacter_B,KLE1615,CAG-354,UMGS75,Zag1,Phocaeicola,Paraclostridium,Longicatena,Mobiluncus,UBA1777,Eubacterium_F
rep006_seed2031	Haemophilus_A,UBA4334,UMGS363,UBA1685,CAG-724,UMGS1864,Klebsiella_A,UMGS1487,An172,TWA4,Alloscardovia,Mediterraneibacter_A,Gordonibacter,CAG-1427,Granulicatella,Faecalimonas,CAG-762,Fournierella,CAG-115,RUG100,UBA1234,UMGS172,Raoultibacter,Anaerostipes,An181,Prevotella,CAG-238,Absicoccus,VUNA01,S5-A14a,Negativicoccus,CAG-451,SFGY01,Pediococcus,Dialister,Firm-11,Neobittarella,UBA7597,Mesosutterella,Enterococcus_D,Mobiluncus,Haemophilus,Pseudobutyrivibrio,Pyramidobacter,UBA1711,CAG-303,F0040,Enterobacter_D,Leminorella,Rubneribacter,CAG-177,CAG-449,Mobilibacterium,Sellimonas,Merdimonas,Enterobacter,Cedecea,Phytobacter,Longicatena,UBA3282,UMGS1225,Anaerotruncus,Bilophila,UMGS973,CAG-217,Sporanaerobacter,UMGS1883,Sutterella,WG-1,MGYG000004029,UBA866,CAG-448,HGM11616,Paramuribaculum,MGYG000002010,UBA7102,Ruminococcus_C,Atlantibacter,Olsenella
rep007_seed2032	UBA3818,UBA1777,CAG-460,CAG-484,UBA10677,UMGS1537,F23-B02,UBA4372,Enterobacter,HGM10836,UMGS263,Oxalobacter,QAKW01,Aggregatibacter,Bacilliculturomica,CAG-485,Alistipes_A,UBA7702,UBA11774,UMGS1864,CAG-831,RUG11198,Anaeroglobus,Ruminococcus_A,HGM11525,Robinsoniella,Lagierella,Catenibacillus,UBA1409,Eubacterium_I,UMGS599,HGM11327,HGM11588,RUG14107,UMGS1397,UBA1259,Lachnoanaerobaculum,Christensenella,Peptacetobacter,CAG-273,UBA2821,Oribacterium,CAG-882,QAKD01,MGYG000000728,Ralstonia,Lactococcus,QANA01,HGM12789,NK4A136,UMGS1572,HGM13233,Paraeggerthella,Pantoea,Faecalibacterium,UMGS1668,CAG-279,Fusobacterium_B,Citrobacter_B,UMGS1994,Terrisporobacter,MGYG000002685,Gemella,UBA1822,UBA3388,CAG-510,Neisseria,Faecalibacillus,UMGS1484,UMGS1326,UBA4334,CAG-724,UMGS973,CAG-791,CAG-594,Enterocloster,Gemmiger,UMGS1293,Nitratidesulfovibrio
rep008_seed2033	UBA1234,Ruminiclostridium_E,MGYG000000286,Slackia,RUG14107,Weimerbacter,Anaerosalibacter,Fusobacterium,Anaerosacchariphilus,BX12,UBA5809,UBA11512,UMGS1810,Borkfalkia,UMGS1109,Mesosutterella,UMGS1307,Desulfovibrio,Ralstonia,Campylobacter_A,MGYG000002575,Cronobacter,Eikenella,Alistipes,CAG-448,Leptotrichia,CAG-1427,Serratia,Oribacterium,CAG-95,Faecalicoccus,Clostridium_N,RUG705,Moellerella,PeH17,Bacteroides,Proteus,Paenibacillus,Mailhella,Edwardsiella,CAG-462,UBA5416,UMGS363,Enterobacter_D,MGYG000004094,Staphylococcus,CAG-41,Anaeroplasma,UBA2883,Frisingicoccus,SFTJ01,CAG-279,RUG572,MGYG000002758,QAMM01,Enterococcus,UBA2856,MGYG000001871,Robinsoniella,UMGS1375,UMGS1613,Dorea_B,CAG-510,UBA9414,Stomatobaculum,Harryflintia,MGYG000004850,Coprococcus_A,NC2004,Terrisporobacter,CAG-484,Clostridium_AP,UBA4285,Oxalobacter,Psychrobacillus,Collinsella,CAG-710,Butyricicoccus,HGM11788
rep009_seed2034	F0040,Fusobacterium_A,CAG-349,Mesosutterella,CAG-590,ER4,UMGS1326,An181,Dysosmobacter,Anaerostipes,KM106-2,CAG-617,SFVR01,UBA1206,Intestinimonas,UMGS1600,QANA01,Phil1,QAKS01,Erysipelatoclostridium,Lactococcus,UMGS2055,Neisseria,MGYG000001903,Rikenella,Oribacterium,Holdemanella,Pyramidobacter,Allisonella,CAG-1000,UMGS1880,UBA6857,Murdochiella,Garciella,MGYG000000574,Granulicatella,Bacteroides_F,Barnesiella,Paenibacillus_A,UMGS1865,UBA1390,TF01-11,UBA1685,HGM13010,Clostridium_X,UMGS1491,Amulumruptor,CAG-462,CAG-603,Pseudobutyrivibrio,Enterobacter,QAKW01,Phascolarctobacterium_A,UMGS1670,CAG-279,Catenibacterium,Lactobacillus,Emergencia,Ruthenibacterium,Pediococcus,CAG-631,Bacilliculturomica,UBA4855,HGM11327,Butyricimonas,Stomatobaculum,Duodenibacillus,Prevotella,Coprobacter,UMGS856,Aggregatibacter,HGM11588,HGM12789,CAG-56,UMGS1839,Clostridium_A,UMGS973,UBA1191,Providencia
rep010_seed2035	UBA1206,BX12,CAG-533,Bacillus_J,Holdemanella,UMGS1293,Mitsuokella,Murimonas,HGM12713,HGM11523,Ruminococcus_F,CAG-288,UBA1691,UBA7173,UMGS1338,Clostridium,Oscillibacter,HGM11808,Leptotrichia,UBA1731,Mailhella,UMGS1537,Borkfalkia,UBA11512,NC2004,RUG100,Blautia,UMGS1889,CAG-312,UMGS1326,MGYG000002075,QANG01,CAG-462,NSJ-62,Parolsenella,Romboutsia,SFJ001,CAG-279,Merdimonas,CAG-145,UBA9502,UMGS1603,Olsenella_B,UBA5905,RUG472,UMGS2055,UMGS680,Blautia_A,Treponema_D,CAG-449,CACZQA01,KM106-2,Pyramidobacter,UBA1259,CAG-710,Parabacteroides,Turicimonas,TM7x,Pseudomonas_R,Dorea_A,UMGS1591,CAG-302,UMGS1474,Haemophilus_A,Ruminococcus_G,Lacticaseibacillus,Weimerbacter,UBA1394,CAAHEQ01,UBA7185,Succiniclasticum,Anaerosporobacter,QANA01,MGYG000000387,Paenibacillus,Amedibacterium,Proteus,UBA2883,UMGS1865
rep011_seed2036	Fournierella,Caproiciproducens,Pseudomonas_R,CAG-917,Franconibacter,Agathobaculum,RUG12045,UBA7488,Catenibacillus,Enterobacter_D,UMGS363,Barnesiella,RUG420,UMGS2055,UMGS905,WRGP01,CAG-194,Dysosmobacter,Paraeggerthella,UMGS995,Superficieibacter,UMGS1387,Absicoccus,Alloscardovia,MGYG000004094,MGYG000003289,Clostridium_P,Lentilactobacillus,UBA1691,HGM13618,Schaedlerella,Pseudobutyrivibrio,Criibacterium,SFEL01,HGM11575,Phocea,Catenibacterium,UMGS1441,MGYG000001871,Fusicatenibacter,Sodaliphilus,HGM11514,CAG-180,UBA4644,HGM11530,TWA4,UBA1740,HGM12957,SFHK01,Ruminococcus_E,HGM12650,CAG-1031,Haemophilus_A,NSJ-32,UBA4285,Paraclostridium,UMGS1224,Fannyhessea,Firm-10,UMGS1851,Rikenella,HGM12814,UMGS1052,Turicibacter,CAAEEV01,UBA1394,UBA7173,CABIZH01,RUG572,MGYG000004133,UMGS1795,Anaerocolumna,CAG-45,Hungatella,UBA2882,Eubacterium_F,Kosakonia,Neobacillus,Pantoea
rep012_seed2037	MGYG000004547,Leminorella,GCA-900066495,Phascolarctobacterium_A,V9D3004,UMGS1600,Varibaculum,Murimonas,HGM14224,MGYG000004850,UBA2821,UMGS1002,UMGS1491,MGYG000004112,Eubacterium_R,RUG806,UMGS1540,CAG-594,UBA6398,RUG420,UMGS1601,Franconibacter,UMGS1889,Campylobacter_B,MGYG000004229,Monoglobus,UMGS1901,Alloprevotella,UMGS731,UMGS2037,OM05-12,CAG-238,UMGS416,Fusobacterium_C,Lacticaseibacillus,Pseudescherichia,Citrobacter_A,Muribaculum,CAG-831,MGYG000004094,CAG-312,HGM12957,Pseudomonas_E,RUG13868,QAMX01,Moellerella,Intestinibacter,QALS01,UMGS1490,Leptotrichia,Bacteroides,Peptoniphilus_B,MGYG000000674,Citrobacter,Pradoshia,Clostridium,Negativicoccus,Butyricicoccus_A,Fusobacterium_B,HGM12789,Eubacterium_M,Faecalicoccus,RUG705,Marvinbryantia,Erysipelatoclostridium,Succinivibrio,Treponema_D,MGYG000004727,Clostridium_F,UBA1375,WG-1,Superficieibacter,Christensenella,Veillonella_A,Succinatimonas,CAAHEQ01,HGM11616,UBA11774,Pediococcus
rep013_seed2038	UMGS416,UMGS1253,Haemophilus,Sellimonas,UBA10281,UMGS1976,MGYG000004112,UBA7102,UBA4285,CAG-462,UMGS1312,Merdimonas,UMGS1840,Edwardsiella,UMGS599,QALW01,UMGS1251,CAG-411,Phoenicibacter,UBA7057,MGYG000002696,Romboutsia,Clostridium_X,MGYG000004811,Parvimonas,UBA5809,RUG11247,Turicibacter,Zag111,Butyricimonas,Parabacteroides,Phytobacter,CAG-710,CAG-1024,HGM11616,Intestinimonas,UMGS1826,UMGS1783,CAG-594,Harryflintia,CAG-485,Enterococcus_B,HGM12713,HGM11372,SFMI01,Stomatobaculum,CAG-590,UBA5905,UMGS1002,UBA737,UBA3818,MGYG000003270,Leminorella,Zag1,HGM11530,MGYG000002726,Pygmaiobacter,UMGS1663,HGM11588,Lacticaseibacillus,Selenomonas_A,F0040,Ralstonia,Mailhella,SFGY01,UBA7488,Paramuribaculum,UBA1417,WRGP01,MGYG000004727,Plesiomonas,Succinivibrio,Anaerocolumna,MGYG000000574,UMGS1388,MGYG000004445,Gastranaerophilus,UBA3263,Murdochiella
rep014_seed2039	CAG-582,UBA4334,MGYG000003289,SFLA01,UMGS1474,RUG023,Massiliomicrobiota,Clostridioides,UMGS1820,SFDP01,Ruminococcus_E,COE1,Varibaculum,HGM11386,Hafnia,CAG-272,CAG-710,Staphylococcus,Enterocloster,HGM12650,UMGS946,TM7x,HGM14224,UMGS1202,Sutterella,Exiguobacterium,UBA1822,QALR01,Dorea_B,Amulumruptor,UMGS731,UBA2883,Leclercia,Acidovorax,Collinsella,MGYG000004380,Bacilliculturomica,UBA4644,RUG572,Marseille-P3106,Succinatimonas,UMGS856,Fusobacterium_B,NK3B98,UBA5920,Butyricicoccus_A,HGM11525,UMGS1370,Turicimonas,UMGS1224,UMGS577,Pseudobutyrivibrio,Franconibacter,An181,Bilophila,UMGS1397,UBA1259,UMGS1815,Clostridium_Q,Phytobacter,RUG472,UMGS1375,Intestinibacter,MGYG000001953,VUNI01,MGYG000004811,Romboutsia,UBA7185,HGM10836,Anaeromassilibacillus,RUG705,Clostridium_B,Enterococcus_G,UMGS1880,MGYG000004547,Acidaminococcus,Olsenella,Azonexus,Roseburia
rep015_seed2040	UBA10281,CAG-41,UMGS882,Companilactobacillus,Ellagibacter,UBA738,UMGS1623,Alistipes,Sneathia,UMGS1840,UBA866,Serratia,CAG-303,CAG-45,Mesosutterella,Terrisporobacter,Ruminococcus_B,Clostridium_AP,Frisingicoccus,Aggregatibacter,UMGS1668,Longibaculum,RUG115,UMGS905,UMGS1572,CAAEEV01,Acetatifactor,Acutalibacter,UBA4855,CAG-353,Campylobacter_A,MGYG000002010,Clostridium_F,RUG705,UMGS1889,UBA3766,HGM13862,UMGS1851,CAG-452,CAG-354,HGM12998,Murdochiella,Bacteroides,Arcanobacterium_A,CAG-317,Robertmurraya,UBA7748,CAG-313,UMGS1384,UBA1259,GCA-900066905,RUG13868,Salmonella,CAG-273,Peptoniphilus_E,UBA9414,MGYG000000574,CAG-460,Merdibacter,Dysosmobacter,MGYG000004171,Erysipelatoclostridium,UBA7702,Beduini,HGM13634,SFTJ01,UBA940,Clostridium_J,SFVR01,UMGS1883,MGYG000002758,UBA7597,Phascolarctobacterium,UBA1685,Schaedlerella,RQCD01,Eubacterium_I,HGM05232,An92
rep016_seed2041	Massilistercora,CAG-628,MGYG000000674,Moellerella,UMGS1668,Serratia,DUOT01,UBA1786,UMGS416,UMGS1109,Eubacterium_G,Acetatifactor,Faecalibacillus,MGYG000000286,UMGS1225,UMGS1600,UBA1232,UMGS1810,CAG-776,Pseudoflavonifractor,UMGS1883,CAG-485,QAKS01,Clostridium,UMGS1663,CAG-882,Salinicola,Christensenella,Gemella,V9D3004,Anaerocolumna,Enterococcus_G,NK4A136,Marseille-P3106,MGYG000004380,KLE1615,UMGS1052,Sodaliphilus,CAG-238,Hungatella,Superficieibacter,MGYG000004604,SFMI01,Klebsiella,Brachyspira,Clostridium_AP,UBA1711,UMGS1783,RC9,CHH4-2,UBA5905,Lancefieldella,MGYG000004112,UBA1409,Terrisporobacter,Murimonas,Clostridioides,UMGS905,Bilophila,Psychrobacillus,Duodenibacillus,Schaedlerella,RUG410,UMGS1484,Cronobacter,Zag111,UBA1394,UMGS1840,Catenibacterium,UMGS1781,Oribacterium,CAG-127,Parasutterella,RUG572,UMGS902,UBA6345,CAG-245,Bacilliculturomica,Victivallis
rep017_seed2042	CAG-288,NSJ-63,UMGS1322,QAMX01,Veillonella_A,UMGS1839,MGYG000003490,Hungatella_A,HGM11327,Dorea,UMGS1590,CAG-1193,An181,UMGS1858,CAG-272,Faecalimonas,VUNI01,Faecalitalea,Mitsuokella,HGM13233,UBA7488,SFFS01,RUG11200,Campylobacter_A,UBA11940,CAG-590,Paenibacillus,CAG-196,Bilophila,Citrobacter_B,Citrobacter_A,Campylobacter_B,CAG-964,Stoquefichus,QAMM01,Lagierella,CAG-793,Eubacterium,Rahnella,CAG-884,Ruminococcus_E,QALW01,Criibacterium,Absicoccus,CAG-390,Negativibacillus,UBA9502,MGYG000000350,MGYG000004604,Lawsonella,UMGS577,UMGS1484,UBA636,UBA1191,Gordonibacter,MGYG000003970,RUG572,Enterobacter_D,UMGS124,UBA4871,UMGS1688,Garciella,Collinsella,Brachyspira,Paramuribaculum,HGM13618,Parasutterella,UMGS1312,Acutalibacter,An92,UMGS1441,Ruminococcus_F,UMGS1397,Paenibacillus_A,Slackia_A,Butyrivibrio_A,UBA1737,MGYG000001871,Anaerostipes
rep018_seed2043	Merdibacter,Clostridium_A,UBA1731,Lachnoclostridium,Anaerosalibacter,Dorea_A,Ruthenibacterium,Marseille-P3106,Gordonibacter,UMGS1820,UMGS1418,Megasphaera,Negativibacillus,Streptococcus,HGM14224,UBA1234,UBA9506,Pantoea,Muribaculum,Mitsuokella,MGYG000004229,UBA737,MGYG000004556,Bacillus_J,Peptostreptococcus,Parabacteroides,Chimaeribacter,CAG-145,Aggregatibacter,Coprobacillus,Senegalimassilia,HGM12814,Amedibacillus,UMGS1696,GCA-900066135,QALW01,Niameybacter,Evtepia,CAG-353,UBA9502,HGM04593,Fournierella,MGYG000004172,Lysinibacillus,51-20,UMGS2055,UMGS1633,MGYG000004112,Enterobacter_A,CAG-917,Eubacterium_R,HGM13634,UBA4644,UMGS1663,UBA1822,UCG-010,Exiguobacterium,CAG-873,UBA1711,CAG-272,UMGS1766,Arabia,CAG-882,HGM11616,Zag1,Eubacterium_F,CAG-312,Weizmannia,UBA7182,MGYG000003270,Fusobacterium,Coprococcus,RUG131,Pseudomonas_R,CAG-194,Oscillibacter,CHH4-2,Peptoniphilus_C,Oxalobacter
rep019_seed2044	Megamonas,Clostridium_Q,DTU089,UCG-010,UMGS905,CAG-495,Amedibacillus,RUG023,Pradoshia,UMGS995,SFJ001,Megasphaera,UBA1711,MGYG000004094,Porphyromonas_A,Coprococcus,Pseudomonas,UMGS1668,An172,Kosakonia,CAG-793,Proteus,UBA1375,Bacillus_A,MGYG000002053,NC2004,UBA6984,UMGS1696,Phoenicibacter,UMGS946,UMGS1994,HGM11808,UMGS1397,CAG-81,CAG-451,Lactococcus,UMGS1472,CAG-83,UBA1232,RUG11200,Enteroscipio,UMGS692,QAKD01,HGM12587,UMGS902,UMGS1889,Turicibacter,UBA7488,Eubacterium_T,Coprobacter,SFVR01,Pygmaiobacter,GCA-900066905,UMGS1312,MGYG000000505,MGYG000003270,UBA7182,HGM11416,UMGS1241,GCA-900066495,CAG-877,UBA940,Peptoniphilus_A,Butyricimonas,Marseille-P3106,Haemophilus_D,Mixta,CAG-56,Kluyvera,Psychrobacillus,Ligilactobacillus,UBA1191,UBA7102,UMGS1933,UBA1731,Sneathia,Evtepia,Ruminococcus_C,Sporanaerobacter
rep020_seed2045	Longicatena,Lachnoclostridium,Enterocloster,UBA1731,Weimerbacter,Clostridium_E,GCA-900066755,Pseudomonas,Lachnoclostridium_B,Enterococcus_D,Parolsenella,UMGS1518,Amulumruptor,UMGS692,Anaeroplasma,Eubacterium_T,CAG-495,UBA7748,Fusicatenibacter,UBA737,Zag111,CAG-196,UMGS1603,CAG-603,Alloscardovia,Citrobacter,Rothia,MGYG000002726,Acidovorax,HGM11416,UBA1390,UBA6984,Yokenella,Leuconostoc,Fannyhessea,43-108,Lacticaseibacillus,Aggregatibacter,NSJ-62,UBA7160,Finegoldia,UBA1777,Gastranaerophilus,Negativibacillus,UBA4372,MGYG000004229,MGYG000000505,CAG-103,UBA1786,Rahnella,Massilistercora,MGYG000002683,UMGS1810,CAG-485,Roseburia,MGYG000004874,Gemella,QAMH01,UMGS1338,Mesosutterella,HGM12713,CAG-390,CAAHEQ01,Angelakisella,CAG-521,Prevotella,UMGS946,CAG-279,CAG-822,KLE1615,MGYG000000387,CAG-56,Bifidobacterium,Clostridium_A,Duodenibacillus,Succinatimonas,MGYG000000286,Dysgonomonas,HGM04593
rep021_seed2046	Phil1,CHH4-2,CAG-273,Fournierella,QAMM01,Anaerostipes,MGYG000003270,MGYG000000505,Rubneribacter,UBA5416,Citrobacter,HGM13618,CAG-81,UMGS1901,Pseudoruminococcus,UBA738,Anaerotruncus,Neobittarella,UBA1394,WG-1,HGM13634,Acetivibrio_A,UMGS1490,Ruminococcus_A,UMGS1690,Butyricicoccus,UMGS1976,MGYG000001953,Azonexus,UMGS2016,CAG-793,Kosakonia,Sutterella,CAG-1031,Paraclostridium,Gordonibacter,UBA11774,An92,UBA6345,Phascolarctobacterium,UMGS1224,Escherichia,RUG023,Harryflintia,UBA5920,NSJ-63,Varibaculum,UMGS1477,GCA-900066135,Zag1,Allisonella,Anaerofustis,Eisenbergiella,Pauljensenia,CAG-877,UBA4871,MGYG000002702,UBA7173,MGYG000002719,WRGP01,Caproiciproducens,Anaerosalibacter,CAG-448,CAAEEV01,Clostridium_AP,NC2004,HGM11525,UBA1740,Pseudomonas_E,RUG572,Lachnospira,UMGS1312,Amulumruptor,Bittarella,SFMI01,HGM12587,CAG-475,CAG-590,Turicibacter
rep022_seed2047	CAG-776,QALR01,HGM11521,Catenibacterium,Peptoniphilus_A,HGM13233,CAG-882,Faecalimonas,UBA644,MGYG000000286,UMGS1783,MGYG000000574,An92,CAG-582,CAG-448,CAG-831,Plesiomonas,CAG-475,Lawsonibacter,UBA940,Massilicoli,Evtepia,UMGS1490,UMGS1623,UMGS1815,DTU089,Streptococcus,UMGS1591,Clostridium_P,Murimonas,Holdemanella,Anaerosacchariphilus,UMGS905,Anaerotignum,UMGS172,UMGS1326,CAG-460,MGYG000000390,Gordonibacter,Pantoea,Phoenicibacter,KM106-2,Catenibacillus,SFLA01,Anaerosalibacter,Lancefieldella,Bacteroides,Superficieibacter,Senegalimassilia,CAG-488,Morganella,Butyricimonas,UMGS731,VUNA01,Enterobacter_A,Chimaeribacter,Pygmaiobacter,Peptoniphilus_B,Treponema_D,HGM11530,Lachnoclostridium_A,UMGS680,UBA6857,Edwardsiella,UMGS1052,Massilimaliae,RUG572,Roseburia,Johnsonella,Paraeggerthella,MGYG000002702,MGYG000000387,Pyramidobacter,Aneurinibacillus,MGYG000003270,HGM11616,MGYG000002685,Parolsenella,SFMI01
rep023_seed2048	Epilithonimonas,UBA2821,UMGS1202,WRGP01,UMGS1052,Leminorella,Eikenella,UMGS1901,OM05-12,Neisseria,MGYG000004380,Monoglobus,Morganella,Eubacterium_M,UMGS1810,Oxalobacter,Pradoshia,Anaeroplasma,Murimonas,Marseille-P3106,MGYG000003945,Megasphaera,1XD42-69,Enterococcus_G,UMGS1225,Fannyhessea,Slackia_A,CAG-917,MGYG000003289,Ligilactobacillus,UBA11517,SFVR01,CAG-217,Massilistercora,Providencia,CAG-533,Lachnoclostridium_B,Massiliomicrobiota,UMGS1224,HGM11507,QAKD01,UMGS1532,CAG-1193,Ruminococcus_A,MGYG000002075,GCA-900066755,Arabia,Eubacterium_F,Ruminococcus_F,UBA5394,MGYG000002726,UMGS995,HGM11416,Phytobacter,UBA1786,UMGS1370,Clostridium_F,Hungatella_A,Bacilliculturomica,UMGS1375,TM7x,CAG-127,NK3B98,RUG472,UMGS1975,UBA3263,F0422,Bilophila,UMGS1851,Alloscardovia,V9D3004,Kallipyga,UMGS1472,Frisingicoccus,Oscillibacter,Hydrogeniiclostridium,MGYG000002216,Fusobacterium_B,CAG-776
rep024_seed2049	Eggerthella,UBA4372,Clostridium_P,Harryflintia,Parolsenella,CAG-452,Massilicoli,Rikenella,CAG-557,UMGS973,Kosakonia,UMGS1397,UMGS1840,Longicatena,Porphyromonas_A,HGM11386,Clostridioides,CAG-521,CAG-776,UMGS2037,RUG11200,Paraprevotella,Murimonas,Anaerosporobacter,Eubacterium_T,CAG-115,RUG420,CAG-484,UMGS1865,Holdemania,UMGS1279,MGYG000001903,SFFH01,HGM12587,Allisonella,CAG-465,Pradoshia,Akkermansia,QANG01,Lacrimispora,CAG-1024,UBA7173,Scardovia,MGYG000004229,Streptococcus,MGYG000002696,Salinicola,UMGS995,Odoribacter,UMGS882,Companilactobacillus,UBA6398,CAG-103,Anaerostipes,Leclercia,Paraclostridium,UBA3631,QAMX01,Ruminococcus_D,Pseudoflavonifractor,MGYG000000745,CAG-877,NSJ-62,SFGY01,QALW01,Yersinia,UBA7488,Anaerocolumna,UMGS403,Fusobacterium,Phytobacter,CAG-451,Mobilibacterium,V9D3004,Eisenbergiella,CAG-411,UBA1752,Criibacterium,UMGS1002
rep025_seed2050	Stenotrophomonas,Dorea_B,Anaerosacchariphilus,UMGS905,UMGS1279,Mailhella,JAAYBB01,Blautia_A,Turicibacter,Pseudomonas,Dielma,Chimaeribacter,NK3B98,UMGS1484,UBA11940,Enterococcus_A,UMGS1474,UMGS1851,Salinicola,UMGS1202,Succinivibrio,CAG-448,Acetatifactor,CAG-81,MGYG000003970,Leptotrichia,Fusobacterium,Alterileibacterium,Kallipyga,MGYG000004547,UBA738,CAG-194,Parabacteroides,UBA7488,VUNI01,UMGS1872,TF01-11,Lacticaseibacillus,Mediterraneibacter,Bacillus_A,UBA1191,UMGS1975,Schaedlerella,CAG-822,NK4A136,Pseudomonas_E,Acidovorax,Clostridium_N,UMGS1591,MGYG000000505,Anaerococcus,SFDP01,CAG-411,Paenibacillus,Oxalobacter,Proteus,UMGS1307,Franconibacter,HGM12957,UBA5394,Massiliomicrobiota,SCN-57-10,UMGS1864,UBA7597,Bacteroides,CAG-56,UMGS1976,CAG-313,Lachnospira,Muribaculum,Eikenella,UMGS1688,CAG-631,Clostridioides,Enterococcus,Rahnella,CAG-95,HGM10836,Neobittarella
rep026_seed2051	Acetatifactor,Bacteroides_F,UBA4855,SFJ001,Olsenella_B,Bittarella,QAMH01,Bifidobacterium,Alloscardovia,UBA10677,SFDB01,Firm-10,UMGS1474,UBA3402,Superficieibacter,Weizmannia,CAG-475,Flavonifractor,Negativibacillus,Parolsenella,Harryflintia,Agathobacter,Acidaminococcus,HGM11416,Duncaniella,Nitratidesulfovibrio,Lachnoclostridium_B,Schaedlerella,CABIZH01,Aggregatibacter,GCA-900066135,UMGS1441,CAG-632,UBA7102,UMGS1815,Psychrobacillus,CAG-1000,Veillonella_A,Clostridium_AQ,CAG-873,Finegoldia,UMGS1783,UMGS1601,Oscillibacter,Varibaculum,MGYG000003270,UBA1181,Peptococcus,OM05-12,UBA9506,MGYG000004556,Ruminococcus_D,CAG-273,Phytobacter,Haemophilus,MGYG000002685,Sporanaerobacter,CAG-762,CAG-882,Epilithonimonas,HGM11514,Phil1,QALW01,Lactococcus,UMGS1795,UBA6984,UMGS1864,Phocaeicola,Campylobacter_B,HGM11368,Fusicatenibacter,Clostridium_Q,UMGS905,MGYG000000387,CAG-485,CAG-217,Clostridium_B,UMGS1384,MGYG000004171
rep027_seed2052	Peptostreptococcus,Ruminococcus_B,Criibacterium,HGM11788,UMGS1388,Phascolarctobacterium,UMGS1441,Longibaculum,UMGS1052,Enterococcus_A,Cloacibacillus,Beduini,Pseudobutyrivibrio,MGYG000000378,HGM11372,RUG131,UMGS1490,UMGS1387,MGYG000000745,Ellagibacter,CAG-882,UBA7160,Akkermansia,Catenibacillus,RUG14107,UMGS1241,Selenomonas_C,Lagierella,UBA7185,Vibrio,Psychrobacillus,Mediterraneibacter_A,SFMI01,MGYG000000390,CAG-314,SFGY01,Acetivibrio_A,Clostridium_B,JAAYBB01,Phoenicibacter,Faecalibacterium,Caecibacter,CAG-873,UBA7182,Butyrivibrio_A,UMGS1613,NK3B98,UMGS1611,Clostridium_AQ,Veillonella_A,CAG-776,UBA7173,Phocaeicola,Porphyromonas,QALW01,PeH17,SFEL01,MGYG000004380,DTU089,Acidovorax,Ruminococcus_G,CAG-279,UMGS1810,WRGP01,Clostridium_P,Fournierella,UMGS966,Lactonifactor,UMGS577,CAG-791,CAG-274,Dorea,UMGS995,Enterobacter_A,UMGS263,HGM12587,UC5-1-2E3,TF01-11,Enterococcus_B
rep028_seed2053	Catenibacillus,HGM13222,UMGS1397,Zag111,Monoglobus,MGYG000000378,Phascolarctobacterium,MGYG000004229,Haemophilus_A,CACZQA01,NSJ-50,HGM12650,Blautia,Olsenella_B,CAG-194,HGM11386,Turicibacter,MGYG000000425,Cetobacterium_A,UBA3631,Proteus,CAG-521,UMGS1820,CAG-170,CAG-917,UMGS1375,Tidjanibacter,Ruminococcus_A,Cellulosilyticum,UMGS577,Anaeroglobus,UBA5920,Anaerococcus,UBA1820,Caecibacter,Limosilactobacillus,MGYG000002683,Massilioclostridium,HGM12587,CAG-145,SFDB01,Stomatobaculum,UMGS1696,HGM13634,Providencia,Mixta,HGM11616,Akkermansia,Veillonella,UBA7185,MGYG000000390,Dysosmobacter,UMGS905,CAG-313,DTU089,CAG-964,UMGS1781,UBA1737,UBA9502,CAG-83,RUG410,Rubneribacter,UBA5026,Muribaculum,UMGS1864,UBA1409,MGYG000004660,UMGS1795,Pauljensenia,Campylobacter,Rothia,Longicatena,UMGS1933,UMGS1663,Murimonas,Ruminiclostridium_E,Weimerbacter,Amedibacillus,UBA7748
rep029_seed2054	CAG-465,Streptococcus,Duodenibacillus,MGYG000000286,Amedibacillus,UBA1777,UMGS1783,Zag111,Massiliomicrobiota,Clostridium_E,HGM04593,RUG472,Mesosutterella,Gemella,Cronobacter,UMGS1889,Eubacterium_T,Terrisporobacter,UMGS1623,UBA3631,F082,MGYG000003289,UBA4855,RUG100,UBA1752,Massilimaliae,Acetivibrio_A,MGYG000002685,CAG-103,RUG410,UBA4334,CAG-317,Sneathia,Franconibacter,Mailhella,Ruminococcus_D,UMGS599,UBA1685,DUOT01,Eubacterium_I,Ruminococcus_C,CAG-884,Sporanaerobacter,Citrobacter,UBA7185,UMGS973,Mediterraneibacter_A,HGM12669,CAG-882,UMGS1540,Sellimonas,Hungatella,VUNI01,Citrobacter_B,Desulfovibrio,Clostridium_F,UMGS1387,UBA1206,Coprobacter,Parabacteroides,Clostridium_B,Scardovia,Senegalimassilia,Merdibacter,CAG-170,MGYG000000587,S5-A14a,Lachnoclostridium_B,MGYG000004727,WG-1,Harryflintia,UMGS1225,UBA5026,UMGS1326,CAG-521,MGYG000002216,UMGS268,Enterococcus_A,Acutalibacter
rep030_seed2055	UMGS1484,MGYG000000587,CAG-557,Christensenella,RUG11247,Turicibacter,UMGS1901,Duodenibacillus,Eubacterium_F,UBA1375,HGM11530,Anaerococcus,UMGS1387,MGYG000002010,Stomatobaculum,Monoglobus,Ruminococcus_C,CAG-462,Fournierella,UBA9506,MGYG000004727,An172,Hungatella,Anaerosalibacter,CAG-1000,HGM13634,UMGS1370,Turicimonas,Sellimonas,Merdimonas,An181,CAG-791,UMGS1840,QAMX01,Robinsoniella,Eisenbergiella,HGM11386,CAG-180,Haemophilus,CAG-245,Megamonas,Raoultibacter,UBA1259,UMGS1253,Bulleidia,MGYG000003289,UBA10677,Coprococcus,CAG-594,Butyricicoccus,Lactiplantibacillus,S5-A14a,Edwardsiella,Neobittarella,CAG-238,MGYG000004172,SCN-57-10,AM07-15,Dialister,Lachnospira,UMGS1600,RUG12045,GCA-900066135,UMGS1474,Porphyromonas_A,UBA3282,MGYG000004874,UMGS1225,UMGS577,UMGS1864,Blautia_A,UMGS403,Acetivibrio_A,Parolsenella,Fusobacterium_C,UBA1822,UBA1394,UBA3631,Pluralibacter
rep031_seed2056	UBA1417,UMGS1810,Eikenella,CAG-170,CAG-177,Faecalibacillus,HGM14224,ER4,Enterobacter_A,Gastranaerophilus,CAG-557,Phil1,UMGS75,Citrobacter_B,D5,HGM11386,UBA4334,UBA3766,Klebsiella_A,CAG-302,Clostridium_E,UBA2882,Epilithonimonas,Phocaeicola,Granulicatella,Cutibacterium,NSJ-61,CAG-449,Barnesiella,RC9,Phytobacter,51-20,Odoribacter,UMGS1840,UBA10677,Exiguobacterium,Vibrio,HGM11521,Neobacillus,Ruminococcus_E,Pluralibacter,MGYG000003490,Anaerotruncus,HGM11523,Leclercia,Frisingicoccus,CABIZH01,Bruticola,RUG14107,UMGS1603,MGYG000004177,MGYG000002702,Alterileibacterium,Anaerosporobacter,HGM12650,Pauljensenia,UMGS680,Criibacterium,UBA3263,CAG-303,CAG-841,Fusicatenibacter,TWA4,UMGS1293,RUG11200,UMGS268,UBA1777,QANG01,CAG-884,CAG-617,HGM11788,UCG-010,Yersinia,Hungatella,Clostridium_X,Parvimonas,Garciella,Lachnoclostridium_B,Campylobacter_A
rep032_seed2057	MGYG000000387,HGM11523,Eubacterium_M,UMGS1975,UBA1737,UMGS1572,UBA7702,UBA4644,MGYG000002696,HGM11327,Megasphaera,UMGS1820,HGM12998,Megamonas,Niameybacter,AM51-8,CAG-484,UBA2883,Caproiciproducens,Prevotellamassilia,MGYG000003945,MGYG000003305,UBA945,Ruthenibacterium,QAKD01,Frisingicoccus,Blautia_A,UMGS1375,Butyricicoccus,QAMM01,Raoultella,Klebsiella,CAG-245,Barnesiella,SFJ001,CAG-115,CAG-353,Faecalibacillus,Monoglobus,1XD42-69,Cloacibacillus,Methanomassiliicoccus_A,Erysipelatoclostridium,UBA4372,Coprococcus,Bacteroides_F,MGYG000002075,UMGS1491,UBA3282,Bacteroides,HGM11372,F082,Latilactobacillus,Lentilactobacillus,Ezakiella,Mesosutterella,Dysgonomonas,HGM11575,Campylobacter_B,UMGS1518,Pseudescherichia,Pediococcus,UMGS1004,Morganella,CAG-521,SFMI01,UBA6984,CAG-873,Clostridium_X,UMGS1109,Pseudomonas_R,UMGS1781,Fusobacterium_B,CAG-791,Catenibacterium,UMGS1441,RUG14107,Firm-11,UMGS1795
rep033_seed2058	Sporanaerobacter,Kosakonia,Christensenella,RUG023,UBA7102,CAG-56,Duncaniella,MGYG000000425,GCA-900066755,UMGS1781,UBA7185,Franconibacter,Oxalobacter,Fusicatenibacter,Longicatena,Porphyromonas_A,SFGY01,Providencia,Zag1,UC5-1-2E3,RUG100,Phil1,Leminorella,UMGS1279,UBA10281,UMGS1623,Dielma,Fusobacterium_B,GCA-900066495,CAAHEQ01,Parabacteroides,Ruminiclostridium_E,Alistipes,Paraeggerthella,Anaerococcus,CAG-127,OF09-33XD,Blautia,HGM12713,UBA3818,RUG11247,MGYG000004850,Lysinibacillus,UBA3263,CAG-217,MGYG000001871,Flavonifractor,Gabonibacter,UMGS1384,UBA1731,UBA1232,Haemophilus_D,Bifidobacterium,43-108,Treponema_D,UBA11471,MGYG000000350,Ruminococcus_E,Citrobacter_A,Acinetobacter,Harryflintia,HGM11521,UBA6382,Parolsenella,Fannyhessea,UBA1685,Caproiciproducens,Plesiomonas,Yersinia,Dorea,CAG-411,Fusobacterium_A,Morganella,CAG-724,Raoultibacter,UMGS1820,UMGS1663,NC2004,Sneathia
rep034_seed2059	CAG-313,QALR01,Scardovia,NK4A136,UMGS874,SFDB01,CAG-177,Peptoniphilus_B,Fusobacterium_C,Serratia,UBA2856,Cloacibacillus,UMGS995,CAG-485,HGM13233,Lacticaseibacillus,Finegoldia,UMGS1518,MGYG000002575,Eubacterium_T,UMGS1375,Coprobacillus,Ruminiclostridium_E,Megasphaera,Akkermansia,Longibaculum,Negativicoccus,HGM11372,UMGS1795,Enterococcus_C,Lactonifactor,Holdemanella,UMGS1002,43-108,QALW01,UMGS1251,Sneathia,UMGS1484,UBA1691,CAG-762,Acetatifactor,Pseudobutyrivibrio,Absicoccus,UMGS1865,Mediterraneibacter_A,Eisenbergiella,SFHK01,Latilactobacillus,Campylobacter_A,UMGS1109,CAG-145,Neisseria,UBA4644,F23-B02,Eggerthella,Dorea_B,Kosakonia,Duodenibacillus,NSJ-63,UMGS1864,UBA1820,Haemophilus_D,UMGS692,UMGS2055,Pseudomonas,UBA11452,Klebsiella,UMGS577,Alistipes_A,CAG-349,UMGS973,UBA9414,Mobiluncus,CAG-273,Olsenella,CAG-103,Johnsonella,Citrobacter,UMGS1976
rep035_seed2060	UBA945,Massilistercora,CAG-1427,UBA1417,HGM13006,MGYG000002758,Pygmaiobacter,Fusobacterium_B,HGM11372,CAG-238,Enterococcus_A,Butyricicoccus_A,Campylobacter_B,Paenibacillus_A,Pseudescherichia,Eubacterium_G,UMGS1889,Peptoniphilus_B,Borkfalkia,MGYG000000456,OM05-12,RUG806,RC9,NK3B98,UMGS1388,Providencia,CAG-56,MGYG000001953,Vibrio,Frisingicoccus,Limosilactobacillus,HGM11507,Dysgonomonas,Escherichia,UBA11512,UMGS1865,HGM11386,Desulfovibrio,UMGS599,Clostridium_AP,Cedecea,SFJ001,CAG-41,MGYG000004547,UMGS1795,UMGS1815,MGYG000002216,Haemophilus_A,CAG-274,Lagierella,Phocaeicola,SFEL01,Eubacterium_I,Muricomes,TF01-11,SFDB01,UBA7597,UMGS902,TWA4,Eikenella,UBA1234,Niameybacter,HGM05232,MGYG000004850,Catenibacterium,UMGS1322,Eubacterium_F,Romboutsia,Blautia_A,Robertmurraya,Kosakonia,UMGS1532,UMGS1370,Campylobacter,UBA9475,ER4,Absicoccus,CAG-349,HGM11530
rep036_seed2061	Lactococcus,OF09-33XD,UMGS1490,UBA1829,CAG-791,Peptoniphilus_E,Citrobacter_A,UBA7597,Ruminococcus_E,UMGS1253,CAG-873,UBA11517,MGYG000002685,KM106-2,Muribaculum,Senegalimassilia,Niameybacter,Ruthenibacterium,Duncaniella,Megasphaera,MGYG000004727,GCA-900066135,Psychrobacillus,UBA1731,UMGS1865,Massiliomicrobiota,UMGS1690,WRGP01,CAG-170,UMGS856,Murdochiella,CAG-288,UMGS1663,UBA4716,UMGS1002,Ruminococcus_C,UMGS1004,UBA5884,Lactobacillus,VUNA01,Ruminococcus_F,Lancefieldella,CAG-81,Eubacterium_T,Bacilliculturomica,Anaerotignum,MGYG000000387,Raoultibacter,Firm-07,Vibrio,UBA1394,Rahnella,UMGS1109,UMGS1397,Blautia,Enterococcus,Massilimaliae,HGM12713,Clostridium_F,Proteus,Amulumruptor,UBA9414,UBA1685,UMGS1225,Ruminococcus,Clostridium_P,CAG-917,Mesosutterella,Catenibacterium,Weimerbacter,HGM11521,UBA1711,UBA9506,Agathobacter,CAG-95,CAG-1031,UMGS1477,MGYG000000286,MGYG000004445
rep037_seed2062	MGYG000003855,Eikenella,QAKS01,UBA7057,UBA1711,UMGS1472,UBA1777,Coprococcus,1XD42-69,CAG-841,UBA4644,Haemophilus,Massilistercora,MGYG000000574,Citrobacter_A,Sneathia,UBA2882,Phoenicibacter,UBA7102,UMGS1384,Schaedlerella,Amedibacterium,HGM11368,UMGS1933,Latilactobacillus,SFFS01,UBA1822,Franconibacter,Olsenella_E,Gemmiger,UMGS692,UBA1234,Acidaminococcus,MGYG000001953,UBA5394,UBA5026,UCG-010,CAG-884,HGM12650,UBA4285,Campylobacter,Dorea,Treponema_D,Enterococcus_A,Megasphaera,Exiguobacterium,JAAYBB01,Dorea_B,Phascolarctobacterium_A,Acinetobacter,UBA9475,UBA11471,CAG-762,CAG-594,Fusicatenibacter,UBA7173,Marvinbryantia,OM05-12,RUG12045,Eubacterium_I,Lachnoanaerobaculum,Clostridium_B,Leptotrichia,UBA7748,UMGS1880,Negativicoccus,Peptacetobacter,Dielma,CAG-288,Hafnia,UBA7597,Azonexus,Lactobacillus,UMGS1312,Enterocloster,Staphylococcus,Mesosutterella,QALS01,HGM11788
rep038_seed2063	Stoquefichus,Prevotella,JAAYBB01,GCA-900066905,UBA1777,UMGS1241,Catenibacillus,Dorea_A,RUG115,Alistipes,UBA4334,Brachyspira,UBA11940,Succinivibrio,CAG-170,Gemmiger,UMGS1397,UMGS1795,MGYG000003305,CAG-180,CAG-449,Lactiplantibacillus,UBA7488,CAG-475,Anaerotruncus,Agathobacter,Muricomes,SFVR01,UMGS263,Massilicoli,UMGS268,Firm-10,CAG-882,GCA-900066755,HGM12587,Olsenella,Neisseria,CAG-793,Rubneribacter,UMGS1611,UMGS1253,HGM11507,UMGS856,CAG-115,Muribaculum,UMGS1326,NSJ-38,Treponema_D,UBA7748,HGM12957,UMGS1472,F0040,UBA1822,UBA6345,F082,UMGS2037,MGYG000002726,UBA10677,Ruminococcus,Victivallis,UBA644,MGYG000004112,HGM04593,NSJ-62,HGM11616,Fusobacterium_C,UMGS1668,RC9,UBA5920,Aggregatibacter,Longibaculum,UBA11524,UMGS1933,Blautia_A,CAG-56,QAKS01,UMGS911,UBA5416,Paramuribaculum
rep039_seed2064	Megamonas,QALS01,Anaeroglobus,UBA2882,Enterococcus_G,F23-B02,MGYG000004660,QAKD01,Caecibacter,Peptoniphilus_A,HGM13222,MGYG000003305,UBA7185,Anaerosporobacter,UMGS1472,UBA636,MGYG000000587,VUNA01,NC2004,NK3B98,UBA5920,HGM13634,Fusobacterium_C,Gemella,CAG-533,D5,SFEL01,RUG14107,Ellagibacter,HGM11521,CAG-417,Lacrimispora,Mobilibacterium,CAG-492,UBA5026,Eubacterium,Lachnospira,UMGS1613,CAG-793,CAG-302,Terrisporobacter,UBA5809,SFGY01,HGM11808,Ruthenibacterium,Pediococcus,RUG806,Epilithonimonas,Sporanaerobacter,Phocaeicola,MGYG000004604,TWA4,Butyrivibrio_A,UMGS1858,CAG-590,Desulfovibrio,UMGS1590,CAG-724,HGM14224,UBA1417,Merdibacter,UBA4871,Barnesiella,UBA4334,UMGS1611,HGM13233,Pantoea,MGYG000002075,CAG-1031,UBA1394,Peptoniphilus_C,HGM13006,Scardovia,UBA11517,UBA6984,CAG-449,Butyricicoccus,UMGS1781,MGYG000000574
rep040_seed2065	MGYG000003270,MGYG000004727,CAG-354,Butyricicoccus_A,UMGS1872,UMGS1826,UMGS1491,UBA1375,Leuconostoc,Oxalobacter,Rothia,MGYG000002797,UBA7057,Desulfovibrio,Catenibacillus,DTU089,Yokenella,Niameybacter,CAG-533,CAG-81,VSOB01,Moellerella,Eubacterium_T,Enterococcus_A,QALW01,Garciella,Ruthenibacterium,CAG-495,Clostridium_E,SFFH01,UBA3631,Succinivibrio,Weissella,Megasphaera,Salmonella,CAG-917,UBA1829,Kallipyga,Merdibacter,Gastranaerophilus,MGYG000000425,Butyricimonas,Pseudomonas,UBA1752,Scardovia,Massilimaliae,HGM11588,Intestinibacter,Eubacterium_G,CAG-288,Staphylococcus,MGYG000004229,HGM11521,HGM11372,UBA4644,Paenibacillus_A,Enterococcus,UMGS1600,QALS01,NSJ-38,Massilicoli,Latilactobacillus,UMGS2037,Mobiluncus,Lachnoclostridium,Providencia,MGYG000004061,SFDB01,RF16,UBA1181,Peptoniphilus_C,CAG-617,Christensenella,HGM12587,UMGS1518,UMGS1976,Peptoniphilus_E,Raoultibacter,Bacteroides
rep041_seed2066	Bilophila,Duodenibacillus,UMGS1975,UMGS911,UMGS1387,UBA9475,HGM11327,UBA6382,UMGS1441,CAG-1427,CAG-492,UBA1731,Marseille-P3106,Rothia,QAKS01,QAKW01,CAG-485,UBA6857,Succinivibrio,UMGS1109,CAG-448,Victivallis,Zag111,Butyricicoccus_A,Chimaeribacter,CAG-460,Sneathia,CAG-1024,CAG-964,Pluralibacter,Negativibacillus,Phoenicibacter,Leuconostoc,Caecibacter,CAG-273,CAG-81,UBA5446,CAG-274,UMGS1293,CAG-822,Anaerobutyricum,UMGS902,Eubacterium,MGYG000002683,Agathobacter,UMGS1601,Allisonella,GCA-900066135,UBA1737,HGM12789,UMGS882,Atlantibacter,RC9,Clostridium_A,UBA636,MGYG000000745,MGYG000003305,UMGS692,Butyricimonas,Finegoldia,QALS01,Johnsonella,Akkermansia,Barnesiella,Leclercia,MGYG000004811,UMGS1388,MGYG000004172,UBA11774,HGM11523,Varibaculum,Pediococcus,Lactonifactor,Prevotella,Actinomyces,Scardovia,CAG-449,HGM13006,CAG-196
rep042_seed2067	Zag1,Acetatifactor,UBA6857,DTU089,Intestinimonas,UBA1234,UBA1752,UMGS1633,UMGS1795,UMGS1472,CAG-238,SFDP01,UMGS1441,UBA5809,NSJ-63,SFGY01,Ralstonia,KLE1615,Niameybacter,UMGS966,Hafnia,UBA5920,Sporanaerobacter,Escherichia,Extibacter,CAG-603,HGM13006,UBA9502,CAG-145,CAG-617,CAG-312,UBA1409,UMGS1839,MGYG000000378,CAG-110,RUG11198,AM07-15,UMGS1815,Negativibacillus,RUG131,UBA1777,UMGS929,UBA11452,Veillonella,UMGS905,UMGS731,HGM14224,AM51-8,CAG-81,MGYG000002010,Parvimonas,Proteus,Dorea,RUG100,UMGS1532,Prevotellamassilia,Peptostreptococcus,MGYG000004029,RUG11247,NSJ-50,UMGS1224,CAG-217,Oscillibacter,Treponema_D,UMGS1338,Enterococcus_D,CAG-314,UBA4334,UBA7173,MGYG000002575,UBA940,UBA7597,UMGS1312,UBA6382,RQCD01,CAG-354,GCA-900066905,CAG-273,CAG-83
rep043_seed2068	CAG-724,CAG-449,Bittarella,Cutibacterium,Clostridium_Q,Senegalimassilia,Garciella,Roseburia,Christensenella,Coprococcus,Clostridium_B,Lactonifactor,Fusobacterium_C,Campylobacter,Eikenella,UMGS1600,CAG-762,RUG131,Faecalicoccus,MGYG000004029,HGM11523,Acinetobacter,MGYG000000745,CAG-273,TWA4,Harryflintia,CAG-590,Cedecea,UMGS1933,UBA737,Fusobacterium_A,Angelakisella,UMGS599,NSJ-32,UBA3766,CAG-217,Lactococcus,Criibacterium,CAG-791,Desulfovibrio,UMGS403,Ellagibacter,Weissella,UBA1752,UBA7057,SFEL01,Methanomassiliicoccus_A,UMGS1251,Ezakiella,Bariatricus,UBA945,PeH17,CAG-103,UMGS856,UMGS2037,Robinsoniella,Neobacillus,MGYG000004172,Pseudobutyrivibrio,CAG-180,RUG100,MGYG000002758,UBA1737,HGM11588,UMGS1109,D5,Peptoniphilus_B,Plesiomonas,MGYG000000587,UBA9414,CAG-196,Coprococcus_A,UBA2821,CAG-594,SFDP01,Faecalitalea,MGYG000004380,HGM11501,UBA5920
rep044_seed2069	MGYG000003970,CAG-452,UBA11452,Duodenibacillus,WRGP01,UMGS1815,Kallipyga,Bacteroides_F,UMGS1994,F082,CACZQA01,Porphyromonas,Odoribacter,UMGS692,HGM11368,Companilactobacillus,RQCD01,CAG-273,HGM13006,Longicatena,Harryflintia,Clostridium_N,Angelakisella,Slackia_A,HGM12669,CAG-354,An172,CAG-417,Sodaliphilus,Ruminiclostridium_E,NSJ-61,SCN-57-10,CAG-873,UMGS1532,Lachnoclostridium_A,Brachyspira,KM106-2,MGYG000004660,RUG14107,Hungatella,MGYG000000350,UBA7102,Negativicoccus,Acidovorax,Bariatricus,Lactonifactor,MGYG000002719,Frisingicoccus,CAG-303,Enterococcus_D,MGYG000000745,UBA738,Veillonella_A,Ruminococcus_C,UMGS1668,MGYG000003490,RUG11200,Negativibacillus,RUG472,Faecalicoccus,HGM11507,Acutalibacter,Faecalimonas,CAG-103,Pseudoflavonifractor,QALW01,Coprobacter,RF16,Lancefieldella,MGYG000001871,Phytobacter,UMGS1826,UMGS1307,Leclercia,Faecalibacillus,Anaeroplasma,Anaerobutyricum,CAG-594,MGYG000004094
rep045_seed2070	Succinatimonas,Frisingicoccus,Ruminococcus_C,UMGS1312,Moellerella,Butyricicoccus,Alloscardovia,Lachnospira,UBA1711,Raoultibacter,Megasphaera,UMGS1418,UBA644,UBA11940,Longibaculum,CAG-317,Bulleidia,MGYG000002696,Bacillus_J,RUG115,UBA7702,MGYG000002702,Phocea,UMGS75,Massilioclostridium,RUG410,CAG-269,QAKW01,UBA1191,OF09-33XD,UBA1232,CAG-103,UBA7488,Acutalibacter,MGYG000002797,CAG-590,QALR01,Erysipelatoclostridium,UMGS1253,Clostridium_AQ,CAG-791,HGM11327,Pygmaiobacter,Faecalicoccus,UBA6984,CAG-631,Lagierella,Amulumruptor,RUG100,Anaeromassilibacillus,SFDB01,Borkfalkia,Bacillus_A,Phytobacter,UMGS1623,UMGS363,Peptoniphilus_A,MGYG000004061,UBA11524,Enterobacter,Lancefieldella,QAMM01,CAG-115,UMGS1384,UMGS1472,Pseudoflavonifractor,UBA7748,Haemophilus,UMGS1484,Enterobacter_A,Morganella,Romboutsia,Anaerosalibacter,Ellagibacter,CAG-452,UMGS1603,Rubneribacter,Staphylococcus,Exiguobacterium
rep046_seed2071	Acutalibacter,HGM11417,Gabonibacter,Phascolarctobacterium_A,HGM12957,An181,UBA2856,UBA7102,Anaerobutyricum,UMGS1766,Alloscardovia,Aneurinibacillus,HGM11808,Enterococcus_D,UBA11940,Frisingicoccus,UMGS1474,HGM12789,Providencia,UBA1731,Mesosutterella,Pantoea,MGYG000004556,UMGS1202,Zag111,Ruminococcus_D,Coprobacter,Clostridium_P,Ruthenibacterium,Clostridium_Q,NK3B98,MGYG000000456,CAG-488,Absicoccus,Niameybacter,Citrobacter,UBA4716,Dorea,Lentilactobacillus,UMGS124,Johnsonella,Rahnella,RF16,Fusobacterium_B,UBA6984,QANA01,Fusobacterium,HGM13634,UBA11471,Bacillus_J,RQCD01,CAG-841,MGYG000002575,UBA7488,Yersinia,RUG420,Pseudomonas_R,UMGS1663,Neobittarella,UBA1394,UBA5920,Coprococcus,CAG-312,MGYG000004171,Selenomonas_C,UMGS1279,NSJ-62,UMGS856,CAG-245,MGYG000004380,Marseille-P3106,Alistipes,Anaeroplasma,UMGS268,UBA7057,UMGS692,Turicibacter,UBA7160,Lancefieldella
rep047_seed2072	AM51-8,SFFS01,Stomatobaculum,Sutterella,Ruminococcus_C,CAG-617,Methanomassiliicoccus_A,UBA3282,Amulumruptor,Catenibacterium,UMGS1004,RUG100,MGYG000000378,Leuconostoc,Enterobacter,Arcanobacterium_A,MGYG000004029,UMGS929,MGYG000004094,Ruminococcus_B,UBA7702,Superficieibacter,UBA5809,MGYG000004727,CAG-45,CAG-95,QALS01,UMGS1851,Muribaculum,Yokenella,UBA9475,SFJ001,Clostridium_F,Fusobacterium_C,Bariatricus,Frisingicoccus,Lactiplantibacillus,HGM11525,SFHK01,RUG420,RUG13868,UBA9502,Flavonifractor,Eubacterium_T,Zag1,Rikenella,Pediococcus,TF01-11,RUG12045,UBA7185,Garciella,UMGS1815,UMGS2055,COE1,CAG-349,HGM11788,Fusicatenibacter,HGM14224,MGYG000002216,Anaerococcus,SFVR01,D5,UBA1685,UBA737,Pluralibacter,Anaeroplasma,Selenomonas_A,RUG806,UBA4285,UMGS1872,UMGS1865,UMGS268,UMGS124,MGYG000000390,UMGS1975,UBA1259,AF33-28,MGYG000003270,Extibacter
rep048_seed2073	OM05-12,QAMH01,UMGS1490,CAG-194,Turicibacter,CHH4-2,Stoquefichus,MGYG000002685,MGYG000003855,Bacillus_J,Monoglobus,Selenomonas_A,UMGS1202,Varibaculum,UBA1375,UBA1232,Pygmaiobacter,Anaerosalibacter,HGM11525,Eubacterium_F,NSJ-63,Raoultella,Enterococcus_D,MGYG000001871,UMGS1384,CAG-793,UMGS1668,UBA6345,Akkermansia,UBA6984,Ralstonia,HGM11521,Leuconostoc,UBA1409,CAG-1031,Fusobacterium_C,Amedibacterium,CAG-791,Neobittarella,CAG-877,UMGS1109,CAG-217,UC5-1-2E3,SFLA01,Acidovorax,SFHK01,Pseudobutyrivibrio,MGYG000004177,MGYG000003945,CAG-303,UBA5416,WG-1,CAAEEV01,COE1,Klebsiella_A,Lentilactobacillus,NSJ-32,MGYG000004850,Enterococcus_G,Faecalicoccus,1XD42-69,MGYG000004556,RUG806,UMGS856,QAMX01,RUG472,UMGS1326,UMGS1601,F23-B02,DTU089,UMGS1253,UBA1731,CAG-1427,UMGS1865,MGYG000004380,Evtepia,Peptoniphilus_B,Fannyhessea,QAMM01
rep049_seed2074	RUG11198,CAG-533,UMGS1783,BX12,Amulumruptor,CAG-724,CAG-353,Pseudoruminococcus,UBA5884,SFTJ01,Agathobacter,Veillonella_A,UBA5446,Massilistercora,Hafnia,RUG410,Enterobacter,UMGS1865,Actinobaculum,CAG-510,QALS01,HGM13634,GCA-900066755,UMGS2055,MGYG000004604,UBA9506,CAG-1000,MGYG000000728,Desulfovibrio,Mediterraneibacter,Merdimonas,Eisenbergiella,Clostridium,UBA644,CAG-313,RUG12045,Mailhella,CAG-841,Dysosmobacter,MGYG000002758,QAMM01,Oribacterium,UBA10677,Lachnoanaerobaculum,MGYG000001953,Peptoniphilus_C,Cellulosilyticum,Johnsonella,UBA7057,UBA1394,UBA7748,RC9,Succinatimonas,Ralstonia,CAG-475,CAG-964,UMGS929,Duncaniella,UMGS599,CAG-269,Aneurinibacillus,Citrobacter_A,Borkfalkia,CAG-145,UBA6382,CAG-884,MGYG000004171,Clostridium_Q,Faecalicoccus,RUG11247,Peptoniphilus_E,Monoglobus,CAG-488,Criibacterium,Companilactobacillus,Coprobacter,Citrobacter,Clostridium_J,Muribaculum
rep050_seed2075	UMGS929,Butyricimonas,HGM11523,Coprobacter,RUG14107,UBA4644,CAG-791,UBA5446,CAG-460,MGYG000002797,CAG-841,HGM11575,Selenomonas_C,SFMI01,JAAYBB01,Eubacterium_R,QALS01,Eikenella,Marseille-P3106,NSJ-32,UBA1685,Clostridium_F,UBA5809,SFLA01,UBA866,CAG-1024,Alloscardovia,F0422,Veillonella,Clostridium_B,MGYG000002758,CAG-110,DUOT01,UMGS1004,Bacillus_J,VSOB01,Franconibacter,Gemmiger,OF09-33XD,RUG100,MGYG000004094,UBA7702,NK4A136,Massiliomicrobiota,MGYG000000286,Lachnoclostridium_B,UMGS1253,Vibrio,Romboutsia,Pauljensenia,UMGS263,CAG-710,MGYG000000346,WG-1,CAG-313,CAG-273,SFJ001,Fusobacterium_B,UMGS1338,Anaeroplasma,Succinivibrio,UBA738,UMGS1472,GCA-900066755,Streptococcus,Gemella,Bacillus_A,Sellimonas,UMGS1491,MGYG000000587,Lachnoclostridium_A,HGM04593,Mediterraneibacter,Gastranaerophilus,QAMM01,UBA1731,Victivallis,Cellulosilyticum,Escherichia
rep051_seed2076	Evtepia,UMGS1901,UBA1691,Paraeggerthella,UMGS1472,UMGS1225,CAG-510,UBA5920,Merdimonas,Acetivibrio_A,CAG-272,UMGS1293,Eubacterium_T,Anaerosacchariphilus,RUG14107,CAG-488,MGYG000002683,Terrisporobacter,Fusobacterium_A,Neobacillus,MGYG000004380,1XD42-69,HGM12814,CAG-145,An92,QANA01,Leuconostoc,Campylobacter_B,MGYG000004556,Weissella,UBA1409,CAG-533,Ruminococcus_E,Flavonifractor,Negativibacillus,UMGS2055,CAG-1024,UC5-1-2E3,Escherichia,F0422,CAG-313,DUOT01,Pseudoruminococcus,UBA10677,CAG-238,Johnsonella,UMGS1370,Peptoniphilus_E,Aeromonas,Moellerella,Pediococcus,MGYG000004604,Klebsiella_A,Erysipelatoclostridium,UBA4871,UMGS1815,Gordonibacter,RUG705,Amulumruptor,Anaerostipes,Scardovia,Schaedlerella,UBA3282,Zag1,UMGS1477,CAG-465,Phascolarctobacterium_A,MGYG000003855,MGYG000004177,UBA9475,HGM12650,QANG01,CAG-882,An181,HGM11521,Raoultibacter,RUG11198,Dialister,Harryflintia
rep052_seed2077	Raoultella,CAG-1024,MGYG000004850,UBA2883,Dysgonomonas,Rubneribacter,CAG-791,Lachnoclostridium,Niameybacter,UBA1691,Negativicoccus,UMGS973,Arabia,UMGS1397,Citrobacter_A,Coprobacter,Limosilactobacillus,Harryflintia,Christensenella,Ruminococcus_D,UMGS1591,Lancefieldella,Faecalibacillus,MGYG000004094,Barnesiella,UBA644,UMGS1781,Acetatifactor,Phocea,CAG-1000,Merdimonas,Bariatricus,Firm-07,UBA1206,CAG-762,Pantoea,UBA4334,SFGY01,UBA5905,SFVR01,Aneurinibacillus,Emergencia,UBA1375,UBA1417,Peptoniphilus_C,UMGS1537,UMGS75,CAG-475,HGM11386,Paraprevotella,RUG472,MGYG000000456,UMGS1858,UMGS1109,Gemella,Companilactobacillus,CAG-1031,Selenomonas_C,UMGS1387,UBA10281,Leuconostoc,MGYG000004874,QALW01,Bacillus_J,Salinicola,Victivallis,51-20,Duodenibacillus,Lentilactobacillus,CAG-411,Parabacteroides,CAG-831,Lawsonibacter,Marseille-P4683,CAG-873,NSJ-32,MGYG000002685,Eisenbergiella,Pseudoflavonifractor
rep053_seed2078	Phocea,UMGS946,UMGS1279,Enterobacter,SFEL01,Peptoniphilus_C,UBA1417,MGYG000003297,CAG-317,Oscillibacter,Phascolarctobacterium_A,Salinicola,SFFS01,Limosilactobacillus,Haemophilus_A,HGM11575,UBA4334,Latilactobacillus,UBA1786,HGM12814,CAG-1000,CAG-762,UMGS1865,Fusobacterium_A,UMGS902,MGYG000004874,UMGS1004,Morganella,UBA7057,Caproiciproducens,Duodenibacillus,MGYG000000425,Lachnoanaerobaculum,CAG-495,Marvinbryantia,UMGS1976,NSJ-62,Peptacetobacter,Butyrivibrio_A,UBA7748,Eubacterium_M,RUG11247,SFJ001,Senegalimassilia,MGYG000004604,KLE1615,GCA-900066495,Pseudoruminococcus,UMGS2037,UBA7102,Parasutterella,Eisenbergiella,UMGS1781,RF16,UMGS1880,WRGP01,UMGS1002,Phocaeicola,UMGS363,Slackia_A,HGM11588,UBA866,QALR01,Anaerotignum,UBA2856,Clostridium_P,Dorea_A,HGM12669,CAG-390,UMGS1795,Cellulosilyticum,UMGS1851,UBA11471,CAG-127,Zag111,MGYG000004229,Eubacterium_J,Anaerotruncus,Eubacterium
rep054_seed2079	Johnsonella,HGM11386,MGYG000000728,Cedecea,Sodaliphilus,Eubacterium_G,AM07-15,UMGS1865,Ruminococcus_G,Epilithonimonas,Porphyromonas_A,MGYG000003490,NSJ-61,UMGS973,UMGS124,MGYG000004172,Butyricimonas,Lactobacillus,CAG-45,Faecalicoccus,V9D3004,Arcanobacterium_A,UMGS1880,UMGS2037,CAG-56,RUG572,Peptoniphilus_C,Agathobaculum,Anaerofustis,Varibaculum,Latilactobacillus,UMGS1889,Fusicatenibacter,Faecalitalea,CAG-475,RUG131,Lawsonibacter,Coprococcus,UMGS1375,Oscillibacter,CAG-272,MGYG000004229,UBA5809,UBA1737,Bacteroides_F,D5,Selenomonas_A,Peptococcus,Ruminococcus_D,CAG-115,UBA9506,Exiguobacterium,CAG-632,UBA11517,UBA5446,Gemella,MGYG000002702,MGYG000004445,Criibacterium,UMGS1487,Companilactobacillus,CAG-448,QANA01,Selenomonas_C,Hydrogeniiclostridium,Phocaeicola,Robertmurraya,NK4A136,MGYG000004850,RUG420,Marseille-P4683,CAG-462,Parolsenella,Peptacetobacter,UBA1820,MGYG000000425,GCA-900066495,UMGS1663,Garciella
rep055_seed2080	MGYG000000674,Amulumruptor,UBA1731,Dysgonomonas,Clostridium_J,MGYG000002797,Longibaculum,CAG-1193,UMGS1933,SFVR01,UMGS2055,CAG-245,Anaerosporobacter,UBA1829,Ruminococcus_A,GCA-900066495,Clostridium_E,Enterococcus_D,UBA3402,RUG806,Ezakiella,Paraeggerthella,Hungatella,UMGS1253,UMGS1994,Dorea_B,QAMH01,UBA9506,Lentilactobacillus,UBA10677,Slackia_A,Intestinimonas,Pygmaiobacter,Pseudomonas,CAG-217,UMGS692,Weimerbacter,QANA01,Pseudescherichia,Finegoldia,CAG-145,Atlantibacter,Victivallis,Negativibacillus,Clostridium_A,Anaerotruncus,Anaerosacchariphilus,CAG-791,RUG705,Klebsiella_A,CAG-288,HGM11416,CAG-313,Gordonibacter,Enterococcus_B,JAAYBB01,RF16,OF09-33XD,UMGS1603,Anaeroplasma,UMGS1474,UMGS874,MGYG000004547,Coprobacter,UBA6382,Yokenella,Blautia_A,Escherichia,CAG-194,Fusobacterium_A,Absicoccus,Phocea,UBA644,Enterobacter_D,Enterococcus_G,Dysosmobacter,Lachnoclostridium_B,Flavonifractor,UMGS1279
rep056_seed2081	UBA7597,QALS01,Fusicatenibacter,SFVR01,Eubacterium_G,UMGS902,Harryflintia,UBA5920,MGYG000002758,RF16,MGYG000004171,CAG-533,UMGS1663,MGYG000003289,Alloscardovia,Olsenella_E,JAAYBB01,Caproiciproducens,Streptococcus,RUG410,HGM11530,Aggregatibacter,Ruminococcus_A,UBA1375,Corynebacterium,UMGS1375,Ruminococcus_E,UMGS1484,UBA10281,Anaerosporobacter,UMGS1766,CAG-510,SFMI01,Fusobacterium_C,Clostridium_A,CAG-313,Enterobacter_A,UMGS1477,CAG-274,NSJ-50,Gabonibacter,Caecibacter,Fournierella,UMGS1994,Paraclostridium,Psychrobacillus,UMGS680,UBA1409,DTU089,Firm-11,Flavonifractor,Ellagibacter,Mobiluncus,Treponema_D,CAG-314,CAG-302,Neobittarella,DUOT01,Anaeromassilibacillus,HGM12650,Leptotrichia,MGYG000004177,MGYG000002726,Prevotellamassilia,UBA5446,HGM12814,Phascolarctobacterium,Niameybacter,HGM11507,Yersinia,Parabacteroides,RUG115,UMGS1864,Lacticaseibacillus,SFJ001,UBA1394,HGM14224,CAG-488,Ruminococcus_G
rep057_seed2082	UBA11471,Clostridium_J,UMGS1766,Lactococcus,Bilophila,Merdibacter,Christensenella,Marvinbryantia,Salinicola,Fusicatenibacter,Acetatifactor,Oxalobacter,UMGS1472,Coprobacillus,Bariatricus,Parolsenella,Methanomassiliicoccus_A,UBA1777,Klebsiella_A,RQCD01,Duncaniella,UMGS1322,Gabonibacter,CAG-303,HGM12998,Terrisporobacter,Hydrogeniiclostridium,Massiliomicrobiota,Porphyromonas_A,HGM11327,UMGS1839,Hungatella,UMGS577,HGM11372,Paenibacillus_A,Citrobacter,MGYG000004443,UMGS1388,Extibacter,UMGS874,Bacilliculturomica,JAAYBB01,Massilimaliae,UMGS1781,UBA4855,UMGS1491,Epilithonimonas,UMGS1418,UMGS1572,D5,CAG-776,Clostridium_E,Lachnoclostridium,Clostridium_AQ,Tidjanibacter,Ellagibacter,Gemella,CAG-390,SFDB01,QAMM01,Anaeroglobus,Dorea_A,Eubacterium_T,Enterococcus,MGYG000003289,WG-1,Evtepia,CAG-917,CAG-411,SFGY01,Anaeromassilibacillus,MGYG000001903,UBA11940,MGYG000000745,CAG-582,F082,Lentilactobacillus,HGM11530,UMGS966
rep058_seed2083	Marvinbryantia,QAKS01,Lactococcus_A,UMGS1889,Eubacterium_F,UMGS1880,Ruthenibacterium,Catenibacterium,Veillonella,Providencia,MGYG000001953,UMGS1623,UBA6984,Gabonibacter,Enorma,MGYG000003289,Olsenella_B,CAG-56,UMGS1004,Paenibacillus_A,Oribacterium,RQCD01,RUG115,NSJ-50,Clostridium_J,UBA1820,Lacrimispora,HGM11368,SFFH01,MGYG000002683,UBA2821,UBA1181,Epilithonimonas,UMGS1388,Salinicola,HGM11507,Citrobacter,UBA5394,UMGS1976,CAG-533,Duodenibacillus,CAG-288,UBA940,Tidjanibacter,MGYG000003970,UBA11512,SFJ001,CAG-170,MGYG000000286,RUG472,UMGS973,Campylobacter,UMGS1663,HGM11530,Kallipyga,Cutibacterium,Negativicoccus,UMGS1696,Coprococcus,UBA7702,UBA11517,UMGS1537,KM106-2,Weissella,Alistipes_A,Massilistercora,Massilioclostridium,MGYG000002726,NSJ-63,UMGS75,Blautia,UMGS124,DTU089,UBA2856,Paraeggerthella,Ligilactobacillus,Senegalimassilia,Methanobrevibacter_A,UMGS1225
rep059_seed2084	MGYG000000574,CAG-460,UMGS1815,Phoenicibacter,BX12,CAG-917,Peptacetobacter,Oribacterium,Catenibacillus,NSJ-61,Firm-07,Duncaniella,Turicibacter,CAG-776,Massilioclostridium,MGYG000002696,MGYG000004229,Bariatricus,Robertmurraya,Johnsonella,UMGS2016,Massilicoli,Succinivibrio,RUG420,HGM11525,Longibaculum,Morganella,CAG-495,Harryflintia,Parolsenella,Pluralibacter,MGYG000004171,Merdimonas,Ruminococcus_D,Rubneribacter,Clostridium_P,MGYG000000390,CAG-884,AM07-15,CAG-145,UBA11774,UMGS416,Desulfovibrio,Bacteroides,Monoglobus,CAG-411,Clostridium_Q,RUG806,UMGS1518,RUG472,MGYG000003855,Mediterraneibacter_A,CAG-245,CAG-110,UMGS263,Frisingicoccus,UBA1740,CAG-877,Dysgonomonas,QAMM01,Butyricicoccus_A,Pseudomonas,UMGS929,Eggerthella,Lactobacillus,Holdemania,Salinicola,UBA6382,HGM04593,MGYG000004547,Haemophilus_A,Alloscardovia,Phil1,VUNI01,Romboutsia,CAG-273,Christensenella,MGYG000002575,MGYG000002758
rep060_seed2085	CAG-288,Treponema_D,Bifidobacterium,Clostridium_Q,Epilithonimonas,MGYG000000505,Paenibacillus,Anaerofustis,COE1,Massilimaliae,UMGS874,UMGS1783,UMGS1338,UMGS1472,CAG-274,Ruminococcus,Paenibacillus_A,CAG-217,Parvimonas,Bilophila,RUG131,UMGS172,NC2004,UMGS363,MGYG000003289,F23-B02,Pseudoflavonifractor,Anaerocolumna,Ruminococcus_E,Plesiomonas,Pseudoruminococcus,Pseudescherichia,Lachnoclostridium_B,HGM13862,Rothia,HGM11386,Arcanobacterium_A,UBA7160,MGYG000000350,Pygmaiobacter,CAG-791,MGYG000002726,Duncaniella,CAG-510,Faecalitalea,Dysgonomonas,HGM11372,MGYG000001871,HGM13222,Oribacterium,Agathobacter,Ruminiclostridium_E,UBA1375,UMGS1441,UMGS1933,Atlantibacter,UMGS1326,UMGS1312,UBA1820,UBA5905,Superficieibacter,Absicoccus,Parabacteroides,Lactococcus,UBA2882,MGYG000002696,43-108,Methanosphaera,CAG-449,Pseudobutyrivibrio,MGYG000004727,RUG100,Massilicoli,Lysinibacillus,Massilioclostridium,Enterococcus_C,Bittarella,CAG-557,Clostridium_F
rep061_seed2086	Clostridium_J,CAG-353,Pseudomonas_R,Kluyvera,UBA5884,MGYG000003945,QALW01,Alloprevotella,CAG-312,Phocaeicola,UMGS692,MGYG000004850,Acetatifactor,UMGS1839,Paramuribaculum,UMGS882,Butyricimonas,UBA1394,Megasphaera,Megamonas,Zag1,Acinetobacter,Providencia,Eisenbergiella,Massilicoli,Peptoniphilus_B,UMGS1865,Oribacterium,UMGS1810,Holdemania,Dialister,Azonexus,MGYG000002726,HGM13010,Hydrogeniiclostridium,CAG-45,UMGS1474,MGYG000001953,KLE1615,UBA7702,Veillonella,Akkermansia,Coprococcus_A,CAG-103,HGM11588,UBA7488,CAG-465,CAG-617,UMGS268,Corynebacterium,UMGS577,Gastranaerophilus,Gabonibacter,HGM12998,QAKS01,UBA11524,UMGS1591,UMGS1766,CAG-582,Amedibacterium,Enterobacter,Finegoldia,UMGS1880,DTU089,SFEL01,Kallipyga,CAG-314,RF16,CAG-273,Serratia,Aeromonas,UBA4334,UMGS731,HGM11575,Arcanobacterium_A,Coprobacter,43-108,Erysipelatoclostridium,Gemmiger
rep062_seed2087	UMGS1783,MGYG000003855,UMGS1375,Haemophilus,Atlantibacter,UBA940,Kluyvera,QALS01,UBA11774,UMGS995,CAG-632,WG-1,Mobiluncus,Butyricicoccus_A,Holdemanella,UBA945,Rothia,CAG-390,Enterococcus_A,UMGS1418,Superficieibacter,TM7x,Coprobacillus,Anaerostipes,CAG-841,Ruminococcus_A,QAMM01,UBA6345,Fusicatenibacter,RUG11198,UBA1375,CHH4-2,MGYG000002010,Lachnoclostridium_B,Hungatella,MGYG000004445,HGM12998,Anaerosacchariphilus,Clostridium_AP,Duncaniella,DTU089,NSJ-32,UMGS2055,CAG-1031,Leminorella,UMGS1293,Adlercreutzia,HGM11575,Senegalimassilia,UMGS1872,Cutibacterium,Morganella,Fannyhessea,Sellimonas,Eubacterium_T,Campylobacter,UMGS1002,Citrobacter_A,Frisingicoccus,CAG-485,Negativicoccus,Pluralibacter,CAG-492,MGYG000004094,HGM11523,Garciella,RUG023,Mailhella,COE1,CAG-557,UBA11452,CAG-238,Robertmurraya,Faecalitalea,Lacrimispora,Enterobacter_D,Absicoccus,Enterococcus_D,Slackia
rep063_seed2088	RC9,UBA1829,HGM13010,CAG-484,Eikenella,UBA1394,Salinicola,Extibacter,Bacteroides,Lachnoclostridium,UBA3631,MGYG000000350,CAG-353,Dielma,V9D3004,UMGS1491,Serratia,ER4,UMGS1388,Mediterraneibacter_A,Anaerofustis,Methanobrevibacter_A,Kluyvera,UMGS1241,QAKD01,RUG420,UBA5026,Ellagibacter,Holdemania,Phocaeicola,Christensenella,Firm-11,Anaerococcus,Eubacterium_R,Pradoshia,Anaerosporobacter,UMGS2016,UMGS1690,HGM11588,RUG13868,UBA1737,MGYG000004547,UMGS1820,Megamonas,MGYG000002726,UBA7102,HGM11372,51-20,MGYG000004112,UMGS966,HGM13233,UCG-010,OF09-33XD,Lawsonella,Dorea,UMGS1840,UBA11452,MGYG000004177,UBA940,CAG-1024,UMGS1387,Enterobacter,Faecalitalea,HGM12713,Parabacteroides,Ruminococcus_A,Monoglobus,RUG100,UMGS1901,GCA-900066495,Anaeroplasma,Sellimonas,Murdochiella,CAG-1031,Hungatella_A,CAG-349,UMGS1591,S5-A14a,UMGS1279
rep064_seed2089	UBA9502,UMGS1820,Eubacterium_I,Merdimonas,UMGS911,UMGS1370,SFHK01,Olsenella_B,CAG-452,Pygmaiobacter,UBA3282,CAG-485,CAG-127,Methanomassiliicoccus_A,Clostridium_AQ,RUG115,Succiniclasticum,CAG-1193,CAG-170,UBA3818,Fusobacterium,UBA945,Barnesiella,UMGS1572,CAG-521,An181,Bacillus_A,UMGS1611,NSJ-50,Kluyvera,51-20,HGM11616,Enterobacter_A,S5-A14a,Odoribacter,Turicimonas,UMGS1975,Dialister,CAG-475,Emergencia,Mailhella,CAG-710,Raoultella,Pseudobutyrivibrio,UBA7102,Pluralibacter,Eubacterium_F,RUG472,CAG-83,Eisenbergiella,UMGS1766,ER4,Dysgonomonas,UBA737,RUG131,Lactiplantibacillus,UBA1786,UMGS1490,Longicatena,UMGS1590,Adlercreutzia,RUG14107,HGM13222,UMGS731,Lachnoclostridium_B,Ruthenibacterium,RF16,MGYG000003289,Superficieibacter,CAG-594,UMGS1976,Bacteroides,UMGS1532,UMGS172,UBA4716,Clostridium_J,UMGS874,NSJ-63,Intestinimonas
rep065_seed2090	Cellulosilyticum,UC5-1-2E3,Dialister,UMGS692,RC9,CAG-312,CAG-196,CAG-83,MGYG000003289,MGYG000003297,CAG-884,Robinsoniella,Slackia_A,CAG-710,Massilicoli,CAG-882,HGM04593,CAG-390,MGYG000002010,Christensenella,HGM11588,WG-1,SFJ001,Dysosmobacter,NSJ-32,Pseudescherichia,UBA5809,MGYG000001953,Enterococcus_B,CAG-465,HGM11530,CAG-317,Gabonibacter,Sneathia,Succinivibrio,UBA3282,Alterileibacterium,Amulumruptor,MGYG000004229,Duodenibacillus,CAG-776,Terrisporobacter,ER4,UMGS1532,Enterococcus_A,Allisonella,CAG-452,RUG420,CAG-411,Mitsuokella,QAMX01,UBA4855,Epilithonimonas,RUG131,Paenibacillus,Coprococcus_A,Neobittarella,CAG-245,UMGS1976,Johnsonella,Alloscardovia,UMGS403,Anaerostipes,UBA2882,MGYG000003305,Azonexus,CAG-1427,PeH17,Vibrio,BX12,MGYG000002696,Barnesiella,Yokenella,Mixta,Evtepia,SFHK01,Eubacterium_J,WRGP01,Cutibacterium
rep066_seed2091	Brachyspira,Parvimonas,RUG410,UMGS1224,CAG-115,UMGS1840,VUNA01,Actinomyces,MGYG000004380,Alloprevotella,UMGS973,Arcanobacterium_A,CAG-272,Erysipelatoclostridium,SFDB01,DTU089,UMGS1591,ER4,Bruticola,Fusobacterium_A,Murdochiella,UMGS1872,CHH4-2,Providencia,Anaerobutyricum,Pluralibacter,UBA738,COE1,Sutterella,HGM12713,Cloacibacillus,UBA940,Allisonella,Plesiomonas,Clostridium_B,VUNI01,Pseudescherichia,Lactiplantibacillus,UMGS172,Bacilliculturomica,KM106-2,MGYG000002719,Frisingicoccus,UMGS416,Robinsoniella,UBA2883,CAG-273,CAG-354,UBA7185,UMGS1518,Mitsuokella,Longicatena,Mixta,MGYG000003855,CAG-964,QALR01,Hafnia,Mobilibacterium,RUG11200,GCA-900066755,UMGS946,GCA-900066495,Amedibacterium,HGM12814,UBA1206,Enterococcus_G,Extibacter,HGM11514,CAG-303,Criibacterium,UMGS1484,Succinatimonas,UBA4716,UCG-010,Lactobacillus,RUG100,MGYG000002575,Pauljensenia,MGYG000000587
rep067_seed2092	Adlercreutzia,Mobilibacterium,UMGS692,Coprococcus_A,MGYG000004811,UMGS1696,Pseudomonas_R,Proteus,Ezakiella,UBA9475,Bariatricus,CAG-314,CAG-177,Massiliomicrobiota,CAG-917,UBA6398,Prevotella,RUG13868,CAG-194,Pseudobutyrivibrio,UMGS1975,MGYG000001953,Olsenella_E,Yersinia,Romboutsia,Amulumruptor,Parolsenella,Leminorella,MGYG000003297,MGYG000003270,Corynebacterium,QALR01,UMGS911,Kallipyga,CAG-103,UMGS1591,MGYG000004604,MGYG000003305,F23-B02,MGYG000002726,UMGS1880,CAG-354,51-20,Terrisporobacter,UMGS1474,GCA-900066135,HGM12587,Bulleidia,ER4,UC5-1-2E3,UBA7702,JAAYBB01,KM106-2,UMGS1338,Clostridium_E,DTU089,RUG420,UMGS1388,Peptoniphilus_B,Weizmannia,Porphyromonas_A,UMGS1688,Paraprevotella,An92,CAG-831,Clostridium_F,CAG-349,HGM12650,Clostridium_AQ,WG-1,CAG-762,UBA1829,UBA1191,UBA4285,MGYG000002719,QANA01,Granulicatella,UMGS363,F0040
rep068_seed2093	UBA10281,Lactococcus_A,Paraeggerthella,UMGS946,Faecalicoccus,UMGS268,HGM13618,Turicimonas,Dysosmobacter,Paraprevotella,43-108,Lactobacillus,Senegalimassilia,Latilactobacillus,UBA2856,HGM11416,UMGS911,MGYG000000745,MGYG000002575,GCA-900066905,Clostridioides,Enteroscipio,Barnesiella,HGM11327,Caecibacter,UBA6398,Mediterraneibacter,Cetobacterium_A,MGYG000001903,Zag111,MGYG000000346,UMGS1901,CAG-449,HGM12669,Cronobacter,Acetatifactor,UBA4644,CAG-272,Duodenibacillus,CAG-492,Ruminococcus_G,Murdochiella,Eubacterium_J,UBA4855,Clostridium_AP,AM07-15,Amedibacterium,Lactonifactor,Anaeroglobus,CAG-288,MGYG000004112,Anaerobutyricum,Peptacetobacter,Pseudescherichia,Kosakonia,UMGS1397,Negativibacillus,HGM11588,Massilistercora,HGM13006,CAG-354,MGYG000002696,UBA1375,QALS01,Lawsonella,UMGS1633,UBA1711,UMGS577,MGYG000004133,Megasphaera,RUG14107,RUG420,MGYG000003970,UMGS1590,UBA11774,HGM12713,MGYG000004727,MGYG000000286,UMGS1690
rep069_seed2094	NSJ-50,CAG-41,Rothia,UMGS577,UMGS874,HGM11616,UMGS1293,RUG11200,MGYG000000346,Butyricicoccus_A,NC2004,43-108,CAG-353,QAKD01,Terrisporobacter,Klebsiella_A,CAG-485,SFFH01,CAG-180,Anaeromassilibacillus,CAG-317,UBA2882,F0040,UMGS1591,Haemophilus_D,Fusobacterium_A,Weimerbacter,MGYG000004133,UBA6984,MGYG000001903,CABIZH01,Massilimaliae,QALR01,UMGS1865,CAAHEQ01,Atlantibacter,Ruminococcus_C,Finegoldia,MGYG000003305,Lysinibacillus,UBA5884,CAG-313,JAAYBB01,CAG-1193,UMGS1975,UBA5026,Butyricicoccus,Oxalobacter,MGYG000000674,UMGS1477,QALW01,UBA6857,Oribacterium,HGM12957,NSJ-32,Varibaculum,CAG-603,GCA-900066905,Phil1,Fusobacterium,HGM11417,Murdochiella,MGYG000003970,MGYG000003855,Ruthenibacterium,HGM13222,UBA4855,Alloprevotella,Ralstonia,Eubacterium,Paenibacillus_A,UMGS1484,HGM12998,CAG-312,UMGS1071,Marseille-P3106,GCA-900066135,UBA636,Fournierella
rep070_seed2095	Streptococcus,MGYG000004727,HGM11416,Hydrogeniiclostridium,Faecalibacillus,Adlercreutzia,Anaerotignum,Methanomassiliicoccus_A,Schaedlerella,RUG115,Fournierella,Haemophilus,CAG-127,Bacillus_J,HGM12789,SFDB01,CAG-557,CAG-831,Alloprevotella,UMGS1253,Methanosphaera,Massilicoli,MGYG000003945,UBA738,MGYG000000728,MGYG000004660,NSJ-32,Ligilactobacillus,Ellagibacter,UBA1259,UBA4372,UMGS1572,Alistipes_A,Weimerbacter,Terrisporobacter,Eubacterium_T,Clostridium_X,Weizmannia,Firm-11,COE1,QANG01,Methanobrevibacter_A,MGYG000001953,UMGS1474,Pseudomonas,UBA4871,MGYG000003305,Gastranaerophilus,Sporanaerobacter,UBA1737,CAG-303,CAG-1031,UMGS1864,Aggregatibacter,UBA5809,MGYG000004133,Peptococcus,MGYG000004443,HGM11327,UMGS1241,Gabonibacter,Zag111,UBA1390,Exiguobacterium,UBA2821,Pluralibacter,Longibaculum,UMGS1623,43-108,An172,UMGS1312,Anaerosporobacter,Lachnoclostridium_A,GCA-900066135,MGYG000000745,MGYG000002685,Fusicatenibacter,Clostridium,MGYG000000587
rep071_seed2096	CAG-964,Agathobaculum,Lachnoanaerobaculum,MGYG000000587,Garciella,UMGS905,Senegalimassilia,Massilistercora,Bacillus_A,Clostridium,Eubacterium_G,Frisingicoccus,HGM13222,Mediterraneibacter_A,CAG-594,Firm-07,Lachnoclostridium_A,Intestinibacter,51-20,Tidjanibacter,MGYG000000346,Ruminococcus_F,MGYG000004811,Fusobacterium,HGM11523,AM07-15,Bruticola,UMGS911,Enterobacter_D,QALW01,Blautia_A,UBA5884,Porphyromonas_A,Aneurinibacillus,UBA10677,UMGS1611,RUG023,UMGS856,VUNI01,CAG-313,Intestinimonas,Clostridium_AP,UBA1829,UBA3631,HGM05232,CAG-411,Clostridium_B,UBA1777,Gabonibacter,UMGS1696,RUG11200,Pseudoruminococcus,UMGS1312,Bulleidia,Pseudomonas_R,UBA5026,Zag1,MGYG000000745,Murdochiella,Monoglobus,MGYG000004380,MGYG000004660,UMGS1251,QAKW01,UBA1786,UBA737,Franconibacter,Lawsonibacter,Pluralibacter,Paenibacillus_A,Oribacterium,RUG572,MGYG000004061,Dialister,Paraprevotella,UMGS1490,CAG-1193,MGYG000002010,MGYG000003855
rep072_seed2097	UBA1691,Muribaculum,HGM10836,CAG-484,Morganella,Nitratidesulfovibrio,Weimerbacter,UMGS874,NSJ-61,Scardovia,UBA1206,COE1,MGYG000000728,MGYG000002010,Escherichia,CAG-917,Butyrivibrio_A,Cetobacterium_A,Brachyspira,Gemella,UMGS2055,Bulleidia,UBA1740,UBA5920,Megasphaera,Sellimonas,UMGS973,UBA644,Mitsuokella,Plesiomonas,MGYG000004029,RUG13868,HGM12713,HGM11368,UMGS2016,CAG-103,SFDP01,RUG705,UMGS1603,Anaerococcus,CAG-1193,Hungatella_A,Clostridium_X,RUG572,F0040,CAG-272,Aeromonas,UMGS1668,OF09-33XD,Exiguobacterium,AM51-8,UBA6382,CAG-632,UMGS1384,Butyricimonas,Kallipyga,Peptoniphilus_A,CAG-127,QAMX01,Fusicatenibacter,CAG-603,Bacillus_A,Firm-07,SFEL01,HGM11416,Dorea_A,UBA5884,Neobittarella,UBA1731,Lachnoanaerobaculum,Cronobacter,Agathobaculum,HGM11525,Weissella,QANG01,UMGS268,Eggerthella,Lentilactobacillus,CAG-303
rep073_seed2098	MGYG000004380,UMGS1326,Catenibacillus,Yokenella,Hafnia,Succinivibrio,CAG-180,UBA11512,Stoquefichus,MGYG000004727,UMGS1872,Mesosutterella,Morganella,CAG-632,RUG472,UMGS263,Ruminiclostridium_E,Lachnoclostridium_B,HGM13634,CAG-465,Eikenella,CAG-170,CAG-488,Clostridium_F,Ruminococcus_C,UMGS1839,MGYG000004177,Epilithonimonas,UBA1691,UMGS731,UMGS1071,Phocaeicola,CAG-417,Pygmaiobacter,UBA737,Bruticola,Parasutterella,Cronobacter,BX12,UMGS1518,An181,UBA1375,Peptoniphilus_B,CAG-127,Kosakonia,MGYG000000674,Arabia,CAG-724,MGYG000000346,UMGS1668,Butyrivibrio_A,Lactonifactor,Rubneribacter,UBA5394,UBA6382,UBA2856,Sporanaerobacter,Finegoldia,Prevotellamassilia,HGM13222,NSJ-32,Parvimonas,HGM11507,Acidaminococcus,Lentilactobacillus,NC2004,Eubacterium_I,UBA636,UMGS1490,Enterobacter_D,Ruminococcus_E,VSOB01,UMGS1312,Oscillibacter,CAG-831,UBA945,Allisonella,UBA4644,43-108
rep074_seed2099	UBA7185,Lysinibacillus,HGM13010,Mixta,UMGS1688,Limosilactobacillus,Schaedlerella,Acidovorax,UBA1786,Citrobacter,Pyramidobacter,UMGS1241,Agathobaculum,AM51-8,RUG115,UBA9414,Pseudescherichia,TF01-11,CAG-873,MGYG000004556,F0040,SCN-57-10,MGYG000004443,CAG-793,Pseudoflavonifractor,Amulumruptor,CAG-451,UMGS1591,Weissella,CAG-841,UBA11452,Borkfalkia,ER4,Hafnia,Eubacterium_G,Lawsonibacter,UMGS680,CAG-628,UMGS1388,Intestinimonas,UMGS1781,UBA1390,SFMI01,UBA3766,HGM12669,Gemella,Odoribacter,MGYG000004850,Murimonas,Muricomes,Duncaniella,UBA4372,Megasphaera,CAG-448,MGYG000004874,Peptoniphilus_B,Anaerosacchariphilus,Citrobacter_A,Anaerococcus,Parasutterella,UBA6857,HGM13222,Ruminococcus_A,Marvinbryantia,UMGS1397,CAG-449,HGM11386,HGM10836,Parolsenella,Anaerotignum,HGM13006,MGYG000004547,Duodenibacillus,Ruthenibacterium,Massilimaliae,UMGS966,Paraeggerthella,Fusobacterium_C,MGYG000003855
rep075_seed2100	UMGS1864,Fusobacterium,Victivallis,Blautia_A,Frisingicoccus,GCA-900066905,Harryflintia,Adlercreutzia,HGM12587,Nitratidesulfovibrio,Bacteroides_F,Rubneribacter,DUOT01,Lancefieldella,MGYG000003855,CAG-317,OF09-33XD,Olsenella,43-108,Peptostreptococcus,Chimaeribacter,UMGS577,GCA-900066755,CAG-390,CAG-762,KM106-2,Parolsenella,MGYG000002683,SFFS01,UMGS1901,Ralstonia,Aneurinibacillus,Parvimonas,UMGS1307,UMGS1865,Mediterraneibacter_A,Phocaeicola,Actinomyces,Pseudomonas_R,UMGS268,UMGS1603,CAG-831,Senegalimassilia,Varibaculum,Fenollaria,An92,Pantoea,UMGS692,UBA1777,TWA4,Fournierella,Bruticola,RUG472,CAG-917,CAG-628,Faecalimonas,Enterobacter,Desulfovibrio,Faecalibacterium,Anaerosporobacter,HGM12789,UBA9502,MGYG000002216,Muricomes,Stomatobaculum,MGYG000004112,Superficieibacter,Holdemanella,CAG-196,Peptoniphilus_E,UBA10677,CAG-510,MGYG000004094,Bulleidia,CAG-245,UMGS1611,Garciella,Butyricicoccus,MGYG000004556
rep076_seed2101	Bacillus_A,Flavonifractor,HGM12957,UMGS2016,Holdemania,UBA11524,Oribacterium,Holdemanella,Peptacetobacter,Fenollaria,Paraeggerthella,Bacillus_J,QANG01,MGYG000002010,Enterococcus_C,MGYG000003297,Pyramidobacter,UBA5920,HGM11372,Staphylococcus,VUNA01,Ruminococcus_B,UMGS1633,Prevotella,GCA-900066135,UBA7488,UMGS1975,UMGS1251,Chimaeribacter,HGM12789,Cronobacter,Hungatella,UMGS1224,F0040,Nitratidesulfovibrio,UMGS1491,Neobacillus,SFFH01,UMGS995,HGM11514,Haemophilus,CABIZH01,Pluralibacter,UMGS1487,Citrobacter_B,Anaerofustis,Fusobacterium_B,UBA1822,CAG-81,UMGS1600,Ralstonia,HGM11588,Caproiciproducens,CAG-617,MGYG000000390,Exiguobacterium,SFVR01,Methanosphaera,Eubacterium_R,UMGS946,CAG-884,CAG-269,Olsenella_B,Ruminococcus_G,UBA5809,CAG-877,Zag1,Limosilactobacillus,CAG-582,Phascolarctobacterium,UMGS577,UMGS1322,CAG-110,CAG-488,Monoglobus,UMGS902,Leptotrichia,QAMH01,Oscillibacter
rep077_seed2102	Butyricimonas,SFTJ01,Clostridium,Phascolarctobacterium,CAG-841,Clostridium_N,Lactonifactor,S5-A14a,UBA6398,UBA1206,UMGS1384,CAG-762,CACZQA01,RUG023,Weizmannia,Ruminococcus_C,Fenollaria,Anaeroplasma,CAG-411,Anaerosporobacter,UBA636,NK3B98,An181,UMGS1611,Anaeromassilibacillus,Massilimaliae,UMGS1840,UBA4372,CAG-1193,Desulfovibrio,UMGS1477,Sellimonas,Massilioclostridium,Odoribacter,Arabia,HGM11523,UBA11517,UBA5809,SFDP01,Eubacterium_R,Paenibacillus_A,Leclercia,Fusobacterium_C,SFVR01,Agathobaculum,Senegalimassilia,Anaerococcus,MGYG000002696,MGYG000004171,Allisonella,UBA3282,Schaedlerella,Acinetobacter,Mesosutterella,UBA3402,Eubacterium_M,MGYG000000425,SCN-57-10,HGM11507,MGYG000000674,MGYG000003945,Roseburia,UBA7488,Phytobacter,MGYG000002010,UBA5905,UMGS1688,UMGS1537,MGYG000004850,Serratia,UMGS874,Raoultibacter,UMGS124,UMGS1484,UBA6984,Aeromonas,Enterobacter,HGM04593,Rikenella
rep078_seed2103	Paraclostridium,MGYG000004127,Phocaeicola,UMGS1826,Bacillus_A,UMGS1781,UBA4334,Parvimonas,Bacilliculturomica,UBA737,HGM13634,CACZQA01,MGYG000002010,COE1,UMGS1518,Butyrivibrio_A,Romboutsia,UBA9506,CAG-1024,NK4A136,Lacticaseibacillus,Succinivibrio,UBA1390,Methanobrevibacter_A,QANG01,Enterococcus_D,UMGS1387,UBA3766,Adlercreutzia,Eisenbergiella,Marseille-P4683,Mediterraneibacter,Clostridium_F,Ruminococcus_D,MGYG000002797,UMGS1840,CAG-1193,Lachnoclostridium_B,Enterococcus_C,Escherichia,UMGS1783,Cloacibacillus,Veillonella_A,Schaedlerella,CAG-314,CAG-488,Gabonibacter,Oscillibacter,Leptotrichia,NSJ-50,Clostridium_X,CAG-877,Brachyspira,Klebsiella_A,Cronobacter,MGYG000002683,UBA4285,MGYG000004811,MGYG000004061,UBA2856,UMGS856,Fusobacterium_A,Azonexus,Phil1,Dorea,Treponema_D,Faecalibacillus,Extibacter,Bifidobacterium,Olsenella,Hungatella_A,CHH4-2,Massilistercora,Klebsiella,UMGS1623,UBA1711,HGM10836,UMGS1487,KM106-2
rep079_seed2104	Veillonella,QANG01,Bacillus_A,Barnesiella,UMGS1633,MGYG000004660,Peptostreptococcus,Mitsuokella,Alloscardovia,Ruthenibacterium,Aeromonas,HGM11501,An172,MGYG000004556,RUG472,OM05-12,UMGS1851,Butyricicoccus,Parabacteroides,Zag1,Marseille-P4683,Lactococcus,MGYG000004811,UBA7702,UMGS363,Bacteroides_F,Limosilactobacillus,MGYG000000350,Enterococcus_B,Salmonella,SFHK01,Lachnoclostridium_B,Lawsonella,UMGS1826,UMGS1820,TF01-11,Sellimonas,HGM11417,UMGS905,MGYG000000505,Sporanaerobacter,MGYG000000674,Catenibacterium,UMGS1384,UBA5809,Catenibacillus,SFGY01,UMGS268,CAG-882,Staphylococcus,MGYG000000425,Emergencia,UBA3263,AM51-8,UBA4372,Chimaeribacter,UMGS1241,Erysipelatoclostridium,Oxalobacter,Phascolarctobacterium,NSJ-62,SFDB01,QANA01,UMGS1795,Neobacillus,UBA3766,HGM04593,Olsenella_B,Lactonifactor,HGM13010,Acetivibrio_A,UBA7160,CAG-115,MGYG000004547,UBA11774,Lachnoclostridium_A,Dialister,UMGS1293,Rothia
rep080_seed2105	Fusobacterium_A,Lachnoclostridium_A,MGYG000004029,Mediterraneibacter,SFEL01,UMGS1307,UMGS1623,UMGS1540,Hafnia,MGYG000004547,Arcanobacterium_A,Enteroscipio,UMGS416,HGM11327,MGYG000002216,Plesiomonas,MGYG000003490,NC2004,51-20,Bilophila,Clostridium,Massilicoli,CAG-115,Methanomassiliicoccus_A,CAG-451,UBA940,Faecalicoccus,SFHK01,UBA7702,Succinivibrio,CAG-83,UBA644,HGM13618,Bittarella,UMGS2016,Lacrimispora,UBA11940,Varibaculum,Cedecea,Massilimaliae,CAG-873,Alistipes_A,CAG-488,Neobittarella,OM05-12,Muricomes,RUG410,Bacillus_A,QAMH01,Edwardsiella,Phascolarctobacterium,HGM12669,UMGS1418,CAG-495,UBA9414,UMGS268,F0040,Borkfalkia,Aeromonas,Eggerthella,An181,CAG-313,Butyricicoccus,Ruminococcus_D,CAG-95,MGYG000002075,UBA5416,VSOB01,Lachnoanaerobaculum,HGM11525,Duncaniella,UBA6857,RUG14107,UMGS1370,UMGS929,RUG13868,UMGS1889,UBA4855,Faecalitalea
rep081_seed2106	Anaerotruncus,CAG-115,Marseille-P3106,HGM10836,MGYG000002758,UBA9506,Sodaliphilus,Kosakonia,V9D3004,Fusobacterium_C,UMGS1532,RC9,Holdemanella,GCA-900066135,PeH17,Lagierella,HGM11521,Extibacter,Eubacterium,Amedibacillus,UMGS1224,UMGS1490,UBA1752,UBA1409,Kluyvera,Clostridium_A,Latilactobacillus,Treponema_D,MGYG000000387,HGM11368,HGM11525,Arcanobacterium_A,UBA1737,UMGS1225,UCG-010,UMGS856,Succiniclasticum,Pseudoruminococcus,UMGS946,QANA01,UMGS1293,Turicimonas,SFFH01,CAG-390,DTU089,Eubacterium_M,CAG-314,Leuconostoc,NSJ-38,An172,Escherichia,VUNI01,Clostridium_N,QAKD01,UMGS1418,HGM11327,Robertmurraya,UBA866,MGYG000004112,Porphyromonas_A,MGYG000003490,MGYG000004171,UMGS1690,Slackia_A,CAG-451,UBA738,SFVR01,TF01-11,QAMX01,MGYG000002010,Acetivibrio_A,Firm-10,Lactococcus_A,Anaeroglobus,UMGS1388,CAG-822,UBA10281,HGM11514,MGYG000003970
rep082_seed2107	OF09-33XD,UMGS1880,UBA2883,UMGS1251,MGYG000004547,HGM13006,Rahnella,Catenibacillus,Acutalibacter,CAG-314,Muribaculum,MGYG000000387,CAG-521,UMGS1487,Haemophilus_D,Merdimonas,CAG-303,UMGS1783,QAMH01,Dialister,CAG-390,Coprococcus_A,HGM10836,GCA-900066755,SFJ001,Superficieibacter,Clostridium_Q,MGYG000001871,Oribacterium,Cedecea,QAMM01,CAG-617,Marseille-P4683,MGYG000004171,UBA1777,UBA4372,Leuconostoc,CAG-45,Campylobacter_A,UMGS1901,UMGS1600,GCA-900066135,CAG-41,Extibacter,UBA738,Acetivibrio_A,RQCD01,Varibaculum,Longicatena,Parabacteroides,UBA1259,CAG-594,UBA3818,F082,Megasphaera,Salinicola,HGM12669,UMGS882,MGYG000004445,Butyricimonas,MGYG000002797,UMGS1851,Fannyhessea,MGYG000000674,Bacteroides,Acidovorax,Faecalibacterium,UMGS995,CAAEEV01,Bacteroides_F,UMGS1474,CAG-603,Pseudoflavonifractor,UMGS1052,UMGS577,MGYG000002719,Lactococcus_A,CAG-465,JAAYBB01
rep083_seed2108	UMGS1820,UMGS995,HGM11521,UBA5809,RC9,Anaeromassilibacillus,Arabia,UBA7185,Stenotrophomonas,Lactiplantibacillus,Anaerocolumna,Clostridium,NK4A136,HGM05232,Paraeggerthella,HGM12669,Rubneribacter,CAG-590,MGYG000003305,HGM13862,CAG-269,NSJ-32,Haemophilus_D,QALR01,MGYG000003855,Eubacterium_J,UMGS1865,CAG-449,UBA1822,UMGS1840,Sporanaerobacter,CAG-81,UMGS1387,MGYG000004727,Fusicatenibacter,UBA1390,HGM12587,Agathobacter,CAG-628,Sneathia,MGYG000002216,Actinobaculum,Mobilibacterium,Anaerotruncus,Ellagibacter,CAG-279,UMGS1600,Alistipes_A,QANA01,RUG11247,MGYG000003490,UMGS172,UBA6857,MGYG000000456,Alterileibacterium,UBA11512,Duncaniella,Prevotella,Mailhella,CAG-56,UMGS1487,Enterocloster,Anaerococcus,QAKW01,MGYG000002758,SFDP01,CAG-465,Gemmiger,HGM11788,UMGS2016,UBA7597,CABIZH01,Faecalibacillus,UBA10281,CAG-312,UBA4644,RUG14107,UMGS1388,MGYG000001903
rep084_seed2109	Lentilactobacillus,Cedecea,Eubacterium_T,HGM11327,HGM12669,Phascolarctobacterium_A,Longibaculum,MGYG000004874,MGYG000000674,UMGS1901,MGYG000002726,Turicibacter,MGYG000004171,UMGS1225,Lagierella,UMGS946,Paenibacillus,Anaerofustis,UMGS1864,UMGS1613,UBA4871,UMGS1815,Peptococcus,Faecalibacillus,Eubacterium_G,UBA3388,CAG-603,HGM12789,Hungatella,CAG-110,CAG-314,Agathobacter,MGYG000003490,Anaeroplasma,Criibacterium,UBA3263,MGYG000004445,Butyricicoccus,HGM11417,Scardovia,Evtepia,CAG-127,Oscillibacter,TM7x,CAG-1031,Stenotrophomonas,HGM11507,Neobacillus,Kosakonia,CAG-882,UMGS1633,UMGS1370,Zag111,WRGP01,RQCD01,UBA3631,AF33-28,UBA1685,QAKD01,UMGS856,Morganella,Enterobacter_A,CAG-417,Escherichia,F0422,Bacteroides,VUNA01,DUOT01,Ruthenibacterium,Coprococcus,Firm-11,TF01-11,OM05-12,RUG023,UBA7102,Ruminococcus_C,MGYG000000505,UMGS1109,UMGS75
rep085_seed2110	UMGS929,UMGS1532,Peptoniphilus_C,Vibrio,Arabia,Romboutsia,Anaeromassilibacillus,Citrobacter_A,MGYG000000456,TWA4,Acetivibrio_A,Firm-07,MGYG000004380,MGYG000000390,Fusobacterium_B,Raoultella,UMGS1783,Muricomes,RF16,Hungatella_A,Varibaculum,CAG-303,Paraeggerthella,Pseudomonas_R,KLE1615,MGYG000002797,Lactococcus,Barnesiella,UMGS1224,UMGS1880,UMGS1241,Weimerbacter,UBA1232,PeH17,HGM11417,UMGS1633,Bacillus_A,Pseudoflavonifractor,UBA7182,Aeromonas,Clostridium_N,Lacticaseibacillus,Exiguobacterium,Butyricicoccus,Phascolarctobacterium,Coprobacter,MGYG000003305,Pseudobutyrivibrio,UMGS1307,Clostridium_F,HGM13862,UBA4855,MGYG000000728,UBA1829,Pseudomonas_E,UBA3282,Peptacetobacter,UBA636,Peptoniphilus_E,HGM11372,UMGS905,CAG-417,MGYG000004171,Stomatobaculum,UBA5809,CAG-475,QAMM01,CAG-177,Parolsenella,Lachnospira,Raoultibacter,UBA2821,UMGS1975,UMGS1815,RUG131,Beduini,Edwardsiella,Cellulosilyticum,Muribaculum
rep086_seed2111	SFTJ01,QALR01,Merdibacter,MGYG000000745,Anaerofustis,Murimonas,UBA9502,Cellulosilyticum,Enteroscipio,Anaerocolumna,CAG-510,1XD42-69,UBA3766,UMGS1540,UMGS1781,Collinsella,UMGS680,UMGS1839,Duncaniella,UBA1685,Amulumruptor,Pauljensenia,UMGS1375,UMGS1601,UBA4871,UBA7057,Citrobacter_A,MGYG000000574,Enterococcus_G,Enorma,Lactococcus,Rahnella,Clostridium_AQ,SFMI01,RC9,Succiniclasticum,UMGS1858,RQCD01,Cloacibacillus,Eubacterium,UBA6345,MGYG000003305,Fusicatenibacter,Leuconostoc,Oxalobacter,Faecalibacterium,HGM12998,HGM04593,UBA5809,Phil1,Pygmaiobacter,CAG-103,UMGS1338,MGYG000001953,TF01-11,Limosilactobacillus,Ruminococcus_A,Pseudobutyrivibrio,UBA9475,HGM11588,HGM11327,UBA1206,SFJ001,UMGS1613,Extibacter,CAG-884,CAG-411,CAG-462,Edwardsiella,Stoquefichus,CAG-110,Longicatena,Megasphaera,Fusobacterium_B,NSJ-61,NC2004,UBA5026,Massilistercora,Gemmiger
rep087_seed2112	Merdibacter,Bifidobacterium,MGYG000003970,Lawsonibacter,Borkfalkia,UBA9475,NK3B98,Muribaculum,Morganella,Intestinimonas,Firm-10,CAG-485,Companilactobacillus,Veillonella_A,Alterileibacterium,CABIZH01,Firm-07,Phocea,SFDB01,Extibacter,NSJ-63,CAG-710,UMGS1540,Cedecea,CAG-1000,UMGS1613,Moellerella,Pluralibacter,SCN-57-10,HGM05232,UMGS1225,Enterobacter_D,CAG-590,UMGS2055,CAG-628,Peptococcus,QALW01,HGM11525,RUG11247,Harryflintia,Allisonella,Hungatella,UBA4716,UBA1820,MGYG000000574,Epilithonimonas,Azonexus,Criibacterium,Bilophila,Acetatifactor,UBA3388,GCA-900066755,MGYG000000286,UMGS1975,CACZQA01,Escherichia,UMGS1600,Campylobacter_B,CAG-762,NSJ-61,Clostridium_N,UBA3631,UBA866,HGM11386,Phytobacter,UBA1181,Butyricicoccus,CAG-115,Bruticola,MGYG000003305,UMGS874,UBA5920,CAG-245,Paraprevotella,UMGS1484,UBA6382,CAG-877,Stoquefichus,UMGS1474
rep088_seed2113	Cellulosilyticum,CAG-417,Oxalobacter,UMGS1820,Limosilactobacillus,UCG-010,UMGS1241,Bulleidia,MGYG000002683,CAG-1000,UMGS966,Lawsonella,Rahnella,UMGS1307,UMGS680,UMGS1975,Holdemania,UBA1390,Azonexus,Neisseria,Longibaculum,Ruthenibacterium,WRGP01,Parolsenella,UBA11471,UBA2882,UBA3818,MGYG000002696,Cutibacterium,UBA7702,Emergencia,Clostridium_J,Morganella,SFDP01,Sutterella,RUG705,Clostridioides,Lachnospira,UMGS1766,Pluralibacter,MGYG000004874,Peptostreptococcus,Enterobacter_A,MGYG000002010,Pediococcus,CAG-273,CAG-873,CHH4-2,Turicimonas,Odoribacter,Gemmiger,Pseudescherichia,UBA3631,UMGS882,UBA7160,UBA3263,Sporanaerobacter,HGM11788,MGYG000003305,Anaerostipes,Robertmurraya,MGYG000004112,Turicibacter,RUG100,HGM12814,Marvinbryantia,Zag111,Muribaculum,UMGS1375,Rubneribacter,Eisenbergiella,UBA7173,UMGS1384,CAG-1427,SFFH01,Catenibacterium,Intestinimonas,UMGS363,Faecalibacterium
rep089_seed2114	NSJ-62,Escherichia,Lentilactobacillus,Plesiomonas,Peptoniphilus_B,Caproiciproducens,Extibacter,Lacticaseibacillus,UMGS1477,UMGS1600,Clostridium_P,Companilactobacillus,HGM11514,Allisonella,UMGS1975,Evtepia,MGYG000002696,QANA01,NSJ-61,UBA11512,HGM10836,UBA3818,Prevotellamassilia,Enorma,Stoquefichus,MGYG000002010,RF16,RUG131,UMGS172,UMGS1312,UBA3766,Pluralibacter,An181,Ralstonia,CABIZH01,Intestinimonas,Chimaeribacter,Megasphaera,Borkfalkia,UBA1711,UBA3631,Succinivibrio,NSJ-32,UBA1232,UMGS1663,Sellimonas,Dysosmobacter,UBA5809,UBA9414,UMGS1668,CAG-582,UMGS1002,CAG-312,Lactonifactor,Peptacetobacter,Eubacterium_I,Anaerosalibacter,QALW01,Parasutterella,UMGS416,Cetobacterium_A,Eubacterium_F,SFFS01,Holdemanella,HGM11521,Methanomassiliicoccus_A,UMGS1071,UBA1822,UBA1829,OM05-12,Bittarella,Barnesiella,UBA3263,Veillonella_A,Dielma,UMGS902,Slackia,CAG-831,Citrobacter
rep090_seed2115	UMGS1889,MGYG000004172,Borkfalkia,CAG-495,Pseudescherichia,Gastranaerophilus,Longicatena,UMGS1590,NSJ-38,Limosilactobacillus,CAG-877,UMGS1840,UBA11452,Massiliomicrobiota,Dysgonomonas,UMGS1865,VUNI01,UBA7182,Merdimonas,Lactococcus,UMGS1487,Succiniclasticum,Niameybacter,MGYG000000587,MGYG000002575,CAG-1000,Caecibacter,CAAHEQ01,Cloacibacillus,VSOB01,Enterococcus_A,MGYG000003289,UMGS966,RUG472,Akkermansia,Lachnospira,UMGS1477,Duodenibacillus,RUG705,HGM12957,HGM11575,UMGS680,Bifidobacterium,UBA1191,Enorma,Porphyromonas,Slackia,V9D3004,HGM11501,CAG-390,UMGS1883,F082,HGM10836,UBA3766,WG-1,UMGS902,Marseille-P4683,UMGS929,UMGS1901,Epilithonimonas,UBA3282,Oribacterium,RUG100,Phil1,RUG12045,S5-A14a,Paraeggerthella,AF33-28,HGM11521,MGYG000000378,Agathobacter,Clostridium_E,Veillonella_A,UBA5920,Moellerella,Parolsenella,Lachnoclostridium_A,Cellulosilyticum,MGYG000004229
rep091_seed2116	Klebsiella_A,MGYG000004850,Pseudomonas,Prevotellamassilia,UMGS1889,Garciella,MGYG000001903,Amedibacillus,Ruminococcus_C,TF01-11,UMGS1387,D5,CAG-1193,Rikenella,UBA11517,Faecalicoccus,Barnesiella,UBA11524,UMGS856,Companilactobacillus,Rubneribacter,UBA6984,UBA1685,CAG-1024,CAG-873,SFFS01,Dialister,RF16,Varibaculum,Fusobacterium_C,UMGS1590,Anaerobutyricum,RUG13868,SFDP01,Succiniclasticum,Alterileibacterium,RUG115,RQCD01,UMGS966,Eikenella,QALR01,MGYG000000286,CAG-877,Phoenicibacter,UBA4716,Moellerella,Clostridium_F,CAG-279,UMGS124,Enterococcus,UMGS1307,Eisenbergiella,CAG-417,UMGS874,Bacillus_A,Nitratidesulfovibrio,Marseille-P3106,MGYG000004547,UBA2856,Acetatifactor,Pantoea,UBA11940,Slackia_A,UMGS1851,Lentilactobacillus,UBA2882,CAG-115,Aeromonas,CAG-194,Azonexus,Pluralibacter,RUG572,QAMH01,UMGS882,UBA7057,HGM13233,MGYG000002053,Agathobacter,MGYG000002702
rep092_seed2117	CAG-452,UBA1206,Peptococcus,Bifidobacterium,Tidjanibacter,Hydrogeniiclostridium,UMGS1491,Marseille-P4683,HGM12650,CAG-594,UMGS680,UMGS1994,Faecalitalea,NSJ-38,UMGS2055,UMGS902,CAG-495,CAG-475,Niameybacter,Holdemania,QAKD01,UMGS268,UBA1829,Phytobacter,SFJ001,Lawsonella,Selenomonas_C,Pseudomonas_E,Faecalibacterium,Hafnia,Enterobacter_A,Enterobacter,HGM11368,UBA2856,UBA1417,UMGS874,CAG-448,UBA11517,UMGS1002,HGM12587,Gemmiger,Clostridium_J,Desulfovibrio,Granulicatella,UMGS1781,QAMX01,Gordonibacter,UBA3818,DUOT01,CAG-628,Alloscardovia,AM51-8,Ruminiclostridium_E,CAG-1031,CAG-273,HGM13862,Caecibacter,Chimaeribacter,HGM12957,Kluyvera,MGYG000004380,Clostridium_F,Acutalibacter,Fusicatenibacter,UBA9502,Ruminococcus_F,Fournierella,Olsenella_E,UBA1822,UMGS1975,HGM13233,Vibrio,Ellagibacter,UMGS1540,Kallipyga,SFDB01,SFHK01,Lactobacillus,Christensenella
rep093_seed2118	CAG-462,UBA1777,UBA5809,Olsenella,GCA-900066755,CAG-1427,Dielma,Phascolarctobacterium,MGYG000004172,Weimerbacter,CAG-1000,Peptoniphilus_E,CAG-510,Clostridium_AQ,CAG-238,UBA5920,AM07-15,UBA9414,Alloprevotella,Enterobacter_A,MGYG000000346,KM106-2,UMGS1370,HGM11372,UBA1711,Paenibacillus_A,Zag111,Methanosphaera,UMGS2055,AF33-28,Acidovorax,HGM11417,Eubacterium_M,An92,Sodaliphilus,Pluralibacter,HGM11416,QAKS01,Marseille-P3106,Merdibacter,Neobacillus,UMGS1670,UMGS856,Eubacterium_T,UMGS172,Eubacterium,CAG-628,Peptococcus,Kluyvera,UBA1181,MGYG000000286,RQCD01,Haemophilus,Phil1,Pyramidobacter,UMGS1388,Dysgonomonas,UMGS599,UBA737,Fusobacterium,F0422,Eubacterium_G,Lachnoanaerobaculum,Actinomyces,UMGS1668,NK4A136,Lentilactobacillus,Acetivibrio_A,RUG131,UMGS1241,UBA7102,Fannyhessea,Enteroscipio,Anaeroglobus,Cutibacterium,Bulleidia,UMGS1004,HGM10836,Massiliomicrobiota
rep094_seed2119	HGM11507,Escherichia,UMGS1484,MGYG000003490,UBA7057,Lentilactobacillus,Campylobacter_B,Acinetobacter,Plesiomonas,CAG-628,Leminorella,BX12,NK4A136,UMGS1397,Pseudoflavonifractor,UMGS1670,MGYG000000587,CAG-791,UBA1740,UMGS1933,Dysosmobacter,CAG-1193,Firm-10,Pseudomonas_R,Romboutsia,Negativibacillus,HGM11327,Marseille-P4683,Massilioclostridium,MGYG000003289,CAAEEV01,MGYG000000425,Porphyromonas_A,UMGS1225,Faecalibacillus,Amedibacterium,Companilactobacillus,Clostridium_Q,CAG-302,UBA5394,Kosakonia,Acetivibrio_A,Clostridium_P,MGYG000004547,UMGS1004,CAG-465,UMGS1826,UMGS680,Eubacterium_R,CAG-557,F0422,Bacillus_A,Enterobacter_D,Sporanaerobacter,Evtepia,Caecibacter,UMGS1840,RUG705,UBA5920,Citrobacter_B,Anaerosalibacter,Roseburia,Mitsuokella,SFJ001,Duncaniella,Aeromonas,MGYG000000674,MGYG000002575,Turicibacter,Enterococcus_A,Ruminococcus_A,Bacteroides,AF33-28,JAAYBB01,Sneathia,SFTJ01,Bifidobacterium,Actinobaculum,Clostridium_N
rep095_seed2120	Veillonella_A,UBA3263,UBA1375,Eikenella,Anaerotruncus,HGM13618,UMGS1370,Niameybacter,UMGS1633,Roseburia,Butyrivibrio_A,Phil1,Streptococcus,Amedibacillus,Yersinia,UMGS905,Sellimonas,COE1,Pseudomonas_R,CAG-964,UMGS599,UMGS1810,CAG-791,Gemella,SFDB01,Lacrimispora,Lactococcus,Gordonibacter,UBA5920,GCA-900066905,Oxalobacter,Eggerthella,Corynebacterium,HGM11501,Dialister,RUG13868,UMGS1490,Alterileibacterium,UMGS1384,UBA1829,Campylobacter,UBA4855,SFGY01,UMGS1600,Caecibacter,Leclercia,HGM11808,MGYG000000387,Chimaeribacter,Blautia,Klebsiella_A,UBA4871,Marseille-P3106,Senegalimassilia,HGM12998,Mediterraneibacter_A,SCN-57-10,UBA1737,Ruminococcus_G,MGYG000000505,UBA2882,UMGS1004,Arabia,MGYG000000587,MGYG000002216,Anaerostipes,Zag1,DTU089,Bifidobacterium,Marvinbryantia,UMGS1696,UBA9502,Eubacterium_F,Plesiomonas,Hungatella,CAG-95,UBA1711,MGYG000000350,UMGS680
rep096_seed2121	CAG-417,QAKD01,UMGS905,HGM11372,Coprobacillus,UBA1777,Limosilactobacillus,UMGS1109,Clostridium_E,NK4A136,UBA2821,RUG131,Faecalicoccus,UBA1234,Phocaeicola,QAMH01,HGM13233,UBA5809,CAG-353,Phoenicibacter,Anaeroplasma,NSJ-32,Coprococcus_A,UBA1394,V9D3004,CAG-103,Senegalimassilia,Enterococcus_B,UMGS1851,UBA7597,CAG-288,Anaerotignum,Mediterraneibacter_A,Succiniclasticum,Hungatella_A,CAG-449,Gastranaerophilus,RUG705,Collinsella,Butyrivibrio_A,Chimaeribacter,Schaedlerella,UBA5394,UBA4644,Alistipes,UMGS1326,Lawsonibacter,UBA6984,Holdemania,Marseille-P4683,Clostridium_B,CAAHEQ01,UMGS124,UMGS599,Slackia_A,HGM11327,UBA3631,UBA737,UBA1191,Veillonella_A,UBA6857,UBA7185,Alterileibacterium,CAG-964,Sutterella,Christensenella,UBA11940,Hafnia,UMGS268,UMGS1872,Weimerbacter,Pauljensenia,UMGS1322,Turicimonas,UBA3282,MGYG000002719,Lachnospira,HGM12998,CAG-628
rep097_seed2122	An92,CAAEEV01,Porphyromonas_A,UMGS1783,SFJ001,CAG-451,MGYG000002758,UMGS1484,Duodenibacillus,MGYG000002702,HGM11588,Pluralibacter,CAG-448,Romboutsia,UMGS1889,Dielma,UBA4716,MGYG000002696,NC2004,MGYG000003289,UBA866,Ruminococcus_A,Succinatimonas,Lachnoclostridium_A,Finegoldia,UBA2883,Lactococcus_A,Enterococcus_G,Clostridium_A,UBA1206,SFDB01,HGM11808,Faecalicoccus,UBA10281,CAG-41,Clostridioides,MGYG000000745,Edwardsiella,Hydrogeniiclostridium,F082,CAG-110,UBA2882,Enterobacter,Leptotrichia,Olsenella_E,MGYG000000587,Firm-10,RUG13868,UMGS1858,UBA940,51-20,Bacteroides,UBA1394,UMGS2037,RUG420,UMGS2055,CAG-56,Barnesiella,NSJ-50,UBA1737,UMGS1418,Ruminococcus_E,UMGS1071,Anaerosalibacter,Blautia,CAG-279,CAG-884,CAAHEQ01,Eubacterium_F,MGYG000003855,MGYG000001871,UMGS1052,UMGS874,Stenotrophomonas,HGM11417,Mediterraneibacter,QAMH01,UMGS1384,Dorea_A
rep098_seed2123	HGM11788,CAG-1193,CAG-460,Hungatella,Veillonella_A,Blautia_A,HGM11588,Prevotella,NSJ-63,UBA1375,Cronobacter,NSJ-50,Peptococcus,Clostridium_F,Ruminococcus_A,HGM11416,MGYG000000456,Ruminococcus_B,VUNA01,Lagierella,CAG-492,UBA866,UMGS680,CAG-485,UMGS929,GCA-900066905,Cellulosilyticum,Sodaliphilus,Anaeromassilibacillus,CAG-313,UMGS1851,UBA6398,Massilimaliae,UMGS856,UMGS1572,Alloscardovia,Bulleidia,Dialister,Faecalibacterium,Fusobacterium,Salinicola,Peptacetobacter,Phytobacter,An172,UMGS577,MGYG000004380,Lactobacillus,CAG-417,HGM12669,Klebsiella_A,UMGS1690,Pseudomonas,Coprococcus_A,UBA1232,Arabia,Citrobacter_A,UMGS2016,Mesosutterella,Longicatena,Olsenella_B,UBA6984,CAG-81,UBA2821,UBA1820,CAG-448,RUG806,UBA7057,UBA7488,CAG-312,Eubacterium_G,CAG-617,DUOT01,MGYG000002575,UMGS75,Fusobacterium_C,UMGS1826,HGM14224,CAG-710,Staphylococcus
rep099_seed2124	Lysinibacillus,UBA7597,UMGS1826,Plesiomonas,Blautia_A,Bariatricus,UBA4871,GCA-900066495,CAG-1193,Coprococcus_A,UMGS1933,UMGS1795,SFEL01,UMGS1572,Faecalibacillus,Massilioclostridium,Companilactobacillus,Edwardsiella,TWA4,Sutterella,Robinsoniella,UBA11512,MGYG000000745,Lachnoclostridium_A,Slackia_A,CAG-110,MGYG000002010,Azonexus,Duncaniella,AM51-8,UMGS966,CAG-41,UBA9502,Anaerotruncus,UMGS1975,MGYG000001871,QALS01,CAG-269,CAG-521,Brachyspira,UMGS905,UBA1417,MGYG000004604,Mitsuokella,CAG-317,Succinatimonas,CAG-533,MGYG000002053,UMGS1387,Firm-07,UMGS1052,Campylobacter,COE1,Ruminococcus_E,CAG-288,Citrobacter_B,MGYG000004727,UMGS1690,Clostridium_A,UMGS1623,Megasphaera,UMGS1858,F23-B02,Treponema_D,Scardovia,MGYG000003855,UBA1752,UMGS902,MGYG000000346,CAG-917,HGM11416,Anaerostipes,UMGS1307,CAG-279,CHH4-2,Kluyvera,UBA737,Fusobacterium,Cedecea
rep100_seed2125	MGYG000002758,UBA1786,Dielma,Lacrimispora,CAG-594,UBA6398,Leclercia,Pyramidobacter,Anaerosacchariphilus,UBA1822,UMGS1375,RUG11247,UMGS911,UMGS1388,CAG-313,Aneurinibacillus,Rothia,UMGS124,Ruminococcus_E,HGM13862,SFGY01,UBA11471,UMGS2037,UBA7102,UMGS1487,MGYG000003289,HGM11368,UBA6382,MGYG000002075,UBA5920,UBA1232,Mesosutterella,Blautia_A,Emergencia,CAG-582,CAG-484,Acidovorax,Campylobacter_A,RUG12045,Veillonella_A,Dorea_A,HGM11514,UBA5416,RUG806,UMGS1810,Bittarella,CAAEEV01,RUG410,Megamonas,Clostridium_AQ,Eubacterium_J,Gabonibacter,UMGS1670,Hungatella_A,Catenibacillus,CAG-354,CAG-462,Ruminococcus,Marseille-P4683,Scardovia,CAG-631,Schaedlerella,CAG-417,Plesiomonas,CAG-103,UBA11452,UCG-010,CAG-475,UMGS1865,UMGS1326,OM05-12,NC2004,UBA1390,UBA3402,SFDP01,Anaerostipes,MGYG000003305,SFFH01,Porphyromonas
rep101_seed2126	CAG-314,Selenomonas_A,Johnsonella,MGYG000002797,TM7x,CAAHEQ01,MGYG000000390,Beduini,Superficieibacter,Prevotellamassilia,HGM11372,Desulfovibrio,UBA5446,MGYG000002685,Frisingicoccus,MGYG000004443,UMGS1202,Rubneribacter,RUG13868,HGM11808,Edwardsiella,UBA9506,Haemophilus_A,D5,COE1,Pluralibacter,NSJ-38,Niameybacter,Lachnospira,Stomatobaculum,QALS01,UMGS577,UBA11940,Anaerostipes,Peptacetobacter,UMGS1225,Bittarella,Merdibacter,CAG-449,Psychrobacillus,UBA9475,Weimerbacter,UMGS1858,Mobilibacterium,HGM11368,UBA3282,UBA7702,Eubacterium_F,Criibacterium,UMGS905,Phascolarctobacterium,NSJ-62,NK4A136,CAG-557,CAG-303,GCA-900066755,Stoquefichus,UMGS1601,Hungatella,CAG-274,Coprococcus_A,Ruminococcus_G,Garciella,UMGS1370,CAG-841,CAG-594,Faecalibacillus,UMGS929,CAG-145,Eubacterium_R,Kallipyga,UMGS1864,Olsenella_B,MGYG000003270,Bacillus_A,UBA738,Ruminococcus_D,Citrobacter,UC5-1-2E3
rep102_seed2127	CAG-272,Parolsenella,MGYG000002758,UBA1685,CAG-462,Lachnoclostridium,HGM11368,MGYG000000574,Arabia,Nitratidesulfovibrio,UMGS124,AM51-8,MGYG000004061,Phocaeicola,Gemella,UMGS1518,CAG-349,Firm-07,HGM13618,UMGS692,43-108,UBA5809,CAG-269,Anaerosacchariphilus,RUG100,UBA1181,Leclercia,CAG-884,UBA1234,UMGS1688,Anaerofustis,Negativicoccus,RUG11200,UMGS1537,SFLA01,HGM11416,UMGS882,UBA3818,MGYG000002726,Lawsonella,UMGS1225,RQCD01,UMGS1474,Weizmannia,UMGS1810,UMGS946,Oxalobacter,Clostridium_J,UBA644,CAG-83,HGM12650,UMGS1690,RUG572,MGYG000001903,MGYG000002696,Murdochiella,Eggerthella,UMGS1901,MGYG000001953,Raoultella,Ruminococcus,UBA5394,UMGS1484,CAG-390,UBA11512,Lachnoclostridium_B,UMGS1601,MGYG000002797,Merdibacter,Chimaeribacter,CAG-417,Oscillibacter,UBA3766,Robertmurraya,CAG-411,OF09-33XD,Caecibacter,Succinatimonas,Megasphaera
rep103_seed2128	Massilimaliae,MGYG000001903,HGM11616,MGYG000004112,Providencia,OM05-12,Plesiomonas,RUG11198,UBA1234,UBA1394,Superficieibacter,QAMX01,Weimerbacter,HGM11417,Peptoniphilus_B,UMGS1484,UBA3388,Catenibacillus,Porphyromonas_A,RUG420,Pseudomonas_R,UBA2883,MGYG000004604,Coprococcus,Agathobaculum,UMGS1004,Rahnella,Zag111,Butyricicoccus_A,Lachnospira,SFFH01,UBA4855,UMGS577,QAKS01,UMGS1326,Longicatena,Mobiluncus,MGYG000000425,CAG-390,UMGS1540,CAG-882,UMGS1883,RC9,Corynebacterium,CAG-465,Enterococcus_D,KLE1615,UMGS1976,Schaedlerella,UMGS1052,UMGS1241,MGYG000004874,HGM11327,Megamonas,HGM12789,MGYG000003270,Faecalicoccus,UMGS905,UC5-1-2E3,AM51-8,Garciella,TF01-11,Haemophilus_A,UMGS1387,UBA3766,RUG023,SCN-57-10,UMGS2016,Pseudoruminococcus,Hafnia,MGYG000002685,Hungatella,Phascolarctobacterium,CAG-1031,UMGS1532,Anaerotignum,UMGS1633,Kosakonia,Terrisporobacter
rep104_seed2129	UBA4716,UMGS1326,An92,Peptoniphilus_B,S5-A14a,Pauljensenia,MGYG000002696,RUG115,Coprobacillus,DTU089,Methanosphaera,Streptococcus,Murimonas,Negativibacillus,Citrobacter_A,CAG-884,CAG-449,Enterococcus,Ruminococcus_B,Dialister,CAG-475,Johnsonella,UMGS1600,UBA9414,CABIZH01,UMGS1810,UMGS1670,Dysgonomonas,CHH4-2,UBA1777,CAG-115,Angelakisella,TF01-11,F0422,Harryflintia,SFDP01,SFHK01,Vibrio,UBA644,MGYG000002758,Eubacterium_R,Massilimaliae,Longicatena,UBA737,Negativicoccus,Mitsuokella,Megamonas,Clostridium_E,Campylobacter_B,CAG-582,Olsenella,UCG-010,MGYG000002075,Bacilliculturomica,Erysipelatoclostridium,CAG-631,AM07-15,Pseudoflavonifractor,Leclercia,Hafnia,MGYG000002575,Eubacterium_J,UBA5026,Lactococcus_A,Fusobacterium,CAG-313,CAG-594,UMGS1441,HGM11588,Christensenella,MGYG000004127,Lachnospira,Stenotrophomonas,Enterocloster,CAG-194,CAG-452,KM106-2,UBA5884,RUG13868
rep105_seed2130	Butyricimonas,Peptostreptococcus,CAG-170,UMGS1663,UMGS1322,UMGS1820,QAKD01,Selenomonas_A,COE1,JAAYBB01,Pediococcus,CAG-95,UBA3388,UMGS1370,UBA5394,CAG-822,Corynebacterium,UBA4871,MGYG000000286,An92,CAG-557,UMGS856,MGYG000002696,MGYG000003289,Merdimonas,Mixta,UMGS1815,Methanosphaera,UMGS1474,NK4A136,UBA3818,MGYG000002726,An181,UMGS1418,VSOB01,Cronobacter,UBA1711,RUG11200,Arabia,Eubacterium_F,AF33-28,UBA4285,Lancefieldella,Amulumruptor,Ruminiclostridium_E,Clostridium_AQ,UMGS1312,Fusicatenibacter,UBA5884,Acetatifactor,UBA3263,Peptoniphilus_E,Anaerotignum,RUG13868,Gabonibacter,Pygmaiobacter,UMGS263,1XD42-69,Selenomonas_C,SFFH01,OF09-33XD,UMGS1241,CAG-45,UBA7182,Intestinibacter,Butyrivibrio_A,UMGS1880,Pauljensenia,Flavonifractor,UMGS874,CAG-1031,Caproiciproducens,Finegoldia,MGYG000004094,Lagierella,Catenibacterium,UMGS1613,Lawsonella,Stoquefichus
rep106_seed2131	UBA4644,HGM13010,UBA11524,UMGS1795,UMGS1387,Extibacter,Aeromonas,Lawsonella,Latilactobacillus,Bacilliculturomica,BX12,Paraprevotella,Methanobrevibacter_A,Eubacterium,Paraeggerthella,UBA1691,CAG-273,MGYG000004556,UBA6398,Lactonifactor,HGM11523,Clostridium_N,Dysosmobacter,UMGS1418,UMGS2037,Gemmiger,HGM13233,UBA3818,HGM12789,Parolsenella,Oribacterium,Treponema_D,UMGS1623,UMGS1839,Psychrobacillus,QAKW01,Citrobacter_A,F0422,SFFS01,Evtepia,UMGS946,CAG-884,Mobiluncus,Citrobacter,UMGS1810,HGM11327,UBA1786,SFMI01,Fournierella,UBA1777,HGM11386,CAG-582,Ellagibacter,Coprococcus_A,Lachnoclostridium,Campylobacter_B,VSOB01,UMGS1591,Marseille-P4683,UBA1181,Caproiciproducens,Clostridium,UBA5920,Corynebacterium,HGM13634,MGYG000002726,Ralstonia,Massilistercora,UMGS905,MGYG000002053,Bittarella,UMGS1487,HGM12998,Holdemania,Raoultibacter,MGYG000001903,UMGS1901,Zag111,RUG11247
rep107_seed2132	UMGS911,Firm-10,UMGS902,UMGS1375,UBA3631,Butyricimonas,UBA10677,Mailhella,CAG-317,Fusicatenibacter,UBA3402,UMGS1826,UMGS1441,QALR01,HGM11501,Faecalibacillus,UMGS363,UMGS874,NSJ-38,Ruminococcus_F,Olsenella,UBA10281,Ellagibacter,CAG-603,Neobacillus,UBA1752,Raoultibacter,Pygmaiobacter,MGYG000003945,Lachnoclostridium,NK4A136,MGYG000000390,CAG-1000,Dielma,UBA1711,QALW01,MGYG000000456,Fannyhessea,UMGS172,UMGS1312,UBA1409,Streptococcus,UMGS1933,UMGS1603,Stenotrophomonas,MGYG000004727,MGYG000004604,CAG-115,UMGS1865,Kallipyga,Anaerofustis,Clostridium_E,Romboutsia,Granulicatella,Kluyvera,Lawsonella,HGM11616,Marseille-P3106,HGM11788,SFGY01,UMGS599,UMGS1251,Edwardsiella,UBA1191,UMGS1487,Angelakisella,UMGS1839,UMGS1590,GCA-900066755,UBA6857,Bilophila,UBA3818,Lachnoanaerobaculum,UMGS1670,Lawsonibacter,MGYG000000674,UMGS1840,OM05-12,UMGS1477
rep108_seed2133	MGYG000004850,Clostridium_Q,Pseudescherichia,Pyramidobacter,Peptococcus,WG-1,UMGS905,UMGS172,UMGS2037,UBA1390,UMGS1826,Victivallis,UBA11517,MGYG000000674,UMGS1601,Blautia_A,UMGS1795,Prevotella,UBA1417,Salmonella,UMGS1933,Zag1,CAG-196,AF33-28,Paenibacillus,UBA3766,Pluralibacter,CAG-452,UBA1691,Psychrobacillus,Enterocloster,Yokenella,RUG12045,Pediococcus,HGM12957,Paenibacillus_A,HGM11521,Enterobacter_A,UMGS1670,QAKD01,Peptoniphilus_C,Eubacterium_G,NSJ-38,Franconibacter,Extibacter,Brachyspira,HGM11368,UMGS882,Sutterella,An181,Phascolarctobacterium_A,Turicimonas,UMGS1484,UMGS1537,UMGS1668,Beduini,Anaerosalibacter,HGM10836,CAG-1031,UMGS2016,Rahnella,Lactobacillus,Anaerotruncus,UBA1409,MGYG000004547,Pantoea,An92,MGYG000003945,UBA6984,Robinsoniella,UMGS1312,GCA-900066905,UMGS1858,CAG-314,Murimonas,Coprobacter,Hungatella_A,Citrobacter,Methanosphaera
rep109_seed2134	Citrobacter,HGM11525,CAG-1193,UBA1820,Eisenbergiella,MGYG000004874,Faecalibacterium,CAG-390,UBA4372,Sneathia,An172,TM7x,Yersinia,Turicibacter,UBA7702,UMGS1601,Parolsenella,Evtepia,UBA3766,Pseudomonas_E,Coprobacter,Olsenella_E,51-20,MGYG000002797,MGYG000004171,Gabonibacter,Massiliomicrobiota,Ruminiclostridium_E,MGYG000002075,UMGS1826,MGYG000004172,UBA9506,UMGS692,MGYG000003289,UBA6857,HGM04593,UBA3263,Arcanobacterium_A,CAG-841,CAG-590,UMGS1591,UMGS1326,NSJ-62,UMGS973,Duodenibacillus,QAKW01,Cetobacterium_A,Frisingicoccus,CAG-632,UBA3402,CAG-1427,Lactonifactor,UMGS1840,Harryflintia,HGM12957,UBA1829,Butyricimonas,BX12,UBA5026,Haemophilus_A,RUG115,HGM13010,Chimaeribacter,Stoquefichus,Weissella,UBA866,Garciella,MGYG000000390,Bacilliculturomica,HGM11501,Leclercia,CAG-196,Campylobacter_B,MGYG000004177,Flavonifractor,Pseudomonas,CAG-302,Arabia,RUG472
rep110_seed2135	Epilithonimonas,MGYG000002075,UMGS1251,HGM12669,UMGS1472,CAG-617,UBA1822,Paenibacillus,CAAHEQ01,Phoenicibacter,UCG-010,Cetobacterium_A,UMGS1688,MGYG000004061,Exiguobacterium,Lacticaseibacillus,UBA1691,UBA11940,Fannyhessea,UMGS874,UBA10677,Campylobacter,Varibaculum,UMGS1591,F082,NSJ-38,Acinetobacter,UBA4372,UBA1181,Succiniclasticum,MGYG000003270,CAG-177,Ruminiclostridium_E,Marseille-P4683,Butyricicoccus,UBA9475,CAG-465,Eubacterium_R,UBA3388,UBA1409,UMGS1933,Dorea_A,UBA10281,Chimaeribacter,Selenomonas_C,Lagierella,Lancefieldella,HGM12789,Acidaminococcus,UBA6857,Alloscardovia,HGM12650,CAG-590,MGYG000002719,SFVR01,CAG-303,QANA01,UMGS1474,Pseudoflavonifractor,TM7x,MGYG000004380,CAG-1024,Clostridium_Q,Klebsiella_A,Providencia,Phocea,UMGS731,UMGS1375,Eubacterium_J,MGYG000002758,CAG-110,HGM13618,MGYG000000574,UBA1737,CAG-279,UMGS172,CAG-917,HGM12957,UMGS1490
rep111_seed2136	Salmonella,CAG-822,Bariatricus,Ellagibacter,SFTJ01,Enterocloster,Bacteroides,UMGS124,UMGS1071,UMGS905,UMGS1109,Faecalibacterium,Fusobacterium_B,Enterobacter_D,CAG-465,Acetivibrio_A,Peptoniphilus_B,UBA636,HGM11368,Paenibacillus,Murimonas,Dysgonomonas,NSJ-38,UBA11940,MGYG000004171,HGM11514,Amedibacillus,Faecalitalea,Evtepia,Enorma,Eubacterium_G,Methanomassiliicoccus_A,UC5-1-2E3,Nitratidesulfovibrio,Paramuribaculum,UMGS1663,UMGS1518,MGYG000000674,CAG-448,Azonexus,Haemophilus_D,BX12,UMGS1865,UMGS1397,Lacticaseibacillus,Prevotella,Anaerotignum,Amedibacterium,UMGS1601,UBA7488,CAG-831,KM106-2,Murdochiella,HGM11523,UMGS1840,Clostridium_N,Streptococcus,CAG-349,RUG12045,UMGS1872,QALW01,Ruminococcus_F,Ezakiella,Parolsenella,MGYG000003305,CAG-45,MGYG000001871,UBA738,CAG-103,V9D3004,Phocea,CAG-492,CAG-484,UBA1685,MGYG000002696,Bacillus_J,Parasutterella,UMGS1688,Fusobacterium_A
rep112_seed2137	Butyricimonas,Peptococcus,UBA1820,Adlercreutzia,UMGS1370,HGM11417,CAG-822,UBA4285,Citrobacter_A,Acetivibrio_A,Roseburia,SFVR01,Clostridium_J,D5,UBA6345,Ruminococcus,CAG-81,Catenibacterium,UMGS911,CAG-841,CAG-349,Paraeggerthella,Eisenbergiella,RUG13868,UMGS1251,CACZQA01,Marseille-P3106,UBA5026,CAG-831,Eubacterium_G,MGYG000001953,CAG-103,UBA1390,CAG-272,Mobiluncus,Fenollaria,Weimerbacter,NSJ-63,Parabacteroides,Clostridium,Klebsiella,Bilophila,UBA1234,43-108,PeH17,UMGS1540,MGYG000004874,Arcanobacterium_A,UBA5920,Ruminococcus_F,CAG-279,Slackia_A,Fusobacterium_A,Anaerofustis,Selenomonas_C,RUG806,Psychrobacillus,UBA2821,Lactococcus_A,CHH4-2,CAG-521,Odoribacter,Faecalibacillus,UMGS1472,Anaerotignum,UBA1259,WRGP01,Fusobacterium_B,Butyricicoccus,UMGS1613,UMGS731,CAG-1024,CAG-354,QAMH01,QAMM01,QALW01,Ruminococcus_A,Paramuribaculum,CAG-95
rep113_seed2138	Rahnella,Eubacterium_T,Bifidobacterium,HGM13634,HGM12789,Enterococcus_G,Phil1,KLE1615,Marvinbryantia,UMGS1307,CAG-462,F0422,HGM11788,UMGS1839,UBA9502,UBA1206,RUG131,Extibacter,RUG806,MGYG000004380,Nitratidesulfovibrio,UBA3766,Muribaculum,QALR01,Fusobacterium,UMGS692,Limosilactobacillus,F0040,Stomatobaculum,Anaeroplasma,Pseudoflavonifractor,UMGS2016,Edwardsiella,CAG-762,Anaerotignum,CAG-603,UMGS946,HGM12669,TF01-11,QANG01,MGYG000000350,MGYG000000574,Mailhella,Lachnoclostridium_B,UMGS1668,MGYG000003297,Amulumruptor,Eggerthella,UMGS973,MGYG000004660,MGYG000004811,HGM11521,Peptoniphilus_A,Alistipes,Succinatimonas,Evtepia,Bacillus_A,UBA11774,RUG410,SCN-57-10,Neobittarella,Murdochiella,Dysgonomonas,Ruminococcus_F,CAG-831,Rikenella,Mixta,UMGS1490,Raoultella,UMGS172,MGYG000000390,Zag111,Eubacterium_J,CAG-475,51-20,Finegoldia,RQCD01,Merdibacter,UBA7173
rep114_seed2139	UMGS856,Butyrivibrio_A,UMGS416,QALS01,UBA5394,HGM13233,Desulfovibrio,Alistipes_A,51-20,RUG14107,MGYG000004177,Paraclostridium,Odoribacter,Actinomyces,CAG-312,RUG11200,UBA3282,Terrisporobacter,CAG-354,Bacillus_J,MGYG000002758,Peptoniphilus_C,Clostridioides,S5-A14a,Alloscardovia,Rikenella,HGM11386,CAG-448,Leuconostoc,Providencia,Yersinia,Lacticaseibacillus,Negativibacillus,UMGS692,UBA945,Porphyromonas,Sodaliphilus,MGYG000003305,Turicimonas,UBA6382,Longibaculum,Anaeroplasma,Faecalicoccus,Clostridium_B,CAG-269,CAG-314,Massilistercora,HGM11588,Flavonifractor,MGYG000003855,CAG-841,Salmonella,CAG-95,UMGS1418,Anaeroglobus,UMGS268,SFDP01,CAG-533,Raoultella,WRGP01,CAG-451,CAG-460,Clostridium_F,Bruticola,CAG-272,Duodenibacillus,Bittarella,Ligilactobacillus,Angelakisella,Selenomonas_A,Morganella,Eubacterium_R,RF16,MGYG000002726,CAG-1000,UBA7597,Anaerosalibacter,UMGS1600,SFFH01
rep115_seed2140	Ruminococcus_C,Franconibacter,Sodaliphilus,GCA-900066905,Eubacterium_M,RUG410,UMGS1540,Enteroscipio,HGM13010,Lysinibacillus,UMGS1071,MGYG000004727,AM51-8,Vibrio,CAG-582,UBA4716,Nitratidesulfovibrio,Butyricicoccus,UMGS911,Peptoniphilus_B,CAG-313,Lachnoclostridium,Enterococcus_D,Varibaculum,Clostridium_B,Escherichia,UBA866,MGYG000004811,MGYG000004094,Romboutsia,UBA3388,HGM11416,UBA4855,UBA1234,Bacteroides,Monoglobus,Pseudobutyrivibrio,Enterococcus_C,CAG-41,TWA4,RUG11198,HGM11808,MGYG000000425,NK4A136,HGM12669,Lachnospira,UMGS1975,UMGS1889,UBA11512,Frisingicoccus,CAG-724,Pyramidobacter,CHH4-2,Firm-07,UMGS1251,Enterobacter,Veillonella,Yokenella,UMGS1370,Atlantibacter,MGYG000004061,HGM11386,UBA1711,CAG-841,Slackia,RUG13868,Mixta,SFJ001,Epilithonimonas,MGYG000003289,UMGS905,MGYG000003970,HGM12814,Acutalibacter,Prevotella,NSJ-38,MGYG000004850,UBA9475,Barnesiella
rep116_seed2141	Marseille-P4683,Alterileibacterium,Barnesiella,Eggerthella,DTU089,CAG-631,UBA5026,UMGS1491,CAG-628,CAG-354,CAG-475,UMGS2016,UMGS1224,MGYG000000350,UBA7102,SFGY01,Peptoniphilus_A,Dysosmobacter,HGM13010,Enterobacter,Pantoea,HGM12669,RUG410,VUNI01,Latilactobacillus,Negativibacillus,Aggregatibacter,Acinetobacter,UMGS1872,Muricomes,Arcanobacterium_A,UBA5920,CAG-485,Fournierella,UBA1206,Collinsella,HGM11521,UMGS1472,Bruticola,Brachyspira,Parasutterella,MGYG000002053,UBA1417,Phocaeicola,UMGS1225,UBA1232,Eubacterium_T,Enterocloster,Atlantibacter,Weimerbacter,HGM12998,MGYG000004127,UBA11774,Acetivibrio_A,CHH4-2,UBA866,Gastranaerophilus,Lysinibacillus,Christensenella,Coprococcus_A,CAG-791,Pauljensenia,Fusicatenibacter,UMGS1611,UBA2882,UMGS1840,UMGS2037,Lactonifactor,Campylobacter_B,AM07-15,MGYG000004727,Murimonas,Anaerosacchariphilus,Holdemania,QALS01,Anaerotruncus,CAG-269,CAG-710,Robinsoniella
rep117_seed2142	Longicatena,Lancefieldella,MGYG000000378,GCA-900066495,Psychrobacillus,UMGS680,Epilithonimonas,Fusobacterium_B,Anaerosacchariphilus,CAG-460,Weissella,Eubacterium,UMGS1532,UBA1820,DTU089,Kallipyga,TF01-11,Angelakisella,Parasutterella,CAG-238,CAG-217,UBA1786,CAG-449,UMGS1109,UMGS2037,Massilimaliae,Phytobacter,UBA3402,UBA1685,Butyricicoccus_A,UBA1390,UMGS1933,CAG-302,UMGS1613,CABIZH01,Parvimonas,GCA-900066755,UBA9414,UBA737,HGM11808,Aggregatibacter,Agathobaculum,QAKD01,Intestinibacter,Raoultella,Erysipelatoclostridium,UMGS1994,MGYG000004133,CAG-272,Murdochiella,CAG-245,SFJ001,Anaerofustis,Faecalibacillus,UMGS882,Moellerella,Clostridium_AQ,Anaeroplasma,51-20,NK3B98,RUG100,MGYG000004380,MGYG000004229,HGM13618,Sporanaerobacter,Flavonifractor,Fusicatenibacter,Bilophila,Weimerbacter,Mediterraneibacter,Anaerostipes,Bruticola,Bifidobacterium,CAG-1031,MGYG000004029,Enterococcus_C,Anaerosalibacter,RUG115,CAG-56
rep118_seed2143	Mobiluncus,Gemella,Lacticaseibacillus,Citrobacter_A,Cloacibacillus,Brachyspira,CAG-145,UMGS416,Absicoccus,Parolsenella,1XD42-69,Lacrimispora,Dorea_A,Odoribacter,UMGS1933,Monoglobus,CAG-521,UMGS1688,MGYG000002010,RC9,Firm-11,Clostridium_A,UMGS1994,Alloprevotella,MGYG000002685,MGYG000004604,UBA7597,UBA1390,HGM11514,Clostridium_Q,Salmonella,UMGS577,CAG-273,UMGS1518,Dielma,Rikenella,Eggerthella,Arabia,Prevotellamassilia,Caecibacter,Fusicatenibacter,Massilimaliae,D5,UMGS1670,AF33-28,Marvinbryantia,Pseudomonas,Neobittarella,Pediococcus,Oscillibacter,MGYG000004177,CAG-95,HGM11507,UMGS1623,KM106-2,Clostridium_P,Anaeroglobus,Muribaculum,QALS01,QALR01,HGM11616,Anaeromassilibacillus,Actinobaculum,HGM04593,An92,UMGS1668,UBA6984,SFLA01,Dialister,CAG-762,CAG-1193,UBA11452,MGYG000002719,SFEL01,UBA3282,Olsenella_E,UBA2856,Phytobacter,Neobacillus
rep119_seed2144	Plesiomonas,Leminorella,Negativicoccus,Corynebacterium,UMGS1338,NK4A136,UBA1711,CACZQA01,Longibaculum,HGM12587,Lactococcus,Citrobacter_A,Alistipes,Fenollaria,CAG-269,Turicibacter,Mobiluncus,WRGP01,CAG-83,UBA1691,MGYG000004112,Lactococcus_A,Neisseria,Leuconostoc,Parvimonas,UBA4334,UMGS1766,RUG410,Acutalibacter,SFHK01,Zag1,AM51-8,Lachnoanaerobaculum,Massilicoli,UBA5394,CHH4-2,UBA1752,Clostridium_X,Eubacterium_M,HGM11501,UMGS902,UMGS1889,Salmonella,UMGS929,Slackia,Veillonella_A,Agathobacter,Ruminococcus_D,MGYG000004811,HGM11514,Zag111,UBA11774,CAG-964,HGM14224,Fannyhessea,Clostridium,CAG-349,Citrobacter_B,MGYG000002696,Alistipes_A,Hafnia,Paraclostridium,SFEL01,UC5-1-2E3,Lysinibacillus,UBA11940,CAG-484,Robertmurraya,UMGS1883,Succinatimonas,QAKD01,Lachnospira,MGYG000002726,Caecibacter,SFDP01,UBA3818,CAG-45,Victivallis,Mesosutterella
rep120_seed2145	Lachnoclostridium,CAG-791,CAG-269,CAG-485,CAG-312,Faecalicoccus,CAG-1193,Vibrio,KM106-2,Absicoccus,Fenollaria,Peptoniphilus_E,Paraclostridium,CAG-510,Fannyhessea,CAG-964,Butyrivibrio_A,UBA2821,V9D3004,Blautia_A,Stomatobaculum,Pantoea,MGYG000000390,UMGS1889,UBA7173,RF16,Companilactobacillus,HGM11416,Aggregatibacter,Monoglobus,HGM04593,UMGS1880,Clostridium_J,HGM11514,CAG-495,UMGS995,Clostridium_Q,Morganella,Clostridium_N,UMGS263,UMGS1696,UBA7057,UBA5416,Raoultella,AM07-15,RUG705,UBA7702,Eikenella,Anaeromassilibacillus,Leptotrichia,HGM13010,Atlantibacter,UMGS1397,QALR01,CAG-1427,MGYG000003270,UMGS1840,UMGS1663,Clostridium,Enterococcus,Enterocloster,NSJ-32,UBA3282,UBA6382,UMGS973,CACZQA01,CAG-492,Amulumruptor,UBA636,Neobacillus,CAG-710,RUG11200,Dysgonomonas,Turicibacter,TF01-11,Franconibacter,Peptoniphilus_A,UBA5394,Clostridium_A
rep121_seed2146	Enterococcus_C,Alistipes_A,Oscillibacter,MGYG000000505,Intestinibacter,Serratia,Fusobacterium_A,Faecalitalea,Dorea_A,HGM11327,NSJ-61,UBA7173,VUNI01,UMGS1518,MGYG000002696,Eubacterium_I,UMGS1670,ER4,Parasutterella,MGYG000000574,SFDP01,HGM11616,UMGS1532,UMGS1858,RUG705,MGYG000002685,Lachnoclostridium,SFMI01,Lysinibacillus,Fusicatenibacter,Sporanaerobacter,Harryflintia,UMGS1633,Lacticaseibacillus,CAG-793,UBA1822,UMGS1783,Dielma,Acutalibacter,UBA1191,Enterococcus_A,Amedibacillus,RUG572,CAG-170,Longicatena,Gemmiger,Ruthenibacterium,HGM13862,CAG-451,Alistipes,Fusobacterium_B,Cronobacter,Victivallis,Lachnoclostridium_A,Negativicoccus,An172,Bacilliculturomica,GCA-900066135,Coprococcus_A,UBA1234,CAG-115,CAG-632,Fournierella,Eubacterium_M,UMGS1663,Pseudomonas_E,MGYG000003289,Streptococcus,Weissella,MGYG000000425,UMGS2037,Selenomonas_C,Hydrogeniiclostridium,Mixta,Haemophilus_D,CAAHEQ01,UBA2856,Haemophilus,UBA1259
rep122_seed2147	CAG-1000,Rikenella,Lancefieldella,HGM10836,NK4A136,CAG-557,Rahnella,UBA4285,Anaerofustis,UMGS1600,Butyrivibrio_A,UBA7185,Holdemania,Paenibacillus_A,Eubacterium,UBA5920,NSJ-62,Schaedlerella,CAG-95,UMGS1474,Niameybacter,MGYG000003270,RUG11247,UMGS1532,Emergencia,Pediococcus,UBA3402,UBA7160,NSJ-63,CAG-56,UBA7102,MGYG000004380,Enterobacter_A,UMGS1441,MGYG000004229,UBA7173,HGM12587,UBA1777,Ruminococcus_F,Alloscardovia,HGM12957,Kluyvera,RUG806,MGYG000004604,Fannyhessea,UBA1740,Clostridium_AQ,UBA1375,Paraprevotella,UBA1737,Ruminiclostridium_E,Phoenicibacter,SFVR01,Desulfovibrio,Proteus,HGM13233,UMGS1002,Lysinibacillus,HGM13618,Bariatricus,CAG-353,Christensenella,RUG572,UMGS902,Weizmannia,Turicibacter,Marseille-P4683,CAG-964,Slackia,Massilicoli,Neisseria,KM106-2,Adlercreutzia,UBA6345,An92,Yersinia,CAG-273,PeH17,CAG-484
rep123_seed2148	SCN-57-10,Lachnoclostridium,MGYG000004112,CAG-217,UMGS1004,UBA1417,QAMX01,CAG-594,MGYG000004229,MGYG000000390,Treponema_D,HGM11523,HGM11416,Aggregatibacter,CAG-877,Borkfalkia,UBA1740,CAG-353,UMGS902,MGYG000004380,MGYG000001903,SFHK01,Sutterella,Akkermansia,UMGS1696,CAG-590,Brachyspira,UBA7102,Latilactobacillus,UBA11524,UBA1752,Lentilactobacillus,Klebsiella_A,Cloacibacillus,UBA3282,Cronobacter,Moellerella,Coprococcus,HGM11507,UMGS1251,Eubacterium_G,MGYG000004811,Catenibacterium,UBA5026,QAMH01,MGYG000004094,AM07-15,UMGS946,Acetivibrio_A,Slackia_A,MGYG000000425,UMGS2037,Eubacterium_R,Fenollaria,Zag111,CAG-127,RUG131,CAG-354,CAG-884,Ruminococcus_C,CAG-1427,VSOB01,UMGS874,Gastranaerophilus,UBA7173,Eubacterium_T,UMGS1293,NSJ-38,Mediterraneibacter_A,CAG-1031,UMGS1880,CAG-45,Pseudoruminococcus,HGM12957,V9D3004,DTU089,Mobilibacterium,SFTJ01,Anaerocolumna
rep124_seed2149	UMGS1901,UBA1394,MGYG000002075,CAG-314,Firm-10,Bittarella,Bacteroides,UMGS1487,UMGS75,Neisseria,QAMX01,MGYG000002685,RUG100,Pseudobutyrivibrio,Olsenella_B,Granulicatella,SFVR01,CAG-217,Mobiluncus,UMGS1572,UMGS1293,Arabia,UBA2821,MGYG000000745,UMGS905,CAG-417,Succinatimonas,UMGS1858,Kallipyga,NSJ-50,Butyricicoccus,Flavonifractor,Neobacillus,UBA738,UBA5394,Merdimonas,Agathobaculum,HGM11507,Lentilactobacillus,CAG-81,QAKW01,HGM13862,Criibacterium,Eubacterium_I,MGYG000004380,Anaerotruncus,RUG420,SFFH01,UBA4871,Acetatifactor,UBA3402,Victivallis,UBA5905,UMGS1491,MGYG000004874,UMGS1815,UMGS1994,UBA3282,Oxalobacter,UBA636,CAG-617,MGYG000004029,Plesiomonas,DUOT01,MGYG000000378,Dorea_B,Methanosphaera,Anaerococcus,Enterococcus_B,Campylobacter_A,CAG-762,Enterobacter_D,Raoultibacter,UMGS1976,Kluyvera,F0422,Enterococcus_C,UMGS1623,Eubacterium_F
rep125_seed2150	CAG-877,Massiliomicrobiota,Moellerella,Vibrio,Mailhella,UMGS1858,Frisingicoccus,SFHK01,NSJ-63,CAG-245,F23-B02,UMGS263,CAG-628,Pseudomonas_R,Lancefieldella,UMGS905,MGYG000002575,Roseburia,Eubacterium,Allisonella,UMGS1202,MGYG000002726,Prevotella,Bacteroides_F,UBA7160,MGYG000000728,Amulumruptor,CAG-449,Acutalibacter,Sneathia,Fusobacterium,CAG-45,QAKS01,Clostridium_J,Acetivibrio_A,Hungatella,UMGS1826,QALS01,JAAYBB01,QAKW01,Brachyspira,Pseudoruminococcus,Olsenella_B,Enterococcus_C,Companilactobacillus,UMGS1004,Leuconostoc,UMGS1572,Extibacter,Limosilactobacillus,Rikenella,Terrisporobacter,Peptoniphilus_C,Ruminococcus_C,Varibaculum,Eikenella,AM51-8,Anaerocolumna,Ruminococcus_E,UBA1685,UMGS1839,UMGS1338,Alistipes,Anaerosalibacter,CAG-81,UMGS403,Marseille-P3106,MGYG000002683,HGM12650,UBA7057,UBA1394,Phil1,UBA10677,Bariatricus,CAG-1427,MGYG000004229,Murimonas,Faecalicoccus,Selenomonas_A
rep126_seed2151	UMGS1397,Peptoniphilus_C,Massilimaliae,RUG14107,CAG-884,Dorea_B,Porphyromonas_A,UMGS2055,CAG-313,HGM12814,RUG420,Mixta,Lactobacillus,UMGS1795,UMGS1518,CAG-710,CAG-762,Alloscardovia,MGYG000002575,UMGS1490,HGM11523,Kosakonia,Enterobacter,CAG-724,MGYG000004443,Clostridium_N,RUG11200,UBA7173,Faecalibacillus,Massilicoli,Phascolarctobacterium_A,Paraprevotella,Peptoniphilus_B,UBA10677,Desulfovibrio,CAG-917,Allisonella,UBA7057,GCA-900066495,Serratia,Bacteroides,SFDB01,Catenibacterium,Ruminiclostridium_E,UMGS856,Dorea_A,Coprococcus_A,UMGS1540,Treponema_D,Kallipyga,UMGS1322,UMGS2037,CAG-115,Sellimonas,UMGS1388,Ruminococcus,MGYG000000425,UBA1737,MGYG000004727,Campylobacter_A,UBA7748,UBA644,Eubacterium,UBA7488,Parolsenella,Christensenella,VUNA01,UBA6984,CAG-460,MGYG000003270,UBA1822,UBA3388,Fusicatenibacter,PeH17,Ruminococcus_B,Yokenella,CAG-841,Anaerofustis,Weizmannia
rep127_seed2152	HGM12789,UMGS1484,CAG-312,Senegalimassilia,MGYG000002685,Succiniclasticum,CAG-884,Staphylococcus,Bilophila,UBA1822,Lacrimispora,UBA7160,Merdimonas,Anaerosacchariphilus,CAG-313,RC9,Citrobacter_B,Fusobacterium_C,Lagierella,Scardovia,UBA1234,UBA9475,Dorea,Haemophilus_A,UMGS2037,UBA7748,Franconibacter,Weissella,Anaeroglobus,CAG-196,Aneurinibacillus,Lawsonella,CAG-495,Eubacterium_F,UMGS1810,CAG-180,UMGS1004,HGM11507,UMGS1815,QAMM01,Eubacterium_I,CAG-177,Bacteroides_F,MGYG000004172,Klebsiella,An92,Olsenella_E,MGYG000004133,CACZQA01,UBA10677,HGM13233,UBA5809,MGYG000004556,Pyramidobacter,Eikenella,UMGS2055,MGYG000004380,UMGS1572,Succinivibrio,UMGS1472,Zag1,HGM11386,MGYG000000286,Pseudomonas_R,Oxalobacter,MGYG000004112,Murimonas,Clostridium_B,UMGS1781,Clostridium_E,UMGS1397,Bacillus_J,HGM12957,Acutalibacter,RUG11247,Amedibacterium,UMGS1975,Massilistercora,Phoenicibacter
rep128_seed2153	UMGS1670,CAG-269,Parasutterella,RUG806,UMGS1889,CAG-145,Paraeggerthella,UMGS1783,Providencia,Porphyromonas_A,GCA-900066755,Mailhella,HGM11327,RF16,Amulumruptor,CAG-196,Haemophilus_A,MGYG000003305,Yokenella,Stomatobaculum,Fusobacterium_B,MGYG000004094,MGYG000001953,Massiliomicrobiota,CAG-1000,Niameybacter,UMGS1623,Ellagibacter,UMGS1820,MGYG000003270,Massilistercora,NK4A136,Ezakiella,Paramuribaculum,Eubacterium_M,Enterococcus_C,Olsenella_B,WG-1,CAG-873,CAG-354,CAG-349,Duodenibacillus,Psychrobacillus,UBA7057,UMGS929,Vibrio,Acetivibrio_A,Phil1,Agathobaculum,Klebsiella_A,Limosilactobacillus,CAG-882,UBA4644,Pseudomonas,HGM13233,Mediterraneibacter_A,Faecalicoccus,Extibacter,UBA3388,QALW01,UBA4334,Mitsuokella,Scardovia,UBA5884,UBA1409,Acinetobacter,UMGS1484,UMGS1840,MGYG000002758,Salmonella,Romboutsia,Anaerosacchariphilus,Pradoshia,Zag1,WRGP01,MGYG000000387,MGYG000002075,UMGS1384,Enterococcus_G
rep129_seed2154	Coprobacillus,Stenotrophomonas,UBA5394,UMGS1880,Morganella,Anaerosalibacter,CAG-56,UBA738,QAMM01,CAG-873,Clostridium_Q,HGM05232,Ralstonia,UMGS1591,UMGS973,QALS01,UBA1409,UMGS905,CAG-115,Clostridium_P,UMGS1766,CAG-475,UBA5809,Pseudobutyrivibrio,HGM12650,UMGS263,HGM13006,Lachnoclostridium_A,OM05-12,Ruminococcus_C,Clostridioides,Arcanobacterium_A,KLE1615,Dielma,TF01-11,HGM11525,UMGS1071,HGM11501,Parabacteroides,UBA1181,Sutterella,UBA1232,Cronobacter,Romboutsia,Negativibacillus,Megasphaera,Lachnospira,UBA7182,Lysinibacillus,HGM11368,Enterococcus_G,HGM13618,HGM11530,Paraprevotella,UBA2883,Parolsenella,F23-B02,RUG806,UCG-010,QALR01,RUG410,Fusicatenibacter,Corynebacterium,Lentilactobacillus,CAG-882,Muricomes,Gemmiger,UBA1206,Rahnella,Anaerotruncus,VSOB01,Eggerthella,Garciella,Phocea,NK3B98,UMGS1670,Olsenella,Murimonas,Nitratidesulfovibrio
rep130_seed2155	UMGS599,CAG-762,UMGS1537,CAG-390,HGM14224,UBA9502,Agathobacter,CAG-196,Coprococcus,CAG-45,Bilophila,HGM11416,QANA01,Mitsuokella,TWA4,UMGS1865,UMGS1975,CAG-302,Agathobaculum,Massiliomicrobiota,CAG-831,Exiguobacterium,Stomatobaculum,CAG-103,QALR01,UMGS268,UMGS1484,CAG-495,Marseille-P4683,Proteus,Coprobacter,MGYG000004172,Olsenella_B,UMGS1623,CAG-317,UMGS1633,Extibacter,Acutalibacter,UMGS1490,UMGS1338,Acidaminococcus,SFGY01,SFEL01,UBA3766,Zag111,UMGS1851,Lacticaseibacillus,Bruticola,UBA11774,Leminorella,MGYG000000587,Weissella,UMGS1826,F082,MGYG000000350,MGYG000000378,MGYG000002758,UMGS416,CAG-521,Nitratidesulfovibrio,Haemophilus_A,SFFH01,Hungatella_A,Paraeggerthella,HGM13634,Fusobacterium_B,MGYG000004112,CAG-917,CAG-314,CAG-582,CAG-632,UBA10281,UBA3282,CAG-56,UMGS1384,HGM11372,Gemmiger,Haemophilus_D,HGM13006
rep131_seed2156	UMGS902,CABIZH01,Allisonella,UMGS2037,UMGS905,UBA2882,Selenomonas_A,Victivallis,CAG-1193,RC9,CAG-831,CAG-170,Caproiciproducens,CAG-196,UBA7748,SFHK01,UBA11940,Bariatricus,UMGS1384,Oribacterium,Granulicatella,UMGS1326,CAG-145,UBA7182,Raoultella,Methanobrevibacter_A,Enterococcus_C,Peptococcus,UMGS874,F0422,CAAHEQ01,Scardovia,HGM14224,MGYG000002719,Salinicola,Clostridium_Q,CAG-390,UBA1409,Acetatifactor,Pradoshia,Lawsonibacter,Cellulosilyticum,UBA1711,CAG-417,UBA945,UBA737,CAG-103,TF01-11,UMGS1826,MGYG000000745,Bifidobacterium,QALR01,Absicoccus,RF16,Longicatena,UMGS1872,UBA1206,Paenibacillus,Pseudomonas,Alistipes,Intestinibacter,Salmonella,Bacteroides,Paraprevotella,UMGS1387,Pediococcus,HGM12650,Aeromonas,Raoultibacter,Ruminococcus,MGYG000003855,HGM04593,CAG-180,Streptococcus,Robinsoniella,Gordonibacter,UMGS577,MGYG000004229,Holdemanella
rep132_seed2157	UBA636,Moellerella,Anaerosporobacter,Marvinbryantia,UMGS363,UBA4372,UMGS1600,UMGS856,Pseudobutyrivibrio,Negativicoccus,Acinetobacter,Eggerthella,SCN-57-10,VUNI01,UMGS2037,ER4,UBA5920,UBA11512,UBA7748,UMGS1781,UBA1740,Lactococcus,Pygmaiobacter,Victivallis,Rothia,GCA-900066905,UBA738,UMGS1690,CAG-884,CAG-488,UBA5446,UMGS1224,UMGS1880,Peptacetobacter,Sutterella,Ruminococcus_G,Veillonella_A,CAG-462,Clostridium,Bariatricus,Zag1,RUG131,HGM11521,Eubacterium_J,SFHK01,CAG-776,Epilithonimonas,HGM11530,Exiguobacterium,CAG-557,Paraeggerthella,CAG-724,QAKW01,Lagierella,Clostridium_A,MGYG000002216,Bacteroides,MGYG000004604,SFDB01,UMGS1839,Pyramidobacter,CAG-485,Merdimonas,UMGS1441,MGYG000004061,HGM04593,Lactiplantibacillus,Alistipes,UMGS1490,CAG-269,CAG-177,CAG-417,UMGS1663,MGYG000004172,UBA5809,Butyricicoccus_A,CAG-831,Coprococcus,UBA2856
rep133_seed2158	UMGS929,51-20,UMGS1477,CAG-194,Phoenicibacter,CAG-177,Ruminococcus_F,HGM12957,UBA3388,Ellagibacter,CAG-45,UMGS680,Paraprevotella,MGYG000000574,Limosilactobacillus,Succiniclasticum,Butyricicoccus_A,Mailhella,An172,F0040,MGYG000004094,Treponema_D,Clostridium,Gemmiger,Extibacter,Fusobacterium,Ruminococcus_C,UMGS1241,SFTJ01,UBA1206,CAG-1024,CAG-594,Catenibacterium,Slackia,UMGS1933,SFFS01,Massilimaliae,CAG-448,HGM13006,MGYG000004850,CAG-417,Finegoldia,UBA11524,Prevotellamassilia,MGYG000002075,CAG-831,Selenomonas_A,Plesiomonas,Senegalimassilia,HGM11616,CAG-492,UMGS1889,CAG-533,RUG705,NK3B98,UBA1777,Phocaeicola,Serratia,MGYG000004556,Lachnospira,UBA636,Borkfalkia,Ruminococcus_D,Eubacterium_M,RUG12045,Hungatella_A,Enterococcus_G,QAMM01,UMGS1826,Butyricimonas,Sellimonas,Atlantibacter,Weissella,Bruticola,Anaeromassilibacillus,Firm-11,CAG-274,CAG-313,MGYG000003490
rep134_seed2159	Rikenella,UMGS1883,Rahnella,Stenotrophomonas,KM106-2,UMGS1370,UBA738,Atlantibacter,UMGS1397,AM07-15,QAMH01,Faecalibacillus,Leclercia,Gabonibacter,UBA1711,Butyrivibrio_A,UBA11774,Angelakisella,Parasutterella,Sodaliphilus,CAG-274,HGM05232,CAG-485,UMGS2016,CAG-590,HGM13862,UMGS1279,RUG11198,UMGS1241,Murimonas,RUG023,Mailhella,MGYG000004177,UMGS1600,UMGS1840,UMGS1865,Raoultibacter,Amedibacillus,Enterococcus_C,Slackia_A,CAG-448,Acetivibrio_A,Dysosmobacter,CAG-411,UBA5026,AM51-8,UMGS1591,Acetatifactor,UBA11524,CAG-495,CAG-110,RUG100,Varibaculum,Dorea,Mobiluncus,Lachnoclostridium_A,GCA-900066905,Succinivibrio,UMGS1781,UMGS1388,Phytobacter,HGM11372,Firm-11,Plesiomonas,UMGS1537,Clostridium_P,MGYG000003855,Bacteroides_F,Odoribacter,Pluralibacter,CAG-1193,MGYG000002575,UBA1737,Sneathia,UMGS731,Stoquefichus,Mediterraneibacter_A,UMGS2055,Sutterella
rep135_seed2160	Peptoniphilus_C,UMGS905,Ruminococcus_C,RUG13868,Erysipelatoclostridium,MGYG000000674,OM05-12,Mesosutterella,UBA2882,CAG-45,Coprobacter,VUNI01,KM106-2,UBA6857,UMGS1590,UBA3631,CAG-495,Pseudomonas,HGM11530,Methanomassiliicoccus_A,UBA4334,S5-A14a,Turicibacter,Allisonella,Methanosphaera,Eubacterium,RUG12045,Intestinimonas,Yersinia,Phascolarctobacterium,SFFH01,Fusicatenibacter,Ligilactobacillus,Slackia_A,UBA7057,Niameybacter,Eisenbergiella,Plesiomonas,UMGS1004,Clostridium_AQ,UBA636,CAG-390,UMGS902,NSJ-63,UBA940,Rubneribacter,MGYG000004874,Roseburia,Anaerotignum,Clostridium_E,Terrisporobacter,UMGS1883,QALR01,Harryflintia,UMGS268,UBA3388,Cetobacterium_A,NSJ-50,Collinsella,UBA1375,Enterococcus_G,Gemella,UBA737,UBA7597,MGYG000002719,Clostridium_X,F082,Alterileibacterium,UBA7173,UBA5394,UMGS1253,Pluralibacter,UBA9475,KLE1615,Sporanaerobacter,UMGS1690,Eubacterium_R,RUG11198,CAG-631
rep136_seed2161	Acidovorax,Prevotellamassilia,CAAHEQ01,Raoultella,HGM11521,UBA2856,Enterococcus_C,Longicatena,MGYG000000390,UMGS1338,HGM11386,SFTJ01,Harryflintia,UMGS1487,CAG-354,QALW01,UMGS1810,UMGS1312,CACZQA01,Pseudomonas_R,MGYG000000728,MGYG000001871,UMGS1397,UBA1181,UMGS1225,Leuconostoc,Caproiciproducens,UBA5026,CAG-590,CAAEEV01,UBA3766,UMGS1387,Lachnoclostridium_B,UMGS1002,QAMX01,Weissella,UMGS1933,Succiniclasticum,Adlercreutzia,CAG-617,MGYG000002726,Ruminococcus_A,UMGS1418,Lysinibacillus,Citrobacter,D5,MGYG000002575,Ruminococcus_B,UBA4285,Borkfalkia,Campylobacter_B,Turicibacter,CAG-1024,Alistipes,Gemmiger,CAG-245,UMGS882,CAG-273,Muricomes,UBA7702,Bulleidia,CAG-495,Pseudobutyrivibrio,UBA9414,Kallipyga,UMGS1663,Bacillus_A,OF09-33XD,Anaeroglobus,Vibrio,UMGS874,UMGS1976,MGYG000002075,MGYG000002010,Oscillibacter,UMGS1322,Lacticaseibacillus,UBA1234,CAG-177
rep137_seed2162	Marvinbryantia,Staphylococcus,CAG-196,Acidaminococcus,UMGS966,UBA644,CAG-465,Faecalibacillus,Agathobaculum,Stenotrophomonas,Blautia,RUG420,RF16,GCA-900066495,Lachnoclostridium_B,HGM14224,Sporanaerobacter,Eubacterium_M,Clostridium_F,Firm-07,UMGS124,CAG-272,Anaerobutyricum,UMGS1633,CHH4-2,Pyramidobacter,CAG-877,CAG-273,CAG-45,Azonexus,HGM11521,MGYG000002075,D5,UBA5809,Haemophilus,Coprococcus_A,UBA7102,Ligilactobacillus,Methanomassiliicoccus_A,CAG-302,MGYG000003270,CAG-41,WRGP01,Niameybacter,CAG-353,SFDP01,UBA3402,UMGS1865,Methanosphaera,TWA4,Tidjanibacter,UMGS1781,UMGS1002,UBA4716,Sellimonas,UBA3263,UBA11517,UMGS911,Neisseria,Schaedlerella,Marseille-P4683,UMGS882,UMGS1603,MGYG000004547,Streptococcus,Frisingicoccus,CAG-628,MGYG000004112,UMGS577,Kosakonia,Veillonella,HGM12669,Alistipes,UMGS1820,HGM11616,Citrobacter_B,Ruthenibacterium,UBA7173,RUG115
rep138_seed2163	SFFH01,Klebsiella,Alterileibacterium,MGYG000004094,Ruminococcus_D,Haemophilus_A,MGYG000004112,CAG-288,UMGS2037,HGM11386,HGM13233,UBA1740,Acetatifactor,CAG-617,CAG-488,Paraeggerthella,Bacilliculturomica,Duodenibacillus,UMGS1418,Ruminococcus_A,HGM13006,Clostridium_X,Lactococcus,MGYG000004445,Peptoniphilus_E,Faecalicoccus,UBA6857,DUOT01,UMGS1611,UMGS1815,UC5-1-2E3,CAG-127,UBA7057,UMGS905,Peptostreptococcus,UMGS1384,CAG-312,Kluyvera,UMGS1839,Massilicoli,RUG12045,CAG-1193,UBA738,SFLA01,Merdibacter,Succinatimonas,Christensenella,Pediococcus,Firm-07,Fenollaria,Oscillibacter,RF16,Veillonella,UBA11940,MGYG000000456,Acidovorax,HGM11588,Clostridium,Paenibacillus_A,HGM11788,Peptococcus,CAG-110,CAG-417,Pradoshia,Eggerthella,Enteroscipio,Robinsoniella,MGYG000003490,Enterocloster,Evtepia,CAG-245,HGM11372,Bulleidia,UMGS1591,HGM12814,Hafnia,CABIZH01,Mediterraneibacter_A,UMGS1293
rep139_seed2164	CAG-448,Intestinimonas,UMGS1472,Ruminococcus_A,Criibacterium,1XD42-69,RF16,Anaerostipes,Muricomes,Eubacterium,Oscillibacter,CAG-145,Enterococcus,Citrobacter_B,Sneathia,UMGS1613,UBA3766,CAG-475,Fournierella,SFEL01,CAG-1000,Butyricicoccus_A,Bilophila,Anaerofustis,HGM12998,Ruminococcus_G,Fusicatenibacter,Schaedlerella,BX12,Haemophilus,Klebsiella,Christensenella,MGYG000004547,Gemmiger,CAG-793,Enterobacter_D,Phil1,Moellerella,UBA5809,UMGS1418,Neobittarella,UMGS1279,Agathobaculum,Clostridium_Q,MGYG000000505,UMGS882,An92,Slackia_A,MGYG000000674,MGYG000004112,UMGS1840,Faecalitalea,Faecalimonas,MGYG000003970,RUG11247,UBA4644,UMGS75,Ruminococcus,NSJ-50,Mobiluncus,Selenomonas_C,Proteus,UMGS1872,Pseudobutyrivibrio,Ellagibacter,Coprococcus,CAG-533,UMGS1600,Hydrogeniiclostridium,Raoultibacter,UBA7160,HGM11416,Companilactobacillus,UMGS1688,Megasphaera,HGM12814,Niameybacter,UMGS2016,Catenibacterium
rep140_seed2165	Coprococcus_A,CAG-1000,Eubacterium_I,NSJ-38,Paraclostridium,Varibaculum,Clostridium,Succinivibrio,TM7x,Butyricimonas,Gastranaerophilus,Sneathia,Fannyhessea,Pediococcus,MGYG000002758,Exiguobacterium,Methanosphaera,Peptoniphilus_B,Cellulosilyticum,Eubacterium_T,Lawsonibacter,UMGS1418,Lentilactobacillus,HGM13006,NK3B98,UMGS946,TWA4,CAG-492,Enterobacter_D,HGM12789,MGYG000000587,Harryflintia,Phocea,UMGS1826,Brachyspira,Porphyromonas_A,CAG-460,Actinomyces,RUG100,HGM11788,Massiliomicrobiota,CAG-841,UMGS1865,Catenibacillus,Peptostreptococcus,Lachnoclostridium_A,F23-B02,Cetobacterium_A,MGYG000000456,UMGS1375,MGYG000000378,UBA4644,Franconibacter,MGYG000000425,Enterocloster,Parvimonas,MGYG000004850,UMGS1633,Gemella,CAG-484,UMGS416,Neobittarella,HGM12669,Paraprevotella,Angelakisella,Megasphaera,UBA1711,Eikenella,UMGS1241,UMGS1766,Romboutsia,Anaerosporobacter,CAG-103,Rikenella,HGM13233,CAG-510,CAG-302,MGYG000004094,QAKS01
rep141_seed2166	QALR01,CACZQA01,CAG-353,Veillonella_A,Enterobacter_D,Odoribacter,Cedecea,SCN-57-10,Kluyvera,UMGS1826,CAG-590,UMGS1766,Weizmannia,UMGS1441,CAG-452,Flavonifractor,UBA9475,Mesosutterella,Dysosmobacter,CAG-475,UMGS1611,RUG11247,Faecalibacterium,MGYG000002719,Fournierella,Eggerthella,UMGS1004,UBA1191,Clostridium_F,Rothia,Peptococcus,Anaeromassilibacillus,SFDP01,Extibacter,UMGS1491,Merdibacter,Clostridium,CAG-841,Leptotrichia,Atlantibacter,Ruminococcus,RUG13868,CAG-196,UBA4285,QAKW01,Anaerostipes,Methanobrevibacter_A,MGYG000000674,Bacteroides,UBA11512,UMGS1477,UBA5026,UMGS1307,CAG-822,Fusobacterium_A,Haemophilus_D,UMGS1472,Weissella,HGM12814,Adlercreutzia,KM106-2,Faecalibacillus,MGYG000004811,Peptoniphilus_C,UBA5905,UMGS599,Lachnoclostridium_B,Enterococcus_C,CAG-145,RUG14107,CAG-873,UMGS1375,Scardovia,UBA3263,HGM05232,RUG11198,Lactococcus,UBA1259,Dorea_B
rep142_seed2167	Peptacetobacter,MGYG000002702,MGYG000002758,UBA644,Eubacterium_T,Eggerthella,HGM11616,Holdemanella,UBA11471,Coprococcus,UMGS1826,CAG-180,CAG-791,Anaeroglobus,Enorma,QAMM01,UMGS1322,MGYG000000350,UBA9502,UBA5446,CAG-103,MGYG000003297,UBA6398,Acidaminococcus,UMGS1540,Akkermansia,CAG-317,Garciella,Butyricicoccus,ER4,CAG-776,CAG-557,Weissella,UBA6382,Enterobacter_D,UBA1829,Massilicoli,Eubacterium_G,Bacteroides,Bilophila,UMGS731,Parabacteroides,Olsenella_B,UMGS1491,MGYG000002696,HGM11386,Faecalibacillus,HGM13006,UBA11774,Ruminococcus,Lactococcus,Marvinbryantia,Catenibacterium,SFFH01,CAG-349,CAG-1427,Amulumruptor,Anaerobutyricum,Ralstonia,Marseille-P4683,RUG100,Peptoniphilus_C,UMGS363,Alloprevotella,Megamonas,Gabonibacter,Mobiluncus,HGM11523,MGYG000000728,Bifidobacterium,UMGS1253,Extibacter,UBA6857,UMGS1224,Alistipes,HGM11372,Monoglobus,Fusobacterium_B,UMGS1307
rep143_seed2168	Firm-10,UBA3388,Yokenella,UMGS1472,Cellulosilyticum,Coprococcus_A,Cloacibacillus,Fusicatenibacter,CAG-582,UMGS1810,UBA1232,HGM13233,Cedecea,Atlantibacter,UMGS1071,Plesiomonas,Duncaniella,Coprococcus,Butyricimonas,Alloprevotella,UMGS1696,GCA-900066905,Anaerocolumna,UBA3818,Campylobacter_A,Enterocloster,Citrobacter,Acetatifactor,Providencia,CAG-1427,Fenollaria,Corynebacterium,Arcanobacterium_A,Lactococcus,43-108,Eubacterium_M,UBA1191,UMGS966,An181,UBA11940,UMGS1474,Pradoshia,MGYG000004061,Longicatena,Akkermansia,UBA6857,UBA636,UMGS1384,Anaerostipes,UCG-010,TF01-11,Megasphaera,RUG705,Weissella,UMGS1375,UMGS1994,Pseudomonas_E,COE1,Murdochiella,MGYG000002719,UMGS692,UMGS1387,MGYG000003305,Bacilliculturomica,Rikenella,WRGP01,Butyricicoccus,Fusobacterium,Adlercreutzia,UMGS1052,Gastranaerophilus,Lysinibacillus,Rothia,Pseudomonas_R,Klebsiella,MGYG000004171,MGYG000004850,CAG-510,UMGS416
rep144_seed2169	BX12,UBA9414,UBA6382,CAG-557,Cedecea,Ruminococcus_C,Blautia_A,Amedibacillus,UBA4334,MGYG000004874,CAG-462,UBA9502,HGM04593,Ruminococcus_E,UBA11452,Pyramidobacter,CAG-81,UMGS1590,Beduini,HGM11788,CAG-312,UBA1259,UBA737,HGM11372,CAG-460,UMGS1975,CAG-313,HGM13862,Arabia,Yersinia,Rikenella,HGM11523,Parvimonas,Agathobaculum,WRGP01,Pediococcus,RUG806,UMGS363,Morganella,Citrobacter_B,CAG-488,Eubacterium_R,RUG13868,UBA5446,UBA10677,UBA2883,MGYG000004443,CAG-492,UBA5026,Amedibacterium,HGM12650,HGM11514,Lacticaseibacillus,Anaerofustis,Clostridioides,GCA-900066755,HGM10836,HGM13010,CAG-194,CAG-83,Klebsiella,Veillonella,S5-A14a,UMGS1815,Dorea_B,Marseille-P4683,MGYG000004094,Lachnoclostridium_B,MGYG000000728,MGYG000004556,UBA1777,UMGS1370,SFVR01,Actinomyces,Parasutterella,CAG-353,Acidovorax,Fenollaria,MGYG000003305
rep145_seed2170	MGYG000004850,Hydrogeniiclostridium,CAG-831,Ruminococcus_E,Cloacibacillus,Faecalicoccus,Pseudoruminococcus,Proteus,Methanobrevibacter_A,Kluyvera,UBA4285,UBA1731,UMGS1326,COE1,UMGS1312,Robertmurraya,UBA1375,UBA1191,Catenibacillus,Parasutterella,WRGP01,UMGS1600,Peptoniphilus_B,UBA1409,Azonexus,Muricomes,CAG-269,Bacteroides_F,Garciella,CAG-127,Sporanaerobacter,Lysinibacillus,Anaerosporobacter,UMGS2016,UBA10281,RUG13868,Weimerbacter,UMGS1490,UMGS1253,UMGS1688,UMGS1872,Ruminococcus_G,Alterileibacterium,MGYG000002683,UMGS902,UMGS1572,CAAHEQ01,UMGS946,HGM11386,Veillonella_A,RUG131,Robinsoniella,QALR01,UMGS680,QAKS01,Firm-10,Ruminococcus_D,RUG100,UBA2856,Harryflintia,Ezakiella,Sellimonas,CAG-170,CAG-603,DTU089,Mobilibacterium,Selenomonas_A,UBA6857,OF09-33XD,CAG-460,UMGS1279,Brachyspira,Enorma,SFLA01,Anaerosacchariphilus,Acetivibrio_A,RUG420,F23-B02,NSJ-63
rep146_seed2171	UBA10281,QAMH01,Oribacterium,HGM11368,QANG01,UBA11524,Ruminococcus,Pseudomonas_R,UMGS1397,CAG-288,Eisenbergiella,UMGS1810,UBA11774,51-20,Muribaculum,CAG-877,MGYG000000378,Garciella,UMGS1826,UMGS599,Firm-11,CAG-452,MGYG000004061,HGM11501,Chimaeribacter,Collinsella,Streptococcus,Plesiomonas,Cronobacter,Methanobrevibacter_A,MGYG000004172,MGYG000002685,SFMI01,MGYG000004133,UMGS856,HGM11514,Weizmannia,CAG-110,Alloscardovia,UMGS1603,Phascolarctobacterium,UBA4871,MGYG000003855,CAG-793,CAG-274,UMGS1839,Acidovorax,Acidaminococcus,Bariatricus,CAG-103,Leuconostoc,Lawsonibacter,Fenollaria,An172,RUG705,UBA1259,CAG-411,Proteus,UMGS1815,SFLA01,Slackia_A,Merdimonas,Faecalicoccus,Prevotella,MGYG000004380,RUG472,Weissella,Kallipyga,Turicibacter,UMGS1532,MGYG000002010,HGM14224,Sutterella,Enterobacter,UMGS1611,UMGS692,Caproiciproducens,UMGS1623,UMGS874
rep147_seed2172	SFFH01,Mitsuokella,Lawsonibacter,CAG-822,UBA7102,Pseudescherichia,Enteroscipio,HGM11372,CAG-793,Azonexus,KLE1615,Ruminococcus_C,Fannyhessea,MGYG000003855,UBA4716,43-108,MGYG000000346,MGYG000000674,UBA5394,Murimonas,Clostridium_J,CAG-349,Mediterraneibacter_A,Mobiluncus,CAG-877,MGYG000000456,Coprobacillus,Clostridium_X,Aggregatibacter,Tidjanibacter,Alistipes,Amulumruptor,Bittarella,Parvimonas,Clostridium_F,An181,UBA1394,CAG-452,Enterocloster,UBA9475,UMGS1307,Campylobacter_B,Muribaculum,Butyricicoccus_A,UBA644,Limosilactobacillus,Alterileibacterium,Lactonifactor,Ruminococcus_B,UBA7702,MGYG000002010,Acetivibrio_A,UMGS172,SCN-57-10,Arcanobacterium_A,Enterococcus_B,UCG-010,Succiniclasticum,DTU089,CAG-177,MGYG000000387,UBA11471,UMGS1441,Bacteroides,Succinatimonas,Emergencia,UMGS263,CAG-451,Eubacterium_F,NC2004,UMGS1375,MGYG000003490,UMGS1109,Stoquefichus,Oscillibacter,Ligilactobacillus,MGYG000003297,Epilithonimonas,CAG-1031
rep148_seed2173	Kluyvera,Varibaculum,CAG-533,Leptotrichia,Intestinimonas,Haemophilus_A,UBA10281,CAG-488,MGYG000002010,Mesosutterella,HGM11368,CAG-557,UMGS1397,HGM11386,CAG-274,CAG-145,CAG-603,Enterococcus_B,Granulicatella,Fusobacterium_B,Nitratidesulfovibrio,UBA644,UBA2883,UBA1181,RF16,MGYG000004874,UMGS1518,UMGS172,HGM10836,SFLA01,VSOB01,Odoribacter,KM106-2,Dielma,UBA1752,HGM11588,Marseille-P4683,UBA1191,UMGS1002,Victivallis,UBA9502,Hungatella_A,MGYG000004172,UBA2856,UMGS1490,HGM11788,Anaeromassilibacillus,Coprococcus,Alterileibacterium,Lagierella,Enterocloster,UBA9506,Staphylococcus,CAG-451,UBA4644,UBA11940,Prevotellamassilia,NK3B98,Atlantibacter,Lawsonibacter,Paenibacillus,MGYG000000674,Intestinibacter,Parabacteroides,Kallipyga,Bacillus_J,Citrobacter_A,CAG-617,Zag111,Lancefieldella,Veillonella,Weimerbacter,CAG-877,UBA1786,HGM11523,Haemophilus_D,Clostridium_A,RC9,Merdibacter
rep149_seed2174	MGYG000000346,UMGS911,CAG-510,CAG-269,Desulfovibrio,UMGS902,HGM12814,UBA7702,Bilophila,UMGS1670,Mixta,UMGS1688,Eubacterium_J,1XD42-69,UMGS403,OF09-33XD,CAG-1427,Moellerella,UMGS1783,UMGS268,UBA1737,SFGY01,UMGS1611,UMGS995,HGM12669,UBA6398,Massilicoli,UMGS416,UMGS1600,Hungatella,CHH4-2,CAG-196,Enterocloster,Fusobacterium,RUG572,HGM11788,MGYG000002685,UBA3402,UBA9506,CAAEEV01,Ligilactobacillus,CAG-83,PeH17,UBA1394,UBA4285,UMGS1004,MGYG000003270,Cloacibacillus,Enterococcus_B,Stenotrophomonas,UMGS1388,Eubacterium,Pygmaiobacter,UBA3388,Clostridium_AP,UMGS75,CAG-41,Citrobacter_A,Enterococcus_A,Mobilibacterium,Marseille-P3106,MGYG000004029,Lachnoclostridium_B,MGYG000004660,MGYG000004112,Barnesiella,CAG-484,Sodaliphilus,UMGS882,Extibacter,Ruminococcus_E,Haemophilus_D,Ruminococcus,HGM12650,UBA11512,Weissella,NSJ-63,UMGS1002,Anaerofustis
rep150_seed2175	RUG13868,GCA-900066495,CAG-110,Duncaniella,Gastranaerophilus,Weizmannia,Raoultibacter,43-108,Garciella,HGM13862,UBA10677,Firm-11,An172,Lentilactobacillus,UMGS1572,UMGS1815,JAAYBB01,Eubacterium_I,Faecalibacterium,UMGS1279,Parolsenella,UBA11452,Clostridium_AQ,An181,Pseudomonas_E,Staphylococcus,Franconibacter,Citrobacter_B,Enterococcus_G,MGYG000003855,HGM11530,Ruminococcus_D,Leclercia,UMGS1387,Blautia,HGM12587,Clostridium,Beduini,UMGS1600,Lacticaseibacillus,RUG420,Murdochiella,Kallipyga,QANA01,Fusobacterium_B,Pediococcus,CAG-495,Oribacterium,UBA1232,UBA4716,Stomatobaculum,Caecibacter,UBA3402,1XD42-69,UBA3282,Anaerotruncus,UMGS1004,SFEL01,Anaeroglobus,Leuconostoc,Ruminococcus_C,Amedibacillus,UBA1820,RUG572,UMGS2037,Kosakonia,UBA1390,HGM13618,ER4,Fusobacterium,MGYG000002683,Acidovorax,QAMX01,Lachnoclostridium_B,Peptoniphilus_E,CAG-1000,Sodaliphilus,CAG-776,Lachnospira
rep151_seed2176	AM51-8,Mitsuokella,S5-A14a,HGM11808,Ruthenibacterium,CAG-1000,Campylobacter,UBA11774,CAG-269,MGYG000003970,CAG-272,Enteroscipio,Brachyspira,Sneathia,CAG-314,UMGS1623,Exiguobacterium,CAG-831,UBA1181,UBA3388,Massiliomicrobiota,Gabonibacter,Enterobacter,MGYG000000587,Blautia,NC2004,RUG14107,Enterocloster,Lacrimispora,MGYG000004061,Monoglobus,CAG-452,UMGS1224,HGM12814,Duodenibacillus,CAG-449,MGYG000002797,51-20,CAG-303,UBA2821,UMGS2016,UBA6984,CAG-194,UMGS599,Leclercia,HGM12998,GCA-900066495,Fusobacterium_C,CAG-448,CAG-877,NSJ-50,Enterococcus_B,Marvinbryantia,UMGS1901,UMGS1071,Parabacteroides,Porphyromonas,MGYG000000286,CAG-841,UMGS1225,Anaerococcus,Eubacterium_I,UBA6345,Hydrogeniiclostridium,UBA2856,Bacilliculturomica,Lachnoanaerobaculum,D5,Longicatena,Ruminococcus_A,Merdibacter,Mediterraneibacter,MGYG000002010,Parasutterella,Peptostreptococcus,Paramuribaculum,UMGS1795,Franconibacter,Coprococcus
rep152_seed2177	Clostridium_P,HGM11808,Companilactobacillus,Mitsuokella,Actinomyces,Acidovorax,UBA945,HGM11616,CAG-1024,GCA-900066755,UBA1711,Lachnospira,Yokenella,Pseudoruminococcus,UMGS1603,Anaerostipes,CAG-313,UBA7057,Clostridium_AP,Zag1,Eggerthella,MGYG000004445,UBA5394,Phoenicibacter,Enterococcus_G,JAAYBB01,MGYG000004660,Bulleidia,Ruminococcus,HGM11530,Staphylococcus,CAG-417,UBA1191,UMGS1613,CAG-317,CAG-194,MGYG000000346,QANG01,Peptoniphilus_C,RQCD01,Ruminococcus_G,AF33-28,HGM13222,Marseille-P4683,Anaerotignum,MGYG000004547,CAG-776,CAG-302,Ruminococcus_B,Odoribacter,Cronobacter,Merdibacter,Lysinibacillus,HGM10836,Ruminiclostridium_E,Pseudoflavonifractor,Kallipyga,Bruticola,Lachnoclostridium,CAG-724,UMGS1633,CAG-533,Ellagibacter,SFEL01,Oxalobacter,Ruminococcus_F,Victivallis,Muribaculum,Ralstonia,Mobilibacterium,UMGS1766,Eubacterium_T,UBA5416,An92,UBA1829,Enterobacter,Duncaniella,CAG-485,CAG-1031
rep153_seed2178	RQCD01,Negativicoccus,Superficieibacter,Bacteroides_F,Eubacterium_I,UBA2821,Oribacterium,CAAHEQ01,S5-A14a,UBA6398,HGM11501,RUG472,UBA7160,HGM11588,UBA1394,Caproiciproducens,UBA1820,Gemella,MGYG000002758,Anaeroglobus,Fusobacterium,Faecalitalea,UBA5394,Enterococcus_B,CAG-488,CAG-269,1XD42-69,UBA7597,GCA-900066135,Amedibacterium,SFDB01,CAG-110,HGM11788,UMGS856,Raoultibacter,Lysinibacillus,MGYG000004727,Aeromonas,51-20,UMGS416,MGYG000002575,Lactococcus,UMGS1387,Nitratidesulfovibrio,Phil1,RUG11247,UBA7185,Barnesiella,CAG-238,MGYG000002216,Stoquefichus,Anaerotignum,MGYG000003270,Cedecea,MGYG000004850,MGYG000000346,UMGS874,UMGS1601,UMGS1225,HGM13618,MGYG000000387,Ruminococcus_G,Coprobacter,Firm-07,Scardovia,Clostridium_E,UMGS75,CAG-279,Salinicola,CAG-873,SFVR01,UBA7488,Fusobacterium_C,UMGS1590,Peptococcus,CAG-1031,QAKW01,CAG-115,UMGS1474
rep154_seed2179	Desulfovibrio,Longibaculum,HGM12650,UMGS1820,MGYG000001871,HGM12713,Merdibacter,GCA-900066495,CAG-45,UMGS1532,KLE1615,Caecibacter,MGYG000000745,HGM11514,Leptotrichia,Holdemania,UMGS973,CAG-793,UBA6382,UBA1731,Parasutterella,WG-1,AF33-28,UMGS1052,CAG-475,Merdimonas,UMGS1611,MGYG000004171,43-108,Leminorella,UCG-010,MGYG000004660,Escherichia,Clostridium_N,Hungatella,Massilioclostridium,Methanosphaera,Akkermansia,Bacillus_J,UMGS1600,Terrisporobacter,Enterobacter_A,Collinsella,Klebsiella,PeH17,HGM13862,Lachnoclostridium_B,Schaedlerella,Olsenella_B,MGYG000000574,UBA7182,Zag111,Succinatimonas,UMGS1613,UBA1206,Ruminococcus_C,Anaerosalibacter,Ellagibacter,Peptococcus,F0422,CAG-831,CAG-484,UMGS1670,UBA11512,MGYG000000425,Eubacterium_I,Corynebacterium,Angelakisella,UMGS1623,Cutibacterium,Ralstonia,Holdemanella,Companilactobacillus,Lactonifactor,Hydrogeniiclostridium,Morganella,RUG11200,Clostridium_Q,TM7x
rep155_seed2180	HGM13233,Yersinia,Muricomes,UMGS1224,NSJ-62,UBA1417,HGM11507,UMGS1590,GCA-900066495,Adlercreutzia,CAG-449,UMGS1839,Porphyromonas_A,Anaeroglobus,UMGS1322,UMGS1326,Phoenicibacter,Fusobacterium_A,QAMM01,UBA3282,Mailhella,Clostridium_F,Coprococcus,Emergencia,RUG472,Arabia,Dysgonomonas,SFJ001,Staphylococcus,Negativicoccus,Clostridium_J,Exiguobacterium,Coprobacter,Ruminococcus_D,ER4,CAG-45,UMGS1312,Anaeromassilibacillus,Enterococcus_D,Bulleidia,Schaedlerella,Bruticola,HGM13634,Actinobaculum,Phytobacter,Methanosphaera,Ruminococcus,CAG-177,CAG-791,Niameybacter,Campylobacter_B,UMGS1872,Acidaminococcus,Johnsonella,An92,UMGS1633,Cedecea,UMGS1851,CAG-964,Eubacterium_G,UMGS1490,UMGS1307,NSJ-63,Enterococcus_C,UBA1691,HGM13222,QALR01,UMGS363,Selenomonas_A,SFFH01,UMGS1783,MGYG000004556,Clostridium_AP,Muribaculum,UMGS1781,Mesosutterella,Hydrogeniiclostridium,CAG-1193,MGYG000001903
rep156_seed2181	Actinobaculum,HGM12998,TM7x,Amedibacillus,SFFH01,Stomatobaculum,UBA4871,QAKS01,UBA7185,AM07-15,CAG-353,UMGS905,UMGS1109,UBA1234,Ruminococcus_B,Peptostreptococcus,CAG-45,Murimonas,Garciella,QALW01,HGM13006,CAG-449,HGM11616,Oscillibacter,CAG-41,QALR01,Olsenella_E,Marseille-P3106,UBA1777,HGM11368,Franconibacter,CAG-594,Phocea,Phytobacter,UMGS1490,MGYG000002075,UMGS1976,QANG01,UBA636,CAG-81,UMGS1883,Negativicoccus,UBA7182,CAG-245,GCA-900066905,HGM12650,UMGS882,Anaerococcus,CAG-724,Christensenella,Marseille-P4683,CAG-831,QAMM01,UBA5920,Pseudomonas_E,Anaerofustis,UMGS1251,MGYG000000456,Ruminococcus_G,UBA737,MGYG000000587,UMGS1418,NSJ-63,GCA-900066135,UBA4855,Anaerostipes,Parasutterella,CAG-1193,Edwardsiella,MGYG000003297,CAG-557,HGM11530,Paraprevotella,UMGS1783,MGYG000004547,Acetatifactor,Citrobacter,UMGS363,UMGS1613
rep157_seed2182	CAG-1000,Butyricicoccus_A,RUG13868,MGYG000003945,UBA11524,UBA11774,UMGS1241,UBA1390,Weizmannia,Mobiluncus,CAG-170,UBA2883,Mobilibacterium,UBA9414,Bilophila,CAG-288,UBA1777,Leuconostoc,UBA1737,Finegoldia,NSJ-38,HGM11530,Gordonibacter,MGYG000002075,UBA5884,CAG-488,Anaerosacchariphilus,Prevotella,UMGS1388,Akkermansia,Selenomonas_C,Enterococcus_C,Veillonella,HGM14224,Anaerococcus,UMGS75,Slackia,Ezakiella,Aneurinibacillus,Pyramidobacter,CAAEEV01,Coprococcus,Olsenella_B,MGYG000003490,Catenibacterium,UMGS1540,UMGS1864,UMGS1532,UMGS856,UMGS911,Firm-07,MGYG000000574,QAMX01,CAG-533,Lawsonella,UMGS1491,Ruminococcus_F,Fusobacterium_C,UBA1685,UMGS1338,CAG-582,RUG11200,Anaerosporobacter,CAG-390,UMGS263,UBA10281,MGYG000002702,Citrobacter_B,Fannyhessea,UMGS1397,Ruminococcus_B,Faecalibacillus,MGYG000002216,UMGS1880,Vibrio,UBA10677,Merdimonas,Anaeroplasma,MGYG000003305
rep158_seed2183	HGM13618,Peptococcus,HGM13006,UBA7173,Negativibacillus,UMGS1490,Clostridium_B,MGYG000004094,HGM11417,Neobittarella,Clostridioides,Rubneribacter,Methanobrevibacter_A,UMGS1590,QALR01,Adlercreutzia,UMGS1994,HGM11788,UMGS1202,UMGS1540,SFMI01,Lactococcus,An181,UBA2882,UMGS1537,1XD42-69,D5,UBA1822,CAG-521,Yersinia,NSJ-63,MGYG000000674,DTU089,CAG-41,Mailhella,Chimaeribacter,UBA11512,RUG806,Extibacter,Anaerostipes,Emergencia,Morganella,Vibrio,Klebsiella_A,Anaerotruncus,MGYG000000387,Porphyromonas_A,CAG-710,MGYG000002683,Escherichia,Ruminococcus_F,UMGS124,Mitsuokella,Fannyhessea,UMGS1491,UBA737,Anaerotignum,UMGS416,UBA4871,UMGS1820,Paraeggerthella,Clostridium_N,Parabacteroides,Alterileibacterium,Succiniclasticum,UBA1394,UMGS1613,Clostridium_P,Zag111,MGYG000000346,Clostridium_Q,Ruminiclostridium_E,Massilicoli,UBA9414,Angelakisella,HGM11588,Gemmiger,Enteroscipio,UBA5416
rep159_seed2184	AM51-8,UBA5809,Companilactobacillus,Kosakonia,MGYG000000745,RQCD01,RUG410,RUG131,Clostridium_AP,SFGY01,Campylobacter,Fannyhessea,HGM13233,Firm-07,HGM04593,AM07-15,MGYG000002719,Ezakiella,UMGS1441,UMGS268,UMGS905,UBA11774,CAG-95,JAAYBB01,UMGS1810,Stomatobaculum,PeH17,CAG-217,CAG-521,UBA636,NK4A136,Bruticola,Emergencia,Flavonifractor,Tidjanibacter,Enterococcus_G,Lancefieldella,KM106-2,Citrobacter_A,Stenotrophomonas,Yokenella,Catenibacterium,CAG-269,Scardovia,RUG14107,UBA3388,QALW01,UMGS1872,Anaerobutyricum,Succinatimonas,UMGS416,CAG-822,Longicatena,CAG-465,CABIZH01,NSJ-38,Peptoniphilus_B,Citrobacter,Blautia_A,UBA11512,UBA9414,SFDP01,Rubneribacter,GCA-900066755,Alterileibacterium,Methanobrevibacter_A,Butyricimonas,Eubacterium,UBA6984,UMGS1858,UMGS946,UMGS1224,CAG-317,Peptacetobacter,UMGS1472,CAG-841,UMGS1603,QALR01,HGM11327
rep160_seed2185	Absicoccus,Faecalicoccus,RUG11198,Acetivibrio_A,UBA9506,Coprobacillus,UMGS1600,UMGS1865,Eubacterium_T,UBA1737,Mixta,QAKD01,UMGS1688,Aggregatibacter,VUNA01,MGYG000003289,D5,CAG-964,UMGS1781,UBA2882,Coprococcus,Enterococcus_D,Yokenella,CAG-452,Monoglobus,CAG-110,CAG-484,CAG-590,Pluralibacter,Senegalimassilia,CAG-449,Eikenella,UBA1390,UBA4334,Clostridium_P,Ruminococcus_C,UBA1820,Bacillus_J,UMGS929,Christensenella,HGM13010,HGM13634,SFFS01,Mailhella,Franconibacter,Enterococcus_C,CAG-81,MGYG000000390,Phascolarctobacterium_A,QAMM01,Campylobacter_A,UBA4855,Ruminococcus_F,NSJ-32,SFHK01,Scardovia,Lentilactobacillus,Slackia,Akkermansia,MGYG000000587,CAG-314,UMGS1474,Pseudomonas_R,Neobittarella,SFTJ01,Campylobacter,Fannyhessea,Rikenella,UBA11940,Pseudomonas_E,UBA866,Leminorella,Enorma,Hungatella,Neisseria,Enteroscipio,UBA1691,Fusobacterium_B,Raoultibacter
rep161_seed2186	HGM13634,KM106-2,Hungatella_A,RUG13868,UMGS1668,DTU089,MGYG000003855,RUG806,CAAEEV01,UBA1786,Kosakonia,Clostridium_AP,UBA7748,UBA1390,Fusobacterium,Anaerosporobacter,UBA6345,Barnesiella,Phascolarctobacterium,Muricomes,Anaerosalibacter,UBA5416,UBA4855,Prevotella,UMGS911,QALS01,Amedibacillus,Anaerotignum,UBA1829,Rubneribacter,Dielma,Tidjanibacter,UBA1234,HGM11372,Eubacterium_I,OM05-12,UBA4871,Johnsonella,Fusobacterium_C,UMGS1384,RUG472,Longibaculum,UMGS1441,UMGS1490,Latilactobacillus,UBA11774,MGYG000002702,UMGS1883,AF33-28,Acidaminococcus,Firm-11,CAG-594,UMGS1591,Erysipelatoclostridium,Megasphaera,Turicibacter,Anaerocolumna,UBA5446,Clostridium_E,Lachnoclostridium_A,UBA7182,HGM12789,Massilimaliae,Collinsella,Stenotrophomonas,CAG-632,Clostridium_X,RC9,UMGS1933,Lactococcus,UMGS1663,Odoribacter,MGYG000000674,Leminorella,MGYG000000574,UBA4372,UMGS1688,Limosilactobacillus,Gabonibacter
rep162_seed2187	RUG11247,Neisseria,UBA11452,Lentilactobacillus,UMGS856,F0040,HGM13634,UMGS1518,UMGS2055,UMGS1052,Schaedlerella,CAG-452,HGM13233,Paenibacillus_A,Peptoniphilus_A,Mixta,Intestinimonas,CAG-1427,Raoultella,UBA4871,Monoglobus,KLE1615,UBA11512,Arcanobacterium_A,Neobittarella,Eubacterium_F,Pauljensenia,Rothia,SFJ001,Collinsella,CAG-884,Clostridium,Peptoniphilus_E,Olsenella_E,Eubacterium_T,43-108,Romboutsia,Fusobacterium_A,CAG-1024,Lachnoclostridium_A,Enorma,UMGS1872,CAG-349,Varibaculum,Phascolarctobacterium_A,AM07-15,Pluralibacter,Parabacteroides,MGYG000004061,RC9,Anaerococcus,Latilactobacillus,Gabonibacter,Enterococcus_G,Klebsiella,Clostridium_B,UMGS1491,Anaerosalibacter,UBA866,UMGS1601,Slackia,Methanosphaera,UBA1685,Anaerosporobacter,CABIZH01,Succinatimonas,UMGS946,UMGS1388,Leclercia,Butyricimonas,GCA-900066135,Acidaminococcus,Phil1,Mediterraneibacter_A,MGYG000001871,F082,UBA10281,UMGS2037,Eggerthella
rep163_seed2188	Hydrogeniiclostridium,Alterileibacterium,UBA738,Kallipyga,UMGS882,MGYG000004556,UMGS1491,UBA11940,UMGS1441,Anaerotignum,CAG-590,Oscillibacter,Anaerobutyricum,CAAHEQ01,Phocea,Flavonifractor,Anaeroglobus,Clostridium,HGM11416,CAG-617,UBA1394,Haemophilus_D,SFVR01,CAG-41,Zag111,Olsenella,Ruminococcus_E,HGM14224,Weizmannia,CAG-180,NSJ-61,MGYG000004094,UBA1711,HGM12789,CACZQA01,MGYG000001871,UBA1777,CAG-510,QALW01,Lacrimispora,RUG100,Enterobacter_D,NK4A136,CAG-194,MGYG000004443,Intestinibacter,CAG-269,Bittarella,Fusicatenibacter,UMGS1840,Lachnoclostridium_A,Eubacterium_G,HGM13006,UMGS1603,SFHK01,MGYG000000350,Campylobacter_B,UBA11524,HGM10836,UBA1234,Neobacillus,Peptacetobacter,VUNA01,UBA9506,HGM12713,Catenibacterium,UMGS1851,Amulumruptor,Eubacterium_I,Porphyromonas,UMGS1418,Lachnoanaerobaculum,MGYG000004380,Dialister,Coprococcus_A,Clostridium_B,MGYG000004061,UMGS1865,Faecalibacterium
rep164_seed2189	Bacilliculturomica,HGM11523,Megasphaera,UMGS692,UMGS1441,Mitsuokella,Robertmurraya,Lactobacillus,NSJ-61,DTU089,Pseudomonas,QANG01,UMGS911,UMGS577,Succinatimonas,UMGS2016,Mediterraneibacter_A,Anaerococcus,SFGY01,CAG-1193,MGYG000000390,UBA9506,UMGS1572,UMGS1397,UMGS1883,HGM11501,HGM11514,Aggregatibacter,Actinobaculum,Frisingicoccus,UBA1191,MGYG000004229,Alistipes,UBA6857,GCA-900066755,Allisonella,Eubacterium_R,Gordonibacter,UBA5920,UMGS1225,QAMH01,CAG-1000,UMGS1071,Anaerofustis,RUG12045,Granulicatella,MGYG000004380,Oribacterium,Aneurinibacillus,UMGS172,MGYG000004127,Phytobacter,Erysipelatoclostridium,Paenibacillus,Yokenella,RUG13868,SFVR01,MGYG000004133,OM05-12,UMGS1820,Lawsonella,GCA-900066135,Gemella,CAG-272,Faecalimonas,UC5-1-2E3,Anaerobutyricum,UBA11471,CAG-465,Flavonifractor,UMGS1600,QALS01,Ruminococcus_G,Clostridioides,HGM13010,UMGS929,CAG-349,CAG-115,CAG-485
rep165_seed2190	UBA2882,1XD42-69,SFDP01,Cutibacterium,Latilactobacillus,NSJ-50,UCG-010,UBA7488,UBA11517,Eubacterium,TM7x,UMGS1572,Zag111,GCA-900066755,CAG-196,Sellimonas,Escherichia,MGYG000002075,UMGS1839,UMGS1600,UMGS403,CAG-317,Cellulosilyticum,Eubacterium_T,MGYG000002696,Hungatella,HGM13862,CAG-762,UBA1232,CAG-180,Megamonas,Bacteroides,CHH4-2,HGM11501,Ruminococcus_D,HGM10836,Eikenella,Methanobrevibacter_A,Emergencia,Bacteroides_F,CAG-1031,Arabia,Gastranaerophilus,CAG-411,CAG-1193,HGM11521,Intestinimonas,Pantoea,Allisonella,Massilioclostridium,CAG-460,UMGS1623,UMGS1253,Turicibacter,MGYG000004556,UBA7748,Dysgonomonas,CAG-303,Lachnoclostridium,UBA3402,SFMI01,HGM12587,Absicoccus,UBA6382,Oribacterium,MGYG000003945,Enterococcus_G,Flavonifractor,CAAHEQ01,Murimonas,NC2004,Veillonella,HGM05232,UBA6398,UMGS1976,Alistipes_A,Faecalibacillus,UMGS1387,CAG-95
rep166_seed2191	UMGS1865,Hungatella_A,Staphylococcus,UMGS1384,Anaerococcus,UBA5905,Paraclostridium,KLE1615,OM05-12,UBA5026,Ruminococcus,CAG-354,UMGS1487,CAG-841,UMGS1307,MGYG000000390,Parasutterella,Lactococcus_A,RUG410,Butyrivibrio_A,Lacticaseibacillus,MGYG000002685,OF09-33XD,MGYG000004171,SFEL01,Leuconostoc,UMGS1241,CAG-145,Bacilliculturomica,Pauljensenia,UMGS911,MGYG000001871,Clostridium_AQ,SFFH01,Zag1,UMGS1839,Lactococcus,Victivallis,Hydrogeniiclostridium,HGM11788,UMGS1572,UBA3263,Lachnoanaerobaculum,CAG-95,CAG-217,UMGS1851,CAG-582,Selenomonas_A,UMGS1441,UMGS1397,VUNA01,Lachnoclostridium_A,UMGS856,CAG-279,MGYG000000387,UMGS1795,Eubacterium_G,UMGS1633,UBA11517,Caecibacter,Anaerotignum,Pseudomonas_R,HGM11575,CAG-710,Eubacterium_T,An172,Intestinimonas,UBA1181,Olsenella_B,Finegoldia,UMGS1225,CACZQA01,Fusobacterium_C,UBA3631,UBA1777,RUG11247,CAG-475,UMGS1880,Salinicola
rep167_seed2192	UBA940,CAG-417,Proteus,QAKS01,An181,UMGS929,NK4A136,NSJ-32,Lacticaseibacillus,Eubacterium_I,CAG-317,UMGS1202,UMGS680,Pauljensenia,Massilistercora,Rubneribacter,UMGS1474,Eubacterium_G,HGM11417,CAG-617,UMGS1490,Dialister,UMGS902,HGM14224,UBA1711,UBA11517,Emergencia,UMGS1388,UBA7182,CAG-822,Campylobacter_B,Agathobacter,Lentilactobacillus,UBA1181,Dorea,Hafnia,MGYG000003305,Eubacterium_R,QAMX01,Bacilliculturomica,Veillonella_A,Aggregatibacter,CAG-288,Enterococcus_G,MGYG000004133,Pseudomonas_R,Eubacterium_T,DUOT01,UMGS1518,UMGS1253,UBA5884,Salinicola,UMGS1251,QAMH01,UBA636,MGYG000000456,CAG-475,Lysinibacillus,Companilactobacillus,Flavonifractor,SFLA01,CAG-724,KLE1615,Phil1,HGM10836,SFDB01,Mitsuokella,HGM11327,UMGS1603,UBA1409,HGM11416,Fannyhessea,Extibacter,ER4,Varibaculum,UMGS1418,UBA1234,UMGS1572,Mobiluncus
rep168_seed2193	Porphyromonas,CAG-628,UBA11512,CAG-791,Anaeroglobus,Yokenella,Clostridium_N,UBA5416,MGYG000000505,UBA4372,Paenibacillus,MGYG000004604,MGYG000003297,JAAYBB01,QALS01,Harryflintia,Alloscardovia,Akkermansia,HGM11523,UMGS1795,Zag1,Neobacillus,UBA6398,RUG115,QANA01,CAG-417,Butyricimonas,Rothia,Longibaculum,CAG-95,Cloacibacillus,UBA7173,UBA7597,Gabonibacter,Selenomonas_C,RUG705,UMGS1071,TF01-11,Slackia_A,Marseille-P3106,Plesiomonas,UBA6345,UBA10281,UMGS403,Pseudoflavonifractor,MGYG000003970,Providencia,UMGS1109,UMGS1613,Ralstonia,UMGS1880,Murdochiella,Limosilactobacillus,UBA738,Absicoccus,HGM11417,Citrobacter_A,UMGS1004,MGYG000004029,DTU089,Peptacetobacter,Lysinibacillus,UBA1820,Phoenicibacter,UMGS1384,CAG-873,Treponema_D,Beduini,Pantoea,Edwardsiella,UMGS1202,Niameybacter,Clostridium_X,Sutterella,CAG-273,Bilophila,Epilithonimonas,Bacteroides,UBA7488
rep169_seed2194	MGYG000000350,MGYG000004547,Alterileibacterium,MGYG000004229,Escherichia,Enorma,Succinatimonas,CAG-628,Azonexus,CAG-194,RUG806,Dielma,UBA1390,Duodenibacillus,Oxalobacter,UMGS856,UMGS1826,Senegalimassilia,MGYG000002216,Bacteroides,MGYG000001871,UMGS1815,CAG-349,CAG-762,CHH4-2,Garciella,CAG-353,UMGS1865,MGYG000002685,Marvinbryantia,Aeromonas,Fusobacterium_B,Citrobacter_A,CAG-115,CAG-272,TWA4,MGYG000004061,Sporanaerobacter,Eikenella,UBA644,CAG-484,Faecalicoccus,Phytobacter,S5-A14a,RUG115,Aneurinibacillus,UBA738,Fannyhessea,Dialister,HGM11416,Leclercia,UBA1691,UBA7182,UBA9475,CAG-288,Hungatella_A,Amedibacterium,UBA1737,CAG-884,CAG-617,Arcanobacterium_A,HGM14224,CAG-590,Bilophila,Frisingicoccus,Eubacterium_F,HGM12713,Anaerococcus,UMGS1590,SFFH01,Lactobacillus,UBA7185,F082,Porphyromonas,HGM13634,UMGS1976,UMGS1326,UMGS1384,TM7x
rep170_seed2195	Emergencia,CAG-411,CAG-56,Massilimaliae,UMGS1477,UBA1234,UMGS966,RUG14107,Granulicatella,CAG-41,Duodenibacillus,Faecalitalea,Hungatella_A,CAG-196,HGM11386,UMGS1611,UMGS577,Citrobacter,UBA5905,NSJ-50,Beduini,Haemophilus_D,RUG131,UBA1232,Coprococcus_A,Oribacterium,Merdibacter,UMGS1668,Salmonella,UBA11940,Ruminococcus_A,Phytobacter,HGM05232,Pauljensenia,Methanosphaera,Pseudescherichia,Marvinbryantia,UBA6984,GCA-900066755,UBA1731,CAG-628,UMGS1253,CAG-45,CAG-495,Parolsenella,Flavonifractor,Weimerbacter,UBA5394,Enorma,CAG-353,MGYG000004094,Enterococcus_C,Exiguobacterium,MGYG000002696,CAG-177,CAAEEV01,UMGS1225,CAG-873,Pseudomonas_R,Weizmannia,Limosilactobacillus,Phocaeicola,CAG-115,Sneathia,Chimaeribacter,Slackia,MGYG000002575,Harryflintia,CAG-841,MGYG000004029,QAMM01,Lachnoclostridium_B,Peptoniphilus_C,Ruthenibacterium,Tidjanibacter,MGYG000004380,QALS01,UBA3631,HGM11514
rep171_seed2196	Cedecea,CAG-1427,Dialister,An181,UBA9506,Pluralibacter,UMGS1851,MGYG000001871,UBA636,UMGS403,43-108,SFVR01,NC2004,MGYG000000378,Massilicoli,Acutalibacter,Holdemania,UMGS1994,MGYG000000745,HGM12713,Phocaeicola,UMGS1052,MGYG000004874,CAG-349,UBA4716,Lancefieldella,CAG-488,UBA737,Fusicatenibacter,RUG410,RUG705,Oscillibacter,UBA1191,CAG-354,Mobiluncus,Ruminococcus_C,Exiguobacterium,UBA5905,UMGS599,SFLA01,Aggregatibacter,HGM13222,UMGS2037,CAG-628,Sneathia,Slackia_A,CAG-582,CAG-1000,Brachyspira,Enterococcus_B,Cetobacterium_A,Hafnia,Eubacterium_G,Butyricicoccus_A,Atlantibacter,Desulfovibrio,Latilactobacillus,RUG11200,Christensenella,UBA945,Coprococcus,CAG-170,MGYG000004133,QANA01,Prevotella,MGYG000000505,UMGS1815,CAG-353,HGM13618,CAG-485,UMGS1781,HGM11588,Bruticola,MGYG000004850,Morganella,Enorma,AF33-28,Intestinibacter,Enterobacter
rep172_seed2197	PeH17,Negativicoccus,Enterobacter,UBA10677,UBA940,UMGS1474,CAG-776,Cutibacterium,MGYG000004094,Firm-10,UMGS1883,UMGS1251,Bittarella,Butyricicoccus_A,Holdemanella,CAG-313,Porphyromonas,UMGS1603,Brachyspira,MGYG000000346,VUNA01,Gordonibacter,Clostridium_Q,Bacillus_J,MGYG000004556,Acetatifactor,Ruminococcus_B,NSJ-38,UMGS1279,UMGS1375,Campylobacter,Lacticaseibacillus,Escherichia,Phil1,MGYG000000728,Chimaeribacter,SFDP01,Pediococcus,Phocea,Anaerosalibacter,HGM13233,MGYG000002696,SCN-57-10,Sutterella,Rikenella,SFVR01,UBA5446,Methanomassiliicoccus_A,UBA7173,Cedecea,UMGS1623,UMGS1052,Terrisporobacter,Fenollaria,Duodenibacillus,MGYG000001871,Salmonella,Weissella,Lawsonella,AM51-8,CAG-194,CAG-488,Fusobacterium,Streptococcus,UBA3402,MGYG000003490,Paenibacillus,HGM11507,UMGS1820,SFGY01,UBA1711,UBA4855,KM106-2,Selenomonas_C,CAG-302,RUG410,Campylobacter_B,Aneurinibacillus,RUG023
rep173_seed2198	Treponema_D,WG-1,HGM14224,Limosilactobacillus,Stenotrophomonas,Epilithonimonas,Anaerosacchariphilus,UBA3388,UBA6345,UMGS416,UMGS1397,CHH4-2,Porphyromonas,UBA4334,UMGS680,Borkfalkia,CAG-484,UMGS1004,MGYG000001903,Sutterella,UMGS1766,CAG-877,Pseudobutyrivibrio,QANG01,Phocaeicola,UMGS1312,Pradoshia,CAG-873,Alloprevotella,CAG-313,AM07-15,Faecalibacillus,Phil1,Duodenibacillus,Lactococcus_A,CAG-724,NC2004,CAG-83,UMGS172,UBA11524,Varibaculum,CAG-791,HGM10836,Oribacterium,Bacteroides_F,Acidaminococcus,Blautia_A,UMGS929,CAG-448,MGYG000003297,UBA11774,CAG-177,UMGS966,Pauljensenia,QALW01,Anaeromassilibacillus,Lawsonibacter,CAG-884,Eisenbergiella,Peptococcus,Arcanobacterium_A,UBA2882,VUNA01,An181,CAG-314,MGYG000000456,UMGS1994,RUG420,UBA3631,AF33-28,Dialister,UBA6382,UBA7057,UMGS1611,Paenibacillus_A,Lachnoclostridium,UMGS946,RUG12045,CAG-495
rep174_seed2199	CAG-83,Leuconostoc,Limosilactobacillus,Adlercreutzia,HGM11575,Brachyspira,UBA2856,UBA5884,RUG115,Massilimaliae,Streptococcus,Porphyromonas_A,UMGS856,RUG11200,UMGS1872,Mesosutterella,RUG420,UBA6345,Leptotrichia,VUNI01,Massilistercora,Latilactobacillus,UMGS1326,UMGS1668,Collinsella,MGYG000002696,Enterobacter_A,CAAEEV01,Eubacterium,UMGS1826,UBA4644,Stoquefichus,Plesiomonas,Negativibacillus,Anaerocolumna,Borkfalkia,QANG01,UBA9475,51-20,MGYG000002726,MGYG000002075,UMGS1933,An92,UMGS973,UMGS1279,Fusobacterium,Acidovorax,HGM12587,UMGS882,Clostridium_J,Lagierella,UMGS1441,UMGS1397,UMGS1312,UMGS1590,Peptoniphilus_B,UBA1232,Paraprevotella,Gemmiger,Anaerotignum,CAG-475,Succinatimonas,BX12,Stomatobaculum,Barnesiella,Peptoniphilus_E,Paenibacillus_A,Eubacterium_R,UBA1685,CAG-353,UBA7597,Massiliomicrobiota,Kosakonia,Christensenella,UMGS1472,HGM04593,UBA737,HGM12998,MGYG000002053
rep175_seed2200	Yokenella,UBA4855,UBA1731,Raoultella,HGM11327,UBA1191,HGM11514,Ruminococcus_D,GCA-900066135,UBA7702,UMGS1375,Duncaniella,UMGS1815,CAG-465,Clostridium_Q,UMGS973,HGM12713,Intestinibacter,Salmonella,Acidaminococcus,Anaerotignum,Veillonella,RUG11198,UBA1417,Massilioclostridium,CAG-1193,1XD42-69,RUG11200,Terrisporobacter,SFFS01,Clostridium_E,Coprobacter,Fournierella,SFJ001,Lachnoclostridium_B,UBA2821,UMGS902,CAG-460,UMGS1388,UBA5809,CAG-56,HGM13618,Merdibacter,MGYG000002053,MGYG000002075,UBA3402,UMGS1864,UBA7185,Peptoniphilus_C,UMGS1477,HGM12814,CAG-877,CAG-313,CAG-83,CAG-582,Ruminococcus_B,UMGS1384,UBA7597,UBA1685,Catenibacterium,Bacillus_A,Lachnoclostridium_A,Fusobacterium_B,UMGS1783,HGM11521,Leminorella,Paraeggerthella,Citrobacter,CAG-238,Pseudoflavonifractor,Blautia_A,UMGS1975,Dorea_A,Acetatifactor,Bittarella,UMGS1071,Ruthenibacterium,CAG-1427,Pyramidobacter
rep176_seed2201	Eubacterium_M,CAG-194,UMGS1590,Klebsiella_A,CAG-776,Oribacterium,SFLA01,UBA940,Pseudobutyrivibrio,UBA11471,UMGS874,Extibacter,Actinobaculum,RUG410,UMGS1663,CAG-462,Weimerbacter,HGM11575,Enterobacter_D,43-108,Prevotella,UMGS1668,CAG-628,Paraeggerthella,CAG-272,Pseudomonas_R,Lachnoclostridium_B,KM106-2,RUG705,MGYG000004445,CAG-273,CAG-964,VUNA01,Lancefieldella,Clostridium_A,CAG-314,Eikenella,Slackia_A,Fusobacterium_A,Fusicatenibacter,HGM11588,Eisenbergiella,Dysgonomonas,QAKS01,Slackia,UBA737,Brachyspira,Ruminococcus_C,Robertmurraya,OM05-12,UBA1752,Phocaeicola,MGYG000000728,MGYG000002702,Murimonas,Pantoea,UMGS973,SFDP01,UBA11524,MGYG000004127,Limosilactobacillus,Muribaculum,Paraprevotella,CAG-460,Paraclostridium,UMGS1633,UBA1711,CAG-317,Massilistercora,Eubacterium_G,CAG-603,UMGS1491,Catenibacillus,Neisseria,VSOB01,UMGS403,UBA4644,Faecalimonas,Azonexus
rep177_seed2202	F0422,Desulfovibrio,Butyricicoccus,Faecalimonas,Plesiomonas,UMGS1326,RUG11247,Peptostreptococcus,Leptotrichia,Campylobacter,Streptococcus,Eubacterium_M,UMGS1840,MGYG000004811,CAG-354,Neobittarella,GCA-900066135,Ruminococcus_C,Clostridium_AP,UMGS263,UMGS1397,Parvimonas,MGYG000002685,Dorea_B,MGYG000000587,UMGS1976,Faecalibacterium,UMGS1611,Eubacterium_F,SCN-57-10,CAG-269,HGM11501,Alistipes,MGYG000004112,Bilophila,TWA4,Fenollaria,Cutibacterium,MGYG000004556,Marseille-P4683,CAG-793,Veillonella_A,UBA7597,Campylobacter_A,Amedibacillus,Robertmurraya,CAG-145,Bacillus_A,CAG-177,MGYG000002797,Anaerofustis,CAG-841,UBA3263,Marseille-P3106,51-20,Catenibacillus,Porphyromonas,Cellulosilyticum,Yersinia,Faecalibacillus,Succinivibrio,UMGS1375,UBA6382,Acetivibrio_A,Butyrivibrio_A,Lactococcus,UMGS874,MGYG000002696,UMGS1663,UBA5905,Pseudomonas_R,Coprococcus,UBA4644,Sneathia,MGYG000000346,Megamonas,UMGS1002,UMGS1477,CAG-83
rep178_seed2203	UMGS1766,UMGS1601,Granulicatella,Paramuribaculum,Nitratidesulfovibrio,Enterococcus_A,MGYG000003289,Megasphaera,CAG-313,Beduini,RF16,Acutalibacter,UBA7102,Anaeromassilibacillus,QALS01,OM05-12,Slackia,UBA6398,UBA2883,UMGS403,Johnsonella,MGYG000002010,HGM12587,Marseille-P3106,Rahnella,CAG-632,Dorea,UMGS1880,UMGS1839,F0040,Clostridium_AP,Ezakiella,UBA1259,UBA1822,HGM05232,CAG-762,UBA1829,Alloprevotella,UBA6857,Brachyspira,HGM12957,Enterococcus_D,Cellulosilyticum,CAG-303,QAMH01,NSJ-63,CAG-390,HGM12998,MGYG000003970,Firm-07,RUG100,Hungatella_A,Longicatena,RUG572,CAG-484,MGYG000004029,CAG-1427,UMGS1487,CAG-354,Aggregatibacter,CAG-110,RUG806,Robinsoniella,Leclercia,Methanosphaera,CAG-533,Latilactobacillus,NSJ-50,JAAYBB01,Mobilibacterium,Massilimaliae,CAG-81,Eubacterium_J,Salinicola,MGYG000004660,Actinomyces,Exiguobacterium,UMGS1540,QALW01
rep179_seed2204	UBA7185,Catenibacterium,Christensenella,UMGS1611,VUNA01,Pygmaiobacter,Marvinbryantia,Peptococcus,UMGS1591,Salmonella,Bruticola,BX12,Clostridium_E,Negativibacillus,Merdibacter,Vibrio,CAG-411,UC5-1-2E3,Eubacterium_I,QANG01,UBA2856,Ralstonia,Yersinia,CAG-762,CAG-353,Caecibacter,CAG-484,Rikenella,MGYG000004556,HGM11530,UBA1829,CAG-1031,UMGS1864,UMGS1603,CAG-145,Lachnoclostridium,UMGS2037,QALS01,TF01-11,ER4,RC9,SFEL01,Weimerbacter,Leclercia,UMGS1572,Marseille-P4683,Haemophilus_D,Bacilliculturomica,CAG-41,UMGS1781,SFGY01,Massiliomicrobiota,Alloprevotella,Actinobaculum,MGYG000000350,UMGS577,Ligilactobacillus,Catenibacillus,Blautia_A,Lacrimispora,UMGS1326,HGM12650,CAG-56,UBA636,CAG-417,CAG-917,UMGS1441,HGM11368,MGYG000000387,Anaerobutyricum,UMGS1307,Selenomonas_A,UMGS1224,Fournierella,UBA738,UMGS1071,Ruminococcus,Bifidobacterium,Hafnia
rep180_seed2205	Duncaniella,Pluralibacter,VUNA01,Succinatimonas,UBA4334,UMGS1933,Enterococcus_A,UMGS1623,Eisenbergiella,MGYG000000390,Haemophilus,UMGS1004,Peptococcus,UMGS902,RUG11198,F0422,UMGS973,Oscillibacter,Butyricicoccus_A,UMGS75,Ruminococcus_E,Sutterella,UBA5446,Providencia,CAG-475,RUG572,Barnesiella,SCN-57-10,Hafnia,Massilioclostridium,CAG-1427,Niameybacter,MGYG000000346,QAKW01,HGM13862,QAKD01,Stomatobaculum,CAG-45,MGYG000002726,Lachnoclostridium_A,Anaerotruncus,Methanomassiliicoccus_A,Anaeroglobus,Rubneribacter,Romboutsia,UBA2821,Gordonibacter,Pseudomonas,1XD42-69,Parasutterella,Alistipes_A,Neisseria,Catenibacterium,UMGS911,UBA1786,UBA5026,MGYG000004811,Klebsiella,Cedecea,HGM11372,UMGS1251,UMGS1795,Alistipes,Peptoniphilus_A,UCG-010,Pyramidobacter,Lactonifactor,CAG-302,CAG-317,Clostridium_J,NSJ-38,Clostridium_N,CAG-791,UBA3402,MGYG000003970,UMGS692,Duodenibacillus,CAG-288,UBA3818
rep181_seed2206	Psychrobacillus,Exiguobacterium,AM51-8,HGM11514,UBA3263,Eggerthella,UMGS1002,UMGS1668,Dysosmobacter,Robertmurraya,UBA940,UBA1820,RUG13868,CAG-873,Eubacterium_T,UBA5920,Anaerobutyricum,NC2004,Merdibacter,UBA1234,MGYG000000587,Leuconostoc,Duodenibacillus,UBA9506,UBA1390,Bacillus_J,CAG-488,Pantoea,Lacticaseibacillus,UMGS1795,MGYG000000346,Pseudoruminococcus,CAG-313,MGYG000000390,CAG-884,UMGS1590,Anaerotruncus,Clostridium_J,UMGS1474,Turicibacter,D5,CAG-762,QAKD01,Limosilactobacillus,CAG-217,Borkfalkia,Massilioclostridium,CAG-964,Lagierella,CAG-317,WRGP01,MGYG000000387,Edwardsiella,UBA11524,UBA5446,UMGS874,F0422,NSJ-32,CAG-917,Pradoshia,RUG705,HGM13010,Weissella,Paenibacillus_A,Pseudoflavonifractor,Evtepia,UBA3818,RUG11198,UMGS1603,Ezakiella,HGM12957,UBA7173,HGM11588,MGYG000002683,Yokenella,MGYG000002797,Firm-11,CAG-45,UMGS1518
rep182_seed2207	CAG-177,HGM12789,HGM11788,UMGS1883,MGYG000003970,CAG-272,UBA1390,OM05-12,Cronobacter,Borkfalkia,Erysipelatoclostridium,Leclercia,Faecalimonas,Ruminococcus_G,CAG-288,CAG-41,GCA-900066495,Parvimonas,UBA3388,Gordonibacter,MGYG000004547,UBA6398,Slackia_A,UBA3631,UBA866,UBA1409,CAG-510,Massilicoli,CAG-273,Pseudobutyrivibrio,MGYG000002053,HGM13006,QAMM01,HGM10836,CAG-831,Mitsuokella,UMGS1202,Olsenella_E,UMGS1864,Ruminococcus_C,Collinsella,CAG-170,CAG-196,Acidovorax,Campylobacter_B,Christensenella,Vibrio,QANA01,RUG472,RUG410,UBA1234,UMGS973,Bilophila,Bacillus_A,Leptotrichia,HGM11507,Olsenella,Firm-07,CAG-411,Mobiluncus,UMGS1388,UBA1711,MGYG000003270,UBA1737,Anaerococcus,CAG-313,HGM14224,Clostridioides,RF16,F0040,CAG-791,CAG-557,UMGS856,Bacillus_J,TM7x,Pygmaiobacter,Ruminococcus_A,Oxalobacter,Pseudescherichia
rep183_seed2208	UBA3263,UMGS902,UMGS1225,Leclercia,Lawsonella,CAG-917,RUG100,Fannyhessea,Alloscardovia,UMGS416,HGM12998,NSJ-50,Clostridium_N,Ruminiclostridium_E,AF33-28,CAG-313,HGM11788,VUNA01,Actinobaculum,Pseudomonas_E,UBA1394,UMGS1872,AM07-15,UMGS1820,Negativibacillus,HGM11368,Merdimonas,Murdochiella,Eubacterium_J,UMGS1251,UMGS1590,SFFH01,Ruthenibacterium,UMGS1387,SFFS01,CAG-762,CAG-873,Sellimonas,Serratia,UBA9506,SFHK01,CAG-279,Holdemanella,CAAEEV01,CAG-349,UBA5920,CAG-302,SFVR01,UMGS1611,Tidjanibacter,HGM11523,Cellulosilyticum,Eubacterium_M,Firm-07,CAG-877,Enterocloster,NK4A136,Peptostreptococcus,MGYG000004874,Lentilactobacillus,Hungatella_A,Methanosphaera,HGM12650,Haemophilus,UMGS1766,UBA5884,1XD42-69,Clostridium_X,Mediterraneibacter_A,UMGS2016,UBA1829,Eikenella,51-20,Selenomonas_A,MGYG000002758,QAMX01,CAG-632,Zag111,UBA2882
rep184_seed2209	Finegoldia,HGM12998,Sodaliphilus,Paenibacillus,Lachnoclostridium,UBA7748,Faecalitalea,NSJ-32,RUG11198,Paraprevotella,CAG-279,CAG-180,UMGS1307,UBA3818,Lachnoclostridium_A,MGYG000002685,Acidaminococcus,HGM13222,Massilicoli,Neisseria,Porphyromonas,Phascolarctobacterium,UMGS1826,NSJ-50,UMGS1224,BX12,UBA1206,UBA4644,Eubacterium_T,Succinatimonas,RUG023,CAG-95,SFFH01,Limosilactobacillus,Actinobaculum,QALW01,Eubacterium_I,Rubneribacter,Anaerotruncus,UMGS995,CAAHEQ01,Eisenbergiella,CABIZH01,UMGS1851,HGM12587,UBA1822,MGYG000001871,MGYG000000390,CAG-841,Beduini,Peptoniphilus_B,CAG-631,CAG-303,1XD42-69,UMGS680,Faecalibacillus,Angelakisella,UBA1394,HGM11514,Barnesiella,MGYG000002683,UMGS1251,Ruminococcus,SFMI01,CAG-590,QAKW01,Faecalimonas,UBA1691,UBA3631,UBA3766,CAG-312,SFDB01,UBA5026,Anaerotignum,UMGS1975,Methanobrevibacter_A,UMGS874,Marseille-P4683,NK3B98
rep185_seed2210	UBA11524,Anaerotruncus,UBA2882,MGYG000002053,Cetobacterium_A,Eisenbergiella,UMGS902,Clostridium_B,UBA11774,UMGS263,Anaerofustis,CAG-274,Pantoea,CAG-81,Anaerobutyricum,UBA737,CAG-417,Emergencia,CAG-873,UBA1685,Cloacibacillus,Pseudomonas_E,Phascolarctobacterium_A,RUG572,Methanomassiliicoccus_A,Weimerbacter,MGYG000000587,Butyricimonas,HGM12650,GCA-900066135,CAG-884,UMGS1591,Anaerostipes,RUG705,Garciella,CAG-390,UBA940,UBA3263,UMGS966,F0422,Holdemanella,Porphyromonas_A,Cedecea,Enterococcus,CAG-103,Enterocloster,RUG100,UBA1181,UMGS2037,Marvinbryantia,CAG-762,Johnsonella,Firm-11,Eubacterium_J,Lagierella,UMGS1864,1XD42-69,Allisonella,UBA5394,Succiniclasticum,RUG806,Paraeggerthella,CAG-877,Lacrimispora,QAMM01,Dorea,HGM05232,Vibrio,MGYG000004811,MGYG000004029,Harryflintia,MGYG000000674,UMGS268,Kosakonia,Enterococcus_A,CAG-791,CAG-492,Muricomes,Treponema_D
rep186_seed2211	UMGS1688,CAG-484,UMGS172,UBA3766,Stomatobaculum,UMGS1600,Zag111,UBA11452,Pseudomonas_E,Bilophila,Absicoccus,SCN-57-10,Lachnoanaerobaculum,MGYG000000505,Clostridium_E,Klebsiella,MGYG000000390,Duncaniella,AM51-8,Peptoniphilus_C,MGYG000004443,Anaerosacchariphilus,UBA1740,Enterococcus_D,UMGS1418,CAG-312,Actinomyces,Dysgonomonas,UBA3818,UBA1777,GCA-900066905,Dorea,SFTJ01,UMGS1858,Intestinibacter,MGYG000002685,Ruminiclostridium_E,UMGS1224,UMGS599,Enterococcus_C,Ralstonia,UMGS1781,CAG-238,Slackia,Anaeroglobus,UBA7488,Faecalicoccus,UMGS1976,UMGS363,UBA7182,Finegoldia,UMGS1668,UMGS1388,Succinivibrio,Pluralibacter,Chimaeribacter,Marseille-P4683,CAG-710,CAG-873,UBA5026,MGYG000003289,ER4,CAG-485,CAG-510,MGYG000004547,Veillonella_A,HGM11368,UMGS1670,UMGS1603,CAG-279,Faecalimonas,Gemmiger,Morganella,UMGS966,Robertmurraya,RF16,Alistipes,Faecalitalea,CAG-603
rep187_seed2212	MGYG000003289,Marvinbryantia,MGYG000004850,Leclercia,GCA-900066495,GCA-900066135,MGYG000000456,CAG-302,Hafnia,UBA9414,UMGS1864,Firm-10,NSJ-50,Robertmurraya,UMGS1668,Christensenella,MGYG000002010,Bacilliculturomica,Lactonifactor,Bruticola,RUG12045,CHH4-2,Angelakisella,Olsenella_E,Enterococcus_D,Marseille-P4683,UBA1417,Peptoniphilus_B,Alloprevotella,Mobilibacterium,UMGS905,UBA10281,Lysinibacillus,Roseburia,UMGS1795,Massilistercora,UMGS1858,Massilicoli,Pseudobutyrivibrio,Campylobacter_A,MGYG000004443,UMGS1387,UBA11512,1XD42-69,UBA2883,Lactobacillus,HGM12814,CAG-521,UMGS1603,UBA1829,Garciella,Kluyvera,Clostridium_Q,UBA4285,UMGS1901,Pseudomonas,UMGS577,CAG-1024,Chimaeribacter,Ruminiclostridium_E,CAG-724,CAG-103,Terrisporobacter,CAG-390,Anaeromassilibacillus,UBA6857,Eubacterium_R,UMGS1690,Frisingicoccus,CAG-475,MGYG000002683,Succiniclasticum,CAG-776,CAG-462,Pseudoruminococcus,An92,CAG-41,Megasphaera,HGM12587
rep188_seed2213	Brachyspira,Scardovia,Eubacterium,CAG-95,CAG-452,Peptacetobacter,Rothia,CAG-710,Senegalimassilia,Caecibacter,UBA7597,Lactococcus_A,UMGS1883,UBA11774,Pantoea,MGYG000003970,Campylobacter_B,CAG-590,Massiliomicrobiota,CAG-917,UBA1232,NSJ-38,Gastranaerophilus,UBA4285,MGYG000000456,CAG-873,UMGS1253,Dysosmobacter,AM51-8,CAG-594,UMGS1976,UBA3282,HGM11327,UMGS1338,UBA7702,Massilistercora,Psychrobacillus,Alterileibacterium,KM106-2,RUG806,1XD42-69,QAKS01,SFLA01,Coprobacillus,Bacillus_J,CAG-312,MGYG000004133,UMGS1994,CAG-631,Anaeroglobus,Ruminococcus_G,UMGS882,Faecalimonas,Anaeroplasma,Marseille-P4683,Extibacter,Butyrivibrio_A,UBA738,CAG-145,51-20,Kluyvera,CAG-349,Negativicoccus,Caproiciproducens,MGYG000002702,Hungatella_A,Haemophilus_D,AF33-28,Cutibacterium,Campylobacter_A,Coprococcus,Frisingicoccus,Butyricimonas,QAKW01,Dorea,NK3B98,Sporanaerobacter,UBA945,UBA1777
rep189_seed2214	MGYG000003970,Leminorella,Serratia,UBA7748,CAG-521,Coprococcus,Cloacibacillus,TWA4,UMGS1663,UBA3402,HGM11575,TF01-11,Citrobacter_B,Ruminococcus_B,UMGS1840,Eubacterium_F,UBA1777,QAKW01,Ruminococcus_D,Proteus,MGYG000003945,CAG-83,Veillonella,SFVR01,UMGS75,Enterococcus_B,Marseille-P3106,Ruthenibacterium,Intestinimonas,Anaerosporobacter,Clostridium_AP,NSJ-50,SFLA01,CAG-1000,UMGS1253,UBA9475,Kosakonia,Varibaculum,HGM11616,Paramuribaculum,UMGS1312,Leclercia,Massilioclostridium,CAG-451,Dorea_B,UMGS1537,Megamonas,Vibrio,UMGS263,Harryflintia,CAG-762,MGYG000000587,Phocea,CAG-45,UBA4871,HGM11523,CAG-353,WG-1,Nitratidesulfovibrio,CAG-776,UBA5920,RUG12045,SFEL01,MGYG000002683,Barnesiella,Butyricicoccus_A,UBA1409,UMGS1690,UMGS1668,CAG-411,MGYG000002216,MGYG000004177,CAG-594,UBA1259,MGYG000003305,Amedibacillus,UBA2882,UBA5446,RUG100
rep190_seed2215	Massilicoli,CACZQA01,MGYG000002726,MGYG000004029,UBA4855,Hungatella,Lachnoanaerobaculum,UMGS1388,RUG11200,Moellerella,CAG-448,Veillonella,Borkfalkia,Porphyromonas_A,Ruminococcus_C,NSJ-32,UBA1786,UBA5809,RUG100,CAG-882,CAG-1427,UMGS1826,QANG01,UBA945,UMGS1279,SFFH01,Marvinbryantia,PeH17,Raoultibacter,CAG-495,CAG-103,Paenibacillus_A,Clostridium,TWA4,UMGS1591,MGYG000004660,CAG-557,RUG572,CAG-302,MGYG000002053,Superficieibacter,Negativibacillus,Victivallis,Mailhella,Selenomonas_C,Enterocloster,Acutalibacter,HGM11588,Megasphaera,Lachnoclostridium_A,MGYG000004874,ER4,Agathobaculum,Negativicoccus,SFGY01,MGYG000004177,Megamonas,Enterobacter,UBA940,Holdemanella,CAG-238,Mixta,CAG-521,SFHK01,Firm-11,UMGS1253,AM51-8,UMGS905,CAG-1031,UMGS2055,UBA5446,UMGS363,Johnsonella,Cutibacterium,HGM13010,UMGS577,SFDB01,UBA7102,Enterococcus_G
rep191_seed2216	UBA1820,UMGS1889,VUNI01,UBA3766,UBA3282,RUG11247,UBA4372,Fannyhessea,UMGS1590,Ruminococcus_F,MGYG000002010,UBA1390,CAG-196,Leuconostoc,Lachnoclostridium,GCA-900066755,Dorea_A,Peptoniphilus_A,Ruminococcus_E,Clostridium_AQ,HGM13862,Succinivibrio,Dysgonomonas,DUOT01,MGYG000002797,UMGS1202,SCN-57-10,UBA737,Enterococcus_A,Anaerobutyricum,CAG-417,Bilophila,OF09-33XD,MGYG000001953,Veillonella,Monoglobus,AM07-15,Gordonibacter,Lacticaseibacillus,Peptacetobacter,Pediococcus,Salinicola,RUG420,Eubacterium_F,Catenibacterium,VSOB01,HGM12998,UMGS680,UMGS1441,Coprococcus_A,Aggregatibacter,Clostridium_A,MGYG000004556,UBA5026,CAG-762,UBA1375,SFDP01,Ruminococcus_C,Mobilibacterium,UMGS1883,UMGS1815,Parvimonas,Schaedlerella,Streptococcus,MGYG000004229,Fusobacterium,Barnesiella,GCA-900066495,UBA2856,CAG-177,HGM11514,Allisonella,UMGS1397,CAG-465,UMGS1540,Enterococcus,DTU089,Oxalobacter,UBA1685
rep192_seed2217	MGYG000004547,HGM13010,Massilicoli,Agathobaculum,NSJ-50,UBA11471,Anaerostipes,MGYG000004061,Porphyromonas_A,Citrobacter_A,Superficieibacter,UMGS1251,Lacticaseibacillus,UMGS263,UMGS1601,UMGS1880,Turicimonas,Pradoshia,AF33-28,Eubacterium_M,Beduini,Peptococcus,Rubneribacter,Epilithonimonas,Roseburia,Senegalimassilia,Cutibacterium,HGM11327,Kallipyga,Phytobacter,Pauljensenia,UBA1394,Alistipes_A,UMGS1883,Hafnia,UBA6857,UMGS1370,UMGS692,Nitratidesulfovibrio,CAG-349,Gabonibacter,HGM12587,Garciella,Negativibacillus,Butyrivibrio_A,UMGS1477,UBA4871,Fusobacterium,Peptoniphilus_E,Catenibacillus,Pyramidobacter,Brachyspira,CAG-95,Lawsonibacter,Massiliomicrobiota,Peptoniphilus_C,Alloscardovia,Rahnella,Sneathia,HGM11416,UMGS1633,Akkermansia,NSJ-63,Pseudomonas_R,CAG-194,HGM14224,UMGS1839,UBA5416,UMGS1388,Psychrobacillus,Pseudoflavonifractor,SFHK01,UMGS1241,UMGS1795,Longibaculum,UBA4855,Slackia,Lachnoanaerobaculum,CAAEEV01
rep193_seed2218	MGYG000004850,UBA1740,UMGS1795,UBA3818,UMGS1976,Clostridium_A,Mediterraneibacter,Eubacterium_F,Caproiciproducens,Sneathia,UBA1409,MGYG000002216,UBA1417,Olsenella_E,MGYG000000425,Franconibacter,HGM11523,Lawsonibacter,Eisenbergiella,Bittarella,MGYG000004171,Intestinibacter,Garciella,UMGS1865,MGYG000004029,GCA-900066135,UBA5905,Granulicatella,HGM11525,MGYG000004229,UBA11452,Massilistercora,Marseille-P3106,Enterococcus,MGYG000003297,Murimonas,Clostridium_AQ,Anaeroglobus,NSJ-63,Gemella,UMGS1690,Mobiluncus,RUG131,Duncaniella,Dysosmobacter,UBA7702,Clostridium_J,UBA9414,COE1,Stomatobaculum,UMGS905,HGM11417,CAG-41,CAG-170,UCG-010,UBA6382,Clostridium_P,Muribaculum,UMGS1851,Bacteroides_F,HGM13222,UMGS1600,Pseudobutyrivibrio,Anaerobutyricum,RUG12045,MGYG000000387,MGYG000000390,HGM11588,RUG11247,CAG-460,CAG-582,CAG-127,Peptoniphilus_E,An92,Mitsuokella,Clostridioides,Limosilactobacillus,Johnsonella,Phytobacter
rep194_seed2219	Rothia,UBA1786,UBA5394,MGYG000002575,Succinatimonas,UMGS577,UMGS1572,RUG131,Negativicoccus,MGYG000004094,Escherichia,UMGS1839,Bulleidia,Amulumruptor,UMGS263,Limosilactobacillus,Coprobacter,Pauljensenia,Staphylococcus,V9D3004,Robertmurraya,UMGS1474,CAG-238,HGM12650,UMGS1766,NSJ-38,UMGS1477,MGYG000002726,UBA1259,Butyricicoccus_A,Haemophilus_D,Acidovorax,Agathobacter,Faecalibacillus,CAG-776,Ezakiella,UBA3402,MGYG000000574,UMGS1071,CAG-81,Intestinimonas,Ruminiclostridium_E,UMGS1975,UBA10281,An92,Bilophila,UBA9506,Lawsonibacter,UMGS1004,Agathobaculum,UBA737,Selenomonas_C,Yersinia,Dorea_B,UMGS1253,UMGS1668,Exiguobacterium,Faecalicoccus,CAG-196,UMGS1307,MGYG000004727,Fusicatenibacter,MGYG000004443,Ruminococcus_C,Lentilactobacillus,CAG-521,Oxalobacter,MGYG000003289,Dialister,UMGS1591,Barnesiella,Lactococcus_A,Pseudomonas,HGM11327,UMGS1688,OM05-12,Gemella,UBA1711,QANA01
rep195_seed2220	Mobiluncus,NSJ-62,Lagierella,Leptotrichia,51-20,Stoquefichus,HGM12587,Vibrio,Clostridium_X,CAG-964,Enterocloster,AF33-28,Lactococcus_A,Muribaculum,MGYG000002696,UBA2882,CAG-465,UBA2883,Mesosutterella,UMGS1241,Anaerococcus,RUG14107,UMGS268,MGYG000002797,Kluyvera,CAG-492,Campylobacter_B,Fournierella,RUG11247,CAG-288,Selenomonas_C,Clostridium_P,CAG-582,CAG-145,UMGS1872,CAG-417,RUG705,UBA7173,MGYG000002683,UMGS1518,MGYG000003970,UBA4716,Marseille-P4683,Latilactobacillus,CAG-81,UBA7748,CAG-194,UBA5920,UMGS1766,UBA1181,UMGS1279,UBA10281,UMGS1540,UMGS973,UBA4855,UMGS1976,Monoglobus,UMGS1388,UMGS1338,UBA1390,Bilophila,CAG-273,UBA1685,UBA7182,Atlantibacter,UMGS1883,CAG-269,QAMH01,Bifidobacterium,UMGS1600,UBA866,Firm-10,UBA1731,Citrobacter,Eubacterium_F,MGYG000002053,Dielma,HGM11530,Hydrogeniiclostridium
rep196_seed2221	Fournierella,Gabonibacter,UMGS1976,Arabia,Kallipyga,CAG-1193,Phascolarctobacterium,HGM11523,CAG-273,Eubacterium_J,CAG-449,CAG-841,CAG-302,Coprobacillus,CAG-448,Sutterella,UBA6345,UMGS680,UMGS1688,UBA945,CAG-288,MGYG000004112,RUG131,MGYG000004029,SFVR01,Phascolarctobacterium_A,Oribacterium,MGYG000002758,An92,Megasphaera,MGYG000000745,MGYG000004229,UBA9506,Zag111,UMGS1865,Raoultibacter,1XD42-69,Anaerosporobacter,CAG-81,CAG-274,UBA1390,Oscillibacter,SCN-57-10,CAG-510,Terrisporobacter,HGM05232,TWA4,MGYG000000587,Lancefieldella,Firm-10,UBA6857,Rikenella,Clostridium_E,UBA3282,HGM13222,MGYG000004443,Cedecea,Enterococcus,SFMI01,NSJ-61,UMGS1572,Bacillus_J,Anaeroglobus,Veillonella,CAG-475,UBA2856,UMGS1668,Weimerbacter,RUG472,Eubacterium_I,Citrobacter,MGYG000004127,Campylobacter,Victivallis,HGM13010,GCA-900066755,HGM10836,Cutibacterium,UMGS1307
rep197_seed2222	Megamonas,Stoquefichus,Peptoniphilus_A,MGYG000004171,UMGS1338,Lagierella,Klebsiella,UMGS1663,UBA6398,Oscillibacter,Intestinibacter,MGYG000004133,Phil1,MGYG000000456,Pyramidobacter,Campylobacter_B,Neobittarella,Haemophilus,UMGS1810,Weimerbacter,CAG-353,CAG-180,Clostridium_P,1XD42-69,GCA-900066495,Hungatella,Neisseria,RUG11247,MGYG000001903,Enorma,Lentilactobacillus,Roseburia,MGYG000003855,UMGS929,Eggerthella,VUNA01,UMGS1623,Providencia,Clostridium_B,MGYG000003305,HGM11368,UMGS1781,DTU089,CAG-83,Amedibacterium,UMGS1312,Enterococcus,UMGS882,Robertmurraya,UBA6857,Clostridium_N,CAG-488,QAMH01,Absicoccus,UBA7160,UBA5809,Massilimaliae,RUG14107,UBA1206,Cedecea,CAG-273,Peptoniphilus_C,Negativicoccus,SFFH01,GCA-900066135,Dysgonomonas,Coprobacter,CAG-145,HGM11788,Enterobacter,Citrobacter_A,UBA738,CAG-349,RUG023,UBA737,UBA1737,Mediterraneibacter_A,Plesiomonas,Oribacterium
rep198_seed2223	Atlantibacter,TWA4,UMGS1484,CAG-485,CAG-510,Tidjanibacter,NSJ-62,Prevotella,UMGS1477,UMGS1613,Anaerotignum,UMGS1387,UBA7102,UBA1740,Bacillus_A,UBA1206,UMGS1851,Exiguobacterium,Eubacterium,Citrobacter_B,UBA10281,Anaerotruncus,MGYG000002053,CAG-1193,Anaeromassilibacillus,Angelakisella,UBA6382,Adlercreutzia,UMGS1933,Pseudoflavonifractor,UBA7702,Firm-07,Clostridium_Q,UBA3631,HGM11788,MGYG000004604,Romboutsia,UMGS1810,MGYG000002685,UBA3402,CAG-710,Massiliomicrobiota,Weimerbacter,Paenibacillus,Eubacterium_G,Hydrogeniiclostridium,Fusobacterium_B,Olsenella_E,An172,Enterobacter_A,UMGS1472,Enterobacter,QAMM01,WRGP01,VSOB01,CAG-1000,Peptoniphilus_A,Oribacterium,Beduini,Rikenella,UBA7182,MGYG000003970,Fusobacterium_A,Catenibacillus,S5-A14a,UBA6398,MGYG000004127,F0040,UMGS1251,Pseudomonas_E,UBA6345,D5,UBA1786,UBA5809,Acutalibacter,CAG-81,TM7x,UMGS1901,UMGS1572
rep199_seed2224	RUG11198,UBA9414,Amedibacterium,Schaedlerella,Methanobrevibacter_A,Extibacter,Pediococcus,MGYG000004547,UMGS995,Coprobacillus,CAG-628,Mediterraneibacter_A,UMGS1370,MGYG000002758,Lysinibacillus,UMGS268,UMGS1591,Gastranaerophilus,Butyricimonas,Selenomonas_C,CAG-451,Peptoniphilus_C,Clostridium_AP,UMGS1820,Anaerostipes,F0040,Bacteroides,UBA5905,UBA7702,MGYG000004171,Ruminiclostridium_E,UMGS1670,Anaerobutyricum,UBA1786,Lachnoclostridium_B,UBA7748,MGYG000003855,Neisseria,UBA3263,SFDB01,UMGS973,UBA7488,UMGS1883,Dysgonomonas,CAG-145,CAG-314,Acidaminococcus,MGYG000000286,Atlantibacter,SFVR01,UBA866,Moellerella,MGYG000000745,UBA3766,CAG-103,Streptococcus,UMGS1397,Corynebacterium,UBA945,UBA636,MGYG000004094,UMGS1326,UBA9506,TWA4,Eisenbergiella,UBA1731,Enterococcus_A,UMGS966,Agathobaculum,UMGS1202,UBA5394,CAG-317,UMGS1783,Muricomes,Megamonas,MGYG000002575,MGYG000000378,HGM11386,HGM12789
rep200_seed2225	Phil1,KLE1615,Caecibacter,UMGS1696,CAG-495,NSJ-38,Marseille-P4683,Gastranaerophilus,Lentilactobacillus,Peptoniphilus_A,Paraprevotella,Leuconostoc,HGM11501,RUG11198,Butyricicoccus_A,UBA2883,CAG-582,Eubacterium_M,Yokenella,Fusicatenibacter,Peptacetobacter,CAG-1193,Granulicatella,Turicibacter,MGYG000002758,Anaerocolumna,Aeromonas,UBA11452,HGM11372,UBA1820,UMGS2016,UMGS1338,UMGS1472,MGYG000004811,Nitratidesulfovibrio,Robinsoniella,UMGS1781,UBA7748,Frisingicoccus,Citrobacter_A,MGYG000004172,Butyricicoccus,UBA7160,UBA866,CAG-217,Parvimonas,Allisonella,UMGS1840,Hydrogeniiclostridium,Ruminococcus,MGYG000002797,Citrobacter_B,CAG-354,Clostridium_X,Blautia,MGYG000000387,HGM12814,QALR01,CAG-617,Beduini,1XD42-69,UMGS2055,UBA9502,UMGS1783,Methanomassiliicoccus_A,CAG-194,CAG-791,Coprococcus_A,CAG-628,UMGS1326,Porphyromonas,MGYG000002075,UBA1685,HGM12587,MGYG000000425,CAG-312,Pradoshia,UMGS1611,Faecalibacillus
rep201_seed2226	Oribacterium,HGM13006,NSJ-62,Lysinibacillus,Merdibacter,Alterileibacterium,Fannyhessea,Roseburia,Clostridium_P,Cedecea,Phascolarctobacterium_A,Clostridium_Q,Garciella,Catenibacillus,UBA2883,UMGS1477,Selenomonas_C,RUG410,Lactobacillus,V9D3004,RC9,MGYG000004604,UBA7597,Clostridium_X,Monoglobus,An181,Hungatella_A,UMGS1326,RUG11200,MGYG000000505,CAG-110,Negativicoccus,Pseudomonas,JAAYBB01,Granulicatella,Eubacterium_I,UMGS692,CAG-882,RUG023,HGM12669,UMGS172,UMGS995,SFFS01,CHH4-2,CAG-170,Sodaliphilus,UMGS1241,Enterobacter_A,TM7x,CACZQA01,QANG01,MGYG000000346,Campylobacter,51-20,Haemophilus_D,Romboutsia,Gastranaerophilus,UBA4716,Catenibacterium,UBA866,Paraprevotella,Amulumruptor,Enterococcus_A,Enteroscipio,Stenotrophomonas,Actinobaculum,Fusobacterium_A,CAG-1024,Phytobacter,Paenibacillus,UBA6857,Pseudoruminococcus,CAG-273,UBA6984,Marseille-P3106,UBA10281,Ruminiclostridium_E,MGYG000002053,Marseille-P4683
rep202_seed2227	Zag111,Proteus,CAG-484,Butyricicoccus,UMGS1851,CAG-557,CAG-488,Phocaeicola,DTU089,F0040,UBA11774,Desulfovibrio,Dorea,Massiliomicrobiota,UMGS966,UMGS973,MGYG000003305,NK3B98,RUG023,UBA7102,Lactonifactor,MGYG000004547,Paraeggerthella,HGM11368,Enterobacter_A,MGYG000003945,RQCD01,Alterileibacterium,VSOB01,UMGS1590,Akkermansia,Anaerotruncus,UBA2882,Lagierella,Rikenella,Lentilactobacillus,Bifidobacterium,Negativibacillus,Enterococcus,UBA9475,Vibrio,MGYG000002216,Methanosphaera,Paraclostridium,Enterococcus_B,MGYG000002758,HGM12789,Eubacterium_I,MGYG000004874,Bariatricus,Megamonas,JAAYBB01,SFGY01,Leclercia,UBA4871,CAG-485,UBA7597,UMGS1312,Stoquefichus,UBA7488,Enterobacter_D,S5-A14a,MGYG000002726,CAG-762,HGM11521,Corynebacterium,UBA5809,RUG14107,Catenibacillus,Coprobacter,MGYG000000286,KLE1615,CAG-177,Actinomyces,AF33-28,CAG-465,QAKD01,UMGS1781,Mitsuokella
rep203_seed2228	UBA3263,MGYG000004112,UBA3631,UMGS1839,Enterobacter_D,HGM11808,Desulfovibrio,Ruminococcus,UBA6984,Clostridium,Peptoniphilus_A,HGM13010,UBA5884,UMGS1537,UBA7488,UBA1375,MGYG000004171,MGYG000004443,Catenibacterium,Companilactobacillus,Selenomonas_C,MGYG000003945,PeH17,Phoenicibacter,UBA7057,Veillonella_A,Enteroscipio,Gemella,Faecalibacterium,AM51-8,JAAYBB01,Turicibacter,UBA5809,Coprococcus,UMGS1858,Romboutsia,UMGS1864,NK3B98,UMGS1810,UMGS1603,MGYG000004380,Holdemanella,UMGS1518,Butyricicoccus,MGYG000004727,CAG-831,Faecalicoccus,CAG-217,UMGS731,Ruminococcus_D,UBA10281,Klebsiella,Campylobacter_B,UMGS403,CAG-791,VUNI01,Anaerosporobacter,Brachyspira,Bittarella,Porphyromonas_A,CAG-762,HGM12789,Pseudobutyrivibrio,UBA5026,HGM13006,Citrobacter_B,NK4A136,UMGS1976,UMGS1326,Clostridium_J,CAG-594,HGM11521,MGYG000000387,SFFS01,Moellerella,RUG11247,NC2004,QAMM01,CAG-81
rep204_seed2229	CAG-83,UBA1390,Intestinibacter,Gastranaerophilus,Bacilliculturomica,Eubacterium_G,UBA7597,Phytobacter,Massilioclostridium,HGM11523,PeH17,NSJ-50,CAG-95,UMGS599,CAG-462,UMGS1224,RC9,Fournierella,HGM12998,UBA1737,Intestinimonas,MGYG000001871,Ruminococcus,Mitsuokella,UBA1685,UBA7173,MGYG000004556,UBA9506,MGYG000000674,Bruticola,Acutalibacter,Lactobacillus,Neobittarella,Bacillus_J,Duncaniella,MGYG000002683,CAG-488,Schaedlerella,Neobacillus,Erysipelatoclostridium,Anaeromassilibacillus,Methanomassiliicoccus_A,UMGS1472,Eubacterium_J,CAG-822,MGYG000000505,S5-A14a,Turicimonas,Faecalicoccus,CAG-617,Parabacteroides,QAMX01,Massilicoli,SFLA01,HGM12814,UMGS1613,Providencia,Leminorella,Methanosphaera,Phocea,Anaeroglobus,CAG-245,Zag1,UBA5920,Lancefieldella,UBA7748,MGYG000004177,Fusobacterium_B,Clostridioides,Exiguobacterium,HGM11372,UBA1375,Agathobaculum,Peptoniphilus_B,Arabia,CAG-269,Firm-07,UMGS1312,Megasphaera
rep205_seed2230	UMGS1839,UMGS363,UMGS1611,UMGS1623,Limosilactobacillus,CAAHEQ01,AM07-15,CAG-448,UBA7488,GCA-900066905,WRGP01,HGM11507,MGYG000002053,CAG-269,Campylobacter_A,UMGS1491,Clostridium_E,HGM11372,Fannyhessea,UBA1234,UMGS1388,CAG-313,CAG-390,UBA1191,Firm-07,UMGS1484,UMGS1603,CAG-873,F23-B02,UBA3263,Clostridioides,MGYG000004029,UMGS1071,Lachnospira,Alloscardovia,UMGS1976,Faecalimonas,UBA2856,Salinicola,UBA9475,Bariatricus,BX12,Collinsella,Alterileibacterium,UBA7185,Faecalibacillus,Butyricicoccus,Dorea_A,UBA7748,CAG-964,Hungatella_A,HGM13010,Massilimaliae,Christensenella,UMGS1670,UBA3388,Chimaeribacter,HGM12669,MGYG000000378,MGYG000003297,Oxalobacter,UMGS1109,HGM12587,MGYG000003289,HGM11575,Agathobaculum,CAG-465,HGM12957,UMGS1933,UBA10677,Acetatifactor,Sneathia,CAG-170,Enterococcus_G,UMGS731,Succiniclasticum,UMGS1375,MGYG000004556,DUOT01
rep206_seed2231	Plesiomonas,UBA4644,Allisonella,TWA4,UMGS911,UBA5026,HGM12814,UBA4372,Gabonibacter,Citrobacter_B,Anaeroplasma,UMGS882,Schaedlerella,CAG-115,SFMI01,Robertmurraya,Prevotellamassilia,Veillonella_A,MGYG000000286,MGYG000000378,Slackia_A,Rubneribacter,Enterobacter_D,MGYG000004112,UMGS1865,Blautia_A,Merdimonas,Enterococcus_A,SFEL01,Paenibacillus_A,UMGS1490,Emergencia,Superficieibacter,UBA1752,CAG-390,Clostridium_X,Arabia,CAG-194,UBA3263,Epilithonimonas,Neisseria,Coprococcus_A,Porphyromonas,HGM13010,ER4,CAG-617,Proteus,VUNA01,QAKW01,Fusobacterium_A,UMGS2055,HGM11368,Alloprevotella,Stoquefichus,Gastranaerophilus,Granulicatella,UBA1375,Phascolarctobacterium,Ligilactobacillus,Intestinimonas,Collinsella,UBA1777,Alloscardovia,UBA1394,CAG-822,Lacrimispora,Cronobacter,MGYG000004727,UMGS1603,MGYG000004171,HGM04593,Agathobaculum,KM106-2,RC9,SFDB01,Pseudomonas_E,F082,Pseudomonas_R,Acinetobacter
rep207_seed2232	UMGS929,Ruminococcus_B,CAG-492,Fusobacterium,UBA4644,UMGS1820,Flavonifractor,Olsenella,Lactococcus_A,Bulleidia,UBA3388,Pygmaiobacter,TM7x,Arcanobacterium_A,UBA10281,CAG-533,Cellulosilyticum,Mailhella,SFJ001,Oribacterium,WRGP01,UMGS1603,Nitratidesulfovibrio,Slackia,HGM11588,Chimaeribacter,Allisonella,UBA7160,Blautia,Vibrio,Treponema_D,Stoquefichus,UMGS1810,HGM11514,Veillonella_A,Eisenbergiella,Gordonibacter,Staphylococcus,Methanosphaera,Barnesiella,Mitsuokella,UBA1829,Azonexus,Fusobacterium_C,CAG-557,Mobiluncus,CAG-56,UBA2856,Cloacibacillus,UBA3631,Parabacteroides,Dorea_B,QALS01,Varibaculum,UBA1691,F23-B02,CAG-194,Enterobacter_D,Hungatella,Anaeromassilibacillus,Intestinibacter,Massilistercora,Enteroscipio,F0422,CAG-302,HGM12650,An172,UBA4716,UMGS874,Lawsonibacter,Campylobacter_A,MGYG000004171,UMGS1766,UMGS1477,CAG-582,CAG-776,MGYG000000350,CAG-269,CAG-488
rep208_seed2233	NSJ-63,UMGS124,CAG-1193,UBA7597,Paenibacillus,UMGS731,Ruminococcus_D,Desulfovibrio,Sneathia,Garciella,UMGS1883,Streptococcus,Pauljensenia,UMGS263,UMGS929,Ruminiclostridium_E,Anaerotruncus,Neobittarella,UBA7057,Varibaculum,Methanosphaera,UBA9506,CAG-41,MGYG000004094,Odoribacter,F0040,CAG-56,WRGP01,CAG-882,Enterobacter_D,SFTJ01,Rothia,Bittarella,Schaedlerella,CAG-793,Dorea_B,UMGS1975,MGYG000001953,UBA2882,Emergencia,ER4,MGYG000004660,CAG-180,UBA11774,Superficieibacter,Oscillibacter,Mesosutterella,MGYG000003855,QAMM01,UBA5394,QAKD01,Clostridium_E,CAG-521,Eubacterium,Anaerobutyricum,Actinomyces,HGM13618,GCA-900066495,Peptoniphilus_A,Prevotellamassilia,RUG420,GCA-900066755,UBA1234,Bulleidia,VUNA01,AM07-15,UBA9414,Robinsoniella,Clostridium_A,CAG-964,UMGS1477,Fenollaria,Fusicatenibacter,CAG-115,UMGS1307,MGYG000000745,Ruminococcus_G,Phascolarctobacterium,MGYG000004380
rep209_seed2234	Caproiciproducens,Cloacibacillus,Eubacterium_G,Leuconostoc,Hafnia,Parvimonas,UMGS1688,CAG-177,UMGS680,Sneathia,CAG-180,KLE1615,CAG-115,An172,UBA1181,HGM11788,Murdochiella,UBA940,HGM11530,Porphyromonas_A,Massilioclostridium,UMGS1397,Amulumruptor,MGYG000000346,UBA1390,Peptoniphilus_B,Leptotrichia,Ruminococcus_F,Robertmurraya,Fusobacterium_B,Alterileibacterium,Clostridium,51-20,UBA1731,Marseille-P3106,UMGS1591,Bariatricus,UMGS1976,HGM11327,UMGS1839,Faecalitalea,UBA738,MGYG000004171,Lawsonella,MGYG000000456,D5,RUG11198,Faecalibacillus,UBA3282,UMGS1603,Cronobacter,Campylobacter,Gemmiger,MGYG000000378,MGYG000002685,Haemophilus,CAG-557,Bacilliculturomica,Megasphaera,SFLA01,UBA7488,UMGS1293,CAAEEV01,MGYG000003305,Clostridioides,Collinsella,MGYG000004443,UBA7057,Barnesiella,UBA1737,Rubneribacter,MGYG000003490,NSJ-63,RUG572,Neobacillus,MGYG000000745,1XD42-69,Methanosphaera,Eubacterium_F
rep210_seed2235	UBA11524,UBA1786,Clostridium_J,CAG-115,UBA940,MGYG000004171,CAG-177,Borkfalkia,Rahnella,UBA5809,Pseudomonas_E,UMGS1864,HGM11416,Acetivibrio_A,Kosakonia,Parolsenella,Sodaliphilus,Anaerococcus,DTU089,CAG-127,UBA1181,Parabacteroides,CAG-448,Bacillus_J,Dialister,UMGS1663,UBA3631,UBA4716,MGYG000002216,Weimerbacter,UMGS1880,MGYG000002683,Longibaculum,Eubacterium,CAG-279,UMGS1312,UBA5446,Acidovorax,Oscillibacter,Anaerobutyricum,Enorma,Edwardsiella,Pradoshia,Kallipyga,Catenibacterium,CAG-411,MGYG000004547,GCA-900066905,UBA5394,UBA7748,UMGS1623,UMGS1224,Campylobacter,Coprococcus_A,Enteroscipio,Haemophilus,UBA1691,CHH4-2,MGYG000004850,UBA1711,CAG-272,VUNA01,Marvinbryantia,QAKS01,AM51-8,Alloscardovia,Rothia,Blautia_A,CAG-349,Schaedlerella,Actinobaculum,UMGS1540,Enterobacter,HGM12789,Mixta,Citrobacter_B,Agathobaculum,CAG-884,Granulicatella
rep211_seed2236	UBA1786,CAG-273,Arabia,TM7x,QAKD01,Bruticola,Ruminococcus_G,CAAEEV01,Parvimonas,UMGS1603,Agathobacter,HGM11514,TF01-11,Sutterella,Dorea,AF33-28,Ruminococcus_E,Anaerostipes,Pygmaiobacter,QAKS01,HGM11327,Serratia,MGYG000004660,UBA5446,Negativicoccus,UBA1777,UBA11512,UMGS1109,UBA1234,DTU089,Rubneribacter,CAG-485,VSOB01,MGYG000002053,UBA9475,UMGS966,Pseudobutyrivibrio,Selenomonas_A,Lacrimispora,UMGS1633,Mixta,Acetivibrio_A,Robertmurraya,UMGS1002,Massilistercora,Anaerosporobacter,Olsenella_B,MGYG000000387,Phascolarctobacterium,SFLA01,CAG-83,NSJ-62,Sneathia,Lachnoclostridium,NSJ-63,UBA4334,Arcanobacterium_A,Aggregatibacter,Klebsiella,VUNA01,CAG-302,SFFS01,MGYG000002010,Hungatella_A,CAG-303,SFFH01,Fusicatenibacter,Pediococcus,Amedibacillus,MGYG000000286,UMGS1688,GCA-900066495,Oribacterium,NSJ-32,CAG-1031,Duodenibacillus,UBA4372,Eubacterium_R,Anaerotignum
rep212_seed2237	CAG-45,Cloacibacillus,UMGS1518,NK3B98,CAG-631,CAAHEQ01,UMGS1839,MGYG000003855,RUG12045,CAG-762,RUG13868,UMGS403,Acetatifactor,Flavonifractor,Lactiplantibacillus,UBA11774,Acetivibrio_A,MGYG000002053,Criibacterium,UMGS995,Merdibacter,UMGS1840,Morganella,Garciella,D5,UBA1259,UMGS577,UMGS680,Streptococcus,Desulfovibrio,CAG-194,TM7x,Bacillus_J,CAG-170,Citrobacter,Paramuribaculum,Staphylococcus,UBA5905,UMGS1071,Lactococcus,CAG-964,UMGS1572,UMGS946,TWA4,Chimaeribacter,UBA5446,Collinsella,Aeromonas,HGM11327,UBA11517,Clostridium_AQ,MGYG000004443,HGM12998,Succinivibrio,Firm-11,Anaerosacchariphilus,Clostridium_X,UBA4285,Prevotellamassilia,Eubacterium,MGYG000004811,UMGS416,ER4,Enterobacter_D,Olsenella,MGYG000002758,HGM11507,CAG-245,F0422,Clostridium_B,UMGS363,Fusobacterium_A,UBA11512,Klebsiella,Phytobacter,MGYG000002696,DUOT01,Enterococcus_D,Ruminococcus
rep213_seed2238	CAG-594,UMGS1994,Faecalitalea,MGYG000004850,MGYG000004811,MGYG000004112,HGM12789,UMGS1052,Citrobacter,UMGS1388,Treponema_D,KM106-2,MGYG000000505,UMGS75,MGYG000001953,HGM12669,MGYG000000390,Lancefieldella,MGYG000002575,CAG-196,RUG420,CHH4-2,HGM11808,Serratia,UBA2821,Robinsoniella,Bacillus_J,Kluyvera,UMGS1933,Agathobacter,NSJ-50,Stoquefichus,Fusobacterium_A,MGYG000003270,QANA01,UBA4716,HGM12650,Dysgonomonas,UBA5446,UMGS1810,UMGS1668,Gordonibacter,Lachnoanaerobaculum,CAG-762,UBA11524,Roseburia,Rubneribacter,MGYG000004604,UBA2883,SFFH01,HGM13233,Frisingicoccus,Bacteroides_F,Megamonas,Gastranaerophilus,Neobittarella,Rikenella,QAKS01,Salmonella,Emergencia,Lactiplantibacillus,Blautia_A,MGYG000004177,CAG-631,CAG-462,UMGS1293,MGYG000000286,Caecibacter,CAG-793,CAAHEQ01,CAG-882,CAG-177,Firm-11,UMGS882,Anaeromassilibacillus,OF09-33XD,Enterococcus,NSJ-62,UMGS1591
rep214_seed2239	Pantoea,DTU089,Blautia,Fannyhessea,Clostridium_F,Leptotrichia,Enterobacter,UBA1777,UBA3388,Bacillus_J,CAG-449,CAG-217,UMGS1224,UMGS1004,Anaerosacchariphilus,UBA7748,UBA7597,NSJ-38,SFJ001,CAG-841,Paenibacillus_A,CAG-273,Merdimonas,Psychrobacillus,UMGS1901,HGM14224,Pluralibacter,BX12,SFFH01,UMGS1600,UMGS1783,QANA01,Serratia,Fournierella,CAG-533,NSJ-63,UMGS1670,Stomatobaculum,HGM11521,Bittarella,CAG-452,Succinivibrio,CAG-354,HGM12669,Corynebacterium,UBA1711,Holdemanella,CAG-822,Clostridium_X,UMGS172,Criibacterium,Faecalicoccus,Sodaliphilus,UMGS1375,UBA1691,Murimonas,Intestinibacter,MGYG000002683,CAG-127,Lactococcus,UMGS268,Longicatena,RUG023,Mediterraneibacter,UBA5446,MGYG000000587,Selenomonas_A,Phytobacter,CAG-194,Limosilactobacillus,Nitratidesulfovibrio,UMGS599,UBA11471,Ruminococcus_F,HGM13233,Ruminococcus_A,UBA2883,UMGS1326,MGYG000004177
rep215_seed2240	UBA11940,Clostridium,CAG-724,UMGS1370,Eubacterium,UMGS1388,UMGS1781,HGM11521,Lentilactobacillus,Angelakisella,Clostridium_X,UMGS1326,CABIZH01,Sporanaerobacter,UMGS1889,UMGS1994,Ruminococcus,Alloprevotella,Ruminococcus_B,Citrobacter_B,CAG-1024,MGYG000003855,UBA7748,UBA3388,NSJ-32,UBA5809,UMGS946,Paraeggerthella,MGYG000000505,Olsenella,Ruminococcus_C,HGM12650,UBA2821,Prevotellamassilia,Hafnia,HGM11808,UMGS680,CAG-1193,UBA7597,MGYG000000674,RQCD01,CAG-460,UMGS599,UBA10677,UBA1232,Anaerosacchariphilus,Acutalibacter,UMGS929,Phytobacter,UBA1740,Arcanobacterium_A,CAG-272,Butyrivibrio_A,UC5-1-2E3,SFFS01,Citrobacter,QALW01,CAG-103,UMGS1590,CAG-917,UBA11471,Holdemanella,UBA3402,Selenomonas_C,Pluralibacter,Catenibacterium,MGYG000000350,CACZQA01,Paraprevotella,UMGS1815,Lancefieldella,Mailhella,Monoglobus,MGYG000000286,MGYG000000456,Haemophilus,HGM11575,HGM13618,Negativicoccus
rep216_seed2241	RC9,Caproiciproducens,BX12,MGYG000004604,Raoultibacter,MGYG000000390,Murdochiella,HGM13634,CAAEEV01,UMGS1795,Corynebacterium,Paenibacillus_A,UBA3402,MGYG000002696,SFFS01,Hydrogeniiclostridium,Anaeroplasma,An92,Rikenella,RUG11200,CAG-582,RUG023,Haemophilus,Clostridium,Stenotrophomonas,CAG-302,UBA1685,SFMI01,Salinicola,UMGS1872,Murimonas,CAG-269,Ruminococcus_E,HGM11372,Niameybacter,Frisingicoccus,Desulfovibrio,MGYG000003855,UBA3766,CAG-465,Mediterraneibacter,UMGS1840,UMGS905,Citrobacter,HGM13222,Paraclostridium,RUG13868,Coprococcus,Vibrio,Slackia,MGYG000004874,CAG-288,CAG-1427,UBA3818,Duodenibacillus,CAG-617,Lawsonella,UBA1394,Aggregatibacter,MGYG000000674,Collinsella,Psychrobacillus,Cloacibacillus,MGYG000004029,Megamonas,UMGS911,HGM12998,Anaeroglobus,UMGS882,HGM04593,Intestinimonas,UMGS1611,Tidjanibacter,UMGS1781,UBA7748,MGYG000004172,HGM13006,UBA1786,CAG-884
rep217_seed2242	Bacteroides_F,Lachnoclostridium,SFTJ01,UBA9475,Peptoniphilus_C,Olsenella_E,MGYG000000745,Finegoldia,Massilistercora,Sodaliphilus,CAG-841,MGYG000002053,CAG-41,CAG-485,Amedibacterium,Zag1,CAG-462,Citrobacter,Peptostreptococcus,CAG-791,MGYG000004445,Gastranaerophilus,Alterileibacterium,MGYG000002797,Duodenibacillus,UBA644,UBA9414,UMGS577,QAKD01,MGYG000004811,CAG-632,UBA1820,CAAEEV01,CAG-594,Eubacterium_J,MGYG000004850,MGYG000000286,Butyrivibrio_A,QANG01,Enterobacter_D,SFGY01,CAG-279,Marseille-P4683,HGM11386,Firm-10,Franconibacter,UBA4644,UBA6984,Pseudoruminococcus,UBA1786,UBA945,UBA1777,Coprobacter,HGM11501,NK4A136,Parabacteroides,CAG-451,Paraprevotella,Enterococcus_C,HGM11575,Monoglobus,Holdemania,Edwardsiella,MGYG000000346,Slackia,Christensenella,UBA1740,Angelakisella,Streptococcus,Anaeroplasma,Latilactobacillus,UMGS75,CAG-1024,UBA3263,UBA6382,Bacteroides,CAG-793,CHH4-2,Leptotrichia
rep218_seed2243	Merdibacter,MGYG000002216,Amedibacillus,Parabacteroides,Superficieibacter,CAG-81,UBA11940,Mesosutterella,Paraprevotella,Ligilactobacillus,Slackia,MGYG000004547,RUG100,HGM12957,HGM13222,HGM11327,Weizmannia,MGYG000004133,SFFS01,Kallipyga,Clostridium_J,Prevotellamassilia,Bacillus_A,Dysosmobacter,MGYG000002726,DTU089,Pseudoruminococcus,Turicibacter,UBA1375,UBA1822,Campylobacter_A,Phoenicibacter,Amedibacterium,Beduini,QANG01,Olsenella_B,VUNI01,Blautia_A,Scardovia,SFFH01,Holdemania,CAG-314,MGYG000004061,Peptacetobacter,Evtepia,UMGS1688,UMGS1071,UMGS1387,Sodaliphilus,Fournierella,CAG-349,UMGS1976,Acidaminococcus,Anaerocolumna,CAG-557,NK4A136,UBA1777,Megamonas,Bacteroides_F,Bacilliculturomica,QAMH01,Enterobacter,Anaerotruncus,Providencia,Stomatobaculum,UMGS268,HGM11788,Firm-11,Methanomassiliicoccus_A,Agathobacter,MGYG000004660,Duncaniella,UBA1191,RUG131,CAG-462,MGYG000001871,UMGS1883,CAG-631,UMGS2037
rep219_seed2244	Stoquefichus,ER4,Yersinia,CAG-460,UMGS577,Enterococcus_B,SFVR01,Enterocloster,UBA5884,PeH17,MGYG000001871,SFDB01,Clostridium_X,Butyrivibrio_A,Ruminococcus_A,HGM11507,Mailhella,Eubacterium_I,HGM11575,Paraeggerthella,Bruticola,UMGS874,MGYG000003270,HGM11368,RUG14107,1XD42-69,Blautia_A,Faecalimonas,UMGS1600,Terrisporobacter,UBA1409,Turicibacter,Pluralibacter,Anaerosporobacter,UMGS1590,Campylobacter_A,TF01-11,MGYG000000390,UBA1394,Paramuribaculum,CAG-115,HGM11514,Absicoccus,Arabia,WRGP01,Megasphaera,Cetobacterium_A,MGYG000000574,Faecalicoccus,UMGS1975,Klebsiella,BX12,MGYG000004445,Lachnoclostridium,MGYG000002758,Enterobacter_A,Beduini,UMGS599,Kosakonia,Haemophilus_A,HGM12789,Proteus,CAG-710,Turicimonas,UMGS75,Psychrobacillus,Dielma,RUG131,HGM04593,CABIZH01,Muricomes,CAAEEV01,Acutalibacter,Sutterella,Neobittarella,HGM13222,Leclercia,UBA1829,UBA6857
rep220_seed2245	Granulicatella,Serratia,Anaerotignum,UBA11471,Lachnospira,CAG-632,Yokenella,Enterobacter_D,51-20,MGYG000003270,Evtepia,RUG806,Psychrobacillus,Gordonibacter,Lacticaseibacillus,HGM12587,UMGS882,UBA940,UMGS1052,An92,UBA7185,Clostridium_A,UMGS1518,Eubacterium_J,UBA1731,UMGS2016,Pyramidobacter,Bacilliculturomica,Brachyspira,HGM12814,Cellulosilyticum,UMGS1202,Holdemanella,UBA1375,UMGS1491,Yersinia,Ligilactobacillus,An172,CAG-288,Methanosphaera,Olsenella,Anaerosacchariphilus,MGYG000004127,Mitsuokella,Finegoldia,43-108,Peptococcus,Marvinbryantia,Kallipyga,F082,Lactobacillus,CAG-510,VUNI01,CAG-533,Pluralibacter,UMGS1623,Porphyromonas,Erysipelatoclostridium,Dorea_A,Parasutterella,Gabonibacter,UMGS1696,Anaeroglobus,RUG115,Eisenbergiella,Acetivibrio_A,Massilistercora,CAG-1193,CAG-272,Amulumruptor,UBA5809,CAG-485,UCG-010,Fusobacterium_A,Muricomes,Phocea,MGYG000004443,UMGS929,CAG-484
rep221_seed2246	51-20,CAG-314,UBA6857,Alterileibacterium,RUG705,Faecalibacterium,SFHK01,CAG-312,Muribaculum,Varibaculum,UMGS1490,CAG-103,Pseudomonas_R,Gastranaerophilus,Pediococcus,UMGS1663,UBA11452,Mixta,CAG-510,Olsenella,Eubacterium_I,Caproiciproducens,OF09-33XD,Companilactobacillus,HGM12998,QALR01,F0040,UBA1820,RF16,UMGS692,UMGS1004,Faecalitalea,UMGS1810,Epilithonimonas,Prevotellamassilia,Criibacterium,UBA1786,VSOB01,Roseburia,Salinicola,UMGS1224,MGYG000004604,CAG-245,CAG-533,Escherichia,Leminorella,Gemella,QALW01,UBA3402,Bittarella,Cetobacterium_A,MGYG000004850,Enterobacter,UMGS946,Limosilactobacillus,Lactobacillus,CAG-145,Ruminiclostridium_E,CAG-448,Alloscardovia,Lacticaseibacillus,An172,UMGS1820,Actinomyces,UMGS1766,Pseudomonas_E,Kallipyga,Stomatobaculum,Victivallis,CAG-349,CAG-56,UMGS1590,Butyricimonas,Hungatella_A,UBA7102,Ruminococcus_E,UMGS1532,Paenibacillus,An181
rep222_seed2247	Amedibacterium,RUG115,MGYG000004029,UBA11512,Lactiplantibacillus,Lachnoanaerobaculum,Weimerbacter,HGM12650,RUG11247,CAG-484,UMGS1241,Enterococcus_G,Ruminococcus_E,Eisenbergiella,UMGS263,HGM12669,Flavonifractor,Weissella,Enterococcus_C,Ruminococcus_F,Lachnoclostridium_A,Parasutterella,UMGS1633,Schaedlerella,CAG-793,UC5-1-2E3,Faecalicoccus,Butyricimonas,CAG-274,UBA7160,Peptacetobacter,HGM11521,Niameybacter,HGM12789,CAG-312,CAG-196,Zag1,CAG-917,CAG-632,UMGS966,CAG-460,OM05-12,MGYG000002575,Slackia_A,UMGS1600,RQCD01,CAG-303,Pantoea,OF09-33XD,CAG-110,UMGS929,Massilioclostridium,UBA1752,UMGS911,RUG806,UMGS1384,MGYG000001871,Clostridium_F,UBA11517,Exiguobacterium,KLE1615,Veillonella,UMGS1397,Coprococcus,MGYG000000587,MGYG000000346,UBA1181,NSJ-63,F23-B02,QAMH01,HGM11501,UMGS1851,Lysinibacillus,Firm-07,NSJ-62,Acinetobacter,UBA4716,MGYG000000425,Lancefieldella
rep223_seed2248	Paraclostridium,Peptoniphilus_C,Desulfovibrio,V9D3004,GCA-900066755,Faecalimonas,UBA3766,Garciella,Phoenicibacter,UMGS1472,CAG-273,Lactobacillus,Acutalibacter,Enterobacter,CAG-557,Campylobacter_B,Amedibacterium,RUG13868,Roseburia,CAG-964,Weimerbacter,UMGS1338,Haemophilus_D,Latilactobacillus,UMGS1840,HGM13010,UBA7748,UMGS268,COE1,HGM04593,UMGS1994,UMGS416,UMGS874,Agathobacter,UBA5026,CHH4-2,UMGS1810,RUG100,Corynebacterium,CAG-884,Gastranaerophilus,Phocaeicola,Peptostreptococcus,Alloprevotella,HGM11327,UMGS363,UBA5809,UBA1394,UBA4644,Bacilliculturomica,UBA6398,Cellulosilyticum,Dorea,UMGS1397,Anaerocolumna,UMGS882,UMGS973,HGM13233,CAG-877,UMGS1851,UBA6984,MGYG000004874,Klebsiella,Coprococcus,Proteus,Veillonella,CAG-449,Clostridium_Q,Mobilibacterium,Fusobacterium_C,MGYG000004445,SFFS01,RUG705,Stoquefichus,Cronobacter,UMGS124,HGM10836,QALW01,CAG-194
rep224_seed2249	UBA5809,Stomatobaculum,Anaerotruncus,UBA940,Butyricicoccus,UBA1822,Weizmannia,Agathobaculum,MGYG000002797,Gordonibacter,Lactonifactor,CAG-349,Prevotellamassilia,Peptoniphilus_C,RUG131,Longibaculum,UBA1232,UMGS692,Stenotrophomonas,Parasutterella,Turicibacter,Niameybacter,Lachnoanaerobaculum,UMGS1397,UMGS1490,Ruminococcus_G,UMGS1279,CAG-964,Morganella,MGYG000004094,UMGS1322,UMGS1312,HGM11501,Eisenbergiella,CAG-303,UMGS263,Leptotrichia,Cetobacterium_A,Pantoea,CAG-302,MGYG000000425,MGYG000003945,Zag111,Romboutsia,CAG-451,Lawsonella,MGYG000004171,CAG-170,Paenibacillus_A,Azonexus,CAG-145,Bittarella,DTU089,HGM05232,UMGS2016,MGYG000004727,Campylobacter,Gastranaerophilus,Cedecea,UMGS416,UBA5446,Intestinimonas,CAG-594,Pseudescherichia,UBA1234,JAAYBB01,Enterobacter,MGYG000000745,UBA1191,Enterococcus_C,CAG-314,Paenibacillus,Merdibacter,MGYG000004445,Enterococcus_B,UMGS1864,AM07-15,Rubneribacter,CAG-488
rep225_seed2250	Sporanaerobacter,Johnsonella,CHH4-2,Clostridium_N,Longicatena,Providencia,MGYG000000350,CAG-884,CAG-882,Limosilactobacillus,UMGS1002,UBA1786,UMGS1933,Clostridium_P,Massilistercora,Parabacteroides,Angelakisella,Erysipelatoclostridium,NSJ-63,CAG-288,DTU089,OM05-12,Kosakonia,Pseudoflavonifractor,Enterobacter_A,NC2004,UBA10281,Schaedlerella,UMGS929,Bacteroides_F,Megasphaera,CACZQA01,UMGS2055,Barnesiella,UMGS966,Dorea,Agathobaculum,Epilithonimonas,Holdemania,CAG-521,SFMI01,UBA738,Massiliomicrobiota,CAG-41,Pseudobutyrivibrio,Phocaeicola,Enorma,Amedibacillus,Enterococcus,Butyrivibrio_A,CAG-272,Veillonella,CAG-317,Superficieibacter,MGYG000004029,Bacillus_J,Treponema_D,CAG-460,MGYG000003289,NSJ-50,CAG-170,MGYG000002053,Methanobrevibacter_A,Clostridium_E,Bariatricus,UMGS1889,Arcanobacterium_A,CAG-411,Pygmaiobacter,Atlantibacter,Haemophilus_D,RUG705,Lactiplantibacillus,UMGS692,CAG-831,CAG-793,Coprococcus,CAG-177,HGM11514
rep226_seed2251	MGYG000004112,CAG-557,MGYG000004133,UC5-1-2E3,RUG13868,UMGS1840,UMGS1388,MGYG000000350,RUG023,UBA7748,UBA11471,Ezakiella,UMGS1537,UBA1740,Butyricicoccus_A,HGM12650,JAAYBB01,Pseudoflavonifractor,UBA11517,MGYG000004380,Eubacterium_M,AM51-8,MGYG000000387,UMGS1491,Citrobacter_A,Hydrogeniiclostridium,CAG-510,SFMI01,Brachyspira,CAG-882,HGM13862,Oribacterium,BX12,UMGS1472,Bilophila,Phascolarctobacterium,UMGS856,TWA4,CAG-492,Enterococcus_G,HGM11514,Pradoshia,Ruminococcus_D,CAG-317,Selenomonas_A,CAG-484,CAG-245,CAG-56,UBA7488,DUOT01,Megamonas,UBA3263,Barnesiella,UBA940,UBA9506,Parabacteroides,UMGS1253,UMGS1532,UBA2821,CAG-314,HGM04593,UMGS1690,UBA3631,Varibaculum,Anaerosporobacter,Eubacterium_G,HGM12587,43-108,CAG-917,Faecalibacterium,UMGS1883,UBA3818,UMGS1696,Enorma,MGYG000000378,51-20,1XD42-69,UMGS1611,Borkfalkia
rep227_seed2252	Latilactobacillus,MGYG000004604,HGM11386,CAG-1031,Pseudoflavonifractor,Neisseria,Borkfalkia,Pseudomonas,QAMH01,MGYG000004443,Gordonibacter,Enterococcus_C,Gemmiger,Murimonas,CAG-390,OF09-33XD,UMGS882,Dysosmobacter,Lentilactobacillus,MGYG000002797,Faecalibacterium,UMGS1002,Firm-07,Peptoniphilus_A,Paenibacillus,MGYG000004229,DTU089,UMGS1477,MGYG000004874,SFTJ01,Enterococcus_G,UBA1752,Prevotellamassilia,CAG-217,Coprobacillus,SFMI01,Leptotrichia,UMGS2055,Robinsoniella,Turicimonas,HGM11525,MGYG000003945,UBA5416,MGYG000004127,CAG-196,Lactobacillus,Aneurinibacillus,Ruminococcus_G,HGM13006,UMGS1441,UMGS1484,HGM11523,MGYG000002719,UBA737,NSJ-38,Fenollaria,MGYG000000456,UBA11517,Hafnia,CAG-884,Ruminococcus_D,Nitratidesulfovibrio,UMGS268,Prevotella,MGYG000002075,Hungatella_A,Ezakiella,HGM13010,SFFH01,Slackia_A,UMGS1889,Streptococcus,Ruminococcus_B,RUG12045,UBA11940,Fusobacterium_C,Pseudescherichia,Fusicatenibacter,MGYG000004061
rep228_seed2253	MGYG000003945,MGYG000004094,Neisseria,MGYG000004177,UBA7173,MGYG000000286,Amulumruptor,Massiliomicrobiota,Zag111,HGM12998,HGM11327,Acidaminococcus,Monoglobus,CAG-710,Hydrogeniiclostridium,UMGS1307,Parvimonas,UMGS1474,CAG-882,CAG-41,UMGS416,UBA1375,HGM04593,CAG-303,UMGS1532,Clostridium_A,CAG-631,Merdimonas,CACZQA01,Eubacterium_M,Lawsonella,Prevotella,Mediterraneibacter,Treponema_D,HGM14224,UMGS973,UMGS1326,Ralstonia,Caproiciproducens,Acutalibacter,UMGS2037,Anaerotruncus,Terrisporobacter,Prevotellamassilia,MGYG000000728,Massilimaliae,UMGS1253,NSJ-62,Odoribacter,UBA6345,Firm-11,UMGS1840,UMGS1293,UBA1181,HGM11507,CAG-95,UMGS1781,MGYG000003270,UCG-010,MGYG000001871,HGM11372,Weizmannia,Ligilactobacillus,UBA644,RUG472,Duodenibacillus,Murdochiella,UC5-1-2E3,RUG12045,Collinsella,Lachnoclostridium_A,Methanomassiliicoccus_A,AF33-28,Massilistercora,HGM13634,CAG-353,CAG-273,UBA940,Coprobacter
rep229_seed2254	Eubacterium_R,Methanomassiliicoccus_A,CAG-617,Caproiciproducens,MGYG000004061,MGYG000000505,CAG-56,Finegoldia,UMGS692,MGYG000004604,UMGS905,Clostridium_B,UBA945,Alterileibacterium,UBA1394,Porphyromonas,Cetobacterium_A,MGYG000000286,MGYG000003297,QALS01,CAG-448,Peptoniphilus_C,UMGS966,MGYG000003970,Clostridioides,Anaerofustis,UMGS1901,CAG-495,QALW01,Blautia,SFVR01,UMGS1633,Franconibacter,S5-A14a,UBA10281,Firm-11,CAAEEV01,Mailhella,MGYG000002216,CAG-145,Romboutsia,Succiniclasticum,UMGS1851,UMGS1611,Pygmaiobacter,UBA7748,MGYG000002696,Lentilactobacillus,QAKS01,Bittarella,Coprobacillus,Lactococcus_A,UBA3402,Arabia,UBA1234,Dysosmobacter,Enterococcus,UMGS75,Butyrivibrio_A,HGM11523,UBA6984,Senegalimassilia,GCA-900066495,UMGS973,CAG-724,Merdimonas,MGYG000004874,UBA4334,Ruminococcus_B,CAG-533,CAG-628,UMGS577,OM05-12,Pradoshia,UMGS268,Fusobacterium,Anaerotruncus,Chimaeribacter,Corynebacterium
rep230_seed2255	UBA7173,UBA1829,CAG-822,Massilioclostridium,Caecibacter,An92,UMGS172,Acetivibrio_A,NSJ-50,Eubacterium_M,CAG-917,UBA4372,CAG-877,UMGS1418,Parvimonas,MGYG000003297,Clostridium_AP,Streptococcus,Phil1,Gastranaerophilus,Harryflintia,Bittarella,MGYG000000574,UMGS268,Enterococcus_A,Megamonas,CAG-594,HGM13222,Eisenbergiella,RUG023,Nitratidesulfovibrio,UMGS973,UBA1390,MGYG000004171,Citrobacter_B,Gemmiger,Clostridioides,Fannyhessea,Firm-07,HGM11368,Anaeromassilibacillus,Butyricimonas,CAG-1024,CAG-194,HGM11501,Stenotrophomonas,CAG-793,TM7x,UMGS1532,Butyrivibrio_A,SFGY01,DUOT01,Mobiluncus,HGM12587,MGYG000002575,MGYG000002797,UBA1181,UBA2883,RUG410,MGYG000003490,Slackia_A,MGYG000004133,CAAEEV01,UMGS1293,Klebsiella,UMGS1613,UMGS1783,UBA11452,MGYG000001903,CAG-488,Porphyromonas,QALS01,Ellagibacter,Klebsiella_A,Weimerbacter,HGM10836,UBA7702,CAG-390,HGM12789
rep231_seed2256	Intestinibacter,Hafnia,CAG-590,Niameybacter,UMGS1976,UMGS1781,QALW01,UC5-1-2E3,Negativibacillus,Eubacterium_R,Muricomes,UMGS1865,Neobittarella,MGYG000000587,Ruminococcus_A,Yersinia,Raoultella,CAG-196,Sutterella,Pseudomonas,UMGS1795,Clostridium_A,MGYG000004811,Lachnoclostridium,Atlantibacter,UBA5809,MGYG000004112,NSJ-32,Klebsiella_A,UMGS1375,Acetivibrio_A,Acetatifactor,CAG-177,MGYG000004133,MGYG000003945,CAG-533,CAG-313,UBA940,MGYG000000728,Parabacteroides,HGM11514,MGYG000004177,UMGS1532,MGYG000002726,HGM11416,Dorea_B,Enorma,Borkfalkia,Faecalimonas,Paenibacillus_A,Coprobacillus,Lagierella,Mediterraneibacter_A,Paramuribaculum,Lancefieldella,HGM12789,UBA644,Gemella,MGYG000004029,Beduini,Weizmannia,NK3B98,UMGS973,Nitratidesulfovibrio,Intestinimonas,CAG-95,Ellagibacter,CAG-273,UBA5884,MGYG000000456,Faecalicoccus,UBA9414,Gabonibacter,Lachnoclostridium_B,CAG-110,MGYG000004874,Evtepia,RUG12045,UMGS882
rep232_seed2257	Lachnoclostridium,KLE1615,UMGS1975,UMGS1826,MGYG000004133,Butyrivibrio_A,Anaerosporobacter,CAG-841,RUG705,Lachnoclostridium_B,MGYG000002758,Bittarella,UMGS1820,Varibaculum,Peptoniphilus_A,Blautia,CAG-631,Dysgonomonas,UMGS1279,UBA5394,HGM10836,Lactiplantibacillus,UBA6345,CAG-462,UMGS1670,Fournierella,UMGS995,UBA5809,Kosakonia,MGYG000004171,Coprobacillus,Clostridium_A,MGYG000003270,HGM13618,CAG-617,Phascolarctobacterium,UBA7185,CAG-882,SFDP01,Arabia,UMGS172,UBA4285,UBA7160,UBA1820,Anaeroplasma,Corynebacterium,CAG-313,UMGS1387,UMGS1202,Desulfovibrio,UMGS1326,Frisingicoccus,HGM11507,Robinsoniella,Hungatella_A,F082,Tidjanibacter,UBA1206,UMGS1810,Eubacterium_I,CAG-448,UMGS1688,Massilistercora,Stenotrophomonas,RUG100,UMGS1537,Mobilibacterium,PeH17,HGM11417,Intestinibacter,MGYG000004177,Adlercreutzia,CAG-314,CAG-196,UBA945,CAG-317,CAG-349,Pluralibacter,UBA7102
rep233_seed2258	Eggerthella,CAG-451,Mesosutterella,Morganella,Clostridium_J,UMGS1766,MGYG000000587,Ruminococcus_D,Beduini,UBA1232,UBA11940,CAG-274,MGYG000004177,Christensenella,QALS01,CAG-411,UBA737,UBA945,OF09-33XD,GCA-900066755,RUG11247,UMGS75,CAG-485,Erysipelatoclostridium,CAG-115,MGYG000002053,Leuconostoc,Sutterella,Pantoea,MGYG000004029,MGYG000000456,Longibaculum,UBA4871,CAG-1000,UBA1394,UBA11774,GCA-900066905,Ruthenibacterium,Peptococcus,Robinsoniella,UMGS1889,Ralstonia,UMGS577,Anaerostipes,UBA1829,MGYG000004850,RC9,Lactococcus,Negativibacillus,MGYG000002726,An92,Anaerocolumna,MGYG000003490,Holdemanella,Pygmaiobacter,Clostridium_N,CAG-95,43-108,Enterocloster,UBA11524,Acinetobacter,Caproiciproducens,UBA3402,Faecalibacterium,UBA1409,UBA4716,Ezakiella,CAG-83,S5-A14a,UMGS1633,Roseburia,Clostridium,UMGS1326,Phocea,CAG-217,Alterileibacterium,UBA4285,Peptoniphilus_E,UMGS1490
rep234_seed2259	UMGS1474,UMGS1322,Ruminococcus_E,Parolsenella,HGM11588,RUG11200,UBA7102,CAG-303,MGYG000004133,UBA1685,HGM11507,Flavonifractor,UMGS1858,Harryflintia,Clostridium_N,Phascolarctobacterium_A,MGYG000002719,MGYG000002696,Succiniclasticum,UMGS1601,Prevotellamassilia,DTU089,UBA3766,Rothia,CAG-460,MGYG000000387,HGM13010,Cetobacterium_A,MGYG000000350,Enterococcus_D,Mediterraneibacter,Anaeromassilibacillus,MGYG000004874,MGYG000004660,NC2004,UBA1234,CAG-196,UMGS1004,Citrobacter_B,Kallipyga,UBA5884,Campylobacter,MGYG000004177,UBA1206,UMGS1241,Frisingicoccus,UMGS1865,Bacillus_A,Dorea,UMGS1540,Brachyspira,QALW01,UBA644,Enterobacter_A,JAAYBB01,Duncaniella,Odoribacter,UBA9414,UMGS1484,Eubacterium,MGYG000002683,UBA866,MGYG000002685,Massiliomicrobiota,UBA11940,F082,Morganella,Peptostreptococcus,UMGS929,UMGS1532,Clostridium_F,Faecalibacterium,Cutibacterium,HGM11523,HGM13634,UBA2883,Longibaculum,UMGS1590,CAG-288
rep235_seed2260	CAG-1193,Bilophila,NSJ-62,Clostridium_F,SFDB01,Clostridium_B,CAG-521,UBA11940,Fannyhessea,UBA9502,HGM14224,RUG420,43-108,UBA5905,Rikenella,Collinsella,Marseille-P3106,MGYG000003270,UMGS1783,UMGS882,Phascolarctobacterium,Ruminococcus_G,Robinsoniella,Peptoniphilus_C,MGYG000004172,Coprococcus_A,Aneurinibacillus,Pseudescherichia,Hungatella_A,UMGS905,RUG410,Adlercreutzia,Romboutsia,Dorea_B,Lachnoclostridium,RUG11247,Ruminococcus_F,Gordonibacter,CAG-312,MGYG000002696,Lactonifactor,RUG12045,UMGS966,Eubacterium_I,UMGS599,51-20,MGYG000002053,CAG-495,Marvinbryantia,Holdemanella,Olsenella_E,UMGS1613,HGM11372,CAG-81,MGYG000002575,Bacillus_A,MGYG000000390,Olsenella_B,UBA1181,HGM11327,CAG-710,Franconibacter,UBA738,UBA6984,MGYG000003970,Ligilactobacillus,Mailhella,Lentilactobacillus,Murimonas,CAG-485,HGM11514,MGYG000002685,Clostridium_Q,Dialister,Lawsonibacter,GCA-900066905,Citrobacter_A,UBA11512,UBA5026
rep236_seed2261	CAG-793,MGYG000004172,UMGS1474,Leclercia,HGM11788,Garciella,Oscillibacter,UBA1820,UMGS1224,Clostridium_E,Hungatella_A,UBA4334,HGM11588,Adlercreutzia,MGYG000000425,Fusobacterium_A,Akkermansia,Frisingicoccus,Franconibacter,NK4A136,MGYG000004874,MGYG000000378,Lactococcus,MGYG000000390,HGM11575,Angelakisella,Ruminococcus_B,QAKS01,CAG-488,HGM13618,Anaerocolumna,NSJ-61,Eubacterium_I,Bacillus_A,MGYG000003297,UBA9506,Olsenella_B,UBA6382,Acetatifactor,Clostridium_J,Anaeroglobus,Romboutsia,UBA5905,Bacteroides,HGM11616,CAG-475,HGM12669,Methanosphaera,Lacrimispora,UMGS1994,CAG-841,Collinsella,UMGS1976,UBA738,Pseudescherichia,SCN-57-10,CAG-632,UMGS1839,Phil1,Anaerosacchariphilus,Methanomassiliicoccus_A,MGYG000000574,QANA01,Eubacterium_R,CAG-964,UMGS1370,NSJ-38,Cutibacterium,An181,CAG-354,UBA1691,MGYG000003490,Neisseria,UBA2882,Enorma,CAG-194,MGYG000004094,HGM13010,CAG-170
rep237_seed2262	NSJ-50,CAG-594,Yersinia,Mixta,SFVR01,UBA1731,UBA7102,Romboutsia,MGYG000004443,UBA1685,Borkfalkia,Citrobacter_A,MGYG000000456,UBA5884,Pseudoflavonifractor,VUNA01,Paramuribaculum,UBA7597,MGYG000002010,UMGS1326,UBA3402,UMGS1690,UMGS1865,Coprobacter,UBA1786,UBA1390,UBA11512,Clostridium_A,Phocaeicola,Hungatella_A,Sellimonas,Extibacter,MGYG000000674,Finegoldia,CAG-492,CAG-617,UBA1711,UBA11940,Rahnella,MGYG000000346,MGYG000001953,MGYG000004547,Methanobrevibacter_A,CAG-56,CAG-484,UBA1417,Ligilactobacillus,Dorea_B,UMGS1484,UMGS1322,Enterocloster,Rothia,UMGS1397,CAG-632,RUG100,Varibaculum,UMGS268,Hydrogeniiclostridium,CAG-1193,CHH4-2,Salmonella,UMGS2055,UBA1232,UMGS1820,Klebsiella,Fusobacterium_C,UMGS1384,CAG-448,Campylobacter_B,CAG-822,UMGS902,Peptoniphilus_A,Coprobacillus,HGM11525,Gemmiger,Campylobacter,UMGS1474,SFDP01,CAG-631
rep238_seed2263	Fusicatenibacter,Methanosphaera,UMGS1663,HGM10836,Absicoccus,CAG-145,UMGS1484,UMGS1600,CAG-313,MGYG000000346,Johnsonella,Borkfalkia,MGYG000002719,UMGS363,Robertmurraya,Campylobacter,UBA6984,UMGS1590,V9D3004,Staphylococcus,CAG-762,MGYG000004229,MGYG000004127,MGYG000004094,MGYG000004177,Phoenicibacter,RUG420,MGYG000002696,UBA1206,Flavonifractor,CAAEEV01,UBA5446,Sporanaerobacter,Eubacterium_J,MGYG000002683,Clostridium_N,Enteroscipio,RUG11200,HGM05232,Acinetobacter,Phil1,HGM11808,CAG-274,Parasutterella,HGM12650,UBA7102,MGYG000004029,UBA7160,Anaerosacchariphilus,Clostridium,CAG-877,Mediterraneibacter,Vibrio,CAG-582,Paenibacillus,Methanobrevibacter_A,MGYG000000390,UBA5026,UMGS946,CAG-465,Enterobacter,Ruminococcus_A,UMGS1889,UMGS1518,Succinivibrio,UMGS1487,CAG-964,UBA1685,HGM13862,Leuconostoc,Murimonas,COE1,Alistipes,Companilactobacillus,Dorea_A,Odoribacter,UMGS1202,HGM13233,Aneurinibacillus
rep239_seed2264	Acidovorax,Yokenella,Pseudomonas,HGM11514,CABIZH01,Mobilibacterium,F0422,RUG11198,MGYG000004850,CAG-582,HGM11530,Parasutterella,Peptoniphilus_E,Ruminiclostridium_E,HGM10836,RUG806,HGM12650,Acidaminococcus,UMGS1004,Varibaculum,Desulfovibrio,HGM11523,Frisingicoccus,Leptotrichia,CAG-841,UMGS1613,Barnesiella,UMGS268,UMGS1109,UBA1417,UBA737,UMGS1976,Veillonella,UBA7102,UMGS1668,Haemophilus,Lactococcus_A,Agathobacter,Clostridium_F,UBA4855,Succinatimonas,CAG-83,UBA11940,UBA7057,Peptacetobacter,Zag111,CAG-180,GCA-900066755,Clostridium,Mixta,Peptococcus,UMGS1810,UBA11517,MGYG000000286,Gastranaerophilus,MGYG000004061,HGM13222,UBA1740,UMGS692,Limosilactobacillus,Klebsiella_A,HGM12713,Blautia_A,Granulicatella,MGYG000002683,Senegalimassilia,Pseudomonas_R,UBA6382,Johnsonella,Hungatella,Duncaniella,MGYG000004556,Bulleidia,UMGS1484,CAG-964,RUG14107,Sporanaerobacter,Alloscardovia,UMGS1883
rep240_seed2265	Bacilliculturomica,Muribaculum,V9D3004,CAG-831,Hydrogeniiclostridium,51-20,Cellulosilyticum,UMGS1484,UMGS856,MGYG000004850,43-108,CAG-465,SFJ001,1XD42-69,UBA1417,Firm-11,Amulumruptor,Weizmannia,Aeromonas,Olsenella_E,CAG-245,QAKD01,HGM12587,Weissella,Providencia,Succinatimonas,UMGS1840,Alloprevotella,Cutibacterium,CAG-1024,MGYG000002075,UMGS577,RUG115,An172,QAMH01,HGM13618,Stoquefichus,Johnsonella,Eubacterium_G,UMGS905,Fusobacterium_B,Lysinibacillus,DUOT01,UMGS1518,Intestinimonas,Akkermansia,Pseudescherichia,HGM13862,Niameybacter,Stomatobaculum,Gemmiger,Bruticola,CAG-793,UBA5920,Longicatena,UMGS2037,MGYG000000286,MGYG000002797,Rahnella,UMGS268,UMGS1611,UBA9475,UMGS1883,Monoglobus,UMGS1004,Enterococcus,Rothia,AM07-15,UMGS1766,Faecalicoccus,UMGS1279,Ruminococcus,UMGS1858,UBA1390,Alloscardovia,UMGS1783,UBA3818,SFHK01,NSJ-61
rep241_seed2266	MGYG000004874,Paraeggerthella,Aneurinibacillus,UBA10281,KM106-2,Paramuribaculum,CAG-1193,UMGS966,HGM12713,Clostridium_Q,Sporanaerobacter,NSJ-32,UBA3818,Lacticaseibacillus,CAG-312,Mediterraneibacter,Citrobacter_B,Clostridium_B,NSJ-50,Anaerostipes,Latilactobacillus,UMGS1487,CAG-353,Zag1,UBA6382,UMGS1418,Senegalimassilia,Merdibacter,Massilistercora,Slackia_A,Odoribacter,UBA7702,Klebsiella,HGM05232,Campylobacter_B,Anaeroplasma,SFVR01,Methanobrevibacter_A,UMGS1815,RUG13868,CAG-1031,Flavonifractor,VUNA01,Anaeromassilibacillus,Anaerosalibacter,Clostridium_A,MGYG000002758,SFGY01,CAG-492,UBA11471,Anaerobutyricum,MGYG000004811,CACZQA01,MGYG000002010,KLE1615,HGM11368,CAG-582,UMGS1224,OF09-33XD,Ruminococcus_B,QALW01,UBA1820,TM7x,CAG-603,VUNI01,Adlercreutzia,Lawsonella,UBA7057,Succiniclasticum,CAG-273,UMGS1397,UMGS172,UMGS929,MGYG000003270,Roseburia,Enterococcus_D,BX12,Succinatimonas,Sneathia
rep242_seed2267	CAG-115,HGM11368,CAG-484,Cloacibacillus,Murdochiella,Yokenella,Anaeroplasma,UBA5920,QAMM01,UBA737,HGM10836,DTU089,SFGY01,Extibacter,Olsenella_B,UMGS1241,UBA1711,UMGS1537,Enterococcus,Leminorella,UMGS1623,UMGS1375,F0422,UMGS1633,Weizmannia,Ruminococcus_E,Ruminococcus_G,S5-A14a,MGYG000000425,UBA7182,Duodenibacillus,Terrisporobacter,UMGS1518,UBA7057,CAG-279,RUG115,UMGS1670,MGYG000000505,Clostridium_B,Victivallis,Chimaeribacter,Holdemanella,Sodaliphilus,Eubacterium_G,Hafnia,Coprobacter,UBA1181,MGYG000001871,Anaerotruncus,Massilioclostridium,CAG-303,CAG-145,Ruthenibacterium,UMGS1976,UBA866,CAG-110,RUG12045,AM51-8,UMGS1611,CAG-831,UMGS905,UBA6398,SFMI01,UBA1777,Ruminococcus,CHH4-2,51-20,CAG-631,F082,Lactobacillus,RUG023,UMGS1326,UMGS1889,CAG-557,Anaerosporobacter,Lagierella,Evtepia,Kosakonia,Marvinbryantia
rep243_seed2268	Pluralibacter,Sodaliphilus,Eubacterium,Haemophilus_A,UMGS1071,UBA1417,SFLA01,Nitratidesulfovibrio,Citrobacter_A,UBA7160,Acinetobacter,Garciella,Firm-11,SFFS01,UBA2821,Olsenella_E,Lachnoclostridium,TM7x,Marvinbryantia,Phytobacter,Azonexus,UBA2856,CAG-302,UBA1737,CAG-1427,UBA11512,MGYG000004171,UBA7102,Prevotella,Anaerotruncus,UBA11774,HGM13010,Clostridium,Alistipes_A,UMGS1484,MGYG000003305,HGM11575,Bifidobacterium,UBA11471,SFEL01,CAG-462,UBA6398,Hafnia,MGYG000001871,MGYG000000674,UBA644,RC9,HGM12713,SFMI01,NSJ-38,UBA1181,Dielma,Clostridium_X,MGYG000004177,Fenollaria,UMGS2037,Serratia,UMGS856,Porphyromonas_A,MGYG000000456,Chimaeribacter,HGM11616,SFTJ01,UBA3282,UMGS1591,Catenibacillus,Megamonas,Stenotrophomonas,Faecalibacterium,Negativibacillus,UMGS124,UBA10677,CAG-877,Proteus,UMGS1472,UMGS1540,Latilactobacillus,RUG420,RUG705
rep244_seed2269	1XD42-69,RUG806,NSJ-61,UMGS2055,Mesosutterella,Rikenella,UBA2856,MGYG000001903,UBA7597,UBA1206,CAG-557,UBA11940,Mailhella,HGM12650,UBA940,SFGY01,Methanomassiliicoccus_A,Frisingicoccus,Escherichia,Haemophilus_A,Duncaniella,UMGS1613,MGYG000004604,Leuconostoc,UBA1820,Eubacterium_R,Emergencia,Scardovia,Neisseria,Latilactobacillus,CAG-196,UBA7057,Klebsiella,CAG-273,MGYG000000378,Anaerocolumna,Clostridium_X,UBA6345,UMGS911,RUG14107,Senegalimassilia,Salmonella,RUG705,UMGS1880,CAG-776,UMGS856,Paramuribaculum,Ruminococcus_A,SCN-57-10,Arabia,HGM13006,UMGS1418,Lactonifactor,UBA1234,UBA9502,Enterococcus_B,HGM05232,MGYG000000745,UMGS902,UMGS995,Morganella,Massiliomicrobiota,UBA11524,Companilactobacillus,CAG-274,UBA738,Methanobrevibacter_A,CAG-710,UMGS1663,CAG-590,Bacillus_A,UMGS1933,MGYG000000286,UBA11774,UBA3766,Campylobacter,RUG12045,Peptococcus,Azonexus
rep245_seed2270	CAG-353,CAG-1427,UMGS1397,Eggerthella,NK4A136,UBA7702,Lachnoclostridium,UMGS75,Ruminococcus_F,Haemophilus,QAMX01,SFEL01,Enterococcus,MGYG000000378,Pseudomonas_E,Haemophilus_D,UBA6345,CACZQA01,Morganella,Succiniclasticum,Mediterraneibacter,UMGS1783,UMGS363,Anaerobutyricum,MGYG000004443,CAG-582,VSOB01,UMGS1338,Robertmurraya,Fusobacterium_B,Faecalibacterium,Bariatricus,CAG-465,UBA7173,MGYG000001903,Chimaeribacter,UBA3402,CAG-841,RUG410,Massilicoli,MGYG000004094,Olsenella_E,UBA5884,CAG-964,CAG-873,Cellulosilyticum,UBA4716,Anaeroplasma,Garciella,CAAEEV01,SFDP01,Clostridium_AP,HGM12789,An172,Clostridium_X,Aggregatibacter,UMGS731,UMGS1387,CAG-411,Neobacillus,Sellimonas,Cedecea,MGYG000004061,CAG-103,Coprobacter,SFMI01,UBA7748,Lactococcus,Lacrimispora,UMGS1241,Phytobacter,Duncaniella,UMGS1663,Ruminococcus,KM106-2,Corynebacterium,CAG-452,Pseudomonas_R,MGYG000004604
rep246_seed2271	Lagierella,MGYG000000674,CAG-831,Coprobacillus,UBA5026,HGM11372,Faecalibacterium,Butyrivibrio_A,UMGS1611,Bulleidia,Ruthenibacterium,UBA6398,GCA-900066495,UMGS1865,Corynebacterium,Lancefieldella,Merdibacter,Companilactobacillus,Cellulosilyticum,Clostridioides,UMGS1840,MGYG000003970,RUG11198,Mitsuokella,Garciella,UMGS1851,SFFS01,Anaeromassilibacillus,Extibacter,CAG-194,Clostridium_AQ,UMGS1279,Gabonibacter,Faecalibacillus,Blautia_A,CAG-510,Akkermansia,Dorea_B,Nitratidesulfovibrio,CAG-110,Longibaculum,RUG410,Aggregatibacter,Paraprevotella,Enterococcus_D,Niameybacter,Kluyvera,HGM14224,Bacteroides_F,CHH4-2,UCG-010,HGM11575,MGYG000002053,Agathobacter,CAG-631,RUG13868,UBA5920,KM106-2,NSJ-61,UMGS1880,MGYG000003297,Massilistercora,Bacillus_A,Butyricimonas,Bifidobacterium,Coprobacter,MGYG000000505,Amedibacillus,Dialister,UBA9506,UMGS1387,UBA1181,MGYG000000387,Hydrogeniiclostridium,QAMM01,CAG-238,HGM11523,Robertmurraya,Clostridium_P
rep247_seed2272	RUG115,CAG-81,KM106-2,Enorma,CAG-354,UMGS1883,Rothia,Latilactobacillus,Bacillus_J,CAG-103,UMGS1781,Faecalicoccus,QALW01,DTU089,HGM14224,SFFS01,Salmonella,CAG-460,UMGS1840,Kluyvera,UMGS172,UMGS1810,Parvimonas,UBA11774,Paramuribaculum,UBA11517,CAG-603,CAG-417,UBA3388,RUG13868,CAG-557,Akkermansia,UBA11471,UMGS1540,Clostridium_A,UMGS1864,Enterococcus_B,CAG-448,An181,Stomatobaculum,Pseudobutyrivibrio,HGM12998,UMGS882,UMGS946,Gabonibacter,UMGS1388,UMGS1253,1XD42-69,Butyricicoccus_A,Enterococcus_C,UMGS1976,MGYG000000390,SFEL01,Zag111,Lactococcus_A,OF09-33XD,CAG-1024,HGM11525,RUG131,CAG-510,TWA4,Anaerotignum,SFMI01,Mediterraneibacter,Klebsiella,Intestinimonas,Fournierella,Actinobaculum,UBA1409,UMGS363,UMGS905,PeH17,Porphyromonas_A,MGYG000004094,HGM11327,CHH4-2,Tidjanibacter,Atlantibacter,UBA3818
rep248_seed2273	Anaerotruncus,Olsenella,Coprobacter,MGYG000004443,F0422,UBA3263,GCA-900066905,UMGS929,Lancefieldella,Eikenella,Phytobacter,Criibacterium,Lacrimispora,MGYG000004133,CAG-460,Mobilibacterium,D5,Faecalitalea,UMGS2016,UMGS1851,Raoultella,Bacillus_A,UBA1390,UBA1777,Duodenibacillus,CAG-103,Stoquefichus,UBA11512,Succiniclasticum,Fannyhessea,Anaeroglobus,UBA5416,Acidovorax,Longibaculum,Phil1,MGYG000001903,Staphylococcus,MGYG000004127,Citrobacter_B,SFEL01,CHH4-2,Leptotrichia,SFHK01,Pseudomonas,Anaeromassilibacillus,Caecibacter,UMGS1418,Lachnoclostridium_B,Granulicatella,Alterileibacterium,Megamonas,Campylobacter,UMGS1976,Sneathia,51-20,RUG410,Ruminococcus_D,UBA9475,UMGS1540,UMGS1613,UMGS882,CAG-603,Limosilactobacillus,Leclercia,Muribaculum,Dysosmobacter,Enterococcus_G,UBA1394,UBA866,Lawsonibacter,Ralstonia,HGM12669,CAG-762,UBA940,Anaerosalibacter,Oxalobacter,Alistipes,DTU089,UBA7173
rep249_seed2274	MGYG000002053,UBA866,MGYG000003305,CAG-475,UBA11471,HGM11386,Actinomyces,MGYG000001871,Methanosphaera,UMGS1293,Ruminococcus_E,UBA2882,CHH4-2,CAG-411,Flavonifractor,HGM11530,CABIZH01,CAG-1000,NSJ-62,MGYG000003270,Serratia,Neisseria,KLE1615,Faecalitalea,Lysinibacillus,Streptococcus,MGYG000003970,JAAYBB01,HGM13010,MGYG000004094,Actinobaculum,Butyricicoccus,QAKS01,CAG-238,CAG-353,Hungatella,MGYG000002726,Butyricicoccus_A,Mobilibacterium,Pantoea,F0040,HGM10836,HGM12814,QAMH01,Ralstonia,Sneathia,Parvimonas,HGM11417,Anaeromassilibacillus,F0422,UBA4644,TF01-11,RUG131,CAG-448,Raoultella,Clostridium_A,CAG-317,Cedecea,Treponema_D,UBA1786,UMGS1815,UBA1234,UMGS1322,UMGS1002,WRGP01,NK4A136,RUG115,CAG-533,CAG-354,Eikenella,HGM11788,NSJ-38,Lachnospira,MGYG000004380,CAG-390,Clostridium_AP,UMGS1623,HGM11616,UMGS1591
rep250_seed2275	Mesosutterella,Dialister,CAG-484,QAKW01,UBA3818,UMGS911,QAKS01,Akkermansia,Finegoldia,Murimonas,UBA644,Bruticola,Marvinbryantia,Beduini,MGYG000001903,UBA10677,CAG-791,CAG-793,Parvimonas,Eisenbergiella,Succinivibrio,UMGS692,HGM11417,Methanobrevibacter_A,UMGS902,UMGS1663,NSJ-32,UMGS1441,HGM12814,Lachnoanaerobaculum,Peptostreptococcus,Enterococcus_B,Bacillus_A,MGYG000002719,CAG-762,UBA1711,RUG572,UBA1740,Mobiluncus,UBA7102,Companilactobacillus,UMGS124,Eubacterium,Longibaculum,SFHK01,UMGS1004,UBA4855,UCG-010,Bariatricus,Pyramidobacter,Raoultibacter,Agathobaculum,HGM12669,UBA7160,UBA3402,Olsenella_B,Phascolarctobacterium,HGM12789,CAG-312,CAG-81,UMGS1880,Eggerthella,MGYG000004443,CAG-841,CAG-303,S5-A14a,SFVR01,MGYG000000286,Phascolarctobacterium_A,UMGS1241,CAG-882,MGYG000004061,CAG-110,Lancefieldella,UMGS973,Acetivibrio_A,SFMI01,MGYG000004727,Vibrio
rep251_seed2276	UMGS1490,CAG-279,RUG131,RUG472,UMGS172,Finegoldia,MGYG000001871,Longicatena,An172,UMGS1889,Butyricicoccus_A,Eubacterium_I,CAG-465,HGM13233,HGM12814,MGYG000001953,Exiguobacterium,Citrobacter_B,HGM11416,DUOT01,UBA1822,CAG-145,UMGS1253,Enterococcus_D,Clostridium,Anaerosalibacter,MGYG000000378,RUG705,Mailhella,RUG13868,Weissella,UMGS1623,HGM11530,Campylobacter_B,Tidjanibacter,RUG572,CAG-449,MGYG000002575,UMGS966,CAG-349,Lagierella,Sutterella,UMGS1781,Fenollaria,CAG-822,UMGS1474,Evtepia,CAG-317,Peptoniphilus_B,CAG-194,SFDP01,Methanomassiliicoccus_A,Scardovia,SFLA01,Clostridium_J,CAG-110,Cronobacter,Coprococcus,Morganella,Atlantibacter,MGYG000000745,Megamonas,OF09-33XD,RC9,UMGS1633,CAG-451,CAG-485,MGYG000004380,UMGS1241,S5-A14a,HGM11525,Coprobacter,Treponema_D,Ligilactobacillus,Pseudomonas_E,Rothia,Eubacterium,Lactiplantibacillus,Firm-11
rep252_seed2277	MGYG000000350,Longibaculum,Senegalimassilia,CAG-1031,Intestinibacter,CABIZH01,UMGS902,UBA1232,Anaerosporobacter,CAG-762,Pantoea,UMGS1491,UMGS1865,QAKD01,UBA7173,MGYG000003970,UBA5394,HGM04593,HGM11514,Akkermansia,Massilimaliae,Christensenella,Dysgonomonas,SFTJ01,Turicimonas,Sporanaerobacter,UMGS1384,UMGS1202,UMGS2055,QANG01,UMGS1225,Peptoniphilus_C,CAG-603,Arabia,MGYG000002758,VSOB01,Latilactobacillus,Anaerotruncus,Robertmurraya,Scardovia,UMGS1766,UMGS1668,CAG-349,43-108,UMGS1591,Mitsuokella,Garciella,Clostridium_A,Stomatobaculum,Citrobacter_B,UMGS1322,UMGS1820,Pseudoruminococcus,UMGS124,Parasutterella,UBA737,AM07-15,UBA3766,HGM12587,Klebsiella,HGM11372,Mesosutterella,MGYG000003297,MGYG000000728,UMGS1826,Phascolarctobacterium_A,ER4,Coprococcus_A,Paraeggerthella,UMGS1484,CAAHEQ01,UBA5905,CAG-884,Lacrimispora,UMGS363,UBA3631,UBA3263,Limosilactobacillus,Faecalicoccus
rep253_seed2278	NK3B98,Citrobacter,UMGS1384,Peptostreptococcus,MGYG000004061,Ruminococcus_G,UBA7182,CAG-776,UBA9475,Cedecea,Holdemania,UMGS1293,WG-1,Acidovorax,RF16,UBA7748,HGM13233,CAG-349,Caecibacter,QANG01,UMGS1312,UMGS1109,Peptoniphilus_A,Slackia_A,UBA3282,Allisonella,CAG-279,Kluyvera,CAG-288,UBA4716,MGYG000004172,Clostridium_F,Serratia,UBA7488,UBA11524,UMGS1591,Enterococcus_C,Massilimaliae,Brachyspira,Parasutterella,Lactobacillus,UBA1737,Yersinia,Bacteroides,UMGS1518,CAG-451,Campylobacter_A,Paraeggerthella,UBA3263,Selenomonas_C,QALW01,CAG-533,Prevotella,Paraclostridium,MGYG000003970,AF33-28,Bacillus_A,CAG-115,Oscillibacter,Lactiplantibacillus,CAG-462,F082,QAMX01,UBA866,UMGS416,UBA11517,Ralstonia,Firm-10,Olsenella,UC5-1-2E3,TF01-11,Haemophilus,HGM11386,MGYG000004443,UMGS1766,Garciella,CAG-873,Oxalobacter,Leptotrichia
rep254_seed2279	Limosilactobacillus,UMGS1370,Lachnoclostridium_A,UMGS1901,UBA3631,UBA636,Enterococcus_A,Clostridium_A,HGM12650,UMGS1696,Senegalimassilia,Dysgonomonas,MGYG000004094,Harryflintia,Desulfovibrio,CAG-724,UMGS1253,Enterococcus_C,UBA1829,HGM11417,Rikenella,Bifidobacterium,UBA11517,UMGS911,BX12,Selenomonas_C,CAG-557,Lawsonella,QAMX01,MGYG000001903,Faecalitalea,CAG-762,Eubacterium,CAG-56,Nitratidesulfovibrio,MGYG000000425,HGM13634,UMGS1889,UMGS1864,CAG-81,UMGS75,HGM11368,Phil1,GCA-900066755,Acutalibacter,ER4,CAG-272,Hydrogeniiclostridium,UBA4871,Citrobacter,UMGS902,CAG-1000,UMGS995,Yokenella,UBA11471,Rubneribacter,CAG-510,UBA9414,UBA6857,Eggerthella,Holdemanella,Clostridium_X,CAG-274,Longicatena,Ezakiella,DUOT01,Peptoniphilus_C,An172,CAG-603,MGYG000002726,HGM12814,QAKW01,Oribacterium,QALS01,Adlercreutzia,Tidjanibacter,MGYG000004127,CAG-628,UBA4855
rep255_seed2280	MGYG000003855,Faecalibacterium,Evtepia,OM05-12,MGYG000002685,MGYG000004133,MGYG000002053,HGM11575,CAG-449,UBA1390,CAG-492,Paenibacillus_A,MGYG000004094,UMGS1795,Merdimonas,Aggregatibacter,UBA5446,Stomatobaculum,Olsenella,UMGS1611,UBA5884,UMGS1766,MGYG000000745,UBA7748,Butyricicoccus,UMGS1840,Faecalibacillus,Slackia,UMGS1590,UMGS1600,MGYG000003289,Clostridium_F,Streptococcus,Leuconostoc,CAG-448,RUG100,Sutterella,UMGS874,Selenomonas_C,Mitsuokella,Butyricimonas,Alloprevotella,UBA4871,Odoribacter,F082,An172,UBA1786,MGYG000002075,Flavonifractor,QALS01,CAG-354,Pseudomonas_R,CAG-724,CAAEEV01,Peptacetobacter,Staphylococcus,Clostridium_AP,Enterobacter_D,MGYG000002726,Acidaminococcus,MGYG000000456,CAG-710,HGM13862,Mobiluncus,Plesiomonas,Duncaniella,Mediterraneibacter_A,Fusobacterium,UMGS1781,Lachnoclostridium_B,Citrobacter,Desulfovibrio,Enterocloster,MGYG000000350,UMGS905,Fusobacterium_B,Stoquefichus,CAG-877,Gastranaerophilus
rep256_seed2281	UBA3388,Blautia_A,Adlercreutzia,MGYG000004604,Peptoniphilus_B,Eisenbergiella,UMGS1397,Amulumruptor,UBA7702,CAG-95,F082,QAKW01,MGYG000004660,Peptacetobacter,CAAHEQ01,CAG-628,MGYG000000674,Marseille-P4683,Mediterraneibacter,CAG-533,Neobittarella,UMGS1613,Marvinbryantia,CAG-194,UMGS1901,GCA-900066495,Muricomes,Oscillibacter,CAG-288,MGYG000002758,Dorea,Brachyspira,CAG-724,Alloscardovia,Lachnospira,SFGY01,HGM11501,Finegoldia,SFJ001,MGYG000004029,Bacteroides,Merdibacter,UMGS1326,CAG-274,Fusobacterium_B,Catenibacterium,UMGS1312,HGM12587,UMGS1251,MGYG000002053,Rikenella,QALR01,Salmonella,UBA4855,GCA-900066905,Megasphaera,CAG-279,Lysinibacillus,Anaeroplasma,Leuconostoc,Klebsiella_A,Paenibacillus,UBA4334,Allisonella,SCN-57-10,Faecalibacterium,CAG-617,UBA1234,Enterococcus_G,51-20,CAG-917,Pradoshia,UBA7057,RUG705,CAG-475,UMGS1472,MGYG000001871,Phytobacter,Fournierella
rep257_seed2282	Superficieibacter,NSJ-61,Clostridium_A,Aneurinibacillus,V9D3004,MGYG000004660,UMGS1472,UBA7597,UMGS1781,CAG-217,CAG-877,UMGS403,Phil1,Marvinbryantia,CAG-353,Sneathia,D5,Rahnella,UMGS1387,MGYG000002719,HGM04593,Pediococcus,CAG-762,Anaerocolumna,HGM12814,UMGS1840,MGYG000003270,43-108,Amedibacterium,UBA11512,UMGS1491,MGYG000000587,UBA2821,Chimaeribacter,Clostridium_B,Acinetobacter,S5-A14a,UBA2882,CAG-83,Proteus,Succiniclasticum,UMGS1002,Selenomonas_C,Dysgonomonas,Coprobacter,CAG-245,UBA1711,Butyricicoccus,CAG-56,Bittarella,Beduini,QAKW01,Agathobaculum,Paenibacillus,UMGS1322,HGM13222,Aggregatibacter,UMGS1766,UBA1731,Yokenella,Coprococcus,TF01-11,Sellimonas,UMGS1312,Anaerostipes,Eubacterium_J,SFVR01,Enterobacter,UBA4372,Sporanaerobacter,Enterococcus_B,Tidjanibacter,MGYG000004445,NK4A136,UBA2856,UMGS1418,Acetatifactor,Pseudoflavonifractor,UMGS1397
rep258_seed2283	Phil1,UBA9475,DUOT01,Rubneribacter,UMGS1810,HGM10836,Pseudoruminococcus,Pediococcus,UBA6382,Actinobaculum,Acetivibrio_A,UMGS2055,CAG-510,Dysosmobacter,UBA10677,UMGS1472,Olsenella_E,UMGS1601,RUG410,Erysipelatoclostridium,UMGS577,Coprobacter,UBA5446,MGYG000004660,HGM12814,Enorma,Lachnoclostridium_A,CAG-882,CAG-632,Eubacterium_I,CAG-590,Mailhella,Stenotrophomonas,An92,UMGS1975,UBA7488,CAG-41,Klebsiella_A,Oscillibacter,UBA3388,CAG-793,Providencia,CAG-312,Intestinibacter,UMGS1370,Christensenella,Peptoniphilus_C,Methanobrevibacter_A,MGYG000000346,UMGS172,MGYG000004547,Enterobacter,RUG11200,MGYG000003305,MGYG000000745,CAG-485,OF09-33XD,Actinomyces,Mitsuokella,Hydrogeniiclostridium,Lawsonibacter,AM51-8,QAMM01,Clostridium_E,Aneurinibacillus,Firm-07,HGM11530,UBA1234,Eubacterium_G,Duodenibacillus,MGYG000000728,UMGS1933,Selenomonas_C,Clostridium_X,Dorea_B,Neisseria,Pyramidobacter,Campylobacter_B,UBA2856
rep259_seed2284	CAG-582,UMGS1322,Angelakisella,Gemmiger,Butyrivibrio_A,UMGS1387,Psychrobacillus,UBA1234,Bariatricus,Alistipes_A,Firm-07,Massilistercora,UMGS2016,CAG-317,SCN-57-10,Prevotella,Eikenella,UBA7185,QAMM01,Companilactobacillus,Firm-11,UBA1390,UMGS1826,Latilactobacillus,Leuconostoc,MGYG000002053,Lactococcus,UMGS1783,Neobacillus,CAG-353,UBA1752,UMGS1384,UBA1232,Senegalimassilia,MGYG000002216,Monoglobus,Coprococcus_A,MGYG000000286,CAG-762,MGYG000000587,RUG14107,Lachnoclostridium_B,UBA1409,HGM11521,Parolsenella,Caproiciproducens,Mailhella,MGYG000000745,Coprobacillus,MGYG000004604,NSJ-63,HGM13618,MGYG000002685,UMGS1293,CAG-238,CAG-628,Romboutsia,CAG-533,Longibaculum,Coprococcus,UMGS1600,Duncaniella,Robertmurraya,Eisenbergiella,Schaedlerella,BX12,CAG-710,43-108,Salmonella,An92,Cloacibacillus,Veillonella,NK3B98,MGYG000002702,UMGS263,UMGS905,SFJ001,UBA4871,Ruminococcus
rep260_seed2285	Hungatella_A,Akkermansia,QALS01,Caecibacter,UMGS1225,Parvimonas,Marseille-P4683,Turicibacter,UMGS874,Varibaculum,UMGS1375,Dorea_A,UMGS1781,Anaeromassilibacillus,UBA5809,Eubacterium,Finegoldia,CAG-884,Ligilactobacillus,MGYG000004850,CAG-628,HGM12814,Aggregatibacter,GCA-900066495,CAG-724,UMGS1840,MGYG000002685,UMGS1591,Pantoea,Firm-10,Absicoccus,RQCD01,MGYG000004061,Pyramidobacter,Lentilactobacillus,Pseudomonas,CAG-177,MGYG000004660,UMGS1633,Firm-11,CAG-594,Lactococcus_A,UBA11524,Olsenella,Franconibacter,Aneurinibacillus,UMGS1052,MGYG000004127,CAG-1024,UBA5446,UBA9414,COE1,QAKS01,Murimonas,Faecalitalea,MGYG000003305,Methanomassiliicoccus_A,Clostridium_J,RUG115,Massilicoli,UMGS1872,NSJ-38,MGYG000000350,CAG-449,Pseudoruminococcus,Lachnoanaerobaculum,CAG-485,CABIZH01,Mediterraneibacter_A,Butyricicoccus,Bacilliculturomica,HGM11530,UMGS1880,CAG-273,Weizmannia,HGM11386,MGYG000000390,Alloprevotella,UMGS1572
rep261_seed2286	Longibaculum,Dysosmobacter,MGYG000002216,Robertmurraya,Erysipelatoclostridium,Fusicatenibacter,Gemella,Mailhella,MGYG000004874,Dielma,Negativicoccus,HGM12998,HGM11521,Amedibacillus,Pauljensenia,Sporanaerobacter,Yersinia,CAG-841,Barnesiella,JAAYBB01,Kluyvera,Enterobacter,SCN-57-10,HGM12669,HGM11416,Scardovia,Clostridium_B,Sneathia,CAG-279,UMGS1071,Gordonibacter,UMGS1279,Ruminococcus_D,NSJ-63,Enorma,CAG-917,UMGS1826,UMGS1839,MGYG000004029,Terrisporobacter,Ruminococcus_C,Actinomyces,UBA4334,Ruthenibacterium,Anaeromassilibacillus,Desulfovibrio,CAG-557,UMGS1307,Providencia,UMGS1370,Rubneribacter,VUNA01,1XD42-69,NSJ-50,Mobiluncus,Caecibacter,UMGS1004,CAG-631,UMGS1858,CAAEEV01,UBA7057,OF09-33XD,MGYG000003855,UMGS1783,CAG-353,SFFH01,Varibaculum,UMGS1326,CAG-302,Ligilactobacillus,Enterococcus_C,Clostridioides,MGYG000003490,Acidaminococcus,Senegalimassilia,UBA11471,Lacticaseibacillus,UMGS1002,Amulumruptor
rep262_seed2287	UMGS1251,CAG-793,QAMM01,GCA-900066905,UBA1181,Eubacterium,Cellulosilyticum,RUG572,CAG-488,Methanosphaera,MGYG000000728,RF16,UMGS1975,UMGS1889,CAG-873,F082,UMGS1668,Faecalitalea,Blautia,Salinicola,MGYG000000350,Clostridium_Q,An181,UCG-010,Chimaeribacter,Hungatella_A,CAG-776,Ruminococcus_C,CAG-452,CAG-510,Kluyvera,Anaerostipes,Anaerosalibacter,Granulicatella,HGM13618,Desulfovibrio,Caecibacter,Haemophilus_A,UMGS1225,RUG11247,Gemmiger,CAG-353,Lysinibacillus,Lactiplantibacillus,RUG14107,CAG-495,Azonexus,Butyrivibrio_A,Pseudescherichia,Holdemania,UBA7182,MGYG000000505,UBA3766,Catenibacillus,Porphyromonas_A,Eggerthella,UMGS966,Acutalibacter,HGM13006,Enorma,CAG-1031,Finegoldia,UMGS1241,Terrisporobacter,UMGS1472,Lachnospira,Lachnoclostridium_B,Pseudomonas_E,UMGS1783,UBA5905,UBA7748,Staphylococcus,UMGS1004,SFTJ01,Mediterraneibacter,Hungatella,UBA1191,CAG-492,Haemophilus
rep263_seed2288	Holdemanella,UMGS1591,UMGS1202,An172,UMGS1975,UMGS124,RUG131,UMGS1490,UMGS1474,Morganella,HGM11372,HGM13862,Mobiluncus,Proteus,Clostridium_P,UBA9506,UBA1822,UBA2821,Clostridium,Bruticola,Rikenella,Robinsoniella,Paraeggerthella,Parvimonas,UMGS1783,HGM13222,UBA6984,UBA737,Rahnella,RUG100,RUG472,MGYG000004029,CAG-594,Dialister,TWA4,Phocaeicola,SFEL01,Evtepia,UMGS1109,UMGS1810,Lactococcus_A,Eubacterium_G,CAG-274,MGYG000002010,Leptotrichia,MGYG000003270,UMGS1781,UBA7185,Coprococcus_A,Adlercreutzia,UBA11940,CAAHEQ01,UBA3818,QAMH01,UMGS363,Firm-10,UBA1711,UMGS1253,NSJ-38,UBA3388,MGYG000001953,UBA11452,UMGS911,Succinatimonas,CAG-411,Aggregatibacter,CAG-762,UBA1685,Megasphaera,Oxalobacter,HGM11368,UBA1820,Intestinimonas,CAG-877,Eubacterium_J,UBA10281,UMGS1601,Pseudobutyrivibrio,AM51-8
rep264_seed2289	Clostridioides,SFHK01,UMGS1540,SFDP01,Peptococcus,Lactonifactor,PeH17,UBA3818,Bulleidia,Eubacterium_R,MGYG000002696,SFFH01,MGYG000000378,CAG-269,SFLA01,UBA1711,Agathobaculum,Clostridium_X,Lacrimispora,Acutalibacter,Ellagibacter,UMGS1397,MGYG000002719,Erysipelatoclostridium,Negativibacillus,Enterobacter,Enterococcus_B,Yokenella,UMGS1623,Akkermansia,RUG023,NSJ-63,GCA-900066755,Ezakiella,Plesiomonas,Marseille-P4683,UMGS2016,CAG-1024,Pseudoruminococcus,Pyramidobacter,CAG-303,UBA6984,Massilioclostridium,UMGS1002,RUG11247,CAG-1193,RF16,Johnsonella,Eisenbergiella,CAG-41,43-108,Lacticaseibacillus,CAG-590,QANA01,Anaeroglobus,Porphyromonas_A,Enterococcus_C,Acetivibrio_A,Catenibacterium,Latilactobacillus,Ligilactobacillus,HGM10836,Streptococcus,HGM11521,NSJ-50,Mailhella,Gemella,CAG-238,UMGS1322,Veillonella_A,Intestinimonas,MGYG000004172,UMGS1518,UBA2856,CAG-594,Oxalobacter,Peptoniphilus_E,NK3B98,SCN-57-10
rep265_seed2290	CAG-1427,MGYG000004811,HGM11501,RUG472,Murdochiella,UBA4716,Paramuribaculum,UBA10677,Marseille-P3106,CAG-873,Morganella,Peptococcus,Anaeroplasma,HGM12713,Muricomes,UBA3388,HGM11788,HGM13634,UMGS172,UMGS1901,Nitratidesulfovibrio,Lactococcus,Agathobacter,Alloscardovia,Pseudomonas_E,MGYG000002575,Anaerosporobacter,UMGS599,UBA1390,HGM13222,CAG-313,Plesiomonas,AM07-15,Parabacteroides,Haemophilus,Lagierella,VUNI01,Fusicatenibacter,UBA6984,Ligilactobacillus,CAG-460,Cellulosilyticum,UBA11452,QAMX01,UMGS905,CAG-533,UMGS1688,MGYG000000346,Enorma,Garciella,MGYG000003297,Marvinbryantia,GCA-900066135,Haemophilus_D,UBA9502,CAG-303,Coprococcus_A,MGYG000000674,Paraprevotella,UMGS1375,CAG-411,Anaerobutyricum,Peptacetobacter,Allisonella,Hydrogeniiclostridium,MGYG000003270,CACZQA01,UBA5026,RUG705,UMGS1572,UBA1740,QAKS01,QAKW01,Phytobacter,CAAHEQ01,UMGS1484,Methanomassiliicoccus_A,CAG-417,UBA1259
rep266_seed2291	NSJ-63,QANG01,Mesosutterella,Neobittarella,Robinsoniella,Christensenella,UMGS1623,Peptoniphilus_C,Escherichia,UBA5884,SFJ001,GCA-900066905,Anaeroglobus,Granulicatella,UMGS1225,Actinobaculum,UBA945,UMGS1375,Lagierella,HGM11368,UMGS1384,MGYG000003490,MGYG000004133,Peptoniphilus_A,MGYG000004443,UMGS1601,MGYG000000350,Succinatimonas,Muribaculum,RUG572,JAAYBB01,RUG410,Citrobacter,CAG-492,DUOT01,Azonexus,Romboutsia,Gemella,CAG-462,UMGS1477,SFDB01,Campylobacter_A,HGM13618,MGYG000000728,Ruthenibacterium,Extibacter,Acinetobacter,MGYG000000674,Phil1,HGM14224,Haemophilus_D,Marseille-P3106,UMGS1766,UMGS2037,Intestinimonas,Pseudomonas,WG-1,CAG-81,UBA1829,CHH4-2,Firm-07,HGM12587,Odoribacter,Dorea,CAG-917,CAG-170,CAG-882,CAG-793,UMGS1109,Holdemania,Prevotella,Pradoshia,Ruminococcus_C,Bacillus_A,UBA9414,Faecalimonas,RUG420,UMGS2016,Clostridium_A
rep267_seed2292	UBA6984,RUG11198,UMGS403,CAAEEV01,Pauljensenia,Clostridium_F,Mesosutterella,UBA9414,Weizmannia,UBA4644,CAG-831,CAG-170,UMGS1487,MGYG000000286,Morganella,UMGS1518,UMGS1600,UMGS874,Acinetobacter,SFFS01,Butyrivibrio_A,MGYG000002685,Enorma,Limosilactobacillus,Agathobacter,UMGS416,KLE1615,HGM11525,Lactobacillus,Ruminococcus_A,Oxalobacter,Bruticola,Actinobaculum,Weissella,Fusobacterium_B,Alistipes_A,UMGS599,UBA10677,MGYG000004094,UBA11774,UMGS1840,Coprobacter,Bilophila,VUNA01,NC2004,Pseudomonas,MGYG000000346,Ruminococcus_D,Cetobacterium_A,CAG-274,Sutterella,Merdimonas,Faecalimonas,Granulicatella,CAG-484,UMGS1766,CAG-353,UMGS1783,UBA7185,MGYG000004850,UMGS1663,Sneathia,CAG-302,Absicoccus,Pradoshia,Staphylococcus,CAG-594,CAG-56,Paenibacillus,HGM12669,GCA-900066135,MGYG000000350,Collinsella,Dorea_B,UBA9506,MGYG000002053,UBA7057,UMGS1326,Olsenella_E
rep268_seed2293	Clostridium_Q,UBA9502,UMGS1901,CAG-488,RUG806,Fenollaria,Dysosmobacter,Hungatella,CAG-302,MGYG000004133,Schaedlerella,UBA5920,Niameybacter,Raoultibacter,Roseburia,ER4,WRGP01,Phytobacter,Porphyromonas,UBA11517,Citrobacter_A,Zag1,MGYG000001903,Johnsonella,Blautia,CAG-964,Pyramidobacter,CAG-617,D5,Akkermansia,MGYG000000587,UBA7173,WG-1,MGYG000004850,AF33-28,MGYG000000456,Anaerocolumna,Sodaliphilus,CAG-127,UMGS1976,Faecalitalea,HGM11417,Clostridium,UBA1206,CACZQA01,Scardovia,MGYG000002702,Pseudomonas,UMGS599,RUG705,BX12,F082,UBA738,HGM12789,CAG-841,Duodenibacillus,Lactobacillus,Raoultella,Mediterraneibacter,Finegoldia,Anaerotignum,Dorea_A,UBA6382,Amedibacillus,UBA1731,UMGS1815,Pygmaiobacter,UBA7488,UMGS1663,UBA3263,UBA3766,Edwardsiella,Franconibacter,SFVR01,CAG-273,Acidovorax,Fannyhessea,Duncaniella,UMGS1537
rep269_seed2294	An172,UBA1731,RUG806,Corynebacterium,Methanosphaera,MGYG000002797,RUG410,UMGS1611,Weissella,Weizmannia,Merdibacter,Marvinbryantia,Eubacterium_R,MGYG000003297,UMGS1518,CAG-582,CAG-177,Proteus,UBA7173,MGYG000002726,CAG-411,Atlantibacter,MGYG000002216,Harryflintia,Firm-10,Phascolarctobacterium_A,Fournierella,Zag1,Ruminococcus_G,MGYG000000350,Coprobacillus,UMGS1224,UMGS124,RUG115,Mediterraneibacter,UMGS1864,MGYG000002719,JAAYBB01,Anaerosalibacter,UBA1820,UMGS1795,UMGS856,Gemella,Clostridium_B,Ruminococcus,MGYG000002696,UMGS1858,Pradoshia,Oscillibacter,Succinatimonas,Eubacterium,HGM11588,Citrobacter_A,Garciella,Faecalitalea,Coprococcus_A,MGYG000002053,UBA1417,UBA1232,UMGS1663,Anaeromassilibacillus,VUNA01,Yokenella,Murdochiella,Enterobacter_A,UBA4644,Stomatobaculum,Enterobacter_D,HGM12957,UBA11471,Lachnoclostridium_A,UBA2856,UMGS1484,NSJ-32,CAG-617,UMGS1820,UBA940,HGM05232,CAG-417
rep270_seed2295	Firm-11,HGM13222,UBA7597,MGYG000002696,Negativicoccus,Bifidobacterium,Roseburia,Lactiplantibacillus,Klebsiella_A,CACZQA01,UMGS1307,Leptotrichia,UBA945,MGYG000004177,TM7x,Clostridium_AP,MGYG000002010,Eisenbergiella,GCA-900066495,CAG-776,Franconibacter,Massilimaliae,Eubacterium,Campylobacter,UBA1786,SFDB01,Adlercreutzia,QAMX01,Anaerotignum,S5-A14a,Bulleidia,Acetivibrio_A,Dysosmobacter,Paenibacillus_A,Faecalibacillus,UMGS416,Haemophilus,UBA4334,Pseudescherichia,CAG-882,Massiliomicrobiota,CAG-594,RUG806,F0422,CAG-110,Lachnoclostridium,UMGS75,Absicoccus,Rahnella,CAG-452,Kosakonia,UMGS1388,QALS01,Parabacteroides,UMGS1225,Alterileibacterium,MGYG000004133,Anaerostipes,Christensenella,UMGS1840,UBA644,CAG-462,Neobacillus,MGYG000002719,UMGS1864,CAG-312,CAG-484,Schaedlerella,Pauljensenia,Prevotellamassilia,Ruthenibacterium,Ruminococcus_D,QAMM01,Bacteroides_F,SFFS01,CAG-45,UMGS1071,CAG-349,CAG-557
rep271_seed2296	Pygmaiobacter,Ruminococcus_D,UMGS403,QALW01,UMGS1518,CHH4-2,Christensenella,Neisseria,CAG-594,Weimerbacter,CAG-272,Lysinibacillus,Klebsiella_A,UMGS1851,Murimonas,UMGS1477,WG-1,Olsenella_E,CAG-354,HGM11521,CAG-873,An172,UBA866,Haemophilus_D,SFMI01,CAG-617,Anaerostipes,Cloacibacillus,HGM13233,HGM13618,Criibacterium,RUG572,UBA11452,RUG806,Coprococcus,UMGS929,UMGS1002,Alterileibacterium,Ruminiclostridium_E,Lactonifactor,UBA737,Lachnoanaerobaculum,UBA7057,RUG11247,UBA1232,UMGS1601,UBA4855,Aneurinibacillus,CAG-56,Victivallis,MGYG000004811,CAG-631,MGYG000002696,HGM12587,VUNI01,UMGS1976,CAG-273,TWA4,UBA4285,Hungatella,RC9,Negativibacillus,Treponema_D,MGYG000003970,Beduini,UBA1259,Enterococcus_C,Gemmiger,UBA3818,UMGS268,Moellerella,UMGS1293,Lentilactobacillus,Lactococcus,Companilactobacillus,CAG-475,Citrobacter_A,OM05-12,UBA3402
rep272_seed2297	Christensenella,Holdemanella,CAG-452,Ruminococcus_B,Anaerosporobacter,UMGS1826,An172,Gemmiger,Ligilactobacillus,SFLA01,CAG-81,MGYG000002696,MGYG000004850,HGM11588,Exiguobacterium,Faecalibacillus,JAAYBB01,UBA1259,UBA11471,HGM13862,Bilophila,CAG-841,Flavonifractor,UBA1685,Mediterraneibacter_A,Clostridioides,Haemophilus_A,Rahnella,Phytobacter,Bifidobacterium,HGM11514,Brachyspira,Mobilibacterium,NSJ-61,RF16,CAG-448,Enterobacter_D,Arcanobacterium_A,Eubacterium,MGYG000000728,Sodaliphilus,Holdemania,Ruminococcus_A,MGYG000004380,UMGS2037,Anaeromassilibacillus,UBA5416,Superficieibacter,Dorea_A,Rikenella,UBA10677,UMGS1603,Haemophilus,Peptococcus,Oxalobacter,Vibrio,CAG-510,Negativibacillus,Acutalibacter,UMGS1994,51-20,Anaeroglobus,Succiniclasticum,KLE1615,Romboutsia,MGYG000004229,Salinicola,MGYG000000390,RUG100,UBA2883,Amulumruptor,Phascolarctobacterium_A,Desulfovibrio,CAG-170,SFDP01,CAG-354,Cetobacterium_A,RC9,Alloscardovia
rep273_seed2298	UMGS966,CAG-180,UMGS416,HGM11327,CAG-521,Coprobacter,MGYG000004556,Clostridium_J,CAG-488,Dorea,CAG-452,UBA1829,MGYG000004380,MGYG000004229,QANA01,Victivallis,CAG-349,UMGS1826,Oscillibacter,Pygmaiobacter,RUG12045,Lagierella,Succinivibrio,UMGS1865,CAG-510,F0422,GCA-900066135,UMGS692,51-20,Anaerofustis,Dorea_A,QAKW01,Succinatimonas,Gastranaerophilus,Monoglobus,Escherichia,SFFS01,UMGS1883,Massilimaliae,MGYG000002683,CAG-617,OM05-12,CAG-492,UMGS1109,CAG-411,Cronobacter,SFLA01,MGYG000000574,Odoribacter,Weissella,CAAHEQ01,Flavonifractor,MGYG000004604,Anaeromassilibacillus,Limosilactobacillus,UBA6984,CAG-95,CAG-353,Bittarella,Beduini,Cloacibacillus,RF16,CAG-302,HGM12650,Parolsenella,CAG-1193,Ruminiclostridium_E,UMGS75,DUOT01,Harryflintia,Duodenibacillus,CHH4-2,Yokenella,AF33-28,MGYG000003289,Lacticaseibacillus,UBA4855,Clostridioides,Hungatella_A
rep274_seed2299	RUG705,Eubacterium_J,Hungatella,Ligilactobacillus,Pyramidobacter,Enterococcus_G,Enterococcus_B,Paenibacillus,MGYG000000425,MGYG000001871,An181,HGM11575,Lachnoclostridium_A,Citrobacter_B,Cutibacterium,UMGS1202,Limosilactobacillus,UBA1691,HGM13233,SFDP01,Porphyromonas_A,Megamonas,Coprobacter,Lagierella,Stomatobaculum,Hydrogeniiclostridium,Robertmurraya,UMGS124,Intestinimonas,HGM11788,Stenotrophomonas,UMGS874,MGYG000004172,Kluyvera,UMGS1491,Bacilliculturomica,UBA1375,Sneathia,UBA3282,S5-A14a,Pantoea,HGM11808,F0422,Lactobacillus,DUOT01,Enterobacter,Clostridium_Q,Haemophilus_D,MGYG000002053,UBA9414,UMGS911,CAG-873,UMGS1590,Bilophila,NSJ-38,Yokenella,Clostridium_N,Lawsonella,UMGS1826,MGYG000004229,UBA738,MGYG000004445,Mesosutterella,UBA4372,UBA7182,Latilactobacillus,MGYG000002797,UMGS1307,CAG-217,QAKS01,NSJ-50,CAG-81,Mediterraneibacter,RUG572,UMGS1484,MGYG000000745,UMGS902,Morganella,UMGS1600
rep275_seed2300	CHH4-2,Faecalibacillus,CAG-590,Streptococcus,Salmonella,QAMX01,UBA1820,UMGS1883,TWA4,Hydrogeniiclostridium,Campylobacter_A,Catenibacterium,SFGY01,V9D3004,UMGS363,HGM11530,Eisenbergiella,UMGS1474,Firm-11,Lancefieldella,UBA4871,Butyricimonas,Treponema_D,Cellulosilyticum,Lactiplantibacillus,Mediterraneibacter,Pseudoflavonifractor,WRGP01,UBA7173,Lachnoclostridium_A,MGYG000004380,HGM11386,CAG-56,Ruminococcus_G,Gemella,Leminorella,MGYG000002075,UMGS75,UBA4644,MGYG000001903,Kluyvera,HGM12713,UBA5416,Blautia_A,UMGS1387,UMGS1490,MGYG000004445,Ralstonia,MGYG000000745,CAAHEQ01,Nitratidesulfovibrio,HGM13634,UBA5884,Phocea,Faecalimonas,Alterileibacterium,Fusobacterium_B,Duodenibacillus,Rubneribacter,CAG-274,An181,UMGS577,MGYG000002683,Schaedlerella,Anaeroplasma,Anaeroglobus,UMGS1253,UBA4855,UMGS1572,Niameybacter,Olsenella_E,UBA1259,CAG-791,Clostridium_AQ,Bacteroides,NSJ-50,Chimaeribacter,DUOT01,MGYG000000378
rep276_seed2301	CAAHEQ01,Bacteroides_F,Alistipes,UMGS1810,Holdemanella,Phascolarctobacterium,UMGS1338,UBA7702,UMGS1603,Methanomassiliicoccus_A,Mediterraneibacter_A,Mitsuokella,CAG-314,UMGS1633,Corynebacterium,UBA2882,MGYG000003945,Atlantibacter,Eubacterium_J,Frisingicoccus,VSOB01,GCA-900066495,Lactiplantibacillus,COE1,Lacrimispora,CAG-288,Paraprevotella,Clostridium_F,UMGS1901,UBA7182,MGYG000001953,Absicoccus,Eubacterium_M,Enterococcus,RUG11198,UMGS1933,Beduini,CAG-41,CAG-180,Peptoniphilus_C,Methanobrevibacter_A,QAMH01,Selenomonas_C,MGYG000002075,Lachnoclostridium_A,Ruminiclostridium_E,Enorma,Ruminococcus_E,NSJ-38,Murimonas,MGYG000004094,Bilophila,Coprococcus,Lacticaseibacillus,HGM11514,Phascolarctobacterium_A,Roseburia,GCA-900066755,Lactococcus,UBA7057,CAG-882,Odoribacter,MGYG000004556,Marvinbryantia,Sporanaerobacter,Neobittarella,UBA7173,UBA1752,Catenibacillus,Parabacteroides,MGYG000003305,Clostridium_Q,Oxalobacter,Bruticola,SFEL01,RF16,UMGS882,CAG-196,MGYG000003490
rep277_seed2302	Dielma,Exiguobacterium,UMGS1312,Evtepia,Peptoniphilus_A,UMGS1572,F23-B02,Bilophila,CAG-475,Streptococcus,UBA6984,Proteus,Paraprevotella,Selenomonas_C,MGYG000001871,Faecalibacterium,Haemophilus_A,QALW01,UMGS1975,HGM13233,CAG-41,Campylobacter_B,Vibrio,UMGS1766,WRGP01,MGYG000004171,Eikenella,Frisingicoccus,Anaeroplasma,UMGS1071,UBA9506,Oribacterium,UBA7057,Criibacterium,Hafnia,HGM11514,UMGS124,Blautia,UBA1740,Haemophilus,CAG-81,DUOT01,UBA7702,Anaerofustis,MGYG000002010,Megasphaera,SFVR01,Niameybacter,Peptostreptococcus,Slackia_A,RUG12045,MGYG000004443,Sporanaerobacter,Enterobacter_A,Gabonibacter,UBA644,UBA5026,Monoglobus,Brachyspira,CAG-302,UBA11517,Clostridium_E,Phocea,MGYG000004172,Aggregatibacter,RC9,UBA5920,HGM14224,Epilithonimonas,CAG-492,Cetobacterium_A,UBA11524,HGM11507,UMGS882,HGM12957,Ruminococcus_D,Treponema_D,Campylobacter_A,HGM12789
rep278_seed2303	Anaerobutyricum,SFEL01,Angelakisella,UBA6382,Bilophila,CAG-724,CAG-831,Arcanobacterium_A,Rothia,Lachnoclostridium,UMGS2016,Pygmaiobacter,S5-A14a,CAG-1031,Holdemanella,Chimaeribacter,Klebsiella,Muricomes,Coprococcus_A,Desulfovibrio,UMGS1633,Anaerotruncus,CAG-631,Faecalibacterium,Dialister,UMGS1004,Phascolarctobacterium_A,Enterobacter_A,UMGS902,Marseille-P3106,Lancefieldella,Clostridium_J,MGYG000000387,Borkfalkia,CAG-41,UBA5905,VSOB01,Catenibacterium,MGYG000004094,CAAHEQ01,Edwardsiella,An172,Aggregatibacter,Anaerosacchariphilus,Anaerotignum,UMGS692,Lagierella,Arabia,CAG-194,Actinobaculum,CAG-484,RUG806,Sodaliphilus,UMGS1487,Anaerosporobacter,Pseudobutyrivibrio,UMGS1472,CAG-279,1XD42-69,RUG115,Proteus,UMGS1858,Mobiluncus,Citrobacter_A,Lachnoclostridium_B,Bruticola,CAG-465,Gemmiger,UBA7488,Porphyromonas,Clostridioides,Superficieibacter,D5,Anaeroglobus,CAG-103,Coprobacillus,Collinsella,Enterococcus_D,HGM11327
rep279_seed2304	CAG-1427,AM51-8,Succiniclasticum,UCG-010,MGYG000002216,UMGS1071,Vibrio,Lactococcus,UMGS1109,UMGS1994,MGYG000000350,Phocaeicola,RF16,Rahnella,Peptostreptococcus,UBA1234,Paenibacillus,Enteroscipio,UMGS1851,MGYG000004029,CAG-245,Zag1,UMGS995,Niameybacter,HGM11525,Olsenella_B,UMGS1670,SFEL01,Gemmiger,Oribacterium,Acidaminococcus,Holdemanella,CAG-460,UMGS1663,Leclercia,UBA940,Campylobacter_A,QAMH01,CAG-103,MGYG000002575,Exiguobacterium,MGYG000003490,Paraeggerthella,Chimaeribacter,SFDB01,Selenomonas_C,UBA636,UMGS1611,Adlercreutzia,Anaerococcus,UMGS599,UMGS966,Kosakonia,MGYG000004061,MGYG000000505,MGYG000002702,CAG-964,Pauljensenia,UMGS1474,RUG472,Phil1,Faecalicoccus,HGM11523,MGYG000000378,Butyricicoccus_A,CAG-194,Yokenella,Pseudescherichia,UBA1409,Firm-10,MGYG000004811,Eubacterium,HGM12814,Succinivibrio,UMGS1241,HGM11788,UMGS1815,Bulleidia,UMGS1810
rep280_seed2305	S5-A14a,MGYG000004172,Pseudomonas,Prevotella,Lachnoclostridium,HGM11327,MGYG000000574,UMGS1491,Stenotrophomonas,SCN-57-10,Stoquefichus,VSOB01,Succiniclasticum,Firm-11,UMGS874,Rikenella,UMGS1253,UBA6382,UMGS1690,Allisonella,HGM13222,MGYG000003945,MGYG000004547,UMGS973,Lactococcus_A,UMGS692,Anaerotignum,Enterococcus_G,UBA1232,Borkfalkia,UBA1390,Fournierella,UMGS1815,UBA737,CAG-317,Lachnoanaerobaculum,QANA01,Phil1,Sutterella,Romboutsia,51-20,An181,UBA7597,Coprococcus,Tidjanibacter,Raoultella,Mitsuokella,UMGS1781,UBA1685,UMGS1202,Vibrio,MGYG000004850,HGM13233,UMGS1518,Senegalimassilia,MGYG000004811,UMGS1820,Bilophila,Scardovia,Rubneribacter,SFGY01,MGYG000000674,UMGS1839,CAG-475,SFJ001,UBA11471,CAG-557,Gemella,Murimonas,HGM11514,CAG-488,BX12,HGM12650,UMGS1004,Lawsonibacter,An92,Ruminococcus_E,Anaeroplasma,Lactonifactor
rep281_seed2306	CAG-791,Marseille-P4683,Porphyromonas,Anaerotruncus,UBA1752,HGM12650,MGYG000004177,AM51-8,Mesosutterella,Lawsonella,Romboutsia,UBA4871,UBA3631,Psychrobacillus,CAG-762,UBA11471,HGM13006,CAG-81,UMGS1338,CAG-238,Latilactobacillus,Eubacterium_F,CAG-460,HGM11525,Butyricicoccus_A,SFFS01,MGYG000004061,Rikenella,Dorea_B,Mitsuokella,OF09-33XD,Ruminococcus_E,MGYG000000456,MGYG000004029,UMGS1851,UMGS1370,NSJ-32,Acutalibacter,MGYG000004850,UC5-1-2E3,Arabia,MGYG000004172,UMGS1279,Pantoea,UBA11940,UMGS2016,Pygmaiobacter,CAG-628,Porphyromonas_A,Olsenella_B,RF16,Coprobacillus,Leuconostoc,Peptostreptococcus,CAG-303,UBA9475,RUG100,Fusobacterium_B,UMGS1810,Serratia,HGM12587,Lactiplantibacillus,HGM05232,Lawsonibacter,Eggerthella,ER4,Massilimaliae,UBA3282,CAG-884,Coprococcus,Fannyhessea,UBA1394,Zag1,Dielma,Schaedlerella,UMGS1490,Pseudoflavonifractor,UMGS1518,Paenibacillus
rep282_seed2307	Neobittarella,RUG131,AM07-15,Providencia,HGM11530,QALR01,WG-1,UBA11512,UMGS1872,Amedibacillus,Varibaculum,CAG-354,Blautia_A,TWA4,MGYG000003297,Psychrobacillus,Parvimonas,Slackia,CAG-1427,Salinicola,CAG-841,UMGS1696,Firm-11,Gemmiger,Aneurinibacillus,Phil1,SFGY01,MGYG000004133,MGYG000002719,UMGS1864,UMGS946,MGYG000004660,RQCD01,Clostridium_AQ,Massiliomicrobiota,Catenibacillus,Enteroscipio,Muribaculum,Ruminococcus_C,SFHK01,UMGS902,Enterobacter,Oxalobacter,UBA9475,CAG-417,Ellagibacter,HGM13618,Phoenicibacter,UBA1206,Methanobrevibacter_A,NK4A136,Ligilactobacillus,Mixta,Pygmaiobacter,1XD42-69,UBA4372,UMGS1370,HGM11523,MGYG000004172,Olsenella,Clostridium_Q,QALW01,UMGS1518,F082,Methanosphaera,UMGS1795,Dialister,UBA4855,UBA1417,UMGS1851,KM106-2,Clostridium_X,Pauljensenia,CAG-110,Fenollaria,UBA6345,UMGS1668,UMGS680,Dorea_B
rep283_seed2308	UBA11517,UMGS1384,UMGS1865,Haemophilus_A,Campylobacter,MGYG000004727,Anaerofustis,CAG-776,UMGS1872,MGYG000001953,UMGS2037,UMGS1633,Campylobacter_A,Lachnoclostridium,Alloprevotella,MGYG000000378,HGM11523,CAAEEV01,UMGS1518,Clostridium_A,Enorma,HGM11525,UMGS1613,Enterobacter,Leptotrichia,KLE1615,UBA5905,Intestinimonas,UMGS1052,CAG-594,Clostridium_Q,Turicimonas,UMGS1418,UBA1259,RUG115,Johnsonella,UMGS1600,MGYG000002010,CAG-582,CAG-103,Morganella,Massilicoli,Butyrivibrio_A,CAG-354,Granulicatella,Flavonifractor,UBA1822,QAKS01,UMGS1537,UBA7488,Eubacterium_I,UMGS874,UMGS929,Butyricimonas,CABIZH01,Anaerococcus,Sodaliphilus,UBA1786,UMGS268,Psychrobacillus,Scardovia,Neisseria,MGYG000002216,UBA1740,SFFS01,Bifidobacterium,UMGS1611,Actinobaculum,Neobacillus,Ruminococcus_A,Selenomonas_A,Porphyromonas,Anaerotignum,UBA3402,Erysipelatoclostridium,Roseburia,Aeromonas,Evtepia,Holdemania
rep284_seed2309	UMGS1603,CAG-460,UMGS966,UBA3818,HGM12814,RUG100,HGM12587,MGYG000002575,MGYG000004660,MGYG000000456,Methanobrevibacter_A,RUG420,UBA5884,Mobiluncus,UBA1786,UBA1685,QAMH01,CAG-83,HGM11514,MGYG000002702,MGYG000002719,UMGS1690,UMGS1472,QAKS01,Zag1,HGM04593,Paenibacillus,MGYG000002726,Cutibacterium,Enterococcus_G,AF33-28,UBA1232,UMGS1418,HGM12998,UMGS1253,Azonexus,Weissella,UMGS692,MGYG000001903,Brachyspira,CAAHEQ01,Ellagibacter,TWA4,Veillonella_A,UMGS1487,HGM11417,Paraclostridium,UMGS1975,Kallipyga,GCA-900066135,Alloscardovia,Ruminococcus_A,Fusobacterium_C,UMGS124,CAG-180,MGYG000004127,UMGS1901,Slackia_A,Intestinimonas,Fusobacterium,Escherichia,UBA6398,MGYG000000505,MGYG000004112,UBA1691,Kluyvera,Clostridium,UMGS363,UBA2883,UMGS1696,NSJ-63,CAG-631,HGM12650,Succinivibrio,UMGS1851,UMGS1864,UBA3631,CAG-170,UBA1820
rep285_seed2310	Intestinibacter,QAKD01,CACZQA01,UBA1232,TM7x,MGYG000002702,UMGS1865,Kallipyga,Ruminococcus_A,CAG-590,HGM13634,Odoribacter,UMGS1933,RQCD01,Ruminococcus_G,Pyramidobacter,UBA5905,Anaerobutyricum,Psychrobacillus,Clostridium_X,UBA1822,Bacteroides_F,Corynebacterium,Acinetobacter,Anaerofustis,UBA1691,UMGS1766,Victivallis,Gabonibacter,Proteus,Eisenbergiella,Leminorella,Porphyromonas_A,SFFH01,SFJ001,MGYG000004380,Merdibacter,UBA1206,CAG-245,UMGS1540,SCN-57-10,Borkfalkia,UBA1731,HGM12587,Ralstonia,Intestinimonas,Bulleidia,RUG14107,UMGS1477,UBA9502,Leptotrichia,Haemophilus_D,MGYG000004177,UMGS1225,Massilimaliae,CAG-632,Yokenella,Gemella,CAG-557,Escherichia,UMGS1623,Phocea,Bittarella,UMGS1872,Eubacterium_F,RC9,Eubacterium_G,WG-1,MGYG000004229,Garciella,UMGS1387,QAMM01,Cetobacterium_A,Clostridium_Q,Muricomes,Eubacterium_T,Enterococcus,UBA1259,CAG-484
rep286_seed2311	MGYG000002719,Fusobacterium_A,Peptoniphilus_E,Limosilactobacillus,Negativibacillus,UBA1206,Lachnoanaerobaculum,UMGS1865,UMGS1491,Arcanobacterium_A,Lactiplantibacillus,UMGS1663,Turicimonas,UMGS1696,MGYG000000350,MGYG000002758,Ruminococcus_A,QAMM01,Beduini,CAG-196,Akkermansia,UMGS263,Butyricicoccus,MGYG000004443,DTU089,RUG131,RUG023,UBA9475,Clostridium_F,UBA4716,CAG-115,Rothia,UBA3766,UC5-1-2E3,MGYG000000574,Paramuribaculum,UBA6382,Eubacterium_F,Fenollaria,UMGS1858,Bariatricus,CAG-724,UBA1181,CAG-390,CAG-762,UMGS1474,Emergencia,Massilimaliae,Acinetobacter,UBA1737,Lactobacillus,CACZQA01,QAMX01,Haemophilus_A,F0422,Rikenella,RUG115,Ruminococcus_F,UMGS1976,MGYG000003297,SFFH01,Anaerostipes,RUG11200,Moellerella,UBA7185,UMGS1241,Escherichia,Actinomyces,Agathobaculum,UBA1234,HGM11507,Haemophilus_D,UBA2882,UMGS577,Clostridium_A,Methanomassiliicoccus_A,Clostridium_N,CAG-791,MGYG000004094
rep287_seed2312	MGYG000000346,Coprobacter,Clostridium_AQ,GCA-900066905,Cloacibacillus,Bittarella,UMGS1375,Beduini,QAMH01,Hydrogeniiclostridium,Bacillus_J,SFEL01,UBA5394,RQCD01,Ruminococcus_E,Ralstonia,Coprococcus,RC9,MGYG000004112,UBA5905,RUG410,HGM11616,Turicimonas,UMGS1537,MGYG000002702,Dialister,MGYG000002719,UMGS1883,UMGS1002,CAG-452,RUG705,Agathobaculum,Gastranaerophilus,UMGS1388,UMGS1901,Sellimonas,Lachnospira,HGM11416,Pradoshia,Leclercia,Faecalitalea,Faecalicoccus,Brachyspira,Lachnoclostridium,UBA2883,UBA5446,CAG-170,D5,Lawsonibacter,RUG11198,Mobilibacterium,UMGS1613,Oscillibacter,Paenibacillus,Eubacterium_G,MGYG000002075,MGYG000004811,UMGS1370,Cetobacterium_A,UMGS1865,Edwardsiella,Klebsiella_A,UBA6398,Enorma,UBA1829,HGM11523,UBA5416,UMGS1004,UMGS1820,UMGS263,Atlantibacter,HGM05232,TF01-11,Finegoldia,UBA2821,Bariatricus,Succinivibrio,MGYG000002797,CAG-312
rep288_seed2313	UBA5416,Weimerbacter,Flavonifractor,UMGS416,HGM11523,HGM11521,Ruminococcus_F,Intestinimonas,UMGS1795,Dielma,UMGS1840,UBA7185,UMGS1994,CAG-841,Paraprevotella,Eubacterium_G,HGM13233,HGM11525,Lysinibacillus,CAG-317,UBA1740,UMGS1781,UBA1259,Zag1,UBA5394,Alloscardovia,MGYG000004172,UMGS1975,Negativibacillus,Olsenella_E,CAG-272,Clostridium_F,CAG-724,Peptoniphilus_A,UBA2883,Superficieibacter,TWA4,DTU089,MGYG000003305,Phytobacter,Eubacterium_T,UMGS403,Bifidobacterium,UMGS1251,UMGS1826,Garciella,Weizmannia,CAG-617,MGYG000000674,UBA9414,Klebsiella_A,Phil1,UMGS1326,Eikenella,Klebsiella,Kallipyga,Proteus,Clostridium_P,Faecalibacterium,VSOB01,MGYG000004727,UMGS1241,UMGS1611,Olsenella_B,Ruminococcus_A,UBA1822,MGYG000004604,Brachyspira,MGYG000004445,Lacrimispora,Acetivibrio_A,MGYG000000574,UMGS1815,NSJ-63,Mesosutterella,Eisenbergiella,MGYG000004133,UBA11774,UBA2856
rep289_seed2314	CAG-917,Pseudoflavonifractor,MGYG000004811,CAG-145,Methanosphaera,UBA4334,Eubacterium,RUG705,Clostridium_E,Morganella,An92,UMGS1388,Weimerbacter,Eubacterium_M,MGYG000003970,UBA2883,Succinatimonas,Bittarella,UMGS1858,Criibacterium,UMGS577,MGYG000001871,Massiliomicrobiota,Dialister,UBA6984,UMGS1670,UMGS1370,UBA11774,CAG-882,Monoglobus,SFFS01,Lactococcus_A,MGYG000000378,Anaerobutyricum,Clostridium_N,UBA10281,Exiguobacterium,HGM04593,Cellulosilyticum,Dorea_A,Gastranaerophilus,Aeromonas,CAG-180,UBA6345,UBA1417,UMGS1690,Blautia,RQCD01,QAMM01,Fenollaria,Vibrio,UBA866,Mobiluncus,Eisenbergiella,UMGS2037,Clostridium_F,Robertmurraya,Senegalimassilia,MGYG000002010,Acidovorax,Caproiciproducens,UMGS1668,F23-B02,RUG12045,Actinomyces,UBA1711,UMGS1241,HGM14224,Phocea,Tidjanibacter,Bariatricus,HGM13634,Acetatifactor,UMGS1253,GCA-900066905,Clostridium_Q,Clostridium_X,Rubneribacter,MGYG000004445
rep290_seed2315	Enterobacter_D,MGYG000004177,CAG-288,Lysinibacillus,UBA1375,Phil1,CAG-465,Lacticaseibacillus,QALW01,Eubacterium_T,CAG-353,Cedecea,Faecalimonas,Pseudoflavonifractor,MGYG000004811,Victivallis,RUG100,Odoribacter,S5-A14a,UBA1711,Phocea,Dialister,RUG572,UBA2821,TWA4,CAG-354,Actinobaculum,UMGS1490,Methanosphaera,RUG472,UBA945,UBA5394,MGYG000000574,F0422,UBA6984,Blautia_A,CHH4-2,HGM12587,Beduini,Enterobacter_A,HGM11368,MGYG000000728,Gastranaerophilus,Turicibacter,UMGS1858,CAG-41,Yokenella,Gabonibacter,Eubacterium_J,Gemmiger,Parasutterella,UBA5884,Romboutsia,Lachnoanaerobaculum,UMGS1532,UMGS1851,QANG01,CAG-269,Parolsenella,HGM11588,CAG-314,UMGS874,Bifidobacterium,UMGS1518,Lachnoclostridium_A,UBA11452,MGYG000004445,MGYG000002719,Olsenella,GCA-900066135,UBA7102,Holdemania,OF09-33XD,Leminorella,RUG11198,CAG-495,UBA10677,CAG-884,Gordonibacter
rep291_seed2316	Schaedlerella,Odoribacter,UMGS1633,CAG-831,UMGS1766,Beduini,Klebsiella_A,MGYG000000425,Raoultibacter,CAG-762,UMGS1071,Eikenella,Arabia,Megamonas,Prevotellamassilia,Bacillus_A,CAG-115,Blautia_A,CAG-1031,Enterococcus,CAG-841,MGYG000000286,Eubacterium_F,UBA2883,UMGS1601,Lactonifactor,CAG-793,VUNI01,CAG-776,Massilioclostridium,UMGS902,COE1,HGM12998,MGYG000004029,Methanobrevibacter_A,CAAEEV01,GCA-900066905,Mediterraneibacter,RUG705,Raoultella,RUG13868,UMGS731,UMGS1004,Succinivibrio,Porphyromonas_A,Butyricicoccus_A,CAG-510,Kosakonia,CAG-317,Acutalibacter,Turicimonas,MGYG000003855,Barnesiella,UBA1822,UMGS2016,MGYG000003490,Zag111,Murimonas,Caproiciproducens,MGYG000002726,UMGS1781,Roseburia,F082,CAG-45,Peptoniphilus_C,CAG-95,Eisenbergiella,Romboutsia,UBA3631,NSJ-62,Ruminococcus_G,Muricomes,UMGS1384,Massilimaliae,MGYG000004229,Sellimonas,CAG-390,UBA945,MGYG000000346
rep292_seed2317	HGM11507,UBA1390,Barnesiella,CAG-475,UBA5416,Faecalibacterium,UMGS1613,UMGS1397,Eubacterium_F,HGM11575,Eubacterium,Bariatricus,CAG-217,MGYG000002758,HGM13222,An181,Raoultella,HGM11327,Proteus,Merdimonas,1XD42-69,QALW01,Blautia,Paenibacillus,HGM11530,Victivallis,Alistipes,UBA940,UMGS1312,Anaerocolumna,UMGS268,UBA11512,UMGS1815,Fenollaria,UMGS1826,UBA1181,Klebsiella,Kluyvera,S5-A14a,UMGS1224,RUG806,Massilimaliae,MGYG000004874,UBA3388,Fusobacterium,CABIZH01,Escherichia,CAG-354,UBA4285,Arcanobacterium_A,UBA1234,UMGS1441,UMGS1241,Olsenella,Gastranaerophilus,Butyricimonas,Clostridium_N,Anaerotruncus,Mailhella,Acutalibacter,WRGP01,UBA7160,HGM12789,Anaerococcus,UMGS1590,UBA1777,UMGS1477,Mobiluncus,Paramuribaculum,MGYG000000574,CAG-317,Dielma,RUG131,Ruminococcus_F,UMGS1537,Weizmannia,CAG-83,Bacillus_J,Desulfovibrio
rep293_seed2318	VSOB01,Sutterella,CAG-917,Paenibacillus_A,Mailhella,RUG115,Cetobacterium_A,CAG-841,Prevotellamassilia,CAG-349,Holdemania,Anaeroplasma,Clostridium_P,UBA9502,UBA1409,UBA11774,MGYG000004547,UMGS1976,UMGS1293,Faecalitalea,UBA9475,Ruminococcus,Actinomyces,UBA1390,RUG11200,HGM13006,Roseburia,Rubneribacter,Massilistercora,QANA01,CAG-83,CAG-217,UMGS966,CAG-582,Murimonas,CAAEEV01,CAG-194,UBA2856,Desulfovibrio,MGYG000003945,CAG-95,MGYG000000456,MGYG000000425,Enterococcus_D,Anaerofustis,CAG-411,UBA11524,Intestinibacter,UMGS1388,Alloscardovia,UMGS1933,Enterobacter_D,UMGS1690,NSJ-50,Kluyvera,CAG-776,Anaerostipes,Catenibacterium,Victivallis,UBA2821,Caecibacter,GCA-900066905,NSJ-62,Cloacibacillus,CAG-791,Selenomonas_C,UMGS1307,Catenibacillus,Staphylococcus,Dorea_A,SFDP01,UBA1394,Zag111,Zag1,PeH17,UBA1232,GCA-900066495,Actinobaculum,Fenollaria
rep294_seed2319	Dialister,UMGS1839,Caecibacter,UBA5905,RUG12045,Pseudobutyrivibrio,MGYG000000745,Victivallis,UMGS1933,CAG-510,Mediterraneibacter_A,RUG115,UBA1191,CAG-492,UBA6345,UBA6382,CAG-303,Anaerocolumna,UBA1232,RF16,Butyricicoccus,QANA01,UMGS731,UBA945,Stoquefichus,HGM11523,MGYG000003297,Succinivibrio,HGM12789,Superficieibacter,Campylobacter_B,Ellagibacter,NSJ-62,CAG-884,MGYG000004061,UBA4871,UMGS1071,Prevotellamassilia,MGYG000004547,Hungatella_A,Gastranaerophilus,VUNA01,MGYG000004172,UMGS1591,UBA10677,Stenotrophomonas,Acidaminococcus,CAG-632,UBA7597,UBA5416,Anaerotruncus,UBA1691,UBA940,Methanosphaera,Duodenibacillus,UMGS1441,Lachnoclostridium_B,CAG-127,Mobiluncus,Absicoccus,Clostridium_AQ,QAMH01,UMGS1623,RUG806,UMGS1611,Ruminococcus_E,Ruminiclostridium_E,Eubacterium_G,Aeromonas,Enterobacter,Fusobacterium,CAG-1000,Fusobacterium_B,S5-A14a,UBA5026,Kallipyga,UBA6398,MGYG000002726,Vibrio
rep295_seed2320	Eubacterium_T,Ruminococcus_A,UBA11517,UMGS172,UBA5026,MGYG000003945,Kosakonia,Lancefieldella,Anaeromassilibacillus,MGYG000002683,Clostridium_X,UMGS1611,Odoribacter,1XD42-69,CAG-557,UMGS1783,Anaerococcus,MGYG000000387,UBA6382,CAG-1031,51-20,Robertmurraya,UMGS1484,UMGS1766,Citrobacter,MGYG000002075,HGM11575,Neobacillus,Erysipelatoclostridium,Paraeggerthella,Olsenella_B,Oxalobacter,CAG-449,S5-A14a,Brachyspira,UBA2883,Fenollaria,Intestinimonas,CAG-273,Fannyhessea,QANG01,Leuconostoc,Anaerobutyricum,Kluyvera,UBA4334,Rikenella,Intestinibacter,Anaerosacchariphilus,Massiliomicrobiota,UMGS731,Slackia_A,Lactonifactor,Bacteroides,SFMI01,UBA636,Dorea_B,Enterococcus_A,HGM11808,UMGS1052,CAG-460,Desulfovibrio,Veillonella,MGYG000000456,CAG-312,UBA10677,CAG-475,Ruminiclostridium_E,CAG-484,Murdochiella,Dysgonomonas,Corynebacterium,Acidovorax,Pseudoruminococcus,Ruminococcus_D,UMGS1224,SFGY01,Faecalibacterium,Lachnospira,Hungatella_A
rep296_seed2321	Yersinia,Lachnoclostridium_A,Clostridium_J,Providencia,Clostridium_AQ,Sutterella,Aneurinibacillus,QAMH01,UMGS1865,UBA2856,NSJ-63,Bacillus_A,MGYG000004172,Eggerthella,Weimerbacter,Enterobacter,Parabacteroides,Dialister,Dysgonomonas,Gordonibacter,UBA11774,UMGS1279,MGYG000003945,UMGS1224,Lactococcus,OM05-12,UMGS577,NSJ-50,Merdibacter,CAG-485,Hungatella_A,CAG-484,UMGS1109,UBA2821,UBA6398,UBA9506,RUG11198,UBA1206,RQCD01,CAG-793,Bacilliculturomica,Rahnella,UMGS172,Mesosutterella,Fusicatenibacter,UBA7597,Dorea_A,Eubacterium_G,Haemophilus_D,Anaerobutyricum,Dorea_B,MGYG000004112,UMGS1326,CAG-312,Bruticola,SFLA01,CAG-462,Pauljensenia,Staphylococcus,UMGS1532,UBA5905,HGM05232,Faecalibacillus,Pseudescherichia,Treponema_D,HGM12998,UBA3263,UMGS1839,UMGS1052,CAG-180,Barnesiella,Olsenella_E,UBA1232,Leuconostoc,Hafnia,CAG-272,CAG-617,UBA3282,AF33-28
rep297_seed2322	CAG-95,COE1,Megamonas,Phascolarctobacterium,Muribaculum,QAMH01,UMGS1933,Mailhella,Lactonifactor,UBA3263,Lawsonella,Turicimonas,Anaerosalibacter,Alterileibacterium,Pseudescherichia,Paraclostridium,UMGS1781,UBA4871,CAG-521,UMGS1994,Longicatena,UBA4855,Anaerotignum,CAG-81,Granulicatella,HGM11808,HGM13634,UMGS680,Beduini,Paenibacillus,CACZQA01,UMGS1865,UBA2883,Amedibacillus,HGM11575,Intestinibacter,MGYG000000387,Anaeroplasma,Plesiomonas,VUNA01,Fenollaria,UBA1820,Dysgonomonas,Negativibacillus,UBA9475,CAG-127,Mediterraneibacter,Enterococcus_C,Emergencia,Brachyspira,Oxalobacter,Parolsenella,Adlercreutzia,Eubacterium_I,CAG-317,WG-1,UMGS1600,SFMI01,Sellimonas,Murimonas,Porphyromonas_A,Zag1,Enterobacter_A,NSJ-61,MGYG000003945,Enterococcus_D,DUOT01,Acidaminococcus,GCA-900066755,MGYG000000286,HGM11372,Veillonella_A,UBA7185,F0422,Peptoniphilus_C,UMGS856,Porphyromonas,Finegoldia,Latilactobacillus
rep298_seed2323	MGYG000004443,MGYG000000674,UBA1191,CAG-462,F0422,CAG-590,RUG11247,UMGS1312,CAG-314,UBA1394,UMGS874,Serratia,Massilistercora,Enterobacter_A,Enterocloster,MGYG000004556,Niameybacter,Pygmaiobacter,Lachnoanaerobaculum,Haemophilus_A,RUG472,Bilophila,CAG-273,CAG-628,UMGS1474,UBA2883,Anaerococcus,UBA9502,Prevotellamassilia,MGYG000002683,CAG-465,Criibacterium,UMGS1326,Mediterraneibacter,Intestinibacter,SFTJ01,An181,CAG-110,UBA5905,UBA1181,Enterococcus_D,UMGS1633,HGM12814,CAAHEQ01,MGYG000002216,Oxalobacter,UMGS1370,COE1,CAG-873,UBA1786,UBA6398,Peptoniphilus_B,UMGS1795,RUG115,Butyricicoccus_A,Ruminococcus_A,Corynebacterium,CAG-317,UBA7160,Ruminococcus_D,UBA5809,CAG-245,Mixta,Ruminococcus_G,CAG-793,QAMM01,UMGS1781,MGYG000000587,Acidaminococcus,UMGS1224,OF09-33XD,UBA4644,Murimonas,Catenibacterium,SFMI01,Lactonifactor,Clostridium_F,CAG-312,MGYG000002758
rep299_seed2324	UMGS966,UMGS1603,UMGS1865,CAG-632,CAG-95,UMGS1766,UBA5809,UBA7748,UBA1181,Phascolarctobacterium_A,Turicibacter,Clostridium_AP,UMGS1312,Morganella,Alistipes_A,Kluyvera,CAG-217,CAG-1427,Absicoccus,UBA9506,UBA10281,Fannyhessea,CAG-791,Anaerostipes,UBA10677,UMGS1690,Actinobaculum,UBA866,Enterococcus_B,UMGS995,GCA-900066905,CAG-103,Cellulosilyticum,Rahnella,Enterobacter_A,Sutterella,MGYG000002758,UBA2883,UBA1417,MGYG000002010,Corynebacterium,UBA7160,UBA1234,Neobacillus,HGM11788,Enterobacter_D,Parvimonas,UMGS1307,Franconibacter,UMGS1613,Senegalimassilia,Veillonella,Anaerococcus,RUG410,Paraprevotella,HGM13862,UMGS1370,UMGS1537,Mailhella,Phil1,Phytobacter,Rikenella,HGM13634,UBA11512,UMGS1532,Clostridium_E,CAG-194,HGM11386,UMGS731,Firm-07,Enterocloster,HGM12713,UBA4871,AM07-15,SFDB01,AF33-28,Ruminococcus_C,Blautia_A,Clostridium_F
rep300_seed2325	Dorea_B,HGM11416,UBA2882,Stoquefichus,UBA945,Clostridium_A,Prevotellamassilia,Streptococcus,UMGS1109,Oxalobacter,Scardovia,Ezakiella,Murimonas,Erysipelatoclostridium,Anaerocolumna,Cetobacterium_A,Atlantibacter,Lachnospira,UMGS1251,Mitsuokella,Citrobacter_B,UMGS1472,MGYG000000728,MGYG000004094,HGM11788,UMGS1052,UMGS1810,UMGS1487,HGM11368,Klebsiella,TWA4,CAG-274,UBA9506,NK4A136,Ruminococcus_A,CAG-56,SFDB01,MGYG000000350,Romboutsia,CAG-390,Massilimaliae,UBA1711,CAG-495,Eggerthella,HGM11501,F0422,CAG-873,UBA7702,UMGS1293,ER4,Ruminococcus_C,Murdochiella,UBA11471,CAG-485,Alloprevotella,RUG572,RUG100,UBA10677,Cloacibacillus,Butyricicoccus_A,RUG115,Sodaliphilus,Rahnella,Massilistercora,CAG-1031,Haemophilus_A,Barnesiella,S5-A14a,UBA2856,MGYG000002216,UMGS1484,UMGS1491,Ruminococcus,Haemophilus,CAG-354,UMGS882,UMGS1975,Pseudoruminococcus,UMGS1418
rep301_seed2326	Eikenella,Stoquefichus,Eubacterium_J,Tidjanibacter,Peptoniphilus_E,Pediococcus,Aneurinibacillus,Succiniclasticum,Megasphaera,SFGY01,NK4A136,Adlercreutzia,UBA11471,Alistipes,UMGS1810,Lachnospira,GCA-900066755,Roseburia,Ruminococcus_C,Methanosphaera,UBA4871,Ruminococcus_A,UMGS1975,Mobiluncus,Lentilactobacillus,UMGS973,Rothia,MGYG000002683,SFEL01,UMGS1388,Anaerotruncus,UMGS577,UBA940,Alterileibacterium,Kluyvera,Ruminococcus_G,Arabia,UMGS1668,Raoultella,HGM13634,HGM13862,CAG-279,HGM12998,NK3B98,Dialister,Enterobacter_A,HGM13006,CAG-628,CAG-95,Blautia,UMGS1783,Johnsonella,UMGS905,Lachnoclostridium_A,MGYG000003289,Catenibacillus,Selenomonas_A,UBA4644,Pauljensenia,Parasutterella,UBA11452,UBA1191,RUG472,Merdibacter,CAG-313,Cetobacterium_A,UC5-1-2E3,CAG-873,Stomatobaculum,Kosakonia,Acinetobacter,CAG-448,Agathobacter,MGYG000004112,CAG-317,RQCD01,Bifidobacterium,UBA5809,UMGS1071
rep302_seed2327	HGM12814,CABIZH01,Coprococcus,D5,UBA7488,CAG-238,Enterococcus_A,UBA3402,Pseudomonas_E,Treponema_D,UMGS692,UMGS75,Ruminococcus_D,HGM11417,UBA1375,Arcanobacterium_A,HGM12998,Bacilliculturomica,Cedecea,CAG-115,HGM11530,CAG-451,UBA1232,Mitsuokella,Gastranaerophilus,Stomatobaculum,Enterococcus_B,MGYG000002010,Clostridium_Q,NK3B98,CAG-873,Lachnospira,UBA5416,CAG-1000,UBA2882,Haemophilus,Mobilibacterium,Blautia_A,Fenollaria,Veillonella_A,Hungatella,UMGS1307,MGYG000003289,Phascolarctobacterium_A,CAG-465,HGM13233,Amedibacterium,COE1,UMGS905,UMGS416,UC5-1-2E3,CAG-762,HGM13006,UBA6345,Anaerocolumna,CAG-83,MGYG000004177,CAG-180,UMGS1633,Peptococcus,Phocaeicola,Holdemanella,Merdibacter,TWA4,Harryflintia,VUNA01,Mobiluncus,Mediterraneibacter_A,Olsenella_B,Enterocloster,SFMI01,CAG-217,Rubneribacter,CAG-460,HGM13618,Selenomonas_A,MGYG000001871,CAG-448,NSJ-32
rep303_seed2328	Bacillus_J,UBA7173,RC9,MGYG000000456,Citrobacter,UBA1409,Dialister,UMGS263,RUG11200,UMGS1994,CAG-1000,F082,Marseille-P4683,Coprobacillus,MGYG000004660,CAG-631,MGYG000000587,DTU089,Duncaniella,Acidaminococcus,UBA1829,Parasutterella,Agathobacter,CAG-238,Anaeroplasma,Brachyspira,UBA6382,Enterococcus_A,UMGS1375,Gemmiger,Sellimonas,UBA3631,MGYG000004556,Neisseria,CAG-302,Anaerobutyricum,Emergencia,Eikenella,Paramuribaculum,UMGS1633,UBA1232,GCA-900066905,Niameybacter,Campylobacter,Gabonibacter,MGYG000003305,VSOB01,Methanosphaera,Massilicoli,F23-B02,QAKD01,Megamonas,CAG-603,UMGS2037,Pyramidobacter,RQCD01,SFEL01,MGYG000003945,CAG-590,TF01-11,Olsenella_E,MGYG000004229,Extibacter,CAG-390,CAG-791,HGM11501,Holdemania,NK4A136,MGYG000002797,Ruminococcus_A,Merdibacter,UMGS1851,HGM11808,RUG420,UBA5026,UBA6345,RUG023,CAG-313,Vibrio
rep304_seed2329	Blautia,CAG-288,MGYG000000425,Acidaminococcus,UBA7597,UMGS902,UBA7185,UBA1777,UBA11471,Ruminococcus_F,Enterococcus_B,Catenibacterium,Firm-10,UBA1829,Weissella,UMGS1312,Leminorella,F23-B02,Criibacterium,UMGS946,Pseudoruminococcus,OM05-12,CAG-217,UMGS1872,UMGS599,QAMH01,Bacilliculturomica,HGM10836,UBA4716,CAG-303,Peptoniphilus_C,Lacrimispora,Borkfalkia,Robinsoniella,QALW01,MGYG000004094,MGYG000000390,MGYG000004380,Arabia,Granulicatella,MGYG000002758,CAG-841,Bacteroides_F,MGYG000002683,V9D3004,TM7x,MGYG000004133,CAG-631,UMGS1901,An92,UBA3766,UBA3263,UMGS1472,Paenibacillus,Peptoniphilus_E,UMGS1783,MGYG000002053,Muribaculum,Frisingicoccus,Pseudescherichia,UBA7160,Lactococcus_A,RUG420,CAG-354,Negativibacillus,Slackia,MGYG000000456,CAG-302,UMGS1224,VUNI01,Fusobacterium_A,UBA4871,Erysipelatoclostridium,Leptotrichia,UMGS874,Plesiomonas,Garciella,UBA4372,UBA1394
rep305_seed2330	CAG-465,QAKD01,Enterococcus,UMGS1532,Slackia_A,QALR01,QAMH01,Harryflintia,Mesosutterella,MGYG000000387,CAG-776,Holdemania,UMGS1865,Olsenella,UMGS1293,Lachnoclostridium_A,Negativicoccus,CAG-873,NK4A136,UBA2882,RUG472,Lacrimispora,DTU089,CAG-582,An172,RC9,Oribacterium,HGM05232,Atlantibacter,UBA1409,Methanomassiliicoccus_A,COE1,CAG-964,UBA1731,Gemella,Faecalibacillus,CAG-194,UMGS403,MGYG000002719,UMGS1826,UBA7160,CACZQA01,SFMI01,Erysipelatoclostridium,Frisingicoccus,ER4,Arabia,Superficieibacter,Alloprevotella,HGM12650,Morganella,UMGS1572,Ralstonia,Peptococcus,UMGS1397,UMGS124,Desulfovibrio,PeH17,Sneathia,HGM12587,Anaerotruncus,CAG-557,Negativibacillus,UMGS1388,CAG-793,UMGS599,UBA1375,Zag111,UBA738,UBA9502,CAAEEV01,UBA5809,Eubacterium_F,Blautia_A,Turicimonas,UBA7057,RQCD01,Ruthenibacterium,CAG-451
rep306_seed2331	Pseudomonas_E,Lawsonibacter,RUG12045,CAG-238,UBA11774,UMGS124,Lachnoanaerobaculum,UBA1777,S5-A14a,Anaerosporobacter,UMGS1883,QAKD01,Bilophila,UBA738,UMGS1670,Fusobacterium_C,VUNI01,CAG-45,Duncaniella,Holdemania,NSJ-62,UBA4372,NSJ-61,SFVR01,Enterococcus_A,UMGS1603,SFEL01,Massilistercora,CAG-170,HGM12669,Enterococcus_D,Peptoniphilus_A,NSJ-38,Prevotella,UMGS1253,Victivallis,UBA6382,Ruminococcus_D,Roseburia,Pauljensenia,Lachnoclostridium,UMGS1474,Mesosutterella,MGYG000003305,UBA9506,HGM04593,UBA11524,RUG023,UBA6984,Arcanobacterium_A,Pygmaiobacter,Dorea,HGM12650,QALS01,Franconibacter,Acidaminococcus,Butyricimonas,HGM11523,HGM10836,Cellulosilyticum,Campylobacter_A,MGYG000000505,UBA5809,Ruminiclostridium_E,Lactobacillus,UBA3402,Ruminococcus_E,Rahnella,UBA866,CAG-557,CAG-882,UC5-1-2E3,Gemella,Pseudoruminococcus,QANA01,WG-1,Veillonella,UBA5920,UMGS1002
rep307_seed2332	Pluralibacter,Clostridium_AQ,HGM13233,Neisseria,Arabia,HGM11507,Proteus,Firm-07,CAG-484,SFDP01,MGYG000004172,MGYG000003490,Longicatena,VSOB01,Latilactobacillus,Agathobacter,Murdochiella,Enteroscipio,UMGS1472,Companilactobacillus,HGM11616,Lachnoclostridium_A,UMGS1071,NSJ-63,RUG472,DUOT01,UMGS874,UMGS1225,Butyrivibrio_A,MGYG000002053,Alloprevotella,UMGS905,Clostridium_P,HGM11327,NSJ-62,MGYG000002719,UMGS1766,Haemophilus,Evtepia,Mediterraneibacter,Cronobacter,Bacillus_J,UMGS1623,Alistipes,UBA7597,Phascolarctobacterium,QAKW01,Fannyhessea,CAG-110,MGYG000000456,Selenomonas_C,UMGS1370,CAG-81,MGYG000004727,Epilithonimonas,MGYG000004811,Citrobacter_A,Eubacterium_G,CAG-83,CAG-841,CAG-460,UBA3402,MGYG000000378,UMGS1840,Ruminococcus,CAG-724,Amedibacterium,GCA-900066135,Bacilliculturomica,SFVR01,UMGS2016,WRGP01,Aggregatibacter,NSJ-38,MGYG000004445,Klebsiella,Aneurinibacillus,Paraeggerthella,Moellerella
rep308_seed2333	CAG-533,CAG-238,Veillonella,Treponema_D,UBA5905,Clostridium_AQ,UMGS1696,UBA4372,UMGS1052,UBA2856,S5-A14a,Mailhella,Salmonella,UBA6345,UBA6382,Turicibacter,UBA9506,Hungatella_A,Peptoniphilus_C,CAG-81,SFFH01,Nitratidesulfovibrio,UBA1390,UBA7102,UMGS1690,UMGS1623,CAG-452,CAG-103,COE1,CAG-762,Campylobacter_A,UBA4285,UBA3766,Oribacterium,UMGS1572,Clostridium_AP,Granulicatella,NSJ-62,OM05-12,UMGS1225,HGM13862,SFMI01,UMGS2055,RUG115,Bariatricus,Ligilactobacillus,UBA636,1XD42-69,Mobiluncus,MGYG000004061,UMGS1241,UMGS1370,Fusicatenibacter,Aggregatibacter,Fusobacterium_A,Actinobaculum,UMGS1880,Franconibacter,UBA1417,UMGS1251,Weizmannia,Odoribacter,UBA7748,UMGS1826,Eubacterium_F,Lawsonella,MGYG000000574,CAG-180,Haemophilus_D,MGYG000000505,Lachnoclostridium_B,CHH4-2,Prevotella,Caproiciproducens,Lacticaseibacillus,CAG-41,Negativicoccus,Olsenella_B,UMGS403
rep309_seed2334	UBA5394,Oscillibacter,UMGS1387,Serratia,Pseudomonas_R,HGM12713,NSJ-61,Pyramidobacter,UBA2856,HGM05232,Veillonella,Pygmaiobacter,MGYG000004061,Akkermansia,NK4A136,MGYG000000286,Parolsenella,UBA1711,Bruticola,MGYG000001953,Fusobacterium_B,RUG115,CHH4-2,CAG-269,UBA4855,UMGS911,Paenibacillus,CAG-762,MGYG000003855,UBA2882,Desulfovibrio,Alloprevotella,RUG023,Johnsonella,Pauljensenia,HGM13006,CAG-115,Providencia,UMGS75,Ruminococcus_D,Franconibacter,MGYG000003945,UBA1409,UMGS1623,UBA1786,UBA2883,Methanosphaera,UBA738,HGM11575,CAG-510,RUG12045,UBA4285,MGYG000004127,Scardovia,MGYG000004380,Dorea_A,VSOB01,UBA6857,Clostridium_F,Butyrivibrio_A,GCA-900066755,Enterococcus_G,Cedecea,Succinatimonas,MGYG000004112,MGYG000004443,Acetatifactor,RF16,CAG-631,Prevotella,Varibaculum,UBA9475,CAG-274,Hydrogeniiclostridium,Epilithonimonas,UBA945,Gemella,RUG11198,Olsenella
rep310_seed2335	Robinsoniella,NSJ-63,CAG-776,CAG-448,Weimerbacter,Clostridioides,Dorea,Flavonifractor,Mitsuokella,UBA4871,MGYG000002702,UBA1752,Azonexus,Lactonifactor,Lachnospira,Muribaculum,Lachnoclostridium,SFDP01,UBA3388,UBA4855,Agathobacter,UBA1737,UBA1191,CAG-41,Duodenibacillus,Butyricimonas,CAG-628,Borkfalkia,UBA945,UBA7488,UMGS1387,Lentilactobacillus,CAG-831,UMGS1840,MGYG000002075,NSJ-61,S5-A14a,CAG-272,UMGS1613,CAG-841,HGM12789,Faecalicoccus,Extibacter,Anaeroplasma,UMGS1487,Dysgonomonas,Aeromonas,Pseudomonas_R,Beduini,UBA7057,UMGS973,CAG-288,Megamonas,Campylobacter_A,UBA2821,Bruticola,Weissella,MGYG000004133,CAG-877,MGYG000004850,Leptotrichia,Methanomassiliicoccus_A,Eggerthella,Acidaminococcus,Yokenella,UBA11471,UBA1691,UBA11517,Clostridium_E,UBA940,RUG11200,Marvinbryantia,AM07-15,Neobittarella,Ruminococcus_G,CAG-594,UMGS1872,Acetivibrio_A,UMGS1490
rep311_seed2336	HGM13634,HGM11368,Campylobacter,Kosakonia,Neobacillus,Eikenella,CAG-312,Ezakiella,Varibaculum,Eubacterium_T,CAG-462,UBA7182,UMGS1071,Alistipes_A,MGYG000004443,Senegalimassilia,Coprococcus_A,HGM10836,UBA11452,Massiliomicrobiota,Clostridium_J,CAG-776,CAG-302,RC9,Eubacterium_G,CAG-313,CAG-475,UMGS1783,UMGS1591,Pseudomonas_R,QALR01,MGYG000003289,UMGS1826,Christensenella,UMGS363,RUG14107,GCA-900066495,HGM12998,Rahnella,Selenomonas_A,Allisonella,Pseudoruminococcus,NSJ-50,Intestinibacter,Haemophilus_D,CAAEEV01,UMGS577,HGM12669,Oscillibacter,Gemella,Anaerosalibacter,CACZQA01,CAG-603,CAG-791,UMGS1225,UBA6382,Pantoea,CAG-1427,Latilactobacillus,HGM12957,Oribacterium,Aggregatibacter,Anaeroplasma,MGYG000002575,Methanosphaera,Marseille-P4683,Anaerotruncus,MGYG000004112,UMGS1994,CAG-238,HGM11521,RUG806,MGYG000000387,UMGS1623,QAMM01,UBA3282,Anaerobutyricum,MGYG000003945,SFFH01
rep312_seed2337	F0040,Gemella,CAG-45,Longicatena,Lactonifactor,UMGS1933,UBA7173,CAG-194,Rahnella,Parvimonas,UMGS1418,Evtepia,UBA9506,Clostridium_E,UBA6345,Anaerosporobacter,MGYG000000390,Lentilactobacillus,UBA3402,MGYG000002216,HGM12587,UMGS1532,Lachnoclostridium_A,MGYG000004127,UBA7702,UBA7160,Enterococcus_C,Streptococcus,HGM12713,Pediococcus,MGYG000004133,UMGS973,MGYG000003270,Selenomonas_C,CAG-313,Kosakonia,Proteus,Caproiciproducens,Raoultibacter,Collinsella,MGYG000003297,UBA5884,Ruminococcus_C,CAG-145,COE1,CAG-465,UBA7488,Fusicatenibacter,Latilactobacillus,Schaedlerella,Fusobacterium_B,HGM11808,CAG-273,Ruminiclostridium_E,KLE1615,Dielma,NSJ-62,RUG11198,F23-B02,Cutibacterium,Acinetobacter,Anaerofustis,Prevotella,MGYG000003945,Zag1,Paramuribaculum,Paenibacillus,Enterobacter_A,MGYG000003289,RUG131,CAG-238,An92,QAKW01,Escherichia,Clostridium,UMGS1670,CAG-710,UMGS1518,RUG023
rep313_seed2338	Negativibacillus,Raoultella,UMGS1490,SFLA01,Turicibacter,HGM14224,UBA7748,Acetatifactor,Massilistercora,Kluyvera,UCG-010,MGYG000000674,Absicoccus,Coprococcus,Ruminococcus_G,Actinobaculum,UBA9475,CAG-448,UMGS1933,HGM13010,Gabonibacter,RUG420,Garciella,MGYG000002685,UMGS1225,Pediococcus,MGYG000004874,CAG-484,UMGS1889,UBA11940,UMGS1851,Citrobacter_A,RUG131,S5-A14a,Adlercreutzia,MGYG000002797,Mobilibacterium,UBA7488,MGYG000003855,SFMI01,GCA-900066755,Kosakonia,RUG806,Beduini,CABIZH01,OM05-12,Azonexus,Hydrogeniiclostridium,CAG-41,Parabacteroides,Pluralibacter,Hungatella_A,CAG-917,CAG-485,Salinicola,UBA4334,UMGS1293,Frisingicoccus,CAG-582,Mobiluncus,HGM11788,HGM11525,UBA5394,UMGS124,Marseille-P4683,Salmonella,Epilithonimonas,CAG-170,RF16,Holdemanella,CAG-269,UMGS856,UMGS1623,SFFS01,UMGS1518,HGM11616,CAG-312,QALS01,Oxalobacter
rep314_seed2339	UBA7173,Murimonas,TM7x,Bacilliculturomica,Dorea_A,Amedibacterium,HGM11808,UMGS882,UMGS268,Megamonas,UMGS1002,UMGS1590,UMGS599,UBA1786,NSJ-62,Klebsiella_A,Neobacillus,MGYG000003490,UMGS124,Bacillus_A,Frisingicoccus,CHH4-2,Johnsonella,HGM11417,UBA7182,MGYG000004177,MGYG000004029,Lactobacillus,Clostridium_A,UBA1691,MGYG000000346,Ellagibacter,CAG-465,WG-1,CAG-1193,UBA1731,MGYG000002053,CAG-484,CAG-485,Pluralibacter,Ligilactobacillus,Holdemanella,Gastranaerophilus,CAG-302,Enterobacter,Treponema_D,MGYG000000505,Exiguobacterium,Ruminococcus,NSJ-50,Mitsuokella,Lactonifactor,MGYG000002216,Merdimonas,UBA4285,UMGS1397,Eubacterium_G,CAG-354,Aeromonas,Mixta,VUNA01,UBA6398,HGM11368,Faecalimonas,Clostridium_F,ER4,UMGS1623,Anaeroglobus,CAG-710,UBA2882,Fenollaria,CAG-724,Campylobacter_A,Amedibacillus,UBA11471,An92,UMGS911,MGYG000003297,HGM12957
rep315_seed2340	SFFS01,MGYG000004443,Lactiplantibacillus,Merdibacter,CAG-452,CAG-127,Aggregatibacter,Actinomyces,UBA1777,Weizmannia,UBA2821,HGM13010,Monoglobus,QALW01,Merdimonas,HGM05232,Pyramidobacter,CAG-632,CAG-590,Intestinimonas,CAG-288,UMGS1601,Lachnoanaerobaculum,UMGS1279,CAG-628,UMGS1002,NSJ-32,Olsenella_B,Lactobacillus,CAG-170,Selenomonas_C,COE1,SFDP01,Eubacterium,RUG11198,Gastranaerophilus,Caproiciproducens,D5,CAG-884,Clostridium_Q,UBA5905,CAG-448,Akkermansia,Clostridium_N,Eikenella,UBA4716,RQCD01,DUOT01,UMGS1883,UBA1829,Kluyvera,UBA6382,Anaerotruncus,Roseburia,Negativicoccus,Clostridium_P,QAMM01,CAG-710,Acutalibacter,VSOB01,UBA4285,Fannyhessea,UMGS1441,UMGS1994,UBA3388,Dielma,UC5-1-2E3,HGM11501,Zag111,UBA2882,QANA01,UMGS1613,UMGS692,MGYG000004811,Bariatricus,Anaerostipes,WG-1,Dysosmobacter,UBA6345
rep316_seed2341	RQCD01,MGYG000000587,MGYG000002758,UMGS1975,Johnsonella,Actinomyces,MGYG000002726,Citrobacter,Catenibacillus,Porphyromonas,UBA7185,QAKD01,CAG-417,UMGS1766,UBA1417,HGM11575,Pseudoruminococcus,Butyricimonas,UMGS902,UBA1375,Pseudomonas_E,Dialister,MGYG000003945,Bulleidia,CAG-110,Blautia_A,CHH4-2,UMGS403,HGM11327,Oxalobacter,UMGS1670,Lancefieldella,Ruminococcus_E,UMGS1241,RUG806,Alloprevotella,Streptococcus,Acidovorax,Acetatifactor,Mobilibacterium,HGM11788,Alterileibacterium,Fusobacterium_A,Fenollaria,HGM10836,Anaerococcus,AM51-8,CAG-317,Aeromonas,Citrobacter_B,UBA11452,UMGS1384,UBA636,Slackia,Enterococcus_B,Anaerotruncus,Alistipes_A,MGYG000002010,Eikenella,Ruminococcus_A,CAG-127,Sneathia,Superficieibacter,UBA1740,UMGS1872,Cutibacterium,Succiniclasticum,WG-1,UMGS363,Psychrobacillus,Ezakiella,Phocea,CAG-510,UBA6857,An181,UBA1752,Massilioclostridium,Longicatena,MGYG000004380
rep317_seed2342	QAKW01,UMGS1474,Sporanaerobacter,CAG-196,TM7x,HGM13006,Eggerthella,Clostridium_A,Leclercia,CAG-533,Paenibacillus_A,Acinetobacter,Christensenella,UBA11517,Megasphaera,Massilimaliae,Niameybacter,UMGS1840,Raoultella,Varibaculum,Cloacibacillus,WRGP01,Scardovia,Aeromonas,Enterobacter_D,Marseille-P4683,UBA7182,Succinatimonas,UMGS1224,Ruminococcus_G,NK3B98,UBA10677,Phascolarctobacterium_A,UMGS75,HGM11501,Alloprevotella,UBA4871,RUG705,NSJ-38,CAG-103,Cronobacter,CAG-485,MGYG000002053,HGM04593,UMGS1225,CAG-495,Eikenella,Streptococcus,Agathobaculum,Fournierella,UBA7597,UBA9414,UMGS1688,UMGS1613,Weimerbacter,Lachnoanaerobaculum,Clostridium_P,Dorea_A,Lactonifactor,HGM14224,F082,UMGS905,Caecibacter,Peptoniphilus_E,UBA1206,UMGS1858,F23-B02,GCA-900066755,Amedibacterium,Rahnella,QAMH01,Lacrimispora,CAG-475,UBA7160,SCN-57-10,Brachyspira,Ruminiclostridium_E,MGYG000004556,Campylobacter_A
rep318_seed2343	UMGS966,Cedecea,UMGS1826,Parvimonas,Serratia,Mailhella,SFFS01,Lachnoclostridium,Massilicoli,MGYG000002685,Parolsenella,Anaerosalibacter,UBA2856,Clostridium_J,Anaerococcus,UBA11471,UBA1740,Clostridium_F,Enterobacter_D,SFEL01,UBA4855,Pradoshia,UBA1232,Faecalibacterium,Bacteroides_F,Brachyspira,UMGS905,Alistipes_A,UMGS874,Eubacterium_M,An181,Lactonifactor,HGM11501,Ruminococcus_C,HGM11372,UBA5416,Aeromonas,Neisseria,MGYG000004874,UMGS1858,UMGS1696,CAG-632,CAG-590,Bulleidia,Amedibacillus,CAG-353,Agathobaculum,AM07-15,UMGS1766,MGYG000000378,Fusobacterium_B,UMGS1975,OF09-33XD,MGYG000004177,RUG806,Selenomonas_A,Olsenella_E,UMGS1623,Staphylococcus,UMGS1253,Eubacterium,Adlercreutzia,UMGS1491,CAG-274,UMGS1688,UBA1181,CAG-475,NC2004,NSJ-63,CAG-312,Klebsiella,UMGS1663,MGYG000004127,HGM11588,MGYG000004094,UMGS1994,Coprobacter,Eubacterium_T,CAG-279
rep319_seed2344	UBA7173,CAG-390,Odoribacter,Corynebacterium,Fusobacterium,RQCD01,Hafnia,Acidaminococcus,UMGS1820,CAG-917,Mitsuokella,QANA01,UMGS1976,Clostridium,HGM12669,RUG420,CAG-452,UMGS1623,CAG-1000,UBA4334,Extibacter,Cutibacterium,Intestinimonas,MGYG000000387,CAG-873,Paenibacillus,Weissella,UBA9506,MGYG000004811,RUG11247,Fusobacterium_B,Succiniclasticum,Campylobacter_A,CAG-603,MGYG000000346,Rikenella,Actinomyces,Pseudomonas_R,MGYG000000286,UCG-010,QALS01,Harryflintia,51-20,UMGS1611,RUG100,Pluralibacter,Blautia_A,AM51-8,Franconibacter,Firm-11,Phocea,Dorea_B,SFFS01,QAKD01,UBA1786,CAG-56,UBA7702,CAG-964,Ralstonia,CAG-110,Alistipes_A,UMGS2016,UBA1691,UBA4644,MGYG000000505,UBA1822,SFHK01,CAG-710,Sporanaerobacter,Ruminococcus,Hungatella,MGYG000002683,UMGS1872,CAG-475,Peptoniphilus_E,Christensenella,Fusobacterium_A,Gastranaerophilus,Negativibacillus
rep320_seed2345	Firm-11,RUG11247,Anaerocolumna,UBA11512,HGM13618,Mailhella,UMGS946,Intestinimonas,Gordonibacter,UBA1740,UMGS1865,Haemophilus,MGYG000003970,UBA737,Acetivibrio_A,Enterobacter_A,MGYG000003305,UMGS1766,Campylobacter_A,Granulicatella,CAG-273,SFLA01,HGM11514,UMGS1591,Phocaeicola,Coprobacter,Enterobacter_D,Odoribacter,Alistipes_A,Neobittarella,MGYG000002719,CAG-95,UBA3263,Dysgonomonas,SFMI01,Bacteroides_F,CAG-145,Eubacterium_J,Flavonifractor,Mixta,Paraprevotella,MGYG000003289,D5,UBA1409,Muribaculum,CAG-492,Finegoldia,Cedecea,CAG-272,Clostridium_X,MGYG000004172,MGYG000002797,HGM11575,CAG-41,AM51-8,TWA4,CAG-631,CAG-238,Olsenella_E,CAG-279,Neisseria,UMGS973,Lactiplantibacillus,Eubacterium_I,CAG-288,CAG-245,Acidovorax,Succiniclasticum,UMGS1976,F0040,Pseudomonas_R,Prevotellamassilia,MGYG000003945,Succinivibrio,AM07-15,RUG100,MGYG000002075,Lachnoclostridium_A,Stomatobaculum
rep321_seed2346	CAG-484,D5,CAG-521,MGYG000004061,HGM11588,Frisingicoccus,V9D3004,MGYG000004029,CAG-353,Stenotrophomonas,UMGS1623,TF01-11,MGYG000000387,CAG-279,CAG-127,RUG11198,Roseburia,Exiguobacterium,UMGS856,S5-A14a,SFTJ01,UMGS1976,Anaerosalibacter,WG-1,UMGS1880,Klebsiella,Fannyhessea,Dysosmobacter,UBA9506,NSJ-50,HGM11416,Rikenella,UBA11452,RC9,Haemophilus,Adlercreutzia,Ellagibacter,Bulleidia,Tidjanibacter,UMGS1611,CAG-349,Parasutterella,Duncaniella,QAMX01,CAG-495,UMGS599,MGYG000004556,UMGS1670,Actinomyces,HGM11525,ER4,Phascolarctobacterium_A,Pseudomonas_R,Hafnia,43-108,MGYG000002683,Lachnoanaerobaculum,Dorea_B,UBA5905,RUG705,CAG-452,UBA1417,HGM12713,UMGS363,Aggregatibacter,CACZQA01,Coprobacillus,UCG-010,CAG-390,Stomatobaculum,HGM11514,Aeromonas,Raoultella,Chimaeribacter,CAG-710,Massilioclostridium,UBA6857,MGYG000003305,UBA4871
rep322_seed2347	OM05-12,CAG-1031,Paenibacillus_A,Bacteroides_F,CAG-452,UBA4716,Victivallis,Atlantibacter,Senegalimassilia,NSJ-38,UMGS1532,UC5-1-2E3,Raoultella,CAG-354,Odoribacter,Yokenella,UBA4372,Stomatobaculum,Ellagibacter,Veillonella,UMGS1600,UMGS1251,UMGS1810,CAG-170,UBA7182,UBA5394,UBA9414,Firm-10,UMGS1472,Cronobacter,UMGS1241,UMGS1477,Eubacterium,UBA1691,UMGS1663,ER4,Acetivibrio_A,CAG-83,UMGS1783,Duodenibacillus,Cedecea,UMGS1487,QAMM01,Haemophilus_D,Hungatella_A,UMGS1613,Oscillibacter,Murimonas,UBA11524,RF16,UBA2882,CAG-603,Eubacterium_I,QAKD01,Mediterraneibacter,Anaerococcus,Negativibacillus,UMGS1815,CAG-724,MGYG000003297,MGYG000002696,Tidjanibacter,Enterocloster,HGM10836,Peptoniphilus_A,MGYG000004660,UBA945,CAG-465,Clostridium_F,Anaeromassilibacillus,Anaeroglobus,Enterococcus_B,Kluyvera,CAG-314,Coprococcus_A,UBA3282,Pygmaiobacter,CAG-273,UBA7173
rep323_seed2348	Neobittarella,MGYG000004443,UMGS680,Eubacterium_J,Alloprevotella,Muribaculum,RUG131,Frisingicoccus,Anaerocolumna,CAG-465,Ruminiclostridium_E,UMGS1820,Paenibacillus_A,Coprobacter,MGYG000004061,ER4,Rubneribacter,UMGS1603,UMGS1623,UBA10281,Amedibacillus,Neisseria,UBA7488,UBA9475,Stenotrophomonas,CAG-145,CAG-590,Enterococcus_A,UMGS1994,UBA1206,UBA1234,UC5-1-2E3,UMGS1375,CAG-557,MGYG000002702,Succinatimonas,UMGS1590,Peptacetobacter,Megasphaera,Neobacillus,MGYG000004133,VUNI01,Sellimonas,Peptococcus,CAG-492,UBA3818,MGYG000004229,51-20,Bacteroides,UMGS1241,UBA1191,HGM05232,CAG-170,UMGS1688,SFMI01,MGYG000001953,UMGS1384,UBA1752,Actinomyces,Akkermansia,Dorea,Rahnella,Arabia,Negativibacillus,Intestinibacter,Anaerobutyricum,HGM12814,UMGS946,Enterococcus_G,Edwardsiella,UMGS1696,CAG-882,QAMH01,MGYG000004445,Anaerotignum,MGYG000004874,SFFS01,Agathobaculum,CAG-884
rep324_seed2349	UMGS172,UBA1752,Megamonas,UMGS1851,UBA4285,Enterobacter_D,CAG-302,Lysinibacillus,Allisonella,An92,Hafnia,Senegalimassilia,VUNI01,Stomatobaculum,Pantoea,Acetivibrio_A,WG-1,Leminorella,UMGS2055,CAG-465,Enorma,Sodaliphilus,UBA10281,CAG-238,Merdimonas,UMGS1540,Ruminiclostridium_E,Bilophila,MGYG000004443,RUG12045,UMGS1781,CAG-617,CAG-313,UBA3263,UMGS1858,MGYG000004547,Mediterraneibacter,MGYG000003855,MGYG000004380,Clostridium_Q,Gordonibacter,CAG-582,UMGS1880,UMGS902,QAMM01,MGYG000004556,HGM11575,Duodenibacillus,UBA11774,Exiguobacterium,Agathobaculum,Mesosutterella,Anaeromassilibacillus,Staphylococcus,QAMH01,UMGS1071,Eubacterium_R,Emergencia,UMGS1537,CAAEEV01,UBA1234,Enteroscipio,HGM11368,MGYG000002683,CAG-484,UBA644,UMGS1975,CAG-822,CAG-882,SFDB01,Finegoldia,UBA1685,SFFS01,Hungatella_A,Plesiomonas,Anaeroplasma,NSJ-32,AM07-15,Arcanobacterium_A
rep325_seed2350	CAG-390,UMGS1004,Clostridium_B,UMGS1474,UMGS1696,UBA1822,Sodaliphilus,UMGS1052,Veillonella,Lacticaseibacillus,UBA3388,Bacillus_J,RUG023,Blautia_A,Massilioclostridium,COE1,Hungatella_A,CAG-510,Marvinbryantia,MGYG000004127,CAG-196,Actinobaculum,QAMM01,Fannyhessea,UMGS1326,CAG-177,KM106-2,UMGS1477,CAG-762,CAG-449,Enterobacter,Mixta,Enorma,UBA1206,Cronobacter,Anaeroplasma,Eubacterium_M,HGM10836,Leuconostoc,Weimerbacter,CAG-710,Mitsuokella,Providencia,Epilithonimonas,Pluralibacter,CHH4-2,CAG-272,CAG-822,Prevotella,Companilactobacillus,RUG472,HGM11416,Ralstonia,Ezakiella,UBA6382,Pseudomonas_E,MGYG000004443,JAAYBB01,RUG420,Dysgonomonas,RQCD01,MGYG000000378,RUG115,Eubacterium_J,Phascolarctobacterium_A,Sellimonas,HGM13634,CAG-349,RUG410,Megamonas,CAG-873,UMGS856,MGYG000004445,Gordonibacter,UMGS1293,Stenotrophomonas,Coprobacillus,UBA3818,Latilactobacillus
rep326_seed2351	CAG-269,MGYG000000728,Alistipes,Cedecea,NSJ-61,RUG023,UMGS1253,Pseudoruminococcus,Garciella,UBA5905,UMGS1690,UBA11774,Criibacterium,MGYG000003855,Finegoldia,Anaerotignum,Alistipes_A,Salinicola,Plesiomonas,UMGS2055,CACZQA01,UMGS946,OF09-33XD,Peptoniphilus_C,Johnsonella,Clostridium_P,CAG-877,Enterococcus,Pseudoflavonifractor,UBA9502,CAG-83,MGYG000001871,Klebsiella,Corynebacterium,Clostridium_Q,HGM11416,CAG-484,SCN-57-10,CAG-492,CAG-81,UBA5416,Nitratidesulfovibrio,RQCD01,RUG11200,UBA1206,UBA3766,CAG-312,Cloacibacillus,CAG-110,Enterocloster,CAG-127,Bifidobacterium,Beduini,Turicimonas,CABIZH01,Desulfovibrio,Fournierella,1XD42-69,CAG-628,Morganella,Hafnia,NC2004,Neobacillus,Companilactobacillus,Peptoniphilus_B,Pseudescherichia,Olsenella,Sutterella,CAG-1024,Bittarella,UMGS1994,UMGS1338,Pradoshia,Kallipyga,UBA7185,UMGS1441,VUNA01,SFVR01,MGYG000002683
rep327_seed2352	Finegoldia,Clostridium_J,MGYG000002758,51-20,OM05-12,UMGS1668,WG-1,RUG11247,Pseudomonas_R,Robertmurraya,CAG-884,UMGS1690,UMGS599,UBA3263,MGYG000002216,UBA7748,MGYG000004443,HGM14224,Peptoniphilus_A,Clostridium_AP,Stenotrophomonas,UMGS1601,Clostridium_A,UMGS1826,UMGS2055,Enterobacter,CAG-317,Moellerella,Faecalibacterium,CAG-1031,UBA3766,Anaerotruncus,UMGS973,Pseudoflavonifractor,Murimonas,CAG-882,Fournierella,UMGS1883,UBA1181,Lawsonibacter,CAG-492,Enorma,MGYG000004604,UBA6345,UC5-1-2E3,Robinsoniella,CAG-1024,HGM13222,Enterococcus,Treponema_D,Enteroscipio,Hungatella_A,QAMX01,UBA6984,UMGS1840,Negativibacillus,Cedecea,CACZQA01,Parasutterella,Aggregatibacter,UMGS1326,Eubacterium,Veillonella,Slackia_A,UBA4871,Leclercia,CAG-964,Parvimonas,Ruminococcus_G,PeH17,UBA11471,UMGS1901,Franconibacter,CAG-617,Massilimaliae,Sporanaerobacter,Weizmannia,MGYG000002696,SFJ001
rep328_seed2353	Flavonifractor,Pseudoflavonifractor,MGYG000002053,Peptoniphilus_A,UMGS1224,RQCD01,UMGS966,UMGS1326,UBA7057,MGYG000000574,Robertmurraya,Butyricimonas,Zag111,HGM11588,UBA1375,Citrobacter,Mailhella,Clostridium_AP,AM07-15,UMGS1820,UBA11471,Hungatella,Ralstonia,PeH17,Pseudescherichia,CAG-170,Dysosmobacter,Pauljensenia,CAG-180,CABIZH01,Adlercreutzia,Alistipes_A,MGYG000000745,Massilimaliae,QAMH01,MGYG000004061,Fannyhessea,Ruminococcus_E,MGYG000004850,Marvinbryantia,CAG-492,Fusobacterium_C,MGYG000004094,Mitsuokella,MGYG000003289,Senegalimassilia,Faecalibacterium,Eisenbergiella,HGM11575,MGYG000000456,CAG-354,Muribaculum,Lactiplantibacillus,Azonexus,MGYG000004127,UBA3263,CAG-533,Marseille-P3106,Gordonibacter,Hydrogeniiclostridium,Phytobacter,Clostridium_B,Sneathia,Oribacterium,UBA7748,Acidaminococcus,Enterococcus_A,NSJ-32,Tidjanibacter,UMGS1880,Lawsonibacter,HGM10836,Holdemanella,Leptotrichia,HGM11808,Cetobacterium_A,Mediterraneibacter_A,RUG11198,MGYG000003490
rep329_seed2354	UBA9475,HGM11525,CAG-194,Kallipyga,QALS01,NC2004,UBA644,UBA7182,UMGS1474,UBA1390,UMGS995,UBA4372,Ruminiclostridium_E,Mediterraneibacter_A,Dialister,Merdibacter,Chimaeribacter,Butyricimonas,Cloacibacillus,UMGS1670,Leptotrichia,UMGS1397,Fournierella,UMGS1441,HGM12998,Raoultibacter,Providencia,UBA10281,UMGS1872,Intestinimonas,UMGS416,RUG131,CAG-917,UBA4855,Borkfalkia,CAG-710,Latilactobacillus,Porphyromonas,Kluyvera,Faecalicoccus,UBA11471,Clostridium_F,MGYG000000378,UMGS1224,Coprobacter,UMGS1994,Klebsiella_A,UMGS1251,UMGS1370,UMGS1603,Alloscardovia,Eubacterium_G,Methanomassiliicoccus_A,UMGS1071,HGM11501,CAG-793,HGM13634,Eggerthella,Finegoldia,SFGY01,Lactiplantibacillus,MGYG000000425,Butyricicoccus,Acinetobacter,UBA1820,RUG472,UBA10677,Lawsonibacter,QAMH01,RUG100,CAG-475,CAG-217,Rikenella,UMGS1202,CAG-631,CAG-557,UMGS1387,Fusobacterium_C,UMGS1484
rep330_seed2355	Desulfovibrio,UMGS1202,UMGS1590,Phoenicibacter,CAG-279,CAG-56,Arabia,MGYG000000390,Oscillibacter,UBA1234,MGYG000002702,HGM14224,UMGS1418,UMGS1375,RUG11200,UMGS1052,Angelakisella,UBA866,Olsenella,Cetobacterium_A,MGYG000000587,DUOT01,Phocea,UMGS966,CAG-460,UMGS268,QALS01,CAG-312,Coprobacter,SFDB01,CAG-170,UMGS1491,Leminorella,Rothia,Hafnia,Cronobacter,Lachnoclostridium_A,UMGS363,CAG-115,UBA3631,Ruminococcus_C,NSJ-63,HGM13634,UMGS1338,UBA1375,Methanobrevibacter_A,MGYG000000674,Cloacibacillus,Eubacterium_J,Firm-10,UMGS1994,UMGS1004,UMGS731,Negativibacillus,MGYG000004061,CAG-632,Clostridium_P,Extibacter,Absicoccus,Anaeroplasma,Fusicatenibacter,Citrobacter,Lacrimispora,KLE1615,UMGS1251,UMGS1668,RC9,CAG-354,HGM11616,UBA7057,UMGS1815,Alistipes_A,CAG-302,CAG-217,Morganella,Coprobacillus,Amedibacillus,Pediococcus,RUG705
rep331_seed2356	CAG-303,Catenibacterium,UMGS1851,Limosilactobacillus,UMGS403,Neisseria,WG-1,Providencia,Fusobacterium,Niameybacter,UMGS1611,Amedibacterium,MGYG000000350,Merdibacter,CAG-873,UMGS1388,CAG-81,MGYG000004874,Haemophilus_D,Enterococcus_G,UMGS692,MGYG000002719,Beduini,Adlercreutzia,Pseudoruminococcus,HGM11588,Agathobaculum,UMGS1572,Olsenella,HGM11521,UMGS1826,UBA1409,MGYG000002726,CAG-180,UBA4871,Cronobacter,UMGS1490,CAG-349,UMGS902,UBA4334,UBA3631,CAG-127,UBA4855,Phascolarctobacterium,RQCD01,UBA11452,Clostridium_B,UMGS1338,MGYG000004604,RUG420,Dysosmobacter,HGM11372,UMGS1384,UBA11471,Dielma,MGYG000000587,UMGS1766,HGM11788,Intestinimonas,OF09-33XD,Arabia,UBA10281,UBA7488,Massilistercora,CAG-56,Longicatena,HGM13006,Gemella,HGM11616,MGYG000002216,RUG572,HGM11507,MGYG000003855,Coprococcus_A,Longibaculum,UBA1394,Marseille-P3106,MGYG000000390,QAKS01
rep332_seed2357	UMGS1839,Bilophila,CAG-217,MGYG000003970,Scardovia,Gemmiger,UBA2821,Acidovorax,Longibaculum,QAKW01,Granulicatella,Klebsiella,F0422,Weissella,Alterileibacterium,UBA5394,Collinsella,Fenollaria,SFFS01,Bulleidia,Succiniclasticum,MGYG000003305,Amedibacillus,CAG-45,UMGS1840,MGYG000001871,CAG-484,Robertmurraya,HGM11616,RUG023,SFEL01,UBA10677,UBA1752,CABIZH01,Blautia,Sodaliphilus,MGYG000004660,Gordonibacter,UMGS1338,RUG705,HGM12650,Flavonifractor,Moellerella,UBA5446,Fannyhessea,UMGS1109,NSJ-38,Anaerococcus,Monoglobus,Pediococcus,BX12,CAG-452,HGM12587,Haemophilus_A,NSJ-50,UBA1232,MGYG000004850,MGYG000000390,Eubacterium_R,Peptostreptococcus,CAG-81,CAG-269,RUG806,MGYG000002216,DTU089,Eubacterium,Psychrobacillus,UBA3402,CAG-390,QALW01,Lactobacillus,Negativicoccus,HGM11327,Lysinibacillus,HGM12713,Niameybacter,HGM11416,HGM04593,UBA2882
rep333_seed2358	UMGS1109,TWA4,Bacillus_J,43-108,CAG-45,Actinobaculum,Dorea_A,Methanobrevibacter_A,Fusobacterium,CAG-831,UMGS1370,NSJ-61,AM51-8,Haemophilus,Kosakonia,HGM11514,UBA1752,Lacticaseibacillus,Ruminococcus_G,Finegoldia,Fusobacterium_B,Borkfalkia,Mobiluncus,Adlercreutzia,UMGS1491,UMGS1815,UMGS1375,Anaeroplasma,CAG-462,MGYG000000378,HGM10836,Campylobacter_B,NK4A136,Clostridium,UBA11471,Superficieibacter,Massilicoli,Anaerotruncus,Catenibacterium,UBA2821,UBA11517,SFDP01,Massilistercora,MGYG000000505,Slackia,CAG-1031,Enterobacter_A,Phascolarctobacterium_A,Bacillus_A,UMGS2055,Beduini,HGM05232,CAG-877,UBA1409,Ruminococcus_F,Peptococcus,CAG-762,UBA1740,Pantoea,Monoglobus,Caproiciproducens,CAAHEQ01,Anaerosalibacter,Bacteroides_F,UMGS1241,HGM13006,UMGS1071,Companilactobacillus,Lancefieldella,NSJ-63,Butyrivibrio_A,CAG-245,CAG-288,Brachyspira,Chimaeribacter,UBA738,Clostridium_P,QAKW01,UMGS1441
rep334_seed2359	Proteus,UMGS577,NSJ-38,UMGS1441,Longicatena,Selenomonas_A,F23-B02,F082,UBA3631,Pantoea,Butyricimonas,An92,UMGS1590,MGYG000000587,Oribacterium,Lawsonella,Bacilliculturomica,Pygmaiobacter,MGYG000000286,Faecalibacterium,UBA4716,UMGS1663,AF33-28,UBA4855,ER4,Franconibacter,SFJ001,Staphylococcus,CAG-313,UMGS731,Frisingicoccus,CAG-312,GCA-900066755,Aggregatibacter,Lentilactobacillus,HGM11616,UMGS1384,SCN-57-10,Bifidobacterium,UBA1191,Terrisporobacter,CAG-180,Romboutsia,UBA7702,UMGS1052,Pseudobutyrivibrio,Peptococcus,Robinsoniella,VUNI01,Merdibacter,UMGS680,HGM12669,Pseudoflavonifractor,Faecalicoccus,Prevotellamassilia,CAG-793,CAG-776,CAG-314,BX12,RUG472,Enterococcus_A,Desulfovibrio,UBA2882,CAG-452,UMGS966,Allisonella,NK3B98,Lactiplantibacillus,Azonexus,CAG-590,Duncaniella,Mobiluncus,UMGS1872,UMGS1253,UMGS1766,UMGS1326,HGM13222,CAG-354,UMGS1880
rep335_seed2360	Monoglobus,MGYG000002575,QALW01,Zag111,CAAHEQ01,Neisseria,QAMX01,UMGS1668,RF16,Mobilibacterium,UMGS1670,Caproiciproducens,Neobacillus,Fusobacterium,UBA10677,Ruminococcus_D,MGYG000001903,Enterococcus,43-108,UBA9475,CAG-631,UMGS1810,CAG-115,UMGS1397,Stoquefichus,UMGS966,Garciella,Paraclostridium,QALS01,Ruminococcus_A,Ruminococcus_E,F23-B02,UMGS1540,CAG-1193,Succiniclasticum,Fenollaria,GCA-900066755,Lactonifactor,Weimerbacter,Fusobacterium_C,HGM11521,UBA6984,Enterococcus_G,MGYG000002010,Bariatricus,Veillonella_A,Mediterraneibacter,SFDB01,CAG-317,Turicibacter,Rothia,Enterocloster,HGM11501,Pseudescherichia,Lawsonibacter,Cetobacterium_A,UBA4871,RUG023,NK3B98,UBA4285,UMGS1532,MGYG000001871,HGM13006,HGM11327,Hungatella,MGYG000001953,CAG-81,UBA4644,Phytobacter,Pradoshia,Dielma,CAG-710,SFDP01,SFFH01,Peptostreptococcus,Phocea,Zag1,Sellimonas,UBA1829
rep336_seed2361	UCG-010,MGYG000002053,CAG-272,Scardovia,Akkermansia,Extibacter,Salinicola,MGYG000004061,CAG-145,Agathobacter,SFMI01,UMGS874,ER4,CAG-390,SFLA01,UMGS1322,Peptococcus,Gabonibacter,UMGS1795,UMGS1224,F0040,MGYG000002685,Porphyromonas_A,UMGS1388,CAG-103,Leuconostoc,Faecalibacterium,Succinivibrio,CAG-127,COE1,MGYG000003970,Angelakisella,F23-B02,CAG-462,Eisenbergiella,Firm-07,UBA11471,CAG-217,Caproiciproducens,UBA1711,Gordonibacter,UMGS1975,Exiguobacterium,Amedibacterium,MGYG000004850,Flavonifractor,AM07-15,QANG01,Ruminococcus,Lactobacillus,Pseudoflavonifractor,QAMM01,CAG-475,Lagierella,Massilicoli,UMGS1202,HGM11327,MGYG000004112,Catenibacillus,Megasphaera,Rubneribacter,UMGS680,UBA1390,Enterobacter_D,Coprobacillus,CAG-917,HGM11525,Parabacteroides,Fenollaria,Anaerosporobacter,UMGS268,Fannyhessea,HGM04593,UBA1822,Cutibacterium,Lactococcus_A,Selenomonas_A,Lachnoclostridium_A,SFDB01
rep337_seed2362	Merdibacter,Garciella,UBA1234,UMGS1251,Plesiomonas,MGYG000004127,MGYG000004094,CAG-238,Enteroscipio,Parvimonas,CAG-917,CAG-628,AM51-8,HGM11417,UMGS1312,UBA3818,Alterileibacterium,MGYG000000387,UMGS1795,RUG705,Enterococcus_G,MGYG000002010,Clostridium_B,CAG-1193,UBA7102,UBA1191,CAG-452,Acinetobacter,Lactiplantibacillus,Salinicola,UBA1375,Bariatricus,UBA4716,Leptotrichia,VSOB01,MGYG000004556,CAG-1024,Eikenella,UBA1691,UBA1786,Bifidobacterium,UMGS599,VUNA01,Pluralibacter,Aneurinibacillus,UMGS1663,HGM13233,Veillonella_A,Citrobacter_B,Aeromonas,CAG-177,UMGS1864,Klebsiella_A,CAG-41,MGYG000002696,UBA2821,UBA738,Lactonifactor,CAG-83,RUG11247,UMGS1477,Anaeroglobus,UMGS1004,MGYG000004811,CAG-617,Borkfalkia,Bacteroides_F,CAG-776,RUG806,COE1,Sneathia,Pradoshia,Robertmurraya,SFFH01,Selenomonas_A,Rothia,Absicoccus,UMGS1537,UMGS1826
rep338_seed2363	Peptacetobacter,UBA7597,Mailhella,HGM11525,Sellimonas,CAG-317,CAG-791,Blautia_A,UBA644,UBA737,UMGS1872,UMGS1858,CAG-485,Campylobacter_A,Romboutsia,Phascolarctobacterium,MGYG000004443,CAG-710,Roseburia,NSJ-63,UMGS1901,Anaerotignum,Hydrogeniiclostridium,UMGS1540,Kluyvera,Azonexus,UMGS1241,QALS01,UBA5920,Marseille-P4683,HGM13222,Gabonibacter,Pseudoflavonifractor,UBA1737,UMGS1600,TWA4,Alloscardovia,Emergencia,Granulicatella,Holdemanella,Oscillibacter,Arabia,UBA4716,Veillonella_A,Salinicola,WG-1,HGM10836,CAG-1427,Anaerotruncus,UBA7160,HGM11588,UBA1752,MGYG000002797,UBA11940,CAG-632,1XD42-69,CAAEEV01,Marvinbryantia,Prevotellamassilia,Parolsenella,QAMH01,Gemella,MGYG000002758,An92,VSOB01,SFDB01,Massilicoli,Succiniclasticum,Cronobacter,HGM11501,UMGS416,Anaeroplasma,UMGS1253,Rahnella,Enterococcus_G,RUG11198,MGYG000001953,Selenomonas_C,SFFH01
rep339_seed2364	Borkfalkia,Alistipes_A,Mailhella,Pantoea,Caecibacter,Lactococcus,Salinicola,UBA1820,UMGS1370,Catenibacillus,UBA11940,UBA7182,Actinobaculum,CAG-495,Stomatobaculum,UMGS1487,UBA1691,Garciella,HGM10836,UMGS268,Citrobacter_B,Yokenella,Harryflintia,UBA1417,HGM12587,UBA11452,Paenibacillus_A,CAG-302,CAG-1031,UMGS1696,QAMM01,Franconibacter,UBA7597,CAG-724,Leptotrichia,Megasphaera,UMGS874,Angelakisella,CAG-274,Raoultibacter,UMGS1071,Lacrimispora,UMGS1766,Parabacteroides,UMGS1388,UMGS1591,Enterococcus_A,Pseudoruminococcus,F23-B02,BX12,QAKS01,Emergencia,UMGS263,Hungatella,NSJ-62,CAAHEQ01,UMGS1633,Firm-07,Anaeromassilibacillus,MGYG000004133,Gordonibacter,Edwardsiella,AF33-28,TM7x,MGYG000004061,MGYG000000378,UBA1232,UBA7173,UBA9502,Haemophilus,Citrobacter_A,Faecalibacterium,UBA11517,UBA1786,Escherichia,QANG01,Marseille-P3106,Pygmaiobacter,Monoglobus
rep340_seed2365	Eubacterium_T,Gastranaerophilus,CAG-631,HGM11416,UMGS1484,UBA1731,Pluralibacter,CAG-238,Criibacterium,Johnsonella,MGYG000001871,SFMI01,Clostridium_AP,CAG-882,Allisonella,UBA1777,Ligilactobacillus,Lacticaseibacillus,Romboutsia,CHH4-2,CAG-460,CAG-724,UBA1409,AF33-28,Anaerofustis,Paenibacillus,Enterococcus_C,UBA7702,43-108,SFFS01,Dysgonomonas,UMGS1322,MGYG000004094,UMGS1004,Emergencia,CAG-180,Ruthenibacterium,UMGS1418,Amedibacterium,UBA3818,Bacillus_A,Phil1,UMGS1781,Tidjanibacter,Aneurinibacillus,AM51-8,UBA9502,MGYG000004727,CAG-196,UMGS1251,Morganella,SFEL01,Evtepia,UMGS1815,Turicimonas,1XD42-69,Enterobacter_D,UMGS1487,CAG-628,Bacillus_J,CAG-831,Ruminiclostridium_E,CAG-81,UMGS1670,UMGS1591,Sodaliphilus,Leuconostoc,NSJ-61,UMGS1397,Ruminococcus_E,Acidaminococcus,MGYG000000505,UMGS1826,QALS01,UMGS1491,GCA-900066905,Weizmannia,Ralstonia,Lachnoclostridium_B
rep341_seed2366	Pseudomonas_R,Pseudomonas,UMGS1387,Cedecea,HGM13634,UCG-010,UMGS75,UBA7160,Faecalibacterium,UBA11774,TF01-11,Epilithonimonas,Sodaliphilus,Firm-07,CAG-1193,UMGS172,Fusobacterium,UBA5026,Rubneribacter,MGYG000003490,Amedibacillus,HGM12789,CAG-317,UMGS1384,Robinsoniella,HGM12713,UMGS1490,QAKD01,Murdochiella,Victivallis,CAG-873,Bruticola,Clostridium_Q,Alterileibacterium,Anaerosacchariphilus,UMGS1872,Anaerotruncus,HGM11327,Murimonas,MGYG000002685,Leptotrichia,CAG-877,Longibaculum,UMGS416,Succinivibrio,UMGS1880,Arcanobacterium_A,Zag111,Dorea,UMGS1889,UBA7173,DUOT01,Coprococcus,UMGS1815,Clostridium_J,Parabacteroides,CAG-1427,RUG420,CAG-582,UMGS1696,UMGS1518,Weissella,Succiniclasticum,UMGS2016,Clostridium_A,UMGS1668,CAG-449,CAG-194,UBA1394,UMGS1688,UMGS1004,Enterococcus_D,Arabia,HGM11523,UMGS1052,UBA6345,Campylobacter_A,Neisseria,OM05-12
rep342_seed2367	Actinobaculum,MGYG000004547,Clostridium_P,MGYG000004874,UBA1829,GCA-900066905,Coprococcus_A,Ruminococcus_A,MGYG000004660,Hungatella,CAG-617,Lawsonibacter,PeH17,Blautia_A,Enterococcus_B,CAG-521,Coprobacillus,Pseudobutyrivibrio,MGYG000004443,UMGS263,Clostridium,RUG11247,Actinomyces,Dysgonomonas,F0422,Murdochiella,UBA2856,Lancefieldella,HGM11507,UBA11452,Alistipes_A,UMGS1540,Ruminococcus_B,Butyricicoccus_A,Dorea_B,SFEL01,Haemophilus_D,Peptoniphilus_E,Olsenella_E,UBA4871,UBA11512,Cetobacterium_A,UMGS1810,Faecalicoccus,Murimonas,Bilophila,NK3B98,Enterobacter,SFLA01,UBA738,UMGS172,QAMX01,Massilimaliae,UMGS1251,ER4,Clostridium_X,UMGS1688,HGM11523,Ligilactobacillus,Cutibacterium,Faecalibacterium,Aneurinibacillus,Weissella,Stenotrophomonas,CAG-177,Olsenella_B,51-20,Eubacterium_T,CAG-603,Dysosmobacter,Succinivibrio,Monoglobus,UBA1206,UMGS1864,Firm-10,MGYG000002053,UMGS946,CAG-127,Duncaniella
rep343_seed2368	CAAEEV01,Leclercia,UMGS1384,UBA866,UBA10677,HGM11788,Neisseria,Yokenella,HGM04593,Firm-07,Oribacterium,Lentilactobacillus,Parasutterella,MGYG000002797,Morganella,RUG100,UBA7597,UMGS1880,Clostridium_P,Beduini,UMGS1472,Bacillus_A,SFVR01,UBA940,1XD42-69,UMGS1224,Sneathia,Fusobacterium_C,MGYG000002719,UMGS1795,Megasphaera,CAG-603,MGYG000003855,Klebsiella,UBA4644,CAG-41,UBA11471,MGYG000000350,CAG-103,UBA7182,Pyramidobacter,Eubacterium_R,CAG-238,Peptoniphilus_E,UMGS1487,Lachnoclostridium_A,UMGS1810,Scardovia,UMGS1241,NSJ-50,UBA4716,Bacillus_J,UMGS363,CAG-95,CAG-631,Paraeggerthella,Slackia_A,UBA5920,Stenotrophomonas,Niameybacter,RUG806,MGYG000000745,JAAYBB01,Eggerthella,CAG-557,Johnsonella,UBA1232,Blautia,MGYG000000456,F0422,UMGS75,UMGS1518,MGYG000002685,Phocaeicola,MGYG000000674,CAG-492,HGM11417,Cronobacter,CAG-521
rep344_seed2369	UMGS1781,Ruminococcus,Clostridioides,CAG-603,Eggerthella,UMGS1384,SFVR01,Mailhella,Lacrimispora,Aneurinibacillus,TM7x,Varibaculum,SFEL01,CAG-495,Collinsella,UMGS1623,Tidjanibacter,Staphylococcus,UBA5446,Dorea,UBA1409,Negativicoccus,UBA737,Senegalimassilia,MGYG000003945,Lentilactobacillus,CAG-791,Lachnoclostridium_B,HGM11588,Monoglobus,UMGS1795,Butyricicoccus,BX12,Turicibacter,UBA7102,HGM12713,UMGS75,MGYG000004445,Acidovorax,Coprobacillus,UMGS692,HGM11501,Oscillibacter,RUG023,Pseudomonas_E,Neobittarella,Peptoniphilus_C,CAG-196,Anaerotruncus,RUG115,UBA644,UBA738,Ruminococcus_C,Intestinimonas,MGYG000000387,Slackia_A,Gemmiger,UBA1206,F23-B02,MGYG000002797,MGYG000004556,Borkfalkia,Brachyspira,UMGS263,CAG-492,Clostridium_E,Massiliomicrobiota,Amedibacillus,UBA7488,Anaerocolumna,CAG-449,Lactonifactor,Yersinia,Eubacterium_M,HGM12957,Pediococcus,PeH17,UMGS1307,VSOB01
rep345_seed2370	CAG-495,UBA9475,Ezakiella,RUG12045,UBA5394,Massilimaliae,CAG-762,UMGS1241,51-20,1XD42-69,Chimaeribacter,Dysosmobacter,UMGS1901,UBA945,CAG-41,Eubacterium,MGYG000004172,Oribacterium,UMGS874,UMGS1109,Lactonifactor,MGYG000000674,UBA3282,43-108,MGYG000003945,UBA5905,UMGS1253,CAG-617,Bilophila,CAG-417,CAG-877,UMGS1322,UBA7597,Serratia,NSJ-63,SFEL01,UMGS1933,Peptoniphilus_B,UMGS1826,Atlantibacter,Lactobacillus,WG-1,UBA11940,UBA1731,Lacticaseibacillus,UMGS75,Clostridioides,MGYG000004061,Eggerthella,Garciella,Butyricicoccus,UMGS995,CAG-557,V9D3004,Raoultella,MGYG000004094,Gemella,Longibaculum,Proteus,CAG-632,CAG-1000,UMGS966,Marseille-P4683,Olsenella_E,UBA1394,Johnsonella,UMGS1633,Eisenbergiella,Scardovia,QALR01,Alistipes_A,Eubacterium_I,Vibrio,UMGS1766,KLE1615,HGM11416,HGM11521,Paraprevotella,VSOB01
rep346_seed2371	UMGS905,CAG-465,Salinicola,CAG-274,Exiguobacterium,Latilactobacillus,HGM11507,Blautia,UBA636,Rahnella,Sutterella,CAG-1000,MGYG000004556,UMGS1251,Senegalimassilia,CAG-448,NSJ-61,Pseudomonas_R,Ellagibacter,CAG-475,MGYG000004604,CAG-272,Agathobaculum,Eisenbergiella,Weimerbacter,Caecibacter,UBA5446,MGYG000003970,UBA6857,UBA738,Eggerthella,CAG-449,UBA6382,Bifidobacterium,Acinetobacter,Massilimaliae,HGM13222,Coprobacillus,CAG-314,UMGS1472,Ruminococcus_A,UBA1752,Alloscardovia,Hydrogeniiclostridium,Enterocloster,Mixta,VUNA01,UMGS1225,CAG-177,Haemophilus_D,UBA7488,UBA11512,UBA1786,Anaerosporobacter,HGM14224,Negativibacillus,UMGS1532,UMGS1663,Pediococcus,Enteroscipio,UMGS1370,UMGS1851,UBA4716,UMGS263,Pradoshia,UBA11471,Zag1,QAKW01,UMGS1880,UBA1390,UMGS680,Pantoea,Angelakisella,Actinobaculum,CAG-353,CAG-196,CAG-492,HGM12957,UBA3631
rep347_seed2372	Intestinibacter,Butyricicoccus,HGM12814,UMGS1600,Eubacterium_I,Faecalibacillus,Pantoea,Pediococcus,HGM13862,Absicoccus,UMGS1338,CAG-41,UBA1685,Corynebacterium,Peptococcus,Parabacteroides,Citrobacter_B,UBA5920,Peptostreptococcus,Haemophilus_D,CAG-917,Parvimonas,NK4A136,CAG-603,Hafnia,Lactobacillus,Raoultella,Angelakisella,UBA1232,Megamonas,UBA10677,Weissella,UBA1409,Acinetobacter,Senegalimassilia,UMGS1688,Ruminococcus_G,Campylobacter_B,MGYG000002696,CAG-390,HGM12998,Beduini,Acutalibacter,Serratia,Enterococcus_G,Cetobacterium_A,DUOT01,Ruminococcus_C,RUG13868,UBA4855,UBA10281,CAG-831,Gabonibacter,Massilistercora,Franconibacter,Providencia,UMGS1487,UMGS1002,Clostridium_P,UMGS1883,UBA9475,Psychrobacillus,UBA9506,UBA4644,UMGS692,UMGS1933,UMGS1540,Actinomyces,Lancefieldella,Bilophila,MGYG000000346,Mediterraneibacter_A,HGM11616,Rubneribacter,Schaedlerella,CAG-145,Erysipelatoclostridium,UMGS1810,CAG-964
rep348_seed2373	UMGS1872,Duncaniella,MGYG000002758,HGM11368,UBA7185,Ruminococcus_D,HGM11327,Fusobacterium_B,UBA5446,MGYG000004061,Eubacterium_J,UMGS1441,UBA5905,RUG12045,Clostridium_F,Citrobacter,Pauljensenia,HGM13006,HGM11530,Extibacter,Firm-10,CAG-475,Citrobacter_B,CAG-245,JAAYBB01,UBA1417,HGM13862,UMGS1976,UMGS403,Longibaculum,PeH17,Garciella,Fusobacterium,Lancefieldella,Pseudoflavonifractor,Veillonella_A,MGYG000002683,Allisonella,UBA1820,QAKW01,Pseudomonas_R,Sporanaerobacter,UMGS1293,UBA6984,Phocaeicola,Sneathia,UBA3263,SCN-57-10,Clostridium_B,Campylobacter_B,Firm-11,UBA10677,RC9,MGYG000003270,51-20,Frisingicoccus,Ruminococcus,CAG-884,Enterococcus_D,CAG-95,UMGS1795,MGYG000004380,UBA7488,CAG-1000,CAG-194,MGYG000004112,QAMH01,Kosakonia,UBA1740,Clostridium_E,Anaerofustis,DTU089,UBA3631,Klebsiella,UBA1822,Anaerosporobacter,MGYG000000390,Bacillus_J,UMGS1540
rep349_seed2374	Aeromonas,Dialister,UBA866,CAG-411,Hungatella_A,Dorea,UBA1777,Klebsiella_A,HGM11368,Escherichia,MGYG000000425,Superficieibacter,Vibrio,Weissella,Lawsonella,Coprobacter,UMGS75,Caecibacter,GCA-900066495,CAG-631,Marvinbryantia,RUG13868,UMGS966,UMGS1441,QAKW01,CAG-95,Actinomyces,Fournierella,Latilactobacillus,UBA7057,Cutibacterium,Duodenibacillus,Schaedlerella,Niameybacter,Arabia,UBA5026,Ruminococcus_F,UBA1259,CAG-81,Campylobacter,Leminorella,UBA940,MGYG000002053,Catenibacillus,Mobilibacterium,Pediococcus,Psychrobacillus,Borkfalkia,UBA7597,UMGS268,CAG-194,MGYG000002010,UMGS1601,UMGS1518,UMGS905,UMGS1766,Veillonella,MGYG000000456,RQCD01,MGYG000000286,UBA1737,UBA2882,Negativibacillus,UMGS1253,HGM12998,CAG-485,UMGS1279,RC9,QALS01,MGYG000004172,JAAYBB01,TF01-11,Absicoccus,Adlercreutzia,NSJ-61,Brachyspira,Mitsuokella,CAG-590,Parvimonas
rep350_seed2375	CAG-873,UMGS1441,Ruminiclostridium_E,Enterobacter,CAG-390,CAG-349,UMGS1933,UBA9414,UBA7102,UMGS599,Acidovorax,CAG-533,CAG-484,UMGS1975,Clostridium_E,HGM11327,MGYG000000378,VUNI01,GCA-900066495,Pseudomonas_E,Ruminococcus,MGYG000000346,CAG-831,Dialister,VSOB01,UMGS1474,CAG-451,Firm-07,Fusobacterium,UMGS75,UBA3402,Coprococcus_A,Hungatella_A,Enterococcus_B,Intestinimonas,UMGS1387,UMGS1815,UMGS1518,An92,Vibrio,Anaerostipes,UBA1731,Cutibacterium,UMGS1601,CAG-628,Pradoshia,QAKW01,1XD42-69,AF33-28,UMGS1688,CAG-557,UBA1685,Cedecea,Roseburia,MGYG000004112,CAG-462,Lachnospira,Varibaculum,UBA3388,Serratia,MGYG000004811,UBA5446,CAG-1193,UMGS1820,MGYG000002575,UMGS1623,CAG-273,CABIZH01,VUNA01,Marseille-P3106,MGYG000002075,CAG-917,Acidaminococcus,UBA6984,CAG-460,CHH4-2,UMGS1603,Citrobacter_A,SFMI01
rep351_seed2376	UMGS905,Clostridium_AP,RUG11200,Butyricimonas,UBA737,Gabonibacter,UMGS1004,Lachnoclostridium_B,Fusobacterium_C,TF01-11,Eubacterium,MGYG000004177,CAG-180,Romboutsia,Anaerofustis,UBA1232,CAG-313,Frisingicoccus,Nitratidesulfovibrio,QANG01,Peptoniphilus_A,Bifidobacterium,HGM11575,SFDP01,RUG420,Longibaculum,QANA01,QALR01,Pseudoruminococcus,Cetobacterium_A,CAG-81,MGYG000002010,Schaedlerella,HGM11588,HGM13222,Anaerococcus,Haemophilus_A,CAG-631,Mesosutterella,UMGS1518,CAG-492,Eubacterium_F,MGYG000004547,UBA1234,Anaeroplasma,Superficieibacter,CAG-793,MGYG000004127,HGM13010,Johnsonella,CAG-1427,CAG-314,Companilactobacillus,Turicibacter,MGYG000004850,Peptacetobacter,Arcanobacterium_A,MGYG000004380,Latilactobacillus,UBA1820,UMGS1253,Acinetobacter,CAG-317,Anaerostipes,Methanomassiliicoccus_A,UMGS1690,Megasphaera,UBA6398,Faecalicoccus,Clostridium_Q,Anaerotruncus,UMGS2055,MGYG000004229,UBA11774,Rothia,MGYG000004172,Mitsuokella,Bacillus_J,Dorea_B
rep352_seed2377	Lagierella,UMGS1690,Caecibacter,RUG131,Negativicoccus,RUG572,HGM11417,Companilactobacillus,CAG-110,Pygmaiobacter,UMGS1532,UMGS1474,NSJ-61,HGM12650,Citrobacter_B,UMGS1851,VSOB01,Bilophila,Leminorella,Psychrobacillus,UMGS905,Pediococcus,Hungatella,UMGS1312,MGYG000002683,Muribaculum,Escherichia,HGM11808,MGYG000004874,QAMX01,PeH17,Rubneribacter,Mixta,ER4,Firm-07,Lactonifactor,MGYG000002702,Holdemania,Eubacterium,Corynebacterium,GCA-900066755,MGYG000002726,Butyricicoccus,Fusicatenibacter,MGYG000000574,Phascolarctobacterium,UMGS1384,NK4A136,Duodenibacillus,NSJ-50,CAG-1193,UMGS1901,UBA1191,Massiliomicrobiota,SFLA01,Agathobaculum,Streptococcus,CAG-56,Clostridium_AQ,UMGS874,UMGS1840,V9D3004,Methanobrevibacter_A,MGYG000004127,UBA3263,HGM11530,CAG-873,Pseudomonas,Parvimonas,Weimerbacter,Rothia,Robertmurraya,Phytobacter,Holdemanella,UBA9414,CAG-41,UBA11471,Amedibacillus,DUOT01
rep353_seed2378	Dysosmobacter,Mediterraneibacter,SFVR01,Schaedlerella,UMGS1397,MGYG000004556,Mobiluncus,Dorea_A,Anaerocolumna,UBA5884,MGYG000000728,Eubacterium_R,Extibacter,UMGS1474,UBA6857,Succinivibrio,Paraeggerthella,Staphylococcus,Citrobacter,MGYG000002797,Sellimonas,CAG-1031,UMGS882,Leminorella,UBA5394,UBA11940,MGYG000000574,Clostridium_E,Intestinibacter,UMGS403,Arabia,CAG-917,UBA1829,Pseudoflavonifractor,UMGS1600,Anaerobutyricum,Pantoea,Terrisporobacter,UBA2856,UBA5809,MGYG000004604,Odoribacter,NSJ-63,An92,UBA9502,MGYG000004172,Enterococcus_G,MGYG000000378,Butyricimonas,CAG-354,HGM12650,Clostridium_Q,UBA866,51-20,UBA1375,Alterileibacterium,Anaeroplasma,Anaerotignum,Lacrimispora,UC5-1-2E3,RUG13868,CAG-194,S5-A14a,Sporanaerobacter,HGM11327,UMGS1810,CAG-452,UMGS1384,CAG-841,Gordonibacter,UBA3631,Lysinibacillus,Plesiomonas,Ruminococcus_E,UBA1234,CAG-724,Caproiciproducens,UBA3388,Murimonas
rep354_seed2379	CAG-582,CAG-417,Dorea_B,UBA4871,Parvimonas,Anaeroplasma,RUG131,UCG-010,Lactococcus_A,MGYG000004229,Weimerbacter,MGYG000000505,SFEL01,Eubacterium_R,Robinsoniella,Gabonibacter,UBA7173,UMGS1623,AM51-8,CAG-349,Eubacterium_J,UMGS416,KLE1615,CABIZH01,Odoribacter,Ruminococcus_C,Pluralibacter,Ruminococcus_G,Alistipes,Phytobacter,Zag1,Monoglobus,Haemophilus_D,Weizmannia,Dorea_A,UBA10281,Psychrobacillus,Salmonella,HGM13233,HGM11368,UMGS1004,Haemophilus_A,MGYG000000378,Fusobacterium_C,Lacticaseibacillus,Ruminococcus,UMGS1484,Alistipes_A,CAG-390,QAMX01,Lachnoclostridium_A,UMGS966,Phascolarctobacterium,NSJ-62,Clostridium_X,Enterococcus_C,MGYG000001871,V9D3004,UMGS1633,UMGS1441,MGYG000004874,CAG-177,SFMI01,UMGS599,UMGS1375,UBA1740,Chimaeribacter,SFFH01,HGM11616,Agathobaculum,UMGS1370,Anaerosporobacter,MGYG000004380,F082,UMGS680,Ruminococcus_A,Eubacterium_T,HGM11523,Ruthenibacterium
rep355_seed2380	Borkfalkia,Fournierella,MGYG000004029,UMGS1826,Anaerofustis,MGYG000002702,UBA9475,MGYG000003305,Anaerobutyricum,HGM12713,Azonexus,QAMX01,Oxalobacter,Faecalibacillus,Dorea_B,Parvimonas,Peptoniphilus_B,COE1,Enterococcus_D,CAG-762,MGYG000002696,RUG472,Dialister,AF33-28,Aneurinibacillus,UMGS731,CAG-274,Coprobacter,Pseudomonas,HGM13634,UBA1206,UMGS268,Barnesiella,Gordonibacter,UMGS1490,CAG-460,Eikenella,UMGS946,Garciella,V9D3004,Morganella,MGYG000001871,RUG572,CAG-1000,VUNA01,HGM13010,UMGS1901,MGYG000004171,HGM11514,Eubacterium_M,MGYG000004112,Rahnella,UMGS995,Phocea,Pantoea,CAG-465,CAG-83,UBA5920,UMGS1858,UMGS1375,UMGS1840,UMGS1004,MGYG000004133,Dorea,Anaerosalibacter,Kallipyga,Massilimaliae,CAG-724,Paramuribaculum,QANG01,CAG-791,Schaedlerella,Agathobacter,Robertmurraya,Paraprevotella,Cellulosilyticum,UBA11517,Caproiciproducens,CAG-411
rep356_seed2381	UBA4644,RUG14107,CAG-582,Phascolarctobacterium_A,Clostridium_A,Lawsonibacter,CAG-877,Salmonella,Raoultella,CAG-475,Campylobacter_A,CAG-776,Phytobacter,Hungatella_A,CAG-269,QALS01,CAG-313,RUG11200,Bariatricus,UBA4855,Enterobacter,OM05-12,Longicatena,UBA6345,Bifidobacterium,Ruminiclostridium_E,UMGS172,Barnesiella,Rothia,NSJ-38,UMGS1603,UMGS1477,Ralstonia,UBA6382,RUG115,Arabia,CAG-873,UMGS1623,UMGS1387,Clostridioides,Citrobacter,Enterococcus_D,UMGS1826,UMGS1490,Klebsiella,F082,UMGS1872,QAMH01,NC2004,NSJ-61,HGM11507,Serratia,UMGS1851,Alloscardovia,Latilactobacillus,Anaerotignum,UMGS2037,CAG-617,Senegalimassilia,Hungatella,Ruminococcus_B,Acidovorax,Clostridium_F,CAG-964,Lachnoclostridium_B,UMGS946,MGYG000003855,Criibacterium,UMGS1375,Limosilactobacillus,HGM13618,Methanosphaera,RUG131,Phocaeicola,CAG-83,MGYG000000456,Marseille-P4683,SCN-57-10,Marseille-P3106
rep357_seed2382	CAG-110,UBA1752,MGYG000000456,UMGS1370,UBA1394,UBA2883,UMGS1851,MGYG000004443,Pluralibacter,Negativibacillus,CAG-762,HGM12713,UBA1685,CAG-194,MGYG000004604,Latilactobacillus,UMGS416,Fusicatenibacter,Klebsiella,Alistipes,Gastranaerophilus,Lacrimispora,UBA3818,Parabacteroides,Phytobacter,Bulleidia,Paramuribaculum,OM05-12,Anaeroplasma,Enterobacter,CAG-776,Johnsonella,Cloacibacillus,UMGS1251,UMGS856,UMGS1840,UMGS1477,Clostridium_N,MGYG000002702,UBA3766,UBA6345,MGYG000003270,F0422,UBA3388,CAG-349,Zag111,SCN-57-10,Paenibacillus,1XD42-69,CAG-465,CAG-724,RF16,Mesosutterella,Merdibacter,Brachyspira,Parolsenella,UBA7597,QAKD01,UMGS1795,Bariatricus,UMGS1826,MGYG000002719,Mixta,Proteus,DTU089,UCG-010,UBA1234,UBA9502,UBA7160,CAG-793,CAG-448,Morganella,UMGS1613,CAG-245,Amedibacterium,UMGS124,UMGS946,D5,Aeromonas
rep358_seed2383	CAG-465,UBA11471,UBA4285,Evtepia,UMGS1851,UMGS1591,UMGS1241,UMGS1975,MGYG000004811,UBA5884,UBA6857,UMGS1670,UBA6345,UMGS1611,Christensenella,CAG-557,MGYG000004127,UBA636,UBA1737,CAG-83,Lacrimispora,Senegalimassilia,Garciella,UBA866,UMGS1472,HGM11501,Nitratidesulfovibrio,Butyricimonas,HGM11368,UBA1375,Angelakisella,CAG-631,UMGS1312,Campylobacter_B,TWA4,Prevotella,HGM11507,Caproiciproducens,Kluyvera,UMGS1418,Butyricicoccus_A,UBA7160,Gabonibacter,Gemella,Anaerotignum,D5,UBA9506,QALS01,Niameybacter,KM106-2,NSJ-61,Fusobacterium_C,Clostridium_AQ,GCA-900066495,UBA1232,UMGS416,MGYG000004604,Yersinia,UMGS124,Sporanaerobacter,UBA1685,CAG-793,CAG-194,Clostridium,ER4,Sellimonas,UMGS1781,MGYG000000674,MGYG000003855,Sutterella,MGYG000003490,CAG-180,Pseudescherichia,HGM11416,MGYG000002719,Bacilliculturomica,Amulumruptor,Bittarella,Acidaminococcus
rep359_seed2384	Faecalimonas,CAG-882,Leclercia,UBA3631,RUG131,Paenibacillus_A,CAG-317,QAKS01,RUG11198,Megasphaera,CAG-1031,OF09-33XD,Massilioclostridium,PeH17,Veillonella_A,MGYG000002683,UMGS1865,UBA1375,HGM10836,Massilistercora,CAG-115,Klebsiella,MGYG000002575,Catenibacterium,Clostridium_P,Eubacterium,UBA4855,Ruminococcus_G,CAG-411,CAG-353,UBA7160,An181,UMGS966,F0040,Porphyromonas_A,SFTJ01,CAG-762,Senegalimassilia,Mediterraneibacter,Proteus,Anaerotruncus,RUG420,QALR01,Acidovorax,Enterobacter,Porphyromonas,Butyrivibrio_A,Superficieibacter,Weimerbacter,UMGS1668,CAG-245,Bifidobacterium,Flavonifractor,UMGS1071,SFFS01,UBA6345,UBA1191,RUG023,Bacilliculturomica,An172,UBA1232,UBA2883,GCA-900066135,Kallipyga,CAG-177,UMGS268,UMGS1994,MGYG000002053,OM05-12,UMGS905,Turicimonas,ER4,CAG-272,MGYG000000505,Mobilibacterium,QAMX01,Ruminococcus_B,CAG-462,RUG100
rep360_seed2385	Ruminococcus_D,MGYG000003297,UBA5446,Eubacterium_M,Rikenella,Murimonas,HGM12713,MGYG000000728,HGM11616,UMGS995,Lactiplantibacillus,Agathobaculum,Fusobacterium,UMGS1603,Turicibacter,Lactobacillus,Bacillus_A,Angelakisella,Selenomonas_A,An172,Fenollaria,Pyramidobacter,Arabia,CAG-245,Peptacetobacter,Clostridium_E,Clostridium_F,UBA1829,Clostridium_AP,UBA738,CAG-882,Butyricimonas,Fusicatenibacter,Peptococcus,UBA7182,Zag1,UMGS2055,Ruminococcus,UMGS403,MGYG000002702,CAG-449,Anaerosalibacter,Dysosmobacter,Bittarella,CAG-217,UMGS1864,Intestinibacter,RUG12045,Parolsenella,Dorea,Mailhella,Enterobacter,Plesiomonas,Anaerococcus,HGM12669,Amulumruptor,Lancefieldella,CAG-822,Eikenella,CAG-452,Weimerbacter,HGM11501,CAG-95,HGM04593,UBA11512,Enterococcus_B,Olsenella,Intestinimonas,Megasphaera,MGYG000004380,Massilioclostridium,CAG-460,UMGS1901,Kallipyga,CAG-354,RUG115,NC2004,GCA-900066905,UBA1820
rep361_seed2386	HGM11808,Sodaliphilus,Catenibacillus,Serratia,CAG-354,CAG-873,UMGS1820,UMGS1590,CAG-273,Duncaniella,UMGS2055,Megasphaera,Atlantibacter,CAG-533,MGYG000002685,Dysgonomonas,UBA737,Anaerofustis,Ruminiclostridium_E,CAG-245,Robinsoniella,UMGS1766,Peptoniphilus_A,Enterococcus_G,SFFS01,Anaerobutyricum,Aeromonas,Beduini,Granulicatella,UMGS1690,VUNA01,Parolsenella,Caecibacter,An92,CAG-557,HGM11372,UBA2856,Rothia,Dorea_B,Paraeggerthella,Klebsiella,MGYG000004604,CAG-217,UMGS1795,CAG-492,UBA1234,Gordonibacter,Eubacterium,Zag1,CAG-917,UBA5026,Cedecea,Clostridium_X,UBA1820,RUG115,Olsenella_B,SFDB01,UMGS1901,Exiguobacterium,CAG-56,Bacteroides,OM05-12,Veillonella,JAAYBB01,UBA6984,Dialister,Pediococcus,KLE1615,UBA4716,SFVR01,MGYG000000505,MGYG000002575,Butyricicoccus_A,Salinicola,UBA1740,CAG-582,UMGS1307,UMGS1933,Lactococcus_A
rep362_seed2387	HGM11368,UMGS599,UBA9506,RUG131,Megamonas,Pyramidobacter,MGYG000000390,UBA7173,Mixta,UMGS1611,CAG-194,CAG-877,Ruminococcus_F,HGM05232,CAG-217,Eubacterium_J,CAG-557,SFGY01,UBA1711,Catenibacterium,Porphyromonas,Phascolarctobacterium,Clostridium_N,Enterobacter,Parabacteroides,Anaeroglobus,UMGS1851,MGYG000003970,MGYG000004604,Neobacillus,Anaerosporobacter,MGYG000000505,Faecalibacterium,UMGS268,UMGS856,Roseburia,UBA866,Superficieibacter,Parasutterella,Psychrobacillus,Eubacterium_F,UMGS1484,Agathobacter,An92,Butyrivibrio_A,Anaerofustis,RUG13868,CAG-317,UMGS2037,Leminorella,V9D3004,Parvimonas,Peptoniphilus_C,CAG-1427,CAG-884,UMGS75,AF33-28,Anaerosacchariphilus,NSJ-50,Acetivibrio_A,HGM11416,SFVR01,MGYG000002726,Massilicoli,UMGS1375,UMGS1690,CAG-238,UBA1731,Aneurinibacillus,MGYG000000387,RF16,Faecalimonas,UMGS1601,CAG-793,MGYG000002575,UBA10281,Emergencia,Phil1,An172
rep363_seed2388	NSJ-63,CAG-390,Mesosutterella,UBA9506,Fournierella,Fannyhessea,CAG-317,Dorea_A,UBA9414,UMGS1883,UBA1206,Ruminococcus_C,Bulleidia,Coprobacter,MGYG000003855,Limosilactobacillus,UMGS1872,Neobittarella,UMGS1840,Cutibacterium,Marvinbryantia,Arcanobacterium_A,RUG11200,UBA11471,Marseille-P3106,Leclercia,UBA3402,MGYG000004229,Coprococcus_A,Bacteroides,Chimaeribacter,CAG-180,CAG-492,UMGS1601,Extibacter,CAG-776,Pseudoflavonifractor,Faecalimonas,Marseille-P4683,Leptotrichia,Parolsenella,Peptoniphilus_B,Anaeromassilibacillus,Moellerella,MGYG000000505,Blautia_A,QALW01,MGYG000000378,Catenibacillus,Dialister,Lactiplantibacillus,Christensenella,RC9,UMGS1976,MGYG000002758,51-20,Haemophilus_A,HGM11530,Olsenella_B,MGYG000000728,CAG-831,UBA945,HGM10836,Ruthenibacterium,Companilactobacillus,RUG100,MGYG000004112,Lachnoclostridium_B,UMGS1312,CAG-710,GCA-900066135,Parasutterella,TF01-11,UBA6984,CAG-510,Dysgonomonas,MGYG000002797,UBA5809,RUG11247
rep364_seed2389	Anaeroglobus,Klebsiella_A,Pygmaiobacter,Ruminococcus_A,Neisseria,Emergencia,UBA4285,Phascolarctobacterium,Enterococcus_B,Eikenella,RUG572,UMGS1540,Lachnospira,UMGS1663,Alistipes,Enterococcus_G,CAG-460,Massilistercora,CAG-81,UMGS1387,UMGS1487,Prevotella,SFMI01,UMGS2016,DTU089,CAG-245,Clostridium_F,UBA9502,UBA6857,Hafnia,MGYG000002696,Azonexus,MGYG000004850,Gastranaerophilus,Extibacter,UBA3631,Megamonas,UCG-010,Veillonella,Raoultella,Treponema_D,Ruminococcus_B,QALS01,Olsenella,UMGS1864,Amedibacterium,CAG-724,VUNA01,UMGS1537,UMGS1071,Aggregatibacter,UBA940,MGYG000000674,CAG-873,Peptostreptococcus,MGYG000004112,SFLA01,Monoglobus,Mesosutterella,UMGS1477,Campylobacter_B,SCN-57-10,Porphyromonas,Bruticola,MGYG000004229,Psychrobacillus,NSJ-38,An181,Exiguobacterium,Arcanobacterium_A,CAG-56,Pluralibacter,UMGS1224,Pseudomonas_E,SFDB01,Oscillibacter,NSJ-62,Robinsoniella,CAG-279
rep365_seed2390	UMGS1933,Roseburia,CAG-724,Kluyvera,Pseudoflavonifractor,UBA5446,UBA11517,Lactococcus_A,Turicibacter,Eubacterium_M,CAG-884,Enterococcus_D,Enterobacter,UBA945,UBA1417,MGYG000000728,Arabia,D5,Leclercia,RUG11198,UMGS124,Merdimonas,Hungatella,MGYG000004177,QAMH01,Paraclostridium,Anaerosporobacter,CAG-110,UMGS1490,Enterococcus_G,UBA4372,Ligilactobacillus,Alterileibacterium,UMGS1976,Klebsiella_A,DTU089,Epilithonimonas,CAG-45,UMGS1864,UMGS577,Fannyhessea,Slackia_A,CAG-180,Acidaminococcus,Pseudomonas,UMGS1326,Lachnoanaerobaculum,V9D3004,CAG-41,SFMI01,UMGS1477,Clostridium_B,UMGS1241,Psychrobacillus,F0040,43-108,Anaerofustis,HGM04593,Terrisporobacter,SFDB01,MGYG000004380,HGM11507,UBA6398,Faecalicoccus,AF33-28,MGYG000004556,Flavonifractor,Eubacterium_F,MGYG000002726,RUG410,UBA1234,UMGS1202,CAG-631,51-20,Anaerobutyricum,Salmonella,CAG-274,Intestinimonas,UBA5026
rep366_seed2391	UMGS929,UMGS1491,Catenibacillus,SFLA01,SFGY01,HGM11507,Enterococcus,MGYG000004094,UMGS577,CAG-582,UMGS946,UMGS1933,UMGS1241,Acidaminococcus,HGM12957,UBA11517,Stenotrophomonas,Gastranaerophilus,Agathobaculum,NSJ-62,Pantoea,Peptoniphilus_A,CACZQA01,Ellagibacter,UBA3263,MGYG000004172,CAG-617,JAAYBB01,Fusobacterium,Parolsenella,UMGS1224,CAG-793,Haemophilus_D,Pediococcus,Ruminococcus_F,UMGS1225,MGYG000003970,Lactococcus_A,Scardovia,CAG-145,HGM11521,Eubacterium_I,Terrisporobacter,HGM11327,HGM11514,D5,UBA1390,1XD42-69,Extibacter,CAG-354,UBA7597,Barnesiella,Lacticaseibacillus,MGYG000002758,VUNI01,Lachnoclostridium_B,Methanosphaera,UBA4716,Pseudescherichia,HGM13862,UMGS1326,TWA4,RUG12045,Enterococcus_C,CAG-302,Enterocloster,UMGS1663,Collinsella,Ruminococcus_A,UMGS1477,Lactonifactor,Haemophilus,Massilicoli,Murdochiella,Ruminococcus_D,Blautia_A,Clostridium_E,UMGS263,Aeromonas
rep367_seed2392	Duodenibacillus,Harryflintia,Marseille-P3106,Enterocloster,Lacrimispora,Clostridium_Q,HGM04593,Gastranaerophilus,Extibacter,Scardovia,UBA2821,MGYG000000387,MGYG000003490,Paraclostridium,MGYG000004850,Peptostreptococcus,UMGS1880,Kosakonia,CAAEEV01,UMGS882,RUG115,HGM12957,UMGS2055,Rikenella,UMGS911,Streptococcus,UMGS856,Firm-11,Mediterraneibacter,SFDB01,Weissella,UMGS1540,CAG-492,Lentilactobacillus,Butyricicoccus,Clostridium_AP,Anaerocolumna,CAG-110,Citrobacter_A,Agathobaculum,GCA-900066905,Arcanobacterium_A,UMGS1766,Cedecea,UBA4285,UMGS1690,UBA5446,Turicimonas,CAG-41,Borkfalkia,CHH4-2,UBA11517,Vibrio,Acutalibacter,Prevotella,UMGS1532,UMGS1901,UMGS1472,Catenibacterium,UMGS599,UBA7182,UBA11471,NSJ-63,PeH17,Roseburia,UBA11452,Granulicatella,HGM12669,Christensenella,Haemophilus_A,CAG-822,Amedibacillus,Eikenella,HGM12789,UMGS1387,OF09-33XD,UMGS1865,UMGS1279,UMGS1688
rep368_seed2393	UMGS946,UMGS268,Eikenella,Selenomonas_C,CAG-45,HGM11514,Allisonella,Amulumruptor,HGM12587,UMGS1880,CAG-83,HGM11507,CAG-145,Bruticola,SFFS01,Pseudomonas,Peptoniphilus_E,Amedibacillus,HGM12789,UMGS1491,CAG-462,NSJ-63,CAG-238,MGYG000001903,RUG131,CAG-313,Mailhella,Actinobaculum,UMGS2016,CAG-279,CAG-964,CAG-349,UMGS1109,DUOT01,UMGS403,Criibacterium,MGYG000004029,Lawsonibacter,Eubacterium_R,Aggregatibacter,Sellimonas,Intestinimonas,Corynebacterium,CAG-776,HGM11521,Lachnoanaerobaculum,SCN-57-10,UMGS1322,Pauljensenia,UBA5026,MGYG000004660,Methanosphaera,Hungatella_A,CAG-273,UBA7182,HGM11575,RQCD01,MGYG000003297,Schaedlerella,CAG-484,UBA3766,Enterobacter,Phoenicibacter,Negativibacillus,Murimonas,Faecalibacillus,F23-B02,Butyricicoccus,UMGS680,F0040,WRGP01,CAG-317,Alistipes,HGM12669,UMGS1370,UBA5809,Enterococcus_B,CAG-288,MGYG000002685
rep369_seed2394	Neobittarella,Veillonella,CAG-724,CAG-492,VUNA01,Firm-10,MGYG000004660,MGYG000003289,Fusobacterium,MGYG000000574,Lawsonibacter,UC5-1-2E3,Muricomes,Enterocloster,Olsenella_B,Megamonas,UBA1259,UBA4871,MGYG000002702,Terrisporobacter,CAG-485,HGM13010,Dielma,UBA1234,Dorea,CAG-238,Beduini,MGYG000004133,MGYG000002053,Anaerofustis,Catenibacillus,HGM10836,UBA3631,Marvinbryantia,Corynebacterium,UMGS1490,CAG-495,Ruminococcus_E,Fannyhessea,Hungatella,CAG-582,CAG-632,CAG-417,HGM05232,Aeromonas,RUG023,RUG11200,Actinomyces,CAG-510,Schaedlerella,Raoultella,NSJ-38,Niameybacter,MGYG000004029,UMGS1795,Acetivibrio_A,Dysgonomonas,UMGS1994,Ruminococcus,UMGS1326,Lactiplantibacillus,CAG-594,Acutalibacter,RUG14107,MGYG000000346,Neobacillus,Prevotellamassilia,Anaeroplasma,Bittarella,CAG-451,UBA1181,UBA4644,MGYG000002075,Johnsonella,AM07-15,UBA3818,Enterobacter,Lachnoclostridium_A,HGM11523
rep370_seed2395	Pseudomonas,Paenibacillus,UMGS1387,CAG-533,Aneurinibacillus,UMGS1224,PeH17,CAG-882,Clostridium_Q,CAG-831,UMGS1600,UMGS1781,Sodaliphilus,Flavonifractor,Hafnia,UBA7057,CAG-488,Klebsiella,Emergencia,Parabacteroides,UMGS692,HGM13010,Porphyromonas_A,Staphylococcus,Phocaeicola,UMGS1795,Frisingicoccus,Monoglobus,UMGS1663,Atlantibacter,RC9,UMGS1312,Cetobacterium_A,CAG-56,Mailhella,Criibacterium,Ezakiella,MGYG000000745,UBA2882,Salinicola,Fusobacterium_A,UBA1711,Agathobacter,Oscillibacter,MGYG000002685,Acutalibacter,CAG-617,F0040,Phytobacter,Eubacterium_J,CAG-217,NSJ-50,UMGS1370,Massilistercora,UMGS1418,Ruminiclostridium_E,Yokenella,Succinatimonas,TF01-11,Succiniclasticum,HGM13222,UMGS1820,UMGS1326,Mobilibacterium,Rahnella,Evtepia,CAG-170,Dielma,Anaerotignum,UBA1740,Stomatobaculum,HGM11417,MGYG000004171,HGM13233,Fusobacterium_B,UMGS1688,UMGS1872,UMGS1532,UMGS1474
rep371_seed2396	Akkermansia,CAG-272,CACZQA01,UBA1691,HGM13006,Bacillus_J,Anaeroglobus,AF33-28,Acetivibrio_A,MGYG000003945,Lachnoanaerobaculum,CAG-882,Campylobacter_B,UBA4334,CAG-521,Ligilactobacillus,Clostridium_X,UBA5416,Peptoniphilus_C,RUG100,Butyricimonas,Gabonibacter,Cedecea,UBA1375,UMGS1441,Stomatobaculum,Marseille-P3106,Anaerofustis,Azonexus,HGM11507,Roseburia,Companilactobacillus,HGM04593,Gemella,MGYG000003305,Sellimonas,SFVR01,HGM12789,MGYG000001903,HGM11521,UMGS1696,Haemophilus_A,UMGS856,Acidaminococcus,MGYG000004660,UBA1390,Anaerotignum,Morganella,Fenollaria,Enterococcus,CAG-238,UMGS1668,Peptoniphilus_E,UBA11774,Massilimaliae,Plesiomonas,Amedibacterium,Dorea_B,Murimonas,Faecalibacillus,UMGS1472,UMGS1880,Phytobacter,UMGS1518,MGYG000003270,Flavonifractor,UMGS1477,Enterococcus_D,Butyricicoccus_A,UBA4372,Mobilibacterium,UBA4871,Dorea,Faecalicoccus,Terrisporobacter,CAG-273,Succinatimonas,HGM11588,QALR01
rep372_seed2397	CAG-762,UMGS577,Lentilactobacillus,Azonexus,UBA636,MGYG000002726,UBA4285,UMGS1623,Dorea_B,CAG-180,HGM11416,UMGS1540,Anaeroplasma,HGM12957,Massilioclostridium,Faecalibacterium,UMGS995,UMGS403,CAG-83,UBA866,Psychrobacillus,Bittarella,MGYG000002758,Alloscardovia,Borkfalkia,MGYG000001903,Collinsella,UBA4334,UMGS1532,UMGS1601,Actinobaculum,Paraclostridium,Lachnoclostridium_B,UMGS1795,MGYG000003490,UMGS911,KLE1615,Veillonella,CAG-628,NSJ-61,UBA2882,SCN-57-10,HGM11327,MGYG000004380,Clostridium_Q,Stomatobaculum,Garciella,Parolsenella,GCA-900066755,Frisingicoccus,Romboutsia,Sellimonas,CAG-1193,UBA6398,Negativibacillus,NC2004,Stenotrophomonas,Slackia,CAG-488,RUG12045,Cellulosilyticum,UMGS1518,Edwardsiella,MGYG000003297,Niameybacter,CAAEEV01,Anaerocolumna,Eggerthella,UBA1375,Anaerobutyricum,CAG-776,UMGS1839,Agathobacter,F0422,Parvimonas,UMGS75,Lachnoanaerobaculum,MGYG000004177,Eubacterium_I
rep373_seed2398	UMGS1491,UMGS403,Mobilibacterium,HGM11372,Agathobacter,HGM11575,HGM11788,UMGS1613,HGM11501,UBA11524,Pantoea,Harryflintia,Selenomonas_A,CAG-724,MGYG000004445,Ruminococcus_A,QAKD01,Citrobacter,MGYG000000378,MGYG000003305,RUG131,GCA-900066755,SFDP01,Enterobacter_D,Extibacter,MGYG000004660,CAG-460,Hafnia,Duncaniella,CAG-313,Bacilliculturomica,UMGS1052,CAG-170,UMGS1312,MGYG000002726,UMGS1668,UBA1191,MGYG000004811,UMGS1307,MGYG000002010,Cellulosilyticum,QALW01,UMGS905,UMGS2055,CAG-238,UMGS577,Lachnoanaerobaculum,UBA3282,HGM11616,UBA5905,UMGS124,UBA1259,Longibaculum,CAG-475,Lactobacillus,MGYG000000505,MGYG000000425,Ligilactobacillus,CAG-873,Stenotrophomonas,Klebsiella_A,Rubneribacter,MGYG000001953,Fannyhessea,Mesosutterella,GCA-900066905,Succinivibrio,CAG-41,UBA636,CAG-103,Odoribacter,Alistipes_A,Lactococcus,UBA5026,HGM13222,Bruticola,Clostridium_J,UMGS1688,UMGS1202
rep374_seed2399	Blautia_A,CAAEEV01,Eikenella,UBA7185,Superficieibacter,CAG-510,CAG-617,Enterococcus_G,HGM12814,Butyrivibrio_A,UBA4285,NSJ-63,Psychrobacillus,SFFS01,MGYG000004604,Evtepia,SCN-57-10,RUG12045,43-108,UBA4644,Neisseria,NK4A136,Aneurinibacillus,MGYG000004660,UBA1711,An172,Anaerocolumna,MGYG000004094,Paramuribaculum,CAG-314,Holdemanella,Weizmannia,Leptotrichia,Clostridium_F,Hydrogeniiclostridium,DTU089,MGYG000000387,CAG-1000,HGM13618,Methanobrevibacter_A,Niameybacter,MGYG000002053,UBA1786,UMGS1976,Johnsonella,UBA7173,Clostridium_J,CAG-238,UBA1232,UMGS1810,QALS01,SFDP01,Paenibacillus_A,MGYG000004443,UC5-1-2E3,UBA1409,CAG-180,Massilicoli,Oscillibacter,Corynebacterium,UMGS1224,F23-B02,UBA6398,UBA1206,Escherichia,UBA1822,HGM04593,UMGS1307,Clostridium,Dysgonomonas,Methanosphaera,Citrobacter_A,BX12,Eubacterium_T,Coprobacillus,GCA-900066755,MGYG000002575,UBA940,Dorea
rep375_seed2400	CAG-56,MGYG000004172,UBA10677,MGYG000004127,Edwardsiella,Cetobacterium_A,Eubacterium_J,UMGS1484,Raoultibacter,Lactococcus_A,NSJ-62,UMGS1600,UMGS1307,UMGS1387,MGYG000003945,Morganella,MGYG000003270,Lawsonibacter,Frisingicoccus,Anaerococcus,Lancefieldella,UMGS1865,RUG11247,Citrobacter,CAG-127,CAG-882,Yokenella,Pseudomonas,MGYG000001953,GCA-900066905,Alloscardovia,UMGS1293,UMGS1397,Allisonella,Gabonibacter,CAG-411,HGM11416,CAG-312,Ruminococcus_B,Actinomyces,HGM14224,Varibaculum,Companilactobacillus,CAG-475,UMGS1518,Mobilibacterium,Leclercia,Pygmaiobacter,Caecibacter,CAG-484,Exiguobacterium,Lawsonella,Paraeggerthella,Mediterraneibacter_A,MGYG000002075,UBA5905,Klebsiella_A,HGM11514,MGYG000004660,CAG-521,Absicoccus,UBA636,Acinetobacter,UMGS995,Angelakisella,Merdibacter,UMGS2016,Hungatella_A,DTU089,Ruminococcus_E,UMGS1418,Atlantibacter,Chimaeribacter,UBA3388,RUG420,Haemophilus_A,1XD42-69,UMGS1002,UMGS1338
rep376_seed2401	TM7x,Enteroscipio,MGYG000004061,Turicimonas,Paenibacillus_A,QANA01,CAG-1024,Amedibacterium,UBA1820,MGYG000000456,QANG01,Chimaeribacter,Weizmannia,Moellerella,Amulumruptor,Anaerocolumna,HGM12650,Longibaculum,Latilactobacillus,Brachyspira,CAG-582,Erysipelatoclostridium,Turicibacter,Cloacibacillus,RUG705,Murimonas,UMGS1815,CAG-557,UBA5416,Stenotrophomonas,UBA5026,RUG13868,Lawsonella,MGYG000004112,Mitsuokella,UBA11512,CAG-594,CAG-882,Sutterella,UMGS2055,UMGS1490,Acetatifactor,Anaerobutyricum,Roseburia,RUG410,CAG-354,Klebsiella_A,Lagierella,QAMH01,MGYG000002702,HGM11507,HGM12587,Corynebacterium,HGM11327,UMGS1472,MGYG000003490,MGYG000004604,Enterococcus_D,Neobittarella,Victivallis,Caproiciproducens,Pygmaiobacter,Sodaliphilus,Raoultella,UMGS1933,Paraeggerthella,UBA9502,GCA-900066905,RUG572,F082,Evtepia,HGM13010,MGYG000002758,UBA866,CAG-776,Cutibacterium,Aneurinibacillus,Azonexus,UMGS1537
rep377_seed2402	CAAEEV01,Pantoea,Selenomonas_A,UMGS1326,Epilithonimonas,Negativicoccus,CAG-628,Robinsoniella,Extibacter,Dialister,Massilimaliae,SFGY01,Ralstonia,Haemophilus_D,Lachnoclostridium,QAKD01,MGYG000004380,CAG-964,Akkermansia,Dorea,Enterobacter_D,HGM14224,MGYG000004177,Enterocloster,Eubacterium_G,UCG-010,Leclercia,UMGS874,Leptotrichia,Caproiciproducens,UMGS1109,Acetatifactor,Ezakiella,UBA737,MGYG000000745,UMGS1901,MGYG000000425,CAG-877,Catenibacterium,Paraclostridium,MGYG000003270,Acutalibacter,CACZQA01,Anaerosalibacter,UBA9506,UMGS1976,Holdemania,Neisseria,RUG023,Phocaeicola,HGM11808,Atlantibacter,UBA5416,Parabacteroides,CAG-603,UMGS1375,Eubacterium_R,Clostridium_P,MGYG000003289,Peptoniphilus_B,Stenotrophomonas,CAG-180,CAG-145,UBA644,CAG-194,GCA-900066135,UMGS1387,UBA6345,Lachnospira,UBA945,Desulfovibrio,CAG-115,Klebsiella_A,MGYG000002683,UMGS1766,Bilophila,RUG115,Peptoniphilus_A,MGYG000004133
rep378_seed2403	UMGS1815,UMGS1251,UMGS1002,UBA1737,Stenotrophomonas,UBA4855,Eubacterium_T,Pseudomonas_E,Companilactobacillus,UBA5905,UBA4285,Limosilactobacillus,Leclercia,UBA7488,UMGS929,CAG-533,UMGS1688,51-20,Mailhella,MGYG000000745,F082,NSJ-50,CAG-449,Oribacterium,Gastranaerophilus,Neobacillus,CAG-1024,Pantoea,Porphyromonas,UMGS1975,Faecalitalea,Paenibacillus,UMGS2016,MGYG000002797,MGYG000003305,UBA945,Nitratidesulfovibrio,MGYG000002075,CAG-303,TWA4,MGYG000000674,HGM12669,Butyricicoccus,Akkermansia,UBA636,RUG14107,Alistipes_A,UBA3282,Bulleidia,Anaeroplasma,UBA5446,Kosakonia,QAKS01,UMGS1766,CAG-354,Enterococcus_C,HGM11521,CAG-882,UMGS1783,WRGP01,Aeromonas,CAG-110,Weizmannia,MGYG000004727,MGYG000000574,CAG-1000,QAKD01,UMGS1326,Streptococcus,Actinobaculum,UMGS1933,UBA1375,SFDB01,RUG11198,UMGS1370,CAG-724,Coprobacillus,Robertmurraya,MGYG000003289
rep379_seed2404	V9D3004,UMGS1815,HGM05232,DTU089,CAG-145,UBA738,Enterococcus_A,Clostridium_P,Victivallis,Oscillibacter,Emergencia,CAG-632,Massilioclostridium,UMGS1251,UMGS1537,An172,Butyricicoccus_A,Olsenella,MGYG000002075,Clostridium,Varibaculum,UMGS1826,Muribaculum,CHH4-2,HGM11372,Mitsuokella,Anaeromassilibacillus,UMGS966,MGYG000003270,MGYG000004604,UMGS1820,MGYG000003970,UBA1685,UMGS577,UMGS1858,Cutibacterium,1XD42-69,UMGS1883,UCG-010,Kosakonia,Turicimonas,Mobiluncus,CAG-1427,OF09-33XD,MGYG000004660,HGM11808,Anaerocolumna,Superficieibacter,Mobilibacterium,Ruminococcus_A,Salinicola,BX12,Bacteroides_F,UMGS1202,MGYG000004133,Phocaeicola,Mesosutterella,Pradoshia,CAG-873,CAG-312,UMGS1004,UMGS929,Leuconostoc,Stoquefichus,HGM13233,HGM11616,SFEL01,UBA945,HGM12587,Oribacterium,CAG-460,Aggregatibacter,Finegoldia,UMGS1002,Coprobacillus,UBA7185,MGYG000004445,UMGS1388,UBA11512
rep380_seed2405	Raoultella,UMGS1611,HGM11616,Serratia,MGYG000004660,CAG-196,UMGS1490,UMGS731,Massilistercora,UMGS1004,Eikenella,Neobittarella,Vibrio,Duodenibacillus,Cellulosilyticum,Parvimonas,Pyramidobacter,Catenibacterium,UMGS1474,UMGS680,Citrobacter_B,V9D3004,43-108,HGM12713,Rikenella,CAG-460,MGYG000002758,Sutterella,Psychrobacillus,Murdochiella,RUG023,RC9,COE1,GCA-900066495,QAMM01,Marseille-P3106,Lachnoanaerobaculum,Borkfalkia,Azonexus,Flavonifractor,UMGS1994,UMGS599,Yokenella,CAG-1427,KM106-2,DTU089,Bifidobacterium,Mediterraneibacter_A,CAG-582,Mobilibacterium,UMGS1002,RQCD01,MGYG000002696,Lactococcus,Nitratidesulfovibrio,RF16,An181,Faecalimonas,Firm-11,QALW01,UMGS692,Merdibacter,MGYG000002719,Campylobacter,UBA7173,Butyricicoccus,Absicoccus,Mitsuokella,CAG-269,Massilioclostridium,Clostridium_AP,Moellerella,MGYG000004874,Salinicola,MGYG000004811,UBA644,UMGS1840,Anaerosacchariphilus,MGYG000004556
rep381_seed2406	CAG-628,Citrobacter,Alistipes,GCA-900066905,UBA2883,Haemophilus_D,CAG-557,Anaerococcus,CAG-582,CAG-964,Eubacterium,Pseudoruminococcus,Peptococcus,UMGS1591,SFGY01,Olsenella,Johnsonella,SFHK01,Clostridium_J,QALR01,F0040,Gemella,Anaeromassilibacillus,Anaerotignum,MGYG000000390,Alloscardovia,Scardovia,HGM13233,Firm-11,MGYG000002075,Arabia,UMGS403,UMGS1696,UBA9506,Oscillibacter,Cronobacter,Ruminococcus_A,Hafnia,Atlantibacter,SFJ001,Fenollaria,RUG13868,Oribacterium,UBA4285,UBA5905,KLE1615,Roseburia,Alistipes_A,Alterileibacterium,Lactiplantibacillus,Actinobaculum,UBA4644,Massiliomicrobiota,Eubacterium_R,UMGS1251,UMGS856,UBA6398,UBA940,Treponema_D,Haemophilus,Eubacterium_M,COE1,Leptotrichia,CAG-632,UBA1740,Harryflintia,Anaerosacchariphilus,UMGS1202,Lactococcus_A,Veillonella_A,Morganella,Finegoldia,UMGS75,UMGS680,RUG100,HGM11372,HGM13222,Tidjanibacter,UMGS2037
rep382_seed2407	Citrobacter_B,Enterococcus_A,SFGY01,Bruticola,UBA4644,Neobittarella,MGYG000000574,UBA7488,Bacillus_A,UMGS1375,Tidjanibacter,Pluralibacter,Parasutterella,Muricomes,MGYG000004874,Leptotrichia,Eisenbergiella,HGM13618,RUG572,CAG-590,UMGS1490,UMGS403,UMGS416,DUOT01,Bittarella,CAG-628,CAG-462,Paraclostridium,Turicimonas,UMGS973,Pseudoruminococcus,UBA3388,Terrisporobacter,UBA9502,UMGS1889,Streptococcus,UMGS2016,UBA737,MGYG000004811,Pseudomonas_R,SFMI01,SFEL01,UBA1737,CAG-475,Campylobacter_B,COE1,Pantoea,CAG-484,UMGS1532,RUG11200,UBA1409,CAG-873,Ruminococcus_D,Morganella,UMGS1880,MGYG000002216,Collinsella,Nitratidesulfovibrio,UMGS172,Gastranaerophilus,Stenotrophomonas,UMGS1781,Slackia,Massilistercora,UMGS946,Phocea,Megasphaera,Massilioclostridium,CAG-41,Bacteroides,QANG01,Johnsonella,Blautia,UMGS1370,MGYG000000390,Enterococcus_G,Lagierella,Ruminococcus_F,CAG-110
rep383_seed2408	UMGS1241,UMGS1826,Parabacteroides,CAG-495,Clostridium_N,MGYG000004660,RUG12045,Neobacillus,UBA1191,Yersinia,MGYG000002075,Veillonella,Lacrimispora,UMGS1633,Phocea,CAG-462,UMGS1663,RUG472,Bilophila,MGYG000001903,Lactobacillus,UBA7182,CAG-313,Anaeromassilibacillus,MGYG000004604,Muribaculum,Clostridium_AQ,Ruminococcus_C,Phil1,UMGS2016,HGM11372,V9D3004,Sellimonas,UBA2882,HGM12789,UBA4871,Faecalimonas,Enterocloster,Fusobacterium_A,KLE1615,UBA1820,AM07-15,UMGS1322,UMGS1810,HGM11523,Sodaliphilus,MGYG000000390,Azonexus,MGYG000000574,Methanosphaera,Methanobrevibacter_A,CAG-873,MGYG000004112,Peptostreptococcus,MGYG000003289,UBA11512,Ralstonia,RF16,GCA-900066495,MGYG000004727,TM7x,Caproiciproducens,MGYG000004133,Pradoshia,CAG-317,Odoribacter,MGYG000002797,Campylobacter_B,Murimonas,Mitsuokella,Lysinibacillus,UMGS929,Raoultella,UBA945,Enterococcus,CAG-533,UMGS902,Oscillibacter,UBA2883
rep384_seed2409	CAG-762,HGM11417,Peptoniphilus_B,SFHK01,CAG-1193,UMGS1253,HGM12713,Mediterraneibacter_A,Dialister,UBA1822,Lactococcus_A,Hafnia,Anaeroglobus,UBA7488,UBA11517,UBA3402,Lachnoclostridium,UMGS1820,Parabacteroides,Duodenibacillus,Fusobacterium_C,Ruminococcus_G,UBA10281,CAG-873,UBA6382,Chimaeribacter,MGYG000004171,Pediococcus,HGM12814,MGYG000002719,Lawsonibacter,Faecalibacillus,An92,MGYG000000378,CAG-313,UMGS1397,MGYG000003305,UBA1777,Sporanaerobacter,Extibacter,Firm-10,QALS01,UMGS1472,UMGS1976,HGM11523,UMGS1815,Stenotrophomonas,Muribaculum,UMGS172,Streptococcus,UBA2856,Enterocloster,D5,MGYG000004229,Campylobacter_A,UBA5884,MGYG000004177,Evtepia,Lawsonella,UMGS1663,Mobilibacterium,CAG-417,UMGS1071,UBA9475,Peptacetobacter,CAG-1000,Schaedlerella,RUG806,MGYG000002053,Peptoniphilus_A,Selenomonas_A,Serratia,Anaeromassilibacillus,CAG-617,UMGS599,Zag1,Weizmannia,Ellagibacter,HGM11575
rep385_seed2410	Veillonella,UBA6857,Epilithonimonas,Anaerocolumna,KLE1615,Fannyhessea,UBA7102,Massilimaliae,CAG-822,Caproiciproducens,UMGS1326,RC9,UMGS1540,HGM11530,MGYG000000390,Clostridium,MGYG000004727,UBA6398,UBA9502,UBA4334,CAG-917,MGYG000000350,Enterococcus_C,UMGS692,MGYG000002702,UMGS2037,Agathobacter,UBA738,CAG-465,UMGS1901,UBA644,CAG-590,MGYG000002719,CAG-115,UMGS268,UBA6984,Lachnospira,MGYG000000745,Extibacter,CAG-238,CAG-1024,Coprococcus,Scardovia,UMGS995,Dysgonomonas,Faecalitalea,VUNI01,UBA7748,Eubacterium_G,PeH17,Staphylococcus,UMGS1880,UBA4855,UMGS599,Psychrobacillus,Garciella,Faecalimonas,Anaerobutyricum,RUG11200,CAG-103,Lacrimispora,Pauljensenia,Rubneribacter,UBA4372,CACZQA01,UBA5026,MGYG000003970,MGYG000000587,Muribaculum,UBA5884,HGM11514,UBA3388,Marseille-P4683,Campylobacter_A,Faecalibacillus,UBA7702,VSOB01,HGM11523,Cedecea
rep386_seed2411	KLE1615,Campylobacter_A,TWA4,Anaeromassilibacillus,HGM11417,Yokenella,UBA1691,UMGS1820,Paraprevotella,UMGS1370,CAG-631,CAG-617,Lactonifactor,Pediococcus,UBA7597,Actinomyces,Phascolarctobacterium,SFEL01,UMGS1865,MGYG000002685,UMGS1839,MGYG000000346,CHH4-2,Faecalicoccus,An92,AF33-28,SCN-57-10,UBA1711,Clostridium_N,Rubneribacter,UBA1191,UMGS1572,RUG14107,UMGS599,CAG-873,UMGS1109,MGYG000000390,CAG-533,HGM12957,UBA6345,OM05-12,UBA5446,UBA1206,MGYG000000425,UBA4855,Clostridium_AQ,MGYG000002719,MGYG000000674,HGM12998,HGM05232,MGYG000002797,DTU089,Garciella,UMGS680,Butyricimonas,UMGS1766,CAG-411,UBA945,Sporanaerobacter,Mediterraneibacter_A,Citrobacter,Fournierella,Campylobacter_B,Lentilactobacillus,S5-A14a,Alistipes,QAKW01,HGM13010,MGYG000001953,Parolsenella,CAG-1000,Lancefieldella,Massilioclostridium,CAG-194,Ralstonia,Anaerococcus,MGYG000004660,Lawsonella,CAG-1031
rep387_seed2412	CAG-110,MGYG000004172,UBA3766,Yersinia,Salmonella,UMGS1670,UMGS1663,Megamonas,CAG-884,Fournierella,An172,Gordonibacter,CAG-582,Harryflintia,UBA4716,Vibrio,Enterococcus_D,F082,UBA1417,UBA644,UMGS1611,Firm-10,Lachnospira,UBA11774,F23-B02,CAG-288,UBA4285,UBA5416,Campylobacter_B,MGYG000004727,Staphylococcus,Extibacter,CAG-313,UBA5809,UMGS1052,NK4A136,UBA636,Stomatobaculum,RUG572,UBA6984,Clostridium_A,UMGS1384,Duncaniella,HGM04593,Faecalimonas,Citrobacter,MGYG000000745,QAKD01,HGM13618,Parolsenella,UBA866,CAG-793,Dorea_A,Haemophilus_D,UBA1191,Methanosphaera,Beduini,CAG-279,Fusobacterium_A,UMGS856,UBA1390,DUOT01,DTU089,MGYG000003945,Absicoccus,CHH4-2,Alloprevotella,Anaerosacchariphilus,Erysipelatoclostridium,UBA1206,UMGS1375,Adlercreutzia,Rothia,HGM11523,RUG115,Clostridium_Q,CAG-488,CAAHEQ01,CAG-45
rep388_seed2413	UMGS1326,Latilactobacillus,Fusobacterium,Amedibacillus,UBA6345,Extibacter,Eubacterium_R,CAG-628,CAG-170,Campylobacter_B,CAG-83,CAG-521,UBA11774,CAG-312,MGYG000004229,Sellimonas,Merdibacter,UMGS416,Catenibacterium,Streptococcus,Coprococcus_A,NSJ-32,Massiliomicrobiota,Enorma,UBA1820,RQCD01,Clostridium,UBA1731,UBA1822,UMGS1384,UBA866,Phoenicibacter,Duncaniella,Psychrobacillus,UMGS1690,UBA1394,MGYG000004061,TM7x,Cellulosilyticum,F23-B02,NSJ-63,JAAYBB01,Caecibacter,Acetatifactor,HGM11368,CAG-462,Anaerosporobacter,CAG-390,Enterococcus_G,UBA2883,UMGS1889,NSJ-50,UBA11940,SFFH01,Anaerosacchariphilus,UMGS692,Haemophilus_A,Rahnella,UMGS1293,Mixta,UMGS1387,UMGS1670,NSJ-62,Haemophilus,CAG-831,Bariatricus,VUNI01,Methanomassiliicoccus_A,UMGS2055,Bilophila,Alloscardovia,Eubacterium_M,UMGS1441,Firm-07,CAG-81,UBA5446,Massilicoli,Superficieibacter,Roseburia
rep389_seed2414	MGYG000000387,Agathobacter,Alistipes_A,Clostridium_B,Anaeroglobus,UBA9414,UMGS1590,NK4A136,Psychrobacillus,Harryflintia,Megasphaera,RUG705,CAG-884,HGM13222,Veillonella,CAG-354,UBA11517,Butyrivibrio_A,Cedecea,Rubneribacter,Mobilibacterium,Phil1,Marseille-P4683,ER4,HGM12650,Raoultibacter,Eubacterium,QALR01,Ellagibacter,Paraeggerthella,RUG12045,Morganella,CAG-272,CAG-103,SCN-57-10,Blautia_A,Pseudomonas_R,Enterobacter_D,Nitratidesulfovibrio,HGM11417,GCA-900066495,UBA866,VUNI01,UMGS1976,Gordonibacter,CAG-533,UMGS929,SFDP01,Eubacterium_F,VUNA01,UBA1829,Selenomonas_C,CAG-484,CAG-1427,Pseudoflavonifractor,Lancefieldella,UMGS946,Blautia,UMGS1418,Extibacter,MGYG000004445,SFFS01,CAG-495,UMGS1820,Azonexus,UBA1409,Leptotrichia,CAG-353,Stenotrophomonas,Eubacterium_M,UBA3766,Murimonas,Porphyromonas,UBA5446,Monoglobus,MGYG000002719,TF01-11,Lysinibacillus,Eggerthella
rep390_seed2415	Criibacterium,Eubacterium_I,GCA-900066755,Ruminococcus,Eubacterium_M,CAG-762,CAG-831,UBA4334,Clostridium_E,Clostridium_AQ,NSJ-38,Peptoniphilus_E,Enterococcus_C,UMGS1864,Cronobacter,MGYG000003945,UMGS1338,Enterocloster,Acidovorax,UBA4644,Adlercreutzia,MGYG000002216,UMGS1663,Companilactobacillus,Proteus,Zag111,UMGS577,Granulicatella,UMGS1293,Anaerosporobacter,MGYG000004061,HGM11501,UMGS1603,Ruthenibacterium,Raoultella,Mailhella,HGM13222,HGM11416,Sellimonas,Agathobacter,HGM11368,UMGS1590,Peptoniphilus_C,Mediterraneibacter_A,HGM14224,CAG-45,MGYG000000505,Terrisporobacter,Psychrobacillus,UBA1786,Yersinia,F23-B02,UBA11517,CAG-303,Gordonibacter,UMGS1312,CAG-793,Aggregatibacter,Victivallis,CAG-776,CAG-710,UMGS1441,CAG-822,CAG-269,UMGS1600,UBA7160,MGYG000002683,Mitsuokella,JAAYBB01,UBA4372,UBA5446,CAG-882,Brachyspira,UMGS1225,UBA3818,Aneurinibacillus,HGM12957,Kluyvera,Haemophilus
rep391_seed2416	CAG-390,CAG-196,UBA2821,NK4A136,WRGP01,SFDB01,CAG-533,Muribaculum,UBA3402,NSJ-38,CAG-288,Moellerella,UBA1711,51-20,UBA1181,CAG-492,RUG572,UCG-010,Clostridium_N,Sutterella,Methanosphaera,MGYG000004380,QAKS01,Victivallis,UMGS1663,Ruminococcus_E,UMGS1307,MGYG000002758,UBA1822,UMGS1004,UBA6984,HGM12789,Muricomes,UBA6857,Klebsiella_A,CAG-451,UBA4855,Flavonifractor,UMGS1865,HGM10836,RUG100,Massilioclostridium,RUG806,CAG-873,Lachnospira,HGM13618,Atlantibacter,Companilactobacillus,UMGS995,CAG-557,Duncaniella,MGYG000004229,UMGS882,UMGS1613,CAG-56,MGYG000002053,Dorea,Longicatena,CAG-41,Frisingicoccus,Bulleidia,Hafnia,Parasutterella,UBA11940,Agathobaculum,CAG-877,Lentilactobacillus,WG-1,Dorea_A,Firm-11,Longibaculum,Tidjanibacter,MGYG000004061,HGM13010,SFTJ01,Lacrimispora,Amedibacterium,Lachnoanaerobaculum,Phocaeicola
rep392_seed2417	Eubacterium_J,Campylobacter_B,CAG-312,UMGS1603,Negativicoccus,Cedecea,Longibaculum,Sneathia,MGYG000002683,SFMI01,Leptotrichia,F23-B02,Eubacterium_G,Eisenbergiella,CHH4-2,UBA5394,UMGS1994,Enteroscipio,Porphyromonas,Eubacterium_M,HGM12669,UBA6984,Peptacetobacter,Streptococcus,RUG472,Enterococcus_B,UMGS1326,CAG-594,Latilactobacillus,Providencia,Vibrio,UMGS1474,Varibaculum,Ruminococcus,Dysgonomonas,Veillonella_A,UMGS577,Phocea,UMGS1491,UBA1737,Ruthenibacterium,Terrisporobacter,QAMX01,UBA4716,Parabacteroides,Porphyromonas_A,Mobiluncus,Lysinibacillus,Leclercia,MGYG000004547,Olsenella_B,HGM13222,Bacillus_A,UMGS1370,UMGS1472,GCA-900066905,Salinicola,UBA1259,Stomatobaculum,MGYG000000425,CAG-617,Slackia_A,RQCD01,Extibacter,MGYG000004850,UBA7748,UBA1829,Bifidobacterium,HGM11514,Methanomassiliicoccus_A,MGYG000004604,Anaerosporobacter,CAG-302,CAG-390,Lachnoclostridium_B,UBA9475,Alterileibacterium,MGYG000004061,SFEL01
rep393_seed2418	Eubacterium_M,MGYG000002719,Finegoldia,MGYG000004061,Anaeroplasma,UMGS1839,CAG-462,UMGS902,UBA5026,Duncaniella,CAG-272,MGYG000001953,UMGS874,CAG-452,UBA7057,UBA3282,Ruminococcus_G,QAKS01,Lacrimispora,Olsenella_B,Yokenella,SFGY01,UBA4285,UMGS1071,Leptotrichia,UBA1752,Clostridium_F,UMGS1783,Leminorella,Olsenella,WRGP01,UBA4644,Muricomes,UMGS1293,Marseille-P3106,HGM13634,Faecalibacterium,Atlantibacter,Alistipes,UMGS1490,VUNI01,CAG-127,Acidaminococcus,MGYG000004660,Psychrobacillus,Sutterella,WG-1,HGM13618,Extibacter,UMGS599,UMGS1279,NSJ-61,UBA1259,UBA7748,COE1,UBA7173,RUG12045,Caproiciproducens,HGM04593,Haemophilus,Acetatifactor,Butyricimonas,Harryflintia,CAG-303,Romboutsia,CAG-793,CAG-354,Dorea,UMGS1491,Klebsiella_A,SFEL01,Flavonifractor,UBA737,Aggregatibacter,Dorea_A,Hafnia,Coprobacter,Peptacetobacter,MGYG000000425
rep394_seed2419	MGYG000002075,UMGS1004,Eisenbergiella,Clostridium_F,CAG-492,NSJ-63,Enterococcus,TM7x,UBA4644,MGYG000000574,Exiguobacterium,Massilimaliae,Olsenella,JAAYBB01,Nitratidesulfovibrio,UMGS1384,Staphylococcus,CAG-302,CAG-776,UBA7748,RUG705,Bacillus_A,OF09-33XD,HGM11616,HGM13233,QANA01,Clostridium_J,UMGS1623,CAG-510,MGYG000002685,Zag111,Muribaculum,UBA7702,MGYG000004133,Robertmurraya,Parasutterella,Longicatena,Catenibacterium,RUG100,UMGS966,Fusobacterium_B,RUG806,Dorea_B,CAG-762,UBA1777,CAG-170,Enterococcus_G,Stoquefichus,Porphyromonas,Marseille-P4683,CAG-145,Yokenella,CAG-83,UBA9506,GCA-900066495,Alistipes,CAG-81,UMGS1253,MGYG000004177,CAG-1427,UBA1234,MGYG000000745,Peptoniphilus_C,Bacilliculturomica,Fournierella,Pseudoruminococcus,Moellerella,MGYG000000505,Ruminiclostridium_E,CAG-884,Phascolarctobacterium_A,Klebsiella,Fannyhessea,UMGS911,Mediterraneibacter_A,Parolsenella,Leclercia,UMGS1477,HGM11327
rep395_seed2420	CAG-475,Merdibacter,UBA11524,UBA1409,UMGS1484,Cronobacter,UMGS1109,Extibacter,V9D3004,Marvinbryantia,HGM11530,Erysipelatoclostridium,Bittarella,UBA940,MGYG000002685,Turicimonas,Cetobacterium_A,Anaerosacchariphilus,Morganella,CAG-791,Alistipes_A,UMGS1826,HGM11616,An172,MGYG000000378,QAKD01,Duodenibacillus,Desulfovibrio,Paraeggerthella,Limosilactobacillus,Phytobacter,Bilophila,UMGS1688,UMGS1441,Anaerotignum,CAG-273,Christensenella,Lachnoclostridium_B,Selenomonas_A,NC2004,Clostridium_X,Coprococcus_A,Ruminococcus_C,Duncaniella,MGYG000003270,UMGS929,WG-1,Haemophilus_D,Zag111,UBA1740,Faecalicoccus,Hafnia,RUG410,UMGS1241,Enterococcus_A,Prevotellamassilia,Faecalibacillus,CAG-317,UBA11452,UBA7057,Robertmurraya,HGM12587,Campylobacter_A,UMGS172,Butyrivibrio_A,CAG-884,Dorea_A,RUG11247,UMGS882,Fusobacterium_C,Parasutterella,Blautia,CACZQA01,CAAHEQ01,MGYG000004850,VSOB01,UBA5416,Granulicatella,Corynebacterium
rep396_seed2421	Paenibacillus_A,GCA-900066135,UMGS1293,Acutalibacter,Holdemania,UBA4334,UBA6398,SFEL01,Clostridium_B,CAG-194,Absicoccus,Superficieibacter,UMGS1591,Cronobacter,Weizmannia,HGM11507,Actinomyces,CAG-1031,Methanomassiliicoccus_A,UMGS1484,AF33-28,MGYG000000587,Anaerococcus,Lachnospira,NSJ-63,UMGS1241,Blautia,Companilactobacillus,Ruminococcus_F,UBA4871,UBA3388,RUG100,UBA1181,Anaeroplasma,Catenibacterium,Agathobaculum,Rikenella,Amedibacillus,MGYG000002726,UMGS1611,Massiliomicrobiota,UMGS1312,HGM11416,UMGS1815,Fannyhessea,Arcanobacterium_A,Megasphaera,MGYG000002685,Amedibacterium,Marvinbryantia,Faecalicoccus,UBA737,UMGS2037,MGYG000004177,UMGS1994,Eubacterium_F,UMGS1253,UMGS1322,CAG-632,Firm-11,MGYG000004811,CAG-115,Pseudomonas_R,UBA10281,F23-B02,Sodaliphilus,UBA1822,Lachnoclostridium,UBA5394,NSJ-32,Parolsenella,UBA7185,CAG-41,Mediterraneibacter_A,UBA7182,Slackia_A,Actinobaculum,HGM13618,Marseille-P4683
rep397_seed2422	UMGS1851,Slackia,Intestinimonas,CAG-194,MGYG000002685,Enterocloster,AF33-28,Leclercia,MGYG000003945,UMGS1397,Lawsonibacter,QANG01,Raoultella,CAG-776,SFLA01,UMGS1071,MGYG000004171,UBA9475,UMGS1976,Terrisporobacter,CAG-110,Adlercreutzia,Olsenella,Murdochiella,An181,Clostridium_N,HGM11416,Limosilactobacillus,NSJ-50,RF16,RUG11247,Peptostreptococcus,Selenomonas_C,RQCD01,Eubacterium_F,MGYG000004850,UMGS577,Caproiciproducens,Enorma,HGM11514,UMGS1840,SFTJ01,Salinicola,UBA10677,UBA1206,Gemmiger,Anaeromassilibacillus,Coprococcus,Anaerotruncus,Oribacterium,Massilioclostridium,CAG-196,Clostridium_AP,Bifidobacterium,Fenollaria,UMGS1839,Turicibacter,CAG-390,Faecalimonas,UBA1259,Paramuribaculum,MGYG000004177,Eggerthella,QAMH01,Catenibacterium,Cloacibacillus,Aneurinibacillus,UMGS731,HGM13634,Holdemania,UMGS1889,HGM11525,CACZQA01,Massilimaliae,Mediterraneibacter_A,UMGS1994,RUG806,Enterococcus_C,Dialister
rep398_seed2423	Coprococcus,UMGS1388,UBA1737,Merdimonas,Odoribacter,Paenibacillus_A,CAG-488,UMGS1224,QALW01,Catenibacterium,CAG-873,Bacilliculturomica,MGYG000003297,Slackia_A,Anaerosalibacter,HGM11588,HGM11788,Azonexus,RF16,UMGS599,UBA5394,Sporanaerobacter,Salmonella,Sneathia,UMGS1623,Veillonella,NSJ-62,RUG115,UMGS1858,UMGS1601,Kluyvera,Ruminococcus_A,UBA940,CAG-521,Ruthenibacterium,UBA1786,Caecibacter,Salinicola,CAG-831,UBA737,CAG-791,Pseudoflavonifractor,Methanomassiliicoccus_A,CAG-582,MGYG000004177,Ruminococcus_C,UBA1752,Amedibacillus,MGYG000000745,HGM11525,UMGS1322,MGYG000004556,CAG-312,CAG-465,Marseille-P4683,UMGS1490,Enterocloster,Allisonella,Pradoshia,DTU089,UBA1375,HGM05232,Dysgonomonas,QALS01,CAG-411,CAG-475,Companilactobacillus,Blautia,SFLA01,MGYG000001953,GCA-900066495,Ruminococcus_F,TM7x,HGM11368,Porphyromonas,Caproiciproducens,UMGS1307,CAG-1193,Frisingicoccus
rep399_seed2424	UBA3818,UMGS1572,Criibacterium,Actinobaculum,HGM12713,UMGS1826,UMGS1872,JAAYBB01,CHH4-2,Epilithonimonas,UMGS1279,UMGS1491,MGYG000000286,CAG-83,CAG-245,RQCD01,Barnesiella,Anaerosacchariphilus,CAG-448,Salinicola,Butyricicoccus_A,Fenollaria,Alterileibacterium,CAG-488,Clostridium_X,Eubacterium_J,Moellerella,Johnsonella,Romboutsia,UBA1181,Firm-11,Angelakisella,CAG-417,GCA-900066135,Phocea,TM7x,Desulfovibrio,Pradoshia,UBA7702,CAG-492,CAG-1031,CAG-1193,Lacrimispora,Olsenella,Monoglobus,TF01-11,MGYG000000378,Kluyvera,NSJ-38,UBA4855,UMGS1251,Anaeroglobus,UMGS2037,HGM11530,Faecalimonas,MGYG000003270,Paenibacillus,Fannyhessea,Eggerthella,CAG-776,RUG572,MGYG000004874,Companilactobacillus,CAG-793,Coprococcus_A,Slackia_A,Gemmiger,Absicoccus,UMGS1901,UMGS946,HGM11588,F082,MGYG000002797,UBA1777,CAG-873,CAG-1427,UMGS1484,WG-1,UMGS1388
rep400_seed2425	Ruminococcus_F,CAG-354,Cedecea,CAG-964,UBA4716,CAG-217,UBA1786,Psychrobacillus,UBA4372,Gordonibacter,CAG-492,HGM11417,Aneurinibacillus,MGYG000004811,Alterileibacterium,Marvinbryantia,NSJ-50,Succinatimonas,CAG-452,UBA1752,UBA3388,CAG-1000,Weissella,Butyricicoccus_A,UBA11940,UMGS75,RQCD01,HGM11386,UMGS1326,Franconibacter,UBA1417,Anaerotruncus,Prevotella,UMGS1815,UMGS1858,UMGS1384,UBA3818,RUG12045,Selenomonas_C,Haemophilus_D,Aggregatibacter,CAG-485,UBA1822,CAG-917,Lachnoanaerobaculum,UMGS856,Pantoea,Parvimonas,HGM11507,UMGS1477,UBA1390,QAKS01,F0040,Salmonella,Pauljensenia,UBA7185,Blautia_A,CAG-303,Eisenbergiella,51-20,Longibaculum,Olsenella_E,UMGS1590,SFDB01,CAG-510,Olsenella,Enterobacter_D,Lachnoclostridium_A,HGM11521,CAG-353,Anaerococcus,Beduini,Faecalimonas,Massilicoli,Dialister,Ruminococcus_C,Ruthenibacterium,SFLA01,UMGS1241
rep401_seed2426	Dialister,Weimerbacter,CAG-582,UBA2882,Niameybacter,UMGS1224,OM05-12,UMGS1322,CAG-45,UMGS172,Enterococcus_C,MGYG000004177,Porphyromonas,UMGS363,Granulicatella,SFDB01,CAG-884,MGYG000003490,CAG-390,Treponema_D,CAG-841,Anaerostipes,Neisseria,UMGS1004,Phil1,Sporanaerobacter,MGYG000003855,Proteus,SFJ001,Aggregatibacter,GCA-900066135,AM51-8,Salinicola,Alistipes,Pediococcus,Eubacterium_T,Bacillus_J,NK3B98,Butyricicoccus_A,RUG100,UMGS1994,UMGS2055,Lactiplantibacillus,MGYG000002010,UMGS1766,MGYG000000346,Clostridium_AP,UBA9414,UBA1711,Allisonella,UMGS1670,Enterobacter_D,Massilioclostridium,Stomatobaculum,CAG-475,VSOB01,Ruminococcus_A,UBA9506,UMGS1826,UMGS1933,Negativicoccus,UMGS882,UMGS1613,D5,Lachnoanaerobaculum,RC9,MGYG000002216,Butyricicoccus,HGM12669,UBA866,Peptostreptococcus,UMGS1688,CAG-449,CAG-631,Faecalimonas,AF33-28,UBA3282,UBA9502,UMGS911
rep402_seed2427	MGYG000004172,SFDP01,QAMH01,Parasutterella,UBA4334,CAG-180,MGYG000004604,Garciella,UMGS1865,RUG131,Kallipyga,UBA11452,SFLA01,Hungatella_A,UBA4716,Oscillibacter,ER4,Catenibacterium,CAG-103,Clostridium_P,UBA6857,AM51-8,MGYG000000745,CAG-288,UMGS1591,CAG-349,UMGS1783,Phoenicibacter,Eubacterium_I,CAG-590,Lacticaseibacillus,CAG-83,Pluralibacter,Blautia_A,Peptoniphilus_E,MGYG000004547,MGYG000002719,Lactococcus,Enorma,Methanosphaera,F0422,COE1,SCN-57-10,CAG-170,Campylobacter_A,UMGS1293,Clostridium_AP,UMGS1590,Corynebacterium,QANA01,UMGS1901,Niameybacter,Bacillus_J,Lachnoanaerobaculum,Olsenella_E,Ruminiclostridium_E,HGM12957,Brachyspira,Hafnia,Faecalimonas,Ruminococcus_G,MGYG000004811,QAKD01,Mediterraneibacter,HGM12587,Muricomes,UBA945,AF33-28,Ruminococcus_A,Extibacter,RUG410,Bifidobacterium,UBA7597,UBA9502,Aneurinibacillus,Emergencia,RUG100,HGM11368,UMGS416
rep403_seed2428	Lachnoclostridium,Phoenicibacter,Duodenibacillus,CAG-314,Lachnospira,MGYG000004874,Stenotrophomonas,NSJ-61,Neobittarella,UBA10281,Anaerosporobacter,UMGS263,Coprococcus_A,CAG-451,RUG11200,Slackia_A,Anaeromassilibacillus,Anaeroplasma,SFGY01,Mixta,BX12,UBA7160,Lentilactobacillus,Firm-07,OM05-12,Granulicatella,UBA1777,Turicimonas,UMGS1690,UCG-010,Providencia,MGYG000000425,Enterococcus_A,UMGS1397,CAG-110,UMGS1663,HGM11525,UMGS856,Mailhella,UMGS1668,CAG-41,Companilactobacillus,Dorea_A,UMGS75,Turicibacter,HGM13862,UBA1685,CAG-1024,Enterobacter_A,UMGS946,UMGS599,CAG-302,UMGS929,UBA11517,Ruthenibacterium,MGYG000000574,MGYG000000286,Cloacibacillus,UMGS1202,Parasutterella,Hafnia,Garciella,Butyrivibrio_A,UBA1390,UMGS416,UBA1394,GCA-900066755,Clostridium,UBA3263,Leminorella,HGM11523,Edwardsiella,UBA11774,MGYG000004443,UMGS1322,Epilithonimonas,Weissella,Pseudoruminococcus,Adlercreutzia
rep404_seed2429	HGM13618,UMGS1858,Treponema_D,Victivallis,MGYG000004445,Bariatricus,Acidovorax,CAG-314,Scardovia,MGYG000004171,Ruminococcus_G,UBA1822,Eikenella,Providencia,CAG-465,NK4A136,HGM11788,UBA9502,Desulfovibrio,Anaeroplasma,Eubacterium_G,UBA1394,Erysipelatoclostridium,UMGS1387,CAG-45,Coprobacillus,Peptoniphilus_C,Eubacterium_R,CAG-1031,MGYG000002702,CAG-110,Acetatifactor,UMGS1826,Kluyvera,Methanobrevibacter_A,Cloacibacillus,Negativibacillus,RUG115,Ligilactobacillus,F0422,HGM11523,Haemophilus_A,UBA866,Anaeromassilibacillus,UMGS1572,CAG-196,Enterobacter_D,UMGS1613,Caproiciproducens,UBA1390,Barnesiella,UBA10677,CAAHEQ01,Citrobacter,MGYG000004556,Prevotellamassilia,UMGS1590,RQCD01,Amedibacillus,SFLA01,UBA10281,UBA2883,HGM12713,UMGS1491,HGM11416,UMGS1865,Pygmaiobacter,F0040,SFDP01,Sellimonas,UBA1786,Ruminococcus,Citrobacter_B,Parabacteroides,Odoribacter,UMGS403,CAG-288,MGYG000002683,MGYG000003855
rep405_seed2430	Faecalicoccus,Roseburia,Allisonella,Bacteroides_F,UMGS1994,Pseudescherichia,UBA2882,Barnesiella,Eubacterium_M,Bruticola,Veillonella,Lysinibacillus,HGM13222,Ruminococcus_A,UMGS1783,HGM11788,HGM10836,Yokenella,RUG410,UMGS1864,Enterococcus_A,Phascolarctobacterium,MGYG000004094,Anaerosacchariphilus,MGYG000000425,UMGS1251,HGM13010,CAG-390,UMGS1820,MGYG000004445,Finegoldia,CAG-791,CABIZH01,Neisseria,Butyricicoccus_A,UBA1777,Angelakisella,Eisenbergiella,Borkfalkia,UBA6345,F082,HGM12587,Firm-10,Harryflintia,CAG-115,Firm-07,MGYG000004604,Succiniclasticum,Weissella,Sellimonas,UMGS1668,Phocea,HGM12669,CAG-448,SFLA01,UMGS1224,PeH17,UBA7597,Corynebacterium,HGM12789,Frisingicoccus,Schaedlerella,Eubacterium_T,RUG705,MGYG000004133,MGYG000000728,UBA6857,UBA5905,Mediterraneibacter_A,Serratia,Clostridium_AQ,MGYG000002685,UMGS1293,Porphyromonas,ER4,UBA10281,CAG-510,UBA6984,MGYG000000387
rep406_seed2431	UMGS1826,QANA01,UMGS1600,QAKS01,Terrisporobacter,MGYG000004380,Victivallis,UMGS946,Agathobacter,SFHK01,CAG-390,NC2004,CAG-841,Mailhella,CAG-349,UMGS1815,UMGS2055,UBA1820,UMGS172,RUG023,Leclercia,UMGS416,CAG-617,Fournierella,OF09-33XD,CAG-594,Faecalimonas,QAMX01,Bilophila,UMGS1976,Anaerococcus,HGM12587,Acetatifactor,UMGS1901,Eubacterium_J,Johnsonella,HGM11523,UMGS1241,Bacillus_A,UBA4285,Clostridium,UMGS363,UMGS75,MGYG000004660,Muricomes,CAG-103,Faecalicoccus,Raoultibacter,HGM12789,MGYG000003270,An92,UMGS1312,Fusobacterium_A,S5-A14a,Serratia,Evtepia,Peptoniphilus_A,Raoultella,Pantoea,Peptoniphilus_B,MGYG000000387,MGYG000003289,MGYG000004547,Oxalobacter,NSJ-32,Lentilactobacillus,Lactococcus,Treponema_D,MGYG000004172,Faecalibacterium,MGYG000004556,UMGS2037,CAG-312,MGYG000002726,UMGS1603,UMGS929,Marvinbryantia,CAG-417,UBA7488
rep407_seed2432	CABIZH01,UMGS1663,Haemophilus_A,Muribaculum,Bulleidia,RUG472,Bacteroides_F,UBA3631,GCA-900066495,UBA4285,UBA940,UMGS1864,CAG-115,Eubacterium_M,Borkfalkia,HGM14224,UMGS1490,KLE1615,Peptoniphilus_E,Lactonifactor,Gabonibacter,Pseudobutyrivibrio,Pauljensenia,Longicatena,Clostridium_E,Acinetobacter,Frisingicoccus,HGM12669,Erysipelatoclostridium,UMGS268,OM05-12,Porphyromonas_A,Mobilibacterium,UBA9414,CAG-353,COE1,Eubacterium_F,UMGS1994,CAG-390,HGM13222,Edwardsiella,HGM11588,RUG115,GCA-900066905,Arcanobacterium_A,CAG-873,Citrobacter_B,Bacteroides,Clostridium_AQ,UMGS1810,MGYG000004112,Fusobacterium_B,Eikenella,UMGS1279,Kallipyga,Faecalimonas,CAG-628,UBA6345,Phytobacter,Intestinimonas,Anaerosalibacter,UBA1829,Phascolarctobacterium_A,Lactococcus,CAG-631,Succinivibrio,Catenibacterium,UMGS1477,Companilactobacillus,RUG023,Methanobrevibacter_A,Pseudomonas_R,Beduini,Olsenella,MGYG000000745,UMGS1487,Coprobacter,Murimonas,Bacilliculturomica
rep408_seed2433	UMGS1322,Muricomes,UMGS1312,CACZQA01,SFFH01,MGYG000000286,Fusobacterium_C,TM7x,MGYG000002053,UBA3388,UBA1711,An172,Pygmaiobacter,Citrobacter_A,MGYG000003297,Kosakonia,Succinatimonas,Rubneribacter,Kluyvera,UBA7597,UBA1394,CAG-452,CAG-492,MGYG000004727,An181,MGYG000002696,Anaerocolumna,Lactiplantibacillus,UMGS1518,RUG410,UBA2882,Weissella,Beduini,Phytobacter,UMGS1491,Paenibacillus_A,Weizmannia,UBA1822,CAG-460,Lactobacillus,UMGS1883,HGM11588,UMGS2016,Eubacterium_I,GCA-900066755,Lentilactobacillus,Peptoniphilus_C,UBA1829,CAG-273,Olsenella,Negativicoccus,Massilistercora,VUNA01,HGM11372,UMGS1202,UMGS1696,UBA940,Turicibacter,Blautia_A,SFDP01,VSOB01,Lancefieldella,HGM11788,Lysinibacillus,Mailhella,Paenibacillus,Rikenella,Enterobacter_D,Collinsella,Plesiomonas,Actinobaculum,QAMM01,CAG-873,Cutibacterium,Johnsonella,Bilophila,CHH4-2,Schaedlerella,CAG-776
rep409_seed2434	UBA4334,Oribacterium,CAG-475,Longibaculum,UMGS1477,DTU089,Fusobacterium_C,Stenotrophomonas,Veillonella_A,UBA644,Clostridium,Granulicatella,UBA9502,UMGS1883,UBA1737,Bittarella,MGYG000004127,MGYG000003289,HGM11575,UBA7182,Robertmurraya,Enterobacter,Emergencia,Marseille-P3106,Enterocloster,UMGS911,Marseille-P4683,SFDP01,Agathobacter,OF09-33XD,Latilactobacillus,Clostridioides,HGM12587,SFEL01,An172,Slackia_A,Anaeromassilibacillus,Pediococcus,Enterococcus_C,UBA7160,Gabonibacter,Treponema_D,Victivallis,Anaerofustis,Clostridium_P,Bifidobacterium,UCG-010,Butyricicoccus,RF16,NSJ-63,Peptococcus,Firm-11,Desulfovibrio,UBA3282,UBA866,Lactococcus_A,CAG-390,UBA4644,Rikenella,UMGS1933,Peptoniphilus_E,Eubacterium,CAG-288,UBA4855,Stoquefichus,GCA-900066905,AM07-15,Lentilactobacillus,Frisingicoccus,CAG-462,UMGS1975,UMGS1251,RUG806,UBA10281,CAG-776,UBA1206,UMGS363,Rubneribacter,Absicoccus
rep410_seed2435	Staphylococcus,F0422,Rahnella,UMGS946,Lactobacillus,UBA1394,Anaerococcus,UMGS1472,Yersinia,HGM13862,Ellagibacter,MGYG000000350,CAG-582,Gordonibacter,UBA2821,Streptococcus,VUNI01,Fournierella,UBA1390,UMGS1601,Gemmiger,UMGS680,UBA6345,CAG-145,QALS01,Azonexus,UMGS1781,KLE1615,UBA7488,CAG-288,Phascolarctobacterium_A,CAG-45,UMGS1071,UMGS403,MGYG000004061,CAG-495,UBA9475,Selenomonas_A,Dialister,HGM12957,CABIZH01,MGYG000004029,MGYG000004874,Leminorella,HGM11530,Harryflintia,Adlercreutzia,SFGY01,UBA1711,MGYG000003270,UMGS911,NSJ-61,MGYG000004127,CACZQA01,AF33-28,CAG-110,Marseille-P3106,Lagierella,Peptoniphilus_B,Sporanaerobacter,CAG-127,Ruminococcus,Mitsuokella,NSJ-32,Eggerthella,Desulfovibrio,UMGS966,UBA1409,HGM13618,Negativibacillus,CAG-56,CAG-488,UMGS1312,UMGS1623,Morganella,Dielma,UMGS1864,Limosilactobacillus,UBA10281
rep411_seed2436	KM106-2,RUG11247,Victivallis,CAG-1193,UBA7182,Raoultella,HGM10836,UMGS1202,HGM05232,Citrobacter_B,Absicoccus,UMGS599,Prevotella,Campylobacter,CAG-41,Oscillibacter,Extibacter,UBA1711,UMGS1375,MGYG000004127,CAG-354,UBA7185,RUG12045,CAG-302,Anaerotignum,CAG-590,MGYG000004727,Pseudomonas_E,Mixta,Weizmannia,UBA6398,Anaerotruncus,Alloprevotella,Massilicoli,RUG705,Ellagibacter,MGYG000004133,CAG-485,Exiguobacterium,UMGS1293,Massiliomicrobiota,Sellimonas,Dialister,CAG-349,UBA1737,Prevotellamassilia,Franconibacter,Catenibacillus,MGYG000002797,UMGS172,Eubacterium_G,Actinomyces,UMGS874,Blautia,Streptococcus,MGYG000004850,Zag1,Duodenibacillus,Actinobaculum,UMGS1472,UMGS1766,Clostridium_J,Vibrio,UBA945,F23-B02,Faecalitalea,CAG-492,Hungatella_A,UMGS1633,VUNI01,UBA1691,Lacticaseibacillus,UBA1375,CAG-964,HGM11521,CAG-484,UBA3402,UMGS1532,UMGS1696
rep412_seed2437	MGYG000000286,VUNA01,Alistipes_A,UMGS1572,Peptoniphilus_A,CAG-273,UMGS416,Lacrimispora,Clostridium_P,CAG-533,UBA6984,Victivallis,Evtepia,Bacteroides,Psychrobacillus,SFFS01,SFTJ01,UMGS2037,Pseudomonas_R,UBA1691,RUG410,Brachyspira,UBA6398,UMGS1613,Olsenella_B,Eubacterium_R,Anaerostipes,UMGS1253,HGM13862,MGYG000002696,HGM11588,Ruminococcus_A,Aneurinibacillus,Rothia,CAG-724,UBA11512,CAG-1000,Corynebacterium,Acidovorax,Lagierella,MGYG000000587,HGM13634,Butyricicoccus_A,CAG-354,UBA3263,MGYG000002683,UMGS1688,HGM12669,RUG705,Sutterella,Bruticola,MGYG000004811,KLE1615,Haemophilus_D,RUG806,Schaedlerella,UBA6345,CHH4-2,CAG-590,CAG-390,Faecalitalea,UBA11452,Catenibacterium,F082,UBA9414,UBA1417,Megasphaera,Faecalimonas,Slackia_A,UBA1820,Clostridium_E,CAG-822,Tidjanibacter,UBA1731,Veillonella_A,CAG-877,Kallipyga,UMGS1901,Cetobacterium_A
rep413_seed2438	UMGS1880,Ruminococcus_D,Enterococcus,MGYG000000425,HGM12650,Klebsiella,Raoultella,Companilactobacillus,Senegalimassilia,UMGS577,F082,UBA10677,Massilioclostridium,MGYG000002726,UMGS1600,HGM11416,Lacrimispora,QAKD01,TWA4,UMGS1901,ER4,UMGS1490,Lactiplantibacillus,CAG-964,UMGS1474,RUG420,UC5-1-2E3,UMGS2037,CACZQA01,Lactobacillus,Victivallis,NSJ-61,Bacteroides,Caproiciproducens,Butyrivibrio_A,Lagierella,UBA3818,MGYG000004660,Paramuribaculum,Sellimonas,SFHK01,CAG-83,Methanobrevibacter_A,Clostridium_N,MGYG000003490,Enterocloster,CAG-475,Pradoshia,Leuconostoc,UBA3766,UMGS1484,Lachnoclostridium_A,Fusobacterium_B,UBA3402,Dorea,UBA3388,CAG-411,HGM11808,HGM12814,CAG-484,AM51-8,HGM11327,UMGS1613,Morganella,RUG472,Eggerthella,Pseudoruminococcus,Anaerostipes,Prevotella,UMGS1603,TM7x,UBA2856,Erysipelatoclostridium,UBA4855,UMGS1387,CAG-582,Parvimonas,Succiniclasticum,Mediterraneibacter
rep414_seed2439	CAG-194,UMGS1307,UMGS1537,Prevotellamassilia,Raoultibacter,Agathobaculum,Klebsiella,UMGS1253,CAG-196,UBA11940,RUG11200,Parvimonas,CAG-274,CAG-603,Amulumruptor,Scardovia,Allisonella,Pygmaiobacter,Eggerthella,SCN-57-10,UMGS882,MGYG000004811,UBA4644,MGYG000003970,UMGS1783,CAG-302,Citrobacter_A,MGYG000004029,MGYG000004556,CAG-628,Peptacetobacter,Eisenbergiella,NSJ-38,An172,UMGS1418,HGM11588,SFJ001,CAG-314,Stenotrophomonas,MGYG000001871,UMGS1601,MGYG000002702,Ruthenibacterium,NK3B98,Kluyvera,HGM13006,MGYG000002053,Clostridium_A,Finegoldia,Slackia,Firm-11,CAG-495,AF33-28,Catenibacillus,Anaeromassilibacillus,UBA7185,UBA1777,Romboutsia,UBA866,HGM10836,Klebsiella_A,UMGS1004,Paraclostridium,MGYG000003270,UMGS1441,CAG-56,Marseille-P4683,UMGS1572,CAG-485,Pantoea,UMGS1487,Muricomes,Anaerofustis,Faecalibacterium,Rikenella,KLE1615,HGM11575,HGM11525,Ruminococcus
rep415_seed2440	Terrisporobacter,Catenibacillus,PeH17,HGM13634,Arabia,CAG-475,CAG-273,Succinivibrio,QANA01,MGYG000004556,MGYG000004177,Corynebacterium,UMGS1670,Slackia_A,UBA5446,Epilithonimonas,Murdochiella,Weizmannia,HGM11530,Parvimonas,HGM11575,UMGS1384,Clostridium_Q,Ruminococcus_G,HGM11788,Ruminococcus_B,UBA4855,Selenomonas_C,UMGS995,Lacrimispora,UMGS1600,CAG-238,UMGS263,CAG-484,MGYG000003970,UBA2821,UMGS1839,Eubacterium_G,Anaeroglobus,UBA11524,SFDB01,Chimaeribacter,HGM13006,Atlantibacter,Eubacterium,CHH4-2,Bacillus_A,Enterococcus_D,SFMI01,HGM11501,CAG-196,CAG-710,Peptoniphilus_E,UMGS1889,Enterobacter_A,CAG-314,Marseille-P3106,MGYG000002719,CAG-103,Bacilliculturomica,QALS01,CAG-631,UMGS680,Pantoea,Fannyhessea,UMGS731,UMGS1815,Frisingicoccus,UBA7182,MGYG000002696,Brachyspira,Companilactobacillus,UMGS1487,SFHK01,CAG-617,F082,Hungatella_A,UMGS1326,Citrobacter
rep416_seed2441	MGYG000000378,Evtepia,CAG-632,UBA636,Anaeromassilibacillus,Sutterella,CAG-710,UBA6382,UMGS1611,Clostridium_Q,Enterococcus,UBA5416,Caproiciproducens,UMGS1851,MGYG000002702,UBA3766,Fusicatenibacter,Robertmurraya,SFTJ01,Eubacterium,UMGS692,UBA11471,UMGS1397,MGYG000000350,CAG-245,CAG-791,Pseudoruminococcus,MGYG000004061,MGYG000003305,Campylobacter,UBA4644,Oxalobacter,Azonexus,UBA1181,UBA3818,Dysosmobacter,Acetivibrio_A,Sporanaerobacter,HGM12587,Agathobaculum,Clostridium_X,MGYG000000425,Monoglobus,RF16,Kallipyga,Gemmiger,UMGS172,Bilophila,Bacillus_A,Lachnoclostridium_B,Merdibacter,Paenibacillus,UBA945,UMGS1253,UBA1206,Eubacterium_I,UBA1191,SFFH01,CAG-180,Lachnoanaerobaculum,Pygmaiobacter,SFGY01,SFDB01,HGM11416,UBA1409,Lachnoclostridium_A,Mediterraneibacter,Parolsenella,UMGS902,Cetobacterium_A,Pradoshia,UMGS929,NC2004,Methanomassiliicoccus_A,UBA2821,Duodenibacillus,Leuconostoc,CAG-510,MGYG000000728
rep417_seed2442	Pseudoflavonifractor,UBA738,QANA01,CACZQA01,CAG-312,CAG-884,CAG-194,CAG-882,Butyricicoccus,RUG131,Hungatella,UMGS599,F23-B02,QAKD01,Fusobacterium_C,Garciella,VUNA01,UBA3263,Lawsonibacter,CAG-274,MGYG000004061,CAG-594,MGYG000001903,Firm-10,SFHK01,Hungatella_A,UMGS1572,Robertmurraya,HGM10836,Salinicola,UBA7702,CAG-628,UMGS1312,Atlantibacter,UMGS2016,MGYG000002575,Acutalibacter,Catenibacterium,Criibacterium,F0422,UMGS1326,Fusicatenibacter,MGYG000004443,HGM13862,RUG115,Enorma,MGYG000004727,Clostridium_B,Bacillus_A,Anaerobutyricum,Varibaculum,Pseudomonas_E,UMGS1600,UMGS1418,UBA11512,Collinsella,Kallipyga,Granulicatella,Monoglobus,UMGS577,HGM11416,UBA6857,Haemophilus_A,UMGS995,KLE1615,Rubneribacter,UMGS1052,UBA1786,Pseudomonas,CAG-196,UMGS856,AF33-28,RUG472,Eggerthella,Enteroscipio,UMGS1388,Clostridium_E,UBA1820,CAG-95
rep418_seed2443	Clostridium_AP,HGM04593,MGYG000004029,UBA11940,QAKW01,Scardovia,Butyricicoccus_A,Acetivibrio_A,Clostridium_P,CAG-590,UMGS1668,Ruminococcus_E,1XD42-69,UMGS1826,Bacteroides_F,Bifidobacterium,Moellerella,Fusicatenibacter,SFTJ01,Clostridium_N,Barnesiella,Citrobacter_A,Anaerobutyricum,Lancefieldella,UMGS1387,Bacillus_J,HGM14224,CAG-521,UBA1740,Holdemania,CAG-180,CAG-1193,Eubacterium_R,Granulicatella,CAAHEQ01,UBA7488,UBA1232,Peptostreptococcus,CAG-448,Peptococcus,Merdimonas,UMGS905,Clostridium_B,Weissella,Citrobacter,Stomatobaculum,Massilioclostridium,RQCD01,HGM11530,MGYG000004094,OM05-12,Psychrobacillus,Cedecea,MGYG000004547,UMGS1994,Ellagibacter,Epilithonimonas,HGM10836,MGYG000001953,Haemophilus_A,Gastranaerophilus,Neisseria,CAG-964,UBA7597,Methanobrevibacter_A,UMGS1889,MGYG000004604,UMGS1518,GCA-900066135,Rothia,Dysosmobacter,Lachnoclostridium,MGYG000002702,RUG14107,UBA644,UMGS75,RUG420,MGYG000003855,Paramuribaculum
rep419_seed2444	UMGS1851,UMGS995,UMGS1540,RUG11247,Duodenibacillus,Amedibacterium,NSJ-32,Granulicatella,Hafnia,CAG-628,CAG-180,Citrobacter_B,UBA4285,UMGS1484,MGYG000001903,UMGS1004,Prevotellamassilia,UBA9506,Intestinibacter,CAG-390,Romboutsia,UMGS1690,Bariatricus,RUG472,UBA737,UMGS1338,MGYG000002075,Ligilactobacillus,Mailhella,Paramuribaculum,Cronobacter,Anaerosporobacter,Proteus,HGM12587,Lysinibacillus,MGYG000000387,UBA11517,UMGS1279,Ralstonia,RUG806,UMGS1487,UMGS124,UMGS1071,UMGS403,Megamonas,UBA1737,HGM13222,Anaerosalibacter,UBA5394,Eubacterium,Dorea,Coprococcus_A,UMGS1491,Lactiplantibacillus,Plesiomonas,Olsenella_B,Alterileibacterium,UBA7185,Parasutterella,Mobiluncus,Flavonifractor,MGYG000000574,Selenomonas_A,Phoenicibacter,HGM11523,UBA10677,Victivallis,MGYG000002575,D5,CAG-56,Catenibacillus,Escherichia,Pseudoruminococcus,SFDB01,HGM11507,OF09-33XD,GCA-900066755,UBA1259,UMGS1224
rep420_seed2445	UMGS1384,CAG-177,UMGS1293,MGYG000004133,UBA11512,Plesiomonas,Acutalibacter,Atlantibacter,CAG-484,Longicatena,UMGS1397,QALS01,UMGS973,UMGS1611,UMGS1004,NSJ-50,Klebsiella_A,Murdochiella,Clostridium_N,Anaerostipes,Pseudoflavonifractor,MGYG000004061,UMGS1375,MGYG000002053,MGYG000003855,CAG-590,Anaerococcus,MGYG000004029,MGYG000004445,Catenibacterium,CAG-127,SFEL01,UMGS363,Lachnoclostridium_A,Clostridium_B,UMGS263,WRGP01,Anaeroglobus,UBA1752,Enterococcus_C,UMGS1307,UBA4871,MGYG000004229,HGM10836,Stenotrophomonas,Borkfalkia,Phytobacter,GCA-900066755,UMGS1783,Haemophilus_D,UMGS403,Eikenella,VUNA01,UMGS1322,Actinomyces,UBA1390,CAG-81,Clostridium_X,UMGS1484,UMGS1864,UMGS1487,QAMX01,MGYG000002010,Amedibacterium,Anaerofustis,Anaerosporobacter,Mesosutterella,Granulicatella,Selenomonas_A,UBA644,UMGS1600,Zag111,UBA940,Faecalibacillus,UBA11940,NSJ-32,UMGS1418,MGYG000003270,Barnesiella
rep421_seed2446	UBA5416,Ligilactobacillus,MGYG000004133,Catenibacillus,UMGS1002,Intestinimonas,MGYG000003490,Agathobacter,Massilistercora,F23-B02,BX12,Succinivibrio,Lachnoclostridium_B,Pediococcus,Aggregatibacter,Campylobacter_B,MGYG000001871,Acetivibrio_A,SFFH01,MGYG000000350,F082,MGYG000004556,Methanomassiliicoccus_A,Clostridium_N,CAG-465,Klebsiella_A,UBA9414,SFVR01,UMGS1889,CAG-313,UMGS1883,UMGS1004,Companilactobacillus,SFFS01,Mesosutterella,QAMM01,UMGS1880,Clostridioides,Clostridium_E,UBA3818,Streptococcus,Enteroscipio,Mitsuokella,CAG-1024,Emergencia,MGYG000004171,UBA5446,Pseudomonas,UMGS1600,UBA2856,Lacticaseibacillus,UBA4644,Stenotrophomonas,Brachyspira,Klebsiella,Superficieibacter,SFTJ01,HGM12789,UBA1822,UMGS75,UBA636,Ruminococcus_B,UMGS1326,Robertmurraya,CAG-448,QAMX01,51-20,Lacrimispora,UBA9506,Anaeroglobus,Escherichia,Bariatricus,Veillonella,Lactiplantibacillus,Lentilactobacillus,CAAHEQ01,Butyricicoccus_A,UBA1731,UBA9475
rep422_seed2447	Stoquefichus,Ruthenibacterium,Mediterraneibacter_A,MGYG000000456,Psychrobacillus,Cloacibacillus,UBA7748,UMGS1312,HGM12587,CAG-390,Borkfalkia,Sporanaerobacter,HGM13618,MGYG000004811,UMGS172,HGM11501,Salmonella,HGM12998,UBA11512,Sneathia,CAG-793,Blautia_A,UBA940,Ruminococcus_C,Parolsenella,UBA4285,Eggerthella,MGYG000002685,RUG420,Fusobacterium,UMGS1889,F0422,Barnesiella,CAG-452,UBA5905,MGYG000003855,KLE1615,Fenollaria,UBA1822,Extibacter,Anaerotruncus,CAG-56,Eubacterium_T,MGYG000000674,Alistipes_A,JAAYBB01,HGM12650,Paraprevotella,CAG-557,Coprobacillus,Porphyromonas_A,Pantoea,CAG-492,TWA4,SFFH01,WRGP01,UMGS1279,Veillonella,MGYG000003490,Weizmannia,Muricomes,UBA6398,UMGS403,CAAEEV01,UMGS1375,HGM11514,Lancefieldella,CAG-582,Hydrogeniiclostridium,NSJ-61,MGYG000001903,VUNA01,UMGS731,CAG-964,CAG-1024,NK4A136,UBA6382,RUG472,UMGS1820
rep423_seed2448	UBA1409,MGYG000004443,Rahnella,UMGS1889,CAG-495,Akkermansia,UBA7185,Campylobacter_B,Blautia_A,Arcanobacterium_A,D5,Ruminococcus_F,Pseudomonas_R,MGYG000004133,MGYG000004547,MGYG000002216,UBA9414,CAG-475,UBA6984,UBA1820,UBA3766,UMGS1532,CAG-631,UBA7102,HGM12789,Paraprevotella,Atlantibacter,MGYG000000505,Mixta,HGM13618,Morganella,QAKD01,Coprobacter,RUG131,UMGS1613,Yokenella,UBA10281,HGM13634,CAG-145,RUG11247,F23-B02,UMGS1839,Ruminococcus_G,Cellulosilyticum,Romboutsia,UMGS172,CAG-841,UBA7597,UMGS1279,UBA1259,UBA11774,Pseudobutyrivibrio,CAG-1024,TF01-11,TWA4,UBA1731,UBA1752,CHH4-2,UMGS1795,CAG-873,An172,F0422,UMGS2055,Prevotellamassilia,Lawsonibacter,MGYG000003297,Selenomonas_A,UBA11452,UBA1181,Cetobacterium_A,Parolsenella,UBA4871,Pradoshia,MGYG000000390,Cedecea,UBA6398,CAG-354,UMGS929,NSJ-38
rep424_seed2449	Peptococcus,CAG-354,Fusobacterium,Enterococcus_G,An172,Faecalibacterium,MGYG000002696,CAG-557,Moellerella,Dysgonomonas,Gordonibacter,RUG572,CAG-590,UBA1234,CAG-194,Epilithonimonas,MGYG000001953,Rothia,Akkermansia,Psychrobacillus,Azonexus,MGYG000003970,Faecalitalea,HGM11368,HGM05232,UBA5905,TM7x,HGM13862,UMGS1633,F082,HGM10836,Succinivibrio,Hungatella,Lactiplantibacillus,UMGS1071,Weimerbacter,Anaerocolumna,CAG-475,Sutterella,CAG-272,Lawsonibacter,RQCD01,Enterobacter_D,MGYG000000505,Raoultella,Ruminococcus_G,CAG-964,DTU089,MGYG000003490,Treponema_D,Raoultibacter,Chimaeribacter,CAG-451,CAG-274,VUNA01,CAG-196,MGYG000000425,Bifidobacterium,Caproiciproducens,Intestinibacter,Dorea,Massilicoli,UBA5026,Citrobacter_B,CAG-1193,UMGS1864,Neobittarella,QALR01,Zag1,Enterobacter_A,Borkfalkia,UBA9475,Ruminococcus,Schaedlerella,UMGS1540,UMGS1375,HGM11416,Mixta,Anaerofustis
rep425_seed2450	UMGS1418,Vibrio,UBA2856,Haemophilus,UMGS2037,Weissella,Fenollaria,Stomatobaculum,Phocaeicola,HGM12650,UMGS731,SFJ001,Agathobaculum,UBA1740,UBA7488,UBA4644,CAG-217,Campylobacter_A,CAG-1427,Enterococcus_A,MGYG000004029,RQCD01,Victivallis,MGYG000000745,MGYG000000390,Holdemania,Nitratidesulfovibrio,UBA11774,UMGS1633,UBA5920,Anaerotignum,Sneathia,Anaerosporobacter,43-108,MGYG000003970,Lacticaseibacillus,GCA-900066755,Rothia,Gemella,Anaerostipes,CAG-628,UMGS1572,HGM11808,AF33-28,MGYG000003289,MGYG000004112,HGM11521,UBA3402,Pygmaiobacter,Veillonella,Phocea,UMGS946,GCA-900066495,MGYG000003945,MGYG000004445,Frisingicoccus,MGYG000003270,UMGS1839,BX12,Clostridium_P,HGM12713,UMGS1307,Monoglobus,Dorea_A,Aneurinibacillus,Extibacter,Peptoniphilus_E,Cedecea,QALR01,Kluyvera,Atlantibacter,Fusobacterium_A,MGYG000004229,CAG-462,Niameybacter,Barnesiella,CAG-272,UBA940,MGYG000001903
rep426_seed2451	UBA5416,Bulleidia,UBA1181,Robinsoniella,MGYG000004445,Eubacterium_G,UBA2882,UBA737,HGM13010,Hafnia,UMGS1851,Ruminococcus_B,UC5-1-2E3,CAG-533,MGYG000004229,Anaerobutyricum,HGM13233,HGM10836,Peptostreptococcus,Anaerococcus,Eisenbergiella,UMGS1820,Mailhella,An181,UBA6345,Enterococcus,CAG-831,Porphyromonas_A,AM51-8,MGYG000000728,Enterococcus_A,Eubacterium_T,CAG-632,UBA866,Varibaculum,Bilophila,Bariatricus,UBA1786,UMGS1603,RUG100,Merdimonas,MGYG000000346,QAKD01,Faecalibacillus,Ruminococcus_G,Kluyvera,Marseille-P3106,UMGS363,Ruminococcus_D,Anaerotignum,NSJ-50,CAG-603,PeH17,UBA3631,Franconibacter,UMGS946,CAG-303,Acetatifactor,Plesiomonas,Frisingicoccus,Bittarella,QANA01,MGYG000001953,UMGS2037,UBA5884,UMGS966,CAG-1000,CAG-238,Schaedlerella,UMGS1601,Stenotrophomonas,UBA7182,Succinivibrio,Anaerofustis,UBA11517,Hungatella,MGYG000001903,UBA6984,MGYG000004112
rep427_seed2452	Butyricicoccus,Parabacteroides,Dorea_B,Franconibacter,Escherichia,Butyricimonas,Mobiluncus,TM7x,UBA1786,RUG705,Hungatella_A,UBA866,Fenollaria,DUOT01,Bilophila,Peptostreptococcus,UMGS1633,Pseudescherichia,UMGS973,UMGS1611,Phocea,UBA4285,Eubacterium_G,MGYG000004850,Enterocloster,Leptotrichia,MGYG000002797,HGM11808,MGYG000004811,Neisseria,CAG-917,Rikenella,Amedibacterium,CAG-196,Faecalimonas,UMGS1994,UBA10281,Ruthenibacterium,Veillonella,CAG-45,MGYG000004061,NK3B98,UMGS1472,UMGS1071,HGM12587,HGM11386,MGYG000003270,UMGS1312,Eubacterium_R,Marseille-P4683,Terrisporobacter,Campylobacter_A,UMGS929,RUG420,Mobilibacterium,UMGS1397,MGYG000000387,HGM11501,Eubacterium_F,UBA6857,UC5-1-2E3,QAKS01,UBA1417,MGYG000004127,UMGS1202,CAG-1024,UMGS1487,MGYG000004445,SFVR01,Hungatella,Pradoshia,Enterobacter_A,Collinsella,UBA5394,Negativicoccus,HGM12998,Robinsoniella,Succiniclasticum,An172
rep428_seed2453	HGM11588,CAG-349,UMGS1601,Mesosutterella,KLE1615,Superficieibacter,QALS01,QANA01,Fusobacterium,HGM13634,Ruminiclostridium_E,Citrobacter,Tidjanibacter,RUG100,UBA9506,CAG-628,CAG-485,Butyricicoccus,Lachnoanaerobaculum,UMGS1815,Garciella,Enterococcus,ER4,Corynebacterium,MGYG000000728,UBA2821,Dysosmobacter,Ligilactobacillus,Serratia,Massilicoli,UBA1394,CAG-632,UMGS1668,MGYG000004604,CAG-710,Paraeggerthella,Fusicatenibacter,Lactococcus_A,CAG-1024,UBA4285,Neobacillus,UMGS75,Faecalicoccus,Campylobacter,Prevotellamassilia,RC9,QANG01,UMGS1253,CAG-603,Mailhella,UMGS1109,Ruminococcus_C,UBA1737,CAG-127,SFFH01,UBA1820,Holdemania,Porphyromonas,Pygmaiobacter,Lachnospira,Firm-11,Ruminococcus_G,HGM12713,Bacteroides_F,Lysinibacillus,Catenibacterium,HGM11416,Slackia_A,Longicatena,Murimonas,Emergencia,Dorea,UMGS1696,QALW01,MGYG000003945,Arcanobacterium_A,Butyrivibrio_A,UBA5416,Clostridium_N
rep429_seed2454	Fusicatenibacter,RUG410,RUG11200,UCG-010,Hungatella,Aeromonas,UMGS1883,Massiliomicrobiota,Oxalobacter,Salmonella,CAG-303,UBA3263,HGM13233,Ruminiclostridium_E,CAG-314,HGM11616,UBA9506,UBA6398,Pseudescherichia,UMGS263,UMGS1872,Evtepia,Emergencia,CAG-354,Mobilibacterium,UMGS1839,UMGS1004,Coprococcus_A,DUOT01,CAG-288,UBA636,UBA1786,UMGS1370,Alloprevotella,Eubacterium_J,CAG-882,Bittarella,Senegalimassilia,UBA4334,Yokenella,Blautia,Catenibacterium,MGYG000000286,UMGS1623,UBA3818,Muribaculum,Zag1,Neobacillus,UMGS1253,Pygmaiobacter,Fusobacterium_C,AF33-28,Clostridium,UMGS1668,Gabonibacter,Peptostreptococcus,CAG-115,Finegoldia,QANG01,UBA1390,MGYG000002702,Pyramidobacter,Cellulosilyticum,Roseburia,CAG-1193,Raoultibacter,Companilactobacillus,Bilophila,HGM12650,Prevotellamassilia,CAG-238,UBA11524,S5-A14a,UMGS1865,Lachnoclostridium,MGYG000003289,Psychrobacillus,CAG-452,Frisingicoccus
rep430_seed2455	UMGS1487,HGM04593,Raoultibacter,VUNA01,Fusobacterium_B,CAAEEV01,NSJ-63,Lachnoclostridium_A,Collinsella,Phil1,CAG-877,Intestinibacter,Gemella,UBA3282,CAG-475,Dorea,UBA738,HGM11616,UBA7702,UBA1752,UBA6857,Clostridioides,Morganella,Monoglobus,Agathobacter,UBA5394,UMGS1815,Faecalitalea,QANA01,Bruticola,43-108,Coprobacter,Scardovia,Varibaculum,MGYG000004660,Enterocloster,UBA644,Frisingicoccus,HGM11416,RUG11200,Oribacterium,QAKS01,UBA4716,Dysosmobacter,HGM11417,MGYG000003855,CAG-41,UBA2856,Cellulosilyticum,UMGS1293,Faecalimonas,Cronobacter,UBA11471,MGYG000004133,UBA6382,CAG-521,Klebsiella,MGYG000004171,UMGS263,Exiguobacterium,UBA6398,CAG-488,UMGS1994,Acetatifactor,UMGS1004,CAG-449,CAG-145,UBA1822,Clostridium_AP,Fusobacterium_C,CAG-632,UMGS731,Ruminiclostridium_E,UMGS1253,Sellimonas,CAG-312,UBA9414,Streptococcus,Pediococcus
rep431_seed2456	HGM13010,CAG-776,CAG-313,Amedibacterium,HGM12814,UBA4372,UBA1822,HGM11616,CAG-349,HGM12669,UMGS1696,Anaerosporobacter,Ruminococcus_E,CAG-312,QAKW01,MGYG000003297,UBA7748,UBA1829,CAG-41,UMGS1484,An92,NSJ-61,Eubacterium_F,Veillonella,MGYG000003855,Succinivibrio,CAG-145,Angelakisella,HGM11514,UMGS1540,CAG-488,UMGS1633,Massilicoli,Schaedlerella,UBA5905,UMGS124,Leuconostoc,Phoenicibacter,Clostridium_Q,Psychrobacillus,Enterococcus_C,QAKS01,VUNI01,Peptoniphilus_C,UMGS75,UMGS1490,Anaerosalibacter,HGM12587,UBA5884,Hafnia,Bifidobacterium,Dielma,Gemella,Rikenella,UMGS680,HGM12650,CAG-170,Bilophila,MGYG000000286,Haemophilus_D,Holdemania,CAG-873,UMGS2016,Arabia,Cronobacter,Negativicoccus,SFMI01,UMGS1851,UMGS1810,CAG-603,Slackia_A,QALW01,RUG11247,UMGS1591,UMGS1613,Bacteroides,UMGS1477,Megasphaera,UMGS1975
rep432_seed2457	Citrobacter_B,UMGS577,Salinicola,MGYG000000728,Erysipelatoclostridium,UBA4716,Granulicatella,Vibrio,UBA5416,Enorma,UBA4334,UBA10677,RUG14107,UMGS1613,Haemophilus_D,UMGS1668,Eggerthella,MGYG000004660,UBA1829,Ellagibacter,UMGS1225,Enterococcus,UBA9475,HGM14224,UMGS1484,Acinetobacter,SFFS01,AM51-8,V9D3004,Providencia,Eisenbergiella,UCG-010,CAG-81,UBA737,UMGS1487,Rikenella,NSJ-50,UMGS124,Marseille-P3106,UBA5394,Paraeggerthella,Robinsoniella,CAG-1031,Corynebacterium,Alloprevotella,UC5-1-2E3,MGYG000003270,Holdemanella,MGYG000004171,CACZQA01,Latilactobacillus,Anaerotruncus,Bruticola,UBA11512,UMGS1251,HGM11588,CAG-170,MGYG000003855,CAG-557,Cellulosilyticum,CAG-710,Lactobacillus,Butyricicoccus_A,MGYG000002010,Phoenicibacter,RC9,NC2004,MGYG000001953,MGYG000002719,UMGS1388,UBA4855,UMGS363,UBA1259,TF01-11,Lactococcus_A,MGYG000000456,CAG-631,CAG-831,Fusobacterium_B
rep433_seed2458	Rothia,Phascolarctobacterium_A,HGM11417,PeH17,Eubacterium_R,Eubacterium_I,RUG572,Ruminiclostridium_E,SFLA01,Kluyvera,CAG-492,CAG-194,UMGS1370,Monoglobus,UMGS902,Adlercreutzia,HGM11327,UBA1181,CAAEEV01,UBA6984,MGYG000004061,CAG-590,Selenomonas_C,UMGS1690,HGM10836,Bariatricus,Actinomyces,OM05-12,Peptoniphilus_C,Ezakiella,Parasutterella,UMGS1601,UMGS1663,SFTJ01,Coprobacter,HGM12669,UMGS1322,UBA3766,NSJ-62,Lachnoclostridium_A,CAG-272,UMGS1795,Peptacetobacter,Anaerotruncus,MGYG000000728,JAAYBB01,UBA1752,Clostridioides,UMGS1472,MGYG000004547,HGM11416,HGM11386,Hafnia,Dorea_B,An181,SFHK01,UBA7173,Latilactobacillus,Blautia,MGYG000002719,Corynebacterium,UMGS1883,Massiliomicrobiota,Sporanaerobacter,UMGS1224,Firm-10,Muribaculum,RUG12045,Kallipyga,Porphyromonas,Enteroscipio,UCG-010,Agathobacter,UMGS1251,Paraprevotella,Intestinibacter,Enterobacter_D,Olsenella_E,UBA6398
rep434_seed2459	QANG01,Epilithonimonas,Bacillus_A,UMGS1312,Citrobacter,Clostridium_X,CAG-279,UBA1191,QAMX01,HGM11616,CAG-103,Olsenella,HGM11327,Pseudoruminococcus,UMGS1370,OM05-12,Fannyhessea,HGM12669,CAG-1193,Clostridium_P,CAG-762,Duncaniella,Clostridium_E,Rothia,Neobacillus,Latilactobacillus,Phoenicibacter,MGYG000004445,UMGS1518,RUG472,UMGS1820,Mobilibacterium,Amulumruptor,UMGS1487,UMGS1858,UBA737,Zag111,UBA1417,Enterococcus_D,UMGS1491,UBA11517,MGYG000000346,Lachnoanaerobaculum,Anaerobutyricum,CAG-1024,MGYG000004112,KM106-2,Ruminococcus_D,Fusobacterium_B,Parasutterella,CAG-603,CAG-484,UBA1752,MGYG000004172,Salinicola,TF01-11,Pseudoflavonifractor,NSJ-38,UMGS1994,Klebsiella_A,QALW01,UBA7488,UMGS1611,UBA7185,MGYG000002075,SFDP01,Faecalimonas,UMGS1591,CAG-411,UBA1685,Dorea,Serratia,Anaerocolumna,Allisonella,Faecalicoccus,UMGS1880,VUNA01,Peptoniphilus_B,HGM11521
rep435_seed2460	UMGS599,S5-A14a,RUG806,UBA1820,Dysosmobacter,CAG-448,Campylobacter,CAG-762,UMGS1826,Olsenella,UMGS856,Beduini,Bacilliculturomica,Robertmurraya,CAG-449,Lactococcus_A,CAG-710,UBA3263,Psychrobacillus,UBA9475,Enterobacter,Firm-10,UMGS1472,UMGS1307,Robinsoniella,UMGS1004,Salmonella,WG-1,Mobiluncus,NC2004,MGYG000004380,Klebsiella,Blautia,Peptococcus,UBA11774,CAG-776,UMGS1696,Enterocloster,UMGS1781,Paenibacillus,UBA1206,Porphyromonas,Oribacterium,Akkermansia,GCA-900066755,MGYG000004229,MGYG000004874,SFVR01,UBA7185,CAG-302,UMGS1225,UMGS1491,CAG-793,Roseburia,UCG-010,UMGS929,Zag111,AM51-8,Lancefieldella,Anaerobutyricum,CHH4-2,Lachnoclostridium,UMGS1603,CAG-303,Pluralibacter,Oxalobacter,Clostridium_J,MGYG000001953,HGM11588,Amedibacterium,Phil1,Hafnia,MGYG000000286,UMGS680,Turicimonas,Mitsuokella,UBA6382,Pyramidobacter,Haemophilus_A
rep436_seed2461	NSJ-50,UMGS680,MGYG000000387,HGM11368,Firm-10,Eubacterium_I,RUG11247,QANG01,Haemophilus_A,UBA1740,NSJ-63,HGM11525,MGYG000000728,UMGS1572,Ruthenibacterium,HGM11521,Pradoshia,Phascolarctobacterium,UMGS1474,Fusobacterium_C,Campylobacter,Lawsonella,MGYG000002696,UMGS1810,SFDP01,MGYG000003305,Hafnia,HGM14224,MGYG000000745,Superficieibacter,DUOT01,Plesiomonas,Pantoea,Staphylococcus,UBA644,UBA3263,Lachnoanaerobaculum,Kallipyga,UMGS1326,Lagierella,SFDB01,UMGS1487,UMGS1253,CAG-269,UBA1691,CAG-83,CAG-194,MGYG000000286,UMGS1603,PeH17,MGYG000002685,MGYG000004727,UMGS1202,Gemella,UMGS1375,HGM12713,Christensenella,UBA5416,Enterococcus_C,HGM11514,CAG-1024,Catenibacillus,Raoultella,AM51-8,Coprobacillus,Ruminococcus_C,Massilistercora,Bacilliculturomica,UMGS1820,Bruticola,Harryflintia,UMGS2037,CAG-617,Anaeromassilibacillus,Aggregatibacter,Latilactobacillus,Enterococcus_G,Mobilibacterium,CAG-484
rep437_seed2462	UBA7160,UBA3282,Lactiplantibacillus,Firm-07,UMGS1322,UMGS1109,CAG-475,UBA7102,RUG472,Dysosmobacter,UMGS2055,Murdochiella,Aeromonas,QALS01,UMGS1600,Akkermansia,UBA6345,QAKS01,Mailhella,SFDB01,NK4A136,UBA1786,MGYG000003945,CAG-180,Acidaminococcus,Mobiluncus,Yersinia,F23-B02,CAG-603,UMGS1883,Weimerbacter,CAAEEV01,Escherichia,UMGS1474,Porphyromonas_A,Monoglobus,Alterileibacterium,Clostridium_P,CAG-873,CAG-724,Caproiciproducens,Azonexus,COE1,Hydrogeniiclostridium,MGYG000002216,UBA1829,Arcanobacterium_A,Sporanaerobacter,CAG-1000,MGYG000004127,HGM11417,UMGS731,UMGS692,Limosilactobacillus,CAG-45,Harryflintia,Ruminiclostridium_E,UBA1731,UMGS1477,UBA636,Enterococcus_G,MGYG000001903,Phascolarctobacterium_A,UBA940,CAG-791,UBA1394,Enterococcus_D,Cloacibacillus,UMGS1540,MGYG000003305,Butyricicoccus_A,Butyricicoccus,UBA5416,UMGS1472,UBA11940,UMGS268,UBA1181,Hungatella_A,MGYG000004443
rep438_seed2463	Alterileibacterium,MGYG000003855,UMGS1601,WRGP01,UMGS1976,Granulicatella,Mediterraneibacter,CAG-1031,NSJ-50,Pediococcus,Succinatimonas,RUG11200,MGYG000000674,Faecalibacillus,Pseudobutyrivibrio,Sneathia,Criibacterium,Enterobacter_A,TF01-11,TWA4,MGYG000004133,Fusicatenibacter,QALS01,HGM13006,UMGS1668,Phytobacter,MGYG000000346,UBA1375,Peptococcus,Enterocloster,CAG-877,Prevotella,GCA-900066755,UMGS268,MGYG000004850,UMGS1783,CAG-279,Niameybacter,PeH17,MGYG000002216,UBA3766,Hydrogeniiclostridium,Roseburia,CAG-873,SFMI01,MGYG000002696,Pseudoflavonifractor,HGM11417,Erysipelatoclostridium,Butyrivibrio_A,Cloacibacillus,UBA866,Eubacterium_F,SFHK01,UBA11517,BX12,UBA3818,Blautia,UCG-010,Klebsiella,Slackia,Neobacillus,Zag1,UBA4644,HGM11616,Eubacterium_T,Pseudomonas,HGM13010,UMGS1839,HGM12650,HGM11372,CAG-56,RUG410,CAG-590,Enterococcus_D,Pantoea,Ralstonia,Intestinibacter,Caecibacter
rep439_seed2464	MGYG000000387,Psychrobacillus,UMGS1633,UBA9414,UMGS1591,Aggregatibacter,UMGS1388,UBA1409,Gabonibacter,UMGS1322,UBA1390,An92,Sutterella,Porphyromonas_A,Cedecea,NSJ-62,Staphylococcus,Kluyvera,OM05-12,HGM11616,CAG-1193,UBA7597,CAG-354,BX12,HGM11507,Tidjanibacter,Akkermansia,Bruticola,Ruminococcus_C,Eubacterium_R,Veillonella_A,HGM12587,MGYG000004547,MGYG000003270,UBA6857,Campylobacter_A,MGYG000004811,Anaeroglobus,NSJ-63,Gastranaerophilus,HGM11808,Phocaeicola,UMGS75,UBA1691,HGM12650,CAG-884,Slackia,Lactococcus_A,Duncaniella,F0422,UBA4644,UMGS124,RUG14107,CAG-533,Megamonas,Eikenella,MGYG000000456,AF33-28,Murdochiella,Peptoniphilus_B,MGYG000004874,UMGS882,CAG-452,43-108,Negativicoccus,RQCD01,Butyrivibrio_A,Latilactobacillus,CAG-81,UMGS1839,CAG-45,Clostridium_J,Methanosphaera,Allisonella,Lachnospira,Moellerella,HGM04593,An172,Haemophilus
rep440_seed2465	Bacteroides,UBA1409,UMGS1338,Peptostreptococcus,CAG-452,CAG-110,Blautia_A,UBA1191,MGYG000004229,F0422,Granulicatella,CAG-41,UBA866,CAG-485,Anaeroplasma,Firm-10,Eubacterium,Pradoshia,HGM12814,Enterobacter_D,NK3B98,UBA6345,Proteus,Phil1,MGYG000000390,Bittarella,UMGS1477,UBA1731,Rikenella,Ruminococcus_C,RUG410,MGYG000004660,Limosilactobacillus,CAG-964,MGYG000003945,HGM13006,Weissella,UBA10677,CAG-449,NK4A136,CAG-349,ER4,Ruminococcus_G,UMGS1491,CAG-390,Clostridium_X,UMGS995,UBA636,UMGS966,Haemophilus_A,Arabia,UMGS1472,UBA1375,MGYG000003289,MGYG000000674,Clostridium_Q,UBA1417,Hungatella_A,CAG-603,Actinomyces,NSJ-38,Intestinibacter,Kosakonia,Serratia,CAG-103,UMGS1766,An181,Zag1,UMGS1781,UMGS856,Clostridium,UBA1691,Haemophilus_D,UMGS1851,MGYG000004604,Leclercia,UMGS1322,UMGS1375,HGM12713
rep441_seed2466	UBA866,Cronobacter,Eubacterium_F,HGM11507,UMGS1326,Parabacteroides,Kluyvera,CAG-314,Mediterraneibacter_A,UBA7748,UMGS1052,RUG115,CAG-510,UMGS1071,MGYG000004660,Eggerthella,MGYG000002075,CAG-45,UMGS263,BX12,UBA7173,UMGS1370,MGYG000003289,Bacillus_A,Clostridium_B,Clostridium_A,UBA1685,Flavonifractor,Haemophilus_A,Paenibacillus_A,Paraeggerthella,UBA1737,Peptoniphilus_C,UBA3402,Faecalibacillus,Emergencia,CAG-279,CABIZH01,Enterobacter_D,CAG-451,Desulfovibrio,Acetivibrio_A,Acinetobacter,Intestinibacter,UBA4644,Peptostreptococcus,Fusobacterium_A,Ruminococcus_F,UMGS1840,Ruminococcus_G,Mesosutterella,Butyricicoccus,MGYG000003490,Anaerosacchariphilus,KM106-2,UBA945,UBA1752,CAG-724,Lachnoanaerobaculum,UBA9502,MGYG000000728,Dialister,UMGS731,MGYG000004874,MGYG000003270,Borkfalkia,MGYG000004445,SFEL01,Lentilactobacillus,UBA3818,UBA4334,Pseudoflavonifractor,CAG-245,CAG-492,Lawsonella,UMGS1322,PeH17,F23-B02,UMGS929
rep442_seed2467	Peptoniphilus_C,Cedecea,Methanomassiliicoccus_A,Sporanaerobacter,UMGS1202,UMGS1002,MGYG000000456,UBA1232,AF33-28,UMGS1241,UBA2856,Cloacibacillus,Hydrogeniiclostridium,Campylobacter_A,SFDB01,CAG-354,UMGS1783,Ezakiella,MGYG000003490,UMGS1839,Victivallis,Atlantibacter,CAG-521,UMGS1858,MGYG000002685,Arabia,HGM11788,UBA6382,Clostridium_P,Parvimonas,UMGS1668,Enterocloster,Varibaculum,HGM13233,SFEL01,Parolsenella,Gemella,Aneurinibacillus,CAG-194,CAG-1031,Pseudoflavonifractor,UBA11471,Eggerthella,Klebsiella_A,Prevotellamassilia,UMGS1889,Marseille-P3106,Butyricicoccus,Phil1,HGM12587,Escherichia,UBA9502,Neobacillus,Massilistercora,CAG-882,Aggregatibacter,Pseudomonas,RUG12045,GCA-900066755,UMGS1253,UBA1786,Clostridium_J,Granulicatella,Peptacetobacter,Lawsonella,CAG-274,MGYG000003270,MGYG000000286,Lactobacillus,Butyricicoccus_A,Coprococcus,DTU089,NSJ-61,Yersinia,UBA2821,Megamonas,Lancefieldella,Terrisporobacter,UBA10677
rep443_seed2468	Chimaeribacter,CAG-594,DUOT01,UMGS1663,Oribacterium,GCA-900066905,Pauljensenia,HGM05232,Lachnoanaerobaculum,QALR01,Alloprevotella,UBA10281,Citrobacter,TWA4,CAG-1427,Pantoea,Edwardsiella,Mixta,UC5-1-2E3,RUG13868,Sporanaerobacter,MGYG000004133,Peptostreptococcus,Ruminococcus_E,HGM11514,Lactobacillus,Olsenella,UMGS1611,Christensenella,NSJ-50,CAG-417,Haemophilus_A,HGM11521,MGYG000000728,CAG-762,HGM13010,Ruminiclostridium_E,QAKD01,CAG-710,OF09-33XD,CAG-631,MGYG000000574,SFDP01,CAG-217,UMGS1783,Lawsonibacter,Alistipes_A,Cellulosilyticum,Sellimonas,UMGS1307,Faecalicoccus,MGYG000002758,Anaeroplasma,Romboutsia,RUG12045,UBA1417,HGM11327,UBA7748,UMGS1537,Bacillus_J,UBA4334,UBA2821,Campylobacter,HGM11788,UBA2883,UBA6345,CAG-628,CAG-831,CAG-582,CAG-180,Massilicoli,Parolsenella,Aggregatibacter,Amedibacterium,Paraprevotella,Pseudescherichia,Salinicola,UBA945,CAG-462
rep444_seed2469	MGYG000000456,UMGS2016,Cellulosilyticum,Mediterraneibacter,CAG-492,UBA11517,Pygmaiobacter,Peptococcus,CAG-411,UBA1777,Dysosmobacter,Pauljensenia,Enterococcus_A,Aeromonas,Enterococcus_C,Cedecea,Ruminococcus,HGM12998,UMGS1384,Niameybacter,F0040,UMGS1338,UBA3402,UBA6857,Zag1,UMGS1326,HGM11588,Frisingicoccus,UMGS1375,Anaerobutyricum,CAG-81,Clostridium_P,CAG-557,MGYG000003305,UBA1181,Escherichia,Robertmurraya,UBA4855,Companilactobacillus,Eubacterium_F,JAAYBB01,CAG-451,UBA945,Peptoniphilus_E,CAG-495,MGYG000000505,UMGS1864,Peptoniphilus_B,Enterococcus,UMGS1052,Anaerococcus,CAG-238,Faecalicoccus,MGYG000000346,CAG-245,Gemmiger,Gastranaerophilus,UBA11452,Massiliomicrobiota,UBA7160,Coprococcus_A,UMGS856,Dialister,UMGS1490,UMGS680,Absicoccus,NSJ-62,Nitratidesulfovibrio,MGYG000004445,Limosilactobacillus,UMGS1994,Stoquefichus,Cronobacter,UMGS263,Hungatella_A,RUG12045,UMGS1975,UMGS1004,UMGS577
rep445_seed2470	UBA1737,Lachnoanaerobaculum,43-108,UBA11452,MGYG000000350,MGYG000004811,Leuconostoc,Massilioclostridium,UMGS1293,VSOB01,Enterococcus_D,Limosilactobacillus,Pradoshia,UBA4644,CAG-1193,RUG472,Pseudomonas_R,UBA10677,Butyrivibrio_A,CAG-1000,Christensenella,HGM12814,MGYG000004850,NSJ-63,Raoultella,UMGS599,Neobittarella,UMGS1820,UMGS172,An181,Haemophilus_A,Arabia,Peptoniphilus_E,Peptostreptococcus,Ruminococcus_A,Lactobacillus,Dielma,MGYG000000346,UBA1259,UMGS1253,ER4,Selenomonas_C,Holdemania,CAG-964,Proteus,UBA5026,RUG420,Hafnia,QAMH01,Weimerbacter,UMGS995,CAG-582,Firm-11,Anaerobutyricum,Eggerthella,Hungatella_A,RUG806,Leptotrichia,HGM11588,Varibaculum,UBA3263,UMGS1002,MGYG000001871,An92,Lachnoclostridium_A,CAG-194,UBA5446,Clostridium_Q,UMGS1109,Allisonella,CAAEEV01,Beduini,Kallipyga,Bilophila,Lacticaseibacillus,RUG14107,Bittarella,HGM11386,Desulfovibrio
rep446_seed2471	UMGS692,UBA737,Dorea,RF16,Murimonas,Lachnoanaerobaculum,UBA1711,UBA3402,Faecalicoccus,UMGS1781,AF33-28,Haemophilus_D,UBA7102,Stoquefichus,UMGS1901,CAG-314,UMGS1601,Sneathia,Enterococcus_B,Rahnella,UBA1417,MGYG000004445,HGM11788,CAG-762,Mailhella,UMGS1613,UBA10281,Morganella,HGM11521,Succiniclasticum,Adlercreutzia,Leminorella,UMGS1251,V9D3004,UBA11512,SFFH01,CAG-462,Lactococcus,Phytobacter,Arcanobacterium_A,CAG-177,Evtepia,Desulfovibrio,Corynebacterium,Acetivibrio_A,Acidaminococcus,OM05-12,Clostridium_F,UMGS577,An181,MGYG000004172,Lactobacillus,UBA7488,HGM11808,QAKW01,UMGS929,CAG-510,GCA-900066135,Clostridium_E,Lactococcus_A,RUG705,MGYG000003270,JAAYBB01,RUG12045,Mobiluncus,UBA7057,Citrobacter,SFFS01,UBA6345,MGYG000000390,QALW01,Ruminococcus_B,UMGS1688,Atlantibacter,Enterococcus_C,CAG-776,Ralstonia,UMGS1518,MGYG000004094
rep447_seed2472	UBA5446,MGYG000001903,Eubacterium_M,UMGS1312,MGYG000000574,UMGS1633,UBA737,MGYG000004172,RUG420,CAG-791,WRGP01,UMGS1241,Pseudomonas,Faecalimonas,UBA7488,MGYG000000587,Stomatobaculum,CAG-485,Hungatella,Megamonas,CAG-302,UBA11452,Lactonifactor,CAG-390,CAG-557,Enterobacter_D,Eubacterium_R,HGM11372,UMGS911,Epilithonimonas,RUG11247,MGYG000003270,Bacilliculturomica,NC2004,UMGS1540,Coprococcus,Eubacterium,43-108,Acidaminococcus,Yokenella,Firm-07,Mediterraneibacter,Cedecea,CAG-462,Gabonibacter,CAG-303,Merdimonas,UMGS1251,QALS01,UMGS874,Clostridium,MGYG000004029,Neobacillus,Criibacterium,51-20,AF33-28,Dysgonomonas,UMGS172,HGM11507,Pseudescherichia,MGYG000002702,UC5-1-2E3,Veillonella,UBA1390,Bacteroides,Stenotrophomonas,CAG-279,Eikenella,HGM13233,UMGS1810,UBA1259,Marvinbryantia,Ruminococcus_B,Bacteroides_F,Pseudobutyrivibrio,Leclercia,HGM12957,CAG-465,Lactiplantibacillus
rep448_seed2473	Firm-07,HGM11808,Pantoea,UBA3388,Oxalobacter,MGYG000001871,UMGS1880,UMGS1052,Anaerofustis,S5-A14a,UMGS2055,HGM11616,UMGS1490,CAG-791,UBA9506,CAG-41,UMGS1864,MGYG000002696,UBA1417,CAG-590,CACZQA01,Collinsella,UMGS172,UBA7057,MGYG000003270,CAG-274,Serratia,MGYG000002719,Holdemania,Parvimonas,Faecalicoccus,Chimaeribacter,CAG-110,CAG-882,Prevotellamassilia,MGYG000003970,MGYG000001953,Enterococcus_D,UBA6398,HGM11530,Enteroscipio,CAG-115,Eubacterium_R,Citrobacter,CAG-462,HGM12669,UBA738,HGM13618,Agathobaculum,Kallipyga,UMGS1901,OF09-33XD,DTU089,Lactococcus,CAG-313,MGYG000000728,Cedecea,CAG-353,Ligilactobacillus,Providencia,MGYG000003289,QAMM01,Klebsiella_A,Bittarella,CAG-495,UBA644,Phil1,Superficieibacter,RUG472,Dysgonomonas,Lachnospira,Companilactobacillus,Alistipes_A,Veillonella_A,SFTJ01,Haemophilus_D,UMGS2037,Faecalibacterium,OM05-12
rep449_seed2474	CAG-302,UMGS1613,MGYG000003490,NSJ-38,CAG-448,CAG-791,CAG-217,Turicibacter,UMGS1338,Lawsonibacter,MGYG000003289,WRGP01,Enterococcus_B,Acidaminococcus,UMGS1783,NSJ-32,UMGS882,UMGS1441,Eisenbergiella,Romboutsia,Alistipes_A,HGM13618,Erysipelatoclostridium,UBA1822,Peptoniphilus_A,UBA4644,Evtepia,UMGS1603,Olsenella_B,CAG-492,Enorma,MGYG000003297,Gastranaerophilus,Campylobacter,MGYG000004133,Muricomes,Cloacibacillus,CACZQA01,Prevotella,Parolsenella,Absicoccus,UMGS1241,Eggerthella,UMGS1109,Aggregatibacter,CAG-451,CAG-617,Firm-07,CAG-590,Collinsella,Mediterraneibacter_A,UBA6345,Harryflintia,HGM05232,Clostridium_Q,Leminorella,Alloscardovia,Methanobrevibacter_A,Anaeroplasma,UMGS1865,Mobiluncus,MGYG000000346,HGM11523,UBA1394,Proteus,CAG-495,F0422,Ruminococcus,Negativicoccus,Duodenibacillus,MGYG000004094,CAG-127,UMGS1518,Lactonifactor,Fournierella,Leclercia,Pseudoruminococcus,UMGS1537,UMGS75
rep450_seed2475	RUG472,QALS01,Neisseria,CAG-45,UMGS1312,Eubacterium_G,Ruminococcus_F,HGM12814,CAG-1024,Anaerocolumna,HGM11588,Companilactobacillus,Lacticaseibacillus,Harryflintia,Enorma,CAG-632,CAG-617,Scardovia,Enterobacter_D,Oscillibacter,SFFS01,Clostridium_F,MGYG000000574,Acetatifactor,MGYG000002053,Clostridium_X,UBA945,BX12,UBA5905,MGYG000003297,UMGS1883,SFEL01,Butyricimonas,Lachnospira,Pseudescherichia,UBA6398,Finegoldia,UBA1206,UBA7057,SFFH01,MGYG000000350,Stoquefichus,SFHK01,Ruminococcus_E,UMGS929,Selenomonas_C,UBA1740,SFDP01,Clostridium_Q,CAG-272,RUG11198,Moellerella,Citrobacter_B,CAG-475,UBA1191,Dorea_B,UMGS1004,RQCD01,Sneathia,UMGS1668,An92,NK3B98,Campylobacter,HGM12998,Fournierella,Aneurinibacillus,Roseburia,Coprococcus_A,CAG-710,NSJ-38,UMGS882,UBA4334,MGYG000000346,Rubneribacter,Leminorella,UMGS1600,UBA7173,MGYG000000674,UMGS911
rep451_seed2476	MGYG000003945,Corynebacterium,Cellulosilyticum,NSJ-61,QALS01,Peptostreptococcus,CAG-710,UBA6382,Gemella,GCA-900066905,Enterocloster,RUG806,Phytobacter,UMGS1477,Succinatimonas,Clostridium_F,MGYG000004127,NC2004,NSJ-62,Fusobacterium_C,CHH4-2,Massilioclostridium,UBA5920,HGM11416,UMGS1865,Prevotellamassilia,CAG-288,HGM11523,UBA9414,MGYG000003297,UMGS2055,Clostridium_B,MGYG000002726,NSJ-63,UMGS2037,RUG572,Beduini,UMGS1307,UMGS929,MGYG000004443,UBA3631,UBA1829,CAG-882,UMGS1696,Roseburia,Cutibacterium,Lachnoanaerobaculum,UMGS403,NSJ-32,UMGS1668,CAG-273,UC5-1-2E3,PeH17,CAG-170,UMGS1840,CABIZH01,Robinsoniella,Muribaculum,UMGS1572,UMGS973,Phascolarctobacterium_A,Eubacterium_F,MGYG000000350,MGYG000000390,UMGS1071,Gemmiger,CAG-313,Massilistercora,Lachnoclostridium_B,Negativibacillus,V9D3004,MGYG000000378,Clostridium_N,Clostridium_X,UBA1752,Criibacterium,F23-B02,Paraclostridium,Psychrobacillus
rep452_seed2477	UBA4855,Anaerofustis,HGM11327,Amulumruptor,Yersinia,Parvimonas,AM07-15,Clostridium_Q,MGYG000002719,CAG-776,UBA5416,CAG-349,HGM12998,Eubacterium_J,SFEL01,Ruminiclostridium_E,Clostridium_AQ,UBA6857,UMGS874,UBA3402,Klebsiella,Phascolarctobacterium,Massilistercora,Succinivibrio,Anaerosalibacter,Faecalicoccus,SFJ001,Slackia,HGM04593,Staphylococcus,Nitratidesulfovibrio,Schaedlerella,Leminorella,Murimonas,UBA1232,CHH4-2,UBA636,UMGS946,UMGS363,MGYG000004229,Phil1,Evtepia,MGYG000004177,UMGS1976,Terrisporobacter,Beduini,MGYG000004660,Amedibacillus,RUG472,UMGS1518,UMGS172,UBA1685,UMGS124,Acidovorax,Methanomassiliicoccus_A,Enterobacter_A,Enterococcus_C,UBA3631,Rubneribacter,UBA6345,UMGS966,Criibacterium,D5,Bacillus_J,UMGS1901,UBA7702,VSOB01,Olsenella_B,HGM11386,Zag1,RUG13868,Niameybacter,Leuconostoc,SFGY01,UBA6382,UBA5884,MGYG000000456,UMGS1670,Marseille-P3106
rep453_seed2478	HGM13862,MGYG000004061,CAG-617,UMGS1975,QALR01,UMGS874,Enterococcus,Citrobacter_B,Psychrobacillus,Corynebacterium,MGYG000004172,UBA945,Eubacterium_M,Fournierella,Kallipyga,SFHK01,UMGS1810,CAG-110,UBA2883,Slackia_A,Hydrogeniiclostridium,CAG-349,Clostridium_P,MGYG000004660,MGYG000004380,Blautia_A,Phascolarctobacterium,Muricomes,MGYG000000574,MGYG000000456,UMGS1590,SFLA01,TWA4,Phil1,F23-B02,MGYG000003305,Akkermansia,CAG-557,UMGS1851,Ruminococcus_F,CAG-196,UBA6382,CAG-533,UMGS403,Murimonas,S5-A14a,UBA7488,UMGS1387,CACZQA01,Amulumruptor,Raoultella,CAG-917,CAG-302,HGM05232,Enterocloster,Superficieibacter,UBA4855,HGM11327,Brachyspira,Yersinia,Slackia,Oscillibacter,Nitratidesulfovibrio,Faecalitalea,UBA5905,UBA3402,UBA1740,Klebsiella_A,UMGS1474,SFMI01,UBA11452,UBA1731,UBA11471,Haemophilus_A,Holdemania,Anaerobutyricum,MGYG000004133,Sneathia,HGM13618
rep454_seed2479	HGM04593,Alistipes,MGYG000004094,UBA11940,UMGS995,HGM11507,UMGS1251,Morganella,SFDP01,SFFH01,NSJ-32,MGYG000004547,Sutterella,Clostridioides,Mixta,Slackia,Hungatella_A,CAG-56,UMGS905,VSOB01,MGYG000002696,CAG-390,UMGS1472,Phascolarctobacterium_A,HGM13618,CAG-964,RF16,CAG-452,CAG-460,Peptacetobacter,D5,UMGS1487,Bacteroides,Stoquefichus,Anaerocolumna,Dorea_A,MGYG000004061,UBA10281,HGM11616,UBA1829,Methanomassiliicoccus_A,Streptococcus,UBA1181,Providencia,Brachyspira,Franconibacter,Holdemania,RUG806,RUG11200,OM05-12,TWA4,UBA866,Merdimonas,CAG-196,UMGS2037,Terrisporobacter,WG-1,Mobilibacterium,UMGS2016,Firm-11,Exiguobacterium,Fenollaria,UBA945,UMGS1071,Bacillus_J,SCN-57-10,MGYG000004445,Porphyromonas,Enterococcus_G,UBA7057,DUOT01,MGYG000000346,CAG-317,UMGS1384,Anaerosacchariphilus,UMGS1279,Methanobrevibacter_A,Monoglobus,UBA1685
rep455_seed2480	CAAHEQ01,Cronobacter,SFGY01,Lactiplantibacillus,UBA5026,1XD42-69,Superficieibacter,MGYG000000425,CAG-510,Yokenella,Ruminococcus_A,Plesiomonas,UBA636,HGM11507,Haemophilus,Neobacillus,UMGS1052,Megasphaera,Arcanobacterium_A,Kallipyga,Succiniclasticum,Bruticola,KLE1615,Senegalimassilia,UMGS1865,CAG-349,Butyricicoccus_A,Schaedlerella,Clostridium_AP,UMGS1611,CAG-279,CAG-1031,Bulleidia,Intestinimonas,UBA9414,UMGS946,Moellerella,Fenollaria,UBA9475,Methanosphaera,UMGS1603,CAG-521,Oscillibacter,Faecalibacillus,Lentilactobacillus,Morganella,QAKD01,SFVR01,RUG472,V9D3004,UBA7597,CAG-145,UBA5394,Duncaniella,Blautia_A,Citrobacter_B,UBA1181,Roseburia,UBA4372,Pseudoruminococcus,Angelakisella,CAG-217,UMGS1883,UBA11517,CAG-449,Paraclostridium,UBA11452,CAG-353,ER4,CAG-312,HGM11514,UBA2883,Agathobaculum,UBA11471,UBA1829,UBA11940,UMGS1004,CAG-590,Clostridium
rep456_seed2481	CAG-417,Providencia,UMGS1052,CAG-1000,DTU089,Niameybacter,CAG-841,UMGS403,QAMM01,RUG806,UMGS973,RC9,CAG-791,Megamonas,UBA11517,MGYG000004177,VUNI01,MGYG000000425,Phytobacter,Leminorella,Phascolarctobacterium_A,UC5-1-2E3,UMGS731,MGYG000000505,Slackia,Salmonella,UMGS1839,MGYG000004660,HGM11368,MGYG000002719,Alistipes_A,UMGS1490,UBA5905,NSJ-32,Amedibacterium,UBA7488,F23-B02,CAG-1024,UBA1181,WG-1,Fusicatenibacter,Marvinbryantia,UBA1191,Pygmaiobacter,Bacilliculturomica,AM07-15,CAG-710,HGM12587,CAG-279,Duncaniella,Butyricicoccus_A,Alistipes,UBA1786,CAG-533,UMGS1418,Cetobacterium_A,SFMI01,Fournierella,Campylobacter_A,Anaerosacchariphilus,Hydrogeniiclostridium,Eubacterium_M,S5-A14a,OF09-33XD,UBA1685,Clostridium_AP,UBA3766,SFHK01,Dorea,Bacteroides,Hungatella_A,CAG-617,JAAYBB01,Moellerella,UBA10677,Companilactobacillus,Pseudomonas_E,UMGS966,HGM05232
rep457_seed2482	UBA1191,KM106-2,CAG-317,RUG572,CAG-196,CAG-194,UBA9475,Stomatobaculum,UCG-010,UMGS1611,Fournierella,UBA5394,UMGS1004,CAG-448,Amedibacillus,SFEL01,HGM14224,Yokenella,UBA866,Neobittarella,Victivallis,Salinicola,HGM11501,Pseudobutyrivibrio,Adlercreutzia,Vibrio,UMGS263,UMGS363,HGM12713,CAG-582,Firm-10,Caproiciproducens,CAG-632,Niameybacter,UMGS929,Muribaculum,UBA1829,Ruminococcus_F,Terrisporobacter,KLE1615,F0040,QAMM01,1XD42-69,HGM11525,Brachyspira,Megasphaera,Nitratidesulfovibrio,Providencia,Eubacterium_I,CAG-452,Hydrogeniiclostridium,UMGS577,AM51-8,Hafnia,Moellerella,Merdimonas,Murimonas,Duodenibacillus,Lachnospira,Enterocloster,UMGS946,Cloacibacillus,UMGS882,43-108,UMGS911,CAG-353,CAG-313,F23-B02,MGYG000004660,UBA4644,CAG-710,Peptostreptococcus,UMGS1623,UMGS874,UMGS1474,Sporanaerobacter,HGM13010,MGYG000000574,Olsenella_E
rep458_seed2483	UBA1417,UMGS1851,UBA4285,HGM11788,Agathobaculum,Allisonella,Franconibacter,MGYG000004172,Amedibacterium,Rubneribacter,MGYG000000286,CAG-1024,UMGS1783,Cetobacterium_A,AM07-15,UMGS1601,VSOB01,CAG-510,MGYG000002683,Clostridium_J,UBA1685,UMGS995,Anaerococcus,CAG-884,Ruminococcus_C,BX12,MGYG000002719,MGYG000004112,Paraeggerthella,UMGS874,Angelakisella,Ruminococcus_F,Neisseria,UBA636,UBA9502,UBA11774,UMGS363,UMGS1572,Raoultibacter,Firm-07,Lawsonella,CAG-279,UBA7173,Peptococcus,Acidovorax,Olsenella,CAG-354,Vibrio,Mesosutterella,UMGS1472,Mailhella,QALW01,CAG-841,UBA5884,Mobilibacterium,UMGS1338,Lactobacillus,Scardovia,Zag1,UMGS1384,UBA4372,UBA1390,CAG-460,Anaerostipes,Anaerocolumna,CAG-103,Campylobacter_B,MGYG000004604,Parolsenella,Marseille-P4683,Corynebacterium,Peptoniphilus_B,MGYG000002758,Leptotrichia,Raoultella,UBA4716,HGM11327,AM51-8,UMGS1004
rep459_seed2484	UMGS1397,CAG-269,Olsenella,Criibacterium,MGYG000002758,CAG-56,CAG-238,CAG-462,Clostridium_AQ,Mobiluncus,QAMH01,F23-B02,Merdimonas,Pediococcus,F082,NC2004,An181,CAG-312,CAG-628,Eubacterium_I,Cutibacterium,Erysipelatoclostridium,MGYG000004445,Fusobacterium,Murimonas,Succiniclasticum,Yersinia,Slackia,Megamonas,MGYG000000378,Anaerofustis,UBA1390,Haemophilus_D,WG-1,Pluralibacter,HGM12957,UMGS1071,UMGS1052,Actinobaculum,CAG-793,Eubacterium_F,CAG-594,Murdochiella,Marseille-P3106,UBA7057,MGYG000003289,Bruticola,CAG-170,UMGS1279,QALR01,Acetivibrio_A,Ellagibacter,MGYG000002216,Enorma,Paraprevotella,MGYG000002696,Pyramidobacter,CABIZH01,UMGS363,Leptotrichia,Butyrivibrio_A,UBA1711,UMGS1293,Enterobacter,UBA11774,CAG-582,Flavonifractor,UMGS1670,CAG-1427,Megasphaera,GCA-900066905,Escherichia,UMGS731,HGM13618,Lachnoanaerobaculum,HGM12650,CAG-302,UBA5884,Bacillus_A
rep460_seed2485	CAG-451,Succinatimonas,Clostridium_B,UMGS1815,CAG-594,Senegalimassilia,F0422,Allisonella,MGYG000000728,UMGS911,UBA4372,Mediterraneibacter,Succiniclasticum,Johnsonella,CAG-1000,HGM11501,UBA4871,UBA1731,Olsenella_B,MGYG000000425,UBA1777,Lancefieldella,Desulfovibrio,VSOB01,CAG-302,UBA945,UMGS874,Longibaculum,UBA5920,Megamonas,UMGS1326,CAG-217,Caecibacter,Bilophila,Zag1,UBA3818,UBA2883,UBA3766,UMGS1820,Parabacteroides,CAG-964,Slackia_A,UMGS1670,UBA11940,Neobacillus,CAG-313,Acidaminococcus,An181,Barnesiella,Yokenella,Terrisporobacter,CAG-884,UMGS1537,UBA1259,UMGS1532,UMGS1224,Butyrivibrio_A,CHH4-2,MGYG000002685,UBA1820,Victivallis,SFLA01,RUG572,Enterococcus_D,MGYG000002053,Harryflintia,MGYG000004811,Stomatobaculum,Dorea,HGM11525,CAAEEV01,Anaerotignum,UMGS1387,Bacteroides_F,Ligilactobacillus,Catenibacillus,Coprobacter,CAAHEQ01,UBA1685
rep461_seed2486	Caproiciproducens,HGM12713,CAG-103,MGYG000003305,MGYG000002685,Parabacteroides,UMGS1225,Dialister,CAG-272,RUG572,UMGS1293,CAG-217,UBA5446,Leclercia,CAG-841,Faecalicoccus,Emergencia,UBA3388,Morganella,Lachnoanaerobaculum,HGM11575,Succinivibrio,UMGS1224,UMGS1670,CAG-390,CAG-127,Ruminiclostridium_E,Acinetobacter,UBA7748,CAG-41,CAAEEV01,Dorea,NK3B98,Lawsonella,CAG-822,CAG-449,UBA4644,Paraclostridium,CAG-238,CAG-313,Prevotellamassilia,RUG705,UBA6345,HGM11386,UBA945,UBA7057,MGYG000003490,Massilimaliae,MGYG000004556,NC2004,Providencia,Arcanobacterium_A,RUG420,UBA1206,UMGS1241,HGM11368,Anaerofustis,MGYG000004547,Alterileibacterium,AM51-8,CAG-533,CAG-317,MGYG000002702,Butyrivibrio_A,Alloprevotella,CAG-831,UBA5905,Lactonifactor,Firm-10,UBA7488,UBA7597,Coprococcus,CAG-710,Ruminococcus_F,Fusicatenibacter,Amedibacterium,HGM12669,UMGS1864,SFJ001
rep462_seed2487	NK4A136,Dysosmobacter,Acetatifactor,UMGS1109,UMGS1633,CAG-882,Lawsonella,Dielma,SFFH01,UBA1259,CAG-390,UBA1409,Borkfalkia,Mobilibacterium,Pediococcus,Murdochiella,UMGS1225,UMGS1384,Porphyromonas_A,MGYG000002216,UBA5026,Zag1,Kallipyga,Clostridium_Q,Phil1,CAG-177,Campylobacter_B,CAG-884,CAG-115,Firm-11,Zag111,Faecalitalea,MGYG000004874,UMGS1883,Butyricicoccus_A,Christensenella,Peptoniphilus_C,UBA1752,F0422,UMGS1901,Sneathia,Amedibacillus,UBA6398,Enterococcus_A,Hydrogeniiclostridium,Butyricicoccus,CAG-964,Stenotrophomonas,Selenomonas_C,UMGS1933,Pseudobutyrivibrio,MGYG000002010,UBA11471,UBA1740,Caecibacter,UMGS966,Mediterraneibacter_A,Scardovia,Bacillus_J,CAG-1031,CAG-313,UMGS995,UBA1417,Pauljensenia,NSJ-62,Rahnella,CAG-917,UBA636,UMGS973,Anaeroglobus,Salinicola,Veillonella,UBA2821,CAG-492,Actinomyces,Superficieibacter,Anaerocolumna,Clostridium_J,Enterococcus_C
rep463_seed2488	UMGS416,Anaerostipes,Lacrimispora,Lachnoclostridium_A,HGM11386,CAG-317,Slackia_A,UMGS1225,Eubacterium_G,Monoglobus,Citrobacter_A,Clostridium_N,Frisingicoccus,MGYG000002719,MGYG000004172,MGYG000002683,Allisonella,UMGS680,Succinivibrio,UMGS1864,Massilistercora,Dielma,SFEL01,UBA4871,Butyricicoccus,CAG-475,SFFH01,Cellulosilyticum,CAG-521,UMGS856,NK4A136,MGYG000003289,Vibrio,UMGS1253,HGM12957,HGM12587,HGM11530,Firm-07,Fournierella,UBA3402,MGYG000004171,Methanosphaera,CAG-1024,Lactobacillus,UBA4716,CAG-103,HGM11368,UMGS1766,Clostridioides,UMGS577,Actinobaculum,UBA11471,HGM13010,UMGS1839,CAG-196,UMGS1851,UC5-1-2E3,Mobiluncus,CAG-452,UBA9475,Massiliomicrobiota,Coprobacter,CAG-269,43-108,UMGS1279,UMGS1883,UBA5416,Campylobacter_B,Methanobrevibacter_A,Fenollaria,Marseille-P3106,GCA-900066135,UBA7597,HGM11788,Beduini,Leclercia,Leuconostoc,Franconibacter,MGYG000004556
rep464_seed2489	QANG01,Coprococcus,Weissella,Peptococcus,Campylobacter,UBA11524,UMGS1279,UBA1259,Senegalimassilia,UBA644,Lachnoclostridium_B,UBA2821,HGM11530,COE1,Proteus,CAG-724,Corynebacterium,Rubneribacter,Amulumruptor,Succinatimonas,Paenibacillus_A,UMGS1840,Succinivibrio,Alistipes_A,Franconibacter,MGYG000004811,Pluralibacter,ER4,HGM12669,Cloacibacillus,CAG-272,UBA2882,Romboutsia,CAG-495,Brachyspira,Longibaculum,HGM12814,An181,Sutterella,UMGS1109,CAG-628,Parasutterella,Acidaminococcus,UMGS1224,SFVR01,Coprobacillus,Eikenella,Parolsenella,Negativicoccus,Peptoniphilus_B,Oscillibacter,Ruminococcus,Enterococcus_A,Lacrimispora,Massiliomicrobiota,MGYG000001903,UMGS1611,Eubacterium_I,UBA7488,CAG-145,Superficieibacter,SFFS01,Paraprevotella,VUNI01,VUNA01,UMGS599,UBA10281,MGYG000004133,UMGS874,Enterococcus,UMGS1487,UMGS1839,MGYG000004061,Fusicatenibacter,Clostridium_AQ,UBA1394,HGM12957,MGYG000001871,UMGS856
rep465_seed2490	Megasphaera,Varibaculum,RUG131,Granulicatella,UMGS1688,RF16,HGM12814,UBA2882,CAG-510,MGYG000000505,MGYG000004445,Pseudoflavonifractor,UBA4372,UBA11452,51-20,CAG-127,Clostridium_P,Franconibacter,Ezakiella,Oribacterium,UMGS1901,Lachnoclostridium,HGM11530,CAG-485,HGM13862,Peptococcus,UMGS1872,HGM11507,UMGS1880,GCA-900066755,Fannyhessea,Bruticola,Klebsiella_A,Acinetobacter,HGM11808,Enterobacter_A,Beduini,CAG-882,Terrisporobacter,NSJ-61,Anaerosporobacter,Azonexus,MGYG000000350,CAG-1427,Leminorella,Staphylococcus,Cetobacterium_A,Merdimonas,Faecalicoccus,UMGS1474,Coprococcus_A,Ruminococcus_D,Neobittarella,UBA7182,Clostridium_B,Anaeroplasma,CAG-449,UBA11524,Mailhella,Gabonibacter,Anaerostipes,Olsenella_B,Citrobacter,UMGS1279,Gemella,CAG-217,Lancefieldella,Neisseria,CAG-465,Cronobacter,CAG-582,MGYG000000728,Romboutsia,Plesiomonas,Eubacterium_G,UMGS1312,DUOT01,QAMH01,Massiliomicrobiota
rep466_seed2491	Clostridium_B,Veillonella_A,CAG-196,RUG572,Alterileibacterium,Bacillus_A,NK3B98,QALS01,HGM11788,UBA1711,CAG-873,UMGS1312,HGM04593,Rikenella,HGM11525,CAG-492,Kallipyga,CAG-245,MGYG000003297,UBA1752,CAG-628,Methanomassiliicoccus_A,F23-B02,MGYG000000745,Alistipes_A,HGM12650,UMGS1004,Lactococcus_A,MGYG000000350,Staphylococcus,Dorea,Anaerotignum,UMGS1491,Lactobacillus,UMGS1864,MGYG000002685,UBA9475,UMGS1663,Peptoniphilus_E,Streptococcus,MGYG000000425,Haemophilus_D,Beduini,CAG-488,Peptoniphilus_B,QAMM01,GCA-900066755,Parolsenella,CAG-841,UMGS1975,PeH17,Plesiomonas,CAG-582,Franconibacter,RUG11247,Odoribacter,UMGS1880,Prevotella,MGYG000004171,SFHK01,Epilithonimonas,CAG-590,UBA3631,Clostridium_J,HGM14224,Corynebacterium,Turicimonas,Marseille-P3106,RUG806,UMGS1883,Enterobacter,CAG-1000,Fusobacterium_B,CAG-177,Anaeroplasma,HGM11530,SCN-57-10,MGYG000004727,VUNI01
rep467_seed2492	NK3B98,QANA01,Fusobacterium_A,Sutterella,Edwardsiella,Holdemania,Catenibacillus,Flavonifractor,Hungatella_A,HGM11372,Leminorella,UMGS577,NSJ-63,Bifidobacterium,UMGS1537,Mitsuokella,Criibacterium,NSJ-61,Sellimonas,Anaerococcus,Clostridium_AP,CAG-115,Eubacterium_M,Pediococcus,Borkfalkia,Pseudescherichia,Clostridium_J,Clostridium,OM05-12,UMGS1994,Companilactobacillus,CAG-110,UBA5026,ER4,CAG-617,QALW01,MGYG000000350,Arabia,F0422,Butyrivibrio_A,Haemophilus,HGM11416,RUG420,UBA9502,Pygmaiobacter,Stenotrophomonas,HGM11616,Fusobacterium_B,UBA4644,Eubacterium_F,UBA7160,Phytobacter,UMGS1591,Zag1,MGYG000000745,Longicatena,CAG-793,Phocaeicola,Marvinbryantia,Fannyhessea,GCA-900066905,Clostridium_P,Methanosphaera,Ruminiclostridium_E,CAG-762,MGYG000004229,Coprobacillus,Angelakisella,UMGS1004,Terrisporobacter,Ellagibacter,Bacteroides,UBA7185,GCA-900066135,QAMH01,UBA11471,CAG-776,KM106-2,Amulumruptor
rep468_seed2493	F0422,MGYG000003490,RUG131,UMGS1326,Succiniclasticum,UMGS1601,Borkfalkia,Megamonas,Anaerobutyricum,UBA7173,CAG-590,51-20,Agathobaculum,CAG-41,Firm-10,RC9,Pseudobutyrivibrio,Methanomassiliicoccus_A,Phytobacter,Pediococcus,QANG01,NC2004,UMGS1071,COE1,Cronobacter,CAG-180,Lactococcus_A,Parvimonas,Frisingicoccus,SFDP01,Zag1,MGYG000002575,Enterococcus,F082,CAG-353,CAG-417,Longibaculum,UMGS599,Haemophilus_D,Amedibacterium,HGM11507,RUG11200,UBA11940,Haemophilus,UBA1685,Coprococcus_A,CAG-314,Massiliomicrobiota,CAG-603,Bruticola,Faecalicoccus,Stoquefichus,UMGS124,CAG-488,UMGS1826,CAG-485,SFMI01,HGM12650,MGYG000000286,Dorea_A,RUG023,Ralstonia,HGM11523,UMGS1590,UMGS1864,Gordonibacter,Robinsoniella,Paraeggerthella,Morganella,Mediterraneibacter,UBA4285,UMGS1487,Treponema_D,MGYG000001871,CAAHEQ01,HGM11372,CHH4-2,UMGS1696,Staphylococcus
rep469_seed2494	UMGS1370,UMGS1865,VUNI01,Phytobacter,RUG13868,HGM11788,Eubacterium_R,Pseudomonas,Leminorella,Enterococcus,Anaeromassilibacillus,UBA1731,Bittarella,Enterococcus_A,Massilicoli,UBA866,Roseburia,Duncaniella,MGYG000002075,UMGS1002,UMGS1976,CAG-83,UMGS363,MGYG000000587,CAG-103,Sporanaerobacter,Ruminococcus_E,Merdibacter,RUG806,CACZQA01,Limosilactobacillus,Holdemania,UBA5394,UMGS946,UBA5884,MGYG000003297,HGM13618,UBA3282,Latilactobacillus,UBA10281,Intestinibacter,CAG-449,UMGS1225,Longibaculum,UMGS1375,Negativibacillus,Paramuribaculum,Cetobacterium_A,HGM11575,MGYG000004604,UBA6382,HGM11514,MGYG000002010,CAG-177,CAG-170,CAG-822,HGM11521,D5,NC2004,Pediococcus,Citrobacter_A,Massilioclostridium,UBA3631,UMGS1840,WRGP01,MGYG000000378,CAG-279,UMGS905,NSJ-61,UCG-010,UBA1191,Rubneribacter,GCA-900066755,Escherichia,Robinsoniella,CAG-317,Mobiluncus,UBA1375,Paraprevotella
rep470_seed2495	UBA9506,Marseille-P3106,Staphylococcus,MGYG000002758,UBA866,MGYG000002696,CAG-273,Mixta,UBA1820,Peptacetobacter,UMGS966,Peptostreptococcus,CAG-877,UMGS1225,Lactococcus_A,Peptoniphilus_A,SFJ001,HGM12669,AM07-15,Ruminococcus_D,UBA5416,Phytobacter,Pyramidobacter,CAG-194,CAG-484,UBA3402,CAG-103,MGYG000002010,D5,CAG-45,UMGS1370,Frisingicoccus,CAG-882,Ruthenibacterium,UMGS1880,Gemmiger,Adlercreutzia,MGYG000002702,Eubacterium,CAG-495,Roseburia,RQCD01,UBA3263,Intestinibacter,Criibacterium,UBA4285,VUNI01,Acetatifactor,MGYG000000425,UBA4644,HGM11327,UBA7597,Weizmannia,Succiniclasticum,UMGS2055,Dielma,UMGS363,UBA1777,VUNA01,UBA7702,Johnsonella,UMGS902,Franconibacter,Merdibacter,Flavonifractor,UCG-010,Salmonella,Pauljensenia,Raoultibacter,UBA7185,UBA4871,TWA4,Odoribacter,Muricomes,CAG-632,QALW01,Acutalibacter,UMGS680,UMGS1883
rep471_seed2496	MGYG000004445,HGM13222,CAG-521,MGYG000004171,SFEL01,UMGS1600,UMGS1387,Dorea,Raoultibacter,UMGS577,Lactonifactor,Extibacter,Sporanaerobacter,MGYG000004029,Haemophilus_D,Peptococcus,Eubacterium,CAG-603,GCA-900066495,UMGS1202,HGM13010,CAG-1427,RUG11200,CAG-873,CAG-762,Butyricicoccus,CAG-631,QAMH01,Enterococcus_B,CAG-288,Eikenella,Alistipes_A,Ruminococcus_E,UMGS1338,CAG-485,UBA1740,Franconibacter,CAG-594,UMGS995,CAG-194,Peptostreptococcus,Romboutsia,VUNI01,RUG12045,HGM11514,MGYG000000745,OF09-33XD,MGYG000000728,CAG-484,UMGS1071,WG-1,UMGS1872,HGM12713,HGM12587,Slackia_A,HGM11788,UBA1737,Lawsonibacter,MGYG000004547,Mixta,UMGS1810,Succinatimonas,UBA7173,Acetatifactor,Paraclostridium,UMGS1225,Salinicola,MGYG000002683,CAG-460,Mailhella,Duncaniella,Vibrio,UMGS1253,Lancefieldella,UBA3402,Fusobacterium_C,Selenomonas_A,Parolsenella,SFFH01
rep472_seed2497	HGM11525,MGYG000004094,AM51-8,Agathobaculum,Murimonas,GCA-900066135,MGYG000002797,GCA-900066905,Pseudomonas,CAG-465,UMGS1484,WG-1,CAG-177,MGYG000000456,CAG-83,Pantoea,CAG-557,UMGS1540,RUG023,UMGS1253,Leptotrichia,MGYG000004133,UMGS1312,CAG-313,CAG-288,UMGS1572,MGYG000002683,UMGS1668,51-20,Raoultella,UBA1390,Oribacterium,Lactococcus,CAG-56,UBA1191,Angelakisella,HGM12669,UMGS1826,F23-B02,Companilactobacillus,Phytobacter,UMGS905,NSJ-61,UMGS1293,UMGS1600,CAG-272,UMGS1663,Enterococcus_B,Mediterraneibacter_A,MGYG000004547,RUG100,UMGS1864,Bacilliculturomica,UMGS973,UMGS929,Yersinia,CAAEEV01,UMGS680,SFMI01,MGYG000002575,CAG-194,V9D3004,Aneurinibacillus,Lagierella,CAG-302,UMGS1872,UBA4372,CAG-417,HGM12957,Lactobacillus,UMGS1375,Stoquefichus,Haemophilus_D,UMGS124,UBA7182,CAG-510,Selenomonas_C,Lactiplantibacillus,CAG-521
rep473_seed2498	QANA01,CAG-417,Eggerthella,Citrobacter_A,MGYG000004171,MGYG000004172,UMGS1815,PeH17,NK4A136,HGM12650,HGM11525,HGM14224,Negativibacillus,NSJ-38,NSJ-62,Gemmiger,CAG-303,CAG-1024,UBA10677,HGM11530,CAG-492,UMGS929,Amedibacillus,GCA-900066495,UMGS1696,Bacteroides,Cronobacter,UMGS1071,UBA1737,UBA1820,UBA3263,Corynebacterium,UMGS1810,CAG-269,SFDB01,Kluyvera,HGM11616,UMGS1338,Collinsella,MGYG000000425,QAKW01,Ellagibacter,Citrobacter,Peptoniphilus_C,Stenotrophomonas,UBA2882,Anaeroglobus,Plesiomonas,VUNI01,UMGS1251,Alloprevotella,Niameybacter,CAAHEQ01,HGM11588,UBA5920,MGYG000004811,Lactiplantibacillus,CAG-495,UBA1685,MGYG000001903,QALW01,Parasutterella,UMGS1783,CAG-594,CAG-822,Clostridium_AQ,UMGS363,UBA6984,SFVR01,Ruminococcus_B,UMGS1901,UMGS911,UBA11471,Clostridium_N,MGYG000003490,MGYG000004177,CAG-485,Eubacterium_I,HGM11521
rep474_seed2499	UBA5026,MGYG000004604,Parvimonas,HGM10836,CAG-354,CAG-180,OF09-33XD,UBA1786,Fusobacterium_A,51-20,Rubneribacter,Bilophila,CAG-460,UMGS1613,MGYG000004177,MGYG000002053,Johnsonella,CAG-1193,UBA5416,COE1,OM05-12,UMGS1858,Garciella,CAG-353,UBA11512,Tidjanibacter,Terrisporobacter,Edwardsiella,Dorea_B,Citrobacter_A,UBA4716,Haemophilus_A,UMGS1202,UMGS1540,D5,UMGS1623,Pseudobutyrivibrio,BX12,Anaerocolumna,UBA4644,Robinsoniella,Clostridium_AQ,Exiguobacterium,Phascolarctobacterium_A,SFDP01,UMGS1002,UMGS1670,NSJ-63,Lancefieldella,CAG-631,Paraeggerthella,UBA7182,UMGS1375,RUG705,UMGS1975,Streptococcus,QAMM01,UBA1181,MGYG000003297,UBA4871,UMGS1933,Lachnoclostridium_B,Campylobacter_B,UMGS1851,Limosilactobacillus,CAG-841,Eubacterium_I,UMGS1810,Cetobacterium_A,MGYG000002797,CAG-245,Lachnoanaerobaculum,Oscillibacter,Neobittarella,Robertmurraya,Succinivibrio,Pseudomonas_R,CAG-465,UMGS2016
rep475_seed2500	UMGS1418,UMGS1766,Anaerosalibacter,UMGS1826,Finegoldia,Exiguobacterium,Prevotella,Anaerobutyricum,HGM12713,Sellimonas,CAG-521,UBA11512,CAG-279,Ruminococcus_B,Pseudoruminococcus,MGYG000003289,UMGS1388,HGM13862,NSJ-50,Eisenbergiella,Pseudomonas,UMGS1851,TF01-11,CAG-314,Parvimonas,UMGS2016,MGYG000001871,Acidovorax,Methanomassiliicoccus_A,Eubacterium_R,Harryflintia,RUG131,Parabacteroides,UMGS946,UMGS1572,Hafnia,UMGS911,CACZQA01,SFDP01,OF09-33XD,HGM12650,CAG-510,UMGS416,Olsenella_B,UMGS1696,HGM11386,UBA6345,CAG-1427,BX12,Butyricimonas,HGM10836,Selenomonas_C,UBA11517,Gemmiger,UMGS1202,UMGS1251,Peptacetobacter,Merdimonas,CAG-45,UMGS1487,Lawsonella,MGYG000004556,Kluyvera,MGYG000004127,Pediococcus,Oribacterium,CAG-475,HGM11416,D5,Dysgonomonas,Pauljensenia,UMGS1537,MGYG000004443,HGM11521,Acutalibacter,Paenibacillus_A,Limosilactobacillus,UMGS1326,Moellerella
rep476_seed2501	Pseudescherichia,Selenomonas_C,Campylobacter,Eubacterium_J,CAG-177,UMGS1002,Phascolarctobacterium,Amulumruptor,Veillonella,Angelakisella,VUNI01,Rothia,UBA3282,CAG-873,Anaerocolumna,UBA3263,HGM11514,Serratia,UMGS1795,UMGS1384,UBA4855,MGYG000000745,Peptoniphilus_C,Paenibacillus,CAG-590,Eubacterium_T,Enorma,Epilithonimonas,UBA4372,Butyricimonas,Neobacillus,UBA9414,VUNA01,Bittarella,MGYG000000387,MGYG000004171,UBA3402,CAG-312,MGYG000002216,CAG-417,Tidjanibacter,Franconibacter,Aeromonas,CAG-488,Clostridium_P,UMGS1839,Sporanaerobacter,Massilicoli,RUG11200,Clostridium_Q,HGM11417,CAG-313,Prevotellamassilia,HGM13010,CAG-492,Muricomes,Selenomonas_A,Barnesiella,SCN-57-10,QALS01,Olsenella,Parvimonas,Leclercia,Chimaeribacter,CAG-831,Hungatella,HGM13233,HGM13634,UBA9502,CAG-95,MGYG000003855,SFGY01,Clostridioides,TF01-11,UBA6398,UMGS1418,CAAEEV01,NSJ-38,UMGS1490
rep477_seed2502	UMGS75,HGM11507,CAG-83,CAG-632,Paraclostridium,D5,Pauljensenia,Bittarella,Eubacterium_G,Citrobacter_B,Angelakisella,UMGS1623,Acinetobacter,Rothia,Haemophilus,CAG-313,1XD42-69,Zag1,Gordonibacter,UMGS1052,Franconibacter,HGM11368,CAG-448,CAG-628,Acetatifactor,Massilicoli,Barnesiella,MGYG000004171,MGYG000000346,Faecalitalea,Phascolarctobacterium,Frisingicoccus,UMGS1532,Olsenella_B,CAG-303,UBA940,CAG-831,UBA2883,UMGS1491,Duodenibacillus,Veillonella,Escherichia,MGYG000004177,HGM11525,CAG-238,UMGS692,HGM13618,UBA1206,CAG-196,Leptotrichia,HGM11588,Ruminococcus_E,UBA945,UBA5446,Aggregatibacter,MGYG000003855,Megamonas,HGM13006,Citrobacter_A,Phytobacter,HGM13634,Lysinibacillus,UBA1409,UBA3766,DTU089,Butyricicoccus,UMGS1487,Cetobacterium_A,MGYG000002575,UBA11940,MGYG000004112,UMGS124,Selenomonas_A,Cutibacterium,Bacteroides,Leuconostoc,Harryflintia,UBA1685,Citrobacter
rep478_seed2503	KLE1615,CAG-196,UMGS124,Providencia,Raoultibacter,Lancefieldella,UBA6857,Turicibacter,CAG-791,Nitratidesulfovibrio,RUG14107,UMGS1322,Lachnoclostridium,Massilioclostridium,UBA5905,MGYG000000674,Anaerococcus,HGM11501,Dielma,Massilistercora,Faecalitalea,MGYG000004171,CAG-884,Succiniclasticum,Bulleidia,Arabia,SFDB01,MGYG000004177,Sodaliphilus,Bacillus_A,CAG-484,Anaeromassilibacillus,CAG-475,Varibaculum,HGM13006,UMGS1591,CAG-353,MGYG000000346,Mitsuokella,MGYG000000378,UMGS1052,UBA5809,QALR01,Enterobacter_A,UMGS1532,SFMI01,Negativibacillus,QALS01,CAG-485,UMGS1388,Campylobacter_A,CAG-390,Eggerthella,MGYG000000456,HGM12998,RC9,UMGS1688,Longibaculum,GCA-900066755,Dorea_B,Garciella,Alloprevotella,UBA4716,Holdemanella,Paenibacillus_A,RUG13868,Clostridium_J,HGM05232,UBA3263,CAG-628,Morganella,CAG-103,CAG-1024,MGYG000003855,UMGS1975,UBA1740,UMGS1880,QAMH01,Sporanaerobacter
rep479_seed2504	UBA1822,UMGS1241,Cronobacter,MGYG000000286,UMGS1338,Lawsonella,Beduini,UBA11517,CAG-964,Acinetobacter,HGM11507,SFFS01,UBA11940,Lentilactobacillus,Turicimonas,Eggerthella,Bacteroides_F,Anaerosalibacter,Clostridium,Ruminococcus,Peptococcus,UBA3631,MGYG000003490,SFGY01,Dorea_B,Lagierella,HGM04593,UMGS1668,Bittarella,Enterococcus_C,UMGS1601,Alloprevotella,Negativibacillus,Enterococcus_D,UMGS1224,UBA2882,UMGS1279,OM05-12,Weimerbacter,UBA6382,Faecalicoccus,CAG-353,Bariatricus,UMGS1933,UMGS1851,Vibrio,HGM11588,SFFH01,Amulumruptor,Emergencia,Corynebacterium,HGM11417,Sodaliphilus,Methanomassiliicoccus_A,MGYG000004177,JAAYBB01,Robinsoniella,CAG-317,PeH17,MGYG000004547,Lactonifactor,UMGS1487,COE1,Veillonella,Bilophila,Clostridium_N,SFDB01,CAG-180,UBA4855,Leptotrichia,F0040,MGYG000004127,Eisenbergiella,Sellimonas,UMGS1477,UMGS1490,Actinomyces,AM07-15,CAG-417
rep480_seed2505	Sneathia,Rahnella,Enterobacter_A,CAG-603,RUG11200,Scardovia,Clostridium_X,UBA4644,UMGS1603,CAG-41,CAG-884,Ezakiella,CAG-465,HGM13222,QAKW01,CAG-95,UMGS1251,Coprococcus,CAG-194,UBA3282,UBA1390,UBA11524,VUNI01,UMGS1572,Clostridium_E,SFLA01,HGM04593,MGYG000004172,Harryflintia,UBA1234,QAMH01,ER4,Azonexus,Firm-11,UBA1691,Morganella,UMGS1826,CAG-269,Slackia,UBA738,RUG13868,CAG-45,Epilithonimonas,Faecalitalea,UMGS856,UMGS403,Eubacterium_G,Aggregatibacter,Dielma,UMGS1472,Dorea,CAG-521,HGM11386,Mesosutterella,UMGS75,UBA4871,HGM13862,Lachnoanaerobaculum,RUG410,Catenibacterium,Megamonas,WG-1,Lactococcus_A,RF16,HGM12713,UMGS124,HGM11417,Lysinibacillus,UMGS1668,MGYG000003970,CHH4-2,QALR01,Weissella,CAG-279,NSJ-50,UMGS2055,UMGS1370,HGM05232,UMGS1487
rep481_seed2506	Parvimonas,CAG-521,Ralstonia,CAG-274,CAG-841,Paramuribaculum,Fusobacterium_B,Kallipyga,Dysosmobacter,Faecalicoccus,Raoultella,Olsenella,Mixta,OM05-12,UMGS1826,HGM11575,UBA1820,CAG-194,Lancefieldella,UMGS1623,Pediococcus,MGYG000004874,UBA1691,Butyricicoccus_A,CAG-303,UMGS692,Megasphaera,UBA4372,SFHK01,CAG-964,UBA1394,UMGS1688,HGM11788,UBA10677,UMGS1537,Fusobacterium_A,Dysgonomonas,RUG11198,UMGS1441,HGM04593,Phocea,MGYG000001953,Ruminococcus_B,Massiliomicrobiota,MGYG000003289,SFGY01,Nitratidesulfovibrio,D5,Enterocloster,Leminorella,UMGS1668,Eggerthella,CAG-917,Haemophilus,NK4A136,DTU089,NSJ-61,Pyramidobacter,MGYG000000456,Acidovorax,Haemophilus_A,SCN-57-10,UBA11774,RUG131,MGYG000000350,UBA1259,QAMH01,Klebsiella_A,MGYG000004171,CAG-145,Longibaculum,HGM13222,Scardovia,UBA4716,UMGS911,Clostridium_B,UBA5905,CAG-451,Peptoniphilus_C
rep482_seed2507	UMGS1004,UMGS1491,Christensenella,RUG023,UMGS1623,UBA1409,WRGP01,Porphyromonas,Ruminococcus_A,HGM04593,Prevotella,Hungatella_A,Yersinia,Eubacterium_R,MGYG000002797,RUG472,Massilistercora,UBA4871,Parvimonas,Butyricicoccus,Dorea,Anaerocolumna,MGYG000002053,UBA4855,Faecalibacterium,Pseudoflavonifractor,HGM11372,Kluyvera,HGM11386,SFVR01,Eikenella,Alloprevotella,CAG-631,Ruminococcus_D,CAG-451,CAG-521,UMGS2055,CAG-127,MGYG000002683,UBA1394,Cetobacterium_A,UMGS1279,UMGS577,F0422,UMGS1518,Phytobacter,Roseburia,43-108,SFDP01,Senegalimassilia,Mesosutterella,CAG-313,Haemophilus,UBA7185,Enterococcus_C,UMGS874,CAG-1427,MGYG000004547,Pyramidobacter,RUG13868,UMGS966,HGM11525,UMGS599,UBA5026,MGYG000000505,CAAEEV01,Serratia,Raoultella,UMGS1613,Peptostreptococcus,VUNI01,MGYG000004133,Leptotrichia,MGYG000001871,Alistipes_A,Victivallis,UBA1181,UMGS1601,Lancefieldella
rep483_seed2508	Peptacetobacter,Faecalibacillus,UMGS1663,MGYG000004171,Muribaculum,QANA01,Clostridium_N,Megamonas,UBA6398,UMGS363,MGYG000000378,Fournierella,UMGS1883,Lacticaseibacillus,Blautia,Fannyhessea,HGM11588,CAG-1031,HGM04593,OF09-33XD,Allisonella,Stoquefichus,CAG-349,Fenollaria,Weimerbacter,CAG-632,CAG-475,Gabonibacter,UMGS1795,UMGS1279,CAG-354,Olsenella,Barnesiella,Klebsiella_A,Fusobacterium_A,Eubacterium_I,HGM13233,Chimaeribacter,UMGS1815,Paenibacillus_A,Neisseria,UBA1740,Hungatella_A,CAG-41,Pygmaiobacter,Sneathia,HGM11386,UMGS1766,CAG-83,Phil1,UMGS1880,Fusobacterium,MGYG000004874,UMGS1901,Ruminococcus_C,Acidaminococcus,UBA1206,HGM12713,Scardovia,Dysgonomonas,UBA1259,Paraclostridium,MGYG000002075,GCA-900066135,Butyricicoccus,UMGS403,Neobittarella,Dialister,CAG-145,Angelakisella,UMGS1668,Rubneribacter,51-20,Eikenella,Sporanaerobacter,Psychrobacillus,UMGS1322,Superficieibacter,MGYG000004547
rep484_seed2509	Anaerostipes,UMGS1623,Neobittarella,UBA11774,Fusobacterium_C,UBA1829,UBA1731,Finegoldia,Dorea_B,HGM12957,UBA9502,RUG410,UMGS1251,Bruticola,Rikenella,Porphyromonas,UBA10677,Enterococcus_G,MGYG000000505,UMGS1696,Cutibacterium,Holdemanella,Rothia,Lactonifactor,UMGS1202,CAG-273,UMGS1253,MGYG000002758,UBA7182,MGYG000002216,SFFH01,UMGS75,MGYG000004127,Paraprevotella,UMGS1487,UBA1685,Staphylococcus,QAMM01,MGYG000003970,CAG-631,CAG-448,Bacillus_A,UMGS2016,CAG-582,Porphyromonas_A,UBA4372,Gordonibacter,Alistipes,UMGS692,UC5-1-2E3,Desulfovibrio,Lactobacillus,Anaeroglobus,UMGS966,HGM11417,Actinomyces,UMGS268,Paenibacillus_A,Raoultella,UMGS1004,UBA11517,Peptococcus,Marseille-P4683,Campylobacter_B,CACZQA01,Peptoniphilus_E,PeH17,MGYG000000587,Oribacterium,HGM12814,Johnsonella,UMGS1864,Sporanaerobacter,UMGS1810,HGM11386,HGM11575,UBA11452,Providencia,UBA5884
rep485_seed2510	Massiliomicrobiota,Gemella,Companilactobacillus,Actinobaculum,UBA5809,UMGS268,UMGS1322,Gastranaerophilus,MGYG000002696,RC9,Citrobacter_B,MGYG000000390,SFDP01,Ruminococcus_G,HGM11616,Clostridium_E,F0040,Faecalimonas,CAG-115,UMGS1880,Coprobacter,MGYG000004811,AF33-28,Aeromonas,MGYG000000587,UBA4372,Pseudomonas_R,NSJ-50,SFGY01,Olsenella_E,ER4,Paraclostridium,Dysosmobacter,Mitsuokella,UBA4644,Clostridium_B,UMGS172,RUG14107,MGYG000003855,Clostridium_P,UBA7102,Veillonella_A,CAG-217,DTU089,Alistipes_A,Angelakisella,HGM11575,UBA3388,UMGS1864,Phascolarctobacterium_A,Lachnoclostridium_B,Turicibacter,COE1,Eikenella,Clostridium_Q,Succinatimonas,Lachnoanaerobaculum,UMGS1384,CAG-279,Turicimonas,Anaerosporobacter,Campylobacter_A,Rikenella,SFFS01,Clostridium_AQ,MGYG000004547,Sneathia,Pediococcus,UMGS1889,UMGS1613,MGYG000000378,UMGS905,MGYG000000346,UMGS1307,Gabonibacter,Butyricimonas,UBA1829,Firm-10,Porphyromonas
rep486_seed2511	Gordonibacter,UBA6345,MGYG000004811,CAG-411,QALR01,NSJ-38,HGM12957,MGYG000004177,UMGS995,BX12,Franconibacter,DTU089,Oxalobacter,Victivallis,UBA940,UMGS1441,Turicimonas,UBA1232,UMGS1279,Massilicoli,UCG-010,Rothia,Ruminococcus,Sneathia,CAG-882,Lactonifactor,Agathobacter,Psychrobacillus,Mediterraneibacter,Faecalitalea,Barnesiella,RUG572,MGYG000002702,Paraprevotella,QALS01,Eubacterium_G,UMGS1375,Absicoccus,Massilioclostridium,Bacilliculturomica,MGYG000004874,Coprobacter,Proteus,Phascolarctobacterium_A,CAG-460,F082,MGYG000004547,Mixta,UMGS1338,UMGS403,UBA2882,Flavonifractor,F0040,UMGS856,UBA4716,Criibacterium,Faecalimonas,UMGS1540,Citrobacter_A,Clostridium_E,MGYG000004380,Vibrio,OM05-12,HGM04593,UMGS966,OF09-33XD,DUOT01,Ruminococcus_B,Butyrivibrio_A,VSOB01,RUG420,Clostridium_AP,Clostridium_P,Murdochiella,Negativibacillus,CABIZH01,MGYG000002719,UMGS1880,UMGS1975
rep487_seed2512	Escherichia,UMGS1975,QALS01,Alistipes,Yokenella,Latilactobacillus,Eggerthella,UMGS577,MGYG000000505,HGM05232,CAG-484,RUG12045,Parvimonas,Stenotrophomonas,UMGS911,UMGS680,Leclercia,Enterococcus,Faecalitalea,Succinivibrio,CACZQA01,QANA01,Firm-10,UMGS1307,Enterocloster,UBA7702,Dorea,Merdimonas,MGYG000000346,Anaerococcus,Kluyvera,UBA6382,CAG-631,Morganella,CAG-194,CAG-460,Acetatifactor,QAMX01,UBA3818,UMGS1487,QALR01,Enteroscipio,UBA2883,UMGS1865,Methanosphaera,Clostridium_A,Scardovia,CAG-462,UMGS2016,Phoenicibacter,UMGS1202,CAG-877,UBA644,UBA1409,NSJ-61,CAG-217,DUOT01,CAG-354,Granulicatella,Massilioclostridium,UMGS1976,SFGY01,Rubneribacter,CAG-495,MGYG000001903,QAMH01,UBA9475,UBA5416,Clostridium_AQ,MGYG000002719,Limosilactobacillus,UBA7748,Paraprevotella,AM07-15,CAG-449,CAG-710,Faecalimonas,CAG-590,Muribaculum
rep488_seed2513	CAG-484,UMGS1384,CAG-631,RUG11200,Haemophilus_D,Massiliomicrobiota,UBA11517,UMGS902,Salinicola,UMGS680,Fournierella,UBA7182,HGM11523,CAG-475,UMGS1532,MGYG000000390,Bacillus_A,HGM11514,UBA737,HGM11521,Klebsiella,Schaedlerella,Paramuribaculum,Marseille-P4683,UMGS1224,UCG-010,Latilactobacillus,UMGS1540,HGM11525,Vibrio,UMGS1633,Phocea,Intestinimonas,SFEL01,Turicimonas,UMGS403,SFTJ01,Pseudobutyrivibrio,Enteroscipio,Amedibacillus,UBA3282,GCA-900066495,HGM10836,CAG-313,UMGS1601,TWA4,Pseudomonas,Mixta,TM7x,KLE1615,Eubacterium_M,Pediococcus,MGYG000000505,UBA940,Negativibacillus,Clostridium_A,QAMM01,UMGS856,UMGS1338,UMGS731,Eubacterium_I,UBA945,Slackia,SFDB01,UMGS1312,Selenomonas_A,Bacteroides_F,Enterobacter_A,UBA6857,Franconibacter,MGYG000000425,CAG-465,UBA4372,CAG-510,UMGS2055,HGM11530,MGYG000004811,UMGS1370,Desulfovibrio
rep489_seed2514	UBA3631,Enterococcus_A,Azonexus,UMGS1279,Anaerocolumna,CAG-194,NSJ-50,CAG-632,UBA1820,Phascolarctobacterium_A,Collinsella,UMGS1052,HGM11507,CHH4-2,Senegalimassilia,UBA1731,NC2004,QAMX01,Turicibacter,Negativicoccus,UMGS1491,Peptoniphilus_E,Alistipes,NSJ-32,UBA5416,UMGS403,Ruminococcus_C,Robinsoniella,Raoultella,MGYG000000425,UMGS1976,Ruminococcus_B,CAG-617,Corynebacterium,UMGS1004,CAG-882,KM106-2,RUG13868,Massilimaliae,UBA7160,Caecibacter,Sellimonas,GCA-900066495,Kosakonia,Megasphaera,Acetatifactor,UMGS731,Duodenibacillus,Niameybacter,MGYG000001903,UMGS1002,UBA1409,UMGS1307,Cetobacterium_A,UMGS1388,Sneathia,RUG023,Amedibacterium,Lagierella,Acutalibacter,UMGS1109,Methanobrevibacter_A,Kluyvera,Merdimonas,Bruticola,UMGS1633,UBA9475,HGM12814,UMGS172,Selenomonas_A,Roseburia,MGYG000004171,MGYG000001871,Longicatena,UBA9414,Victivallis,UMGS929,CAG-170,Olsenella_E
rep490_seed2515	VUNI01,MGYG000004133,RUG11200,RUG705,Pauljensenia,UBA3282,Haemophilus_D,NSJ-61,Phocea,Leminorella,TF01-11,Ruminococcus_D,UMGS1418,Lachnospira,CAG-488,Enterococcus_C,Sellimonas,Faecalicoccus,SFHK01,QAKW01,Mesosutterella,Fusobacterium_C,Murdochiella,Kosakonia,UMGS1537,Parolsenella,UBA4716,Lacticaseibacillus,UBA7597,Butyricicoccus,Monoglobus,UMGS1004,UMGS1397,Catenibacillus,MGYG000004660,Fusobacterium_B,UBA5446,Weimerbacter,CAG-724,UBA1234,UMGS1611,HGM11530,NSJ-63,HGM11575,Marseille-P4683,Adlercreutzia,CAG-484,UMGS403,CAG-1031,Limosilactobacillus,Salinicola,Phytobacter,MGYG000002075,JAAYBB01,Ruminococcus_G,UMGS1994,CAG-81,Dialister,Haemophilus,RUG806,Bulleidia,UMGS1670,Edwardsiella,Moellerella,UMGS902,Zag1,HGM11416,Bacillus_A,CAG-245,AM07-15,CAAHEQ01,UMGS1663,Mediterraneibacter_A,Butyrivibrio_A,Butyricimonas,MGYG000004727,UCG-010,UBA1206,Gemmiger
rep491_seed2516	Citrobacter,UBA5026,UBA6398,Granulicatella,Ruminococcus_D,HGM13634,Mobilibacterium,AF33-28,MGYG000002685,F082,UBA7160,UBA1711,HGM11501,Monoglobus,CAG-521,Peptoniphilus_E,Anaerotruncus,CAG-452,Cloacibacillus,Olsenella,UBA1737,Zag111,MGYG000002575,HGM13233,Fannyhessea,HGM12669,CAG-269,UMGS902,Chimaeribacter,Psychrobacillus,Robertmurraya,Raoultibacter,RUG472,CAG-349,UMGS966,UBA636,Phocaeicola,Bacteroides,Senegalimassilia,UBA1390,UBA1822,Ruminococcus_C,Caproiciproducens,ER4,UMGS1783,UMGS268,Pseudobutyrivibrio,UMGS1472,UMGS1338,UBA7702,Amedibacterium,CAG-170,HGM12957,UBA7102,CAG-1000,MGYG000004029,CAG-81,UMGS1002,Enterococcus_C,CAG-302,UMGS1864,Pseudomonas_E,HGM12789,Christensenella,Pradoshia,RUG11247,Lacrimispora,Brachyspira,Massilistercora,Weissella,Staphylococcus,SFVR01,MGYG000004445,UBA738,HGM11525,UMGS403,Marvinbryantia,HGM11416,Butyricicoccus
rep492_seed2517	RUG420,UBA4716,Intestinimonas,Clostridium_Q,UMGS1251,MGYG000004029,Vibrio,Moellerella,Butyricimonas,Anaerobutyricum,Leuconostoc,Paenibacillus,MGYG000000350,Sutterella,Dysosmobacter,CAG-449,CAG-791,UMGS1202,TWA4,UMGS1279,Oribacterium,Mediterraneibacter,Lachnoclostridium_B,UBA2883,UMGS1370,RUG472,SFJ001,Clostridium_B,QAMM01,Frisingicoccus,VUNI01,UMGS1600,SFGY01,Dorea_A,CAG-1193,HGM13233,Terrisporobacter,CAG-238,Borkfalkia,Cloacibacillus,Epilithonimonas,Methanomassiliicoccus_A,UMGS973,UBA7748,UBA1829,NK4A136,Lachnoclostridium,UBA1822,UBA11774,UMGS1540,UMGS75,CAG-582,UMGS1590,GCA-900066495,UMGS1633,Rahnella,Faecalitalea,UMGS1864,Ruminococcus,CAG-313,Alterileibacterium,CAG-194,UMGS1783,Stenotrophomonas,Peptoniphilus_B,Aggregatibacter,HGM05232,Blautia,UBA1232,UBA5416,Ligilactobacillus,D5,Merdibacter,QAKD01,Enterococcus,Alistipes,QALS01,HGM11368,Leminorella
rep493_seed2518	UMGS1590,Neobittarella,Selenomonas_A,UBA7185,Selenomonas_C,CAG-603,Lactobacillus,Holdemanella,Enterococcus_B,UC5-1-2E3,UMGS1810,UMGS1441,Raoultella,GCA-900066135,CAG-170,CAG-115,Lentilactobacillus,Coprobacillus,Intestinibacter,Lactiplantibacillus,Cedecea,UBA5809,Treponema_D,UMGS1397,CAG-95,ER4,Gabonibacter,HGM11525,Proteus,CAG-485,UMGS75,BX12,UMGS1279,CAG-390,UBA1786,HGM05232,RUG572,Lactonifactor,UMGS1795,Serratia,UBA5905,Lawsonibacter,Bifidobacterium,Acidovorax,Weimerbacter,OM05-12,Clostridium_J,UMGS1109,UMGS1611,UBA5416,Sutterella,UBA5920,UMGS692,UBA644,Clostridium_N,SFTJ01,DTU089,Senegalimassilia,Brachyspira,Paraeggerthella,UMGS1518,UMGS1387,Varibaculum,QAMM01,Pseudobutyrivibrio,Johnsonella,CAG-631,UMGS1202,An181,UBA2883,CAG-273,Chimaeribacter,Citrobacter_A,MGYG000004660,Granulicatella,MGYG000004556,Barnesiella,Amulumruptor,Anaeroglobus
rep494_seed2519	UMGS1889,CAG-590,UMGS966,Garciella,SFJ001,Lagierella,UMGS1633,RUG11247,UBA7702,MGYG000004172,Peptostreptococcus,CAG-557,HGM13634,D5,UMGS403,GCA-900066495,Latilactobacillus,Muribaculum,Franconibacter,UMGS1384,F23-B02,Butyricicoccus,Methanosphaera,UBA945,Lactonifactor,HGM11327,UBA1752,QANG01,MGYG000002075,QANA01,Harryflintia,Eubacterium_R,HGM11616,UMGS599,Zag1,UMGS1537,Hafnia,UBA738,Dialister,Porphyromonas,CAG-877,OM05-12,Rikenella,Fusobacterium_B,UMGS268,CAG-495,CAG-776,Serratia,Anaerosalibacter,UBA7597,UMGS1071,Eubacterium_M,UBA11512,Merdimonas,UMGS1002,Bacteroides_F,Phoenicibacter,Actinobaculum,F0422,CAG-484,WG-1,MGYG000000425,Pradoshia,QAKS01,Muricomes,Pediococcus,UBA1409,Pseudomonas_E,Alterileibacterium,Ellagibacter,CAG-831,CAG-145,Aeromonas,UBA5809,Robinsoniella,Lacticaseibacillus,Caproiciproducens,Haemophilus,Marseille-P4683
rep495_seed2520	Klebsiella,UBA1390,UMGS1976,Haemophilus_A,HGM12789,UMGS1387,Pseudomonas_E,Chimaeribacter,UBA7173,SFJ001,DTU089,MGYG000004172,AM51-8,UMGS577,Odoribacter,Butyrivibrio_A,Coprobacillus,Rothia,Fusobacterium_B,Coprobacter,MGYG000000425,Peptoniphilus_C,GCA-900066135,WRGP01,UMGS902,HGM12650,CAG-632,UBA5394,RUG14107,Fusobacterium_C,HGM12957,Pyramidobacter,Negativibacillus,Parvimonas,Psychrobacillus,Firm-07,Ruminococcus_E,GCA-900066755,UMGS1484,Acinetobacter,UMGS1889,Stomatobaculum,MGYG000000390,CAG-964,UBA7748,Yersinia,Blautia_A,CAG-485,MGYG000002683,Pseudomonas,UMGS1975,Gabonibacter,UBA636,Allisonella,Veillonella,Ruminococcus,Clostridium_E,Eikenella,MGYG000000387,Dorea_A,CAG-841,Bacteroides_F,HGM11575,Stoquefichus,ER4,RUG420,UBA1232,HGM11507,NSJ-38,Salmonella,UMGS1002,UMGS1474,UBA9506,SFEL01,MGYG000004112,Actinobaculum,Clostridioides,HGM11417,CAG-56
rep496_seed2521	RUG806,Phytobacter,CAG-831,GCA-900066755,UBA7102,Ruminococcus_C,Gastranaerophilus,HGM11514,Pseudomonas_R,Anaerocolumna,Lactococcus,Actinomyces,UBA636,CAG-95,Scardovia,Lachnospira,UMGS1865,UMGS911,MGYG000003945,Sneathia,Parvimonas,CAG-617,Peptoniphilus_A,UMGS973,MGYG000003855,UBA1752,UBA3282,UMGS1663,UBA5920,MGYG000000346,NSJ-50,Pseudomonas_E,Pauljensenia,CAG-180,CAG-194,CAG-485,UBA3388,CAG-841,CAG-762,Schaedlerella,Epilithonimonas,Peptoniphilus_B,Massilioclostridium,Arabia,HGM13006,MGYG000002010,Sporanaerobacter,RUG472,BX12,Eubacterium_R,Cedecea,UMGS124,UCG-010,RUG14107,Clostridium_P,Anaerofustis,Zag1,CAG-349,UMGS599,UMGS1994,UMGS1883,CAG-594,Citrobacter_A,RUG572,UMGS172,UBA9414,UMGS263,Finegoldia,UBA644,UMGS1312,HGM13862,Gemmiger,UMGS1858,Fournierella,Granulicatella,Haemophilus_D,Stenotrophomonas,UMGS1441,UBA10281
rep497_seed2522	UBA5905,UMGS1441,Anaerobutyricum,UMGS1783,Cellulosilyticum,UMGS1484,UBA3402,UMGS1004,MGYG000004547,CAG-510,UMGS1901,Allisonella,MGYG000002053,Parasutterella,Faecalibacillus,Scardovia,V9D3004,UBA1181,Neisseria,MGYG000004171,CAG-488,Campylobacter_A,Serratia,Faecalibacterium,UMGS75,UMGS1975,Eubacterium_J,Bacteroides_F,CAG-1193,UMGS1880,Turicimonas,HGM11523,CAG-628,CAG-273,Enterocloster,Lacticaseibacillus,Eubacterium_R,Faecalimonas,Aggregatibacter,BX12,Yersinia,UMGS599,Muribaculum,HGM11372,Harryflintia,CAG-791,UMGS1397,Odoribacter,HGM11327,Lactobacillus,Zag1,UMGS1491,UBA3631,Klebsiella,Actinobaculum,NSJ-62,Dysgonomonas,MGYG000004811,Franconibacter,Clostridium_AP,CAG-710,Leuconostoc,Clostridium_J,An172,Proteus,UBA5920,GCA-900066905,HGM11588,CAG-349,RUG410,UMGS680,Faecalitalea,Streptococcus,HGM11514,Bacteroides,SFVR01,MGYG000004094,Ruminococcus_D,Phocaeicola
rep498_seed2523	CAG-841,CAG-776,UBA7185,UBA7160,HGM11514,UMGS1872,UMGS1976,Eubacterium_F,Acinetobacter,Coprococcus,Cronobacter,Gastranaerophilus,MGYG000004380,MGYG000004094,Porphyromonas,MGYG000004229,MGYG000002702,UMGS1994,UBA4644,UBA6984,Pyramidobacter,UBA5026,CAG-145,Weimerbacter,UMGS1397,Massilioclostridium,Pygmaiobacter,UMGS1600,Pluralibacter,Leclercia,Turicibacter,UMGS1889,AF33-28,CAG-449,CAG-288,CAG-196,Lawsonella,Anaerotignum,UMGS1312,Pseudoruminococcus,UMGS1224,UBA3388,Enterococcus_A,NSJ-63,AM51-8,An92,Lachnoclostridium_A,DUOT01,51-20,Aggregatibacter,Phoenicibacter,Longicatena,Neobacillus,Lachnoanaerobaculum,MGYG000000378,Ruminococcus_F,UMGS856,UBA644,Phytobacter,MGYG000004874,SFGY01,UMGS1858,Serratia,CAG-95,COE1,UBA1777,BX12,Rubneribacter,NSJ-50,UMGS1611,Granulicatella,SCN-57-10,MGYG000003970,Treponema_D,UBA3402,Lacticaseibacillus,Butyrivibrio_A,MGYG000004556,WG-1
rep499_seed2524	MGYG000002685,Rahnella,HGM04593,MGYG000002075,UMGS1241,Turicimonas,UBA6398,JAAYBB01,UMGS1384,Klebsiella,CAG-557,An92,MGYG000004094,Aggregatibacter,VUNI01,Sporanaerobacter,Aeromonas,Bifidobacterium,Olsenella,Rothia,AM51-8,Butyricicoccus_A,CAG-95,Ruminococcus_G,UMGS1872,RUG115,Lacticaseibacillus,CAG-180,CAG-1031,UMGS1322,Methanomassiliicoccus_A,DUOT01,MGYG000000745,Absicoccus,UBA5446,CAG-417,UBA738,Sellimonas,UMGS902,Faecalibacterium,UMGS1815,Acetivibrio_A,Campylobacter_A,Pygmaiobacter,Lachnoclostridium_A,HGM13010,UMGS1864,Johnsonella,HGM12713,Enterobacter,Peptacetobacter,Lactobacillus,Muribaculum,Mitsuokella,UMGS1441,MGYG000001871,CAAHEQ01,Dialister,SFJ001,Kosakonia,Firm-11,UMGS1375,CAG-831,RUG14107,Plesiomonas,Victivallis,Dorea,MGYG000002797,Anaerotignum,Faecalitalea,Collinsella,Bilophila,Alloprevotella,Niameybacter,RUG13868,Pradoshia,Megamonas,Bariatricus,MGYG000003490
rep500_seed2525	AM51-8,Faecalicoccus,QALS01,Rikenella,Coprobacillus,UBA3282,UBA7182,MGYG000004172,NC2004,Fusobacterium_C,Eubacterium_I,Streptococcus,Caecibacter,Pediococcus,Ruminococcus,UMGS1872,CAG-917,UMGS1338,Firm-07,Cloacibacillus,MGYG000004029,Frisingicoccus,MGYG000002702,BX12,CAG-313,UMGS1858,Muribaculum,Fannyhessea,UBA4855,RUG11200,WRGP01,CAG-475,TM7x,Marvinbryantia,Intestinibacter,Chimaeribacter,UBA4871,UBA1390,CAG-1031,Aeromonas,HGM11588,SFJ001,MGYG000004556,Eikenella,Caproiciproducens,UBA1685,Enterocloster,CAG-617,UBA644,Cetobacterium_A,UCG-010,CAG-603,QAMH01,Stenotrophomonas,Rothia,Anaerotruncus,QAKS01,UMGS1826,MGYG000002685,Olsenella_E,HGM11808,Scardovia,DUOT01,Finegoldia,Campylobacter_A,CAG-884,UMGS363,UMGS1279,Pseudomonas,QANA01,UBA1740,SFVR01,Coprococcus_A,Eubacterium_R,UBA1711,Sellimonas,GCA-900066905,UBA9475,Enterococcus_D
rep501_seed2526	UBA3818,UBA4716,UBA1731,Enterobacter_D,CAG-170,MGYG000001953,CAG-303,Olsenella_B,HGM12650,Methanobrevibacter_A,UBA1390,Klebsiella_A,Pediococcus,UMGS1484,UMGS1293,Eubacterium_J,Eikenella,Clostridium_A,CAG-557,Stenotrophomonas,Ruthenibacterium,Fusobacterium_A,F0422,RUG806,QAKD01,SFDP01,Lacrimispora,UBA11471,UMGS403,Oscillibacter,CAG-312,NSJ-38,Actinomyces,Dorea_A,UBA5905,CAG-492,UBA4334,Duncaniella,Ruminococcus_E,CAG-590,Cronobacter,UMGS1826,CAG-631,UBA4372,UMGS1810,UMGS1591,Collinsella,Peptoniphilus_C,Absicoccus,SFVR01,Streptococcus,Eubacterium_I,CAG-313,UBA5026,CAG-917,UMGS599,UMGS1532,CAG-724,CAG-465,MGYG000002575,CAG-41,Lawsonibacter,Paraeggerthella,DTU089,1XD42-69,Varibaculum,Massilioclostridium,Bacillus_A,HGM05232,Pauljensenia,CAG-484,RUG420,Selenomonas_C,Enterobacter_A,Citrobacter_A,Mesosutterella,Cedecea,CAG-1193,QANA01
rep502_seed2527	UBA10281,Eubacterium_G,CAG-557,CAG-390,Akkermansia,Aggregatibacter,HGM11368,Gemmiger,UMGS416,Stenotrophomonas,UMGS1109,AM07-15,HGM11416,RUG806,CAG-180,MGYG000004229,Anaerosacchariphilus,Megasphaera,Pseudomonas,UMGS1820,Ruminococcus_C,Actinomyces,Clostridium_Q,Neisseria,UMGS1224,QAMM01,Campylobacter_B,UMGS1307,UMGS1663,Phocaeicola,JAAYBB01,CAG-110,Firm-11,UMGS2037,NK3B98,CAG-841,UMGS1600,Peptoniphilus_C,UBA7702,MGYG000004029,GCA-900066495,S5-A14a,V9D3004,Lachnoclostridium_B,CAG-302,Bacillus_A,CAG-603,Desulfovibrio,1XD42-69,CAG-127,Lactiplantibacillus,Flavonifractor,UBA5809,Amedibacterium,Eubacterium_I,Porphyromonas_A,AM51-8,CAG-1427,KLE1615,UBA1691,UMGS1002,UMGS1490,Oscillibacter,RUG023,Coprobacter,Fusobacterium_A,MGYG000002216,UBA1777,Harryflintia,Coprobacillus,Scardovia,Clostridium_X,Senegalimassilia,UBA5920,QAMX01,UBA2856,Psychrobacillus,Haemophilus,Dysgonomonas
rep503_seed2528	Fournierella,Arcanobacterium_A,UBA10281,MGYG000004177,Eubacterium,MGYG000002075,Ruminiclostridium_E,UMGS1663,RC9,HGM11514,UMGS577,Pseudoflavonifractor,Coprococcus_A,Emergencia,Granulicatella,CAG-127,UBA1822,GCA-900066135,Massilimaliae,Anaeroglobus,HGM11507,UMGS599,HGM12669,UBA3263,VUNA01,Lacticaseibacillus,UMGS1202,HGM11386,Holdemania,MGYG000004127,QAKS01,Streptococcus,Enterococcus_D,UMGS1338,UMGS1225,Faecalibacterium,UBA1390,SCN-57-10,CAG-822,UBA7702,UBA1829,Eubacterium_R,SFVR01,MGYG000004029,Azonexus,MGYG000003289,OM05-12,UBA6398,Mixta,RUG705,Psychrobacillus,MGYG000002575,Coprobacillus,CAG-724,CAG-353,UBA4334,CAG-245,Marseille-P4683,UMGS1004,Companilactobacillus,Porphyromonas_A,Neobittarella,Marvinbryantia,GCA-900066495,CAG-313,Hungatella,Anaerococcus,UMGS1109,Epilithonimonas,MGYG000004229,Merdibacter,UBA2856,CAG-110,Agathobaculum,Longicatena,Cloacibacillus,MGYG000000587,UMGS1384,Peptoniphilus_B
rep504_seed2529	S5-A14a,NK4A136,Bittarella,Clostridium_AQ,Anaerococcus,Anaerotruncus,Acutalibacter,COE1,UMGS929,Pygmaiobacter,Parasutterella,Alistipes,Massilioclostridium,UMGS1387,Varibaculum,HGM12814,Negativibacillus,VUNI01,Marseille-P4683,Cloacibacillus,RUG131,Anaerosalibacter,Rubneribacter,CAG-269,CAG-617,UBA5809,UMGS946,QALR01,QAKD01,Muribaculum,Coprococcus_A,KM106-2,CAG-411,Eikenella,PeH17,Actinomyces,HGM11416,Longibaculum,Clostridium_A,Leclercia,Campylobacter_A,An172,CAG-177,MGYG000004811,Edwardsiella,HGM12587,HGM13233,MGYG000003297,HGM11616,Ruminococcus_A,Johnsonella,Barnesiella,CAG-417,CAG-448,MGYG000004029,MGYG000002053,QALW01,Mobilibacterium,Lactococcus_A,CAG-492,CAG-724,UMGS75,Faecalimonas,MGYG000004177,HGM11417,Firm-07,UMGS1388,Lawsonibacter,UBA1737,Paramuribaculum,CAG-831,SFEL01,UMGS1696,BX12,Butyricimonas,Lentilactobacillus,Phoenicibacter,UMGS1601,Alloscardovia
rep505_seed2530	Actinomyces,CAG-488,UMGS1487,Sellimonas,Exiguobacterium,Latilactobacillus,Pseudomonas_E,Romboutsia,UBA4855,Parasutterella,UMGS929,UMGS2055,UMGS1202,Barnesiella,UBA2882,Methanosphaera,CAG-269,UMGS1375,HGM12789,CAG-484,An181,RUG131,UBA3282,Robinsoniella,SFFH01,Parabacteroides,Holdemania,HGM12650,CAG-451,Oribacterium,UBA1711,CAG-45,HGM13010,MGYG000004443,UBA10281,MGYG000000350,Gemella,NSJ-38,Clostridium_E,SFVR01,CAG-449,MGYG000002758,MGYG000000425,Amedibacillus,UMGS1491,RUG806,UBA940,RC9,Phocaeicola,Alloprevotella,RUG472,UBA9475,Bacteroides_F,CAG-841,Beduini,WRGP01,DTU089,MGYG000004811,CAG-460,HGM10836,UBA9502,MGYG000004029,Leptotrichia,Paraeggerthella,UMGS731,Pseudomonas,UMGS1590,Clostridium_AP,UBA737,Mitsuokella,AM07-15,Duncaniella,HGM11616,Oscillibacter,MGYG000001903,CAG-313,Raoultella,UMGS905,UBA4644
rep506_seed2531	CAG-45,UMGS1663,CAG-411,Kluyvera,RF16,Alistipes_A,Clostridium_AQ,Succiniclasticum,Beduini,MGYG000000674,Ellagibacter,UMGS1840,OF09-33XD,RUG11198,Moellerella,Lactonifactor,Neobacillus,Anaerococcus,Paraeggerthella,UBA1191,Lacrimispora,HGM13862,UMGS1397,Sneathia,Ruminococcus_D,SFTJ01,HGM11386,UMGS172,Anaeroglobus,UMGS1603,Phil1,Dorea_B,NC2004,Caecibacter,MGYG000001953,CAG-180,MGYG000002575,NK3B98,CAG-917,Blautia,Coprobacillus,CAG-269,HGM14224,UBA1711,Cellulosilyticum,UBA7702,Christensenella,UMGS1251,UBA4716,UMGS1241,Exiguobacterium,UBA9475,Alistipes,CAG-177,Hungatella,UMGS680,CAG-127,NSJ-38,UMGS1071,QANG01,Fusicatenibacter,UBA11512,UMGS1839,HGM12587,Mixta,Mitsuokella,Oribacterium,Edwardsiella,UMGS946,UMGS1202,Dysosmobacter,UMGS905,RUG100,Vibrio,Clostridium_AP,MGYG000002053,NSJ-62,UMGS929,Pseudobutyrivibrio
rep507_seed2532	1XD42-69,CAG-776,MGYG000002010,Succiniclasticum,UBA4716,Muribaculum,CAG-177,Enterococcus_B,MGYG000002216,CAG-710,MGYG000002685,UBA11452,MGYG000000674,UBA6382,MGYG000000378,Mediterraneibacter_A,MGYG000003855,Aneurinibacillus,Corynebacterium,Allisonella,Neobittarella,Campylobacter_B,UMGS599,UBA1390,QAKS01,CAG-1000,HGM11514,UBA5026,Clostridium_Q,CAG-617,UBA1685,SFVR01,Phocaeicola,UBA7185,Hydrogeniiclostridium,HGM12587,UBA636,Zag1,UMGS1633,Paenibacillus,HGM11530,WG-1,MGYG000001903,CAG-353,Pseudoruminococcus,Negativibacillus,UBA6857,TF01-11,CAG-302,UMGS1322,UCG-010,Chimaeribacter,WRGP01,NSJ-61,QANG01,Campylobacter_A,Parolsenella,Massilioclostridium,Ruthenibacterium,Beduini,RQCD01,SFHK01,UMGS2037,Methanosphaera,Bariatricus,UMGS1623,Neisseria,UMGS874,SFDP01,HGM11372,Olsenella,CAG-303,Fannyhessea,Anaeroglobus,Vibrio,Bacteroides,Clostridium_E,Succinivibrio,Lactococcus_A
rep508_seed2533	UBA1417,Fusobacterium_A,HGM11575,UMGS1251,UMGS2016,CAG-45,Coprobacillus,CAG-115,An181,Proteus,Victivallis,Anaerosalibacter,UMGS1518,UMGS1491,UBA866,HGM13634,Neisseria,QALR01,Gemmiger,Turicimonas,Kluyvera,Methanosphaera,UMGS1532,Marseille-P3106,HGM12957,Merdibacter,UMGS1901,NSJ-63,HGM13222,Lawsonibacter,NK4A136,SFVR01,Yersinia,Pantoea,Lachnoclostridium,UMGS1810,Ruminiclostridium_E,Salinicola,Amedibacillus,HGM11417,CAG-448,CAG-1193,HGM10836,Psychrobacillus,Dialister,HGM13618,UMGS1490,Pauljensenia,UCG-010,HGM04593,Fusicatenibacter,UBA1181,HGM11416,Paramuribaculum,Paraclostridium,CAG-302,Enterococcus_B,UBA5446,Desulfovibrio,Alistipes,Harryflintia,HGM11788,CAG-557,CAG-776,CAG-841,CAG-180,COE1,Enterobacter_D,UMGS1472,CAG-873,CAG-170,Methanobrevibacter_A,RUG100,UMGS2055,Massilistercora,Moellerella,CAG-194,Criibacterium,UMGS1279
rep509_seed2534	UBA7173,Lactobacillus,Angelakisella,Johnsonella,Agathobacter,Peptoniphilus_A,UBA945,TF01-11,Duodenibacillus,UMGS172,UMGS263,CAG-460,UBA6345,Pseudoruminococcus,Klebsiella_A,Neobacillus,UC5-1-2E3,HGM11575,UBA1259,Enorma,MGYG000002726,Megasphaera,Slackia_A,Amedibacillus,CAG-594,MGYG000004061,HGM12587,Eubacterium_M,Ruthenibacterium,CAG-724,Ruminococcus_E,Roseburia,CAG-451,Brachyspira,Coprococcus_A,Lachnoclostridium,OM05-12,Enterobacter_D,CAG-492,BX12,Adlercreutzia,RUG100,Holdemania,Lachnoclostridium_B,F0422,MGYG000004604,Clostridium_E,UMGS1688,Faecalibacillus,CAG-452,UBA5884,F082,UBA7057,Latilactobacillus,MGYG000000378,Acetatifactor,Lachnoclostridium_A,UBA11774,UMGS1225,Arabia,Franconibacter,Muricomes,Mixta,Ruminococcus_G,Enterococcus_D,UMGS1933,UMGS1826,Parolsenella,CAG-194,Acidaminococcus,Gemmiger,UMGS1441,HGM11514,Catenibacterium,V9D3004,Muribaculum,Acinetobacter,Azonexus,CAG-510
rep510_seed2535	Haemophilus,Acetivibrio_A,Terrisporobacter,Anaeromassilibacillus,Rubneribacter,Ezakiella,Megamonas,Firm-10,Gemella,CAG-353,Pluralibacter,Bacteroides,HGM11327,MGYG000002726,MGYG000000505,HGM13222,UBA1181,CAG-274,UMGS1338,CAG-238,MGYG000004604,Coprobacillus,RUG023,OM05-12,MGYG000002053,HGM11386,Moellerella,UMGS1611,Caecibacter,UMGS1384,Acidaminococcus,UMGS1840,Latilactobacillus,UMGS1490,UMGS1901,Franconibacter,UBA737,Brachyspira,CAG-269,SCN-57-10,MGYG000002683,Dialister,UBA11452,Lachnoclostridium_B,Fusobacterium_A,UMGS966,Lactonifactor,KM106-2,MGYG000000587,CAG-194,Phascolarctobacterium,CAG-314,HGM12814,UBA1829,UMGS1668,Absicoccus,Massilioclostridium,Neobittarella,HGM11588,CAG-1031,Alterileibacterium,Lachnospira,Enterobacter,CAG-791,Clostridium,HGM11514,Mesosutterella,Garciella,Lacrimispora,Acidovorax,Robinsoniella,CACZQA01,UMGS1540,MGYG000002719,Bulleidia,CAG-279,Citrobacter,UMGS1864,Paramuribaculum
rep511_seed2536	UMGS680,Frisingicoccus,Leuconostoc,Acetivibrio_A,Gemmiger,MGYG000004061,UMGS1384,SFLA01,Peptoniphilus_E,UBA5446,Bacilliculturomica,CAG-475,Parabacteroides,Acinetobacter,Mediterraneibacter_A,CAG-279,Haemophilus_D,HGM13233,Gastranaerophilus,QANA01,Psychrobacillus,Citrobacter,CAG-390,MGYG000004727,UBA7748,UBA7182,Oxalobacter,Paraclostridium,Bacteroides,Blautia,MGYG000002726,Alistipes,Fannyhessea,SFEL01,MGYG000002719,Anaerosacchariphilus,Marseille-P4683,MGYG000003305,Methanobrevibacter_A,NSJ-62,Aggregatibacter,Dysosmobacter,CAG-873,Epilithonimonas,UMGS1293,51-20,Sellimonas,Pseudoflavonifractor,SFJ001,MGYG000004171,HGM11417,Peptostreptococcus,NK4A136,CAG-41,MGYG000002696,UBA9475,HGM11368,Butyricimonas,MGYG000001871,Raoultibacter,CAG-791,CAG-353,Citrobacter_A,UMGS1670,Firm-10,MGYG000002797,Murdochiella,Romboutsia,CAG-273,CAG-354,UMGS263,NSJ-38,Adlercreutzia,CAG-448,An181,QANG01,UMGS1253,F23-B02,MGYG000003270
rep512_seed2537	UBA6345,UBA1820,Peptoniphilus_C,Bacilliculturomica,CACZQA01,CAG-238,Peptoniphilus_E,NSJ-61,UBA1786,Barnesiella,Clostridium_B,CAG-451,Weimerbacter,Longicatena,Pseudomonas_R,Prevotellamassilia,UMGS1388,CAG-582,MGYG000003855,MGYG000003490,CAG-1024,CAG-349,TF01-11,Dialister,Johnsonella,Roseburia,UBA7173,UBA6382,MGYG000001953,MGYG000003270,HGM10836,UMGS1418,UMGS1322,UBA1181,Muricomes,Acinetobacter,CAG-590,Edwardsiella,CAG-272,RUG14107,NK4A136,UBA6984,UMGS902,MGYG000000456,SFHK01,UMGS1600,Pluralibacter,CAG-177,VUNA01,Anaerocolumna,Marvinbryantia,UMGS1338,UBA10281,Yokenella,Brachyspira,CAAEEV01,Hafnia,Sodaliphilus,Senegalimassilia,GCA-900066135,UBA1685,Kluyvera,RUG13868,CAG-217,Dysgonomonas,Anaerococcus,Actinobaculum,Peptacetobacter,Odoribacter,UBA4871,Niameybacter,AF33-28,UMGS1994,UBA9506,Evtepia,UBA9502,Blautia,UBA738,Alloscardovia
rep513_seed2538	MGYG000004811,UBA9414,Enterococcus_B,VUNA01,MGYG000000425,MGYG000004127,CACZQA01,HGM11588,Robinsoniella,UBA1731,RUG410,UMGS2055,UMGS1572,An181,HGM13634,51-20,CAG-484,Ralstonia,Merdimonas,SFFH01,Lacticaseibacillus,Providencia,CAG-451,Butyrivibrio_A,SFDP01,UBA2882,UMGS1883,UMGS692,QALS01,Methanobrevibacter_A,UBA1394,RUG115,UMGS1225,Kallipyga,CAG-313,F0422,CAG-510,Paenibacillus,UMGS1690,UBA6984,Treponema_D,UMGS1293,UMGS1418,Oscillibacter,Bifidobacterium,Beduini,UBA737,Clostridioides,MGYG000000387,UMGS995,CAG-272,MGYG000004874,Megamonas,Faecalitalea,Negativicoccus,Bulleidia,Anaeroglobus,Cutibacterium,Mitsuokella,UBA5905,Campylobacter,UMGS2037,SFHK01,UMGS1002,HGM12998,Coprococcus_A,UMGS902,Flavonifractor,UMGS1397,UMGS1052,Porphyromonas,UMGS1864,Phascolarctobacterium_A,Lagierella,HGM13222,Firm-11,RUG023,UMGS1326,Phil1
rep514_seed2539	UMGS1418,Proteus,Ellagibacter,Mediterraneibacter,Paraclostridium,Zag111,Alloprevotella,UMGS1518,Romboutsia,Slackia_A,UMGS680,Fusobacterium_C,UMGS1326,UBA10281,UMGS577,WG-1,UBA1181,Erysipelatoclostridium,CAG-557,Enterobacter_D,UBA3766,MGYG000003305,RUG13868,HGM11417,Paramuribaculum,UMGS1224,VSOB01,RUG705,RUG11198,Pygmaiobacter,UBA1786,OM05-12,UBA1822,Hungatella,UMGS946,Phocea,Neobittarella,Alistipes,NSJ-50,UBA4855,Companilactobacillus,VUNI01,UBA945,QAMX01,CAG-390,MGYG000002797,UMGS1781,ER4,Cedecea,V9D3004,SFHK01,Beduini,CAG-83,UBA1375,HGM12650,UBA3402,UBA11774,Clostridium_E,RUG11200,Eisenbergiella,Ruminiclostridium_E,Cronobacter,Peptoniphilus_C,Raoultibacter,Desulfovibrio,UMGS1388,Lentilactobacillus,CAG-1024,Gemella,Blautia_A,QAMH01,CAG-288,HGM12998,UBA11471,MGYG000002696,CAG-103,Anaerosporobacter,Anaerotignum,HGM11521
rep515_seed2540	Neobacillus,CAG-177,VUNI01,MGYG000002758,HGM11386,Acinetobacter,RUG420,Oxalobacter,SFGY01,Anaerosacchariphilus,UBA11517,Bruticola,UBA5446,UBA7057,CAG-41,Franconibacter,UMGS1865,UMGS1484,UMGS1839,Lacrimispora,MGYG000000387,Bacillus_A,UMGS874,NSJ-62,UMGS946,Superficieibacter,HGM11368,Merdibacter,NSJ-61,SFEL01,Arabia,Eikenella,HGM11521,Romboutsia,Marseille-P3106,Eubacterium_M,UMGS1601,VSOB01,Salinicola,GCA-900066755,UBA2882,Alistipes,CAG-917,UBA636,Parasutterella,UBA3766,UMGS1696,HGM11372,RUG023,Haemophilus,Pseudescherichia,MGYG000000674,Kosakonia,UMGS1251,Lawsonella,SFTJ01,Bacteroides,CAG-485,Olsenella_B,Stenotrophomonas,UMGS1071,Megamonas,Dysosmobacter,UBA1417,CAG-484,CAG-317,Fenollaria,UBA11512,Negativibacillus,QAKD01,An92,Parolsenella,UBA5416,SFLA01,Mediterraneibacter_A,Clostridium_J,Escherichia,CAG-873,UBA9506
rep516_seed2541	D5,MGYG000002216,VSOB01,Allisonella,Enterobacter_D,Mitsuokella,UBA1206,Anaeromassilibacillus,CAG-288,Weizmannia,Selenomonas_C,Moellerella,Parasutterella,Cloacibacillus,Leclercia,Psychrobacillus,Negativicoccus,Ruminococcus_D,UBA3388,UBA5416,Oscillibacter,SFDB01,Acidaminococcus,ER4,Ezakiella,Edwardsiella,CAG-41,Methanomassiliicoccus_A,Holdemania,CAG-510,HGM11616,Parvimonas,Pseudoflavonifractor,UBA4285,Alterileibacterium,Lawsonibacter,UMGS1872,QALS01,CAG-180,CAG-317,Scardovia,HGM13006,Salinicola,MGYG000002719,Merdibacter,Coprobacter,CAG-917,Arcanobacterium_A,UBA1232,Parabacteroides,UBA7102,Anaerosporobacter,SFFH01,Neisseria,UBA1752,SFTJ01,CAG-417,MGYG000002010,MGYG000004811,Paenibacillus_A,HGM11575,OM05-12,UMGS1865,CAG-177,UBA10281,Faecalitalea,CAG-1193,HGM13634,Lachnoclostridium_A,Clostridium_X,UMGS1397,UMGS1795,Butyricimonas,OF09-33XD,UMGS929,Butyricicoccus,MGYG000004850,Victivallis,RUG472
rep517_seed2542	Clostridioides,UMGS1477,MGYG000002726,MGYG000000387,UBA1409,CAG-603,Eubacterium_F,Schaedlerella,UMGS1611,Pauljensenia,Anaerotruncus,MGYG000003970,Enterobacter_D,SFDB01,Marseille-P3106,MGYG000004874,Ruminococcus,UBA5905,Negativicoccus,HGM11417,Ruminococcus_C,CAG-313,GCA-900066755,Exiguobacterium,DTU089,Ruminococcus_F,Faecalibacterium,Leclercia,UMGS1613,COE1,NC2004,CAG-521,MGYG000003945,UMGS1839,UMGS1537,UBA6398,MGYG000003305,UMGS1540,QAKS01,Eggerthella,UBA4334,UBA11517,Senegalimassilia,HGM11372,Enteroscipio,Limosilactobacillus,Leptotrichia,Clostridium_J,Latilactobacillus,Plesiomonas,UBA1232,Lachnoanaerobaculum,UMGS1688,Anaerofustis,Bilophila,Rikenella,UMGS1279,AM07-15,Muricomes,QAKD01,Clostridium,UBA5026,UMGS1851,CAG-272,HGM12650,Megasphaera,UMGS902,Odoribacter,UMGS2037,UMGS1472,UMGS1202,Butyricicoccus,Enterobacter,Lentilactobacillus,Frisingicoccus,F23-B02,UBA9414,UMGS856,Dysosmobacter
rep518_seed2543	HGM12669,HGM11514,UBA1232,UBA1731,Extibacter,Sutterella,Citrobacter_A,CAG-45,UMGS1839,UMGS1388,MGYG000003305,MGYG000003970,MGYG000004112,Aeromonas,UMGS1326,HGM05232,Lachnoanaerobaculum,Clostridium_E,UBA7748,NSJ-32,Murdochiella,HGM10836,Pluralibacter,MGYG000002726,MGYG000004380,Ruminococcus_G,Ruminococcus_E,UBA4372,Succinatimonas,Campylobacter_B,MGYG000000378,HGM11523,Morganella,UBA6382,Amedibacterium,MGYG000004029,Anaeromassilibacillus,Bilophila,UBA5920,Pseudoflavonifractor,SFDP01,Paraprevotella,CAG-631,Corynebacterium,UMGS1293,Serratia,UMGS577,MGYG000002758,Cutibacterium,UBA10281,CAG-882,HGM11417,CAG-452,UBA7102,Chimaeribacter,HGM04593,CAG-1031,Epilithonimonas,Pyramidobacter,Angelakisella,MGYG000004171,Lancefieldella,Rubneribacter,UBA4855,UMGS1518,CAG-762,Raoultibacter,CAG-302,Eubacterium_T,UCG-010,Roseburia,UBA7702,Ralstonia,Gemella,KM106-2,CAG-217,UMGS1976,Latilactobacillus,Haemophilus_D
rep519_seed2544	NK4A136,AM07-15,VUNI01,Megasphaera,UMGS1591,MGYG000000674,UBA1232,Weizmannia,UMGS1766,Leclercia,Frisingicoccus,Eubacterium_G,RC9,Butyrivibrio_A,Porphyromonas_A,MGYG000000728,UBA5416,Harryflintia,QALS01,Lachnospira,Succinatimonas,Acetivibrio_A,Lachnoclostridium,RUG131,V9D3004,CAG-353,1XD42-69,Streptococcus,Kallipyga,UBA1409,MGYG000002758,HGM13006,Cloacibacillus,Anaerocolumna,HGM13862,UBA1737,Dorea_B,Cellulosilyticum,Mobilibacterium,Fusobacterium,UMGS263,HGM11616,UMGS1696,UMGS1441,NSJ-62,UBA7702,Pradoshia,Eubacterium_F,UMGS902,Christensenella,Coprobacillus,Mesosutterella,UBA4871,Anaerosacchariphilus,Amedibacillus,MGYG000004177,CAG-238,MGYG000003945,Azonexus,QALR01,Zag111,MGYG000003970,CAG-793,CAG-312,Anaeromassilibacillus,CAG-452,Lysinibacillus,HGM11368,Acidovorax,Coprobacter,Anaeroglobus,UMGS1613,Negativibacillus,Paramuribaculum,Pseudescherichia,UMGS1375,NSJ-32,Sodaliphilus,Parabacteroides
rep520_seed2545	CAG-793,Blautia_A,Slackia_A,Latilactobacillus,Fournierella,UBA11512,Pseudescherichia,UMGS946,Eggerthella,UBA1409,Epilithonimonas,Pseudoruminococcus,UBA1394,CAG-41,UBA1711,RUG420,UMGS973,RUG12045,UBA7173,CAG-448,Allisonella,Terrisporobacter,UMGS1839,Neisseria,UBA6345,TM7x,MGYG000003289,CAAEEV01,Extibacter,Turicimonas,UMGS1810,Eubacterium_J,NSJ-63,Erysipelatoclostridium,DTU089,Longibaculum,Pluralibacter,UMGS75,CAG-1000,Cloacibacillus,AF33-28,Butyricimonas,Megamonas,MGYG000004850,Eubacterium,HGM11521,Clostridioides,HGM13233,Salinicola,Romboutsia,UBA2856,MGYG000004556,UBA3402,Haemophilus,Companilactobacillus,Arabia,CAG-273,UMGS1477,Pauljensenia,Kallipyga,UBA11517,Enteroscipio,Citrobacter_A,UMGS1611,Fusobacterium_A,MGYG000002685,Faecalicoccus,QAMM01,MGYG000000425,UMGS2037,SFHK01,QALR01,UBA5026,Murdochiella,CAG-1024,Ruminococcus_B,Catenibacillus,UMGS1322,Caecibacter
rep521_seed2546	Holdemania,Yersinia,UBA7185,Enterococcus_A,Mailhella,Enteroscipio,CAG-488,CAG-631,SFDP01,Anaerobutyricum,UBA11940,CAG-194,UBA9475,UMGS1994,AM51-8,UBA9414,Morganella,Pseudomonas,Massilicoli,UBA4871,Allisonella,Turicibacter,CAG-452,Angelakisella,HGM11588,Mesosutterella,UBA7488,HGM04593,Amedibacterium,Corynebacterium,Fannyhessea,Slackia_A,Clostridium_AP,UMGS1540,QAKD01,CAG-245,Cetobacterium_A,CAG-317,CAG-314,UMGS2016,Kosakonia,Superficieibacter,SFDB01,Amedibacillus,UMGS403,NK3B98,CAG-196,MGYG000003945,Absicoccus,UMGS1322,Merdibacter,CAG-590,Mobiluncus,UMGS1613,Hafnia,Clostridium_Q,Neobacillus,MGYG000004556,Emergencia,UMGS1865,UMGS1690,Faecalicoccus,UBA7748,An181,Zag111,Salmonella,RUG11200,CAG-56,Anaerococcus,Anaerosalibacter,UBA9506,Oribacterium,SFLA01,NSJ-50,Gemmiger,Eubacterium_F,Methanobrevibacter_A,Faecalimonas,HGM11417
rep522_seed2547	Parabacteroides,UMGS1851,MGYG000004171,UMGS577,Cellulosilyticum,CAG-831,UBA1822,GCA-900066135,Pyramidobacter,Pseudoflavonifractor,UBA5026,Leclercia,Scardovia,Dialister,CAG-510,UMGS856,QAMH01,Pseudomonas_E,SFDP01,RUG13868,Lactobacillus,Rubneribacter,UBA1786,Butyricimonas,CAG-245,Agathobaculum,MGYG000004380,Peptoniphilus_C,MGYG000001871,Dorea_A,Stoquefichus,F0040,CAG-279,An92,Leminorella,Ruminococcus_F,Staphylococcus,VUNI01,MGYG000002702,UMGS1312,MGYG000004604,UMGS1994,VUNA01,UMGS1441,Firm-07,HGM13233,RUG100,Bacillus_J,Ellagibacter,UBA7057,Enterobacter_A,Enterocloster,Lagierella,NSJ-61,TM7x,UMGS1815,MGYG000000378,UMGS1224,CAG-303,UBA4716,Neisseria,Brachyspira,Pediococcus,Massilimaliae,MGYG000003490,Bacilliculturomica,UMGS1293,QAMX01,UMGS1387,MGYG000004029,COE1,Stenotrophomonas,Adlercreutzia,Schaedlerella,Gordonibacter,Fournierella,Amedibacillus,Phocaeicola,Ruminococcus_C
rep523_seed2548	Parabacteroides,Clostridium_P,CAG-411,MGYG000004604,43-108,Gemmiger,Paenibacillus_A,Pyramidobacter,Butyrivibrio_A,Sellimonas,Eubacterium_R,Blautia_A,Paenibacillus,CACZQA01,Dysosmobacter,Gemella,UBA7185,Enterocloster,KM106-2,Aggregatibacter,Mediterraneibacter,UMGS1590,Fusobacterium_B,Treponema_D,Aeromonas,Alistipes,Klebsiella_A,UMGS1883,CAG-1193,CAG-594,UBA1737,HGM11616,Borkfalkia,Phocea,UBA3818,Kallipyga,CAG-390,Bilophila,UMGS1880,HGM11368,HGM12957,Lactonifactor,RUG410,MGYG000000387,MGYG000000674,Duncaniella,MGYG000003490,MGYG000004445,Bariatricus,UMGS1865,S5-A14a,SFMI01,1XD42-69,Lachnoclostridium,Slackia_A,Phil1,UBA5394,CAG-115,Eubacterium_G,UBA6984,Exiguobacterium,Absicoccus,Weimerbacter,Zag1,UBA4855,Longicatena,HGM11386,Olsenella_E,UBA6382,UBA1731,An92,Longibaculum,Dielma,Catenibacterium,Faecalicoccus,51-20,Companilactobacillus,Rothia,UBA7057
rep524_seed2549	Providencia,MGYG000000587,Pradoshia,Dorea,Pantoea,Agathobaculum,Holdemania,WRGP01,UBA10677,CAG-831,MGYG000000390,Klebsiella,QAMH01,Ruminococcus_F,UBA1711,HGM11788,Bacteroides,UMGS1251,QANG01,HGM04593,SCN-57-10,Negativibacillus,RUG131,HGM12650,VUNI01,UBA7185,Peptococcus,Paenibacillus,Stomatobaculum,Faecalitalea,UMGS946,Succinivibrio,UMGS1537,Dysgonomonas,UMGS1474,Murdochiella,Gemella,MGYG000002719,UMGS1613,Allisonella,TWA4,Finegoldia,QALS01,UBA1232,UMGS1883,UBA9475,MGYG000003297,UMGS1279,Staphylococcus,Moellerella,MGYG000001953,Fusicatenibacter,UBA3631,Raoultella,Caproiciproducens,UMGS1766,MGYG000000674,CAG-793,MGYG000004850,Lachnoclostridium,Fusobacterium,Anaeroplasma,Leminorella,UMGS902,UMGS268,CAG-460,UBA1234,Faecalimonas,Niameybacter,CAG-41,QANA01,Rahnella,MGYG000000387,RUG100,Marseille-P3106,Zag1,Pseudoflavonifractor,SFLA01,CAG-245
rep525_seed2550	Clostridium_F,Varibaculum,Stenotrophomonas,CAG-196,UBA7702,Lachnoanaerobaculum,Butyrivibrio_A,An172,RC9,CAG-127,Emergencia,UMGS1202,UBA7488,CAG-495,UMGS124,MGYG000003490,CAG-272,Gordonibacter,Gemella,Arabia,MGYG000004061,Lactobacillus,SFTJ01,HGM04593,UBA6382,Cellulosilyticum,HGM10836,HGM11417,AM07-15,Enterobacter,Dorea,Citrobacter,UMGS1933,Haemophilus_D,Edwardsiella,UBA1206,CAG-632,UMGS1883,QANA01,Azonexus,VSOB01,CAG-217,MGYG000000378,Hungatella,Dorea_A,Erysipelatoclostridium,UBA636,Yersinia,Porphyromonas,Robinsoniella,UC5-1-2E3,CAG-582,UMGS1994,Paenibacillus_A,Frisingicoccus,UBA5884,UMGS1241,GCA-900066135,Anaerofustis,UBA6398,Selenomonas_C,UMGS1253,Faecalicoccus,Catenibacillus,Angelakisella,UBA1259,Veillonella,Paraeggerthella,Coprococcus_A,Rahnella,UMGS1312,CAG-791,UBA5809,Epilithonimonas,Raoultella,Mesosutterella,Peptoniphilus_A,Succinatimonas,Anaerotignum
rep526_seed2551	Slackia,CAG-462,Mobiluncus,Amulumruptor,CAG-628,Streptococcus,Butyricicoccus_A,Peptoniphilus_A,Dysgonomonas,UMGS1326,Limosilactobacillus,UMGS1484,Pseudoflavonifractor,Cellulosilyticum,HGM12713,MGYG000004443,UMGS1839,HGM11588,Lachnoclostridium_A,Ruminococcus_C,CAG-177,KM106-2,UBA3263,MGYG000002726,UBA4372,Cronobacter,COE1,Massiliomicrobiota,Dorea_A,Massilistercora,UBA1232,CAAHEQ01,Victivallis,Holdemanella,UMGS1883,UMGS1279,CAG-354,AM07-15,CAG-314,UMGS1388,UMGS263,Ruminiclostridium_E,UMGS1590,MGYG000000728,UMGS929,Ellagibacter,UMGS1663,MGYG000004094,Tidjanibacter,Haemophilus_A,MGYG000003945,Mesosutterella,Brachyspira,Ruminococcus_F,CAG-841,Megasphaera,PeH17,Lawsonella,TF01-11,Hungatella,Rubneribacter,Ruminococcus_D,Campylobacter,Butyrivibrio_A,Citrobacter_A,UMGS1370,Clostridium_A,HGM13233,Schaedlerella,Aggregatibacter,UBA7182,Rahnella,Allisonella,HGM11525,Succinatimonas,Franconibacter,Ruminococcus_A,An181,Sporanaerobacter
rep527_seed2552	RUG420,Aggregatibacter,UBA3631,Faecalicoccus,UMGS2016,UMGS1418,HGM11521,Enterococcus_C,Johnsonella,UMGS856,Varibaculum,CAG-877,Collinsella,Bulleidia,CAG-465,Citrobacter_B,Salmonella,Intestinimonas,Duodenibacillus,UMGS1976,Pauljensenia,Phil1,JAAYBB01,MGYG000000346,UMGS1783,Massiliomicrobiota,Eubacterium_T,MGYG000004172,Gemmiger,UBA644,HGM12814,CAG-710,MGYG000004445,UBA866,Nitratidesulfovibrio,Sneathia,Bacilliculturomica,MGYG000000425,Acidaminococcus,CAG-269,Barnesiella,UMGS124,Clostridium_X,UMGS1994,F0422,Murimonas,UMGS1880,Anaerostipes,CAG-1031,Lactococcus,Phocea,SFMI01,UBA3402,Paramuribaculum,Evtepia,MGYG000002719,43-108,Clostridium_F,UMGS1590,Absicoccus,Anaerosacchariphilus,GCA-900066755,Methanosphaera,UBA4372,Acidovorax,Bilophila,UBA945,UMGS1241,VUNI01,UMGS1225,UBA2856,HGM12650,Sellimonas,UMGS1815,UMGS1865,CAG-313,HGM11372,UMGS1109,MGYG000001871
rep528_seed2553	UMGS1293,Megasphaera,Ruminococcus_A,SFMI01,CAG-882,CAG-312,HGM11507,Pseudoruminococcus,Ruminococcus_E,UMGS1375,Leminorella,Hungatella,UMGS1826,UBA3818,Yersinia,Peptoniphilus_A,UMGS1690,Blautia_A,Fannyhessea,UMGS995,MGYG000004811,UMGS1071,UBA2856,UMGS1590,UBA7597,Stomatobaculum,UMGS1484,UBA636,MGYG000002702,CAG-462,MGYG000003855,CAG-884,Kluyvera,RUG11198,SFLA01,UBA9414,UBA4285,UMGS1815,Bariatricus,UMGS731,Acinetobacter,Schaedlerella,UBA1737,Cedecea,Gemella,Emergencia,UMGS1976,Pauljensenia,Turicimonas,Vibrio,ER4,HGM14224,MGYG000000378,RUG131,CAG-632,UBA10281,UMGS692,Clostridium_E,UMGS1326,UBA11517,CAG-917,Cutibacterium,D5,UBA1777,Hydrogeniiclostridium,NK4A136,MGYG000000728,HGM11521,GCA-900066135,Robinsoniella,Eubacterium_J,HGM13010,Longicatena,Eikenella,Allisonella,Paraeggerthella,UBA1731,CAG-724,UMGS1477
rep529_seed2554	Clostridium_J,UMGS1623,Leptotrichia,MGYG000003970,CAG-590,UMGS1815,UMGS1611,Haemophilus_D,MGYG000004172,UMGS2016,Kallipyga,MGYG000004727,Blautia_A,Merdibacter,Lawsonibacter,Fenollaria,QAMM01,CAG-83,Aggregatibacter,Romboutsia,SCN-57-10,Methanobrevibacter_A,Ruthenibacterium,UMGS1241,Hafnia,S5-A14a,Pediococcus,CAG-303,UMGS1591,Turicibacter,UBA1234,Emergencia,MGYG000000378,UMGS403,Fannyhessea,Mixta,CAG-417,Anaeroglobus,Clostridium_E,MGYG000000574,Bacteroides_F,MGYG000004061,Acetatifactor,UBA7702,CAG-288,F23-B02,ER4,Serratia,AF33-28,MGYG000003490,Cronobacter,CAG-451,CAG-877,CAG-1427,Weimerbacter,Faecalibacterium,UMGS1889,UBA1685,UBA1417,Mediterraneibacter,Eubacterium_M,UMGS1487,SFGY01,MGYG000002726,GCA-900066495,Amulumruptor,Ruminococcus_B,Acetivibrio_A,HGM13634,UMGS1933,Lachnoclostridium_B,UMGS1251,Lysinibacillus,CAG-110,Gabonibacter,Terrisporobacter,UBA7597,Cellulosilyticum,Enterococcus_A
rep530_seed2555	CAG-762,D5,Cetobacterium_A,Bacilliculturomica,Marseille-P3106,UBA9414,Parolsenella,Clostridium_AP,UMGS1241,Salmonella,MGYG000003270,Firm-07,Mediterraneibacter,Acidaminococcus,Longibaculum,Citrobacter,Fannyhessea,Lentilactobacillus,Clostridium_Q,Bulleidia,CAG-884,CAG-103,UBA1232,Enterobacter_D,Eubacterium_J,Fusobacterium,Gemmiger,CAG-314,Clostridium_X,RUG572,Parasutterella,Campylobacter_A,Intestinimonas,UBA2856,Pseudomonas_R,HGM13233,Acidovorax,Clostridium,MGYG000004112,Catenibacillus,RUG472,Dorea,Criibacterium,Peptostreptococcus,Holdemania,MGYG000000286,Raoultella,Leclercia,Lysinibacillus,CAG-877,Marseille-P4683,An172,UMGS1688,Serratia,CAG-594,Anaeromassilibacillus,Sellimonas,Lactiplantibacillus,UBA738,Acetatifactor,UMGS1781,Niameybacter,MGYG000004172,Erysipelatoclostridium,HGM11417,Monoglobus,Mobiluncus,Dorea_B,Phocea,Rahnella,CAG-882,HGM11327,Harryflintia,UBA11512,CAG-238,UMGS1826,Prevotellamassilia,Ligilactobacillus,CAG-1031
rep531_seed2556	Klebsiella,UMGS416,Collinsella,F082,Anaeroglobus,Mobilibacterium,CAG-465,43-108,Olsenella,Leptotrichia,Enterobacter,Escherichia,Peptostreptococcus,Duncaniella,Caecibacter,CAG-791,UMGS1241,UMGS692,MGYG000002726,HGM12587,Zag111,UMGS1883,HGM11417,Enterococcus_G,Beduini,Cedecea,UMGS1225,Dorea,Akkermansia,CAG-485,UMGS1815,CAG-312,Mediterraneibacter,QALR01,Salmonella,Pseudoruminococcus,MGYG000003855,Lactobacillus,UMGS1864,V9D3004,CAG-272,Gemmiger,UMGS995,CAG-279,MGYG000002797,Desulfovibrio,Kluyvera,MGYG000004380,Lawsonibacter,UMGS1477,Anaerotignum,UBA2821,Sporanaerobacter,UBA6382,UBA866,Morganella,HGM12814,MGYG000004443,Oribacterium,Lachnoclostridium_A,Fusobacterium_A,UMGS902,UMGS1253,UMGS1224,Lachnoclostridium,RUG420,UBA11471,UBA5920,MGYG000004177,UMGS1613,Arcanobacterium_A,UMGS1901,CAG-484,Cutibacterium,Enterococcus_D,MGYG000004112,Prevotella,Ruminococcus_C,QAKW01
rep532_seed2557	Citrobacter,Leclercia,CAG-793,HGM12814,Blautia,CAG-603,CAG-145,UMGS1880,Ligilactobacillus,UBA2856,MGYG000004229,Haemophilus,F0040,TF01-11,RQCD01,Pauljensenia,Serratia,Bacteroides_F,UMGS416,CAG-288,Merdibacter,Anaerofustis,Coprococcus,Robinsoniella,RUG14107,Megasphaera,CAG-451,Dielma,Cedecea,Hydrogeniiclostridium,Sneathia,Enterobacter_D,UMGS1603,Porphyromonas,Anaerocolumna,Lachnoclostridium,UMGS1933,Ruminococcus_D,UBA1417,Robertmurraya,Arabia,UBA11471,MGYG000002696,Massilioclostridium,SFMI01,MGYG000004443,UBA3631,UMGS1370,CAG-56,Roseburia,Longibaculum,HGM11507,Porphyromonas_A,NK4A136,Amulumruptor,Faecalitalea,UMGS1293,UBA11774,Dysgonomonas,UMGS1590,CAG-590,Megamonas,Morganella,Duncaniella,RUG11198,UBA737,Fusobacterium,CAG-617,Gemella,CAG-917,UMGS1901,Frisingicoccus,UBA1390,Ruminiclostridium_E,Ruminococcus,Escherichia,UMGS680,Enterococcus_A,F23-B02
rep533_seed2558	UBA7702,Frisingicoccus,Alloscardovia,Dialister,Hydrogeniiclostridium,AF33-28,Romboutsia,Eubacterium_M,Treponema_D,Aneurinibacillus,HGM11501,UBA5884,UMGS1933,Dorea,Anaerosporobacter,CAG-313,UMGS1109,Stoquefichus,UBA1390,Niameybacter,MGYG000000387,Bruticola,CAG-791,Nitratidesulfovibrio,CAG-964,Cronobacter,SFGY01,Arabia,Pseudomonas_R,UMGS1241,Raoultella,Zag111,Gastranaerophilus,MGYG000000505,Paenibacillus,Terrisporobacter,Alistipes_A,UBA4644,UC5-1-2E3,MGYG000000728,MGYG000002575,Massilicoli,QAKW01,Lagierella,RUG14107,Senegalimassilia,MGYG000000456,Blautia_A,CAG-81,SFEL01,Brachyspira,Roseburia,CAG-460,1XD42-69,51-20,Haemophilus_A,Caecibacter,UBA9475,Ruminococcus,MGYG000003305,Kallipyga,CAG-882,Lactococcus_A,MGYG000000745,CAG-488,Stomatobaculum,CAG-353,CAG-724,Negativicoccus,UBA4334,Angelakisella,UMGS1901,HGM13634,Yersinia,Clostridium,Alloprevotella,CAG-1024,Faecalibacterium,Lactobacillus
rep534_seed2559	CAG-884,MGYG000001871,Frisingicoccus,UBA3402,MGYG000003855,Ruthenibacterium,Tidjanibacter,1XD42-69,F0040,Caproiciproducens,CAG-56,MGYG000003289,Leptotrichia,Yersinia,Erysipelatoclostridium,Sutterella,HGM13010,Parasutterella,HGM11616,Neobacillus,Pseudoflavonifractor,UMGS1872,UBA7488,Dielma,UBA3631,Campylobacter_A,Methanomassiliicoccus_A,CAG-484,UMGS1663,UBA7102,MGYG000000728,Eubacterium_T,MGYG000004127,43-108,UMGS1202,Butyricicoccus_A,MGYG000000346,Leminorella,Aneurinibacillus,UMGS1601,KLE1615,AM51-8,MGYG000000456,CAG-521,UBA1737,Eubacterium_I,Mediterraneibacter,QANA01,MGYG000003270,UMGS1375,OM05-12,JAAYBB01,Neisseria,UBA3766,Campylobacter,UMGS1474,AM07-15,Turicimonas,CAG-510,MGYG000004811,MGYG000003945,UMGS680,UBA9475,Alterileibacterium,UMGS1590,Pseudomonas,Allisonella,Acinetobacter,Bulleidia,GCA-900066905,CAG-495,Angelakisella,F0422,MGYG000000390,Lacticaseibacillus,HGM13006,Intestinibacter,UBA1777,MGYG000000505
rep535_seed2560	Eubacterium_I,CAG-417,Leclercia,CAG-127,HGM13006,MGYG000000505,Kallipyga,Anaerosalibacter,UBA4285,An92,Ruminococcus_B,Enterococcus_C,Oribacterium,HGM12998,UBA3818,UBA1731,F0422,UBA940,MGYG000002758,HGM11507,CAG-831,UMGS1994,MGYG000002683,UMGS1688,Finegoldia,JAAYBB01,UMGS263,Marvinbryantia,F0040,UBA5809,CAG-269,Gastranaerophilus,UMGS1601,CAG-1024,CAG-110,Olsenella_B,Clostridium_AQ,CAG-632,COE1,HGM05232,RUG100,UBA1829,CAG-495,Cellulosilyticum,CAG-312,CAG-56,Sellimonas,UMGS1375,UMGS1484,UMGS577,UMGS1279,Granulicatella,Pseudoruminococcus,Pseudobutyrivibrio,UBA1259,Cutibacterium,Stoquefichus,UMGS403,Selenomonas_C,Anaerococcus,Merdimonas,Gemmiger,Massilimaliae,CAG-485,UMGS1224,Eubacterium,MGYG000002685,HGM11530,UBA6382,UBA5394,Cetobacterium_A,Anaerosacchariphilus,RUG11200,Eubacterium_F,Lachnoclostridium_B,UMGS1783,UMGS1815,Mediterraneibacter,SFHK01
rep536_seed2561	HGM11808,UBA1375,MGYG000004094,UBA3766,UMGS1688,Fenollaria,Pauljensenia,QAKS01,Neisseria,UBA4855,Faecalibacterium,MGYG000004850,NSJ-63,UBA1409,OM05-12,MGYG000003855,Phascolarctobacterium_A,Clostridium,Fusobacterium,HGM11588,MGYG000004547,UBA7057,UMGS172,Porphyromonas,Clostridium_J,MGYG000001953,Olsenella_E,UMGS946,MGYG000003270,BX12,Atlantibacter,CAG-917,Psychrobacillus,UBA1685,Fournierella,Peptoniphilus_A,HGM12998,Enterocloster,Borkfalkia,Prevotellamassilia,Blautia_A,Mixta,MGYG000004172,Romboutsia,UMGS929,Sodaliphilus,UBA6857,UMGS1307,MGYG000002726,UMGS577,NSJ-62,WRGP01,UMGS1815,Streptococcus,MGYG000004445,Sellimonas,F0422,UMGS1613,Fusobacterium_B,Butyricimonas,Massilioclostridium,Pseudescherichia,Amulumruptor,Campylobacter,HGM13634,MGYG000000350,UMGS1518,MGYG000002053,UBA7182,UMGS1491,Catenibacillus,CAG-465,RUG023,UMGS1690,HGM11417,Alterileibacterium,Clostridium_N,CAG-177,Odoribacter
rep537_seed2562	Klebsiella,QAMX01,SFDP01,UMGS680,Mobilibacterium,Gordonibacter,UBA11452,CAG-873,MGYG000000674,UMGS599,Adlercreutzia,RUG420,CAG-45,HGM12713,CAG-521,UBA5446,UMGS1572,Pradoshia,Pantoea,HGM11327,Raoultibacter,Bulleidia,CAG-1193,UBA1394,AM51-8,MGYG000000505,Superficieibacter,MGYG000000574,UBA7102,UMGS1202,Dysosmobacter,Granulicatella,Lachnoanaerobaculum,Merdibacter,UMGS1338,Christensenella,Amedibacterium,CAG-776,UBA1232,HGM13862,Phytobacter,Stomatobaculum,UMGS1590,UBA3631,Akkermansia,Hydrogeniiclostridium,Mobiluncus,UBA1822,Ruminococcus_D,Sporanaerobacter,Sutterella,UMGS1601,CAG-762,Enterococcus_C,UMGS1387,Proteus,CAG-41,CAG-793,CAG-273,Edwardsiella,Enteroscipio,UMGS1670,MGYG000002696,CAG-349,Pseudomonas,SFGY01,HGM11514,UBA2883,Peptoniphilus_B,Fusicatenibacter,UMGS1815,Anaeromassilibacillus,UBA1691,QAKD01,Parvimonas,Franconibacter,Bacillus_J,Plesiomonas,GCA-900066905
rep538_seed2563	Limosilactobacillus,Pseudomonas,Stoquefichus,CAG-884,UBA3818,UBA11471,Streptococcus,UMGS929,GCA-900066135,CAG-488,UMGS1613,AM07-15,Arcanobacterium_A,CAG-724,Duncaniella,Ruminococcus_E,Extibacter,Bittarella,Parvimonas,UMGS1490,Pseudoruminococcus,CAG-103,Atlantibacter,MGYG000000390,UBA7488,Methanosphaera,MGYG000004171,Scardovia,UBA3402,MGYG000002719,HGM11588,UBA6382,MGYG000000745,UMGS75,UBA5905,SFLA01,UMGS1251,CAG-245,Porphyromonas,MGYG000003270,CAG-492,CAG-533,CAG-194,MGYG000004029,CAG-917,CAG-776,UBA7702,UMGS1840,UMGS1418,Prevotella,Longibaculum,Caproiciproducens,Duodenibacillus,Haemophilus_D,CAG-313,Firm-11,UBA636,CAG-217,Clostridium_P,UMGS1540,MGYG000004127,UMGS1322,CAG-83,Ruminococcus_A,UBA7748,Neobittarella,UBA1829,QALW01,Pediococcus,Peptacetobacter,Clostridium_A,Dysgonomonas,UMGS1370,Cronobacter,UBA1820,RUG472,CAG-417,Ruminococcus,UMGS1858
rep539_seed2564	GCA-900066495,Olsenella_B,Anaerotignum,MGYG000003297,Enorma,MGYG000000745,HGM12650,HGM13222,UBA1390,CAG-631,CAG-484,Leuconostoc,UMGS1312,Lagierella,HGM11521,Allisonella,UMGS1783,Methanosphaera,MGYG000002685,RUG410,Pseudomonas_R,Anaeroplasma,An172,MGYG000004171,Haemophilus,WRGP01,Clostridium_E,Rikenella,UBA4871,UBA9506,HGM13634,Succiniclasticum,HGM05232,SFJ001,UBA1191,TWA4,CAAEEV01,UMGS1572,HGM12789,CAG-302,UMGS1883,UMGS1253,Enterobacter_A,UBA6857,MGYG000002696,CAG-217,Peptacetobacter,Blautia,UBA1394,Citrobacter_A,Bittarella,Alterileibacterium,MGYG000001871,UBA7597,MGYG000004133,Acetatifactor,Yersinia,MGYG000000350,UMGS1387,Anaerococcus,Mobiluncus,Turicibacter,CAG-557,Eikenella,CAG-594,MGYG000000346,Absicoccus,Atlantibacter,RUG100,Anaerobutyricum,MGYG000004547,Gemella,RUG572,CAG-390,QAMM01,Treponema_D,Dorea,UBA1375,Merdibacter
rep540_seed2565	Ruminococcus,Fusobacterium_C,Paenibacillus,Clostridium_AP,WG-1,CAG-272,HGM11416,MGYG000003289,UBA5026,Anaerosalibacter,UMGS1326,RUG572,Hungatella,CAG-449,MGYG000000425,HGM13006,Niameybacter,CAG-557,MGYG000002075,UBA4644,CAG-417,UMGS1865,MGYG000002053,UBA3766,Coprococcus_A,Chimaeribacter,Bifidobacterium,Clostridium_X,HGM11808,UMGS1601,Paraeggerthella,Arcanobacterium_A,UMGS1872,UMGS911,UMGS1279,UMGS946,Methanobrevibacter_A,MGYG000000574,Johnsonella,CAG-882,Schaedlerella,RUG410,HGM11507,MGYG000003945,Butyricicoccus,RF16,UMGS1663,CABIZH01,Eisenbergiella,Eubacterium_M,Fusicatenibacter,UMGS1384,UMGS1851,Merdimonas,UMGS1668,HGM11575,HGM13233,BX12,UBA7748,Escherichia,Lactonifactor,UBA9506,43-108,MGYG000002010,Peptoniphilus_A,UBA1711,Campylobacter,Anaeromassilibacillus,RUG11198,CAG-451,Succiniclasticum,MGYG000002797,Succinatimonas,UBA9414,Moellerella,UBA10677,UBA1375,MGYG000002683,Christensenella
rep541_seed2566	CAG-95,Selenomonas_A,Fusicatenibacter,Mixta,Terrisporobacter,Ruminococcus,UMGS1623,UBA5884,SCN-57-10,UBA7102,Butyricimonas,Firm-07,UBA7057,MGYG000000378,MGYG000002797,Extibacter,UMGS1052,Ruminococcus_C,CAG-521,MGYG000001953,CAG-582,Duncaniella,CAG-313,Turicimonas,Catenibacterium,Slackia,Acidovorax,RUG410,Clostridium_J,Peptoniphilus_C,Pantoea,UBA6984,MGYG000004133,Ruminococcus_F,HGM13862,Fannyhessea,Sodaliphilus,RUG705,Cutibacterium,Barnesiella,Vibrio,UBA5026,Mediterraneibacter_A,Phascolarctobacterium,UBA1375,MGYG000004811,Desulfovibrio,Lactiplantibacillus,MGYG000003297,Peptoniphilus_A,Pauljensenia,CAG-41,Lawsonibacter,Weimerbacter,Eubacterium_J,MGYG000000456,CAG-448,Franconibacter,Kallipyga,HGM11616,UMGS1384,MGYG000002758,CAG-353,Phytobacter,UMGS1840,Mitsuokella,CAG-245,QANA01,Mailhella,Lactococcus,Leclercia,UMGS1668,Eubacterium_I,UBA1740,Faecalibacterium,Campylobacter_B,JAAYBB01,CAG-632,Frisingicoccus
rep542_seed2567	HGM11507,Sporanaerobacter,UBA2882,Faecalimonas,MGYG000000728,UBA1752,CAG-590,Ruminococcus,Gastranaerophilus,UMGS929,Oscillibacter,Yersinia,Mediterraneibacter_A,UBA1234,Morganella,Marseille-P4683,UMGS1994,Pseudomonas,MGYG000000456,Varibaculum,Enterobacter_A,Clostridium_AQ,Porphyromonas_A,Paraclostridium,CAG-238,Angelakisella,KM106-2,MGYG000004112,CAG-217,Odoribacter,Mesosutterella,MGYG000004380,Neobacillus,Mitsuokella,CAG-349,MGYG000002719,Parvimonas,Anaeroplasma,CAG-465,UBA1691,HGM13222,Collinsella,UBA11512,UMGS1880,Duncaniella,Butyricimonas,Monoglobus,Franconibacter,MGYG000004229,Ruminococcus_B,CAG-582,UBA1820,Zag1,Merdibacter,UMGS1613,MGYG000002758,CAG-710,HGM12650,V9D3004,Amulumruptor,UBA7102,UMGS1532,Ruminococcus_C,Gemella,UMGS946,UBA7185,Phascolarctobacterium_A,Agathobacter,UBA1685,Ruminiclostridium_E,HGM14224,Kluyvera,UMGS731,Barnesiella,CAG-288,CAG-841,Turicimonas,Christensenella,Dorea
rep543_seed2568	MGYG000000505,UBA11452,UBA6398,UBA1786,CAG-110,HGM11416,Fannyhessea,RUG12045,QALR01,RUG572,OM05-12,Selenomonas_C,MGYG000002719,Akkermansia,UMGS1540,Agathobacter,UMGS1668,UMGS995,Garciella,Porphyromonas,Dielma,COE1,CAG-448,UMGS1783,Pseudomonas_R,UMGS680,UMGS1688,HGM11507,Ruminococcus,UMGS1858,UBA1711,Finegoldia,MGYG000004127,Granulicatella,Absicoccus,QAKS01,CAG-317,UBA4334,UBA7748,Caecibacter,Catenibacterium,CAG-1427,UMGS946,Allisonella,CAG-492,MGYG000004727,Campylobacter,HGM13006,Clostridium_B,CAG-877,UBA945,HGM13010,HGM12713,Chimaeribacter,CAG-1000,Evtepia,CAG-95,MGYG000003297,CAG-1031,Ruminococcus_E,UMGS1253,Methanomassiliicoccus_A,Limosilactobacillus,Phoenicibacter,HGM11788,CAG-41,Eubacterium_I,Clostridioides,Muricomes,Firm-07,DTU089,UBA9502,MGYG000004177,Zag1,CAG-180,MGYG000003270,Holdemanella,UMGS1224,CAG-557
rep544_seed2569	UMGS1472,Porphyromonas,Adlercreutzia,Anaerobutyricum,UMGS1312,UBA1711,HGM13233,Oxalobacter,UBA7160,CAG-475,MGYG000004547,Olsenella_B,1XD42-69,MGYG000004380,Ruminiclostridium_E,MGYG000003297,UBA1820,MGYG000002683,Phascolarctobacterium_A,Campylobacter_A,Evtepia,CAG-448,MGYG000000456,Stoquefichus,UMGS1370,CAG-349,UMGS1696,UMGS1810,UMGS1384,Enorma,Ezakiella,CAG-492,CAG-841,UMGS1864,Lactonifactor,UMGS1487,WRGP01,UBA4855,Pauljensenia,UMGS1815,MGYG000004171,Parvimonas,Peptoniphilus_A,UMGS599,MGYG000002216,CAG-462,Eisenbergiella,TM7x,Pseudescherichia,UBA1786,Lacticaseibacillus,UMGS1994,Scardovia,HGM12814,RUG14107,UC5-1-2E3,UMGS911,Succiniclasticum,Serratia,Bariatricus,RUG12045,Leptotrichia,SFDP01,Enterococcus_B,CAAEEV01,Pseudoflavonifractor,Bacteroides,MGYG000004229,Veillonella,43-108,Enterococcus_D,CAG-594,UBA2882,Lactobacillus,Neobittarella,Lactococcus_A,Acetatifactor,Neisseria,SFFH01
rep545_seed2570	Flavonifractor,CAG-724,NC2004,Fusobacterium,Alterileibacterium,CAG-288,UBA11471,TM7x,CAG-449,Extibacter,UBA738,KLE1615,MGYG000002685,Bacilliculturomica,HGM11523,Methanosphaera,CAG-873,HGM13006,Robertmurraya,HGM05232,Gemmiger,Dielma,UMGS1384,UMGS1688,CAG-628,Veillonella_A,Arcanobacterium_A,Massilioclostridium,Stenotrophomonas,UMGS911,Epilithonimonas,Parolsenella,HGM12587,UMGS1994,UBA3818,HGM04593,CAG-269,UMGS882,RUG14107,VUNI01,Ruminococcus_E,UMGS363,NSJ-32,Sellimonas,Phytobacter,UBA6345,CAG-631,CAG-110,Lacticaseibacillus,UMGS1623,UMGS1690,UBA3766,UBA4372,Blautia_A,UMGS1810,CAG-313,Beduini,UBA2883,Frisingicoccus,Clostridium_E,Sporanaerobacter,CAG-557,Terrisporobacter,NSJ-62,CAG-917,UBA4285,Peptoniphilus_E,Klebsiella,HGM11416,Latilactobacillus,RUG100,QAMM01,HGM12713,MGYG000000505,UC5-1-2E3,UBA4334,Muricomes,CAG-603,UBA3388
rep546_seed2571	HGM11588,CAG-274,MGYG000003855,Eubacterium_M,Lachnoclostridium,UMGS1384,Eubacterium_G,Ralstonia,QALS01,Hydrogeniiclostridium,UBA11471,S5-A14a,CAG-557,CAG-81,QAMM01,MGYG000000456,MGYG000003305,F0422,Peptoniphilus_A,Clostridium_J,HGM04593,UBA2883,Lysinibacillus,Acinetobacter,MGYG000002683,NSJ-32,CAG-631,Ruminiclostridium_E,UBA5920,HGM12957,Acetatifactor,UMGS1071,UBA7748,RC9,Veillonella_A,SFFH01,Fenollaria,OF09-33XD,UBA7488,CAG-302,Barnesiella,Firm-07,Leclercia,QALR01,Chimaeribacter,QAKD01,RUG705,Robinsoniella,UBA7702,Anaerobutyricum,CAG-238,Enterocloster,CAG-710,HGM12998,Muribaculum,Anaerofustis,Phocaeicola,Anaerotignum,UBA1206,UBA737,MGYG000004445,UBA4372,MGYG000000350,MGYG000004229,HGM11507,CAG-317,UBA11940,Mediterraneibacter,Muricomes,MGYG000002010,UBA7160,UMGS1994,GCA-900066495,UMGS1109,UBA3818,Massiliomicrobiota,Veillonella,Butyricicoccus_A,RUG806
rep547_seed2572	F082,Akkermansia,MGYG000000574,Ruminococcus_D,MGYG000000350,UMGS973,Gemmiger,Escherichia,Eubacterium_J,MGYG000004029,Garciella,UBA11452,Lachnoanaerobaculum,CAG-317,UBA6857,Fusobacterium,UBA6398,UBA10281,UMGS1889,Collinsella,Anaerosacchariphilus,Clostridium_A,UBA4855,MGYG000000745,HGM12587,Anaerocolumna,Muricomes,UBA3766,Agathobacter,UBA5809,Slackia,UMGS1690,CAG-475,Gordonibacter,Haemophilus,UMGS1071,RUG705,UMGS1864,Franconibacter,UBA10677,Alistipes_A,HGM12650,MGYG000004094,SFLA01,MGYG000002575,Phocaeicola,Desulfovibrio,MGYG000002726,MGYG000003305,DTU089,Scardovia,Lachnoclostridium_A,Zag1,MGYG000002758,UBA7748,Neobacillus,An181,UMGS1370,Acetivibrio_A,Campylobacter_A,MGYG000002719,UBA7488,TM7x,VUNA01,UBA1786,UMGS856,UMGS1696,UMGS2037,HGM11372,MGYG000004850,Odoribacter,CAG-115,Lachnoclostridium_B,Lacrimispora,MGYG000002216,Pseudoflavonifractor,Butyricimonas,Citrobacter_B,UBA1181
rep548_seed2573	Enterocloster,UBA1191,CAG-449,Acutalibacter,MGYG000000745,Harryflintia,UMGS1690,Ruminococcus,UMGS1518,HGM12669,CAG-628,CAG-724,UBA945,Paraprevotella,UBA3818,Adlercreutzia,UMGS1591,Sellimonas,Holdemania,HGM11525,Pseudomonas,Oribacterium,Hafnia,Megamonas,Parolsenella,SFTJ01,HGM12814,Gemella,UMGS1611,UMGS692,MGYG000002797,Sporanaerobacter,CAG-196,Clostridioides,Phocea,An181,UMGS1253,Klebsiella_A,UBA6382,Finegoldia,Butyrivibrio_A,Dorea,Faecalibacillus,UMGS966,UMGS1052,CAG-303,CAG-217,Eubacterium_M,UMGS2016,Sodaliphilus,CAG-1031,Emergencia,Olsenella_E,Kosakonia,Fusobacterium_B,MGYG000004061,F0422,UBA4644,UBA5809,MGYG000003970,Clostridium_E,UMGS929,RUG11247,UBA11524,MGYG000004556,Bittarella,Neobacillus,CAG-495,UBA7488,Alterileibacterium,UBA1206,UBA5920,UMGS124,Intestinibacter,RUG13868,CAG-465,51-20,Anaerosalibacter,NSJ-38
rep549_seed2574	UMGS1418,UMGS403,Emergencia,Ligilactobacillus,Fournierella,Muribaculum,SFGY01,Enterococcus_A,HGM13862,UBA866,UMGS1865,UMGS1611,JAAYBB01,Enterococcus_G,UMGS263,Phocaeicola,RF16,MGYG000000346,Alterileibacterium,CAAEEV01,CAG-272,SFMI01,Actinomyces,GCA-900066495,CAG-460,Marseille-P4683,UMGS1766,F082,NK3B98,UMGS1590,UBA5026,CAG-492,Turicimonas,Cedecea,Eubacterium_G,Acetivibrio_A,UMGS1663,Neisseria,CAG-110,Gastranaerophilus,CAG-451,MGYG000004171,UBA11452,HGM12957,Eubacterium_R,UMGS680,RUG572,Lentilactobacillus,Peptoniphilus_B,An172,Sporanaerobacter,UBA6382,Prevotellamassilia,UMGS2055,HGM13222,Pseudescherichia,CAG-1000,Amulumruptor,Lachnoclostridium_A,43-108,Firm-11,MGYG000002726,UMGS2037,UBA7102,Lacticaseibacillus,AF33-28,Raoultibacter,QANG01,Pseudoruminococcus,GCA-900066135,UBA1232,Eubacterium_I,QALR01,Pauljensenia,UBA1691,Hungatella,UMGS1251,Flavonifractor,SFEL01
rep550_seed2575	DUOT01,UMGS1611,UBA11517,Azonexus,UMGS1994,MGYG000004811,RUG100,UMGS1795,Kallipyga,Peptacetobacter,Fournierella,RUG023,SFHK01,RUG11247,Pseudescherichia,CAG-793,UMGS1397,Negativibacillus,JAAYBB01,Dialister,Eubacterium_G,Neobacillus,Barnesiella,HGM11523,Anaerosalibacter,Alistipes,Bilophila,CAG-238,KLE1615,UMGS966,CAG-603,Acinetobacter,CAG-417,QAKS01,Faecalicoccus,Varibaculum,Holdemania,Dysosmobacter,CAG-484,CAG-877,Desulfovibrio,Peptoniphilus_B,Parabacteroides,CAG-245,43-108,QANA01,Bacillus_A,UBA6382,UBA2856,Marseille-P4683,UBA2883,Gastranaerophilus,NSJ-50,UMGS680,VUNI01,UMGS1600,UMGS1591,CAG-170,Methanomassiliicoccus_A,UBA1731,AM51-8,Enterococcus_D,CAG-145,Enterococcus_G,UMGS416,UBA1375,MGYG000004547,NSJ-61,Chimaeribacter,Muricomes,RUG572,HGM12650,Stenotrophomonas,UBA11524,Mesosutterella,CAG-917,Turicimonas,Stoquefichus,UBA636
rep551_seed2576	Mediterraneibacter,CAG-303,UBA7057,Pseudescherichia,JAAYBB01,Lysinibacillus,Klebsiella_A,Citrobacter,Fusobacterium_C,MGYG000003970,Duodenibacillus,Weissella,UBA3263,CAG-127,Amulumruptor,Roseburia,MGYG000004094,UBA1711,CAG-582,Muribaculum,UBA1234,Yersinia,UMGS403,Sellimonas,CAG-56,Schaedlerella,UBA5884,Longicatena,Faecalimonas,Butyrivibrio_A,Phoenicibacter,MGYG000000587,CAG-180,UMGS1484,CAG-317,UBA2856,HGM14224,CAG-484,SFFS01,Lachnoclostridium_B,Massilistercora,Campylobacter,CAG-1427,UMGS731,Cutibacterium,Butyricicoccus_A,GCA-900066755,UBA3402,UMGS1670,UMGS911,CAG-877,UMGS856,Lacrimispora,Murdochiella,SFDB01,UBA866,HGM12957,CAG-617,Lactococcus_A,Ruminococcus_C,UMGS680,Leclercia,Neobittarella,Faecalitalea,Raoultella,Firm-11,Zag1,HGM11416,Intestinimonas,MGYG000003945,Turicibacter,MGYG000001903,Peptacetobacter,Butyricicoccus,Adlercreutzia,Pseudoruminococcus,UMGS124,MGYG000004133,QALS01
rep552_seed2577	VUNA01,Citrobacter_B,Sporanaerobacter,UBA9502,Eubacterium_M,UBA11940,Parabacteroides,MGYG000001903,Succinatimonas,RF16,SFDB01,MGYG000002719,Akkermansia,Caproiciproducens,MGYG000003855,Murimonas,Veillonella_A,Clostridium_E,Peptoniphilus_A,UBA3631,HGM13222,Ligilactobacillus,Enorma,Kosakonia,SFVR01,Varibaculum,UMGS124,UMGS1994,Aneurinibacillus,Prevotella,Coprobacillus,Providencia,Coprobacter,UMGS882,RUG13868,UBA1375,HGM12998,CAG-831,UBA7488,UBA4372,UBA5446,CAG-353,MGYG000004850,CAG-488,RQCD01,MGYG000001953,F0040,Peptoniphilus_C,Proteus,CAG-448,Eggerthella,Parasutterella,MGYG000003305,Eubacterium_F,UBA2821,Neobacillus,Eubacterium_J,RUG11198,UMGS1820,UMGS1307,Anaerosalibacter,Pantoea,Sellimonas,Dialister,CAG-724,OM05-12,UBA866,UBA737,UBA1731,Bariatricus,UMGS1839,HGM11501,Turicimonas,Negativibacillus,UMGS1225,Olsenella_B,JAAYBB01,RUG11200,Gabonibacter
rep553_seed2578	V9D3004,MGYG000002719,Negativicoccus,SCN-57-10,Olsenella_B,UBA1375,UMGS1795,UBA6345,UMGS1251,UBA3766,Flavonifractor,UBA7160,UBA7173,Scardovia,Lagierella,AF33-28,An92,UBA1390,Eubacterium,RUG131,HGM13233,MGYG000000378,UBA1394,Massilistercora,HGM11616,MGYG000000387,CAG-594,Alterileibacterium,Clostridium_N,AM07-15,UMGS1225,MGYG000002053,QAMX01,NSJ-62,DUOT01,MGYG000000674,UMGS1994,Cronobacter,RUG14107,Limosilactobacillus,Massilioclostridium,MGYG000004547,Superficieibacter,Paraprevotella,Megamonas,QALW01,F082,Fusobacterium,UMGS1613,CAG-127,RUG12045,UMGS1880,HGM12998,Coprococcus,CAG-245,QAKW01,Mesosutterella,UBA1691,Mediterraneibacter_A,Dorea_A,UBA866,CAG-313,Peptoniphilus_C,Enorma,Acidovorax,CAG-724,Lactiplantibacillus,HGM11372,NSJ-63,Bacilliculturomica,UMGS1004,MGYG000004443,MGYG000000390,RQCD01,RUG115,Borkfalkia,Parvimonas,HGM12669,Serratia
rep554_seed2579	CACZQA01,UMGS1690,D5,Longicatena,RUG13868,Lachnoclostridium_B,F082,UMGS1472,SFJ001,CAG-451,Slackia_A,Hungatella_A,Rikenella,CAG-317,Eubacterium,Anaerococcus,WRGP01,Weizmannia,UBA4285,Selenomonas_A,Coprococcus,UMGS731,UMGS1889,Peptoniphilus_B,Kallipyga,UBA1409,CAG-127,RUG11198,Acidovorax,UMGS1397,CAG-882,RUG572,Alloprevotella,Enterocloster,Azonexus,Clostridium_AP,Coprobacillus,UMGS1322,CAG-41,Acetatifactor,Sneathia,Oscillibacter,Enterococcus_G,Amulumruptor,Blautia_A,HGM13862,UBA5809,HGM11507,Exiguobacterium,Adlercreutzia,Beduini,Companilactobacillus,MGYG000004029,UBA2821,Anaerostipes,UBA3388,Lachnoclostridium,HGM12650,NK3B98,UMGS599,UMGS1537,UMGS124,CAG-349,Lagierella,CAG-312,MGYG000003490,UBA1731,Paraeggerthella,Ruminococcus_B,Fusobacterium_C,Pseudobutyrivibrio,Bacillus_J,UBA940,UBA9502,NSJ-32,An172,UMGS1994,Eubacterium_F,MGYG000003270
rep555_seed2580	UMGS973,Muribaculum,MGYG000004061,UMGS1883,UBA1829,Olsenella,Paraclostridium,UBA1394,HGM12650,Acidaminococcus,CACZQA01,UBA7182,PeH17,UMGS1795,Faecalibacterium,HGM11525,Murimonas,Intestinibacter,Frisingicoccus,Ruminococcus_B,VSOB01,CAAEEV01,Enteroscipio,Haemophilus,Dysgonomonas,UMGS1322,Pseudoflavonifractor,UBA6984,Pseudomonas,Leuconostoc,Pseudoruminococcus,UMGS1397,CAG-317,CAG-884,MGYG000004133,Cedecea,Duodenibacillus,Nitratidesulfovibrio,Ezakiella,Cetobacterium_A,Fusobacterium_C,UMGS1880,S5-A14a,Methanobrevibacter_A,Corynebacterium,UMGS1858,Lachnoclostridium_A,Eubacterium_J,MGYG000004811,SFEL01,UMGS1933,UMGS1840,Pseudescherichia,CAG-411,Acetivibrio_A,Longibaculum,Kallipyga,MGYG000004604,Citrobacter_B,CAG-303,MGYG000002696,CAG-354,Oribacterium,SFTJ01,Cellulosilyticum,Sutterella,UBA11774,Marseille-P4683,CAG-180,QAKS01,Dorea,CAG-882,Klebsiella_A,CAG-510,UMGS1670,Selenomonas_C,Caecibacter,UMGS966,Enterobacter
rep556_seed2581	UBA3631,UBA1829,Pygmaiobacter,UBA2856,Rahnella,Fenollaria,UMGS1795,Weizmannia,UMGS1591,QAMM01,CAG-1000,Lachnospira,UMGS1880,MGYG000002696,Dorea_A,Anaeroglobus,MGYG000004177,Pseudobutyrivibrio,UMGS268,AM07-15,UBA945,QALS01,CAG-484,Butyricimonas,Coprobacter,Klebsiella_A,Mobilibacterium,Pseudoruminococcus,Dielma,RUG13868,GCA-900066495,Campylobacter,UBA11517,Neisseria,Eubacterium_T,MGYG000004874,Leminorella,UMGS1312,UMGS1840,MGYG000001871,Duodenibacillus,CAG-41,UBA5809,Extibacter,UMGS1388,Ruminococcus_G,Rothia,Aggregatibacter,Anaerosacchariphilus,Veillonella_A,RUG115,UMGS929,SFGY01,Borkfalkia,Selenomonas_A,Ruminococcus,Olsenella,CAG-217,UBA7488,F0040,Clostridium_AP,Anaeroplasma,Coprococcus_A,Bifidobacterium,MGYG000003490,UMGS1864,MGYG000000674,CAG-196,NSJ-32,SFMI01,CAG-349,Pediococcus,UBA3388,Murimonas,1XD42-69,TWA4,Frisingicoccus,Enterococcus_A,Leclercia
rep557_seed2582	MGYG000003855,UBA1731,UMGS1071,Lachnoclostridium_A,CAG-831,HGM11507,UBA7182,Enterobacter,Lacticaseibacillus,Ligilactobacillus,Bilophila,Lachnoclostridium_B,HGM11514,CAG-617,Anaerostipes,MGYG000002702,UBA11517,Campylobacter,Pediococcus,MGYG000003490,Eubacterium_G,HGM13862,UMGS263,Peptostreptococcus,Ruminococcus_C,UBA1752,Enterococcus_D,UBA1740,Allisonella,Bittarella,MGYG000004172,CAAEEV01,WRGP01,UBA1409,Mesosutterella,Pantoea,UMGS1591,HGM04593,Caecibacter,MGYG000004443,Murdochiella,Phocaeicola,HGM12669,Hungatella_A,Olsenella_E,Enorma,Evtepia,Enterococcus_G,Eubacterium,CAG-460,UBA4644,Acetivibrio_A,Aneurinibacillus,Tidjanibacter,Extibacter,UBA6382,UBA3631,UBA1394,Parvimonas,HGM12957,UMGS1472,RUG11247,RUG806,Paraprevotella,UMGS1490,Methanomassiliicoccus_A,Lysinibacillus,CAG-314,RUG420,CAG-557,CAG-582,HGM12587,CAG-631,UBA2883,Collinsella,Peptococcus,MGYG000002075,UBA1829,GCA-900066755
rep558_seed2583	Olsenella_E,HGM12669,MGYG000002683,MGYG000003270,Granulicatella,UBA6398,CAG-274,Dysosmobacter,Prevotella,UMGS577,Romboutsia,Coprococcus_A,V9D3004,UMGS1839,UBA2856,CAG-451,Gabonibacter,Lancefieldella,HGM13006,Amedibacillus,HGM12998,UBA1752,Bifidobacterium,Faecalibacterium,Moellerella,UMGS1688,Ruthenibacterium,MGYG000002719,Agathobaculum,CAG-1427,Bilophila,Pseudoruminococcus,Bruticola,MGYG000000346,Staphylococcus,Butyricicoccus_A,UMGS1253,CAG-594,UBA5416,Phil1,HGM12789,Parasutterella,UBA5920,UMGS1933,Hydrogeniiclostridium,Clostridium_AQ,CAG-460,Johnsonella,CAG-302,SCN-57-10,CAG-485,HGM13222,Peptococcus,UBA5026,MGYG000003289,RUG12045,QAKD01,Eubacterium_T,UMGS1326,Haemophilus_A,UBA945,CAG-417,MGYG000003945,UBA3766,JAAYBB01,CAG-632,UMGS731,CAG-791,Oscillibacter,Ellagibacter,Coprobacter,Collinsella,MGYG000000745,UMGS1663,UMGS1375,UMGS268,CAG-127,UBA7160,Cetobacterium_A
rep559_seed2584	UBA945,SFVR01,HGM11514,RUG14107,Dorea,Faecalibacillus,CAG-631,Firm-10,1XD42-69,QALW01,Paenibacillus,UC5-1-2E3,OM05-12,UMGS1202,UBA2883,CAG-127,Enterococcus_A,Merdibacter,Intestinimonas,Catenibacillus,CAG-314,NSJ-38,UMGS1312,Acidovorax,UMGS1795,DTU089,UMGS905,CAG-1000,Pseudescherichia,MGYG000004094,Coprococcus,CAG-313,SFDB01,Paraclostridium,Enteroscipio,Frisingicoccus,Agathobacter,UMGS1820,F0040,Succinatimonas,MGYG000000387,UBA1820,Hungatella_A,MGYG000002683,Pseudobutyrivibrio,UBA4855,UBA2882,UMGS1601,UBA5416,Lagierella,QAKS01,UBA9475,UMGS263,Psychrobacillus,Sneathia,CAG-831,Agathobaculum,UBA6345,CAG-793,Arcanobacterium_A,CABIZH01,F23-B02,UBA866,VUNA01,MGYG000001953,GCA-900066135,CHH4-2,Eubacterium_R,Johnsonella,UMGS1783,Faecalicoccus,NSJ-50,Bacteroides_F,UMGS1477,Leuconostoc,UMGS856,UMGS1872,CAG-724,S5-A14a
rep560_seed2585	CAG-710,Enterobacter_D,Neobittarella,CAG-488,MGYG000003855,Dorea_A,UBA11517,MGYG000004443,Aneurinibacillus,RUG472,Phocaeicola,Dorea_B,NSJ-63,MGYG000000674,Criibacterium,Arcanobacterium_A,WG-1,Psychrobacillus,UMGS1783,MGYG000000286,Acetivibrio_A,D5,UBA1777,CAG-793,UMGS1613,WRGP01,RUG100,HGM12669,Cutibacterium,UMGS2016,UBA9475,HGM11372,UMGS1688,CAG-411,Alloscardovia,MGYG000004127,MGYG000003289,HGM11368,VSOB01,UBA1394,Actinomyces,UMGS1251,UBA1409,Muricomes,UMGS1872,MGYG000002719,Weizmannia,Intestinimonas,UMGS2055,Bulleidia,UBA3282,CAG-313,Allisonella,Cronobacter,Sutterella,SFFS01,Coprobacillus,Succiniclasticum,MGYG000000587,Bittarella,Limosilactobacillus,Neisseria,CAG-41,MGYG000002685,Peptacetobacter,SFEL01,UBA7173,Lagierella,CAG-145,UMGS680,UMGS1826,HGM10836,Granulicatella,AF33-28,UMGS1663,Providencia,Pantoea,Prevotellamassilia,MGYG000003945
rep561_seed2586	UMGS1783,QAMH01,Senegalimassilia,VUNI01,Brachyspira,Coprobacillus,MGYG000004112,JAAYBB01,RUG11200,Lachnoclostridium,NSJ-62,UMGS1781,Lawsonella,UMGS403,Fusobacterium,CAG-594,Terrisporobacter,UBA6398,Companilactobacillus,Murdochiella,Massilioclostridium,Firm-10,RUG023,UBA9475,Eubacterium,Psychrobacillus,Clostridium_F,Intestinibacter,Arabia,S5-A14a,Pantoea,UBA1409,Anaerotruncus,Neisseria,Anaerostipes,PeH17,CHH4-2,CAG-170,UMGS1623,UMGS1241,MGYG000002758,UBA11774,Leuconostoc,Robertmurraya,CAG-632,Eubacterium_R,Faecalicoccus,Pediococcus,Barnesiella,Franconibacter,Oribacterium,UMGS1880,UMGS1933,CAG-313,UMGS2037,Salmonella,CAG-279,Anaerosacchariphilus,Garciella,Anaerotignum,Negativibacillus,CAG-41,UMGS1810,Dielma,CAG-884,UMGS1603,MGYG000003855,Adlercreutzia,1XD42-69,Olsenella_B,Ruminococcus_A,Fusobacterium_C,Exiguobacterium,Mediterraneibacter,Sneathia,Anaerofustis,Fusicatenibacter,NK3B98,CAG-582
rep562_seed2587	HGM11523,Collinsella,UBA644,UBA1234,MGYG000001953,UBA1232,QALR01,1XD42-69,UBA3263,UBA11452,MGYG000000286,Anaerosalibacter,Butyricicoccus_A,Clostridium_Q,HGM12587,CAG-314,Psychrobacillus,Hafnia,Nitratidesulfovibrio,UMGS75,Peptoniphilus_C,UBA1691,CAG-272,DTU089,UMGS946,CAG-83,UBA7488,UMGS1375,Succinivibrio,UMGS1901,UBA2883,Paenibacillus_A,CAG-353,CAG-313,Eubacterium_I,Ruthenibacterium,VUNA01,UMGS1889,MGYG000001903,UMGS1002,VUNI01,NSJ-50,HGM13233,Murdochiella,Paraeggerthella,Pauljensenia,CAG-115,Atlantibacter,Zag1,CAG-603,AF33-28,Amedibacterium,Eikenella,OM05-12,UBA738,UMGS1477,Kosakonia,UBA7748,Franconibacter,OF09-33XD,CAG-841,NSJ-32,Ruminococcus_D,Eubacterium_R,Extibacter,UBA4644,Garciella,Amulumruptor,Massilistercora,Cedecea,Vibrio,Clostridium_AP,UBA11940,Leuconostoc,Clostridium_B,UMGS1688,NSJ-63,CAG-103,HGM12998
rep563_seed2588	Clostridium_F,CAG-41,Dorea_B,Anaerococcus,Parolsenella,Pseudomonas,UMGS1663,Clostridium_AP,NSJ-32,Anaerosacchariphilus,Alistipes_A,CAG-303,Marseille-P3106,UBA10677,CAG-1024,MGYG000004127,Ruminococcus_G,UMGS1537,Bacteroides_F,Lactobacillus,Alloscardovia,UMGS1872,Bilophila,Pseudomonas_R,UBA3402,MGYG000002719,CAG-533,Anaerofustis,Clostridium_J,Cronobacter,MGYG000002216,Leptotrichia,Granulicatella,D5,Campylobacter_A,Phocea,UBA4372,Arcanobacterium_A,MGYG000002685,MGYG000003490,Lactonifactor,UMGS1613,HGM12957,UMGS1781,UBA738,RUG705,RUG410,SFDB01,Gastranaerophilus,Terrisporobacter,MGYG000004029,Lachnospira,Criibacterium,Eubacterium_T,MGYG000000456,Eubacterium_F,Companilactobacillus,Butyricimonas,Roseburia,UMGS416,OM05-12,Niameybacter,Clostridium,Parabacteroides,Haemophilus,Lachnoanaerobaculum,Clostridium_Q,SFVR01,Raoultella,MGYG000000574,UMGS692,CAG-238,Pseudomonas_E,Proteus,Blautia_A,Phascolarctobacterium,Merdibacter,HGM14224,MGYG000004094
rep564_seed2589	Pauljensenia,UBA4871,Absicoccus,UMGS1690,Lachnoclostridium_B,Selenomonas_C,Alloscardovia,TWA4,Anaeroglobus,RUG11247,Methanobrevibacter_A,UMGS1766,Rubneribacter,UBA6398,AM51-8,MGYG000004127,UMGS1293,Anaerosporobacter,Dielma,Catenibacillus,MGYG000004556,Ezakiella,UMGS172,Dorea,Caproiciproducens,CAG-317,UBA738,Anaerocolumna,UC5-1-2E3,Agathobaculum,MGYG000002726,RUG13868,UMGS1397,Oribacterium,Eubacterium_G,Prevotellamassilia,CAG-451,Lancefieldella,CAG-452,MGYG000003855,QALW01,OF09-33XD,Eubacterium_M,Bacilliculturomica,UMGS1795,Lagierella,Erysipelatoclostridium,Superficieibacter,Enterobacter,43-108,Clostridium_J,UBA10677,UBA7702,Actinomyces,CAAHEQ01,UMGS995,HGM13006,Eubacterium,UMGS1613,UBA6857,MGYG000002683,Fannyhessea,CAG-882,HGM11386,Roseburia,Treponema_D,UBA737,MGYG000000350,CAG-762,Methanomassiliicoccus_A,Marseille-P4683,MGYG000004660,UMGS1002,Sodaliphilus,Cetobacterium_A,UBA1691,Acetatifactor,CAG-485,Enterococcus_B
rep565_seed2590	Harryflintia,Stomatobaculum,UMGS1781,UMGS1071,UMGS1864,Anaeroplasma,Enterococcus_D,CAG-95,HGM10836,GCA-900066495,CAG-1024,Faecalibacillus,Anaerostipes,F0040,Eggerthella,UBA1375,RUG410,UBA7160,F23-B02,Bacteroides,Alloprevotella,Anaerococcus,UMGS882,Cedecea,Barnesiella,Schaedlerella,HGM11523,SFFS01,UBA9506,UBA1740,HGM11507,Peptoniphilus_B,Longibaculum,UBA3631,Methanomassiliicoccus_A,CAG-484,Oscillibacter,Lawsonella,MGYG000003970,NSJ-62,Eubacterium_M,Epilithonimonas,MGYG000004660,UBA3402,MGYG000002696,Lactococcus,Phascolarctobacterium,UMGS1975,RUG023,CAG-269,UMGS1370,UBA1829,Haemophilus_D,UMGS1251,Ruminococcus,HGM12814,Eubacterium,UMGS1591,UBA5905,RUG572,Proteus,Eubacterium_I,UBA1232,MGYG000003297,SFDB01,RF16,Weimerbacter,Hafnia,Frisingicoccus,CAG-582,Negativicoccus,Cloacibacillus,CAG-495,UBA1417,HGM11525,UBA7173,V9D3004,CAG-196,RC9
rep566_seed2591	UMGS1490,UBA1786,Muribaculum,Zag111,UMGS966,SFJ001,QAKD01,HGM11501,Flavonifractor,UBA3263,Alistipes_A,CAG-594,MGYG000004727,MGYG000004660,CAG-317,Rubneribacter,CAG-194,UBA11940,CAG-1427,UMGS1975,HGM12587,GCA-900066495,Anaerobutyricum,UMGS1109,AF33-28,Johnsonella,UMGS1613,UMGS692,MGYG000000674,NSJ-61,CAG-492,RC9,UMGS902,CAG-354,Gemella,MGYG000004811,Parolsenella,MGYG000003270,Clostridium_F,UBA6382,RUG115,UBA4855,NK3B98,UBA5884,Aeromonas,UMGS1293,Eubacterium_R,Angelakisella,Massilicoli,RUG806,HGM11372,Citrobacter_A,Psychrobacillus,AM51-8,NSJ-50,UBA11517,UMGS1858,Pyramidobacter,UMGS1472,Agathobacter,CAG-582,RUG11200,UMGS973,Clostridium_X,UBA9502,Gemmiger,QAKW01,Haemophilus_A,Veillonella_A,Prevotella,Cronobacter,Porphyromonas,UMGS363,SFVR01,UMGS1690,UBA5905,SFDP01,Clostridioides,Clostridium_A
rep567_seed2592	KM106-2,UBA1375,Anaeroplasma,MGYG000003305,KLE1615,Acutalibacter,Emergencia,Duncaniella,CAG-484,UBA1234,UBA9414,Longicatena,Mitsuokella,UBA1711,RUG420,UMGS1251,Terrisporobacter,UBA1691,UBA4334,Eubacterium,UMGS1477,UMGS902,CAG-1000,Methanosphaera,CAG-217,Slackia,NK4A136,CAG-631,SFGY01,Criibacterium,UMGS1975,An172,F082,MGYG000003490,CAG-582,Sneathia,Pauljensenia,MGYG000003970,CAG-272,Finegoldia,UMGS403,Muribaculum,Arcanobacterium_A,Companilactobacillus,GCA-900066905,Moellerella,CAG-238,UBA11452,Bittarella,UBA7102,F0040,UMGS1872,CAG-288,Ruminococcus_F,UBA11774,MGYG000002685,Gemmiger,UBA2882,Erysipelatoclostridium,Olsenella,AM07-15,QANA01,UBA3402,RUG115,UBA4871,CAG-110,UBA3282,CAG-83,MGYG000004874,UBA1777,MGYG000004547,MGYG000002575,CAG-417,Oxalobacter,HGM12650,Agathobacter,UBA5446,CAG-873,UMGS1613
rep568_seed2593	Leuconostoc,Fusicatenibacter,D5,Proteus,CAG-917,OF09-33XD,Allisonella,NSJ-62,MGYG000002075,Sodaliphilus,Peptoniphilus_E,UBA11940,MGYG000001871,MGYG000004112,Ruminiclostridium_E,CAG-793,UMGS1052,CAG-628,UMGS1810,Clostridioides,UBA1206,UMGS1872,Alistipes_A,Pradoshia,HGM11372,Oscillibacter,CAG-417,Campylobacter_B,Enorma,Clostridium_E,MGYG000004850,Murimonas,Firm-11,UMGS966,Bittarella,Haemophilus_A,UBA9506,Pseudoruminococcus,UBA1820,Alistipes,Aeromonas,HGM12669,Parasutterella,Anaerotignum,Aneurinibacillus,CAG-475,MGYG000003305,HGM12957,UMGS911,Ruminococcus_C,Hungatella,Pantoea,UBA6345,Brachyspira,KLE1615,Ruminococcus_E,UMGS874,Catenibacillus,RC9,MGYG000004380,F0422,UMGS75,UBA1191,UMGS1883,Bacteroides_F,UBA2856,Christensenella,Megamonas,UMGS1975,HGM11368,CAG-617,Massilimaliae,CAG-180,Ruminococcus_B,NSJ-38,RUG100,HGM11808,Alterileibacterium,Raoultibacter
rep569_seed2594	Bacillus_A,Slackia,Enterocloster,UMGS1224,Muricomes,Enterobacter,UBA7160,Vibrio,Sutterella,MGYG000002010,UMGS1883,CAG-521,Peptoniphilus_C,CAG-317,Haemophilus_D,UBA1417,UBA1232,CAG-180,QAMM01,UMGS1670,UMGS929,UBA11940,Clostridium_Q,UMGS1279,UMGS1326,Butyricicoccus,AM07-15,SFFS01,Aneurinibacillus,Porphyromonas_A,Lacticaseibacillus,HGM11416,UMGS1872,MGYG000002053,UMGS1251,UMGS1668,Barnesiella,Butyrivibrio_A,Dielma,Ruminiclostridium_E,CAG-1193,UBA11471,UBA7748,Proteus,MGYG000002075,Robinsoniella,Senegalimassilia,MGYG000002719,Pradoshia,MGYG000000387,CAG-791,UMGS1202,Christensenella,Citrobacter_B,CAG-1000,Erysipelatoclostridium,Acidaminococcus,MGYG000003270,Longicatena,Weizmannia,Enterococcus,Companilactobacillus,UMGS1002,Massilicoli,SFVR01,Coprobacter,UBA1181,Massilimaliae,CAG-631,Sellimonas,HGM12669,UMGS1322,UMGS1487,Intestinimonas,Ellagibacter,UBA4644,NSJ-38,Collinsella,QALR01
rep570_seed2595	Alistipes,UBA10677,NC2004,V9D3004,JAAYBB01,Slackia,UBA11517,Barnesiella,HGM11416,CAG-488,Hungatella_A,Oxalobacter,Enterococcus_C,MGYG000003490,UBA1375,UBA4372,CAG-964,MGYG000004811,Lachnoanaerobaculum,MGYG000004133,Robertmurraya,HGM13618,UMGS1795,UMGS1052,CAG-411,QAKS01,Massiliomicrobiota,CAG-103,Dielma,MGYG000000350,MGYG000000346,OF09-33XD,HGM11507,MGYG000000456,Neisseria,MGYG000000378,Leuconostoc,UMGS1820,HGM14224,Cutibacterium,UMGS1858,UMGS1002,Lawsonibacter,Fusobacterium,UMGS1387,Neobittarella,Plesiomonas,Longicatena,KLE1615,UMGS1484,Bifidobacterium,Frisingicoccus,UBA2856,Rikenella,Dorea,UMGS1293,RUG13868,Pyramidobacter,UMGS1388,Klebsiella_A,UBA7057,Campylobacter_B,CABIZH01,Negativicoccus,Mixta,Agathobacter,Merdimonas,SFEL01,UMGS1839,CAG-590,Providencia,Enterobacter,Enterobacter_D,UBA940,RUG12045,GCA-900066755,Peptoniphilus_A,Aeromonas,Lachnospira
rep571_seed2596	Alloscardovia,Pseudoflavonifractor,Enterobacter_D,CHH4-2,HGM11327,UBA5446,Faecalitalea,DTU089,UBA945,Rothia,UMGS1490,CAG-582,Gastranaerophilus,SFLA01,CAG-312,Catenibacterium,CAG-349,CAG-110,MGYG000001871,MGYG000004380,F082,UBA1777,UMGS1815,Anaerosalibacter,UBA4871,Clostridioides,Cedecea,Arcanobacterium_A,Blautia_A,Angelakisella,Harryflintia,UBA737,UMGS1518,Arabia,NSJ-63,MGYG000004547,MGYG000003945,UMGS1688,Mediterraneibacter,Lawsonibacter,Collinsella,Zag111,Pseudescherichia,Mailhella,Hungatella,Senegalimassilia,MGYG000000378,Slackia_A,Anaerotignum,RUG806,Porphyromonas,UMGS1783,UBA3402,SFDB01,Marseille-P4683,UBA1737,Paramuribaculum,Catenibacillus,HGM13010,Massilistercora,Raoultibacter,Stenotrophomonas,MGYG000000346,UBA4372,Victivallis,Ruminiclostridium_E,Clostridium_E,Longicatena,CAG-449,OF09-33XD,UMGS1002,CAG-217,Pluralibacter,Yersinia,CAG-521,MGYG000002575,Hungatella_A,QAKD01,Enterococcus_A
rep572_seed2597	CAG-390,UBA4644,Leclercia,Fusobacterium,Clostridium_N,HGM13006,Gabonibacter,Clostridium_AQ,Romboutsia,Limosilactobacillus,Fannyhessea,CAG-533,Enterococcus_G,Criibacterium,Monoglobus,UBA7488,HGM11417,Stoquefichus,CAG-83,CAG-245,KLE1615,MGYG000000587,HGM11788,CAG-314,UMGS1688,Streptococcus,CAG-353,Acetivibrio_A,Anaerosporobacter,Weizmannia,HGM13618,UBA2883,Clostridioides,Eubacterium_M,Negativibacillus,43-108,UMGS1851,UBA1394,Cedecea,UBA636,Succinatimonas,QAKW01,Hungatella_A,MGYG000000390,CAG-354,Pseudoflavonifractor,MGYG000000728,Enterococcus_C,UBA4285,HGM12814,Citrobacter_B,Selenomonas_A,Gemmiger,UMGS1839,UMGS1307,Massilioclostridium,UMGS966,Merdimonas,AF33-28,RF16,S5-A14a,UBA11774,Clostridium_AP,CAG-1031,Cronobacter,Bacillus_A,MGYG000002075,Anaeroglobus,Haemophilus,F0422,HGM11525,Succiniclasticum,Clostridium_F,Bacteroides,Psychrobacillus,QANA01,AM51-8,Cetobacterium_A,Massiliomicrobiota
rep573_seed2598	Neobittarella,Arcanobacterium_A,Eubacterium_F,MGYG000000728,Rubneribacter,MGYG000000574,UBA5394,UMGS1491,Leminorella,UMGS1537,Sutterella,Edwardsiella,Lachnoclostridium_A,Mixta,UMGS363,Ruminiclostridium_E,UBA1409,Pyramidobacter,Johnsonella,RUG13868,Klebsiella,UMGS1375,UMGS1663,Stenotrophomonas,UBA1232,Hydrogeniiclostridium,Phil1,Barnesiella,Escherichia,UMGS902,Faecalibacterium,JAAYBB01,Veillonella_A,UMGS1518,Porphyromonas_A,Mediterraneibacter_A,CAG-631,CAG-793,Prevotella,Lysinibacillus,Fusobacterium_A,UMGS1901,UMGS1572,Alloscardovia,CAG-196,MGYG000002726,RUG410,CAG-462,MGYG000002216,COE1,QAKS01,UBA1731,MGYG000002683,Eubacterium_T,VSOB01,Megamonas,UBA7160,UBA1685,Atlantibacter,HGM14224,QANA01,CAG-81,NSJ-62,Dialister,CAG-303,Fusobacterium_C,Akkermansia,MGYG000004445,TF01-11,Fusobacterium_B,CAG-776,Ruminococcus_E,UBA4372,MGYG000002075,Yersinia,Lachnoanaerobaculum,RUG115,Corynebacterium,Selenomonas_A
rep574_seed2599	Bulleidia,CAG-314,CAG-631,UBA1711,CAG-56,Pseudomonas_E,CAG-302,UBA7597,UBA738,Adlercreutzia,RQCD01,Cronobacter,NK4A136,UMGS1975,DTU089,CAG-41,Paenibacillus,UBA7702,Catenibacterium,UBA636,Catenibacillus,HGM11514,UMGS929,Eubacterium,Harryflintia,UBA1232,Stoquefichus,Leclercia,Faecalibacterium,RUG12045,UMGS1690,Ruminococcus,Negativicoccus,HGM12650,Actinomyces,CAG-884,Enterococcus_B,UMGS1603,UMGS1491,UMGS966,CAG-1031,UMGS416,KM106-2,HGM11372,UMGS995,CAG-793,UBA4855,Beduini,Selenomonas_A,CAG-83,UMGS882,Lactococcus,Raoultella,UMGS599,Sporanaerobacter,Lancefieldella,QALR01,Massilioclostridium,Clostridium_A,Cutibacterium,Duncaniella,Faecalicoccus,Frisingicoccus,Muribaculum,MGYG000004171,OF09-33XD,UBA1752,Agathobacter,HGM12957,MGYG000004029,UBA1409,MGYG000000745,QALS01,AM51-8,CAG-762,HGM11523,Dysgonomonas,Superficieibacter,UMGS1477
rep575_seed2600	CAG-964,UMGS1484,UMGS1418,HGM04593,UBA7597,UMGS1839,Dorea_B,MGYG000004443,Massilioclostridium,Faecalitalea,Campylobacter,UBA7748,UBA4285,Enterococcus_A,Turicibacter,RUG023,UMGS680,Neisseria,Victivallis,NSJ-32,Companilactobacillus,Negativibacillus,UBA2821,Ruminococcus_B,Prevotella,Parabacteroides,RUG705,Peptoniphilus_A,Ruminococcus_G,Faecalibacillus,Leclercia,UBA7057,Bulleidia,Phytobacter,Lactococcus_A,Fusobacterium_A,CAG-617,UMGS1490,UMGS416,UMGS973,Robinsoniella,SFMI01,UMGS2055,UMGS1872,UBA3631,Weizmannia,UBA1375,Clostridioides,UMGS1322,Roseburia,CAG-793,CAG-1427,Enterobacter_A,Caecibacter,NK4A136,CAG-411,Bacillus_J,UMGS1109,CAG-451,Amulumruptor,CAG-877,Longicatena,UMGS692,Marseille-P4683,MGYG000001871,Pyramidobacter,CAG-484,MGYG000003305,Cutibacterium,AF33-28,Catenibacillus,Lagierella,TWA4,UMGS1688,CACZQA01,SFVR01,Paramuribaculum,NSJ-62,MGYG000002719
rep576_seed2601	UMGS124,UMGS1322,MGYG000004127,Ruminococcus,Raoultibacter,Scardovia,UBA6345,UBA1259,CAG-631,Alistipes_A,QAKD01,Anaerobutyricum,MGYG000004172,Ruminococcus_E,UMGS1840,UMGS1490,Brachyspira,HGM12998,Massilicoli,MGYG000000587,UBA4372,Pygmaiobacter,CAG-83,Companilactobacillus,MGYG000004229,Olsenella_B,RUG131,UBA7160,UMGS1474,UCG-010,DTU089,Intestinibacter,MGYG000000425,UBA1409,Hafnia,MGYG000003490,UBA1829,RUG115,UMGS911,Nitratidesulfovibrio,UMGS1491,CAG-492,Enorma,HGM11530,UBA10677,Anaerosporobacter,Mediterraneibacter_A,Acinetobacter,HGM12713,Parvimonas,UMGS1623,UMGS680,UBA5394,Johnsonella,UMGS1487,Schaedlerella,Lacrimispora,Blautia,Weissella,UMGS1375,UBA1375,UMGS1864,GCA-900066135,UMGS1766,Acidaminococcus,Latilactobacillus,UBA4871,CAG-349,Evtepia,Zag111,CAG-831,Anaerosalibacter,Olsenella_E,Neobacillus,UMGS1384,UMGS1518,UMGS882,QAMX01,RUG705
rep577_seed2602	Methanomassiliicoccus_A,Paenibacillus_A,UBA4855,MGYG000000505,Ruthenibacterium,OF09-33XD,Clostridium_E,Massilimaliae,Fusobacterium_B,Raoultibacter,RUG420,Parasutterella,MGYG000004604,HGM11530,Duodenibacillus,UBA11940,UMGS1518,CAG-791,Ellagibacter,HGM05232,UMGS1591,Exiguobacterium,CAG-56,Coprobacillus,NK3B98,Firm-11,UMGS902,Lagierella,Lactonifactor,UMGS905,UMGS1781,UMGS1826,Lachnoclostridium_B,RUG11200,Ruminococcus_E,CAG-475,UBA11512,Phascolarctobacterium_A,CAG-495,Mailhella,CAG-452,GCA-900066135,Moellerella,Yokenella,MGYG000000378,MGYG000004061,Clostridium_B,Corynebacterium,UBA1737,Anaerotruncus,MGYG000004380,COE1,Limosilactobacillus,CAG-45,Alterileibacterium,MGYG000000286,Campylobacter,CAG-822,Slackia_A,UBA9502,Pseudoruminococcus,Blautia_A,UMGS1388,UBA7185,Actinomyces,Anaerotignum,Christensenella,Clostridium_A,UBA5446,Emergencia,Marvinbryantia,HGM13618,An181,UMGS1976,Edwardsiella,Franconibacter,HGM13862,Mesosutterella,Bilophila
rep578_seed2603	Bariatricus,HGM11575,Eubacterium_M,UMGS1590,UMGS1858,An181,Anaerobutyricum,Agathobacter,Cetobacterium_A,Psychrobacillus,Kallipyga,Ruminococcus_G,MGYG000001903,Olsenella_B,Sneathia,UMGS577,MGYG000000587,D5,DTU089,SFFH01,Hafnia,Merdibacter,UBA4855,NSJ-50,Intestinibacter,Agathobaculum,Ruminococcus_A,Eubacterium_R,Hungatella_A,UBA636,Acinetobacter,QAMH01,Haemophilus_A,Mediterraneibacter,Dysgonomonas,HGM12814,GCA-900066755,Massiliomicrobiota,Borkfalkia,Clostridium_AP,Fusobacterium_A,CAG-83,UMGS1384,Dorea,UMGS692,Dysosmobacter,Edwardsiella,Mailhella,Desulfovibrio,Methanobrevibacter_A,MGYG000004850,NK4A136,Prevotella,UBA1191,CAG-303,Enterococcus_A,Stomatobaculum,Aneurinibacillus,UBA11517,UBA1737,CAG-873,Yokenella,MGYG000004443,UBA6857,Harryflintia,Porphyromonas_A,Lachnoclostridium_B,NSJ-38,UMGS1840,TM7x,Rubneribacter,Salinicola,QAMM01,UBA5394,Franconibacter,Monoglobus,Pluralibacter,Azonexus,UMGS1052
rep579_seed2604	CAG-484,Muribaculum,CAAEEV01,Olsenella_B,Amedibacterium,Mobilibacterium,Massilimaliae,UBA2856,RUG472,Enterocloster,CAG-884,Adlercreutzia,Caecibacter,UMGS263,Anaerofustis,Schaedlerella,Scardovia,UBA644,Alistipes,Treponema_D,SFMI01,Sutterella,UMGS363,CAG-492,Citrobacter_A,HGM11523,UMGS1975,CAG-390,Peptococcus,CAG-831,Butyricicoccus,Rikenella,CAG-510,Ruminococcus_F,CAG-452,CAG-1031,MGYG000004443,1XD42-69,HGM11416,Lactobacillus,Sneathia,UMGS2055,Anaerotruncus,WG-1,Eggerthella,Pseudomonas,NK4A136,SFDP01,UMGS1384,UMGS1872,UMGS1322,NSJ-61,NSJ-32,Anaerotignum,Firm-11,CAG-127,Dielma,Fusobacterium,Oscillibacter,UMGS946,UMGS1109,Eubacterium_R,CAG-272,Robinsoniella,Anaerobutyricum,UMGS403,UBA1711,HGM13862,HGM10836,Fusobacterium_A,UBA1191,Clostridium_F,CAG-288,Brachyspira,Leminorella,HGM11327,Campylobacter,Stomatobaculum,CAG-521
rep580_seed2605	MGYG000003970,Citrobacter_A,UMGS172,Enterobacter_D,UBA1829,RUG12045,Enterococcus_A,HGM11416,UMGS1418,DTU089,UMGS124,Pradoshia,UMGS1600,Acetatifactor,Evtepia,CAG-557,SFDP01,MGYG000003490,Mailhella,CAG-269,UMGS1815,QAMX01,UBA11471,UMGS1994,Weissella,Marseille-P4683,Eubacterium_R,Anaeroplasma,Enterococcus_D,Garciella,CAG-302,CAG-317,RUG11198,UBA9414,OM05-12,Anaerobutyricum,Methanomassiliicoccus_A,UMGS1477,Chimaeribacter,Atlantibacter,SFVR01,Bulleidia,Collinsella,Sporanaerobacter,UMGS1820,UMGS1472,CAG-462,Enteroscipio,Paraclostridium,QALW01,Edwardsiella,Ralstonia,Scardovia,UBA9475,An181,UMGS1933,UMGS1623,Actinobaculum,UBA1786,Victivallis,NK4A136,MGYG000002719,Anaeromassilibacillus,MGYG000000456,Haemophilus_A,Acetivibrio_A,Duodenibacillus,QALS01,UBA6857,CAG-762,UBA1394,Porphyromonas_A,UMGS1865,MGYG000000745,UBA9502,Butyricimonas,MGYG000002726,UMGS1880,Intestinibacter
rep581_seed2606	Hafnia,Alloprevotella,Hungatella_A,UBA5884,Campylobacter_A,Phocaeicola,UMGS1766,Fusobacterium_A,Murdochiella,Leminorella,MGYG000004604,Citrobacter,MGYG000004811,CAG-452,MGYG000001903,Citrobacter_A,Butyricicoccus_A,Parolsenella,RUG13868,Eikenella,UBA5920,Victivallis,AM51-8,Merdimonas,Enterococcus_C,Cloacibacillus,Clostridium_AP,Limosilactobacillus,CAG-877,Fusobacterium,CAG-495,Selenomonas_A,Johnsonella,MGYG000004112,UMGS1826,RUG705,Stomatobaculum,Enterococcus_D,OM05-12,QAMM01,CAG-103,MGYG000002726,UMGS1491,Bittarella,QAKW01,Pradoshia,CAG-302,UBA6382,CAG-411,MGYG000003289,Clostridium_Q,Lagierella,Bacillus_A,Sellimonas,Longibaculum,Merdibacter,UBA4644,Clostridium_A,UMGS1241,Ruminococcus_E,UMGS1370,F0040,CAG-462,MGYG000000387,CAG-710,CAG-882,UMGS966,UBA636,Lawsonella,MGYG000004172,KLE1615,Leptotrichia,Agathobaculum,MGYG000000350,Gemmiger,WG-1,Enterocloster,HGM11530,Romboutsia
rep582_seed2607	CAG-485,CAG-831,Eggerthella,Kluyvera,Mesosutterella,Muribaculum,SFGY01,Extibacter,UBA636,GCA-900066905,Fenollaria,UMGS263,UBA4285,An92,Citrobacter,Superficieibacter,Lacrimispora,Salmonella,Mobiluncus,CAG-617,HGM13233,CAG-1031,UBA7702,CAG-83,CAG-917,Robertmurraya,CAG-269,UBA3818,MGYG000002216,HGM11521,UBA9502,Emergencia,UMGS172,Eubacterium_R,HGM11327,QAMX01,Lactiplantibacillus,MGYG000000728,Amedibacillus,Gemella,UCG-010,Rahnella,Fusobacterium_C,Niameybacter,Absicoccus,QALS01,UMGS1326,Schaedlerella,Hungatella,TF01-11,Pseudomonas_E,UMGS1601,Porphyromonas,Lactococcus,Alloscardovia,RUG023,UBA4871,Enterococcus,Intestinimonas,QANA01,Lentilactobacillus,UMGS1487,Zag1,HGM11575,MGYG000004811,Ligilactobacillus,Pseudoflavonifractor,Gemmiger,Sporanaerobacter,MGYG000004112,UMGS1994,Anaerostipes,UBA3766,Citrobacter_A,Enterococcus_A,Hydrogeniiclostridium,Exiguobacterium,MGYG000000286,Phytobacter
rep583_seed2608	MGYG000000425,TWA4,Clostridium_B,Campylobacter,MGYG000004133,Peptoniphilus_B,Muribaculum,Exiguobacterium,Ellagibacter,GCA-900066755,An181,NSJ-63,UMGS1696,MGYG000003490,Garciella,Schaedlerella,Merdimonas,CAG-274,UBA2821,Prevotellamassilia,Ruminococcus_F,Methanomassiliicoccus_A,Enterococcus_A,MGYG000004604,UMGS1810,Mitsuokella,UMGS1766,SFDP01,QANA01,UMGS1883,Fusobacterium_C,HGM11386,UBA1685,Niameybacter,Eubacterium_R,CAG-194,CAG-590,NK4A136,UMGS1975,UBA1390,Flavonifractor,RUG023,MGYG000003270,Evtepia,Peptacetobacter,MGYG000001953,RUG12045,Lachnoclostridium,UBA1394,CAG-488,RUG410,Leclercia,UMGS1202,HGM11514,CAG-303,Klebsiella_A,Eisenbergiella,CAG-762,Criibacterium,Murimonas,Anaerosacchariphilus,UBA1417,Lawsonibacter,MGYG000002075,Butyricicoccus_A,Peptoniphilus_C,UMGS911,Ruminococcus_D,MGYG000002696,Massilistercora,Angelakisella,Peptostreptococcus,Tidjanibacter,Butyricimonas,CAG-269,Dorea,Hafnia,UBA1822,HGM11368
rep584_seed2609	CAG-314,Cetobacterium_A,Acetivibrio_A,Gemmiger,CAG-917,UMGS995,Prevotella,Kluyvera,UMGS1387,MGYG000003305,Raoultibacter,UMGS1851,Campylobacter,UMGS263,MGYG000004604,GCA-900066755,CABIZH01,Paraeggerthella,Ellagibacter,Porphyromonas,UMGS680,Enterobacter_D,CAG-460,Marseille-P4683,Eggerthella,MGYG000002696,Weissella,Bacillus_A,UMGS1224,MGYG000004133,HGM11501,UMGS1312,UMGS1865,Finegoldia,Clostridium_AP,Hafnia,UBA3263,Faecalibacillus,Firm-10,UBA11512,Marseille-P3106,QAKD01,HGM11575,UMGS268,UBA1375,UBA7160,Clostridium_A,Parabacteroides,Klebsiella,Pygmaiobacter,Proteus,UBA3631,TF01-11,UMGS1572,UBA1394,UBA9414,Evtepia,Leuconostoc,SFMI01,MGYG000002683,Sutterella,Citrobacter_A,Rahnella,UBA5446,CAG-884,Prevotellamassilia,UBA3388,CAG-510,HGM04593,Bittarella,MGYG000002075,Gabonibacter,Criibacterium,Faecalimonas,CAG-180,HGM12998,RUG11247,Merdimonas,UBA738
rep585_seed2610	CAG-710,Pradoshia,UMGS1901,MGYG000002797,HGM12713,Ezakiella,Olsenella_B,Harryflintia,Raoultibacter,MGYG000004029,UBA1394,Coprobacillus,UMGS1851,UMGS2016,Ruminococcus_E,Porphyromonas_A,Bacteroides,GCA-900066905,Dysosmobacter,Anaerostipes,CAG-41,UMGS1613,Cetobacterium_A,UMGS1387,DTU089,UBA7102,CAG-314,Eubacterium_M,SFMI01,CAG-1193,NSJ-50,MGYG000003289,Turicibacter,Pygmaiobacter,CAG-964,Fusobacterium_A,Robinsoniella,UBA1390,Schaedlerella,MGYG000002010,UMGS1474,Catenibacillus,UMGS731,UC5-1-2E3,UMGS1670,Marseille-P4683,MGYG000000425,MGYG000002053,UMGS1880,UBA1206,UMGS1370,UBA4644,MGYG000000390,Coprococcus_A,Bacillus_J,Holdemania,Phascolarctobacterium,UMGS124,UBA1191,CAAHEQ01,UMGS1840,Lactonifactor,Campylobacter_B,Salinicola,UMGS1491,Massilistercora,F082,UMGS1326,UBA11940,CAG-196,UMGS1293,MGYG000000574,QANG01,UBA6382,Cloacibacillus,CACZQA01,MGYG000003297,UBA9502,UBA2882
rep586_seed2611	HGM11368,CAG-488,HGM11501,UBA7182,RUG13868,Mobiluncus,UBA1685,UMGS1994,Faecalibacillus,HGM11386,Franconibacter,Succinivibrio,UMGS1109,Murimonas,MGYG000000505,UMGS2037,WG-1,CAG-603,GCA-900066905,Klebsiella,Citrobacter_B,UCG-010,UMGS1883,Lactococcus_A,Megasphaera,HGM11523,MGYG000002053,MGYG000000674,UMGS1840,Campylobacter,Peptostreptococcus,Bacillus_A,Faecalibacterium,Enterobacter_A,Veillonella,UBA11940,Pradoshia,UBA940,UBA3818,Raoultibacter,Marseille-P3106,Porphyromonas,UMGS1322,UMGS416,CAG-884,MGYG000002575,UMGS911,Serratia,Ruminococcus_G,UBA4644,CAG-272,Eubacterium_J,Dorea_A,HGM14224,Phocaeicola,Peptacetobacter,Clostridium_AQ,Anaerosalibacter,HGM13006,Succiniclasticum,Pseudoflavonifractor,UMGS995,Enterobacter,UMGS1293,UMGS1572,AM51-8,ER4,CAG-411,Cutibacterium,UBA1829,UMGS1696,Streptococcus,CAG-110,CAG-41,UBA1691,UMGS1251,Angelakisella,Ruminococcus_F,Dielma
rep587_seed2612	SFVR01,NSJ-38,Edwardsiella,Emergencia,Cetobacterium_A,Latilactobacillus,CAG-603,Phocaeicola,CAG-417,UMGS1670,UBA3282,Anaeroglobus,Massiliomicrobiota,Ruminococcus_B,CAG-475,Clostridium_B,Holdemania,UMGS1994,RUG100,CAG-877,Niameybacter,Criibacterium,Limosilactobacillus,Campylobacter_B,Citrobacter,UBA1737,CAG-1031,UMGS1338,UMGS1490,Gordonibacter,UBA1740,Acidovorax,CAG-521,CAG-288,UMGS1004,UMGS1474,CAG-103,RUG472,UBA9506,UMGS1572,UMGS874,UMGS1253,UBA4716,Weizmannia,UBA3631,Clostridium_X,Allisonella,CAG-617,UMGS1696,MGYG000003297,UBA4855,RUG11200,UBA7185,Kluyvera,RUG11198,Mesosutterella,HGM11507,NK3B98,CAG-449,Gemella,Paraeggerthella,MGYG000003490,Holdemanella,MGYG000004229,CAG-302,Haemophilus_D,UMGS403,Amedibacterium,WRGP01,UMGS1663,CAG-314,Superficieibacter,HGM11588,SFTJ01,MGYG000004727,UMGS1783,Salinicola,CAG-964,Alistipes
rep588_seed2613	Coprococcus,Extibacter,Schaedlerella,Holdemania,RC9,Sutterella,Ruminococcus_A,Amedibacillus,Enterococcus_C,UBA1390,Dorea_B,QAMM01,UMGS1781,MGYG000000728,Lysinibacillus,Faecalibacillus,Collinsella,CAG-510,Chimaeribacter,HGM11417,CAG-462,UMGS1225,Olsenella,Porphyromonas_A,HGM05232,CAG-83,Gemella,Sneathia,MGYG000003855,CAG-127,MGYG000004380,Pseudoflavonifractor,Borkfalkia,43-108,Staphylococcus,Enterococcus_G,UBA1409,UMGS1002,KM106-2,UBA644,An92,UMGS1441,UBA9502,Anaerocolumna,HGM12814,Christensenella,Rubneribacter,Fenollaria,Emergencia,UBA3402,Lacticaseibacillus,MGYG000004850,Anaerosacchariphilus,Lachnoclostridium_B,Anaerosporobacter,Eubacterium_I,HGM12998,UBA3766,Lactiplantibacillus,NSJ-38,Kosakonia,TF01-11,Peptostreptococcus,CAG-56,RUG705,Fusicatenibacter,VUNA01,CAG-390,HGM12669,Lagierella,CAG-710,Franconibacter,Acutalibacter,CAG-628,Monoglobus,MGYG000000390,UBA3818,CAG-312,QAMH01
rep589_seed2614	NK3B98,Clostridium_X,CAG-45,UMGS1623,UMGS1540,Ruminococcus,Haemophilus_A,Pseudescherichia,Stomatobaculum,S5-A14a,HGM12789,UBA6398,UMGS1795,CAG-194,CAG-582,Eubacterium_J,Enterococcus_B,MGYG000002216,Bacillus_J,Mediterraneibacter_A,HGM13634,Bittarella,CAG-873,UBA1737,Yokenella,CAG-217,Eubacterium_I,MGYG000003855,Anaerotruncus,MGYG000000346,Evtepia,Dorea_B,Clostridium_AP,Pauljensenia,QAMM01,HGM12998,RUG420,UBA2856,Borkfalkia,MGYG000004229,Lancefieldella,Mobiluncus,HGM12713,UMGS1518,CAG-279,Streptococcus,Eisenbergiella,Leclercia,Campylobacter,UBA1822,MGYG000001903,UMGS1858,UMGS1071,Bacteroides_F,CAG-349,Alistipes_A,Rahnella,HGM12650,An92,Ligilactobacillus,Clostridium_Q,UBA1234,MGYG000004094,SFDB01,MGYG000003490,Clostridium_E,Fusobacterium_C,MGYG000002685,CAG-964,UBA1691,CAG-762,Fannyhessea,Dialister,HGM12814,NSJ-62,Brachyspira,Parvimonas,Citrobacter_B,UBA1685
rep590_seed2615	UBA1731,UBA7102,Leclercia,Christensenella,Harryflintia,Ruminococcus_C,Hydrogeniiclostridium,RUG472,RUG11200,MGYG000004380,Intestinibacter,UMGS1600,CAG-83,Anaerosporobacter,UMGS731,UMGS1071,UBA1752,Peptoniphilus_B,CAG-103,Eubacterium_F,UBA1375,Angelakisella,Ruthenibacterium,NSJ-63,UMGS2055,Enterococcus_D,Parolsenella,MGYG000004127,Pseudomonas,Mitsuokella,MGYG000003297,CAG-452,GCA-900066495,UBA7597,Lancefieldella,UBA866,Paenibacillus,Varibaculum,HGM12669,DTU089,UMGS1518,KLE1615,Fusobacterium_B,CAG-81,UBA3263,WG-1,MGYG000000587,Bacteroides_F,Phascolarctobacterium,Olsenella_E,Azonexus,Robertmurraya,UBA1394,SFDB01,An172,Fannyhessea,Fusobacterium,Lactococcus,Rothia,Weissella,CAG-791,UBA11774,Pygmaiobacter,UMGS1572,UBA3282,Adlercreutzia,Clostridium_E,CAG-495,Enteroscipio,NSJ-32,MGYG000002758,HGM04593,UMGS75,MGYG000002216,CAG-279,CAG-1024,GCA-900066135,UMGS1484,Mixta
rep591_seed2616	Bittarella,UMGS416,HGM12814,Arcanobacterium_A,Fenollaria,Ruminococcus_A,HGM13233,UMGS1418,UBA738,D5,CAG-710,UMGS1109,Ezakiella,Paenibacillus_A,UBA1740,UMGS2037,UMGS1225,F082,Pluralibacter,Alloscardovia,MGYG000002702,UMGS929,Terrisporobacter,Oscillibacter,Eikenella,CAG-1427,TF01-11,HGM12587,Negativibacillus,HGM11521,Bacillus_J,Clostridioides,Akkermansia,HGM10836,CAG-884,MGYG000000587,Treponema_D,UBA7182,Longicatena,Selenomonas_A,CAG-103,Pseudoflavonifractor,Alistipes,CAG-465,Lactococcus,Acetivibrio_A,HGM11507,UMGS1312,Pantoea,UBA3818,Pseudomonas_R,Dorea_B,TWA4,TM7x,UMGS1858,UBA1417,RUG11200,UMGS1600,Phytobacter,Olsenella,Enterococcus,Aneurinibacillus,CAG-791,UBA3263,Rahnella,UMGS1795,Anaerosalibacter,CAG-917,1XD42-69,UBA6984,Fournierella,MGYG000003297,Amulumruptor,GCA-900066905,Lentilactobacillus,UMGS1307,CAG-628,UMGS1839,UMGS1591
rep592_seed2617	UMGS1600,CAG-485,Lactonifactor,UBA2856,Lacrimispora,Blautia,MGYG000004850,UMGS263,CAG-873,Fusobacterium_C,UBA5446,Neobacillus,Dorea_A,MGYG000004061,F0422,Beduini,UMGS874,Extibacter,Dorea_B,An92,Cetobacterium_A,UMGS1540,UMGS124,Clostridium_AP,UBA1417,Morganella,Raoultella,MGYG000004177,Blautia_A,Anaerococcus,MGYG000000456,F0040,COE1,Faecalibacillus,CAG-303,Eisenbergiella,UBA3818,RUG023,UBA7160,MGYG000004547,Salmonella,Eikenella,Acetatifactor,Mobiluncus,UMGS172,UMGS403,Ruminococcus,Marvinbryantia,MGYG000000674,Massilioclostridium,Veillonella_A,Pluralibacter,Robertmurraya,Clostridioides,CAG-41,Lacticaseibacillus,Eubacterium_F,UMGS1976,Selenomonas_C,Alistipes_A,Providencia,Brachyspira,UBA1181,HGM12957,HGM11616,RUG11198,Weizmannia,QAMX01,MGYG000004660,Porphyromonas,Acidovorax,Eubacterium_R,Ruminiclostridium_E,Phoenicibacter,UBA11940,Leuconostoc,Mediterraneibacter,UMGS1865,Bacilliculturomica
rep593_seed2618	CAG-632,UMGS403,QALR01,Ruminococcus_A,UMGS1670,Pseudomonas_R,RUG472,UBA4644,UBA866,UBA1777,Terrisporobacter,UMGS1611,UBA737,Acetivibrio_A,COE1,UMGS1815,UBA3402,Fusobacterium_C,UMGS2055,CAG-274,UMGS577,Peptostreptococcus,Robinsoniella,Arabia,QAMM01,Ezakiella,UBA1822,Negativibacillus,UBA11940,SFJ001,UMGS1322,UMGS1484,Sporanaerobacter,RUG705,CAG-710,CAG-521,Massilistercora,UBA3631,Salinicola,UMGS1601,MGYG000001903,UBA6398,Lachnoanaerobaculum,CAG-317,UMGS1537,Rubneribacter,CAG-917,Olsenella,Methanobrevibacter_A,UMGS124,Exiguobacterium,SFTJ01,HGM12957,UMGS1591,Evtepia,Prevotellamassilia,CAG-302,Mobiluncus,Ruminococcus_D,UMGS1889,GCA-900066135,CAG-56,Sutterella,Nitratidesulfovibrio,Clostridium_B,RUG410,Dielma,HGM11417,TF01-11,CAG-791,Ruminococcus_F,CAG-313,Ruthenibacterium,HGM11530,MGYG000004171,Cloacibacillus,UMGS1590,Clostridium,F0422
rep594_seed2619	Beduini,RUG572,UBA7102,CAG-882,HGM12650,UMGS577,Paraprevotella,HGM11616,UMGS1474,UBA7057,Enterococcus_B,UMGS1690,F23-B02,Marseille-P3106,Hungatella,MGYG000003855,UBA2856,MGYG000003945,CAG-617,UMGS1810,QANA01,UBA636,HGM11327,HGM12669,Megamonas,Escherichia,Slackia,DTU089,Gastranaerophilus,QALW01,MGYG000001871,Fusobacterium_C,Bariatricus,UMGS1472,UBA1232,HGM12713,Pygmaiobacter,Salinicola,Marvinbryantia,MGYG000002575,Ruminococcus_G,CAG-41,Enterococcus,CAG-762,UBA5905,D5,Acinetobacter,Prevotellamassilia,MGYG000002702,CAG-145,OF09-33XD,TF01-11,Enterococcus_C,Lawsonibacter,TWA4,1XD42-69,Enterocloster,UMGS1766,CAG-582,SFDP01,UMGS882,CAG-776,UMGS1591,UMGS1540,UMGS1312,Zag1,Negativicoccus,Varibaculum,Porphyromonas,VUNA01,NSJ-50,Kallipyga,Corynebacterium,Lachnoanaerobaculum,F0422,CAG-710,HGM11808,HGM12998,Coprobacter
rep595_seed2620	MGYG000002010,UMGS268,Acinetobacter,Leclercia,Paenibacillus,UBA1409,HGM11514,Agathobacter,Ruminococcus_F,F23-B02,HGM14224,Kallipyga,Chimaeribacter,Dorea_A,UMGS1279,Criibacterium,UMGS1826,Paraeggerthella,UBA5026,VUNI01,Ruminococcus_B,Phoenicibacter,Stoquefichus,UBA2882,UMGS2016,Lawsonella,Actinomyces,QALW01,Murdochiella,Enterococcus_G,Alloprevotella,UBA1394,Butyricicoccus,Ralstonia,Selenomonas_A,CAAEEV01,Haemophilus_A,MGYG000001903,Fusobacterium_B,MGYG000004380,UMGS75,CAG-475,CAG-873,S5-A14a,Tidjanibacter,Azonexus,UCG-010,Enterobacter_A,CAG-1031,Merdimonas,Methanosphaera,Negativibacillus,Rubneribacter,Faecalimonas,UMGS1251,Methanomassiliicoccus_A,Pseudomonas,Coprobacter,Amedibacillus,Succinivibrio,BX12,UBA5809,Absicoccus,Streptococcus,RF16,UMGS1387,Citrobacter_A,HGM11525,UBA9502,CAG-45,Senegalimassilia,Latilactobacillus,CAG-56,UBA11471,Muricomes,Arcanobacterium_A,Fusicatenibacter,CAG-628,HGM05232
rep596_seed2621	Phocea,Megasphaera,UBA1409,Lagierella,CAG-272,UMGS1477,UMGS1572,UMGS1418,MGYG000000674,UBA3766,MGYG000002010,Edwardsiella,UMGS1839,MGYG000000505,CAG-417,Succiniclasticum,UBA940,RUG420,Extibacter,HGM11530,SFFH01,HGM11523,Peptoniphilus_E,Clostridium_B,F0422,UMGS902,Mixta,MGYG000000286,CAG-484,RUG100,MGYG000004604,Hungatella,Firm-11,Citrobacter,Atlantibacter,Pseudescherichia,CAG-460,Yersinia,UBA5446,Neisseria,BX12,CAG-495,Latilactobacillus,Lachnospira,TWA4,OM05-12,HGM11327,MGYG000003297,MGYG000004094,Allisonella,Leminorella,Cedecea,Lactobacillus,Anaerostipes,Enterocloster,Neobacillus,Phascolarctobacterium,HGM13618,Robinsoniella,Leptotrichia,UBA2883,Proteus,Phocaeicola,CAG-145,Coprobacillus,Amedibacillus,UMGS1002,UBA5809,UBA1822,NK4A136,CAG-917,DTU089,UMGS1670,CAG-196,CAG-617,Fusobacterium,Odoribacter,Duodenibacillus,CAG-1000
rep597_seed2622	MGYG000004547,Alistipes_A,HGM12957,Succiniclasticum,UBA9506,UMGS1591,UMGS1872,UMGS1418,QAKW01,Ruminiclostridium_E,UMGS1491,HGM11327,Anaerocolumna,Veillonella_A,VUNI01,Prevotella,CAG-484,Clostridium_E,Eubacterium_F,Marseille-P3106,Anaerococcus,Fannyhessea,HGM13862,UBA1259,51-20,Sutterella,MGYG000002696,JAAYBB01,Paraeggerthella,UBA3402,UBA6398,CAG-314,Rikenella,UBA7702,F23-B02,Dysgonomonas,Neobacillus,Anaeroglobus,CAG-793,NK3B98,HGM05232,CAG-495,UMGS1883,UMGS2016,Caecibacter,UBA7160,UBA3388,HGM11417,Acidovorax,Firm-11,UBA4334,RUG12045,CAG-353,Streptococcus,Mobilibacterium,Harryflintia,Anaerostipes,S5-A14a,UMGS1388,MGYG000002797,Eubacterium,Enorma,MGYG000001903,Haemophilus_D,SFMI01,Massilicoli,QAKD01,CAG-41,VSOB01,UMGS2055,Parvimonas,UBA1375,RUG472,Ruthenibacterium,Paramuribaculum,Enterobacter_D,Firm-07,UMGS874,Clostridium_B
rep598_seed2623	Citrobacter,Ralstonia,CAG-314,UMGS1613,UMGS1851,Intestinibacter,Pseudescherichia,Massilimaliae,Cetobacterium_A,Enterobacter,F082,CAAEEV01,Vibrio,CAG-884,MGYG000004094,UMGS1532,CAG-841,Pseudoflavonifractor,Bacteroides_F,Nitratidesulfovibrio,Clostridium,UMGS1322,Acinetobacter,UMGS946,HGM11507,UBA11512,Clostridium_AP,Victivallis,UBA2883,Bacillus_J,Enterobacter_D,QAMH01,UBA5920,CAG-877,Cedecea,HGM05232,Amedibacillus,Parabacteroides,Leminorella,An92,Clostridium_P,KLE1615,Clostridium_J,Peptococcus,V9D3004,Adlercreutzia,SFGY01,UBA5884,Providencia,Ruminococcus_A,UBA3631,Murdochiella,MGYG000002696,SFEL01,UMGS1976,CAG-822,UMGS1872,An172,UMGS1865,MGYG000004443,Sporanaerobacter,CAG-582,UBA1206,Enterocloster,UBA6382,Eubacterium_F,UBA7160,UBA7748,Gabonibacter,Eisenbergiella,UMGS1663,Marvinbryantia,Finegoldia,Butyrivibrio_A,UMGS1251,HGM12814,UMGS1370,UBA3402,SFJ001
rep599_seed2624	CAG-245,MGYG000000745,Prevotellamassilia,51-20,UBA738,Oribacterium,Citrobacter_B,UBA10677,CAG-313,Evtepia,Klebsiella_A,MGYG000003855,Blautia_A,UMGS1241,Clostridium_X,UMGS2055,Anaerocolumna,Intestinibacter,UBA1777,MGYG000000456,UBA6857,UMGS1820,UMGS1795,QALS01,Turicibacter,CAG-273,CAG-882,UMGS1858,Plesiomonas,Leclercia,UBA9506,CAG-762,UBA7597,UMGS1901,UBA1234,Peptacetobacter,Bacilliculturomica,Weissella,Clostridium_AP,MGYG000002726,Allisonella,Gemella,Paramuribaculum,Olsenella_E,AF33-28,Phascolarctobacterium,UMGS416,UBA644,UBA5026,CAG-127,Selenomonas_C,CAG-1031,Clostridium_Q,HGM11521,UMGS1815,UBA1206,RUG705,Turicimonas,QALW01,Lacrimispora,Succinatimonas,UBA1685,MGYG000004727,HGM11788,Prevotella,Ruminococcus_G,Raoultella,UMGS1613,Negativicoccus,CAG-617,AM07-15,UMGS1202,Pseudomonas_E,Kallipyga,UBA11517,CAG-81,UBA1409,Parasutterella,Megasphaera
rep600_seed2625	Superficieibacter,Bittarella,UMGS1384,1XD42-69,CAG-245,CAG-632,Bruticola,UMGS1623,Ruminococcus_G,Yersinia,CAG-841,Cloacibacillus,Niameybacter,MGYG000002758,CAG-460,UMGS75,GCA-900066905,UBA636,UMGS680,Alloprevotella,Lachnoanaerobaculum,UMGS1418,Mailhella,UBA1685,HGM13006,HGM12789,Butyricicoccus,Phascolarctobacterium_A,CAG-510,UMGS172,Bacilliculturomica,CAG-417,Catenibacterium,Rubneribacter,UMGS1388,HGM12713,NK4A136,Pradoshia,Franconibacter,MGYG000000674,CAG-884,UBA3388,UMGS1004,UBA11774,CAG-95,Terrisporobacter,CABIZH01,An181,Raoultella,UBA7160,CAG-115,UMGS1858,QAKW01,Barnesiella,CAG-288,RUG115,VSOB01,Fusobacterium_A,GCA-900066495,CAG-279,Latilactobacillus,UBA9414,D5,SCN-57-10,UMGS1781,Angelakisella,KLE1615,CAG-274,AM07-15,Dielma,Enorma,Erysipelatoclostridium,CAG-631,Eubacterium_R,CAG-110,51-20,Peptostreptococcus,MGYG000004177,NSJ-50
rep601_seed2626	UMGS1865,CAG-452,Dysosmobacter,UMGS1901,KLE1615,Amedibacillus,Leclercia,Alterileibacterium,CAG-710,UMGS874,Anaerosporobacter,Pseudomonas_E,Amulumruptor,RUG14107,Clostridium_B,RUG572,KM106-2,MGYG000004172,MGYG000001871,VUNI01,CAG-279,UMGS946,QANG01,S5-A14a,UBA4334,Barnesiella,Succinatimonas,D5,Lentilactobacillus,UBA9414,Kluyvera,CAG-115,UBA1206,Parvimonas,Harryflintia,CAG-303,Christensenella,MGYG000002053,UMGS124,Methanosphaera,Eikenella,UMGS1781,Leptotrichia,Stoquefichus,UBA7702,Ruminococcus_G,Enterococcus_G,Peptostreptococcus,Peptoniphilus_B,Salinicola,UBA1786,Methanobrevibacter_A,UMGS1840,Firm-10,UMGS1815,CAG-312,Blautia_A,Neobacillus,Absicoccus,UBA7173,Paraprevotella,Firm-11,MGYG000004061,CAG-45,Massilioclostridium,UBA5920,Veillonella,Caproiciproducens,Muribaculum,HGM11327,Eggerthella,Lacrimispora,Intestinibacter,Enteroscipio,UMGS1002,Pseudomonas_R,Cloacibacillus,Turicibacter,MGYG000000425
rep602_seed2627	UMGS1293,UMGS731,MGYG000000378,UMGS1766,Phoenicibacter,TM7x,Ruminococcus_C,Cloacibacillus,CAG-1193,UMGS882,MGYG000002758,Muricomes,Bacteroides_F,HGM11523,Staphylococcus,UBA5394,51-20,Monoglobus,Streptococcus,UBA3388,Eubacterium_G,UBA9502,MGYG000000387,UMGS263,Harryflintia,Parolsenella,Eisenbergiella,Pantoea,Roseburia,HGM11507,UMGS902,Scardovia,Extibacter,CAG-492,CAG-1427,Robertmurraya,Lactonifactor,Negativibacillus,MGYG000002719,UMGS363,Bulleidia,SCN-57-10,UBA7057,Anaerococcus,UBA1206,Victivallis,Catenibacterium,HGM12587,MGYG000004112,KLE1615,MGYG000004061,Peptoniphilus_B,CAG-349,An181,Pygmaiobacter,CAG-274,MGYG000002010,Lawsonella,QAMX01,Mobilibacterium,Companilactobacillus,VUNA01,SFFS01,MGYG000002726,UMGS1795,1XD42-69,Oxalobacter,RUG11200,Weimerbacter,UMGS1322,UMGS1487,MGYG000004229,HGM13618,SFTJ01,Collinsella,UBA5809,Klebsiella,Amulumruptor,Desulfovibrio
rep603_seed2628	UBA1191,UBA6857,SCN-57-10,Peptoniphilus_A,HGM11588,Mediterraneibacter_A,TF01-11,GCA-900066755,RUG705,NK3B98,HGM13233,UBA11471,Parasutterella,Coprococcus_A,MGYG000001871,UMGS1202,Citrobacter_B,MGYG000004177,Mitsuokella,Anaerotignum,MGYG000002683,VUNA01,RUG12045,OF09-33XD,HGM13618,UMGS882,RUG131,Stenotrophomonas,Merdimonas,UMGS1826,UMGS995,Anaerosacchariphilus,UMGS1839,Porphyromonas,UMGS731,TM7x,UBA5905,Criibacterium,CAG-521,UMGS1864,Treponema_D,Amulumruptor,UBA1259,CAG-484,Garciella,Epilithonimonas,UBA1685,CHH4-2,UMGS1224,UBA7488,Dorea_B,Amedibacterium,NSJ-32,CAG-269,Eubacterium_T,MGYG000003305,Fournierella,HGM13634,VSOB01,CAG-110,MGYG000004811,Staphylococcus,HGM10836,UMGS1795,UBA9475,UMGS1623,Mobilibacterium,CAG-452,UMGS1293,QANG01,Selenomonas_A,UBA1181,CAG-95,Arcanobacterium_A,Fusobacterium_A,RC9,UMGS1696,UMGS1004,CAG-272
rep604_seed2629	UMGS263,CAG-312,Actinomyces,Flavonifractor,Angelakisella,HGM13010,HGM12587,UMGS1603,Anaeroglobus,UMGS1688,CAG-590,CAG-495,HGM11523,CAG-115,Eikenella,Neobacillus,CAG-274,CAG-349,Robinsoniella,RUG572,UBA11517,UMGS1783,UBA2883,UMGS1696,VSOB01,MGYG000002075,CAG-594,Coprococcus_A,Lactococcus,Exiguobacterium,Lactiplantibacillus,Ruminococcus_E,Sutterella,Lactonifactor,UMGS1766,UMGS905,VUNA01,Haemophilus_D,MGYG000000387,HGM13634,Butyricimonas,Caproiciproducens,UMGS1326,Raoultibacter,CAG-180,CAG-1031,UMGS1611,KLE1615,UBA9475,UMGS1633,UBA1691,Borkfalkia,CAG-449,Anaerobutyricum,QAMH01,Duncaniella,UBA9414,MGYG000004172,CHH4-2,MGYG000004727,UMGS1441,Paraclostridium,UMGS1975,Atlantibacter,Granulicatella,UBA7748,HGM11616,CAG-302,UBA6984,UMGS1388,Weizmannia,Butyrivibrio_A,Lachnoclostridium,CAG-314,MGYG000000425,HGM10836,Massiliomicrobiota,CAG-1427,UMGS1202
rep605_seed2630	Negativicoccus,SFTJ01,Finegoldia,Anaerobutyricum,Stoquefichus,UBA6382,UBA11774,Robinsoniella,Coprobacillus,Niameybacter,VSOB01,Ruminococcus_G,MGYG000004061,Citrobacter_B,Stomatobaculum,Longibaculum,MGYG000003305,Coprobacter,Pseudobutyrivibrio,Enterobacter_A,RUG023,Eubacterium_M,HGM11616,Oribacterium,UBA940,Oscillibacter,AF33-28,MGYG000000350,MGYG000003970,CAG-245,UBA7597,Clostridium_AP,SFLA01,CAG-279,UMGS1224,Campylobacter,NSJ-50,HGM13222,UMGS403,UBA7185,CAG-492,Roseburia,CAG-1427,UMGS1307,Porphyromonas,Amedibacterium,Duncaniella,UBA11452,UBA1777,UBA737,Dorea,CAG-349,Gabonibacter,UBA10281,UMGS1375,Proteus,UMGS1540,UMGS874,Leclercia,HGM13634,Rothia,UBA5809,Cedecea,AM07-15,UMGS929,QALR01,F0422,Muricomes,MGYG000002053,WRGP01,Cronobacter,Clostridium_AQ,Atlantibacter,UMGS1601,UMGS966,UMGS1572,UBA1829,UMGS1071,Franconibacter
rep606_seed2631	Bacilliculturomica,HGM11521,Kallipyga,Gabonibacter,Peptococcus,Actinomyces,UMGS1477,Megasphaera,MGYG000000387,NK4A136,CAG-274,Evtepia,Mixta,CABIZH01,Muribaculum,KM106-2,UBA7597,Clostridium_J,Limosilactobacillus,UMGS1307,Bilophila,UBA1737,Alloprevotella,UMGS1872,HGM11368,CAG-462,Longibaculum,43-108,Streptococcus,Murimonas,UMGS1601,Harryflintia,Paenibacillus,MGYG000004660,Phytobacter,UBA11512,Lactiplantibacillus,CAG-41,Pseudomonas,Marseille-P4683,RUG472,Superficieibacter,Mediterraneibacter,Butyricimonas,Robinsoniella,Neisseria,UMGS2055,QANA01,RUG023,Rahnella,UMGS680,UBA6382,UMGS882,CAG-776,Agathobacter,UMGS1052,UBA11517,Desulfovibrio,Oribacterium,UBA7702,UBA11940,UMGS1441,UBA6984,RUG115,Veillonella,UMGS1591,UBA636,UBA1691,Peptoniphilus_E,Franconibacter,UMGS1387,Clostridium_E,Anaeroglobus,UMGS1491,Scardovia,CAG-313,Mediterraneibacter_A,NSJ-32,Faecalimonas
rep607_seed2632	HGM13233,NSJ-61,UMGS403,UMGS1795,CAG-488,Prevotellamassilia,RF16,Murimonas,Weizmannia,UMGS1668,UMGS856,SFFH01,CAG-302,Hungatella,MGYG000004380,Massilioclostridium,Bacteroides,Ruminococcus,UMGS946,CAG-964,UMGS1326,Criibacterium,An181,Lawsonibacter,Holdemanella,Enterococcus_C,Eubacterium_M,Succinatimonas,AM07-15,MGYG000004811,CAG-83,UMGS1251,CAG-882,Citrobacter_A,RUG12045,Lacrimispora,SFTJ01,HGM11416,Gordonibacter,SFGY01,Lactococcus_A,MGYG000002726,QALS01,OM05-12,Bifidobacterium,UBA3402,Clostridium_X,SFFS01,Cloacibacillus,UCG-010,An92,UC5-1-2E3,MGYG000000674,Enterobacter_D,UBA1409,Salmonella,Methanomassiliicoccus_A,Enterobacter_A,Eubacterium_T,RUG115,UBA11517,NSJ-32,UBA738,CHH4-2,Cutibacterium,UMGS1880,Massilistercora,Blautia_A,UMGS1663,CAG-1024,VSOB01,RUG806,Paraprevotella,UBA1740,CABIZH01,Scardovia,Rikenella,Brachyspira,UMGS1322
rep608_seed2633	VSOB01,UMGS1224,CAG-510,UBA1232,Pluralibacter,UBA6857,UMGS1326,CAG-452,Anaerosalibacter,Peptacetobacter,UMGS1815,CAG-273,Kallipyga,Megamonas,Pseudomonas_E,Hungatella,Enterococcus_A,CAG-475,Butyricicoccus_A,UMGS1670,Merdimonas,QALR01,CAG-449,Dysgonomonas,MGYG000004094,SFFH01,UMGS1491,SFJ001,CAG-238,Pyramidobacter,UMGS1976,Clostridium_AP,CAG-557,AF33-28,Veillonella_A,NSJ-61,NC2004,Peptostreptococcus,Peptoniphilus_C,Lawsonibacter,CAG-313,CAG-390,AM07-15,Enterobacter_A,MGYG000002702,UMGS1251,UBA5026,UMGS1388,CAG-180,Succinivibrio,Fusobacterium_C,Paraclostridium,UMGS1865,Mediterraneibacter_A,Edwardsiella,Schaedlerella,Latilactobacillus,MGYG000002075,WRGP01,UMGS1994,QALS01,Pygmaiobacter,VUNI01,MGYG000003970,Gastranaerophilus,Duodenibacillus,Stoquefichus,Roseburia,MGYG000004811,CAG-1000,HGM12669,Lachnoanaerobaculum,Selenomonas_C,Enorma,Arabia,MGYG000003289,Ezakiella,CAG-632,UBA2856
rep609_seed2634	HGM11327,Brachyspira,UBA4285,Pygmaiobacter,CAG-492,Enterobacter_D,Phocaeicola,UBA1685,Pauljensenia,Fournierella,Faecalibacterium,Megasphaera,UBA4716,UBA1691,MGYG000000745,Gemella,CAG-317,UBA11471,Marseille-P3106,RUG11247,Peptoniphilus_A,MGYG000002075,Eubacterium_F,UMGS1387,UBA7185,Eisenbergiella,F0422,HGM13862,RUG806,UBA11512,Parasutterella,Marvinbryantia,43-108,Intestinimonas,Tidjanibacter,Longicatena,Clostridium_AQ,MGYG000004850,MGYG000004171,Turicibacter,Extibacter,CAG-411,QANA01,HGM12713,HGM11575,Peptoniphilus_C,Collinsella,UMGS1668,Selenomonas_C,MGYG000004112,UMGS1384,CAG-485,UBA3282,Massiliomicrobiota,CAG-710,UMGS1851,CAG-349,HGM11514,Enterocloster,Absicoccus,CAG-448,HGM12998,Lachnoanaerobaculum,Paraclostridium,RUG410,UMGS1933,Agathobacter,Paraprevotella,Merdibacter,Leminorella,Flavonifractor,GCA-900066495,Oribacterium,Evtepia,UBA7488,Faecalitalea,CAG-557,Proteus,UMGS1253
rep610_seed2635	HGM13222,Kosakonia,Slackia_A,NC2004,Catenibacillus,UMGS1537,Vibrio,Victivallis,CAAEEV01,RQCD01,Gordonibacter,UBA1777,F23-B02,UBA11774,Frisingicoccus,HGM13634,UBA2821,Ruminococcus_B,UMGS1071,Leuconostoc,Actinomyces,QALS01,Gastranaerophilus,CAG-557,Lagierella,MGYG000003289,Barnesiella,RUG572,UBA6857,MGYG000004380,Blautia,CAG-313,CAG-217,Ruminococcus_F,QANG01,UMGS1540,Clostridium_J,Lachnoclostridium,CAG-631,Yersinia,Scardovia,CAG-317,UMGS1312,CABIZH01,F0422,Beduini,UMGS1840,Eubacterium_I,NK4A136,Emergencia,Merdibacter,SFEL01,HGM12789,MGYG000002053,UMGS1441,CAG-521,F082,UMGS1839,UMGS1603,SFFH01,CAG-288,HGM12713,Oscillibacter,Phil1,UBA5809,Azonexus,Adlercreutzia,Treponema_D,UMGS1883,UMGS577,Fusobacterium_A,UBA1829,Stoquefichus,RUG410,Kluyvera,UBA940,Gemmiger,UBA2882,Marseille-P3106
rep611_seed2636	UBA636,HGM04593,Superficieibacter,Acetivibrio_A,GCA-900066135,UMGS1225,RUG705,HGM11575,Neisseria,Raoultibacter,UBA4855,Mobilibacterium,RUG11247,Stenotrophomonas,SFEL01,UC5-1-2E3,UBA1777,NSJ-32,UMGS902,Haemophilus_D,Muribaculum,Staphylococcus,Fusobacterium_A,UMGS1326,UBA5809,Selenomonas_A,CAG-314,MGYG000004127,RC9,MGYG000002075,UMGS2016,Paraeggerthella,MGYG000003297,HGM11386,UBA4372,MGYG000001903,UMGS1387,CAG-831,UMGS1663,HGM11521,UMGS263,Marseille-P3106,MGYG000000587,Anaeromassilibacillus,MGYG000004604,Phytobacter,UBA11774,UMGS1623,UMGS1518,UBA3263,UMGS882,Acidaminococcus,CAG-302,UBA10281,Romboutsia,Ruminococcus_F,Olsenella,UBA6398,OF09-33XD,UMGS1418,UMGS680,Firm-10,Emergencia,Treponema_D,UMGS1600,Pluralibacter,CAG-103,Phascolarctobacterium,Caecibacter,MGYG000000346,UMGS1491,CABIZH01,Lagierella,Citrobacter,MGYG000003270,CAG-312,Bacteroides,CAG-177,UMGS1071
rep612_seed2637	Bacteroides_F,Butyrivibrio_A,Fannyhessea,Clostridium_N,UMGS966,CAG-917,UMGS1224,Akkermansia,HGM13233,Massiliomicrobiota,Enterobacter_A,UMGS929,Enterocloster,Paraprevotella,Gemella,Hungatella_A,An92,UBA10677,UMGS1994,UBA3388,Emergencia,Roseburia,UMGS1279,Olsenella,Angelakisella,Clostridium_AP,Gastranaerophilus,TM7x,1XD42-69,Mediterraneibacter_A,Gemmiger,Parolsenella,COE1,Eubacterium_J,UBA2882,SFEL01,UBA7597,UBA3631,Corynebacterium,CAG-312,Tidjanibacter,Finegoldia,Acidovorax,CAG-303,UMGS1326,Fenollaria,Lancefieldella,RUG11200,Actinobaculum,CAG-710,MGYG000000378,Acetivibrio_A,CAG-791,MGYG000004172,HGM05232,MGYG000002758,CAG-145,MGYG000003855,Paenibacillus_A,UBA2821,MGYG000000387,MGYG000004133,UMGS1688,Olsenella_B,Senegalimassilia,CAG-245,UMGS1387,UMGS1839,UMGS1384,UBA11471,Bacillus_A,CAG-170,D5,RQCD01,Fusobacterium_C,Mesosutterella,Dorea_B,UMGS1872,CAG-115
rep613_seed2638	Longicatena,An181,MGYG000000387,Fusobacterium_A,CAG-710,Anaerocolumna,Chimaeribacter,Phocaeicola,UMGS1397,Bacteroides_F,UMGS1572,Adlercreutzia,Amedibacillus,Enterococcus_A,Pseudobutyrivibrio,Merdibacter,MGYG000003855,QANG01,WRGP01,CAG-831,UMGS1518,D5,UBA4644,Neobittarella,MGYG000003945,Lactococcus,UMGS1591,Barnesiella,Prevotella,MGYG000002075,Veillonella,Clostridium_P,Firm-11,CAG-312,UMGS2055,KM106-2,Pseudoruminococcus,Cutibacterium,Ruminococcus_D,Murimonas,VUNA01,MGYG000004443,Campylobacter_A,CAG-279,GCA-900066755,HGM12814,UBA1740,Enterobacter_D,HGM13634,RUG572,Pseudomonas_E,VSOB01,Cedecea,UMGS929,SFJ001,Ellagibacter,UMGS882,UMGS1864,Angelakisella,SFGY01,CAG-177,Porphyromonas,CAG-488,MGYG000004604,Romboutsia,UMGS1889,Prevotellamassilia,RUG023,UMGS1601,Lacticaseibacillus,UMGS1202,UBA5884,Lachnoanaerobaculum,CAG-110,UMGS1633,UBA3402,CAG-95,Dielma,JAAYBB01
rep614_seed2639	UMGS1783,Bilophila,Dysgonomonas,UBA5905,PeH17,UMGS1418,SFLA01,Granulicatella,Pseudoflavonifractor,UBA866,UMGS1071,UMGS577,UMGS1225,Amulumruptor,UBA1259,Actinomyces,MGYG000002053,An92,UMGS1668,RUG11198,Johnsonella,Peptoniphilus_C,V9D3004,UBA2883,Extibacter,JAAYBB01,TF01-11,Acidaminococcus,QAMX01,Anaeroplasma,Fournierella,SFJ001,Duodenibacillus,Intestinibacter,UBA6984,Robinsoniella,Enterococcus_G,Desulfovibrio,Actinobaculum,Succiniclasticum,Leuconostoc,Dielma,HGM11530,Moellerella,AF33-28,CAG-488,Kallipyga,Phascolarctobacterium,Enterococcus_C,Phil1,UMGS1540,UBA7702,HGM05232,UMGS1591,UBA2882,UBA1737,RF16,Methanomassiliicoccus_A,Cetobacterium_A,Ruminococcus_A,Selenomonas_A,Selenomonas_C,Eubacterium_F,UMGS363,CAG-417,Eggerthella,Senegalimassilia,Enterococcus_D,UMGS75,RUG14107,HGM11368,Anaerosporobacter,UMGS1202,MGYG000001903,Agathobaculum,UBA1375,Brachyspira,CAG-449,NK3B98
rep615_seed2640	UMGS124,Lysinibacillus,UBA4716,UBA5884,Amulumruptor,UBA5416,MGYG000001871,Muricomes,TF01-11,SFEL01,VSOB01,CAG-196,Anaeroplasma,CAG-831,MGYG000000674,UMGS1766,Prevotellamassilia,Olsenella_E,Alloscardovia,Prevotella,Pyramidobacter,Porphyromonas_A,Clostridium_B,Bulleidia,Citrobacter_A,Paramuribaculum,Anaerosalibacter,Zag1,UBA7160,Phytobacter,RUG410,CAG-95,UBA1822,UMGS1472,Phocaeicola,UMGS1225,Allisonella,Massilimaliae,MGYG000002575,Haemophilus,Neisseria,Ruminococcus_G,MGYG000000378,UBA11471,UBA9506,Bruticola,Anaerotruncus,CAG-462,PeH17,HGM11514,UMGS1388,Firm-11,HGM12957,UBA9414,Akkermansia,HGM11808,Eggerthella,Citrobacter_B,CAG-710,TM7x,UMGS1633,D5,MGYG000002010,Anaerobutyricum,UMGS1839,Ruminococcus_E,UBA11517,MGYG000004133,Clostridium_E,Cronobacter,UBA5905,Rubneribacter,CACZQA01,MGYG000004727,HGM11507,Lancefieldella,CAG-45,UMGS1224,CAG-194
rep616_seed2641	MGYG000000387,MGYG000002575,Blautia_A,VSOB01,UBA5394,Paramuribaculum,Anaeromassilibacillus,Catenibacterium,UBA9506,VUNI01,GCA-900066755,UMGS882,Anaeroglobus,Caproiciproducens,UMGS1251,CAG-196,CAG-603,Eubacterium_M,Anaerocolumna,CAG-103,NK4A136,Lawsonella,UMGS995,HGM13010,Faecalimonas,UMGS1487,UMGS1633,Mesosutterella,Cronobacter,HGM05232,Hungatella,Phascolarctobacterium,Serratia,UBA11517,Granulicatella,Edwardsiella,UBA3766,Marseille-P4683,Longibaculum,Eubacterium_I,Coprobacter,HGM12998,UMGS1004,Acinetobacter,CAG-628,CAG-762,Anaerobutyricum,UMGS1600,UMGS1889,Akkermansia,UBA11940,Selenomonas_C,Leuconostoc,Fenollaria,Massilistercora,Butyricicoccus,HGM11523,Sporanaerobacter,Acetivibrio_A,Intestinimonas,HGM11327,51-20,Campylobacter_A,UBA11774,Haemophilus,Monoglobus,HGM11788,MGYG000004029,Arcanobacterium_A,Ruminococcus_G,HGM11514,UMGS1975,Peptoniphilus_C,Johnsonella,QAMM01,UBA10281,Dielma,MGYG000003297,Actinomyces
rep617_seed2642	NC2004,UBA10677,QALS01,UMGS1202,Kosakonia,MGYG000001871,UMGS1668,UMGS1397,CAG-793,Robinsoniella,CAAEEV01,Romboutsia,Enorma,Pseudomonas,CAG-196,UMGS1858,Clostridium_B,Clostridium_F,RUG023,UBA1691,Escherichia,HGM12957,SCN-57-10,UBA6382,HGM12998,Eubacterium_G,UBA6398,UMGS1322,MGYG000000390,RUG11247,QAMH01,UMGS966,CAG-762,MGYG000004660,Lacticaseibacillus,UBA1711,Acinetobacter,Rubneribacter,UMGS1241,UMGS1002,UBA4644,AF33-28,UMGS1477,UBA2821,Alistipes,Anaeroglobus,UBA945,CAG-273,RUG420,Campylobacter_B,HGM12587,UMGS882,Coprococcus,CAG-451,Varibaculum,MGYG000002758,HGM11530,Blautia_A,Succiniclasticum,UMGS1052,Actinomyces,Mobilibacterium,UBA11452,UMGS577,MGYG000000456,MGYG000004727,Paenibacillus,Leminorella,Lactobacillus,Clostridium_N,SFLA01,MGYG000002575,CAG-170,VUNA01,Bittarella,UMGS124,Fenollaria,UBA737,HGM11588
rep618_seed2643	Coprobacillus,Terrisporobacter,Mesosutterella,MGYG000000745,CAG-776,Bacillus_A,UBA9506,Intestinimonas,UBA4716,Johnsonella,Enterobacter,MGYG000004061,CAG-628,Extibacter,UBA4644,Robinsoniella,RUG13868,CAG-390,CAG-313,Oxalobacter,HGM11417,Eubacterium_M,CAG-115,Roseburia,MGYG000004556,Barnesiella,Monoglobus,Stoquefichus,CAG-762,PeH17,Robertmurraya,MGYG000002683,MGYG000000346,F082,SFDB01,MGYG000000574,QALS01,Fournierella,RUG420,CAG-873,UMGS599,CAG-314,HGM11514,UMGS1532,Faecalitalea,MGYG000004094,HGM10836,Bifidobacterium,MGYG000001953,QAKD01,UMGS1491,Lactococcus,Psychrobacillus,UMGS1375,Chimaeribacter,QANA01,CAG-194,CAG-964,COE1,UMGS1253,CAAHEQ01,43-108,CAG-488,HGM12998,Murimonas,UMGS1004,Campylobacter,Marseille-P4683,CAG-279,UMGS1202,Anaerotruncus,UMGS692,Staphylococcus,UBA866,SFJ001,CAG-492,UBA1786,RUG131,MGYG000000505
rep619_seed2644	UMGS1603,MGYG000003490,Neobacillus,UBA1685,Ruminococcus_G,UMGS1441,CAG-793,UMGS75,CAG-303,Massilimaliae,Massilicoli,Citrobacter,Moellerella,Clostridium_J,F0040,Gabonibacter,Longicatena,UMGS1690,RUG472,Lentilactobacillus,Ruminococcus_A,UMGS1387,UMGS363,UBA644,Anaerofustis,Victivallis,Selenomonas_A,SFFS01,UBA1786,Exiguobacterium,Oxalobacter,UMGS1688,MGYG000003297,UBA4716,Massiliomicrobiota,TWA4,HGM12669,Anaeroglobus,Extibacter,UMGS1600,MGYG000000456,Cronobacter,NSJ-61,UMGS1484,Raoultella,Sporanaerobacter,CAG-269,TM7x,Cetobacterium_A,Dielma,Parvimonas,Epilithonimonas,MGYG000004177,Lawsonibacter,CAG-217,Faecalibacillus,HGM13010,Eubacterium_M,MGYG000004727,Aneurinibacillus,Nitratidesulfovibrio,HGM13862,UBA4644,Eikenella,UMGS1572,Serratia,Eggerthella,UMGS1864,UBA10677,UMGS2037,Romboutsia,Streptococcus,MGYG000000425,UBA1822,UMGS1384,CAG-492,MGYG000000286,UMGS1820,CAG-448
rep620_seed2645	UMGS1491,QAMH01,Campylobacter_B,MGYG000004604,Clostridium_P,KLE1615,Muribaculum,Longicatena,Anaeromassilibacillus,MGYG000004547,UBA644,CAG-873,NSJ-38,UMGS1537,GCA-900066135,UBA1737,Sellimonas,UMGS1490,Rothia,RUG806,UMGS75,Fusobacterium_B,Phascolarctobacterium,Mesosutterella,CABIZH01,CAG-196,UBA5905,UMGS2016,UBA1711,UMGS1418,MGYG000004171,Granulicatella,UMGS124,HGM12814,CAG-313,Psychrobacillus,UMGS680,MGYG000004727,Paraclostridium,Clostridium_Q,UBA3263,F0422,UMGS1633,Fusobacterium_C,Ellagibacter,Rikenella,MGYG000003945,UBA7173,MGYG000000425,MGYG000004094,Megamonas,UMGS1623,UMGS1994,Pluralibacter,UBA6857,UBA5026,Arabia,WG-1,MGYG000000745,UMGS731,CAG-145,MGYG000000574,Parolsenella,HGM11616,Fournierella,Eggerthella,Pseudobutyrivibrio,UMGS911,CAG-288,CAG-95,Phytobacter,CAG-451,UMGS1815,Weimerbacter,GCA-900066495,CAG-533,MGYG000000390,Pseudomonas_R,SFLA01
rep621_seed2646	Enterococcus_B,Anaerosalibacter,Holdemania,TM7x,MGYG000004850,UMGS1783,Erysipelatoclostridium,UMGS1224,UMGS1613,Intestinimonas,Neobacillus,Finegoldia,Actinomyces,UMGS1491,UMGS1307,CAG-877,Massiliomicrobiota,VUNI01,HGM13006,UBA1409,MGYG000002053,Odoribacter,Atlantibacter,Oxalobacter,SFFS01,HGM11588,Epilithonimonas,UMGS905,Massilimaliae,Bacteroides_F,Cedecea,UMGS680,UMGS1600,UMGS1690,CAG-822,UBA2856,Raoultibacter,Megamonas,UBA6398,Neobittarella,HGM11368,CAG-492,UMGS1840,UMGS731,Longibaculum,CAG-194,Staphylococcus,UMGS1633,UBA11471,CAG-617,UBA1740,Enterococcus_G,Bacteroides,Lachnoclostridium_B,Enterococcus_C,UBA1786,HGM13618,RUG131,Streptococcus,Edwardsiella,Ruminiclostridium_E,CAG-484,Alistipes_A,Clostridium_F,HGM11788,TF01-11,Blautia,WG-1,Anaerosporobacter,Vibrio,Marseille-P3106,Varibaculum,Acidovorax,Pseudescherichia,Murimonas,Peptoniphilus_B,RUG572,Caproiciproducens,UBA11452
rep622_seed2647	Proteus,RUG11198,UBA6984,PeH17,Ruminococcus_B,SFTJ01,43-108,MGYG000001903,UMGS902,HGM13006,Staphylococcus,Citrobacter,UBA9506,Eubacterium_I,UMGS1668,UBA6398,CAG-314,Lachnoanaerobaculum,Enterococcus_D,UBA1740,UMGS1690,UBA1206,UMGS1795,Paraeggerthella,Murimonas,Peptoniphilus_C,UMGS1815,Johnsonella,QAMM01,CAG-710,Pseudescherichia,51-20,UMGS856,UMGS1688,QANA01,Clostridioides,GCA-900066755,UMGS1338,Salmonella,Fannyhessea,Duodenibacillus,Bariatricus,Megasphaera,Peptoniphilus_B,Acidaminococcus,Rubneribacter,MGYG000002010,MGYG000002696,CAG-170,Ruminococcus_A,Anaerosacchariphilus,Hungatella_A,CAG-269,Alistipes_A,Butyricimonas,QAMX01,Bruticola,Merdibacter,Gordonibacter,UBA5905,Kluyvera,Anaerobutyricum,UMGS1820,MGYG000004850,CAG-776,MGYG000000587,GCA-900066905,CAG-917,Lachnoclostridium_A,DTU089,UMGS268,Angelakisella,Varibaculum,UMGS1397,CAG-488,Porphyromonas_A,Peptostreptococcus,MGYG000000378,UMGS973
rep623_seed2648	Sodaliphilus,HGM12713,UMGS1795,Lactonifactor,UMGS1623,Cetobacterium_A,Ruminococcus_E,UBA738,CAG-877,Extibacter,Enterococcus_A,UBA1394,MGYG000004556,VUNI01,Cronobacter,Hafnia,MGYG000000425,UBA1181,Faecalicoccus,Lacrimispora,Lagierella,Veillonella_A,UBA7748,MGYG000002696,Kluyvera,Ruthenibacterium,Pyramidobacter,Ruminococcus_F,Anaerobutyricum,Plesiomonas,Fusicatenibacter,Enterobacter_D,Anaerocolumna,UMGS680,SFGY01,UMGS1826,Eisenbergiella,UBA1232,UMGS1484,MGYG000004850,MGYG000004660,UMGS731,Christensenella,Peptoniphilus_C,Eubacterium_R,CAG-462,HGM11525,UMGS1487,Negativibacillus,UBA1417,RUG100,Cellulosilyticum,Dorea_B,UBA2883,Vibrio,Azonexus,UMGS1370,UMGS1540,MGYG000000574,Pseudescherichia,MGYG000000674,UMGS874,PeH17,Bacillus_A,Firm-07,UBA3263,Arabia,UMGS1241,MGYG000002702,UBA11774,RUG14107,Sutterella,CAG-485,UMGS1880,UMGS268,Anaerosalibacter,CAG-115,CAG-272,UBA3631
rep624_seed2649	Neisseria,UMGS1491,MGYG000000350,Cetobacterium_A,UBA1394,Victivallis,Gemmiger,CABIZH01,RUG11247,QAMH01,Chimaeribacter,MGYG000004556,Enterococcus,Alloscardovia,Phocaeicola,CAG-279,An92,UMGS1293,NK3B98,Dysosmobacter,MGYG000001953,UBA7702,CAG-776,UMGS680,MGYG000003270,Butyricicoccus,UMGS1851,UBA738,Butyrivibrio_A,Corynebacterium,43-108,QALR01,CAG-791,Ruminococcus,UBA11512,Firm-10,UBA1417,CAG-475,MGYG000004172,AM51-8,UMGS75,Citrobacter,Bariatricus,Faecalicoccus,Finegoldia,Slackia,UMGS902,HGM11417,UMGS1600,Eggerthella,UBA5884,HGM13862,Negativicoccus,Eubacterium_M,UBA3402,HGM12814,Anaerostipes,Lachnoclostridium_B,UCG-010,MGYG000000387,Faecalibacillus,ER4,MGYG000002685,Serratia,UMGS1864,Ruminococcus_G,HGM11507,HGM11525,Lawsonella,UMGS1312,CAG-302,Lactococcus_A,QAMX01,Ligilactobacillus,Clostridium_Q,UBA6345,Anaerotruncus,UMGS1109,HGM12669
rep625_seed2650	MGYG000000674,MGYG000000286,Pseudomonas_E,Megasphaera,AM51-8,Flavonifractor,SCN-57-10,MGYG000003297,QANA01,CAG-460,UBA6398,CAG-196,Aggregatibacter,UBA9414,Staphylococcus,UMGS1839,Turicibacter,MGYG000004029,NSJ-32,HGM11525,Senegalimassilia,Parasutterella,CAG-831,UMGS874,HGM13618,CAG-302,Dielma,UBA7057,UBA9506,Roseburia,UMGS1532,UBA1777,Lachnospira,Lachnoclostridium,Klebsiella_A,CAG-1427,UBA10281,SFVR01,Prevotella,UBA1181,MGYG000004445,UMGS1474,Succiniclasticum,MGYG000000728,MGYG000003490,Duncaniella,UBA2882,CAG-245,UBA1234,Lancefieldella,Anaerofustis,WRGP01,Slackia,CAG-41,UMGS1279,CAG-272,MGYG000004094,UBA945,Succinatimonas,Oxalobacter,Intestinimonas,Fusobacterium_A,HGM10836,CAG-81,Alistipes,MGYG000003970,QAKD01,VSOB01,CAG-495,CAG-793,NK3B98,CAG-710,UBA11940,Arabia,Eubacterium_G,Longibaculum,MGYG000004127,Lawsonibacter,Salinicola
rep626_seed2651	UBA1822,Massilimaliae,SCN-57-10,DUOT01,RUG100,CAG-314,Lacrimispora,Mobilibacterium,Collinsella,RUG705,Phocaeicola,Lactococcus_A,Christensenella,HGM11327,GCA-900066755,UMGS1002,Paraclostridium,CAG-873,HGM12650,Eisenbergiella,HGM13222,WRGP01,UMGS731,Latilactobacillus,UMGS1338,MGYG000002702,Negativicoccus,CAG-288,MGYG000001871,UMGS1889,Massilistercora,UBA2882,OM05-12,HGM11501,Enterococcus_C,UMGS1826,Parvimonas,UMGS874,Aeromonas,UBA11940,UMGS2016,Fusobacterium_C,UBA7057,UMGS2055,Bariatricus,UMGS1590,Bifidobacterium,UBA9502,Prevotellamassilia,UBA11452,Blautia,Plesiomonas,Rikenella,Azonexus,HGM12998,CAG-354,UBA1786,UMGS1668,Megasphaera,Evtepia,Peptostreptococcus,UBA5416,VUNI01,UBA7702,Campylobacter,QALW01,MGYG000000728,UMGS1591,Scardovia,CAG-791,Paenibacillus_A,Clostridium_Q,Peptacetobacter,S5-A14a,UMGS1840,Lactonifactor,Alloscardovia,Staphylococcus,Butyricimonas
rep627_seed2652	Alterileibacterium,AF33-28,Ruminococcus_F,1XD42-69,UMGS902,Arabia,UBA11471,UMGS1901,F0422,UMGS1384,Selenomonas_A,RUG14107,UMGS1976,UMGS1820,PeH17,MGYG000004604,MGYG000002575,Aneurinibacillus,UBA4372,Mobilibacterium,Bacteroides_F,Mediterraneibacter,MGYG000000456,Clostridium_B,QAKS01,Weizmannia,Leminorella,UBA5394,Dorea,Methanosphaera,Enteroscipio,Intestinibacter,UMGS973,Criibacterium,GCA-900066905,MGYG000004556,Neobittarella,Amulumruptor,Lactococcus_A,Anaerosalibacter,UBA940,CAG-510,UMGS911,Porphyromonas_A,Eubacterium_R,Succinatimonas,Ruminococcus_E,Succinivibrio,Succiniclasticum,HGM11788,Schaedlerella,SCN-57-10,Bittarella,Acetatifactor,Methanomassiliicoccus_A,Megamonas,UMGS1537,Firm-07,Citrobacter_B,Lancefieldella,Paenibacillus,CAG-1193,CAG-288,MGYG000001903,MGYG000000350,UBA1691,UBA3818,Paramuribaculum,Oscillibacter,Lactiplantibacillus,Marseille-P4683,Ruminococcus,Veillonella,HGM11575,Coprococcus,CAG-724,UBA1752,KM106-2,CAG-594
rep628_seed2653	CAG-877,UBA11517,Terrisporobacter,CAG-964,KM106-2,MGYG000002719,Massilistercora,Dielma,Desulfovibrio,HGM04593,CAG-793,SFDP01,QAKD01,Megasphaera,JAAYBB01,Anaerosporobacter,HGM12814,QANA01,DTU089,Mitsuokella,UBA1417,Eubacterium_J,UMGS1840,VUNI01,Lentilactobacillus,UMGS1002,HGM13862,Salinicola,UMGS1820,UBA3402,UMGS2037,Clostridium_N,MGYG000000387,UMGS1670,Firm-07,CAG-274,Bacteroides_F,Paraprevotella,Lactonifactor,Garciella,Lactobacillus,RUG100,UBA1191,HGM11616,CAG-1031,Plesiomonas,SFFH01,UMGS1590,Eubacterium_M,Cloacibacillus,Sporanaerobacter,Bruticola,RUG12045,HGM13222,UBA4855,CAG-353,Neobittarella,MGYG000003945,QALW01,UBA9502,Peptoniphilus_A,UBA945,UMGS1474,MGYG000004727,Rothia,HGM11514,UBA5884,QAKS01,CAG-485,UMGS363,MGYG000004127,Bariatricus,MGYG000002726,Ruminococcus_A,RUG131,Enterobacter,Bittarella,UMGS973,Lachnoclostridium
rep629_seed2654	UMGS1002,Morganella,Sodaliphilus,SFGY01,V9D3004,SFJ001,Clostridium_Q,CAG-831,Massilimaliae,CAG-269,Ruminococcus_B,MGYG000000505,Ralstonia,Niameybacter,MGYG000002726,UBA1752,MGYG000004556,CAG-312,CAG-451,Weimerbacter,Firm-10,UMGS946,UMGS1889,Kallipyga,UMGS1633,CAG-594,Corynebacterium,UMGS1225,Gemella,RUG115,Enterobacter_A,UBA10677,Megamonas,NSJ-38,UMGS416,UMGS1370,Yokenella,NK3B98,Plesiomonas,Enterococcus_D,Eubacterium_R,Adlercreutzia,CAG-462,CAG-279,Arcanobacterium_A,MGYG000000674,CAG-273,Lancefieldella,UMGS1441,Pseudescherichia,CAG-272,Intestinimonas,Arabia,HGM11808,UMGS1883,UMGS2055,UBA6345,Lactobacillus,NSJ-32,UMGS1338,HGM11616,MGYG000004604,Bruticola,UBA1691,Marseille-P4683,Peptostreptococcus,HGM12650,Beduini,UBA11524,Muricomes,HGM11507,UMGS1975,MGYG000002053,Alloscardovia,UBA11774,Muribaculum,MGYG000002719,CAG-465,CAG-460
rep630_seed2655	Murimonas,CAG-1427,MGYG000004094,UBA11471,UMGS856,Enorma,Clostridium_N,Hafnia,Leuconostoc,MGYG000004547,MGYG000004172,UBA1820,Niameybacter,UBA6398,HGM11523,MGYG000004811,SFJ001,Bariatricus,Faecalibacillus,Parolsenella,DTU089,Zag1,Klebsiella_A,CAG-177,Ruminococcus_G,HGM12650,An172,Mediterraneibacter_A,UBA4871,Varibaculum,CAG-884,Neisseria,Gastranaerophilus,Coprobacillus,Ruthenibacterium,Fusobacterium_B,NSJ-38,Lactococcus_A,Ligilactobacillus,Cutibacterium,CAG-1000,Mobiluncus,Corynebacterium,Akkermansia,UBA940,UMGS1241,BX12,F082,Allisonella,Acidaminococcus,UMGS1872,Clostridioides,UMGS1826,Butyricicoccus_A,Nitratidesulfovibrio,CAAEEV01,Lachnoclostridium_B,QALR01,Angelakisella,Marseille-P4683,HGM04593,Amedibacillus,Lentilactobacillus,Fusobacterium,RUG14107,Granulicatella,MGYG000003305,UMGS1865,UMGS1279,Paramuribaculum,MGYG000002075,HGM14224,VUNI01,CAG-127,RUG100,UMGS1976,UMGS1839,Agathobacter,UMGS1603
rep631_seed2656	Coprobacillus,UBA4372,CAG-460,UBA4334,HGM11501,Garciella,UBA1822,MGYG000003305,Clostridium_N,HGM11575,Slackia_A,Coprobacter,Eubacterium_J,Gordonibacter,CAG-533,CAG-288,RUG572,Muribaculum,CAG-877,Massilistercora,Treponema_D,Pygmaiobacter,UBA1417,UBA9475,UMGS1975,UBA11452,BX12,MGYG000002696,NK3B98,UMGS1976,Amulumruptor,UMGS1688,UMGS1864,CAG-873,NC2004,CAG-269,Pyramidobacter,Eubacterium,Sodaliphilus,Lawsonibacter,RUG100,Niameybacter,Merdimonas,Lentilactobacillus,UBA5884,Parvimonas,SFGY01,MGYG000000350,UBA5416,Psychrobacillus,MGYG000004133,Eubacterium_I,UMGS1851,Eubacterium_G,Enterocloster,Borkfalkia,CAG-81,Peptococcus,HGM13222,UBA5809,Paenibacillus,DUOT01,Succinivibrio,UMGS1696,Butyrivibrio_A,UC5-1-2E3,Gemmiger,Evtepia,CAG-882,Clostridium_B,Enterobacter,UBA11517,UMGS1491,UBA11512,CAG-582,Murdochiella,Lactobacillus,CAG-724,Fusicatenibacter
rep632_seed2657	Leminorella,Pyramidobacter,CAG-317,Enorma,Lawsonella,UBA2821,Actinomyces,QANA01,UMGS1590,CAG-194,UMGS1572,Haemophilus,WG-1,CAG-521,RUG410,CAG-917,CAG-465,DUOT01,UBA1417,SFGY01,UMGS1397,QAMH01,CAG-83,51-20,Massilistercora,UMGS911,Holdemania,QALR01,Olsenella,Haemophilus_A,Yokenella,Parabacteroides,HGM12713,Phascolarctobacterium_A,CACZQA01,Clostridium_AQ,UBA940,Phil1,UMGS1004,Providencia,Muricomes,RF16,Merdimonas,Fusobacterium,UBA1786,Oxalobacter,MGYG000004811,QAMX01,Brachyspira,Butyricicoccus_A,UBA5416,UMGS363,MGYG000003945,UMGS1766,Succinivibrio,CAG-170,HGM11530,CAG-110,CAG-485,Mesosutterella,CAG-793,Desulfovibrio,CAG-877,CAG-1193,Anaerosporobacter,Exiguobacterium,F23-B02,UMGS1253,UBA7160,UMGS1307,Corynebacterium,UBA3388,UMGS1858,SFFH01,Duncaniella,RUG12045,Mitsuokella,UMGS1418,UBA4372
rep633_seed2658	Bruticola,UBA11774,UMGS1810,UMGS577,UBA7185,Faecalicoccus,Turicimonas,Clostridium_A,UBA2882,HGM11788,Robinsoniella,Sodaliphilus,MGYG000002726,Anaerotignum,MGYG000000745,Weimerbacter,UBA4285,MGYG000004229,JAAYBB01,UBA5920,Butyrivibrio_A,Terrisporobacter,Pseudomonas_E,Methanosphaera,Butyricimonas,UMGS1071,Haemophilus,MGYG000002683,UMGS1603,Atlantibacter,Lacticaseibacillus,Kosakonia,UMGS1052,HGM11514,Merdibacter,CAG-353,Blautia_A,Olsenella_E,HGM12587,Methanomassiliicoccus_A,Fusobacterium,MGYG000002075,Anaerobutyricum,Corynebacterium,Anaerococcus,Aeromonas,UMGS1241,MGYG000000387,UBA3388,UMGS692,UMGS973,Edwardsiella,Clostridium_J,UMGS1251,Lysinibacillus,UMGS1397,QAKW01,UBA4334,Negativibacillus,Bacilliculturomica,Cedecea,Pseudescherichia,AM51-8,UMGS268,SFGY01,UMGS1418,Aneurinibacillus,UBA3402,Anaerosalibacter,NSJ-32,CAG-274,Sporanaerobacter,Alloprevotella,Mailhella,Intestinibacter,Yokenella,Leuconostoc,CAG-269,Campylobacter
rep634_seed2659	MGYG000004727,Mixta,HGM12814,UBA1829,Faecalicoccus,QANA01,UBA1232,Fusobacterium_A,UMGS1375,CAG-145,MGYG000002683,UMGS1418,Yokenella,Pseudoruminococcus,HGM04593,Murdochiella,CAG-521,SFFH01,1XD42-69,CAG-354,UMGS1293,UBA11774,Pseudomonas_R,UMGS1663,UMGS599,CAG-353,Oscillibacter,Borkfalkia,Granulicatella,HGM13233,UMGS1976,MGYG000002797,Alloscardovia,UBA1731,VUNI01,Collinsella,UBA5416,Citrobacter,MGYG000004874,CAG-196,Rikenella,Slackia_A,Clostridium_J,HGM11523,UMGS1491,Dorea_A,MGYG000003297,UMGS1839,Stomatobaculum,HGM11368,Pseudomonas_E,UBA6382,RUG572,UMGS1613,UMGS1224,Ligilactobacillus,D5,CAG-45,CAG-964,Clostridium_E,Monoglobus,UMGS1591,UBA3818,MGYG000000674,UMGS1397,NSJ-61,Lentilactobacillus,Phocea,RC9,UMGS1994,UMGS1326,Kluyvera,Cedecea,Latilactobacillus,UBA7182,Ruminococcus,Negativibacillus,Clostridium_X,Faecalimonas
rep635_seed2660	UBA1691,MGYG000004660,Anaerostipes,MGYG000000728,MGYG000004380,Aggregatibacter,DTU089,Amedibacillus,HGM13233,Bacillus_A,Mediterraneibacter_A,Plesiomonas,Paenibacillus,Dialister,UMGS1375,Alloscardovia,UMGS1976,Johnsonella,Enterococcus,CAG-45,GCA-900066135,UBA1232,Fenollaria,HGM12713,UBA940,CAG-533,CAG-460,Merdimonas,MGYG000000350,Eisenbergiella,Citrobacter,UC5-1-2E3,An92,F23-B02,Clostridium_F,Stoquefichus,Salmonella,Veillonella,Butyrivibrio_A,Rubneribacter,UMGS1540,Weissella,Eggerthella,Dysosmobacter,CAG-302,Yokenella,VUNI01,Porphyromonas,CHH4-2,CAG-1193,MGYG000001953,Slackia_A,Extibacter,Anaeroplasma,SCN-57-10,CAG-462,UBA1829,Lachnospira,CAG-964,Megamonas,Stomatobaculum,UBA1181,HGM12957,CAG-245,Yersinia,CAG-115,UMGS973,UMGS1071,CABIZH01,Peptococcus,Lactiplantibacillus,MGYG000004029,Clostridium_AQ,CAG-177,UMGS1670,UBA6857,CAG-631,HGM12789,UBA1417
rep636_seed2661	NSJ-50,UBA3818,CAG-841,MGYG000003289,Schaedlerella,NK4A136,Butyricicoccus,Prevotellamassilia,Lachnoclostridium,UBA7597,UBA3631,UMGS1603,F0040,CAG-793,Longicatena,MGYG000001953,Eubacterium_T,Monoglobus,Enterococcus,UMGS1532,Adlercreutzia,MGYG000000387,Leminorella,UMGS1326,Peptacetobacter,MGYG000004727,Lactococcus_A,CAG-353,CAG-485,CAG-590,HGM11514,CAG-1031,Alloprevotella,UBA1691,Gabonibacter,Pradoshia,UMGS1225,Ruminococcus_E,CAG-594,TM7x,CAG-145,VSOB01,Akkermansia,CABIZH01,Enterocloster,Rubneribacter,Ruminococcus,Eubacterium_M,MGYG000004127,Methanobrevibacter_A,COE1,UBA7185,UMGS1477,UBA4855,Actinomyces,UMGS731,CAG-884,CAG-628,UMGS75,UBA11471,MGYG000002010,V9D3004,Lachnoclostridium_A,UMGS973,QANG01,MGYG000000350,Ellagibacter,RUG806,UMGS263,Lactobacillus,Phytobacter,Caproiciproducens,CAAEEV01,Aneurinibacillus,SFMI01,Enterococcus_A,MGYG000004811,UMGS1600,NSJ-38
rep637_seed2662	Alistipes_A,Clostridium_J,Paenibacillus,UMGS692,Olsenella,UBA2856,CAG-452,CAG-521,Ligilactobacillus,CABIZH01,MGYG000003490,Finegoldia,SFEL01,CAG-628,Sporanaerobacter,Ruthenibacterium,CAG-95,UBA11524,Lacrimispora,UBA6984,Ruminococcus_D,Ruminococcus_B,UBA7102,MGYG000004061,Parabacteroides,UMGS1781,UMGS1293,Brachyspira,UMGS1477,Coprococcus,UMGS1109,Murdochiella,CAG-964,MGYG000000456,Cloacibacillus,CAG-831,QAMX01,Enterococcus_C,Mitsuokella,Eubacterium_I,QAMM01,MGYG000000387,Gordonibacter,Clostridium_Q,Agathobaculum,UMGS403,UMGS1518,Merdimonas,Catenibacillus,Cetobacterium_A,Duncaniella,Agathobacter,HGM11416,An172,WG-1,VUNA01,UMGS973,V9D3004,HGM12713,UMGS1783,HGM12998,Nitratidesulfovibrio,Romboutsia,UMGS1491,Weimerbacter,Enterobacter,Mixta,Pseudescherichia,Selenomonas_A,Marvinbryantia,D5,Pradoshia,Eikenella,Enterococcus_A,Anaeroglobus,Massilimaliae,MGYG000002758,HGM10836,Desulfovibrio
rep638_seed2663	WG-1,VUNA01,Enterococcus_A,QALW01,MGYG000004094,NK3B98,UBA7185,Anaerococcus,AM51-8,Clostridium_F,Brachyspira,UMGS1251,Pygmaiobacter,Proteus,HGM13233,Anaerocolumna,UMGS2016,Enterocloster,Paraclostridium,43-108,Methanobrevibacter_A,Anaeroplasma,Duncaniella,Faecalimonas,Anaerostipes,UMGS1889,UMGS1307,Leptotrichia,Clostridium_AP,Lactobacillus,Intestinimonas,Muribaculum,Succinatimonas,UMGS1591,KLE1615,Enterococcus,Selenomonas_A,UBA1777,Zag111,MGYG000000587,Raoultibacter,Veillonella,Enterobacter_D,Cetobacterium_A,UBA1409,Weimerbacter,CAG-45,CAG-762,QAKD01,CAG-451,UBA4716,UMGS1872,UMGS1613,MGYG000002702,Phytobacter,Bittarella,Bifidobacterium,Clostridium_AQ,Kosakonia,MGYG000004811,Lacrimispora,UMGS1225,UBA1685,Anaeromassilibacillus,Clostridium_P,RUG705,Bacillus_J,UBA1737,Rothia,QAKW01,Bariatricus,CAG-390,VSOB01,Christensenella,HGM11368,Haemophilus_D,UBA1232,Alterileibacterium,Enterococcus_B
rep639_seed2664	Anaerococcus,Alistipes,UBA7748,Acetivibrio_A,Franconibacter,HGM13233,Massilimaliae,CAG-45,Proteus,Bacteroides_F,Klebsiella_A,AM07-15,Massilistercora,Muricomes,Cutibacterium,UBA11524,UMGS1572,MGYG000004172,UBA4372,CAG-314,UBA5809,HGM12650,Romboutsia,SFFH01,QAMH01,Murimonas,Ligilactobacillus,UMGS1975,UMGS995,UBA10281,HGM11386,UMGS902,CAG-884,CAG-628,Edwardsiella,Gemmiger,GCA-900066905,Lentilactobacillus,UMGS1603,UBA1685,HGM11788,Acetatifactor,Faecalibacterium,Absicoccus,Kallipyga,HGM11588,Intestinibacter,UMGS1375,Kluyvera,JAAYBB01,UMGS1312,Bilophila,Fenollaria,Ruminococcus,Sporanaerobacter,UBA3818,UMGS1766,Mediterraneibacter_A,D5,Megamonas,MGYG000002719,HGM12713,Haemophilus_D,UMGS1623,Longicatena,UMGS856,MGYG000000574,51-20,Selenomonas_C,Mobiluncus,RUG806,UC5-1-2E3,CAG-390,MGYG000000745,UMGS1696,MGYG000002053,HGM12814,Campylobacter,Agathobaculum
rep640_seed2665	F082,CAG-632,CAG-917,UBA1711,Anaerocolumna,CAG-462,Pauljensenia,UMGS124,Lactonifactor,MGYG000002702,UBA4855,Phoenicibacter,HGM11417,UMGS1766,RC9,Edwardsiella,NSJ-61,UMGS1540,CAG-465,JAAYBB01,UMGS1880,QAKD01,CAG-485,Paraeggerthella,UBA11517,Desulfovibrio,Caproiciproducens,Massilistercora,Succinatimonas,HGM10836,MGYG000004811,Catenibacterium,Oribacterium,Anaerococcus,Butyricicoccus_A,UMGS1388,Sellimonas,Franconibacter,HGM11372,Parvimonas,Collinsella,Latilactobacillus,Aggregatibacter,Lactococcus,UMGS1293,Bifidobacterium,TF01-11,UMGS905,AM07-15,Paenibacillus,UMGS1370,UMGS1490,UMGS1590,Sporanaerobacter,UBA5446,UMGS577,Fusicatenibacter,Romboutsia,UBA11774,Butyricicoccus,Alloprevotella,MGYG000004850,Peptoniphilus_A,UMGS1840,QAMM01,Paramuribaculum,Faecalimonas,Enterocloster,UMGS1071,CAG-603,Gemmiger,UBA1409,UBA2882,Cellulosilyticum,Frisingicoccus,Clostridium,UBA1232,UBA644,UBA11452
rep641_seed2666	MGYG000004127,CAG-103,UBA7160,Alterileibacterium,Fenollaria,CAG-465,Lentilactobacillus,Ruminococcus_G,Succinatimonas,MGYG000003970,Clostridium_J,MGYG000000728,MGYG000002010,CAG-603,Weimerbacter,CAG-449,Adlercreutzia,UBA3388,F0040,Lachnoclostridium,Dorea,UMGS75,UMGS1783,Bulleidia,Fournierella,UBA3402,SFHK01,Enterobacter_D,Intestinibacter,CAG-314,An172,Lactococcus_A,CAG-710,Neobittarella,Massilicoli,Massilistercora,Negativibacillus,UBA9502,Vibrio,MGYG000003945,Clostridium_B,Lysinibacillus,Muricomes,Stoquefichus,UMGS1851,Dorea_A,UBA3766,Lactonifactor,CAG-196,OF09-33XD,Selenomonas_C,CAG-521,Corynebacterium,KLE1615,UBA738,Paenibacillus_A,MGYG000000456,Blautia,Cloacibacillus,UMGS1326,Kosakonia,Ruminococcus,CAG-631,HGM12789,GCA-900066905,Anaerosporobacter,AF33-28,Lacticaseibacillus,MGYG000001953,HGM11521,UBA1234,Salinicola,UBA1737,Negativicoccus,Porphyromonas_A,Phil1,UBA5884,HGM13010,UMGS1487
rep642_seed2667	HGM11616,Rikenella,QAMH01,MGYG000004443,UMGS1663,SCN-57-10,UBA737,UBA4644,HGM12669,CAG-312,CAG-603,UMGS1441,UBA10677,Lysinibacillus,UMGS75,Eubacterium_F,CACZQA01,UMGS1251,CAG-353,Lawsonibacter,Clostridium_P,Lactococcus_A,HGM12587,UMGS1933,UBA11524,CAG-1024,ER4,QANG01,UMGS1690,Peptoniphilus_A,Stoquefichus,Clostridium_B,Merdibacter,UMGS416,Allisonella,CAG-594,RF16,Companilactobacillus,Eubacterium_I,HGM11575,CAG-317,UMGS1224,UMGS882,UBA9506,QALS01,Pseudoruminococcus,Robinsoniella,Pseudescherichia,UMGS1052,Caecibacter,Pygmaiobacter,HGM13233,Pseudomonas,VSOB01,UMGS1490,Leclercia,UBA4855,MGYG000000378,Bacillus_A,Bacillus_J,Acidaminococcus,Stenotrophomonas,NSJ-32,MGYG000000425,Anaeromassilibacillus,UMGS1865,CAG-762,Oscillibacter,Dorea,UBA3263,UMGS2055,Hydrogeniiclostridium,F0040,Slackia,CAG-582,Blautia,Massilicoli,Ruminococcus_B,WG-1
rep643_seed2668	UMGS1293,ER4,Lachnoclostridium,HGM12789,MGYG000000286,CAG-170,UMGS882,Peptoniphilus_B,Barnesiella,Duncaniella,Peptostreptococcus,Fusobacterium_C,HGM12587,Emergencia,UMGS692,Slackia,Pantoea,Clostridium,Methanomassiliicoccus_A,UMGS1253,UBA6984,Leminorella,Treponema_D,CAG-56,Fusobacterium_B,HGM11525,Paraclostridium,Mobilibacterium,UBA7185,UBA4855,Ezakiella,CAG-884,CAG-81,TM7x,MGYG000004133,CAAHEQ01,UMGS1388,Lawsonella,Paramuribaculum,Massilimaliae,HGM13006,Haemophilus,UBA1740,MGYG000001871,Terrisporobacter,CAG-288,HGM11808,Haemophilus_D,UBA11524,GCA-900066755,Phascolarctobacterium,TF01-11,UBA7748,Raoultella,Anaeromassilibacillus,Johnsonella,CAG-83,Faecalibacillus,Turicibacter,CAG-791,Parabacteroides,SFTJ01,MGYG000000346,Neobacillus,MGYG000002010,Marseille-P4683,KLE1615,UBA7160,UMGS1532,CAG-452,Lactiplantibacillus,UBA7102,Gemella,CAG-582,UBA2883,MGYG000004874,UBA6857,Hafnia,RUG100
rep644_seed2669	UMGS1865,CAG-488,UBA11471,RUG472,SFJ001,SFEL01,Faecalibacillus,MGYG000004029,Massilistercora,Gabonibacter,Hungatella,Intestinibacter,UBA2856,Succinatimonas,Pantoea,Firm-07,CAG-590,UMGS1537,Hungatella_A,SFTJ01,HGM11530,Neobacillus,Bilophila,Alterileibacterium,UMGS1322,CAG-841,CAG-1427,RUG023,Selenomonas_C,RUG115,Fusobacterium_B,Edwardsiella,UBA1786,UBA1232,Phascolarctobacterium_A,HGM13222,QALW01,UBA1191,Monoglobus,Bruticola,MGYG000002758,UBA11517,UBA5446,Porphyromonas_A,Mobilibacterium,CAG-484,CAG-279,Anaerobutyricum,UMGS1858,Scardovia,CAG-314,MGYG000002719,Faecalibacterium,Clostridium_AP,SFHK01,UBA6345,Niameybacter,UBA7702,UMGS1370,UMGS1810,Bittarella,Neisseria,UMGS1477,UBA1409,Lachnoclostridium_A,UMGS1388,MGYG000003945,An172,Limosilactobacillus,UMGS911,UMGS2016,HGM12957,CAG-449,Zag111,An181,UBA6984,Lentilactobacillus,MGYG000002696,Adlercreutzia
rep645_seed2670	Paenibacillus,Rikenella,UMGS1477,UMGS1826,CAG-762,Clostridium_E,Kosakonia,CAG-354,UMGS1490,CAG-521,UBA1390,UBA9414,MGYG000002216,CAG-822,MGYG000000387,Succinivibrio,CAG-1024,CAG-485,Fannyhessea,Clostridium_A,Clostridium_F,UMGS1613,UBA1181,UBA7597,RUG11200,Rubneribacter,GCA-900066495,Treponema_D,CAG-288,UMGS1326,MGYG000000674,Enterobacter_A,HGM12587,SFDP01,MGYG000003970,Stenotrophomonas,UBA7185,Cloacibacillus,UMGS1474,Ruminiclostridium_E,Agathobacter,Leptotrichia,Anaeroglobus,Flavonifractor,Escherichia,Citrobacter_A,Turicibacter,MGYG000002075,UMGS1109,UMGS1781,Porphyromonas,Yokenella,Lawsonibacter,HGM13006,MGYG000001871,Harryflintia,CAG-127,UMGS1880,Catenibacillus,Exiguobacterium,Bacteroides,Cetobacterium_A,MGYG000003270,SFFH01,HGM12957,CAG-791,HGM13222,UMGS1865,Paramuribaculum,MGYG000002010,HGM11386,UBA11517,Anaerotignum,UMGS268,MGYG000003297,RUG12045,Massilicoli,AF33-28,UMGS1623
rep646_seed2671	UBA11452,Klebsiella,UBA6398,MGYG000003945,CAG-177,SFGY01,Phascolarctobacterium_A,CAG-1024,ER4,HGM11416,UMGS75,Weissella,Acidovorax,CAG-353,Succiniclasticum,UBA1390,UMGS1474,Butyricicoccus_A,GCA-900066905,CAG-485,Massiliomicrobiota,UMGS599,QAKW01,UMGS1603,CAG-1031,TM7x,Pygmaiobacter,Mitsuokella,Lancefieldella,RUG023,UMGS1225,CAG-272,MGYG000000346,UMGS1851,UMGS1663,UBA6382,CAG-41,Citrobacter_A,Arabia,UMGS1766,Blautia_A,UMGS1397,UMGS1933,Muribaculum,UBA1822,HGM12650,Phytobacter,Yokenella,Gabonibacter,UBA7702,Mediterraneibacter,UMGS973,UBA1206,UMGS1307,SFDB01,QANA01,Intestinibacter,Eubacterium_F,Arcanobacterium_A,SFEL01,MGYG000000674,MGYG000004850,Companilactobacillus,RUG410,Holdemania,UBA1737,CAG-1193,Catenibacterium,Slackia_A,UBA1234,Phoenicibacter,UBA7057,Anaeroglobus,UMGS1484,CAG-462,MGYG000004172,Methanosphaera,Weizmannia,UMGS1865
rep647_seed2672	CAG-303,HGM11575,Longibaculum,Pseudoflavonifractor,CAG-510,UBA1417,UBA7748,KLE1615,CAG-170,Bacilliculturomica,Alistipes_A,Intestinimonas,Alistipes,CAG-488,Acinetobacter,S5-A14a,UMGS911,HGM13006,MGYG000004811,Enterococcus_D,Dysosmobacter,D5,Anaerocolumna,Fannyhessea,UMGS902,Peptoniphilus_C,CAG-448,Granulicatella,MGYG000000390,CAG-196,MGYG000004445,UMGS1312,Pediococcus,Campylobacter,MGYG000002683,CAG-882,CAG-724,Haemophilus_A,CAG-452,MGYG000004094,F0422,Paramuribaculum,F23-B02,HGM12650,Blautia_A,Christensenella,CAG-831,Veillonella_A,HGM13010,HGM11417,Pluralibacter,Merdimonas,HGM13634,UBA7160,UBA940,Proteus,Butyricimonas,Varibaculum,Paenibacillus,SFJ001,UBA2882,Stoquefichus,Psychrobacillus,Megamonas,Marvinbryantia,Eubacterium_J,UMGS1253,Fusicatenibacter,CAG-180,Peptacetobacter,Massiliomicrobiota,Negativicoccus,An172,Catenibacterium,Kallipyga,Neobacillus,HGM13618,UBA7182,Franconibacter
rep648_seed2673	Serratia,VUNA01,Enterococcus,UBA4285,CAG-245,Veillonella_A,CAG-510,Paenibacillus,CAG-917,RUG11200,SFFH01,UBA4334,Lysinibacillus,RUG572,SFHK01,MGYG000000425,HGM11417,QAMH01,Phocaeicola,Acidaminococcus,Alloscardovia,Collinsella,MGYG000004127,Succinivibrio,UBA7057,CAG-354,Ruthenibacterium,Enterococcus_C,CAG-724,HGM13006,UMGS1590,HGM12789,Aggregatibacter,UBA1786,Anaerosalibacter,Merdimonas,UBA738,Citrobacter_A,Brachyspira,Massilimaliae,UBA3631,CAG-582,CAG-488,Clostridium_X,UBA1375,UMGS1477,HGM11327,Negativibacillus,Lactobacillus,Atlantibacter,HGM13010,Paraeggerthella,Moellerella,UBA11940,WRGP01,RUG12045,Alistipes_A,RQCD01,Eubacterium,Peptococcus,HGM11514,MGYG000000745,Roseburia,Acutalibacter,ER4,CAG-177,Azonexus,Lacticaseibacillus,Actinomyces,Clostridium_B,MGYG000004094,CACZQA01,Mesosutterella,Monoglobus,CAG-521,Nitratidesulfovibrio,UMGS1441,Edwardsiella,HGM11507
rep649_seed2674	CAG-557,Chimaeribacter,CAG-411,Prevotella,Dysosmobacter,Anaerosalibacter,Caecibacter,DTU089,Prevotellamassilia,Turicibacter,Ralstonia,CAG-831,UBA737,Varibaculum,UMGS946,UMGS268,Amedibacillus,UBA1394,Merdibacter,Schaedlerella,Robertmurraya,MGYG000004547,Enterobacter_A,UMGS1603,RC9,UBA1234,Faecalitalea,Veillonella_A,UBA1786,UMGS874,UBA636,UMGS263,Amedibacterium,UMGS973,Stenotrophomonas,TF01-11,CAG-1024,UBA5416,Bilophila,UBA9475,UMGS1202,Clostridium_F,CAG-877,Lachnoanaerobaculum,Phytobacter,UMGS1312,Garciella,Succiniclasticum,Ligilactobacillus,UMGS1004,Citrobacter,Hungatella_A,Erysipelatoclostridium,MGYG000003945,Lactococcus_A,MGYG000000574,RUG420,RUG13868,CAG-81,UBA7185,Eggerthella,Longicatena,UBA9506,UBA7102,Lachnoclostridium_B,CAG-448,Enorma,UMGS1851,UMGS1883,Lachnoclostridium,UMGS1766,Duncaniella,Mobiluncus,Mesosutterella,Brachyspira,HGM13618,Clostridioides,Anaerotignum,Moellerella
rep650_seed2675	Citrobacter,HGM12789,Pseudomonas,UBA3402,Lactococcus,UMGS1670,UBA1206,Butyricimonas,CAG-302,Hafnia,CAG-521,Mobiluncus,CAG-882,QANA01,CAG-791,Fusobacterium_B,GCA-900066905,MGYG000000574,Merdimonas,MGYG000004850,SFJ001,CAG-485,Negativibacillus,OM05-12,Parvimonas,UBA7173,HGM11575,Bulleidia,UMGS1864,UMGS1663,AM07-15,UMGS1611,Enterobacter_A,MGYG000004874,Campylobacter,QAKW01,Ruminococcus_G,Eubacterium_G,Nitratidesulfovibrio,Selenomonas_A,UBA1375,Finegoldia,UMGS1224,CAG-127,Amedibacillus,Treponema_D,MGYG000004811,CAG-95,Enterococcus_D,Catenibacillus,Firm-07,Sneathia,RUG572,Haemophilus,CAG-245,CAG-279,An172,Stoquefichus,Ralstonia,HGM11788,CAG-238,CAG-314,UMGS1532,Methanomassiliicoccus_A,CABIZH01,Anaerosacchariphilus,UBA945,UMGS268,SFEL01,Blautia,HGM11525,Ruminococcus_B,CAG-533,Sellimonas,KM106-2,RUG13868,HGM11523,Clostridioides,Megamonas
rep651_seed2676	Succinatimonas,Ruminococcus_B,UBA5905,UMGS1537,CAG-354,Leptotrichia,UMGS1975,Garciella,SFEL01,UBA3631,Alterileibacterium,JAAYBB01,GCA-900066495,Kallipyga,UBA7488,Phocaeicola,Clostridium_B,Clostridioides,Sodaliphilus,Fusobacterium_A,UBA5884,Hafnia,UBA5809,An181,Eggerthella,COE1,Terrisporobacter,MGYG000000378,Peptostreptococcus,Stoquefichus,UBA1786,Clostridium_A,Streptococcus,NSJ-50,OM05-12,HGM12650,MGYG000002075,HGM11416,UMGS1002,UMGS1326,Selenomonas_A,Methanobrevibacter_A,CAG-841,CAG-314,Eubacterium_J,UBA6345,UBA940,Faecalimonas,CAG-95,Pseudomonas_R,CAG-274,Fusicatenibacter,SFVR01,MGYG000004556,UBA3388,Veillonella,Anaerosporobacter,HGM13222,UC5-1-2E3,Oxalobacter,Serratia,Hungatella_A,Catenibacterium,Campylobacter_B,UMGS680,Paraeggerthella,Enterobacter_A,Moellerella,DTU089,UBA4285,QANA01,CAG-964,Cutibacterium,QAMX01,Longicatena,UMGS1397,QAMH01,Flavonifractor,UBA4372
rep652_seed2677	Robertmurraya,UBA1234,MGYG000000286,MGYG000002758,Eikenella,Prevotellamassilia,Arcanobacterium_A,Peptostreptococcus,V9D3004,HGM11501,Cutibacterium,Paraprevotella,AM51-8,F0422,Alloprevotella,Mitsuokella,UMGS1976,UMGS1933,Adlercreutzia,UBA3388,Massilimaliae,Odoribacter,UBA9502,UMGS1532,Alistipes,Fusobacterium_A,Veillonella_A,QANA01,UBA1829,Marseille-P3106,SFDP01,RUG420,CAG-273,UMGS2016,UMGS1052,Parvimonas,Evtepia,UMGS1572,CAG-312,Terrisporobacter,RUG11247,Lactobacillus,Klebsiella_A,RUG100,Nitratidesulfovibrio,Oscillibacter,UBA5416,UMGS1603,Butyricicoccus,UMGS363,Murdochiella,UMGS1251,RC9,UMGS1670,UBA7057,UBA1191,Proteus,Kluyvera,Murimonas,Sodaliphilus,CAG-1000,UMGS966,RUG12045,HGM13010,MGYG000004604,Alistipes_A,Faecalitalea,Hungatella,HGM12957,CAG-822,MGYG000000587,Kosakonia,HGM11808,Eubacterium_T,MGYG000004229,MGYG000004061,UBA6984,Blautia,NK3B98
rep653_seed2678	Ruminiclostridium_E,CAG-488,UMGS905,CAG-1427,Dialister,Mixta,Peptostreptococcus,UMGS680,UBA5416,UBA940,UMGS1611,Dysosmobacter,HGM11575,Cutibacterium,Oxalobacter,Collinsella,MGYG000000387,UMGS1484,UBA644,CAAEEV01,UBA7173,CAG-710,DTU089,CAG-83,Negativibacillus,CAG-465,Rubneribacter,Emergencia,HGM13006,Lentilactobacillus,Enterobacter_A,UMGS1603,Phascolarctobacterium_A,UBA6984,Butyrivibrio_A,Succinivibrio,HGM11386,UMGS1004,Bacteroides,QAKD01,Cetobacterium_A,Bacillus_A,GCA-900066135,Morganella,Ruthenibacterium,Selenomonas_C,CAG-354,MGYG000004127,Terrisporobacter,Amedibacterium,Cronobacter,Dorea_B,Catenibacillus,Dorea,Pseudescherichia,Marvinbryantia,UCG-010,SFTJ01,Lancefieldella,UBA1822,HGM11521,SFEL01,NSJ-32,Longibaculum,Citrobacter_B,Mobiluncus,UBA1259,Garciella,CAG-177,Robinsoniella,Roseburia,CAG-1024,MGYG000003490,Enterococcus_G,QANA01,CAG-288,CAG-724,UMGS1840,Lactococcus
rep654_seed2679	Eubacterium_F,CAG-81,MGYG000004094,Firm-11,Oxalobacter,Veillonella_A,Methanomassiliicoccus_A,UMGS995,CAG-495,Salinicola,UMGS1633,UBA11524,Desulfovibrio,UMGS1613,Cloacibacillus,Latilactobacillus,Eubacterium_G,HGM11501,Eubacterium_J,UBA4334,Eubacterium,Garciella,NSJ-50,UMGS363,UMGS1600,Slackia_A,MGYG000002726,Chimaeribacter,MGYG000004811,Clostridium_F,CAAHEQ01,Adlercreutzia,CAG-83,Paenibacillus_A,Scardovia,Parolsenella,UBA1206,MGYG000004727,Selenomonas_A,Dorea_A,Acetatifactor,Phytobacter,CAG-510,UBA7748,UMGS1418,Rahnella,Coprobacter,CAG-302,Ruminococcus_A,Paenibacillus,UMGS1858,MGYG000003490,UMGS905,HGM11525,MGYG000003305,MGYG000000390,HGM11372,GCA-900066755,CAG-617,UMGS403,MGYG000004061,CAG-272,Gordonibacter,RUG806,F082,RUG100,Amedibacterium,Haemophilus_D,Intestinimonas,Phoenicibacter,UMGS1815,UMGS1251,Peptostreptococcus,Leminorella,CAG-488,Lachnoclostridium_A,UMGS1795,UBA4644,Faecalicoccus
rep655_seed2680	Anaerostipes,Sneathia,MGYG000004660,UBA7057,UMGS902,TF01-11,UMGS1613,Clostridium_B,Fusobacterium,UMGS1601,MGYG000000745,MGYG000003970,Barnesiella,Holdemania,UMGS599,Succinatimonas,MGYG000002075,NK4A136,Enorma,VUNI01,TWA4,UBA11471,SFEL01,Gemmiger,UBA4871,Cutibacterium,Allisonella,MGYG000003297,Robertmurraya,RUG11198,SFVR01,Moellerella,MGYG000000390,Faecalibacillus,Clostridium_E,Anaeromassilibacillus,Ruthenibacterium,Lactiplantibacillus,Clostridioides,MGYG000004127,UBA866,RUG11200,HGM12789,CAG-312,UMGS1052,QAMM01,MGYG000001903,Proteus,Cloacibacillus,UBA1740,Treponema_D,UBA1191,Methanobrevibacter_A,CAG-95,UMGS1600,Faecalimonas,CAG-831,RUG12045,Marseille-P3106,Dysgonomonas,Atlantibacter,HGM11575,Lactococcus,Mesosutterella,Peptoniphilus_E,Butyricicoccus_A,UMGS1540,Lawsonella,Anaerosalibacter,UMGS1611,UBA11524,Christensenella,UMGS1202,Evtepia,UMGS1279,Marseille-P4683,NSJ-32,Agathobaculum,HGM04593
rep656_seed2681	Paramuribaculum,GCA-900066135,Desulfovibrio,Ruminococcus,CAG-631,Absicoccus,UMGS1487,PeH17,UMGS1441,UBA5416,Paenibacillus_A,Paraprevotella,Dysosmobacter,HGM13233,Phascolarctobacterium_A,Franconibacter,CAG-510,Borkfalkia,Superficieibacter,Anaerotruncus,Aggregatibacter,UMGS882,QAKD01,Lactonifactor,CAG-964,SFTJ01,UMGS1532,CAG-603,RUG410,UBA636,CAG-274,Dialister,Citrobacter,Phascolarctobacterium,UBA5809,Eubacterium_M,RUG572,Corynebacterium,HGM11372,HGM11416,QAMX01,VUNA01,Phytobacter,MGYG000004811,UBA6345,UMGS966,UMGS973,DUOT01,VUNI01,Evtepia,Eubacterium_G,Amedibacillus,CAG-217,MGYG000002702,UBA7702,Lactobacillus,WG-1,Rikenella,Haemophilus_A,CAG-313,UMGS1518,Ruminococcus_A,MGYG000003490,Butyricicoccus_A,UBA4855,UMGS1418,AM07-15,CABIZH01,Mailhella,Duncaniella,UBA11517,Lachnoclostridium,AF33-28,UMGS1490,HGM12587,Enorma,CAG-451,Hungatella,CAG-1000
rep657_seed2682	CAG-882,CAG-317,Murimonas,Weissella,Firm-07,UBA7597,Corynebacterium,CAG-56,Dorea,Murdochiella,Limosilactobacillus,An172,Schaedlerella,UBA9475,Bittarella,Companilactobacillus,QANG01,Alloprevotella,Peptoniphilus_C,Succinivibrio,UMGS902,Butyrivibrio_A,DUOT01,Cronobacter,Hydrogeniiclostridium,CAG-452,RUG705,SFGY01,CAG-180,CAG-793,Allisonella,UMGS1883,RUG572,Aneurinibacillus,NSJ-63,Lagierella,Sellimonas,Longibaculum,Acetatifactor,UBA4644,Turicibacter,MGYG000000574,Pseudoflavonifractor,Methanobrevibacter_A,Phytobacter,UMGS1795,UBA6857,RUG11200,UMGS1623,MGYG000004112,HGM04593,Lactobacillus,HGM13233,Anaerosacchariphilus,UBA2856,UBA10281,UBA4716,CAG-83,MGYG000004229,MGYG000000587,Granulicatella,NSJ-61,CAG-917,Eikenella,UMGS363,QAMX01,Butyricicoccus,CAAEEV01,HGM12587,Ezakiella,Anaeroglobus,HGM12789,GCA-900066135,HGM11368,Garciella,CAG-582,QAKW01,Methanosphaera,MGYG000003945
rep658_seed2683	Agathobaculum,UMGS1202,UMGS1696,Dorea_B,Paenibacillus,Eubacterium_J,CAG-822,Megasphaera,Paenibacillus_A,MGYG000002575,Morganella,CAG-302,QALS01,CAG-45,CAG-791,HGM11575,Schaedlerella,Leuconostoc,Varibaculum,UBA4285,UMGS268,Eubacterium_R,CAG-484,Eubacterium_T,Peptoniphilus_C,UBA6398,Anaerococcus,Lancefieldella,Enterobacter_D,UMGS1815,Eggerthella,UMGS75,Enterobacter,Phoenicibacter,Lactobacillus,Sodaliphilus,SFDP01,AM07-15,Peptococcus,Bariatricus,MGYG000001903,Hydrogeniiclostridium,UBA7597,Harryflintia,CAG-884,Longicatena,UMGS416,CAG-312,CAG-475,MGYG000004127,Sporanaerobacter,CAG-841,CAG-353,UBA3402,Weimerbacter,Anaerotruncus,An92,MGYG000004850,Ralstonia,43-108,MGYG000002010,UBA636,Hungatella_A,Bacteroides_F,Clostridium_F,Exiguobacterium,Rahnella,Frisingicoccus,CAG-533,Sneathia,UMGS1865,UBA11452,UBA4855,UMGS599,Companilactobacillus,CAG-632,Fenollaria,SFFS01,Marvinbryantia
rep659_seed2684	CAG-81,UBA644,UBA2821,Megasphaera,Leminorella,Enterobacter,UBA3631,Mesosutterella,UBA5884,SCN-57-10,Coprobacter,UBA1394,UMGS1975,UBA1234,UMGS1591,Succinivibrio,MGYG000000350,RUG131,Superficieibacter,Anaeroglobus,Clostridium,Anaerosalibacter,Agathobaculum,UBA11940,UBA2882,UBA9506,Paenibacillus_A,CAG-145,Dysosmobacter,UMGS1670,Lagierella,Methanosphaera,UMGS882,MGYG000004874,F082,Acetivibrio_A,Massilimaliae,Finegoldia,UMGS1338,NC2004,Coprococcus,RC9,HGM12789,CAG-451,MGYG000004556,Enterococcus_A,UBA11517,UC5-1-2E3,Pseudoflavonifractor,UMGS1518,Alloscardovia,QAMH01,UBA1822,CABIZH01,HGM13233,UMGS1441,Anaeromassilibacillus,Proteus,HGM04593,NSJ-63,Extibacter,UMGS1474,UMGS1795,UBA1740,UBA11512,Kosakonia,UMGS1872,UMGS2037,Neobacillus,Firm-10,HGM11372,CAG-95,Exiguobacterium,MGYG000001871,Lachnoanaerobaculum,CAG-492,HGM05232,UBA7102,Stomatobaculum
rep660_seed2685	CAG-884,UMGS680,Longicatena,NK3B98,UMGS905,Odoribacter,SFVR01,Pseudoflavonifractor,Ligilactobacillus,UMGS1375,Clostridium_X,GCA-900066905,CAG-632,Fusobacterium_B,CAG-145,CAG-841,Lancefieldella,OM05-12,UMGS1670,Superficieibacter,UBA11524,CAG-269,UBA5026,UMGS966,Lacrimispora,CAG-273,QAMM01,Enteroscipio,Pradoshia,Raoultibacter,Stoquefichus,Mailhella,CAG-288,Acidovorax,UMGS1668,UMGS1633,HGM13862,Bacteroides,UMGS1851,Pseudoruminococcus,Salmonella,UBA7102,Klebsiella,Erysipelatoclostridium,UBA1409,TWA4,Acinetobacter,UMGS1241,CAG-877,Roseburia,SFJ001,Faecalimonas,UBA5884,Ralstonia,UMGS2016,Pyramidobacter,Anaerococcus,Merdimonas,UBA6857,CAG-448,Agathobaculum,MGYG000002797,Ezakiella,Agathobacter,HGM13634,An181,UMGS1810,HGM13222,Porphyromonas,Lachnospira,Porphyromonas_A,MGYG000002726,MGYG000002696,Veillonella_A,Selenomonas_C,CACZQA01,UMGS268,Eubacterium_M,UMGS1293
rep661_seed2686	Massilicoli,CAG-1000,Rikenella,UMGS1397,UMGS1623,Ruminococcus_G,Enterobacter,NSJ-50,HGM13233,UMGS1975,UMGS1441,Oxalobacter,CAG-56,Leuconostoc,UMGS1279,UMGS1766,BX12,Blautia,MGYG000004380,UBA2856,UBA1691,CAG-452,Sutterella,MGYG000004172,Methanomassiliicoccus_A,Lactiplantibacillus,MGYG000001871,F082,UBA11512,Dielma,Acidovorax,Bifidobacterium,UBA4644,Frisingicoccus,SFTJ01,HGM11525,Pseudobutyrivibrio,MGYG000004727,HGM12998,Enterococcus_B,Methanobrevibacter_A,UMGS1071,Bacteroides,Parvimonas,CAG-314,UBA1234,MGYG000004811,UMGS680,Lacrimispora,Serratia,Leminorella,CAG-617,Rahnella,UMGS1670,CAG-41,RF16,UBA940,Peptoniphilus_B,CAG-272,UMGS1865,UBA945,Haemophilus,UMGS1326,MGYG000001953,Aeromonas,Peptacetobacter,UBA9475,UBA11940,UBA1375,CAG-484,Dialister,NSJ-61,Roseburia,Mixta,Stoquefichus,MGYG000004874,MGYG000004556,Alistipes,MGYG000004061
rep662_seed2687	Hungatella_A,F082,UMGS1370,MGYG000004727,Lagierella,Phascolarctobacterium,UBA4372,Aeromonas,MGYG000004229,Fusicatenibacter,Peptacetobacter,HGM13222,Weimerbacter,HGM11808,HGM11530,MGYG000004112,Oribacterium,UMGS1387,Paraprevotella,Psychrobacillus,Enteroscipio,UMGS416,Latilactobacillus,CAG-485,UMGS2037,UBA1822,HGM12669,Gordonibacter,UBA1394,CAG-617,SCN-57-10,D5,Cetobacterium_A,Neobittarella,Coprococcus,Barnesiella,Collinsella,MGYG000003855,Pseudomonas_E,CAG-411,Robinsoniella,Veillonella,CAG-103,NSJ-32,MGYG000004029,SFMI01,Enterococcus_B,HGM11368,UMGS1241,Varibaculum,Robertmurraya,CAG-710,Criibacterium,UMGS1540,Porphyromonas,Paenibacillus,CAG-882,Cutibacterium,Serratia,Peptoniphilus_E,UMGS1397,UMGS1338,UBA2856,Anaerosalibacter,CAG-353,MGYG000004547,Beduini,MGYG000000456,CAG-465,UBA7185,CAG-1427,Murimonas,UMGS1613,UMGS577,UBA866,Parasutterella,CAG-41,UMGS75,Faecalicoccus
rep663_seed2688	Campylobacter_A,MGYG000003270,QAMM01,NSJ-63,SFDP01,MGYG000003289,Bruticola,Butyrivibrio_A,UBA7173,RUG572,CAG-964,NSJ-32,SFDB01,Clostridium_AQ,Clostridium_Q,Pluralibacter,CAG-272,UMGS1307,UBA1740,Ruminococcus_G,Ellagibacter,RUG131,Massilistercora,CAG-279,CAG-831,UBA1822,UMGS902,UBA1737,UBA10281,Sutterella,CAG-465,WRGP01,Franconibacter,UBA7488,MGYG000004660,UBA1691,Hungatella,UBA1409,CAG-724,Companilactobacillus,Massiliomicrobiota,Sneathia,Pseudomonas_R,CAG-115,CAG-449,Angelakisella,Duncaniella,Tidjanibacter,Porphyromonas,UMGS905,UBA1191,CAG-791,Adlercreutzia,KLE1615,UMGS1279,Stoquefichus,CAG-177,Yokenella,Enteroscipio,HGM10836,CAG-95,UBA6398,UMGS1375,Paraclostridium,RUG13868,CAG-460,RF16,Hungatella_A,HGM12650,Peptoniphilus_C,UBA3402,Anaerotruncus,HGM11525,MGYG000004112,Citrobacter_B,Parvimonas,CAG-417,UBA7057,UMGS1901
rep664_seed2689	UBA3766,Firm-10,PeH17,Campylobacter_B,UMGS1880,Akkermansia,Lachnoanaerobaculum,OM05-12,RUG11198,Lacrimispora,Lancefieldella,Sodaliphilus,Lachnospira,Phil1,Phascolarctobacterium,CAG-776,CAAEEV01,CAG-56,Dorea_B,UBA3282,UMGS1600,UBA7748,Klebsiella,HGM13222,Kosakonia,Veillonella,HGM11523,Senegalimassilia,HGM13010,HGM11327,F082,UMGS946,Anaerococcus,Pseudoruminococcus,RUG12045,Vibrio,UMGS856,CAG-451,Peptoniphilus_A,CAG-724,Lagierella,Succinatimonas,UMGS1611,HGM11616,CAG-475,Agathobaculum,Eggerthella,QALR01,Parvimonas,CAG-127,CAG-314,UBA1259,Providencia,VSOB01,UBA1206,RUG420,F0422,Longicatena,Aeromonas,CAG-1031,RUG13868,CAG-272,MGYG000004172,UBA945,WRGP01,Moellerella,Pediococcus,UMGS995,CAG-83,AM07-15,CAG-145,UBA5394,ER4,Massilistercora,SFVR01,Ruminococcus_E,UMGS1241,RUG410,QALS01
rep665_seed2690	Peptoniphilus_E,PeH17,Superficieibacter,VUNA01,RUG410,Anaerocolumna,UMGS1052,Weissella,Duncaniella,UBA1752,Hydrogeniiclostridium,UMGS1477,Sutterella,Campylobacter,CAG-762,Mobiluncus,UBA4716,HGM05232,HGM11616,Robertmurraya,Anaeroplasma,WG-1,CAG-533,CAG-557,CAG-353,Parolsenella,Eubacterium,HGM11530,UBA4285,Pauljensenia,Sodaliphilus,UMGS1858,MGYG000004229,Butyricicoccus,MGYG000000728,Acetatifactor,Eubacterium_F,MGYG000004172,UBA11512,Cronobacter,Enterococcus,V9D3004,UBA5446,Gemmiger,UBA7057,CAG-710,Anaerostipes,MGYG000002575,Kosakonia,Caecibacter,Latilactobacillus,Fournierella,MGYG000004061,CAG-884,MGYG000000286,Terrisporobacter,Ruminococcus,MGYG000003297,HGM13222,Fusobacterium,CAG-1427,AM07-15,UMGS1864,Frisingicoccus,DUOT01,Anaerofustis,UMGS1591,UBA4334,SFEL01,Finegoldia,Eubacterium_I,UMGS1518,UMGS1795,KM106-2,KLE1615,Faecalicoccus,RUG115,GCA-900066495,Rubneribacter
rep666_seed2691	UBA9506,Firm-11,UBA3282,Sutterella,V9D3004,Cutibacterium,UMGS1839,UBA11940,MGYG000002719,UMGS1883,TWA4,Cronobacter,GCA-900066755,Stenotrophomonas,MGYG000000674,HGM11616,UMGS680,Finegoldia,Blautia_A,43-108,Harryflintia,UMGS1225,An172,Weissella,Muribaculum,Latilactobacillus,MGYG000004171,NC2004,MGYG000003490,Duodenibacillus,Eikenella,UMGS1601,Faecalibacillus,Enterococcus_C,Marseille-P3106,MGYG000004445,UMGS1826,Agathobacter,Anaerostipes,QALS01,Niameybacter,CAG-724,UBA3263,Hungatella_A,UMGS1880,Murimonas,An92,UBA11517,UBA4644,Superficieibacter,Phil1,Lachnoclostridium_A,Sellimonas,CAG-710,UMGS1864,Massilicoli,CAG-303,UMGS1810,UBA3388,KLE1615,UBA1409,Brachyspira,QAMX01,CAG-110,Lacticaseibacillus,UBA9475,CAG-873,HGM13862,Acidovorax,Massiliomicrobiota,HGM11507,HGM12998,UMGS1783,Gemella,RUG472,HGM13233,Staphylococcus,Veillonella,SFTJ01
rep667_seed2692	Leminorella,Aggregatibacter,Eggerthella,MGYG000003970,Massiliomicrobiota,Anaeromassilibacillus,F0040,CAG-81,GCA-900066755,Massilioclostridium,UMGS1613,UBA1820,JAAYBB01,DTU089,UBA11452,Butyrivibrio_A,RUG410,Aneurinibacillus,UMGS1491,UMGS1670,Haemophilus,CAG-45,Oxalobacter,UMGS1326,CAG-390,Azonexus,MGYG000004171,UBA636,MGYG000002797,Actinomyces,UMGS1370,Parasutterella,Eubacterium_R,UMGS973,SFEL01,DUOT01,Parabacteroides,UMGS263,Lacticaseibacillus,UMGS1603,Coprococcus,Akkermansia,UMGS1540,Acutalibacter,CAG-448,RUG023,Salinicola,Coprobacillus,Dorea,HGM11788,Phocea,UBA1737,CAG-791,CAG-603,Atlantibacter,Ruminococcus_D,QANA01,Alistipes_A,Edwardsiella,Ruminococcus_C,MGYG000004061,Citrobacter,UMGS1474,UBA11940,Cloacibacillus,MGYG000003305,HGM13222,CAG-877,UMGS1293,RUG11198,UBA1390,UMGS1839,UBA11524,UMGS1810,CAG-492,Firm-10,QAMX01,UBA2821,UBA1685
rep668_seed2693	CAG-557,Succiniclasticum,MGYG000004811,CAG-312,CAG-533,UBA940,Phoenicibacter,Butyricicoccus_A,HGM11501,UBA5884,UBA3263,UBA1394,OF09-33XD,CAG-884,UBA1752,UMGS1820,Clostridium_F,RC9,UC5-1-2E3,Tidjanibacter,HGM12998,Robertmurraya,Veillonella_A,RUG806,Alterileibacterium,CAG-460,Pseudescherichia,Anaeroglobus,UMGS75,Rikenella,HGM11808,Caproiciproducens,UMGS1690,Citrobacter,Akkermansia,Monoglobus,Beduini,QALS01,Rothia,NSJ-32,RUG023,WG-1,Anaerosporobacter,Ruthenibacterium,Aneurinibacillus,UMGS1826,Anaerobutyricum,Anaerotignum,UBA1206,MGYG000003970,VUNA01,Fusobacterium_B,Acidaminococcus,Oxalobacter,SFGY01,RUG572,MGYG000004061,RUG11198,CAG-822,Methanosphaera,QAKW01,UMGS929,Criibacterium,UMGS1795,HGM13634,Anaerocolumna,Muricomes,UMGS911,Actinobaculum,Turicimonas,F0040,CAG-274,UBA1829,CAG-1000,Murdochiella,CAG-448,UBA9502,UMGS1572,UBA11774
rep669_seed2694	Romboutsia,UMGS1477,Holdemania,Aeromonas,Zag1,Odoribacter,Moellerella,RQCD01,JAAYBB01,Clostridium_B,Phocaeicola,Slackia,UBA4855,Klebsiella_A,Erysipelatoclostridium,UBA11517,UMGS966,UBA6382,UBA11524,UMGS1004,Lancefieldella,Pygmaiobacter,Companilactobacillus,Emergencia,Pseudomonas_R,Akkermansia,MGYG000000350,SFDB01,Marseille-P3106,UBA5446,MGYG000003305,UMGS1109,CAG-302,NK3B98,UBA1390,UMGS1484,Murimonas,Evtepia,Anaerostipes,SFVR01,Fusobacterium,CAG-41,UMGS1880,Raoultella,CAG-83,CAG-411,Butyricicoccus,Sodaliphilus,Alistipes,UBA1777,Coprococcus,Aneurinibacillus,Slackia_A,UBA940,Ruminococcus_D,UBA11452,UMGS1783,Raoultibacter,HGM12957,CAG-590,UMGS995,Eubacterium_T,UMGS1307,SFGY01,Muricomes,QAMM01,MGYG000002696,Faecalitalea,UBA1752,Negativibacillus,CAG-465,CAG-56,Salinicola,Actinomyces,Mediterraneibacter_A,RUG14107,UMGS1002,CAG-272,CAG-582
rep670_seed2695	MGYG000000587,Coprococcus_A,Enterococcus_D,RUG131,UMGS1279,Clostridium_Q,MGYG000000674,UMGS1071,CAG-95,Salinicola,Scardovia,UMGS1477,Borkfalkia,HGM11501,HGM13618,RQCD01,HGM11808,CAG-594,UBA636,UBA7173,V9D3004,Bariatricus,UMGS1572,Limosilactobacillus,Lacrimispora,CAG-127,Anaerotignum,UMGS905,MGYG000002010,CAG-272,UMGS1613,QALR01,UMGS2037,CAG-631,QAKD01,TM7x,Firm-10,UBA7748,Lawsonibacter,UBA5905,Klebsiella_A,MGYG000004547,Fenollaria,Arabia,UBA11512,Coprobacter,Selenomonas_A,Leptotrichia,CAG-485,Yersinia,UMGS1690,CAG-462,UMGS1225,Clostridium_AQ,Christensenella,UBA6984,Acutalibacter,HGM12814,HGM04593,Turicibacter,UMGS1532,Neobacillus,UMGS1109,Eubacterium_F,Ruminococcus_B,UMGS1783,Dorea_B,Weissella,RUG11247,UBA9475,UMGS75,MGYG000000574,Odoribacter,Firm-11,SFLA01,Nitratidesulfovibrio,NSJ-38,UBA7702,Alterileibacterium
rep671_seed2696	Coprobacillus,HGM12587,Chimaeribacter,MGYG000004171,UBA11471,CAG-465,Gordonibacter,UMGS1889,Haemophilus_D,Lysinibacillus,Olsenella_E,F082,Eisenbergiella,CAG-180,NSJ-63,Oxalobacter,Criibacterium,MGYG000000587,Ruminococcus_E,Robertmurraya,Moellerella,MGYG000000346,Eubacterium_F,UBA1822,UBA1685,Parasutterella,Zag1,Parvimonas,Pseudomonas_R,UMGS905,UBA4855,CAG-724,UBA7488,CAG-1031,UBA5394,Enorma,UMGS1820,UMGS1491,Citrobacter_B,Gabonibacter,CAG-451,Akkermansia,UBA945,Massilicoli,Oscillibacter,GCA-900066755,CAG-170,Johnsonella,Escherichia,UBA737,Ellagibacter,UBA9502,UBA7173,UBA4644,HGM11501,Nitratidesulfovibrio,UBA1234,HGM12669,Lachnoclostridium,Parabacteroides,Anaerotruncus,Anaerofustis,Butyricicoccus_A,Faecalitalea,Salinicola,UCG-010,UMGS1600,UBA11774,UMGS1851,MGYG000002702,Faecalibacillus,Hungatella,RC9,HGM12814,QALW01,Lentilactobacillus,Alistipes_A,Arabia,Lacrimispora
rep672_seed2697	Ellagibacter,CAG-1000,Desulfovibrio,Campylobacter_B,Fenollaria,QAKW01,Lacticaseibacillus,Cloacibacillus,SFLA01,CAG-484,CAG-314,RUG13868,Caproiciproducens,Oribacterium,Raoultella,Terrisporobacter,UMGS1384,Firm-07,Sutterella,CAG-194,UMGS75,Hydrogeniiclostridium,CAG-303,Rahnella,CAG-452,CAG-628,Eggerthella,UMGS1370,OF09-33XD,Anaerobutyricum,Arcanobacterium_A,CAG-115,UMGS1490,Pseudomonas,UBA1390,UBA5394,MGYG000000286,UBA1786,Scardovia,QANG01,Lachnoanaerobaculum,Treponema_D,Gordonibacter,RUG420,Turicibacter,UMGS1293,CAG-196,UBA7597,HGM12669,Bittarella,MGYG000004177,UMGS1696,Negativicoccus,Lactonifactor,CAG-274,Acetivibrio_A,UBA7702,UMGS1623,Butyricimonas,HGM13010,Rikenella,UBA6382,Succiniclasticum,Leuconostoc,UMGS2037,RUG11200,CAG-841,Neisseria,SFGY01,SFEL01,UMGS1279,Weizmannia,Clostridium_J,UMGS1994,Phocea,Porphyromonas_A,Bruticola,Arabia,Clostridium_N
rep673_seed2698	VUNA01,Treponema_D,WRGP01,NSJ-32,UMGS973,Pantoea,CAG-590,CAAEEV01,Rothia,CAG-628,Christensenella,UMGS1783,Lacrimispora,UMGS995,Sutterella,Varibaculum,MGYG000004660,MGYG000002685,HGM14224,ER4,UBA5809,UMGS874,Coprococcus,Prevotellamassilia,UMGS1472,Duncaniella,UBA9414,RUG13868,HGM11386,UBA7173,Faecalibacterium,Paraprevotella,UMGS1663,Lacticaseibacillus,Olsenella,CAG-710,HGM12650,UMGS1384,Rikenella,Hungatella,Lachnoclostridium,Lentilactobacillus,HGM13010,Clostridium_E,Enterocloster,Pseudoflavonifractor,UMGS1477,CAG-533,Dorea,Succinivibrio,MGYG000003855,HGM11616,Firm-10,Arabia,Zag111,HGM12713,SFJ001,CAG-1427,Stoquefichus,Bilophila,Neisseria,Eubacterium_G,Firm-11,MGYG000002683,SFHK01,CAG-594,CAG-964,Murimonas,Acinetobacter,Citrobacter_A,SFFS01,Coprococcus_A,HGM05232,Fusicatenibacter,CAG-510,Agathobaculum,UMGS1976,Acutalibacter,UMGS1202
rep674_seed2699	Terrisporobacter,Peptacetobacter,Prevotellamassilia,Phascolarctobacterium,F082,Acinetobacter,Mesosutterella,QAKS01,Ruminococcus_E,RUG100,Limosilactobacillus,TM7x,Plesiomonas,Gemella,Victivallis,CAG-313,UBA3631,Muribaculum,CAG-495,UBA7173,Bifidobacterium,UBA4871,Dialister,Clostridium_F,Absicoccus,CAG-724,MGYG000003490,Fenollaria,Stenotrophomonas,Peptococcus,Butyricicoccus,UBA5446,Caecibacter,Azonexus,Aggregatibacter,Intestinimonas,MGYG000000674,Mobilibacterium,MGYG000000387,CAG-628,UBA11774,Longicatena,GCA-900066905,Rahnella,RUG023,CAG-417,GCA-900066135,Romboutsia,UMGS577,UBA3282,Peptoniphilus_B,QAMX01,UMGS1253,Alistipes,Klebsiella_A,MGYG000001953,CAG-127,43-108,Bariatricus,CAG-594,F23-B02,Phocaeicola,Caproiciproducens,UMGS856,RUG14107,CAG-631,UBA9414,UBA1786,HGM10836,Oribacterium,Megasphaera,Lancefieldella,SFTJ01,CAG-521,Longibaculum,Veillonella,Pauljensenia,PeH17,Merdibacter
rep675_seed2700	UMGS1820,CAAHEQ01,TM7x,HGM11523,MGYG000003970,Paraclostridium,Superficieibacter,QANA01,UMGS1975,Anaeromassilibacillus,MGYG000000390,Peptoniphilus_B,Arabia,Pseudescherichia,RUG11198,Eubacterium_R,Leptotrichia,UMGS1933,UCG-010,CAG-302,Edwardsiella,Faecalibacterium,Veillonella,Hungatella,Neobacillus,Cutibacterium,MGYG000004127,GCA-900066135,Acetatifactor,Butyrivibrio_A,Stoquefichus,MGYG000004172,Eggerthella,Eubacterium_M,Adlercreutzia,Vibrio,UBA11471,RUG12045,Kallipyga,Rothia,Anaerobutyricum,Methanosphaera,OM05-12,UC5-1-2E3,UMGS1052,Clostridium_E,Lentilactobacillus,Phocea,Frisingicoccus,Firm-07,UBA5394,MGYG000004112,Clostridium_Q,Criibacterium,CAG-81,MGYG000004556,MGYG000003490,UBA4334,Collinsella,NSJ-62,MGYG000004029,UBA945,MGYG000000674,UMGS1766,Bilophila,UMGS1477,Fusobacterium_A,CAG-884,Exiguobacterium,MGYG000004177,Pediococcus,Weizmannia,UBA1685,Succiniclasticum,Ruminococcus_B,HGM13006,UMGS1224,CAG-533,MGYG000002685
rep676_seed2701	Peptoniphilus_C,UMGS905,Enterococcus,CAG-302,Citrobacter_B,Weissella,Acetivibrio_A,UMGS1375,CAG-103,Ruminococcus_A,UBA2856,UBA2883,Oscillibacter,UBA1820,Marvinbryantia,UBA11940,Firm-11,UBA866,CAG-83,Pseudobutyrivibrio,Clostridium_B,Varibaculum,MGYG000004229,Acidaminococcus,CAG-631,MGYG000000350,UBA1829,Ruminococcus_C,Olsenella_B,UMGS1611,Hungatella_A,Angelakisella,UMGS1388,UBA9506,43-108,Gemella,Allisonella,CAG-279,MGYG000004171,UBA1822,VUNA01,Pantoea,Muricomes,UBA6857,Parasutterella,MGYG000003945,TF01-11,Actinobaculum,Clostridium_Q,Rahnella,UBA1232,HGM13010,Dorea,CAG-354,RUG12045,Peptoniphilus_E,Lactococcus,UMGS874,UMGS1815,Bacteroides,UMGS1225,UMGS268,GCA-900066755,HGM12814,Longicatena,Massilistercora,Plesiomonas,MGYG000004660,UMGS929,Arabia,Catenibacillus,CAG-873,UMGS1307,UBA1191,HGM11372,Sporanaerobacter,Alloprevotella,CAG-349,AM07-15
rep677_seed2702	RUG11198,Lentilactobacillus,UMGS966,UBA4855,Olsenella,UMGS946,Ruminiclostridium_E,Rothia,Pseudoflavonifractor,Dorea_A,UMGS1491,MGYG000002758,MGYG000004850,UMGS1872,UBA1394,Enterococcus_C,Beduini,Barnesiella,Massilioclostridium,UBA3818,VUNA01,Gastranaerophilus,CAG-1024,CAG-492,UMGS1518,UBA11524,UBA1829,UC5-1-2E3,MGYG000004604,Phil1,UMGS1370,Fusicatenibacter,Anaerotignum,Clostridium_Q,Kluyvera,RUG13868,Romboutsia,Olsenella_B,UMGS731,UMGS403,CAG-95,Dysgonomonas,MGYG000002797,UMGS1858,Agathobaculum,HGM12957,KLE1615,Phascolarctobacterium,CAG-279,TM7x,UMGS416,D5,CAG-488,UBA1740,Agathobacter,UBA737,CAG-1000,Acutalibacter,CAG-312,CAG-127,PeH17,SFFS01,Veillonella_A,Senegalimassilia,MGYG000000378,Eubacterium_J,HGM12669,KM106-2,CAG-485,UBA2882,Lachnoclostridium_B,Cloacibacillus,UMGS1474,Desulfovibrio,UBA6984,Klebsiella,Caproiciproducens,UBA6382,DUOT01
rep678_seed2703	UMGS1418,Clostridium_E,RUG131,Oscillibacter,Pseudomonas,UBA4285,CAG-269,Enterococcus_D,UBA1829,UBA1206,Parasutterella,Dialister,Bacilliculturomica,Sporanaerobacter,CAG-313,QAMX01,Mobilibacterium,Latilactobacillus,CAG-349,Sutterella,MGYG000003970,DUOT01,UBA7488,NSJ-32,CAG-475,Vibrio,UMGS1851,RF16,Oxalobacter,CAG-451,Ruminococcus,Companilactobacillus,MGYG000000350,UMGS1668,Lawsonella,Firm-11,Citrobacter_A,Marseille-P4683,Peptacetobacter,Plesiomonas,MGYG000002758,Haemophilus_A,MGYG000003289,Dorea_A,RUG13868,UMGS1472,CAG-449,UBA5905,Sodaliphilus,RUG472,Alterileibacterium,UBA1731,UBA1394,UMGS1474,CAG-170,UMGS1975,Christensenella,Neobacillus,CAG-776,MGYG000002216,Negativibacillus,Clostridium_X,RUG11247,Kosakonia,Peptoniphilus_C,Caproiciproducens,UBA4644,Ruminococcus_A,UBA1752,Bacteroides_F,Criibacterium,UBA11517,Turicibacter,HGM11523,Leminorella,Weimerbacter,Rikenella,MGYG000004604,TF01-11
rep679_seed2704	UMGS856,CAG-873,Eikenella,Gemella,QAKD01,CAG-590,UBA1822,Merdibacter,SFFH01,Veillonella,UBA1685,Alloscardovia,Prevotella,Bacillus_J,MGYG000002726,UBA1731,UBA4871,UBA644,Alloprevotella,Clostridium_E,CAG-484,Dialister,Ruthenibacterium,HGM12998,Duncaniella,MGYG000003945,HGM10836,NSJ-62,HGM13010,UMGS995,Brachyspira,UBA5026,UBA7160,Desulfovibrio,Veillonella_A,Muricomes,HGM11521,UBA7057,Turicibacter,Frisingicoccus,Haemophilus_A,MGYG000002758,UMGS1795,Yersinia,Bruticola,Succiniclasticum,HGM11530,KLE1615,HGM13222,UBA1191,Lachnospira,UBA5809,HGM13618,CAG-56,Citrobacter_A,Haemophilus,SCN-57-10,UMGS1490,UMGS1384,MGYG000002685,UMGS1591,UCG-010,Dielma,Epilithonimonas,GCA-900066135,MGYG000004443,Selenomonas_C,Megamonas,CAG-45,CAG-411,MGYG000004061,SFHK01,MGYG000003970,An172,Anaeromassilibacillus,CAG-631,MGYG000003490,UBA1259,Citrobacter_B
rep680_seed2705	Emergencia,Superficieibacter,CAG-288,UMGS1279,UC5-1-2E3,CAG-269,CAG-312,Dorea,CAG-317,RUG12045,Pseudoruminococcus,Absicoccus,UBA940,HGM12789,Dialister,Porphyromonas,UBA7160,Phocea,Rothia,UBA5809,CAG-822,Arcanobacterium_A,Klebsiella,COE1,Intestinibacter,UCG-010,Butyricicoccus,HGM11514,Agathobacter,MGYG000004874,Clostridium_B,Lacrimispora,F082,UMGS1322,UMGS856,UMGS1384,Dysgonomonas,Intestinimonas,CAG-1024,Peptoniphilus_A,UBA7488,Megamonas,CAG-793,UBA2883,CAG-41,Lachnospira,CAG-56,Prevotellamassilia,Marvinbryantia,Parolsenella,UMGS1109,Anaeroplasma,UMGS874,Fenollaria,UMGS1253,Selenomonas_A,MGYG000003289,S5-A14a,Longicatena,UBA9475,Merdibacter,CAG-485,HGM10836,AM51-8,UBA3282,Varibaculum,Murdochiella,VUNA01,CAG-484,CAG-353,MGYG000002010,Adlercreutzia,UBA1685,RUG11200,RUG806,Campylobacter_B,CAG-449,HGM11788,MGYG000004443
rep681_seed2706	CAG-272,SFTJ01,Amulumruptor,Proteus,MGYG000002216,Flavonifractor,Raoultibacter,Butyricimonas,DTU089,D5,UBA1417,HGM11530,UC5-1-2E3,MGYG000000387,Enterobacter_D,MGYG000000425,Robertmurraya,Faecalimonas,Enorma,Amedibacillus,Collinsella,Anaerococcus,Yokenella,Ruminococcus_C,Actinobaculum,UMGS268,Weimerbacter,CAG-110,AM07-15,Extibacter,Acidaminococcus,Peptococcus,Vibrio,Oribacterium,UBA5809,UBA1731,UBA11512,Turicibacter,CAG-831,UBA5920,MGYG000000378,HGM04593,CAG-521,Paraclostridium,HGM11588,UBA1259,Latilactobacillus,Criibacterium,Holdemanella,MGYG000001871,Terrisporobacter,CAG-217,HGM11417,UCG-010,MGYG000004380,RUG572,HGM13634,CAG-964,Anaerocolumna,UBA1829,Chimaeribacter,Epilithonimonas,HGM11372,Selenomonas_C,CAG-180,UMGS1109,RUG11200,TF01-11,MGYG000004850,RUG806,MGYG000004094,Oscillibacter,Eubacterium_R,QAMH01,Clostridium_J,CAG-273,CAG-877,Bacillus_J,Enterocloster
rep682_seed2707	Selenomonas_A,Companilactobacillus,UBA4716,MGYG000003270,CAG-917,MGYG000002696,UMGS2055,CAG-841,MGYG000000350,Butyricicoccus_A,Romboutsia,Ralstonia,Murimonas,UBA4855,CAG-194,UBA5394,CAG-41,MGYG000001903,UMGS882,Mediterraneibacter_A,Olsenella,CAG-460,Neobacillus,UMGS1518,CHH4-2,UMGS946,Lacrimispora,Azonexus,Senegalimassilia,UMGS1815,MGYG000002053,UBA7057,Haemophilus,HGM05232,UBA11512,Raoultibacter,JAAYBB01,Butyrivibrio_A,MGYG000004061,Pantoea,Enterobacter,UMGS1696,UMGS416,Zag111,UBA1375,Enterococcus_D,43-108,Mitsuokella,QAMX01,Eubacterium_G,UMGS1663,UMGS1590,Parasutterella,Alistipes,Anaerostipes,CAG-115,Merdibacter,NSJ-61,Oxalobacter,Sneathia,Actinobaculum,CAG-83,UMGS2037,Caecibacter,CAG-279,BX12,MGYG000001953,UMGS1338,MGYG000003297,UMGS1224,Alterileibacterium,UMGS1851,Ligilactobacillus,UBA1232,SFHK01,F23-B02,RUG410,MGYG000000505,UMGS1418
rep683_seed2708	Lysinibacillus,UMGS1532,Peptococcus,CAG-312,Oribacterium,Weimerbacter,UMGS1840,Latilactobacillus,Ellagibacter,UBA3766,Anaerobutyricum,MGYG000003970,UBA1829,UBA737,UMGS403,UMGS1518,Butyrivibrio_A,HGM11530,Coprococcus_A,Raoultibacter,MGYG000000378,UMGS1384,UBA1740,QAMH01,Yokenella,GCA-900066495,UBA1691,UBA9506,CAG-877,Adlercreutzia,Erysipelatoclostridium,Treponema_D,UBA1752,Phascolarctobacterium,Lacrimispora,CAG-822,CAG-917,Anaerofustis,Lancefieldella,Enterococcus_B,UBA6345,Anaeroglobus,WG-1,SCN-57-10,UMGS1224,Hungatella,Acidaminococcus,Enterobacter,QANA01,HGM13233,HGM11368,Lentilactobacillus,S5-A14a,SFEL01,UMGS1484,BX12,UBA2882,Parasutterella,UMGS1472,UMGS263,CAG-594,Enorma,QAKD01,UBA7057,UBA11452,UMGS1858,UMGS75,Porphyromonas_A,Zag111,MGYG000004811,Ruminococcus_C,UMGS1540,UBA3402,Aggregatibacter,F082,COE1,Fusobacterium,UMGS172,RUG115
rep684_seed2709	Ruminococcus,UBA11774,HGM11327,Gabonibacter,Acinetobacter,Clostridioides,Robertmurraya,Firm-07,KLE1615,Veillonella_A,Enterococcus_B,UMGS1572,RQCD01,UMGS1491,Morganella,Caecibacter,Pseudomonas_R,UMGS1840,RUG023,Lachnoclostridium,Acidaminococcus,Serratia,Epilithonimonas,Victivallis,Salmonella,UMGS1688,SFLA01,Phascolarctobacterium,Lactiplantibacillus,Finegoldia,CAG-884,Lactobacillus,Peptoniphilus_E,Scardovia,UMGS1975,QAKD01,Christensenella,DTU089,UMGS1901,UCG-010,UMGS1864,UMGS1370,UMGS416,D5,Bacillus_A,UBA11517,UMGS403,Monoglobus,Anaerofustis,Fusobacterium_C,CAG-390,Eubacterium_T,Blautia,Massilistercora,UMGS1540,MGYG000000286,Moellerella,UBA1829,Leptotrichia,CAG-288,Dorea_B,HGM11507,Weimerbacter,SFDB01,UBA3282,Ligilactobacillus,UMGS1839,SFTJ01,MGYG000001871,MGYG000003945,Actinobaculum,QAMH01,UMGS1663,CAG-557,CAG-145,UBA3263,UMGS2055,CAG-917,WG-1
rep685_seed2710	UMGS1994,UMGS1109,Dialister,Longicatena,UBA1375,CAG-349,UBA1829,Enterobacter_A,Rikenella,UMGS1487,UBA9506,UBA636,Ruminococcus_F,Barnesiella,UBA2856,UBA11774,UBA4644,CAG-448,MGYG000002696,Anaerosacchariphilus,UBA6984,RF16,Acidovorax,Olsenella_E,CAG-56,Providencia,Acidaminococcus,Bacteroides_F,Christensenella,UMGS1975,QANG01,MGYG000003855,UBA5809,Stomatobaculum,QAKW01,UBA7702,CAG-288,TM7x,HGM13862,Clostridium_E,MGYG000004177,Catenibacterium,Eubacterium_J,Enterococcus,An172,UBA2883,Firm-10,Pygmaiobacter,CAG-303,RC9,Haemophilus_A,UBA11452,Paramuribaculum,RUG131,CAG-1000,Terrisporobacter,UMGS1815,HGM11616,UMGS1477,CAG-710,HGM12713,UBA1181,MGYG000002075,MGYG000000390,Fusobacterium_C,Gastranaerophilus,UMGS1338,Ruminiclostridium_E,Klebsiella,Ruminococcus_C,UMGS1518,UMGS1202,GCA-900066905,CACZQA01,Massilimaliae,HGM11521,UBA945,Coprobacillus,QAKD01
rep686_seed2711	Niameybacter,Johnsonella,MGYG000004547,UBA5416,UMGS1375,Butyrivibrio_A,Chimaeribacter,QANG01,Gordonibacter,Leptotrichia,Adlercreutzia,RF16,UMGS1851,CAG-313,Extibacter,UMGS1600,Anaerococcus,Bariatricus,UMGS1202,MGYG000004874,CAG-724,Robertmurraya,UMGS1611,Ellagibacter,SFDP01,Acutalibacter,Merdimonas,Sneathia,UMGS1540,MGYG000002797,CAG-877,CAG-245,MGYG000002010,Bacilliculturomica,Phascolarctobacterium_A,Providencia,UMGS1858,UBA10281,UMGS1052,Lancefieldella,Stoquefichus,MGYG000004061,CAG-594,UMGS1312,Veillonella_A,MGYG000000425,Coprobacillus,MGYG000000505,43-108,Ralstonia,Eubacterium_I,UBA1711,Campylobacter,Parvimonas,UMGS1572,Pseudoruminococcus,Longibaculum,SFDB01,D5,Weimerbacter,Eggerthella,Emergencia,Acinetobacter,Marseille-P4683,Massilimaliae,MGYG000000728,CAAEEV01,Anaerostipes,Phocea,UMGS1388,Anaeromassilibacillus,RUG472,Actinomyces,VSOB01,UMGS1251,MGYG000000574,UBA1375,HGM13010,UMGS1603
rep687_seed2712	UMGS1052,CACZQA01,UMGS1696,Pseudoruminococcus,Olsenella_E,CAG-448,Turicimonas,Niameybacter,Pseudomonas_E,UMGS1322,Hafnia,UMGS1279,MGYG000000674,Bariatricus,Intestinibacter,CAG-110,MGYG000000587,UBA11940,Holdemania,Barnesiella,CAAHEQ01,CAG-762,Neobittarella,Porphyromonas_A,MGYG000003289,RUG11247,Bacteroides_F,UBA11524,QAMX01,CAG-488,Ruminococcus_E,Anaeroplasma,UMGS1633,Caecibacter,UBA1234,UMGS1307,UBA7182,CAG-1031,Arabia,Aggregatibacter,Kluyvera,UBA4716,CAG-594,Catenibacillus,CAG-460,Epilithonimonas,CAG-145,MGYG000000387,MGYG000002702,CAG-41,VUNI01,ER4,UMGS973,Paraclostridium,UMGS124,HGM11521,UMGS1253,UMGS2016,Butyricicoccus,CAG-822,Butyricimonas,Phoenicibacter,Streptococcus,Gemella,Enteroscipio,MGYG000000346,HGM13618,UBA11774,AF33-28,UMGS1826,CAG-628,UMGS1491,Actinomyces,Robinsoniella,Sellimonas,CAG-81,Succinatimonas,QALS01,RUG13868
rep688_seed2713	UBA11471,Actinomyces,Negativibacillus,CAG-831,MGYG000004660,Christensenella,MGYG000002797,Parabacteroides,UMGS1491,SCN-57-10,UBA1740,NSJ-50,NK4A136,UMGS1851,UMGS1613,Haemophilus_A,CAG-484,Butyricicoccus,CAG-314,CAG-217,Leclercia,Citrobacter_B,Aneurinibacillus,Zag111,HGM12957,UBA738,SFVR01,UMGS1670,Weimerbacter,UBA6382,Terrisporobacter,Morganella,MGYG000003297,Ruminococcus_C,F23-B02,QANA01,CAG-791,CAAEEV01,Robinsoniella,RUG100,NSJ-38,Beduini,Alistipes_A,UMGS1815,Ruminococcus,CAG-632,Latilactobacillus,UBA3402,HGM12650,Bacteroides_F,MGYG000004443,Lachnoclostridium_A,UBA7173,Mitsuokella,Enterococcus_D,CAG-170,KM106-2,Phascolarctobacterium_A,UBA866,UBA636,WG-1,QALS01,CAG-465,UMGS1864,Dorea_B,Intestinibacter,UBA7182,Providencia,UMGS172,CAG-1000,Faecalibacillus,SFGY01,Bariatricus,MGYG000004727,Tidjanibacter,UMGS1690,CAG-776,HGM13006,Salinicola
rep689_seed2714	Christensenella,Prevotellamassilia,Succinatimonas,CAG-462,Peptacetobacter,UMGS263,CAG-288,UMGS363,Aneurinibacillus,Paramuribaculum,V9D3004,Pseudoflavonifractor,UBA2856,HGM11788,Lactiplantibacillus,Mixta,CAG-217,Borkfalkia,RUG572,UMGS599,Muribaculum,UBA10677,UMGS268,Actinobaculum,HGM13618,Massiliomicrobiota,UMGS1670,CAG-417,Enterococcus,Slackia,Klebsiella,MGYG000004112,Victivallis,NK4A136,Massilistercora,UBA6345,CAG-488,D5,CAG-349,Massilioclostridium,Extibacter,NSJ-50,UMGS1532,CAG-177,Neobacillus,SFHK01,Adlercreutzia,Enterococcus_D,Ruminococcus,CAG-145,RF16,Eubacterium_J,Arcanobacterium_A,Lysinibacillus,UMGS1851,Pantoea,UMGS1002,CAG-451,Megamonas,UBA4372,CAG-724,UMGS1441,Succinivibrio,Porphyromonas_A,UBA11471,Firm-07,Haemophilus_D,UBA1820,UBA1685,UBA5920,Oxalobacter,UBA5416,Fusobacterium_C,Alloscardovia,MGYG000004443,MGYG000004029,HGM11386,MGYG000004094,UCG-010
rep690_seed2715	Clostridium_Q,UBA2882,Prevotellamassilia,MGYG000000745,UBA4871,RUG131,UBA1822,Proteus,Blautia_A,Porphyromonas_A,UBA9475,Butyricimonas,Bittarella,CAG-103,CAG-312,Enteroscipio,Angelakisella,UMGS1477,RUG806,CAG-317,CAG-510,Treponema_D,NSJ-50,Duncaniella,MGYG000000350,NSJ-61,MGYG000002216,Cetobacterium_A,UBA5905,QAKW01,Eisenbergiella,Megamonas,Fusobacterium_B,UBA11512,CAG-127,CAG-724,CAG-353,Bacilliculturomica,UMGS882,Citrobacter,TM7x,UMGS1880,Lachnoanaerobaculum,UMGS946,Citrobacter_B,UMGS1600,Roseburia,Lancefieldella,Longicatena,Olsenella,COE1,UMGS1601,Ruminococcus_A,Oribacterium,Acutalibacter,Lentilactobacillus,Massilistercora,Alistipes,HGM11501,Selenomonas_C,MGYG000004172,MGYG000000286,MGYG000003305,Mesosutterella,UMGS75,UBA7173,Enterococcus_B,CAG-177,Butyrivibrio_A,OF09-33XD,Faecalicoccus,MGYG000004547,HGM12713,Mediterraneibacter,UMGS1484,VUNA01,Johnsonella,RUG100,UMGS902
rep691_seed2716	CAG-303,Clostridioides,Dorea,CAG-485,Phocaeicola,Anaeroplasma,CAG-349,UMGS1611,D5,NK3B98,Pediococcus,UMGS1477,Hungatella_A,Sneathia,Rahnella,AF33-28,Senegalimassilia,CAG-917,HGM11417,Clostridium_X,Harryflintia,Duodenibacillus,Methanosphaera,Erysipelatoclostridium,UMGS1858,Ruthenibacterium,Evtepia,UBA737,QAKD01,Mitsuokella,HGM11525,UMGS882,Porphyromonas,HGM12789,UBA2856,Butyricicoccus,Phascolarctobacterium,Varibaculum,Mixta,CAG-590,UBA1232,Enterocloster,UMGS1815,CAG-475,Companilactobacillus,Pseudoruminococcus,Staphylococcus,HGM11523,Fenollaria,Psychrobacillus,RUG472,HGM14224,Rikenella,Arabia,Moellerella,CAG-791,SFFH01,UBA5884,Clostridium_Q,UMGS1375,MGYG000002575,MGYG000004874,UBA1685,UBA940,HGM13222,Ruminococcus_E,OM05-12,MGYG000000728,Bruticola,Selenomonas_A,HGM11368,Blautia_A,DTU089,UMGS1889,TM7x,HGM10836,Schaedlerella,CAG-632,CAAEEV01
rep692_seed2717	MGYG000001953,Gordonibacter,UMGS1109,CAG-521,Senegalimassilia,CAG-495,Holdemania,CAG-877,SFDP01,Clostridium_AQ,CHH4-2,MGYG000004171,CAG-465,UMGS905,CAG-83,UBA1191,UMGS1370,Lawsonibacter,UMGS1253,Dielma,UMGS1225,UBA1711,Vibrio,Christensenella,Clostridium_E,Flavonifractor,Cronobacter,CAG-841,UMGS1537,Firm-11,UMGS1858,Catenibacterium,UMGS1472,Salinicola,UBA1685,Succinivibrio,Enterococcus_C,Superficieibacter,Phytobacter,Anaerostipes,Oribacterium,Ezakiella,UMGS2037,TF01-11,UMGS1603,Collinsella,UBA1390,Methanobrevibacter_A,CAG-822,Pseudobutyrivibrio,MGYG000000378,Parolsenella,UMGS1976,Porphyromonas,CAG-196,QAMX01,CAG-115,Weizmannia,Ruminococcus,MGYG000004133,Anaerosacchariphilus,Butyricicoccus,CAG-303,UBA3631,UBA11512,UMGS1883,Garciella,MGYG000002758,CACZQA01,UMGS1487,Eubacterium_T,Nitratidesulfovibrio,UMGS1202,Campylobacter,HGM11521,CAG-460,UMGS731,WG-1,QAKW01
rep693_seed2718	Peptoniphilus_C,UBA6984,Mediterraneibacter_A,Allisonella,MGYG000003289,NK3B98,Lachnoclostridium_B,Massilimaliae,Firm-07,UMGS1418,Cutibacterium,Veillonella,RUG115,Enterococcus_A,UBA4644,UBA2821,Peptacetobacter,Massilistercora,CAG-272,Cetobacterium_A,Enterobacter_D,HGM11514,CAG-793,UMGS882,Yokenella,UBA11524,UBA3766,AM51-8,Mobilibacterium,MGYG000004811,UMGS1477,NSJ-50,Pyramidobacter,Ruthenibacterium,CAG-484,CAG-314,UMGS1052,Clostridium_A,Blautia,Lactococcus,UMGS1901,Kluyvera,Faecalitalea,CAG-288,UBA945,Phascolarctobacterium_A,Sporanaerobacter,Anaerosacchariphilus,HGM11372,CAG-724,Anaerosalibacter,F23-B02,Anaerocolumna,UBA11774,Pygmaiobacter,Clostridium_AP,Barnesiella,Phocaeicola,Anaerofustis,UMGS1696,UMGS1375,Anaerostipes,UBA7702,Beduini,Clostridium,Prevotellamassilia,Aeromonas,HGM13233,Massilioclostridium,CAG-274,UBA1711,Phascolarctobacterium,UBA2883,Ruminococcus_G,UMGS1540,Amedibacillus,UMGS1241,Paraprevotella,UMGS1202
rep694_seed2719	HGM14224,Clostridioides,Enterococcus_D,CAG-302,Salinicola,Merdibacter,Anaeromassilibacillus,UMGS1668,Lactonifactor,UBA3263,UMGS1375,MGYG000004811,Morganella,UBA7057,UCG-010,Acetivibrio_A,MGYG000000745,Agathobaculum,Senegalimassilia,UMGS1613,Evtepia,UBA1752,UMGS1815,UMGS1826,Aeromonas,Eikenella,UMGS1663,Granulicatella,UBA11452,UMGS403,Rubneribacter,MGYG000001903,Stomatobaculum,UBA6382,UMGS1591,Azonexus,UMGS1202,OF09-33XD,CAG-628,Gabonibacter,CAG-510,QAKS01,Methanobrevibacter_A,Fannyhessea,Anaerotruncus,Longicatena,Parvimonas,MGYG000002575,SFFS01,UBA4372,Caecibacter,Bittarella,Clostridium,GCA-900066495,Marseille-P3106,UBA1777,TWA4,UMGS1901,Ruminococcus_D,An172,Selenomonas_A,Haemophilus_A,S5-A14a,Pseudoflavonifractor,Anaeroplasma,MGYG000004229,Phascolarctobacterium,CAG-353,Fusobacterium_C,Massilimaliae,UBA1740,MGYG000003289,Clostridium_E,CAG-56,CAG-793,UMGS2016,HGM13006,Stenotrophomonas,UBA11524
rep695_seed2720	Acidovorax,QALR01,Anaerofustis,UBA866,HGM12650,MGYG000003270,UBA1752,Selenomonas_C,Cellulosilyticum,SCN-57-10,Ruminococcus,CAG-460,Frisingicoccus,Bittarella,F082,HGM12998,UMGS1387,UMGS1883,HGM13618,UBA1829,HGM05232,Yersinia,UBA6984,Bacillus_A,Ruminiclostridium_E,UBA1737,MGYG000001953,UMGS902,Fournierella,UMGS911,CAG-465,CAG-245,UMGS363,Acetatifactor,Bacilliculturomica,UMGS1109,UMGS1865,Cronobacter,Methanomassiliicoccus_A,SFTJ01,MGYG000004177,BX12,Romboutsia,Erysipelatoclostridium,CAG-822,UBA1731,Atlantibacter,HGM11575,MGYG000004445,Odoribacter,Oribacterium,Latilactobacillus,SFLA01,SFVR01,QAKD01,Murdochiella,Actinomyces,UBA4285,UMGS1994,CAG-791,RUG131,UBA945,Anaeromassilibacillus,UBA7702,CAG-170,Psychrobacillus,Intestinimonas,UMGS1052,Fusobacterium_B,UMGS1322,43-108,Firm-07,HGM11507,Longicatena,UMGS1670,Garciella,UMGS1783,SFGY01,UMGS1307
rep696_seed2721	Veillonella_A,Robinsoniella,MGYG000004604,CAG-631,UBA9506,UBA7182,Frisingicoccus,Enterobacter_D,CAG-245,Amedibacillus,Muribaculum,UBA5026,RUG705,UBA3263,Neobittarella,Anaerosacchariphilus,Citrobacter_B,Clostridium_F,Corynebacterium,UMGS363,MGYG000004850,CAG-353,Massiliomicrobiota,Faecalitalea,Turicimonas,Olsenella_B,Latilactobacillus,Butyricimonas,Firm-10,Sneathia,Clostridioides,Collinsella,HGM12669,UMGS1901,UMGS1224,Phascolarctobacterium,MGYG000002719,HGM11507,Scardovia,SFJ001,UBA3818,QAMM01,An92,Paenibacillus_A,UBA5884,Cetobacterium_A,UBA1740,UMGS911,Peptoniphilus_B,UBA940,Campylobacter,UMGS1883,Stomatobaculum,HGM10836,Enterococcus,MGYG000000587,Moellerella,Pseudomonas_R,Fusobacterium_B,Bacillus_A,CAG-475,SFLA01,Holdemanella,UMGS905,UMGS731,RUG100,UMGS1603,Azonexus,Peptoniphilus_E,Adlercreutzia,Marseille-P3106,Longibaculum,SFDB01,UBA1206,SFTJ01,Tidjanibacter,RUG13868,CAG-964,Parolsenella
rep697_seed2722	Enterococcus_C,UBA1752,Bittarella,Pygmaiobacter,Latilactobacillus,Succinatimonas,HGM13222,UMGS1603,UBA4334,Parabacteroides,Yokenella,Criibacterium,Caproiciproducens,Pseudoruminococcus,Anaerocolumna,WRGP01,Mesosutterella,UBA2821,DUOT01,CAG-302,Intestinimonas,Amedibacterium,CAG-56,CAG-465,NSJ-62,UMGS905,Haemophilus_D,CAG-831,CAG-793,MGYG000000350,UMGS1880,CAG-110,CAG-724,Eubacterium_T,CAG-631,CAG-145,Citrobacter,Bifidobacterium,Oscillibacter,Cutibacterium,UMGS1810,Moellerella,RC9,UMGS263,Pseudomonas_R,Akkermansia,UMGS2055,Zag111,Coprococcus,QALR01,Leminorella,Methanobrevibacter_A,CAG-510,MGYG000004660,An181,D5,CAG-451,HGM11327,F23-B02,S5-A14a,MGYG000000346,Mobilibacterium,Peptoniphilus_A,Salmonella,Ruminococcus_F,Ruminococcus_B,UBA3388,Clostridium_AQ,Selenomonas_C,HGM11530,RUG11247,Romboutsia,Varibaculum,UBA11940,Fournierella,Mitsuokella,Fusicatenibacter,Kluyvera,NSJ-63
rep698_seed2723	Mailhella,UMGS124,Lachnoclostridium_B,UMGS1537,UMGS75,Leuconostoc,HGM11575,CAG-274,Lachnoclostridium_A,UMGS403,MGYG000004660,Eubacterium_J,Gordonibacter,MGYG000003945,Blautia,Murimonas,CAG-177,UBA7057,Clostridium_J,Barnesiella,UBA737,UMGS1491,NSJ-50,CAG-245,Zag111,UMGS1933,Pygmaiobacter,Dorea_A,UBA9414,Peptococcus,MGYG000002683,Lagierella,UMGS263,HGM14224,UBA1394,UBA5809,UMGS1375,MGYG000002758,An181,UMGS1326,Fusobacterium_C,GCA-900066905,Sneathia,Selenomonas_C,UBA7160,MGYG000003297,Enterobacter,UBA1711,CAG-617,Latilactobacillus,Cetobacterium_A,SFFS01,UBA1409,CABIZH01,UMGS599,UBA9475,CAG-1427,Eubacterium_T,Phascolarctobacterium_A,Lawsonibacter,TM7x,Faecalibacillus,Pseudoruminococcus,MGYG000004380,Citrobacter,Parolsenella,MGYG000003855,CAG-1024,Mesosutterella,UMGS1601,SFFH01,Zag1,HGM12713,Paenibacillus,UMGS905,Succiniclasticum,CAG-791,UBA5920,QANA01
rep699_seed2724	Clostridium_E,UMGS1872,QAKS01,NSJ-61,Agathobaculum,CAG-632,Nitratidesulfovibrio,Stoquefichus,HGM12713,CAG-791,NSJ-38,Klebsiella,Finegoldia,UMGS1880,Anaeroplasma,Mesosutterella,COE1,UBA4855,Eikenella,Faecalitalea,Acetivibrio_A,UBA3818,Catenibacillus,S5-A14a,Lysinibacillus,Ruminococcus_G,Clostridium_B,NSJ-63,CAG-822,Ralstonia,GCA-900066495,Cellulosilyticum,UMGS2016,UBA1711,RUG131,MGYG000000745,CAG-269,Amedibacterium,Sporanaerobacter,CAG-590,Haemophilus_D,UBA2883,UMGS1251,Turicimonas,UBA1822,Oxalobacter,CAG-628,UBA5809,UBA4644,HGM13233,MGYG000004229,Citrobacter_A,Eubacterium,UMGS1202,UBA11524,Proteus,CAG-448,Enterobacter_D,HGM14224,Duncaniella,Pseudomonas_E,RUG11200,UMGS1071,Weimerbacter,Aeromonas,VSOB01,CAG-557,UMGS1976,Pseudobutyrivibrio,Paraprevotella,CAG-127,UBA940,UBA1685,Oscillibacter,Alistipes,UMGS1781,Massiliomicrobiota,Peptacetobacter,UMGS1810
rep700_seed2725	Marvinbryantia,UBA5026,Sneathia,Faecalicoccus,UMGS680,Ligilactobacillus,Peptoniphilus_B,Parasutterella,NSJ-61,CAG-533,Neobittarella,CAG-882,UBA5416,CAG-170,UMGS2016,CAG-617,UMGS1781,RUG572,RUG023,Parabacteroides,UMGS1613,UMGS2037,UBA11471,UMGS1611,Enterococcus_B,Paramuribaculum,UBA7102,UBA737,UBA1191,MGYG000004443,Murimonas,GCA-900066495,UMGS1933,Garciella,Senegalimassilia,Stoquefichus,Limosilactobacillus,Lagierella,MGYG000004127,Eubacterium_I,Faecalibacillus,RUG14107,Catenibacterium,MGYG000000387,Selenomonas_C,HGM11788,Firm-10,Marseille-P3106,CHH4-2,Anaerosacchariphilus,NSJ-50,Neobacillus,Romboutsia,MGYG000002010,SCN-57-10,Clostridium_J,UBA11774,Butyricicoccus,HGM05232,Robinsoniella,Anaeromassilibacillus,An172,CAG-631,GCA-900066905,HGM12650,UMGS1688,Veillonella_A,Merdimonas,Criibacterium,Aneurinibacillus,Dorea,KLE1615,MGYG000004112,CAG-590,UBA5446,Pauljensenia,UBA6984,Adlercreutzia,UBA1786
rep701_seed2726	NC2004,MGYG000002216,UMGS680,Peptostreptococcus,UBA3818,Actinomyces,UBA2883,F0422,UMGS882,CAG-776,Stomatobaculum,Peptoniphilus_A,MGYG000000387,Varibaculum,Amulumruptor,CAG-510,Mailhella,Eubacterium_I,CAG-710,GCA-900066495,RUG115,UBA644,UMGS577,Cloacibacillus,Franconibacter,Sodaliphilus,Senegalimassilia,Faecalibacterium,OM05-12,CAG-56,Clostridium_B,Peptoniphilus_C,UBA11512,Angelakisella,UMGS1418,Parabacteroides,Anaerosalibacter,Leclercia,UMGS911,HGM04593,Parvimonas,Succinatimonas,1XD42-69,CAG-313,Lactiplantibacillus,HGM11327,UMGS75,UBA7173,Olsenella_B,UMGS363,UBA4372,UBA3282,KLE1615,Clostridium_A,Intestinibacter,RUG12045,UMGS1613,Azonexus,Ruminococcus,Atlantibacter,UMGS1279,Zag1,MGYG000004874,UBA737,Enterococcus_C,HGM13618,SFVR01,Hafnia,HGM12789,CAG-288,UMGS1889,UBA636,UBA7160,UMGS929,MGYG000000505,Veillonella_A,Enterobacter,UMGS1572,NSJ-38
rep702_seed2727	Raoultibacter,Weizmannia,Duncaniella,CAG-582,Granulicatella,AM51-8,UBA5446,Extibacter,Firm-10,RUG472,MGYG000004112,CAG-1427,HGM11575,Intestinimonas,Caecibacter,UBA7748,Neisseria,UBA11940,RUG14107,Bariatricus,Lentilactobacillus,CAG-917,RUG131,UMGS268,CAG-288,UMGS1532,Leuconostoc,Paramuribaculum,CAG-1024,Cedecea,NSJ-63,RUG023,MGYG000004127,UMGS929,CAG-127,Prevotella,HGM11521,Eubacterium_T,UBA1417,QALW01,RUG13868,UMGS973,UBA1820,RUG806,Pseudoflavonifractor,MGYG000002216,CAG-273,UMGS2055,Bacteroides,CAG-317,Sellimonas,43-108,Haemophilus_A,Criibacterium,Agathobaculum,Eubacterium_M,MGYG000000378,MGYG000004811,UMGS1418,Blautia_A,Pseudomonas_R,CAG-822,UBA11774,Cetobacterium_A,RUG410,Bacilliculturomica,Marvinbryantia,Clostridium_P,Gemella,HGM11514,Gabonibacter,Bruticola,Intestinibacter,Garciella,Turicimonas,UBA4871,Azonexus,Prevotellamassilia,UMGS1976
rep703_seed2728	Dielma,Salinicola,Haemophilus_D,Paenibacillus,MGYG000002702,MGYG000003490,Cronobacter,CAG-177,Stomatobaculum,CAG-710,UMGS1872,Ligilactobacillus,UMGS929,UBA3402,CAG-314,CAG-873,Serratia,Eubacterium_J,UBA5394,CAG-349,Intestinimonas,UMGS1810,MGYG000000745,Mobiluncus,Alloscardovia,UBA6345,HGM11372,Acutalibacter,QAKD01,Kosakonia,UBA7173,MGYG000000728,MGYG000003297,Varibaculum,Alistipes,Klebsiella_A,TM7x,CAG-41,Catenibacillus,1XD42-69,Longicatena,HGM11507,Pseudomonas_E,SFMI01,MGYG000002575,MGYG000002758,Klebsiella,Bariatricus,RUG420,Porphyromonas_A,UMGS1109,Alloprevotella,MGYG000000286,Acidaminococcus,Aeromonas,Neobacillus,Lagierella,UBA737,CAG-273,UMGS946,Lawsonibacter,F0040,SFTJ01,UBA5920,MGYG000004061,MGYG000004380,CAG-510,Enterobacter_A,VSOB01,UBA1206,UMGS1840,GCA-900066755,Hungatella_A,HGM13233,QALW01,CAG-495,QAKS01,CAG-628,Dorea_A
rep704_seed2729	Bacillus_J,Peptoniphilus_B,MGYG000002797,SFJ001,CAG-451,Massilioclostridium,Haemophilus,Lachnoclostridium_A,MGYG000004660,UBA7173,CAG-269,NSJ-63,1XD42-69,Raoultibacter,UBA1786,Alterileibacterium,UMGS1865,CAG-411,UMGS1477,Firm-11,SFHK01,CAG-448,Alloscardovia,CAG-841,Pediococcus,UMGS1491,UBA1259,CAG-793,UBA4716,CAG-594,Anaeroglobus,Eubacterium_R,Clostridium_F,UMGS1375,Mitsuokella,Criibacterium,UBA6857,NSJ-50,Kallipyga,Treponema_D,Finegoldia,RUG472,F082,DTU089,Arcanobacterium_A,HGM12669,UMGS1307,Turicimonas,RQCD01,Weissella,Longicatena,CAG-170,CAG-831,UMGS856,UMGS902,Angelakisella,Eisenbergiella,Sellimonas,Anaeroplasma,Anaerosporobacter,HGM11808,Pauljensenia,CAG-617,UBA7057,HGM13222,MGYG000000387,Enterobacter_A,UBA636,Cutibacterium,Bulleidia,RUG420,UMGS1387,GCA-900066495,Intestinibacter,CAG-81,Faecalitalea,UMGS124,Porphyromonas_A,SFDP01
rep705_seed2730	UBA6857,SFTJ01,Sutterella,HGM13618,Clostridium_P,UBA6345,UMGS2037,HGM13634,MGYG000004727,UBA5394,SFDB01,MGYG000002696,UMGS263,Latilactobacillus,UBA4372,UMGS1477,Rothia,RUG12045,CAAHEQ01,Tidjanibacter,Enteroscipio,CAG-81,Criibacterium,Haemophilus,HGM12957,MGYG000000390,Stomatobaculum,Sellimonas,Lactonifactor,UBA1777,Enterococcus,Atlantibacter,Marseille-P3106,VSOB01,Clostridium_N,Haemophilus_D,UMGS946,Salmonella,Intestinibacter,Bacteroides,Massilimaliae,HGM11386,Staphylococcus,Fusicatenibacter,Lagierella,MGYG000003297,RUG14107,UMGS1815,Bacteroides_F,UMGS1388,MGYG000004556,QAMX01,Aneurinibacillus,NSJ-62,Eubacterium_T,Kosakonia,Victivallis,UMGS731,CAG-238,CAG-628,Massilicoli,Amulumruptor,TWA4,UMGS692,An172,UBA6382,UMGS363,Olsenella_E,Bittarella,CAG-196,MGYG000003855,ER4,OF09-33XD,HGM11788,Veillonella,MGYG000000587,PeH17,COE1,UMGS172
rep706_seed2731	MGYG000004660,UBA3631,Kluyvera,Pseudescherichia,UMGS1975,Allisonella,Oscillibacter,Victivallis,HGM05232,Mobiluncus,RUG13868,Senegalimassilia,Bacteroides,Hungatella,Angelakisella,Enterococcus_B,VUNA01,Stomatobaculum,Emergencia,UMGS1387,UMGS1241,MGYG000000378,UMGS2055,UMGS1590,Plesiomonas,Sodaliphilus,CAG-349,Olsenella_B,UBA5026,HGM11788,Bittarella,Clostridium_A,Enterocloster,Pseudoflavonifractor,UMGS1783,HGM12789,Gordonibacter,HGM11327,GCA-900066495,43-108,UBA5809,UBA866,UMGS1251,UBA1737,Arabia,Lactonifactor,Blautia_A,MGYG000000350,SFFH01,CAG-791,Lactococcus,CAG-196,CAG-170,Cellulosilyticum,Lactobacillus,HGM11616,UMGS1397,UBA11512,UBA3282,Acutalibacter,UBA2883,Pauljensenia,UMGS1441,Faecalicoccus,UMGS2016,MGYG000004811,Ruminococcus_G,Clostridium_B,Pediococcus,CAG-632,Schaedlerella,HGM13862,Superficieibacter,MGYG000000387,HGM11417,V9D3004,CAG-272,UMGS172,Sneathia
rep707_seed2732	Dorea_B,Nitratidesulfovibrio,Peptoniphilus_C,Enterococcus_A,RUG023,HGM05232,Leptotrichia,UBA1740,CAG-632,Butyricimonas,UMGS1590,UMGS1307,UBA3282,UBA5416,Amulumruptor,Phascolarctobacterium,CAG-628,Aggregatibacter,Evtepia,HGM13222,Veillonella,Negativibacillus,Weissella,HGM12587,NK4A136,Amedibacillus,CAG-41,MGYG000004177,CAG-485,UBA11517,UBA5884,MGYG000000425,Pauljensenia,Adlercreutzia,Pseudomonas,UMGS1839,MGYG000000286,GCA-900066755,UMGS403,NSJ-50,UBA945,UMGS1253,Enterobacter,Campylobacter_B,Intestinimonas,Paramuribaculum,Extibacter,UMGS1338,Mesosutterella,CAG-882,MGYG000004029,Olsenella,Desulfovibrio,UBA5446,Duodenibacillus,CAG-462,MGYG000000574,Succinatimonas,Parolsenella,Phoenicibacter,HGM13010,Lawsonella,Klebsiella_A,Pseudobutyrivibrio,Megasphaera,UBA4871,Eubacterium,RUG11247,UBA5809,RUG115,Merdibacter,Pyramidobacter,UMGS1690,Epilithonimonas,Dysgonomonas,CAG-1024,MGYG000004061,UBA1820,UBA1685
rep708_seed2733	TM7x,Phocea,MGYG000004094,Lactococcus_A,UMGS1851,CAG-590,UBA1731,Eubacterium_F,Muribaculum,CAG-710,UMGS1781,UMGS2055,Sporanaerobacter,Butyricimonas,CAG-170,VUNI01,CAG-492,Methanosphaera,CAG-841,CAG-762,Hungatella_A,Butyricicoccus_A,Roseburia,HGM11525,Clostridium_F,Dysgonomonas,Citrobacter_A,Peptoniphilus_A,Paraprevotella,UMGS1766,Dialister,MGYG000001903,UBA1390,Clostridium_E,CAAHEQ01,Lawsonibacter,Borkfalkia,UMGS1224,Firm-10,UBA7488,MGYG000004177,HGM05232,NK4A136,Garciella,Niameybacter,HGM13222,CAG-1427,Finegoldia,SFDB01,An172,MGYG000004556,CAG-594,MGYG000000350,Christensenella,Rothia,Corynebacterium,UMGS1795,UMGS1375,UMGS1002,CAG-349,UMGS966,Amedibacillus,HGM13010,AM51-8,UBA11471,CAG-460,COE1,HGM10836,Anaerosalibacter,Mailhella,Allisonella,UBA1394,Fusicatenibacter,MGYG000004112,QALR01,UBA6857,UBA1752,Hydrogeniiclostridium,Oscillibacter
rep709_seed2734	Pediococcus,Bulleidia,Lagierella,Cronobacter,Absicoccus,Dorea_A,HGM14224,HGM11417,Massilimaliae,UMGS1326,MGYG000000456,UMGS1781,Mediterraneibacter,Massilicoli,MGYG000002575,Lachnoclostridium_B,UBA9414,MGYG000002758,CAG-710,Parvimonas,MGYG000003490,UBA5809,PeH17,Roseburia,HGM12650,Ruminococcus_F,Duncaniella,Akkermansia,Desulfovibrio,43-108,MGYG000003270,Treponema_D,Muribaculum,CAG-238,Alloscardovia,UMGS577,MGYG000004380,CAG-177,Porphyromonas_A,Prevotellamassilia,Anaerotruncus,UBA1752,Amedibacterium,Paraprevotella,Dysgonomonas,HGM11588,Sodaliphilus,HGM12669,Acidovorax,Azonexus,UBA5920,QAMX01,UBA11452,Cellulosilyticum,UBA4855,MGYG000002797,MGYG000002053,UBA7748,UBA7597,Acinetobacter,UMGS1696,UMGS1601,Coprococcus_A,MGYG000004061,UMGS1611,HGM10836,CAG-1193,Acetivibrio_A,Lentilactobacillus,QANG01,Leclercia,CAG-492,Acutalibacter,CAG-484,Firm-07,NSJ-50,Olsenella_B,Pseudomonas_E,UBA1191
rep710_seed2735	Agathobaculum,Kluyvera,UBA3631,UMGS973,Parasutterella,UBA3402,Cellulosilyticum,UMGS1600,SFHK01,Catenibacterium,TM7x,UMGS577,UBA1206,Alistipes,MGYG000002216,UBA738,UMGS946,HGM11514,UMGS1623,MGYG000004177,UMGS1253,Firm-10,Anaerosacchariphilus,Eubacterium_G,Phoenicibacter,UBA4871,MGYG000004171,MGYG000000505,UMGS1783,Mailhella,Negativicoccus,HGM11368,UBA7057,RUG023,UMGS1858,Catenibacillus,UBA1752,UMGS1611,Lactonifactor,UMGS124,CAG-460,UMGS1418,Enteroscipio,Clostridioides,JAAYBB01,RUG131,CAAEEV01,HGM12587,MGYG000002719,CAG-710,Acidaminococcus,Weissella,Enterocloster,CAG-557,Azonexus,MGYG000002797,43-108,NSJ-50,UMGS172,UBA4716,UBA2882,Massilioclostridium,MGYG000002685,HGM10836,Peptoniphilus_C,MGYG000004547,HGM12650,QANA01,Actinobaculum,Paenibacillus_A,MGYG000000456,UMGS1540,Neobacillus,UMGS1766,Hungatella,Eubacterium_T,RUG115,UBA1259,Raoultibacter
rep711_seed2736	UBA11512,Hydrogeniiclostridium,UMGS2037,Butyricimonas,Enteroscipio,UMGS882,RUG410,CAG-582,HGM13010,Faecalitalea,UBA945,Amedibacterium,HGM11507,Paenibacillus_A,UMGS1590,MGYG000004380,UMGS1202,MGYG000002075,UBA1685,Faecalibacillus,Hungatella_A,Neobacillus,UBA11774,Enterobacter_D,Fenollaria,CAG-475,UMGS856,Selenomonas_A,Lacticaseibacillus,MGYG000002702,UMGS1491,Raoultibacter,UBA1822,Dorea,SFMI01,MGYG000001903,Clostridium_P,UMGS1840,Clostridium_Q,Pseudomonas_R,Amedibacillus,Parvimonas,CAG-793,UMGS268,UMGS1858,SFTJ01,UMGS1322,HGM13634,HGM13618,RUG023,UMGS1487,Weissella,Eggerthella,MGYG000003297,Gemella,Leclercia,Phytobacter,HGM04593,Bilophila,Eubacterium_I,Rubneribacter,Slackia,Negativibacillus,RF16,MGYG000001953,Peptococcus,CAG-1024,UBA3818,Borkfalkia,Massilistercora,RUG12045,Terrisporobacter,MGYG000000674,CAG-710,CAG-724,Victivallis,Johnsonella,Christensenella,MGYG000004172
rep712_seed2737	Oribacterium,UMGS1826,QANG01,Extibacter,HGM04593,HGM11788,UMGS124,UMGS1532,Clostridium_A,Olsenella,UBA5026,MGYG000003970,Holdemania,Sodaliphilus,RF16,MGYG000002053,CAG-127,UBA1731,MGYG000004850,HGM11616,CAG-349,CAG-510,Megasphaera,Eisenbergiella,UBA4285,RUG11200,NSJ-61,Garciella,UMGS1293,HGM11501,Pseudoruminococcus,Paramuribaculum,MGYG000002719,UMGS1418,RUG100,Barnesiella,Muricomes,NSJ-38,WG-1,Superficieibacter,Phocaeicola,UMGS1375,HGM13618,Ellagibacter,UBA1822,Fusobacterium_C,Acetatifactor,CABIZH01,MGYG000003945,V9D3004,Absicoccus,Tidjanibacter,Hafnia,HGM11372,UBA1375,Fusobacterium_B,Neobacillus,UBA11512,Adlercreutzia,CAG-180,Faecalitalea,CAG-110,Fournierella,Ruminococcus_E,UMGS1474,Mobiluncus,OM05-12,Anaeroglobus,UBA9502,Ruminococcus_D,CAG-41,UMGS416,Ezakiella,UBA945,Paraeggerthella,MGYG000004061,Beduini,Caecibacter,Dorea_A
rep713_seed2738	CAG-603,Pseudobutyrivibrio,Campylobacter_B,RUG100,CAG-56,Varibaculum,RUG12045,UBA1822,OF09-33XD,CAG-81,Salinicola,CAG-302,Azonexus,Weimerbacter,UMGS1540,UBA3402,SFHK01,RUG11247,Murimonas,UBA7173,UBA1752,NSJ-61,MGYG000004445,CABIZH01,SFFH01,CAG-917,Marseille-P4683,QANA01,MGYG000004061,Ruminococcus_G,Paraeggerthella,UBA1191,UMGS680,Aneurinibacillus,UMGS1472,SCN-57-10,UBA6345,MGYG000002702,CAG-274,AM07-15,Bruticola,Selenomonas_A,Raoultibacter,UMGS1370,Dorea_B,Fenollaria,Eubacterium_T,Angelakisella,1XD42-69,UBA2882,UMGS882,MGYG000004094,Massiliomicrobiota,Anaerofustis,UBA9414,MGYG000000574,Stenotrophomonas,Gordonibacter,SFEL01,Clostridium_AQ,RUG11198,Adlercreutzia,UBA1685,Ruminococcus_C,HGM12789,Paenibacillus_A,UMGS1696,MGYG000004229,CAG-115,Tidjanibacter,Enteroscipio,CAG-557,Anaerosalibacter,Faecalibacillus,UMGS1851,Enterobacter_A,UMGS973,HGM13233,CHH4-2
rep714_seed2739	UMGS1839,MGYG000000574,Parabacteroides,SFFH01,MGYG000004547,Phoenicibacter,CACZQA01,Phil1,Companilactobacillus,MGYG000002575,Lactobacillus,MGYG000000587,MGYG000003297,An172,Faecalimonas,SFJ001,UMGS911,MGYG000000390,Anaerosacchariphilus,Monoglobus,F082,UBA11471,UMGS1484,UBA5884,UBA5446,CAG-521,UBA644,Franconibacter,UMGS1293,Actinomyces,Bacilliculturomica,Porphyromonas,UMGS1623,Selenomonas_C,Ruminococcus,UBA3818,Campylobacter,RUG100,F23-B02,UMGS1397,UMGS1600,HGM13233,MGYG000002758,Haemophilus,Clostridium_AQ,Olsenella_E,HGM12587,MGYG000000286,SFDP01,MGYG000002053,Fusobacterium_B,UBA7173,Yokenella,UBA940,HGM12669,QAMM01,Caproiciproducens,RUG472,Lactiplantibacillus,Borkfalkia,UBA5920,Enterobacter_A,UMGS1820,Citrobacter,Rubneribacter,UBA4285,Negativibacillus,UMGS1474,Clostridium_F,CAG-873,RUG11198,HGM11588,UMGS1633,Olsenella_B,UMGS1326,MGYG000004604,Anaerotruncus,Flavonifractor,Firm-11
rep715_seed2740	UMGS911,UBA1737,UMGS1418,Victivallis,UBA5394,CAG-485,Barnesiella,Muribaculum,JAAYBB01,Lachnoclostridium,Ruminococcus_A,Bifidobacterium,Campylobacter,Clostridium,UBA1390,43-108,MGYG000001953,RF16,Dielma,Lawsonella,UBA1232,Limosilactobacillus,Clostridium_A,CAG-177,Eikenella,Longicatena,MGYG000002053,UBA5446,CAG-1193,RUG11198,CAG-495,Fournierella,MGYG000004874,Holdemanella,MGYG000002216,Schaedlerella,UBA2856,Phascolarctobacterium,UBA9502,RQCD01,Blautia_A,Rahnella,UBA1786,Clostridium_X,UBA1822,CAG-631,Faecalitalea,UMGS124,Eubacterium_T,UMGS1109,Cetobacterium_A,CAG-180,Lactococcus_A,Phascolarctobacterium_A,Massilicoli,UBA9414,UBA1685,UBA2821,Veillonella,SFDB01,SFMI01,UMGS1472,UMGS1487,CAG-1000,UBA1375,Eubacterium_J,UMGS1253,Parabacteroides,Scardovia,Serratia,Enterococcus_D,UMGS1880,Mediterraneibacter_A,Mailhella,UMGS1795,UMGS577,Aeromonas,Borkfalkia,SFGY01
rep716_seed2741	RUG023,CAG-521,HGM11575,UBA5394,Catenibacillus,Lacrimispora,HGM11588,Duodenibacillus,CAG-170,UBA2883,UMGS1994,NC2004,Acidovorax,UMGS1688,UBA1822,MGYG000000574,RUG572,UBA10677,MGYG000002696,Collinsella,UMGS1815,MGYG000004380,Aggregatibacter,CAG-314,Edwardsiella,MGYG000003289,CAG-617,Clostridium_A,Stenotrophomonas,Faecalimonas,CAG-303,RUG11247,CAG-603,UBA4644,Ruminococcus_D,CAG-793,Mediterraneibacter,Campylobacter,UBA1737,MGYG000002216,Rikenella,CAG-452,UBA6398,Eubacterium_J,SFLA01,Clostridium_P,Akkermansia,Franconibacter,MGYG000001953,Murimonas,Fusobacterium_C,UBA7748,UMGS1279,Marvinbryantia,CAG-1193,HGM13010,UMGS929,UBA4855,CAG-451,CAG-1031,UMGS1883,Anaerobutyricum,CAG-841,Citrobacter,Nitratidesulfovibrio,Enterococcus_G,Butyricicoccus_A,RUG13868,Lactiplantibacillus,UMGS75,CAG-269,Gordonibacter,MGYG000003297,Odoribacter,RUG11198,Peptoniphilus_B,MGYG000002726,Ruminococcus_A,UBA5416
rep717_seed2742	Campylobacter_B,Odoribacter,Aneurinibacillus,Methanobrevibacter_A,MGYG000004094,Actinomyces,Paenibacillus_A,CAG-465,Gemmiger,CAG-557,CAG-495,UMGS1810,Cetobacterium_A,Raoultella,UMGS1975,CAG-1193,Ligilactobacillus,UBA6984,MGYG000000346,Dorea_A,Bariatricus,Muribaculum,Merdibacter,Terrisporobacter,Clostridium_E,GCA-900066905,Lactonifactor,CAG-793,Enterococcus_D,UBA945,UMGS1633,Coprococcus_A,Clostridium_AP,CAG-603,NSJ-38,QAMX01,CAG-1031,UMGS1820,HGM11514,Harryflintia,MGYG000004177,DUOT01,AF33-28,Haemophilus_A,UBA7057,Actinobaculum,HGM14224,Anaerobutyricum,Barnesiella,Phascolarctobacterium,Ruminococcus_A,Catenibacterium,UBA11517,MGYG000003305,CAG-492,UMGS1375,RUG572,An181,Citrobacter,Pygmaiobacter,MGYG000003490,UMGS1976,Beduini,Peptacetobacter,HGM11501,HGM11417,HGM12814,UBA7160,Erysipelatoclostridium,CAG-245,CAG-521,MGYG000004547,HGM11588,Peptococcus,CAG-349,Ezakiella,MGYG000003970,Ruthenibacterium,MGYG000001903
rep718_seed2743	Pygmaiobacter,VUNI01,Anaerotignum,Ligilactobacillus,Mailhella,MGYG000004029,Citrobacter,CACZQA01,UMGS2055,UMGS124,Clostridium_AQ,Butyricicoccus,Bariatricus,CAG-632,CAG-238,HGM12713,Anaerosacchariphilus,CAG-451,NSJ-38,Clostridioides,Salinicola,Blautia,UMGS1307,F23-B02,CAG-462,HGM11386,RUG100,1XD42-69,Angelakisella,UBA737,Sporanaerobacter,Serratia,Eubacterium,WG-1,Pantoea,MGYG000004660,Agathobaculum,RUG131,Bilophila,HGM11588,Clostridium_E,Mediterraneibacter,Duncaniella,CAG-882,NSJ-50,S5-A14a,Sneathia,Holdemanella,Enorma,RUG472,CAG-841,NC2004,Megamonas,HGM11416,UMGS1880,UMGS1002,Methanobrevibacter_A,Anaerosporobacter,Phytobacter,MGYG000002683,MGYG000002010,UMGS692,Phocaeicola,Corynebacterium,Enterobacter_A,HGM10836,Enterococcus_A,Rikenella,Niameybacter,UBA7182,Aeromonas,Enterococcus_D,Robertmurraya,Caecibacter,RUG11198,CAG-762,Criibacterium,Merdibacter,Lachnoclostridium_B
rep719_seed2744	Oribacterium,MGYG000004172,CAG-710,Dorea_B,Salinicola,Porphyromonas_A,Pluralibacter,CAG-628,UBA1786,Eubacterium_I,CAG-417,Weissella,UMGS577,Butyricicoccus_A,QANG01,Frisingicoccus,CAG-917,UMGS874,Methanosphaera,Mobilibacterium,UBA5905,Anaerococcus,MGYG000004547,Angelakisella,Enorma,UMGS1224,UBA1691,Dialister,Treponema_D,MGYG000000574,UBA2883,SFLA01,Anaeromassilibacillus,UBA737,Pseudescherichia,MGYG000001953,CAG-451,UBA11517,MGYG000001871,Zag1,CAG-177,UBA738,Dysosmobacter,MGYG000002010,Borkfalkia,ER4,CAG-449,Campylobacter_A,Mailhella,UMGS1872,QAKW01,CAG-272,SFEL01,Exiguobacterium,Anaerotignum,Eggerthella,Absicoccus,MGYG000004029,UMGS1572,QAMX01,Lactococcus_A,Negativibacillus,Citrobacter,Pantoea,Yokenella,Murimonas,UMGS1663,UMGS1633,DUOT01,UBA4716,MGYG000002216,RUG131,RC9,Ruminococcus,Ralstonia,QALW01,Agathobaculum,CAG-465,SCN-57-10
rep720_seed2745	Azonexus,VUNA01,HGM10836,D5,CAG-582,Paraeggerthella,Dorea_B,Aggregatibacter,MGYG000000425,Bilophila,CAG-917,Gemmiger,MGYG000004660,Pediococcus,UMGS1518,Turicimonas,CAG-1193,CAG-831,MGYG000004172,Arabia,UMGS1883,MGYG000004556,Eubacterium,Enterococcus_G,MGYG000000286,Marvinbryantia,Superficieibacter,UMGS1572,QAKW01,UBA9414,Gastranaerophilus,QAKS01,Massilistercora,HGM11514,Succinatimonas,Veillonella_A,Veillonella,Parvimonas,Cedecea,Cetobacterium_A,UMGS1889,MGYG000001953,UMGS1202,Zag111,AF33-28,UBA3388,UMGS1663,Faecalibacillus,RUG100,CAG-238,Olsenella_B,Enterococcus_D,Johnsonella,Limosilactobacillus,UMGS1880,Fenollaria,Porphyromonas_A,Acetatifactor,HGM11530,UMGS1002,Ruminococcus_A,MGYG000004061,CAG-510,UMGS1472,UMGS1491,Monoglobus,Amulumruptor,CAG-873,UMGS2016,UMGS1307,Peptacetobacter,UBA6398,Eubacterium_F,Ezakiella,Haemophilus_A,MGYG000002696,Lachnospira,Gemella,Clostridium_Q
rep721_seed2746	Eubacterium_G,UMGS1851,MGYG000001871,Lancefieldella,CAG-110,UMGS1326,HGM13010,RQCD01,Turicibacter,UMGS929,UBA4372,Firm-10,HGM11525,Paraprevotella,Eisenbergiella,Anaerofustis,Catenibacillus,UMGS1052,UBA7102,QAKW01,Hungatella_A,UMGS1202,CAG-488,MGYG000002575,UBA3282,UMGS1901,Amulumruptor,Anaerostipes,UBA4334,UBA1375,Cloacibacillus,MGYG000004811,Paenibacillus_A,HGM12669,HGM11514,Firm-07,Clostridium_N,Selenomonas_C,Catenibacterium,MGYG000002010,Absicoccus,Coprobacillus,HGM11575,MGYG000004061,Cetobacterium_A,Monoglobus,UMGS1883,Atlantibacter,CAG-877,UBA1820,CAG-145,UMGS1696,Neobittarella,Massilicoli,HGM12713,WG-1,Chimaeribacter,UBA2856,NSJ-61,Pseudomonas_E,HGM13862,VUNA01,MGYG000002075,Azonexus,MGYG000003297,Agathobacter,UMGS911,Salmonella,An92,UBA7597,Butyricimonas,MGYG000000587,UMGS1490,Citrobacter_A,NK3B98,Marseille-P4683,Paraclostridium,Succinatimonas,Limosilactobacillus
rep722_seed2747	UBA1777,HGM11417,Firm-10,Kosakonia,Hungatella_A,Raoultibacter,HGM11808,UBA1417,Enteroscipio,Providencia,Harryflintia,Muricomes,UBA7748,UMGS1572,Selenomonas_C,MGYG000000745,UMGS1820,Peptococcus,UMGS1071,Zag111,Butyricicoccus,Evtepia,UMGS1484,CAG-314,MGYG000003490,MGYG000001871,UBA1191,UBA5920,Ellagibacter,UMGS1591,MGYG000000286,UMGS680,RUG572,CAG-631,Mobiluncus,CAG-274,Roseburia,Enterococcus_A,UBA866,UBA2856,Phocaeicola,Duncaniella,KLE1615,BX12,UMGS1590,Johnsonella,Absicoccus,Olsenella_E,CAG-411,MGYG000004874,Lawsonibacter,Holdemania,HGM11416,UBA1409,UBA5884,Stenotrophomonas,Megasphaera,Aneurinibacillus,RUG12045,CAG-312,Anaerococcus,HGM10836,Citrobacter_A,QAMX01,Emergencia,UBA1737,Enterobacter_A,UMGS1279,Serratia,Weimerbacter,Adlercreutzia,UBA1390,MGYG000003305,MGYG000000456,Scardovia,UBA3766,UBA7102,Slackia,Enterobacter_D
rep723_seed2748	Schaedlerella,Mesosutterella,Hafnia,Alterileibacterium,UBA1740,Faecalitalea,UMGS995,Pauljensenia,UMGS902,UMGS1532,MGYG000000674,Muribaculum,Selenomonas_C,Prevotella,SFVR01,Enorma,Methanosphaera,UMGS1490,Fenollaria,MGYG000004660,Ruminococcus_A,MGYG000002053,UMGS1663,UBA4285,UMGS2037,UMGS1975,UBA3388,MGYG000000378,RUG572,Mailhella,Agathobacter,Fusobacterium_A,Marseille-P3106,UMGS403,UMGS1781,Kallipyga,UMGS1251,Methanomassiliicoccus_A,UBA4871,Enterococcus_B,OF09-33XD,MGYG000004172,CAG-1193,CACZQA01,UMGS1224,Olsenella,Porphyromonas_A,Amulumruptor,UMGS1889,CAG-521,RUG12045,Anaerosacchariphilus,UBA6984,RUG13868,Neobacillus,CAG-56,Mobiluncus,MGYG000003297,QAMH01,Parasutterella,UMGS1880,HGM11372,Clostridium_X,MGYG000004443,HGM11386,Weizmannia,Paraeggerthella,Vibrio,MGYG000004112,Garciella,Oribacterium,CAG-127,Clostridium_AQ,Dysosmobacter,Mediterraneibacter_A,Methanobrevibacter_A,UBA1711,Hungatella_A,UMGS1783
rep724_seed2749	Mobilibacterium,Lactiplantibacillus,Gabonibacter,UMGS1633,Duodenibacillus,Paenibacillus_A,Phascolarctobacterium,Butyricicoccus,CAG-312,UMGS1326,UBA4855,UBA2821,UBA3766,UMGS1279,OM05-12,Desulfovibrio,Haemophilus_D,UMGS1312,UMGS124,QAMX01,CAG-462,Robinsoniella,CAG-217,CAG-484,HGM11372,Vibrio,Leuconostoc,UBA5026,HGM12957,Pantoea,UMGS1474,UBA4716,CAG-488,UBA7748,Clostridium,Butyricicoccus_A,Alloprevotella,Coprobacter,CAG-390,UMGS599,Peptococcus,CAG-873,RUG420,UBA5416,S5-A14a,UMGS1591,Paenibacillus,HGM13862,Chimaeribacter,MGYG000002797,UMGS882,Pseudescherichia,MGYG000004127,HGM13634,UBA1820,MGYG000004133,Acidovorax,Methanobrevibacter_A,Lacticaseibacillus,Faecalibacterium,MGYG000000387,Citrobacter_B,Bariatricus,Eubacterium_G,MGYG000004029,Pyramidobacter,UBA11517,Ruminococcus_B,UBA2856,UMGS75,MGYG000001903,Rikenella,Dysgonomonas,Cutibacterium,HGM14224,Raoultella,UBA2883,Mitsuokella,UMGS1611
rep725_seed2750	MGYG000004556,Ruminococcus,UMGS1901,UMGS882,MGYG000004445,HGM13233,CAG-831,KM106-2,MGYG000004171,Campylobacter,CAG-145,HGM11521,Morganella,Prevotella,UMGS1307,Anaerostipes,UMGS1795,Haemophilus_D,SFDP01,Citrobacter_A,UBA7182,Lachnospira,MGYG000002696,Anaerotruncus,UBA636,RUG572,UBA2883,Anaeroglobus,UMGS995,Eikenella,Franconibacter,Caecibacter,Faecalitalea,Longibaculum,Coprobacter,UBA6984,MGYG000000350,UBA7160,MGYG000004029,Latilactobacillus,UMGS2016,Arcanobacterium_A,NSJ-63,Peptoniphilus_E,Leminorella,Klebsiella_A,Bulleidia,UMGS577,Aggregatibacter,UMGS1293,Faecalimonas,UCG-010,Brachyspira,Coprobacillus,Fusobacterium_B,UBA1259,QAKD01,GCA-900066135,Acetatifactor,CAG-617,Superficieibacter,Collinsella,MGYG000004380,Enterococcus,Dielma,CAG-411,UMGS1623,Leclercia,Massilicoli,UBA10677,Clostridium,Finegoldia,MGYG000004811,Paramuribaculum,Massiliomicrobiota,MGYG000002575,Kluyvera,UMGS172,Pseudescherichia
rep726_seed2751	CAG-776,SFFS01,Megamonas,UMGS1384,Longibaculum,UBA11512,UMGS1491,Johnsonella,Clostridium_X,Moellerella,HGM11416,UMGS1322,Lactonifactor,CAG-762,Robertmurraya,Finegoldia,UBA6984,Eikenella,Enterobacter_A,Catenibacillus,VUNA01,Butyricicoccus_A,Mailhella,SFFH01,HGM11588,UMGS1858,MGYG000004177,CAG-56,SCN-57-10,UBA1691,Peptacetobacter,Paenibacillus,Enterococcus_B,Emergencia,UBA4372,Eubacterium_F,ER4,CAG-964,Senegalimassilia,Ruminococcus_D,Methanosphaera,UMGS874,Megasphaera,Kosakonia,Coprococcus,SFMI01,Mobiluncus,Enterocloster,Enterobacter,Tidjanibacter,RUG12045,DTU089,HGM12713,CAG-269,Olsenella_E,Peptostreptococcus,Allisonella,CACZQA01,Lentilactobacillus,UBA5446,Alterileibacterium,WRGP01,Plesiomonas,Eubacterium,HGM11525,MGYG000002797,Bacillus_A,HGM12998,MGYG000003970,Clostridium_N,HGM11616,GCA-900066905,Latilactobacillus,Prevotellamassilia,MGYG000003270,UMGS1781,51-20,Faecalitalea,D5
rep727_seed2752	UBA945,Caproiciproducens,BX12,Epilithonimonas,MGYG000004850,MGYG000001903,UBA866,Faecalicoccus,Bifidobacterium,UMGS577,Anaerosporobacter,Finegoldia,HGM12587,CAG-617,Blautia,Phoenicibacter,Cellulosilyticum,Mesosutterella,Turicibacter,Monoglobus,Anaerotruncus,Anaeromassilibacillus,Veillonella,Marseille-P4683,HGM12957,Faecalibacillus,SFGY01,GCA-900066755,Bariatricus,Amulumruptor,Neobittarella,Mediterraneibacter,Haemophilus_A,CAG-460,Enterococcus_C,UMGS1668,Roseburia,Eggerthella,CAG-1031,Beduini,MGYG000003305,NSJ-63,Niameybacter,Selenomonas_A,Paenibacillus_A,Pantoea,Clostridium_AP,Anaerosacchariphilus,UMGS1696,Phascolarctobacterium,Raoultibacter,Salinicola,Lancefieldella,UMGS1251,Hafnia,UBA11524,UBA1259,UMGS1663,Ruminococcus,RUG11247,HGM11386,MGYG000004029,CAG-776,UMGS1880,Adlercreutzia,Klebsiella,MGYG000002797,UMGS403,QALS01,QAMM01,An181,Lactococcus,Firm-07,Azonexus,UBA2856,Weizmannia,CAG-877,MGYG000002010,UBA1822
rep728_seed2753	Anaeroplasma,CAG-831,UMGS1490,Firm-10,UBA7182,Enterococcus_B,UMGS1880,SFDP01,Paenibacillus_A,Eubacterium_I,Methanosphaera,UMGS929,Alistipes_A,Muricomes,Bacteroides_F,CAG-776,UMGS1004,Olsenella_B,UBA3766,Lawsonella,CAG-302,UMGS1633,Victivallis,F23-B02,Kluyvera,Paenibacillus,UMGS1477,NK3B98,CAG-632,Raoultella,UMGS1688,Firm-11,Clostridium_A,MGYG000002685,AF33-28,MGYG000000390,UMGS1976,MGYG000004850,Prevotella,Enterococcus_G,MGYG000000728,Psychrobacillus,UBA7748,Brachyspira,Azonexus,HGM11372,Faecalibacterium,UMGS946,Peptoniphilus_A,CAG-269,Pseudomonas_E,HGM12814,Mobiluncus,Olsenella,HGM13618,Serratia,Pseudescherichia,S5-A14a,QALS01,UMGS403,UMGS856,CAG-245,CAG-312,UBA10677,UBA644,UBA4855,TF01-11,Olsenella_E,HGM13233,CAG-95,UBA1740,UMGS905,CAG-45,Massilistercora,CAG-217,UMGS1487,Pauljensenia,HGM12669,UBA1829
rep729_seed2754	Selenomonas_A,Peptoniphilus_A,Clostridium_A,HGM12789,Eubacterium_G,AM51-8,MGYG000004177,CAG-594,OM05-12,UMGS1880,HGM11507,Dysgonomonas,CAG-873,UMGS75,UBA1822,Frisingicoccus,HGM11616,UMGS1781,Haemophilus_D,MGYG000004112,Niameybacter,MGYG000004229,Absicoccus,Clostridium_E,JAAYBB01,Clostridium_N,Phocaeicola,Paraclostridium,SFDB01,HGM13010,Amedibacillus,CAG-793,UMGS1518,UMGS1279,UMGS1883,Caproiciproducens,UBA4871,MGYG000003305,Hungatella,UMGS1572,Rubneribacter,Lawsonella,UBA1740,Gordonibacter,Schaedlerella,Proteus,CAG-831,NSJ-62,UMGS1532,UBA1731,UBA1417,Pediococcus,UMGS1670,UMGS911,Clostridium_Q,Mobiluncus,Alloscardovia,Fusobacterium_B,HGM11386,Terrisporobacter,Anaerobutyricum,CAG-245,ER4,DTU089,CAG-822,UMGS124,Phascolarctobacterium_A,CAG-710,UMGS1840,UMGS172,MGYG000002797,UBA1206,UBA6398,UMGS1472,Methanosphaera,UBA1737,Anaerococcus,Lagierella,Prevotellamassilia
rep730_seed2755	Clostridium_B,UMGS1994,Eubacterium,HGM11588,Stoquefichus,Amedibacterium,Massilicoli,CAG-631,Yersinia,Lachnoanaerobaculum,Ruminococcus_C,UBA737,QALR01,CAG-884,Anaerofustis,Porphyromonas,Franconibacter,Butyrivibrio_A,Clostridium_J,Yokenella,CAG-460,HGM11368,MGYG000000505,UBA945,Citrobacter,UMGS1840,CAG-628,UBA10677,Mediterraneibacter,UMGS1688,CAG-448,MGYG000004094,UBA6984,MGYG000002683,AF33-28,MGYG000004556,MGYG000004874,Peptoniphilus_B,MGYG000000587,Leuconostoc,RQCD01,Intestinimonas,Anaerosacchariphilus,UMGS1241,Pediococcus,UMGS1975,UBA11774,Moellerella,Paraprevotella,CAG-762,Cutibacterium,UMGS1397,MGYG000002797,Agathobaculum,NK3B98,Turicimonas,CAG-465,Stenotrophomonas,CAG-475,COE1,Actinobaculum,Edwardsiella,UBA1181,UMGS1484,Dysgonomonas,UMGS902,Megamonas,Fournierella,MGYG000002726,CAG-145,F0040,UMGS1690,CAG-451,UBA11471,Succinivibrio,Paenibacillus_A,MGYG000001953,CAG-41,Methanosphaera
rep731_seed2756	MGYG000001903,Rubneribacter,Anaerosporobacter,Alterileibacterium,Kluyvera,UMGS692,UMGS1820,UMGS1370,UMGS1052,MGYG000003297,Butyricicoccus_A,Staphylococcus,SFDP01,Scardovia,UMGS1109,UMGS1002,Clostridium_AP,CAG-194,CAG-964,CAG-272,UMGS1307,Neobacillus,Mesosutterella,UBA1191,MGYG000004445,Dorea_B,Yersinia,DTU089,HGM11523,Mobilibacterium,Pediococcus,Peptoniphilus_C,KLE1615,SFMI01,Duncaniella,Caecibacter,Eubacterium_J,Monoglobus,UMGS911,Enterococcus_C,Parolsenella,SFGY01,Edwardsiella,CAG-603,Catenibacterium,QALR01,Butyrivibrio_A,MGYG000001871,KM106-2,CAG-83,HGM11808,MGYG000000390,Tidjanibacter,UBA1786,Parasutterella,UMGS1375,Mailhella,CAG-882,CAG-484,UBA3282,UMGS1397,F23-B02,Mitsuokella,RUG12045,Peptoniphilus_E,Neobittarella,AM07-15,UBA5394,CAG-302,UMGS2055,Pseudomonas_R,UMGS1889,CAG-269,UMGS577,UBA10677,Oxalobacter,MGYG000001953,Lactobacillus,Parvimonas
rep732_seed2757	Phocea,An172,UMGS1872,Butyrivibrio_A,UMGS1441,Cedecea,MGYG000004177,CAG-353,UMGS1532,Corynebacterium,Clostridium_AQ,Faecalibacterium,Flavonifractor,GCA-900066135,CAG-170,Faecalimonas,Acetivibrio_A,Ruminococcus_E,Citrobacter_B,Anaerotignum,Pseudobutyrivibrio,CAG-631,MGYG000004604,TWA4,Pseudomonas_R,HGM11588,Clostridium_AP,MGYG000004112,MGYG000004094,UMGS692,CABIZH01,Enterococcus_B,MGYG000003945,Pyramidobacter,UMGS1477,Megamonas,MGYG000000286,CAG-273,CAG-269,UBA3631,Agathobaculum,Enterococcus,Coprococcus,UBA5809,MGYG000001903,Caecibacter,UMGS1002,CAG-724,UMGS1611,OF09-33XD,Enterococcus_D,UMGS1487,Paenibacillus,Bifidobacterium,MGYG000000346,Paraprevotella,JAAYBB01,UBA2821,Clostridium_X,Muribaculum,HGM10836,Methanomassiliicoccus_A,Weizmannia,Faecalibacillus,UBA11471,HGM11616,CAG-452,CAG-45,Superficieibacter,HGM13233,UMGS2055,CAG-417,Firm-10,Extibacter,GCA-900066495,Coprobacter,Acutalibacter,Varibaculum,CACZQA01
rep733_seed2758	UMGS1251,UC5-1-2E3,Phascolarctobacterium,Lancefieldella,MGYG000004727,VSOB01,MGYG000004660,MGYG000004094,UBA1777,Alloprevotella,UMGS1933,DTU089,UMGS1202,Fusobacterium_B,Fusobacterium,NSJ-62,UBA5905,Niameybacter,DUOT01,UMGS1668,JAAYBB01,Psychrobacillus,UBA11471,Amedibacillus,HGM12814,Sporanaerobacter,Anaerosporobacter,Rothia,UBA3263,UMGS1858,CAG-303,RUG705,MGYG000000505,Barnesiella,SFMI01,Clostridium,HGM11417,UBA636,RUG806,Campylobacter,Neisseria,UBA1820,HGM10836,Merdibacter,Peptostreptococcus,Acidaminococcus,Mediterraneibacter_A,Acinetobacter,UMGS1004,UMGS1537,CAG-349,Rikenella,Ruminococcus_D,CAG-313,UBA1417,HGM11501,UMGS1600,CAG-484,UMGS1839,UBA738,RUG11200,OM05-12,UMGS1611,Stomatobaculum,Turicimonas,UMGS1387,Streptococcus,UMGS1241,Clostridioides,CAG-917,Eubacterium_J,Azonexus,Enterocloster,MGYG000004604,UMGS995,Peptoniphilus_A,Butyricicoccus,F082,Murimonas
rep734_seed2759	UMGS75,Phil1,UMGS263,CAG-349,Intestinibacter,MGYG000004127,Lysinibacillus,UMGS874,Eubacterium_F,UBA5416,UBA4716,SCN-57-10,Bacillus_A,Olsenella_B,RUG11247,UCG-010,Robinsoniella,UMGS1933,Clostridium_A,Phoenicibacter,Clostridium_X,CAG-217,CAG-882,UBA1375,SFDB01,CAG-488,Stomatobaculum,Clostridium_N,Paraprevotella,Intestinimonas,UBA5446,UC5-1-2E3,Enterococcus_A,Mitsuokella,Prevotella,NK3B98,Muribaculum,Zag111,Stoquefichus,UBA9475,Mesosutterella,VUNA01,MGYG000004727,UMGS1540,CAG-302,Arcanobacterium_A,UBA1206,UMGS1889,CAG-274,Prevotellamassilia,Superficieibacter,MGYG000002696,UBA4855,DUOT01,UMGS1537,Klebsiella,CAG-631,QANG01,Weizmannia,Enterobacter_A,Morganella,Phocea,Bilophila,CAG-312,Hungatella_A,UMGS1590,Extibacter,Neobacillus,Enterococcus_G,Mixta,CAG-95,Kallipyga,Selenomonas_C,Acetivibrio_A,Gabonibacter,CAG-475,UMGS692,Proteus,Dorea_A
rep735_seed2760	MGYG000004727,Paraclostridium,MGYG000003490,Amedibacillus,MGYG000003289,MGYG000004850,Haemophilus_A,Selenomonas_C,Robinsoniella,CAG-217,Moellerella,MGYG000003297,UBA6398,CAG-822,CAG-417,Agathobaculum,UMGS1820,Veillonella_A,UMGS1338,Barnesiella,Blautia_A,Monoglobus,HGM11386,SFTJ01,Negativicoccus,MGYG000002758,UBA3631,Eubacterium_I,CAG-1193,Eubacterium_G,Eubacterium_M,WRGP01,MGYG000002216,MGYG000000574,RC9,F0422,NSJ-38,CAG-452,UMGS1668,Limosilactobacillus,HGM11507,Holdemanella,MGYG000004133,Anaeroplasma,Fournierella,Murimonas,UBA10281,Kallipyga,UBA1181,Pluralibacter,Citrobacter_B,51-20,Marseille-P4683,Ruminiclostridium_E,HGM13010,UMGS1002,HGM11521,CAG-41,Eikenella,CAG-1031,Christensenella,NSJ-62,RUG410,Dielma,UMGS1375,CAG-177,Peptacetobacter,Mediterraneibacter,UBA4871,Roseburia,Clostridium_B,Kluyvera,UMGS1052,Enterobacter_A,CAG-272,CAG-617,KM106-2,MGYG000002053,SFLA01
rep736_seed2761	RUG420,Ruminococcus,51-20,Lachnoclostridium_A,UMGS1418,Enterococcus_B,Enterobacter_D,CAG-776,HGM11525,Turicimonas,NK4A136,Marseille-P3106,Amulumruptor,UMGS680,UMGS1994,Pyramidobacter,Aeromonas,CAG-485,Ellagibacter,MGYG000001871,UBA5920,Veillonella_A,UMGS1241,UBA866,CAAHEQ01,UMGS1384,CAG-791,Weimerbacter,RUG023,UMGS902,UBA1711,UMGS882,UMGS1783,Anaerofustis,Clostridioides,ER4,Citrobacter_B,CAG-884,Edwardsiella,Brachyspira,CAG-877,An181,UMGS599,Nitratidesulfovibrio,CACZQA01,UMGS946,UBA737,Parabacteroides,RUG11247,UMGS1889,CAG-533,SFHK01,Atlantibacter,Butyricimonas,HGM13233,HGM11514,Ruminococcus_D,CAG-1193,Lawsonella,UMGS1387,UBA4334,UMGS1484,HGM11501,UMGS1880,KLE1615,RQCD01,Kosakonia,Sodaliphilus,Faecalitalea,UBA3631,Bifidobacterium,CAG-411,Desulfovibrio,Sutterella,UBA1731,HGM11808,HGM11386,UMGS1670,Klebsiella
rep737_seed2762	Lentilactobacillus,Phascolarctobacterium_A,CAG-127,Leminorella,Intestinimonas,Extibacter,Vibrio,CAG-45,UMGS599,RF16,RUG420,Pseudobutyrivibrio,UMGS1933,MGYG000004604,CAG-582,UMGS1253,Prevotella,Kallipyga,UBA6382,QAKW01,Scardovia,QAMX01,UBA4871,Veillonella_A,CAG-194,UBA5884,Acidaminococcus,UBA6857,CAG-312,UMGS1241,WG-1,Bacteroides,Plesiomonas,UMGS680,UBA1711,Eubacterium_R,Turicimonas,QALS01,Klebsiella,AF33-28,HGM11372,UBA11471,UBA4855,Peptoniphilus_C,UMGS902,Intestinibacter,UMGS1375,UMGS1815,Paraeggerthella,UBA10281,Turicibacter,MGYG000003297,SFDB01,Slackia,Murdochiella,Fannyhessea,SFEL01,Lachnoanaerobaculum,Firm-07,MGYG000001903,UBA1394,UMGS1883,Eubacterium_J,Edwardsiella,UBA5920,Ellagibacter,NSJ-63,SFJ001,Bariatricus,Lawsonella,MGYG000002685,Akkermansia,Eubacterium_I,Stenotrophomonas,UBA4285,F23-B02,SFDP01,Fusobacterium_A,UBA1829
rep738_seed2763	CAG-762,Enterococcus_B,Campylobacter_B,WRGP01,RUG115,CAAHEQ01,GCA-900066905,RUG472,UBA1777,HGM11525,Fusobacterium_A,Muribaculum,MGYG000002797,Dialister,Faecalitalea,Vibrio,HGM11372,UBA3818,UBA7185,Bacteroides_F,UBA7173,UMGS1994,UCG-010,Enterococcus_C,Anaerocolumna,HGM11327,Mediterraneibacter_A,Neobacillus,Klebsiella_A,UMGS1600,Odoribacter,NSJ-63,CAG-841,Ruminococcus,CAG-492,1XD42-69,NSJ-50,Ruminococcus_F,UBA7702,UBA11940,Leclercia,NSJ-62,CAG-873,UBA1181,CACZQA01,UMGS1109,UMGS2016,UMGS1839,UBA1375,Amedibacterium,Sporanaerobacter,UBA1820,Gastranaerophilus,S5-A14a,Lysinibacillus,Garciella,RUG572,Paraeggerthella,Salinicola,UMGS1241,CAG-557,UBA4644,Fusobacterium_C,Scardovia,Aeromonas,UBA10281,MGYG000004061,UBA1234,SFVR01,F23-B02,UMGS929,Psychrobacillus,Peptoniphilus_A,Haemophilus_A,UMGS1663,Aneurinibacillus,Megasphaera,HGM13618,Gabonibacter
rep739_seed2764	Akkermansia,Bulleidia,Weizmannia,Anaerotignum,MGYG000002696,QAKS01,UBA10677,UBA1375,Angelakisella,Clostridium_Q,MGYG000002053,Rubneribacter,UBA11471,HGM11788,SFMI01,UMGS1663,Paramuribaculum,Campylobacter,UBA4716,UMGS1815,Ellagibacter,UMGS1766,UMGS680,Alloprevotella,HGM04593,CAG-81,Yersinia,Pradoshia,MGYG000004443,Leminorella,Extibacter,MGYG000004874,QAMM01,CAG-724,Haemophilus_D,VUNA01,UMGS1004,UBA4372,MGYG000002685,QAKW01,UBA3388,QAMH01,CAG-710,Butyricicoccus_A,CAG-411,HGM11386,Granulicatella,SFVR01,UBA7173,UBA11512,Eubacterium_J,RUG420,BX12,Merdibacter,Veillonella,Methanosphaera,Lachnoclostridium_A,Lentilactobacillus,Fusobacterium_A,Anaerosporobacter,HGM11372,Weissella,SFLA01,CAG-317,Bacillus_J,Acetivibrio_A,Lachnoclostridium,UBA737,UMGS2055,UBA9414,UMGS966,UMGS1241,Alistipes_A,UBA738,Allisonella,Faecalibacterium,UBA3282,Agathobacter,UBA644
rep740_seed2765	Neobacillus,Campylobacter_A,CAG-353,Morganella,RUG023,Klebsiella,Clostridium_AP,Pauljensenia,UBA3818,UMGS1839,Merdimonas,F23-B02,Citrobacter,WG-1,Clostridium_AQ,Muribaculum,CAG-964,RC9,Acidaminococcus,CAG-632,UMGS1601,Leclercia,Varibaculum,CAG-95,CAG-194,CAG-448,Longicatena,UBA3388,UMGS1326,CAG-1031,Lacticaseibacillus,NC2004,Lachnoclostridium_A,Enterobacter_A,UMGS1071,UBA6345,Peptoniphilus_B,Caecibacter,MGYG000004811,UBA1234,CAG-127,CAG-822,Rubneribacter,HGM11575,Chimaeribacter,UMGS1491,MGYG000004061,MGYG000000425,UMGS1312,Pseudoruminococcus,Haemophilus_D,UMGS946,MGYG000004177,Olsenella,MGYG000000745,CAG-510,Cetobacterium_A,UMGS856,CAG-1000,Phocaeicola,Sneathia,UBA1409,UMGS1518,UMGS1883,Lancefieldella,UMGS1688,UMGS1766,QANA01,Mesosutterella,CAG-103,UMGS1293,CAG-590,Coprococcus,Cronobacter,CAG-312,UBA940,An181,COE1,Faecalibacterium
rep741_seed2766	UMGS1994,Morganella,Pauljensenia,CAG-1031,Peptostreptococcus,Eubacterium_G,SFLA01,UBA7597,UMGS1472,Actinomyces,Enterococcus_B,Clostridium_Q,MGYG000003490,QALR01,UBA2882,Stenotrophomonas,RF16,Leclercia,GCA-900066495,Weimerbacter,QAKS01,UMGS856,Fournierella,HGM13006,51-20,Enterobacter,CAG-877,UMGS1202,QANA01,RUG100,HGM11368,Monoglobus,UMGS1858,Acetatifactor,CAG-776,CAG-631,CAG-177,MGYG000003945,CAAHEQ01,UMGS1815,Staphylococcus,Paenibacillus,ER4,Neisseria,Lawsonibacter,UBA1191,Extibacter,MGYG000003970,UBA4855,Muricomes,Ligilactobacillus,Absicoccus,Cutibacterium,Alistipes_A,UBA7185,VUNA01,UBA1409,MGYG000004556,Caecibacter,Massilioclostridium,HGM11530,Pseudoflavonifractor,MGYG000004547,Terrisporobacter,UMGS1375,MGYG000003305,QAMH01,UBA3282,SFDB01,Clostridium_AP,HGM13862,Campylobacter_B,Selenomonas_C,CAG-302,RUG806,Mobiluncus,Marvinbryantia,HGM12587,CAG-1024
rep742_seed2767	Leuconostoc,Companilactobacillus,Beduini,UMGS1071,UBA3766,UMGS172,HGM11588,Clostridium_J,CAG-485,MGYG000002575,UBA2883,UMGS1387,Enterocloster,Chimaeribacter,Odoribacter,UMGS1623,Firm-11,NSJ-38,UBA11774,Phytobacter,UMGS929,RF16,HGM13862,Intestinibacter,HGM13006,Finegoldia,Olsenella_B,UMGS905,Scardovia,CAG-313,SFFS01,MGYG000002726,UBA1417,Anaerococcus,Flavonifractor,CAG-964,UBA5394,MGYG000002797,HGM11417,Barnesiella,HGM13010,MGYG000003289,UBA4644,HGM11575,Mitsuokella,MGYG000004604,Porphyromonas,UMGS1880,UBA3263,Longicatena,CAG-632,Phocea,Butyrivibrio_A,HGM14224,Sneathia,MGYG000000745,Eisenbergiella,SFDP01,UBA3631,CAG-45,UMGS599,CAG-177,Faecalibacillus,CAG-353,Enterococcus,QANA01,UMGS1004,Blautia_A,Citrobacter,RC9,UMGS882,Peptoniphilus_E,Pseudomonas_E,CAG-312,Neobacillus,CAG-269,Mailhella,Lagierella,Anaeroglobus
rep743_seed2768	UBA11452,JAAYBB01,TM7x,Clostridium_N,HGM11507,Haemophilus_D,Plesiomonas,UBA5905,UMGS680,Catenibacterium,Clostridioides,Azonexus,DUOT01,SFTJ01,UMGS363,UMGS882,UMGS1781,Clostridium_Q,Absicoccus,Mailhella,Coprococcus,Neobacillus,MGYG000004660,UBA3282,CAG-594,UBA1685,UMGS1670,Fusicatenibacter,UBA5026,UBA737,HGM11788,UBA4716,Sneathia,UMGS1901,Nitratidesulfovibrio,QANA01,UBA5394,Companilactobacillus,UBA1417,SFMI01,UMGS2055,HGM12650,UBA6345,HGM13618,UBA2821,Methanosphaera,Alistipes,Oxalobacter,UMGS1484,Enterobacter,HGM11521,CAG-448,Moellerella,HGM11588,CAG-145,UBA1737,Anaerococcus,Pauljensenia,UMGS263,HGM11327,RUG13868,Eubacterium_M,UBA2883,RUG11247,MGYG000000456,Yersinia,Pseudoflavonifractor,VSOB01,CAG-349,Lactococcus,Citrobacter_A,Lachnoclostridium,UBA1752,NSJ-62,Marseille-P3106,CAG-460,MGYG000003490,UBA4871,UBA11512
rep744_seed2769	CHH4-2,Dysosmobacter,HGM12957,NSJ-32,Cedecea,Anaeroglobus,GCA-900066905,UMGS1815,Negativibacillus,CAG-533,Eubacterium,Moellerella,UMGS1002,Campylobacter,Fannyhessea,TF01-11,CAG-603,UBA7488,Anaerostipes,UBA7702,UMGS1397,QANA01,UBA1394,UBA1822,Porphyromonas_A,Actinobaculum,Marseille-P4683,HGM11514,HGM12789,Lacrimispora,UBA3388,Butyricimonas,Ralstonia,UMGS966,Methanobrevibacter_A,Intestinimonas,Mailhella,UBA4644,Corynebacterium,CAG-56,Psychrobacillus,UMGS1202,UMGS1418,Bariatricus,Marvinbryantia,Morganella,Aggregatibacter,UBA5446,CAG-488,UBA7057,UMGS1613,An172,HGM04593,Fusicatenibacter,Garciella,MGYG000004604,Aneurinibacillus,SFJ001,Erysipelatoclostridium,Akkermansia,CAG-41,Peptoniphilus_B,CAG-449,Intestinibacter,MGYG000002010,UMGS1518,UMGS363,Absicoccus,Enterococcus,Sutterella,RUG11247,Pygmaiobacter,CAG-594,Collinsella,HGM05232,RUG11200,MGYG000001871,Terrisporobacter,CABIZH01
rep745_seed2770	UMGS856,Dielma,CAG-631,UBA1417,UMGS1052,CAG-194,CAG-274,Anaerobutyricum,MGYG000000456,WG-1,Klebsiella_A,Holdemania,VSOB01,UBA3388,Leptotrichia,Acidaminococcus,Raoultella,Ruminococcus,MGYG000002719,Erysipelatoclostridium,Bruticola,Ruminococcus_F,HGM11372,Coprobacillus,CAG-710,Kosakonia,Staphylococcus,UMGS1293,UMGS1338,HGM12957,UMGS1815,UMGS1387,RUG11247,MGYG000002758,MGYG000004556,F0040,Peptoniphilus_A,HGM10836,UBA3402,Franconibacter,Anaerocolumna,UBA1685,CACZQA01,S5-A14a,CAG-1000,UBA1752,UMGS1633,QALS01,1XD42-69,Plesiomonas,KLE1615,Superficieibacter,UBA11524,CAG-145,UBA9502,NSJ-32,MGYG000000587,Dorea,CAG-582,OM05-12,CAG-41,Stenotrophomonas,Rubneribacter,CAG-793,Lysinibacillus,CAG-460,UMGS2016,Bacillus_J,Alistipes_A,MGYG000000745,UBA9506,UBA1409,UMGS902,CAG-349,RUG13868,CAAHEQ01,MGYG000000728,CAG-917,D5
rep746_seed2771	CAG-510,UBA5026,CAG-521,Arabia,MGYG000004874,NSJ-63,UBA1731,Proteus,UBA1206,Cetobacterium_A,UBA7185,UBA3631,UMGS1603,HGM12789,Lancefieldella,UMGS1781,V9D3004,UBA7702,RUG806,CAG-127,Holdemanella,Anaeromassilibacillus,CAG-288,AF33-28,CAG-603,UBA1232,Duncaniella,Massiliomicrobiota,CAG-115,SFMI01,Yokenella,HGM13618,CAG-460,UBA7057,HGM12650,Prevotellamassilia,MGYG000004811,RUG11247,HGM11368,UMGS1322,UMGS1004,Olsenella_B,Dorea,SFTJ01,MGYG000004061,HGM11530,NSJ-62,UMGS1601,CAG-245,MGYG000000574,UBA5416,CAG-724,HGM13010,Enteroscipio,Salinicola,UBA7160,MGYG000000378,MGYG000000350,CAG-103,UMGS1851,UBA1685,Rikenella,Lawsonella,UMGS929,Marvinbryantia,HGM12713,UMGS1241,Ezakiella,UBA1409,RUG410,Ruminococcus_A,NSJ-38,Eubacterium_T,Acinetobacter,Cloacibacillus,CAG-628,Garciella,Senegalimassilia,HGM13006
rep747_seed2772	UBA737,Merdimonas,SFEL01,UMGS1532,ER4,Companilactobacillus,KM106-2,UMGS1375,CAG-41,HGM11372,UMGS1322,CAG-791,UMGS1472,Lawsonibacter,VSOB01,HGM05232,HGM13006,UMGS2037,An92,CHH4-2,UMGS1633,QAKS01,Arcanobacterium_A,Senegalimassilia,Paraclostridium,Eubacterium,CAG-492,TWA4,CAG-317,Lancefieldella,UBA945,Caecibacter,Finegoldia,SFTJ01,Anaerosacchariphilus,TM7x,UBA9475,Catenibacterium,QANG01,UMGS1933,Gemella,HGM11416,NC2004,Enteroscipio,UMGS1279,MGYG000003855,Harryflintia,Akkermansia,QAMH01,Slackia_A,CAG-557,Ruthenibacterium,CAG-145,An172,UBA11452,MGYG000000387,MGYG000004229,Clostridium_F,RUG472,Clostridium,HGM11327,UMGS1880,Prevotella,Holdemania,Eubacterium_J,CAG-762,Phil1,Paraeggerthella,Anaerocolumna,Mitsuokella,CAG-831,Weimerbacter,Anaeromassilibacillus,HGM12814,Yersinia,Ellagibacter,UBA3631,Streptococcus,Schaedlerella
rep748_seed2773	Fusobacterium_A,HGM13862,Lacrimispora,UMGS1338,UBA1740,UBA1752,V9D3004,Megamonas,Ruminococcus,Acetatifactor,MGYG000000390,CAG-762,MGYG000004660,Acidaminococcus,Proteus,Caproiciproducens,UMGS1865,Azonexus,Lachnoclostridium_B,CAG-103,Faecalitalea,Catenibacterium,Amulumruptor,UMGS1441,RC9,Citrobacter_B,HGM11368,Enterobacter_D,Alterileibacterium,MGYG000002216,BX12,CAG-1427,PeH17,Enterocloster,Clostridioides,Enterococcus,HGM11788,UBA1191,NSJ-50,MGYG000004445,Kosakonia,WRGP01,CAG-452,UMGS1663,UBA1737,UBA1829,MGYG000004556,Haemophilus,Cellulosilyticum,HGM11327,SFHK01,Enterococcus_G,QAMH01,CAG-56,UBA5026,Pseudomonas_E,MGYG000004874,UMGS1840,RUG13868,QAMM01,SFLA01,HGM12587,Enterococcus_B,UMGS1839,CAG-115,MGYG000001871,QAKS01,Butyricicoccus_A,Turicimonas,UBA1685,HGM11575,Rothia,UMGS1370,UBA4644,TWA4,Criibacterium,Bulleidia,AM51-8,CAG-274
rep749_seed2774	Paenibacillus_A,Monoglobus,Ruminococcus_E,UMGS1477,Fusobacterium_C,Raoultibacter,Alloprevotella,RUG572,CAG-557,CAG-877,HGM11507,Prevotella,UMGS1994,Slackia,UMGS1532,WRGP01,MGYG000000350,Victivallis,MGYG000003297,Criibacterium,CAG-303,UMGS363,MGYG000000456,Proteus,MGYG000004811,Selenomonas_C,Pseudescherichia,Alistipes_A,MGYG000000425,Coprococcus_A,MGYG000004127,MGYG000003270,SFMI01,Bacillus_A,Blautia_A,UBA11471,UBA11517,Intestinibacter,UMGS1826,Neobittarella,MGYG000000574,UMGS1241,Ruminococcus_G,UMGS1071,Fusicatenibacter,Bittarella,Butyrivibrio_A,Morganella,UMGS946,MGYG000004380,RUG14107,Weizmannia,UBA11524,MGYG000001871,Acutalibacter,RUG705,Blautia,Clostridium,Paenibacillus,CAG-411,Faecalibacillus,Adlercreutzia,UBA1232,Neisseria,Hafnia,UBA1409,Murdochiella,UBA6984,Varibaculum,Anaerotruncus,CAG-274,UMGS1933,UBA6398,Stenotrophomonas,Enterococcus_A,CAG-390,Anaerosacchariphilus,UMGS1591,Exiguobacterium
rep750_seed2775	Coprococcus_A,UBA1206,UBA6382,HGM11368,UMGS680,Ruthenibacterium,UBA1822,Evtepia,UBA7702,Anaerostipes,UMGS1375,Aggregatibacter,CAG-317,Eubacterium_R,MGYG000000378,CAG-170,CAG-115,Zag111,CAG-475,UBA1390,QALS01,Gemella,Monoglobus,CAG-269,SFDB01,UBA6398,Gastranaerophilus,UBA3388,Anaerosporobacter,Dialister,Bifidobacterium,Turicibacter,MGYG000003490,MGYG000000674,Sutterella,Hafnia,UBA4716,CAG-882,UBA1737,UBA6984,UBA7057,MGYG000004029,RUG11247,CAG-41,UMGS1490,Oxalobacter,CAG-83,CAG-631,CAG-793,Ruminococcus,Dorea_A,VUNA01,Absicoccus,Rubneribacter,CAG-45,Weizmannia,MGYG000003297,Klebsiella_A,Sporanaerobacter,UBA11940,Gordonibacter,Adlercreutzia,HGM11416,Ezakiella,Prevotellamassilia,Bruticola,UBA940,Paramuribaculum,HGM12587,Azonexus,UMGS1815,CAG-557,F082,Raoultella,MGYG000002575,Pseudomonas_E,UMGS973,RUG472,Mobilibacterium
rep751_seed2776	Lagierella,Amulumruptor,UMGS2016,CAG-115,CAG-411,UMGS1474,Mediterraneibacter_A,UMGS577,UMGS692,Pradoshia,HGM13233,Klebsiella,UBA5920,Coprococcus_A,Phil1,UMGS1766,CAG-145,Kosakonia,Merdibacter,Paenibacillus,UBA7702,MGYG000002726,Butyrivibrio_A,SFLA01,CAG-314,Anaeroplasma,Leclercia,Sporanaerobacter,Treponema_D,UBA9414,CAG-448,Niameybacter,Catenibacillus,UMGS856,UMGS1491,UBA1409,Akkermansia,CAG-274,UMGS2037,Clostridium,CAG-272,RUG420,Clostridium_B,HGM14224,Alistipes_A,Faecalitalea,MGYG000003970,Pluralibacter,Nitratidesulfovibrio,UMGS1696,UBA1375,Salinicola,UMGS1623,Butyricicoccus,Raoultella,UMGS1590,UMGS1613,MGYG000004874,UBA1181,Ruminococcus_B,Citrobacter_B,Yersinia,Anaeromassilibacillus,MGYG000004094,UMGS874,HGM13618,CAG-1024,Staphylococcus,CAG-449,MGYG000001903,UBA3263,Clostridium_F,CAG-245,MGYG000004547,Companilactobacillus,Cutibacterium,Limosilactobacillus,Streptococcus,CAG-488
rep752_seed2777	Caproiciproducens,Leminorella,HGM11588,CAG-353,CAG-882,MGYG000004380,UMGS1472,CAG-95,UBA1711,Weissella,UBA10281,Catenibacterium,Weizmannia,CACZQA01,Weimerbacter,CAG-317,Enterococcus_C,Duodenibacillus,UBA1191,Bacteroides,SFTJ01,CAG-484,UMGS1668,RUG023,UMGS973,HGM11808,Arabia,Parvimonas,Varibaculum,RUG572,UMGS946,CAG-776,UBA7488,UMGS1387,Anaerocolumna,GCA-900066495,Ligilactobacillus,MGYG000004547,Eggerthella,CAG-631,CAG-303,UBA5905,Lachnoclostridium_B,MGYG000002216,UMGS1487,Edwardsiella,MGYG000004660,Enterococcus_B,Ruthenibacterium,ER4,Sporanaerobacter,UBA6382,VUNI01,MGYG000004443,Clostridium_Q,UMGS1002,Dielma,UMGS416,DTU089,UMGS1109,Anaerotignum,UMGS911,HGM12957,UMGS1312,UBA3402,Akkermansia,Phascolarctobacterium_A,HGM11507,UMGS856,UBA1181,Harryflintia,UBA7173,Morganella,MGYG000002053,WG-1,Scardovia,MGYG000002075,Fusobacterium_B,Coprobacillus
rep753_seed2778	UBA644,Acutalibacter,UMGS363,Actinobaculum,CAG-110,Lentilactobacillus,CAG-279,Pauljensenia,Aeromonas,MGYG000004171,Faecalitalea,MGYG000000728,Anaerosporobacter,Psychrobacillus,UMGS1880,Porphyromonas,UBA1234,MGYG000000456,SFVR01,UBA1409,Ezakiella,Enorma,Paraeggerthella,HGM12587,Cellulosilyticum,Mediterraneibacter_A,Hafnia,AF33-28,Oribacterium,Dorea_B,HGM11530,NK3B98,Kallipyga,Peptoniphilus_B,Extibacter,CAG-180,SFEL01,MGYG000003855,UBA2883,Clostridium_N,CAG-177,Haemophilus,RUG705,Chimaeribacter,UMGS1491,UMGS1490,Fournierella,CAG-628,Marvinbryantia,HGM11616,Peptostreptococcus,UBA1752,Scardovia,Ruminococcus_G,MGYG000004127,Paraprevotella,Kluyvera,QAMM01,DUOT01,NSJ-61,CAG-353,SFHK01,Enterobacter,Dialister,CAG-475,MGYG000004094,UBA4372,CAG-45,Gemmiger,Hydrogeniiclostridium,F23-B02,HGM04593,Anaerobutyricum,Acetatifactor,Lachnoanaerobaculum,Alistipes_A,HGM05232,Anaerosacchariphilus,Aggregatibacter
rep754_seed2779	UMGS1766,MGYG000002075,UMGS1933,HGM11514,Finegoldia,Sutterella,QALS01,Enterococcus_B,UBA3402,UBA4372,UMGS995,UBA1777,MGYG000002683,NSJ-32,UMGS1975,UMGS1826,Zag111,Eubacterium_M,Anaerotignum,Hungatella_A,An92,Haemophilus_A,HGM11525,HGM10836,Lacrimispora,Porphyromonas_A,Leptotrichia,Collinsella,MGYG000004380,Faecalitalea,UMGS416,Paraeggerthella,UMGS1375,SFFH01,Clostridium_AP,Clostridium_AQ,QAKS01,UMGS1883,UMGS1370,CAG-964,Slackia_A,Paraclostridium,UBA4644,Niameybacter,Selenomonas_A,UMGS1241,Methanosphaera,SCN-57-10,UMGS1901,UBA7057,MGYG000004061,Rothia,CAG-452,43-108,Scardovia,UBA7488,UBA1191,Campylobacter_A,CAG-873,UMGS1668,Coprococcus,Pseudomonas_E,Parvimonas,UMGS1540,Desulfovibrio,Butyrivibrio_A,MGYG000004445,Phascolarctobacterium,Ezakiella,Treponema_D,UMGS1387,MGYG000004727,DTU089,CHH4-2,Olsenella_E,Dielma,MGYG000000456,MGYG000003305,UMGS1696
rep755_seed2780	Veillonella_A,CAAEEV01,CAG-317,Peptacetobacter,MGYG000000390,UMGS1668,MGYG000004727,Fusobacterium_C,Superficieibacter,QALW01,Mediterraneibacter_A,UMGS1839,Enterocloster,Lachnoclostridium_B,UBA10677,RUG572,HGM12814,Weimerbacter,Adlercreutzia,Succiniclasticum,Enterococcus_A,UMGS1472,CAG-390,WRGP01,UMGS416,Anaerobutyricum,UBA636,Methanosphaera,Akkermansia,Neobacillus,MGYG000000587,UBA1685,UMGS946,Atlantibacter,Pygmaiobacter,Flavonifractor,Gemella,QAKS01,HGM11501,Lysinibacillus,UMGS856,Treponema_D,UMGS911,UMGS1518,UBA1691,RUG13868,Limosilactobacillus,Corynebacterium,Citrobacter_B,CAG-110,Alistipes,UMGS1623,UMGS874,Blautia,SCN-57-10,Pyramidobacter,Blautia_A,Catenibacterium,Pseudoruminococcus,Lawsonella,Paraclostridium,Turicimonas,CAG-882,QANA01,Emergencia,RUG806,CAG-238,Eikenella,CAG-45,UBA1740,SFGY01,Enorma,TF01-11,Merdimonas,UBA7702,RUG12045,Succinivibrio,CAG-56,VUNI01
rep756_seed2781	Butyricicoccus_A,Prevotellamassilia,UBA7702,HGM11386,UMGS1858,Massiliomicrobiota,UMGS1052,CABIZH01,MGYG000000587,Sneathia,UBA6398,UBA3388,Eubacterium_J,Haemophilus,Kallipyga,HGM11575,UBA644,Weimerbacter,Anaerocolumna,MGYG000000390,MGYG000004850,Fannyhessea,Veillonella,UBA1234,UBA11940,Franconibacter,Aneurinibacillus,CAG-449,Enterobacter_D,Robertmurraya,UBA9502,Roseburia,1XD42-69,RUG472,Leuconostoc,SFGY01,Ligilactobacillus,MGYG000002683,Rubneribacter,HGM11372,HGM11507,RUG12045,An172,Holdemania,Finegoldia,HGM13618,QAMM01,NC2004,Bruticola,SFJ001,TM7x,HGM12650,DUOT01,Peptoniphilus_B,Bariatricus,An92,UMGS1370,Olsenella,Fusobacterium,CAG-873,SFMI01,Hungatella,Fusobacterium_B,HGM12957,UMGS1603,Ruminococcus_G,Eubacterium_R,MGYG000004094,Pluralibacter,Bittarella,Mixta,Acidovorax,Merdimonas,UMGS1864,Akkermansia,UMGS1572,CAG-485,UMGS1839,Clostridium_N
rep757_seed2782	UBA3818,MGYG000004604,UMGS1781,CAG-303,UBA7597,MGYG000000286,UBA5394,UMGS882,Mediterraneibacter,CAG-417,CAG-1427,UMGS856,MGYG000002216,CAG-793,Longicatena,UMGS1241,CAG-273,UBA5026,UMGS1225,HGM13222,UMGS1889,HGM11386,UBA7173,Amedibacillus,CAG-115,HGM13010,Tidjanibacter,VUNA01,Ruthenibacterium,Chimaeribacter,HGM11530,CAG-617,UBA1711,Murdochiella,UBA4372,Eggerthella,Pseudescherichia,CAG-353,Garciella,Haemophilus,Ruminococcus_B,CAG-492,UMGS692,Ruminococcus_E,CAG-83,Leminorella,MGYG000004547,HGM12789,CAAHEQ01,MGYG000004727,Anaerosalibacter,CAG-302,HGM11588,MGYG000003945,CAG-841,AM51-8,Parolsenella,CAG-877,SFVR01,Eikenella,QANA01,Blautia_A,Treponema_D,RC9,CAG-533,Eubacterium_R,WRGP01,Pauljensenia,Lawsonibacter,CAG-269,Enterobacter_D,Longibaculum,UMGS1491,UMGS363,Terrisporobacter,Faecalibacterium,UBA1685,UMGS1441,UBA1737
rep758_seed2783	UBA10677,CAG-917,Olsenella,Pradoshia,CAG-417,Adlercreutzia,UBA4871,DUOT01,CAG-460,Klebsiella,CAG-631,Enterobacter_D,MGYG000000390,NK3B98,Stoquefichus,Robertmurraya,UBA1691,MGYG000004443,UMGS1623,CAG-557,Rothia,Yersinia,UBA1786,UMGS1600,UMGS2016,UMGS416,UMGS1933,MGYG000004874,Collinsella,RQCD01,Enterococcus_C,HGM13222,Merdimonas,Anaerosalibacter,UMGS1826,CAG-533,Harryflintia,UMGS1994,Lancefieldella,Mediterraneibacter,RUG472,Murimonas,MGYG000003270,CAG-882,Raoultella,RF16,Odoribacter,HGM11808,Cutibacterium,Morganella,UMGS946,Clostridium_AP,Chimaeribacter,Aggregatibacter,Veillonella,Campylobacter_B,UMGS882,Rahnella,Providencia,UBA11940,Peptoniphilus_C,CAG-170,Latilactobacillus,UBA3631,Robinsoniella,SFDP01,Lactiplantibacillus,CAG-279,Marseille-P4683,Clostridioides,Intestinimonas,Catenibacterium,Muribaculum,Citrobacter_B,Catenibacillus,UMGS1766,UMGS1781,Eubacterium_J,Blautia
rep759_seed2784	Anaeroglobus,Sneathia,Tidjanibacter,CAG-462,Lawsonibacter,Pygmaiobacter,Clostridium_B,NSJ-62,Ellagibacter,Pyramidobacter,D5,43-108,CAG-582,UC5-1-2E3,UMGS1613,UBA2883,UBA4334,Anaerofustis,CAG-510,F0040,UMGS1491,Ruminococcus_G,Lachnoclostridium_A,Catenibacillus,UBA6984,Fusobacterium_A,Superficieibacter,Agathobaculum,Zag1,MGYG000004094,CAG-417,UMGS1690,SFDP01,CAG-313,Terrisporobacter,Paenibacillus_A,Muribaculum,QALW01,Roseburia,UMGS1472,UMGS1975,UMGS905,Blautia_A,Methanomassiliicoccus_A,RUG11200,Intestinibacter,Butyricimonas,SFVR01,UBA1394,CAG-411,Klebsiella_A,HGM12669,Catenibacterium,UMGS973,Desulfovibrio,UMGS599,Clostridium_AP,Enterococcus_C,Massiliomicrobiota,Pseudobutyrivibrio,Lachnoanaerobaculum,UBA5394,MGYG000004443,CAAEEV01,Enterococcus,UBA1737,UMGS1384,CAG-484,HGM11616,UMGS1883,UBA6857,UMGS1241,Cellulosilyticum,CAG-485,Clostridium_X,RUG11198,An172,UMGS1663,Slackia_A
rep760_seed2785	CAG-877,Raoultella,Stomatobaculum,Oribacterium,UMGS1397,NK3B98,NK4A136,Peptostreptococcus,Cronobacter,Citrobacter_A,Intestinibacter,Acutalibacter,Anaerocolumna,Stoquefichus,MGYG000002702,Morganella,Blautia,SFLA01,CAG-793,RUG023,Coprobacillus,UMGS1540,Ruminiclostridium_E,CAG-313,MGYG000000674,Bulleidia,NSJ-63,CAG-238,Enterobacter,UMGS1613,CAG-269,CAG-354,Pantoea,UMGS1696,HGM14224,Parvimonas,VUNI01,Barnesiella,Bariatricus,UBA5920,CAG-822,UBA4334,Senegalimassilia,Catenibacterium,UMGS1293,Acinetobacter,AM51-8,Niameybacter,UMGS363,Murimonas,UMGS1851,Rubneribacter,Ezakiella,1XD42-69,Paenibacillus,Evtepia,RUG131,UMGS1611,UMGS1880,SFVR01,UBA644,Scardovia,UMGS1668,CAG-1193,Firm-10,Succinivibrio,Arcanobacterium_A,RUG11200,Neobittarella,Dorea_B,UMGS2016,UBA3766,UBA2821,CAG-917,Paraclostridium,Megasphaera,Anaerotignum,Negativicoccus,UBA11524
rep761_seed2786	UMGS995,Scardovia,UBA1234,UMGS1370,Citrobacter,Clostridium_F,MGYG000004850,Lawsonella,Merdibacter,Alloprevotella,UMGS1490,CAG-452,AM07-15,Psychrobacillus,MGYG000000505,VUNA01,UBA4644,UBA4285,UBA1740,SFGY01,CAG-194,UBA9414,MGYG000002719,Klebsiella_A,CAG-41,CAG-557,Peptococcus,UBA7182,MGYG000004127,Gemella,Yersinia,UMGS1224,Flavonifractor,HGM11588,Massiliomicrobiota,UMGS1253,Proteus,UBA4372,UMGS1004,RUG472,Butyricicoccus_A,UBA1731,UMGS1795,UMGS1322,CAG-411,Akkermansia,CAG-110,GCA-900066755,Prevotella,Clostridium_N,Eisenbergiella,Ruthenibacterium,Pseudomonas_E,Criibacterium,UMGS1293,Angelakisella,CAG-724,MGYG000004172,MGYG000004811,UBA3631,Firm-11,Lachnospira,OM05-12,Lawsonibacter,Megasphaera,Ruminococcus_E,V9D3004,Anaerostipes,UMGS1872,Acetivibrio_A,Negativicoccus,Anaeromassilibacillus,Veillonella_A,HGM11575,Arcanobacterium_A,QAKD01,HGM11525,Pseudescherichia,HGM11327
rep762_seed2787	Parvimonas,UMGS1688,UMGS124,CAG-1024,UBA2821,Fusicatenibacter,CAG-877,Clostridium_AP,UMGS911,Lawsonella,Eubacterium_I,Enterococcus_G,Fenollaria,Erysipelatoclostridium,WG-1,Turicibacter,MGYG000000387,Frisingicoccus,NSJ-38,UMGS1532,MGYG000000378,HGM11575,UBA636,Longicatena,Butyrivibrio_A,CAG-462,UMGS1933,NSJ-62,Neisseria,UMGS1375,RUG11247,D5,UBA1752,Peptococcus,DTU089,UMGS1004,UMGS2037,CAG-269,CAG-492,Anaerotruncus,Ralstonia,UMGS1540,Ellagibacter,Coprococcus_A,Exiguobacterium,UBA7702,Paraeggerthella,MGYG000002719,RUG472,Eubacterium_R,UMGS1484,Ruminiclostridium_E,SCN-57-10,Phil1,CAAHEQ01,Blautia_A,Eubacterium_G,CAG-917,UMGS731,CAG-449,Enterococcus,SFLA01,UMGS1623,Marseille-P3106,UBA1829,Extibacter,CAG-632,Stoquefichus,HGM11788,UMGS1858,HGM13010,MGYG000002575,Phascolarctobacterium,MGYG000003289,UBA9506,Raoultibacter,UCG-010,UBA4285,UMGS1889
rep763_seed2788	Phocea,UBA1259,UBA7748,Mitsuokella,Butyricicoccus,Phytobacter,UBA1737,MGYG000003297,UBA1752,Clostridium_E,MGYG000000574,UBA1394,Succiniclasticum,Harryflintia,F082,Ruminiclostridium_E,UBA644,Porphyromonas_A,UBA7102,UMGS973,Agathobaculum,CAG-488,MGYG000000387,CAG-884,CAG-475,CAG-460,Anaerosacchariphilus,Massilistercora,MGYG000000587,Brachyspira,MGYG000004660,S5-A14a,Dorea_A,Ruminococcus_D,MGYG000000745,RUG13868,UMGS1518,SFTJ01,CAG-317,Longibaculum,Aneurinibacillus,Pseudomonas_R,Corynebacterium,RUG806,MGYG000000456,VUNA01,Blautia_A,UMGS1826,Phoenicibacter,UBA7057,Acetatifactor,HGM11417,QAKS01,UMGS1224,CAG-793,MGYG000004443,Enterocloster,Acutalibacter,UMGS1388,Finegoldia,Agathobacter,Leuconostoc,CAG-724,Enterococcus_D,Rubneribacter,UBA636,Anaeroplasma,UMGS995,MGYG000002719,Butyrivibrio_A,Anaerosporobacter,Raoultibacter,Selenomonas_A,Mesosutterella,Erysipelatoclostridium,UMGS1490,UMGS905,UMGS1537,CAG-288
rep764_seed2789	UBA6857,Vibrio,CAG-279,NSJ-62,Ellagibacter,CAG-822,Anaerostipes,UMGS403,Duodenibacillus,QANA01,Criibacterium,MGYG000004061,Roseburia,Enterobacter_A,RF16,UMGS1795,UBA1752,Clostridium_AQ,UMGS1975,Bifidobacterium,UBA5446,RUG806,CAG-1193,CAAHEQ01,Superficieibacter,HGM11588,CAG-917,Stenotrophomonas,SFFS01,Anaerosporobacter,Longibaculum,UBA7488,BX12,Ligilactobacillus,CAG-349,Paenibacillus_A,GCA-900066905,Enterocloster,CAG-485,Alistipes_A,Clostridium_B,RUG11247,RUG472,Beduini,HGM11386,UMGS692,VSOB01,Lawsonibacter,MGYG000000674,CAG-594,HGM11808,Cronobacter,Leminorella,Campylobacter_A,SFGY01,Dorea_B,Brachyspira,Klebsiella_A,Flavonifractor,Pseudomonas,Allisonella,SFJ001,CAG-791,Eubacterium_G,Phascolarctobacterium,Ruminococcus_C,HGM11416,UBA5920,UMGS599,Olsenella_B,Emergencia,Paenibacillus,Catenibacillus,CAG-510,Stomatobaculum,MGYG000004127,F082,Aeromonas,TF01-11
rep765_seed2790	Sellimonas,CAG-631,UMGS1441,F0422,UBA7173,Slackia,UBA644,Actinomyces,MGYG000002053,Methanosphaera,Cellulosilyticum,MGYG000000674,Beduini,Paenibacillus_A,Clostridium_P,OM05-12,UBA7102,Phocea,CABIZH01,UMGS1696,CAG-45,UMGS1820,UMGS1623,Dysosmobacter,CAG-411,UBA1390,CAG-313,UMGS1241,Pseudobutyrivibrio,HGM12669,CAG-762,Actinobaculum,Fusobacterium_A,CAG-180,UBA2821,Massilistercora,Kluyvera,Tidjanibacter,TWA4,HGM05232,UMGS731,F23-B02,Lachnoclostridium_A,CAG-1000,HGM11501,Enterococcus_A,MGYG000000574,MGYG000000387,Catenibacterium,MGYG000001903,Fenollaria,UMGS874,UBA9414,Enorma,Marvinbryantia,CAG-521,UMGS1225,WRGP01,HGM12789,Azonexus,AM51-8,UMGS1338,Absicoccus,Finegoldia,RUG420,UMGS1322,QAKW01,Enterocloster,CAG-485,Kallipyga,Fusobacterium_C,UMGS1518,UMGS75,RUG131,Olsenella,BX12,UBA9506,Enterococcus_D,Agathobaculum
rep766_seed2791	UBA11940,QALR01,UBA5416,UMGS882,UBA737,UBA1731,SFDB01,MGYG000003945,SFFS01,Negativibacillus,CAG-41,Weimerbacter,UMGS1472,UBA2821,Lancefieldella,UBA7102,Mobilibacterium,UMGS1670,Succinatimonas,Clostridium,MGYG000001903,Enterobacter_A,UBA3818,CAG-841,Leptotrichia,Peptacetobacter,UMGS599,QAMH01,Pseudoruminococcus,MGYG000000745,Clostridium_X,HGM12587,Weizmannia,UBA4372,MGYG000002758,UBA5920,UBA9502,Fournierella,UBA7057,HGM12789,HGM13006,Dielma,CAG-279,Coprococcus_A,Ruminococcus_G,Enterocloster,Lentilactobacillus,Faecalitalea,MGYG000004127,CAG-273,Acetivibrio_A,NSJ-32,Varibaculum,Kallipyga,UMGS416,UMGS1491,F0422,CAG-582,Faecalimonas,MGYG000004172,UBA1234,HGM13222,Massilicoli,UMGS1795,Butyrivibrio_A,UMGS1338,UBA4716,CAG-245,Christensenella,UMGS905,Oxalobacter,UMGS1976,CAG-272,Mediterraneibacter_A,CAG-793,UMGS1307,UBA11512,Azonexus,Desulfovibrio
rep767_seed2792	CAG-273,Staphylococcus,Turicibacter,KM106-2,CAG-317,Eggerthella,Catenibacterium,UMGS1472,Ruminococcus_F,Megasphaera,Gemella,MGYG000004604,UMGS1901,MGYG000000574,GCA-900066905,RUG023,Parolsenella,Anaerotruncus,CAG-628,CAG-145,Eubacterium_I,Morganella,Zag1,Veillonella,UBA10281,Atlantibacter,Enterococcus,MGYG000004133,Methanosphaera,Paraprevotella,SFDB01,Hafnia,Anaerosalibacter,Sneathia,Aggregatibacter,Alloscardovia,SCN-57-10,Raoultibacter,GCA-900066495,UBA2883,MGYG000003970,UMGS1603,QAMX01,CAG-390,Amedibacterium,UBA1409,NC2004,Eubacterium,UMGS1387,CAG-964,UBA7173,CAG-1000,Cronobacter,CAG-313,Peptacetobacter,Arcanobacterium_A,MGYG000002719,Pradoshia,Sutterella,CAG-194,Methanomassiliicoccus_A,V9D3004,UMGS1441,Bacillus_J,Caproiciproducens,CAG-631,CAG-95,Phascolarctobacterium,Akkermansia,CAG-288,UMGS1783,1XD42-69,Veillonella_A,UBA10677,Firm-11,UBA5920,HGM11525,WRGP01,Clostridium_N
rep768_seed2793	V9D3004,UMGS1518,Firm-07,UBA6857,HGM10836,AF33-28,Dorea_A,Pseudomonas_E,UBA1181,UMGS1540,Ligilactobacillus,CAG-460,MGYG000002726,Sneathia,Butyricimonas,HGM12998,Escherichia,HGM14224,QAMM01,UBA1259,MGYG000004172,Salinicola,NC2004,Dysosmobacter,MGYG000001903,UBA1394,Eubacterium_I,MGYG000004556,UBA4855,MGYG000002702,Bacilliculturomica,UBA2882,HGM05232,Citrobacter_B,Catenibacillus,CAG-303,UBA11940,Ralstonia,HGM13618,CAG-964,Phocaeicola,Victivallis,Paraclostridium,NSJ-61,WG-1,UMGS1441,Absicoccus,CAG-272,NSJ-63,D5,Enterococcus_B,UBA2883,Akkermansia,UMGS874,Negativicoccus,UMGS1603,Odoribacter,Methanomassiliicoccus_A,Acinetobacter,Raoultella,UMGS1783,GCA-900066755,UBA5905,Succinivibrio,UMGS1865,Anaerococcus,An181,MGYG000000387,CAG-603,Fusobacterium,RUG806,Collinsella,Acutalibacter,UMGS1418,CAG-269,Catenibacterium,CAG-724,DUOT01,UBA11774
rep769_seed2794	Parabacteroides,UMGS1663,CAG-841,Eubacterium_F,Bifidobacterium,RUG023,VUNA01,Tidjanibacter,GCA-900066905,MGYG000002010,Plesiomonas,Eubacterium,Corynebacterium,SFEL01,UMGS1004,Marseille-P4683,UMGS1224,Bacillus_A,MGYG000000728,MGYG000000425,UBA11471,Marvinbryantia,Peptoniphilus_C,UMGS1976,Coprococcus,Allisonella,UMGS1418,CAG-448,Stoquefichus,UMGS1795,UMGS1994,UBA4871,HGM13222,Edwardsiella,Eubacterium_I,HGM11521,CAG-170,AM51-8,Lactococcus_A,Ligilactobacillus,UMGS1901,RC9,UBA7488,MGYG000000574,Acidovorax,UMGS1326,CAG-582,Lachnospira,Lactococcus,Faecalibacillus,UMGS1518,UMGS363,Campylobacter_A,1XD42-69,CAG-288,VSOB01,UMGS1591,UMGS1384,Ruminococcus_G,D5,UBA1822,Adlercreutzia,Blautia_A,Lactonifactor,UBA11940,DUOT01,Acetivibrio_A,Pseudomonas_E,Rubneribacter,Klebsiella,UMGS1668,Leclercia,Fusobacterium,UMGS1865,Slackia_A,MGYG000003270,Collinsella,Anaerotruncus,WRGP01
rep770_seed2795	QAMH01,UMGS1766,MGYG000000505,CAG-1024,CAG-631,UBA9502,UMGS1864,Escherichia,Pseudomonas_E,Ruminococcus_D,Clostridium_A,UMGS268,HGM11417,CAG-303,HGM11525,Anaeroglobus,CACZQA01,CAG-417,CAG-465,RUG14107,Schaedlerella,Serratia,CAG-831,Enterocloster,MGYG000001903,Faecalibacillus,UMGS1590,Sodaliphilus,Acidovorax,CAG-822,CAG-582,UMGS1810,UMGS995,MGYG000002685,Borkfalkia,UMGS1933,UBA6984,CAG-594,Latilactobacillus,Eubacterium_T,Salinicola,Pediococcus,Parabacteroides,Mailhella,Acetatifactor,UBA5446,Pseudoflavonifractor,Hungatella,Brachyspira,UMGS1783,Streptococcus,UBA1409,UBA1740,Weimerbacter,Clostridium_AP,Bacilliculturomica,Mitsuokella,UBA2883,CAG-170,MGYG000002216,UBA6857,HGM11501,UBA1711,HGM13634,TF01-11,Turicimonas,UBA2856,MGYG000004229,MGYG000000745,Enterobacter_A,Blautia_A,Cutibacterium,Mediterraneibacter_A,Ruminococcus_G,MGYG000004547,CAG-882,MGYG000003305,MGYG000004029,UBA6345
rep771_seed2796	SFFS01,Coprobacillus,MGYG000004604,Prevotellamassilia,NSJ-32,Lactiplantibacillus,Stomatobaculum,UBA1409,Agathobacter,Phoenicibacter,NSJ-61,RUG11247,Veillonella_A,Cutibacterium,Veillonella,UMGS1474,Faecalimonas,SFGY01,Pauljensenia,MGYG000004445,CAG-590,RUG13868,Massiliomicrobiota,Weizmannia,UMGS1322,CABIZH01,Arcanobacterium_A,UBA1685,Fusobacterium_A,MGYG000003270,Olsenella_E,Fusobacterium_C,CAG-884,43-108,UBA1375,Borkfalkia,GCA-900066905,UBA1691,MGYG000002696,HGM12998,Limosilactobacillus,OM05-12,Azonexus,Mailhella,CAG-110,UBA1786,UMGS1472,CAG-451,Haemophilus_D,UBA5809,HGM11616,Paenibacillus_A,Holdemania,Bacillus_A,HGM11368,HGM13618,UBA1390,HGM13222,Megamonas,HGM11514,UBA738,UMGS268,CAG-303,Evtepia,Porphyromonas_A,Intestinimonas,Campylobacter_B,UMGS1487,Bacillus_J,CAG-495,Butyricicoccus,CAG-180,Peptoniphilus_E,Leminorella,UBA1181,Citrobacter_B,UMGS1690,Garciella,Caproiciproducens
rep772_seed2797	UBA7748,Sporanaerobacter,UMGS75,TM7x,Lachnospira,MGYG000004172,Pluralibacter,CAG-631,Anaerococcus,Absicoccus,F0422,CAG-465,Anaerostipes,GCA-900066495,UBA2821,UMGS599,Clostridium_J,Campylobacter_A,UBA945,UBA9475,CAG-822,Fenollaria,MGYG000002797,Oxalobacter,HGM11616,UMGS1889,UMGS1820,CAG-170,CAG-873,UMGS905,UBA6382,MGYG000003945,HGM11507,HGM11386,CAG-594,Longibaculum,UBA2883,Moellerella,HGM12814,UC5-1-2E3,QAMH01,RUG100,NSJ-32,Anaerosporobacter,Acidaminococcus,MGYG000002758,UBA1786,HGM13233,SFEL01,Marseille-P3106,SFFH01,RF16,Pseudobutyrivibrio,Pantoea,Parolsenella,Bruticola,CAG-495,Aneurinibacillus,MGYG000000574,Salinicola,Mediterraneibacter,Aeromonas,Citrobacter,KLE1615,Lactobacillus,Pygmaiobacter,Paraeggerthella,Succinivibrio,UBA3766,Senegalimassilia,UBA940,UBA11512,UMGS2037,Neobacillus,Fusobacterium_B,CAG-279,UMGS1397,CAG-884,UMGS1865
rep773_seed2798	43-108,UMGS1397,NSJ-32,Barnesiella,GCA-900066905,CAG-884,MGYG000000456,RUG705,UMGS577,UBA3282,Sutterella,UMGS1518,Franconibacter,CAG-917,UMGS1613,UBA6984,QALS01,UMGS1795,Coprococcus_A,HGM11530,UBA1375,CAG-245,MGYG000002726,Anaeromassilibacillus,UMGS1696,Eubacterium_I,MGYG000003305,Robinsoniella,Lagierella,MGYG000000574,HGM11788,Salinicola,MGYG000003490,Fournierella,UMGS1370,UMGS680,UBA5026,QANA01,BX12,UMGS1688,WG-1,UBA6857,MGYG000004177,Faecalibacterium,Agathobaculum,Anaerocolumna,Providencia,Garciella,HGM11368,HGM11588,UBA1394,CAG-877,Enterobacter_A,UBA11452,Bacillus_A,SFLA01,CAG-465,Dorea_A,Acinetobacter,CAG-590,MGYG000000286,Enterobacter_D,MGYG000003297,RUG572,Paenibacillus_A,CABIZH01,QALR01,UMGS1633,UMGS1052,Mesosutterella,UBA9475,MGYG000003945,UBA1234,Paraprevotella,UMGS1590,Citrobacter,Serratia,CAG-831,Pediococcus
rep774_seed2799	HGM11372,Arcanobacterium_A,Pseudoflavonifractor,CHH4-2,UBA5446,CAG-484,HGM11416,UBA636,MGYG000004094,UBA1786,Ruminococcus_A,Lactobacillus,UMGS1688,Parabacteroides,Anaerocolumna,UMGS1613,GCA-900066905,CAG-390,Lagierella,UMGS1663,Desulfovibrio,CAG-273,SFGY01,Turicimonas,Treponema_D,UMGS1889,Firm-07,Victivallis,MGYG000000574,CAG-533,UBA4285,UBA1206,Intestinimonas,Olsenella_E,Muricomes,Parolsenella,Acidovorax,CAG-115,MGYG000003855,HGM05232,UMGS268,NK4A136,UBA9506,UMGS172,MGYG000002726,UBA11471,Moellerella,UBA11774,Alloprevotella,SFLA01,UMGS124,Eubacterium,RUG11198,UBA6984,UMGS1839,UMGS1532,Niameybacter,RUG131,Aeromonas,HGM12669,MGYG000002010,Erysipelatoclostridium,UMGS1375,Clostridium_AP,Eggerthella,Prevotellamassilia,UMGS1826,UMGS1781,Sellimonas,UMGS1901,RUG115,Cetobacterium_A,UBA945,Yokenella,Leuconostoc,CAG-177,TWA4,Aneurinibacillus,Enterocloster
rep775_seed2800	UMGS2037,QALS01,Lachnoclostridium,UMGS1611,NSJ-61,NK4A136,Gemella,CAAEEV01,SFTJ01,CAG-115,Holdemania,UBA11471,HGM12998,CAG-274,MGYG000003945,Emergencia,UBA644,UBA5920,MGYG000000425,MGYG000002726,RUG11247,UMGS403,MGYG000004443,UBA3818,UBA737,Ruminococcus_C,UBA7488,UBA5446,Firm-07,UMGS1322,Psychrobacillus,Butyrivibrio_A,MGYG000000728,Fusobacterium_A,Salmonella,UBA1737,MGYG000004061,CAG-1193,Aneurinibacillus,Intestinimonas,Oribacterium,HGM11575,UBA5416,Faecalimonas,UMGS1071,Lactococcus_A,Agathobacter,UMGS680,Sodaliphilus,UMGS124,MGYG000002758,Faecalicoccus,UBA7102,Clostridium,UMGS1441,Pantoea,Massilimaliae,Raoultella,Fusobacterium,Victivallis,MGYG000000378,MGYG000003970,UMGS1696,Limosilactobacillus,Cedecea,Enterococcus_G,Duodenibacillus,CAG-390,CAG-791,MGYG000004660,UBA4334,UMGS1601,Dorea_A,Bacillus_A,UBA866,UBA5809,CAG-45,UBA738,HGM14224
rep776_seed2801	QAMM01,CAG-411,UMGS403,CAG-1000,Citrobacter,43-108,Pseudomonas,CAG-1427,UBA1711,Beduini,Bacilliculturomica,Fusobacterium_C,UBA5416,QALW01,UMGS1688,KM106-2,HGM11523,UBA644,UBA3388,UMGS882,Dialister,Leclercia,WG-1,Pediococcus,UMGS1312,Alterileibacterium,Allisonella,MGYG000002696,NSJ-32,CAG-590,Massilioclostridium,Ruminococcus_G,CAG-103,HGM12957,SFDP01,UMGS1418,UBA6398,Enterococcus_G,RC9,UMGS577,Paenibacillus,Blautia_A,UBA2821,UBA5905,HGM13006,UBA4334,UBA945,CAG-582,Enterocloster,Enterobacter,UMGS1889,HGM13618,Megamonas,MGYG000001953,Enteroscipio,1XD42-69,Pantoea,UMGS599,UMGS1783,SFLA01,UMGS1795,Parvimonas,MGYG000004660,CAG-245,Ruminococcus_E,CAG-417,UMGS680,Catenibacillus,Oribacterium,CAG-180,CAG-312,RUG705,Bacteroides_F,Corynebacterium,CAG-110,Klebsiella_A,Dorea_A,Clostridium_Q,Phascolarctobacterium_A
rep777_seed2802	UMGS902,Dysgonomonas,MGYG000003945,Bilophila,Turicibacter,Enterobacter,Paraprevotella,QALS01,CAG-170,Stomatobaculum,Negativibacillus,UBA4855,CAG-533,Varibaculum,Alloscardovia,Yersinia,UMGS966,Kallipyga,RUG12045,Anaerotruncus,VUNA01,UMGS1783,VUNI01,Pseudomonas_E,F0040,MGYG000003289,CAG-272,PeH17,Barnesiella,Ruthenibacterium,Actinomyces,F0422,Peptoniphilus_E,CAG-1024,Parasutterella,UBA940,NSJ-61,Phoenicibacter,UMGS1225,UMGS1858,Rahnella,UBA1259,AF33-28,CAG-194,Parabacteroides,CAG-103,Clostridium_X,UBA1786,Ruminococcus_A,UBA1731,UMGS905,UBA1390,Angelakisella,Proteus,CAG-312,Peptoniphilus_A,OM05-12,UBA1691,Campylobacter_B,QAKW01,UBA11774,UMGS1603,Tidjanibacter,Acetatifactor,UMGS1202,MGYG000004443,NK4A136,MGYG000002719,UMGS1071,MGYG000001953,HGM11327,Peptacetobacter,MGYG000000390,RC9,Longicatena,Flavonifractor,Catenibacillus,MGYG000001903,Edwardsiella
rep778_seed2803	Arcanobacterium_A,Angelakisella,NK3B98,UMGS599,Collinsella,Tidjanibacter,UBA866,Anaerosalibacter,Citrobacter_B,UBA6857,Holdemania,HGM11523,Phascolarctobacterium,QAMH01,Beduini,Blautia_A,CAG-353,UBA1232,Massilioclostridium,Massilicoli,MGYG000004547,Hydrogeniiclostridium,CAG-793,Kallipyga,MGYG000001903,Senegalimassilia,HGM11788,Plesiomonas,Marseille-P4683,CAG-631,OM05-12,Parolsenella,Actinomyces,UBA1777,Amulumruptor,Finegoldia,Ruminococcus_F,CAG-302,UBA6398,NC2004,UMGS1865,Merdimonas,UMGS1387,UMGS1518,Ruminococcus_A,UMGS1623,Lentilactobacillus,UMGS268,UMGS1883,HGM13618,MGYG000004556,Lactococcus,Campylobacter_A,Ruminococcus,UMGS1611,Barnesiella,UMGS856,Leclercia,Caproiciproducens,Merdibacter,CAG-448,HGM11507,HGM12669,UBA4871,UBA1822,RUG023,Roseburia,Oribacterium,Mediterraneibacter_A,Mobilibacterium,SCN-57-10,Mixta,CAG-145,Butyrivibrio_A,Phascolarctobacterium_A,SFMI01,Lachnospira,Eubacterium_J,Dielma
rep779_seed2804	UMGS1696,Latilactobacillus,Fusobacterium_C,UMGS1975,Rothia,Murdochiella,Mediterraneibacter_A,Massilistercora,Lachnoclostridium_A,Parasutterella,Cellulosilyticum,UMGS1690,Enterococcus_G,Klebsiella_A,Emergencia,Providencia,Flavonifractor,Salmonella,UMGS403,HGM11507,Clostridium_J,MGYG000000387,UBA1417,MGYG000000350,Succinatimonas,UBA1777,51-20,UMGS363,Merdimonas,Clostridium_P,Sporanaerobacter,UBA10677,Lachnoanaerobaculum,RUG14107,UBA1206,D5,WRGP01,UMGS1623,Prevotella,Bacilliculturomica,CAG-631,HGM13222,43-108,MGYG000000346,CAG-460,UBA1232,UBA5920,UBA9502,HGM13634,Ruminococcus_G,MGYG000003305,UBA3402,MGYG000004029,MGYG000004443,RUG12045,UBA7102,MGYG000003945,UBA9506,Niameybacter,Gabonibacter,CAG-831,UMGS416,Lactococcus_A,Mailhella,CAG-710,Anaerobutyricum,Aggregatibacter,Cloacibacillus,UMGS1840,Acidaminococcus,CAG-95,UBA11452,Megasphaera,CAG-81,UMGS1865,CAG-1024,UMGS1474,MGYG000000505,QAKS01
rep780_seed2805	RUG100,UMGS1994,RUG11198,UMGS1387,Campylobacter,Alloprevotella,Lentilactobacillus,1XD42-69,UMGS1820,UBA5809,CAG-594,UMGS856,UBA7182,MGYG000004660,UBA11524,Eikenella,UMGS1840,Harryflintia,Proteus,Coprococcus,CAG-83,UMGS1766,Acidaminococcus,SFGY01,Blautia,Olsenella,Rubneribacter,Faecalibacillus,CAG-452,Citrobacter,Barnesiella,UBA9506,Yokenella,Anaerobutyricum,Paenibacillus_A,Peptococcus,MGYG000001903,UBA1740,DTU089,Klebsiella_A,HGM11327,UMGS1202,Neisseria,Megasphaera,Mesosutterella,CAG-103,UMGS1858,Ligilactobacillus,HGM13862,UBA738,UMGS731,Sneathia,UBA11452,Anaeromassilibacillus,Leptotrichia,UBA9502,Stenotrophomonas,CHH4-2,Enterobacter,UMGS1864,UBA940,MGYG000002726,Ruminococcus_E,MGYG000004112,CAG-272,Mediterraneibacter,UMGS1477,Franconibacter,Longibaculum,Anaeroplasma,Dielma,MGYG000000286,Enterobacter_D,CAG-631,Weimerbacter,UMGS1279,TF01-11,RUG13868,CAG-196
rep781_seed2806	UBA3631,DUOT01,HGM13222,Enterococcus_A,Zag111,UMGS1441,Enorma,Ralstonia,Clostridium_E,Actinobaculum,MGYG000004604,CAG-451,UBA3263,MGYG000000456,AM07-15,RUG115,HGM13233,Merdimonas,RUG705,MGYG000003305,UMGS416,Lactococcus,CABIZH01,UMGS995,CAG-590,UMGS1537,UBA1822,Anaerocolumna,Neisseria,RC9,HGM12713,Mediterraneibacter,Anaerotruncus,TF01-11,Eubacterium_R,CAG-417,UMGS1591,Clostridium_AQ,Clostridium_B,Pluralibacter,UMGS973,Paraclostridium,NSJ-38,GCA-900066135,Pseudoruminococcus,NC2004,Barnesiella,Porphyromonas_A,Arabia,Pauljensenia,Parvimonas,Ruminococcus_A,UBA1375,UMGS680,Lawsonibacter,RUG572,UBA7748,Hungatella,Parabacteroides,Clostridium_P,Dorea_B,Phocaeicola,UMGS1611,Kluyvera,Leclercia,Parolsenella,UMGS1307,An172,UMGS2016,Duncaniella,UBA9414,UMGS599,Bacilliculturomica,Lysinibacillus,Campylobacter,UMGS1994,Moellerella,QANA01,An181
rep782_seed2807	Rothia,Dysosmobacter,MGYG000002575,Anaeroglobus,Pluralibacter,Sneathia,UBA5416,UBA9414,UMGS1202,MGYG000000574,MGYG000000456,Tidjanibacter,GCA-900066495,CAG-177,Leminorella,Ruminococcus_G,NK3B98,RUG100,Angelakisella,MGYG000003305,Lacticaseibacillus,Cellulosilyticum,HGM13862,Coprobacter,CAG-41,UBA3766,UBA5884,Actinobaculum,MGYG000004660,CAG-451,Kluyvera,UBA1777,UMGS416,Harryflintia,MGYG000000505,UBA737,Enterococcus,Klebsiella_A,Pantoea,Enterobacter,CAG-81,CAG-279,MGYG000003490,Stenotrophomonas,QAMH01,Lactobacillus,CAAEEV01,Pseudomonas_R,CAG-462,Anaerofustis,Clostridium_AQ,Lysinibacillus,S5-A14a,CAG-822,Holdemanella,UMGS1840,UBA1740,CAG-45,Acutalibacter,MGYG000004171,Staphylococcus,CAG-273,Frisingicoccus,Acetivibrio_A,Raoultibacter,UMGS1387,Olsenella_B,CAG-314,UC5-1-2E3,MGYG000004445,Faecalibacillus,F082,MGYG000000350,UBA4716,CAG-617,UBA1375,UMGS2037,MGYG000000728,CAG-831
rep783_seed2808	UBA1417,Duncaniella,UMGS1600,Butyricicoccus_A,UBA1409,UBA7057,Anaerosporobacter,Turicimonas,Coprococcus,MGYG000004061,Longibaculum,UMGS1071,Blautia_A,UBA1390,UMGS692,HGM13222,UBA7173,HGM12650,MGYG000004547,HGM05232,HGM13862,Proteus,Clostridium_Q,UMGS1052,Yersinia,Fusobacterium_A,Terrisporobacter,Acetatifactor,Dielma,CAG-495,Flavonifractor,Lactonifactor,Phascolarctobacterium_A,UMGS1326,Butyrivibrio_A,QAMH01,Methanomassiliicoccus_A,CAG-510,Citrobacter_B,UMGS2037,Paraprevotella,Paraclostridium,Massilistercora,UMGS1491,Clostridium_J,Acetivibrio_A,UMGS1293,Intestinimonas,UMGS1766,HGM11616,CAG-177,Eubacterium_I,UMGS1537,MGYG000004443,UMGS1851,Gordonibacter,Serratia,CAAEEV01,Coprococcus_A,ER4,Sodaliphilus,Duodenibacillus,Prevotella,CAG-288,Lachnospira,UBA4334,Lachnoclostridium_B,UBA3631,HGM11788,Gemmiger,UMGS268,CAG-1024,HGM11530,MGYG000003855,Faecalitalea,UBA5920,Treponema_D,CAG-452,CAG-594
rep784_seed2809	UBA1777,CAG-582,QAMM01,Massilioclostridium,Cellulosilyticum,CAG-349,Klebsiella_A,MGYG000004177,MGYG000004811,Romboutsia,Raoultella,Acutalibacter,Akkermansia,UBA1691,UMGS1279,UMGS929,Zag1,Lachnospira,HGM10836,CAG-95,RUG11198,UBA1737,UMGS1225,HGM13862,Edwardsiella,Ruminiclostridium_E,MGYG000002719,CAG-791,Corynebacterium,UBA5446,Pseudomonas_R,UBA1829,Anaerococcus,UMGS1901,CAG-245,MGYG000000425,Coprococcus_A,Catenibacillus,MGYG000002702,Olsenella,UBA5394,HGM13006,CACZQA01,Anaerofustis,UBA4334,Bacteroides_F,Olsenella_B,Superficieibacter,Bulleidia,CAAHEQ01,GCA-900066755,UMGS599,Negativicoccus,Neisseria,KLE1615,Harryflintia,UMGS973,F082,Moellerella,UBA7488,F0422,DTU089,RF16,MGYG000004660,CAG-390,Parolsenella,Flavonifractor,WRGP01,Robertmurraya,CAG-312,Varibaculum,SFFS01,UMGS1490,Faecalibacillus,Salinicola,Eubacterium_R,RUG13868,MGYG000000674,QANG01
rep785_seed2810	Megamonas,SFHK01,UMGS1472,HGM13222,Erysipelatoclostridium,UMGS1826,CAG-873,HGM13233,QALR01,Stomatobaculum,RUG11200,Enterococcus_C,UBA1829,UMGS680,Pseudomonas_E,CAG-475,Mesosutterella,An172,Pseudomonas_R,Paramuribaculum,UBA1786,Limosilactobacillus,MGYG000004112,Eubacterium,UMGS1312,Niameybacter,MGYG000004094,GCA-900066135,CAG-462,Sodaliphilus,UMGS905,HGM11501,Acidovorax,UBA11517,MGYG000002683,Eubacterium_T,UBA1259,Ruthenibacterium,Catenibacillus,RUG023,Raoultella,Faecalitalea,Lacticaseibacillus,HGM12713,UMGS874,Bariatricus,Ruminiclostridium_E,Chimaeribacter,CAG-791,Olsenella,CAG-594,Amedibacterium,UMGS1071,Fannyhessea,MGYG000004874,CAG-269,Massilistercora,UBA1752,QALS01,CAG-710,CAG-272,UMGS1441,F082,UMGS882,SCN-57-10,WG-1,Methanomassiliicoccus_A,Campylobacter_B,Azonexus,HGM11327,UBA6345,UBA7057,RUG11198,Lachnoclostridium,Firm-11,Bacteroides,Duncaniella,Pygmaiobacter,Bifidobacterium
rep786_seed2811	MGYG000000574,UMGS1633,Collinsella,MGYG000002216,Allisonella,V9D3004,Longibaculum,Neisseria,Phil1,UBA1786,UBA1685,Lawsonella,Gemella,Clostridioides,UMGS2016,UMGS403,UMGS1976,UMGS1071,Duodenibacillus,Actinomyces,Pyramidobacter,Massilioclostridium,MGYG000004172,HGM11417,Victivallis,Citrobacter_B,CAG-917,CAG-302,NSJ-50,Massilistercora,Anaerosalibacter,SFFH01,UMGS946,Stenotrophomonas,Massiliomicrobiota,Coprococcus,F082,Moellerella,Bacteroides,MGYG000000346,Latilactobacillus,HGM14224,CAG-724,HGM11507,HGM11588,CAG-582,51-20,UMGS731,CAG-877,Anaerotruncus,Odoribacter,RUG12045,Slackia_A,UBA1191,Peptostreptococcus,Ligilactobacillus,Amulumruptor,Barnesiella,Nitratidesulfovibrio,UMGS1613,Holdemania,Actinobaculum,UMGS1994,CAG-83,UMGS1384,Hydrogeniiclostridium,Vibrio,Faecalitalea,Parabacteroides,Marseille-P3106,COE1,Bariatricus,Klebsiella_A,Clostridium_B,MGYG000000674,UMGS1572,Epilithonimonas,UMGS1052,UMGS1826
rep787_seed2812	UMGS1663,UBA1711,UMGS1474,Turicimonas,MGYG000004112,UBA11940,Extibacter,Ruminococcus_A,Evtepia,RUG11198,RC9,MGYG000004029,CAG-841,HGM11507,Leptotrichia,Cedecea,MGYG000004660,Olsenella_E,Monoglobus,UBA7488,CABIZH01,Faecalimonas,Streptococcus,HGM11327,Marvinbryantia,Kosakonia,UMGS1370,Phascolarctobacterium_A,Paenibacillus_A,UBA6984,Lachnoanaerobaculum,CAG-110,VUNA01,QALR01,MGYG000004177,Varibaculum,CAG-449,An92,UMGS1540,Ruminococcus,Superficieibacter,UMGS1375,RUG131,MGYG000003970,Criibacterium,Dielma,MGYG000000390,CAG-273,RQCD01,Eubacterium_R,1XD42-69,Succiniclasticum,RUG11247,HGM11808,Klebsiella_A,Pantoea,SFFH01,Peptostreptococcus,Amedibacterium,Mailhella,Neisseria,UMGS1002,UBA4644,AM07-15,Intestinimonas,HGM11514,CAG-822,Enterobacter,UMGS1441,Dysosmobacter,Sutterella,NSJ-38,UBA11512,Plesiomonas,UBA6857,Marseille-P3106,Prevotellamassilia,UBA5446,Megamonas
rep788_seed2813	NSJ-61,Coprobacter,UMGS124,Faecalicoccus,UBA10677,CAG-475,HGM12587,CAG-349,Plesiomonas,UMGS2016,UMGS1253,Ruminococcus_B,Merdibacter,UMGS1004,Eubacterium,HGM11588,UMGS1418,MGYG000000390,MGYG000000745,UMGS1994,UMGS403,Chimaeribacter,F0040,CAG-196,NK3B98,Desulfovibrio,Paraclostridium,Christensenella,Caecibacter,UMGS1783,Peptoniphilus_A,Lawsonibacter,Mixta,SFVR01,Caproiciproducens,RUG115,Akkermansia,UBA1711,UBA945,HGM12789,UMGS268,Alistipes_A,MGYG000002683,MGYG000004127,Phocea,CAG-272,CAG-95,MGYG000000346,UBA11774,MGYG000002010,CAG-451,Butyricimonas,UBA3818,Lactococcus_A,RUG572,Ellagibacter,UBA2882,HGM11514,Veillonella,Flavonifractor,UBA11471,Bilophila,Bacillus_A,Massiliomicrobiota,Clostridium_B,UBA5809,CAG-313,Dysgonomonas,MGYG000000587,Pradoshia,UMGS1370,Faecalitalea,Raoultibacter,UMGS1613,MGYG000002719,Clostridium_N,Anaeroplasma,Eubacterium_M,Ruminococcus_F
rep789_seed2814	Oscillibacter,Amedibacterium,UBA5026,Mobilibacterium,UMGS1388,CAG-196,UMGS1994,Morganella,Lachnoanaerobaculum,Fenollaria,Sellimonas,UBA11524,UMGS692,Pradoshia,F0422,Ruminococcus_E,Dorea,UBA1786,UBA7185,CAG-451,UMGS1338,UMGS1600,UMGS1572,Klebsiella,Anaerocolumna,Johnsonella,Pauljensenia,UBA6984,UMGS1307,CAG-194,Salinicola,Anaerosalibacter,An181,AM51-8,Stoquefichus,NK4A136,UMGS1933,Ruminococcus_D,Oribacterium,Olsenella_E,Agathobaculum,Acutalibacter,Barnesiella,CAG-1000,HGM11788,UMGS1839,CAG-269,UBA5446,S5-A14a,Enterococcus_B,Negativibacillus,CAG-312,CAAEEV01,UMGS1864,Clostridioides,Alloscardovia,Eisenbergiella,RUG472,UBA9475,Longicatena,UMGS1537,GCA-900066495,UMGS1052,MGYG000004133,Brachyspira,Absicoccus,CAG-317,Yokenella,F23-B02,UMGS874,UMGS1375,Leclercia,RUG131,Lactiplantibacillus,Dysosmobacter,Exiguobacterium,Enterocloster,Slackia_A,SFDB01
rep790_seed2815	Enterobacter_A,Citrobacter,Paraprevotella,Anaerofustis,UBA7182,Methanobrevibacter_A,HGM12789,HGM12998,Massilioclostridium,UMGS1976,Acidovorax,CAG-177,UMGS1326,CAG-279,Slackia_A,CAG-724,CAG-533,Murdochiella,Alloscardovia,Frisingicoccus,Companilactobacillus,QALR01,UBA945,Lachnoclostridium_A,MGYG000004171,Stoquefichus,Marseille-P3106,Chimaeribacter,CAG-238,OF09-33XD,UC5-1-2E3,MGYG000000456,Arcanobacterium_A,UBA2856,RUG806,UMGS1004,RUG11247,UBA1181,Haemophilus,UBA6345,UBA6382,Phocaeicola,UBA1777,Marseille-P4683,MGYG000004380,Cetobacterium_A,UMGS268,Eubacterium_M,UBA4372,Blautia,UBA2821,MGYG000003289,Leclercia,UBA1752,UBA5905,Amedibacterium,CAG-41,Erysipelatoclostridium,CAG-1031,Eubacterium_F,Romboutsia,UBA6857,Cutibacterium,UBA1409,CAG-312,Pseudescherichia,Campylobacter,MGYG000001953,Superficieibacter,Lagierella,HGM11588,MGYG000002702,Cloacibacillus,Massilicoli,Enterobacter_D,CAG-460,MGYG000004604,HGM11416,UBA1822
rep791_seed2816	CAG-631,Paramuribaculum,UMGS1490,Enterobacter_A,Pediococcus,CAG-791,Actinomyces,HGM11507,UBA1829,UMGS1781,OM05-12,Peptacetobacter,UBA7702,UBA1685,CAG-177,CAG-390,HGM12587,CAG-841,Dialister,Haemophilus_A,HGM11514,Corynebacterium,Megasphaera,Franconibacter,Ruminiclostridium_E,Peptoniphilus_A,Gemella,UMGS680,Parolsenella,UMGS973,Ruminococcus,Holdemanella,MGYG000000378,Robinsoniella,CAG-495,MGYG000002075,Leclercia,UBA3766,Ruminococcus_E,MGYG000004445,NSJ-32,HGM11327,CAG-475,UMGS1004,Alloprevotella,UMGS1225,UMGS1840,UBA1777,MGYG000002696,UBA1234,UBA6984,TM7x,Lactococcus,Faecalibacterium,Vibrio,NK3B98,Marseille-P4683,Desulfovibrio,UMGS1487,Anaerococcus,HGM12998,DUOT01,UBA9475,MGYG000002685,UMGS1338,Pseudomonas_R,MGYG000004727,QAMH01,UMGS1537,Eubacterium,UBA7597,Anaerocolumna,Methanomassiliicoccus_A,Faecalibacillus,CAG-273,Lachnoclostridium_B,Amedibacillus,UMGS1766,Cellulosilyticum
rep792_seed2817	UMGS2037,Anaerosalibacter,UBA1375,Sneathia,Enorma,UMGS1484,UMGS1279,UMGS1670,UBA4644,Marseille-P4683,Phocaeicola,CAG-510,HGM11788,Ruthenibacterium,Veillonella_A,SFGY01,Raoultella,UMGS1441,Ezakiella,CAG-452,HGM12669,MGYG000004133,F0040,SFDP01,UBA6345,Intestinimonas,UBA10677,UBA4716,MGYG000000378,HGM11417,Limosilactobacillus,UBA1181,NK4A136,HGM11327,HGM11368,SFJ001,Anaerotruncus,UBA7102,UMGS1490,Weissella,UBA10281,UMGS1397,UBA1390,SFMI01,Gemmiger,MGYG000004445,UBA1740,Olsenella_E,TF01-11,Anaeroglobus,CAG-390,CAG-603,MGYG000002758,UMGS1224,Merdibacter,QALW01,Pantoea,CAG-103,Aggregatibacter,Lachnoclostridium_B,UBA2883,Lawsonella,CAAEEV01,UMGS1293,UBA2856,HGM11386,Eubacterium_R,RUG410,CAG-177,Christensenella,UBA9502,Mobilibacterium,CAG-95,UBA1259,Bifidobacterium,Dysosmobacter,Ruminococcus_D,Fusobacterium_C,Eubacterium_T
rep793_seed2818	Paenibacillus_A,Eubacterium_J,Stoquefichus,Sellimonas,Amulumruptor,CAG-110,UMGS874,CAG-582,HGM11507,CAG-917,UBA2883,Odoribacter,Dysgonomonas,MGYG000002719,UMGS1820,Adlercreutzia,HGM13006,UBA5446,QAMX01,Muricomes,Rikenella,Erysipelatoclostridium,CAG-180,Phascolarctobacterium,Paraprevotella,CAG-103,MGYG000000505,Faecalitalea,Beduini,UMGS1312,PeH17,Neobacillus,CAG-1000,UMGS1840,UMGS1623,Peptoniphilus_A,MGYG000001871,HGM11588,Monoglobus,MGYG000004380,Gemella,Aeromonas,Providencia,CAG-617,Dorea,CAG-145,Salinicola,Citrobacter_A,Nitratidesulfovibrio,Butyricicoccus_A,MGYG000004171,QAMH01,Pyramidobacter,Romboutsia,Enterococcus_B,Bilophila,Hafnia,Phocaeicola,Megasphaera,UMGS1477,UBA5884,UBA1711,Coprococcus_A,Frisingicoccus,Bruticola,MGYG000000286,Phocea,UMGS1815,Marseille-P3106,Absicoccus,NC2004,UMGS1591,UBA9475,Phascolarctobacterium_A,HGM11521,Caecibacter,Aneurinibacillus,Clostridium_E,Pseudoruminococcus
rep794_seed2819	Niameybacter,MGYG000002726,Brachyspira,HGM12957,UMGS905,Mediterraneibacter,Neobacillus,Yersinia,Succiniclasticum,Alloprevotella,CAG-314,Massilicoli,MGYG000000505,Lawsonella,CAG-115,MGYG000004380,Garciella,Pygmaiobacter,Haemophilus_D,Chimaeribacter,Caecibacter,Lagierella,MGYG000004874,HGM11808,Slackia_A,HGM14224,Mediterraneibacter_A,DUOT01,Ezakiella,Leuconostoc,CAG-288,Paraclostridium,UMGS882,Hafnia,Faecalicoccus,Leminorella,MGYG000000286,Blautia,Bacillus_J,RUG14107,CAG-462,MGYG000004112,Adlercreutzia,RUG11247,RUG11200,Duodenibacillus,Ruminococcus,HGM11327,Weimerbacter,Veillonella_A,Dysgonomonas,Zag1,OM05-12,Slackia,Lactobacillus,MGYG000000425,UBA1417,Enterobacter_A,JAAYBB01,HGM11521,Pseudescherichia,Bacteroides_F,CAG-1427,Franconibacter,SFVR01,CAG-390,Cellulosilyticum,Megamonas,Enterococcus_C,Stoquefichus,SFDB01,UMGS1472,Salmonella,Murdochiella,UMGS1688,SFMI01,Fusobacterium_B,CAG-1000,Enteroscipio
rep795_seed2820	Eubacterium_F,Phytobacter,UMGS1696,Ruminiclostridium_E,Bacteroides_F,MGYG000002075,TWA4,CAG-41,CAG-1193,HGM12650,MGYG000000587,Gastranaerophilus,CAG-793,Cedecea,UMGS946,1XD42-69,Haemophilus_D,UBA1417,Coprobacillus,Klebsiella_A,CAG-964,Bacilliculturomica,UMGS75,RUG572,Azonexus,Faecalibacterium,UMGS403,Phil1,Olsenella,Klebsiella,UBA7702,SFHK01,Adlercreutzia,UMGS1224,UMGS1994,Intestinibacter,Proteus,UMGS911,Clostridium_AP,UMGS1279,Amedibacillus,NC2004,UMGS1307,Coprococcus_A,Anaerosporobacter,Eikenella,CAG-103,KM106-2,HGM11575,Phocaeicola,Slackia,Streptococcus,Parolsenella,UMGS1388,CAG-841,UMGS1484,CAG-628,UMGS973,Latilactobacillus,UMGS1241,Bifidobacterium,RUG472,Negativicoccus,HGM11521,Mailhella,GCA-900066495,CAG-313,CAG-349,Ruthenibacterium,UMGS1591,MGYG000004172,Fusobacterium_C,Peptoniphilus_E,UMGS1491,MGYG000003305,HGM12713,HGM13634,Clostridioides,Eisenbergiella
rep796_seed2821	Eisenbergiella,Fusicatenibacter,UBA4285,Treponema_D,UMGS1375,Enteroscipio,Pseudomonas,Selenomonas_C,MGYG000001953,Eubacterium_T,Dielma,Varibaculum,HGM11501,UMGS1387,UBA7702,Phascolarctobacterium,MGYG000003970,UCG-010,Aeromonas,Kallipyga,Oxalobacter,UMGS905,Escherichia,KM106-2,UBA1409,Cedecea,CAG-631,CAG-791,Massilicoli,Veillonella_A,CHH4-2,HGM12713,Paraclostridium,NSJ-38,Aneurinibacillus,HGM04593,Enorma,UMGS1338,Chimaeribacter,UBA2856,Niameybacter,Acidovorax,RUG12045,CAG-1000,UBA9475,GCA-900066495,UBA7182,Cetobacterium_A,MGYG000002797,SFFH01,UBA11517,Mobilibacterium,Evtepia,CAG-448,UMGS1253,SFDB01,UMGS1781,UBA945,UMGS1572,Flavonifractor,Lactobacillus,Morganella,Phil1,TWA4,UMGS1490,Anaerostipes,MGYG000000574,UMGS1004,Bruticola,GCA-900066135,Succinivibrio,Lancefieldella,CAG-180,Providencia,UBA1232,CAG-594,Parasutterella,CAG-354,Absicoccus
rep797_seed2822	MGYG000004874,Escherichia,UMGS1690,Alloprevotella,CAG-510,HGM11808,Muricomes,CAG-710,Caproiciproducens,Allisonella,UBA4372,UMGS1491,Slackia,CAG-628,MGYG000000286,CAG-475,UBA3631,Alterileibacterium,UBA5809,CAG-724,UMGS1840,SFFH01,CAAHEQ01,Kluyvera,UMGS1668,Pauljensenia,GCA-900066495,Citrobacter_A,UBA11512,Fannyhessea,Lancefieldella,RUG11247,Faecalibacillus,MGYG000004380,Peptoniphilus_B,NK4A136,QALW01,Moellerella,Eubacterium_F,Anaeroglobus,UBA1740,CAG-1024,CAG-103,QAKD01,UBA636,Pseudescherichia,RUG572,Bacilliculturomica,Dorea,UBA1820,UBA7160,Mediterraneibacter,Senegalimassilia,UMGS973,HGM14224,Olsenella_B,UMGS1338,Gastranaerophilus,Duncaniella,UMGS1820,Sutterella,UMGS1388,CAG-274,Vibrio,UBA6398,Kosakonia,Enterococcus,Murdochiella,SFLA01,CAG-110,UMGS1251,UBA1409,GCA-900066755,UBA9502,Pseudomonas_E,UMGS2037,Anaerocolumna,UBA4871,SCN-57-10
rep798_seed2823	UMGS692,UMGS1293,Franconibacter,UMGS1071,QAKD01,Escherichia,Salinicola,Turicimonas,Prevotellamassilia,Murdochiella,CAG-964,UBA7702,Clostridium_X,Plesiomonas,Enterococcus_C,Klebsiella_A,CAG-831,HGM11575,Anaerosacchariphilus,Gordonibacter,Fannyhessea,Lancefieldella,UMGS1397,MGYG000004229,Holdemanella,Arabia,CAG-710,UMGS1668,F0040,Clostridium_B,Leuconostoc,Acetivibrio_A,UBA10677,Staphylococcus,HGM12789,CAG-603,Frisingicoccus,UMGS1572,UBA11471,CAG-302,Amedibacillus,CAG-462,UBA2856,AM51-8,Veillonella,Weizmannia,Clostridium_P,SFEL01,COE1,Massilimaliae,CAG-411,CAG-170,Blautia_A,Finegoldia,Rahnella,MGYG000002696,UBA866,Pseudomonas_R,CAG-873,UMGS268,CAG-521,Campylobacter,Coprobacter,RUG410,CAG-180,Lawsonella,An181,UBA4285,UMGS1375,UBA5026,Niameybacter,Catenibacillus,Enterobacter,CACZQA01,MGYG000002010,Bariatricus,MGYG000002575,UMGS1688,Enterococcus_B
rep799_seed2824	GCA-900066755,SFHK01,Ruminococcus_E,UBA1737,Fusobacterium_A,Harryflintia,Massilistercora,Stenotrophomonas,UMGS995,1XD42-69,UMGS1668,HGM05232,Butyricicoccus_A,MGYG000003289,Lactococcus,Alistipes,SFDP01,HGM13634,MGYG000002758,MGYG000004177,Clostridium_AQ,Klebsiella_A,Anaerotignum,UMGS172,CHH4-2,UBA3388,Cutibacterium,Megasphaera,CAG-145,UBA6984,UMGS1795,Frisingicoccus,Eubacterium_R,UBA9502,CAG-831,F082,CAG-617,Catenibacillus,MGYG000002216,NC2004,CAG-217,RC9,Lacticaseibacillus,CAG-95,CAG-1000,UBA1375,UBA5416,Franconibacter,Selenomonas_A,Rubneribacter,UBA5884,Eubacterium_M,Muribaculum,Cedecea,CAG-632,CAG-314,Pseudomonas_R,CAG-448,CAG-710,Slackia,Adlercreutzia,Lawsonibacter,SFTJ01,UMGS1933,UMGS1004,CAG-510,UBA6382,HGM04593,UMGS1388,UMGS1591,Cellulosilyticum,Lentilactobacillus,CAG-196,CAG-582,HGM11514,UMGS731,MGYG000000350,MGYG000004380,Anaerosacchariphilus
rep800_seed2825	QAMM01,Johnsonella,HGM13233,OM05-12,GCA-900066135,Olsenella_B,Clostridium_F,QAKW01,An92,Amedibacillus,CAG-127,TWA4,UBA1777,CAG-354,MGYG000003289,Enterocloster,UBA9502,Anaeroplasma,Eubacterium_T,Mesosutterella,Enorma,UBA4716,Murdochiella,UBA3263,Lachnospira,MGYG000003305,UBA3282,UMGS1858,CAG-45,Ruminococcus_E,Phoenicibacter,Salinicola,Ralstonia,QAMH01,Romboutsia,UMGS1572,Paramuribaculum,HGM13010,HGM12650,UMGS1613,UMGS856,Raoultibacter,Psychrobacillus,UBA945,UBA738,Murimonas,Brachyspira,MGYG000002685,UBA5809,UBA1737,CAG-617,Butyrivibrio_A,RUG12045,Firm-07,MGYG000003970,Slackia,Chimaeribacter,QAKS01,Catenibacillus,CAG-411,CAG-180,UMGS1975,CAG-877,Clostridium_N,UMGS1781,Sutterella,Anaerocolumna,HGM11530,Merdimonas,Anaerofustis,Faecalibacterium,HGM13222,UBA4644,HGM13006,UMGS1071,UMGS1933,UMGS2016,HGM11525,Pseudomonas_R
rep801_seed2826	UMGS1224,QALW01,UMGS1613,Azonexus,UBA7173,Corynebacterium,Chimaeribacter,UBA1206,Ruminococcus_E,Slackia_A,Phocaeicola,Dysosmobacter,CAG-462,Victivallis,Raoultella,Duodenibacillus,UBA3263,HGM12650,UBA2856,UMGS1668,Methanomassiliicoccus_A,MGYG000000574,Peptostreptococcus,UBA7102,Leminorella,UMGS124,UMGS1002,Harryflintia,Eubacterium_F,MGYG000003305,Gemmiger,Adlercreutzia,UMGS1326,Mobiluncus,CAG-449,CAG-217,UMGS577,SFEL01,CAG-83,Catenibacterium,An181,AF33-28,Alistipes_A,Companilactobacillus,CAG-964,Caecibacter,UMGS1375,Alterileibacterium,MGYG000003945,Longibaculum,Roseburia,Bacteroides,Cetobacterium_A,UMGS902,UMGS1590,CAG-582,Lachnoclostridium_B,Clostridium_X,Pseudomonas,Oxalobacter,Ellagibacter,Eubacterium_I,Porphyromonas_A,UMGS1600,UMGS1623,GCA-900066495,Neobacillus,Bacilliculturomica,Lactiplantibacillus,Cedecea,UBA1394,CAG-557,Fusobacterium_C,RUG472,UMGS1858,UMGS1251,SFDP01,Clostridium_Q,UBA7160
rep802_seed2827	MGYG000003945,Faecalitalea,Eubacterium_R,Dielma,Ruminococcus,MGYG000003305,Lachnoclostridium,Massilimaliae,SFJ001,CAG-484,UMGS1975,UBA1752,UMGS1826,Intestinibacter,Paenibacillus_A,CAG-145,Beduini,UBA7185,F0040,SFLA01,UBA1232,Weimerbacter,UBA738,Eggerthella,UMGS1253,UMGS1251,Salmonella,Robinsoniella,DTU089,CAG-873,GCA-900066495,Oxalobacter,UMGS1326,RUG131,CAG-245,Porphyromonas,Mediterraneibacter_A,UBA866,Massilicoli,Lacticaseibacillus,Sneathia,Amedibacillus,Massiliomicrobiota,MGYG000002719,Pseudomonas_E,QAKW01,Pseudomonas_R,NSJ-32,CAG-354,Coprobacillus,MGYG000004133,UMGS599,Anaerococcus,Butyrivibrio_A,Faecalibacterium,MGYG000001903,Intestinimonas,Stomatobaculum,UMGS1872,Monoglobus,Rikenella,MGYG000002758,UMGS75,Marvinbryantia,Chimaeribacter,Phytobacter,QALW01,MGYG000002683,Alistipes,Bacteroides_F,UBA5446,CAG-521,UBA5884,MGYG000000745,Enterobacter_A,MGYG000004177,Peptococcus,SFHK01,UMGS692
rep803_seed2828	Sellimonas,Harryflintia,Sutterella,Absicoccus,MGYG000000286,Campylobacter_A,Clostridium_A,UMGS1815,Angelakisella,QAKW01,RUG11198,Parolsenella,An92,UBA11940,Clostridium_F,Allisonella,CAG-177,Enterococcus_B,MGYG000004177,Salmonella,Emergencia,RUG115,Edwardsiella,UBA1731,MGYG000004133,Companilactobacillus,PeH17,Pseudoflavonifractor,Sporanaerobacter,QANG01,CAG-449,Caecibacter,Neobacillus,Methanobrevibacter_A,MGYG000004112,Anaeromassilibacillus,HGM13634,Corynebacterium,UMGS1839,Odoribacter,Anaeroglobus,Longicatena,MGYG000004443,Varibaculum,Senegalimassilia,Lentilactobacillus,UBA3631,HGM11372,HGM11507,Dysgonomonas,CAG-495,Hungatella,MGYG000004229,Lachnoclostridium_B,Paraclostridium,UMGS1071,Massiliomicrobiota,Terrisporobacter,Aneurinibacillus,Rothia,Slackia_A,Muribaculum,Oxalobacter,SFGY01,MGYG000000505,HGM12957,VSOB01,MGYG000002075,UBA940,UMGS1251,GCA-900066905,MGYG000002726,UBA2883,DUOT01,Lachnoclostridium_A,CAG-628,CAG-594,CAG-196,Clostridium_P
rep804_seed2829	Blautia_A,MGYG000001953,MGYG000003289,Enterobacter_D,Holdemanella,Bacillus_A,UMGS1663,UBA2856,Phoenicibacter,Selenomonas_A,HGM13006,GCA-900066135,Clostridium_AP,CAG-762,Paenibacillus_A,Arabia,Clostridium_X,Phocea,Oribacterium,MGYG000004443,CAAHEQ01,Hydrogeniiclostridium,Mailhella,UMGS268,UBA5920,UMGS1976,Lactonifactor,Acidaminococcus,MGYG000003970,Companilactobacillus,UBA2883,D5,UBA1829,UMGS2055,Schaedlerella,Klebsiella_A,UBA1234,VUNI01,UBA11774,UBA1740,UBA3388,UBA3282,SFEL01,QANA01,Anaerosalibacter,CAG-492,UBA3818,QALS01,SFLA01,Amedibacterium,HGM11588,Fusobacterium,CAG-56,UMGS1474,CAG-710,CAG-115,Clostridium_A,UMGS1572,Robinsoniella,CAG-180,Firm-07,UMGS905,Klebsiella,UBA4871,UMGS1690,Sporanaerobacter,CAG-41,SCN-57-10,Erysipelatoclostridium,Raoultibacter,Lachnoanaerobaculum,Marseille-P3106,UBA866,UBA7160,Mobilibacterium,Amulumruptor,Desulfovibrio,UBA1390,WRGP01
rep805_seed2830	RQCD01,Neisseria,HGM11514,MGYG000000378,Neobittarella,HGM13634,Veillonella_A,UMGS1307,Garciella,Mesosutterella,UMGS1253,UBA7182,CAG-485,QAMM01,MGYG000002683,HGM11368,Holdemanella,An181,Caecibacter,UMGS1004,CAG-196,Marvinbryantia,Mediterraneibacter_A,UMGS1933,UMGS1883,Limosilactobacillus,VUNA01,GCA-900066755,MGYG000000505,BX12,F0040,Desulfovibrio,Selenomonas_C,CAG-533,Clostridium_X,UBA1232,Phytobacter,MGYG000003297,F0422,UBA11940,Ellagibacter,UMGS1338,Eubacterium_M,QAMH01,Gemella,HGM11808,Prevotella,Actinobaculum,UMGS1839,UMGS1781,HGM11616,Clostridium_F,UBA3766,HGM11788,Akkermansia,Sneathia,QAMX01,HGM11521,Massilimaliae,Firm-11,Ligilactobacillus,UMGS2016,RUG131,RUG11200,Psychrobacillus,UBA3631,Victivallis,UBA1752,UMGS995,Acinetobacter,UMGS1241,RF16,Haemophilus_D,Faecalimonas,Coprobacillus,UBA1685,UMGS1484,Coprobacter,UMGS1388
rep806_seed2831	UBA11940,Cetobacterium_A,AM51-8,RUG572,MGYG000003970,Corynebacterium,GCA-900066495,Coprococcus_A,Parabacteroides,Acidovorax,CAG-303,CAG-460,Rubneribacter,Enterococcus,Anaerosalibacter,RUG11247,UMGS1670,UBA1731,MGYG000004029,CAG-964,UBA5809,CAG-628,NSJ-38,Alistipes_A,RUG023,RUG11198,Haemophilus_D,HGM13618,GCA-900066905,UBA6382,NK4A136,Ruminococcus_A,HGM11523,Romboutsia,CAG-877,CAG-917,UMGS1795,Firm-10,UMGS1487,UMGS1600,Leminorella,Enterobacter_A,MGYG000001871,TF01-11,Pseudescherichia,An181,Flavonifractor,Edwardsiella,Mixta,Anaerotruncus,Epilithonimonas,UBA7102,Succinatimonas,UMGS1696,Porphyromonas,UBA9506,Slackia_A,Paraclostridium,Akkermansia,UMGS1293,UMGS1225,Ruminococcus_E,Olsenella_B,UMGS1613,Stenotrophomonas,Robertmurraya,UMGS1590,Eubacterium_G,Dialister,Fournierella,MGYG000003297,Ellagibacter,Fusicatenibacter,UBA5446,CACZQA01,Mesosutterella,UBA3631,UBA11774,Ruminococcus_C
rep807_seed2832	Bulleidia,Caproiciproducens,UMGS1472,Paraclostridium,51-20,Fusobacterium_B,UMGS1933,RUG11198,Acetatifactor,MGYG000000346,UBA11512,RUG806,Salmonella,CAG-1031,UMGS1601,Paraprevotella,CAG-724,Pediococcus,Faecalitalea,RUG11247,Aggregatibacter,UBA636,UMGS1880,Terrisporobacter,UMGS1004,Haemophilus,Raoultibacter,SFEL01,Proteus,Anaerobutyricum,Edwardsiella,Peptoniphilus_B,Nitratidesulfovibrio,UMGS966,HGM04593,MGYG000002797,Anaerotruncus,UBA3631,SFJ001,HGM11525,Harryflintia,UMGS1826,Holdemanella,UMGS680,Evtepia,CAG-485,UMGS1633,MGYG000004380,CAG-41,Massilioclostridium,SCN-57-10,SFHK01,Lacticaseibacillus,Alterileibacterium,Mobilibacterium,Slackia,F082,UBA1777,Phocaeicola,Christensenella,UMGS1690,Paraeggerthella,Butyricimonas,UMGS1858,MGYG000003297,CAG-110,Intestinimonas,CAG-631,Cedecea,MGYG000004850,MGYG000000286,Firm-11,Leminorella,HGM11530,Moellerella,UMGS403,Campylobacter_B,Rikenella,Lachnospira
rep808_seed2833	HGM12957,Alterileibacterium,Salinicola,UBA1685,UBA4716,Pseudomonas,Clostridium_A,SFLA01,Klebsiella_A,Oribacterium,Eubacterium_I,MGYG000004445,UMGS577,Moellerella,MGYG000004874,Holdemanella,CAG-831,Neisseria,Klebsiella,COE1,Acutalibacter,UMGS946,CAG-452,Bacteroides_F,Enorma,CHH4-2,Enterococcus_D,CAG-877,Eubacterium_R,CAG-417,UMGS692,Campylobacter,Olsenella_E,CAG-917,UBA1820,MGYG000001903,UMGS1322,HGM12713,MGYG000001871,QAMX01,CAG-288,Succiniclasticum,UBA1390,CAG-45,GCA-900066755,UMGS1840,CAAEEV01,UBA866,CAG-1193,MGYG000002010,Parabacteroides,SFJ001,CAG-81,Intestinibacter,CAG-279,Coprobacter,Enterobacter,NSJ-61,Gordonibacter,Phascolarctobacterium,Phil1,UBA4644,UBA11452,RUG11200,Agathobacter,Coprococcus_A,Longibaculum,An92,Slackia,Fenollaria,UMGS1484,Garciella,Haemophilus_A,UMGS973,Cellulosilyticum,UBA4855,UMGS1540,QAKS01,Mesosutterella
rep809_seed2834	HGM12998,RUG11247,Alloprevotella,Veillonella,CAG-917,Nitratidesulfovibrio,DUOT01,UMGS692,Veillonella_A,CAG-557,AM07-15,Sutterella,Bariatricus,UMGS1865,UBA11774,SFLA01,HGM11417,UMGS1613,Lawsonibacter,Butyricicoccus,Olsenella_B,UMGS1858,UMGS1484,MGYG000002797,MGYG000000350,UBA1181,Amedibacterium,CABIZH01,Eubacterium_F,Negativibacillus,Clostridium_P,Barnesiella,MGYG000000456,Ruminococcus,Massilimaliae,UMGS1670,Lactococcus,CAG-196,UBA9506,HGM11386,HGM13010,CAG-462,CAG-353,CAG-95,Campylobacter,F082,UMGS1241,CAG-460,CAG-127,KLE1615,CAG-245,CACZQA01,Neisseria,MGYG000002075,Brachyspira,Prevotella,Arcanobacterium_A,Merdimonas,Oscillibacter,Lactococcus_A,Edwardsiella,HGM12650,OF09-33XD,Scardovia,HGM11808,CAG-288,Anaerofustis,MGYG000004850,Plesiomonas,Eisenbergiella,UBA5394,HGM13222,Pseudescherichia,UMGS1781,UBA4372,SCN-57-10,MGYG000004171,UBA940,Raoultibacter
rep810_seed2835	UBA1711,Acinetobacter,CAG-56,Acetivibrio_A,Arabia,Olsenella_B,Phocea,CAG-411,Bacillus_J,Sporanaerobacter,Exiguobacterium,CAG-81,MGYG000002696,Eisenbergiella,QAKS01,Edwardsiella,Clostridium_AP,Clostridioides,Clostridium_F,Tidjanibacter,MGYG000002683,MGYG000000728,Enterococcus,MGYG000000456,UMGS1901,CAG-303,UMGS1858,UMGS2055,Eubacterium,Mobiluncus,Gordonibacter,MGYG000003270,MGYG000004850,Massilioclostridium,Superficieibacter,Bacteroides_F,CAG-884,UBA4716,Cetobacterium_A,Hafnia,PeH17,UMGS577,Akkermansia,MGYG000000745,Chimaeribacter,Arcanobacterium_A,Olsenella_E,Eubacterium_I,Haemophilus_A,Moellerella,Faecalimonas,UBA7185,CAG-302,Ralstonia,Fournierella,An181,Cellulosilyticum,UBA10281,SFDB01,Eubacterium_F,Clostridium_A,UMGS1766,CAG-882,Marvinbryantia,Actinomyces,MGYG000004029,UBA7488,Lachnospira,Sutterella,MGYG000004094,UBA1234,CABIZH01,Coprobacter,UBA3263,UMGS1810,Anaeroglobus,UMGS1484,Ruminococcus,MGYG000000350
rep811_seed2836	UMGS1933,Granulicatella,CAG-793,UMGS1004,Megamonas,UBA1191,Sneathia,Rothia,Ezakiella,Raoultella,MGYG000004556,Absicoccus,UBA9502,Mediterraneibacter_A,Peptoniphilus_B,UMGS1591,Fusobacterium_B,MGYG000004727,MGYG000004811,UBA5416,UMGS2055,UMGS1839,MGYG000004380,UBA3388,UBA3766,Peptoniphilus_A,NK3B98,Staphylococcus,UMGS599,CAG-302,Collinsella,MGYG000004061,Enterobacter_D,UMGS1688,HGM11416,RUG023,Fusobacterium_C,Anaerocolumna,HGM11501,OF09-33XD,Peptoniphilus_C,CABIZH01,UMGS680,UBA5394,Dorea_A,Ruminococcus_C,Robertmurraya,MGYG000002797,UC5-1-2E3,Paraeggerthella,CAG-488,F23-B02,UBA1685,Niameybacter,MGYG000002216,HGM13862,UBA3818,MGYG000003945,QANG01,Eisenbergiella,Lachnoanaerobaculum,Limosilactobacillus,Anaerosporobacter,Mobilibacterium,UBA6345,MGYG000003855,UMGS856,Gordonibacter,Victivallis,CAG-217,Weimerbacter,UMGS1623,Megasphaera,Clostridioides,NSJ-61,Lentilactobacillus,MGYG000002683,UMGS75,MGYG000004874
rep812_seed2837	UBA1181,Staphylococcus,Akkermansia,Phascolarctobacterium_A,UMGS1518,MGYG000003855,CAG-353,CAG-354,Salinicola,Pseudobutyrivibrio,CAG-460,Stenotrophomonas,BX12,UBA1829,SFGY01,Coprococcus,Superficieibacter,MGYG000002702,Dorea_A,Faecalibacterium,CAG-521,UMGS1783,MGYG000004133,Anaerosacchariphilus,MGYG000000346,HGM11525,HGM12650,UMGS1279,UBA7597,UBA644,NC2004,UMGS1224,Adlercreutzia,UMGS1690,Corynebacterium,Evtepia,Murimonas,Azonexus,UMGS731,RUG023,Clostridium_F,CAG-41,HGM11501,Neobacillus,HGM13634,CAG-495,Fusicatenibacter,Desulfovibrio,SFDB01,Bacteroides,UMGS929,UMGS268,Cronobacter,Escherichia,MGYG000002575,Marseille-P3106,UMGS1370,HGM12957,UBA1777,AM07-15,UBA7057,Leminorella,Terrisporobacter,CAG-877,Oribacterium,MGYG000000587,Limosilactobacillus,RUG572,CAG-81,UBA940,Borkfalkia,Paraeggerthella,Atlantibacter,Anaerococcus,Enterococcus_D,UBA1786,CAG-1000,Sodaliphilus,MGYG000004850
rep813_seed2838	TWA4,Eubacterium_F,HGM12650,Mitsuokella,MGYG000004171,CAG-449,UMGS1590,Latilactobacillus,Pseudoruminococcus,UMGS1688,Exiguobacterium,Actinomyces,Mediterraneibacter_A,UMGS124,Faecalicoccus,CAG-582,Anaeroglobus,Ruminococcus_F,Veillonella,Sellimonas,Lancefieldella,SFLA01,CAG-353,UBA6984,UMGS1253,UMGS1810,Agathobacter,MGYG000000350,D5,Emergencia,Nitratidesulfovibrio,Bittarella,UMGS577,UMGS1975,F0040,Holdemania,HGM10836,Phocaeicola,Gastranaerophilus,CAG-1193,UMGS1472,MGYG000004547,CAG-452,CAG-110,Weimerbacter,HGM11616,Haemophilus_D,Dysgonomonas,UMGS731,CAG-841,UMGS692,Pseudescherichia,Methanobrevibacter_A,Enterobacter_A,UC5-1-2E3,CAG-41,UMGS1670,Senegalimassilia,HGM11507,Yersinia,MGYG000002702,UBA7702,UBA1259,Mesosutterella,UBA7182,CAG-776,CAG-791,CAG-317,Firm-11,RUG572,Ligilactobacillus,Fenollaria,MGYG000002719,UMGS1633,Dorea_A,Clostridium_A,CAG-103,MGYG000004061,GCA-900066135
rep814_seed2839	Turicibacter,HGM05232,UMGS1484,Robinsoniella,Paenibacillus,UMGS1901,CAG-451,Bacillus_J,UBA11940,Peptoniphilus_E,CAG-484,UBA3282,Brachyspira,Intestinimonas,UBA1390,Dielma,MGYG000004445,UBA1417,Zag111,UMGS1572,QAKS01,UBA6345,Porphyromonas_A,UMGS1591,Stomatobaculum,Olsenella_E,An172,SFJ001,Merdibacter,Phascolarctobacterium,Limosilactobacillus,SFDB01,MGYG000002075,CAG-110,HGM11575,Granulicatella,Psychrobacillus,CAG-390,SFDP01,Actinobaculum,UMGS911,Cloacibacillus,Anaerocolumna,Haemophilus,WG-1,Faecalicoccus,MGYG000002719,Holdemania,UMGS1474,Agathobaculum,Lachnoclostridium_B,UMGS1490,OF09-33XD,UMGS1375,UBA738,UMGS599,UC5-1-2E3,Proteus,Ruminococcus_E,Clostridium_E,UMGS2016,WRGP01,UMGS363,Amedibacillus,UBA7173,Stenotrophomonas,Fournierella,MGYG000004127,CAG-884,CAG-269,RF16,UMGS1202,Bacillus_A,UMGS1532,HGM13010,RUG131,UMGS1611,HGM11514,UBA7160
rep815_seed2840	43-108,Phoenicibacter,UBA4334,CAG-95,Psychrobacillus,RF16,Caecibacter,Flavonifractor,Eubacterium_I,Succinivibrio,UBA4871,MGYG000001871,Haemophilus,1XD42-69,UMGS1224,MGYG000002719,Acidaminococcus,Garciella,CAG-274,Criibacterium,QAMH01,UBA3263,HGM11514,UBA1417,UBA4644,Bacillus_J,Lactiplantibacillus,HGM11416,HGM14224,SFGY01,UMGS2055,UBA1181,PeH17,CAG-1000,Kallipyga,RUG420,Plesiomonas,Rahnella,UBA7160,UBA6398,QAMM01,Eubacterium_G,Intestinimonas,Faecalimonas,Weissella,NSJ-62,CAG-791,Olsenella_E,Ruminococcus_C,Slackia,D5,MGYG000004874,SFJ001,DTU089,HGM11417,UMGS2016,UMGS1858,Enterobacter_A,Eggerthella,MGYG000004094,UMGS680,CAG-617,UMGS1590,Enterococcus_C,Niameybacter,Lacticaseibacillus,UMGS1202,MGYG000000574,MGYG000001953,UMGS75,HGM11368,Pyramidobacter,Clostridium_F,RQCD01,UBA5394,UBA11452,Pseudescherichia,CAG-462,Sporanaerobacter
rep816_seed2841	Haemophilus,RC9,Extibacter,Mediterraneibacter_A,RUG420,UMGS1611,Granulicatella,QAMM01,Ligilactobacillus,UBA7185,UBA10281,MGYG000003297,UBA1685,MGYG000004445,Enterobacter,UMGS1590,HGM11616,MGYG000004811,Anaeroplasma,TM7x,Pseudomonas_E,Phascolarctobacterium_A,UBA1740,Massilimaliae,MGYG000000505,CABIZH01,Clostridium,Christensenella,Succinatimonas,HGM11523,Cloacibacillus,SFEL01,CAG-762,UMGS577,Veillonella_A,UCG-010,UMGS1251,SFDB01,Massilistercora,Ezakiella,UBA3388,CAG-841,PeH17,Alistipes,UMGS1397,Massilicoli,CAG-110,Anaeromassilibacillus,UBA9475,Roseburia,Intestinibacter,UMGS1696,UBA1234,JAAYBB01,Enterococcus_G,UBA10677,MGYG000000728,Ruminococcus,Mediterraneibacter,UBA7702,Salmonella,UMGS911,UMGS731,ER4,Clostridium_Q,MGYG000000745,Anaerotruncus,Phil1,Slackia_A,Weizmannia,CAG-452,CAG-1193,HGM13010,Lancefieldella,AF33-28,CAG-791,Bacillus_A,Paraclostridium,CAG-557
rep817_seed2842	Fusobacterium,UMGS1052,UBA7173,UMGS1766,UBA11471,RUG11198,CAG-145,Enterococcus_G,UMGS874,Selenomonas_C,MGYG000000390,Olsenella,HGM13010,RUG13868,CAG-710,Lactococcus,Collinsella,Stomatobaculum,UMGS1815,Phocaeicola,RUG11247,UMGS2055,Fusobacterium_B,CAG-594,Methanobrevibacter_A,Anaerostipes,Peptoniphilus_C,UMGS905,NSJ-50,CAG-917,Yokenella,Borkfalkia,MGYG000002216,F082,Terrisporobacter,CAG-103,UBA11512,JAAYBB01,HGM14224,Epilithonimonas,Lactonifactor,Alloscardovia,SFHK01,Pluralibacter,UMGS577,Peptoniphilus_B,Dorea,RF16,UBA1829,MGYG000000745,Azonexus,MGYG000004445,Turicimonas,UBA5905,Phil1,Weimerbacter,SFMI01,Stenotrophomonas,UBA4716,Porphyromonas,Fusobacterium_A,UBA11774,Sellimonas,Cellulosilyticum,HGM11808,UMGS1370,UBA1731,Eubacterium_J,UBA9475,HGM12587,Massilimaliae,UMGS1851,QANG01,UBA9506,HGM04593,CAG-484,QAKW01,Gemella,CAG-245
rep818_seed2843	Neobittarella,Mobilibacterium,UMGS856,Weimerbacter,UMGS403,Scardovia,UMGS1225,Slackia,Lactiplantibacillus,MGYG000000350,MGYG000000745,MGYG000003270,MGYG000004112,UMGS75,MGYG000002702,Rubneribacter,UBA1206,Phoenicibacter,GCA-900066135,Arcanobacterium_A,UMGS1052,UBA10281,MGYG000003289,CAG-272,MGYG000000378,Coprococcus,Pseudoflavonifractor,HGM12789,MGYG000004556,TWA4,HGM11501,Muribaculum,Acetivibrio_A,Clostridium_P,Phocea,Alloprevotella,Methanosphaera,UBA4871,CAG-762,Dialister,Holdemanella,MGYG000004229,UMGS1487,Cronobacter,Pediococcus,Bacillus_A,Cellulosilyticum,CAG-110,Fenollaria,UMGS1532,UMGS1864,Morganella,CAG-279,Acidaminococcus,Oxalobacter,Pseudobutyrivibrio,CAG-841,MGYG000000728,UBA7597,Butyricimonas,CAG-145,Collinsella,MGYG000000286,CAG-631,1XD42-69,CAG-353,CAG-791,Sneathia,UMGS1668,Ralstonia,UBA3631,Bacillus_J,Lachnoanaerobaculum,UMGS1241,HGM11372,CAG-390,HGM11616,UMGS882,SFGY01
rep819_seed2844	CABIZH01,Anaeromassilibacillus,UMGS911,Parvimonas,Lachnoclostridium_B,Hafnia,UBA7597,Gemella,UBA1786,Faecalibacillus,UMGS1858,KLE1615,UMGS1600,CAG-103,CAG-877,UBA1711,MGYG000004727,Acidaminococcus,Chimaeribacter,HGM11416,CAG-302,Olsenella_B,Robertmurraya,UMGS1933,UBA1685,UMGS1781,Eubacterium_J,Yersinia,Cronobacter,QANG01,CAG-628,UMGS2037,Campylobacter_B,CAG-521,Intestinimonas,UMGS1901,MGYG000002726,RUG11247,UBA9506,UMGS1810,F082,Agathobaculum,UBA9475,Marvinbryantia,Romboutsia,Lachnospira,Phocaeicola,CAG-485,Plesiomonas,CAG-411,MGYG000001871,Fannyhessea,Anaerobutyricum,Phascolarctobacterium,MGYG000004127,UBA1691,CAG-449,MGYG000002702,UBA4285,UBA737,UMGS882,CACZQA01,Ruminococcus_E,Lacticaseibacillus,Evtepia,Anaeroglobus,Klebsiella,Barnesiella,CAG-274,MGYG000003945,Enteroscipio,Salinicola,Peptococcus,Frisingicoccus,HGM13618,HGM12669,CAG-762,UBA7160,Paraclostridium
rep820_seed2845	CAG-1427,Marseille-P3106,Leminorella,HGM11588,RUG14107,MGYG000000728,MGYG000002053,UMGS1572,Anaerosporobacter,Paenibacillus_A,UMGS1591,S5-A14a,Leclercia,CAG-485,Ruminococcus_E,QAMH01,CAG-217,Butyricicoccus,Stenotrophomonas,Longibaculum,Beduini,Eubacterium,HGM11808,Granulicatella,UBA940,UBA11471,Anaeroglobus,UBA5416,VUNI01,Roseburia,Lactococcus,HGM13862,UMGS1623,TF01-11,CAG-465,CAG-1193,CAG-288,UMGS1052,Anaeromassilibacillus,CAG-279,Prevotellamassilia,CAG-475,Peptoniphilus_B,UBA1409,Kallipyga,Coprobacillus,Bariatricus,Murimonas,MGYG000002685,UMGS1388,UMGS599,UBA11940,NK3B98,CAG-594,UBA4334,Odoribacter,Lachnospira,UMGS1783,WRGP01,CAG-349,UBA1375,Coprococcus,Robinsoniella,UBA9506,Eubacterium_J,UBA1737,UBA3766,Bittarella,MGYG000003305,UBA11512,Hafnia,Peptacetobacter,UBA1390,UBA6984,UBA9475,UBA4871,UBA6857,RUG131,NSJ-63
rep821_seed2846	UBA5920,UBA5416,UMGS1418,Lactococcus,Eikenella,CAG-632,UMGS75,UBA4855,Slackia_A,Mitsuokella,Klebsiella_A,Acinetobacter,UMGS1781,CAG-312,Collinsella,UBA9506,CAG-45,Parolsenella,Peptacetobacter,Mediterraneibacter,SFFS01,Massiliomicrobiota,HGM11368,QAMX01,Enterococcus_A,Coprobacter,UMGS1865,UMGS1225,UBA4871,NSJ-32,MGYG000004133,UBA11774,Firm-10,MGYG000000425,Negativicoccus,Staphylococcus,UBA6984,Acetatifactor,Phascolarctobacterium,Enteroscipio,UMGS2055,MGYG000002010,UBA5026,UMGS1690,Megasphaera,CACZQA01,Rothia,RUG11198,UMGS1532,CAG-873,NSJ-62,UMGS1826,UBA4644,Haemophilus,Zag111,Succinivibrio,CAG-710,UBA636,Dorea_A,Butyricicoccus_A,CAG-1427,UMGS1603,UMGS1279,Enterocloster,Pygmaiobacter,HGM11386,UBA1820,Campylobacter_B,RUG806,SFFH01,VUNA01,CAG-449,UMGS1633,Porphyromonas_A,MGYG000000390,Lactiplantibacillus,MGYG000002683,Finegoldia,Muricomes
rep822_seed2847	UBA7102,Atlantibacter,Coprococcus_A,Merdimonas,Eubacterium_T,Morganella,Weimerbacter,HGM11530,CAG-81,UMGS1322,UMGS599,UMGS1109,Faecalitalea,Anaerococcus,Prevotellamassilia,CAG-145,UMGS966,Corynebacterium,Neobittarella,QAMX01,Varibaculum,MGYG000004127,Clostridium,UMGS1474,MGYG000002075,UMGS692,HGM11523,Rikenella,Enterococcus_A,RUG100,CAG-873,UBA738,Roseburia,CAG-724,Lactobacillus,Clostridium_B,UMGS1491,Alloscardovia,UMGS1858,UMGS902,UMGS1600,HGM11507,RF16,UMGS1375,Faecalibacterium,Clostridium_J,UMGS1253,UMGS1338,UMGS1696,Parvimonas,GCA-900066905,Campylobacter_A,HGM05232,Klebsiella_A,Hafnia,UMGS403,CAG-354,UMGS577,Harryflintia,CAG-631,UBA9475,KLE1615,MGYG000002696,HGM11417,UBA3818,UBA644,Criibacterium,D5,CAG-177,Actinobaculum,UBA1232,HGM12789,Merdibacter,UBA5394,UMGS856,Evtepia,HGM11575,HGM12650,RUG12045
rep823_seed2848	KM106-2,RUG806,UMGS1540,Massilicoli,CAG-274,Pseudomonas_E,HGM11616,HGM11521,UBA7488,CAG-302,Lactonifactor,UBA11774,F082,VUNI01,Exiguobacterium,GCA-900066495,UMGS1889,UMGS1633,UMGS1865,CAG-488,Dorea_B,MGYG000002797,Pediococcus,MGYG000004061,Coprobacillus,Rothia,Eubacterium_J,Corynebacterium,CAG-245,Clostridium_X,Robertmurraya,Anaerostipes,Anaeroglobus,Dysosmobacter,Brachyspira,GCA-900066905,HGM13634,Ligilactobacillus,MGYG000004094,RUG11247,Phocaeicola,Salmonella,UMGS1477,UMGS973,Pseudobutyrivibrio,Succiniclasticum,Raoultibacter,Eubacterium_M,CAG-313,Clostridium_J,Enterocloster,MGYG000004850,HGM12650,RUG14107,COE1,UMGS1537,UBA1820,UMGS1976,MGYG000000674,UBA10677,Stomatobaculum,Pseudomonas_R,KLE1615,UBA1822,Butyricicoccus,UBA644,UMGS946,RUG11198,Peptoniphilus_C,MGYG000003855,Phascolarctobacterium,Ruminococcus_G,RQCD01,BX12,SFDP01,HGM04593,MGYG000004133,UMGS1202,MGYG000002758
rep824_seed2849	SFHK01,Bruticola,UMGS1883,Pseudobutyrivibrio,HGM12669,Murimonas,CAG-274,Intestinibacter,UBA7185,Yokenella,Criibacterium,Lachnoanaerobaculum,CAG-964,Paenibacillus,HGM11588,CAG-510,MGYG000003289,QALS01,OF09-33XD,HGM12789,CAG-1427,UBA5884,CAG-145,UMGS1225,MGYG000002758,CAG-45,Anaerofustis,CAG-762,MGYG000001871,UBA738,CAG-1000,Finegoldia,Megasphaera,UMGS1279,HGM11327,HGM12814,MGYG000004547,Latilactobacillus,MGYG000003970,F0422,Roseburia,Paramuribaculum,UBA1417,HGM11417,MGYG000002010,Stenotrophomonas,UMGS731,UMGS1858,CAG-180,Massilimaliae,UBA7488,UBA1259,Turicimonas,CAG-603,Clostridium_AQ,An172,Limosilactobacillus,UBA1232,Serratia,UMGS1326,UMGS995,Acutalibacter,TWA4,Stomatobaculum,UMGS1491,Peptococcus,UMGS1109,HGM04593,Paraeggerthella,MGYG000004061,MGYG000000350,Clostridium_A,Monoglobus,Fusicatenibacter,QALW01,Anaerosporobacter,Pseudescherichia,Robinsoniella,HGM11788
rep825_seed2850	Coprobacillus,Ruthenibacterium,Eubacterium_I,UBA7185,Schaedlerella,UMGS1397,Cronobacter,MGYG000002719,An181,Fusobacterium_C,SFJ001,Dielma,Vibrio,UMGS1540,Leminorella,Fusobacterium_B,UBA1417,RUG13868,UMGS1537,MGYG000003289,Chimaeribacter,CAG-417,Bilophila,GCA-900066135,Massiliomicrobiota,RQCD01,Anaerobutyricum,Massilimaliae,Alistipes_A,CAG-793,CAG-451,CAG-288,UBA1822,UBA7488,GCA-900066905,MGYG000000674,TWA4,Clostridium_N,CAG-194,Phil1,Succiniclasticum,Ralstonia,Yersinia,Clostridium_X,Fournierella,Romboutsia,UMGS1487,RUG11247,GCA-900066495,Epilithonimonas,Marseille-P3106,An172,CAG-45,Acidaminococcus,MGYG000000387,Serratia,CAG-1000,Eubacterium_M,UBA5026,CAG-882,RUG11198,UMGS1994,MGYG000002216,Lactonifactor,MGYG000002683,Raoultella,UMGS1766,NSJ-50,CAG-170,Arcanobacterium_A,DUOT01,Kosakonia,Coprococcus,UBA7748,Atlantibacter,Eubacterium_J,Faecalitalea,UMGS692,Paraprevotella
rep826_seed2851	UMGS1889,SFFS01,RUG12045,HGM11327,Stenotrophomonas,Lawsonibacter,HGM11616,Amulumruptor,Anaerostipes,Plesiomonas,Fenollaria,MGYG000003289,CAG-964,UMGS1858,UBA9506,UBA1206,Haemophilus,CAG-448,Duodenibacillus,CAG-521,Hungatella_A,UMGS1490,UBA4855,UBA6984,Pyramidobacter,MGYG000002758,Aeromonas,MGYG000004604,CAG-465,MGYG000004380,Clostridium_A,TWA4,UMGS1810,UMGS1696,HGM13233,UBA3402,Lactococcus,Dorea,CAG-484,CAG-475,MGYG000004556,Brachyspira,Nitratidesulfovibrio,Johnsonella,MGYG000004133,Anaerotignum,UMGS1976,CAG-288,UBA9475,Fusobacterium_C,UBA1375,Clostridium_Q,Fusobacterium_B,HGM11808,CAG-273,UMGS1477,OF09-33XD,UBA4285,UBA1740,SFLA01,Longicatena,Lachnoclostridium_B,Eubacterium_J,UBA11940,UMGS1663,NSJ-38,MGYG000001903,Rahnella,Methanomassiliicoccus_A,HGM04593,UMGS692,Acidovorax,F23-B02,Firm-11,Hydrogeniiclostridium,Clostridium_B,CAG-45,CAG-56,Selenomonas_A
rep827_seed2852	HGM12814,Eggerthella,Paraeggerthella,Akkermansia,QALR01,CAG-180,OF09-33XD,UBA1181,Mediterraneibacter_A,Veillonella_A,UBA1394,UMGS1225,Oxalobacter,AM51-8,Faecalimonas,Clostridium,CAG-495,CAG-582,F082,UMGS874,Bittarella,NSJ-63,RUG115,MGYG000000505,NSJ-38,Dorea,UMGS1388,UBA1740,Duncaniella,CAG-521,HGM13862,Aggregatibacter,Haemophilus,Raoultibacter,HGM11507,UBA9414,CHH4-2,51-20,Butyrivibrio_A,Sodaliphilus,Eubacterium_I,Selenomonas_A,CAG-41,Phoenicibacter,UMGS1572,Arcanobacterium_A,Campylobacter,RC9,Fusicatenibacter,UMGS1307,Massilicoli,QAMM01,QAKD01,UBA866,Anaerotruncus,CAG-313,HGM13634,Bariatricus,MGYG000003490,Johnsonella,CAG-877,Eisenbergiella,Parasutterella,DUOT01,RUG11200,Cloacibacillus,Azonexus,UMGS1441,Kosakonia,HGM11416,Rubneribacter,UBA5446,UBA6382,Paraclostridium,Anaerofustis,Turicimonas,UMGS1537,CAG-710,UBA7102
rep828_seed2853	MGYG000004112,Collinsella,CAG-83,Enterococcus_C,CAG-313,Dorea_B,Leuconostoc,UMGS1633,CAG-793,S5-A14a,UMGS1668,Anaerotruncus,UMGS1109,MGYG000004556,MGYG000004874,Olsenella_E,Neobittarella,SFMI01,Bacilliculturomica,Ruminococcus_C,Ralstonia,CAG-317,V9D3004,Massilicoli,Prevotellamassilia,UMGS966,UBA1752,Paenibacillus,CAG-354,Ruminococcus_B,CAG-411,Borkfalkia,CAG-312,Peptoniphilus_C,UMGS1603,MGYG000000350,UBA6984,CAG-492,CAG-81,UMGS2055,Desulfovibrio,CAG-273,UMGS1613,Dorea,Akkermansia,GCA-900066905,Arcanobacterium_A,HGM12814,Negativicoccus,Citrobacter_A,Ruminococcus_G,Ligilactobacillus,UMGS1253,Murimonas,CAG-127,CAG-245,MGYG000003289,Aggregatibacter,QAMM01,Psychrobacillus,UBA5809,Zag111,Phil1,UMGS1279,Coprobacillus,Mitsuokella,HGM11530,UBA11940,Staphylococcus,QANA01,Erysipelatoclostridium,Paenibacillus_A,CAG-710,UMGS1840,Peptoniphilus_B,UBA2856,Lawsonella,UMGS1690,UBA866
rep829_seed2854	Angelakisella,SFJ001,UMGS1387,Eisenbergiella,SFGY01,D5,Campylobacter_A,COE1,UMGS731,Faecalibacterium,UBA6984,Muribaculum,Olsenella_B,CAG-762,HGM11523,RUG14107,Sneathia,UMGS1338,Aggregatibacter,VUNI01,Streptococcus,GCA-900066905,Gabonibacter,CAG-170,Enteroscipio,Providencia,Coprococcus_A,Pseudomonas_R,UMGS1839,Anaeroglobus,Olsenella_E,Eubacterium_F,UMGS1370,Lactonifactor,Hungatella,Eubacterium_J,CAG-302,Acidovorax,Peptoniphilus_B,Fournierella,SFDP01,Klebsiella_A,CAG-793,MGYG000001871,Vibrio,Neisseria,UMGS1307,MGYG000000286,Cetobacterium_A,Parabacteroides,CAG-557,Porphyromonas_A,Longibaculum,MGYG000004660,UMGS1781,UBA11940,HGM11588,CAG-177,UBA636,Sporanaerobacter,Firm-11,Enterococcus,Dysosmobacter,Turicimonas,NSJ-50,UMGS1901,Ligilactobacillus,UMGS2037,MGYG000000390,Harryflintia,Extibacter,UBA11774,CAG-145,UMGS1484,UMGS1397,UMGS1590,UMGS599,UMGS1312,SFEL01
rep830_seed2855	Merdibacter,Methanobrevibacter_A,Arabia,UBA3631,Merdimonas,UBA10281,UMGS1864,MGYG000004850,UBA1829,Borkfalkia,CAG-83,Paraclostridium,Selenomonas_A,RUG806,Enorma,Slackia,Mediterraneibacter,Eggerthella,BX12,UBA7160,CAG-452,CAAHEQ01,Eubacterium_T,UBA7173,QALR01,Exiguobacterium,CAG-302,Oxalobacter,Kluyvera,VSOB01,SFFH01,CAG-488,CAG-145,Lactonifactor,Anaerobutyricum,Leuconostoc,MGYG000002010,Cetobacterium_A,Kallipyga,UMGS1590,CAAEEV01,Bulleidia,Marvinbryantia,CAG-617,Murimonas,Rubneribacter,CAG-451,Oscillibacter,Ruminococcus_F,Coprobacter,Enterobacter_D,Anaeroglobus,CAG-590,F082,Clostridium_AQ,MGYG000004811,Odoribacter,Methanosphaera,UMGS1487,UMGS1490,CAG-288,HGM14224,Anaerocolumna,UBA644,UMGS1202,UMGS1623,Butyrivibrio_A,43-108,Arcanobacterium_A,MGYG000000387,Intestinibacter,Alistipes_A,Longibaculum,UBA3766,UBA738,VUNA01,RUG572,HGM11808,MGYG000003490
rep831_seed2856	1XD42-69,UBA2883,UBA5920,Epilithonimonas,Faecalimonas,UBA4716,UBA1737,Lactiplantibacillus,UBA3402,UMGS1370,MGYG000000587,CAG-274,Alterileibacterium,HGM11327,UBA4855,HGM11372,UMGS1613,Bacillus_A,RUG131,Lactococcus_A,Olsenella_B,Vibrio,Garciella,QALW01,Clostridium_A,Sellimonas,UBA1711,Paenibacillus,SFHK01,MGYG000003490,Blautia_A,UMGS929,Bulleidia,UMGS75,Acetivibrio_A,UBA7597,Massilicoli,Campylobacter,HGM12814,SFEL01,MGYG000004660,UBA7057,Eubacterium_G,UBA4334,F082,Succinivibrio,CAG-603,Peptococcus,GCA-900066755,MGYG000004604,Enterobacter,Anaeroplasma,UBA3263,CAG-411,CAG-485,UBA7160,Catenibacillus,MGYG000004171,WG-1,Longibaculum,Enterococcus_A,CAG-317,RUG806,Anaerosacchariphilus,Nitratidesulfovibrio,Agathobaculum,Pseudomonas,Rahnella,Olsenella_E,UMGS1397,UMGS1388,Olsenella,Acutalibacter,WRGP01,Peptoniphilus_B,UMGS1418,Peptoniphilus_E,Rothia,QALR01
rep832_seed2857	F23-B02,Yersinia,UMGS1253,Kosakonia,Scardovia,UBA1417,UMGS1889,NSJ-61,Hungatella_A,UMGS1690,Leminorella,UMGS1472,UBA3263,CAG-288,UBA10281,Brachyspira,Enterococcus_B,S5-A14a,UMGS1858,Clostridioides,RUG13868,MGYG000004547,Phascolarctobacterium_A,Leptotrichia,An172,MGYG000002702,Pediococcus,Mailhella,AM07-15,Rikenella,Leuconostoc,UMGS1293,Faecalitalea,MGYG000003490,Weimerbacter,CAG-317,RUG806,Lactiplantibacillus,UMGS1384,Hungatella,TF01-11,UMGS1202,Dysgonomonas,UBA4372,CAG-724,Stenotrophomonas,UBA1777,Neobacillus,Cetobacterium_A,CAG-302,Enterobacter,CAG-841,Slackia,UBA5905,SFJ001,CABIZH01,Alistipes,CAG-194,Gemmiger,MGYG000003945,UMGS363,Olsenella,F082,UMGS1872,1XD42-69,RUG572,RUG115,CAG-603,UBA9506,Lacticaseibacillus,V9D3004,An181,Merdibacter,RQCD01,Alloscardovia,CAG-279,UMGS1781,Clostridium_E,Catenibacterium
rep833_seed2858	CAG-302,UMGS1976,MGYG000002702,Yersinia,MGYG000002075,RUG410,Faecalimonas,MGYG000003490,UMGS1572,Peptococcus,Olsenella_B,MGYG000000745,CAG-465,UBA10677,Bacteroides,SFFS01,UMGS1826,UMGS1537,Enterobacter,UMGS268,CAG-81,Bacillus_J,CAG-314,UMGS680,UMGS1540,Parasutterella,OF09-33XD,Eubacterium_R,MGYG000002696,Arabia,Citrobacter,Coprococcus_A,Psychrobacillus,Firm-07,Cutibacterium,Coprococcus,Arcanobacterium_A,CAG-877,Frisingicoccus,CAG-1000,Peptacetobacter,Bruticola,Acetivibrio_A,Plesiomonas,UMGS1613,Methanomassiliicoccus_A,MGYG000002758,Muribaculum,UMGS1002,UBA11940,CAG-510,Sneathia,UMGS1312,MGYG000004061,TWA4,CAG-791,MGYG000002719,Hungatella_A,Gemmiger,UBA1390,Porphyromonas_A,HGM11788,Robertmurraya,Duodenibacillus,Blautia,UMGS1601,HGM12669,UMGS75,CAG-194,Anaeroplasma,Clostridium_F,Cedecea,HGM12650,HGM12814,Ruminococcus_C,UBA1181,UBA7173,MGYG000004094,CAG-238
rep834_seed2859	UMGS1375,UMGS1601,UMGS731,MGYG000003305,Eubacterium_M,Oscillibacter,CAG-274,UMGS1611,Pseudomonas_R,CAG-83,Romboutsia,Salinicola,Christensenella,Pyramidobacter,Allisonella,Caecibacter,MGYG000002683,Olsenella_B,Anaerobutyricum,RUG11200,UMGS577,CAG-460,MGYG000004874,UMGS1388,HGM13010,HGM11788,AM51-8,Eubacterium_G,UMGS1477,Massilioclostridium,Aggregatibacter,UMGS1858,CAG-492,Garciella,Lacrimispora,Anaerofustis,Butyrivibrio_A,UMGS1225,Lacticaseibacillus,Campylobacter_A,CAG-475,UMGS1322,UBA11774,SCN-57-10,AM07-15,NSJ-63,KM106-2,RUG100,Lawsonella,Leuconostoc,Zag1,Atlantibacter,UMGS973,CAG-354,DUOT01,Johnsonella,Phascolarctobacterium_A,MGYG000002719,TM7x,UBA4372,MGYG000004556,Salmonella,Intestinibacter,UMGS1696,MGYG000004604,Catenibacterium,UMGS124,Turicibacter,CAG-145,CAG-462,HGM13618,Lactococcus,Superficieibacter,UBA6984,UBA1232,UMGS2055,NSJ-61,Cedecea,HGM11386
rep835_seed2860	UBA1820,Gordonibacter,CAG-603,NSJ-63,UMGS905,UBA1417,UBA2883,UBA9414,MGYG000002696,UBA1234,RC9,SFTJ01,CAG-877,UMGS1865,UMGS1851,UBA1394,MGYG000003297,CAAHEQ01,UMGS1820,Pseudomonas,UBA1409,Porphyromonas,UMGS1613,Stomatobaculum,Alloscardovia,UMGS1880,UBA1711,Bilophila,UMGS1663,SFLA01,CAG-217,Desulfovibrio,Clostridium_J,UMGS1387,HGM12789,UMGS1668,Pluralibacter,QAKW01,CAG-196,UBA11517,UMGS731,UMGS2055,Weissella,CAG-510,AM07-15,CAG-1031,Megasphaera,RUG131,UBA2856,Holdemania,Coprococcus,UBA7185,Mobilibacterium,QAMM01,UMGS1994,Oxalobacter,Tidjanibacter,UBA3282,Intestinibacter,HGM11416,UMGS1202,UMGS1225,Ruminococcus_G,Neobittarella,Emergencia,CAG-349,MGYG000000505,QALR01,UMGS1591,Stoquefichus,MGYG000000587,UMGS966,Ruminococcus_D,Enorma,51-20,MGYG000004727,Bacteroides_F,CAG-288,Clostridium_E
rep836_seed2861	Intestinimonas,Veillonella_A,MGYG000003289,UBA3766,MGYG000003305,Megasphaera,Anaerofustis,Emergencia,CAG-510,UBA1394,Finegoldia,Enterococcus_A,HGM13006,Peptostreptococcus,CAG-127,UMGS1590,Ruminococcus_F,Phocaeicola,Campylobacter,MGYG000004874,SCN-57-10,Longicatena,UMGS1518,CAG-533,CAG-484,HGM11523,CAG-882,UMGS1976,CAG-460,UBA7057,Amedibacillus,NK4A136,CAAEEV01,QAMM01,UBA1181,UMGS1477,CAAHEQ01,UBA3402,CAG-884,UBA1711,MGYG000004029,Porphyromonas,Erysipelatoclostridium,Enterococcus_C,SFMI01,Beduini,QALR01,Arcanobacterium_A,Faecalicoccus,QAKS01,Slackia_A,CAG-177,UBA4716,Raoultella,Agathobacter,CAG-452,Granulicatella,Sneathia,Neobittarella,CAG-791,Alistipes,CAG-793,Caproiciproducens,Paramuribaculum,HGM12587,Exiguobacterium,Prevotella,Lentilactobacillus,CACZQA01,UBA1786,Faecalibacterium,CAG-272,MGYG000000574,UMGS1613,HGM13634,Eisenbergiella,Fusobacterium_B,NSJ-32,CAG-557
rep837_seed2862	CAG-354,F0040,UMGS1004,MGYG000004445,HGM11808,Pradoshia,MGYG000000387,Stoquefichus,CAG-632,UBA7057,Lawsonella,Emergencia,43-108,Azonexus,UBA1691,Fannyhessea,CAG-1031,CAG-533,Lentilactobacillus,Ruminococcus_A,Longicatena,Haemophilus,UMGS874,MGYG000003297,CAG-762,MGYG000002797,MGYG000004094,Coprobacter,Borkfalkia,MGYG000004229,HGM11327,UBA5809,Negativicoccus,UBA3282,Fusobacterium,Haemophilus_D,UMGS1322,Streptococcus,UMGS1668,Ruminococcus_F,Fusobacterium_C,MGYG000000425,HGM14224,UMGS1591,Pseudescherichia,CAG-1024,Romboutsia,Veillonella,Raoultella,UBA5446,UMGS1883,Slackia,CAG-791,Sporanaerobacter,UMGS973,Parolsenella,HGM10836,RUG806,Clostridium_P,Stomatobaculum,UBA5905,UMGS1384,UBA2856,Paraprevotella,Alistipes_A,SFDB01,Lancefieldella,UBA1731,CAG-353,Ruminococcus_B,Dielma,Bulleidia,Aneurinibacillus,Morganella,HGM13233,Citrobacter,MGYG000000728,UBA2883,Ruminococcus_D
rep838_seed2863	SFJ001,UMGS124,Klebsiella,UMGS2037,Phil1,Angelakisella,UMGS403,CAAHEQ01,UMGS1540,UMGS1384,RUG131,Lactiplantibacillus,UMGS1322,Pseudomonas_E,Fusicatenibacter,CAG-217,Citrobacter_A,Dialister,V9D3004,Massilioclostridium,HGM11386,UMGS1781,Gastranaerophilus,UMGS1901,HGM12957,Fournierella,Actinobaculum,Marseille-P3106,RUG806,UMGS1975,HGM11501,CAG-495,Enterococcus,HGM12650,Lachnoclostridium,UBA4716,Ezakiella,QALS01,CAG-127,Clostridium_B,UMGS263,Moellerella,RUG100,Massilicoli,UMGS1484,UBA1409,Streptococcus,UMGS1766,SFFS01,CAG-451,UBA4855,UBA3631,Johnsonella,MGYG000004727,CAG-269,Pseudoflavonifractor,UMGS1696,UMGS1858,Stenotrophomonas,UMGS268,CAG-484,Anaerotruncus,UMGS1418,Merdimonas,D5,An92,CAG-841,MGYG000003305,Acetatifactor,CAG-521,UMGS966,Kallipyga,UBA940,Merdibacter,UBA737,MGYG000004556,Eisenbergiella,Lentilactobacillus,MGYG000000346
rep839_seed2864	Fusobacterium,F0040,CAG-317,UBA2856,CAG-272,Paraeggerthella,Peptococcus,NC2004,CAG-603,Fournierella,Catenibacterium,UBA866,TM7x,Lachnoclostridium_B,CAG-917,UMGS1225,Eggerthella,VSOB01,RUG11200,Mobilibacterium,Pseudomonas,Extibacter,UMGS1384,GCA-900066495,Pyramidobacter,CAG-762,Enteroscipio,Peptoniphilus_C,AF33-28,Enterococcus_D,Lawsonella,CAG-41,1XD42-69,AM51-8,Lawsonibacter,Citrobacter_B,DTU089,UBA1731,Dysosmobacter,Lactobacillus,UMGS1688,Parolsenella,RF16,UMGS902,RUG472,Dielma,UMGS1865,Anaerobutyricum,Caproiciproducens,QAKW01,UBA7185,Phytobacter,CAG-460,F23-B02,UMGS1826,CAG-964,Lachnoanaerobaculum,Clostridium_X,UMGS1590,UMGS1696,SCN-57-10,Pediococcus,UBA11452,Methanomassiliicoccus_A,43-108,CAG-791,HGM11417,Finegoldia,Borkfalkia,RQCD01,MGYG000000745,Bacillus_J,UMGS403,Anaeroplasma,Caecibacter,PeH17,Paenibacillus_A,Moellerella,Phil1
rep840_seed2865	Evtepia,CAG-841,VUNA01,Harryflintia,Beduini,UBA6382,CAG-110,CAG-279,Longicatena,Akkermansia,Methanosphaera,Negativibacillus,Vibrio,TM7x,Fenollaria,HGM12998,Eubacterium_T,Pediococcus,UBA3766,UBA5809,Faecalibacillus,UBA3282,MGYG000000286,SFFS01,S5-A14a,MGYG000002758,SFEL01,Clostridium,Christensenella,QAKW01,Robinsoniella,Gemella,UMGS1312,Lachnoclostridium,UBA2856,Succinivibrio,UBA1737,Enterobacter_A,RUG13868,UBA1232,MGYG000001953,CAG-56,HGM05232,Lysinibacillus,NSJ-38,RUG472,Massiliomicrobiota,MGYG000002075,HGM11368,Ralstonia,F0040,MGYG000003297,Parvimonas,UBA1394,Leptotrichia,Schaedlerella,F082,Fusicatenibacter,MGYG000004171,Paraprevotella,Franconibacter,CAG-822,CAG-180,F0422,CAG-877,Enterococcus_C,Phascolarctobacterium,UMGS1591,Extibacter,UBA5394,Rothia,Selenomonas_A,UBA11452,UC5-1-2E3,CAG-582,UMGS1670,UBA7160,CAG-145,Odoribacter
rep841_seed2866	Parolsenella,CAG-460,Catenibacillus,UMGS1472,CAG-56,UBA1206,CAG-354,Lachnoanaerobaculum,CAG-115,Proteus,UMGS1071,UMGS363,HGM11501,HGM12789,CAG-510,Gordonibacter,HGM12814,MGYG000003297,Pseudomonas_E,Clostridium_B,AM07-15,Garciella,Peptostreptococcus,Rahnella,CAG-127,UBA5884,Bruticola,F082,RUG11198,CAAEEV01,Oxalobacter,UBA7185,Arcanobacterium_A,Muribaculum,UMGS856,Ruminococcus_D,MGYG000000587,CAG-269,Pantoea,MGYG000000505,CAG-793,UMGS1901,NSJ-62,MGYG000004445,UBA5809,UBA3818,UMGS1975,MGYG000002683,CAG-180,Enterobacter,UBA7702,Granulicatella,MGYG000004604,PeH17,CAG-873,CAG-170,UBA945,HGM11416,Criibacterium,UBA1829,MGYG000000574,UMGS1690,CAG-841,SFEL01,Salmonella,Succiniclasticum,MGYG000000350,Actinomyces,Alistipes,UBA1409,Eikenella,Rubneribacter,MGYG000000286,UMGS1251,CAG-279,Kluyvera,UMGS1518,Veillonella_A,Scardovia
rep842_seed2867	Mobilibacterium,UBA1685,AF33-28,Catenibacterium,Pluralibacter,Caecibacter,Adlercreutzia,MGYG000004061,Pantoea,Desulfovibrio,UMGS1603,CAG-791,UMGS1225,Treponema_D,Haemophilus_A,UMGS1388,Fannyhessea,Amedibacterium,CAG-279,UMGS1338,Eubacterium,Aeromonas,Enterococcus_C,Ruminococcus_A,Mediterraneibacter_A,Faecalimonas,UBA6382,UBA7702,Butyricicoccus,SFDB01,Rikenella,DTU089,Haemophilus,Faecalicoccus,Eubacterium_R,CAG-822,Alistipes,Rothia,Bacillus_J,Murimonas,Corynebacterium,Dielma,UMGS1537,Paenibacillus_A,UMGS1623,VSOB01,Peptoniphilus_E,CAG-313,UBA9414,UMGS995,Streptococcus,MGYG000004177,GCA-900066755,UMGS75,NSJ-63,Superficieibacter,SFJ001,Zag111,MGYG000002075,Clostridium_P,Amulumruptor,Duodenibacillus,UMGS1696,UBA5394,Johnsonella,UMGS1052,KM106-2,UMGS1781,GCA-900066135,UBA1390,Enterococcus_D,MGYG000000587,NK4A136,MGYG000004556,MGYG000002575,Eubacterium_G,Salmonella,CAG-882,Enterobacter_D
rep843_seed2868	Barnesiella,UMGS1487,Clostridium_N,CAG-485,Lancefieldella,Anaerococcus,Fusobacterium_B,UBA5026,UMGS1279,CAG-194,Bilophila,Ruminococcus_F,UBA3402,MGYG000000390,Butyricicoccus_A,Amedibacillus,KM106-2,Stoquefichus,MGYG000002010,Eubacterium_J,MGYG000000286,Megasphaera,CAG-448,CAG-417,UMGS1537,UMGS1225,Bruticola,Epilithonimonas,DTU089,UMGS1840,UMGS2055,Enterococcus,UMGS1826,Salinicola,Anaerotruncus,Rahnella,Bariatricus,Enterobacter_A,QAMM01,MGYG000003289,Haemophilus,Bittarella,UMGS416,UMGS1307,HGM13233,MGYG000001903,Parabacteroides,CAG-877,Lysinibacillus,Robinsoniella,UBA4855,CAG-822,Muribaculum,Marseille-P3106,Arabia,UMGS1004,OF09-33XD,MGYG000002797,UMGS1600,Absicoccus,NC2004,Anaerobutyricum,Paenibacillus,UMGS1441,Hydrogeniiclostridium,MGYG000004133,CAG-521,UBA9414,F23-B02,UMGS902,Finegoldia,UBA9506,UBA2882,CAG-917,Turicibacter,Fusobacterium_A,MGYG000003305,Niameybacter,Citrobacter_A
rep844_seed2869	CABIZH01,Ruminococcus_B,Salinicola,Anaeroglobus,UBA4285,UBA2821,Tidjanibacter,UBA1234,UMGS1633,MGYG000004172,Fenollaria,Clostridium_Q,Schaedlerella,Rothia,Treponema_D,UBA1740,UMGS1326,Porphyromonas,UBA9506,Lacticaseibacillus,UBA2856,CACZQA01,Clostridium_AQ,UBA1390,CAG-590,UMGS1474,NSJ-61,Clostridium_J,Hydrogeniiclostridium,Alloscardovia,Escherichia,S5-A14a,CAG-1031,Prevotella,MGYG000004177,Barnesiella,Ruminococcus,UBA4644,Enterococcus_A,MGYG000003305,UBA3282,Clostridium_AP,CAG-353,Oribacterium,Harryflintia,CAG-273,Dysgonomonas,CAG-460,CAG-448,UBA738,Olsenella_E,F0040,Parabacteroides,UBA11471,UMGS911,UBA1417,Aggregatibacter,MGYG000003490,Pseudomonas_E,HGM11788,Weissella,MGYG000000346,Lentilactobacillus,UBA1731,CAG-449,Erysipelatoclostridium,Eubacterium_F,Intestinibacter,UMGS403,Enterococcus_B,Massilioclostridium,Vibrio,Megamonas,Ezakiella,Plesiomonas,CAG-349,Clostridium_B,Sodaliphilus,Actinomyces
rep845_seed2870	Johnsonella,Ruminococcus_D,UMGS124,UBA866,UBA2856,Fannyhessea,Enterobacter_A,UMGS973,HGM12669,Phoenicibacter,SFTJ01,Coprobacillus,HGM11368,Escherichia,HGM13222,Arcanobacterium_A,CHH4-2,UBA9414,RF16,Enorma,CAG-103,Kosakonia,HGM12814,Klebsiella_A,UMGS1880,Absicoccus,Enterococcus_C,Duncaniella,UMGS1815,MGYG000000425,Ruthenibacterium,Lactonifactor,HGM12587,MGYG000000378,Peptococcus,Prevotellamassilia,HGM11514,UBA7057,Faecalibacterium,UMGS1766,UBA6398,UMGS1864,HGM12957,UBA644,Massilistercora,Prevotella,CAG-1427,Firm-10,UMGS1241,CAG-41,HGM11327,HGM11808,UMGS1322,UBA1234,Lagierella,MGYG000004127,Evtepia,GCA-900066135,CAG-1024,UBA945,RUG410,Rothia,UMGS363,UMGS2016,Niameybacter,Salinicola,Catenibacillus,NSJ-61,F23-B02,NK4A136,UMGS1279,Treponema_D,Gabonibacter,Schaedlerella,UBA4372,Desulfovibrio,UMGS1663,UMGS1601,Anaerocolumna
rep846_seed2871	Leminorella,Coprococcus_A,UBA9414,Romboutsia,Methanobrevibacter_A,UBA7488,Eggerthella,Barnesiella,Alloprevotella,Oribacterium,MGYG000004556,CAG-194,Pyramidobacter,Phascolarctobacterium,Peptoniphilus_B,UBA4716,UMGS1572,Olsenella,Pseudescherichia,Slackia,CAG-353,Eubacterium_J,Butyrivibrio_A,UMGS1253,HGM12789,Aneurinibacillus,UBA7173,Pygmaiobacter,UMGS1052,SFDB01,UMGS874,Brachyspira,Vibrio,Parolsenella,UBA866,Merdibacter,Citrobacter_B,Haemophilus_A,UBA1181,UBA1752,HGM12998,HGM11521,NSJ-63,CAG-451,Providencia,CAG-632,UBA644,Acidaminococcus,Terrisporobacter,UBA11524,Cedecea,UBA3818,Ruminococcus_F,Longibaculum,Arabia,UBA1740,HGM11507,UMGS1858,CAG-557,UMGS1611,Niameybacter,Anaerotruncus,Salmonella,UMGS1883,CAG-831,Pradoshia,CAG-288,Hydrogeniiclostridium,Selenomonas_C,Phytobacter,UMGS905,Rahnella,UBA1375,UBA1191,RUG11247,CAG-81,MGYG000004172,Massilimaliae,AM51-8
rep847_seed2872	Pseudobutyrivibrio,Clostridioides,UMGS1279,Ruminococcus_D,An92,CAG-882,Paraprevotella,Absicoccus,Gemella,Methanosphaera,QAMM01,CAG-632,SFGY01,CAG-484,Robinsoniella,Franconibacter,UMGS1375,UBA5905,MGYG000000286,Duodenibacillus,HGM13634,AM51-8,DUOT01,Turicimonas,TM7x,SFVR01,UBA866,Lachnoclostridium_B,UBA1752,CAG-56,Ruthenibacterium,Hungatella,Pseudoruminococcus,MGYG000004660,Amedibacterium,Cloacibacillus,UBA4644,UBA10281,MGYG000002685,MGYG000000587,MGYG000003289,Exiguobacterium,Fannyhessea,Robertmurraya,RUG131,Caproiciproducens,UBA3818,UBA2856,Bacillus_A,Dorea_A,UMGS403,SFFH01,MGYG000001903,HGM12998,CAG-1000,HGM11588,Anaerofustis,UBA940,CAG-354,CAG-83,Lachnoanaerobaculum,Anaerosacchariphilus,Desulfovibrio,Moellerella,MGYG000003945,Mobilibacterium,Coprobacillus,AM07-15,QAKW01,Ruminococcus,UMGS856,UBA1740,CAG-314,Succiniclasticum,Acidaminococcus,MGYG000002702,CAG-822,UBA1232,RUG572
rep848_seed2873	HGM11416,MGYG000000425,CAG-451,Caproiciproducens,HGM11417,CAG-303,MGYG000004229,Faecalibacillus,RUG806,UMGS1611,UBA5026,CAG-170,UBA5884,CAG-194,Dorea_A,CAG-238,Phocea,CAG-180,Raoultella,CAG-115,ER4,Faecalibacterium,MGYG000004380,JAAYBB01,Evtepia,UMGS1858,UBA1731,Slackia_A,UMGS1880,Parabacteroides,UMGS1864,UMGS946,MGYG000003305,Ruminiclostridium_E,Desulfovibrio,UMGS1002,V9D3004,MGYG000000346,Companilactobacillus,UMGS1883,UMGS403,Intestinimonas,Anaerobutyricum,MGYG000000745,MGYG000004171,Pseudomonas,Megasphaera,Marseille-P4683,Brachyspira,MGYG000003945,Salinicola,UBA1206,Bacillus_J,Butyricicoccus,UBA4285,Oscillibacter,CAG-56,UBA1820,SFJ001,UMGS1690,NC2004,Eubacterium_R,Barnesiella,UMGS1670,Rikenella,Peptostreptococcus,Akkermansia,Amedibacillus,CAG-557,CAG-628,RUG420,UMGS263,Olsenella_E,Agathobacter,DTU089,Limosilactobacillus,An172,Enterococcus_C,UMGS2037
rep849_seed2874	Odoribacter,Psychrobacillus,MGYG000000587,PeH17,Rubneribacter,UBA5446,Romboutsia,Enterobacter,Fusobacterium_B,Ruminococcus_A,Anaerosalibacter,RQCD01,CAG-510,UBA3388,CAG-484,Senegalimassilia,MGYG000004443,Merdimonas,CAG-269,DTU089,Clostridium_J,CAG-273,Eubacterium_F,CAG-873,CAG-354,Dysosmobacter,Ruminococcus_F,UMGS1781,Sutterella,MGYG000000286,Acetivibrio_A,CAG-349,Arcanobacterium_A,Bacilliculturomica,MGYG000000674,CAG-194,Amedibacillus,CAG-279,UMGS874,QAKS01,Campylobacter,NSJ-32,Streptococcus,UMGS1696,QAMH01,CAG-1031,Epilithonimonas,Stomatobaculum,Pygmaiobacter,NC2004,Gastranaerophilus,Lachnospira,UBA1191,GCA-900066755,RUG13868,CAG-41,UBA3818,UMGS946,Phocea,UBA1731,Eubacterium_M,Lacticaseibacillus,Porphyromonas,NK4A136,UMGS1611,Parasutterella,Lancefieldella,UMGS1518,Anaerosporobacter,Sneathia,UBA11940,Roseburia,HGM13233,UMGS599,UMGS680,HGM14224,Lawsonella,CAAEEV01,Marvinbryantia
rep850_seed2875	BX12,Escherichia,UMGS1865,UMGS1858,CAG-882,Peptacetobacter,MGYG000004660,Roseburia,CAG-488,Faecalicoccus,UBA1390,CAAHEQ01,Caecibacter,CAAEEV01,Chimaeribacter,UBA1829,UMGS1004,Lawsonibacter,Hydrogeniiclostridium,UBA1259,UMGS929,MGYG000002685,Exiguobacterium,Klebsiella,Evtepia,RUG11247,CAG-485,UBA11524,Faecalimonas,UBA1685,Christensenella,Neobittarella,UBA1752,UMGS1783,Anaerosporobacter,UMGS1633,Pediococcus,UMGS905,UMGS680,UMGS1864,UMGS1540,UMGS1688,Pygmaiobacter,Paenibacillus,UBA6398,UMGS1397,Robertmurraya,CAG-793,UMGS599,MGYG000002575,Mediterraneibacter,MGYG000004229,Paraprevotella,Lachnospira,UMGS856,Providencia,UMGS1224,CAG-145,AM07-15,UMGS172,An92,Eikenella,Harryflintia,UMGS1851,UBA4716,Frisingicoccus,UBA5809,Alterileibacterium,MGYG000004127,UBA1786,UBA5884,Niameybacter,Acetatifactor,Ruminococcus_G,Methanobrevibacter_A,UMGS1387,Ruminococcus_A,RUG11198,UBA5905
rep851_seed2876	OM05-12,UBA1232,Borkfalkia,UBA738,CAG-462,UBA11517,CAG-594,Staphylococcus,CAG-180,UBA5809,UMGS1668,MGYG000002685,Massilimaliae,HGM12998,UMGS1603,HGM13634,Massilistercora,UMGS363,UMGS1880,HGM11788,HGM04593,HGM11530,Lagierella,Dysgonomonas,UMGS1387,RUG100,Pediococcus,CAG-841,Criibacterium,HGM14224,Cellulosilyticum,UMGS946,MGYG000000425,Leclercia,UMGS1326,SFFH01,Alistipes,HGM11525,UMGS1225,Limosilactobacillus,F082,Providencia,Terrisporobacter,CAG-475,CAG-390,Catenibacillus,Bacteroides,UMGS1487,Acetatifactor,Peptacetobacter,Bacilliculturomica,Mesosutterella,Eggerthella,KLE1615,Franconibacter,Pygmaiobacter,MGYG000000587,CAG-448,UBA11512,MGYG000002702,Actinobaculum,Massilioclostridium,Ruminiclostridium_E,Serratia,Longicatena,UMGS1994,UBA5394,UMGS856,CAG-349,Pseudobutyrivibrio,Enteroscipio,WRGP01,Acutalibacter,Clostridium_AP,1XD42-69,UBA7057,Aneurinibacillus,MGYG000000378,Merdibacter
rep852_seed2877	QAMH01,Coprobacter,Massiliomicrobiota,Phytobacter,UMGS1375,CAG-484,PeH17,UMGS577,Pradoshia,Nitratidesulfovibrio,UBA5394,Kallipyga,Peptacetobacter,UMGS1279,Peptococcus,MGYG000001953,Plesiomonas,Alloprevotella,SFDB01,Slackia,UMGS1307,HGM05232,Paenibacillus_A,Lachnoclostridium_A,Christensenella,Serratia,HGM11588,CAG-313,Merdimonas,RUG14107,UMGS1293,Oribacterium,UMGS1312,Hungatella_A,Selenomonas_C,Marseille-P3106,UBA1691,Alloscardovia,Lachnoclostridium_B,UBA1191,NSJ-50,CAG-314,Clostridium_J,Dorea_B,An92,UMGS599,HGM11501,Salmonella,Bilophila,CAG-841,Haemophilus,CAG-710,Bacteroides,CAG-317,Raoultella,AF33-28,RUG13868,UC5-1-2E3,Arabia,Eubacterium_M,HGM12957,Angelakisella,UMGS2016,UMGS1490,RC9,UMGS263,Blautia,Phascolarctobacterium_A,UBA4285,V9D3004,MGYG000004445,Streptococcus,Methanomassiliicoccus_A,CAG-95,MGYG000000286,MGYG000002719,CAG-288,Borkfalkia,Neobittarella
rep853_seed2878	Pygmaiobacter,UBA6345,CAG-449,UBA4855,Dysosmobacter,SFDP01,RUG12045,UMGS731,CAG-460,Aeromonas,Allisonella,UBA2856,MGYG000002053,Duodenibacillus,UMGS2016,Merdibacter,MGYG000000286,AF33-28,Rothia,UMGS2055,Serratia,CAG-1031,RF16,Lachnoclostridium_A,CAG-582,UMGS1766,Adlercreutzia,Massilimaliae,UBA1685,UC5-1-2E3,CAG-462,QAKS01,MGYG000002702,NSJ-32,Romboutsia,HGM13006,UMGS1202,UBA7488,UBA1191,Raoultibacter,CAG-1427,Leminorella,Cutibacterium,UBA644,MGYG000000505,Mediterraneibacter,Megasphaera,Duncaniella,Dielma,Klebsiella_A,Peptoniphilus_C,MGYG000000387,GCA-900066755,Desulfovibrio,Dysgonomonas,HGM12998,CAG-170,VUNI01,UBA11471,CAG-127,UMGS1370,RUG11247,Monoglobus,Lactococcus,CAG-56,Lactococcus_A,QANA01,CAG-1000,Alterileibacterium,Arabia,UMGS995,UMGS1670,UMGS1690,Providencia,Niameybacter,Eubacterium_T,UMGS1474,Edwardsiella,UBA1394
rep854_seed2879	CAG-873,UBA6345,Lacrimispora,Marseille-P4683,UMGS1202,UMGS1933,CAG-460,Mitsuokella,UBA11517,CAG-465,UMGS1387,CAG-724,Phocea,Lawsonella,JAAYBB01,Lachnoanaerobaculum,CAG-841,UMGS1611,UMGS680,Proteus,Acidovorax,Brachyspira,Dorea_A,MGYG000002053,Pseudescherichia,UBA3818,HGM11588,UBA636,Coprococcus,SCN-57-10,HGM11507,CAG-475,Actinomyces,CAG-762,HGM12814,QALS01,Oscillibacter,UBA1181,Enterobacter_A,Marseille-P3106,F082,Longicatena,UMGS911,Anaerosporobacter,UBA3631,Alistipes_A,Clostridium_AP,CAG-492,UBA9475,OF09-33XD,Klebsiella,UCG-010,MGYG000004547,KM106-2,Arcanobacterium_A,RUG14107,CAG-56,WRGP01,Dielma,UMGS124,Paraclostridium,UBA1234,Murdochiella,UMGS1537,HGM11327,CAG-411,Pediococcus,MGYG000000350,MGYG000003270,Angelakisella,CAG-95,Lactobacillus,Latilactobacillus,Nitratidesulfovibrio,Peptoniphilus_E,CAG-180,UBA866,Ruminococcus_B,Catenibacillus
rep855_seed2880	MGYG000002075,Parvimonas,Fenollaria,Salmonella,Enteroscipio,CAG-724,HGM13618,CAG-1031,OF09-33XD,UBA2821,CAG-488,UBA4285,Roseburia,UBA3631,Anaerosporobacter,Campylobacter_B,MGYG000002575,UMGS1815,Leminorella,CAG-273,UMGS1826,Erysipelatoclostridium,NSJ-50,CAG-274,MGYG000000346,CAG-452,SFMI01,CAG-245,MGYG000004029,Ruminococcus_G,HGM11521,Peptoniphilus_E,Yokenella,Varibaculum,Allisonella,Yersinia,Enterococcus_D,MGYG000002726,AF33-28,UBA1181,UMGS1370,MGYG000004556,Scardovia,Schaedlerella,UBA9475,UMGS1397,CAG-492,CAG-354,RUG131,TM7x,SFFS01,Citrobacter_B,Phoenicibacter,GCA-900066495,QAKS01,UMGS1253,MGYG000004171,MGYG000002683,Slackia,Massilimaliae,CAG-465,CAG-594,SFJ001,UMGS124,CAG-710,Cellulosilyticum,HGM11416,Amulumruptor,Longicatena,QALR01,MGYG000004443,CAG-353,F0422,Cetobacterium_A,UBA5394,MGYG000003270,Lactonifactor,Peptostreptococcus,AM51-8
rep856_seed2881	Faecalibacterium,HGM11368,Butyricicoccus_A,UMGS1901,Evtepia,Firm-11,CAG-303,Aggregatibacter,UMGS1472,Rubneribacter,Enterocloster,Scardovia,UMGS1375,UMGS268,UBA738,Epilithonimonas,UMGS902,Eggerthella,Klebsiella_A,UMGS1864,NK4A136,Absicoccus,QALR01,UMGS1251,Franconibacter,QALS01,UMGS882,MGYG000003970,UBA9475,UBA7057,Alterileibacterium,RUG705,SCN-57-10,RUG420,Intestinibacter,Amulumruptor,Paraeggerthella,Robertmurraya,Peptoniphilus_A,HGM11507,CAG-95,AF33-28,MGYG000000505,Clostridium_P,Ruminococcus_C,SFFS01,Atlantibacter,Flavonifractor,HGM11514,Enterococcus_B,CAG-349,UMGS1397,UBA7185,Acutalibacter,UBA1737,Massilistercora,UMGS911,Clostridium_J,Clostridium_Q,Fenollaria,UMGS1537,Enterococcus_D,Paramuribaculum,CAG-485,UBA7597,PeH17,MGYG000000728,Phil1,Methanobrevibacter_A,UMGS1670,CAG-314,Niameybacter,UMGS416,CAG-273,QANA01,UMGS1603,Alloprevotella,UMGS1633,UBA7160
rep857_seed2882	Absicoccus,Ligilactobacillus,SFVR01,Clostridium_AP,Clostridium_A,MGYG000000387,MGYG000000728,UBA11940,Marseille-P3106,UBA9506,Massilistercora,Akkermansia,UMGS1540,Pluralibacter,UBA1820,MGYG000002797,D5,UBA1191,TF01-11,MGYG000002685,UMGS1820,Borkfalkia,Enterococcus_A,Brachyspira,HGM11368,Veillonella_A,UBA3818,Enorma,Ruthenibacterium,PeH17,UBA11512,MGYG000000350,UMGS1590,GCA-900066135,UMGS1611,Cloacibacillus,QAKW01,CAG-590,UMGS1225,Allisonella,Harryflintia,Prevotella,Haemophilus,Enterocloster,Bacilliculturomica,Clostridium_B,MGYG000004029,Oxalobacter,MGYG000004443,RQCD01,UMGS1880,Phil1,SFLA01,S5-A14a,MGYG000004556,CAG-841,UMGS1864,Coprococcus_A,UBA1375,SFJ001,UBA866,Pantoea,MGYG000003289,UBA3766,UMGS1002,Dorea_B,CAG-884,Phytobacter,UMGS1241,RUG572,CAG-103,UMGS1293,HGM13618,Cetobacterium_A,QAKD01,F23-B02,CAG-83,UMGS1109,MGYG000004445
rep858_seed2883	UBA3402,CAG-95,Rahnella,Bilophila,UBA3388,MGYG000000574,UCG-010,Ruminococcus_E,UMGS1384,Clostridium_F,CAG-557,MGYG000002719,CAG-273,Ruminococcus_D,UBA2821,JAAYBB01,Dielma,MGYG000003297,Bariatricus,Ruthenibacterium,Pradoshia,UBA5446,Eubacterium_J,SCN-57-10,UMGS1241,HGM11523,Coprococcus_A,Finegoldia,Enterococcus_B,UBA2882,MGYG000000456,MGYG000000505,UMGS1253,An172,MGYG000000587,Citrobacter_A,CAG-917,Massilicoli,MGYG000004127,CAG-533,Lachnoanaerobaculum,Campylobacter_A,Clostridium_AP,MGYG000004556,Murimonas,NK3B98,HGM11501,MGYG000003289,HGM11521,QAKS01,Enterococcus_C,Kosakonia,MGYG000004380,SFDP01,Cronobacter,UMGS995,Ellagibacter,Weizmannia,Anaerobutyricum,UMGS1326,Angelakisella,CABIZH01,CAG-617,Holdemanella,Gabonibacter,Clostridium_Q,MGYG000004061,Pseudomonas,MGYG000001953,Enorma,UBA5920,Pantoea,Blautia_A,CAG-495,CAG-964,Eubacterium_G,MGYG000001871,UBA5905,Enterocloster
rep859_seed2884	Coprococcus,TF01-11,SFMI01,CAG-411,CAG-822,Acidaminococcus,UMGS1901,UBA5394,Clostridium_J,UMGS1872,Bacillus_J,UMGS1889,Lancefieldella,Faecalibacterium,Acinetobacter,MGYG000000425,Fusobacterium_B,UMGS403,MGYG000004061,Butyricicoccus_A,MGYG000004229,Haemophilus_A,HGM12669,UC5-1-2E3,UMGS1052,Kosakonia,UMGS1795,MGYG000004660,Methanomassiliicoccus_A,CAG-95,UBA7102,CABIZH01,Selenomonas_C,CAG-56,Coprococcus_A,UBA10677,MGYG000003945,Anaerosacchariphilus,UMGS1338,Klebsiella,UMGS1241,Clostridium,UMGS268,UMGS1663,MGYG000003490,Faecalimonas,Eggerthella,Methanosphaera,Lactiplantibacillus,MGYG000000574,Murdochiella,RUG115,Sporanaerobacter,Merdimonas,HGM12814,UMGS1670,MGYG000004850,QANG01,Catenibacillus,V9D3004,Eubacterium_F,Pseudobutyrivibrio,CAG-484,UMGS1224,Cutibacterium,QAMM01,Ligilactobacillus,Veillonella_A,Rubneribacter,MGYG000004112,UMGS1933,OF09-33XD,UCG-010,Mixta,UMGS1397,Oxalobacter,CAG-451,MGYG000004172,NK3B98
rep860_seed2885	HGM11616,SFMI01,UMGS1491,VUNI01,Anaerococcus,Lachnospira,NSJ-62,Schaedlerella,MGYG000002719,CAG-95,CAG-631,UBA1829,Flavonifractor,Succinivibrio,Acinetobacter,HGM11368,MGYG000000286,Citrobacter_A,HGM11808,UMGS1490,Romboutsia,Bittarella,UBA1786,CAG-582,CAG-603,NSJ-61,CAG-724,Parabacteroides,MGYG000003305,UBA1232,SFLA01,MGYG000004811,HGM11327,Oribacterium,MGYG000004850,UBA6398,CAG-274,Acidaminococcus,Butyricimonas,Murimonas,Mitsuokella,Succinatimonas,CAG-492,Olsenella_E,CAG-417,TM7x,CAG-475,Gemmiger,Acutalibacter,HGM11386,CAG-590,Acidovorax,UMGS1858,Methanobrevibacter_A,Methanosphaera,QALW01,UBA3766,HGM11788,MGYG000004727,MGYG000002726,UBA9506,MGYG000001871,MGYG000004112,CAG-557,HGM11507,Hungatella,HGM12998,HGM13862,Clostridioides,Vibrio,HGM11501,UMGS1623,RUG572,Ralstonia,MGYG000004445,Longicatena,CAG-177,MGYG000000728,Coprococcus_A
rep861_seed2886	Mixta,Firm-07,MGYG000004229,MGYG000004727,NK4A136,Enterobacter_D,UBA738,Zag111,CAG-302,UMGS1781,UMGS1633,Neisseria,RUG115,HGM04593,NC2004,Succinivibrio,UBA940,Ruminococcus_F,Enterococcus,CAG-194,Kluyvera,Klebsiella,Rothia,Absicoccus,Massilistercora,QAKD01,Peptoniphilus_C,Roseburia,UMGS268,UMGS1491,Stenotrophomonas,Rikenella,RUG420,CAG-882,Mitsuokella,MGYG000004850,Massilimaliae,HGM13006,CAG-495,Bruticola,UMGS1253,SFDB01,HGM13010,Oscillibacter,Peptococcus,Mediterraneibacter,UMGS1933,Haemophilus_A,RC9,UBA11471,DTU089,Limosilactobacillus,UMGS1279,Bacillus_A,UBA1206,UMGS1370,CAG-41,UMGS1611,Acetatifactor,HGM11788,Eubacterium_F,CAG-793,F23-B02,UMGS1851,Caproiciproducens,Niameybacter,RUG705,UMGS1865,Salinicola,Lachnoanaerobaculum,Anaeromassilibacillus,UMGS1477,UBA6398,Leclercia,SFHK01,Dorea_A,UBA1409,SFFS01,MGYG000004811
rep862_seed2887	UBA1786,UMGS1491,Barnesiella,UBA866,MGYG000004171,An92,Latilactobacillus,UMGS1572,RUG11198,HGM13634,UBA7597,Rahnella,CAG-884,Acinetobacter,UBA4334,UBA7182,UMGS1976,UBA11517,Actinobaculum,Aeromonas,UMGS263,Peptoniphilus_A,Blautia_A,Negativicoccus,Lawsonella,Dysgonomonas,Kluyvera,CAG-492,An181,Vibrio,Dorea_B,MGYG000002216,UBA1820,MGYG000004604,Phil1,WRGP01,UBA644,Dysosmobacter,UMGS874,MGYG000002719,UBA5394,F0422,QAMX01,CACZQA01,Selenomonas_A,D5,QAMH01,UMGS1224,CAG-882,CAG-115,Coprococcus_A,Adlercreutzia,CAG-964,BX12,UMGS1474,CAG-488,Fenollaria,Peptoniphilus_B,Sporanaerobacter,UBA5905,Amulumruptor,UMGS75,Clostridium_J,UMGS1326,HGM11575,UBA11452,COE1,SFGY01,CAG-776,CAG-313,Oxalobacter,Agathobacter,UMGS966,Amedibacterium,Phocea,HGM11327,CAG-462,CAG-302,UMGS1663
rep863_seed2888	Escherichia,Slackia,CAG-791,Bacillus_A,SFHK01,MGYG000000390,MGYG000004127,SCN-57-10,Garciella,Akkermansia,Longicatena,HGM13222,Companilactobacillus,Clostridium_AQ,Pseudomonas,Bacteroides_F,Lagierella,Ralstonia,Dorea_A,Succiniclasticum,CAG-710,Turicibacter,MGYG000002683,CAG-724,Varibaculum,MGYG000001903,UMGS1670,SFFH01,NSJ-63,Finegoldia,MGYG000002010,Pluralibacter,CAG-279,Caecibacter,UBA11471,MGYG000002702,Peptoniphilus_E,CAG-354,UBA1786,Megasphaera,Neobittarella,Romboutsia,Cedecea,HGM11523,CAG-632,Gabonibacter,UBA11774,UMGS966,UMGS1109,Catenibacterium,UMGS1071,UMGS268,Anaerocolumna,UBA940,CAG-582,Succinivibrio,Succinatimonas,UMGS1826,Campylobacter_B,Veillonella,Tidjanibacter,CAG-617,HGM12587,Anaerotruncus,Eubacterium,Amedibacillus,Anaerofustis,MGYG000000587,MGYG000004811,Rothia,QAMX01,VSOB01,NSJ-32,An172,UMGS1815,Mixta,Collinsella,UMGS1883,UBA2856
rep864_seed2889	Ralstonia,CAAEEV01,MGYG000004660,43-108,HGM12713,CAG-449,Clostridium,UMGS1487,CAG-475,Latilactobacillus,CAG-594,HGM11521,Exiguobacterium,Anaerococcus,MGYG000000674,RQCD01,Agathobaculum,Longicatena,Hungatella_A,Clostridium_P,Hafnia,CAG-628,KLE1615,MGYG000002685,Blautia,Intestinimonas,Turicibacter,UMGS2016,Dorea_A,Porphyromonas_A,Fannyhessea,Succiniclasticum,Fenollaria,UBA7702,MGYG000004445,Angelakisella,Bittarella,UMGS1384,QALW01,MGYG000004850,CAG-273,CAG-492,Anaeroglobus,Rothia,UMGS1312,CAG-1427,UBA6984,Butyricimonas,MGYG000004874,UMGS1820,Stenotrophomonas,UMGS902,CAG-314,UBA1394,SFGY01,PeH17,UBA9506,Megamonas,Amedibacterium,UMGS1994,UBA737,Negativicoccus,CAG-45,CAG-1193,CAG-411,Duodenibacillus,MGYG000004172,Oxalobacter,Sporanaerobacter,CAG-353,HGM11523,Atlantibacter,Tidjanibacter,Butyricicoccus,UMGS1540,Enterococcus_B,Providencia,Schaedlerella,Pyramidobacter
rep865_seed2890	QANG01,UMGS1326,HGM11372,UMGS1052,Proteus,Klebsiella,MGYG000004727,CAAHEQ01,Rubneribacter,Christensenella,UBA7173,Morganella,UBA2821,UMGS1253,UMGS1225,Sodaliphilus,UBA940,HGM11530,UMGS1933,KLE1615,MGYG000004604,Sporanaerobacter,Eubacterium_G,Bittarella,CAG-145,UBA738,UBA4334,HGM10836,Marseille-P3106,Chimaeribacter,Peptoniphilus_E,Actinomyces,Stoquefichus,Pyramidobacter,QAMX01,Amedibacterium,CAG-590,Mobilibacterium,UBA1206,CAG-45,Eubacterium_M,Massilioclostridium,Enteroscipio,UBA1711,Ruminococcus_E,UBA1234,CAG-1427,MGYG000002683,UMGS1858,Arabia,UMGS929,HGM11588,QALR01,Serratia,HGM12669,Marseille-P4683,CAG-964,MGYG000004061,UMGS1312,HGM11507,UMGS1975,NSJ-32,UMGS731,Lentilactobacillus,Bacilliculturomica,Erysipelatoclostridium,Exiguobacterium,SFTJ01,MGYG000002726,HGM12957,Yersinia,Phocaeicola,Phocea,UBA11512,CAG-465,UMGS1820,GCA-900066905,Massilistercora,OM05-12
rep866_seed2891	Phil1,UBA7102,Holdemanella,UBA2821,Stomatobaculum,Intestinibacter,Weimerbacter,MGYG000000390,Odoribacter,UBA2882,CAG-353,Varibaculum,CAG-521,CAG-314,F0040,Epilithonimonas,CAG-594,CAG-873,Aneurinibacillus,UMGS2037,Enorma,UBA6382,UMGS1688,QAKW01,HGM11575,Fannyhessea,Faecalibacillus,Exiguobacterium,Peptoniphilus_C,UBA5920,RUG420,Olsenella_B,UMGS1387,HGM11523,UMGS1477,Murimonas,MGYG000004660,Lactococcus_A,TM7x,UBA5026,MGYG000002216,Firm-11,UBA3766,SFDB01,Cutibacterium,Selenomonas_C,Franconibacter,Bifidobacterium,UMGS1388,MGYG000004604,MGYG000004061,HGM11507,UBA7173,Pradoshia,Catenibacillus,Porphyromonas,UMGS1532,RUG11198,UMGS731,Paramuribaculum,SFLA01,Butyricimonas,SFTJ01,Pseudescherichia,WRGP01,Coprococcus_A,Fenollaria,Campylobacter_A,Vibrio,UBA3388,UMGS1338,CAG-303,Fournierella,Peptacetobacter,Alloscardovia,CAG-557,SFDP01,NSJ-38,CAG-485
rep867_seed2892	Parolsenella,UBA6984,Phil1,Mixta,Flavonifractor,S5-A14a,Campylobacter_A,UMGS1840,Firm-11,Allisonella,Serratia,CAG-302,Mesosutterella,Fusobacterium_A,Eubacterium_G,Veillonella_A,CAG-791,CAG-83,UMGS1441,Lentilactobacillus,RUG420,MGYG000000574,Eikenella,CAG-1000,Citrobacter_A,UMGS1071,UBA4285,UBA1232,Pseudobutyrivibrio,Anaerosacchariphilus,NC2004,Amulumruptor,ER4,Bacteroides_F,UBA9506,Corynebacterium,UMGS1002,VUNA01,UBA3766,Providencia,Raoultella,Amedibacillus,UMGS1224,UBA7057,Scardovia,UMGS124,CAG-303,Coprobacter,AF33-28,UBA4716,UMGS1663,Odoribacter,Robinsoniella,Catenibacillus,UBA5809,CAG-417,Stenotrophomonas,BX12,UBA7488,Clostridium_AQ,HGM11368,SFFH01,Neisseria,CAG-488,UBA737,Dialister,Massilimaliae,CAG-353,Haemophilus,Duncaniella,CAG-822,NK3B98,CAG-45,Turicimonas,Neobacillus,UBA6382,UBA10281,Eubacterium_R,Varibaculum
rep868_seed2893	GCA-900066905,Ruminococcus_E,CAG-115,CAG-485,Bacillus_A,UBA1181,Aneurinibacillus,Negativibacillus,UBA737,Morganella,CAG-724,HGM12587,UMGS1851,Eubacterium_M,UBA1390,Monoglobus,MGYG000004445,HGM10836,UBA1259,HGM11788,Paraprevotella,CAG-492,CAG-145,Faecalimonas,UMGS1611,RUG11247,Moellerella,HGM11530,UBA11940,MGYG000000378,CAG-411,Lachnoclostridium,Alterileibacterium,UBA3263,Ruminococcus_B,Bariatricus,UMGS1826,Adlercreutzia,UMGS1472,Oxalobacter,Longicatena,Clostridium_B,Bacillus_J,Ruminiclostridium_E,UBA4372,SFFS01,UMGS1901,SFDP01,UBA5920,Massilioclostridium,UMGS1004,Firm-07,UMGS1307,Amedibacterium,HGM13233,Paenibacillus,HGM11521,Intestinibacter,UBA1691,Clostridium_F,UBA9414,UMGS1975,Terrisporobacter,Caecibacter,Raoultibacter,Phocaeicola,Actinobaculum,MGYG000004171,Anaerofustis,Campylobacter_B,Hungatella_A,Megasphaera,Massilicoli,Marseille-P4683,Odoribacter,Gemella,Ruminococcus_F,Fusobacterium_A,MGYG000003945
rep869_seed2894	UMGS1202,Bacillus_J,Neobacillus,RUG420,CAG-81,Rubneribacter,UBA11774,Harryflintia,Angelakisella,Granulicatella,UBA2821,Butyricimonas,MGYG000002726,Providencia,Intestinibacter,CAG-349,CAG-521,F0422,UMGS1840,UMGS1004,Enterococcus_D,Robertmurraya,HGM11507,Bacilliculturomica,HGM11588,HGM12814,SFVR01,MGYG000000346,Extibacter,Lysinibacillus,Campylobacter,UBA5884,NSJ-61,VUNI01,Salmonella,Victivallis,Eikenella,Hungatella,CAG-127,UMGS1783,Eubacterium_T,UMGS1994,CAG-170,Massilistercora,UBA11940,UMGS1933,Phoenicibacter,CAG-288,MGYG000004133,Dysosmobacter,Eubacterium_J,Bacteroides_F,Muribaculum,Dielma,CAG-354,UBA1181,UBA7160,SFFH01,QANG01,UMGS1975,Acidaminococcus,MGYG000004177,HGM11521,Ruminococcus,UMGS1326,Parvimonas,UMGS856,HGM11416,Prevotella,UBA1232,UBA5394,Slackia_A,CAG-462,Pseudomonas_E,Oscillibacter,Amulumruptor,MGYG000004811,MGYG000000350,CAG-964
rep870_seed2895	UMGS680,Longicatena,MGYG000002685,DUOT01,UBA1829,UBA7748,Dysgonomonas,CAG-1427,Paraprevotella,Acinetobacter,MGYG000000574,CAG-273,Ellagibacter,Rubneribacter,CAG-533,CAG-170,COE1,CAG-353,Gemella,MGYG000003490,TF01-11,Lawsonella,Fusobacterium_C,Fenollaria,CAG-115,UMGS1820,NC2004,NK3B98,Yersinia,Eikenella,MGYG000000456,Murimonas,Sneathia,UMGS1484,CAG-462,UMGS902,Succinivibrio,Proteus,HGM12713,CAG-521,UMGS1397,Ruminococcus_C,Leuconostoc,Eggerthella,HGM11372,Catenibacterium,Aeromonas,Methanomassiliicoccus_A,Flavonifractor,UBA9414,D5,MGYG000002575,UMGS1490,Varibaculum,An172,RUG115,RUG12045,UBA6382,Kosakonia,Lactococcus,UMGS124,UBA6398,MGYG000004811,Plesiomonas,Latilactobacillus,V9D3004,UBA5446,Pseudomonas_R,Providencia,UMGS1826,NSJ-32,Actinobaculum,Anaerotruncus,UBA6984,CAG-217,CAG-180,UMGS1241,Citrobacter,Aneurinibacillus
rep871_seed2896	CAG-964,Odoribacter,Pluralibacter,MGYG000004171,CAG-196,SFGY01,UMGS1251,UBA6984,Methanobrevibacter_A,Clostridium_X,Frisingicoccus,RQCD01,UMGS1397,Turicimonas,UMGS363,Fournierella,UBA9475,Anaerocolumna,UMGS1880,MGYG000000286,Butyricicoccus,SFDP01,Pseudomonas,Mitsuokella,Sporanaerobacter,Collinsella,SFFH01,Faecalibacterium,Lactiplantibacillus,HGM11501,CAG-302,Peptoniphilus_A,UMGS1224,Coprobacillus,UMGS1826,Mobilibacterium,Blautia,NSJ-63,UBA4644,UBA7597,Methanomassiliicoccus_A,Tidjanibacter,Robinsoniella,UMGS1865,Coprococcus_A,Marvinbryantia,CAG-303,UMGS1312,MGYG000004133,UBA6857,CAG-110,UMGS1633,HGM11588,OM05-12,Christensenella,UMGS263,CAG-390,Fenollaria,UBA3282,Muricomes,UBA636,SFLA01,CAG-492,CAG-632,F23-B02,Bariatricus,AM07-15,MGYG000003289,UMGS1370,UBA2883,Barnesiella,CAG-349,Anaerofustis,UMGS973,Paenibacillus_A,HGM11386,MGYG000000425,Serratia,UBA1740
rep872_seed2897	Rahnella,UBA1786,CAG-41,Neisseria,HGM12998,HGM11521,Ezakiella,CAG-603,RUG14107,Acidovorax,MGYG000002719,GCA-900066755,Companilactobacillus,Succinivibrio,SFFS01,Ruminococcus_A,Catenibacterium,UBA9502,Clostridium_AQ,UBA4644,SFDP01,UMGS874,Kallipyga,UMGS1820,UMGS599,CAG-127,Paraeggerthella,Varibaculum,CAG-594,CAG-631,Angelakisella,D5,Olsenella,UBA1752,CAG-485,Clostridium_X,UMGS680,Staphylococcus,CAG-877,CACZQA01,Anaerococcus,Granulicatella,Butyricicoccus_A,CAG-110,UBA7182,Pseudescherichia,F0422,Brachyspira,UBA5884,Leptotrichia,CAG-495,PeH17,Zag1,Alterileibacterium,UMGS1312,Faecalimonas,Klebsiella_A,CAG-103,Evtepia,Eikenella,CAG-274,Stenotrophomonas,Clostridium_B,HGM11372,MGYG000002010,KM106-2,UBA1234,CAG-492,MGYG000001871,Ruminococcus_E,MGYG000004604,Caproiciproducens,HGM11575,Haemophilus_D,Weissella,UMGS1387,UBA1259,MGYG000004171,CAG-557
rep873_seed2898	Veillonella_A,Duodenibacillus,Marseille-P4683,RUG410,Raoultella,UBA11940,MGYG000003945,CAG-1024,SFHK01,UBA6398,Butyricicoccus_A,Lactonifactor,Faecalicoccus,UMGS1241,MGYG000000346,UBA1259,UMGS1820,An181,UMGS1387,Eubacterium_M,CAG-533,DUOT01,Murdochiella,MGYG000003855,MGYG000003490,UMGS1603,Morganella,RUG100,UMGS1975,Erysipelatoclostridium,Slackia_A,Citrobacter_A,Mailhella,Arcanobacterium_A,Faecalibacillus,Acutalibacter,CAG-127,MGYG000004660,Monoglobus,Firm-07,Clostridium_Q,Acidovorax,MGYG000004547,Blautia_A,UBA7160,CAG-762,UBA1234,Gordonibacter,Bacilliculturomica,Massiliomicrobiota,QAKS01,Peptoniphilus_A,Turicimonas,Rothia,UMGS1109,Parvimonas,UBA4334,CAG-628,Bacteroides,PeH17,UMGS1491,QAMM01,UMGS1224,HGM13222,Desulfovibrio,UMGS1472,CAG-170,UBA1232,Odoribacter,UMGS1688,Clostridium_J,UMGS1795,UMGS1933,Oribacterium,Lachnospira,TWA4,UBA4644,Haemophilus,CAG-1193
rep874_seed2899	MGYG000003270,CAAEEV01,Ruminococcus_B,UBA5809,UMGS905,Senegalimassilia,MGYG000002683,UMGS1810,UMGS1889,CAG-56,UBA9414,Fusobacterium,UMGS1293,Eubacterium_G,Methanomassiliicoccus_A,RUG13868,Bariatricus,CAG-724,Firm-07,CHH4-2,CAG-877,SFMI01,HGM11327,Blautia,Fusobacterium_A,RUG806,UMGS1540,UMGS1202,UBA7173,UBA11774,UBA2821,UMGS1477,Stoquefichus,Paramuribaculum,QANG01,Pseudomonas,Eubacterium_F,UMGS1225,Succinivibrio,UBA3766,CAAHEQ01,UBA1829,UMGS973,UMGS1633,Duodenibacillus,UBA1822,Actinomyces,Clostridium_B,Oscillibacter,UBA1740,Arcanobacterium_A,UMGS1322,CAG-81,Arabia,CAG-964,MGYG000001903,Raoultella,TM7x,Collinsella,CAG-353,UMGS1253,Coprococcus_A,UBA1206,HGM11507,MGYG000000587,Faecalitalea,UBA9506,Amulumruptor,GCA-900066495,UBA3282,Ruminococcus_E,UMGS75,Anaerotignum,HGM11616,Anaerobutyricum,UMGS929,Harryflintia,Eubacterium_M,Granulicatella
rep875_seed2900	Fenollaria,CAG-127,Parvimonas,Enterocloster,Clostridium_N,UMGS1883,CAG-180,Peptacetobacter,Finegoldia,Gordonibacter,Yersinia,UMGS1623,Lysinibacillus,HGM12669,Enterobacter_D,MGYG000003855,Pseudomonas,HGM13222,Rothia,UBA7185,Peptoniphilus_B,Muricomes,RUG420,COE1,Pluralibacter,Phascolarctobacterium,CAG-460,MGYG000002683,Allisonella,Phascolarctobacterium_A,Dorea,Akkermansia,Peptoniphilus_C,NK3B98,Anaerosporobacter,Proteus,UBA6398,Exiguobacterium,HGM11523,Acetatifactor,HGM14224,Massilicoli,Robinsoniella,UBA6382,F0040,UMGS1004,UMGS2055,UMGS1696,An172,UMGS1815,Parabacteroides,HGM12957,UMGS1810,Collinsella,Anaerofustis,Paenibacillus,UBA4334,HGM11514,Ruminococcus_D,Raoultibacter,Longicatena,CAG-145,WRGP01,CAG-194,SFMI01,MGYG000004547,CAG-632,VUNI01,UBA7173,CAG-354,Aneurinibacillus,UBA2882,Enterococcus_C,Prevotella,CAG-1031,UBA3263,MGYG000000425,UBA3631,Turicibacter
rep876_seed2901	Ruminococcus_A,QAMX01,Sneathia,UBA644,CAG-632,HGM13618,MGYG000000574,Citrobacter,Anaerotignum,SCN-57-10,Rubneribacter,Rahnella,CAG-110,UBA1786,Mesosutterella,Rothia,CAG-762,UMGS363,Lysinibacillus,Superficieibacter,UBA1234,Limosilactobacillus,Porphyromonas_A,Mobilibacterium,RUG14107,Merdimonas,Christensenella,Peptostreptococcus,UMGS1810,Olsenella_B,Coprococcus_A,43-108,CAG-917,MGYG000002797,Enterococcus_C,Anaerocolumna,UBA1820,Aggregatibacter,CABIZH01,Cedecea,UBA1259,Oxalobacter,CAG-873,UMGS1293,CAG-793,Parabacteroides,Butyricicoccus_A,QANA01,Negativibacillus,Clostridium_Q,MGYG000002683,Yersinia,OM05-12,UBA1417,Butyricicoccus,Bilophila,Acutalibacter,NSJ-50,CAG-170,CAG-411,Granulicatella,MGYG000004133,Alistipes,CAG-1193,Alistipes_A,MGYG000004660,KLE1615,Senegalimassilia,Fannyhessea,UMGS1384,QANG01,CAG-488,MGYG000004061,Ligilactobacillus,KM106-2,Agathobacter,MGYG000000390,RC9,Holdemanella
rep877_seed2902	UMGS1633,Turicibacter,Proteus,UMGS966,Massiliomicrobiota,Faecalitalea,CAG-831,RUG023,F0422,Succinatimonas,QAMM01,Christensenella,Ruminococcus_B,UMGS1004,CAG-710,Veillonella_A,RUG705,UBA5905,Enterococcus_A,Haemophilus_A,UMGS973,UMGS1815,Acetivibrio_A,UMGS1293,UMGS1601,Phocaeicola,Romboutsia,CAG-603,Kallipyga,Blautia_A,Odoribacter,Paenibacillus_A,Fusicatenibacter,MGYG000000505,Acutalibacter,Desulfovibrio,HGM11386,Hungatella_A,MGYG000004171,UMGS1865,Parolsenella,Selenomonas_C,HGM11808,Anaerocolumna,Alistipes,CAG-631,UMGS1839,Faecalibacterium,Merdibacter,Klebsiella_A,Campylobacter_B,Massilistercora,Blautia,Caproiciproducens,UMGS2016,Serratia,UMGS856,UBA11774,Cetobacterium_A,VUNA01,UMGS1889,UBA2821,Bulleidia,CAG-964,Lachnospira,UBA5920,CAG-594,CACZQA01,Firm-11,Raoultella,UBA11512,Clostridium_B,UMGS1623,F082,Faecalicoccus,Marvinbryantia,UBA1206,Amedibacterium,Pauljensenia
rep878_seed2903	UMGS1858,HGM11808,UBA1417,CAG-279,UBA3766,Phascolarctobacterium,Pradoshia,HGM11416,Sodaliphilus,BX12,Pyramidobacter,RUG100,MGYG000002575,Garciella,Peptoniphilus_C,UBA1394,UBA1191,Ruminococcus,Lactonifactor,Coprobacillus,OM05-12,Johnsonella,F0422,MGYG000004229,Eubacterium,UBA1390,CAG-632,SFJ001,Proteus,HGM12650,Ezakiella,CAG-492,HGM10836,UBA4334,CAG-882,UMGS1783,RUG12045,QANG01,Pluralibacter,UMGS946,Enterocloster,Eubacterium_G,Pseudomonas_E,MGYG000004133,SFEL01,Faecalibacterium,Enorma,Pseudomonas_R,Exiguobacterium,CAG-390,UMGS1781,Zag1,UBA9414,Anaerococcus,MGYG000002685,UMGS1312,S5-A14a,Romboutsia,UBA7182,QAMX01,CAG-776,Methanosphaera,Frisingicoccus,UMGS75,UMGS577,UBA1234,UMGS599,UMGS1663,MGYG000003945,Dysosmobacter,CAG-710,UCG-010,Methanobrevibacter_A,Anaerotignum,RUG572,UMGS1975,UBA9506,RQCD01,UBA2882
rep879_seed2904	Enterococcus_A,Pseudescherichia,Robertmurraya,HGM13862,UMGS1224,Alterileibacterium,UBA7057,HGM12650,UMGS874,Yersinia,Megamonas,Anaeroplasma,CAG-590,UMGS946,CAG-822,Enterococcus,MGYG000004172,Phascolarctobacterium_A,UBA11774,QALW01,Negativibacillus,UBA11940,Veillonella,Plesiomonas,Emergencia,MGYG000002758,HGM11372,NSJ-61,Leclercia,UMGS1490,RUG14107,MGYG000003855,Lactococcus,Mixta,MGYG000000674,Criibacterium,MGYG000004547,Sporanaerobacter,Ezakiella,Finegoldia,HGM11523,Marvinbryantia,Ruminococcus_E,UBA11517,S5-A14a,MGYG000002726,UBA11512,HGM11530,CAG-465,UMGS856,Pygmaiobacter,UBA6857,Pseudomonas_E,Scardovia,CAG-390,Eubacterium_I,UMGS1491,Eikenella,Parabacteroides,Bacillus_J,Enterobacter,UMGS1338,Bruticola,UBA5026,UBA945,QALS01,Granulicatella,CAG-349,CAG-793,Turicimonas,RUG572,Klebsiella,CAG-411,UBA1777,UMGS973,MGYG000002575,CAG-180,SFDB01,Cetobacterium_A
rep880_seed2905	Hydrogeniiclostridium,Amulumruptor,RUG472,CAG-83,Cetobacterium_A,Oscillibacter,UMGS874,MGYG000004094,UMGS124,CAG-791,MGYG000000378,Succiniclasticum,UMGS1690,Lactococcus_A,Anaerosalibacter,Leclercia,Varibaculum,Prevotella,OM05-12,UBA5026,RUG11247,UBA7057,Ruminococcus_B,MGYG000002683,Alterileibacterium,UMGS1370,UMGS1293,Sneathia,Flavonifractor,MGYG000000346,CAG-269,CAG-110,Acetatifactor,43-108,Fusobacterium_B,Succinatimonas,UMGS1225,HGM14224,MGYG000004811,MGYG000004029,Anaeroplasma,Mixta,CAG-557,Scardovia,SFFH01,UBA1181,Fournierella,MGYG000003490,Lactiplantibacillus,RUG705,MGYG000004229,UBA2856,CAG-484,Companilactobacillus,UMGS1688,CAG-1193,UBA9414,UMGS902,Vibrio,CAG-302,UBA1737,SFDP01,BX12,HGM12814,Butyricicoccus_A,Pseudoflavonifractor,UBA1731,UMGS1312,Bifidobacterium,CAAEEV01,Pauljensenia,HGM13222,MGYG000000587,Absicoccus,Cutibacterium,HGM11416,CAG-762,Lysinibacillus,Enterobacter_A
rep881_seed2906	Peptoniphilus_B,MGYG000000505,Prevotellamassilia,UMGS1418,Butyricimonas,Morganella,SCN-57-10,Campylobacter,UMGS1865,QALS01,UMGS1202,Paenibacillus_A,UBA5446,DUOT01,Muricomes,Sodaliphilus,RUG11198,UMGS2016,UBA7102,Peptococcus,Butyrivibrio_A,Weimerbacter,HGM11788,CAG-1000,UBA2821,Bacillus_J,Bilophila,Akkermansia,Corynebacterium,CAG-873,CAG-194,CAG-791,UMGS1484,1XD42-69,CAG-83,Lachnoanaerobaculum,UBA6345,UBA1777,CAAEEV01,UMGS1688,Prevotella,Lachnospira,Massilioclostridium,Granulicatella,UBA3766,CAG-557,F0422,Ruminococcus_B,UMGS1307,RUG12045,JAAYBB01,SFFH01,Massilimaliae,UMGS882,Limosilactobacillus,UMGS1613,UBA1417,HGM12650,HGM13010,Eubacterium_J,UBA5920,Lachnoclostridium_B,UBA1820,MGYG000004094,NSJ-62,CAG-521,UMGS1766,Allisonella,MGYG000002797,Lysinibacillus,Fusobacterium_B,CAG-279,Lancefieldella,UMGS731,Franconibacter,Enteroscipio,UBA3631,OM05-12,PeH17
rep882_seed2907	UMGS731,CAG-314,Peptacetobacter,Lactonifactor,RUG705,Stenotrophomonas,CAG-302,OM05-12,Phocea,Odoribacter,UMGS1668,Acidovorax,TM7x,Olsenella,Duncaniella,UMGS929,GCA-900066135,UBA5809,WG-1,Johnsonella,Ruminococcus_F,CAG-594,CAG-631,Sodaliphilus,Anaerobutyricum,HGM11372,Absicoccus,UMGS1820,CAG-822,CAG-313,UMGS1472,Moellerella,Cutibacterium,UMGS2016,HGM11416,Porphyromonas,UBA4285,Methanobrevibacter_A,MGYG000004061,MGYG000002683,Bulleidia,UMGS1326,Ruminococcus_C,Mesosutterella,Oribacterium,Catenibacillus,CAG-710,CAG-448,UMGS1202,Coprococcus_A,Peptostreptococcus,Rothia,Amedibacillus,UBA9506,MGYG000000505,Prevotella,Butyricicoccus,Anaerococcus,51-20,PeH17,Lactobacillus,UMGS1322,UBA5026,CAG-170,UMGS1387,Bariatricus,NSJ-50,Pseudoruminococcus,UBA1232,Eikenella,CAG-617,Enterobacter,MGYG000004029,UMGS1933,UBA1191,MGYG000000456,UMGS874,F0422,Pseudomonas_R
rep883_seed2908	MGYG000001953,Senegalimassilia,UMGS2055,Odoribacter,UBA6984,Eubacterium_G,Garciella,UBA1822,CAG-95,UBA7488,Clostridium,51-20,CAG-145,TWA4,UMGS75,UBA644,Eubacterium_F,F0422,Clostridium_J,MGYG000002010,UMGS731,Mailhella,UBA6382,Salinicola,CAG-484,UMGS1388,UBA3818,JAAYBB01,Marseille-P4683,UMGS1484,Cetobacterium_A,CAG-1193,UMGS1826,Kluyvera,MGYG000003289,Veillonella_A,Providencia,UMGS1611,MGYG000003945,Veillonella,Ruminococcus_F,HGM11616,HGM11575,Fusobacterium,CAG-632,CAG-354,OF09-33XD,Ruminococcus_E,Bittarella,Atlantibacter,CAG-452,Olsenella_E,UBA636,CAG-217,MGYG000000574,HGM11525,Marvinbryantia,MGYG000004127,Anaerosalibacter,Gabonibacter,VUNA01,QALW01,Dorea_B,Anaeromassilibacillus,Butyrivibrio_A,CAG-177,MGYG000002719,UBA3402,HGM11788,Ruthenibacterium,CAG-628,UMGS2016,UBA1691,Clostridium_F,Klebsiella_A,UBA6857,Aeromonas,Mobiluncus,Absicoccus
rep884_seed2909	UBA3631,CAG-510,MGYG000004112,HGM04593,UBA11517,Alistipes,Prevotella,Franconibacter,Enorma,HGM12587,UMGS1472,WG-1,RUG410,Ruthenibacterium,MGYG000004445,UMGS1484,Mobiluncus,Amulumruptor,Romboutsia,Companilactobacillus,CAG-791,Neisseria,Cedecea,GCA-900066495,Odoribacter,MGYG000004171,Arcanobacterium_A,Acinetobacter,Corynebacterium,Intestinimonas,CAG-557,Cellulosilyticum,CAG-115,UMGS1279,Roseburia,UMGS1388,CAG-449,Succinatimonas,UMGS1591,Allisonella,CACZQA01,Clostridium_AP,Exiguobacterium,UMGS966,UBA5884,UMGS1540,UMGS692,Turicimonas,Lactobacillus,Weimerbacter,Paraprevotella,Coprobacter,CAG-417,HGM11386,UMGS902,UMGS1839,CAG-110,Holdemania,Leptotrichia,DTU089,UBA11512,Gabonibacter,UBA1786,Adlercreutzia,UMGS1688,UMGS1532,CHH4-2,Bariatricus,UBA10677,UBA7057,UBA1731,Bacteroides_F,Bifidobacterium,Johnsonella,Fournierella,Anaerosporobacter,Gordonibacter,UMGS1810,Amedibacterium
rep885_seed2910	Sutterella,MGYG000000387,SFHK01,SFEL01,CAG-170,Lysinibacillus,Enorma,HGM13618,Dorea_A,RUG11247,CAG-451,Vibrio,Ezakiella,HGM11808,Enterococcus_G,Nitratidesulfovibrio,Anaerosacchariphilus,Rahnella,Clostridium_Q,MGYG000003970,Ruminiclostridium_E,UBA10677,UBA6857,UBA4644,UMGS902,UBA940,UMGS1487,F23-B02,VSOB01,CAG-349,Mesosutterella,Enterobacter,UBA11524,CAG-279,Frisingicoccus,MGYG000001953,UMGS1004,CAG-475,Fusobacterium_B,Eubacterium_R,Phocaeicola,CAG-194,Firm-07,Haemophilus,Marseille-P4683,CAG-274,HGM11525,UMGS1670,Dielma,NSJ-63,Peptoniphilus_C,Lachnoanaerobaculum,Clostridium_E,CAG-882,UBA11512,CAG-353,Fusobacterium_A,UBA4716,Absicoccus,MGYG000002797,Gabonibacter,Stenotrophomonas,UBA3282,HGM13634,SFFH01,UMGS1251,UBA1206,CAG-95,UBA1390,Mailhella,Fusicatenibacter,NSJ-61,UMGS1052,Kluyvera,Corynebacterium,UBA738,Murimonas,UBA3766,Faecalibacillus
rep886_seed2911	TF01-11,F082,UBA945,HGM11788,MGYG000004061,UMGS1783,Veillonella,Fenollaria,Sporanaerobacter,MGYG000003945,UMGS1663,Johnsonella,AM07-15,CAG-127,HGM12957,UMGS1810,HGM12713,RUG11198,Parasutterella,Lawsonella,Bacillus_J,Kluyvera,CABIZH01,Raoultibacter,UMGS929,HGM13010,MGYG000003970,RUG572,Hungatella,UBA11517,QALS01,UMGS1326,CAG-448,Evtepia,HGM14224,WG-1,MGYG000004660,CAG-217,UMGS1071,Parvimonas,Aeromonas,MGYG000002719,UMGS1375,CAG-557,Yersinia,Coprococcus,Staphylococcus,UMGS1253,UMGS1490,Pseudomonas_R,Phytobacter,UMGS363,Clostridium_J,MGYG000000745,CAG-793,Acetivibrio_A,Angelakisella,UMGS1865,SFFS01,HGM11501,QAMH01,UMGS874,Pseudomonas_E,SCN-57-10,UMGS1225,An92,MGYG000000574,Azonexus,Hydrogeniiclostridium,Clostridium_N,Acutalibacter,RUG115,Anaeroplasma,UMGS1241,Edwardsiella,Coprobacillus,Fusobacterium_A,MGYG000004811,Eikenella
rep887_seed2912	Franconibacter,Fusobacterium_B,HGM11368,Massilioclostridium,Aggregatibacter,UMGS905,Gastranaerophilus,UMGS911,MGYG000000346,Butyricicoccus_A,UBA1181,Salinicola,D5,Cetobacterium_A,Bacteroides_F,UMGS1840,UBA738,QALW01,OF09-33XD,CAG-354,Borkfalkia,Rubneribacter,CAAHEQ01,UBA7488,Kallipyga,Slackia,UBA4334,SFDB01,UMGS172,Eubacterium_M,Clostridium_B,UBA1259,QALR01,UBA11512,NC2004,Plesiomonas,Eubacterium_F,Oscillibacter,UMGS929,Lawsonibacter,UMGS1202,UMGS1781,Monoglobus,V9D3004,CAG-317,CAG-349,Lacrimispora,UBA7102,Muribaculum,Holdemania,UBA1375,Duodenibacillus,CAG-217,Finegoldia,Eubacterium_J,MGYG000004061,MGYG000001871,UBA3818,UMGS1472,HGM12669,Longicatena,UBA6345,UBA3282,UMGS1441,UMGS1109,Collinsella,UMGS1537,UMGS1487,CAG-475,UMGS1611,CAG-449,Negativicoccus,HGM13222,Enteroscipio,CAG-81,MGYG000004850,Eisenbergiella,UMGS1326,UMGS1613
rep888_seed2913	Aneurinibacillus,MGYG000002010,MGYG000000674,Raoultella,Bifidobacterium,UBA1691,Eggerthella,UMGS1781,UBA4285,MGYG000004112,Paraclostridium,Finegoldia,UMGS1688,UMGS1590,Anaeroglobus,SFHK01,UBA3388,UBA5446,Butyricimonas,DTU089,CAG-724,Hungatella_A,KM106-2,Catenibacillus,Ruthenibacterium,UMGS1670,Serratia,AF33-28,Kosakonia,UMGS1820,CAG-180,Odoribacter,Bacilliculturomica,Enterococcus_G,HGM11416,MGYG000000390,UBA7488,UBA4644,HGM13006,Sporanaerobacter,Eubacterium_M,Clostridium_N,MGYG000000425,TM7x,Franconibacter,UCG-010,Anaerostipes,MGYG000004811,NSJ-63,Enterocloster,UMGS2055,Megamonas,UBA11524,Megasphaera,UMGS1600,SFJ001,Superficieibacter,MGYG000004133,MGYG000004443,Agathobaculum,UMGS75,UBA1820,UMGS1889,UMGS946,Pseudomonas_R,MGYG000000350,QAMM01,Clostridium,CAG-1427,Johnsonella,UMGS1690,NK3B98,Succiniclasticum,Sutterella,CAG-103,CAG-1024,Selenomonas_A,UBA6345,Blautia
rep889_seed2914	Succinivibrio,Mobilibacterium,CAG-196,UMGS577,MGYG000004727,Clostridium_AQ,UBA3263,MGYG000000286,UMGS929,Paenibacillus,Stenotrophomonas,Anaeroplasma,Pluralibacter,MGYG000002053,UMGS1670,Eikenella,UBA7182,Firm-11,UMGS1880,Acetatifactor,Murimonas,CAG-273,UBA738,Butyricimonas,UBA2882,UBA1786,Clostridium_E,Massilicoli,Corynebacterium,Sporanaerobacter,Pantoea,CAG-793,UBA866,Actinomyces,Lancefieldella,UBA1181,Ruminococcus_C,Eubacterium_M,SFHK01,UMGS1883,CAG-411,CAG-103,Campylobacter,UMGS1472,Enteroscipio,Anaerocolumna,ER4,CAG-81,Peptococcus,Marseille-P4683,Moellerella,UBA1206,UBA7173,UBA2821,Pyramidobacter,NSJ-32,Massilistercora,CAG-488,UMGS1397,RUG11200,MGYG000002758,Eggerthella,PeH17,Intestinimonas,MGYG000002696,UMGS1518,MGYG000004094,QAMX01,UBA4644,MGYG000001871,UMGS403,Borkfalkia,Eubacterium_I,Salmonella,MGYG000000745,CAG-279,CAG-354,Lachnoanaerobaculum,Bacillus_J
rep890_seed2915	UBA4285,UBA1375,MGYG000000587,Absicoccus,Phytobacter,AM07-15,Romboutsia,Massilicoli,GCA-900066755,Weizmannia,QAKW01,Anaerosporobacter,Pauljensenia,Beduini,Peptoniphilus_A,Clostridium_X,Enterocloster,Varibaculum,HGM12814,CAG-484,Faecalibacillus,UMGS946,Weimerbacter,CAG-1000,CAG-217,UBA2882,UBA2883,UBA6984,MGYG000004547,Alloscardovia,MGYG000004061,Fusobacterium,Peptoniphilus_C,Cedecea,UMGS1880,Merdimonas,Selenomonas_A,RUG14107,MGYG000002696,CAG-877,UMGS1781,CAG-313,HGM12957,Leptotrichia,RQCD01,UMGS577,UBA4855,UMGS1858,Lachnoclostridium_A,UMGS1002,MGYG000003855,HGM04593,HGM11588,Mediterraneibacter,Lachnoanaerobaculum,Clostridium_N,1XD42-69,Caproiciproducens,CAG-417,MGYG000004133,UBA7748,Arabia,Fusobacterium_A,Extibacter,Murdochiella,MGYG000002216,HGM11514,Yersinia,CAG-302,Anaerostipes,UBA11940,Lacrimispora,Phascolarctobacterium_A,Ellagibacter,RUG410,Citrobacter_A,Gemmiger,Anaerotruncus,Lachnoclostridium_B
rep891_seed2916	DUOT01,UBA9502,Peptacetobacter,Lactobacillus,Varibaculum,Oxalobacter,Christensenella,MGYG000003855,UMGS1591,V9D3004,UMGS599,Faecalitalea,Eubacterium_I,Weissella,AM51-8,KM106-2,HGM11575,SFDP01,Fannyhessea,Alloprevotella,HGM13618,WRGP01,Prevotella,RUG131,MGYG000000505,UMGS1889,UBA9414,UMGS2055,Ralstonia,MGYG000000425,Dorea_A,An92,TF01-11,RUG100,UMGS1279,Parolsenella,Fournierella,Lawsonella,Haemophilus_D,HGM11525,TWA4,Longicatena,Succinivibrio,CAG-288,Cellulosilyticum,Lachnospira,Lachnoclostridium_A,Marseille-P3106,Enterococcus,HGM11530,UBA3402,UMGS1441,AF33-28,HGM11417,Peptoniphilus_E,CAG-710,Oscillibacter,UMGS1307,Enterocloster,UMGS1880,Hungatella_A,UBA3263,UBA2856,UMGS1474,Alterileibacterium,UBA1711,Moellerella,UBA1820,MGYG000003297,UMGS1851,Anaerotruncus,Prevotellamassilia,Niameybacter,Lagierella,Bacilliculturomica,Acetatifactor,Akkermansia,Zag111,Haemophilus_A
rep892_seed2917	UMGS1880,Cloacibacillus,Methanobrevibacter_A,Lactococcus,Ruthenibacterium,UBA3818,RUG410,CAG-56,Bruticola,Eubacterium,Butyricicoccus_A,Ruminococcus_D,Aneurinibacillus,Scardovia,Eubacterium_G,Peptoniphilus_C,UBA1822,CAG-417,Fournierella,UMGS1251,OF09-33XD,Pseudobutyrivibrio,WRGP01,Salmonella,Faecalibacillus,Hydrogeniiclostridium,Clostridium_X,Paraclostridium,Anaerocolumna,HGM11530,CAG-115,Muricomes,Enterococcus,UMGS1840,UBA1394,Escherichia,Eisenbergiella,MGYG000003270,CAG-475,Epilithonimonas,Parvimonas,Prevotella,UMGS1815,Phocea,CABIZH01,UBA11774,Christensenella,UBA1786,UMGS680,MGYG000000745,Faecalitalea,MGYG000000387,Sodaliphilus,Intestinibacter,Lacrimispora,Pediococcus,MGYG000004811,HGM11368,MGYG000000728,CAG-411,HGM14224,UMGS403,TF01-11,UMGS1670,UMGS2055,UBA2882,PeH17,Clostridium_P,Lentilactobacillus,MGYG000000350,Lactococcus_A,RUG806,UBA737,Latilactobacillus,Catenibacterium,Succiniclasticum,Firm-10,Turicibacter,HGM11616
rep893_seed2918	UBA3388,Treponema_D,CAG-313,UMGS1071,GCA-900066905,UBA7702,CAG-272,Anaeromassilibacillus,Arcanobacterium_A,Pediococcus,MGYG000003305,Neisseria,HGM11575,Parvimonas,Actinobaculum,UMGS1795,Streptococcus,CAG-1024,Neobittarella,Superficieibacter,MGYG000002696,UBA2882,Citrobacter,Campylobacter_A,UMGS966,Peptoniphilus_B,UMGS1472,HGM13006,UBA6984,UBA4871,Citrobacter_A,MGYG000002685,Enterococcus_A,Phytobacter,Kluyvera,Muricomes,Anaeroplasma,UCG-010,Porphyromonas,UMGS1883,Sporanaerobacter,D5,QAMM01,Klebsiella_A,UMGS911,NSJ-50,UBA1409,Marvinbryantia,Enterococcus_B,UBA1711,UMGS1976,SFEL01,Raoultella,HGM12957,MGYG000001903,Peptococcus,Enterococcus,Dorea_A,HGM11523,RUG11247,Bulleidia,Bittarella,Cetobacterium_A,UMGS1690,Actinomyces,Oscillibacter,UMGS403,UMGS1572,Lawsonibacter,RUG13868,UMGS1858,Paraprevotella,UBA5905,UBA4644,UMGS2055,Oxalobacter,HGM12789,TM7x,UBA1206
rep894_seed2919	COE1,HGM11514,UBA7185,CAG-877,MGYG000004445,RUG705,TF01-11,Aeromonas,AM51-8,HGM12998,Dysosmobacter,UBA644,UMGS1293,UBA1206,Romboutsia,CAG-475,CAG-582,KM106-2,CAAEEV01,CAG-245,RQCD01,UMGS1418,CAG-177,UMGS1603,43-108,Succinatimonas,Negativibacillus,CAG-632,UBA1822,Pseudoruminococcus,Neisseria,UMGS1601,Marvinbryantia,Roseburia,UBA11471,Ellagibacter,Clostridium_A,Massilioclostridium,HGM11416,Tidjanibacter,Caproiciproducens,UBA1685,Catenibacillus,UMGS946,CAG-557,Citrobacter_A,Phocea,Latilactobacillus,Murdochiella,Alloprevotella,Exiguobacterium,Sporanaerobacter,Prevotella,MGYG000000346,UMGS577,UBA1390,UMGS1663,CAG-170,HGM13618,Clostridium_Q,Acetatifactor,MGYG000000505,UMGS1472,Anaeroplasma,Bacillus_J,UBA1394,Acidovorax,UMGS1865,MGYG000002758,Holdemanella,MGYG000000425,Leclercia,RUG472,Serratia,Enterococcus_B,CAG-448,RUG11247,UBA5905,UMGS995
rep895_seed2920	UMGS680,UBA7702,UMGS1004,Ruminococcus,CAG-313,CAAEEV01,UBA1711,Angelakisella,CAG-485,Proteus,QALR01,Marseille-P4683,UMGS1783,UMGS1202,Faecalimonas,Edwardsiella,Pauljensenia,QAKW01,Enterococcus_B,UMGS124,UBA9502,UMGS1224,An181,UMGS1532,UMGS363,Murdochiella,UBA1259,Lactonifactor,Psychrobacillus,MGYG000002216,UBA644,Fusicatenibacter,UMGS882,Alterileibacterium,Eubacterium_F,Butyrivibrio_A,Aneurinibacillus,Granulicatella,Alistipes_A,UMGS1864,HGM11523,Stoquefichus,Pantoea,UBA4285,UMGS1810,Criibacterium,UBA11940,NSJ-38,Allisonella,CAG-452,UMGS416,UMGS1490,Absicoccus,HGM13233,HGM13222,Fusobacterium,UMGS1253,UMGS1826,Lentilactobacillus,Ruminococcus_C,HGM05232,Veillonella_A,HGM11616,CAG-877,CAG-1427,Megasphaera,UBA11471,UMGS2055,UMGS263,RQCD01,HGM12789,UBA3766,MGYG000002696,Anaerofustis,QALS01,CAG-762,CACZQA01,UBA10677,CAG-917
rep896_seed2921	CAG-317,Olsenella_B,UMGS1002,UBA5809,CAG-417,CAG-1427,Sporanaerobacter,Clostridium_X,Aneurinibacillus,CAG-521,Fusobacterium_A,Catenibacillus,Fusicatenibacter,Lancefieldella,Caproiciproducens,Acinetobacter,CAG-1024,UBA1786,F0422,Firm-11,UBA11524,Dorea_B,Kluyvera,UBA636,MGYG000004380,Anaerocolumna,Clostridium_N,Acetivibrio_A,Aeromonas,VUNA01,CAG-628,Fenollaria,SFEL01,Lactonifactor,UBA10281,Bittarella,RUG11200,Methanobrevibacter_A,OM05-12,Gemella,QAMX01,UMGS1601,KLE1615,UMGS403,Longicatena,UBA3282,VUNI01,CAG-877,RUG023,Franconibacter,Hungatella,Extibacter,Edwardsiella,Mobilibacterium,HGM12713,Neobacillus,MGYG000004547,CAG-873,UMGS1591,UMGS1477,HGM14224,Terrisporobacter,HGM12669,Fusobacterium_B,CAG-791,Leminorella,HGM11417,Beduini,MGYG000004874,MGYG000003490,Mobiluncus,UBA1737,Hafnia,RUG410,UMGS905,UMGS1858,QAKS01,Lachnoclostridium_B,Lacrimispora
rep897_seed2922	Zag111,Lancefieldella,UMGS973,Paraprevotella,RUG410,Phocea,Anaeromassilibacillus,CAG-1193,MGYG000000350,Eubacterium_G,CAG-488,RUG12045,Acetatifactor,AM51-8,CAG-1031,Companilactobacillus,Porphyromonas_A,HGM11521,Garciella,UBA1737,Holdemanella,Murimonas,Mesosutterella,CAG-882,CAG-313,UMGS1933,Ruminococcus_A,Stoquefichus,MGYG000000728,Lachnoanaerobaculum,Methanobrevibacter_A,UBA5446,Rikenella,Anaerosacchariphilus,Paenibacillus_A,Terrisporobacter,Eubacterium_M,Clostridium_X,UMGS1387,UMGS1633,UMGS1251,CACZQA01,Cronobacter,MGYG000001871,Kluyvera,Phascolarctobacterium,Turicimonas,Mailhella,QAKS01,UMGS1858,HGM13634,Blautia,UBA2883,QANA01,UMGS1688,Adlercreutzia,UMGS2037,Actinobaculum,UMGS1994,UBA737,CAG-245,Leuconostoc,HGM11788,Eubacterium_F,Clostridium_F,Vibrio,DTU089,Mediterraneibacter_A,Kallipyga,Anaeroglobus,Massilicoli,Haemophilus_A,QAMH01,Pseudobutyrivibrio,Megasphaera,Robinsoniella,VSOB01,RF16,GCA-900066135
rep898_seed2923	UMGS1307,UBA7748,CAG-1427,UMGS1387,Bacteroides,GCA-900066495,Aeromonas,Bilophila,CAG-56,UMGS731,MGYG000002575,UMGS1312,RUG420,RUG100,HGM11501,UMGS1537,Neisseria,Firm-10,Eubacterium_I,UMGS2016,Lachnoclostridium,Pseudescherichia,UMGS1623,Merdibacter,CAG-269,CAG-582,Alterileibacterium,Massilicoli,OM05-12,Holdemania,UMGS1241,Phascolarctobacterium,UMGS1071,Succinatimonas,Varibaculum,Megasphaera,Klebsiella,HGM13006,UBA4644,Arcanobacterium_A,RUG12045,Anaerocolumna,Veillonella_A,UMGS1472,F082,CAG-115,Dysosmobacter,UBA5905,MGYG000000378,Olsenella,AM51-8,Eubacterium_J,DTU089,Duncaniella,UMGS1883,Clostridium_J,SFHK01,Dorea,Ruminococcus,Lachnoclostridium_B,Eubacterium_F,UMGS1858,HGM12713,Cronobacter,UMGS268,UBA7488,OF09-33XD,Salinicola,CAG-877,Mobiluncus,Beduini,UBA5394,MGYG000004604,UMGS1851,UMGS995,Parvimonas,UBA5416,Porphyromonas,QALS01
rep899_seed2924	UBA1740,CAG-822,Lactiplantibacillus,HGM12587,Ruminiclostridium_E,Merdibacter,CAG-724,Zag1,UMGS946,NK4A136,Lagierella,MGYG000001953,CAG-1427,MGYG000002685,Fenollaria,CAG-793,UBA4855,Victivallis,CAG-488,UMGS1670,WG-1,Clostridium_E,Proteus,SFDB01,UMGS1532,Porphyromonas_A,UBA4871,UMGS929,Mobiluncus,Niameybacter,Eubacterium_J,Lysinibacillus,Holdemania,UMGS1815,Amedibacterium,UMGS1901,Hafnia,ER4,Enterococcus_B,UMGS1387,CAG-762,UMGS1225,Anaerobutyricum,Adlercreutzia,HGM13222,Lachnoanaerobaculum,Clostridium_AP,HGM12789,UMGS1668,Bruticola,Latilactobacillus,MGYG000003305,CAG-127,UMGS692,Mobilibacterium,Erysipelatoclostridium,Leminorella,UBA7173,UBA7057,UBA5920,MGYG000004127,Alloprevotella,MGYG000002719,Stomatobaculum,CAG-180,SFFS01,Allisonella,MGYG000004229,CAG-317,UMGS1590,QALW01,Klebsiella,HGM14224,Roseburia,Faecalitalea,UBA1259,MGYG000000674,UBA1786,Eisenbergiella
rep900_seed2925	UBA1417,Turicibacter,Anaeromassilibacillus,QAKD01,UBA1206,HGM13006,Raoultibacter,UMGS1696,Holdemania,Proteus,UMGS731,CAG-353,CAG-495,DTU089,HGM11788,UMGS1668,Slackia_A,MGYG000002758,KM106-2,RUG14107,QAKW01,Phytobacter,BX12,CAG-492,CAG-451,Leclercia,CAG-632,UMGS1690,D5,UMGS1202,QAMM01,Pseudescherichia,MGYG000004133,CAG-793,CAG-841,CAG-590,UMGS1472,Peptacetobacter,RUG100,CAG-45,Robertmurraya,Massilistercora,HGM13634,Coprobacter,HGM11416,UBA945,HGM11372,Nitratidesulfovibrio,Epilithonimonas,Lysinibacillus,Anaeroplasma,RC9,Fournierella,Aeromonas,HGM12814,Selenomonas_A,Psychrobacillus,Acidovorax,Pseudobutyrivibrio,CAG-1193,CAG-485,CAG-628,Fusicatenibacter,SFHK01,UBA11774,UMGS902,MGYG000000425,UMGS1839,UBA7102,Faecalibacterium,QAKS01,Scardovia,UBA1829,Ezakiella,Longibaculum,Lachnospira,CAG-475,Eubacterium_T,UMGS1883
rep901_seed2926	RUG12045,Butyrivibrio_A,MGYG000000286,CAG-145,HGM11523,MGYG000003855,Klebsiella_A,UMGS1901,UMGS2055,RUG472,Garciella,UMGS268,UBA11774,Aneurinibacillus,Eubacterium_T,HGM11368,Pyramidobacter,SFGY01,UCG-010,CAG-628,Amulumruptor,Faecalibacterium,UBA7173,Moellerella,MGYG000004177,CAG-485,UMGS1670,Butyricicoccus_A,CAG-41,UBA10677,UMGS1889,HGM13006,Lentilactobacillus,HGM11507,UMGS882,UBA1711,Alistipes_A,CAG-81,Duodenibacillus,Clostridium_P,Mediterraneibacter_A,Olsenella_B,Lysinibacillus,UMGS1532,MGYG000000387,UMGS1872,Bruticola,UBA5416,UBA2821,Niameybacter,UMGS973,CAG-1000,CAG-462,Desulfovibrio,Firm-07,RUG131,Extibacter,CAG-273,Selenomonas_C,MGYG000002010,WRGP01,Turicimonas,MGYG000004547,UMGS1603,Anaerosporobacter,Neobittarella,MGYG000004850,Selenomonas_A,Bacteroides_F,UBA7702,RUG11247,Butyricimonas,Megasphaera,Clostridium_E,UMGS692,UMGS905,Emergencia,Ruminococcus_G,NK4A136
rep902_seed2927	UMGS1370,Olsenella,Harryflintia,Succiniclasticum,CAG-238,Providencia,UBA1390,Enterococcus_A,Gastranaerophilus,Bilophila,Klebsiella_A,UMGS1388,Ruminococcus,MGYG000004172,Azonexus,UMGS1397,HGM13233,Pantoea,VUNA01,SFMI01,Alloprevotella,CAG-303,MGYG000000574,Absicoccus,Pseudomonas_R,CAG-180,Varibaculum,Longibaculum,Bacillus_A,UMGS929,Haemophilus_D,Haemophilus_A,JAAYBB01,Fenollaria,Coprobacter,Klebsiella,Alloscardovia,Enterocloster,UBA1409,Peptoniphilus_A,Sneathia,Murdochiella,Terrisporobacter,HGM11417,CAG-831,MGYG000000728,UMGS268,Limosilactobacillus,S5-A14a,Enterobacter_D,Lactococcus_A,Cellulosilyticum,HGM11575,Vibrio,CAG-81,CHH4-2,Oxalobacter,UBA5920,MGYG000000378,Haemophilus,Cetobacterium_A,CAG-488,Anaerostipes,MGYG000004445,UMGS1384,UBA636,Marseille-P3106,Clostridium_X,MGYG000004029,UMGS1880,MGYG000002702,Stoquefichus,CAG-349,UMGS882,UBA1375,HGM12998,SFDB01,CAG-882,UMGS1933
rep903_seed2928	Lactonifactor,CAG-269,HGM12998,Merdimonas,Harryflintia,Dorea_B,Rahnella,UMGS1663,Criibacterium,Johnsonella,Rothia,Lactiplantibacillus,NC2004,UBA5416,Ligilactobacillus,MGYG000000574,Alloscardovia,Anaeroglobus,UMGS1591,MGYG000000425,UBA3282,CAG-272,MGYG000002696,UMGS1224,UBA11940,TWA4,Slackia,RUG420,Alloprevotella,Clostridium_X,CAG-1193,An181,MGYG000002797,SCN-57-10,CAG-793,Fusobacterium_C,Haemophilus,QAKW01,Parvimonas,Schaedlerella,Proteus,UMGS1109,Butyricimonas,UBA2883,CAG-884,Clostridium_F,SFGY01,MGYG000002702,Butyrivibrio_A,Succinivibrio,Lachnospira,UBA11517,CAG-245,Murimonas,CAG-631,MGYG000004811,RUG100,AM07-15,Providencia,HGM12669,Pauljensenia,CAG-452,Olsenella_B,CAG-724,Lysinibacillus,UMGS75,Alistipes_A,UBA1191,Enterobacter_D,UMGS1370,CHH4-2,UBA6984,Peptostreptococcus,Lacticaseibacillus,Phytobacter,CAG-354,Neobacillus,Evtepia,Methanomassiliicoccus_A
rep904_seed2929	GCA-900066905,Ruminococcus_D,RUG12045,Fusobacterium,AM51-8,MGYG000000346,UBA4871,An92,Porphyromonas_A,Escherichia,UBA7057,UMGS1663,Caproiciproducens,HGM11808,Enterocloster,Gastranaerophilus,Lactonifactor,Neobittarella,Extibacter,Lachnoclostridium,WRGP01,RUG115,UMGS75,MGYG000004172,Kallipyga,CAG-272,RUG572,Lactobacillus,Flavonifractor,HGM11416,Phascolarctobacterium,Campylobacter_A,UMGS1202,CAG-831,CAG-177,UMGS1696,Bilophila,Agathobaculum,Stomatobaculum,UBA11524,Epilithonimonas,Cutibacterium,CAG-873,Anaerobutyricum,CAG-485,Faecalicoccus,JAAYBB01,Stenotrophomonas,Selenomonas_C,UMGS1487,Senegalimassilia,Clostridium_A,HGM11525,Porphyromonas,Haemophilus_A,Barnesiella,CACZQA01,Neisseria,MGYG000002683,Olsenella_E,UMGS1307,Muribaculum,CAG-465,UMGS1865,Selenomonas_A,CAG-510,Corynebacterium,Blautia,Marseille-P4683,UMGS172,UBA7102,Methanosphaera,UMGS1864,Haemophilus,Romboutsia,Borkfalkia,MGYG000002053,Dorea_A,UMGS1613
rep905_seed2930	Haemophilus_A,Streptococcus,Azonexus,HGM11372,Clostridium_N,UMGS1976,UBA10281,Erysipelatoclostridium,UMGS1880,UBA3388,UMGS731,Lachnospira,Fusobacterium,UBA1232,ER4,UBA7702,HGM11521,Lysinibacillus,Chimaeribacter,Lacrimispora,MGYG000004094,Alloprevotella,UBA4334,MGYG000000587,Faecalicoccus,UBA6398,UBA1820,UBA5809,Methanosphaera,CABIZH01,CAG-632,Varibaculum,Butyricicoccus,HGM05232,DTU089,UBA6382,Veillonella_A,UMGS1840,HGM11575,Ruminococcus_F,CAG-873,UBA5026,QAMX01,GCA-900066755,UBA11512,UBA1685,Companilactobacillus,HGM11530,UBA11774,Arcanobacterium_A,Succiniclasticum,MGYG000004061,CAAEEV01,51-20,CAG-831,UBA644,UMGS1384,Massilimaliae,UMGS1601,Campylobacter,GCA-900066905,HGM12650,UMGS1795,Phascolarctobacterium,Caecibacter,Enterococcus,Bacteroides,F0422,Akkermansia,Anaerosalibacter,Granulicatella,RUG11247,Alistipes,Butyricicoccus_A,UMGS1865,Pluralibacter,RF16,Campylobacter_A,Eikenella
rep906_seed2931	UMGS1518,Lentilactobacillus,Rikenella,UBA9506,HGM13222,Holdemanella,Amedibacterium,UMGS1613,Mediterraneibacter_A,QAKW01,Clostridium_AQ,UBA1234,Lachnospira,SFDB01,Caproiciproducens,CAG-349,Ruminococcus_A,CAG-495,Sneathia,MGYG000000574,Klebsiella,UBA2883,Beduini,Hungatella,RUG13868,Emergencia,UMGS1590,Eubacterium_R,UBA4372,UMGS1384,Parvimonas,Turicimonas,UBA1740,UBA11471,CAG-510,Negativicoccus,Treponema_D,UMGS1688,CAG-710,Azonexus,MGYG000002726,Oxalobacter,HGM12814,Massilioclostridium,CAG-95,CAG-45,Pauljensenia,QAMH01,UMGS1052,SFFS01,CAG-317,SFDP01,Raoultibacter,Leclercia,Prevotella,UBA6398,MGYG000003490,Anaerotruncus,Lysinibacillus,CAG-793,Phocaeicola,Latilactobacillus,CAG-632,SFHK01,CAG-617,QAKS01,Rubneribacter,Vibrio,UMGS1690,MGYG000004660,Dialister,HGM12587,Anaerostipes,AM51-8,Yersinia,MGYG000003305,Muribaculum,Absicoccus,MGYG000004727
rep907_seed2932	UMGS2055,UMGS856,UBA7160,UMGS1307,43-108,Fusobacterium_B,Olsenella_B,HGM12998,UBA1232,Eisenbergiella,Beduini,Kallipyga,Duodenibacillus,MGYG000000574,HGM11327,Amedibacterium,UBA2882,UMGS1474,UMGS1491,Intestinimonas,CAG-41,Extibacter,UBA6382,MGYG000002702,RUG410,UMGS1109,Bulleidia,Romboutsia,Lactobacillus,Finegoldia,Peptoniphilus_E,UBA4334,CAG-349,Methanobrevibacter_A,Monoglobus,Fusicatenibacter,CAG-448,UMGS1889,Ruminococcus_A,UBA4716,Lactococcus_A,UBA1259,UBA6857,D5,UMGS1696,UMGS1224,MGYG000000387,Robertmurraya,RUG11247,CAG-302,CAG-115,MGYG000004127,Ellagibacter,UMGS599,Pseudobutyrivibrio,Longibaculum,CAG-557,CAG-449,MGYG000004061,CAG-822,Anaerostipes,GCA-900066495,Methanosphaera,UMGS731,Serratia,Corynebacterium,Escherichia,Roseburia,Dorea_B,UBA1234,OF09-33XD,HGM11530,Anaerosporobacter,Alistipes_A,HGM13006,QAMH01,UBA1409,Enterococcus_A,Pseudoruminococcus
rep908_seed2933	MGYG000004172,UMGS929,S5-A14a,1XD42-69,Dorea_A,CAG-590,MGYG000003270,NC2004,Pseudomonas_R,UBA11524,UBA4334,UMGS1279,Merdimonas,UMGS1375,Butyricicoccus_A,Muribaculum,UBA9475,Agathobaculum,UBA3818,Succiniclasticum,Paramuribaculum,Robertmurraya,MGYG000000425,MGYG000001903,UMGS1441,KM106-2,Mesosutterella,Firm-10,Phil1,Enterococcus_G,UBA3282,UMGS1976,RUG11200,HGM11808,Enterococcus_B,Campylobacter_A,CAG-1427,Criibacterium,UBA1731,Ezakiella,RUG472,Treponema_D,BX12,MGYG000003970,UMGS1670,UMGS363,Ligilactobacillus,Clostridium_N,Terrisporobacter,Ruminococcus_C,Cloacibacillus,NSJ-38,Clostridium,Limosilactobacillus,Lactococcus_A,HGM11575,Ruminiclostridium_E,Bacilliculturomica,CAG-964,UMGS1202,CAG-45,Citrobacter_B,Acetatifactor,Phascolarctobacterium,CAG-603,Hydrogeniiclostridium,Caecibacter,Lysinibacillus,Caproiciproducens,Coprobacter,SFGY01,Megamonas,Victivallis,CAG-449,UMGS1397,Acidovorax,Harryflintia,UBA1394,Olsenella_E
rep909_seed2934	UMGS172,UBA5416,Phil1,UBA3282,Lacticaseibacillus,Kluyvera,VSOB01,MGYG000002075,UMGS1338,CAG-288,Clostridium_F,CAG-1193,MGYG000004727,UMGS995,Mobiluncus,CAG-417,SFDP01,Anaeromassilibacillus,UC5-1-2E3,MGYG000004660,UMGS1491,UMGS966,Marseille-P3106,UBA2821,UMGS1251,Eubacterium,Clostridium_N,Dysgonomonas,Ruminococcus_E,Dorea,Acidovorax,Eubacterium_F,HGM11368,Sodaliphilus,Intestinimonas,Serratia,MGYG000004445,SCN-57-10,OF09-33XD,QAKW01,UMGS1253,UBA1685,UMGS1418,Methanobrevibacter_A,UMGS1781,Bittarella,Bulleidia,HGM12957,Lactococcus,HGM11386,UMGS1384,UMGS1810,UBA738,F0422,UMGS1623,CAG-194,UMGS1490,Amedibacterium,MGYG000004811,UBA3818,MGYG000004556,43-108,UMGS1591,Negativibacillus,QANA01,MGYG000003945,Raoultibacter,Eubacterium_J,UMGS1933,Clostridium_X,Marvinbryantia,Blautia,Ruthenibacterium,Agathobaculum,AM51-8,RUG12045,Lachnoclostridium_B,Parolsenella,Proteus
rep910_seed2935	Anaerotignum,Phytobacter,Paraeggerthella,CAG-762,Salinicola,Eubacterium_R,UMGS874,Intestinimonas,UBA7057,F0422,QAKS01,UBA3388,Eikenella,Agathobaculum,MGYG000002683,MGYG000000350,HGM05232,UBA5905,An92,CAG-710,UMGS1307,VUNA01,UMGS946,Blautia_A,Fusobacterium_B,Prevotellamassilia,Pseudescherichia,UMGS1901,UBA4372,Ruminococcus,RUG806,CAG-312,Firm-10,UBA3766,Clostridium_P,Lachnoclostridium_B,SFJ001,Garciella,BX12,UMGS1783,AM07-15,Actinomyces,UMGS1490,CAG-632,QAKD01,Ruminococcus_A,RUG11200,HGM11523,MGYG000000745,CAG-488,Alistipes,Amedibacillus,SFDB01,Duodenibacillus,UBA1731,UMGS731,UBA4644,Clostridioides,Lacticaseibacillus,Latilactobacillus,SFVR01,MGYG000003297,UBA3263,QAMM01,Cellulosilyticum,Clostridium_J,UBA1685,Evtepia,UMGS1839,CAG-521,MGYG000004445,Corynebacterium,Psychrobacillus,SFDP01,UMGS1312,Merdibacter,Intestinibacter,UMGS1663,Phascolarctobacterium_A
rep911_seed2936	CAG-492,Amedibacillus,UBA1417,MGYG000004556,UBA3818,F0422,UBA1390,UMGS1880,Gastranaerophilus,CAG-475,CAG-1024,HGM12650,Clostridium_Q,RUG410,CAG-617,Bilophila,Stoquefichus,Lactiplantibacillus,UMGS1603,AF33-28,Clostridium_X,CAG-793,Anaeroglobus,Odoribacter,CAG-115,Ruminiclostridium_E,UMGS1202,Methanobrevibacter_A,Clostridium_J,CACZQA01,UBA1829,CAG-1031,SFFH01,CAG-313,Franconibacter,UBA2882,UBA5394,Veillonella,An172,UBA6382,Klebsiella,UMGS1600,UBA3402,Acutalibacter,Paraprevotella,MGYG000002758,Pediococcus,UMGS1670,CAG-353,Negativicoccus,UBA9502,Oscillibacter,UBA1786,MGYG000004171,CAG-460,SFMI01,Absicoccus,Eubacterium_G,Clostridium_AQ,Bacillus_J,UMGS1052,Eisenbergiella,Lawsonella,Borkfalkia,UMGS2016,Enorma,UBA11452,UBA1777,QALW01,UBA9506,DUOT01,Lacticaseibacillus,Citrobacter_B,CAG-288,Phascolarctobacterium_A,UBA1232,AM07-15,CAG-841,Cedecea
rep912_seed2937	MGYG000002575,Dielma,Harryflintia,QALS01,UBA4716,SFJ001,Rothia,Eubacterium_M,RUG13868,COE1,Selenomonas_C,MGYG000004094,Bifidobacterium,Kallipyga,V9D3004,UMGS1688,CAG-557,MGYG000003289,CAG-274,CAG-448,Weizmannia,UBA10677,CAG-831,UMGS1518,HGM13618,Enteroscipio,CAG-485,CAG-353,Dorea,Butyricimonas,UMGS124,CAG-194,UMGS1338,UMGS905,Pseudobutyrivibrio,Mixta,Superficieibacter,Olsenella_B,Stenotrophomonas,Weimerbacter,Azonexus,Exiguobacterium,CAG-81,Agathobaculum,Fusobacterium_C,SFFS01,MGYG000004660,ER4,CAG-303,UMGS1976,UBA3402,UMGS1397,Franconibacter,UBA7173,Parolsenella,Bittarella,MGYG000004229,Beduini,Gabonibacter,Butyricicoccus,Atlantibacter,UBA1191,UBA738,UMGS929,MGYG000001871,UMGS1388,UBA7488,UCG-010,UBA1409,RUG472,Mobiluncus,UBA2821,Anaerofustis,CAG-776,Anaerosalibacter,Johnsonella,UBA7057,Eikenella,UBA1822
rep913_seed2938	UBA7160,Alterileibacterium,UMGS1864,SFFS01,UBA2821,Plesiomonas,UMGS1810,CAG-776,MGYG000003490,UMGS1474,HGM04593,HGM11521,HGM13634,UMGS1307,F0040,Collinsella,RUG13868,MGYG000004443,UBA1711,CAG-194,UBA7182,CAG-631,UBA1259,TF01-11,Klebsiella,UMGS1826,43-108,Dorea,UMGS1901,CAG-170,RC9,ER4,Akkermansia,CAG-484,Pyramidobacter,Eubacterium_R,UMGS1783,UBA10677,RUG420,UBA1206,UMGS911,Anaerosacchariphilus,Kosakonia,Ruminococcus_B,Yokenella,HGM12789,UBA11512,UBA6382,UBA4285,Parabacteroides,UMGS1591,Anaerotruncus,UBA6984,SFTJ01,Neobacillus,QAKW01,RF16,UBA11774,Alloscardovia,Fusicatenibacter,Peptoniphilus_C,UBA5446,BX12,Borkfalkia,HGM12650,SFDP01,UMGS680,UMGS1670,Sneathia,Peptacetobacter,CAG-724,UMGS1781,Eubacterium_G,Gordonibacter,UBA7488,Bruticola,UBA1740,UMGS124,Coprobacillus
rep914_seed2939	MGYG000004874,Peptoniphilus_A,Phocea,Yokenella,HGM13634,CAG-302,CAG-460,MGYG000000456,Ligilactobacillus,CABIZH01,Azonexus,CAG-791,Paenibacillus_A,Rubneribacter,UBA11940,HGM13618,OF09-33XD,Lawsonella,UMGS1004,MGYG000002685,UBA4334,UMGS905,GCA-900066755,UMGS1591,MGYG000001953,UMGS1781,Eggerthella,Evtepia,43-108,UBA4716,Cronobacter,MGYG000003970,Caecibacter,HGM11417,Lactiplantibacillus,Dielma,UBA6857,CAG-1427,HGM12650,Marseille-P3106,UMGS1590,UMGS1387,UBA1752,Lachnoanaerobaculum,Ruminococcus_E,Parvimonas,Enterocloster,UBA1691,HGM13222,Intestinimonas,RUG11198,CAG-873,Bruticola,Pradoshia,Ruminococcus,Fusobacterium_A,UMGS1474,Acidaminococcus,MGYG000000574,UMGS172,Angelakisella,Bifidobacterium,UMGS363,Gemella,Terrisporobacter,CAG-724,Anaerococcus,UMGS1491,Haemophilus_D,UBA3263,SFLA01,CAG-492,Ellagibacter,Veillonella,UMGS1224,CAG-841,Porphyromonas,Johnsonella,Sellimonas
rep915_seed2940	Weimerbacter,Latilactobacillus,TM7x,CAG-314,CAG-631,UBA7057,CAG-632,HGM13862,Clostridioides,Mobilibacterium,Anaeroplasma,RQCD01,Mediterraneibacter,Anaerostipes,Mitsuokella,UBA3263,UBA866,Angelakisella,RUG131,Bilophila,MGYG000003305,CAG-510,MGYG000000425,UMGS1071,HGM11530,NSJ-32,SFEL01,Mobiluncus,UMGS1633,CAG-238,SFMI01,MGYG000002797,Methanosphaera,CAG-594,Faecalibacillus,Ellagibacter,UMGS1670,UBA1191,Marseille-P4683,Hungatella_A,Ruminococcus_F,UMGS1826,UBA644,Erysipelatoclostridium,UMGS946,RUG705,UBA1409,Paraclostridium,CAG-1193,UMGS1810,An92,UBA1786,Limosilactobacillus,Murimonas,Succinatimonas,HGM12669,UBA1685,CAG-349,Proteus,Clostridium_F,MGYG000004811,SFGY01,CAG-41,CAG-1427,Parvimonas,Borkfalkia,RUG11247,Anaeroglobus,MGYG000004172,Pygmaiobacter,UBA11452,Terrisporobacter,UBA1417,UBA4334,UBA1820,Pseudomonas_E,MGYG000001903,V9D3004,MGYG000004547
rep916_seed2941	UMGS966,Allisonella,Anaeromassilibacillus,UMGS1477,Kosakonia,NK3B98,Acidaminococcus,Rothia,WRGP01,ER4,UMGS1810,UBA4285,UMGS263,UBA6382,MGYG000002053,CAG-1000,HGM11327,CAG-484,Fusicatenibacter,Succinivibrio,MGYG000004229,CAG-603,MGYG000001953,HGM11368,Peptoniphilus_E,UMGS905,Brachyspira,UBA3402,SFHK01,Paramuribaculum,COE1,Enterococcus_C,NSJ-62,Methanosphaera,Monoglobus,Clostridium,SFGY01,Butyrivibrio_A,Yokenella,Phil1,Providencia,Methanobrevibacter_A,MGYG000000574,CAG-390,Lachnoclostridium_B,Latilactobacillus,PeH17,HGM05232,MGYG000002216,CAG-964,Ruminococcus_E,UMGS1820,UBA2821,Fusobacterium_B,Dysosmobacter,UBA1822,Succiniclasticum,An181,Sellimonas,Negativicoccus,SFMI01,Agathobacter,CAG-495,Aneurinibacillus,UBA7597,UMGS1307,Cedecea,MGYG000004061,UBA9506,SFFH01,Klebsiella_A,CAG-81,Blautia_A,UMGS1375,MGYG000002696,UBA7702,UMGS1781,AM51-8,UBA6398
rep917_seed2942	Morganella,UMGS1864,CAG-831,AM07-15,QALW01,UBA2883,Hafnia,Fusobacterium_B,Veillonella,UMGS966,UMGS268,HGM12789,Fenollaria,UBA4871,Fusobacterium_A,UBA1829,Olsenella_E,S5-A14a,UBA1409,UBA1394,Massiliomicrobiota,HGM13010,MGYG000003297,UBA6382,Monoglobus,HGM11327,MGYG000000390,RUG023,Anaeromassilibacillus,Rikenella,UBA2882,Alistipes_A,UMGS1668,Christensenella,HGM12998,D5,SFEL01,Caecibacter,Bacteroides,MGYG000004061,Peptoniphilus_A,CAAEEV01,UBA3402,QAMH01,Coprobacter,Ruminococcus,Eubacterium_M,MGYG000003490,Chimaeribacter,CAG-349,UBA1390,Bacilliculturomica,UMGS1384,UMGS1670,Bacillus_A,Lysinibacillus,CAG-1427,Brachyspira,MGYG000004727,CAG-238,UBA9414,Phytobacter,Bulleidia,UMGS1472,Murdochiella,UCG-010,MGYG000000745,CAG-822,Cronobacter,UMGS973,Moellerella,Ruminococcus_C,UMGS1901,MGYG000004443,ER4,UBA1740,Gemmiger,Pseudomonas_E,MGYG000002075
rep918_seed2943	MGYG000002053,SFGY01,Veillonella_A,F23-B02,Moellerella,Anaeromassilibacillus,Dysosmobacter,Flavonifractor,Superficieibacter,Lentilactobacillus,Raoultella,Pseudoflavonifractor,Bacillus_A,Arcanobacterium_A,Acetivibrio_A,Collinsella,Lachnoanaerobaculum,Ezakiella,UMGS1865,CAG-349,Campylobacter,CAAHEQ01,RUG472,S5-A14a,MGYG000002075,BX12,UMGS1975,Phascolarctobacterium_A,Yokenella,UMGS1202,UMGS1590,Pseudomonas_R,CAG-462,UBA1822,Angelakisella,GCA-900066755,UBA7185,UMGS856,WG-1,UBA9414,Lachnoclostridium_A,Zag111,Oribacterium,Olsenella_E,CAG-1024,QAMM01,Enterococcus_A,CAG-484,Peptococcus,Paraclostridium,Mobiluncus,UCG-010,NSJ-61,Odoribacter,Clostridium_B,Clostridium_A,Hungatella_A,Johnsonella,MGYG000004850,HGM11514,UMGS1540,Clostridium_Q,CAG-631,UBA9502,UBA1409,RUG13868,Ruminococcus_D,UBA866,UMGS1312,UMGS1901,Leclercia,Sutterella,Ruminococcus_C,Bruticola,Parolsenella,CAG-877,UBA9475,UMGS1795,Klebsiella
rep919_seed2944	AM51-8,Holdemanella,Anaeroplasma,UMGS1474,Kluyvera,HGM11808,Sutterella,Sodaliphilus,MGYG000000350,Erysipelatoclostridium,Criibacterium,Lactonifactor,Evtepia,Merdibacter,COE1,Ralstonia,UBA5394,Clostridioides,UBA11471,Faecalitalea,F0422,HGM12814,Plesiomonas,MGYG000004604,SFHK01,UBA4871,UBA6382,Barnesiella,Salinicola,Pauljensenia,SFGY01,NC2004,UMGS1591,Lentilactobacillus,Borkfalkia,CAG-776,MGYG000003855,HGM13862,MGYG000001953,UMGS416,UBA1777,CHH4-2,Romboutsia,Zag111,SFDP01,Enorma,CAG-1031,CAG-631,AF33-28,Cedecea,CAG-95,QALS01,Clostridium_P,Lancefieldella,HGM11327,UMGS1688,UMGS882,CAG-831,Clostridium_Q,Dielma,UBA4285,Mesosutterella,Akkermansia,UMGS2037,MGYG000004172,UBA7185,UMGS1783,Phocea,OM05-12,HGM14224,Arabia,HGM12669,Granulicatella,Citrobacter_B,UMGS1484,Butyrivibrio_A,RUG12045,Marseille-P3106,Faecalibacillus
rep920_seed2945	SFJ001,F082,HGM11514,Corynebacterium,MGYG000002075,Bruticola,Companilactobacillus,Peptoniphilus_B,RQCD01,UMGS1384,CAG-710,CAG-170,Clostridium_P,MGYG000002685,UMGS1487,UMGS1826,CAG-353,UBA7748,MGYG000000346,CAG-582,Clostridium_AP,Hungatella_A,QAKD01,Desulfovibrio,NSJ-62,UBA7173,Megamonas,UBA7597,UBA738,Fenollaria,Aeromonas,Lentilactobacillus,Fusobacterium_A,UBA4644,UMGS1491,UBA1394,HGM12957,UBA1390,CAG-317,VUNA01,Campylobacter_A,Leclercia,QAMX01,Marseille-P3106,Rubneribacter,Morganella,CAG-83,Murimonas,UBA9475,Ruminococcus_D,Yersinia,Edwardsiella,Chimaeribacter,Massilistercora,CAG-557,Mobiluncus,HGM13222,UMGS1532,NSJ-63,CAG-793,Lawsonella,Mesosutterella,UBA3402,UMGS1484,UMGS124,MGYG000002726,Eubacterium_G,Massiliomicrobiota,Anaerofustis,Arcanobacterium_A,MGYG000003945,MGYG000004229,Duodenibacillus,HGM12669,MGYG000003490,UBA11471,NSJ-32,UBA2821,Turicimonas
rep921_seed2946	CAG-303,UCG-010,MGYG000002696,Phil1,Lachnoclostridium_A,GCA-900066135,UBA738,QAMM01,Christensenella,UMGS1518,NK3B98,NC2004,HGM11372,Intestinibacter,CAG-724,RUG100,RUG420,Merdibacter,SFHK01,Zag111,UMGS1975,MGYG000004660,Peptostreptococcus,Leminorella,UMGS995,HGM11514,Tidjanibacter,Raoultibacter,Massilimaliae,Paraeggerthella,UMGS1815,Companilactobacillus,Fusicatenibacter,Peptacetobacter,Pseudobutyrivibrio,Sutterella,UMGS1901,Phascolarctobacterium_A,Bulleidia,Pantoea,GCA-900066905,UBA5446,TM7x,Blautia_A,Longibaculum,Plesiomonas,Eubacterium_F,RUG410,MGYG000002053,MGYG000003490,Massiliomicrobiota,UBA1731,CAG-127,Gemella,RUG14107,UMGS1418,Bifidobacterium,Monoglobus,51-20,UMGS1307,Paenibacillus_A,UMGS1387,Rubneribacter,Yokenella,Kallipyga,CAG-194,UMGS731,1XD42-69,Johnsonella,UMGS1532,MGYG000002758,CAG-288,Fusobacterium,UMGS263,Senegalimassilia,Succiniclasticum,Phocea,ER4,RUG13868
rep922_seed2947	Holdemanella,Neobacillus,PeH17,UBA1777,Faecalibacillus,UBA2856,QAMM01,Massiliomicrobiota,Rikenella,CAG-603,Pradoshia,Kluyvera,Dysgonomonas,UBA7173,Faecalimonas,UBA1206,Duodenibacillus,Cetobacterium_A,SFFS01,QAMH01,Amedibacterium,Peptoniphilus_A,UMGS1441,Veillonella,SFEL01,RUG572,An172,UBA5884,Anaerotruncus,UMGS1670,Sutterella,UMGS1600,Bacilliculturomica,Marseille-P3106,UBA5394,UBA7102,Chimaeribacter,UMGS1375,HGM13618,Lachnoanaerobaculum,Serratia,Bacillus_A,Frisingicoccus,UBA4644,HGM13862,UMGS1840,CAG-724,MGYG000004177,Enterobacter,HGM12587,QAKD01,Dorea,UMGS416,QANA01,Treponema_D,GCA-900066905,AM51-8,UBA3402,Eisenbergiella,MGYG000001903,S5-A14a,CAG-793,Oxalobacter,OF09-33XD,UMGS1613,Brachyspira,CAG-452,Haemophilus,UMGS1820,Raoultibacter,Succinivibrio,Phascolarctobacterium,Caproiciproducens,Gabonibacter,Peptacetobacter,SFTJ01,Marseille-P4683,Merdibacter,UMGS1880
rep923_seed2948	Dorea_B,Succinatimonas,Anaerobutyricum,CAG-302,MGYG000001953,UBA5446,Campylobacter_B,Holdemania,Bacillus_A,Haemophilus_D,Anaeromassilibacillus,Franconibacter,CAG-170,GCA-900066755,MGYG000000728,Salmonella,TWA4,UBA7185,CAG-95,HGM05232,MGYG000000286,Clostridioides,CAG-103,Succiniclasticum,Pauljensenia,CAG-279,UBA7160,HGM11575,Peptoniphilus_A,Oscillibacter,QAKW01,Enorma,UMGS1603,UBA3818,UMGS1279,CAG-41,UMGS1293,Enterobacter,RUG11247,Longicatena,UBA1394,HGM12998,Lactobacillus,CAG-145,MGYG000001871,F0422,Amedibacillus,CAG-488,UMGS874,Agathobaculum,AM51-8,UBA6382,Clostridium_AQ,Actinomyces,Olsenella,F23-B02,CAG-884,UBA5920,D5,TM7x,Klebsiella_A,Bacteroides,UMGS905,UBA1786,UBA11512,UMGS263,MGYG000004094,MGYG000001903,UMGS1840,Limosilactobacillus,Fusobacterium_A,UMGS1826,MGYG000003289,Gemmiger,HGM12713,Hydrogeniiclostridium,Aneurinibacillus,Kallipyga,OF09-33XD
rep924_seed2949	NSJ-62,Caproiciproducens,UBA1711,UBA3818,Oscillibacter,An172,Olsenella_B,CAG-492,Veillonella,UBA940,RUG12045,Lancefieldella,DUOT01,Ezakiella,MGYG000000574,HGM13006,Pediococcus,Borkfalkia,Mediterraneibacter,V9D3004,Turicibacter,Pygmaiobacter,UMGS731,UBA11471,Negativicoccus,Bittarella,UBA5026,UMGS1781,Murdochiella,Amedibacillus,Stenotrophomonas,CAG-710,Niameybacter,UMGS1670,UMGS1688,Sporanaerobacter,Faecalitalea,Odoribacter,UMGS1472,HGM11616,Holdemanella,UMGS1795,Intestinibacter,F23-B02,Pseudomonas_R,F082,Anaeroglobus,Olsenella,Klebsiella,Hungatella_A,HGM12814,CAG-460,MGYG000000587,Ruthenibacterium,Fenollaria,Fusicatenibacter,RUG11200,Hydrogeniiclostridium,Victivallis,HGM12957,UMGS1696,UMGS1858,BX12,UBA4644,Citrobacter_B,Plesiomonas,UMGS2055,UBA2856,UMGS1387,Fusobacterium_A,Anaerotignum,CAG-882,Phocea,Alloscardovia,SFDB01,Acetatifactor,Lentilactobacillus,Sellimonas,CAAHEQ01
rep925_seed2950	Anaerostipes,UBA644,Weissella,TWA4,MGYG000000674,43-108,Coprococcus,MGYG000004112,UMGS124,Monoglobus,UMGS1537,HGM10836,UBA10281,Flavonifractor,Rikenella,CAG-521,Haemophilus,UBA11471,MGYG000004604,Clostridium_N,MGYG000004127,MGYG000004171,Morganella,Agathobacter,Neisseria,Enterococcus_G,HGM12669,CAG-314,Robinsoniella,UMGS1293,UMGS1004,Mobiluncus,HGM11575,Eikenella,Peptoniphilus_A,Butyricicoccus_A,Oxalobacter,Kosakonia,Pauljensenia,Enorma,UMGS1375,UBA7702,MGYG000003855,Prevotella,UMGS1826,Gabonibacter,Lactonifactor,CAG-492,Neobittarella,MGYG000002685,Paramuribaculum,UBA3766,Succinatimonas,RUG572,Edwardsiella,MGYG000002683,Campylobacter_A,UBA5884,UMGS2016,UBA1232,MGYG000000574,Leclercia,Acutalibacter,GCA-900066755,Corynebacterium,Fenollaria,CAG-603,Longicatena,Olsenella_E,UMGS75,HGM13233,Bilophila,Anaerofustis,Psychrobacillus,Clostridium_X,UMGS995,CAG-317,Anaerosacchariphilus,UMGS416
rep926_seed2951	CAG-354,Dielma,Ruminiclostridium_E,Eubacterium,Methanobrevibacter_A,CAG-238,Romboutsia,HGM13233,Eikenella,MGYG000001903,MGYG000002726,MGYG000004443,MGYG000002702,UMGS1611,RUG410,Cellulosilyticum,UMGS1858,UMGS1670,RUG13868,Desulfovibrio,Dorea_B,MGYG000002719,Clostridium_X,CAG-533,Pseudoflavonifractor,HGM11521,UMGS1688,SFDB01,Cronobacter,UMGS1601,CAG-273,CAG-272,MGYG000000378,CAG-417,Lachnoclostridium,CAG-603,Olsenella_E,UMGS1623,Anaerotignum,CAG-279,Anaeromassilibacillus,HGM13222,MGYG000004604,Peptostreptococcus,CACZQA01,CAG-217,Eubacterium_T,Escherichia,UMGS1783,CAG-41,UBA1206,D5,Kallipyga,UMGS1975,Sodaliphilus,UBA3282,Coprococcus,Bittarella,UMGS995,CAG-462,QAKS01,Harryflintia,MGYG000002053,Salmonella,Erysipelatoclostridium,Coprobacillus,Acinetobacter,HGM11386,UBA3388,Ruminococcus_E,Paraclostridium,Alistipes,ER4,Monoglobus,Paraprevotella,Bariatricus,UMGS1202,SFDP01,Anaeroglobus
rep927_seed2952	Phocaeicola,UBA1259,VUNI01,MGYG000004443,Faecalitalea,Gabonibacter,Duncaniella,UMGS1851,NSJ-62,UBA1731,HGM12713,MGYG000004061,MGYG000002797,Tidjanibacter,Enterobacter_A,Leminorella,RUG572,Azonexus,Enterococcus_D,MGYG000003855,Turicibacter,Akkermansia,Eubacterium_J,HGM11788,UMGS874,SFGY01,Weizmannia,QANA01,Clostridium_J,UBA11471,Sellimonas,Schaedlerella,Lachnospira,MGYG000003270,UBA6984,Butyrivibrio_A,Klebsiella,Proteus,RUG023,Longicatena,Caproiciproducens,RUG472,MGYG000000574,Lactonifactor,UMGS1590,UBA1786,UMGS1633,HGM11616,Pantoea,HGM11808,UBA1375,CAG-110,UMGS1688,HGM13233,UMGS1002,MGYG000003490,UBA3631,QALR01,MGYG000004133,Sporanaerobacter,Oribacterium,Stoquefichus,UMGS911,Pyramidobacter,CAG-354,UMGS856,Ruminococcus_F,MGYG000004547,Marseille-P4683,Massiliomicrobiota,Acetivibrio_A,Terrisporobacter,Dorea_A,UBA1206,Faecalibacterium,Neobittarella,Bariatricus,Rubneribacter,MGYG000000378
rep928_seed2953	UMGS1312,UMGS1781,Coprobacillus,CAG-95,MGYG000002683,Fusobacterium_C,Agathobacter,UMGS1872,HGM12713,HGM11808,Mediterraneibacter,MGYG000004874,OM05-12,MGYG000000505,Methanobrevibacter_A,UBA11471,HGM11368,Bacillus_A,GCA-900066135,UBA7057,Enterobacter,QANA01,UBA945,UMGS1663,CAG-245,Escherichia,UBA5884,UBA1820,Atlantibacter,Ruminococcus_D,UMGS1484,Psychrobacillus,VUNA01,D5,Mesosutterella,UBA7748,Haemophilus_D,UBA6345,MGYG000003970,HGM13618,UMGS1690,RUG410,RUG13868,Clostridioides,Lysinibacillus,UBA1691,Stenotrophomonas,Rahnella,Eggerthella,Olsenella_B,Haemophilus,Anaeroplasma,Lachnoclostridium_B,An172,HGM12789,Olsenella,NSJ-50,Clostridium_A,CACZQA01,CAG-448,Anaeromassilibacillus,UMGS1633,Caproiciproducens,Enterobacter_A,CAG-194,Kallipyga,HGM13006,Salmonella,Desulfovibrio,Paraprevotella,MGYG000004171,Paenibacillus_A,CAG-460,Oribacterium,Cronobacter,UBA11512,Limosilactobacillus,CAG-314,Turicibacter
rep929_seed2954	Neobacillus,HGM05232,Acetivibrio_A,Actinobaculum,Dysosmobacter,UMGS856,MGYG000002696,UMGS1224,Succiniclasticum,PeH17,HGM12669,Longicatena,Agathobaculum,Evtepia,HGM12650,CAG-273,Aeromonas,Phoenicibacter,CAG-495,HGM12814,Anaerosacchariphilus,CAG-488,Lancefieldella,UBA6345,Ruminococcus_C,Bacillus_A,Arcanobacterium_A,Ezakiella,Anaerofustis,UMGS1418,Turicimonas,UC5-1-2E3,UBA11524,UBA11471,HGM13634,UMGS692,CAG-533,Anaerostipes,Olsenella,Lactonifactor,CAG-557,MGYG000001953,Fusicatenibacter,RUG410,Pseudoruminococcus,Turicibacter,VUNI01,UBA6857,QALS01,Bacilliculturomica,Nitratidesulfovibrio,CAG-314,Mixta,RUG420,Eubacterium_G,CAG-127,UMGS1002,Extibacter,UMGS1387,Campylobacter_B,CAG-81,Pseudobutyrivibrio,UMGS1370,CAG-390,Faecalimonas,Pseudescherichia,Clostridium_AQ,Pediococcus,Limosilactobacillus,UBA2883,SCN-57-10,CAG-485,Pseudomonas,UBA5394,MGYG000003490,Eikenella,Stenotrophomonas,CAG-196,Methanomassiliicoccus_A
rep930_seed2955	AM07-15,UBA1232,Agathobaculum,Eikenella,Borkfalkia,Duncaniella,Pauljensenia,UBA7102,UMGS1370,UMGS1865,Senegalimassilia,Mitsuokella,GCA-900066905,Pseudomonas_R,Leclercia,UBA4871,F0422,CACZQA01,QANA01,CAG-822,UBA7182,UBA945,Clostridium_E,CAG-603,Clostridium_A,UMGS1491,UMGS75,UBA7488,Lactiplantibacillus,Citrobacter_A,CAG-884,Hungatella,Anaerostipes,Hydrogeniiclostridium,Granulicatella,UBA5394,HGM11507,Enterococcus_C,Streptococcus,Campylobacter,WRGP01,UMGS1224,Turicimonas,UMGS1795,SFTJ01,UBA940,Fenollaria,UBA4716,DUOT01,Anaerococcus,UMGS1002,Mobilibacterium,Bruticola,UMGS1633,Coprobacter,HGM11530,Kosakonia,UBA7160,UMGS577,UMGS1474,Lactococcus,CAG-354,Campylobacter_A,Ellagibacter,Lawsonella,HGM13862,NSJ-50,Faecalicoccus,CAG-145,Frisingicoccus,HGM11514,VSOB01,UMGS973,Peptococcus,UBA11517,MGYG000004177,UMGS882,Methanosphaera,Anaerotruncus
rep931_seed2956	Acidovorax,Yersinia,UBA1740,Weissella,Enterococcus_C,QAKD01,Blautia_A,MGYG000002683,Leclercia,Alloprevotella,Clostridium_F,Enterococcus_B,CAG-631,Aeromonas,MGYG000000378,Weimerbacter,Sporanaerobacter,UMGS1004,Hydrogeniiclostridium,Marvinbryantia,Anaerotruncus,CAG-1031,UMGS363,CAG-245,Catenibacterium,CAG-590,MGYG000004604,QALW01,CAG-56,Criibacterium,Lactiplantibacillus,QANA01,UBA1409,Salmonella,Fusobacterium_C,Eubacterium,Merdimonas,MGYG000000456,CAG-273,Neobittarella,UMGS1591,Kallipyga,UMGS1810,RUG131,Paraprevotella,UBA1191,Collinsella,UBA3388,SFTJ01,UBA6857,RUG023,GCA-900066495,Kluyvera,UMGS1603,RUG12045,Parasutterella,MGYG000004445,Oribacterium,Gemmiger,RC9,UBA5446,UBA3631,AM51-8,MGYG000003297,Enteroscipio,Peptoniphilus_E,Citrobacter_A,CAG-81,CAG-238,UMGS680,Vibrio,CAG-451,Marseille-P3106,UBA4285,MGYG000001871,Marseille-P4683,Mitsuokella,CAG-632,CAG-115
rep932_seed2957	Monoglobus,CAG-917,MGYG000004112,UBA9502,Muribaculum,QAMM01,MGYG000004029,QAKD01,Pauljensenia,Amedibacterium,NSJ-50,F23-B02,UBA3388,F0422,MGYG000004443,MGYG000002216,VUNA01,Kosakonia,Ellagibacter,RUG572,Faecalibacterium,CAG-793,Lactiplantibacillus,Oxalobacter,UBA940,Butyrivibrio_A,UBA5394,Longicatena,CAG-1193,Harryflintia,Ruthenibacterium,S5-A14a,SFMI01,UMGS995,Mailhella,UBA2882,Nitratidesulfovibrio,Lawsonella,UBA6984,Succinivibrio,UMGS1976,UBA4716,UMGS1490,Eubacterium_T,MGYG000004850,UBA737,MGYG000000587,NK4A136,Stomatobaculum,MGYG000004127,Latilactobacillus,CAG-273,Mobilibacterium,Faecalicoccus,CAG-313,MGYG000004811,Cellulosilyticum,CAG-170,MGYG000004229,UMGS1326,CAG-180,Methanosphaera,UMGS1572,Proteus,UBA5026,D5,Methanomassiliicoccus_A,Leminorella,Roseburia,RUG806,MGYG000002702,UBA10677,JAAYBB01,MGYG000003297,Acutalibacter,UBA1409,SFJ001,RUG11198,Coprococcus
rep933_seed2958	DTU089,Staphylococcus,Bariatricus,CAG-274,CAG-594,Bifidobacterium,Bulleidia,UMGS1872,Zag111,UBA11774,Ruminococcus_G,CAG-83,UMGS75,SFDB01,Cutibacterium,UMGS1688,Paraeggerthella,Eubacterium_T,HGM12669,Selenomonas_C,UMGS1865,Longicatena,HGM11501,MGYG000002758,QAMX01,MGYG000004172,HGM13618,HGM12814,UBA7182,UMGS1663,Eubacterium_G,Clostridium_F,CAG-475,MGYG000004112,Oscillibacter,Anaerosacchariphilus,WRGP01,HGM10836,Olsenella_E,UMGS1397,UMGS1071,UMGS1901,AM51-8,Hungatella,CAG-917,MGYG000004660,Methanomassiliicoccus_A,Stomatobaculum,UBA945,Alistipes,Extibacter,Dysosmobacter,Zag1,RUG12045,CAG-791,CAG-288,RUG806,UBA6857,UMGS1241,CAG-1427,Limosilactobacillus,SFGY01,SFDP01,CAG-521,Streptococcus,RUG705,Romboutsia,Ruminiclostridium_E,Bruticola,CAG-484,MGYG000002053,MGYG000000505,SFFS01,Victivallis,UMGS1338,UMGS1840,Epilithonimonas,UMGS1815,Gemmiger
rep934_seed2959	UBA7488,CAG-710,51-20,Caecibacter,UBA738,Staphylococcus,Angelakisella,UBA4285,Zag111,Robertmurraya,HGM12814,UMGS1293,CAG-628,Ruminococcus_D,An172,SFEL01,Cetobacterium_A,UMGS1880,RUG420,Enterococcus_C,KM106-2,Ruminococcus,UMGS363,UBA1820,MGYG000004127,MGYG000003945,Lactiplantibacillus,HGM11368,Evtepia,UMGS1474,SFTJ01,UMGS124,CAG-83,Pauljensenia,UMGS1839,HGM04593,Scardovia,Proteus,Ruthenibacterium,UBA1691,Garciella,AF33-28,MGYG000003297,CAG-353,UBA1777,MGYG000003490,Duncaniella,UMGS1668,Murdochiella,UMGS1540,HGM13222,HGM10836,Superficieibacter,UMGS1865,Companilactobacillus,CAG-964,Peptoniphilus_C,Massilimaliae,HGM12713,TM7x,Intestinibacter,Fusobacterium_C,CAG-488,NSJ-50,MGYG000000674,Enterococcus_G,CAG-884,Lactococcus,CAG-1427,CAG-873,UMGS403,Corynebacterium,Limosilactobacillus,CAG-594,Pyramidobacter,Citrobacter_A,UMGS1388,UMGS905,Hungatella
rep935_seed2960	Ellagibacter,UBA11774,Clostridium_X,SFVR01,Absicoccus,QAKD01,AM07-15,UMGS1839,SFEL01,CAG-762,Serratia,SFFS01,TM7x,Citrobacter,Dysgonomonas,COE1,MGYG000004172,MGYG000002010,Lactonifactor,Acetivibrio_A,CAG-313,UMGS263,Campylobacter,UMGS1537,CAG-288,Anaerosacchariphilus,HGM13010,HGM11514,Morganella,HGM11523,Aeromonas,UBA5446,Neisseria,SFTJ01,CAG-177,SFDP01,SFFH01,Lachnoclostridium_B,CAG-724,Anaerotruncus,Acidaminococcus,UMGS1670,CAG-317,UMGS1901,UBA636,Lactiplantibacillus,CAG-217,UBA737,CAG-451,UBA10281,Hafnia,Eubacterium_G,Rothia,UMGS1202,An92,UBA1259,Monoglobus,Cutibacterium,UMGS1004,Peptoniphilus_C,UBA9506,UBA7488,Arabia,MGYG000004850,Porphyromonas,CAG-492,Exiguobacterium,MGYG000000350,UMGS1601,HGM11616,Yersinia,Alistipes,V9D3004,An181,Enterococcus,UMGS1540,UBA3263,Enorma,Massilimaliae
rep936_seed2961	UC5-1-2E3,Oribacterium,Staphylococcus,UMGS1375,Faecalicoccus,Murimonas,NSJ-62,Stoquefichus,VUNA01,UBA9502,MGYG000002685,Aeromonas,Caecibacter,Massilistercora,Ruminococcus,UMGS1826,UMGS1613,Peptoniphilus_A,Citrobacter,UBA1786,Enteroscipio,Lacrimispora,QALS01,Campylobacter_A,HGM11386,Faecalitalea,UMGS1820,Emergencia,GCA-900066905,CAG-127,Senegalimassilia,UMGS946,MGYG000004127,Anaerotruncus,UMGS1071,Olsenella,Dielma,UBA6382,UMGS416,DUOT01,Clostridium_J,CAG-964,UMGS731,Moellerella,Pseudomonas,PeH17,TF01-11,Holdemanella,UMGS1851,NK4A136,Pseudomonas_E,UBA7748,Pantoea,CAG-354,CAG-196,Fusobacterium_B,Niameybacter,CAG-594,Cutibacterium,Selenomonas_C,Butyricicoccus,UMGS1293,CAG-303,UBA1685,Sutterella,HGM12669,MGYG000004443,Acutalibacter,GCA-900066135,CAG-451,UBA1740,HGM13010,UBA7057,Megamonas,CAG-590,Turicimonas,UBA11774,Citrobacter_B,CAG-776
rep937_seed2962	HGM11530,Akkermansia,CAG-451,Rahnella,Gastranaerophilus,UBA1232,UMGS1839,UBA6345,Hafnia,CAG-533,Sutterella,HGM10836,UBA3402,Senegalimassilia,MGYG000004850,Olsenella,Eubacterium_J,UMGS1307,MGYG000000587,Acidaminococcus,CAG-724,Actinobaculum,Anaerostipes,Dorea_B,UMGS2037,Barnesiella,Campylobacter_A,UBA4334,RUG11200,MGYG000001953,UMGS1397,Hungatella,Lacrimispora,Veillonella,Porphyromonas_A,Clostridium_AQ,UMGS1670,CAG-628,MGYG000002696,UMGS416,HGM12650,GCA-900066495,Acidovorax,UMGS1601,CAG-448,Paenibacillus,Veillonella_A,Zag111,Faecalimonas,UMGS1696,UMGS929,Firm-07,CAG-110,Anaeroglobus,Epilithonimonas,HGM11416,QAKD01,CAG-776,SFDP01,MGYG000004112,CAG-449,Beduini,Marseille-P3106,UMGS1491,Megasphaera,CAG-582,Morganella,Lachnoclostridium_B,Aneurinibacillus,1XD42-69,Serratia,UBA5446,UMGS1880,Anaerocolumna,CAG-272,CAG-417,NK4A136,Neobacillus,CAG-1031
rep938_seed2963	HGM11327,UMGS1071,Lentilactobacillus,Butyrivibrio_A,HGM12998,UMGS1370,CAG-882,Pseudoruminococcus,Turicibacter,UMGS995,Borkfalkia,Yersinia,CAAEEV01,UMGS1002,MGYG000000390,Clostridium_A,Alistipes,Dielma,Paraclostridium,Anaerococcus,Ruminococcus,Lagierella,Oxalobacter,UMGS1690,HGM11523,Bacteroides_F,Lawsonibacter,UBA7160,CAG-314,Proteus,UBA9502,MGYG000002797,KLE1615,Enterobacter_A,UMGS1487,Pyramidobacter,Cetobacterium_A,Hydrogeniiclostridium,Arabia,MGYG000003305,CAG-762,UBA1737,Parvimonas,Salinicola,Citrobacter,Phascolarctobacterium_A,Dorea,Morganella,Agathobacter,MGYG000003945,UBA1191,QALW01,HGM05232,Aeromonas,Paenibacillus_A,Pseudomonas_R,SFVR01,MGYG000000378,CAG-884,Paraeggerthella,UMGS1600,Companilactobacillus,Acetivibrio_A,Stomatobaculum,Mobiluncus,NK3B98,Pluralibacter,SFDB01,CHH4-2,Paramuribaculum,RUG131,HGM13222,CAG-170,CAG-115,CAG-312,CAG-317,Marvinbryantia,HGM11514,KM106-2
rep939_seed2964	Tidjanibacter,An181,MGYG000000286,UMGS1109,Phocea,Yokenella,CAG-793,Phytobacter,Pantoea,MGYG000004171,CAG-95,CAG-269,Catenibacillus,KLE1615,MGYG000002702,Borkfalkia,Selenomonas_C,COE1,Bacilliculturomica,CAG-354,CAG-533,Pseudoruminococcus,Flavonifractor,Paramuribaculum,Leminorella,Campylobacter_B,UBA4716,CAG-632,MGYG000004811,Weissella,NSJ-50,Alloprevotella,Acetatifactor,MGYG000000425,Selenomonas_A,MGYG000004172,Ruminococcus_G,UBA11452,Agathobaculum,MGYG000003289,Zag111,Parabacteroides,UMGS1590,UMGS1071,UMGS1052,Lachnoclostridium_B,Turicimonas,CAG-485,Fenollaria,UBA4372,F082,Proteus,UMGS1004,Paraclostridium,MGYG000004127,QAKD01,UMGS1872,HGM11525,UMGS1858,UBA4334,MGYG000002010,CACZQA01,CAG-462,Brachyspira,UMGS599,CAG-762,UBA1737,HGM11588,Bifidobacterium,UMGS1766,HGM11514,NSJ-62,UMGS1670,Eubacterium_R,CAG-582,Pauljensenia,UBA5416,UBA9414,Franconibacter
rep940_seed2965	Porphyromonas,UBA1820,Exiguobacterium,Clostridium_X,UMGS2037,ER4,Fusobacterium_C,HGM12669,OM05-12,Dorea_A,Ruminococcus_G,Serratia,Ruminococcus_D,Morganella,Amedibacillus,Eubacterium_M,Pantoea,GCA-900066905,UMGS1975,UBA5416,Peptoniphilus_C,UMGS1474,UBA7057,Citrobacter_A,VUNA01,HGM04593,PeH17,Clostridium_J,Superficieibacter,QAKS01,Harryflintia,Senegalimassilia,CAG-81,UMGS1815,UBA644,UMGS416,CAG-238,UMGS995,Raoultibacter,Agathobaculum,MGYG000004229,UBA11940,Enterococcus,Neobacillus,CAG-510,Lawsonella,Barnesiella,UMGS1322,Lysinibacillus,Firm-07,MGYG000002696,Lactococcus,Bifidobacterium,UMGS599,Enterococcus_D,HGM12814,MGYG000000286,MGYG000000587,Clostridium_B,Enterocloster,UMGS1002,Firm-11,HGM13006,HGM11588,CAG-95,MGYG000002575,Gemella,Lancefieldella,UBA5920,Amulumruptor,Phil1,UMGS1477,CAG-475,Ruminococcus_C,S5-A14a,UMGS1441,UMGS1540,UBA7182,MGYG000000425
rep941_seed2966	RUG131,KLE1615,MGYG000004547,UBA10677,Anaeromassilibacillus,Butyricimonas,Superficieibacter,Marvinbryantia,CAG-793,Dorea,Oxalobacter,HGM12713,UMGS1975,Phoenicibacter,Porphyromonas,UBA4871,Marseille-P4683,UBA5416,CAG-510,HGM13862,UMGS1375,Emergencia,RUG100,Eubacterium_I,UBA1691,AM51-8,CAG-81,CAG-194,CAG-462,SFFH01,UBA7160,Butyrivibrio_A,CAG-245,UMGS2016,AM07-15,CHH4-2,Cloacibacillus,Aneurinibacillus,Limosilactobacillus,Ralstonia,UMGS966,Bifidobacterium,MGYG000003305,CAG-884,UBA7702,HGM11416,UBA1191,Mesosutterella,Alterileibacterium,Weissella,Duncaniella,Enteroscipio,Pseudoruminococcus,Stomatobaculum,51-20,Acidovorax,UBA5394,Johnsonella,MGYG000004127,Alistipes_A,D5,Chimaeribacter,CAAEEV01,UBA1740,Ezakiella,Anaeroplasma,Anaerococcus,UBA9414,UBA7748,Clostridioides,HGM05232,UMGS263,QAKS01,UMGS1004,Gemmiger,Fusicatenibacter,Pauljensenia,MGYG000000745,Eubacterium_J
rep942_seed2967	WG-1,UBA9475,MGYG000002696,UMGS1591,CAG-462,Enterococcus_D,UBA7057,Bacteroides_F,Anaeromassilibacillus,Marseille-P4683,Holdemanella,MGYG000004850,MGYG000004727,MGYG000003970,Clostridium_AP,Oribacterium,Ruminococcus_G,Caproiciproducens,Slackia,Klebsiella_A,VSOB01,Parolsenella,CAG-313,Pluralibacter,Lagierella,CAG-521,Acidovorax,Marseille-P3106,Parvimonas,UBA7488,MGYG000004094,UMGS1202,Franconibacter,Salmonella,Massilicoli,MGYG000003305,Slackia_A,Acidaminococcus,UBA3818,UBA7748,UBA3402,UMGS1663,QALW01,UBA6984,Leptotrichia,Weissella,Firm-07,UBA7173,Clostridium_N,UBA11940,CAG-475,RQCD01,Faecalitalea,Dorea_B,Paenibacillus_A,Peptococcus,HGM11368,Pseudescherichia,CAG-56,NSJ-50,UBA6345,MGYG000002726,CAG-1427,Finegoldia,Hungatella_A,Pradoshia,UBA9414,UMGS1933,Butyricicoccus,UMGS1810,UMGS1883,Zag111,UMGS1370,Mixta,Enterobacter_D,Chimaeribacter,UMGS1225,UMGS1384,Pseudoruminococcus
rep943_seed2968	HGM13233,Holdemania,Cutibacterium,Fusobacterium_A,Holdemanella,UBA1181,V9D3004,UMGS1600,RUG572,Marseille-P4683,Longibaculum,UMGS1370,CAG-582,UBA2821,Ruminococcus_F,QANG01,Parasutterella,SFHK01,UMGS1994,CAG-882,Sellimonas,Peptoniphilus_E,UMGS1820,HGM13618,Phytobacter,Schaedlerella,UMGS1338,Porphyromonas_A,UBA738,Proteus,Clostridium_Q,Anaeromassilibacillus,Peptoniphilus_B,UBA1822,HGM11501,Massilicoli,RUG472,UBA5394,UMGS1815,CAG-314,UMGS1826,UBA5905,UMGS995,MGYG000004380,Anaerocolumna,Enterococcus,Massilimaliae,UMGS911,Ruminococcus_C,Clostridium_AQ,MGYG000003270,UMGS1975,UMGS75,Escherichia,An181,CAG-279,QAMM01,UMGS1865,UMGS1418,UBA3388,UMGS1487,Clostridium,RC9,Ruminococcus_D,HGM11521,UBA9414,CAG-269,Chimaeribacter,Mitsuokella,Acetatifactor,Pseudoruminococcus,Moellerella,MGYG000002683,Enterococcus_A,CAG-462,Klebsiella_A,RUG11247,Lawsonibacter,Lachnoanaerobaculum
rep944_seed2969	Fusicatenibacter,Borkfalkia,Faecalimonas,UMGS1202,UBA866,UMGS1388,UBA1711,Firm-11,HGM12713,MGYG000004660,MGYG000002719,RUG410,An92,UMGS1387,CAG-317,Pseudomonas,MGYG000000674,SFVR01,Mitsuokella,UBA7597,UBA1232,CAG-127,CAG-485,UMGS1540,NSJ-50,Franconibacter,CAG-303,Gemella,RUG705,43-108,Enterocloster,SCN-57-10,MGYG000003945,MGYG000000350,Clostridium_J,NSJ-32,JAAYBB01,HGM11788,CAG-196,HGM11525,RUG572,CAG-631,UMGS363,HGM11507,Lachnoclostridium_B,Methanobrevibacter_A,CAG-1000,Anaerostipes,Pradoshia,Anaerofustis,GCA-900066905,Aeromonas,Psychrobacillus,Alterileibacterium,Butyrivibrio_A,UMGS268,Parabacteroides,ER4,UMGS995,MGYG000002702,CAG-776,UMGS1690,CAAEEV01,Tidjanibacter,Clostridium_E,MGYG000003305,UMGS1933,UMGS973,Serratia,UC5-1-2E3,Enterobacter,An172,UMGS1810,QAMH01,CAG-451,Prevotellamassilia,SFMI01,Ezakiella,NSJ-62
rep945_seed2970	HGM12713,Dysgonomonas,CAG-462,CAG-279,Kluyvera,UMGS1781,UMGS1384,QANA01,Lactonifactor,Criibacterium,Massiliomicrobiota,Mobilibacterium,CAG-196,Lachnoclostridium_B,Lancefieldella,MGYG000002010,UBA1829,Oscillibacter,CAG-1000,UBA6398,Klebsiella,CAG-269,Brachyspira,Adlercreutzia,HGM12789,Phoenicibacter,CAG-582,HGM11588,HGM11507,QALR01,QALW01,CAG-452,VUNI01,Ruminococcus_G,UMGS902,Mailhella,51-20,PeH17,Pantoea,Clostridium_AQ,MGYG000004380,UMGS1815,Bacilliculturomica,MGYG000003289,CAG-272,HGM04593,GCA-900066755,UBA3631,AM51-8,HGM13006,UMGS1975,Ruminococcus_D,Chimaeribacter,UMGS966,UMGS1540,Clostridium_E,UMGS268,HGM11530,UMGS1663,NSJ-38,UMGS1858,Clostridium,Yersinia,UBA940,Haemophilus_A,Alterileibacterium,CAG-317,Johnsonella,Amulumruptor,RUG410,Clostridium_F,UBA6984,Amedibacterium,CAG-557,UMGS172,RUG11200,UMGS1696,NC2004,UBA9506
rep946_seed2971	UBA3818,UBA1711,Leptotrichia,UBA1777,CAG-492,NK4A136,Mesosutterella,CAG-1000,Mediterraneibacter,QAKW01,Emergencia,NSJ-63,UBA4716,Phascolarctobacterium_A,HGM13233,CAG-462,CAG-831,Olsenella_B,Olsenella_E,Prevotellamassilia,Citrobacter_A,UMGS946,QAKD01,Ruminiclostridium_E,Faecalibacterium,Yersinia,UMGS2016,UBA738,UMGS1322,CAG-353,UBA1409,ER4,An181,QALR01,UMGS1826,GCA-900066135,UBA1740,HGM12713,MGYG000003945,UBA1206,Lactococcus,CAG-313,CAG-488,UMGS1633,Prevotella,Faecalimonas,RUG410,UMGS1883,UMGS731,Victivallis,Lawsonibacter,UMGS1518,Anaerosporobacter,Coprobacter,UMGS1994,UMGS1052,MGYG000002797,CAG-115,MGYG000000674,CHH4-2,Peptoniphilus_A,MGYG000000574,NSJ-62,Ralstonia,UMGS1370,UMGS911,UC5-1-2E3,UMGS1839,RUG13868,Citrobacter_B,Flavonifractor,MGYG000004850,CAG-475,Campylobacter,Lachnospira,MGYG000002075,CAG-411,Anaerobutyricum,QAMM01
rep947_seed2972	SFFH01,HGM12713,MGYG000000346,UBA1711,MGYG000004172,MGYG000002797,CAG-245,Turicibacter,UMGS268,CAG-628,Rikenella,Muricomes,CAG-238,RQCD01,Intestinimonas,CAG-582,UMGS1901,Massilimaliae,MGYG000004604,Parabacteroides,Klebsiella,UBA9506,HGM11616,UMGS1623,UMGS172,Dielma,Mixta,CAG-317,Bulleidia,MGYG000004380,CAG-791,MGYG000004061,UBA9414,Phocaeicola,MGYG000001953,UBA866,UMGS973,MGYG000000728,MGYG000002575,S5-A14a,RUG13868,CAG-603,Actinobaculum,Negativicoccus,Lactococcus_A,Porphyromonas_A,SFEL01,Garciella,Rubneribacter,Beduini,Pyramidobacter,Salinicola,UBA3818,UMGS1633,Clostridium_AQ,RUG705,MGYG000004547,MGYG000000387,RUG11200,CAAHEQ01,UMGS1839,Enterobacter,CAAEEV01,UMGS1518,Selenomonas_A,UMGS1663,Alistipes_A,HGM11575,43-108,HGM12669,Lawsonibacter,VUNI01,TM7x,CAG-81,Lachnospira,SFFS01,Clostridium_E,Clostridium_F,Faecalimonas
rep948_seed2973	CAG-41,CAG-170,NSJ-32,UBA1259,Yersinia,Campylobacter_A,CAG-177,CAG-245,Massilistercora,Pluralibacter,HGM14224,Plesiomonas,KM106-2,Dysosmobacter,UMGS905,Campylobacter_B,MGYG000004112,Actinobaculum,RUG705,CAG-317,CAG-56,UMGS1472,Duncaniella,UBA1829,UBA2821,UBA11512,Succinatimonas,MGYG000003297,NSJ-63,F0422,UMGS1858,UMGS1826,HGM05232,UMGS856,UMGS1490,Bariatricus,UC5-1-2E3,MGYG000002719,UBA5446,UMGS1883,Lawsonella,Gabonibacter,Agathobaculum,MGYG000002797,MGYG000000390,UMGS1611,MGYG000000350,UBA9506,Vibrio,CAG-103,UBA1417,Pantoea,UBA1409,Mediterraneibacter,UBA4871,Lentilactobacillus,UBA11452,Lachnospira,Coprobacillus,Leclercia,UMGS1633,UMGS1241,TF01-11,Ligilactobacillus,DUOT01,MGYG000004172,CAG-475,Anaerobutyricum,Fusobacterium_C,UBA945,Ellagibacter,Holdemania,UMGS1668,UMGS1202,UBA1740,HGM11507,UMGS363,Fannyhessea,UMGS1397
rep949_seed2974	Kallipyga,OF09-33XD,UMGS75,MGYG000004112,Pseudomonas_R,Ruminococcus_A,UBA1181,SCN-57-10,Caecibacter,Anaerococcus,Morganella,Methanomassiliicoccus_A,RC9,Clostridium_A,HGM11788,Parasutterella,Clostridium_Q,Ruminiclostridium_E,Superficieibacter,UBA11471,CAG-180,HGM11525,Phascolarctobacterium_A,NSJ-32,UMGS1109,Enterococcus_B,Providencia,UMGS856,MGYG000000745,Pauljensenia,CAG-873,UMGS268,Ruminococcus_B,UMGS1293,Blautia,UMGS1370,Niameybacter,CAG-492,CAG-791,Eubacterium_I,HGM12789,Scardovia,Clostridium_J,Parolsenella,Collinsella,UMGS1623,UBA1417,UBA4716,UBA636,Clostridium_P,UMGS1591,Kosakonia,Holdemania,CAG-617,HGM12669,MGYG000004660,UCG-010,Aggregatibacter,CAG-170,Catenibacterium,CAG-110,Enterococcus_C,Nitratidesulfovibrio,CAG-557,RUG410,Eubacterium,UBA3766,MGYG000002010,F0040,Longibaculum,MGYG000004445,GCA-900066135,UMGS363,TM7x,UBA11517,CAAEEV01,UBA1752,Ruminococcus_G,UMGS1858
rep950_seed2975	Rubneribacter,UMGS995,Paenibacillus,MGYG000004380,UMGS1613,TF01-11,Treponema_D,Romboutsia,Superficieibacter,NSJ-50,QAMH01,Pantoea,Porphyromonas_A,UMGS1663,CAG-631,MGYG000002216,UBA940,Pseudoflavonifractor,Aeromonas,DTU089,VUNI01,Ruminococcus_F,SFDP01,Lachnoanaerobaculum,Cetobacterium_A,UBA4644,Bilophila,UMGS363,Vibrio,Fusobacterium_A,Ruminococcus,UBA9414,HGM04593,MGYG000004556,UMGS1388,Clostridium_P,UMGS1477,Merdimonas,Massilioclostridium,RUG11198,Pradoshia,Plesiomonas,UMGS1572,Enterococcus_G,MGYG000004172,Bacillus_J,MGYG000000350,Prevotellamassilia,Phoenicibacter,UMGS1474,Bacteroides_F,HGM12713,Muricomes,Adlercreutzia,UBA1777,UMGS1883,Blautia,RUG12045,Hydrogeniiclostridium,Butyricimonas,UMGS1322,UBA3282,Victivallis,CAG-180,Ruminococcus_G,CAG-793,Providencia,MGYG000004850,MGYG000004727,Coprococcus_A,UMGS1375,CACZQA01,CAG-217,Catenibacillus,Negativibacillus,HGM12814,1XD42-69,Anaerobutyricum,Succinivibrio
rep951_seed2976	CAG-831,Edwardsiella,Superficieibacter,HGM05232,CAG-115,Turicimonas,CAG-776,Rothia,RUG705,Ruminococcus_E,Megasphaera,Weissella,Butyricicoccus_A,CAG-110,CAG-245,Lagierella,Megamonas,MGYG000004172,HGM11616,QALS01,RUG131,Bilophila,Garciella,Serratia,Eubacterium_M,Kluyvera,Varibaculum,CAG-484,Corynebacterium,Slackia,SFDP01,UMGS1872,UMGS1540,UMGS1864,RF16,Absicoccus,UBA1731,MGYG000001871,UMGS1532,Massilistercora,CAG-521,UBA1259,CAG-1000,HGM12713,UMGS1071,UBA6345,Acidaminococcus,RUG023,MGYG000004727,Pauljensenia,UBA10677,SFVR01,Fusobacterium_C,Rubneribacter,Faecalimonas,Arabia,QALR01,Faecalibacillus,Intestinimonas,UMGS1109,UBA7160,Pseudoflavonifractor,UMGS1880,HGM13233,Anaerofustis,Paramuribaculum,UMGS1251,Prevotellamassilia,CAG-279,HGM11416,Raoultella,UMGS1976,UBA1234,CAG-791,UBA1375,SFJ001,UMGS902,UMGS1484,Zag111
rep952_seed2977	F0422,UBA4334,UMGS1840,Lachnoclostridium,UMGS1307,Tidjanibacter,MGYG000000286,UBA4855,UMGS1696,UBA1394,SFJ001,Yersinia,Sellimonas,Catenibacterium,NSJ-50,Megamonas,Coprobacter,Exiguobacterium,MGYG000002075,CAG-451,CAG-582,Nitratidesulfovibrio,Atlantibacter,UMGS1225,MGYG000004094,UBA4372,CAG-317,Ruminococcus_A,Ruminococcus_F,HGM11575,HGM13222,QANG01,Bacteroides,UMGS416,Butyricicoccus_A,Lentilactobacillus,CAG-1193,Campylobacter_A,Enterococcus_G,Blautia,Clostridium_Q,Enorma,Arabia,Phocea,UBA1752,UMGS692,An181,UBA644,Rikenella,QALS01,Peptacetobacter,MGYG000004850,UMGS124,CAG-793,UMGS1487,Terrisporobacter,UBA7185,CAG-533,Raoultibacter,Absicoccus,Akkermansia,Sporanaerobacter,UMGS1613,UMGS1490,Rubneribacter,TF01-11,Massilioclostridium,MGYG000004229,Eubacterium_T,RC9,Butyricicoccus,Arcanobacterium_A,UMGS680,SFGY01,Veillonella_A,Clostridium,Aeromonas,Mobiluncus,Olsenella_E
rep953_seed2978	SFEL01,Marseille-P4683,CAG-196,CAG-603,QANA01,SFMI01,CAG-217,Murimonas,Acetivibrio_A,CAG-492,UMGS1865,Lachnospira,UMGS1670,Clostridium_AQ,UBA1181,CAG-45,VUNI01,QAKS01,Plesiomonas,Criibacterium,Finegoldia,F0422,MGYG000001953,Eubacterium_G,UBA5394,UCG-010,UMGS1601,Intestinibacter,Vibrio,CAAHEQ01,UMGS1783,UBA3388,Anaerosporobacter,S5-A14a,Ruminococcus_A,Pseudomonas_E,Alistipes,CAG-628,MGYG000000286,MGYG000004811,MGYG000000425,Kluyvera,UMGS946,UBA11517,UMGS1820,CAG-484,Rothia,HGM11616,GCA-900066495,CAG-272,Massiliomicrobiota,Longicatena,UBA7702,Pantoea,Niameybacter,SFFH01,UBA1191,UMGS1293,GCA-900066905,CAG-533,UBA1691,Hungatella,UMGS1251,Raoultella,Paraeggerthella,Anaerotruncus,UBA2883,Amedibacterium,QAMH01,Sutterella,UBA1394,Acutalibacter,Mediterraneibacter,Lachnoanaerobaculum,Lagierella,Pseudobutyrivibrio,Intestinimonas,Olsenella_E,Hydrogeniiclostridium
rep954_seed2979	MGYG000002053,Turicimonas,BX12,UMGS1418,Phil1,UMGS882,Coprococcus,OF09-33XD,MGYG000004094,UBA1777,UBA3282,Marvinbryantia,Amedibacillus,HGM12650,UBA7185,Psychrobacillus,UMGS1690,Citrobacter_A,Latilactobacillus,HGM11372,Intestinimonas,Cronobacter,UMGS1253,Allisonella,UBA1740,CAG-274,Eubacterium_I,Blautia,CAG-312,Companilactobacillus,MGYG000004874,Acidaminococcus,UMGS1326,VSOB01,UBA1417,An92,HGM11616,CAG-590,Barnesiella,UMGS1611,Providencia,Morganella,UBA4334,Oscillibacter,Negativibacillus,Lacrimispora,QALR01,UMGS1820,Fannyhessea,UBA10677,Pseudescherichia,NSJ-61,Fenollaria,MGYG000001871,Lactococcus_A,Mediterraneibacter,Ruminococcus_C,Raoultibacter,Anaerosalibacter,Ruminiclostridium_E,UMGS680,Holdemania,UBA1752,UMGS1766,MGYG000004127,UBA9506,QAMM01,Clostridioides,Dysosmobacter,UMGS1840,UBA5026,Evtepia,UMGS1670,F23-B02,Ruminococcus_B,Faecalicoccus,CAG-448,Slackia_A,CAG-303
rep955_seed2980	CAG-485,Aeromonas,Hungatella_A,Dysgonomonas,Mesosutterella,Haemophilus_D,MGYG000004172,Bacillus_A,Yersinia,MGYG000003305,Eubacterium_T,UMGS1312,UBA1232,Olsenella,Harryflintia,Adlercreutzia,UBA4285,KM106-2,Butyricicoccus_A,Caproiciproducens,UMGS1994,CAG-314,F082,Acinetobacter,RUG11198,Actinomyces,WG-1,Bacteroides,Ezakiella,UMGS1975,CAG-460,HGM13010,UBA636,Faecalicoccus,CAG-1427,NSJ-50,UMGS1109,Clostridium_N,NSJ-32,SFHK01,Hafnia,UMGS2037,MGYG000000674,MGYG000002010,Massilioclostridium,UMGS1387,Serratia,Garciella,UBA5446,UMGS1872,Weimerbacter,QAMM01,UBA1829,CAAEEV01,UMGS1839,Anaerocolumna,UMGS1766,UBA9414,Dielma,Alterileibacterium,Turicibacter,Zag1,UBA1752,UMGS1279,CAG-631,CAG-390,MGYG000000378,Streptococcus,CAG-303,Dorea,HGM11525,Ligilactobacillus,Massilimaliae,Nitratidesulfovibrio,F0040,CAG-245,Murimonas,UMGS1883,GCA-900066905
rep956_seed2981	Ruminococcus,MGYG000000505,MGYG000004177,MGYG000001903,SFHK01,Mesosutterella,CAG-354,CAG-822,Angelakisella,Negativibacillus,Bacteroides,UMGS2055,HGM13010,CAG-449,RUG100,HGM11416,Ezakiella,CABIZH01,Anaerosporobacter,QALR01,Companilactobacillus,UBA9506,Bittarella,Anaerosalibacter,UBA3766,Ligilactobacillus,UMGS1224,Erysipelatoclostridium,Acutalibacter,An92,Firm-11,HGM11501,Clostridium_E,Arcanobacterium_A,MGYG000000390,Coprobacillus,Mobiluncus,HGM12814,TM7x,Clostridium_Q,V9D3004,Ruminococcus_B,Phocea,UBA6984,Bariatricus,RUG11198,Succiniclasticum,Gemmiger,UMGS403,UMGS1397,MGYG000004094,Parolsenella,UMGS1889,Paraprevotella,UMGS1696,CAG-303,Dorea_B,UMGS946,UMGS172,CAG-238,Anaeromassilibacillus,HGM11525,UMGS1253,UBA3631,UMGS1384,SFVR01,Methanobrevibacter_A,Cutibacterium,MGYG000004811,UMGS1375,Stenotrophomonas,Cellulosilyticum,Alloscardovia,Roseburia,Fusicatenibacter,Pygmaiobacter,Corynebacterium,Citrobacter_A,UMGS1613
rep957_seed2982	Butyrivibrio_A,UBA866,Chimaeribacter,Scardovia,Citrobacter_B,UMGS973,SFEL01,Haemophilus_D,UMGS124,MGYG000003289,UMGS263,HGM11808,HGM11417,Salinicola,Hungatella_A,Selenomonas_C,Merdibacter,Arabia,KLE1615,Mixta,RUG11247,RUG11200,MGYG000001953,Fusobacterium_B,NC2004,HGM11523,CAAEEV01,WRGP01,Sporanaerobacter,Amedibacterium,MGYG000004133,UBA1685,Pseudomonas_E,UBA1752,Eubacterium_J,Bacilliculturomica,CAG-917,CAG-180,Lactiplantibacillus,Dielma,UMGS1375,UMGS1976,Cellulosilyticum,Kluyvera,Companilactobacillus,Fannyhessea,UBA1206,Bacteroides,MGYG000004177,UBA6345,MGYG000004850,MGYG000002575,UMGS1865,UMGS1668,UBA636,Enterobacter_D,Streptococcus,Duncaniella,UMGS1603,Megasphaera,CAG-314,UBA5446,Pseudoflavonifractor,RUG705,CAG-353,UMGS1397,RUG12045,Blautia_A,Campylobacter_B,QALS01,Paraprevotella,RUG410,Ruthenibacterium,Lacrimispora,CAG-217,Exiguobacterium,Acinetobacter,NSJ-62,Bifidobacterium
rep958_seed2983	CAG-180,HGM13233,Mobiluncus,HGM12998,Marvinbryantia,UMGS1820,UMGS1518,UBA7748,Sellimonas,Clostridium_N,Lachnospira,UBA5884,ER4,Enterococcus_D,Arcanobacterium_A,QAKW01,Slackia_A,UMGS680,CAG-288,CAG-877,UBA5920,Lactococcus,1XD42-69,CAG-590,Megamonas,NC2004,D5,Harryflintia,Methanobrevibacter_A,QAMM01,CAG-390,MGYG000000378,An172,Emergencia,Paenibacillus,UMGS1326,Prevotella,UBA1191,CAG-354,UBA7102,HGM13222,UMGS1537,Slackia,UMGS874,Anaerotignum,RUG472,UBA9502,Pyramidobacter,Enterococcus_G,Lachnoclostridium_A,HGM11416,SFJ001,UBA7185,Anaeromassilibacillus,UMGS172,UMGS1532,UBA6398,Peptoniphilus_B,Aeromonas,Atlantibacter,AF33-28,AM07-15,Campylobacter_B,HGM05232,UBA1829,RUG420,Campylobacter,Alterileibacterium,Finegoldia,CAG-269,Eubacterium_R,UMGS2055,Massilimaliae,MGYG000003490,Anaerocolumna,UMGS1865,CHH4-2,MGYG000004556,Hafnia
rep959_seed2984	UMGS1975,CAG-533,Succiniclasticum,Firm-11,UBA4334,Raoultibacter,UMGS731,Peptoniphilus_A,UBA644,OF09-33XD,Clostridium_X,UBA4855,CAG-288,SFLA01,RUG13868,Veillonella,Collinsella,MGYG000002575,Enterococcus_B,Sellimonas,Hydrogeniiclostridium,AM07-15,Prevotella,F23-B02,CAG-460,Bacillus_A,Citrobacter_A,Intestinimonas,Slackia_A,CAAEEV01,VUNA01,MGYG000000587,Faecalitalea,UMGS1611,UMGS172,Pradoshia,SFDB01,CAG-354,UBA11517,CAG-417,Pantoea,HGM12669,CAG-83,UMGS946,Olsenella_E,UMGS1202,MGYG000004874,QAKW01,HGM11523,CAG-631,UBA6382,UMGS1976,MGYG000004445,Acidovorax,Bruticola,RQCD01,MGYG000001903,Erysipelatoclostridium,MGYG000003270,Pseudoruminococcus,UMGS1781,Johnsonella,RUG115,Fannyhessea,UBA1259,UBA7057,Ruminococcus_D,Dorea,Murimonas,Sneathia,An92,UMGS1603,Catenibacterium,UMGS1633,KLE1615,Coprococcus,HGM11616,Hungatella_A,UMGS1370
rep960_seed2985	UBA3766,UBA5416,MGYG000003970,HGM11616,Salinicola,F0422,SFFS01,CAG-882,Paraeggerthella,Flavonifractor,Hydrogeniiclostridium,Eikenella,CAG-390,UBA5809,Dysosmobacter,MGYG000002719,MGYG000004112,Romboutsia,Erysipelatoclostridium,HGM11501,HGM11523,RUG11198,CAG-776,Gastranaerophilus,MGYG000004443,Niameybacter,CAG-617,CAG-245,Parasutterella,Phoenicibacter,MGYG000000378,An92,Bacillus_J,SFJ001,UMGS1071,Enterobacter_A,Longicatena,Pyramidobacter,MGYG000004445,Mobilibacterium,UBA6984,CACZQA01,Muribaculum,Parvimonas,SFHK01,Sutterella,UMGS1293,UMGS1241,SFGY01,CAG-448,Streptococcus,Yokenella,Treponema_D,1XD42-69,UBA1181,Phil1,Enterococcus_G,HGM04593,Neobacillus,MGYG000000425,CAG-873,MGYG000004850,SFVR01,HGM05232,Enteroscipio,Anaerobutyricum,Kosakonia,Enterocloster,Staphylococcus,Caecibacter,Prevotella,Clostridium_E,SFEL01,UBA6382,SFTJ01,UMGS1253,QAMH01,Neobittarella,CAG-354
rep961_seed2986	UBA11512,Firm-07,Proteus,MGYG000003970,Dysosmobacter,HGM11507,Enteroscipio,43-108,CAG-390,MGYG000004229,Klebsiella,CAG-465,Escherichia,Blautia_A,HGM05232,SFFS01,UMGS124,UBA1731,Anaeroplasma,CHH4-2,UMGS905,Gastranaerophilus,51-20,Frisingicoccus,MGYG000004874,CAG-56,Ruminococcus_B,Turicibacter,Pseudoflavonifractor,Actinomyces,Niameybacter,UBA636,Finegoldia,UBA6382,MGYG000002702,CAG-1031,CAG-353,UBA11524,Olsenella,COE1,Eubacterium_J,CAG-45,Ruminococcus,UBA1234,MGYG000000574,Lactococcus,F0422,Clostridium_F,Butyricicoccus,Pediococcus,CAG-354,UBA644,UBA4334,UMGS1668,Epilithonimonas,CAG-882,UMGS1326,HGM11514,UBA1777,Vibrio,Dorea_B,UBA1390,CABIZH01,UBA9506,MGYG000000378,WG-1,Christensenella,Firm-11,HGM11521,Eubacterium_M,RUG115,Pseudobutyrivibrio,UBA11471,Ruminiclostridium_E,Prevotellamassilia,Companilactobacillus,Rubneribacter,UBA10677,CAG-417
rep962_seed2987	Roseburia,CAG-831,Pantoea,Firm-10,Enterobacter,UMGS1540,RUG11198,Parolsenella,Criibacterium,Parabacteroides,UBA1191,CAG-354,Actinomyces,Leminorella,TWA4,SFHK01,Sneathia,AF33-28,Angelakisella,CAG-882,CAG-533,1XD42-69,Caproiciproducens,Dialister,CAG-110,QANA01,UBA3631,CAG-95,UMGS1537,HGM11501,Acutalibacter,WRGP01,HGM11575,UMGS1472,RUG410,UMGS1820,MGYG000004061,HGM11616,UMGS1865,UMGS1864,UMGS403,UBA1390,Muricomes,UMGS1490,UBA1394,HGM05232,Pluralibacter,Stoquefichus,Pauljensenia,HGM12713,HGM11514,RUG100,Gordonibacter,MGYG000004604,MGYG000004660,RUG572,Anaerobutyricum,RUG14107,BX12,CAG-590,Pygmaiobacter,MGYG000002696,CAG-628,Oribacterium,UBA10677,Veillonella,Gemella,RUG11200,Ruminiclostridium_E,Lachnoclostridium,Butyrivibrio_A,Lactococcus_A,Bacillus_A,Lawsonella,UBA738,UBA1375,QAMX01,MGYG000001903,Lacrimispora
rep963_seed2988	Leminorella,UMGS1322,Acetatifactor,Gemella,Coprococcus,CAG-831,Providencia,Lancefieldella,TM7x,UBA866,Exiguobacterium,Dysgonomonas,Streptococcus,UMGS1251,CAG-288,Cronobacter,UC5-1-2E3,CAG-533,Faecalibacterium,HGM11372,CAG-177,Anaerococcus,Campylobacter_A,NSJ-32,Sellimonas,CAG-793,Eubacterium_T,Coprococcus_A,UMGS1601,SFEL01,Mixta,UMGS1933,SFTJ01,UMGS1633,Haemophilus,Christensenella,Bacteroides,BX12,UMGS75,Pseudomonas_E,UMGS2037,UBA11940,UMGS1883,HGM11416,CAG-273,UMGS1611,Harryflintia,Ruthenibacterium,Schaedlerella,SFDP01,Citrobacter_B,HGM10836,Stenotrophomonas,HGM11368,MGYG000004133,COE1,F23-B02,MGYG000000387,Bittarella,Anaerobutyricum,OF09-33XD,UMGS1766,Blautia_A,CAG-238,UBA11452,HGM13006,Eisenbergiella,Turicibacter,QAMM01,UMGS1820,MGYG000004443,Kallipyga,UBA737,QAMH01,Caproiciproducens,Anaerosporobacter,UMGS599,UMGS902,Mobiluncus
rep964_seed2989	UBA5026,Azonexus,Actinomyces,UMGS1202,HGM05232,SFHK01,UBA4644,UMGS1613,UMGS75,VUNA01,Intestinibacter,UBA11940,Ruminococcus_A,UBA1409,Methanobrevibacter_A,UMGS1795,UBA6398,Enorma,RUG705,CAG-710,HGM11372,HGM11368,CAG-452,KLE1615,MGYG000001903,Mobilibacterium,Emergencia,UMGS1670,CAG-103,UMGS1484,UBA11517,Butyrivibrio_A,CAG-127,Clostridium_AP,TWA4,Dielma,Absicoccus,HGM14224,Lactonifactor,Kallipyga,Merdibacter,Faecalibacillus,HGM13618,UBA4855,SFLA01,UBA2856,RUG14107,Pediococcus,CAG-194,UBA4372,UMGS1251,HGM11416,Brachyspira,UMGS1933,Pygmaiobacter,Coprococcus_A,Enterococcus_A,CAG-302,Sodaliphilus,SCN-57-10,UMGS1490,Sellimonas,Turicimonas,UMGS1591,CAG-81,Anaerocolumna,UMGS1601,UMGS1225,MGYG000004850,CAG-762,HGM12669,MGYG000003305,UBA3818,Treponema_D,HGM11616,UBA1375,Eisenbergiella,QAMX01,UMGS1872
rep965_seed2990	Garciella,Eubacterium_J,Longibaculum,HGM11523,Alterileibacterium,UMGS172,UMGS1518,Parvimonas,Enterobacter,Granulicatella,MGYG000000346,CAG-317,MGYG000003270,NK3B98,UMGS1225,Ruthenibacterium,CACZQA01,Hungatella_A,UMGS1781,Oribacterium,Rothia,Paraeggerthella,CAG-313,UBA2882,Enterococcus_G,MGYG000002719,MGYG000000574,Superficieibacter,MGYG000000456,Acidovorax,QALS01,Rahnella,Adlercreutzia,Muribaculum,Salinicola,Massilioclostridium,CAG-170,HGM11575,QAMX01,Absicoccus,Bulleidia,Firm-10,Ruminococcus_F,Paramuribaculum,MGYG000000387,CAG-354,UBA1394,CAG-417,Ruminococcus_D,Salmonella,Roseburia,Enterococcus_C,UMGS911,Coprococcus_A,Campylobacter,UMGS1370,MGYG000002683,UBA1206,Pseudomonas_E,Klebsiella,CAG-617,Ellagibacter,D5,Dorea_A,Porphyromonas_A,MGYG000004127,UBA5809,UMGS1600,HGM12957,Amulumruptor,Intestinimonas,Borkfalkia,Corynebacterium,RC9,UBA7702,UMGS1889,Lachnoclostridium_B,Yokenella,Alistipes_A
rep966_seed2991	Salmonella,UMGS1872,HGM13618,UMGS1518,Lachnoclostridium_B,F082,Citrobacter_B,Weissella,An172,UBA5416,UBA5884,Massilimaliae,MGYG000004094,RUG572,Bariatricus,CAG-217,Citrobacter_A,Weimerbacter,Parabacteroides,MGYG000000587,UBA5026,HGM11386,Haemophilus,MGYG000003297,Eikenella,Hydrogeniiclostridium,MGYG000003945,Mediterraneibacter_A,Eubacterium_R,AF33-28,Enorma,JAAYBB01,Ezakiella,Pseudoruminococcus,UBA7748,UBA7102,UMGS1224,NSJ-38,UBA4334,Fannyhessea,QANG01,Clostridium_F,Mobiluncus,RUG806,Peptostreptococcus,HGM12814,Citrobacter,Dialister,Serratia,CAG-451,Enterocloster,Lawsonella,UMGS172,Faecalibacillus,UBA945,UMGS1623,Olsenella_B,Edwardsiella,Fournierella,CAG-590,Fenollaria,Butyricicoccus,UBA940,UMGS905,Raoultella,Hafnia,Streptococcus,UBA1737,RC9,UBA1685,Akkermansia,UMGS1071,Cutibacterium,Sutterella,Enterococcus_B,Bruticola,HGM12789,RUG420,HGM12957
rep967_seed2992	Emergencia,QANA01,Clostridium_A,Sutterella,UMGS1279,HGM11501,Amedibacillus,Faecalitalea,Franconibacter,UBA636,Hungatella,UMGS1202,Methanobrevibacter_A,UMGS1864,S5-A14a,UBA1711,Selenomonas_C,Ruminococcus_C,MGYG000004850,Lachnoclostridium_B,Moellerella,Aneurinibacillus,Campylobacter,Cronobacter,MGYG000004443,Monoglobus,MGYG000002758,UMGS973,Faecalimonas,Bacteroides_F,Niameybacter,UC5-1-2E3,CAG-95,MGYG000003490,HGM11523,Lactiplantibacillus,Enterococcus_B,UBA7173,Rikenella,UMGS1933,Ralstonia,MGYG000004229,RUG410,SFDB01,Amedibacterium,Longibaculum,UMGS1883,MGYG000002719,MGYG000000378,Citrobacter_A,Alterileibacterium,CAG-81,UBA7185,SFFS01,MGYG000004133,Clostridium_E,Turicimonas,CAG-56,Ruminococcus_E,Blautia,UMGS1370,WRGP01,GCA-900066905,UMGS2016,UBA1737,Gabonibacter,OM05-12,Butyricicoccus_A,Clostridium_AQ,Eubacterium_I,Paraclostridium,Merdibacter,Flavonifractor,Olsenella_E,MGYG000004811,Mediterraneibacter_A,Enteroscipio,UBA1820,UBA7597
rep968_seed2993	UBA1234,UMGS1670,Cronobacter,Massilicoli,Anaerosacchariphilus,UBA2883,UBA3766,Peptostreptococcus,An172,CABIZH01,UMGS973,CAG-390,Schaedlerella,UMGS1933,CAG-103,UMGS1537,Anaerostipes,Pseudoflavonifractor,Anaerococcus,Clostridium_E,HGM13862,QAMX01,Christensenella,Robertmurraya,HGM11417,MGYG000001871,Pediococcus,UBA1191,Robinsoniella,Fenollaria,UMGS1613,MGYG000002575,Slackia,UMGS1487,UBA1777,SFHK01,UBA1731,CAG-452,UBA3631,UMGS1820,Clostridium,Leminorella,Ruthenibacterium,QALR01,CAG-353,DUOT01,Edwardsiella,Methanomassiliicoccus_A,UMGS75,UMGS1474,Alloprevotella,CAG-877,UMGS1384,MGYG000002702,CAG-354,MGYG000000286,NSJ-32,CAG-917,Latilactobacillus,UBA6382,CAG-590,Enterococcus_A,UBA5416,MGYG000000674,GCA-900066905,Lancefieldella,Dorea,UBA940,UC5-1-2E3,CAG-582,RUG12045,HGM05232,Citrobacter_B,Ruminococcus,Faecalimonas,MGYG000004127,UBA737,UCG-010,TM7x
rep969_seed2994	SFFS01,An172,UMGS1820,MGYG000004811,UBA1737,Bulleidia,Streptococcus,MGYG000002575,Cloacibacillus,CAG-465,MGYG000002053,RUG472,UBA1394,CAG-762,UBA1375,UMGS1994,UBA11940,Fusobacterium,Coprobacillus,Lachnoanaerobaculum,Massilicoli,Varibaculum,MGYG000004874,Klebsiella,Alterileibacterium,UBA5905,UMGS905,Eubacterium_R,CAG-349,CAG-177,MGYG000002702,UMGS1387,HGM11588,Enterococcus_C,MGYG000000286,QANA01,CAG-45,MGYG000000378,Anaeroplasma,MGYG000000425,UBA636,UBA866,UMGS1839,NSJ-63,UMGS1384,CAG-492,Firm-07,UBA11774,CAG-273,CAG-776,UMGS1864,CAG-452,Peptococcus,Hungatella_A,Harryflintia,HGM11616,UMGS1611,Fenollaria,UMGS1338,TM7x,Rikenella,Bacteroides_F,Ruminococcus_E,Butyricicoccus_A,Oribacterium,Cetobacterium_A,RUG12045,Enterococcus_B,Nitratidesulfovibrio,NSJ-62,Faecalicoccus,Beduini,Dielma,Allisonella,Monoglobus,Enterobacter_A,Romboutsia,Zag1,CAG-873
rep970_seed2995	Faecalicoccus,Mediterraneibacter,UBA3818,UBA1417,CAG-273,UBA4644,HGM10836,Eikenella,Alistipes,CAG-462,Intestinibacter,Alloscardovia,MGYG000002797,CAG-354,UMGS1994,Eubacterium_M,RUG410,UBA5809,UMGS1600,Schaedlerella,Merdibacter,BX12,Pseudobutyrivibrio,Ruminococcus_C,Eggerthella,Odoribacter,Peptostreptococcus,Lawsonella,Clostridium_N,UBA4855,CAG-495,Holdemania,AF33-28,Lachnoclostridium_B,Limosilactobacillus,UMGS1322,Anaerotignum,Tidjanibacter,Pradoshia,UBA3263,Butyricicoccus_A,An92,Eubacterium_I,Alloprevotella,Zag1,HGM11530,HGM11501,UMGS1858,Johnsonella,Succiniclasticum,CAG-475,HGM11616,CAG-617,HGM11523,Mobilibacterium,UMGS1865,CAG-1193,UMGS1307,Oscillibacter,MGYG000004850,MGYG000000346,HGM11417,Scardovia,UMGS1388,Marseille-P3106,CAG-314,Haemophilus_A,Weizmannia,Dialister,Mixta,Amedibacillus,HGM12650,Muribaculum,CAG-451,Bariatricus,Enterocloster,Harryflintia,CAG-791,Gastranaerophilus
rep971_seed2996	CAG-390,Pauljensenia,Coprococcus_A,CAG-1031,MGYG000004061,Rahnella,UMGS929,Eubacterium_J,UMGS268,ER4,Escherichia,UMGS1326,Methanobrevibacter_A,Massilioclostridium,MGYG000002075,Anaerococcus,Dysosmobacter,Superficieibacter,Sellimonas,HGM13006,UMGS1851,Butyricicoccus_A,Lachnospira,Bilophila,Enorma,Clostridium_J,Stenotrophomonas,Proteus,CAG-177,Olsenella_E,Varibaculum,UBA1685,MGYG000004660,MGYG000000387,UMGS1590,UBA6345,D5,MGYG000002685,Pseudomonas,CAG-349,UBA4644,Acetatifactor,BX12,An92,Lactococcus,UBA10281,Clostridium_P,UMGS1253,CAG-594,UBA7057,Eubacterium_R,UMGS1795,UMGS363,UMGS1663,CAG-841,MGYG000001953,Anaerosporobacter,SFGY01,Leuconostoc,UMGS1766,Marseille-P3106,NSJ-61,CAG-776,Mixta,CAG-288,UMGS1815,UBA7182,UBA1234,Fusobacterium_A,Haemophilus,HGM12650,Atlantibacter,Niameybacter,KLE1615,Ellagibacter,Ruminococcus_B,Agathobaculum,HGM13010,Anaerocolumna
rep972_seed2997	Robertmurraya,Kallipyga,UC5-1-2E3,UMGS874,Dysgonomonas,MGYG000001871,1XD42-69,Pantoea,CAG-882,Anaeroplasma,HGM13006,Anaerosalibacter,CAG-349,Arabia,UBA9414,Enteroscipio,UMGS1603,HGM11368,S5-A14a,V9D3004,MGYG000004177,UMGS1994,HGM11372,Bittarella,Coprococcus,Butyricicoccus_A,UBA5884,MGYG000000346,CAG-510,Clostridium_Q,Gemella,UMGS1397,SFGY01,UBA5416,CAG-451,RUG100,UBA866,HGM11788,RUG472,CAG-269,An181,UMGS1601,Sneathia,Providencia,UBA2856,Stomatobaculum,RUG420,UMGS905,Acinetobacter,Treponema_D,Oscillibacter,Cronobacter,Dialister,UMGS946,GCA-900066755,CAG-274,Intestinimonas,UMGS1858,Salmonella,UMGS1224,UMGS1840,UBA1234,Enterococcus,Succinatimonas,UBA4855,Monoglobus,Holdemania,CAG-95,Cloacibacillus,MGYG000003490,CAG-917,RUG806,UBA7182,HGM11416,HGM12957,Bruticola,CAG-312,UBA11774,UBA5026
rep973_seed2998	Staphylococcus,Rubneribacter,F0040,UMGS1839,MGYG000002702,Bacillus_J,HGM12789,RF16,HGM11372,Phocaeicola,Acetatifactor,Alistipes,UBA9475,Agathobaculum,UMGS911,MGYG000002726,UBA3766,UMGS1872,UMGS1384,Butyricimonas,Agathobacter,Pyramidobacter,Barnesiella,HGM13010,Latilactobacillus,Catenibacterium,UMGS905,UMGS1880,CAG-115,UBA4372,Robertmurraya,Anaerosacchariphilus,MGYG000004094,CAG-238,HGM12669,Pseudomonas_R,UMGS1601,Cutibacterium,NSJ-32,AM51-8,Marvinbryantia,MGYG000000505,UMGS1766,UBA6382,QALW01,Lachnospira,RUG11200,Anaerosalibacter,Plesiomonas,Massilistercora,CAG-882,UBA7185,UMGS1491,UMGS1225,MGYG000004061,Treponema_D,Paraclostridium,Massiliomicrobiota,HGM12814,Marseille-P3106,UMGS1883,UMGS599,Cronobacter,AM07-15,UBA1685,UBA3263,Gemella,Phytobacter,MGYG000002758,CAG-873,Phoenicibacter,Cellulosilyticum,HGM11616,Emergencia,Flavonifractor,Merdimonas,UMGS1613,Lawsonella,HGM11417
rep974_seed2999	UMGS2055,CAG-103,Dysosmobacter,Cedecea,AM51-8,VSOB01,UMGS1590,Anaeromassilibacillus,MGYG000002719,CAG-95,CAG-793,UMGS1002,Haemophilus,MGYG000002685,SFEL01,Bruticola,CAG-448,Schaedlerella,Peptoniphilus_E,CAG-488,Amulumruptor,GCA-900066905,MGYG000003297,UMGS1441,Enterococcus_D,RUG11247,NK4A136,UBA5884,Negativicoccus,Olsenella,CAG-45,MGYG000004133,HGM13233,Pseudobutyrivibrio,Slackia_A,Neobittarella,CAG-917,Pediococcus,CAG-822,Actinobaculum,Eisenbergiella,Plesiomonas,HGM14224,NK3B98,MGYG000002075,Zag1,Phytobacter,Sutterella,HGM13862,Arcanobacterium_A,SFHK01,Actinomyces,UBA9414,UBA4716,UBA6984,Acetatifactor,UBA2856,Ligilactobacillus,MGYG000004850,Lactiplantibacillus,Clostridium_B,UMGS363,Ralstonia,Pyramidobacter,CAG-877,Lancefieldella,Christensenella,QANG01,UMGS966,CAG-449,MGYG000000728,Lactonifactor,UBA11452,MGYG000001871,Aggregatibacter,Senegalimassilia,Cetobacterium_A,Harryflintia,Kluyvera
rep975_seed3000	Murimonas,Peptacetobacter,Escherichia,MGYG000000587,Acetatifactor,Sellimonas,UBA6382,UBA11512,Phytobacter,HGM11417,Tidjanibacter,Stenotrophomonas,Negativibacillus,MGYG000004604,Acutalibacter,NSJ-50,Clostridium_A,UMGS1202,MGYG000004061,UMGS1839,CAG-822,HGM11327,RUG11198,Clostridium_J,Weimerbacter,CAG-776,An181,MGYG000000390,SFHK01,Garciella,Pantoea,MGYG000004727,Negativicoccus,Treponema_D,Fusobacterium,Paraprevotella,Campylobacter,Mesosutterella,UMGS1603,CAG-631,MGYG000000456,Succiniclasticum,Anaerosporobacter,UMGS268,RUG705,Massilicoli,CAG-1024,CAG-510,MGYG000002696,UBA1737,Niameybacter,NK4A136,UMGS1537,CAG-83,Butyricicoccus,GCA-900066905,Schaedlerella,Caproiciproducens,F0422,MGYG000000425,Peptoniphilus_A,UMGS1663,Monoglobus,UMGS1611,CAG-449,Firm-07,Salinicola,MGYG000003855,MGYG000002726,CAG-127,HGM11416,Pediococcus,RUG472,GCA-900066135,Raoultella,CAG-273,UBA5416,NSJ-62,UBA2856
rep976_seed3001	HGM04593,CAG-95,Chimaeribacter,Negativibacillus,UBA1417,Eubacterium_R,RUG705,Pradoshia,Turicimonas,UBA1232,Bacteroides_F,UMGS1783,UMGS1472,UBA3263,UBA940,Faecalimonas,Ligilactobacillus,Enterococcus,UMGS905,CACZQA01,UMGS929,Desulfovibrio,Lachnoclostridium_A,Eubacterium_F,Pseudoruminococcus,UMGS1487,Butyricimonas,UMGS1202,Proteus,Lancefieldella,Bittarella,MGYG000000346,UBA4285,Firm-07,UBA1390,Paraprevotella,Eubacterium,Bilophila,UC5-1-2E3,Coprobacillus,Escherichia,UMGS1976,UMGS1690,Flavonifractor,Streptococcus,Parvimonas,UBA10281,Tidjanibacter,Kluyvera,UBA4372,HGM13233,UMGS1601,CAG-177,UBA11774,Ruminiclostridium_E,Pauljensenia,Aneurinibacillus,Faecalibacillus,SCN-57-10,HGM11616,CAG-873,Clostridium_B,HGM12957,UMGS1071,UBA3402,UBA6398,CAG-964,UMGS1858,CAG-917,An92,Paenibacillus,UMGS1872,Muribaculum,Christensenella,MGYG000004874,Weizmannia,Methanomassiliicoccus_A,CAG-710,Gemmiger
rep977_seed3002	Sellimonas,Anaeroglobus,Anaerobutyricum,Barnesiella,UBA1191,Fusobacterium,Lawsonibacter,UBA1232,Massiliomicrobiota,Paraclostridium,HGM11523,Massilimaliae,Clostridium_N,UMGS1484,Pseudomonas_E,HGM11525,Clostridioides,UBA4372,CAG-603,UBA11940,Klebsiella,Fenollaria,Selenomonas_C,CAG-317,UBA1740,Parabacteroides,Klebsiella_A,Ligilactobacillus,Coprococcus_A,HGM13862,Enterococcus_D,Coprobacillus,UC5-1-2E3,CAG-354,UMGS1532,UMGS1839,UBA1752,JAAYBB01,UBA1417,CAG-45,NSJ-61,CAG-631,Muribaculum,UMGS882,Peptostreptococcus,Pluralibacter,CAG-170,Hafnia,Schaedlerella,UMGS1251,UBA1394,UBA2882,UMGS1052,WRGP01,Olsenella_B,UMGS1572,CAG-492,Anaerostipes,Pseudoruminococcus,Escherichia,Bulleidia,Latilactobacillus,MGYG000000587,HGM12713,UBA6984,Negativicoccus,MGYG000004229,CAG-452,Clostridium_F,Clostridium_AQ,Acutalibacter,CAG-822,RUG115,Ezakiella,UBA1685,CAG-279,UMGS1388,Dorea_A,UMGS1253
rep978_seed3003	UBA3263,Hafnia,Phascolarctobacterium_A,Pauljensenia,RUG023,UBA7182,UMGS1572,Negativicoccus,Cellulosilyticum,UBA1820,Coprobacter,UMGS1600,Peptoniphilus_A,UBA11517,Fusobacterium_B,Proteus,MGYG000002719,HGM11575,UBA2882,MGYG000004556,Alloscardovia,CAG-313,MGYG000002685,Absicoccus,NSJ-62,SFTJ01,UMGS1441,RUG705,CAG-145,Bittarella,Coprococcus_A,Acinetobacter,Atlantibacter,UMGS1601,Pseudescherichia,Neisseria,Merdibacter,Aggregatibacter,Anaeroplasma,UMGS1663,UMGS1490,CAG-238,CAG-452,Butyrivibrio_A,UMGS1781,Arcanobacterium_A,Exiguobacterium,Megamonas,UBA4716,Acetatifactor,Garciella,Nitratidesulfovibrio,UMGS929,Cetobacterium_A,UBA1786,Prevotella,CAG-170,UBA7597,Anaeroglobus,UMGS1397,UMGS1839,Staphylococcus,CAG-303,UBA10677,Veillonella_A,Eubacterium_R,UBA1394,UMGS1670,NSJ-32,Frisingicoccus,Muribaculum,UBA7748,CAG-557,NSJ-61,Borkfalkia,HGM11788,Escherichia,Lawsonella,Lactonifactor
rep979_seed3004	HGM11788,UMGS416,Clostridium_AP,Absicoccus,UMGS1696,MGYG000004874,UBA1822,Enterococcus,UBA2882,Stenotrophomonas,UMGS1279,CAG-238,Pseudoflavonifractor,HGM13233,HGM11616,Barnesiella,Enterocloster,UBA1259,JAAYBB01,Cutibacterium,UMGS1795,Fannyhessea,Phytobacter,Bifidobacterium,F0040,MGYG000002696,Haemophilus_A,SFHK01,CAG-510,UMGS1388,UMGS1225,UBA7488,Rikenella,Sutterella,Murimonas,UBA9506,UBA6857,CAG-582,HGM12587,CAG-460,CAG-312,UBA737,Emergencia,Franconibacter,Lactococcus,Prevotellamassilia,UBA1181,RUG12045,Alloprevotella,SFDP01,Pseudomonas_R,UMGS1293,CAG-521,UMGS1994,Pauljensenia,Mailhella,Companilactobacillus,SCN-57-10,CAG-279,Anaeroplasma,1XD42-69,UBA2856,HGM12998,Peptostreptococcus,UBA6984,Schaedlerella,Rubneribacter,UBA7597,UMGS1872,UMGS1202,Marseille-P4683,UMGS1840,Olsenella_B,KM106-2,RUG572,UBA7057,Holdemania,UMGS1976,UMGS911
rep980_seed3005	Fenollaria,Hungatella_A,UBA644,UMGS680,TM7x,Dorea_A,MGYG000000456,CAG-831,Epilithonimonas,UMGS1880,Sutterella,Marseille-P3106,Pseudoflavonifractor,MGYG000000587,Peptoniphilus_B,Phocaeicola,Mesosutterella,CAG-882,UMGS1326,SFGY01,HGM11575,UBA4285,Anaerosporobacter,Holdemanella,Phascolarctobacterium,Acidaminococcus,RUG13868,KLE1615,CAG-95,MGYG000004556,Amedibacillus,CAG-841,HGM12998,Coprococcus,CAG-462,MGYG000004127,HGM13010,HGM13222,Cronobacter,Paramuribaculum,Moellerella,UMGS1532,Marseille-P4683,CAG-452,Megamonas,UMGS1613,Anaerobutyricum,UMGS263,Arcanobacterium_A,Pluralibacter,NC2004,UMGS1487,UBA1206,UBA1752,Caecibacter,Eggerthella,SFFS01,CAG-288,Providencia,TF01-11,Adlercreutzia,Bulleidia,CAG-81,UMGS268,HGM12713,Phascolarctobacterium_A,Franconibacter,CAG-196,UMGS1611,MGYG000000745,Intestinibacter,Lawsonibacter,HGM12957,HGM11530,RUG11200,RUG115,CAG-465,UMGS1590,MGYG000003490
rep981_seed3006	Coprococcus_A,AM51-8,Succinatimonas,Campylobacter_A,UMGS1004,HGM14224,SFHK01,Marseille-P4683,Leuconostoc,Collinsella,CAG-1193,MGYG000004811,Olsenella_B,MGYG000001953,Prevotella,Franconibacter,KM106-2,Peptostreptococcus,Pseudescherichia,Klebsiella_A,KLE1615,UBA738,UBA1390,Aggregatibacter,VUNA01,Butyricicoccus,UBA1685,MGYG000004445,Haemophilus_D,Clostridium_AQ,UMGS1663,MGYG000002758,Eubacterium_I,UMGS1781,HGM11417,Tidjanibacter,Robinsoniella,Slackia,OM05-12,CAG-451,Morganella,Beduini,Selenomonas_A,UBA1691,OF09-33XD,Dysgonomonas,Coprobacter,CAG-822,MGYG000000350,UBA636,CAG-557,SFVR01,Serratia,UMGS1224,Enterococcus_C,Actinomyces,CAAHEQ01,UBA7057,Methanosphaera,RUG806,Mobilibacterium,Lactonifactor,MGYG000000378,Ruminococcus_G,Longibaculum,MGYG000004556,HGM11525,CAG-83,UBA2856,Anaeromassilibacillus,Massilimaliae,HGM11416,Veillonella,F0040,CAG-1031,CAG-269,HGM05232,UBA7160,Sellimonas
rep982_seed3007	CAG-617,Clostridium_AP,Zag1,MGYG000004811,Selenomonas_A,CAG-590,UBA1786,Limosilactobacillus,Pantoea,QAKW01,Providencia,UMGS1688,Oscillibacter,UMGS1387,CAG-288,Senegalimassilia,RUG12045,UMGS1933,CAG-917,Leclercia,Leptotrichia,MGYG000004094,UBA7185,MGYG000004029,Campylobacter_B,Pyramidobacter,SFVR01,VUNI01,Bifidobacterium,MGYG000003297,MGYG000004133,MGYG000004874,CAG-314,UMGS124,MGYG000004604,CAG-724,Fournierella,MGYG000002726,Phocaeicola,HGM12789,UMGS1611,Pseudoruminococcus,Mesosutterella,UMGS1766,Cloacibacillus,Fusobacterium_C,UMGS1202,Anaerotruncus,CAG-417,PeH17,RC9,UMGS1312,UMGS1537,Peptostreptococcus,UMGS1815,CAG-217,UBA1691,Bariatricus,Acetivibrio_A,Desulfovibrio,UBA2856,Dorea_A,Terrisporobacter,UMGS1864,Clostridium_J,UBA644,Ruminococcus_G,CAG-877,HGM14224,Coprococcus_A,UMGS1472,CAG-710,UMGS1490,Megamonas,UBA1731,Anaeromassilibacillus,UBA3766,Streptococcus,HGM11530
rep983_seed3008	UMGS973,UMGS1253,S5-A14a,UMGS1688,Harryflintia,CAG-180,UMGS1312,UBA3263,Alloscardovia,Parvimonas,MGYG000003855,HGM11507,RUG472,UMGS599,UBA5920,OM05-12,Bruticola,Peptoniphilus_C,Senegalimassilia,Lactococcus_A,CAG-462,UBA1409,UBA1829,DTU089,UBA737,QAKW01,UCG-010,Clostridium_AP,UBA6345,Pseudomonas_R,Marseille-P3106,D5,CAG-510,CAG-196,UMGS1865,Extibacter,Paraeggerthella,Lacrimispora,JAAYBB01,HGM11521,UMGS1783,CAG-603,Anaerococcus,UMGS1322,CAG-884,Gastranaerophilus,UMGS1976,Acutalibacter,CAG-594,Garciella,UBA1259,UBA3631,UBA6857,Megasphaera,SCN-57-10,Franconibacter,CAG-81,COE1,CAG-349,MGYG000002216,F0040,CAG-917,Pyramidobacter,Firm-11,UMGS1901,UMGS1484,Massilioclostridium,CAG-449,Akkermansia,Alistipes_A,MGYG000004177,Epilithonimonas,Paraprevotella,RUG100,SFDB01,MGYG000004874,Coprobacter,Clostridium_X,Enterococcus_C
rep984_seed3009	Lachnospira,Companilactobacillus,HGM11327,CAG-841,CAG-273,UMGS1293,Paraprevotella,An172,Plesiomonas,Neobacillus,MGYG000004112,MGYG000003270,CAG-724,Parasutterella,F0040,RQCD01,F082,Enterococcus_A,Staphylococcus,Clostridioides,Enterococcus_C,UBA11774,Anaeromassilibacillus,MGYG000004443,Mediterraneibacter_A,HGM11808,HGM12957,MGYG000000587,Latilactobacillus,CAG-557,UBA11517,JAAYBB01,AM07-15,Selenomonas_A,NK3B98,Gemella,UMGS2037,RUG11247,MGYG000000378,Citrobacter_A,UBA1740,MGYG000003305,UMGS1994,Anaerofustis,CAG-590,Anaerosacchariphilus,Acidaminococcus,Slackia,UMGS1572,Fannyhessea,Hydrogeniiclostridium,UMGS882,Azonexus,MGYG000004177,Clostridium_E,MGYG000004229,An181,Coprobacillus,Akkermansia,Negativibacillus,UBA7173,CAG-495,Fenollaria,Serratia,Olsenella_E,TWA4,CAG-170,CAAEEV01,Caproiciproducens,Longibaculum,Treponema_D,OM05-12,Brachyspira,Acidovorax,Eubacterium,Emergencia,UMGS1251,QAMH01,Neobittarella
rep985_seed3010	Massilimaliae,Peptococcus,UMGS1370,CAG-964,CAG-533,Muricomes,Yokenella,Lysinibacillus,Borkfalkia,Veillonella,UBA738,UBA636,Varibaculum,Blautia_A,Moellerella,Atlantibacter,HGM12957,Pauljensenia,Clostridium_X,CAG-349,UBA1711,Collinsella,Aggregatibacter,UMGS692,Weissella,SFMI01,Ruminococcus,UMGS1474,CAG-145,UBA1206,Selenomonas_C,UMGS1202,Anaerofustis,HGM12669,Mixta,Longicatena,Mediterraneibacter_A,RUG131,Enterocloster,Fusobacterium_C,SFLA01,MGYG000004177,Clostridium_A,UMGS1477,Cellulosilyticum,CAG-791,Lactiplantibacillus,Firm-07,CAG-56,UMGS1872,Zag1,HGM13222,Dorea_A,CAG-822,UMGS1253,Lactobacillus,CABIZH01,Pradoshia,Paraeggerthella,UBA3631,UBA1409,UMGS1696,MGYG000003270,CAG-628,RUG11200,UBA5809,Butyrivibrio_A,Mediterraneibacter,Oscillibacter,CAG-127,Prevotellamassilia,Olsenella_B,MGYG000004380,Enorma,UBA1820,CAG-617,CAG-448,CAG-1193,UMGS1388
rep986_seed3011	UMGS1384,Succinivibrio,CAG-510,Faecalicoccus,Proteus,MGYG000003945,Aeromonas,Turicimonas,UBA6345,HGM04593,UMGS268,Lactonifactor,UBA636,CAG-590,MGYG000004171,Bacillus_A,QAKD01,UBA1737,Anaeroplasma,HGM11514,CAG-1193,UMGS1815,Lacrimispora,UMGS1591,Evtepia,UMGS905,UMGS1590,MGYG000000505,NSJ-63,Morganella,QAMM01,UBA5809,Providencia,UBA11512,UBA7488,CAG-41,SFFH01,UMGS1537,UMGS1251,Catenibacillus,UMGS1976,Anaerofustis,HGM13618,NSJ-61,Phascolarctobacterium,Stomatobaculum,Lachnoclostridium,UBA9502,Salmonella,UBA5920,Lawsonibacter,UBA7597,F23-B02,Enterococcus_A,UBA3631,MGYG000002702,Yokenella,HGM13862,Ruminococcus_G,MGYG000003490,UMGS1611,Desulfovibrio,Haemophilus_D,Ruminococcus_C,MGYG000002797,Superficieibacter,UBA866,HGM11788,GCA-900066905,UMGS973,UMGS1663,Latilactobacillus,Rahnella,KM106-2,UMGS911,UMGS680,UBA1731,Marvinbryantia,Methanomassiliicoccus_A
rep987_seed3012	UMGS1815,Anaeromassilibacillus,Clostridium_F,MGYG000000745,Phil1,AF33-28,Mixta,Butyricicoccus,Neobacillus,UMGS1783,Paenibacillus,UMGS902,UBA7597,Plesiomonas,UMGS1795,UBA7748,MGYG000001953,UMGS1810,CAG-177,HGM13634,CAG-145,RUG410,Erysipelatoclostridium,CAG-724,CAG-127,UMGS905,CAG-475,MGYG000002685,UMGS268,Dysosmobacter,Peptostreptococcus,V9D3004,Pseudomonas,Peptoniphilus_E,Clostridium_B,Anaerofustis,Oscillibacter,UMGS1307,Caecibacter,Amulumruptor,Slackia,MGYG000000346,Methanosphaera,UBA1829,MGYG000004029,UBA9506,SFDB01,UC5-1-2E3,F23-B02,HGM12713,Firm-10,UMGS1004,UMGS1976,UBA1234,Pseudomonas_R,HGM12669,Superficieibacter,Clostridium_AQ,Dorea_B,CAG-631,Anaerobutyricum,NSJ-61,SFHK01,VSOB01,VUNI01,MGYG000002726,Exiguobacterium,DTU089,RUG14107,Peptacetobacter,CAG-417,MGYG000004380,UMGS1474,D5,Extibacter,Campylobacter_A,F0040,CAG-841,UMGS1623
rep988_seed3013	UBA6382,Collinsella,MGYG000004811,UMGS1766,UBA7173,Hungatella_A,Ralstonia,51-20,MGYG000000587,CAG-603,Gordonibacter,UBA7182,MGYG000002685,Robertmurraya,UMGS1326,Anaeromassilibacillus,UMGS75,UBA2821,UBA1829,HGM12957,UMGS1688,Rahnella,Oribacterium,Anaerobutyricum,Azonexus,Faecalibacterium,Turicibacter,UBA1191,HGM11525,Clostridium_N,MGYG000002575,Porphyromonas_A,SFFH01,Oscillibacter,Clostridium_J,Anaerotignum,UBA1820,CAG-762,HGM11530,NSJ-62,UMGS1600,Selenomonas_C,RF16,UBA7057,Amulumruptor,Lagierella,Eggerthella,UMGS577,HGM11372,CAG-177,Massiliomicrobiota,Dorea_A,Muribaculum,HGM11808,Haemophilus,MGYG000004171,UBA5446,UBA4372,QAMM01,Schaedlerella,Mesosutterella,UBA7102,OF09-33XD,UMGS1491,HGM13010,UMGS1484,SFDB01,UMGS1071,Emergencia,UMGS1537,Alterileibacterium,Phytobacter,Treponema_D,UBA3402,QAKD01,UMGS1994,CAG-831,Lachnoclostridium_B,Holdemanella
rep989_seed3014	Sporanaerobacter,Garciella,HGM12789,UMGS1783,Amedibacterium,CAG-776,Parolsenella,UBA7057,MGYG000000745,UBA1777,MGYG000003297,UMGS905,Eubacterium,F0422,Adlercreutzia,UBA2882,UBA7597,MGYG000004229,RQCD01,Bulleidia,AM51-8,UMGS692,HGM11416,Moellerella,MGYG000000574,MGYG000000587,Lacticaseibacillus,UBA1685,Coprococcus_A,UBA1191,Collinsella,Actinomyces,UBA4855,Extibacter,Alistipes_A,Staphylococcus,ER4,HGM12669,CAG-465,Firm-10,Firm-07,Raoultella,Enterococcus_G,CAG-710,Acetivibrio_A,Oscillibacter,F0040,CAG-180,Franconibacter,Ruminococcus,Porphyromonas_A,Lacrimispora,CAG-964,Hungatella,Anaerotignum,PeH17,UMGS1840,Campylobacter,Cellulosilyticum,Olsenella_E,UMGS1611,1XD42-69,UMGS2037,Limosilactobacillus,CAG-110,MGYG000004811,CAG-448,Leclercia,UMGS902,F23-B02,SFLA01,CAG-56,MGYG000000286,UBA737,Dielma,HGM05232,UBA7182,MGYG000002797,CAG-145
rep990_seed3015	RQCD01,Victivallis,UMGS1388,Alloprevotella,Oscillibacter,Pseudobutyrivibrio,Leptotrichia,MGYG000000286,Peptacetobacter,UC5-1-2E3,RUG806,Rubneribacter,Coprococcus,UBA1711,UMGS2055,UBA1731,UBA1691,UMGS946,Senegalimassilia,Eubacterium_I,Clostridium_J,UMGS1623,UMGS1225,CAG-354,CAG-180,Catenibacterium,QAMX01,UMGS1279,UMGS1518,Anaerococcus,Arcanobacterium_A,UMGS1322,Clostridium_A,Anaerocolumna,Acinetobacter,UBA737,Clostridium_B,Actinobaculum,UBA4716,CAG-56,CAG-1031,UBA11471,Amedibacillus,Dorea_A,Peptococcus,CAG-411,CAG-448,Sporanaerobacter,Faecalibacillus,QAKW01,UBA1394,MGYG000001903,HGM11327,HGM11507,Prevotella,Arabia,Weissella,NSJ-38,Enterococcus_B,UMGS1253,UMGS1865,UBA1740,Fusicatenibacter,CAG-349,UBA5905,UMGS1820,UMGS680,Bacillus_A,UMGS1224,UBA9475,Ligilactobacillus,UBA738,MGYG000001871,UMGS1815,Mobiluncus,Paraprevotella,RUG100,Brachyspira,Terrisporobacter
rep991_seed3016	Neisseria,SFFH01,Ruminococcus_B,DTU089,Pyramidobacter,UMGS75,MGYG000002053,CAG-831,UBA1417,Lysinibacillus,S5-A14a,UBA3631,CAG-484,Serratia,HGM13618,UMGS1052,Anaerostipes,CAG-882,UMGS1375,VUNI01,UMGS1766,Anaeromassilibacillus,MGYG000002702,Clostridium_X,UMGS2055,WG-1,HGM04593,Lactobacillus,SFDP01,UMGS1994,MGYG000004850,UBA866,UMGS1851,Paraeggerthella,Butyricimonas,Absicoccus,HGM11416,UMGS692,CAG-127,PeH17,Morganella,MGYG000003490,Marseille-P3106,Haemophilus_A,RQCD01,Rikenella,D5,UMGS1663,JAAYBB01,UBA7185,CAG-45,HGM11523,Methanosphaera,CAG-449,Faecalibacillus,Zag1,Alloscardovia,Schaedlerella,HGM11788,SFFS01,UMGS905,UMGS1387,MGYG000002719,Blautia_A,UMGS1279,CAG-873,Peptoniphilus_A,Massilioclostridium,Pluralibacter,Cloacibacillus,Emergencia,CAG-1024,UBA7102,MGYG000000350,CAG-557,Bacteroides_F,Amedibacillus,CAG-590,CAG-452
rep992_seed3017	UMGS1603,CABIZH01,Fenollaria,UBA1394,CAG-877,Flavonifractor,Franconibacter,UBA1731,UMGS268,CAG-582,MGYG000002758,Corynebacterium,CAG-302,Harryflintia,Roseburia,Anaerofustis,Sporanaerobacter,CAG-964,RUG131,Actinomyces,MGYG000004177,UBA1737,MGYG000003855,UBA940,Haemophilus_D,UBA3282,MGYG000004727,Clostridium_A,RUG13868,D5,UBA1691,Mediterraneibacter,CAG-127,Paenibacillus,UBA11517,Collinsella,Parolsenella,CAG-617,Ezakiella,CAG-313,MGYG000000728,Enterobacter,Peptacetobacter,UBA1409,Odoribacter,UMGS75,UMGS1441,UMGS1839,MGYG000004380,MGYG000000378,CAG-411,Butyrivibrio_A,Bulleidia,UMGS1880,Paraclostridium,UMGS905,CAG-103,Extibacter,Scardovia,UMGS1518,CAG-475,Lachnoclostridium,UMGS1338,CAG-557,Negativibacillus,CAG-115,CAG-317,UBA3818,S5-A14a,UBA4855,RUG14107,UMGS1572,Hungatella,Psychrobacillus,HGM12650,MGYG000002216,Porphyromonas_A,CAG-822,UBA1820
rep993_seed3018	Ruminococcus_E,UMGS1623,MGYG000004443,Anaerotignum,UBA7702,AM07-15,UBA1685,Clostridium_AP,CAG-354,UBA1786,UBA6857,NSJ-50,Fournierella,UBA7748,MGYG000004177,UBA2821,CAG-314,Amedibacillus,HGM11327,UBA3282,CAG-822,Johnsonella,UMGS692,QAKS01,Bulleidia,HGM13222,HGM12998,Moellerella,UBA636,HGM11501,RUG410,Bifidobacterium,UMGS1474,Parolsenella,Methanobrevibacter_A,Acetatifactor,Bacillus_J,Campylobacter_A,Lagierella,UBA1206,Butyricicoccus,Merdimonas,SFFH01,Massiliomicrobiota,UMGS1633,Alistipes,HGM13862,WRGP01,Leptotrichia,Dorea_A,HGM11575,RF16,UBA4716,UBA3263,RUG100,UBA11452,NSJ-61,KM106-2,UMGS1864,CAAEEV01,UMGS1322,UMGS680,Barnesiella,Lawsonibacter,Faecalimonas,Akkermansia,UBA7057,UBA4372,Parasutterella,Methanosphaera,Eubacterium_M,Klebsiella,RQCD01,Paraclostridium,Alterileibacterium,Evtepia,MGYG000002726,SFEL01,UMGS973
rep994_seed3019	HGM11575,Mixta,Negativibacillus,UMGS1840,Bariatricus,Salinicola,UMGS172,CAG-45,UMGS973,HGM13618,UBA1737,HGM11501,SFTJ01,CAG-631,MGYG000004443,MGYG000000346,UBA11512,Holdemanella,CAG-590,Franconibacter,Anaeromassilibacillus,UBA4285,CAG-56,UMGS1865,Niameybacter,MGYG000000387,UMGS1601,Eikenella,UMGS1397,HGM12998,MGYG000004127,Muribaculum,Citrobacter_A,AM51-8,Duodenibacillus,UMGS731,UBA945,MGYG000001903,QALR01,HGM11588,UBA6857,CAG-510,DUOT01,MGYG000004112,Succinatimonas,Longibaculum,RUG420,UMGS1820,Salmonella,Citrobacter,UMGS1883,UBA1417,Coprobacter,UBA7748,CAG-110,GCA-900066495,UMGS1441,UBA11774,RUG100,UBA9506,Fusicatenibacter,CAG-302,UBA1390,Actinomyces,SFGY01,Enterococcus_G,Agathobacter,Clostridium_B,MGYG000000378,UBA5026,UBA1685,Enterococcus,Prevotella,Muricomes,Klebsiella,MGYG000000350,QANA01,Holdemania,CAG-279
rep995_seed3020	Paraclostridium,CAG-317,Senegalimassilia,COE1,Massilimaliae,Exiguobacterium,Lachnospira,Pyramidobacter,UBA7597,Lawsonella,CAG-1427,HGM11808,UBA1234,Campylobacter_A,Bacilliculturomica,Erysipelatoclostridium,UMGS1633,Pantoea,CAG-269,Alloprevotella,Acutalibacter,MGYG000004171,HGM11416,Garciella,CAG-95,CAG-81,Fournierella,Phocea,UBA11452,Raoultella,Corynebacterium,CAG-274,Pseudoruminococcus,CAAHEQ01,Lacticaseibacillus,UBA7748,Oribacterium,CAG-462,Fusobacterium,HGM12957,UMGS856,HGM12650,Pluralibacter,UMGS902,UMGS1312,UBA2883,CAG-273,Enterococcus_B,QAKW01,UBA644,HGM11588,Phytobacter,MGYG000004112,Acetatifactor,UBA5920,CAG-873,MGYG000004061,Latilactobacillus,UMGS363,UBA1417,NK4A136,Anaerosalibacter,UMGS1384,MGYG000000346,Emergencia,UMGS1783,MGYG000000674,UMGS1388,MGYG000004811,MGYG000004727,HGM11327,UMGS1202,UMGS124,Mitsuokella,Fusicatenibacter,UMGS1826,SFHK01,Lactonifactor,Anaeromassilibacillus
rep996_seed3021	MGYG000000378,Clostridium,Sutterella,Anaerococcus,MGYG000003945,UMGS1202,CAG-582,CAAEEV01,CAG-390,DTU089,RQCD01,Amulumruptor,UMGS1865,Johnsonella,Eubacterium_J,CAG-793,UBA1232,Turicibacter,UBA5394,Oxalobacter,UMGS1375,HGM11417,MGYG000002053,Ruminococcus_D,Salmonella,Phascolarctobacterium_A,Mediterraneibacter,KM106-2,UBA1737,HGM11386,UMGS1293,Massilioclostridium,Mailhella,Gemella,Marseille-P3106,Firm-10,Dysosmobacter,AM07-15,VUNI01,S5-A14a,CAG-882,Odoribacter,Cedecea,MGYG000002702,Anaeromassilibacillus,Eubacterium,PeH17,UMGS263,Eisenbergiella,Coprococcus,CACZQA01,Enterobacter,UMGS1883,Lawsonella,Citrobacter_A,UBA5026,MGYG000001953,Weizmannia,UMGS1820,UMGS911,Parolsenella,UMGS1826,CAG-145,UMGS1418,UMGS1872,Victivallis,Paraeggerthella,Clostridium_A,UBA5809,UMGS1224,UMGS1795,Butyricicoccus_A,Alloprevotella,Mobiluncus,RUG11198,V9D3004,MGYG000004172,UMGS1537,HGM11416
rep997_seed3022	CAG-488,UBA1829,Bacilliculturomica,UBA945,CAG-312,CAG-632,Muricomes,F0040,UBA1232,SFMI01,Stomatobaculum,Eisenbergiella,Enterobacter,UMGS1611,MGYG000000378,UBA2856,Paramuribaculum,Massilioclostridium,Parvimonas,HGM12814,UMGS1815,MGYG000004660,UBA1820,CAAEEV01,Citrobacter,QALR01,UBA5446,UMGS1668,MGYG000004443,UMGS1279,MGYG000000390,Enterococcus_B,Eubacterium_J,SFGY01,UMGS1487,Paraclostridium,MGYG000000286,MGYG000001871,Edwardsiella,UBA737,Alistipes_A,Oscillibacter,Absicoccus,Ruminococcus_B,Allisonella,UBA5884,UMGS1603,UBA7597,RUG13868,UMGS363,Olsenella,HGM13862,HGM12669,Bittarella,CAG-273,Leptotrichia,CAG-272,MGYG000002683,UBA7488,MGYG000004112,UC5-1-2E3,VUNA01,Merdimonas,RUG131,CAG-1427,VUNI01,Bacteroides,Holdemania,Enterococcus_A,Monoglobus,UMGS1591,Aneurinibacillus,Bariatricus,Cellulosilyticum,Phocea,Epilithonimonas,UMGS2037,Agathobacter,CAG-917
rep998_seed3023	Rothia,UMGS2016,UMGS2055,HGM11616,Pseudobutyrivibrio,UBA1234,UBA5905,GCA-900066755,Anaerobutyricum,Dysosmobacter,MGYG000004229,HGM11514,Allisonella,UMGS599,Paraclostridium,MGYG000000390,MGYG000000728,MGYG000004604,Stomatobaculum,MGYG000004127,Scardovia,TWA4,Cronobacter,Ralstonia,UMGS856,43-108,Lancefieldella,HGM13010,Tidjanibacter,MGYG000002010,HGM14224,Faecalimonas,MGYG000001903,Ruminococcus_A,QAKD01,Franconibacter,MGYG000000350,Enterococcus_C,UMGS1071,Haemophilus,Sneathia,UBA5394,Erysipelatoclostridium,Enteroscipio,UBA1409,Fenollaria,NSJ-50,DUOT01,Fusicatenibacter,Methanomassiliicoccus_A,UBA1829,Bacillus_J,Phocaeicola,Anaerosacchariphilus,CAG-145,UMGS263,Duncaniella,Sutterella,UBA737,Raoultibacter,Murdochiella,MGYG000003297,UMGS692,CAG-45,CAG-103,CAG-302,UMGS1623,RUG806,An181,UBA11940,MGYG000004547,CAG-353,CABIZH01,Ruminococcus_C,Enterococcus,Phascolarctobacterium_A,CAG-882,CAG-822,An92
rep999_seed3024	Dorea,UBA5394,UBA7057,UBA6857,UC5-1-2E3,CAG-488,UBA1711,UMGS1766,Pseudoruminococcus,Weissella,MGYG000002685,VUNA01,UBA11471,Ruminiclostridium_E,WRGP01,Eubacterium_F,Succinivibrio,UBA6398,Lysinibacillus,MGYG000004874,CAG-632,Peptacetobacter,AF33-28,MGYG000000587,CAG-83,Kallipyga,Enterobacter,BX12,Bifidobacterium,OM05-12,UMGS995,UBA5809,HGM11616,UBA1691,UMGS1600,CAG-873,Prevotellamassilia,Eubacterium_R,RC9,Veillonella,Lachnoanaerobaculum,Olsenella_B,Stomatobaculum,Anaerosacchariphilus,MGYG000000346,CAG-485,Scardovia,UMGS1889,Companilactobacillus,Firm-10,CAAHEQ01,Bulleidia,MGYG000000456,Frisingicoccus,Merdimonas,Parabacteroides,Gastranaerophilus,CAG-56,Blautia_A,UBA6382,UMGS1225,Limosilactobacillus,UBA7182,CAG-302,43-108,Enterobacter_A,Lachnospira,Clostridium_X,Schaedlerella,UBA644,UMGS1307,CAG-180,Emergencia,Weimerbacter,UBA6345,UMGS577,UBA1375,Coprococcus_A,UBA4716
