rep000_seed0000	CFF000437	CFF000610	CFF000428	CFF001141	CFF003956	CFF001018	CFF000322	CFF000659	CFF000319	CFF000379	CFF001257	CFF002337	CFF000637	CFF006553	CFF000083	CFF000451	CFF000899	CFF001189	CFF001406	CFF000575	CFF000670	CFF002295	CFF000044	CFF000452	CFF000672	CFF001027	CFF000274	CFF001499	CFF000209	CFF001554	CFF000256	CFF000558	CFF009478	CFF002891	CFF000237	CFF000474	CFF000079	CFF000737	CFF000022	CFF000013	CFF001975	CFF000810	CFF000622	CFF000424	CFF000605	CFF057668	CFF006988	CFF000752	CFF001201	CFF003996	CFF000523	CFF000503	CFF000621	CFF001323	CFF000427	CFF000062	CFF029952	CFF001929	CFF010002	CFF000500	CFF000063	CFF000072	CFF001243	CFF016868	CFF000228	CFF005943	CFF000624	CFF000330	CFF001254	CFF000178	CFF000331	CFF035066	CFF115363
rep001_seed2026	FAM012011	FAM003894	FAM000844	FAM005917	FAM001465	FAM003184	FAM002500	FAM011159	FAM002541	FAM013236	FAM012726	FAM003933	FAM005947	FAM001491	FAM003402	FAM006261	FAM002714	FAM002032	FAM008864	FAM002186	FAM010720	FAM002978	FAM012143	FAM000145	FAM003310	FAM011374	FAM014104	FAM008291	FAM009876	FAM004435	FAM007671	FAM003687	FAM014364	FAM007910	FAM001913	FAM007517	FAM005922	FAM014064	FAM000527	FAM008879	FAM002242	FAM005766	FAM004162	FAM009665	FAM004044	FAM008155	FAM007894	FAM003367	FAM010792	FAM006415	FAM009302	FAM006993	FAM001009	FAM014527	FAM008829	FAM012687	FAM006833	FAM006157	FAM001444	FAM011230	FAM005084	FAM013850	FAM002612	FAM000856	FAM002249	FAM007280	FAM008490	FAM004767	FAM144585	FAM062557	FAM042058	FAM031891	FAM026024
rep002_seed2027	FAM005890	FAM005873	FAM003565	FAM003513	FAM013900	FAM006525	FAM004370	FAM004009	FAM001147	FAM005968	FAM004708	FAM004216	FAM006529	FAM006331	FAM007548	FAM005895	FAM007091	FAM013595	FAM012133	FAM001741	FAM006443	FAM009476	FAM007199	FAM000418	FAM006355	FAM007326	FAM005213	FAM002310	FAM009440	FAM000791	FAM008801	FAM013839	FAM005676	FAM010789	FAM002495	FAM002838	FAM005001	FAM007134	FAM006133	FAM008282	FAM003301	FAM001167	FAM008122	FAM013012	FAM005156	FAM000236	FAM008399	FAM002352	FAM000910	FAM002847	FAM014268	FAM003023	FAM003274	FAM000972	FAM006805	FAM005264	FAM004187	FAM014698	FAM004654	FAM002785	FAM014119	FAM005134	FAM008465	FAM011574	FAM001951	FAM011115	FAM007353	FAM009466	FAM140355	FAM063084	FAM040208	FAM034292	FAM015265
rep003_seed2028	FAM002830	FAM004862	FAM009401	FAM004913	FAM005936	FAM004219	FAM007294	FAM001443	FAM005961	FAM007073	FAM005968	FAM009353	FAM002770	FAM003221	FAM002611	FAM006433	FAM007451	FAM013781	FAM007393	FAM001749	FAM006025	FAM000454	FAM008707	FAM001227	FAM004705	FAM013663	FAM007851	FAM002900	FAM002916	FAM003497	FAM003906	FAM005198	FAM011288	FAM011489	FAM002385	FAM010551	FAM012116	FAM001179	FAM003207	FAM001423	FAM008943	FAM010646	FAM002660	FAM001823	FAM002162	FAM006583	FAM012479	FAM000535	FAM012913	FAM002986	FAM008060	FAM009168	FAM006056	FAM003965	FAM000754	FAM007309	FAM003662	FAM008017	FAM007674	FAM002422	FAM002472	FAM001347	FAM000092	FAM009455	FAM006006	FAM011641	FAM011778	FAM008048	FAM111468	FAM060496	FAM039614	FAM033343	FAM022367
rep004_seed2029	FAM009149	FAM000954	FAM002984	FAM002900	FAM008701	FAM005945	FAM009642	FAM000104	FAM002522	FAM004795	FAM003201	FAM013837	FAM003277	FAM008738	FAM002871	FAM002825	FAM000340	FAM005115	FAM010363	FAM009758	FAM000591	FAM003041	FAM002132	FAM008501	FAM005201	FAM012670	FAM008707	FAM006868	FAM004502	FAM003071	FAM013853	FAM001691	FAM002445	FAM008818	FAM001549	FAM005138	FAM003991	FAM008122	FAM005514	FAM010317	FAM004623	FAM010543	FAM006250	FAM010409	FAM006227	FAM009152	FAM008786	FAM003024	FAM002908	FAM012335	FAM003004	FAM000264	FAM006194	FAM002689	FAM008695	FAM004005	FAM002991	FAM003181	FAM009877	FAM010637	FAM003178	FAM009055	FAM011128	FAM009023	FAM010594	FAM011623	FAM012718	FAM008900	FAM137393	FAM060496	FAM033162	FAM035199	FAM016787
rep005_seed2030	FAM004764	FAM002919	FAM000380	FAM004866	FAM003620	FAM000112	FAM004955	FAM000872	FAM001494	FAM010160	FAM008184	FAM003005	FAM003389	FAM009596	FAM004558	FAM004118	FAM000320	FAM002443	FAM006283	FAM011438	FAM004260	FAM001591	FAM013630	FAM000999	FAM007556	FAM003462	FAM000335	FAM006459	FAM006108	FAM008336	FAM000192	FAM008250	FAM003876	FAM010121	FAM000826	FAM003230	FAM002163	FAM002031	FAM006878	FAM012856	FAM000479	FAM004233	FAM003648	FAM014498	FAM004381	FAM006627	FAM014449	FAM008953	FAM006291	FAM008027	FAM005798	FAM002410	FAM007260	FAM008020	FAM006894	FAM003982	FAM003048	FAM006604	FAM005159	FAM012123	FAM005254	FAM002988	FAM009765	FAM001422	FAM007186	FAM007414	FAM008622	FAM014430	FAM136588	FAM065227	FAM043364	FAM034135	FAM016365
rep006_seed2031	FAM000318	FAM000548	FAM002533	FAM004438	FAM005050	FAM002847	FAM006467	FAM006175	FAM003225	FAM002923	FAM005217	FAM003586	FAM006197	FAM005258	FAM009289	FAM001483	FAM007763	FAM010804	FAM009393	FAM007728	FAM014097	FAM003665	FAM002832	FAM000569	FAM005284	FAM002307	FAM008852	FAM000884	FAM008037	FAM007420	FAM007587	FAM000422	FAM010488	FAM007252	FAM006916	FAM005862	FAM003520	FAM006443	FAM003486	FAM009597	FAM010300	FAM006927	FAM009660	FAM003819	FAM005224	FAM003720	FAM011976	FAM010840	FAM011753	FAM007120	FAM003512	FAM000788	FAM005193	FAM009405	FAM000158	FAM001922	FAM004615	FAM001981	FAM005407	FAM010023	FAM001228	FAM000096	FAM003560	FAM003864	FAM004566	FAM008628	FAM011484	FAM007597	FAM129836	FAM062629	FAM036706	FAM032095	FAM018359
rep007_seed2032	FAM000494	FAM004879	FAM011285	FAM002282	FAM007473	FAM001194	FAM001050	FAM003382	FAM003506	FAM002085	FAM006953	FAM012588	FAM003743	FAM007696	FAM001496	FAM012761	FAM004809	FAM012271	FAM003710	FAM012851	FAM006966	FAM011689	FAM007774	FAM004491	FAM005889	FAM006423	FAM004088	FAM011524	FAM005189	FAM002070	FAM005534	FAM008658	FAM009533	FAM012135	FAM009522	FAM001760	FAM003708	FAM006214	FAM000745	FAM008157	FAM002570	FAM013023	FAM000747	FAM009229	FAM009943	FAM012007	FAM004470	FAM003992	FAM000920	FAM003288	FAM005492	FAM006453	FAM000678	FAM012612	FAM001190	FAM009980	FAM009400	FAM001160	FAM002353	FAM009663	FAM009776	FAM003861	FAM003704	FAM006218	FAM007277	FAM013108	FAM013561	FAM004905	FAM111843	FAM064902	FAM038359	FAM034264	FAM027791
rep008_seed2033	FAM003644	FAM004215	FAM002091	FAM000232	FAM001526	FAM007286	FAM005277	FAM002354	FAM002562	FAM001205	FAM009427	FAM009428	FAM002385	FAM003953	FAM005367	FAM001800	FAM001531	FAM001548	FAM010788	FAM006869	FAM005714	FAM001855	FAM012173	FAM005904	FAM001974	FAM013538	FAM005396	FAM001500	FAM005144	FAM002215	FAM002408	FAM007537	FAM009634	FAM007991	FAM002024	FAM000244	FAM004698	FAM000931	FAM005778	FAM009707	FAM009513	FAM005468	FAM001615	FAM009323	FAM002282	FAM003406	FAM012707	FAM006661	FAM013751	FAM003341	FAM004562	FAM006298	FAM007874	FAM010292	FAM005868	FAM005891	FAM000964	FAM010113	FAM012250	FAM000272	FAM007146	FAM004323	FAM005501	FAM005853	FAM002834	FAM007114	FAM012957	FAM010270	FAM132933	FAM065958	FAM029727	FAM042946	FAM018729
rep009_seed2034	FAM010164	FAM000625	FAM001316	FAM006132	FAM005551	FAM003620	FAM009289	FAM003450	FAM001014	FAM000400	FAM004810	FAM011799	FAM005759	FAM003903	FAM004465	FAM004881	FAM004999	FAM011339	FAM004542	FAM001546	FAM014601	FAM008695	FAM009276	FAM001841	FAM006182	FAM001945	FAM005044	FAM000250	FAM013391	FAM005732	FAM007805	FAM013082	FAM008361	FAM006555	FAM002776	FAM013921	FAM011427	FAM002438	FAM012489	FAM002207	FAM003282	FAM001645	FAM012992	FAM002402	FAM001908	FAM011885	FAM006073	FAM005730	FAM002241	FAM002199	FAM010447	FAM002471	FAM007133	FAM003839	FAM013054	FAM001047	FAM007642	FAM005826	FAM008570	FAM011002	FAM005436	FAM009551	FAM007417	FAM001079	FAM008138	FAM008902	FAM006271	FAM012511	FAM143494	FAM063111	FAM039725	FAM036417	FAM016475
rep010_seed2035	FAM002268	FAM000270	FAM007737	FAM000602	FAM012222	FAM005920	FAM007375	FAM010815	FAM007259	FAM000081	FAM005147	FAM001332	FAM001370	FAM012012	FAM006327	FAM013722	FAM001327	FAM000809	FAM000848	FAM001375	FAM001217	FAM003765	FAM005041	FAM002362	FAM003670	FAM004652	FAM009852	FAM010012	FAM009308	FAM013671	FAM009167	FAM001313	FAM009473	FAM011784	FAM014239	FAM008810	FAM007766	FAM002851	FAM006600	FAM003658	FAM002876	FAM006464	FAM005206	FAM005759	FAM001075	FAM002896	FAM001591	FAM002064	FAM001320	FAM003410	FAM003096	FAM004644	FAM007295	FAM009336	FAM004740	FAM003300	FAM001556	FAM009113	FAM001155	FAM003920	FAM004487	FAM002351	FAM001085	FAM012600	FAM008325	FAM010673	FAM011552	FAM013340	FAM146234	FAM061177	FAM032648	FAM043477	FAM024930
rep011_seed2036	FAM002762	FAM001796	FAM004681	FAM007215	FAM006012	FAM010182	FAM001129	FAM008361	FAM001676	FAM000376	FAM001055	FAM003020	FAM012485	FAM012895	FAM002145	FAM012101	FAM007975	FAM004040	FAM000992	FAM000369	FAM006825	FAM010993	FAM004591	FAM010937	FAM009507	FAM008866	FAM007735	FAM000802	FAM000407	FAM000976	FAM008085	FAM002709	FAM005858	FAM010588	FAM004389	FAM002604	FAM005712	FAM001247	FAM002639	FAM005748	FAM010074	FAM004222	FAM012585	FAM009140	FAM005400	FAM003531	FAM007142	FAM007663	FAM005450	FAM001519	FAM009825	FAM003929	FAM003316	FAM006320	FAM006128	FAM012582	FAM000469	FAM008460	FAM006678	FAM007027	FAM003542	FAM006077	FAM006167	FAM000321	FAM004545	FAM006616	FAM014356	FAM012773	FAM110803	FAM064384	FAM039037	FAM035828	FAM020473
rep012_seed2037	FAM000926	FAM009143	FAM002251	FAM003276	FAM004842	FAM004569	FAM008722	FAM001555	FAM010166	FAM005695	FAM001036	FAM002161	FAM009339	FAM001155	FAM001976	FAM005681	FAM006338	FAM013425	FAM006617	FAM004069	FAM009263	FAM003469	FAM001999	FAM008760	FAM008532	FAM005434	FAM012942	FAM010574	FAM007306	FAM005648	FAM006199	FAM010584	FAM002320	FAM005772	FAM012913	FAM004262	FAM001954	FAM005685	FAM000543	FAM005058	FAM000705	FAM000051	FAM003822	FAM001855	FAM004821	FAM004270	FAM007705	FAM000616	FAM001479	FAM007698	FAM002626	FAM000152	FAM008281	FAM003718	FAM006468	FAM013314	FAM009405	FAM005312	FAM004998	FAM002757	FAM003038	FAM000404	FAM010041	FAM009369	FAM003668	FAM008456	FAM012152	FAM010458	FAM138347	FAM067943	FAM039288	FAM035397	FAM025284
rep013_seed2038	FAM014674	FAM000019	FAM001572	FAM002174	FAM003364	FAM009356	FAM001555	FAM006701	FAM004811	FAM004509	FAM007049	FAM002433	FAM013052	FAM005727	FAM004524	FAM001561	FAM004200	FAM004114	FAM003022	FAM004325	FAM003771	FAM007635	FAM002560	FAM003376	FAM001063	FAM004443	FAM005306	FAM011179	FAM013366	FAM000729	FAM010299	FAM004614	FAM001170	FAM000607	FAM002452	FAM000959	FAM005115	FAM004569	FAM006816	FAM011574	FAM005100	FAM006009	FAM009413	FAM004254	FAM001313	FAM002733	FAM012155	FAM004628	FAM004348	FAM005795	FAM004637	FAM002869	FAM000682	FAM001427	FAM005410	FAM000363	FAM004846	FAM005065	FAM006598	FAM004957	FAM002898	FAM010189	FAM012689	FAM006160	FAM005324	FAM007939	FAM014118	FAM009818	FAM143739	FAM060176	FAM032841	FAM041994	FAM022163
rep014_seed2039	FAM005542	FAM006140	FAM001118	FAM004220	FAM003090	FAM008061	FAM007781	FAM009741	FAM006389	FAM004949	FAM002539	FAM003302	FAM008283	FAM007189	FAM004998	FAM000715	FAM003959	FAM001259	FAM012760	FAM010098	FAM003100	FAM001951	FAM004232	FAM003997	FAM006351	FAM003230	FAM006953	FAM008141	FAM011705	FAM004308	FAM001422	FAM003345	FAM005775	FAM008329	FAM014436	FAM005785	FAM006940	FAM012874	FAM004940	FAM002641	FAM006406	FAM003480	FAM001591	FAM011254	FAM001780	FAM005235	FAM001143	FAM004123	FAM003408	FAM002067	FAM004382	FAM010802	FAM003987	FAM011063	FAM009905	FAM003390	FAM001208	FAM010711	FAM005238	FAM004880	FAM012567	FAM004328	FAM012715	FAM009143	FAM009686	FAM007360	FAM007942	FAM008479	FAM134138	FAM062135	FAM040390	FAM029652	FAM026299
rep015_seed2040	FAM002374	FAM005961	FAM000216	FAM002981	FAM010756	FAM013892	FAM005779	FAM004513	FAM007211	FAM009228	FAM013354	FAM004079	FAM007133	FAM010750	FAM008324	FAM008510	FAM001286	FAM001733	FAM000254	FAM001860	FAM007305	FAM001590	FAM006657	FAM002477	FAM011345	FAM001101	FAM006498	FAM008764	FAM008686	FAM009707	FAM012963	FAM002421	FAM011285	FAM005750	FAM004553	FAM004226	FAM001164	FAM003684	FAM004477	FAM002582	FAM011753	FAM001770	FAM010885	FAM007941	FAM001032	FAM012234	FAM004778	FAM003882	FAM003981	FAM003861	FAM000414	FAM006171	FAM003142	FAM012271	FAM007122	FAM004206	FAM014126	FAM007512	FAM009448	FAM008312	FAM007098	FAM004974	FAM003400	FAM003538	FAM002811	FAM014047	FAM008887	FAM013642	FAM133323	FAM061329	FAM047126	FAM032593	FAM015990
rep016_seed2041	FAM004955	FAM003065	FAM000728	FAM013277	FAM007047	FAM006960	FAM004344	FAM005606	FAM011799	FAM000222	FAM006081	FAM006798	FAM003141	FAM002166	FAM001764	FAM004109	FAM007551	FAM005164	FAM002675	FAM003087	FAM001298	FAM008140	FAM003849	FAM000327	FAM002555	FAM009857	FAM007811	FAM004298	FAM001489	FAM005517	FAM005965	FAM005212	FAM014196	FAM003821	FAM004896	FAM001001	FAM001310	FAM004611	FAM010339	FAM013732	FAM010664	FAM008723	FAM006896	FAM007705	FAM012248	FAM001838	FAM002993	FAM009939	FAM005378	FAM005827	FAM014213	FAM004107	FAM004854	FAM011063	FAM001544	FAM001535	FAM004144	FAM002866	FAM000071	FAM005592	FAM006279	FAM006254	FAM000354	FAM006373	FAM005418	FAM011513	FAM011531	FAM014174	FAM118397	FAM065173	FAM032785	FAM032613	FAM015565
rep017_seed2042	FAM007236	FAM004784	FAM005355	FAM009913	FAM008243	FAM001026	FAM007981	FAM002678	FAM010542	FAM012014	FAM005641	FAM005338	FAM001011	FAM008364	FAM007710	FAM003351	FAM001797	FAM010425	FAM003609	FAM002236	FAM000919	FAM003953	FAM001537	FAM011622	FAM003592	FAM004790	FAM009119	FAM004011	FAM010217	FAM011166	FAM001982	FAM007149	FAM007105	FAM004061	FAM010146	FAM001801	FAM008311	FAM014060	FAM005216	FAM008164	FAM004189	FAM008027	FAM005605	FAM003272	FAM007674	FAM004080	FAM006351	FAM002221	FAM005291	FAM001433	FAM005465	FAM003883	FAM008404	FAM002125	FAM000663	FAM007191	FAM014243	FAM012417	FAM000140	FAM000328	FAM003602	FAM001315	FAM006451	FAM002942	FAM009873	FAM005013	FAM006572	FAM014626	FAM128952	FAM060989	FAM039584	FAM042953	FAM018291
rep018_seed2043	FAM007003	FAM002988	FAM008931	FAM000121	FAM006935	FAM000555	FAM002804	FAM004308	FAM007435	FAM000514	FAM006378	FAM009423	FAM010502	FAM003586	FAM002705	FAM000745	FAM003351	FAM005948	FAM005359	FAM000865	FAM001153	FAM003561	FAM009062	FAM011013	FAM007270	FAM002074	FAM007233	FAM006343	FAM014514	FAM005288	FAM004417	FAM002226	FAM001735	FAM007239	FAM010137	FAM002591	FAM001891	FAM001334	FAM012975	FAM005842	FAM000052	FAM002084	FAM005965	FAM010246	FAM005577	FAM007837	FAM008941	FAM012453	FAM008068	FAM010189	FAM006816	FAM002646	FAM005371	FAM006871	FAM004280	FAM001713	FAM011339	FAM009150	FAM000264	FAM002838	FAM004023	FAM004821	FAM008024	FAM004743	FAM007529	FAM013860	FAM011492	FAM013560	FAM142570	FAM069530	FAM030486	FAM035013	FAM022006
rep019_seed2044	FAM003107	FAM004674	FAM005341	FAM003935	FAM003517	FAM000346	FAM001419	FAM000366	FAM000214	FAM007006	FAM006805	FAM002646	FAM003523	FAM005050	FAM003213	FAM002574	FAM004012	FAM003295	FAM014341	FAM001120	FAM000057	FAM006490	FAM006327	FAM002539	FAM005033	FAM013930	FAM000419	FAM009943	FAM012547	FAM000433	FAM000071	FAM001128	FAM011538	FAM001664	FAM004522	FAM002070	FAM004507	FAM000320	FAM010048	FAM009431	FAM004348	FAM000560	FAM001205	FAM000943	FAM001239	FAM006168	FAM003925	FAM010124	FAM000123	FAM012600	FAM005398	FAM003421	FAM006675	FAM000287	FAM014643	FAM006268	FAM008808	FAM002609	FAM008080	FAM002030	FAM004913	FAM004901	FAM011087	FAM003459	FAM004152	FAM011496	FAM011778	FAM013310	FAM139432	FAM057795	FAM035690	FAM033529	FAM020559
rep020_seed2045	FAM009471	FAM001332	FAM004057	FAM006215	FAM000785	FAM005648	FAM000647	FAM001012	FAM000916	FAM004710	FAM002541	FAM003517	FAM003744	FAM005891	FAM005106	FAM006636	FAM006467	FAM012275	FAM005512	FAM001963	FAM006770	FAM000439	FAM014123	FAM002949	FAM001231	FAM008532	FAM003137	FAM003009	FAM003048	FAM000560	FAM004538	FAM003827	FAM002618	FAM011687	FAM000876	FAM000233	FAM007249	FAM002431	FAM010133	FAM001822	FAM002848	FAM008852	FAM008359	FAM001827	FAM006138	FAM003950	FAM009148	FAM012237	FAM013331	FAM005104	FAM013976	FAM001651	FAM000026	FAM005133	FAM000467	FAM000850	FAM002530	FAM010425	FAM007008	FAM011938	FAM003644	FAM009547	FAM007203	FAM012540	FAM005140	FAM013666	FAM009364	FAM008588	FAM132130	FAM064147	FAM041044	FAM036090	FAM021381
rep021_seed2046	FAM003411	FAM007991	FAM000140	FAM006168	FAM014520	FAM003659	FAM010362	FAM007443	FAM002893	FAM002804	FAM002135	FAM001497	FAM009179	FAM004310	FAM011254	FAM006469	FAM003922	FAM006575	FAM004295	FAM011586	FAM000143	FAM005465	FAM001731	FAM008022	FAM005587	FAM004642	FAM003980	FAM008025	FAM004169	FAM008219	FAM004526	FAM013065	FAM001268	FAM001055	FAM000817	FAM002691	FAM006260	FAM013259	FAM008758	FAM007132	FAM001523	FAM001442	FAM007186	FAM004727	FAM002647	FAM010663	FAM004796	FAM013165	FAM006923	FAM007559	FAM000255	FAM007130	FAM012308	FAM007319	FAM003769	FAM002124	FAM000364	FAM002898	FAM003040	FAM001480	FAM001789	FAM002794	FAM002607	FAM008670	FAM001426	FAM009777	FAM010913	FAM009716	FAM108954	FAM064889	FAM033751	FAM038093	FAM022667
rep022_seed2047	FAM011328	FAM008395	FAM008917	FAM003644	FAM014611	FAM004594	FAM005363	FAM006593	FAM013477	FAM001480	FAM002418	FAM006090	FAM002933	FAM004085	FAM009083	FAM000556	FAM013383	FAM009228	FAM003503	FAM000818	FAM001706	FAM001495	FAM002501	FAM001586	FAM007473	FAM005715	FAM000831	FAM006652	FAM004657	FAM010375	FAM013575	FAM003562	FAM003847	FAM004261	FAM000105	FAM006406	FAM003812	FAM000724	FAM002132	FAM000956	FAM011672	FAM002635	FAM002156	FAM013120	FAM004589	FAM009770	FAM000745	FAM002570	FAM004278	FAM009724	FAM006929	FAM001878	FAM013967	FAM005828	FAM004794	FAM000754	FAM004873	FAM001365	FAM005421	FAM002577	FAM003693	FAM003462	FAM001945	FAM004409	FAM004077	FAM008868	FAM014303	FAM008462	FAM128920	FAM060549	FAM041598	FAM040643	FAM016178
rep023_seed2048	FAM004838	FAM001055	FAM011434	FAM001662	FAM000894	FAM003484	FAM001077	FAM000553	FAM007673	FAM005772	FAM003843	FAM001577	FAM001372	FAM000210	FAM000287	FAM000864	FAM006251	FAM003418	FAM001947	FAM006790	FAM008535	FAM000932	FAM007189	FAM000185	FAM012856	FAM005009	FAM003248	FAM001444	FAM003990	FAM010150	FAM009272	FAM002414	FAM000160	FAM012521	FAM006731	FAM002486	FAM013121	FAM001003	FAM004317	FAM000908	FAM004876	FAM008689	FAM000175	FAM000667	FAM003468	FAM000561	FAM007148	FAM006522	FAM004991	FAM002022	FAM001570	FAM002365	FAM007405	FAM003245	FAM000293	FAM012014	FAM007417	FAM001841	FAM004654	FAM004556	FAM012567	FAM009865	FAM000918	FAM003004	FAM009362	FAM007997	FAM013657	FAM011259	FAM117326	FAM058594	FAM042929	FAM033441	FAM028934
rep024_seed2049	FAM005260	FAM000735	FAM006315	FAM012252	FAM003982	FAM008062	FAM009956	FAM006192	FAM000111	FAM000129	FAM014439	FAM002236	FAM011087	FAM003352	FAM006217	FAM009031	FAM009198	FAM012540	FAM009609	FAM001750	FAM008696	FAM001180	FAM004592	FAM005998	FAM004071	FAM001907	FAM007259	FAM008217	FAM014524	FAM006850	FAM006626	FAM003886	FAM007545	FAM005981	FAM005459	FAM008305	FAM003882	FAM001642	FAM006882	FAM009815	FAM008617	FAM009925	FAM000562	FAM013113	FAM006515	FAM000408	FAM005940	FAM006272	FAM005471	FAM009597	FAM008011	FAM009461	FAM001710	FAM002533	FAM001348	FAM005660	FAM000459	FAM010746	FAM009448	FAM009493	FAM000645	FAM004267	FAM003538	FAM001163	FAM005936	FAM009220	FAM008835	FAM006689	FAM112081	FAM065125	FAM029805	FAM042437	FAM016676
rep025_seed2050	FAM013963	FAM009952	FAM003013	FAM002870	FAM004726	FAM005776	FAM000444	FAM005819	FAM005010	FAM006915	FAM008772	FAM007610	FAM005363	FAM001734	FAM009941	FAM013608	FAM002576	FAM013136	FAM001552	FAM000720	FAM000369	FAM005020	FAM002668	FAM003611	FAM006442	FAM001904	FAM005822	FAM004317	FAM005706	FAM009443	FAM006199	FAM002731	FAM003872	FAM004903	FAM012876	FAM003760	FAM011941	FAM007054	FAM001081	FAM013849	FAM000487	FAM010526	FAM006459	FAM006767	FAM001590	FAM000875	FAM000877	FAM000805	FAM011395	FAM008350	FAM004443	FAM007733	FAM003006	FAM006192	FAM005237	FAM004036	FAM002227	FAM006811	FAM001292	FAM005666	FAM003759	FAM004377	FAM005311	FAM004277	FAM005477	FAM005620	FAM010108	FAM007172	FAM113197	FAM067342	FAM031638	FAM031794	FAM021946
rep026_seed2051	FAM007447	FAM006846	FAM003942	FAM010099	FAM011281	FAM009305	FAM003788	FAM011500	FAM008804	FAM002432	FAM006182	FAM003491	FAM009632	FAM001980	FAM003084	FAM002138	FAM012162	FAM007735	FAM000311	FAM001132	FAM010731	FAM001802	FAM002366	FAM009039	FAM000987	FAM005543	FAM001827	FAM011137	FAM001933	FAM010168	FAM003868	FAM000086	FAM001847	FAM001139	FAM003668	FAM001668	FAM000211	FAM013113	FAM000435	FAM005850	FAM004891	FAM005189	FAM005723	FAM003910	FAM004999	FAM004581	FAM001976	FAM001089	FAM009286	FAM001656	FAM003033	FAM004989	FAM003320	FAM001345	FAM001109	FAM007246	FAM001475	FAM013785	FAM011437	FAM005166	FAM004642	FAM003659	FAM004400	FAM005979	FAM003026	FAM011310	FAM011399	FAM009173	FAM120702	FAM059909	FAM035954	FAM041276	FAM025066
rep027_seed2052	FAM007028	FAM003632	FAM003362	FAM009781	FAM003892	FAM005086	FAM005756	FAM011668	FAM002933	FAM009515	FAM006157	FAM002902	FAM011143	FAM009959	FAM004123	FAM010664	FAM003239	FAM007186	FAM004131	FAM014097	FAM006347	FAM007392	FAM000641	FAM002806	FAM001115	FAM009043	FAM004926	FAM003677	FAM005095	FAM001783	FAM007374	FAM001595	FAM005823	FAM009388	FAM004675	FAM000288	FAM000830	FAM006227	FAM000313	FAM000562	FAM001802	FAM003230	FAM003554	FAM005614	FAM001083	FAM004142	FAM001575	FAM014126	FAM003441	FAM012014	FAM003388	FAM010516	FAM004080	FAM008937	FAM008562	FAM012261	FAM014353	FAM012771	FAM003150	FAM001669	FAM001613	FAM007311	FAM010771	FAM004106	FAM007469	FAM006748	FAM011930	FAM007585	FAM142423	FAM068124	FAM042465	FAM032508	FAM017533
rep028_seed2053	FAM002557	FAM006523	FAM007043	FAM007110	FAM008335	FAM005107	FAM004902	FAM002974	FAM001000	FAM012198	FAM002238	FAM005612	FAM001134	FAM007158	FAM005032	FAM000742	FAM001166	FAM001096	FAM000291	FAM003221	FAM000458	FAM012876	FAM005208	FAM008308	FAM007310	FAM002830	FAM007744	FAM000320	FAM001315	FAM003588	FAM003551	FAM005223	FAM012363	FAM005527	FAM004210	FAM003805	FAM002380	FAM005447	FAM003091	FAM006399	FAM005888	FAM014535	FAM002738	FAM003834	FAM002879	FAM009376	FAM001996	FAM004117	FAM003383	FAM002763	FAM000527	FAM002344	FAM002531	FAM004743	FAM005071	FAM004236	FAM006453	FAM007358	FAM007162	FAM005394	FAM006348	FAM009667	FAM005397	FAM007908	FAM004623	FAM013661	FAM008077	FAM011006	FAM111468	FAM065173	FAM042215	FAM029323	FAM025162
rep029_seed2054	FAM000958	FAM012151	FAM004862	FAM005116	FAM006954	FAM007681	FAM003087	FAM002802	FAM006662	FAM005390	FAM003190	FAM000380	FAM011200	FAM001601	FAM004106	FAM006314	FAM006297	FAM001388	FAM005333	FAM005983	FAM008017	FAM010205	FAM008943	FAM004017	FAM001978	FAM012275	FAM005771	FAM007721	FAM004659	FAM005061	FAM008477	FAM003316	FAM003360	FAM008794	FAM002857	FAM011092	FAM009301	FAM002572	FAM000043	FAM004388	FAM003331	FAM005909	FAM005774	FAM003300	FAM004702	FAM000164	FAM005666	FAM000579	FAM012966	FAM007955	FAM002689	FAM003734	FAM000616	FAM011123	FAM003576	FAM004741	FAM013751	FAM000019	FAM005424	FAM009673	FAM002232	FAM001122	FAM008132	FAM006245	FAM000676	FAM011450	FAM009337	FAM011719	FAM108332	FAM057661	FAM041637	FAM034619	FAM021253
rep030_seed2055	FAM008164	FAM003197	FAM005776	FAM011925	FAM003172	FAM003081	FAM003308	FAM005076	FAM006487	FAM010579	FAM013858	FAM005396	FAM005365	FAM003231	FAM000443	FAM001253	FAM001479	FAM005050	FAM007811	FAM005344	FAM008016	FAM000392	FAM004829	FAM003174	FAM000401	FAM000551	FAM014350	FAM006424	FAM000289	FAM009175	FAM005324	FAM006781	FAM005215	FAM001827	FAM000447	FAM003427	FAM008274	FAM012026	FAM008818	FAM005334	FAM004417	FAM005799	FAM006638	FAM002832	FAM007132	FAM005600	FAM010626	FAM000110	FAM000108	FAM006535	FAM010878	FAM001620	FAM002491	FAM010652	FAM006409	FAM000920	FAM002495	FAM003483	FAM003708	FAM005450	FAM012646	FAM005912	FAM006116	FAM003266	FAM006735	FAM007486	FAM011891	FAM012654	FAM142423	FAM061155	FAM034925	FAM030866	FAM014760
rep031_seed2056	FAM001512	FAM006355	FAM009264	FAM003160	FAM010391	FAM000965	FAM004790	FAM014471	FAM000596	FAM014196	FAM000547	FAM006985	FAM005554	FAM003626	FAM005604	FAM002927	FAM002706	FAM005912	FAM007819	FAM011350	FAM009799	FAM003469	FAM004092	FAM004478	FAM011281	FAM013992	FAM007051	FAM000650	FAM003200	FAM008427	FAM000934	FAM006285	FAM004089	FAM003929	FAM006107	FAM000990	FAM001661	FAM000431	FAM010198	FAM000070	FAM011291	FAM002278	FAM003969	FAM007044	FAM006011	FAM003628	FAM006843	FAM003521	FAM001014	FAM007391	FAM003004	FAM005621	FAM004558	FAM014408	FAM004158	FAM000614	FAM004012	FAM006504	FAM003367	FAM004632	FAM000131	FAM003047	FAM012956	FAM001551	FAM010204	FAM013841	FAM006308	FAM011371	FAM112081	FAM067943	FAM037491	FAM038049	FAM017463
rep032_seed2057	FAM006558	FAM006025	FAM003265	FAM010364	FAM005279	FAM004860	FAM001559	FAM005274	FAM006214	FAM003247	FAM014264	FAM001416	FAM003850	FAM002900	FAM003026	FAM003789	FAM005006	FAM000555	FAM006285	FAM003409	FAM009506	FAM000782	FAM003068	FAM011350	FAM001701	FAM005470	FAM012096	FAM007762	FAM011790	FAM009816	FAM004974	FAM004270	FAM001379	FAM003373	FAM008740	FAM007823	FAM008562	FAM007866	FAM011541	FAM012040	FAM007834	FAM000366	FAM001976	FAM010551	FAM009729	FAM000661	FAM003304	FAM003267	FAM006444	FAM006697	FAM007052	FAM006194	FAM001415	FAM007129	FAM000198	FAM002327	FAM012627	FAM001182	FAM005123	FAM003295	FAM004634	FAM004808	FAM012582	FAM001784	FAM001367	FAM012274	FAM010092	FAM014384	FAM133042	FAM063111	FAM044963	FAM035918	FAM018726
rep033_seed2058	FAM003232	FAM012724	FAM001132	FAM001768	FAM001190	FAM003998	FAM001987	FAM003581	FAM009155	FAM008576	FAM005891	FAM009570	FAM006699	FAM004112	FAM008020	FAM008396	FAM008070	FAM011095	FAM001474	FAM001534	FAM006514	FAM005348	FAM000151	FAM000470	FAM000216	FAM001264	FAM007570	FAM013484	FAM010438	FAM010052	FAM011712	FAM005313	FAM001038	FAM004137	FAM002897	FAM000036	FAM013839	FAM007937	FAM001939	FAM005778	FAM004773	FAM000887	FAM002307	FAM001215	FAM001049	FAM010072	FAM005746	FAM002257	FAM001078	FAM002900	FAM000611	FAM002643	FAM001104	FAM014151	FAM006967	FAM008445	FAM001113	FAM002491	FAM007518	FAM006278	FAM007236	FAM010300	FAM001397	FAM010232	FAM000834	FAM013790	FAM010482	FAM010599	FAM135283	FAM060777	FAM029213	FAM034250	FAM017993
rep034_seed2059	FAM004026	FAM005741	FAM000405	FAM007640	FAM014479	FAM007301	FAM002029	FAM004233	FAM009039	FAM010358	FAM006673	FAM000991	FAM003453	FAM004410	FAM013470	FAM003419	FAM003900	FAM000457	FAM006280	FAM007730	FAM002952	FAM004569	FAM004845	FAM000353	FAM009906	FAM000928	FAM004891	FAM006743	FAM004061	FAM003077	FAM001670	FAM005703	FAM004644	FAM005275	FAM010104	FAM003059	FAM013996	FAM002290	FAM005500	FAM008334	FAM004773	FAM004522	FAM010137	FAM007528	FAM001889	FAM001724	FAM010451	FAM004903	FAM004738	FAM000134	FAM003895	FAM002022	FAM001353	FAM008281	FAM002020	FAM006088	FAM005986	FAM011104	FAM002975	FAM009232	FAM006091	FAM010111	FAM008311	FAM003252	FAM001078	FAM014383	FAM006578	FAM012518	FAM128724	FAM073946	FAM041007	FAM036540	FAM016315
rep035_seed2060	FAM011855	FAM007507	FAM011711	FAM005678	FAM001583	FAM005955	FAM001303	FAM003652	FAM000393	FAM011833	FAM004344	FAM010961	FAM001130	FAM006096	FAM001999	FAM005212	FAM001003	FAM001874	FAM001244	FAM005168	FAM006285	FAM012735	FAM008308	FAM000677	FAM006267	FAM012050	FAM006119	FAM004337	FAM013595	FAM003383	FAM000370	FAM002151	FAM005994	FAM003509	FAM005502	FAM009132	FAM004654	FAM004045	FAM004629	FAM004062	FAM003930	FAM000455	FAM009287	FAM009384	FAM002317	FAM006354	FAM001882	FAM007697	FAM002441	FAM007910	FAM003922	FAM003507	FAM005785	FAM008107	FAM009989	FAM010123	FAM000206	FAM002635	FAM000684	FAM003239	FAM003951	FAM010291	FAM007294	FAM001088	FAM004852	FAM009556	FAM007282	FAM008710	FAM124721	FAM062546	FAM039997	FAM029538	FAM016663
rep036_seed2061	FAM014016	FAM008445	FAM007256	FAM004321	FAM008525	FAM001469	FAM006943	FAM002431	FAM011497	FAM012865	FAM000315	FAM004910	FAM006635	FAM007883	FAM005850	FAM000599	FAM005715	FAM001545	FAM000483	FAM002250	FAM006378	FAM002447	FAM000029	FAM002609	FAM014319	FAM007308	FAM004570	FAM001575	FAM001146	FAM001380	FAM002306	FAM012691	FAM004784	FAM008536	FAM002578	FAM001730	FAM000075	FAM007509	FAM003103	FAM002662	FAM002394	FAM004691	FAM001066	FAM007511	FAM002865	FAM009479	FAM007503	FAM006464	FAM006268	FAM006523	FAM003395	FAM004091	FAM002588	FAM007515	FAM002967	FAM004381	FAM005606	FAM005513	FAM005296	FAM005862	FAM011506	FAM000551	FAM004743	FAM007006	FAM004673	FAM013022	FAM010357	FAM011553	FAM126951	FAM068183	FAM038981	FAM031424	FAM028802
rep037_seed2062	FAM008605	FAM010056	FAM006951	FAM011430	FAM010226	FAM001195	FAM005149	FAM003811	FAM002524	FAM004291	FAM001094	FAM006746	FAM005242	FAM002388	FAM006143	FAM009560	FAM010712	FAM003382	FAM010890	FAM003916	FAM000002	FAM002432	FAM011254	FAM006093	FAM002807	FAM005125	FAM004222	FAM007986	FAM011328	FAM008466	FAM004655	FAM000728	FAM004479	FAM003354	FAM001995	FAM007865	FAM004287	FAM005343	FAM008908	FAM003167	FAM002802	FAM001268	FAM001847	FAM006966	FAM005941	FAM003467	FAM000346	FAM006300	FAM004821	FAM002691	FAM000535	FAM002150	FAM003390	FAM001679	FAM007654	FAM009401	FAM004665	FAM004085	FAM003740	FAM011502	FAM001075	FAM011514	FAM001092	FAM011671	FAM009025	FAM012606	FAM013784	FAM012973	FAM113786	FAM059684	FAM033195	FAM035191	FAM015051
rep038_seed2063	FAM006757	FAM002015	FAM005039	FAM000393	FAM007318	FAM003283	FAM001388	FAM006668	FAM013312	FAM004732	FAM000184	FAM009627	FAM003295	FAM004480	FAM005591	FAM002614	FAM001319	FAM003709	FAM003628	FAM002202	FAM008779	FAM004180	FAM003581	FAM001180	FAM003520	FAM004292	FAM004566	FAM010846	FAM009031	FAM003106	FAM004973	FAM003101	FAM000559	FAM009126	FAM014126	FAM007878	FAM003484	FAM005016	FAM001206	FAM009311	FAM003477	FAM008540	FAM004552	FAM002496	FAM007162	FAM004385	FAM002416	FAM013152	FAM000588	FAM000014	FAM002138	FAM001248	FAM010315	FAM000230	FAM006786	FAM003059	FAM002899	FAM001325	FAM000851	FAM001709	FAM000545	FAM004189	FAM003322	FAM011925	FAM007974	FAM009474	FAM007079	FAM011311	FAM109105	FAM059426	FAM034422	FAM036425	FAM017381
rep039_seed2064	FAM014264	FAM000342	FAM002523	FAM004276	FAM003307	FAM005383	FAM003026	FAM000522	FAM002959	FAM005902	FAM011675	FAM004099	FAM013417	FAM008651	FAM013152	FAM014173	FAM005916	FAM000650	FAM004584	FAM007843	FAM012284	FAM001729	FAM006237	FAM000402	FAM008120	FAM006401	FAM012007	FAM004133	FAM000130	FAM014040	FAM001300	FAM001993	FAM013236	FAM003257	FAM007161	FAM012476	FAM006019	FAM003993	FAM001811	FAM008757	FAM005437	FAM003708	FAM011236	FAM000945	FAM003560	FAM002265	FAM006200	FAM007854	FAM003660	FAM004884	FAM004396	FAM005277	FAM007919	FAM005934	FAM000272	FAM000977	FAM008296	FAM008755	FAM014429	FAM004316	FAM005965	FAM000667	FAM000506	FAM001401	FAM004377	FAM008672	FAM008679	FAM003901	FAM133042	FAM064565	FAM036229	FAM033643	FAM024991
rep040_seed2065	FAM001449	FAM011329	FAM000759	FAM007085	FAM001899	FAM001902	FAM000142	FAM001737	FAM007195	FAM007160	FAM007986	FAM006303	FAM005154	FAM000932	FAM009781	FAM000249	FAM003626	FAM002292	FAM008119	FAM001149	FAM005296	FAM004231	FAM002442	FAM005750	FAM004372	FAM002123	FAM001273	FAM002485	FAM007515	FAM007789	FAM006606	FAM014535	FAM013117	FAM011655	FAM009542	FAM005256	FAM010104	FAM004300	FAM002258	FAM000120	FAM009172	FAM005983	FAM005810	FAM009169	FAM005940	FAM013403	FAM003789	FAM012770	FAM006912	FAM002960	FAM001667	FAM004406	FAM012010	FAM000531	FAM011246	FAM000312	FAM001708	FAM006429	FAM000480	FAM007629	FAM003945	FAM007866	FAM002265	FAM005652	FAM001868	FAM009886	FAM014047	FAM009011	FAM146593	FAM058956	FAM040897	FAM029306	FAM023735
rep041_seed2066	FAM003081	FAM002291	FAM010364	FAM012101	FAM014675	FAM000699	FAM003362	FAM001786	FAM001469	FAM003290	FAM008802	FAM001175	FAM006889	FAM004647	FAM013929	FAM002483	FAM003561	FAM005730	FAM011264	FAM003033	FAM010208	FAM006300	FAM009873	FAM005713	FAM002281	FAM009433	FAM007622	FAM006345	FAM001360	FAM004327	FAM001301	FAM001751	FAM002830	FAM001630	FAM004249	FAM000855	FAM001170	FAM000701	FAM003026	FAM005631	FAM007586	FAM005158	FAM007475	FAM001769	FAM001454	FAM000554	FAM008159	FAM003782	FAM004986	FAM011412	FAM003399	FAM002609	FAM007730	FAM003410	FAM012077	FAM007604	FAM002913	FAM000164	FAM011622	FAM000780	FAM000750	FAM005607	FAM005131	FAM007453	FAM006116	FAM010856	FAM013004	FAM011849	FAM143534	FAM063189	FAM038419	FAM036441	FAM025021
rep042_seed2067	FAM007349	FAM009486	FAM004577	FAM003316	FAM011717	FAM010657	FAM012522	FAM012110	FAM001016	FAM007763	FAM013985	FAM000506	FAM005554	FAM009809	FAM009357	FAM013497	FAM000905	FAM000458	FAM001527	FAM007359	FAM000787	FAM009211	FAM007553	FAM001014	FAM001457	FAM009476	FAM001292	FAM002990	FAM012220	FAM005099	FAM011668	FAM006574	FAM006071	FAM005978	FAM007303	FAM002690	FAM012458	FAM002114	FAM010668	FAM000536	FAM005031	FAM009651	FAM006101	FAM003850	FAM003044	FAM008165	FAM012014	FAM008629	FAM000866	FAM001888	FAM007871	FAM011718	FAM002848	FAM002279	FAM010448	FAM001805	FAM005367	FAM004477	FAM001239	FAM000282	FAM005310	FAM001605	FAM001281	FAM001283	FAM004786	FAM011136	FAM005894	FAM013667	FAM114333	FAM062876	FAM031914	FAM035472	FAM018105
rep043_seed2068	FAM003234	FAM012929	FAM003601	FAM000891	FAM012258	FAM005903	FAM003467	FAM005099	FAM001817	FAM002516	FAM011799	FAM001116	FAM004947	FAM011369	FAM002116	FAM001520	FAM002383	FAM004614	FAM006132	FAM002281	FAM006262	FAM005068	FAM002601	FAM006046	FAM005309	FAM011212	FAM002612	FAM010356	FAM004156	FAM003447	FAM004974	FAM003126	FAM011756	FAM006314	FAM000006	FAM007027	FAM010288	FAM006424	FAM002686	FAM001943	FAM005094	FAM003905	FAM008088	FAM003399	FAM014668	FAM013210	FAM005819	FAM005106	FAM002789	FAM010407	FAM003191	FAM003194	FAM003361	FAM000980	FAM007534	FAM003345	FAM001965	FAM002097	FAM010076	FAM001569	FAM001570	FAM008736	FAM002307	FAM009723	FAM006288	FAM010159	FAM007182	FAM014206	FAM140707	FAM060377	FAM036638	FAM038676	FAM015654
rep044_seed2069	FAM003949	FAM000958	FAM010023	FAM001055	FAM002990	FAM006543	FAM002274	FAM007685	FAM007279	FAM001624	FAM005956	FAM001874	FAM008464	FAM002395	FAM005851	FAM000623	FAM002057	FAM001736	FAM007852	FAM004628	FAM004258	FAM001434	FAM012270	FAM005715	FAM004076	FAM003747	FAM001948	FAM009684	FAM000728	FAM004183	FAM004175	FAM008635	FAM004073	FAM013892	FAM013019	FAM003696	FAM004780	FAM004533	FAM007981	FAM002121	FAM004932	FAM005231	FAM002619	FAM000261	FAM010531	FAM006314	FAM010305	FAM000562	FAM005674	FAM007642	FAM004657	FAM000276	FAM001041	FAM009458	FAM010910	FAM007180	FAM005132	FAM003093	FAM006857	FAM008050	FAM004701	FAM004696	FAM003492	FAM007175	FAM012540	FAM010132	FAM008973	FAM006485	FAM127915	FAM060623	FAM033649	FAM033558	FAM016947
rep045_seed2070	FAM002467	FAM004144	FAM001341	FAM008130	FAM013353	FAM000345	FAM001700	FAM000879	FAM006378	FAM008917	FAM006688	FAM003902	FAM011924	FAM002219	FAM006515	FAM006850	FAM010493	FAM013967	FAM013715	FAM003806	FAM005218	FAM002712	FAM002022	FAM012285	FAM003425	FAM001557	FAM004910	FAM000948	FAM010833	FAM001848	FAM003525	FAM006519	FAM007522	FAM000587	FAM012271	FAM002167	FAM005096	FAM002798	FAM008388	FAM002699	FAM004945	FAM002188	FAM006759	FAM013732	FAM003307	FAM007581	FAM014328	FAM007991	FAM010305	FAM001559	FAM013397	FAM000395	FAM007744	FAM006636	FAM003737	FAM000978	FAM009726	FAM005306	FAM004389	FAM012933	FAM001937	FAM005556	FAM011381	FAM002746	FAM004216	FAM011691	FAM007035	FAM014193	FAM146065	FAM060442	FAM031316	FAM032919	FAM029099
rep046_seed2071	FAM002490	FAM000581	FAM000963	FAM008082	FAM005016	FAM001483	FAM004811	FAM001025	FAM000667	FAM002294	FAM006443	FAM003599	FAM007283	FAM000076	FAM003725	FAM001244	FAM003003	FAM004838	FAM013930	FAM011676	FAM000735	FAM000555	FAM001981	FAM003188	FAM013050	FAM008738	FAM004191	FAM005401	FAM008536	FAM000549	FAM003212	FAM007684	FAM011561	FAM012627	FAM003515	FAM004043	FAM004512	FAM003140	FAM001422	FAM007076	FAM013923	FAM007382	FAM004030	FAM013149	FAM006976	FAM009723	FAM005570	FAM001519	FAM008651	FAM003028	FAM000578	FAM007246	FAM003550	FAM008708	FAM005093	FAM013551	FAM001988	FAM006663	FAM008132	FAM003116	FAM002835	FAM001059	FAM007054	FAM006205	FAM001183	FAM011156	FAM013093	FAM003007	FAM130878	FAM063802	FAM037777	FAM033723	FAM016687
rep047_seed2072	FAM007724	FAM002522	FAM001730	FAM001014	FAM002968	FAM003566	FAM011494	FAM002153	FAM001737	FAM002804	FAM000241	FAM003602	FAM000224	FAM004572	FAM003469	FAM003199	FAM007758	FAM002447	FAM010507	FAM009989	FAM007897	FAM001217	FAM000542	FAM006521	FAM006285	FAM006614	FAM005377	FAM008733	FAM013638	FAM003453	FAM004116	FAM001060	FAM003844	FAM005109	FAM003472	FAM007864	FAM007062	FAM003952	FAM000625	FAM007118	FAM007217	FAM006019	FAM000349	FAM004708	FAM006457	FAM005533	FAM007951	FAM004791	FAM010551	FAM009852	FAM000426	FAM005695	FAM007575	FAM007288	FAM006267	FAM008767	FAM008766	FAM007150	FAM004317	FAM003349	FAM000436	FAM004796	FAM007850	FAM007093	FAM004690	FAM008734	FAM010850	FAM014494	FAM140575	FAM060431	FAM038248	FAM032050	FAM021888
rep048_seed2073	FAM003433	FAM001513	FAM012548	FAM003358	FAM003335	FAM001938	FAM009378	FAM005834	FAM012515	FAM002132	FAM005344	FAM002890	FAM004499	FAM002299	FAM006307	FAM004556	FAM012461	FAM006194	FAM003594	FAM005033	FAM013420	FAM002291	FAM001101	FAM004297	FAM011064	FAM003361	FAM003211	FAM010516	FAM002741	FAM010150	FAM005529	FAM005843	FAM009315	FAM007492	FAM003758	FAM001338	FAM012575	FAM011247	FAM009682	FAM001053	FAM005944	FAM005068	FAM006346	FAM003276	FAM002639	FAM006519	FAM006497	FAM002497	FAM005695	FAM003698	FAM004464	FAM002244	FAM001327	FAM000969	FAM004625	FAM006357	FAM002280	FAM005341	FAM008524	FAM004910	FAM008931	FAM002790	FAM013838	FAM004628	FAM009324	FAM010602	FAM006137	FAM010816	FAM141253	FAM067219	FAM039502	FAM037421	FAM019297
rep049_seed2074	FAM001621	FAM003763	FAM005173	FAM002438	FAM001921	FAM003359	FAM005372	FAM010927	FAM009260	FAM009772	FAM004738	FAM008474	FAM005101	FAM006927	FAM005846	FAM004642	FAM007369	FAM002140	FAM001040	FAM003717	FAM003248	FAM005141	FAM000940	FAM001139	FAM002905	FAM005044	FAM002385	FAM003712	FAM004256	FAM001073	FAM005840	FAM008167	FAM001653	FAM004228	FAM003498	FAM001530	FAM013128	FAM004801	FAM009817	FAM002753	FAM003071	FAM001519	FAM010291	FAM009381	FAM003618	FAM008618	FAM001399	FAM003297	FAM001757	FAM008558	FAM002284	FAM002240	FAM006519	FAM010438	FAM011137	FAM000969	FAM004110	FAM014610	FAM002980	FAM012723	FAM001297	FAM003598	FAM008281	FAM004021	FAM004007	FAM006137	FAM012444	FAM012297	FAM111623	FAM061853	FAM032506	FAM040821	FAM022562
rep050_seed2075	FAM005978	FAM005920	FAM007642	FAM003241	FAM008141	FAM001272	FAM004285	FAM005047	FAM009042	FAM001365	FAM000370	FAM002038	FAM008374	FAM005166	FAM001706	FAM009026	FAM010893	FAM002178	FAM012190	FAM002051	FAM009435	FAM006358	FAM001770	FAM014074	FAM004803	FAM000075	FAM002564	FAM000002	FAM008445	FAM006045	FAM012942	FAM001633	FAM000448	FAM001118	FAM007583	FAM014408	FAM012607	FAM003110	FAM002599	FAM000214	FAM004958	FAM002783	FAM000556	FAM011200	FAM003992	FAM008122	FAM007948	FAM013565	FAM009664	FAM007543	FAM007001	FAM000779	FAM001437	FAM003470	FAM008969	FAM002481	FAM007863	FAM005722	FAM007295	FAM013787	FAM007343	FAM003287	FAM001966	FAM007085	FAM006533	FAM006913	FAM004749	FAM008828	FAM132023	FAM070290	FAM036516	FAM036630	FAM017864
rep051_seed2076	FAM002669	FAM007445	FAM006039	FAM000014	FAM002205	FAM004106	FAM001360	FAM005968	FAM002500	FAM007343	FAM005248	FAM007660	FAM001892	FAM000279	FAM001169	FAM007101	FAM012108	FAM002684	FAM001976	FAM000220	FAM008417	FAM014573	FAM011576	FAM007105	FAM007440	FAM000376	FAM000912	FAM002392	FAM008222	FAM004343	FAM005687	FAM001697	FAM011239	FAM003919	FAM004866	FAM000872	FAM007055	FAM002753	FAM006943	FAM003880	FAM005024	FAM001535	FAM001993	FAM000695	FAM006911	FAM013951	FAM011155	FAM003882	FAM002884	FAM001578	FAM002214	FAM001650	FAM006542	FAM007011	FAM003836	FAM005571	FAM006918	FAM008058	FAM007421	FAM000650	FAM004805	FAM009363	FAM001621	FAM003184	FAM004834	FAM011610	FAM010264	FAM008497	FAM108198	FAM066959	FAM038543	FAM030224	FAM026041
rep052_seed2077	FAM007539	FAM002392	FAM002837	FAM000326	FAM006588	FAM009749	FAM001592	FAM001325	FAM003822	FAM002528	FAM007642	FAM001566	FAM000199	FAM010283	FAM013550	FAM004518	FAM010088	FAM000690	FAM006220	FAM006531	FAM006785	FAM002170	FAM000977	FAM002841	FAM011438	FAM008225	FAM002011	FAM003029	FAM000142	FAM009059	FAM004801	FAM004504	FAM002910	FAM008947	FAM002260	FAM001064	FAM006820	FAM010387	FAM000546	FAM001097	FAM012763	FAM014253	FAM012879	FAM006021	FAM003017	FAM001448	FAM003081	FAM000312	FAM008810	FAM011498	FAM006276	FAM002081	FAM004318	FAM003828	FAM009418	FAM000609	FAM006594	FAM012493	FAM000627	FAM004896	FAM011406	FAM007807	FAM007423	FAM005772	FAM010124	FAM006885	FAM012457	FAM006822	FAM117103	FAM068189	FAM034651	FAM029380	FAM015654
rep053_seed2078	FAM008866	FAM002774	FAM005421	FAM003152	FAM000260	FAM004266	FAM000493	FAM008508	FAM005037	FAM001512	FAM009195	FAM012603	FAM003886	FAM014364	FAM004376	FAM007565	FAM001478	FAM006960	FAM004437	FAM005181	FAM005771	FAM005217	FAM001904	FAM004863	FAM001326	FAM002979	FAM006873	FAM004324	FAM004886	FAM007889	FAM000615	FAM011689	FAM007388	FAM004332	FAM000241	FAM010453	FAM013575	FAM012259	FAM002120	FAM006173	FAM007350	FAM004069	FAM002795	FAM002324	FAM010207	FAM001710	FAM003378	FAM001666	FAM003790	FAM005069	FAM002693	FAM001852	FAM003436	FAM011346	FAM001429	FAM004768	FAM009402	FAM006856	FAM006954	FAM008514	FAM000204	FAM003414	FAM004995	FAM003380	FAM000576	FAM011263	FAM006344	FAM005783	FAM114457	FAM063024	FAM041892	FAM036441	FAM025460
rep054_seed2079	FAM002910	FAM003449	FAM007852	FAM001909	FAM012962	FAM003658	FAM002927	FAM001108	FAM008138	FAM002660	FAM014404	FAM004975	FAM009208	FAM014439	FAM009711	FAM003748	FAM006544	FAM000432	FAM004762	FAM001711	FAM003070	FAM007044	FAM005464	FAM000253	FAM002914	FAM009353	FAM000307	FAM005681	FAM012138	FAM001597	FAM010990	FAM000801	FAM003448	FAM000888	FAM001541	FAM008517	FAM000774	FAM001661	FAM003332	FAM007971	FAM005193	FAM003515	FAM011504	FAM005987	FAM004804	FAM004515	FAM003276	FAM004873	FAM000535	FAM005208	FAM001748	FAM007535	FAM003621	FAM008413	FAM001571	FAM008786	FAM005172	FAM001872	FAM000544	FAM009023	FAM012515	FAM004186	FAM004525	FAM004939	FAM000617	FAM011484	FAM008079	FAM012657	FAM121141	FAM058413	FAM029849	FAM029160	FAM026660
rep055_seed2080	FAM006781	FAM004021	FAM004285	FAM004985	FAM003829	FAM006568	FAM006262	FAM006035	FAM007450	FAM008997	FAM001384	FAM001061	FAM007834	FAM005061	FAM008545	FAM009943	FAM008227	FAM009952	FAM002718	FAM002546	FAM007559	FAM006874	FAM000074	FAM008336	FAM003680	FAM004710	FAM009678	FAM004244	FAM002818	FAM005738	FAM014452	FAM006439	FAM006300	FAM003043	FAM011250	FAM004178	FAM003255	FAM007321	FAM010734	FAM001421	FAM004476	FAM009795	FAM000990	FAM010560	FAM008044	FAM010089	FAM010897	FAM001196	FAM002766	FAM012778	FAM006763	FAM003911	FAM004918	FAM005254	FAM002918	FAM005181	FAM003486	FAM005163	FAM000373	FAM008146	FAM004727	FAM013847	FAM006587	FAM012820	FAM002127	FAM014470	FAM013313	FAM005579	FAM140139	FAM058447	FAM041519	FAM040929	FAM016998
rep056_seed2081	FAM007422	FAM003186	FAM001235	FAM006335	FAM011021	FAM008879	FAM009235	FAM000458	FAM001916	FAM000972	FAM003763	FAM009120	FAM001084	FAM014175	FAM000120	FAM010824	FAM004179	FAM000092	FAM003193	FAM002413	FAM005564	FAM000388	FAM001293	FAM004391	FAM007572	FAM008524	FAM001040	FAM003249	FAM001079	FAM006399	FAM004105	FAM002784	FAM003411	FAM001843	FAM001396	FAM003767	FAM003554	FAM003032	FAM004393	FAM006436	FAM004849	FAM011119	FAM003056	FAM007432	FAM003700	FAM013519	FAM008407	FAM010607	FAM001926	FAM005414	FAM003514	FAM013936	FAM002099	FAM003004	FAM006568	FAM008150	FAM000214	FAM004099	FAM008283	FAM007872	FAM001373	FAM009145	FAM001647	FAM001014	FAM005715	FAM010669	FAM008254	FAM013143	FAM124552	FAM060774	FAM038052	FAM033192	FAM019965
rep057_seed2082	FAM004021	FAM009480	FAM002641	FAM006375	FAM005358	FAM011870	FAM000734	FAM003844	FAM011756	FAM001032	FAM000780	FAM014232	FAM001281	FAM002186	FAM000886	FAM007439	FAM008128	FAM002440	FAM004914	FAM011833	FAM013953	FAM007853	FAM005853	FAM002377	FAM006953	FAM005418	FAM002351	FAM006116	FAM001631	FAM003626	FAM006919	FAM002698	FAM006542	FAM009261	FAM003977	FAM001667	FAM004268	FAM001496	FAM008296	FAM006935	FAM002541	FAM004812	FAM008535	FAM000030	FAM005296	FAM008277	FAM002563	FAM006559	FAM001546	FAM003209	FAM006187	FAM009763	FAM004761	FAM004267	FAM005277	FAM009710	FAM003648	FAM010288	FAM006417	FAM000593	FAM009213	FAM008162	FAM009315	FAM001307	FAM001090	FAM012364	FAM006249	FAM010158	FAM142570	FAM073419	FAM040041	FAM037747	FAM018823
rep058_seed2083	FAM002925	FAM004028	FAM006339	FAM007919	FAM003306	FAM001503	FAM001754	FAM010207	FAM002663	FAM007253	FAM006699	FAM003393	FAM007188	FAM001768	FAM006817	FAM005635	FAM008386	FAM003689	FAM010811	FAM003313	FAM011578	FAM001015	FAM001450	FAM005113	FAM002072	FAM007629	FAM006286	FAM003286	FAM006211	FAM002772	FAM001217	FAM006493	FAM000821	FAM002620	FAM000134	FAM005842	FAM010588	FAM010970	FAM010832	FAM006697	FAM000888	FAM000303	FAM000739	FAM004722	FAM003055	FAM001245	FAM004769	FAM005370	FAM003304	FAM006895	FAM005225	FAM006892	FAM004967	FAM002275	FAM006174	FAM007405	FAM009765	FAM000109	FAM001013	FAM002149	FAM007110	FAM010124	FAM012149	FAM003429	FAM007452	FAM011026	FAM011136	FAM006619	FAM112828	FAM070290	FAM039977	FAM035118	FAM028950
rep059_seed2084	FAM002266	FAM005992	FAM006504	FAM005602	FAM002554	FAM001689	FAM005889	FAM000378	FAM006794	FAM006685	FAM000476	FAM008549	FAM000682	FAM005681	FAM013074	FAM002178	FAM001915	FAM005973	FAM005161	FAM004420	FAM000616	FAM009986	FAM013149	FAM002831	FAM012761	FAM012246	FAM001270	FAM003517	FAM009555	FAM001495	FAM001609	FAM012422	FAM014385	FAM004221	FAM003203	FAM001004	FAM010703	FAM000828	FAM005651	FAM007283	FAM005398	FAM007127	FAM003536	FAM002880	FAM000446	FAM002405	FAM008087	FAM006962	FAM006852	FAM002173	FAM001062	FAM005573	FAM009988	FAM002281	FAM001288	FAM002045	FAM006117	FAM002750	FAM005339	FAM013314	FAM002477	FAM003353	FAM001758	FAM005093	FAM012877	FAM011040	FAM010742	FAM013461	FAM134138	FAM064312	FAM042441	FAM030189	FAM022822
rep060_seed2085	FAM011672	FAM010027	FAM000136	FAM007515	FAM001395	FAM005543	FAM003749	FAM006345	FAM012739	FAM001655	FAM002426	FAM001041	FAM008015	FAM005761	FAM002702	FAM001298	FAM004000	FAM009293	FAM003871	FAM002423	FAM003842	FAM006043	FAM009025	FAM012331	FAM003621	FAM002116	FAM003009	FAM001801	FAM001162	FAM000401	FAM000886	FAM008406	FAM005090	FAM000940	FAM003274	FAM003791	FAM006382	FAM004734	FAM005834	FAM004788	FAM001308	FAM002180	FAM000688	FAM013052	FAM003313	FAM007735	FAM008971	FAM005121	FAM004056	FAM000805	FAM002621	FAM005884	FAM003486	FAM012489	FAM001220	FAM005096	FAM007829	FAM013808	FAM006672	FAM007183	FAM002594	FAM005266	FAM004841	FAM007818	FAM000354	FAM007619	FAM009631	FAM007645	FAM135710	FAM067362	FAM035690	FAM037107	FAM017988
rep061_seed2086	FAM008578	FAM007820	FAM002101	FAM001928	FAM003116	FAM006481	FAM003304	FAM010721	FAM001984	FAM010121	FAM007349	FAM005937	FAM005223	FAM012092	FAM006081	FAM003153	FAM014491	FAM004154	FAM003514	FAM002780	FAM009094	FAM005043	FAM009562	FAM004071	FAM009724	FAM004562	FAM011470	FAM001797	FAM009702	FAM003375	FAM006849	FAM006600	FAM007869	FAM003353	FAM009083	FAM007641	FAM005769	FAM008464	FAM007301	FAM013044	FAM002648	FAM008649	FAM013251	FAM004889	FAM000512	FAM001395	FAM010617	FAM005270	FAM002182	FAM000699	FAM004839	FAM001515	FAM008187	FAM007687	FAM008123	FAM002633	FAM009223	FAM009855	FAM009152	FAM005209	FAM006003	FAM009424	FAM008986	FAM002917	FAM004060	FAM011702	FAM006990	FAM014226	FAM119957	FAM066711	FAM034651	FAM041235	FAM028195
rep062_seed2087	FAM000729	FAM001986	FAM004013	FAM002400	FAM003421	FAM000281	FAM005705	FAM011412	FAM007230	FAM000152	FAM012031	FAM004770	FAM009217	FAM002952	FAM000969	FAM001869	FAM013121	FAM001358	FAM000775	FAM000243	FAM004010	FAM005358	FAM014132	FAM000057	FAM005757	FAM002828	FAM001980	FAM004032	FAM003247	FAM002354	FAM005266	FAM011328	FAM008706	FAM004051	FAM009963	FAM009148	FAM010390	FAM003799	FAM011092	FAM006369	FAM004367	FAM004912	FAM008237	FAM011500	FAM006789	FAM003606	FAM010343	FAM008605	FAM014504	FAM009805	FAM002948	FAM004709	FAM001952	FAM007780	FAM013000	FAM007288	FAM004061	FAM012902	FAM000283	FAM003059	FAM000556	FAM013984	FAM012787	FAM001850	FAM008816	FAM009451	FAM011619	FAM010813	FAM109648	FAM062135	FAM031575	FAM037288	FAM017968
rep063_seed2088	FAM010280	FAM000950	FAM004228	FAM007688	FAM004221	FAM000121	FAM001801	FAM002428	FAM006836	FAM011899	FAM006869	FAM007063	FAM005551	FAM001277	FAM012565	FAM006703	FAM006643	FAM005724	FAM014187	FAM000035	FAM004587	FAM004488	FAM003509	FAM000891	FAM012876	FAM003446	FAM006217	FAM010655	FAM001488	FAM008680	FAM009866	FAM000661	FAM002124	FAM006009	FAM009684	FAM004165	FAM012060	FAM011664	FAM007814	FAM007627	FAM003075	FAM002788	FAM003976	FAM000181	FAM001859	FAM008821	FAM003997	FAM008809	FAM005307	FAM001721	FAM004653	FAM007423	FAM007350	FAM003364	FAM011307	FAM013648	FAM006459	FAM004329	FAM004753	FAM004105	FAM003396	FAM006492	FAM000540	FAM007030	FAM010093	FAM007495	FAM013790	FAM013450	FAM129996	FAM067224	FAM042610	FAM039318	FAM026530
rep064_seed2089	FAM006563	FAM014104	FAM001782	FAM003251	FAM000824	FAM009796	FAM000108	FAM001170	FAM000597	FAM007710	FAM001048	FAM000666	FAM000644	FAM004763	FAM005801	FAM002576	FAM007302	FAM011350	FAM008581	FAM010935	FAM001171	FAM008002	FAM013634	FAM010811	FAM009986	FAM005705	FAM004551	FAM014503	FAM008610	FAM004945	FAM003958	FAM002345	FAM011590	FAM000390	FAM003308	FAM013788	FAM007747	FAM005551	FAM004038	FAM001041	FAM004399	FAM008329	FAM003076	FAM003336	FAM008620	FAM006083	FAM008126	FAM005700	FAM004406	FAM008998	FAM001749	FAM009210	FAM003891	FAM004797	FAM003923	FAM007974	FAM012157	FAM006421	FAM001762	FAM001084	FAM006442	FAM010664	FAM000020	FAM009570	FAM008092	FAM009924	FAM007841	FAM008091	FAM111883	FAM073946	FAM034679	FAM036453	FAM027786
rep065_seed2090	FAM001390	FAM012447	FAM007851	FAM000725	FAM010574	FAM011622	FAM009457	FAM002493	FAM004200	FAM010950	FAM008004	FAM001953	FAM003874	FAM008960	FAM004667	FAM010453	FAM001653	FAM011105	FAM009936	FAM005043	FAM007446	FAM002389	FAM010775	FAM005336	FAM007610	FAM002214	FAM005681	FAM000958	FAM003098	FAM003444	FAM002189	FAM003092	FAM003949	FAM011459	FAM013149	FAM008013	FAM006537	FAM008330	FAM001560	FAM001136	FAM011482	FAM003871	FAM001537	FAM000664	FAM001284	FAM009577	FAM002475	FAM003390	FAM008838	FAM013712	FAM008623	FAM006850	FAM010685	FAM001445	FAM002487	FAM000820	FAM003963	FAM003440	FAM005387	FAM000320	FAM004316	FAM004830	FAM004296	FAM000142	FAM004653	FAM003848	FAM013711	FAM012463	FAM133669	FAM070210	FAM047703	FAM037052	FAM019306
rep066_seed2091	FAM000281	FAM000240	FAM000266	FAM011242	FAM014165	FAM009655	FAM007512	FAM002924	FAM001696	FAM002699	FAM008564	FAM006248	FAM003807	FAM012098	FAM010984	FAM009458	FAM007030	FAM002948	FAM004989	FAM012259	FAM006614	FAM000767	FAM003473	FAM003669	FAM006285	FAM002342	FAM008388	FAM004916	FAM008464	FAM000080	FAM005310	FAM001602	FAM008873	FAM007011	FAM006280	FAM006236	FAM010551	FAM002049	FAM001729	FAM000643	FAM005590	FAM002539	FAM002269	FAM002589	FAM011898	FAM002247	FAM012157	FAM002230	FAM003643	FAM010619	FAM000217	FAM003564	FAM002534	FAM005044	FAM012138	FAM004585	FAM001202	FAM001665	FAM002131	FAM005258	FAM002878	FAM000908	FAM008510	FAM007783	FAM010714	FAM009453	FAM006748	FAM008609	FAM114096	FAM066142	FAM039391	FAM035869	FAM018418
rep067_seed2092	FAM007420	FAM002371	FAM010527	FAM004522	FAM000114	FAM006871	FAM014459	FAM010239	FAM004131	FAM013296	FAM004009	FAM004237	FAM001611	FAM002913	FAM008328	FAM007466	FAM008526	FAM003948	FAM001655	FAM005721	FAM006690	FAM008040	FAM009384	FAM008872	FAM005103	FAM002760	FAM005083	FAM001552	FAM003406	FAM002537	FAM003787	FAM005070	FAM010207	FAM004725	FAM007239	FAM007343	FAM014172	FAM002597	FAM003388	FAM002219	FAM002742	FAM005555	FAM002999	FAM009083	FAM003496	FAM004517	FAM001091	FAM003258	FAM004868	FAM001008	FAM008465	FAM007698	FAM014059	FAM000371	FAM005357	FAM002946	FAM007805	FAM003387	FAM003774	FAM007743	FAM001333	FAM007823	FAM009049	FAM007966	FAM003163	FAM012652	FAM014127	FAM012944	FAM139917	FAM060473	FAM036099	FAM035326	FAM022379
rep068_seed2093	FAM003373	FAM007400	FAM002539	FAM007264	FAM002380	FAM008947	FAM001354	FAM005378	FAM005083	FAM000991	FAM005650	FAM004611	FAM006598	FAM002608	FAM000016	FAM013214	FAM008908	FAM000567	FAM002224	FAM002887	FAM003844	FAM007604	FAM002057	FAM012336	FAM009493	FAM001696	FAM005906	FAM002769	FAM006237	FAM002172	FAM000017	FAM006820	FAM012422	FAM005993	FAM001496	FAM006637	FAM012502	FAM000535	FAM002013	FAM004924	FAM005487	FAM007059	FAM003770	FAM006850	FAM006409	FAM007134	FAM012375	FAM014060	FAM012522	FAM007294	FAM012874	FAM004536	FAM010121	FAM000668	FAM012222	FAM005197	FAM006252	FAM003630	FAM007246	FAM006992	FAM009666	FAM010150	FAM000793	FAM000213	FAM010758	FAM010512	FAM006723	FAM012816	FAM142323	FAM070210	FAM037400	FAM040987	FAM016468
rep069_seed2094	FAM008934	FAM007367	FAM013937	FAM000838	FAM001752	FAM002907	FAM007609	FAM000195	FAM007335	FAM011518	FAM013991	FAM009360	FAM000396	FAM001776	FAM001962	FAM001196	FAM004743	FAM001028	FAM007087	FAM005134	FAM007060	FAM010472	FAM007909	FAM004642	FAM005240	FAM004864	FAM009039	FAM002488	FAM014273	FAM002139	FAM001421	FAM003829	FAM013398	FAM000345	FAM010241	FAM000812	FAM003342	FAM004736	FAM009378	FAM004512	FAM007534	FAM001906	FAM009314	FAM000828	FAM004041	FAM006382	FAM000874	FAM005572	FAM002330	FAM011528	FAM008164	FAM003247	FAM004297	FAM008240	FAM011451	FAM003291	FAM014504	FAM001240	FAM000766	FAM000985	FAM010840	FAM007883	FAM012250	FAM006448	FAM005301	FAM010268	FAM009364	FAM006532	FAM116982	FAM071760	FAM039334	FAM041102	FAM017274
rep070_seed2095	FAM005376	FAM000814	FAM002869	FAM008664	FAM001369	FAM006083	FAM000491	FAM000780	FAM004612	FAM001253	FAM002400	FAM000597	FAM000270	FAM005741	FAM004645	FAM004470	FAM007829	FAM009078	FAM002782	FAM010122	FAM009318	FAM003185	FAM006999	FAM012123	FAM005279	FAM004722	FAM012646	FAM004691	FAM003671	FAM002920	FAM001917	FAM002026	FAM005721	FAM002276	FAM004190	FAM009585	FAM003224	FAM002262	FAM004906	FAM003476	FAM006751	FAM002872	FAM004058	FAM005497	FAM003831	FAM004088	FAM002666	FAM004985	FAM013888	FAM008774	FAM003469	FAM005504	FAM005184	FAM003912	FAM003975	FAM000280	FAM002593	FAM004896	FAM012524	FAM005148	FAM004913	FAM013464	FAM014199	FAM000599	FAM001365	FAM013465	FAM006727	FAM008647	FAM126558	FAM064295	FAM037091	FAM036953	FAM027744
rep071_seed2096	FAM005671	FAM002542	FAM014668	FAM008094	FAM002019	FAM000717	FAM013448	FAM004320	FAM009210	FAM000718	FAM008124	FAM004211	FAM002748	FAM001565	FAM002066	FAM004986	FAM013966	FAM005241	FAM008257	FAM011085	FAM014449	FAM002074	FAM001836	FAM003277	FAM003678	FAM009516	FAM001775	FAM008402	FAM003980	FAM002792	FAM006399	FAM003543	FAM004352	FAM006031	FAM007146	FAM000380	FAM003649	FAM001240	FAM003189	FAM002015	FAM007618	FAM002423	FAM005669	FAM005432	FAM010753	FAM014154	FAM012848	FAM007305	FAM006571	FAM000618	FAM001070	FAM001793	FAM002544	FAM002908	FAM001428	FAM008291	FAM004224	FAM014504	FAM002321	FAM006650	FAM012548	FAM005693	FAM001986	FAM001867	FAM003047	FAM010766	FAM009914	FAM012512	FAM147084	FAM060416	FAM032216	FAM041323	FAM026636
rep072_seed2097	FAM004007	FAM009274	FAM000100	FAM000756	FAM007571	FAM007739	FAM001832	FAM008133	FAM010296	FAM007297	FAM001850	FAM008935	FAM010751	FAM007564	FAM003217	FAM003364	FAM000639	FAM007474	FAM002472	FAM004343	FAM010290	FAM006314	FAM007418	FAM004826	FAM000544	FAM001878	FAM005388	FAM010246	FAM007863	FAM001696	FAM007368	FAM013457	FAM006261	FAM000441	FAM001007	FAM007217	FAM009357	FAM004415	FAM010870	FAM004565	FAM001418	FAM011985	FAM007893	FAM005467	FAM007432	FAM004225	FAM001540	FAM012851	FAM005864	FAM001538	FAM001329	FAM003552	FAM002212	FAM008046	FAM003628	FAM007304	FAM007489	FAM007407	FAM004426	FAM004597	FAM004922	FAM007235	FAM003385	FAM012363	FAM004526	FAM008784	FAM010141	FAM014087	FAM145657	FAM058594	FAM040107	FAM035978	FAM026210
rep073_seed2098	FAM001169	FAM000449	FAM012224	FAM000186	FAM002289	FAM002292	FAM006424	FAM006757	FAM002581	FAM010594	FAM004367	FAM002200	FAM006093	FAM005457	FAM012740	FAM010342	FAM004836	FAM002577	FAM000901	FAM007868	FAM005436	FAM002927	FAM014012	FAM011621	FAM001928	FAM009881	FAM004791	FAM005289	FAM005827	FAM003751	FAM004265	FAM002654	FAM001441	FAM000227	FAM006569	FAM003990	FAM005853	FAM006453	FAM000601	FAM000838	FAM006307	FAM010197	FAM005005	FAM003520	FAM001864	FAM000508	FAM001931	FAM005225	FAM004383	FAM005068	FAM000852	FAM004074	FAM003866	FAM006584	FAM003187	FAM009686	FAM007405	FAM003584	FAM005974	FAM007105	FAM005669	FAM005649	FAM003767	FAM004728	FAM004940	FAM009425	FAM007887	FAM004751	FAM143076	FAM061086	FAM038411	FAM041227	FAM016682
rep074_seed2099	FAM000723	FAM005696	FAM004070	FAM002316	FAM005915	FAM007941	FAM009417	FAM001927	FAM004685	FAM011400	FAM000485	FAM010493	FAM000858	FAM007090	FAM005516	FAM004700	FAM003109	FAM004957	FAM014341	FAM009181	FAM000769	FAM003918	FAM007156	FAM006633	FAM010948	FAM008243	FAM000273	FAM011090	FAM004517	FAM009713	FAM005771	FAM003365	FAM000218	FAM001098	FAM013518	FAM004290	FAM009261	FAM000602	FAM002427	FAM004273	FAM000203	FAM003781	FAM002242	FAM006768	FAM002079	FAM001190	FAM007889	FAM008423	FAM013484	FAM000958	FAM006205	FAM006929	FAM000992	FAM001576	FAM012383	FAM008022	FAM006778	FAM014126	FAM001270	FAM005238	FAM001902	FAM001613	FAM001410	FAM000054	FAM000674	FAM012671	FAM011733	FAM012519	FAM127065	FAM062665	FAM029888	FAM029605	FAM017709
rep075_seed2100	FAM002347	FAM003017	FAM004144	FAM009235	FAM011420	FAM004727	FAM002721	FAM011104	FAM002614	FAM006383	FAM001869	FAM001307	FAM007506	FAM000711	FAM003284	FAM004588	FAM000591	FAM005216	FAM002864	FAM007780	FAM009583	FAM008099	FAM009243	FAM007423	FAM006439	FAM005988	FAM001228	FAM003645	FAM000884	FAM012326	FAM005823	FAM005006	FAM014165	FAM004429	FAM010409	FAM005304	FAM014066	FAM001964	FAM009486	FAM002300	FAM003291	FAM004139	FAM001064	FAM011090	FAM005887	FAM005231	FAM002098	FAM006217	FAM014012	FAM003301	FAM007724	FAM005656	FAM002196	FAM003730	FAM001641	FAM003946	FAM005654	FAM011592	FAM006039	FAM004246	FAM003464	FAM002167	FAM008402	FAM005084	FAM004127	FAM013979	FAM007408	FAM012262	FAM122167	FAM060061	FAM034090	FAM039875	FAM016587
rep076_seed2101	FAM002105	FAM003412	FAM005403	FAM005635	FAM000535	FAM012848	FAM000953	FAM004672	FAM004097	FAM001318	FAM000798	FAM003988	FAM001863	FAM006501	FAM001629	FAM000825	FAM003301	FAM005142	FAM001172	FAM010488	FAM004279	FAM002412	FAM000279	FAM002430	FAM007230	FAM005903	FAM010646	FAM002730	FAM006529	FAM004400	FAM008898	FAM005049	FAM004388	FAM000413	FAM000747	FAM003347	FAM003912	FAM005857	FAM009172	FAM014563	FAM003805	FAM006337	FAM006548	FAM001136	FAM005117	FAM004024	FAM008287	FAM012096	FAM001954	FAM001783	FAM001513	FAM006046	FAM006980	FAM008056	FAM012166	FAM002411	FAM000080	FAM006703	FAM008240	FAM007717	FAM007698	FAM006776	FAM004588	FAM006758	FAM002440	FAM009983	FAM010888	FAM008145	FAM133204	FAM064384	FAM043111	FAM039565	FAM023082
rep077_seed2102	FAM007586	FAM003684	FAM003784	FAM003305	FAM004590	FAM005623	FAM012721	FAM013069	FAM003235	FAM003316	FAM008335	FAM003797	FAM000833	FAM013311	FAM003691	FAM004265	FAM004961	FAM003173	FAM004545	FAM006929	FAM004730	FAM007351	FAM001203	FAM001163	FAM000882	FAM002694	FAM007948	FAM006370	FAM003250	FAM002383	FAM008912	FAM009807	FAM010145	FAM004096	FAM010991	FAM012823	FAM009991	FAM001400	FAM007329	FAM006634	FAM002225	FAM010873	FAM005739	FAM002905	FAM010296	FAM002316	FAM006112	FAM013194	FAM000599	FAM010149	FAM005496	FAM004967	FAM003064	FAM006492	FAM009799	FAM008660	FAM009786	FAM001445	FAM014266	FAM000735	FAM009009	FAM001486	FAM008399	FAM006648	FAM011085	FAM005384	FAM008672	FAM011003	FAM142897	FAM060376	FAM036881	FAM036708	FAM024706
rep078_seed2103	FAM000902	FAM002747	FAM002648	FAM005610	FAM002471	FAM002201	FAM002976	FAM000835	FAM004945	FAM003091	FAM002811	FAM004506	FAM008152	FAM006673	FAM003677	FAM002355	FAM004673	FAM007023	FAM011038	FAM007340	FAM005110	FAM005648	FAM008160	FAM006083	FAM004595	FAM008510	FAM001886	FAM007306	FAM001980	FAM008888	FAM002500	FAM013429	FAM007533	FAM001954	FAM012050	FAM004678	FAM003671	FAM004981	FAM003370	FAM007031	FAM001900	FAM004702	FAM002425	FAM000039	FAM009710	FAM001637	FAM001622	FAM005603	FAM011181	FAM007742	FAM007074	FAM005945	FAM003015	FAM009699	FAM006741	FAM006030	FAM001790	FAM013490	FAM001224	FAM007627	FAM000894	FAM005448	FAM011598	FAM006101	FAM002790	FAM011604	FAM003556	FAM012712	FAM108048	FAM058496	FAM030832	FAM033345	FAM026582
rep079_seed2104	FAM002143	FAM003340	FAM002740	FAM012305	FAM004197	FAM003525	FAM009557	FAM007764	FAM000553	FAM006915	FAM012610	FAM000824	FAM004153	FAM006020	FAM000628	FAM003512	FAM013752	FAM000714	FAM009707	FAM006043	FAM002090	FAM000125	FAM000661	FAM004429	FAM010339	FAM000957	FAM006434	FAM011506	FAM004808	FAM010642	FAM014097	FAM004843	FAM009880	FAM011000	FAM001455	FAM012686	FAM005972	FAM007406	FAM014187	FAM011207	FAM003143	FAM001577	FAM008049	FAM005910	FAM000982	FAM014690	FAM010916	FAM003880	FAM003383	FAM012227	FAM007027	FAM008168	FAM008635	FAM013921	FAM003483	FAM012493	FAM003975	FAM004970	FAM007195	FAM010937	FAM000981	FAM000647	FAM002632	FAM004997	FAM004206	FAM014415	FAM011688	FAM009752	FAM140139	FAM061284	FAM038383	FAM033110	FAM030228
rep080_seed2105	FAM004000	FAM008468	FAM004380	FAM005674	FAM013595	FAM005126	FAM003372	FAM002942	FAM000069	FAM001448	FAM007885	FAM003228	FAM005471	FAM010823	FAM004477	FAM008383	FAM001002	FAM000628	FAM007610	FAM009376	FAM003978	FAM002592	FAM002105	FAM004454	FAM006038	FAM000862	FAM008024	FAM007937	FAM007425	FAM008342	FAM008002	FAM007438	FAM002099	FAM004400	FAM010428	FAM002766	FAM010164	FAM000277	FAM005591	FAM011864	FAM002301	FAM001668	FAM003723	FAM003889	FAM001338	FAM006363	FAM004575	FAM009638	FAM011140	FAM009667	FAM009770	FAM006526	FAM007695	FAM011576	FAM002988	FAM005532	FAM001030	FAM006378	FAM001581	FAM010231	FAM002754	FAM003941	FAM013807	FAM006833	FAM001273	FAM008834	FAM008403	FAM013172	FAM114047	FAM062662	FAM038932	FAM036803	FAM020056
rep081_seed2106	FAM009031	FAM004308	FAM003803	FAM005991	FAM006599	FAM001457	FAM004695	FAM007428	FAM014686	FAM005904	FAM009003	FAM004862	FAM009769	FAM003584	FAM001273	FAM000220	FAM005705	FAM006291	FAM006982	FAM009126	FAM000400	FAM005377	FAM008963	FAM001470	FAM005826	FAM006612	FAM003880	FAM002253	FAM003950	FAM005341	FAM003265	FAM001231	FAM002361	FAM005545	FAM004081	FAM000690	FAM004626	FAM004796	FAM002693	FAM001555	FAM014279	FAM002179	FAM003634	FAM005471	FAM001792	FAM005898	FAM007740	FAM009424	FAM002156	FAM005856	FAM001414	FAM003416	FAM002760	FAM008360	FAM010113	FAM005548	FAM005248	FAM003812	FAM009228	FAM007580	FAM000946	FAM008006	FAM004892	FAM003543	FAM003886	FAM009972	FAM006231	FAM010042	FAM111171	FAM067585	FAM033162	FAM032006	FAM015904
rep082_seed2107	FAM003997	FAM004867	FAM002968	FAM012224	FAM004079	FAM008350	FAM002585	FAM004977	FAM004561	FAM002205	FAM003590	FAM007566	FAM003789	FAM003408	FAM003581	FAM000161	FAM003791	FAM005973	FAM013241	FAM001475	FAM006570	FAM006814	FAM006568	FAM009991	FAM010231	FAM000829	FAM001214	FAM000601	FAM004169	FAM001588	FAM003178	FAM009550	FAM007158	FAM004183	FAM005237	FAM005078	FAM009342	FAM003750	FAM000998	FAM003491	FAM007180	FAM005164	FAM010978	FAM003434	FAM004869	FAM008914	FAM004723	FAM010631	FAM009157	FAM008106	FAM011247	FAM002274	FAM011237	FAM012637	FAM004278	FAM002182	FAM009968	FAM011715	FAM014480	FAM014479	FAM003263	FAM009776	FAM013921	FAM002005	FAM008222	FAM008835	FAM007907	FAM010213	FAM138347	FAM064186	FAM030653	FAM039416	FAM023192
rep083_seed2108	FAM012895	FAM006419	FAM006548	FAM006384	FAM003173	FAM007721	FAM010459	FAM004953	FAM001721	FAM000172	FAM010746	FAM004400	FAM012234	FAM007563	FAM003164	FAM009654	FAM003086	FAM004274	FAM009026	FAM002307	FAM003202	FAM003335	FAM002323	FAM002957	FAM003486	FAM010756	FAM003034	FAM004306	FAM010267	FAM002228	FAM002869	FAM003388	FAM002614	FAM001630	FAM009555	FAM005114	FAM010101	FAM009597	FAM003224	FAM012992	FAM005277	FAM000689	FAM014180	FAM004661	FAM006335	FAM000301	FAM005149	FAM005151	FAM011836	FAM009212	FAM004438	FAM006389	FAM005644	FAM009786	FAM001461	FAM007337	FAM005111	FAM002473	FAM008068	FAM010104	FAM004684	FAM001489	FAM005755	FAM006388	FAM007586	FAM013451	FAM011765	FAM012025	FAM138953	FAM057660	FAM038359	FAM029380	FAM028383
rep084_seed2109	FAM005406	FAM003453	FAM004778	FAM003419	FAM006535	FAM007945	FAM007504	FAM006009	FAM001247	FAM007747	FAM005796	FAM001291	FAM010398	FAM004906	FAM003551	FAM001369	FAM004616	FAM012637	FAM000938	FAM006475	FAM011119	FAM001630	FAM003455	FAM000565	FAM004901	FAM005011	FAM007356	FAM002834	FAM002351	FAM008794	FAM001431	FAM000053	FAM001301	FAM000844	FAM008204	FAM011628	FAM005800	FAM011689	FAM000279	FAM002574	FAM007668	FAM002363	FAM010617	FAM001057	FAM002611	FAM002070	FAM002909	FAM010643	FAM003159	FAM007199	FAM002937	FAM006175	FAM002109	FAM007246	FAM002561	FAM011217	FAM003797	FAM002636	FAM003405	FAM001730	FAM006168	FAM002115	FAM009883	FAM013834	FAM012521	FAM012671	FAM013227	FAM012195	FAM138615	FAM068510	FAM046926	FAM034506	FAM024669
rep085_seed2110	FAM003507	FAM001173	FAM002210	FAM001143	FAM013991	FAM005038	FAM002155	FAM008869	FAM010859	FAM003972	FAM000630	FAM002109	FAM000747	FAM012296	FAM008540	FAM013234	FAM009804	FAM005953	FAM000544	FAM011257	FAM007458	FAM001961	FAM003782	FAM009769	FAM001967	FAM000123	FAM007092	FAM000657	FAM000475	FAM004186	FAM014228	FAM001863	FAM009197	FAM007922	FAM004898	FAM005476	FAM002861	FAM002595	FAM009617	FAM004544	FAM008150	FAM007050	FAM009226	FAM005774	FAM005708	FAM003719	FAM007183	FAM012674	FAM006846	FAM009318	FAM000550	FAM008326	FAM000836	FAM009330	FAM001065	FAM003744	FAM000278	FAM000138	FAM006472	FAM002990	FAM007635	FAM008435	FAM004593	FAM005509	FAM002911	FAM008256	FAM008795	FAM010944	FAM114946	FAM058708	FAM033770	FAM038685	FAM019479
rep086_seed2111	FAM005570	FAM003684	FAM002824	FAM003841	FAM001485	FAM004933	FAM005288	FAM001390	FAM000223	FAM005346	FAM011790	FAM000462	FAM011608	FAM002440	FAM003998	FAM012678	FAM003456	FAM003643	FAM004648	FAM002155	FAM011852	FAM008140	FAM000032	FAM001242	FAM010731	FAM004857	FAM000471	FAM001725	FAM006803	FAM008515	FAM005358	FAM007396	FAM005458	FAM008598	FAM003903	FAM003195	FAM011254	FAM010195	FAM011181	FAM012028	FAM000161	FAM009550	FAM002009	FAM014151	FAM006446	FAM000853	FAM001150	FAM008957	FAM005519	FAM005592	FAM004837	FAM008188	FAM007247	FAM005158	FAM008703	FAM004400	FAM004236	FAM002747	FAM001222	FAM007629	FAM001394	FAM014279	FAM000526	FAM001026	FAM003077	FAM013058	FAM009538	FAM013533	FAM120701	FAM067943	FAM041637	FAM039330	FAM017860
rep087_seed2112	FAM009301	FAM007650	FAM003906	FAM000366	FAM011390	FAM008506	FAM005457	FAM005174	FAM007733	FAM011200	FAM003613	FAM002202	FAM007335	FAM005459	FAM013314	FAM000883	FAM002730	FAM004605	FAM009809	FAM008016	FAM013011	FAM008971	FAM004904	FAM002317	FAM008589	FAM004550	FAM010950	FAM005141	FAM011090	FAM002255	FAM009758	FAM011377	FAM002061	FAM002560	FAM002395	FAM001945	FAM003596	FAM001191	FAM006175	FAM003963	FAM003313	FAM001094	FAM002636	FAM001542	FAM007971	FAM005860	FAM002808	FAM000270	FAM012377	FAM005600	FAM005531	FAM009583	FAM001136	FAM002248	FAM000333	FAM006945	FAM005470	FAM008638	FAM004543	FAM007868	FAM006643	FAM003952	FAM002011	FAM002838	FAM008985	FAM013652	FAM009474	FAM014055	FAM139858	FAM064384	FAM036777	FAM032298	FAM017562
rep088_seed2113	FAM005915	FAM004921	FAM000897	FAM006765	FAM007591	FAM014060	FAM012219	FAM000803	FAM008351	FAM004929	FAM001383	FAM005604	FAM000682	FAM002778	FAM003029	FAM009101	FAM000213	FAM007005	FAM008775	FAM002533	FAM008750	FAM005711	FAM003202	FAM011031	FAM006635	FAM005190	FAM009150	FAM004677	FAM002922	FAM002821	FAM005011	FAM007577	FAM005245	FAM004441	FAM000693	FAM000730	FAM001957	FAM007436	FAM001030	FAM006383	FAM010028	FAM002103	FAM005873	FAM000952	FAM003118	FAM000787	FAM004992	FAM008977	FAM001032	FAM003475	FAM004315	FAM004994	FAM006959	FAM004269	FAM007885	FAM004769	FAM009702	FAM004127	FAM002590	FAM005677	FAM008359	FAM005221	FAM012224	FAM001354	FAM010507	FAM007320	FAM013652	FAM010638	FAM145422	FAM063206	FAM037443	FAM040143	FAM023576
rep089_seed2114	FAM003137	FAM003394	FAM005356	FAM006123	FAM012738	FAM003692	FAM001400	FAM006472	FAM000682	FAM009448	FAM007534	FAM000677	FAM000494	FAM000215	FAM001266	FAM011376	FAM002437	FAM002942	FAM009948	FAM003255	FAM010472	FAM011717	FAM012863	FAM001144	FAM008558	FAM012248	FAM011230	FAM009963	FAM008816	FAM004603	FAM005844	FAM013946	FAM007416	FAM002213	FAM006462	FAM000505	FAM006966	FAM000357	FAM004559	FAM013565	FAM013013	FAM003607	FAM002795	FAM002617	FAM005317	FAM012104	FAM006775	FAM001460	FAM004656	FAM007146	FAM001999	FAM009271	FAM009291	FAM001026	FAM006977	FAM012275	FAM005530	FAM001244	FAM006951	FAM000963	FAM004851	FAM005245	FAM002961	FAM008068	FAM001232	FAM014168	FAM010773	FAM013268	FAM134616	FAM058956	FAM033837	FAM038093	FAM028640
rep090_seed2115	FAM003179	FAM008558	FAM008233	FAM001778	FAM003558	FAM008957	FAM001511	FAM007952	FAM003075	FAM006505	FAM002064	FAM002205	FAM014016	FAM010249	FAM000849	FAM003034	FAM006400	FAM009178	FAM001416	FAM014668	FAM001288	FAM006363	FAM000177	FAM001184	FAM001662	FAM000898	FAM003042	FAM002571	FAM001572	FAM007279	FAM008960	FAM011753	FAM003408	FAM007542	FAM012575	FAM009061	FAM003163	FAM010219	FAM002214	FAM010714	FAM003331	FAM001940	FAM008306	FAM009156	FAM001034	FAM000153	FAM003679	FAM007777	FAM001318	FAM003778	FAM001966	FAM007911	FAM003378	FAM007046	FAM005935	FAM011381	FAM003161	FAM003264	FAM001731	FAM002623	FAM000835	FAM010518	FAM008432	FAM003266	FAM000140	FAM010932	FAM005124	FAM013143	FAM129820	FAM058413	FAM031602	FAM041853	FAM023420
rep091_seed2116	FAM011279	FAM007839	FAM000985	FAM003070	FAM003297	FAM000251	FAM002935	FAM000168	FAM005916	FAM002508	FAM012933	FAM004760	FAM002050	FAM005826	FAM007590	FAM003809	FAM001732	FAM002708	FAM000548	FAM002392	FAM003705	FAM003609	FAM006691	FAM005234	FAM006122	FAM006551	FAM004487	FAM003829	FAM003938	FAM007313	FAM003135	FAM004132	FAM007934	FAM008536	FAM010893	FAM001994	FAM006026	FAM002871	FAM005332	FAM008011	FAM003537	FAM001767	FAM002188	FAM003565	FAM005560	FAM012493	FAM005865	FAM006984	FAM001637	FAM002841	FAM000461	FAM009467	FAM003698	FAM000919	FAM005451	FAM000736	FAM002484	FAM005516	FAM000010	FAM004992	FAM002718	FAM003400	FAM008207	FAM007547	FAM006144	FAM005160	FAM005633	FAM008627	FAM114125	FAM068510	FAM048061	FAM034264	FAM027014
rep092_seed2117	FAM002912	FAM008133	FAM000912	FAM006958	FAM000303	FAM001745	FAM005059	FAM005125	FAM010299	FAM000273	FAM001482	FAM003517	FAM000253	FAM001416	FAM003153	FAM010504	FAM000141	FAM013113	FAM002996	FAM006773	FAM005373	FAM002632	FAM010453	FAM006041	FAM006152	FAM002024	FAM002858	FAM005091	FAM007883	FAM001710	FAM006290	FAM001518	FAM008875	FAM004960	FAM000815	FAM007578	FAM007179	FAM002527	FAM000470	FAM013420	FAM005408	FAM000896	FAM002739	FAM004883	FAM000724	FAM006764	FAM012540	FAM014059	FAM012339	FAM010041	FAM009345	FAM000139	FAM000999	FAM004134	FAM014199	FAM003468	FAM002793	FAM008630	FAM003872	FAM000195	FAM003712	FAM003780	FAM007946	FAM007150	FAM005095	FAM014304	FAM007099	FAM013774	FAM114209	FAM062873	FAM035690	FAM040221	FAM016587
rep093_seed2118	FAM006888	FAM002259	FAM003488	FAM003815	FAM005652	FAM002113	FAM004483	FAM012963	FAM013154	FAM005357	FAM007763	FAM001318	FAM003559	FAM006592	FAM006705	FAM000767	FAM002117	FAM007006	FAM002321	FAM002651	FAM004251	FAM000376	FAM008399	FAM005790	FAM004142	FAM009213	FAM005608	FAM009273	FAM006069	FAM010228	FAM001764	FAM005268	FAM012868	FAM007027	FAM002898	FAM014180	FAM006803	FAM002231	FAM005724	FAM000086	FAM006039	FAM003392	FAM001841	FAM011973	FAM006505	FAM011226	FAM009333	FAM004038	FAM000131	FAM006829	FAM011665	FAM004524	FAM004575	FAM000172	FAM002752	FAM010180	FAM004653	FAM007109	FAM009324	FAM000860	FAM004596	FAM003648	FAM009236	FAM004112	FAM004912	FAM014251	FAM013094	FAM014567	FAM146065	FAM064350	FAM033532	FAM033023	FAM024186
rep094_seed2119	FAM000261	FAM005549	FAM006651	FAM001101	FAM009051	FAM006350	FAM009418	FAM001750	FAM011064	FAM001473	FAM007466	FAM002344	FAM004918	FAM002508	FAM004681	FAM003022	FAM004971	FAM004626	FAM008121	FAM000942	FAM011292	FAM010514	FAM005993	FAM001348	FAM000454	FAM000832	FAM009272	FAM011539	FAM006301	FAM005421	FAM010910	FAM011954	FAM005907	FAM000657	FAM001816	FAM009953	FAM001851	FAM001324	FAM001978	FAM009580	FAM003075	FAM004790	FAM005344	FAM008873	FAM010453	FAM003570	FAM001915	FAM006584	FAM007799	FAM002565	FAM000703	FAM006299	FAM005564	FAM001995	FAM003089	FAM004211	FAM000529	FAM003042	FAM005115	FAM001969	FAM006429	FAM000365	FAM004254	FAM006892	FAM014695	FAM007930	FAM009928	FAM013291	FAM116406	FAM065125	FAM037406	FAM034229	FAM015565
rep095_seed2120	FAM007777	FAM006626	FAM012508	FAM007233	FAM000271	FAM007106	FAM014524	FAM003616	FAM001893	FAM006621	FAM002327	FAM004737	FAM003834	FAM004524	FAM006513	FAM011454	FAM006163	FAM001097	FAM003476	FAM008651	FAM005650	FAM003277	FAM005491	FAM001864	FAM000170	FAM004262	FAM005562	FAM001815	FAM004231	FAM004628	FAM011564	FAM002251	FAM006930	FAM003755	FAM000850	FAM009391	FAM004906	FAM008218	FAM008094	FAM000884	FAM005799	FAM006168	FAM007718	FAM011494	FAM003326	FAM003882	FAM013570	FAM001443	FAM004821	FAM008447	FAM004693	FAM001580	FAM010138	FAM007006	FAM001616	FAM000928	FAM000280	FAM003726	FAM009470	FAM005529	FAM002332	FAM005193	FAM010423	FAM004837	FAM005765	FAM010060	FAM006754	FAM012021	FAM134380	FAM064417	FAM042929	FAM035896	FAM018476
rep096_seed2121	FAM000751	FAM001940	FAM002259	FAM004584	FAM000172	FAM000148	FAM010964	FAM004804	FAM003590	FAM003245	FAM004094	FAM003682	FAM014514	FAM006504	FAM003166	FAM009026	FAM001133	FAM008650	FAM002357	FAM011470	FAM011092	FAM000275	FAM000944	FAM007216	FAM002707	FAM001820	FAM013648	FAM007698	FAM014329	FAM010927	FAM004574	FAM002722	FAM013236	FAM009600	FAM004291	FAM000870	FAM003160	FAM006997	FAM005053	FAM002532	FAM001576	FAM000753	FAM010833	FAM006882	FAM004127	FAM001963	FAM004925	FAM011529	FAM006833	FAM006277	FAM004093	FAM004113	FAM004353	FAM004057	FAM007966	FAM005355	FAM005081	FAM010961	FAM008977	FAM011372	FAM003827	FAM008313	FAM004351	FAM004201	FAM005305	FAM010040	FAM011600	FAM010344	FAM142289	FAM069090	FAM036592	FAM043460	FAM021132
rep097_seed2122	FAM008465	FAM009187	FAM008333	FAM005116	FAM000214	FAM009906	FAM008723	FAM011348	FAM008570	FAM009988	FAM001368	FAM003837	FAM006330	FAM007399	FAM001230	FAM001587	FAM011662	FAM002283	FAM006976	FAM009178	FAM001759	FAM010297	FAM000098	FAM001905	FAM009908	FAM002451	FAM004194	FAM006884	FAM007048	FAM008121	FAM005183	FAM010125	FAM002519	FAM003995	FAM004477	FAM007239	FAM014135	FAM004263	FAM002158	FAM009198	FAM008891	FAM005689	FAM007660	FAM002840	FAM000968	FAM004168	FAM000673	FAM009440	FAM009414	FAM004814	FAM008211	FAM003308	FAM005704	FAM001560	FAM003979	FAM007177	FAM005182	FAM003328	FAM000329	FAM004360	FAM003310	FAM001989	FAM013596	FAM003949	FAM007368	FAM010410	FAM007205	FAM011832	FAM141505	FAM060119	FAM036858	FAM034292	FAM021741
rep098_seed2123	FAM005935	FAM001272	FAM009388	FAM010538	FAM002754	FAM005142	FAM005497	FAM000775	FAM009746	FAM002350	FAM007111	FAM004652	FAM007797	FAM001533	FAM007053	FAM003259	FAM004869	FAM004619	FAM014573	FAM006929	FAM001380	FAM005279	FAM001700	FAM004309	FAM009966	FAM005164	FAM001873	FAM004812	FAM005364	FAM005607	FAM003823	FAM006004	FAM001744	FAM009363	FAM003688	FAM014243	FAM001488	FAM000919	FAM000222	FAM000935	FAM000369	FAM006746	FAM010655	FAM001316	FAM008957	FAM007427	FAM006088	FAM000149	FAM005522	FAM005695	FAM000953	FAM010574	FAM000461	FAM002747	FAM002813	FAM006001	FAM001782	FAM010088	FAM003598	FAM006663	FAM000104	FAM006282	FAM005509	FAM000268	FAM004697	FAM011387	FAM009838	FAM009810	FAM111201	FAM057696	FAM036789	FAM031367	FAM017153
rep099_seed2124	FAM003147	FAM004171	FAM001748	FAM001163	FAM005468	FAM000681	FAM008102	FAM001369	FAM003477	FAM005140	FAM000126	FAM004389	FAM000254	FAM003647	FAM006811	FAM013118	FAM005730	FAM004780	FAM011738	FAM014074	FAM003850	FAM014480	FAM009568	FAM000276	FAM004274	FAM005270	FAM005530	FAM010890	FAM009059	FAM001993	FAM004586	FAM002989	FAM007566	FAM000932	FAM002163	FAM002254	FAM008309	FAM006062	FAM003046	FAM002095	FAM005264	FAM011766	FAM005753	FAM005070	FAM006550	FAM000887	FAM008605	FAM001273	FAM013529	FAM007072	FAM005119	FAM013061	FAM011745	FAM006305	FAM002484	FAM000026	FAM006296	FAM009940	FAM003975	FAM001977	FAM004175	FAM002917	FAM011649	FAM007382	FAM003594	FAM008368	FAM008734	FAM012812	FAM119044	FAM060102	FAM040878	FAM033839	FAM017051
rep100_seed2125	FAM010461	FAM008705	FAM012567	FAM004494	FAM004105	FAM014254	FAM003563	FAM002128	FAM004742	FAM003902	FAM006162	FAM005083	FAM011973	FAM006910	FAM008748	FAM002655	FAM010746	FAM007992	FAM012158	FAM003957	FAM001007	FAM003670	FAM002715	FAM004977	FAM005229	FAM008499	FAM001318	FAM000676	FAM012515	FAM003003	FAM003817	FAM002963	FAM003085	FAM007844	FAM002688	FAM009286	FAM012741	FAM010789	FAM000130	FAM000266	FAM003673	FAM011447	FAM001382	FAM013099	FAM002678	FAM001992	FAM006184	FAM003435	FAM004408	FAM011867	FAM002232	FAM008794	FAM007941	FAM002148	FAM000095	FAM000818	FAM003026	FAM000671	FAM009537	FAM002789	FAM004996	FAM001843	FAM006419	FAM006523	FAM004783	FAM011526	FAM011243	FAM009394	FAM141431	FAM063206	FAM035253	FAM038875	FAM029000
rep101_seed2126	FAM008547	FAM001961	FAM001655	FAM002664	FAM002525	FAM007758	FAM013691	FAM000594	FAM007492	FAM003214	FAM006428	FAM009749	FAM002034	FAM001167	FAM007076	FAM004747	FAM011372	FAM000136	FAM000631	FAM003493	FAM001069	FAM006683	FAM000979	FAM006033	FAM006229	FAM007759	FAM001526	FAM000196	FAM004610	FAM001729	FAM002951	FAM000628	FAM006116	FAM002093	FAM010339	FAM001072	FAM003197	FAM000270	FAM003201	FAM005061	FAM007566	FAM009918	FAM003918	FAM006342	FAM009608	FAM012252	FAM007788	FAM001942	FAM004009	FAM007641	FAM004167	FAM006816	FAM003034	FAM001039	FAM010122	FAM012133	FAM000924	FAM001352	FAM004162	FAM003963	FAM004474	FAM004348	FAM009692	FAM010305	FAM008123	FAM009348	FAM010511	FAM010955	FAM138279	FAM057696	FAM039887	FAM031969	FAM015140
rep102_seed2127	FAM006774	FAM006599	FAM010205	FAM006888	FAM006541	FAM005747	FAM003625	FAM006121	FAM004484	FAM004804	FAM003992	FAM004023	FAM005631	FAM009829	FAM010256	FAM013722	FAM000086	FAM004126	FAM000385	FAM004355	FAM003912	FAM014060	FAM005666	FAM007711	FAM008857	FAM002198	FAM010289	FAM007054	FAM004897	FAM005027	FAM005706	FAM001488	FAM012622	FAM004493	FAM000808	FAM007423	FAM002256	FAM004677	FAM002072	FAM008164	FAM014119	FAM004648	FAM000619	FAM000724	FAM006973	FAM008204	FAM000309	FAM004250	FAM004883	FAM006601	FAM000258	FAM001283	FAM005227	FAM004788	FAM001517	FAM013967	FAM000060	FAM014342	FAM004373	FAM000776	FAM000152	FAM002646	FAM004061	FAM011000	FAM005276	FAM009278	FAM010717	FAM012001	FAM131819	FAM064483	FAM038736	FAM034638	FAM026412
rep103_seed2128	FAM000862	FAM007367	FAM006448	FAM012722	FAM004992	FAM000099	FAM006464	FAM002145	FAM009033	FAM000475	FAM002490	FAM013397	FAM008676	FAM008062	FAM001686	FAM005568	FAM000853	FAM001787	FAM005252	FAM000007	FAM011713	FAM004718	FAM006355	FAM012343	FAM002863	FAM004689	FAM005199	FAM008527	FAM002770	FAM004667	FAM003869	FAM004307	FAM000725	FAM005618	FAM001868	FAM011502	FAM010585	FAM000335	FAM010542	FAM012135	FAM002742	FAM000037	FAM010477	FAM009200	FAM002566	FAM005376	FAM000309	FAM003797	FAM005799	FAM002657	FAM008189	FAM010023	FAM001731	FAM004295	FAM004774	FAM006164	FAM012522	FAM003922	FAM003207	FAM000362	FAM007941	FAM007680	FAM003963	FAM014656	FAM007531	FAM011777	FAM006510	FAM006341	FAM119750	FAM078527	FAM034395	FAM038535	FAM018966
rep104_seed2129	FAM001191	FAM005528	FAM008288	FAM008465	FAM000095	FAM008088	FAM005623	FAM002302	FAM005675	FAM001200	FAM005884	FAM000556	FAM009911	FAM000234	FAM005832	FAM004425	FAM000210	FAM012929	FAM004903	FAM002005	FAM003534	FAM013210	FAM003929	FAM004214	FAM009065	FAM002828	FAM003048	FAM001997	FAM006867	FAM006442	FAM003310	FAM009235	FAM003339	FAM006736	FAM000750	FAM009570	FAM005948	FAM000983	FAM011089	FAM005603	FAM002793	FAM004594	FAM006333	FAM014682	FAM002488	FAM002230	FAM001741	FAM004387	FAM010447	FAM005697	FAM005658	FAM008783	FAM002104	FAM007837	FAM002624	FAM007247	FAM005192	FAM006317	FAM007735	FAM005123	FAM008184	FAM001825	FAM002967	FAM002825	FAM006687	FAM014134	FAM009983	FAM010222	FAM138166	FAM064522	FAM033805	FAM035749	FAM026041
rep105_seed2130	FAM009518	FAM003768	FAM001505	FAM000314	FAM003069	FAM004081	FAM003952	FAM001125	FAM010138	FAM005856	FAM004015	FAM004541	FAM000821	FAM004338	FAM008465	FAM001457	FAM000869	FAM008535	FAM007458	FAM000175	FAM007485	FAM007161	FAM013469	FAM005130	FAM007222	FAM001937	FAM003098	FAM010232	FAM008286	FAM006767	FAM005692	FAM008460	FAM011113	FAM005818	FAM004509	FAM000087	FAM013337	FAM007893	FAM004577	FAM002357	FAM010569	FAM002838	FAM010157	FAM006479	FAM006456	FAM000481	FAM009795	FAM012915	FAM010573	FAM013767	FAM007061	FAM002069	FAM004393	FAM008934	FAM006098	FAM007475	FAM012942	FAM000871	FAM001241	FAM002402	FAM005254	FAM002018	FAM002090	FAM007868	FAM009360	FAM009914	FAM005007	FAM008161	FAM139858	FAM066711	FAM030849	FAM037742	FAM016391
rep106_seed2131	FAM008153	FAM001226	FAM001478	FAM004008	FAM005602	FAM000119	FAM003457	FAM004373	FAM002669	FAM004158	FAM006239	FAM012845	FAM013900	FAM008703	FAM011102	FAM012060	FAM002842	FAM008040	FAM002094	FAM004284	FAM002913	FAM001324	FAM005084	FAM008080	FAM002807	FAM006390	FAM010362	FAM000840	FAM004626	FAM013584	FAM003024	FAM003401	FAM006436	FAM005838	FAM003205	FAM008286	FAM004694	FAM001543	FAM000014	FAM003140	FAM007863	FAM003514	FAM007581	FAM003601	FAM001632	FAM005595	FAM002901	FAM010993	FAM009855	FAM000043	FAM003253	FAM001355	FAM007330	FAM002252	FAM006355	FAM002170	FAM009343	FAM006745	FAM001462	FAM004913	FAM006147	FAM009959	FAM013050	FAM002128	FAM009005	FAM009453	FAM010126	FAM007481	FAM136414	FAM077915	FAM030871	FAM034744	FAM014887
rep107_seed2132	FAM004927	FAM009061	FAM000157	FAM009958	FAM000380	FAM007586	FAM011281	FAM002989	FAM005891	FAM003788	FAM002747	FAM003095	FAM009447	FAM007698	FAM005683	FAM000559	FAM007488	FAM001476	FAM005665	FAM002558	FAM000056	FAM002504	FAM003216	FAM004608	FAM005123	FAM001273	FAM003945	FAM003195	FAM005145	FAM000454	FAM000172	FAM006596	FAM013953	FAM013505	FAM006529	FAM010762	FAM012398	FAM002101	FAM009746	FAM005213	FAM010636	FAM002953	FAM005504	FAM004424	FAM004150	FAM012092	FAM003452	FAM002913	FAM006682	FAM004928	FAM007805	FAM005724	FAM006300	FAM005816	FAM014097	FAM001341	FAM004612	FAM001623	FAM002440	FAM002965	FAM002934	FAM001645	FAM006997	FAM013020	FAM010756	FAM011456	FAM006885	FAM013644	FAM123046	FAM073438	FAM046534	FAM035746	FAM016248
rep108_seed2133	FAM008421	FAM004244	FAM008854	FAM007002	FAM005660	FAM004385	FAM007883	FAM006434	FAM004648	FAM011836	FAM001060	FAM005818	FAM002713	FAM000636	FAM003949	FAM006268	FAM008729	FAM002918	FAM006970	FAM003146	FAM004671	FAM007057	FAM006775	FAM006778	FAM008859	FAM005240	FAM008400	FAM002313	FAM001600	FAM006977	FAM000993	FAM001092	FAM004020	FAM010468	FAM003059	FAM004520	FAM004402	FAM004778	FAM000464	FAM001694	FAM002401	FAM006405	FAM012735	FAM013449	FAM000220	FAM003987	FAM005275	FAM006047	FAM007557	FAM002729	FAM002006	FAM000943	FAM007715	FAM001219	FAM010756	FAM001883	FAM008464	FAM007448	FAM009252	FAM004429	FAM000579	FAM005624	FAM004800	FAM003295	FAM007590	FAM009086	FAM012452	FAM014614	FAM108752	FAM060122	FAM041558	FAM035199	FAM016178
rep109_seed2134	FAM005944	FAM000149	FAM008473	FAM002806	FAM003950	FAM009409	FAM004648	FAM006515	FAM008746	FAM002481	FAM004919	FAM005196	FAM000665	FAM006058	FAM004285	FAM001345	FAM001382	FAM001766	FAM008740	FAM000504	FAM004417	FAM004673	FAM008977	FAM010866	FAM006707	FAM001358	FAM007960	FAM004694	FAM003101	FAM003137	FAM007466	FAM004945	FAM008138	FAM011938	FAM006285	FAM010469	FAM001669	FAM002395	FAM005016	FAM007586	FAM007539	FAM002526	FAM003561	FAM002212	FAM003525	FAM012761	FAM010111	FAM004854	FAM004667	FAM006749	FAM009557	FAM008251	FAM010460	FAM000005	FAM000557	FAM002224	FAM001272	FAM000479	FAM006469	FAM005803	FAM000960	FAM001552	FAM007559	FAM003279	FAM006763	FAM013352	FAM008456	FAM012053	FAM139917	FAM062820	FAM039247	FAM041641	FAM025162
rep110_seed2135	FAM001043	FAM006109	FAM003742	FAM004768	FAM001309	FAM000417	FAM010796	FAM007968	FAM009383	FAM005213	FAM007747	FAM000381	FAM004163	FAM000822	FAM004762	FAM004552	FAM006683	FAM010231	FAM001828	FAM007461	FAM003378	FAM004275	FAM007593	FAM005313	FAM014675	FAM004592	FAM004009	FAM004466	FAM009950	FAM000541	FAM003561	FAM002093	FAM002842	FAM009160	FAM010793	FAM000242	FAM004949	FAM006132	FAM004456	FAM012956	FAM002666	FAM004756	FAM012533	FAM005051	FAM002798	FAM003230	FAM012785	FAM003188	FAM004907	FAM004361	FAM001221	FAM005651	FAM014611	FAM001053	FAM000459	FAM006788	FAM001562	FAM004321	FAM000220	FAM010101	FAM010957	FAM014180	FAM003841	FAM004285	FAM001610	FAM013089	FAM008851	FAM013510	FAM116476	FAM067943	FAM042465	FAM032778	FAM028720
rep111_seed2136	FAM011444	FAM009244	FAM005179	FAM005119	FAM005156	FAM003702	FAM003808	FAM003013	FAM009707	FAM002806	FAM002375	FAM001636	FAM001441	FAM002868	FAM002551	FAM001537	FAM006005	FAM000129	FAM009608	FAM009547	FAM005030	FAM009194	FAM013000	FAM000698	FAM005425	FAM002713	FAM001048	FAM009632	FAM000713	FAM006434	FAM010441	FAM003369	FAM000627	FAM012962	FAM006523	FAM008526	FAM007979	FAM002707	FAM005993	FAM004610	FAM007964	FAM010977	FAM005087	FAM000371	FAM006027	FAM004846	FAM008070	FAM004605	FAM003744	FAM003086	FAM004975	FAM004469	FAM003558	FAM001665	FAM005275	FAM002118	FAM000548	FAM002302	FAM005291	FAM005820	FAM003763	FAM005845	FAM006203	FAM014480	FAM012358	FAM008769	FAM010178	FAM014500	FAM133527	FAM062662	FAM046486	FAM039498	FAM021916
rep112_seed2137	FAM005497	FAM002407	FAM005477	FAM005394	FAM009316	FAM000337	FAM004950	FAM003148	FAM014471	FAM004556	FAM005857	FAM003665	FAM010292	FAM002034	FAM007752	FAM008916	FAM000053	FAM002404	FAM007700	FAM000438	FAM000439	FAM012770	FAM007228	FAM002665	FAM002287	FAM002040	FAM002934	FAM003586	FAM004121	FAM005707	FAM001814	FAM000126	FAM004877	FAM005735	FAM001892	FAM001291	FAM004433	FAM008567	FAM009426	FAM000130	FAM006268	FAM009150	FAM000111	FAM003899	FAM005658	FAM003749	FAM003662	FAM000573	FAM005934	FAM012201	FAM012125	FAM004412	FAM005310	FAM006821	FAM014375	FAM000713	FAM005400	FAM001249	FAM002431	FAM004337	FAM003204	FAM005560	FAM001908	FAM004241	FAM005849	FAM009227	FAM008177	FAM009793	FAM123605	FAM058447	FAM032474	FAM029695	FAM023512
rep113_seed2138	FAM002752	FAM000521	FAM009197	FAM008355	FAM008814	FAM003392	FAM003719	FAM004930	FAM007118	FAM005436	FAM000513	FAM001626	FAM010321	FAM003959	FAM008977	FAM010056	FAM001566	FAM003109	FAM004920	FAM002810	FAM008493	FAM001035	FAM002935	FAM005110	FAM001801	FAM000363	FAM003148	FAM008167	FAM008578	FAM000808	FAM004117	FAM001610	FAM009156	FAM007574	FAM001081	FAM007494	FAM011412	FAM003594	FAM004493	FAM003274	FAM003064	FAM008857	FAM002953	FAM004788	FAM000730	FAM005936	FAM000533	FAM000129	FAM001564	FAM002060	FAM002178	FAM010028	FAM001512	FAM003018	FAM012951	FAM007195	FAM003581	FAM004718	FAM003229	FAM001046	FAM001661	FAM002728	FAM006844	FAM012075	FAM002684	FAM006777	FAM007338	FAM007312	FAM125885	FAM075301	FAM030299	FAM042515	FAM027880
rep114_seed2139	FAM010903	FAM003698	FAM014228	FAM010197	FAM005048	FAM003743	FAM004763	FAM001448	FAM003241	FAM000657	FAM010317	FAM001133	FAM002236	FAM008401	FAM005538	FAM004065	FAM000270	FAM004801	FAM006309	FAM006920	FAM004907	FAM002277	FAM003019	FAM000234	FAM009717	FAM007577	FAM001356	FAM004760	FAM011680	FAM009829	FAM008474	FAM009066	FAM011807	FAM013638	FAM001986	FAM006302	FAM004857	FAM005878	FAM004353	FAM006388	FAM004649	FAM004152	FAM012293	FAM005505	FAM000958	FAM012307	FAM000146	FAM012077	FAM004052	FAM007053	FAM003304	FAM010166	FAM006009	FAM001145	FAM007325	FAM005600	FAM000995	FAM009763	FAM000756	FAM004110	FAM001758	FAM001481	FAM001389	FAM000850	FAM001769	FAM011464	FAM007845	FAM009444	FAM139845	FAM069090	FAM038671	FAM040638	FAM025424
rep115_seed2140	FAM008641	FAM008686	FAM001687	FAM008527	FAM002526	FAM013789	FAM005475	FAM005542	FAM007234	FAM003860	FAM001240	FAM004294	FAM004986	FAM012942	FAM001143	FAM005283	FAM002863	FAM006495	FAM002228	FAM003580	FAM005706	FAM011381	FAM003572	FAM004472	FAM004317	FAM003541	FAM009379	FAM004004	FAM012227	FAM012946	FAM008235	FAM006792	FAM004210	FAM012190	FAM002864	FAM002960	FAM002910	FAM009284	FAM000879	FAM002883	FAM001227	FAM002088	FAM003942	FAM006459	FAM004352	FAM005229	FAM006058	FAM002226	FAM005064	FAM006171	FAM001433	FAM007759	FAM007684	FAM009565	FAM006785	FAM002223	FAM006456	FAM003067	FAM009169	FAM001292	FAM005336	FAM005022	FAM002620	FAM010524	FAM002862	FAM013883	FAM007942	FAM008145	FAM127211	FAM066148	FAM042497	FAM036712	FAM022763
rep116_seed2141	FAM006276	FAM010198	FAM010185	FAM002600	FAM002941	FAM006040	FAM000402	FAM007823	FAM002231	FAM004725	FAM010290	FAM001132	FAM000660	FAM003475	FAM002526	FAM001194	FAM006480	FAM002656	FAM000266	FAM006642	FAM000003	FAM012220	FAM004654	FAM003411	FAM008467	FAM003933	FAM004382	FAM009876	FAM001188	FAM010447	FAM000115	FAM003594	FAM010775	FAM005666	FAM008559	FAM007201	FAM001160	FAM002413	FAM004057	FAM003247	FAM002424	FAM004922	FAM005249	FAM011438	FAM010610	FAM003078	FAM011064	FAM000863	FAM001698	FAM004478	FAM003346	FAM007730	FAM014504	FAM003046	FAM002729	FAM004705	FAM000855	FAM002355	FAM014239	FAM010835	FAM002938	FAM009217	FAM001951	FAM003238	FAM010527	FAM011222	FAM011627	FAM011948	FAM140094	FAM061846	FAM029225	FAM033723	FAM016417
rep117_seed2142	FAM000834	FAM002153	FAM002263	FAM003579	FAM006522	FAM001706	FAM008517	FAM001150	FAM003554	FAM002442	FAM002935	FAM002164	FAM003076	FAM002873	FAM002225	FAM006003	FAM009015	FAM008203	FAM002894	FAM002783	FAM012940	FAM005544	FAM007416	FAM004791	FAM004993	FAM002070	FAM002542	FAM005537	FAM003386	FAM007091	FAM008818	FAM001291	FAM002741	FAM000574	FAM004360	FAM000595	FAM007242	FAM003182	FAM008443	FAM006324	FAM013722	FAM001028	FAM003230	FAM004111	FAM003887	FAM005358	FAM002711	FAM001493	FAM006305	FAM011085	FAM013420	FAM002732	FAM012307	FAM000749	FAM008142	FAM000440	FAM006331	FAM008058	FAM005691	FAM005248	FAM005811	FAM005874	FAM007967	FAM005966	FAM002643	FAM011115	FAM007178	FAM008751	FAM112038	FAM061853	FAM031935	FAM041805	FAM017193
rep118_seed2143	FAM003420	FAM000774	FAM004233	FAM009729	FAM004692	FAM002617	FAM001326	FAM005533	FAM001777	FAM004454	FAM002851	FAM000092	FAM006395	FAM002732	FAM002980	FAM001865	FAM000094	FAM007512	FAM005135	FAM004298	FAM008185	FAM005855	FAM012741	FAM002027	FAM006961	FAM008464	FAM002150	FAM004023	FAM000090	FAM012933	FAM000446	FAM006970	FAM005368	FAM006964	FAM005115	FAM005098	FAM011500	FAM005334	FAM006756	FAM003711	FAM012772	FAM001534	FAM013041	FAM004973	FAM003316	FAM004158	FAM002403	FAM004136	FAM006722	FAM007203	FAM002606	FAM003128	FAM004193	FAM007100	FAM003829	FAM003669	FAM010937	FAM008562	FAM002519	FAM011147	FAM000578	FAM000777	FAM009149	FAM007786	FAM006406	FAM008880	FAM006249	FAM014550	FAM118886	FAM058456	FAM035076	FAM029280	FAM023310
rep119_seed2144	FAM008400	FAM009060	FAM000762	FAM013678	FAM004952	FAM012248	FAM011825	FAM005040	FAM005200	FAM004929	FAM002269	FAM000071	FAM000773	FAM010878	FAM009369	FAM004705	FAM000169	FAM008564	FAM014296	FAM006825	FAM002591	FAM005238	FAM000317	FAM004554	FAM000632	FAM006140	FAM009698	FAM006105	FAM002183	FAM011107	FAM010984	FAM001273	FAM000855	FAM003265	FAM011322	FAM001155	FAM001149	FAM004296	FAM007691	FAM004963	FAM002985	FAM003692	FAM004237	FAM001028	FAM000126	FAM006002	FAM006019	FAM004109	FAM008841	FAM014273	FAM003209	FAM001283	FAM005469	FAM003083	FAM006035	FAM005845	FAM001528	FAM004883	FAM000213	FAM000620	FAM001321	FAM002927	FAM006634	FAM004869	FAM012501	FAM012289	FAM009370	FAM011424	FAM114705	FAM059018	FAM048319	FAM040755	FAM017841
rep120_seed2145	FAM005532	FAM001229	FAM008525	FAM010574	FAM001520	FAM006692	FAM005298	FAM003246	FAM005525	FAM003748	FAM011767	FAM001617	FAM003612	FAM008406	FAM002246	FAM006833	FAM000584	FAM000163	FAM001181	FAM003170	FAM009431	FAM001268	FAM014458	FAM013554	FAM006182	FAM012096	FAM007681	FAM008519	FAM005186	FAM005723	FAM004674	FAM000989	FAM005959	FAM007516	FAM004114	FAM008578	FAM003753	FAM004156	FAM005697	FAM003464	FAM003926	FAM004503	FAM003071	FAM004215	FAM001330	FAM003868	FAM001809	FAM001563	FAM001084	FAM006126	FAM004216	FAM009963	FAM004245	FAM002348	FAM001451	FAM012255	FAM008910	FAM006188	FAM001209	FAM006972	FAM001179	FAM010195	FAM003398	FAM004777	FAM001079	FAM007595	FAM010004	FAM010322	FAM128679	FAM062457	FAM039639	FAM040143	FAM024276
rep121_seed2146	FAM001086	FAM004722	FAM004280	FAM008767	FAM003870	FAM013986	FAM005155	FAM013634	FAM009023	FAM010461	FAM005286	FAM008596	FAM009703	FAM008187	FAM004025	FAM012481	FAM003807	FAM001216	FAM008857	FAM009100	FAM014686	FAM000546	FAM013951	FAM005979	FAM005135	FAM003849	FAM001544	FAM012756	FAM004068	FAM012020	FAM005348	FAM007088	FAM003635	FAM001863	FAM000734	FAM007648	FAM001309	FAM002719	FAM002368	FAM000177	FAM009194	FAM002741	FAM001283	FAM009404	FAM004183	FAM006728	FAM000555	FAM000747	FAM004041	FAM000373	FAM001434	FAM002361	FAM014541	FAM004169	FAM009031	FAM007894	FAM002762	FAM001408	FAM009213	FAM002152	FAM014682	FAM002721	FAM001742	FAM002258	FAM007706	FAM008410	FAM011950	FAM010213	FAM129996	FAM059952	FAM042929	FAM036669	FAM018286
rep122_seed2147	FAM008123	FAM003630	FAM002468	FAM005097	FAM002695	FAM002850	FAM001485	FAM005600	FAM006459	FAM005622	FAM013273	FAM008152	FAM001524	FAM002276	FAM002511	FAM002844	FAM008166	FAM002944	FAM002715	FAM009544	FAM001182	FAM008514	FAM001232	FAM006843	FAM002662	FAM001700	FAM005910	FAM002457	FAM008108	FAM001818	FAM009063	FAM009437	FAM002986	FAM001690	FAM010796	FAM002694	FAM001134	FAM000139	FAM003315	FAM013074	FAM001752	FAM001878	FAM010048	FAM013123	FAM010497	FAM005671	FAM005142	FAM002076	FAM007673	FAM005252	FAM000789	FAM008564	FAM001289	FAM005469	FAM007149	FAM010859	FAM001628	FAM001468	FAM005068	FAM006982	FAM012724	FAM002214	FAM006020	FAM001547	FAM001236	FAM014285	FAM006713	FAM012385	FAM143494	FAM058369	FAM032587	FAM036748	FAM019547
rep123_seed2148	FAM004844	FAM011986	FAM001038	FAM003993	FAM009913	FAM010299	FAM009894	FAM000144	FAM006629	FAM006025	FAM008481	FAM004984	FAM009655	FAM009855	FAM003216	FAM000065	FAM000114	FAM014429	FAM009461	FAM010048	FAM005790	FAM007246	FAM002749	FAM004735	FAM004344	FAM006020	FAM008395	FAM000402	FAM005597	FAM005413	FAM006251	FAM003031	FAM004795	FAM009870	FAM006648	FAM001174	FAM001264	FAM001362	FAM006780	FAM003815	FAM006363	FAM007528	FAM000323	FAM011417	FAM005054	FAM002639	FAM002169	FAM010423	FAM006287	FAM000487	FAM011280	FAM009591	FAM013276	FAM003527	FAM004286	FAM000355	FAM004641	FAM001640	FAM004736	FAM006626	FAM001685	FAM005997	FAM000465	FAM002475	FAM003136	FAM008095	FAM014631	FAM012615	FAM128952	FAM075366	FAM041775	FAM042150	FAM025498
rep124_seed2149	FAM006109	FAM009305	FAM002592	FAM014135	FAM008261	FAM004504	FAM001005	FAM006127	FAM008661	FAM010371	FAM008125	FAM005643	FAM002746	FAM006845	FAM012770	FAM001631	FAM004970	FAM007104	FAM005516	FAM001450	FAM009815	FAM004286	FAM008187	FAM009228	FAM012008	FAM001804	FAM005753	FAM013911	FAM000367	FAM011982	FAM011107	FAM002205	FAM004102	FAM004089	FAM008291	FAM002739	FAM001104	FAM005205	FAM005364	FAM011963	FAM003496	FAM003000	FAM003593	FAM012215	FAM008401	FAM003506	FAM000760	FAM007891	FAM003887	FAM002682	FAM013070	FAM004641	FAM009934	FAM006487	FAM004891	FAM008268	FAM007629	FAM001198	FAM005482	FAM008562	FAM003256	FAM001754	FAM011655	FAM004423	FAM001727	FAM012387	FAM010855	FAM003731	FAM108198	FAM063140	FAM049229	FAM031831	FAM018454
rep125_seed2150	FAM008617	FAM001766	FAM000851	FAM003746	FAM000196	FAM010728	FAM013448	FAM009491	FAM001299	FAM002944	FAM003068	FAM000453	FAM002327	FAM012350	FAM010339	FAM007799	FAM008772	FAM001528	FAM001320	FAM004020	FAM002983	FAM002719	FAM004975	FAM000938	FAM001746	FAM001979	FAM000609	FAM011483	FAM005362	FAM008129	FAM007001	FAM002377	FAM005866	FAM002482	FAM014601	FAM002999	FAM000531	FAM002890	FAM002848	FAM000440	FAM000287	FAM001539	FAM007547	FAM009244	FAM003885	FAM001372	FAM003025	FAM003753	FAM001551	FAM005091	FAM000462	FAM009986	FAM008347	FAM006965	FAM002348	FAM001901	FAM009160	FAM003095	FAM002896	FAM006415	FAM000877	FAM009758	FAM001572	FAM001575	FAM014459	FAM009068	FAM007538	FAM015109	FAM131819	FAM061284	FAM029586	FAM035542	FAM028012
rep126_seed2151	FAM004293	FAM009410	FAM007865	FAM008891	FAM008499	FAM006263	FAM006171	FAM009198	FAM002122	FAM010703	FAM006185	FAM002740	FAM008101	FAM001103	FAM011539	FAM004266	FAM003234	FAM006760	FAM006857	FAM002076	FAM003244	FAM013021	FAM001400	FAM007350	FAM014121	FAM007453	FAM002607	FAM009176	FAM002898	FAM002851	FAM007271	FAM002094	FAM005308	FAM009019	FAM006201	FAM005470	FAM004517	FAM003371	FAM002311	FAM010594	FAM005676	FAM001686	FAM003637	FAM001751	FAM006357	FAM003128	FAM013550	FAM009528	FAM002176	FAM006478	FAM005103	FAM010022	FAM004264	FAM001317	FAM003432	FAM002005	FAM009113	FAM001291	FAM005141	FAM004175	FAM007829	FAM002638	FAM004109	FAM013522	FAM002161	FAM010856	FAM013395	FAM008180	FAM137442	FAM073542	FAM038557	FAM036328	FAM028477
rep127_seed2152	FAM002842	FAM004470	FAM013397	FAM003130	FAM003067	FAM000680	FAM011130	FAM004894	FAM001045	FAM003592	FAM001871	FAM004454	FAM000423	FAM007140	FAM001721	FAM013621	FAM001421	FAM004790	FAM003196	FAM000455	FAM004853	FAM002625	FAM002496	FAM008883	FAM002212	FAM000302	FAM010284	FAM000906	FAM007487	FAM000075	FAM005520	FAM006406	FAM001663	FAM011467	FAM007621	FAM003549	FAM011852	FAM013671	FAM012060	FAM012383	FAM009473	FAM005257	FAM000630	FAM005264	FAM007001	FAM004976	FAM010202	FAM004105	FAM002391	FAM004651	FAM000298	FAM007992	FAM004681	FAM005371	FAM011005	FAM005733	FAM001775	FAM004079	FAM003685	FAM006028	FAM000927	FAM003463	FAM011576	FAM002423	FAM003633	FAM009161	FAM012673	FAM012969	FAM118690	FAM064313	FAM033195	FAM036803	FAM022085
rep128_seed2153	FAM013099	FAM005218	FAM002795	FAM004789	FAM005692	FAM004510	FAM009516	FAM002962	FAM006525	FAM011622	FAM002672	FAM003026	FAM011636	FAM005430	FAM012942	FAM001836	FAM013497	FAM006859	FAM002307	FAM007534	FAM005984	FAM010239	FAM007555	FAM009125	FAM007120	FAM014090	FAM010399	FAM011615	FAM004009	FAM007986	FAM001173	FAM001474	FAM005352	FAM011425	FAM000547	FAM009996	FAM004180	FAM005637	FAM008768	FAM000884	FAM004616	FAM006821	FAM004044	FAM002648	FAM000983	FAM004642	FAM000220	FAM006254	FAM013397	FAM004478	FAM001943	FAM005780	FAM013637	FAM006334	FAM006934	FAM013013	FAM003039	FAM004637	FAM001656	FAM002885	FAM014471	FAM003660	FAM006927	FAM004548	FAM005060	FAM011777	FAM006659	FAM012520	FAM133959	FAM064443	FAM041982	FAM040664	FAM027335
rep129_seed2154	FAM000420	FAM004430	FAM013216	FAM007469	FAM007925	FAM009688	FAM009711	FAM004384	FAM007187	FAM008263	FAM009272	FAM002924	FAM007654	FAM000892	FAM000362	FAM007687	FAM001287	FAM003610	FAM003892	FAM002704	FAM001831	FAM001603	FAM001879	FAM001730	FAM003913	FAM008472	FAM006173	FAM000090	FAM006442	FAM005479	FAM009447	FAM000151	FAM008559	FAM012336	FAM001143	FAM002633	FAM014273	FAM000678	FAM011563	FAM006874	FAM010195	FAM013294	FAM010588	FAM003912	FAM009922	FAM004971	FAM006429	FAM013996	FAM007096	FAM002403	FAM007044	FAM000756	FAM003121	FAM004843	FAM004180	FAM012735	FAM002353	FAM002681	FAM003733	FAM007244	FAM012778	FAM004411	FAM001645	FAM003786	FAM011656	FAM011044	FAM014402	FAM014077	FAM129029	FAM058956	FAM036830	FAM039655	FAM024226
rep130_seed2155	FAM002061	FAM005849	FAM009583	FAM004355	FAM008754	FAM005152	FAM001674	FAM007424	FAM007246	FAM003361	FAM002169	FAM002934	FAM004686	FAM002847	FAM001815	FAM002006	FAM003056	FAM010804	FAM002636	FAM004078	FAM011636	FAM002022	FAM008252	FAM006814	FAM005340	FAM007642	FAM010288	FAM005643	FAM006741	FAM014690	FAM002848	FAM007518	FAM005502	FAM006375	FAM007972	FAM010617	FAM009140	FAM006772	FAM009112	FAM009178	FAM009268	FAM001567	FAM001221	FAM002342	FAM005270	FAM007653	FAM000608	FAM008696	FAM003140	FAM005955	FAM010916	FAM005688	FAM003696	FAM006761	FAM012829	FAM000590	FAM006766	FAM001851	FAM001768	FAM000127	FAM001396	FAM006956	FAM008854	FAM005025	FAM012476	FAM007227	FAM009503	FAM011707	FAM136947	FAM059653	FAM029586	FAM036187	FAM027997
rep131_seed2156	FAM003905	FAM010048	FAM002730	FAM003523	FAM013781	FAM008196	FAM007347	FAM006384	FAM011498	FAM006493	FAM002406	FAM013457	FAM002746	FAM010407	FAM005738	FAM005382	FAM006703	FAM000358	FAM009312	FAM008103	FAM007424	FAM002345	FAM003196	FAM005164	FAM002677	FAM003950	FAM002808	FAM010522	FAM003354	FAM009817	FAM012008	FAM000107	FAM003425	FAM005525	FAM008829	FAM003076	FAM002837	FAM007288	FAM005244	FAM001703	FAM001547	FAM008821	FAM004431	FAM001831	FAM008082	FAM006296	FAM003430	FAM007088	FAM001678	FAM002531	FAM003874	FAM005105	FAM006961	FAM008908	FAM000683	FAM006138	FAM011766	FAM002739	FAM001327	FAM004087	FAM005747	FAM007415	FAM003586	FAM011438	FAM006147	FAM012289	FAM013602	FAM012496	FAM109568	FAM059684	FAM036858	FAM043359	FAM027167
rep132_seed2157	FAM011675	FAM000693	FAM013752	FAM012123	FAM001380	FAM003143	FAM012489	FAM006533	FAM004904	FAM004696	FAM008707	FAM003438	FAM004999	FAM004720	FAM002655	FAM006294	FAM007818	FAM010167	FAM003214	FAM006446	FAM002271	FAM004175	FAM011574	FAM008006	FAM011840	FAM005755	FAM008626	FAM008830	FAM002635	FAM008807	FAM012485	FAM003234	FAM009959	FAM007720	FAM004150	FAM002699	FAM007709	FAM003033	FAM007735	FAM007681	FAM002692	FAM000870	FAM004321	FAM009829	FAM000405	FAM007535	FAM006769	FAM002741	FAM005402	FAM012258	FAM007001	FAM001576	FAM000798	FAM000276	FAM004576	FAM010949	FAM004256	FAM005844	FAM004381	FAM007373	FAM003445	FAM001955	FAM003055	FAM002525	FAM010627	FAM009999	FAM008587	FAM012095	FAM138137	FAM060213	FAM034823	FAM043427	FAM023128
rep133_seed2158	FAM004296	FAM010386	FAM002784	FAM005454	FAM005476	FAM007004	FAM001966	FAM003260	FAM007108	FAM011885	FAM008857	FAM001944	FAM002455	FAM000849	FAM008564	FAM003460	FAM006805	FAM003884	FAM001306	FAM009550	FAM005318	FAM009940	FAM004913	FAM000123	FAM003089	FAM008467	FAM007375	FAM008203	FAM007062	FAM001437	FAM003041	FAM005349	FAM001879	FAM002326	FAM003478	FAM000985	FAM002885	FAM003675	FAM001313	FAM001252	FAM004572	FAM014278	FAM001786	FAM003070	FAM013417	FAM007694	FAM010626	FAM006262	FAM013241	FAM000125	FAM004688	FAM003032	FAM001941	FAM011239	FAM005849	FAM002650	FAM010185	FAM008016	FAM005694	FAM001901	FAM003588	FAM001573	FAM006728	FAM005293	FAM008437	FAM008940	FAM014374	FAM013924	FAM119075	FAM065622	FAM042108	FAM032308	FAM024516
rep134_seed2159	FAM004521	FAM000506	FAM004226	FAM009424	FAM000574	FAM005605	FAM003159	FAM005249	FAM003030	FAM003491	FAM007053	FAM002390	FAM009721	FAM011157	FAM007680	FAM002567	FAM003289	FAM005153	FAM000315	FAM005287	FAM002790	FAM004805	FAM000251	FAM002336	FAM000623	FAM005193	FAM001747	FAM001445	FAM001996	FAM004694	FAM003000	FAM005518	FAM001771	FAM014074	FAM004000	FAM005234	FAM008160	FAM003895	FAM004549	FAM001009	FAM008840	FAM009796	FAM006345	FAM004355	FAM007089	FAM001986	FAM004092	FAM010607	FAM006692	FAM007686	FAM005945	FAM012201	FAM006757	FAM003288	FAM000793	FAM005743	FAM002514	FAM010425	FAM013210	FAM008977	FAM002669	FAM003550	FAM000291	FAM012895	FAM002131	FAM011094	FAM010227	FAM007231	FAM138500	FAM062820	FAM029798	FAM031983	FAM016216
rep135_seed2160	FAM006544	FAM005447	FAM006612	FAM004533	FAM002871	FAM007945	FAM000097	FAM005604	FAM005148	FAM002792	FAM013237	FAM012925	FAM010251	FAM000380	FAM003193	FAM005776	FAM000204	FAM007393	FAM006791	FAM013505	FAM002643	FAM001951	FAM000260	FAM007044	FAM000375	FAM000753	FAM010504	FAM013788	FAM000854	FAM008058	FAM007457	FAM010048	FAM002944	FAM007717	FAM001070	FAM000271	FAM006387	FAM003135	FAM003635	FAM008296	FAM000954	FAM003716	FAM005949	FAM001229	FAM003287	FAM008132	FAM008942	FAM009056	FAM004634	FAM007774	FAM003285	FAM010028	FAM011107	FAM008995	FAM005730	FAM013984	FAM000612	FAM004306	FAM011341	FAM005145	FAM001315	FAM003511	FAM004835	FAM005848	FAM002210	FAM007019	FAM006080	FAM011872	FAM132945	FAM067708	FAM029213	FAM032696	FAM029100
rep136_seed2161	FAM004718	FAM000830	FAM007437	FAM009156	FAM011147	FAM002336	FAM009080	FAM009894	FAM004108	FAM007242	FAM002910	FAM009141	FAM004438	FAM005310	FAM013206	FAM005632	FAM000802	FAM004293	FAM005393	FAM002900	FAM007247	FAM006355	FAM013518	FAM003705	FAM011961	FAM005265	FAM001067	FAM000301	FAM004631	FAM001311	FAM000585	FAM005975	FAM003555	FAM006431	FAM003347	FAM007799	FAM005258	FAM003176	FAM011012	FAM000018	FAM006655	FAM007337	FAM001826	FAM005961	FAM003314	FAM002257	FAM005867	FAM000619	FAM012305	FAM008233	FAM000931	FAM006938	FAM002442	FAM000711	FAM004578	FAM013712	FAM009312	FAM004506	FAM004375	FAM006671	FAM001082	FAM000455	FAM003876	FAM002309	FAM001248	FAM006080	FAM007065	FAM008582	FAM121472	FAM059523	FAM035264	FAM036748	FAM023546
rep137_seed2162	FAM000570	FAM009542	FAM013986	FAM003187	FAM011932	FAM005158	FAM004592	FAM000529	FAM008312	FAM005800	FAM002506	FAM000885	FAM005085	FAM008502	FAM011780	FAM003851	FAM009010	FAM010246	FAM004044	FAM002812	FAM009150	FAM004004	FAM006326	FAM005866	FAM000549	FAM001605	FAM000350	FAM008830	FAM000435	FAM005677	FAM001132	FAM001185	FAM006858	FAM003178	FAM011151	FAM009090	FAM004356	FAM014319	FAM013729	FAM000023	FAM000908	FAM005083	FAM002042	FAM003987	FAM010978	FAM012953	FAM014022	FAM005392	FAM003169	FAM004210	FAM007319	FAM003283	FAM000661	FAM011053	FAM011121	FAM009825	FAM004890	FAM008738	FAM004626	FAM009401	FAM003832	FAM004285	FAM004705	FAM006959	FAM009493	FAM003168	FAM006837	FAM005416	FAM146648	FAM064892	FAM040806	FAM032492	FAM022818
rep138_seed2163	FAM006805	FAM009200	FAM007110	FAM014439	FAM014350	FAM004653	FAM006144	FAM002604	FAM007447	FAM001475	FAM000971	FAM004191	FAM010089	FAM011662	FAM000524	FAM009533	FAM014656	FAM000429	FAM000148	FAM003700	FAM007929	FAM007817	FAM008222	FAM009408	FAM005385	FAM010642	FAM000778	FAM006151	FAM007303	FAM006090	FAM005750	FAM000298	FAM007880	FAM001881	FAM007898	FAM004210	FAM005272	FAM008738	FAM003443	FAM001950	FAM005715	FAM009527	FAM002171	FAM013229	FAM000006	FAM004745	FAM000167	FAM000147	FAM010472	FAM003493	FAM001267	FAM013505	FAM003891	FAM009369	FAM003832	FAM007814	FAM000671	FAM003785	FAM004611	FAM005163	FAM002425	FAM011712	FAM004633	FAM005514	FAM010409	FAM006616	FAM010442	FAM010523	FAM134041	FAM064083	FAM042392	FAM029877	FAM018933
rep139_seed2164	FAM005363	FAM006791	FAM002328	FAM007971	FAM010407	FAM003882	FAM005147	FAM000203	FAM000351	FAM012696	FAM011786	FAM001942	FAM003115	FAM000253	FAM001331	FAM003668	FAM008102	FAM008016	FAM005775	FAM002966	FAM001119	FAM000257	FAM007044	FAM003154	FAM000627	FAM007587	FAM001724	FAM012493	FAM002759	FAM012284	FAM014341	FAM001187	FAM005573	FAM007872	FAM006667	FAM005975	FAM000675	FAM000432	FAM003617	FAM002178	FAM003785	FAM009441	FAM006434	FAM003579	FAM003075	FAM009023	FAM007650	FAM000965	FAM004807	FAM001373	FAM007706	FAM000404	FAM002123	FAM004286	FAM004603	FAM005645	FAM005566	FAM001241	FAM004824	FAM002446	FAM002633	FAM013113	FAM001644	FAM013497	FAM006157	FAM006684	FAM011462	FAM012415	FAM124588	FAM063983	FAM043164	FAM039079	FAM019904
rep140_seed2165	FAM005044	FAM005205	FAM006683	FAM003330	FAM008321	FAM004256	FAM001424	FAM001140	FAM008914	FAM005275	FAM002323	FAM002045	FAM002134	FAM005064	FAM001708	FAM008383	FAM009344	FAM013900	FAM001390	FAM006404	FAM004112	FAM002161	FAM013050	FAM002539	FAM008709	FAM005176	FAM004135	FAM000187	FAM010777	FAM003897	FAM008799	FAM002686	FAM004748	FAM002524	FAM000009	FAM000347	FAM000091	FAM005793	FAM014483	FAM007698	FAM008141	FAM005499	FAM006979	FAM000675	FAM004543	FAM006867	FAM000029	FAM007869	FAM001269	FAM009027	FAM001106	FAM001460	FAM012479	FAM001350	FAM005640	FAM004093	FAM005564	FAM006945	FAM003519	FAM003477	FAM000149	FAM002773	FAM012329	FAM007095	FAM001324	FAM012274	FAM014047	FAM012340	FAM142989	FAM062662	FAM038460	FAM035749	FAM018235
rep141_seed2166	FAM005200	FAM005967	FAM011149	FAM006111	FAM004848	FAM014675	FAM005923	FAM007480	FAM000578	FAM004292	FAM003685	FAM002632	FAM001898	FAM007549	FAM002504	FAM011494	FAM006640	FAM003170	FAM001335	FAM006568	FAM007141	FAM008108	FAM005825	FAM006977	FAM001716	FAM012868	FAM012173	FAM009637	FAM008293	FAM002185	FAM002267	FAM009289	FAM007999	FAM003065	FAM014573	FAM000412	FAM003541	FAM008916	FAM006552	FAM004820	FAM004682	FAM002728	FAM001637	FAM006200	FAM008618	FAM007758	FAM004926	FAM002914	FAM006857	FAM009004	FAM002002	FAM010494	FAM014533	FAM009634	FAM005896	FAM006653	FAM008816	FAM002234	FAM005334	FAM014264	FAM000948	FAM005570	FAM012763	FAM004073	FAM004203	FAM003168	FAM013071	FAM013393	FAM115506	FAM058026	FAM029454	FAM040394	FAM028133
rep142_seed2167	FAM000077	FAM002045	FAM008237	FAM004763	FAM007902	FAM005260	FAM006810	FAM005343	FAM003184	FAM005271	FAM001325	FAM001015	FAM002244	FAM003311	FAM002148	FAM000655	FAM006055	FAM014199	FAM006836	FAM009360	FAM006762	FAM006298	FAM006995	FAM000739	FAM002348	FAM006851	FAM002076	FAM002909	FAM011822	FAM008923	FAM001063	FAM004900	FAM006850	FAM006857	FAM000787	FAM009533	FAM008395	FAM009767	FAM011652	FAM000916	FAM003069	FAM000264	FAM002343	FAM002908	FAM004159	FAM007775	FAM004516	FAM005534	FAM013530	FAM006718	FAM005756	FAM002980	FAM000573	FAM005793	FAM006725	FAM005520	FAM013311	FAM013853	FAM000042	FAM003242	FAM007552	FAM000920	FAM004730	FAM002773	FAM009959	FAM008490	FAM011094	FAM011760	FAM114633	FAM066120	FAM048614	FAM032256	FAM027167
rep143_seed2168	FAM003594	FAM012110	FAM002031	FAM005358	FAM009336	FAM011538	FAM000139	FAM007096	FAM007369	FAM013853	FAM000441	FAM005490	FAM002533	FAM008185	FAM013427	FAM006052	FAM000937	FAM001234	FAM004015	FAM002103	FAM003582	FAM002827	FAM004189	FAM007591	FAM004265	FAM003209	FAM007218	FAM000053	FAM006934	FAM013625	FAM007895	FAM008375	FAM007612	FAM011451	FAM001939	FAM004921	FAM002297	FAM005373	FAM009682	FAM001702	FAM003116	FAM012735	FAM004133	FAM007864	FAM004637	FAM004512	FAM010073	FAM004253	FAM007621	FAM013194	FAM006707	FAM001137	FAM011000	FAM003015	FAM012913	FAM008450	FAM000429	FAM001086	FAM005439	FAM003229	FAM003999	FAM004441	FAM002834	FAM004104	FAM002454	FAM009373	FAM009366	FAM010640	FAM114946	FAM063802	FAM035076	FAM039787	FAM016319
rep144_seed2169	FAM002268	FAM000931	FAM002284	FAM004450	FAM007096	FAM003122	FAM004930	FAM002195	FAM007267	FAM003944	FAM009293	FAM001734	FAM005038	FAM005441	FAM004281	FAM010775	FAM003130	FAM008764	FAM002201	FAM008658	FAM002543	FAM006284	FAM002528	FAM010828	FAM007775	FAM003044	FAM007180	FAM000513	FAM004365	FAM006807	FAM011281	FAM007307	FAM008763	FAM010474	FAM001665	FAM011124	FAM009073	FAM001010	FAM005125	FAM013849	FAM000413	FAM002779	FAM010597	FAM008971	FAM004897	FAM000593	FAM005380	FAM002990	FAM000115	FAM000135	FAM002408	FAM005909	FAM012383	FAM000549	FAM002015	FAM010590	FAM003270	FAM009141	FAM001914	FAM002428	FAM009401	FAM013311	FAM009831	FAM004657	FAM003678	FAM010464	FAM006017	FAM010641	FAM127065	FAM066965	FAM029225	FAM032355	FAM018867
rep145_seed2170	FAM005292	FAM006648	FAM005402	FAM009293	FAM001482	FAM011422	FAM002619	FAM014459	FAM005705	FAM005014	FAM003101	FAM002026	FAM000045	FAM008829	FAM012224	FAM002795	FAM001214	FAM004424	FAM004654	FAM007903	FAM005566	FAM012236	FAM006986	FAM000957	FAM011599	FAM013625	FAM013789	FAM002967	FAM010678	FAM006527	FAM009678	FAM012548	FAM001498	FAM004055	FAM006959	FAM000883	FAM001690	FAM006346	FAM010792	FAM006621	FAM010289	FAM003162	FAM014243	FAM007875	FAM000024	FAM003095	FAM004559	FAM002598	FAM010283	FAM000066	FAM010525	FAM002941	FAM002534	FAM009795	FAM011285	FAM004760	FAM009735	FAM011420	FAM005968	FAM003483	FAM002673	FAM008025	FAM003888	FAM006690	FAM006011	FAM010849	FAM011638	FAM011079	FAM118476	FAM063651	FAM031580	FAM042518	FAM028477
rep146_seed2171	FAM002451	FAM001513	FAM001031	FAM001258	FAM004687	FAM005518	FAM000761	FAM003712	FAM009336	FAM004452	FAM012011	FAM005398	FAM003590	FAM010910	FAM005557	FAM007482	FAM000687	FAM004484	FAM000170	FAM003561	FAM002722	FAM010857	FAM000556	FAM003262	FAM001800	FAM000925	FAM009415	FAM004794	FAM002078	FAM005882	FAM009527	FAM010409	FAM004994	FAM011002	FAM004511	FAM002299	FAM000763	FAM006866	FAM009298	FAM002674	FAM014066	FAM005078	FAM013797	FAM001371	FAM014459	FAM004193	FAM008072	FAM008073	FAM001169	FAM009701	FAM001552	FAM003358	FAM004774	FAM001266	FAM003722	FAM007005	FAM004161	FAM006859	FAM001588	FAM007739	FAM004719	FAM000455	FAM001709	FAM005151	FAM002935	FAM012688	FAM007194	FAM011508	FAM110746	FAM074355	FAM034671	FAM039739	FAM028063
rep147_seed2172	FAM007951	FAM000983	FAM001283	FAM008394	FAM003128	FAM004165	FAM007648	FAM002073	FAM001542	FAM006173	FAM004533	FAM008599	FAM010771	FAM000520	FAM010354	FAM011107	FAM001372	FAM014366	FAM012031	FAM001200	FAM002904	FAM009124	FAM007520	FAM003970	FAM003330	FAM004908	FAM014306	FAM007183	FAM001875	FAM004263	FAM003759	FAM004806	FAM005939	FAM001081	FAM000710	FAM004973	FAM003757	FAM006947	FAM006883	FAM003835	FAM004609	FAM006670	FAM005799	FAM002142	FAM002987	FAM000060	FAM005167	FAM000282	FAM004221	FAM007278	FAM002175	FAM009181	FAM004013	FAM009353	FAM002911	FAM011628	FAM014022	FAM003587	FAM011664	FAM001659	FAM000325	FAM005258	FAM005539	FAM010133	FAM005378	FAM014062	FAM013076	FAM014448	FAM113197	FAM063111	FAM032216	FAM038977	FAM020792
rep148_seed2173	FAM000067	FAM005724	FAM004762	FAM008417	FAM003477	FAM001765	FAM002672	FAM012390	FAM007480	FAM003774	FAM001355	FAM004574	FAM006995	FAM002553	FAM014350	FAM007101	FAM008493	FAM010524	FAM008160	FAM004420	FAM012010	FAM001574	FAM012879	FAM007993	FAM005956	FAM000578	FAM002598	FAM009233	FAM002571	FAM011961	FAM005375	FAM014695	FAM010288	FAM002933	FAM008376	FAM005190	FAM004612	FAM002646	FAM001673	FAM008729	FAM004050	FAM011649	FAM013936	FAM004880	FAM004224	FAM006778	FAM012951	FAM005307	FAM007641	FAM004565	FAM000585	FAM004875	FAM006746	FAM001014	FAM006220	FAM001526	FAM006781	FAM004132	FAM006960	FAM008722	FAM002300	FAM004118	FAM005856	FAM002083	FAM004145	FAM007599	FAM009587	FAM012875	FAM130280	FAM062873	FAM033337	FAM038153	FAM026660
rep149_seed2174	FAM005083	FAM001040	FAM006694	FAM002694	FAM004062	FAM003415	FAM002641	FAM004214	FAM005423	FAM006153	FAM009343	FAM011689	FAM004219	FAM000728	FAM000806	FAM004353	FAM009925	FAM008106	FAM008826	FAM003709	FAM005386	FAM006288	FAM008185	FAM000953	FAM008116	FAM005472	FAM009940	FAM007888	FAM002225	FAM006725	FAM007747	FAM009185	FAM003091	FAM006464	FAM010187	FAM004509	FAM002723	FAM000008	FAM009732	FAM003177	FAM006795	FAM005018	FAM007260	FAM012272	FAM007594	FAM000703	FAM005679	FAM005929	FAM009933	FAM014408	FAM001756	FAM003782	FAM006302	FAM011128	FAM003400	FAM001647	FAM008427	FAM006923	FAM001678	FAM005571	FAM002772	FAM007867	FAM012585	FAM006261	FAM005587	FAM007404	FAM004486	FAM013446	FAM133120	FAM066711	FAM032723	FAM040643	FAM022042
rep150_seed2175	FAM009876	FAM005781	FAM007350	FAM002246	FAM005673	FAM008728	FAM007908	FAM007075	FAM001582	FAM007680	FAM011281	FAM003464	FAM010758	FAM007001	FAM007442	FAM000952	FAM001126	FAM004873	FAM010731	FAM001875	FAM013259	FAM007458	FAM009229	FAM007011	FAM009864	FAM006715	FAM004699	FAM003571	FAM001033	FAM003890	FAM011799	FAM001686	FAM002306	FAM004797	FAM010428	FAM001031	FAM006930	FAM006479	FAM001848	FAM012067	FAM003051	FAM001617	FAM004163	FAM005713	FAM002628	FAM004533	FAM001501	FAM004885	FAM011539	FAM004680	FAM002602	FAM008232	FAM004122	FAM000429	FAM001771	FAM004483	FAM007053	FAM003966	FAM004514	FAM013337	FAM007995	FAM000273	FAM004064	FAM001653	FAM014563	FAM014371	FAM005942	FAM007701	FAM114289	FAM071760	FAM049229	FAM030460	FAM027251
rep151_seed2176	FAM003331	FAM004351	FAM002829	FAM003707	FAM001274	FAM008016	FAM008297	FAM009741	FAM012771	FAM000223	FAM002159	FAM006737	FAM009452	FAM006377	FAM012010	FAM003716	FAM013429	FAM001194	FAM007405	FAM004484	FAM005772	FAM012585	FAM003113	FAM003665	FAM007407	FAM006088	FAM000709	FAM001576	FAM003961	FAM005689	FAM001817	FAM006920	FAM005398	FAM009732	FAM003808	FAM001381	FAM002883	FAM012876	FAM001054	FAM003462	FAM006862	FAM002799	FAM005916	FAM000527	FAM009179	FAM006174	FAM004506	FAM003030	FAM005711	FAM005795	FAM000681	FAM012011	FAM004145	FAM003350	FAM001118	FAM000918	FAM004783	FAM007032	FAM007465	FAM007536	FAM011854	FAM003629	FAM013070	FAM006395	FAM006105	FAM012264	FAM014263	FAM011719	FAM127774	FAM058071	FAM032587	FAM036715	FAM018134
rep152_seed2177	FAM001387	FAM011196	FAM002964	FAM004932	FAM002659	FAM011053	FAM002051	FAM001684	FAM011395	FAM002628	FAM003377	FAM010409	FAM009289	FAM002073	FAM006399	FAM004114	FAM005260	FAM001016	FAM011029	FAM011589	FAM005215	FAM008293	FAM009864	FAM003512	FAM004584	FAM004925	FAM012137	FAM000080	FAM000709	FAM013061	FAM000528	FAM001510	FAM006570	FAM003988	FAM001222	FAM006798	FAM013911	FAM001378	FAM006541	FAM008720	FAM002178	FAM005188	FAM011708	FAM006436	FAM004247	FAM007347	FAM000772	FAM000758	FAM010881	FAM007456	FAM012108	FAM010280	FAM006437	FAM007034	FAM005598	FAM009561	FAM004483	FAM000133	FAM008802	FAM010792	FAM009855	FAM005750	FAM012678	FAM002101	FAM000939	FAM013486	FAM008258	FAM012310	FAM133780	FAM058316	FAM044865	FAM030996	FAM024099
rep153_seed2178	FAM010375	FAM008943	FAM002983	FAM007437	FAM000571	FAM002603	FAM002018	FAM009447	FAM009277	FAM006599	FAM002576	FAM004191	FAM009829	FAM008240	FAM002896	FAM005741	FAM007028	FAM005024	FAM002898	FAM014273	FAM003046	FAM001457	FAM000254	FAM002342	FAM005863	FAM011257	FAM002522	FAM000032	FAM009971	FAM000723	FAM009760	FAM014534	FAM013519	FAM001763	FAM000436	FAM001565	FAM007739	FAM001473	FAM000112	FAM002393	FAM000476	FAM008318	FAM004936	FAM014090	FAM000598	FAM003249	FAM000019	FAM013123	FAM011307	FAM006290	FAM009191	FAM003011	FAM009565	FAM000973	FAM013658	FAM007766	FAM000435	FAM003100	FAM004728	FAM000671	FAM001588	FAM001465	FAM004425	FAM000493	FAM002827	FAM010004	FAM011933	FAM007905	FAM108752	FAM060036	FAM036429	FAM030503	FAM016268
rep154_seed2179	FAM002694	FAM001494	FAM007208	FAM004949	FAM003272	FAM005274	FAM005656	FAM006203	FAM005750	FAM002594	FAM004975	FAM014686	FAM000467	FAM007807	FAM006469	FAM005827	FAM007120	FAM007157	FAM009611	FAM004961	FAM004588	FAM011525	FAM000518	FAM001756	FAM007352	FAM005263	FAM002444	FAM006355	FAM001214	FAM001506	FAM005397	FAM006579	FAM006043	FAM010520	FAM012533	FAM010614	FAM010189	FAM009640	FAM008467	FAM000833	FAM005344	FAM004134	FAM002826	FAM010054	FAM002000	FAM013477	FAM004310	FAM004608	FAM001570	FAM011128	FAM012481	FAM004901	FAM013663	FAM004025	FAM010911	FAM006867	FAM001874	FAM005301	FAM001534	FAM002122	FAM004100	FAM011500	FAM006880	FAM014619	FAM001761	FAM005251	FAM014661	FAM005494	FAM143186	FAM066367	FAM029437	FAM032966	FAM017978
rep155_seed2180	FAM012060	FAM005520	FAM001726	FAM002594	FAM000846	FAM014279	FAM000579	FAM006504	FAM001196	FAM009250	FAM000243	FAM003566	FAM009428	FAM003736	FAM011866	FAM007104	FAM006588	FAM008420	FAM011676	FAM001304	FAM010367	FAM005361	FAM012133	FAM012880	FAM009797	FAM001873	FAM010228	FAM003665	FAM013296	FAM001325	FAM005401	FAM003611	FAM009208	FAM003212	FAM000275	FAM005808	FAM005425	FAM007863	FAM004262	FAM003719	FAM008025	FAM009812	FAM004360	FAM000928	FAM000947	FAM000653	FAM003002	FAM001597	FAM004622	FAM008350	FAM001316	FAM014225	FAM004826	FAM002955	FAM005228	FAM002766	FAM005483	FAM007342	FAM004038	FAM000507	FAM013122	FAM001295	FAM004808	FAM001517	FAM009339	FAM013092	FAM012169	FAM010337	FAM110974	FAM058007	FAM031492	FAM034506	FAM021610
rep156_seed2181	FAM000365	FAM008505	FAM000481	FAM004923	FAM004541	FAM000317	FAM002959	FAM001411	FAM001112	FAM010339	FAM012027	FAM011670	FAM007037	FAM000865	FAM002228	FAM003375	FAM002074	FAM001714	FAM007049	FAM006810	FAM007533	FAM005144	FAM003095	FAM006690	FAM004968	FAM006843	FAM003988	FAM010299	FAM002331	FAM010737	FAM000030	FAM004018	FAM011685	FAM004687	FAM011675	FAM004142	FAM001734	FAM003932	FAM003720	FAM003925	FAM003068	FAM007525	FAM005027	FAM003948	FAM003243	FAM007991	FAM008651	FAM003742	FAM009746	FAM000528	FAM003099	FAM009809	FAM003485	FAM000140	FAM009044	FAM006692	FAM009433	FAM011043	FAM003197	FAM002635	FAM009922	FAM010912	FAM008044	FAM014328	FAM006583	FAM011305	FAM012841	FAM011371	FAM125885	FAM064313	FAM030338	FAM043201	FAM015387
rep157_seed2182	FAM000439	FAM003354	FAM000210	FAM003879	FAM005257	FAM006062	FAM002259	FAM003043	FAM003478	FAM003317	FAM004476	FAM010135	FAM004205	FAM005527	FAM001738	FAM005661	FAM004504	FAM000159	FAM005450	FAM009058	FAM001204	FAM005873	FAM008527	FAM001932	FAM003923	FAM005826	FAM009479	FAM006324	FAM002320	FAM000310	FAM001753	FAM001361	FAM009281	FAM003899	FAM004594	FAM001593	FAM005505	FAM006217	FAM003309	FAM005963	FAM006641	FAM009356	FAM010027	FAM001977	FAM011121	FAM002041	FAM005733	FAM001369	FAM002720	FAM003236	FAM004649	FAM001231	FAM006979	FAM005080	FAM008183	FAM014090	FAM000007	FAM004863	FAM001269	FAM005570	FAM004963	FAM010078	FAM000615	FAM004297	FAM004232	FAM006832	FAM011282	FAM012231	FAM125475	FAM062248	FAM036294	FAM039548	FAM018844
rep158_seed2183	FAM003315	FAM010054	FAM007617	FAM003074	FAM010028	FAM004971	FAM001117	FAM004701	FAM003273	FAM000664	FAM007999	FAM005874	FAM003010	FAM007685	FAM005374	FAM000936	FAM014342	FAM011747	FAM005604	FAM003928	FAM006112	FAM003442	FAM001413	FAM009311	FAM007158	FAM005258	FAM010828	FAM005341	FAM012100	FAM004458	FAM002772	FAM009852	FAM004508	FAM004365	FAM006741	FAM004581	FAM003222	FAM006166	FAM014119	FAM012508	FAM008539	FAM009945	FAM004343	FAM001361	FAM003351	FAM013261	FAM004163	FAM006114	FAM001963	FAM001763	FAM000975	FAM000695	FAM009043	FAM011339	FAM001063	FAM000883	FAM012527	FAM004806	FAM010617	FAM002364	FAM010415	FAM003203	FAM005407	FAM002110	FAM000290	FAM011222	FAM011249	FAM011321	FAM137177	FAM058701	FAM036706	FAM029380	FAM023312
rep159_seed2184	FAM001772	FAM002574	FAM002137	FAM008355	FAM007417	FAM011680	FAM000266	FAM007529	FAM004622	FAM003477	FAM008363	FAM007244	FAM004755	FAM009324	FAM002416	FAM005598	FAM007735	FAM007955	FAM009228	FAM002038	FAM001784	FAM009513	FAM005312	FAM014237	FAM004952	FAM006724	FAM013638	FAM003169	FAM002187	FAM002748	FAM000303	FAM004657	FAM001815	FAM003450	FAM009119	FAM011367	FAM001444	FAM002777	FAM001802	FAM000082	FAM005018	FAM003342	FAM005339	FAM007288	FAM000416	FAM011564	FAM005386	FAM009877	FAM010472	FAM005058	FAM000163	FAM000677	FAM002504	FAM000213	FAM003777	FAM003014	FAM003917	FAM001409	FAM002036	FAM005753	FAM006841	FAM003656	FAM011718	FAM005333	FAM000535	FAM007821	FAM013140	FAM014191	FAM146234	FAM058396	FAM033872	FAM040821	FAM028737
rep160_seed2185	FAM005080	FAM007000	FAM008359	FAM008188	FAM003881	FAM000095	FAM008103	FAM005423	FAM001487	FAM002085	FAM005241	FAM010832	FAM001732	FAM012138	FAM005671	FAM003736	FAM000155	FAM001463	FAM006595	FAM004967	FAM004396	FAM005855	FAM006140	FAM012527	FAM001730	FAM007819	FAM004956	FAM005221	FAM005663	FAM001896	FAM008051	FAM005803	FAM005676	FAM009205	FAM009026	FAM006105	FAM005198	FAM005600	FAM003766	FAM006624	FAM005585	FAM004366	FAM003074	FAM000727	FAM000472	FAM003527	FAM004077	FAM001078	FAM012933	FAM005424	FAM006199	FAM003477	FAM004423	FAM007811	FAM003648	FAM001088	FAM000747	FAM004487	FAM001635	FAM003498	FAM004824	FAM003659	FAM003829	FAM001612	FAM007943	FAM009279	FAM011884	FAM013090	FAM130825	FAM058574	FAM029744	FAM037331	FAM022424
rep161_seed2186	FAM001042	FAM005781	FAM007211	FAM002738	FAM004319	FAM000130	FAM012083	FAM004369	FAM001426	FAM008706	FAM004695	FAM004512	FAM010678	FAM004718	FAM003968	FAM003782	FAM004764	FAM009804	FAM007655	FAM005083	FAM006214	FAM003122	FAM010280	FAM002131	FAM008705	FAM005756	FAM001683	FAM011217	FAM001817	FAM000329	FAM007330	FAM006084	FAM006002	FAM001661	FAM005787	FAM001342	FAM001708	FAM009210	FAM006426	FAM002283	FAM008554	FAM007515	FAM008929	FAM005025	FAM000198	FAM009730	FAM009870	FAM004999	FAM000346	FAM009363	FAM002520	FAM005172	FAM011212	FAM004209	FAM008284	FAM000932	FAM006886	FAM000969	FAM010463	FAM014074	FAM003552	FAM004562	FAM009118	FAM004650	FAM002559	FAM003132	FAM009258	FAM014448	FAM126616	FAM059489	FAM037950	FAM041114	FAM028195
rep162_seed2187	FAM006162	FAM001005	FAM010168	FAM005533	FAM002372	FAM004779	FAM001589	FAM001998	FAM002728	FAM007539	FAM000695	FAM008004	FAM006861	FAM000677	FAM007232	FAM008405	FAM001085	FAM004256	FAM002541	FAM003242	FAM008031	FAM000949	FAM007023	FAM001107	FAM005784	FAM007288	FAM011652	FAM004762	FAM000162	FAM005237	FAM000857	FAM001711	FAM005575	FAM000955	FAM000049	FAM007325	FAM007576	FAM009686	FAM005884	FAM004713	FAM005902	FAM006494	FAM002615	FAM010735	FAM004567	FAM006147	FAM002916	FAM008700	FAM010391	FAM001938	FAM003791	FAM001904	FAM001199	FAM002804	FAM001414	FAM002496	FAM010569	FAM003575	FAM005890	FAM003654	FAM006638	FAM006046	FAM012880	FAM000799	FAM001950	FAM010592	FAM014202	FAM014602	FAM136593	FAM060549	FAM035195	FAM042350	FAM015539
rep163_seed2188	FAM005739	FAM014225	FAM005709	FAM002745	FAM003593	FAM005272	FAM002810	FAM014429	FAM006122	FAM012116	FAM004393	FAM007885	FAM005378	FAM001377	FAM000364	FAM001962	FAM000730	FAM005588	FAM000397	FAM005105	FAM007006	FAM002842	FAM012255	FAM003984	FAM001651	FAM012479	FAM001247	FAM012567	FAM010405	FAM013611	FAM004952	FAM014336	FAM008271	FAM005145	FAM009865	FAM014565	FAM007044	FAM000571	FAM010756	FAM009057	FAM001670	FAM001948	FAM008153	FAM006319	FAM005023	FAM008388	FAM004215	FAM006972	FAM006203	FAM002607	FAM000858	FAM001292	FAM004908	FAM008922	FAM002860	FAM007300	FAM005975	FAM006358	FAM002273	FAM003407	FAM004947	FAM003077	FAM002098	FAM002255	FAM002472	FAM009034	FAM012484	FAM010444	FAM136318	FAM065280	FAM036988	FAM038773	FAM022805
rep164_seed2189	FAM001363	FAM010121	FAM002228	FAM008873	FAM012026	FAM007779	FAM005341	FAM000176	FAM014355	FAM002941	FAM000764	FAM009232	FAM001020	FAM001760	FAM002553	FAM009557	FAM004066	FAM007520	FAM004144	FAM001894	FAM003248	FAM010443	FAM010210	FAM011236	FAM000964	FAM005479	FAM000413	FAM007393	FAM005035	FAM002437	FAM005404	FAM000030	FAM007786	FAM008671	FAM005843	FAM000097	FAM000514	FAM002340	FAM004763	FAM000307	FAM003225	FAM013807	FAM005167	FAM013566	FAM007654	FAM001798	FAM006091	FAM007078	FAM007335	FAM004346	FAM008677	FAM003894	FAM007400	FAM004769	FAM003969	FAM009511	FAM009431	FAM009391	FAM003586	FAM000718	FAM001505	FAM002779	FAM006850	FAM009492	FAM010405	FAM009088	FAM011152	FAM007707	FAM136659	FAM069530	FAM033854	FAM040821	FAM018726
rep165_seed2190	FAM007842	FAM003721	FAM006611	FAM003754	FAM001711	FAM002668	FAM008120	FAM009409	FAM004603	FAM010617	FAM007948	FAM004573	FAM005436	FAM002251	FAM001464	FAM009360	FAM004459	FAM003747	FAM009583	FAM013123	FAM008559	FAM002640	FAM003107	FAM007351	FAM004221	FAM009150	FAM001668	FAM010597	FAM005997	FAM003990	FAM001181	FAM005784	FAM002508	FAM005201	FAM013300	FAM004009	FAM001400	FAM000885	FAM009596	FAM011264	FAM004899	FAM000690	FAM008545	FAM010049	FAM012383	FAM004283	FAM003727	FAM000613	FAM011747	FAM002348	FAM003039	FAM001031	FAM002548	FAM003581	FAM006260	FAM000593	FAM000336	FAM003233	FAM012101	FAM008021	FAM010422	FAM002675	FAM004941	FAM011598	FAM005652	FAM013004	FAM012562	FAM015305	FAM146046	FAM067485	FAM040675	FAM040987	FAM015463
rep166_seed2191	FAM003737	FAM012876	FAM006417	FAM000902	FAM008908	FAM007247	FAM007470	FAM007963	FAM004200	FAM004977	FAM000171	FAM007196	FAM010111	FAM002816	FAM004233	FAM010937	FAM007235	FAM004141	FAM001509	FAM004137	FAM005357	FAM002397	FAM002002	FAM012507	FAM002741	FAM003768	FAM003655	FAM014504	FAM007118	FAM002168	FAM001530	FAM008365	FAM004402	FAM006554	FAM004869	FAM004638	FAM004047	FAM006523	FAM003577	FAM001477	FAM002598	FAM002507	FAM010948	FAM009489	FAM010569	FAM009042	FAM004138	FAM012199	FAM004810	FAM009887	FAM012465	FAM013780	FAM006359	FAM000964	FAM000029	FAM002077	FAM005830	FAM007157	FAM008519	FAM009441	FAM001592	FAM010367	FAM008487	FAM002246	FAM009066	FAM009193	FAM013561	FAM012069	FAM116396	FAM061132	FAM040850	FAM041660	FAM028063
rep167_seed2192	FAM011594	FAM000404	FAM006339	FAM004520	FAM000327	FAM009963	FAM007229	FAM005374	FAM004589	FAM001251	FAM004756	FAM006696	FAM002379	FAM012548	FAM001426	FAM007072	FAM000397	FAM000194	FAM009489	FAM001277	FAM014605	FAM004206	FAM001674	FAM001858	FAM003792	FAM007098	FAM006633	FAM006957	FAM004960	FAM001363	FAM013314	FAM001432	FAM004658	FAM004587	FAM007627	FAM013724	FAM002786	FAM012742	FAM003700	FAM005324	FAM005164	FAM003338	FAM003590	FAM012866	FAM002970	FAM010484	FAM000549	FAM011937	FAM003795	FAM000758	FAM002897	FAM008539	FAM007758	FAM002410	FAM002965	FAM004626	FAM005736	FAM001983	FAM001009	FAM006054	FAM001527	FAM005551	FAM008321	FAM005878	FAM010657	FAM011057	FAM007114	FAM010458	FAM108520	FAM067633	FAM036285	FAM040530	FAM027953
rep168_seed2193	FAM011090	FAM011064	FAM005473	FAM005972	FAM002870	FAM012913	FAM007967	FAM000554	FAM001060	FAM008082	FAM001492	FAM002603	FAM003422	FAM000861	FAM011671	FAM001579	FAM010028	FAM006095	FAM012865	FAM001524	FAM005762	FAM014230	FAM011621	FAM009441	FAM002581	FAM006006	FAM003384	FAM004540	FAM004010	FAM004162	FAM006904	FAM009596	FAM003576	FAM003564	FAM004020	FAM006699	FAM007279	FAM010353	FAM003605	FAM007091	FAM006012	FAM006983	FAM001942	FAM000773	FAM003688	FAM002399	FAM005387	FAM007934	FAM006198	FAM003884	FAM006405	FAM000287	FAM000577	FAM004558	FAM002281	FAM003050	FAM001414	FAM005381	FAM007453	FAM002717	FAM006726	FAM000988	FAM004353	FAM004757	FAM005524	FAM008111	FAM013881	FAM013186	FAM140707	FAM060915	FAM034993	FAM033119	FAM016682
rep169_seed2194	FAM001801	FAM005601	FAM000720	FAM005448	FAM003715	FAM003390	FAM005454	FAM006898	FAM007527	FAM012250	FAM012966	FAM007453	FAM000802	FAM006406	FAM004947	FAM011189	FAM002064	FAM007255	FAM004821	FAM003810	FAM006522	FAM003538	FAM001011	FAM000867	FAM006718	FAM004154	FAM006318	FAM002963	FAM002873	FAM004309	FAM014319	FAM009807	FAM008305	FAM014141	FAM010815	FAM004168	FAM001609	FAM007960	FAM002065	FAM006285	FAM010150	FAM006487	FAM002430	FAM001908	FAM005206	FAM000658	FAM001042	FAM007629	FAM008000	FAM000688	FAM003320	FAM005867	FAM014317	FAM002722	FAM000089	FAM006287	FAM006706	FAM002436	FAM005446	FAM009437	FAM003241	FAM000963	FAM001285	FAM012524	FAM013120	FAM012801	FAM011651	FAM010843	FAM115422	FAM058052	FAM042514	FAM040126	FAM015463
rep170_seed2195	FAM005159	FAM008277	FAM000750	FAM010396	FAM003973	FAM003040	FAM008723	FAM003194	FAM004876	FAM007929	FAM005216	FAM008698	FAM007705	FAM004807	FAM006405	FAM001962	FAM000308	FAM012736	FAM012252	FAM004646	FAM007719	FAM002100	FAM002763	FAM006482	FAM014249	FAM012166	FAM004886	FAM006051	FAM004873	FAM003359	FAM002408	FAM007640	FAM005636	FAM008191	FAM002491	FAM009187	FAM011181	FAM014090	FAM003241	FAM002182	FAM000444	FAM011932	FAM003091	FAM001288	FAM002524	FAM007991	FAM005085	FAM004041	FAM001235	FAM012741	FAM012390	FAM003161	FAM002500	FAM009289	FAM000232	FAM001108	FAM009710	FAM006986	FAM005864	FAM003214	FAM001412	FAM000969	FAM000464	FAM001097	FAM013420	FAM011623	FAM009898	FAM010301	FAM117103	FAM067146	FAM031580	FAM036044	FAM018682
rep171_seed2196	FAM005544	FAM002854	FAM011453	FAM003597	FAM002546	FAM003039	FAM006915	FAM006133	FAM010903	FAM001464	FAM006529	FAM003242	FAM006315	FAM006962	FAM009943	FAM002489	FAM003509	FAM000335	FAM009870	FAM013012	FAM003934	FAM002201	FAM007044	FAM003806	FAM013951	FAM004189	FAM005310	FAM003895	FAM003576	FAM000959	FAM004693	FAM000510	FAM001762	FAM001581	FAM013131	FAM001814	FAM002802	FAM004316	FAM000003	FAM000742	FAM003096	FAM009448	FAM001047	FAM003870	FAM003267	FAM007264	FAM001451	FAM005418	FAM009066	FAM001864	FAM004078	FAM009735	FAM000590	FAM001510	FAM007789	FAM003949	FAM001151	FAM002063	FAM005118	FAM005329	FAM003017	FAM002166	FAM002681	FAM005846	FAM005341	FAM009714	FAM013515	FAM010496	FAM108954	FAM058829	FAM030338	FAM037315	FAM019328
rep172_seed2197	FAM007162	FAM006211	FAM004756	FAM003606	FAM005088	FAM000881	FAM007200	FAM005819	FAM001442	FAM000759	FAM005400	FAM000683	FAM001114	FAM006636	FAM001121	FAM004476	FAM001348	FAM000270	FAM007437	FAM007442	FAM000165	FAM012852	FAM008232	FAM010878	FAM006264	FAM006671	FAM000986	FAM011288	FAM008347	FAM006850	FAM001693	FAM004329	FAM001541	FAM004899	FAM000600	FAM002979	FAM010804	FAM004137	FAM004260	FAM000485	FAM008903	FAM000131	FAM009673	FAM004745	FAM002704	FAM000417	FAM012772	FAM000194	FAM005241	FAM008437	FAM010821	FAM000190	FAM004147	FAM003310	FAM000126	FAM009805	FAM001230	FAM003620	FAM011317	FAM002982	FAM004082	FAM010048	FAM008615	FAM014237	FAM005991	FAM008911	FAM010817	FAM011419	FAM139870	FAM058767	FAM038252	FAM029841	FAM015138
rep173_seed2198	FAM011294	FAM006664	FAM008183	FAM007177	FAM010978	FAM002128	FAM005386	FAM002008	FAM000313	FAM005162	FAM004589	FAM001546	FAM014063	FAM002724	FAM009315	FAM004672	FAM003509	FAM000705	FAM000919	FAM006635	FAM005330	FAM006399	FAM014403	FAM002037	FAM009765	FAM006197	FAM002478	FAM000948	FAM007874	FAM001031	FAM013082	FAM002432	FAM006354	FAM006526	FAM005522	FAM008872	FAM005249	FAM007591	FAM006784	FAM000200	FAM006156	FAM011239	FAM000105	FAM004414	FAM007685	FAM008733	FAM001705	FAM003341	FAM001549	FAM001692	FAM011486	FAM005616	FAM005365	FAM002615	FAM005491	FAM004269	FAM012250	FAM007829	FAM006340	FAM009206	FAM002107	FAM005236	FAM003245	FAM006011	FAM001802	FAM012057	FAM011624	FAM012788	FAM144467	FAM060102	FAM043164	FAM037374	FAM024930
rep174_seed2199	FAM006425	FAM008308	FAM000789	FAM005533	FAM001460	FAM003436	FAM006542	FAM003689	FAM005368	FAM009092	FAM006350	FAM008128	FAM008874	FAM005826	FAM002645	FAM004286	FAM008733	FAM013608	FAM011200	FAM001780	FAM004471	FAM000003	FAM000579	FAM002401	FAM003783	FAM007915	FAM005499	FAM006757	FAM004538	FAM000408	FAM006138	FAM010916	FAM009989	FAM002134	FAM007239	FAM002877	FAM008740	FAM002344	FAM012108	FAM008138	FAM006074	FAM003388	FAM003400	FAM013073	FAM005186	FAM006681	FAM007330	FAM013052	FAM001398	FAM001441	FAM009715	FAM013021	FAM001573	FAM002608	FAM005654	FAM004043	FAM003629	FAM002938	FAM005178	FAM004629	FAM003245	FAM011539	FAM003874	FAM005948	FAM002363	FAM007942	FAM009475	FAM011091	FAM115792	FAM060623	FAM029213	FAM030084	FAM015265
rep175_seed2200	FAM004871	FAM000488	FAM004860	FAM007979	FAM000598	FAM003835	FAM004651	FAM002914	FAM009789	FAM004592	FAM001348	FAM003172	FAM008138	FAM004776	FAM007789	FAM012164	FAM000099	FAM014073	FAM001719	FAM009559	FAM006992	FAM002999	FAM014364	FAM007502	FAM003942	FAM001122	FAM012373	FAM008039	FAM003682	FAM009711	FAM013294	FAM006947	FAM012868	FAM012829	FAM014535	FAM004412	FAM003579	FAM001602	FAM002091	FAM000047	FAM006753	FAM011665	FAM006883	FAM009049	FAM001145	FAM000548	FAM006454	FAM013234	FAM006775	FAM001009	FAM012485	FAM001952	FAM002595	FAM007794	FAM003808	FAM006048	FAM002304	FAM001841	FAM011842	FAM003539	FAM000600	FAM009210	FAM004349	FAM003709	FAM001300	FAM007646	FAM009161	FAM013424	FAM108670	FAM063964	FAM039639	FAM040143	FAM028904
rep176_seed2201	FAM010798	FAM003063	FAM010251	FAM004016	FAM003489	FAM003580	FAM007018	FAM012809	FAM000314	FAM006446	FAM004057	FAM004915	FAM013741	FAM002213	FAM000221	FAM005892	FAM004122	FAM000691	FAM004011	FAM013871	FAM002252	FAM005730	FAM013131	FAM007135	FAM005732	FAM005151	FAM012050	FAM004526	FAM004356	FAM006808	FAM002201	FAM003402	FAM003211	FAM007013	FAM007652	FAM010366	FAM011656	FAM001465	FAM000733	FAM012530	FAM003073	FAM013021	FAM000997	FAM006606	FAM009159	FAM000009	FAM004542	FAM003733	FAM002223	FAM012975	FAM006835	FAM000189	FAM004677	FAM000782	FAM002944	FAM011390	FAM004587	FAM005684	FAM007188	FAM002183	FAM003303	FAM010714	FAM007716	FAM007449	FAM006506	FAM011243	FAM005124	FAM015305	FAM122892	FAM059952	FAM032082	FAM033662	FAM019125
rep177_seed2202	FAM004345	FAM000345	FAM007326	FAM002339	FAM003225	FAM000814	FAM009124	FAM005029	FAM004725	FAM000738	FAM002449	FAM001730	FAM001867	FAM000572	FAM002756	FAM006776	FAM001662	FAM002126	FAM008189	FAM007374	FAM000369	FAM007804	FAM005656	FAM001703	FAM002591	FAM009035	FAM001598	FAM006952	FAM002043	FAM005059	FAM001006	FAM001813	FAM005676	FAM001845	FAM008824	FAM006562	FAM002524	FAM004733	FAM001369	FAM000616	FAM005445	FAM013236	FAM007528	FAM004459	FAM006350	FAM005842	FAM000959	FAM005568	FAM011537	FAM004169	FAM006207	FAM001480	FAM005586	FAM005749	FAM008799	FAM011715	FAM003077	FAM005278	FAM009792	FAM012008	FAM000020	FAM011924	FAM006923	FAM001183	FAM001410	FAM014640	FAM009974	FAM009602	FAM146593	FAM058413	FAM030429	FAM037550	FAM024940
rep178_seed2203	FAM002418	FAM008292	FAM000466	FAM001410	FAM006378	FAM002525	FAM011561	FAM004079	FAM004811	FAM003173	FAM008998	FAM006976	FAM013349	FAM002867	FAM007098	FAM002192	FAM010207	FAM007191	FAM001990	FAM000354	FAM001709	FAM010022	FAM012234	FAM002079	FAM008466	FAM000715	FAM000199	FAM001390	FAM007123	FAM003718	FAM014452	FAM006421	FAM001148	FAM001860	FAM002177	FAM009479	FAM010714	FAM009080	FAM004438	FAM006031	FAM004725	FAM000157	FAM002138	FAM005673	FAM007875	FAM008458	FAM003763	FAM001478	FAM006183	FAM000653	FAM006653	FAM001690	FAM006583	FAM002957	FAM006021	FAM009773	FAM004305	FAM005916	FAM011406	FAM002051	FAM012898	FAM008035	FAM003902	FAM003618	FAM001175	FAM011735	FAM004505	FAM005642	FAM110974	FAM073820	FAM043072	FAM031372	FAM015912
rep179_seed2204	FAM001131	FAM002607	FAM004161	FAM007840	FAM002132	FAM012600	FAM003546	FAM003718	FAM006107	FAM004928	FAM002517	FAM003094	FAM002143	FAM005444	FAM010023	FAM005841	FAM000024	FAM003359	FAM012605	FAM007136	FAM004231	FAM011307	FAM001759	FAM010361	FAM011665	FAM000537	FAM003213	FAM004567	FAM006384	FAM005605	FAM001760	FAM001854	FAM006923	FAM003178	FAM003370	FAM014040	FAM004748	FAM003279	FAM008619	FAM007236	FAM002902	FAM002824	FAM001303	FAM008059	FAM000688	FAM011451	FAM012336	FAM003422	FAM007215	FAM009301	FAM001656	FAM002812	FAM000502	FAM002534	FAM001979	FAM002273	FAM010122	FAM000489	FAM001899	FAM006340	FAM004854	FAM004091	FAM009480	FAM005003	FAM011214	FAM011891	FAM010754	FAM011631	FAM147084	FAM058452	FAM029364	FAM040886	FAM028264
rep180_seed2205	FAM001874	FAM000200	FAM010111	FAM000075	FAM004238	FAM009061	FAM003572	FAM015015	FAM004039	FAM010461	FAM004060	FAM006950	FAM009387	FAM001416	FAM005699	FAM007724	FAM010507	FAM002414	FAM003975	FAM008661	FAM001938	FAM011963	FAM006597	FAM001143	FAM000411	FAM007617	FAM009044	FAM001509	FAM005266	FAM007247	FAM001165	FAM012722	FAM005627	FAM000011	FAM004617	FAM001841	FAM002989	FAM004598	FAM005714	FAM010259	FAM007851	FAM008723	FAM006062	FAM000620	FAM006658	FAM004011	FAM001718	FAM010195	FAM007075	FAM007722	FAM008746	FAM001445	FAM001963	FAM007479	FAM007695	FAM004855	FAM007392	FAM000783	FAM007098	FAM012162	FAM003386	FAM002467	FAM003394	FAM002658	FAM013490	FAM010331	FAM008169	FAM012599	FAM145096	FAM071378	FAM031791	FAM039946	FAM018291
rep181_seed2206	FAM006369	FAM002355	FAM012023	FAM011439	FAM003177	FAM004691	FAM003345	FAM003500	FAM009765	FAM010657	FAM006630	FAM000106	FAM007492	FAM002761	FAM012259	FAM012723	FAM000745	FAM005209	FAM000158	FAM004178	FAM002276	FAM000425	FAM003376	FAM003768	FAM002652	FAM002455	FAM010950	FAM002386	FAM000277	FAM006370	FAM009959	FAM009871	FAM000419	FAM012250	FAM005776	FAM013709	FAM011077	FAM008992	FAM005068	FAM009496	FAM005998	FAM011257	FAM000410	FAM006530	FAM009701	FAM002595	FAM004601	FAM006391	FAM009004	FAM007418	FAM000066	FAM008544	FAM001469	FAM005712	FAM002358	FAM008570	FAM007482	FAM009703	FAM012622	FAM002811	FAM003585	FAM003111	FAM005389	FAM007734	FAM002197	FAM008352	FAM010035	FAM014433	FAM125565	FAM058452	FAM041519	FAM038483	FAM026737
rep182_seed2207	FAM002969	FAM011753	FAM005582	FAM002776	FAM008480	FAM002802	FAM003755	FAM003893	FAM001748	FAM000387	FAM008676	FAM010210	FAM003987	FAM001642	FAM001587	FAM008406	FAM006090	FAM001605	FAM000243	FAM001798	FAM003408	FAM001335	FAM006537	FAM004992	FAM007871	FAM007712	FAM008557	FAM001932	FAM004533	FAM000180	FAM002757	FAM008472	FAM013240	FAM005221	FAM002349	FAM004898	FAM010335	FAM003801	FAM008840	FAM003632	FAM005828	FAM012350	FAM008766	FAM001638	FAM004968	FAM006884	FAM004406	FAM001816	FAM000171	FAM001380	FAM001265	FAM005248	FAM009179	FAM003506	FAM006351	FAM005669	FAM001450	FAM012548	FAM002442	FAM009547	FAM010133	FAM006592	FAM001506	FAM010467	FAM001556	FAM010729	FAM011289	FAM013209	FAM135053	FAM063132	FAM033846	FAM037637	FAM026768
rep183_seed2208	FAM001944	FAM007548	FAM004062	FAM003321	FAM005190	FAM001753	FAM006045	FAM002527	FAM011257	FAM004678	FAM002190	FAM003818	FAM007118	FAM009393	FAM008619	FAM003522	FAM003793	FAM002932	FAM005727	FAM013391	FAM004867	FAM009865	FAM008188	FAM004197	FAM010525	FAM005529	FAM000026	FAM013354	FAM000743	FAM003162	FAM003345	FAM002061	FAM002261	FAM004161	FAM002382	FAM005716	FAM006389	FAM009522	FAM010577	FAM011885	FAM005711	FAM000544	FAM008750	FAM006479	FAM004737	FAM003449	FAM004040	FAM009033	FAM002651	FAM000469	FAM003998	FAM003276	FAM001109	FAM005473	FAM001546	FAM008321	FAM010668	FAM011658	FAM002110	FAM003652	FAM009102	FAM010890	FAM005483	FAM011332	FAM000559	FAM012202	FAM010539	FAM014137	FAM135542	FAM073946	FAM033740	FAM031448	FAM020270
rep184_seed2209	FAM000353	FAM000033	FAM000121	FAM005729	FAM009023	FAM004736	FAM002341	FAM004587	FAM007487	FAM003719	FAM001553	FAM004875	FAM001100	FAM002183	FAM000658	FAM002150	FAM008827	FAM009896	FAM003442	FAM009805	FAM004036	FAM006966	FAM001569	FAM013874	FAM001404	FAM003750	FAM013835	FAM002798	FAM009140	FAM001935	FAM003805	FAM003969	FAM006611	FAM000263	FAM004290	FAM003039	FAM001519	FAM004066	FAM002683	FAM007052	FAM001463	FAM003225	FAM001088	FAM000380	FAM001152	FAM008922	FAM006204	FAM003476	FAM003965	FAM007803	FAM002549	FAM003278	FAM008934	FAM001854	FAM013050	FAM004000	FAM001819	FAM010805	FAM000632	FAM003773	FAM005165	FAM011124	FAM011248	FAM005040	FAM007687	FAM011040	FAM007282	FAM012882	FAM140565	FAM075668	FAM042887	FAM036563	FAM019664
rep185_seed2210	FAM005518	FAM003045	FAM004178	FAM000469	FAM002163	FAM002917	FAM003360	FAM001971	FAM001485	FAM006480	FAM010267	FAM001981	FAM008187	FAM012008	FAM006635	FAM009015	FAM005400	FAM011422	FAM001717	FAM001246	FAM001251	FAM005484	FAM000472	FAM003670	FAM001048	FAM009678	FAM002502	FAM009650	FAM001697	FAM002952	FAM001923	FAM004979	FAM000611	FAM000479	FAM003346	FAM002649	FAM003497	FAM002157	FAM005204	FAM005500	FAM002983	FAM009559	FAM001381	FAM003706	FAM001061	FAM004525	FAM008298	FAM011309	FAM013712	FAM012699	FAM000904	FAM009138	FAM000177	FAM000948	FAM007437	FAM006237	FAM006629	FAM013613	FAM000247	FAM001724	FAM005464	FAM001587	FAM000403	FAM008292	FAM003368	FAM013480	FAM005821	FAM009020	FAM136414	FAM067986	FAM043339	FAM043288	FAM024976
rep186_seed2211	FAM001487	FAM000730	FAM006501	FAM013259	FAM003592	FAM004176	FAM001506	FAM003805	FAM000886	FAM006926	FAM005345	FAM002679	FAM012105	FAM006563	FAM003437	FAM000551	FAM001883	FAM000620	FAM006365	FAM007292	FAM000445	FAM000919	FAM012915	FAM004794	FAM006615	FAM009812	FAM006197	FAM004620	FAM001174	FAM004760	FAM004252	FAM001303	FAM000318	FAM010173	FAM004315	FAM005974	FAM011973	FAM011230	FAM004621	FAM002215	FAM006814	FAM003045	FAM001138	FAM007426	FAM001599	FAM000447	FAM007156	FAM007335	FAM001040	FAM005466	FAM005729	FAM005829	FAM013464	FAM005708	FAM010751	FAM000294	FAM001222	FAM011932	FAM011356	FAM008155	FAM000068	FAM002324	FAM009023	FAM010870	FAM001634	FAM010730	FAM010253	FAM014259	FAM137191	FAM076643	FAM041142	FAM035503	FAM026677
rep187_seed2212	FAM005761	FAM013194	FAM002819	FAM004169	FAM004409	FAM003119	FAM002152	FAM001328	FAM006804	FAM011214	FAM004677	FAM006326	FAM004404	FAM003796	FAM009435	FAM004328	FAM006288	FAM005407	FAM001091	FAM003279	FAM010881	FAM010339	FAM001484	FAM005696	FAM000059	FAM004346	FAM001790	FAM005703	FAM007937	FAM002928	FAM006479	FAM006976	FAM010467	FAM004437	FAM007158	FAM000990	FAM009426	FAM014643	FAM002467	FAM003203	FAM003974	FAM013425	FAM007350	FAM012874	FAM012785	FAM003561	FAM006459	FAM002148	FAM005045	FAM001211	FAM001732	FAM006285	FAM000651	FAM000533	FAM001467	FAM005396	FAM006287	FAM001964	FAM003127	FAM002634	FAM013273	FAM003310	FAM006471	FAM001949	FAM011151	FAM007524	FAM011192	FAM013667	FAM133686	FAM060036	FAM038981	FAM039782	FAM022462
rep188_seed2213	FAM000956	FAM008022	FAM005939	FAM000550	FAM002655	FAM013575	FAM013214	FAM001145	FAM008297	FAM006132	FAM001611	FAM005054	FAM007650	FAM012707	FAM006198	FAM004494	FAM000877	FAM006712	FAM005302	FAM000883	FAM000767	FAM003811	FAM006951	FAM005912	FAM000778	FAM007087	FAM000528	FAM005961	FAM006835	FAM006977	FAM006332	FAM005947	FAM007239	FAM000135	FAM003677	FAM005163	FAM012106	FAM000829	FAM006460	FAM000403	FAM004497	FAM009726	FAM000867	FAM003413	FAM006365	FAM000780	FAM001313	FAM002233	FAM012515	FAM004032	FAM008364	FAM013625	FAM002184	FAM008707	FAM008554	FAM004527	FAM004776	FAM004726	FAM001803	FAM012845	FAM001192	FAM001811	FAM003572	FAM014279	FAM005088	FAM008919	FAM009521	FAM012807	FAM143182	FAM067224	FAM036743	FAM041080	FAM018243
rep189_seed2214	FAM009902	FAM007301	FAM002585	FAM009758	FAM000008	FAM001536	FAM006457	FAM006244	FAM000165	FAM006362	FAM011878	FAM009786	FAM012133	FAM001974	FAM000252	FAM001568	FAM000965	FAM002109	FAM003543	FAM005456	FAM004236	FAM002975	FAM014675	FAM003825	FAM001762	FAM002478	FAM001239	FAM004699	FAM000640	FAM006396	FAM004159	FAM000999	FAM007781	FAM001101	FAM010200	FAM000572	FAM003635	FAM001864	FAM002737	FAM005313	FAM010343	FAM001752	FAM012575	FAM007571	FAM004192	FAM003345	FAM006515	FAM009243	FAM009760	FAM003281	FAM007818	FAM008277	FAM013866	FAM007847	FAM000205	FAM001373	FAM008505	FAM007718	FAM001541	FAM007684	FAM005836	FAM009005	FAM002024	FAM005008	FAM001896	FAM009874	FAM013509	FAM010393	FAM142423	FAM069674	FAM038972	FAM041722	FAM017562
rep190_seed2215	FAM002414	FAM001773	FAM006415	FAM006726	FAM002121	FAM006920	FAM003863	FAM005638	FAM000277	FAM001730	FAM009026	FAM006106	FAM002209	FAM000187	FAM003521	FAM007324	FAM001219	FAM008232	FAM012305	FAM000481	FAM014249	FAM008233	FAM004099	FAM008747	FAM007270	FAM004300	FAM006126	FAM004076	FAM006995	FAM006320	FAM006138	FAM002791	FAM006300	FAM000373	FAM006773	FAM009883	FAM005514	FAM002719	FAM008184	FAM002633	FAM004118	FAM011482	FAM011425	FAM004163	FAM003720	FAM012158	FAM001032	FAM008037	FAM003668	FAM004662	FAM008833	FAM007937	FAM010935	FAM002220	FAM005625	FAM012686	FAM003196	FAM005743	FAM006807	FAM005793	FAM003266	FAM008547	FAM004170	FAM004070	FAM006881	FAM006830	FAM008591	FAM009844	FAM127699	FAM065648	FAM040511	FAM029488	FAM026518
rep191_seed2216	FAM008334	FAM001780	FAM013518	FAM006766	FAM003827	FAM013261	FAM006238	FAM000439	FAM002757	FAM006425	FAM009426	FAM002779	FAM001260	FAM006919	FAM012674	FAM004549	FAM001267	FAM005374	FAM007804	FAM009694	FAM003319	FAM003422	FAM008689	FAM008445	FAM012453	FAM005168	FAM003559	FAM000561	FAM006718	FAM002399	FAM005880	FAM006643	FAM000497	FAM003123	FAM002402	FAM008065	FAM003247	FAM004962	FAM007566	FAM002085	FAM002796	FAM005359	FAM004735	FAM006185	FAM002654	FAM003651	FAM010881	FAM002166	FAM009792	FAM010883	FAM005064	FAM002576	FAM000604	FAM001582	FAM006207	FAM001945	FAM002756	FAM009877	FAM000462	FAM008359	FAM000711	FAM008576	FAM010367	FAM002938	FAM004289	FAM006949	FAM011958	FAM009011	FAM126558	FAM061332	FAM034679	FAM032374	FAM026616
rep192_seed2217	FAM004246	FAM002512	FAM002515	FAM013850	FAM006305	FAM004874	FAM003933	FAM000110	FAM010375	FAM002544	FAM001603	FAM003165	FAM000703	FAM003826	FAM010962	FAM004924	FAM003567	FAM007388	FAM009071	FAM005825	FAM010027	FAM004020	FAM006515	FAM010832	FAM005414	FAM001178	FAM000662	FAM005247	FAM002818	FAM007688	FAM000122	FAM003869	FAM001458	FAM003551	FAM010805	FAM004710	FAM009776	FAM002838	FAM010146	FAM006335	FAM002820	FAM004541	FAM005149	FAM006943	FAM006184	FAM007018	FAM004036	FAM006997	FAM002679	FAM004040	FAM003844	FAM006718	FAM004185	FAM002461	FAM001991	FAM002381	FAM013206	FAM009374	FAM002397	FAM014520	FAM001781	FAM005113	FAM006421	FAM005297	FAM002406	FAM010826	FAM013135	FAM010813	FAM133550	FAM078404	FAM037035	FAM041660	FAM020958
rep193_seed2218	FAM010052	FAM004581	FAM004617	FAM001649	FAM001426	FAM002020	FAM001484	FAM000741	FAM003326	FAM001507	FAM004472	FAM008257	FAM007159	FAM003712	FAM003471	FAM004495	FAM012962	FAM003281	FAM000338	FAM003440	FAM000598	FAM009596	FAM006697	FAM000959	FAM003040	FAM002588	FAM005302	FAM007752	FAM000287	FAM006609	FAM000602	FAM000212	FAM012771	FAM007818	FAM006390	FAM007073	FAM001596	FAM009084	FAM006696	FAM008590	FAM005457	FAM002230	FAM011799	FAM003892	FAM012050	FAM001181	FAM005840	FAM007788	FAM001075	FAM009894	FAM010697	FAM013423	FAM005012	FAM005233	FAM009577	FAM000518	FAM000267	FAM000076	FAM005324	FAM004328	FAM009388	FAM002168	FAM012761	FAM009175	FAM004607	FAM009077	FAM009348	FAM012775	FAM135086	FAM061846	FAM038052	FAM029990	FAM015565
rep194_seed2219	FAM007677	FAM003459	FAM001041	FAM012942	FAM001457	FAM002219	FAM005915	FAM004082	FAM007458	FAM001664	FAM011237	FAM014534	FAM007526	FAM000512	FAM009712	FAM013069	FAM004861	FAM007847	FAM001720	FAM006847	FAM009699	FAM000354	FAM002225	FAM008857	FAM009433	FAM001222	FAM010364	FAM004653	FAM007747	FAM002071	FAM002065	FAM009250	FAM003906	FAM011425	FAM006773	FAM010828	FAM008823	FAM002054	FAM002213	FAM004655	FAM001002	FAM001181	FAM002869	FAM003167	FAM008763	FAM003402	FAM008420	FAM011453	FAM002608	FAM011754	FAM001097	FAM007691	FAM002839	FAM009948	FAM011869	FAM000583	FAM002570	FAM002221	FAM003021	FAM008629	FAM011147	FAM006506	FAM009286	FAM014412	FAM011402	FAM004473	FAM010450	FAM009949	FAM143457	FAM064333	FAM029769	FAM032915	FAM026635
rep195_seed2220	FAM003137	FAM010788	FAM000665	FAM000652	FAM004212	FAM005472	FAM006459	FAM010070	FAM005171	FAM004409	FAM009091	FAM006487	FAM002106	FAM001256	FAM001090	FAM004757	FAM007321	FAM003817	FAM004789	FAM008513	FAM014353	FAM010028	FAM000880	FAM002365	FAM000454	FAM014022	FAM006195	FAM002968	FAM004127	FAM004272	FAM006015	FAM000086	FAM001126	FAM003498	FAM014199	FAM005067	FAM000615	FAM000211	FAM010187	FAM003252	FAM001857	FAM002285	FAM008839	FAM005414	FAM005610	FAM012835	FAM002798	FAM003862	FAM002082	FAM010762	FAM010588	FAM009094	FAM000026	FAM005500	FAM001967	FAM000066	FAM001977	FAM000140	FAM000038	FAM010231	FAM004292	FAM002907	FAM007805	FAM002933	FAM003314	FAM006738	FAM004498	FAM011983	FAM112585	FAM064417	FAM034925	FAM041060	FAM026151
rep196_seed2221	FAM012308	FAM010463	FAM002020	FAM002409	FAM003491	FAM004968	FAM004826	FAM002099	FAM005716	FAM008058	FAM000393	FAM005632	FAM014196	FAM002281	FAM004361	FAM006985	FAM013118	FAM008515	FAM003006	FAM006062	FAM006448	FAM009954	FAM001994	FAM006335	FAM004843	FAM001246	FAM001031	FAM005060	FAM012108	FAM003529	FAM002137	FAM004673	FAM000730	FAM007061	FAM000766	FAM005184	FAM005877	FAM009529	FAM000203	FAM002787	FAM008406	FAM012007	FAM003304	FAM008263	FAM002847	FAM004782	FAM003531	FAM000162	FAM004485	FAM000822	FAM002705	FAM008508	FAM004852	FAM008581	FAM004578	FAM002006	FAM011147	FAM004404	FAM002665	FAM003769	FAM002860	FAM012275	FAM004718	FAM005404	FAM011089	FAM014639	FAM012758	FAM006266	FAM110609	FAM064020	FAM032096	FAM033719	FAM015536
rep197_seed2222	FAM004159	FAM003812	FAM001260	FAM002373	FAM000871	FAM000463	FAM006756	FAM004598	FAM007087	FAM007358	FAM004004	FAM001976	FAM006097	FAM001651	FAM000475	FAM003267	FAM010676	FAM006479	FAM001804	FAM012622	FAM011864	FAM009393	FAM006859	FAM007179	FAM004510	FAM006358	FAM002941	FAM009120	FAM002568	FAM012211	FAM000828	FAM003357	FAM000435	FAM001211	FAM005087	FAM000189	FAM003752	FAM007979	FAM008594	FAM007635	FAM007465	FAM000691	FAM006544	FAM000750	FAM002881	FAM011089	FAM000337	FAM006983	FAM005153	FAM009767	FAM010723	FAM003125	FAM001752	FAM001085	FAM011524	FAM003949	FAM000590	FAM002179	FAM005108	FAM000166	FAM003809	FAM013721	FAM003314	FAM002451	FAM004626	FAM014303	FAM008579	FAM010997	FAM146593	FAM060777	FAM032474	FAM036702	FAM015936
rep198_seed2223	FAM008303	FAM013397	FAM010812	FAM000982	FAM005521	FAM010241	FAM000168	FAM000390	FAM004984	FAM011827	FAM004576	FAM007149	FAM007151	FAM008812	FAM003387	FAM001440	FAM005009	FAM006867	FAM000699	FAM004721	FAM002344	FAM001339	FAM008421	FAM002238	FAM005816	FAM011225	FAM004264	FAM010259	FAM003544	FAM010948	FAM005930	FAM004442	FAM005045	FAM013596	FAM003662	FAM000010	FAM003186	FAM010570	FAM005897	FAM005382	FAM009314	FAM001196	FAM002942	FAM002424	FAM001990	FAM004867	FAM003936	FAM008515	FAM004369	FAM003682	FAM012339	FAM001265	FAM002887	FAM000791	FAM000476	FAM004247	FAM005225	FAM002141	FAM003526	FAM006770	FAM007162	FAM011524	FAM001153	FAM006243	FAM000227	FAM007280	FAM008591	FAM010489	FAM130150	FAM061332	FAM030492	FAM039173	FAM022688
rep199_seed2224	FAM006381	FAM009560	FAM006520	FAM008044	FAM001200	FAM002231	FAM009880	FAM000441	FAM011143	FAM011915	FAM011649	FAM002477	FAM002119	FAM000396	FAM006536	FAM006417	FAM005030	FAM005700	FAM004959	FAM009064	FAM012023	FAM005067	FAM002717	FAM005729	FAM011582	FAM007583	FAM001571	FAM003841	FAM008747	FAM000556	FAM005733	FAM008156	FAM003413	FAM001827	FAM008288	FAM000749	FAM002546	FAM010446	FAM004352	FAM001540	FAM003319	FAM010502	FAM002515	FAM004953	FAM006056	FAM012603	FAM005116	FAM005867	FAM004818	FAM012284	FAM010412	FAM001588	FAM001000	FAM000604	FAM007309	FAM003644	FAM006264	FAM006237	FAM010390	FAM003220	FAM003243	FAM008261	FAM009060	FAM005286	FAM000820	FAM008972	FAM009668	FAM011605	FAM130274	FAM058191	FAM037930	FAM031832	FAM023816
rep200_seed2225	FAM007173	FAM006451	FAM000286	FAM003517	FAM005054	FAM010578	FAM004543	FAM007124	FAM001621	FAM003536	FAM007580	FAM010798	FAM005473	FAM000077	FAM004726	FAM000169	FAM006599	FAM009617	FAM003639	FAM006020	FAM009632	FAM007875	FAM005570	FAM001547	FAM013448	FAM004417	FAM010758	FAM006298	FAM007657	FAM012739	FAM002704	FAM003655	FAM001438	FAM008814	FAM005559	FAM005310	FAM005107	FAM000442	FAM009561	FAM002199	FAM005603	FAM008435	FAM003811	FAM000376	FAM002879	FAM003020	FAM003133	FAM008525	FAM011090	FAM001327	FAM000313	FAM006109	FAM002178	FAM006873	FAM014336	FAM010574	FAM006580	FAM005667	FAM008165	FAM003343	FAM006016	FAM005263	FAM012417	FAM006471	FAM000981	FAM005593	FAM011187	FAM013067	FAM131986	FAM060122	FAM030040	FAM031465	FAM017051
rep201_seed2226	FAM000378	FAM008557	FAM004704	FAM004068	FAM001811	FAM008023	FAM002041	FAM012527	FAM004496	FAM003244	FAM006191	FAM003710	FAM000719	FAM011143	FAM007351	FAM009389	FAM004298	FAM007093	FAM008279	FAM001828	FAM008121	FAM001483	FAM005163	FAM000385	FAM010551	FAM003617	FAM002136	FAM004868	FAM014074	FAM009060	FAM006355	FAM011029	FAM009386	FAM004180	FAM005278	FAM003858	FAM002488	FAM006811	FAM003960	FAM001146	FAM010711	FAM005039	FAM012096	FAM007077	FAM006432	FAM003231	FAM005200	FAM001712	FAM000864	FAM006263	FAM011500	FAM001448	FAM004561	FAM003833	FAM006420	FAM012157	FAM002211	FAM006525	FAM000177	FAM000389	FAM004430	FAM007946	FAM001662	FAM002007	FAM006967	FAM013338	FAM012716	FAM013235	FAM117423	FAM063024	FAM036429	FAM041320	FAM016391
rep202_seed2227	FAM001903	FAM001120	FAM006298	FAM008691	FAM001928	FAM003460	FAM004452	FAM004345	FAM008990	FAM005067	FAM004880	FAM001419	FAM009684	FAM004163	FAM002908	FAM008635	FAM005866	FAM004203	FAM005409	FAM011309	FAM003854	FAM004449	FAM009218	FAM001787	FAM013735	FAM006478	FAM005242	FAM006309	FAM004230	FAM010224	FAM005604	FAM004251	FAM003499	FAM005707	FAM002289	FAM013484	FAM000641	FAM012158	FAM006437	FAM001239	FAM005435	FAM010707	FAM002414	FAM005841	FAM000650	FAM000007	FAM000456	FAM004095	FAM005040	FAM008085	FAM005845	FAM009517	FAM001492	FAM002482	FAM003559	FAM010033	FAM000545	FAM003963	FAM002234	FAM002034	FAM012521	FAM007922	FAM006390	FAM005772	FAM010696	FAM008744	FAM009899	FAM012263	FAM116243	FAM057660	FAM039860	FAM036786	FAM019291
rep203_seed2228	FAM010806	FAM002238	FAM002294	FAM001127	FAM003991	FAM004241	FAM002708	FAM005754	FAM007762	FAM004259	FAM008226	FAM000142	FAM005220	FAM007590	FAM008567	FAM003758	FAM005986	FAM003192	FAM004407	FAM014173	FAM008157	FAM005455	FAM006183	FAM003358	FAM009967	FAM007862	FAM010398	FAM001422	FAM008786	FAM002923	FAM002196	FAM003756	FAM004679	FAM000540	FAM004660	FAM006554	FAM003583	FAM001668	FAM001506	FAM011012	FAM003867	FAM003235	FAM005321	FAM003473	FAM012236	FAM002020	FAM001131	FAM009084	FAM009148	FAM013484	FAM008274	FAM004920	FAM002332	FAM008407	FAM013963	FAM005376	FAM006407	FAM000442	FAM007062	FAM005466	FAM006914	FAM007405	FAM000779	FAM000859	FAM000043	FAM011471	FAM011556	FAM005662	FAM111623	FAM069530	FAM042064	FAM036090	FAM019479
rep204_seed2229	FAM009457	FAM011038	FAM005854	FAM006606	FAM004629	FAM007744	FAM006950	FAM006025	FAM005312	FAM004807	FAM008365	FAM007839	FAM005557	FAM010693	FAM003220	FAM002986	FAM004810	FAM008006	FAM002467	FAM004241	FAM004586	FAM010205	FAM001805	FAM012383	FAM010149	FAM005284	FAM000897	FAM004191	FAM006896	FAM014666	FAM003112	FAM002261	FAM002971	FAM003482	FAM009379	FAM006210	FAM004660	FAM005237	FAM009169	FAM007263	FAM007993	FAM000236	FAM007027	FAM010228	FAM009367	FAM003068	FAM004468	FAM004655	FAM008312	FAM005218	FAM003994	FAM010405	FAM005669	FAM000235	FAM004441	FAM010284	FAM000359	FAM002629	FAM003019	FAM009638	FAM000996	FAM002957	FAM001535	FAM004886	FAM000541	FAM010851	FAM010141	FAM011262	FAM128679	FAM083936	FAM036133	FAM033606	FAM020958
rep205_seed2230	FAM002538	FAM011407	FAM014328	FAM008402	FAM007437	FAM001411	FAM011087	FAM006920	FAM005435	FAM007926	FAM004806	FAM010335	FAM004412	FAM004705	FAM006324	FAM001021	FAM009324	FAM011239	FAM009442	FAM009135	FAM003329	FAM000885	FAM003404	FAM005012	FAM004656	FAM001364	FAM001229	FAM007629	FAM012335	FAM000903	FAM003803	FAM001573	FAM003783	FAM013136	FAM001602	FAM003756	FAM005250	FAM009871	FAM005022	FAM013648	FAM012481	FAM003561	FAM002055	FAM002133	FAM002249	FAM004325	FAM005394	FAM011425	FAM005112	FAM005618	FAM002345	FAM001728	FAM006665	FAM011592	FAM004577	FAM005233	FAM005003	FAM004819	FAM000471	FAM001166	FAM005351	FAM009389	FAM005088	FAM003220	FAM001810	FAM012371	FAM011040	FAM009147	FAM146867	FAM074355	FAM036706	FAM042948	FAM028195
rep206_seed2231	FAM002942	FAM002847	FAM004437	FAM006244	FAM000595	FAM003084	FAM003538	FAM003999	FAM004677	FAM008629	FAM006283	FAM000753	FAM001187	FAM005489	FAM000526	FAM009611	FAM003652	FAM010978	FAM001601	FAM003671	FAM003547	FAM004777	FAM004542	FAM011826	FAM000606	FAM010445	FAM011482	FAM008824	FAM004587	FAM012098	FAM000376	FAM002794	FAM005819	FAM000551	FAM006757	FAM002301	FAM001861	FAM003287	FAM008827	FAM004713	FAM004382	FAM004879	FAM001241	FAM006304	FAM010607	FAM001194	FAM004726	FAM007141	FAM004096	FAM009799	FAM000338	FAM004919	FAM006494	FAM004035	FAM008788	FAM006340	FAM011340	FAM003091	FAM002545	FAM003429	FAM002179	FAM003588	FAM013113	FAM001363	FAM013732	FAM005515	FAM011588	FAM013597	FAM108487	FAM059138	FAM036208	FAM039154	FAM025433
rep207_seed2232	FAM006526	FAM010104	FAM000661	FAM003887	FAM009905	FAM008690	FAM010595	FAM004616	FAM002132	FAM003302	FAM004162	FAM006388	FAM003429	FAM012586	FAM009871	FAM008184	FAM003561	FAM006157	FAM003395	FAM004474	FAM003692	FAM001813	FAM004476	FAM005567	FAM001408	FAM006482	FAM006785	FAM004685	FAM004586	FAM004099	FAM002755	FAM002695	FAM000599	FAM007592	FAM005166	FAM006247	FAM000709	FAM002238	FAM009986	FAM008472	FAM006415	FAM003173	FAM012951	FAM008474	FAM004407	FAM007036	FAM012753	FAM005027	FAM007824	FAM002365	FAM008325	FAM008394	FAM007311	FAM011502	FAM009739	FAM009644	FAM013474	FAM002500	FAM000542	FAM003059	FAM001188	FAM004093	FAM006168	FAM007895	FAM006227	FAM003108	FAM009136	FAM005207	FAM146867	FAM058574	FAM032213	FAM039446	FAM020604
rep208_seed2233	FAM002287	FAM003702	FAM003829	FAM000944	FAM000634	FAM001668	FAM007244	FAM011137	FAM000649	FAM006972	FAM004593	FAM001403	FAM002680	FAM004035	FAM001139	FAM008590	FAM004701	FAM003250	FAM009178	FAM010488	FAM009871	FAM004651	FAM007421	FAM007794	FAM004395	FAM005168	FAM002523	FAM001966	FAM002640	FAM000146	FAM012075	FAM000828	FAM000153	FAM008120	FAM002010	FAM002964	FAM000926	FAM002329	FAM010657	FAM007078	FAM009393	FAM003559	FAM005488	FAM007576	FAM001428	FAM002784	FAM010187	FAM003705	FAM000937	FAM010041	FAM006152	FAM003719	FAM003784	FAM011708	FAM007656	FAM004818	FAM011575	FAM000816	FAM006641	FAM001854	FAM005816	FAM006156	FAM005961	FAM005519	FAM005292	FAM011115	FAM006344	FAM014365	FAM115506	FAM059059	FAM034885	FAM038483	FAM018988
rep209_seed2234	FAM005393	FAM003771	FAM006886	FAM000813	FAM001885	FAM008004	FAM007640	FAM004785	FAM003775	FAM001997	FAM004442	FAM003510	FAM000086	FAM008371	FAM005100	FAM011292	FAM002008	FAM002599	FAM000218	FAM001130	FAM004786	FAM008915	FAM012040	FAM006522	FAM002609	FAM000615	FAM001558	FAM001931	FAM003550	FAM013223	FAM011372	FAM007435	FAM002473	FAM002378	FAM004968	FAM014132	FAM002467	FAM000002	FAM000116	FAM005176	FAM000435	FAM004200	FAM003802	FAM005435	FAM011417	FAM005285	FAM005400	FAM005220	FAM004133	FAM002890	FAM005484	FAM004547	FAM007429	FAM001754	FAM001992	FAM006161	FAM007553	FAM007965	FAM010302	FAM002063	FAM009203	FAM005105	FAM008933	FAM002531	FAM003142	FAM013189	FAM012847	FAM010552	FAM126465	FAM063925	FAM030873	FAM029416	FAM027522
rep210_seed2235	FAM013709	FAM003288	FAM014366	FAM010688	FAM003421	FAM012624	FAM005349	FAM001717	FAM001328	FAM002013	FAM003744	FAM010735	FAM007734	FAM001917	FAM003243	FAM009083	FAM005020	FAM000352	FAM000499	FAM000612	FAM008519	FAM013464	FAM009353	FAM000259	FAM000698	FAM004352	FAM001111	FAM000834	FAM008070	FAM007193	FAM013353	FAM012493	FAM010475	FAM002072	FAM006859	FAM001172	FAM005468	FAM000389	FAM010646	FAM008115	FAM003386	FAM004465	FAM003290	FAM005728	FAM007786	FAM007271	FAM002400	FAM001781	FAM009206	FAM009272	FAM000827	FAM004425	FAM002746	FAM002993	FAM000926	FAM010198	FAM006726	FAM005588	FAM001707	FAM008638	FAM002418	FAM002995	FAM004126	FAM005899	FAM012978	FAM011971	FAM009983	FAM013492	FAM146648	FAM075070	FAM042874	FAM032000	FAM026439
rep211_seed2236	FAM001142	FAM008137	FAM005051	FAM007902	FAM002652	FAM005450	FAM002426	FAM012741	FAM003981	FAM004039	FAM007657	FAM007437	FAM006305	FAM009413	FAM001030	FAM011878	FAM001444	FAM007677	FAM010964	FAM003164	FAM010133	FAM003733	FAM004225	FAM008506	FAM002903	FAM000426	FAM007843	FAM007376	FAM002019	FAM006216	FAM011483	FAM000831	FAM005001	FAM004391	FAM001550	FAM000049	FAM003056	FAM003609	FAM007466	FAM014536	FAM002850	FAM007007	FAM003416	FAM003616	FAM007435	FAM004126	FAM002979	FAM006868	FAM000491	FAM012953	FAM004417	FAM002834	FAM002340	FAM012828	FAM001265	FAM002088	FAM009263	FAM001728	FAM013442	FAM010196	FAM005529	FAM001692	FAM000235	FAM009737	FAM004102	FAM014484	FAM014263	FAM008627	FAM146048	FAM067224	FAM030443	FAM032238	FAM019765
rep212_seed2237	FAM009108	FAM000008	FAM001154	FAM001655	FAM009472	FAM005840	FAM003995	FAM007447	FAM000283	FAM003483	FAM002874	FAM005750	FAM004478	FAM002420	FAM008764	FAM005216	FAM004589	FAM002694	FAM009670	FAM008687	FAM007853	FAM009542	FAM003821	FAM006328	FAM008290	FAM003656	FAM009001	FAM002982	FAM002488	FAM007310	FAM005220	FAM003247	FAM007610	FAM004187	FAM003545	FAM001606	FAM005386	FAM003488	FAM000261	FAM001826	FAM012707	FAM001240	FAM001562	FAM007743	FAM000936	FAM011801	FAM000682	FAM013070	FAM002579	FAM000995	FAM012143	FAM003420	FAM004956	FAM006715	FAM003207	FAM001163	FAM005762	FAM005772	FAM001204	FAM006661	FAM002777	FAM002239	FAM000277	FAM000669	FAM002951	FAM011992	FAM010320	FAM008984	FAM124721	FAM061132	FAM039038	FAM030176	FAM020473
rep213_seed2238	FAM009943	FAM006357	FAM008058	FAM000419	FAM013194	FAM003091	FAM005280	FAM012502	FAM010608	FAM002751	FAM008908	FAM010510	FAM006160	FAM009332	FAM000381	FAM005165	FAM013009	FAM004563	FAM009198	FAM002580	FAM007301	FAM006686	FAM006944	FAM007516	FAM014643	FAM013723	FAM001630	FAM002411	FAM006104	FAM009753	FAM005764	FAM006505	FAM007622	FAM002198	FAM003431	FAM003235	FAM012149	FAM001208	FAM003520	FAM007007	FAM012953	FAM004754	FAM004662	FAM006680	FAM004703	FAM004364	FAM009021	FAM000587	FAM000848	FAM001634	FAM005610	FAM007260	FAM006106	FAM011129	FAM005692	FAM005625	FAM008541	FAM014666	FAM005145	FAM003604	FAM001072	FAM001261	FAM009094	FAM007106	FAM006914	FAM010867	FAM007662	FAM009347	FAM122750	FAM069090	FAM029835	FAM041114	FAM024427
rep214_seed2239	FAM002501	FAM006534	FAM005154	FAM008510	FAM013608	FAM006843	FAM002965	FAM012259	FAM003486	FAM010256	FAM004396	FAM003832	FAM007093	FAM013624	FAM005790	FAM013923	FAM011528	FAM000211	FAM000732	FAM001077	FAM003722	FAM003842	FAM000162	FAM012343	FAM003824	FAM014121	FAM001791	FAM002944	FAM002332	FAM001007	FAM000687	FAM011895	FAM002057	FAM001104	FAM008457	FAM000786	FAM000407	FAM006825	FAM008070	FAM013847	FAM012951	FAM007110	FAM000527	FAM006174	FAM003574	FAM003025	FAM003344	FAM007653	FAM004693	FAM004314	FAM004218	FAM007536	FAM003101	FAM002455	FAM004979	FAM006475	FAM001015	FAM003558	FAM001763	FAM001997	FAM013529	FAM006746	FAM003313	FAM004023	FAM013658	FAM007939	FAM008248	FAM007601	FAM114705	FAM060176	FAM042514	FAM030460	FAM017838
rep215_seed2240	FAM000961	FAM007351	FAM005754	FAM008720	FAM002117	FAM000357	FAM007373	FAM008830	FAM010578	FAM003101	FAM002730	FAM009875	FAM011121	FAM002392	FAM008605	FAM001099	FAM009967	FAM000992	FAM001476	FAM008620	FAM008928	FAM005923	FAM004239	FAM006633	FAM002294	FAM001616	FAM000552	FAM006434	FAM008359	FAM007879	FAM003897	FAM005557	FAM006902	FAM012290	FAM002128	FAM003163	FAM002873	FAM004495	FAM003284	FAM003386	FAM003464	FAM003179	FAM002581	FAM013236	FAM004697	FAM003555	FAM008328	FAM004031	FAM001241	FAM005308	FAM003505	FAM009739	FAM002607	FAM004831	FAM008335	FAM013787	FAM004896	FAM008167	FAM001522	FAM003799	FAM000562	FAM009163	FAM005787	FAM001680	FAM007316	FAM003852	FAM012559	FAM009028	FAM136704	FAM060036	FAM042929	FAM030925	FAM018235
rep216_seed2241	FAM009145	FAM008792	FAM003528	FAM007964	FAM000835	FAM000104	FAM009500	FAM000762	FAM013698	FAM004557	FAM005171	FAM000771	FAM000836	FAM003462	FAM002800	FAM012108	FAM004713	FAM007136	FAM002121	FAM009763	FAM001660	FAM001089	FAM002771	FAM007885	FAM010821	FAM011166	FAM010098	FAM003999	FAM013563	FAM011656	FAM007903	FAM000414	FAM000483	FAM004513	FAM010771	FAM012720	FAM006840	FAM001563	FAM003013	FAM005246	FAM003995	FAM004493	FAM006535	FAM013839	FAM007321	FAM007208	FAM002379	FAM001838	FAM003912	FAM007520	FAM000732	FAM002420	FAM004274	FAM002124	FAM007092	FAM010056	FAM008162	FAM007203	FAM006791	FAM004961	FAM001096	FAM010575	FAM000524	FAM007318	FAM005164	FAM013654	FAM010971	FAM006532	FAM122642	FAM064596	FAM034422	FAM033719	FAM024186
rep217_seed2242	FAM001663	FAM002817	FAM008805	FAM000264	FAM009345	FAM002137	FAM012465	FAM001639	FAM004225	FAM007594	FAM001170	FAM001010	FAM007754	FAM000184	FAM000865	FAM004739	FAM007474	FAM009507	FAM012024	FAM000311	FAM009342	FAM007351	FAM001197	FAM012377	FAM001972	FAM001850	FAM005119	FAM006916	FAM006318	FAM006512	FAM012992	FAM008061	FAM001016	FAM002423	FAM003126	FAM007660	FAM002950	FAM006843	FAM004972	FAM007222	FAM001063	FAM009642	FAM000119	FAM004485	FAM005177	FAM007677	FAM000891	FAM004495	FAM000642	FAM011844	FAM004941	FAM002191	FAM002392	FAM002357	FAM007548	FAM006852	FAM003252	FAM004221	FAM002272	FAM006031	FAM003596	FAM009009	FAM004100	FAM005258	FAM000426	FAM012621	FAM013573	FAM014588	FAM144689	FAM063206	FAM041551	FAM033679	FAM017783
rep218_seed2243	FAM012868	FAM013866	FAM002145	FAM006583	FAM009467	FAM002200	FAM008947	FAM003185	FAM010417	FAM000720	FAM002686	FAM006380	FAM005927	FAM006712	FAM007480	FAM010712	FAM001178	FAM009084	FAM002188	FAM002380	FAM001245	FAM003554	FAM000169	FAM010502	FAM005703	FAM003551	FAM009873	FAM013723	FAM001508	FAM008168	FAM001780	FAM005728	FAM003153	FAM006737	FAM000535	FAM012453	FAM007494	FAM006153	FAM005953	FAM007852	FAM000490	FAM003238	FAM011582	FAM000317	FAM000150	FAM006995	FAM004952	FAM002015	FAM012978	FAM001440	FAM013085	FAM003053	FAM001193	FAM007391	FAM007175	FAM004480	FAM004076	FAM009789	FAM002571	FAM007754	FAM005704	FAM001364	FAM005176	FAM003346	FAM010028	FAM014397	FAM010350	FAM004248	FAM118690	FAM060293	FAM034885	FAM034711	FAM025952
rep219_seed2244	FAM003385	FAM005320	FAM002833	FAM006961	FAM006335	FAM005472	FAM005397	FAM001850	FAM008167	FAM000898	FAM001685	FAM008325	FAM005828	FAM003443	FAM007066	FAM009343	FAM012571	FAM008015	FAM001214	FAM000361	FAM000061	FAM005042	FAM000954	FAM002835	FAM002006	FAM001511	FAM002308	FAM000107	FAM007150	FAM007688	FAM003011	FAM001920	FAM003529	FAM001051	FAM000825	FAM011801	FAM002268	FAM006099	FAM006599	FAM006581	FAM002013	FAM009263	FAM005084	FAM012135	FAM003258	FAM004185	FAM001340	FAM008705	FAM012227	FAM007541	FAM010472	FAM008779	FAM004654	FAM005684	FAM004079	FAM006254	FAM000738	FAM005602	FAM004640	FAM002135	FAM003311	FAM008560	FAM005807	FAM002713	FAM004623	FAM010006	FAM009800	FAM009216	FAM135704	FAM059371	FAM036706	FAM039318	FAM027646
rep220_seed2245	FAM008292	FAM009102	FAM008987	FAM001481	FAM002538	FAM007640	FAM003389	FAM007239	FAM002435	FAM000029	FAM012456	FAM013849	FAM004108	FAM006120	FAM000181	FAM007544	FAM002959	FAM002456	FAM001012	FAM005185	FAM006355	FAM007782	FAM008772	FAM009063	FAM008808	FAM013016	FAM008024	FAM006062	FAM013469	FAM008881	FAM003073	FAM005526	FAM002255	FAM000693	FAM002270	FAM001679	FAM006039	FAM008417	FAM009615	FAM003343	FAM004387	FAM001382	FAM008075	FAM001496	FAM004738	FAM008011	FAM007000	FAM000307	FAM010408	FAM002987	FAM008866	FAM010474	FAM004296	FAM008517	FAM000280	FAM011932	FAM000061	FAM000214	FAM006709	FAM011063	FAM001704	FAM013797	FAM008513	FAM008922	FAM005299	FAM012004	FAM009012	FAM012611	FAM110896	FAM067708	FAM042735	FAM031637	FAM028937
rep221_seed2246	FAM010386	FAM002279	FAM004503	FAM002806	FAM005066	FAM004762	FAM000656	FAM011687	FAM001870	FAM000055	FAM002271	FAM009362	FAM013122	FAM008406	FAM004433	FAM004615	FAM001796	FAM003220	FAM001794	FAM004269	FAM011226	FAM003657	FAM006363	FAM001654	FAM012585	FAM002234	FAM001791	FAM001561	FAM014565	FAM005778	FAM007223	FAM008183	FAM002053	FAM006615	FAM005193	FAM004445	FAM001594	FAM007613	FAM001337	FAM000770	FAM001873	FAM001321	FAM007586	FAM012453	FAM001132	FAM008427	FAM009316	FAM005936	FAM004533	FAM005232	FAM003118	FAM007818	FAM001207	FAM000489	FAM008546	FAM003226	FAM000005	FAM005236	FAM008097	FAM010409	FAM001864	FAM005409	FAM004958	FAM000577	FAM011355	FAM011458	FAM011138	FAM011994	FAM132307	FAM065043	FAM041560	FAM043557	FAM016489
rep222_seed2247	FAM001773	FAM004575	FAM014317	FAM000100	FAM001105	FAM003828	FAM002616	FAM002212	FAM000347	FAM005157	FAM003154	FAM007419	FAM006103	FAM002821	FAM010480	FAM001416	FAM003725	FAM004540	FAM005296	FAM011264	FAM008480	FAM001288	FAM002667	FAM007135	FAM000272	FAM004149	FAM007407	FAM014074	FAM000224	FAM007744	FAM004386	FAM006898	FAM007516	FAM002766	FAM013894	FAM004078	FAM000467	FAM004392	FAM006523	FAM009112	FAM002239	FAM001550	FAM012978	FAM000355	FAM006306	FAM011780	FAM006006	FAM004340	FAM005106	FAM004799	FAM002798	FAM006554	FAM005999	FAM004383	FAM006267	FAM001938	FAM002833	FAM003512	FAM007975	FAM002149	FAM005467	FAM011878	FAM003795	FAM008598	FAM000676	FAM014285	FAM013407	FAM008954	FAM126951	FAM065227	FAM037290	FAM037980	FAM027293
rep223_seed2248	FAM010809	FAM009591	FAM002691	FAM006835	FAM009948	FAM012147	FAM001156	FAM000691	FAM007779	FAM012339	FAM003653	FAM005781	FAM001822	FAM006677	FAM000499	FAM005352	FAM006923	FAM006982	FAM001563	FAM000211	FAM007955	FAM000927	FAM002254	FAM002513	FAM003944	FAM005429	FAM006175	FAM010371	FAM010297	FAM001895	FAM005064	FAM006227	FAM004124	FAM006712	FAM003964	FAM003480	FAM004291	FAM001036	FAM002785	FAM001672	FAM003357	FAM005067	FAM004094	FAM000335	FAM001506	FAM001379	FAM007253	FAM012929	FAM003203	FAM005432	FAM012104	FAM005762	FAM010217	FAM004022	FAM004356	FAM003544	FAM013946	FAM001402	FAM004132	FAM012739	FAM006365	FAM001400	FAM008932	FAM002077	FAM002945	FAM007860	FAM005327	FAM012165	FAM133804	FAM059099	FAM030040	FAM039018	FAM026024
rep224_seed2249	FAM009967	FAM001569	FAM001473	FAM011594	FAM012610	FAM005443	FAM007858	FAM004476	FAM011652	FAM002165	FAM012147	FAM009954	FAM004929	FAM001690	FAM012290	FAM004710	FAM004430	FAM009044	FAM002008	FAM004321	FAM000051	FAM003933	FAM008498	FAM006328	FAM004701	FAM009196	FAM006750	FAM008473	FAM002872	FAM000572	FAM001899	FAM004521	FAM002501	FAM006873	FAM001903	FAM001143	FAM000906	FAM009404	FAM011833	FAM007742	FAM002053	FAM013276	FAM002317	FAM003309	FAM010204	FAM010373	FAM005516	FAM000193	FAM009772	FAM013751	FAM009210	FAM006732	FAM002532	FAM002870	FAM002869	FAM010418	FAM005769	FAM001537	FAM002538	FAM003726	FAM008767	FAM009627	FAM001932	FAM001562	FAM001911	FAM009047	FAM011544	FAM009245	FAM137788	FAM066080	FAM038411	FAM031231	FAM017598
rep225_seed2250	FAM007951	FAM003212	FAM002700	FAM003989	FAM000551	FAM004659	FAM009996	FAM000876	FAM004822	FAM004048	FAM002192	FAM004387	FAM006062	FAM001137	FAM002588	FAM004635	FAM004162	FAM003084	FAM004956	FAM001559	FAM005478	FAM002565	FAM002050	FAM010746	FAM011575	FAM004488	FAM007186	FAM006983	FAM003580	FAM003509	FAM007970	FAM004795	FAM013236	FAM008335	FAM001949	FAM011285	FAM003418	FAM009264	FAM005761	FAM012052	FAM004053	FAM000153	FAM013074	FAM005379	FAM001445	FAM004482	FAM009356	FAM004773	FAM001723	FAM011537	FAM013123	FAM011129	FAM003692	FAM003052	FAM014003	FAM002957	FAM003505	FAM004341	FAM005311	FAM002713	FAM014375	FAM000721	FAM006623	FAM000978	FAM001531	FAM009267	FAM011405	FAM003072	FAM143973	FAM074355	FAM030338	FAM039604	FAM022367
rep226_seed2251	FAM001555	FAM001816	FAM002262	FAM005287	FAM001801	FAM003980	FAM003957	FAM001426	FAM005452	FAM005409	FAM002604	FAM009217	FAM001539	FAM005364	FAM005276	FAM009119	FAM003655	FAM012479	FAM007186	FAM001563	FAM005601	FAM004075	FAM005699	FAM005049	FAM009865	FAM006604	FAM004994	FAM001786	FAM006889	FAM001111	FAM003363	FAM012603	FAM001362	FAM010696	FAM003659	FAM005031	FAM008818	FAM009500	FAM002717	FAM003919	FAM003673	FAM010866	FAM001020	FAM002627	FAM006088	FAM002248	FAM005304	FAM010678	FAM006357	FAM007878	FAM009057	FAM002345	FAM001180	FAM003825	FAM008328	FAM001619	FAM003932	FAM006391	FAM009731	FAM009735	FAM000872	FAM010386	FAM004961	FAM002735	FAM001160	FAM011534	FAM010227	FAM007163	FAM114333	FAM059523	FAM035241	FAM034545	FAM019128
rep227_seed2252	FAM005219	FAM003560	FAM001592	FAM009064	FAM000189	FAM005718	FAM011381	FAM011656	FAM009795	FAM000595	FAM003620	FAM014535	FAM001961	FAM002806	FAM013626	FAM001418	FAM006506	FAM005256	FAM009083	FAM002922	FAM001601	FAM003312	FAM005658	FAM002156	FAM012756	FAM002918	FAM013608	FAM004809	FAM006787	FAM003758	FAM012488	FAM003069	FAM004563	FAM000257	FAM004630	FAM008257	FAM004791	FAM006006	FAM009369	FAM006096	FAM003658	FAM004279	FAM000841	FAM001741	FAM010239	FAM004181	FAM004490	FAM008072	FAM013069	FAM010334	FAM010626	FAM014479	FAM003552	FAM010878	FAM002601	FAM002688	FAM011915	FAM005798	FAM003924	FAM000913	FAM005101	FAM004017	FAM002300	FAM004807	FAM007271	FAM005831	FAM013903	FAM010900	FAM139845	FAM066808	FAM034591	FAM035331	FAM018168
rep228_seed2253	FAM004203	FAM004572	FAM013721	FAM004000	FAM004390	FAM002474	FAM001268	FAM000821	FAM004908	FAM000730	FAM010833	FAM012940	FAM003187	FAM006571	FAM007426	FAM002943	FAM005189	FAM002342	FAM008296	FAM002714	FAM005336	FAM006291	FAM004527	FAM007140	FAM002827	FAM001553	FAM003884	FAM011212	FAM000579	FAM002999	FAM003657	FAM006978	FAM006929	FAM011048	FAM006686	FAM004010	FAM005287	FAM007373	FAM006816	FAM001313	FAM003227	FAM003930	FAM001611	FAM007982	FAM001931	FAM002349	FAM000054	FAM008222	FAM012336	FAM002722	FAM003975	FAM007895	FAM007175	FAM005787	FAM004471	FAM000050	FAM001752	FAM002281	FAM000986	FAM013128	FAM013626	FAM006277	FAM002639	FAM006290	FAM010948	FAM006679	FAM013952	FAM002376	FAM108107	FAM061095	FAM037777	FAM036748	FAM014968
rep229_seed2254	FAM003031	FAM002920	FAM002199	FAM009277	FAM004298	FAM005447	FAM007302	FAM004733	FAM006429	FAM001051	FAM006283	FAM012375	FAM000299	FAM005091	FAM010396	FAM003564	FAM003575	FAM002887	FAM010636	FAM001561	FAM009391	FAM002597	FAM005983	FAM011935	FAM001795	FAM002721	FAM005285	FAM002569	FAM011225	FAM008313	FAM000507	FAM006951	FAM007400	FAM004303	FAM007840	FAM005747	FAM002532	FAM004769	FAM002383	FAM000549	FAM005345	FAM010991	FAM006598	FAM012337	FAM009611	FAM012879	FAM001910	FAM006934	FAM004217	FAM010003	FAM012508	FAM005138	FAM010911	FAM005614	FAM005891	FAM004743	FAM005003	FAM004053	FAM003037	FAM001264	FAM011339	FAM001292	FAM001072	FAM002078	FAM002963	FAM011366	FAM006942	FAM010457	FAM109700	FAM058007	FAM040692	FAM031783	FAM021589
rep230_seed2255	FAM010061	FAM005263	FAM009816	FAM012108	FAM011214	FAM002356	FAM002427	FAM004855	FAM005975	FAM003771	FAM001867	FAM000814	FAM005573	FAM001378	FAM001946	FAM007794	FAM001094	FAM000177	FAM004125	FAM003493	FAM008274	FAM001885	FAM008473	FAM004043	FAM003924	FAM005855	FAM002240	FAM004790	FAM006192	FAM011780	FAM010233	FAM003063	FAM010459	FAM006469	FAM003302	FAM012735	FAM003923	FAM003677	FAM010945	FAM013506	FAM002111	FAM003420	FAM000748	FAM000069	FAM005684	FAM001724	FAM004668	FAM002955	FAM002286	FAM003825	FAM001843	FAM004191	FAM005614	FAM004439	FAM002778	FAM008960	FAM013501	FAM013575	FAM001865	FAM001361	FAM008046	FAM004745	FAM000343	FAM000862	FAM003116	FAM012062	FAM011795	FAM008842	FAM130264	FAM064312	FAM038305	FAM029380	FAM015421
rep231_seed2256	FAM007789	FAM006624	FAM005674	FAM009721	FAM009017	FAM010516	FAM006300	FAM005846	FAM002141	FAM002082	FAM013116	FAM003443	FAM008063	FAM005243	FAM002949	FAM008189	FAM012143	FAM001079	FAM001165	FAM014698	FAM006667	FAM000653	FAM002081	FAM000866	FAM003000	FAM007087	FAM003758	FAM008371	FAM010366	FAM005237	FAM010958	FAM009021	FAM003186	FAM012856	FAM002877	FAM010518	FAM000215	FAM001484	FAM003176	FAM006835	FAM003312	FAM008364	FAM007070	FAM005795	FAM007309	FAM005329	FAM003992	FAM002525	FAM004411	FAM000466	FAM011280	FAM005354	FAM001249	FAM004623	FAM005665	FAM008464	FAM004568	FAM000270	FAM000581	FAM005909	FAM007792	FAM005473	FAM002521	FAM001431	FAM003222	FAM005480	FAM007755	FAM005886	FAM111485	FAM065043	FAM036883	FAM037934	FAM028538
rep232_seed2257	FAM008092	FAM002747	FAM013236	FAM001269	FAM005909	FAM002464	FAM006040	FAM004164	FAM011708	FAM009272	FAM005991	FAM004364	FAM008969	FAM000777	FAM013946	FAM007311	FAM003312	FAM002252	FAM003293	FAM001052	FAM001436	FAM011246	FAM002770	FAM003760	FAM000149	FAM001356	FAM001895	FAM008773	FAM010401	FAM001076	FAM000594	FAM003813	FAM002951	FAM005421	FAM008234	FAM000186	FAM005405	FAM008133	FAM000638	FAM004601	FAM006081	FAM001683	FAM004126	FAM006112	FAM010881	FAM005312	FAM009149	FAM002625	FAM006513	FAM006900	FAM005585	FAM009859	FAM006483	FAM011652	FAM004330	FAM000326	FAM008766	FAM003110	FAM002147	FAM005693	FAM003662	FAM013118	FAM007007	FAM007304	FAM003966	FAM007708	FAM005633	FAM007707	FAM140958	FAM063403	FAM043144	FAM034638	FAM021189
rep233_seed2258	FAM002200	FAM005774	FAM014366	FAM014063	FAM002502	FAM002525	FAM006004	FAM010637	FAM009021	FAM005221	FAM007193	FAM008356	FAM006745	FAM008445	FAM014317	FAM009332	FAM000391	FAM002163	FAM005713	FAM000520	FAM013118	FAM001773	FAM008738	FAM010315	FAM004511	FAM006464	FAM006403	FAM004041	FAM004916	FAM008528	FAM001316	FAM004689	FAM011761	FAM000234	FAM001937	FAM001964	FAM001427	FAM004745	FAM009276	FAM009413	FAM006389	FAM002047	FAM006002	FAM002632	FAM000061	FAM000023	FAM008329	FAM000354	FAM004897	FAM005380	FAM013634	FAM004435	FAM001327	FAM000461	FAM000053	FAM006845	FAM000883	FAM005014	FAM003748	FAM005904	FAM009119	FAM009043	FAM013429	FAM003452	FAM003893	FAM012688	FAM008348	FAM012380	FAM122167	FAM063140	FAM034895	FAM029703	FAM022000
rep234_seed2259	FAM004756	FAM000784	FAM008184	FAM002121	FAM002666	FAM006742	FAM003607	FAM000261	FAM005714	FAM004778	FAM005839	FAM006850	FAM012050	FAM001467	FAM003201	FAM004383	FAM005341	FAM001884	FAM010465	FAM001792	FAM013921	FAM002917	FAM005707	FAM007405	FAM004634	FAM008129	FAM002025	FAM007151	FAM002270	FAM008631	FAM008746	FAM008053	FAM003124	FAM008193	FAM006346	FAM004513	FAM000526	FAM002188	FAM007995	FAM004380	FAM004846	FAM013853	FAM002305	FAM000316	FAM000204	FAM002830	FAM004750	FAM007435	FAM011130	FAM004748	FAM005010	FAM007424	FAM003163	FAM014686	FAM011200	FAM009628	FAM001042	FAM007235	FAM003426	FAM007824	FAM012513	FAM010815	FAM006410	FAM010488	FAM012135	FAM010178	FAM012528	FAM014223	FAM146258	FAM060219	FAM036291	FAM032980	FAM020270
rep235_seed2260	FAM009232	FAM005860	FAM001375	FAM008439	FAM002699	FAM001117	FAM010935	FAM005010	FAM008599	FAM001676	FAM000959	FAM007963	FAM014601	FAM002982	FAM012329	FAM003400	FAM003784	FAM000257	FAM000882	FAM005468	FAM010284	FAM000858	FAM000544	FAM003010	FAM006457	FAM003833	FAM008823	FAM001544	FAM004332	FAM007273	FAM000778	FAM007730	FAM014104	FAM005557	FAM010949	FAM003517	FAM006945	FAM003047	FAM002495	FAM011409	FAM006261	FAM005643	FAM009358	FAM000479	FAM004860	FAM004476	FAM002333	FAM009424	FAM004336	FAM013918	FAM001185	FAM006772	FAM005173	FAM003289	FAM010958	FAM001348	FAM002181	FAM002716	FAM013427	FAM004550	FAM006746	FAM004204	FAM005077	FAM003712	FAM012761	FAM013661	FAM012688	FAM012085	FAM139129	FAM067831	FAM039582	FAM032832	FAM028720
rep236_seed2261	FAM006769	FAM013658	FAM006863	FAM004699	FAM002060	FAM009415	FAM004280	FAM002407	FAM013530	FAM003904	FAM013648	FAM008578	FAM014563	FAM006873	FAM002357	FAM000969	FAM004144	FAM010890	FAM004848	FAM003630	FAM000190	FAM006542	FAM004856	FAM005851	FAM007425	FAM003978	FAM006966	FAM009087	FAM013128	FAM004576	FAM000655	FAM003251	FAM006743	FAM004021	FAM003221	FAM000246	FAM005299	FAM004221	FAM014278	FAM007206	FAM013469	FAM007843	FAM001558	FAM004578	FAM003789	FAM010256	FAM012715	FAM002920	FAM008284	FAM010166	FAM004489	FAM013624	FAM004339	FAM002669	FAM001275	FAM007673	FAM001698	FAM001107	FAM001887	FAM005597	FAM007958	FAM001466	FAM004431	FAM000225	FAM008858	FAM011263	FAM012999	FAM010248	FAM113959	FAM061237	FAM032518	FAM039099	FAM021677
rep237_seed2262	FAM004236	FAM008096	FAM011402	FAM004046	FAM008931	FAM004811	FAM000773	FAM002086	FAM007509	FAM006279	FAM008448	FAM004823	FAM002221	FAM000726	FAM001865	FAM000449	FAM004765	FAM006252	FAM000529	FAM011676	FAM002776	FAM002928	FAM007652	FAM005163	FAM003704	FAM002377	FAM006569	FAM001014	FAM005010	FAM013061	FAM002275	FAM008107	FAM005486	FAM005472	FAM007195	FAM002756	FAM005025	FAM005109	FAM008000	FAM005292	FAM006288	FAM005141	FAM008559	FAM001688	FAM006042	FAM006749	FAM001979	FAM008879	FAM002092	FAM005501	FAM001739	FAM009638	FAM005793	FAM004889	FAM005496	FAM010560	FAM007185	FAM002156	FAM004527	FAM001121	FAM001126	FAM005394	FAM000629	FAM001074	FAM003245	FAM008679	FAM006887	FAM006854	FAM145123	FAM067397	FAM030429	FAM033298	FAM022195
rep238_seed2263	FAM004251	FAM009723	FAM005991	FAM003329	FAM006399	FAM006209	FAM002753	FAM008558	FAM006836	FAM008386	FAM001511	FAM007726	FAM004082	FAM003440	FAM007567	FAM003711	FAM003463	FAM013149	FAM005019	FAM003214	FAM004111	FAM005087	FAM004407	FAM001093	FAM005545	FAM007316	FAM003524	FAM004949	FAM010801	FAM002984	FAM001524	FAM013253	FAM010474	FAM011665	FAM003817	FAM012052	FAM009073	FAM009877	FAM008528	FAM005326	FAM004489	FAM000368	FAM012674	FAM014253	FAM005896	FAM003090	FAM006655	FAM003172	FAM005140	FAM002688	FAM011048	FAM000577	FAM004310	FAM004436	FAM005014	FAM003966	FAM006732	FAM002099	FAM006568	FAM006997	FAM000114	FAM010668	FAM000711	FAM007799	FAM005121	FAM003852	FAM013329	FAM012428	FAM125983	FAM071378	FAM037168	FAM037851	FAM028166
rep239_seed2264	FAM000642	FAM004653	FAM010140	FAM000520	FAM001729	FAM001324	FAM007121	FAM006768	FAM001222	FAM004365	FAM001539	FAM009160	FAM009637	FAM004762	FAM012476	FAM005716	FAM007283	FAM009009	FAM002883	FAM007422	FAM003158	FAM009507	FAM004444	FAM002201	FAM005192	FAM004734	FAM006058	FAM012270	FAM008510	FAM006846	FAM004897	FAM000689	FAM005272	FAM007986	FAM000535	FAM013929	FAM005105	FAM003581	FAM008854	FAM000398	FAM007583	FAM000130	FAM009435	FAM005246	FAM004827	FAM000939	FAM003757	FAM006763	FAM003040	FAM000351	FAM004681	FAM005746	FAM001472	FAM003747	FAM004700	FAM004451	FAM001220	FAM012608	FAM004306	FAM000667	FAM004794	FAM003350	FAM014619	FAM004477	FAM009816	FAM009834	FAM009886	FAM013062	FAM119530	FAM062665	FAM036777	FAM039795	FAM022562
rep240_seed2265	FAM008364	FAM014541	FAM008350	FAM004469	FAM011498	FAM005319	FAM008252	FAM006440	FAM007722	FAM002375	FAM001701	FAM011155	FAM007572	FAM000106	FAM002824	FAM008033	FAM001826	FAM005240	FAM000320	FAM004510	FAM003276	FAM003279	FAM007910	FAM012898	FAM002392	FAM014355	FAM002466	FAM001594	FAM013963	FAM001513	FAM004379	FAM003794	FAM010918	FAM000892	FAM003557	FAM005696	FAM006023	FAM006444	FAM004810	FAM002381	FAM006284	FAM003414	FAM009458	FAM007648	FAM000014	FAM007562	FAM000324	FAM004069	FAM007583	FAM003774	FAM000863	FAM002535	FAM004848	FAM000384	FAM002550	FAM001362	FAM006443	FAM002330	FAM001258	FAM008121	FAM009698	FAM004415	FAM002232	FAM002701	FAM005753	FAM005698	FAM006733	FAM009371	FAM139870	FAM058739	FAM035051	FAM037934	FAM016773
rep241_seed2266	FAM005707	FAM004525	FAM008748	FAM002886	FAM007555	FAM010396	FAM012222	FAM008421	FAM004306	FAM009963	FAM000864	FAM003104	FAM013849	FAM006494	FAM001493	FAM004415	FAM005424	FAM002443	FAM002119	FAM003491	FAM001224	FAM004297	FAM006928	FAM001060	FAM002775	FAM010360	FAM011092	FAM009301	FAM009441	FAM011048	FAM002634	FAM000845	FAM008985	FAM006993	FAM011102	FAM001976	FAM011420	FAM000258	FAM012052	FAM010919	FAM001016	FAM007325	FAM002045	FAM008250	FAM000416	FAM005029	FAM010723	FAM005478	FAM003962	FAM003775	FAM006204	FAM004429	FAM002710	FAM002389	FAM000149	FAM009409	FAM011376	FAM006074	FAM000789	FAM013888	FAM006134	FAM008132	FAM006523	FAM002437	FAM002915	FAM012034	FAM013147	FAM008269	FAM122303	FAM058400	FAM035347	FAM041156	FAM018096
rep242_seed2267	FAM010990	FAM008318	FAM004855	FAM007964	FAM000458	FAM009506	FAM000046	FAM000219	FAM007874	FAM006802	FAM012158	FAM009550	FAM003251	FAM012248	FAM012691	FAM000351	FAM012307	FAM004742	FAM001991	FAM001318	FAM009293	FAM000528	FAM004472	FAM012464	FAM005906	FAM009323	FAM008132	FAM008211	FAM002466	FAM006964	FAM000093	FAM004989	FAM000508	FAM002196	FAM008198	FAM002866	FAM011248	FAM002239	FAM008812	FAM000613	FAM002613	FAM008601	FAM007374	FAM000540	FAM011124	FAM011747	FAM006529	FAM008293	FAM008469	FAM001435	FAM000665	FAM005848	FAM003285	FAM001428	FAM010676	FAM006465	FAM001660	FAM004568	FAM008288	FAM006662	FAM009416	FAM014573	FAM001269	FAM008313	FAM001680	FAM006922	FAM008299	FAM013783	FAM139110	FAM060043	FAM033260	FAM040216	FAM025870
rep243_seed2268	FAM008120	FAM001151	FAM003993	FAM004279	FAM009119	FAM011002	FAM007734	FAM005625	FAM006820	FAM006690	FAM003687	FAM000570	FAM002545	FAM007742	FAM005865	FAM004775	FAM004168	FAM003454	FAM006129	FAM001057	FAM002388	FAM008073	FAM001971	FAM004848	FAM004722	FAM005496	FAM012282	FAM002475	FAM005021	FAM010219	FAM004031	FAM000182	FAM004116	FAM004574	FAM005026	FAM000126	FAM003065	FAM011725	FAM002904	FAM014121	FAM002671	FAM013223	FAM004458	FAM002325	FAM003684	FAM000576	FAM010459	FAM000234	FAM011686	FAM002984	FAM014459	FAM012110	FAM006169	FAM003926	FAM000024	FAM003123	FAM004149	FAM002272	FAM008547	FAM007027	FAM006641	FAM008088	FAM007782	FAM001431	FAM002860	FAM008199	FAM011222	FAM008205	FAM114946	FAM078404	FAM035440	FAM035060	FAM026151
rep244_seed2269	FAM000130	FAM004837	FAM008891	FAM006634	FAM005325	FAM001029	FAM000726	FAM008193	FAM002032	FAM006275	FAM008838	FAM001646	FAM013317	FAM012158	FAM004343	FAM004747	FAM002250	FAM000890	FAM009544	FAM002857	FAM009064	FAM000674	FAM011801	FAM008137	FAM002055	FAM001427	FAM003545	FAM004968	FAM002208	FAM005564	FAM007804	FAM002210	FAM010342	FAM010232	FAM007946	FAM008635	FAM005940	FAM004103	FAM008985	FAM000198	FAM003012	FAM007590	FAM001558	FAM006703	FAM001459	FAM001039	FAM006262	FAM001884	FAM005840	FAM002755	FAM009978	FAM000373	FAM001627	FAM002986	FAM004396	FAM004470	FAM003972	FAM007752	FAM001022	FAM006664	FAM007999	FAM003489	FAM006167	FAM014534	FAM007922	FAM012244	FAM005550	FAM010273	FAM122892	FAM058130	FAM038458	FAM029291	FAM029000
rep245_seed2270	FAM000188	FAM002854	FAM007489	FAM009522	FAM003205	FAM010502	FAM002066	FAM010646	FAM004969	FAM005042	FAM007507	FAM005173	FAM005008	FAM001326	FAM001393	FAM003401	FAM002926	FAM006522	FAM008157	FAM009263	FAM002375	FAM013721	FAM002955	FAM002225	FAM007463	FAM002816	FAM002408	FAM004997	FAM006677	FAM006635	FAM005509	FAM002365	FAM002940	FAM007252	FAM005285	FAM000293	FAM002477	FAM012199	FAM004938	FAM000510	FAM004261	FAM002533	FAM001209	FAM002335	FAM000259	FAM013072	FAM006314	FAM001365	FAM004999	FAM012567	FAM008279	FAM003339	FAM009362	FAM006861	FAM007896	FAM002786	FAM005252	FAM005668	FAM000189	FAM001075	FAM010049	FAM003680	FAM000119	FAM004484	FAM001049	FAM007771	FAM009556	FAM007377	FAM108040	FAM063983	FAM036099	FAM029562	FAM016743
rep246_seed2271	FAM007696	FAM010835	FAM005745	FAM008157	FAM002504	FAM001058	FAM014254	FAM006586	FAM002594	FAM006267	FAM001895	FAM007256	FAM000087	FAM009301	FAM001330	FAM000291	FAM006192	FAM004478	FAM008297	FAM001733	FAM006741	FAM001965	FAM004190	FAM002381	FAM009680	FAM008935	FAM004985	FAM004147	FAM009437	FAM013497	FAM005349	FAM003722	FAM002272	FAM000226	FAM000898	FAM006152	FAM010521	FAM000370	FAM005630	FAM003347	FAM004372	FAM010219	FAM004319	FAM002239	FAM007994	FAM000706	FAM013554	FAM006301	FAM007684	FAM009684	FAM006643	FAM004116	FAM012158	FAM002794	FAM004243	FAM010857	FAM002955	FAM004294	FAM010873	FAM007489	FAM005743	FAM002227	FAM000251	FAM006388	FAM010123	FAM012306	FAM011641	FAM007387	FAM122167	FAM062955	FAM036388	FAM033345	FAM026665
rep247_seed2272	FAM005308	FAM006003	FAM003869	FAM007195	FAM001099	FAM011470	FAM003342	FAM006019	FAM010712	FAM002797	FAM004452	FAM010721	FAM001468	FAM004602	FAM007197	FAM007695	FAM004964	FAM002456	FAM005500	FAM002142	FAM005193	FAM003738	FAM007724	FAM001104	FAM003676	FAM000595	FAM008022	FAM000617	FAM004981	FAM012166	FAM006479	FAM006359	FAM008189	FAM004247	FAM007368	FAM002051	FAM011377	FAM004427	FAM006039	FAM008709	FAM006164	FAM012756	FAM006174	FAM000049	FAM001765	FAM003920	FAM013752	FAM004101	FAM000866	FAM007840	FAM003864	FAM006288	FAM001649	FAM003340	FAM012096	FAM012147	FAM008328	FAM006423	FAM003228	FAM004836	FAM007247	FAM000196	FAM001072	FAM007893	FAM009406	FAM009201	FAM005894	FAM013213	FAM114333	FAM065864	FAM041370	FAM039782	FAM028477
rep248_seed2273	FAM004178	FAM001933	FAM002393	FAM005383	FAM001697	FAM005650	FAM008492	FAM007392	FAM009102	FAM001873	FAM001297	FAM012567	FAM001396	FAM000927	FAM005929	FAM002369	FAM001359	FAM007034	FAM002417	FAM004499	FAM002861	FAM004148	FAM002364	FAM000471	FAM006597	FAM003314	FAM014520	FAM007173	FAM008420	FAM002424	FAM003447	FAM004832	FAM013608	FAM004215	FAM005869	FAM002713	FAM000101	FAM001430	FAM013900	FAM014408	FAM005412	FAM004957	FAM004252	FAM003182	FAM007684	FAM003806	FAM002535	FAM001524	FAM000900	FAM009753	FAM004043	FAM002144	FAM005915	FAM001305	FAM000349	FAM004918	FAM005573	FAM006831	FAM002716	FAM003449	FAM005757	FAM009650	FAM006211	FAM009414	FAM001896	FAM008616	FAM007605	FAM011719	FAM133550	FAM064350	FAM037510	FAM031089	FAM027880
rep249_seed2274	FAM002791	FAM006831	FAM003086	FAM003594	FAM000171	FAM000915	FAM014165	FAM003791	FAM014196	FAM003192	FAM001827	FAM005242	FAM007994	FAM001762	FAM010919	FAM005807	FAM000231	FAM006410	FAM008003	FAM002550	FAM003564	FAM002038	FAM009446	FAM011042	FAM005934	FAM008121	FAM001715	FAM006520	FAM010916	FAM001922	FAM000188	FAM001347	FAM003514	FAM003664	FAM003269	FAM001990	FAM003729	FAM012486	FAM008539	FAM003929	FAM005838	FAM008992	FAM001394	FAM004685	FAM005127	FAM012829	FAM005464	FAM008443	FAM002578	FAM005188	FAM003380	FAM013469	FAM007422	FAM001022	FAM009655	FAM006644	FAM006476	FAM000017	FAM001776	FAM003143	FAM000792	FAM002434	FAM003473	FAM004611	FAM007150	FAM011352	FAM007404	FAM011442	FAM123246	FAM075301	FAM038181	FAM031606	FAM027921
rep250_seed2275	FAM006634	FAM000494	FAM001782	FAM000794	FAM009609	FAM007162	FAM003688	FAM004172	FAM003712	FAM012930	FAM011344	FAM005842	FAM005068	FAM001301	FAM002824	FAM006142	FAM000591	FAM009732	FAM004420	FAM006167	FAM011705	FAM000147	FAM001132	FAM001330	FAM005505	FAM008120	FAM002406	FAM006730	FAM012851	FAM006817	FAM006624	FAM002987	FAM009244	FAM005601	FAM011400	FAM000138	FAM008718	FAM003389	FAM003784	FAM003130	FAM001734	FAM006653	FAM012105	FAM013923	FAM000804	FAM010352	FAM009406	FAM007583	FAM000686	FAM014187	FAM004659	FAM007213	FAM013009	FAM001187	FAM000639	FAM004005	FAM001365	FAM004292	FAM006112	FAM011054	FAM006866	FAM000720	FAM013208	FAM008141	FAM004550	FAM014492	FAM009495	FAM012043	FAM140707	FAM060504	FAM031026	FAM030706	FAM015120
rep251_seed2276	FAM003765	FAM009954	FAM004315	FAM000276	FAM007562	FAM003070	FAM012800	FAM008943	FAM009796	FAM004094	FAM002637	FAM002975	FAM001635	FAM000717	FAM002055	FAM004503	FAM002114	FAM009452	FAM005798	FAM005484	FAM008181	FAM005794	FAM000977	FAM004859	FAM009443	FAM005333	FAM001749	FAM005454	FAM003191	FAM002884	FAM004462	FAM005673	FAM000858	FAM008080	FAM003427	FAM001935	FAM002856	FAM000576	FAM009389	FAM000997	FAM008592	FAM005514	FAM000630	FAM004551	FAM004202	FAM007642	FAM003185	FAM000219	FAM010291	FAM002513	FAM013724	FAM003792	FAM004046	FAM003786	FAM004672	FAM005578	FAM011307	FAM004800	FAM007710	FAM003493	FAM001130	FAM012100	FAM006378	FAM000808	FAM002266	FAM010671	FAM013968	FAM006607	FAM131811	FAM065043	FAM042182	FAM041734	FAM019003
rep252_seed2277	FAM003311	FAM005389	FAM003560	FAM001447	FAM003929	FAM012373	FAM005844	FAM005902	FAM002412	FAM000526	FAM005845	FAM003564	FAM013216	FAM007203	FAM005723	FAM005368	FAM013550	FAM002881	FAM003527	FAM007766	FAM004306	FAM007372	FAM002143	FAM010093	FAM002679	FAM008065	FAM005937	FAM012508	FAM002173	FAM001832	FAM003674	FAM001776	FAM004586	FAM001251	FAM004985	FAM011636	FAM007151	FAM005355	FAM005032	FAM000795	FAM006296	FAM001911	FAM005627	FAM007480	FAM008872	FAM000504	FAM013874	FAM008306	FAM008164	FAM007543	FAM011578	FAM012726	FAM003378	FAM001002	FAM000252	FAM001270	FAM000433	FAM000783	FAM002978	FAM006146	FAM010245	FAM009989	FAM007910	FAM007027	FAM001760	FAM007079	FAM007339	FAM007983	FAM147016	FAM057842	FAM037600	FAM031805	FAM028904
rep253_seed2278	FAM012275	FAM003320	FAM013937	FAM003300	FAM004932	FAM005053	FAM000625	FAM003665	FAM012252	FAM006010	FAM006750	FAM009726	FAM000356	FAM008219	FAM007820	FAM004550	FAM011655	FAM014535	FAM002047	FAM002559	FAM004694	FAM002419	FAM002986	FAM001590	FAM006023	FAM005471	FAM004373	FAM012023	FAM007190	FAM005521	FAM003612	FAM004051	FAM002188	FAM000084	FAM005396	FAM009033	FAM012190	FAM002202	FAM001476	FAM010516	FAM009642	FAM001536	FAM004983	FAM004090	FAM002910	FAM012105	FAM005058	FAM006198	FAM006661	FAM007437	FAM008674	FAM002199	FAM004134	FAM009739	FAM006975	FAM012840	FAM011230	FAM008402	FAM004551	FAM001299	FAM000447	FAM012594	FAM002927	FAM000695	FAM001032	FAM011793	FAM014395	FAM012288	FAM141582	FAM058934	FAM030443	FAM032915	FAM020783
rep254_seed2279	FAM004376	FAM003365	FAM003975	FAM001664	FAM007423	FAM000380	FAM000177	FAM007720	FAM004164	FAM000034	FAM008227	FAM005324	FAM007917	FAM014601	FAM001223	FAM008623	FAM006773	FAM002695	FAM002320	FAM000907	FAM005038	FAM003194	FAM005841	FAM007653	FAM001759	FAM007242	FAM000392	FAM000520	FAM001932	FAM009433	FAM000965	FAM001127	FAM003306	FAM010531	FAM007355	FAM000307	FAM010362	FAM001090	FAM003042	FAM007489	FAM003440	FAM009276	FAM003441	FAM008957	FAM002976	FAM000264	FAM007142	FAM001829	FAM005630	FAM007214	FAM005166	FAM007164	FAM000797	FAM004495	FAM003123	FAM002423	FAM008701	FAM002737	FAM001740	FAM007991	FAM007516	FAM002567	FAM004077	FAM001699	FAM001994	FAM011795	FAM014383	FAM004255	FAM138704	FAM065280	FAM034925	FAM037469	FAM021274
rep255_seed2280	FAM003335	FAM009628	FAM003211	FAM010376	FAM003096	FAM003570	FAM009042	FAM003486	FAM011038	FAM008539	FAM011833	FAM005727	FAM002138	FAM010801	FAM011636	FAM010445	FAM003488	FAM007374	FAM007509	FAM001802	FAM006237	FAM007050	FAM004478	FAM000115	FAM001511	FAM011576	FAM000551	FAM002251	FAM011369	FAM009423	FAM006920	FAM004518	FAM008325	FAM008567	FAM006537	FAM005490	FAM002305	FAM004442	FAM001921	FAM009384	FAM005019	FAM000077	FAM005456	FAM004610	FAM002414	FAM006409	FAM012031	FAM004259	FAM002059	FAM000884	FAM007373	FAM014408	FAM012275	FAM012225	FAM012890	FAM001049	FAM004148	FAM008617	FAM000969	FAM001432	FAM010487	FAM002651	FAM011799	FAM005544	FAM006963	FAM011556	FAM007338	FAM003508	FAM129996	FAM060629	FAM029164	FAM036490	FAM018867
rep256_seed2281	FAM008453	FAM003678	FAM006729	FAM008365	FAM002207	FAM005811	FAM006874	FAM000535	FAM010298	FAM000932	FAM004579	FAM014249	FAM003063	FAM006514	FAM009353	FAM003286	FAM003668	FAM003712	FAM000031	FAM007132	FAM004315	FAM002333	FAM009301	FAM003441	FAM005739	FAM009916	FAM000768	FAM001180	FAM002836	FAM006309	FAM008620	FAM002701	FAM000227	FAM004871	FAM005650	FAM000235	FAM003997	FAM006259	FAM001983	FAM001231	FAM007031	FAM000417	FAM000596	FAM001400	FAM003318	FAM002014	FAM001238	FAM002680	FAM003027	FAM006255	FAM003411	FAM003799	FAM001825	FAM012876	FAM005907	FAM010089	FAM005320	FAM006426	FAM011514	FAM004405	FAM002769	FAM006443	FAM002120	FAM002443	FAM006472	FAM005698	FAM008940	FAM013097	FAM122750	FAM060549	FAM030045	FAM036257	FAM018729
rep257_seed2282	FAM006075	FAM004837	FAM001079	FAM005988	FAM003774	FAM004117	FAM000726	FAM003820	FAM005409	FAM003392	FAM004821	FAM002549	FAM009966	FAM009507	FAM004708	FAM001471	FAM005810	FAM000727	FAM000168	FAM004968	FAM001898	FAM003516	FAM005217	FAM001427	FAM007142	FAM001449	FAM002621	FAM009560	FAM004870	FAM005538	FAM004088	FAM000444	FAM001117	FAM002260	FAM007746	FAM009946	FAM003266	FAM009457	FAM000836	FAM005038	FAM001710	FAM005482	FAM008567	FAM007294	FAM005934	FAM003337	FAM008369	FAM006529	FAM005577	FAM007897	FAM003080	FAM003427	FAM004302	FAM012077	FAM006494	FAM001239	FAM005060	FAM004882	FAM001248	FAM004320	FAM004306	FAM013403	FAM002382	FAM005984	FAM001622	FAM009499	FAM012673	FAM012396	FAM117619	FAM062569	FAM034643	FAM039188	FAM021056
rep258_seed2283	FAM005573	FAM006549	FAM003919	FAM003520	FAM002127	FAM006131	FAM003377	FAM006060	FAM009534	FAM006175	FAM004603	FAM006209	FAM002348	FAM003479	FAM003213	FAM005141	FAM009958	FAM004918	FAM005930	FAM006297	FAM001718	FAM004487	FAM003214	FAM001015	FAM008124	FAM004180	FAM000311	FAM004310	FAM007229	FAM006310	FAM012586	FAM005800	FAM003921	FAM013398	FAM004348	FAM012012	FAM005144	FAM006763	FAM010574	FAM000891	FAM005400	FAM006544	FAM000720	FAM002475	FAM003033	FAM003604	FAM000485	FAM002298	FAM010284	FAM002146	FAM001781	FAM000455	FAM011615	FAM006978	FAM004201	FAM008437	FAM004212	FAM013410	FAM003190	FAM003563	FAM001958	FAM003015	FAM002249	FAM005213	FAM007621	FAM007822	FAM014242	FAM014384	FAM137326	FAM058892	FAM039049	FAM029711	FAM017274
rep259_seed2284	FAM009763	FAM001071	FAM013331	FAM008703	FAM008580	FAM004160	FAM012027	FAM011780	FAM005302	FAM003568	FAM003318	FAM006863	FAM002844	FAM008412	FAM007482	FAM002776	FAM000187	FAM003565	FAM005713	FAM000279	FAM003359	FAM005134	FAM012515	FAM004613	FAM012377	FAM002257	FAM006630	FAM002106	FAM002577	FAM001310	FAM004892	FAM000338	FAM012100	FAM008524	FAM004780	FAM001280	FAM003787	FAM001436	FAM011130	FAM012258	FAM003824	FAM007536	FAM002268	FAM007781	FAM009186	FAM010376	FAM005608	FAM004358	FAM001738	FAM001003	FAM000438	FAM005541	FAM005222	FAM005385	FAM006185	FAM000161	FAM001678	FAM010657	FAM007653	FAM003976	FAM002585	FAM001807	FAM007265	FAM011708	FAM012367	FAM014692	FAM006376	FAM013340	FAM133686	FAM058739	FAM035213	FAM040628	FAM017533
rep260_seed2285	FAM002486	FAM004071	FAM011854	FAM004883	FAM010093	FAM002042	FAM001940	FAM011077	FAM004618	FAM010113	FAM011985	FAM008037	FAM010233	FAM009967	FAM002374	FAM007149	FAM009039	FAM009358	FAM003105	FAM000039	FAM000375	FAM003276	FAM007310	FAM003113	FAM009357	FAM002037	FAM004730	FAM004794	FAM006600	FAM001465	FAM006804	FAM000977	FAM012848	FAM003563	FAM010417	FAM000443	FAM013296	FAM012208	FAM000516	FAM012715	FAM009417	FAM004494	FAM008874	FAM001349	FAM011589	FAM010284	FAM008056	FAM001844	FAM006426	FAM002026	FAM006951	FAM005896	FAM013000	FAM002920	FAM004890	FAM011485	FAM010187	FAM002154	FAM014541	FAM002146	FAM000921	FAM005533	FAM007221	FAM007208	FAM011031	FAM009574	FAM010786	FAM009097	FAM108487	FAM060629	FAM036757	FAM029602	FAM024396
rep261_seed2286	FAM013634	FAM001787	FAM000113	FAM009113	FAM001704	FAM001722	FAM005814	FAM001030	FAM001860	FAM000660	FAM004892	FAM003122	FAM004306	FAM001386	FAM006151	FAM004243	FAM003823	FAM000468	FAM001832	FAM011898	FAM008096	FAM005735	FAM011174	FAM013240	FAM002985	FAM006421	FAM004423	FAM008955	FAM000187	FAM002999	FAM003402	FAM001914	FAM005162	FAM006048	FAM004955	FAM008691	FAM004510	FAM006383	FAM004807	FAM005848	FAM007557	FAM005605	FAM003604	FAM001986	FAM000025	FAM000818	FAM010821	FAM005636	FAM002056	FAM007962	FAM001504	FAM007895	FAM013611	FAM009160	FAM001354	FAM012866	FAM000225	FAM002593	FAM005681	FAM005111	FAM004238	FAM000690	FAM007535	FAM001229	FAM003998	FAM013221	FAM012130	FAM013204	FAM110476	FAM058528	FAM048617	FAM029461	FAM021271
rep262_seed2287	FAM002836	FAM008412	FAM006478	FAM007525	FAM007741	FAM009074	FAM006320	FAM004177	FAM010228	FAM004323	FAM001234	FAM008528	FAM006635	FAM008913	FAM004269	FAM003275	FAM005338	FAM009600	FAM002696	FAM002486	FAM008626	FAM004195	FAM003402	FAM000687	FAM013154	FAM007325	FAM007805	FAM004883	FAM001270	FAM001062	FAM001306	FAM014273	FAM007066	FAM001261	FAM002353	FAM006962	FAM005382	FAM001109	FAM004043	FAM000360	FAM007189	FAM005260	FAM003347	FAM004761	FAM003647	FAM000698	FAM011307	FAM010611	FAM002884	FAM001212	FAM003218	FAM005373	FAM004763	FAM007902	FAM005534	FAM000721	FAM009542	FAM008581	FAM000406	FAM007925	FAM004059	FAM006415	FAM007813	FAM006016	FAM002632	FAM010852	FAM008530	FAM014430	FAM145752	FAM065622	FAM041334	FAM032362	FAM019735
rep263_seed2288	FAM004878	FAM010088	FAM014682	FAM002731	FAM004317	FAM006121	FAM004756	FAM010502	FAM005627	FAM007680	FAM009197	FAM007919	FAM001387	FAM003464	FAM000052	FAM006126	FAM001188	FAM001344	FAM007136	FAM000006	FAM000387	FAM005173	FAM001807	FAM004373	FAM000338	FAM009210	FAM002300	FAM003365	FAM007232	FAM007449	FAM000845	FAM003271	FAM001212	FAM005425	FAM002151	FAM001865	FAM009009	FAM001092	FAM000977	FAM006212	FAM004562	FAM006729	FAM001974	FAM000620	FAM003590	FAM006706	FAM002975	FAM002404	FAM001202	FAM001782	FAM005460	FAM002085	FAM003497	FAM002633	FAM002923	FAM011346	FAM000890	FAM004810	FAM003820	FAM000541	FAM003201	FAM005812	FAM011483	FAM001483	FAM002485	FAM011084	FAM005316	FAM013097	FAM110746	FAM064417	FAM041716	FAM040035	FAM014968
rep264_seed2289	FAM004121	FAM000358	FAM007616	FAM013948	FAM006245	FAM008092	FAM008696	FAM002973	FAM001532	FAM005481	FAM003734	FAM001484	FAM006300	FAM006792	FAM002444	FAM002759	FAM005153	FAM001550	FAM005303	FAM000066	FAM005145	FAM006259	FAM002961	FAM006701	FAM010655	FAM003377	FAM002872	FAM011443	FAM012259	FAM011561	FAM008229	FAM008590	FAM003242	FAM004233	FAM008062	FAM005301	FAM007000	FAM002402	FAM006147	FAM003128	FAM008971	FAM006131	FAM012586	FAM011467	FAM001012	FAM011436	FAM010288	FAM001313	FAM003506	FAM006943	FAM007256	FAM007804	FAM011761	FAM009149	FAM005021	FAM002289	FAM000125	FAM006912	FAM002618	FAM013530	FAM000926	FAM000768	FAM010224	FAM009005	FAM003405	FAM011056	FAM006158	FAM010318	FAM116251	FAM064483	FAM039276	FAM042611	FAM023176
rep265_seed2290	FAM001998	FAM004972	FAM000909	FAM013391	FAM008536	FAM000713	FAM002016	FAM007187	FAM008809	FAM010778	FAM001851	FAM000050	FAM005278	FAM002135	FAM004999	FAM006563	FAM001700	FAM003522	FAM003161	FAM002494	FAM004320	FAM009155	FAM004153	FAM010646	FAM006074	FAM000280	FAM004884	FAM000375	FAM010237	FAM009913	FAM005233	FAM005385	FAM001487	FAM001946	FAM006998	FAM006844	FAM002872	FAM004562	FAM009922	FAM001607	FAM011748	FAM001945	FAM009094	FAM006104	FAM005478	FAM005762	FAM008335	FAM001764	FAM006038	FAM000403	FAM002879	FAM004258	FAM003933	FAM003112	FAM001657	FAM002801	FAM005110	FAM004099	FAM013354	FAM008501	FAM007761	FAM002368	FAM003155	FAM005292	FAM001716	FAM007411	FAM010069	FAM012263	FAM138206	FAM062135	FAM046926	FAM029278	FAM018359
rep266_seed2291	FAM002890	FAM003521	FAM007448	FAM002134	FAM001282	FAM005390	FAM002679	FAM006925	FAM005315	FAM007509	FAM008092	FAM008619	FAM011059	FAM000996	FAM006681	FAM004299	FAM010514	FAM009049	FAM001204	FAM003307	FAM008060	FAM003066	FAM001948	FAM001995	FAM004147	FAM002318	FAM007862	FAM000848	FAM003902	FAM005971	FAM003426	FAM002244	FAM006569	FAM004610	FAM001962	FAM005560	FAM007869	FAM006201	FAM011717	FAM009667	FAM004809	FAM001458	FAM001985	FAM001181	FAM002272	FAM000603	FAM001418	FAM012690	FAM007994	FAM007668	FAM009809	FAM004195	FAM008073	FAM007032	FAM006622	FAM009666	FAM008346	FAM009074	FAM001374	FAM003102	FAM004836	FAM004548	FAM010016	FAM001362	FAM006966	FAM010034	FAM009819	FAM013130	FAM142323	FAM062955	FAM033525	FAM031442	FAM027723
rep267_seed2292	FAM008510	FAM003879	FAM000247	FAM002988	FAM013210	FAM012000	FAM008687	FAM001632	FAM012151	FAM005774	FAM001262	FAM002251	FAM007528	FAM011437	FAM003967	FAM006853	FAM009660	FAM010197	FAM006428	FAM004753	FAM008183	FAM004875	FAM014674	FAM003775	FAM011377	FAM001577	FAM009148	FAM003557	FAM000635	FAM001576	FAM007534	FAM010756	FAM000943	FAM006889	FAM002768	FAM014064	FAM003643	FAM002628	FAM013061	FAM007968	FAM001693	FAM000265	FAM003225	FAM005412	FAM000155	FAM006015	FAM003359	FAM000806	FAM003276	FAM002892	FAM003056	FAM005998	FAM002448	FAM004831	FAM002531	FAM007128	FAM001948	FAM009162	FAM006758	FAM002477	FAM006007	FAM002831	FAM004153	FAM004824	FAM001401	FAM011950	FAM010331	FAM013416	FAM120873	FAM066808	FAM037091	FAM033662	FAM016274
rep268_seed2293	FAM000989	FAM003314	FAM001077	FAM005695	FAM002458	FAM003119	FAM004536	FAM003084	FAM008707	FAM005401	FAM003430	FAM007632	FAM007049	FAM006375	FAM004733	FAM006746	FAM001378	FAM004540	FAM012622	FAM005161	FAM004814	FAM004011	FAM003668	FAM002126	FAM000048	FAM000152	FAM012501	FAM009746	FAM003608	FAM008189	FAM001283	FAM004764	FAM005754	FAM002681	FAM002441	FAM001832	FAM001661	FAM011500	FAM005849	FAM004242	FAM002268	FAM009206	FAM006465	FAM001493	FAM003169	FAM007475	FAM001066	FAM000934	FAM001692	FAM003122	FAM010492	FAM005992	FAM005603	FAM003404	FAM001286	FAM011065	FAM000877	FAM002549	FAM000691	FAM001078	FAM002059	FAM000977	FAM006753	FAM000415	FAM004458	FAM007887	FAM006830	FAM013597	FAM114096	FAM074355	FAM034455	FAM036016	FAM024502
rep269_seed2294	FAM002609	FAM005695	FAM004015	FAM001886	FAM008402	FAM004260	FAM003252	FAM012866	FAM006957	FAM000542	FAM008196	FAM003751	FAM011129	FAM009904	FAM003514	FAM008303	FAM012966	FAM010283	FAM003282	FAM009050	FAM001567	FAM002049	FAM006940	FAM002466	FAM010916	FAM005500	FAM003641	FAM005208	FAM013935	FAM003398	FAM000445	FAM004280	FAM008184	FAM003136	FAM008575	FAM000115	FAM001451	FAM002093	FAM005842	FAM005361	FAM009814	FAM007305	FAM004291	FAM004292	FAM006380	FAM003650	FAM004118	FAM002379	FAM000181	FAM002203	FAM004584	FAM006083	FAM001821	FAM000858	FAM002754	FAM001190	FAM007896	FAM004370	FAM000506	FAM004586	FAM010927	FAM011822	FAM003823	FAM006437	FAM005025	FAM010674	FAM005337	FAM011755	FAM130264	FAM060774	FAM032841	FAM042048	FAM018695
rep270_seed2295	FAM005625	FAM000041	FAM000552	FAM003042	FAM004950	FAM005170	FAM006763	FAM005132	FAM013767	FAM009009	FAM012687	FAM004378	FAM010296	FAM008011	FAM004675	FAM012742	FAM000305	FAM006960	FAM003476	FAM004721	FAM009033	FAM008423	FAM012845	FAM011833	FAM004939	FAM002342	FAM002400	FAM000596	FAM002301	FAM005189	FAM005073	FAM004365	FAM003350	FAM011665	FAM000872	FAM000021	FAM004504	FAM005228	FAM000204	FAM005939	FAM003922	FAM002759	FAM000395	FAM000151	FAM001620	FAM002018	FAM002004	FAM003078	FAM003974	FAM002170	FAM002433	FAM001492	FAM007507	FAM003129	FAM002963	FAM004312	FAM008629	FAM004714	FAM010712	FAM002127	FAM002169	FAM003197	FAM007915	FAM005492	FAM007682	FAM006679	FAM014415	FAM013733	FAM140339	FAM082546	FAM038865	FAM034706	FAM020958
rep271_seed2296	FAM004720	FAM006323	FAM000685	FAM002825	FAM001011	FAM006306	FAM006154	FAM005918	FAM004933	FAM003614	FAM010685	FAM006690	FAM007470	FAM009156	FAM001599	FAM007192	FAM004352	FAM007052	FAM007891	FAM008758	FAM006526	FAM009327	FAM001761	FAM006296	FAM006874	FAM007090	FAM009715	FAM003423	FAM009205	FAM004433	FAM006538	FAM006373	FAM004461	FAM004727	FAM005408	FAM002847	FAM007888	FAM009953	FAM007575	FAM003747	FAM009799	FAM004226	FAM011294	FAM013930	FAM001508	FAM014382	FAM005636	FAM001306	FAM002750	FAM001014	FAM011124	FAM004970	FAM004481	FAM001116	FAM002155	FAM003558	FAM001847	FAM002225	FAM011470	FAM012092	FAM006126	FAM013251	FAM010012	FAM007271	FAM002679	FAM013903	FAM010203	FAM009259	FAM133804	FAM065837	FAM042108	FAM035328	FAM025371
rep272_seed2297	FAM000312	FAM010209	FAM000165	FAM001269	FAM002831	FAM000125	FAM004889	FAM008178	FAM001167	FAM003454	FAM006583	FAM001092	FAM002302	FAM013565	FAM004078	FAM000574	FAM012438	FAM005167	FAM012674	FAM005101	FAM004741	FAM007463	FAM008244	FAM003913	FAM002616	FAM003218	FAM001778	FAM000662	FAM002247	FAM009896	FAM001794	FAM003192	FAM005522	FAM000407	FAM007807	FAM000980	FAM002496	FAM014666	FAM007492	FAM003064	FAM011281	FAM005736	FAM000133	FAM005497	FAM004467	FAM004698	FAM003974	FAM004971	FAM002014	FAM004101	FAM000359	FAM011225	FAM003886	FAM005443	FAM005610	FAM001523	FAM000096	FAM002385	FAM001505	FAM007153	FAM009799	FAM006467	FAM007265	FAM007128	FAM002428	FAM010431	FAM013313	FAM007881	FAM116243	FAM060377	FAM033392	FAM034619	FAM023192
rep273_seed2298	FAM009753	FAM004785	FAM010295	FAM002582	FAM006433	FAM012242	FAM006851	FAM012787	FAM004922	FAM003885	FAM009448	FAM012507	FAM000625	FAM008620	FAM013154	FAM001324	FAM003485	FAM003182	FAM003767	FAM004497	FAM004343	FAM009647	FAM000750	FAM000897	FAM001475	FAM003433	FAM001786	FAM011525	FAM000043	FAM001274	FAM003876	FAM008013	FAM004817	FAM004462	FAM000739	FAM004393	FAM014666	FAM005915	FAM008386	FAM011671	FAM004690	FAM012367	FAM002873	FAM006691	FAM000832	FAM001926	FAM003744	FAM009032	FAM002191	FAM010283	FAM011615	FAM002133	FAM008933	FAM005229	FAM001912	FAM007133	FAM008564	FAM006884	FAM004876	FAM000784	FAM009970	FAM001412	FAM005787	FAM001949	FAM008413	FAM006684	FAM007980	FAM008186	FAM140695	FAM061889	FAM034287	FAM029318	FAM020590
rep274_seed2299	FAM003027	FAM002624	FAM003747	FAM000344	FAM001296	FAM002107	FAM000276	FAM003738	FAM005021	FAM003830	FAM000827	FAM005374	FAM003255	FAM003598	FAM003231	FAM009513	FAM005987	FAM008115	FAM001364	FAM005365	FAM007992	FAM013834	FAM004813	FAM007528	FAM010575	FAM002457	FAM002412	FAM002471	FAM002482	FAM003406	FAM001307	FAM006927	FAM001177	FAM004058	FAM001962	FAM000016	FAM010160	FAM002366	FAM006443	FAM002641	FAM002124	FAM005545	FAM002028	FAM000187	FAM005264	FAM005862	FAM014605	FAM008015	FAM012219	FAM006221	FAM001734	FAM010298	FAM010578	FAM000660	FAM002137	FAM007072	FAM002251	FAM009964	FAM002043	FAM006466	FAM004799	FAM002818	FAM004784	FAM005965	FAM000967	FAM006684	FAM003852	FAM013733	FAM123478	FAM057962	FAM037035	FAM032247	FAM021379
rep275_seed2300	FAM003222	FAM003960	FAM001301	FAM009699	FAM014429	FAM005898	FAM014225	FAM003953	FAM011506	FAM007428	FAM004639	FAM000200	FAM000301	FAM000094	FAM004896	FAM008757	FAM003839	FAM000887	FAM006499	FAM002702	FAM013120	FAM000980	FAM000875	FAM013715	FAM004940	FAM006354	FAM004685	FAM003584	FAM007761	FAM002108	FAM009591	FAM009776	FAM011599	FAM009686	FAM003316	FAM004988	FAM003225	FAM002588	FAM006286	FAM003809	FAM002390	FAM001171	FAM012874	FAM003881	FAM008966	FAM003084	FAM001457	FAM000068	FAM011915	FAM013497	FAM006947	FAM007847	FAM001740	FAM007863	FAM005357	FAM003919	FAM002856	FAM009765	FAM014060	FAM014479	FAM012109	FAM008056	FAM010685	FAM002101	FAM006419	FAM011850	FAM013025	FAM006228	FAM144881	FAM070210	FAM039037	FAM034937	FAM026432
rep276_seed2301	FAM005624	FAM001798	FAM005199	FAM000498	FAM001894	FAM001779	FAM010501	FAM011232	FAM004974	FAM001820	FAM004686	FAM004713	FAM000088	FAM001698	FAM005120	FAM002624	FAM006460	FAM003578	FAM002819	FAM006499	FAM008883	FAM004784	FAM000960	FAM001077	FAM005056	FAM005168	FAM004061	FAM003843	FAM003265	FAM006405	FAM004603	FAM003178	FAM000264	FAM003457	FAM011504	FAM008740	FAM011279	FAM002237	FAM011738	FAM006972	FAM009440	FAM000559	FAM006270	FAM001912	FAM001246	FAM003582	FAM004659	FAM004111	FAM004579	FAM002677	FAM003145	FAM004830	FAM002506	FAM005961	FAM005106	FAM012281	FAM011181	FAM014458	FAM013024	FAM005979	FAM007948	FAM000502	FAM001890	FAM002074	FAM002110	FAM008568	FAM010591	FAM011363	FAM117260	FAM060426	FAM038438	FAM031831	FAM023119
rep277_seed2302	FAM000801	FAM007543	FAM002934	FAM007161	FAM014524	FAM002463	FAM008947	FAM011771	FAM000276	FAM009628	FAM001934	FAM006472	FAM006144	FAM001843	FAM004848	FAM004194	FAM004815	FAM007503	FAM001025	FAM003083	FAM007311	FAM007537	FAM001401	FAM002940	FAM002728	FAM011174	FAM001437	FAM000378	FAM011291	FAM005674	FAM012741	FAM003702	FAM010610	FAM006097	FAM010267	FAM007047	FAM004139	FAM003962	FAM001664	FAM004649	FAM009287	FAM008404	FAM004671	FAM005220	FAM009871	FAM002170	FAM005473	FAM001755	FAM004775	FAM006790	FAM000153	FAM000510	FAM001167	FAM000857	FAM003334	FAM009651	FAM005949	FAM007435	FAM001812	FAM005518	FAM002749	FAM003400	FAM009126	FAM005073	FAM009316	FAM008940	FAM009453	FAM008034	FAM142177	FAM062853	FAM041334	FAM033168	FAM017841
rep278_seed2303	FAM005323	FAM002697	FAM003447	FAM005851	FAM001723	FAM003741	FAM000021	FAM003568	FAM010707	FAM002639	FAM012809	FAM000208	FAM013490	FAM001789	FAM000594	FAM010775	FAM002632	FAM010804	FAM007016	FAM000406	FAM003282	FAM001549	FAM002965	FAM004863	FAM001131	FAM007511	FAM011390	FAM003910	FAM008590	FAM004572	FAM006963	FAM001901	FAM001763	FAM005838	FAM009670	FAM011042	FAM000155	FAM011784	FAM007611	FAM009694	FAM004977	FAM002488	FAM000202	FAM003580	FAM006497	FAM001302	FAM003895	FAM002818	FAM008703	FAM002372	FAM002717	FAM007300	FAM002227	FAM006300	FAM002781	FAM002022	FAM007915	FAM000268	FAM001198	FAM014643	FAM005141	FAM004344	FAM005664	FAM003536	FAM010259	FAM010473	FAM005136	FAM008139	FAM140249	FAM067514	FAM035931	FAM032548	FAM016040
rep279_seed2304	FAM008601	FAM004921	FAM001799	FAM005479	FAM013712	FAM004567	FAM001567	FAM000269	FAM007898	FAM012531	FAM012867	FAM000634	FAM002417	FAM009642	FAM001404	FAM004034	FAM003552	FAM005241	FAM003251	FAM000777	FAM009081	FAM001682	FAM008311	FAM002196	FAM008359	FAM001706	FAM013317	FAM000829	FAM000740	FAM001857	FAM004636	FAM003804	FAM003455	FAM005349	FAM013832	FAM001667	FAM001793	FAM007850	FAM002868	FAM007929	FAM001311	FAM007345	FAM005849	FAM004585	FAM003922	FAM004874	FAM007292	FAM006280	FAM001064	FAM008396	FAM005645	FAM007316	FAM004760	FAM003061	FAM008032	FAM011574	FAM003398	FAM000061	FAM004927	FAM002837	FAM009401	FAM006406	FAM009239	FAM011944	FAM006429	FAM008228	FAM010108	FAM008815	FAM135283	FAM059388	FAM034412	FAM035504	FAM023192
rep280_seed2305	FAM010352	FAM010575	FAM012740	FAM010636	FAM008302	FAM009159	FAM001274	FAM001560	FAM004430	FAM009124	FAM001608	FAM003951	FAM001958	FAM005099	FAM005625	FAM012933	FAM005324	FAM003092	FAM007165	FAM002548	FAM001349	FAM003116	FAM003525	FAM006164	FAM005784	FAM010693	FAM012296	FAM002201	FAM002799	FAM002839	FAM005573	FAM003597	FAM004686	FAM005204	FAM005219	FAM010052	FAM004779	FAM002744	FAM005389	FAM002565	FAM002425	FAM002464	FAM001904	FAM001832	FAM004084	FAM004723	FAM011937	FAM004450	FAM004290	FAM014504	FAM003087	FAM009911	FAM003692	FAM009281	FAM008443	FAM003216	FAM001899	FAM002716	FAM006476	FAM001964	FAM000565	FAM001809	FAM007730	FAM002937	FAM004441	FAM012832	FAM008940	FAM008716	FAM124668	FAM068036	FAM042058	FAM035118	FAM018729
rep281_seed2306	FAM005309	FAM007024	FAM000658	FAM000374	FAM003525	FAM001601	FAM006207	FAM008833	FAM005276	FAM002200	FAM014060	FAM000246	FAM007592	FAM010664	FAM004891	FAM005678	FAM001124	FAM001706	FAM003407	FAM012933	FAM007865	FAM010072	FAM001068	FAM000038	FAM006481	FAM004537	FAM002210	FAM004301	FAM013300	FAM000221	FAM008128	FAM005643	FAM000972	FAM004410	FAM007396	FAM001891	FAM002535	FAM010371	FAM006976	FAM014121	FAM012690	FAM005170	FAM003649	FAM010522	FAM002600	FAM003041	FAM014527	FAM002807	FAM007688	FAM000090	FAM004934	FAM004107	FAM002428	FAM000760	FAM007235	FAM000754	FAM012242	FAM009970	FAM003244	FAM002039	FAM008827	FAM012272	FAM000067	FAM003343	FAM005168	FAM009800	FAM007614	FAM014552	FAM135249	FAM062853	FAM029437	FAM041269	FAM024980
rep282_seed2307	FAM006570	FAM004579	FAM003871	FAM005697	FAM000036	FAM010332	FAM000677	FAM002645	FAM000078	FAM004762	FAM004408	FAM000346	FAM012571	FAM008872	FAM005321	FAM000497	FAM002883	FAM009731	FAM002468	FAM012269	FAM007859	FAM004731	FAM005035	FAM003392	FAM003669	FAM005196	FAM010398	FAM010538	FAM003299	FAM005126	FAM000349	FAM008641	FAM005264	FAM002535	FAM007264	FAM008467	FAM003457	FAM009522	FAM003185	FAM002681	FAM001162	FAM003876	FAM006925	FAM006611	FAM002886	FAM012037	FAM002363	FAM004795	FAM014690	FAM009415	FAM008881	FAM008774	FAM005424	FAM006075	FAM000425	FAM008187	FAM002863	FAM005034	FAM007951	FAM006915	FAM008805	FAM004558	FAM005247	FAM009490	FAM004589	FAM012921	FAM010794	FAM007826	FAM133106	FAM067362	FAM048061	FAM031214	FAM015536
rep283_seed2308	FAM001223	FAM002627	FAM000684	FAM010594	FAM001699	FAM002087	FAM006959	FAM000021	FAM005684	FAM010417	FAM010703	FAM007720	FAM001107	FAM011396	FAM004983	FAM012173	FAM002758	FAM004810	FAM010585	FAM004955	FAM005069	FAM004996	FAM003349	FAM003177	FAM004890	FAM011799	FAM004506	FAM011687	FAM013837	FAM007829	FAM000716	FAM005412	FAM010022	FAM006849	FAM006396	FAM005435	FAM004296	FAM007419	FAM008771	FAM003243	FAM000407	FAM009880	FAM006229	FAM004390	FAM003326	FAM014364	FAM001364	FAM000863	FAM004547	FAM003106	FAM003443	FAM000333	FAM004052	FAM004733	FAM008788	FAM002435	FAM012863	FAM007393	FAM001715	FAM001368	FAM000415	FAM004455	FAM013522	FAM013874	FAM001492	FAM008905	FAM009430	FAM009242	FAM122074	FAM061309	FAM037035	FAM031372	FAM023603
rep284_seed2309	FAM007418	FAM009492	FAM014480	FAM007142	FAM007965	FAM007553	FAM009157	FAM006127	FAM013722	FAM006120	FAM007382	FAM004076	FAM002275	FAM009198	FAM004997	FAM004943	FAM002950	FAM000368	FAM002718	FAM005586	FAM012741	FAM000692	FAM005541	FAM004073	FAM003714	FAM001060	FAM007203	FAM002670	FAM003514	FAM002107	FAM001510	FAM012290	FAM004566	FAM003390	FAM002246	FAM002955	FAM005836	FAM006390	FAM004134	FAM004389	FAM001813	FAM005095	FAM007921	FAM010873	FAM003278	FAM009043	FAM002818	FAM003468	FAM007128	FAM011140	FAM001864	FAM001351	FAM005888	FAM003073	FAM002135	FAM009940	FAM005549	FAM012272	FAM010079	FAM008465	FAM004204	FAM004109	FAM003964	FAM000587	FAM002027	FAM012894	FAM013737	FAM010924	FAM145739	FAM065091	FAM043153	FAM032832	FAM028021
rep285_seed2310	FAM004508	FAM003458	FAM006735	FAM005844	FAM006432	FAM001178	FAM005431	FAM014503	FAM005467	FAM007277	FAM006638	FAM008698	FAM002010	FAM006229	FAM000260	FAM009053	FAM005092	FAM004754	FAM000419	FAM004015	FAM008282	FAM000617	FAM001858	FAM014279	FAM007007	FAM010453	FAM000618	FAM012868	FAM004426	FAM000323	FAM008359	FAM001332	FAM001765	FAM002096	FAM010551	FAM006123	FAM000805	FAM002879	FAM003759	FAM014236	FAM008432	FAM013082	FAM006012	FAM000290	FAM003715	FAM007714	FAM012715	FAM008071	FAM010150	FAM000882	FAM005311	FAM004188	FAM009286	FAM013241	FAM002917	FAM006975	FAM010778	FAM008237	FAM002963	FAM012933	FAM005307	FAM000113	FAM009872	FAM000365	FAM011345	FAM014395	FAM009618	FAM008422	FAM134234	FAM068510	FAM039039	FAM040143	FAM022822
rep286_seed2311	FAM005717	FAM005839	FAM006450	FAM003757	FAM004538	FAM003355	FAM004911	FAM003077	FAM001084	FAM006801	FAM003701	FAM005564	FAM009506	FAM001508	FAM011551	FAM004388	FAM008701	FAM002738	FAM009805	FAM000103	FAM004240	FAM001152	FAM010334	FAM004207	FAM000783	FAM010967	FAM005530	FAM000479	FAM006520	FAM006444	FAM011863	FAM000248	FAM014573	FAM004168	FAM005478	FAM005265	FAM003546	FAM001367	FAM003310	FAM009660	FAM008322	FAM007871	FAM009195	FAM005293	FAM003672	FAM002121	FAM001041	FAM002844	FAM004573	FAM014165	FAM011425	FAM009427	FAM000261	FAM003369	FAM000522	FAM001698	FAM001378	FAM002056	FAM000948	FAM005359	FAM003486	FAM005037	FAM004018	FAM004343	FAM003157	FAM010669	FAM008194	FAM009633	FAM131676	FAM058994	FAM048614	FAM038677	FAM016773
rep287_seed2312	FAM001565	FAM003299	FAM005446	FAM002389	FAM005987	FAM005115	FAM010023	FAM003111	FAM001555	FAM003881	FAM009167	FAM007367	FAM002291	FAM011453	FAM005805	FAM000472	FAM003748	FAM001299	FAM013951	FAM000432	FAM001009	FAM007423	FAM000586	FAM003932	FAM006934	FAM003755	FAM001520	FAM007794	FAM006653	FAM000923	FAM003314	FAM001505	FAM003128	FAM003579	FAM008305	FAM002744	FAM003906	FAM004835	FAM003114	FAM000515	FAM013011	FAM006756	FAM000042	FAM001783	FAM001744	FAM006263	FAM003399	FAM003753	FAM008129	FAM004220	FAM005963	FAM000722	FAM000353	FAM004088	FAM005176	FAM007160	FAM007925	FAM010574	FAM003735	FAM004082	FAM008864	FAM002213	FAM009138	FAM006997	FAM004645	FAM014407	FAM008131	FAM003356	FAM118122	FAM062547	FAM045970	FAM037058	FAM021625
rep288_seed2313	FAM005461	FAM001526	FAM013638	FAM004719	FAM001515	FAM000650	FAM004810	FAM000217	FAM009943	FAM000651	FAM008947	FAM004344	FAM012060	FAM012761	FAM011712	FAM008448	FAM004620	FAM001060	FAM000297	FAM004040	FAM007256	FAM003278	FAM006758	FAM006890	FAM001930	FAM013276	FAM002541	FAM013349	FAM006187	FAM010910	FAM008483	FAM000864	FAM003903	FAM011801	FAM006060	FAM001134	FAM011797	FAM001619	FAM002926	FAM004568	FAM014375	FAM005609	FAM006163	FAM012567	FAM001778	FAM007817	FAM008736	FAM000708	FAM004679	FAM003096	FAM000668	FAM001881	FAM001096	FAM007428	FAM002196	FAM006368	FAM013073	FAM001057	FAM000689	FAM000471	FAM001631	FAM000201	FAM009043	FAM007545	FAM003579	FAM009973	FAM010673	FAM011070	FAM126296	FAM058574	FAM034116	FAM031358	FAM015654
rep289_seed2314	FAM003972	FAM007234	FAM009496	FAM000660	FAM006774	FAM001144	FAM002637	FAM001899	FAM003493	FAM005884	FAM007149	FAM000419	FAM005608	FAM001009	FAM007650	FAM000719	FAM001442	FAM002874	FAM004689	FAM011453	FAM001645	FAM006002	FAM005655	FAM007062	FAM002856	FAM005036	FAM005545	FAM001795	FAM007681	FAM009817	FAM003810	FAM007487	FAM007991	FAM002458	FAM002693	FAM013788	FAM002626	FAM006443	FAM008071	FAM013847	FAM004967	FAM003915	FAM004764	FAM004609	FAM005645	FAM010903	FAM005885	FAM007211	FAM000091	FAM009737	FAM012398	FAM001105	FAM005661	FAM000109	FAM008866	FAM004211	FAM000392	FAM007517	FAM008376	FAM008545	FAM005650	FAM013751	FAM007228	FAM007761	FAM004080	FAM013003	FAM003108	FAM008876	FAM120464	FAM064083	FAM037035	FAM035503	FAM017993
rep290_seed2315	FAM010076	FAM002766	FAM003124	FAM003287	FAM001474	FAM005618	FAM003342	FAM002120	FAM000955	FAM007733	FAM001752	FAM005406	FAM003225	FAM005052	FAM005375	FAM005096	FAM009124	FAM006359	FAM007691	FAM007016	FAM004088	FAM012250	FAM004408	FAM000382	FAM004128	FAM003769	FAM000230	FAM001381	FAM006439	FAM000546	FAM003127	FAM005740	FAM002832	FAM005827	FAM002862	FAM003544	FAM014413	FAM013637	FAM013874	FAM003355	FAM003507	FAM000507	FAM005110	FAM004006	FAM002713	FAM011119	FAM003668	FAM006326	FAM007528	FAM009703	FAM002283	FAM009968	FAM005648	FAM001476	FAM002388	FAM011881	FAM001417	FAM009249	FAM001372	FAM000886	FAM008917	FAM000877	FAM002570	FAM006164	FAM007934	FAM003848	FAM009322	FAM013001	FAM139148	FAM062629	FAM036757	FAM033723	FAM028012
rep291_seed2316	FAM000210	FAM001578	FAM004092	FAM000272	FAM006111	FAM006405	FAM001053	FAM004799	FAM004824	FAM006185	FAM004383	FAM010764	FAM003678	FAM006283	FAM002864	FAM000741	FAM001236	FAM003796	FAM007733	FAM004550	FAM008790	FAM006642	FAM004487	FAM011333	FAM007072	FAM006621	FAM003090	FAM007340	FAM012771	FAM005285	FAM007797	FAM007651	FAM005762	FAM002886	FAM010584	FAM004377	FAM009637	FAM002293	FAM014690	FAM001720	FAM006483	FAM012339	FAM011306	FAM002050	FAM002657	FAM001204	FAM010617	FAM002307	FAM011656	FAM002414	FAM001822	FAM004552	FAM010138	FAM000811	FAM001143	FAM002550	FAM005877	FAM003658	FAM009804	FAM005368	FAM002364	FAM009027	FAM007046	FAM004865	FAM007780	FAM011352	FAM007444	FAM013475	FAM108107	FAM060036	FAM032859	FAM043610	FAM015230
rep292_seed2317	FAM005855	FAM004441	FAM011791	FAM001619	FAM003605	FAM004293	FAM001452	FAM000872	FAM007149	FAM001916	FAM009470	FAM004520	FAM000782	FAM012925	FAM001120	FAM007140	FAM009559	FAM001934	FAM002146	FAM001321	FAM010445	FAM005504	FAM001298	FAM013787	FAM002458	FAM007741	FAM000212	FAM006824	FAM004199	FAM004843	FAM010352	FAM012585	FAM001008	FAM002922	FAM005018	FAM007879	FAM012533	FAM004408	FAM007575	FAM010950	FAM010964	FAM005493	FAM004615	FAM001171	FAM004372	FAM013085	FAM008103	FAM001704	FAM005744	FAM013797	FAM010157	FAM000423	FAM000496	FAM003844	FAM005641	FAM000047	FAM007115	FAM007873	FAM000492	FAM008755	FAM000933	FAM004737	FAM002066	FAM000800	FAM000020	FAM006717	FAM006676	FAM012021	FAM142754	FAM058701	FAM032776	FAM039605	FAM022195
rep293_seed2318	FAM013118	FAM013698	FAM008051	FAM001639	FAM004383	FAM000371	FAM002696	FAM004651	FAM006301	FAM000220	FAM008044	FAM001360	FAM005768	FAM001592	FAM002741	FAM001218	FAM011038	FAM002236	FAM004435	FAM003164	FAM003594	FAM002684	FAM010342	FAM014296	FAM010840	FAM009644	FAM004043	FAM005896	FAM005450	FAM009374	FAM003436	FAM010138	FAM006397	FAM008153	FAM008039	FAM007277	FAM007902	FAM008395	FAM005375	FAM000411	FAM006930	FAM010475	FAM012612	FAM003710	FAM004115	FAM000213	FAM001838	FAM010617	FAM000222	FAM000926	FAM000365	FAM002458	FAM007424	FAM004594	FAM005771	FAM000519	FAM009074	FAM000439	FAM012962	FAM001095	FAM008603	FAM007697	FAM006073	FAM002604	FAM009717	FAM010431	FAM008905	FAM014309	FAM134616	FAM059996	FAM041797	FAM039960	FAM028012
rep294_seed2319	FAM001549	FAM005436	FAM006836	FAM001430	FAM006417	FAM008125	FAM002489	FAM000373	FAM004209	FAM005900	FAM001302	FAM002368	FAM001665	FAM009572	FAM006117	FAM001794	FAM012610	FAM001384	FAM011059	FAM006834	FAM010977	FAM000166	FAM004549	FAM008448	FAM005531	FAM002000	FAM000124	FAM003115	FAM010363	FAM000372	FAM003987	FAM014536	FAM011347	FAM011200	FAM010846	FAM010288	FAM001935	FAM007767	FAM006264	FAM003448	FAM000944	FAM011423	FAM006282	FAM006825	FAM009751	FAM007330	FAM000571	FAM005700	FAM006752	FAM004849	FAM010123	FAM005357	FAM012978	FAM006759	FAM001061	FAM007461	FAM009057	FAM001644	FAM008152	FAM003362	FAM004427	FAM004512	FAM005044	FAM010524	FAM004551	FAM013934	FAM014044	FAM011921	FAM141253	FAM059810	FAM031954	FAM033085	FAM025522
rep295_seed2320	FAM013953	FAM003660	FAM001996	FAM003758	FAM009138	FAM013009	FAM007092	FAM010520	FAM006596	FAM010233	FAM009053	FAM004292	FAM001624	FAM013234	FAM003182	FAM006015	FAM003799	FAM009673	FAM009796	FAM004387	FAM000992	FAM009058	FAM008181	FAM010707	FAM006976	FAM008778	FAM005201	FAM007902	FAM004687	FAM001737	FAM005443	FAM004204	FAM002638	FAM014268	FAM006230	FAM001766	FAM012201	FAM011869	FAM008326	FAM011002	FAM003652	FAM004993	FAM011264	FAM009746	FAM006204	FAM002118	FAM001008	FAM011628	FAM000609	FAM002710	FAM011564	FAM009984	FAM007660	FAM001054	FAM003663	FAM014536	FAM004932	FAM003891	FAM007226	FAM001616	FAM003994	FAM002067	FAM003778	FAM008473	FAM004713	FAM008579	FAM006360	FAM011234	FAM123079	FAM059303	FAM036813	FAM033582	FAM016587
rep296_seed2321	FAM003577	FAM001244	FAM006538	FAM011279	FAM003436	FAM006421	FAM011467	FAM000808	FAM001194	FAM002040	FAM002181	FAM003727	FAM001846	FAM005120	FAM012585	FAM009480	FAM000097	FAM000749	FAM012874	FAM001749	FAM002167	FAM006437	FAM014536	FAM007679	FAM000155	FAM002277	FAM010864	FAM002130	FAM002546	FAM001621	FAM004301	FAM001296	FAM014180	FAM005862	FAM012865	FAM006935	FAM001814	FAM005036	FAM013410	FAM010978	FAM008288	FAM004328	FAM004016	FAM011000	FAM008698	FAM001363	FAM002278	FAM007191	FAM004712	FAM003380	FAM010185	FAM005930	FAM000222	FAM007458	FAM014480	FAM005722	FAM009702	FAM008562	FAM004437	FAM003633	FAM007253	FAM001973	FAM008016	FAM006321	FAM003851	FAM008939	FAM011619	FAM009147	FAM127508	FAM061233	FAM039741	FAM033343	FAM020375
rep297_seed2322	FAM004036	FAM009682	FAM004662	FAM010321	FAM001045	FAM003328	FAM004590	FAM003826	FAM008023	FAM009936	FAM008875	FAM005104	FAM000527	FAM007970	FAM007133	FAM006164	FAM006014	FAM002294	FAM004962	FAM002670	FAM013671	FAM012092	FAM004679	FAM003240	FAM006900	FAM002937	FAM009369	FAM006588	FAM000844	FAM002974	FAM009664	FAM001283	FAM003967	FAM014452	FAM005491	FAM008746	FAM006083	FAM003039	FAM012575	FAM008839	FAM007032	FAM002293	FAM004024	FAM005412	FAM009966	FAM009078	FAM003919	FAM003845	FAM001522	FAM003819	FAM001935	FAM009998	FAM006077	FAM004801	FAM001458	FAM003698	FAM002947	FAM000353	FAM005948	FAM003109	FAM001730	FAM010204	FAM002101	FAM003148	FAM006469	FAM010940	FAM012570	FAM009432	FAM116025	FAM068183	FAM042447	FAM032578	FAM016207
rep298_seed2323	FAM002006	FAM000824	FAM008992	FAM006310	FAM001032	FAM003295	FAM000364	FAM007739	FAM007895	FAM011855	FAM004216	FAM005359	FAM001162	FAM001591	FAM004741	FAM001806	FAM007218	FAM000484	FAM002602	FAM001229	FAM002551	FAM012715	FAM011779	FAM008932	FAM009664	FAM007789	FAM000517	FAM004265	FAM010543	FAM014120	FAM013279	FAM004937	FAM003090	FAM002518	FAM008058	FAM002603	FAM000543	FAM000681	FAM002466	FAM009217	FAM003854	FAM005431	FAM007506	FAM003009	FAM003068	FAM000257	FAM005570	FAM001283	FAM006469	FAM001065	FAM014668	FAM002710	FAM000711	FAM010196	FAM010104	FAM006454	FAM003796	FAM001461	FAM002152	FAM006106	FAM010299	FAM000177	FAM005918	FAM000309	FAM004671	FAM012523	FAM013255	FAM005253	FAM142570	FAM063236	FAM034842	FAM036713	FAM018643
rep299_seed2324	FAM001184	FAM012962	FAM001249	FAM001827	FAM007762	FAM000479	FAM003469	FAM000824	FAM000756	FAM002068	FAM006221	FAM002209	FAM001139	FAM008914	FAM012612	FAM010353	FAM005837	FAM011686	FAM011341	FAM011332	FAM002693	FAM002929	FAM005369	FAM007700	FAM009817	FAM003474	FAM003028	FAM014073	FAM007249	FAM010964	FAM009758	FAM011092	FAM004392	FAM008766	FAM001687	FAM003424	FAM005452	FAM007173	FAM002260	FAM005325	FAM000736	FAM001255	FAM009670	FAM001681	FAM008923	FAM012946	FAM005472	FAM008285	FAM008809	FAM001911	FAM001705	FAM002102	FAM000230	FAM007719	FAM004005	FAM010343	FAM005992	FAM003463	FAM001203	FAM005870	FAM007143	FAM007399	FAM004993	FAM000733	FAM001020	FAM014343	FAM010336	FAM014592	FAM129836	FAM061657	FAM032522	FAM033533	FAM026633
rep300_seed2325	FAM003679	FAM005242	FAM006757	FAM002659	FAM003657	FAM009423	FAM007180	FAM001056	FAM000602	FAM011207	FAM007153	FAM000011	FAM002408	FAM005816	FAM011434	FAM001251	FAM002198	FAM007921	FAM006824	FAM009001	FAM002390	FAM000172	FAM009179	FAM001768	FAM002699	FAM000636	FAM006338	FAM002454	FAM008960	FAM003041	FAM002345	FAM010428	FAM001919	FAM004696	FAM003928	FAM004314	FAM001236	FAM001123	FAM005484	FAM013722	FAM003689	FAM002370	FAM005302	FAM013420	FAM008361	FAM011935	FAM002569	FAM003593	FAM004241	FAM006097	FAM005151	FAM005961	FAM006664	FAM011502	FAM004917	FAM001308	FAM004595	FAM003367	FAM004574	FAM010788	FAM003264	FAM005618	FAM009448	FAM002673	FAM006380	FAM007486	FAM009539	FAM013289	FAM112990	FAM062853	FAM039881	FAM041853	FAM018476
rep301_seed2326	FAM002436	FAM010217	FAM010812	FAM008748	FAM003217	FAM000327	FAM000789	FAM003957	FAM000870	FAM003292	FAM007132	FAM002329	FAM001654	FAM002465	FAM009934	FAM003443	FAM000281	FAM000005	FAM002102	FAM000639	FAM010487	FAM008304	FAM001101	FAM006726	FAM000374	FAM004689	FAM003421	FAM005709	FAM004204	FAM007104	FAM013023	FAM000050	FAM002235	FAM007016	FAM001730	FAM001142	FAM007698	FAM002846	FAM002369	FAM010138	FAM002262	FAM006093	FAM004118	FAM003772	FAM012975	FAM004090	FAM002069	FAM009124	FAM003030	FAM003954	FAM011866	FAM014139	FAM000567	FAM004207	FAM002518	FAM001193	FAM012771	FAM001140	FAM001083	FAM004273	FAM004734	FAM001251	FAM001202	FAM005333	FAM000951	FAM005881	FAM012855	FAM010548	FAM146768	FAM064350	FAM039997	FAM032483	FAM015209
rep302_seed2327	FAM000236	FAM003427	FAM001797	FAM001312	FAM000177	FAM004765	FAM000043	FAM001446	FAM003522	FAM002094	FAM004710	FAM006715	FAM011344	FAM003645	FAM005595	FAM009031	FAM005471	FAM001135	FAM000536	FAM001266	FAM004411	FAM002366	FAM011395	FAM005565	FAM003510	FAM002400	FAM006354	FAM002048	FAM001861	FAM006695	FAM003418	FAM002551	FAM004094	FAM006028	FAM013073	FAM012477	FAM003523	FAM006594	FAM008515	FAM001427	FAM011782	FAM012687	FAM012272	FAM005271	FAM001666	FAM009035	FAM004614	FAM003103	FAM007115	FAM007070	FAM003074	FAM001098	FAM006845	FAM009492	FAM007264	FAM012155	FAM001484	FAM005091	FAM005068	FAM000755	FAM009932	FAM009726	FAM006024	FAM007223	FAM011467	FAM010004	FAM009497	FAM008026	FAM136414	FAM062644	FAM039069	FAM034744	FAM020735
rep303_seed2328	FAM005084	FAM013403	FAM009252	FAM002086	FAM002322	FAM004552	FAM007024	FAM009062	FAM000587	FAM002502	FAM002431	FAM003618	FAM006502	FAM009260	FAM003298	FAM001692	FAM008466	FAM004742	FAM006728	FAM001893	FAM004651	FAM012383	FAM006410	FAM008050	FAM005443	FAM001093	FAM000248	FAM000516	FAM000853	FAM012515	FAM007926	FAM000669	FAM007233	FAM011500	FAM000581	FAM003578	FAM002673	FAM004662	FAM007998	FAM001841	FAM009694	FAM004203	FAM001463	FAM007310	FAM003916	FAM004429	FAM002618	FAM007729	FAM003683	FAM003950	FAM008525	FAM007124	FAM003153	FAM005984	FAM008942	FAM003443	FAM006915	FAM000402	FAM004556	FAM008773	FAM001013	FAM013229	FAM002611	FAM003390	FAM005496	FAM011700	FAM011624	FAM008640	FAM134521	FAM064312	FAM031548	FAM031595	FAM024848
rep304_seed2329	FAM005107	FAM013663	FAM002432	FAM007072	FAM004123	FAM002077	FAM001215	FAM006238	FAM011506	FAM006851	FAM006647	FAM013996	FAM001297	FAM001827	FAM004446	FAM006221	FAM006581	FAM014473	FAM003035	FAM002365	FAM003969	FAM004572	FAM007150	FAM009655	FAM004868	FAM000935	FAM006414	FAM001461	FAM000498	FAM008171	FAM001138	FAM004469	FAM008671	FAM007413	FAM003785	FAM004370	FAM012023	FAM012110	FAM002696	FAM013234	FAM002791	FAM000349	FAM001943	FAM008594	FAM007669	FAM004408	FAM004538	FAM008869	FAM006967	FAM006326	FAM000113	FAM001954	FAM011226	FAM002658	FAM001497	FAM011844	FAM010607	FAM002167	FAM006933	FAM005599	FAM006035	FAM012028	FAM002205	FAM004410	FAM005890	FAM009658	FAM011995	FAM014516	FAM124866	FAM063236	FAM032727	FAM035280	FAM016533
rep305_seed2330	FAM004081	FAM003923	FAM007100	FAM004237	FAM007967	FAM001792	FAM004788	FAM011881	FAM012962	FAM004532	FAM009663	FAM003975	FAM014090	FAM005242	FAM013276	FAM009763	FAM009252	FAM002550	FAM002317	FAM005635	FAM001888	FAM006658	FAM000488	FAM000774	FAM002462	FAM004073	FAM004171	FAM012255	FAM004270	FAM004513	FAM004680	FAM003403	FAM006075	FAM009374	FAM010792	FAM003834	FAM000800	FAM006121	FAM004345	FAM001289	FAM000320	FAM000290	FAM005487	FAM004524	FAM006473	FAM006954	FAM003093	FAM005152	FAM005019	FAM001754	FAM006354	FAM007986	FAM008314	FAM009181	FAM000694	FAM000923	FAM000081	FAM001902	FAM001472	FAM013123	FAM004912	FAM002329	FAM005378	FAM007359	FAM007829	FAM005137	FAM012186	FAM013130	FAM126296	FAM064990	FAM047144	FAM040222	FAM023396
rep306_seed2331	FAM004027	FAM002033	FAM003702	FAM005941	FAM010707	FAM003867	FAM003932	FAM005860	FAM006983	FAM000777	FAM001780	FAM002059	FAM005053	FAM004051	FAM000982	FAM012123	FAM006994	FAM005460	FAM009781	FAM010937	FAM001614	FAM008687	FAM002656	FAM001260	FAM012852	FAM007679	FAM011653	FAM001320	FAM005324	FAM001321	FAM002775	FAM000059	FAM006541	FAM002276	FAM007480	FAM003944	FAM008153	FAM002057	FAM005027	FAM003853	FAM009160	FAM002362	FAM000093	FAM006667	FAM009615	FAM002159	FAM003493	FAM011766	FAM001392	FAM001571	FAM003377	FAM005759	FAM000152	FAM001318	FAM010372	FAM003868	FAM010923	FAM013996	FAM004612	FAM005767	FAM003512	FAM008406	FAM002122	FAM009471	FAM004020	FAM013688	FAM010706	FAM012136	FAM136653	FAM063234	FAM032549	FAM039946	FAM020965
rep307_seed2332	FAM009458	FAM004094	FAM002528	FAM010746	FAM002749	FAM014459	FAM003994	FAM000100	FAM007185	FAM000669	FAM004301	FAM012281	FAM003076	FAM009484	FAM000171	FAM010413	FAM008578	FAM010751	FAM000347	FAM004656	FAM006175	FAM003769	FAM006979	FAM003967	FAM005385	FAM011346	FAM001810	FAM005839	FAM005182	FAM006241	FAM002099	FAM013212	FAM014074	FAM010663	FAM006195	FAM004899	FAM002826	FAM006746	FAM014296	FAM013930	FAM001612	FAM011285	FAM004641	FAM005287	FAM000489	FAM000031	FAM004955	FAM014307	FAM003802	FAM010834	FAM011924	FAM000712	FAM007985	FAM006824	FAM001775	FAM001037	FAM007578	FAM005749	FAM001375	FAM005045	FAM010614	FAM012011	FAM012101	FAM005100	FAM003607	FAM009283	FAM009222	FAM009270	FAM133866	FAM059303	FAM029368	FAM035740	FAM026404
rep308_seed2333	FAM001738	FAM006629	FAM003849	FAM011964	FAM009932	FAM005972	FAM011147	FAM003331	FAM006645	FAM008349	FAM001139	FAM005990	FAM006195	FAM000025	FAM007571	FAM002494	FAM008146	FAM002095	FAM009452	FAM005841	FAM004357	FAM004246	FAM002746	FAM005606	FAM011312	FAM007186	FAM002789	FAM001185	FAM006479	FAM003420	FAM010611	FAM006586	FAM012890	FAM005348	FAM003894	FAM010521	FAM003993	FAM008235	FAM010231	FAM007746	FAM002467	FAM001233	FAM004785	FAM002577	FAM000064	FAM004194	FAM000184	FAM001967	FAM001882	FAM009058	FAM000685	FAM008440	FAM014429	FAM000037	FAM003817	FAM014097	FAM010811	FAM002065	FAM008933	FAM008006	FAM001884	FAM010324	FAM013300	FAM010518	FAM005011	FAM008936	FAM012579	FAM014155	FAM122656	FAM059489	FAM038860	FAM032652	FAM015464
rep309_seed2334	FAM008204	FAM011828	FAM006871	FAM006994	FAM000422	FAM004475	FAM007711	FAM003744	FAM007294	FAM004516	FAM005424	FAM006522	FAM010493	FAM001509	FAM005242	FAM007617	FAM009805	FAM006191	FAM001244	FAM012133	FAM004510	FAM008376	FAM004203	FAM005390	FAM009424	FAM011861	FAM004027	FAM004222	FAM005364	FAM007657	FAM000461	FAM006363	FAM006731	FAM008580	FAM001684	FAM006784	FAM000669	FAM007903	FAM002783	FAM007447	FAM007898	FAM001793	FAM004461	FAM002485	FAM008073	FAM008321	FAM004853	FAM003992	FAM006535	FAM002682	FAM000347	FAM014643	FAM004286	FAM009936	FAM007349	FAM002046	FAM004549	FAM006925	FAM004780	FAM005373	FAM007121	FAM011053	FAM004848	FAM005535	FAM005694	FAM009909	FAM012633	FAM014087	FAM135954	FAM066958	FAM048614	FAM032127	FAM026677
rep310_seed2335	FAM005488	FAM001707	FAM004611	FAM009605	FAM002897	FAM004686	FAM001661	FAM008485	FAM003390	FAM007132	FAM007871	FAM003651	FAM008676	FAM009205	FAM001074	FAM008963	FAM003954	FAM006874	FAM006254	FAM000277	FAM009859	FAM001317	FAM000217	FAM003331	FAM011535	FAM006350	FAM003159	FAM011396	FAM009178	FAM003918	FAM003268	FAM007127	FAM001883	FAM005882	FAM001830	FAM002924	FAM011181	FAM010815	FAM002124	FAM005703	FAM000584	FAM008864	FAM005289	FAM007902	FAM001940	FAM007952	FAM001954	FAM007549	FAM011582	FAM013628	FAM003660	FAM000181	FAM002121	FAM000570	FAM005413	FAM004028	FAM005771	FAM005524	FAM001651	FAM004321	FAM011322	FAM004594	FAM001617	FAM004831	FAM002086	FAM010768	FAM010932	FAM012959	FAM117423	FAM064295	FAM030629	FAM033558	FAM016815
rep311_seed2336	FAM010367	FAM006324	FAM009138	FAM004228	FAM003158	FAM007754	FAM013522	FAM011277	FAM008763	FAM003189	FAM011826	FAM001394	FAM004748	FAM002087	FAM003452	FAM009135	FAM004775	FAM000857	FAM005425	FAM001421	FAM012890	FAM002905	FAM013234	FAM004351	FAM002786	FAM002403	FAM001315	FAM003184	FAM002825	FAM005458	FAM004728	FAM000434	FAM001447	FAM001962	FAM012083	FAM002182	FAM002656	FAM004829	FAM013723	FAM003803	FAM011064	FAM010093	FAM003548	FAM005706	FAM002854	FAM000003	FAM008170	FAM000378	FAM001988	FAM004178	FAM001031	FAM006240	FAM014534	FAM006558	FAM003256	FAM009724	FAM002010	FAM003336	FAM012343	FAM008405	FAM002979	FAM007142	FAM006687	FAM005263	FAM002448	FAM012797	FAM014274	FAM011197	FAM118476	FAM063880	FAM034679	FAM041566	FAM024207
rep312_seed2337	FAM001097	FAM000332	FAM008957	FAM007015	FAM003796	FAM002344	FAM001805	FAM000709	FAM003044	FAM010232	FAM009580	FAM002546	FAM009455	FAM005165	FAM007406	FAM003788	FAM000272	FAM003388	FAM004774	FAM003073	FAM006157	FAM008142	FAM009105	FAM002723	FAM006773	FAM014459	FAM005356	FAM003842	FAM000522	FAM002865	FAM001946	FAM004997	FAM005966	FAM005891	FAM009654	FAM002262	FAM006143	FAM005172	FAM012627	FAM003524	FAM001605	FAM002410	FAM008705	FAM000099	FAM005070	FAM000785	FAM003606	FAM001056	FAM012565	FAM004468	FAM010202	FAM000417	FAM004024	FAM009857	FAM009786	FAM006673	FAM012942	FAM013136	FAM009751	FAM006309	FAM003161	FAM001034	FAM001967	FAM000299	FAM002901	FAM012316	FAM006539	FAM014333	FAM118335	FAM059288	FAM036577	FAM041453	FAM016743
rep313_seed2338	FAM006300	FAM006682	FAM005202	FAM002129	FAM008187	FAM007820	FAM004546	FAM008660	FAM004061	FAM002172	FAM002007	FAM007759	FAM000352	FAM006631	FAM006262	FAM009198	FAM000262	FAM007774	FAM006428	FAM006535	FAM011128	FAM010961	FAM003599	FAM009140	FAM007529	FAM002371	FAM009203	FAM003335	FAM003999	FAM002329	FAM004695	FAM010140	FAM008480	FAM008037	FAM011745	FAM007439	FAM007594	FAM013922	FAM004876	FAM006437	FAM005162	FAM002951	FAM005542	FAM004943	FAM007391	FAM012031	FAM005059	FAM009458	FAM009496	FAM006159	FAM004490	FAM004431	FAM007898	FAM013519	FAM007737	FAM004257	FAM014232	FAM004697	FAM001503	FAM006673	FAM011053	FAM003130	FAM007654	FAM000446	FAM010652	FAM013255	FAM006582	FAM005438	FAM108407	FAM060321	FAM038383	FAM030981	FAM015904
rep314_seed2339	FAM007259	FAM006005	FAM005051	FAM003802	FAM001989	FAM006028	FAM001905	FAM000595	FAM001462	FAM005645	FAM006663	FAM001726	FAM001576	FAM007677	FAM001072	FAM002759	FAM007031	FAM012281	FAM011409	FAM009150	FAM010173	FAM003711	FAM001773	FAM009615	FAM000430	FAM006436	FAM005618	FAM014654	FAM009232	FAM008359	FAM004888	FAM004225	FAM000375	FAM009276	FAM005264	FAM003617	FAM002061	FAM000978	FAM000489	FAM004678	FAM010933	FAM013866	FAM010300	FAM002785	FAM004339	FAM000761	FAM003389	FAM011502	FAM004340	FAM006702	FAM001444	FAM010893	FAM004680	FAM002487	FAM006597	FAM007718	FAM013311	FAM004000	FAM006648	FAM000031	FAM005676	FAM000601	FAM004862	FAM004716	FAM005465	FAM010854	FAM014169	FAM012769	FAM119251	FAM059398	FAM037123	FAM029613	FAM020390
rep315_seed2340	FAM003609	FAM001229	FAM012105	FAM006499	FAM000510	FAM003493	FAM014165	FAM003048	FAM004095	FAM004752	FAM001122	FAM001466	FAM006895	FAM013165	FAM002074	FAM010300	FAM011400	FAM003448	FAM005868	FAM003543	FAM003165	FAM001271	FAM008196	FAM011340	FAM009327	FAM000038	FAM001104	FAM002855	FAM011483	FAM010467	FAM004125	FAM008567	FAM002254	FAM004955	FAM003191	FAM011730	FAM008006	FAM008985	FAM009005	FAM002807	FAM004674	FAM006417	FAM004290	FAM005363	FAM000554	FAM011878	FAM010745	FAM001874	FAM007146	FAM004924	FAM004204	FAM000374	FAM005513	FAM010517	FAM014473	FAM004079	FAM003733	FAM005018	FAM007124	FAM007718	FAM007399	FAM005759	FAM010174	FAM012930	FAM003882	FAM010128	FAM009285	FAM012113	FAM140249	FAM063403	FAM037402	FAM031786	FAM020311
rep316_seed2341	FAM000258	FAM002502	FAM006472	FAM008281	FAM001114	FAM013963	FAM010704	FAM005240	FAM004584	FAM009981	FAM002423	FAM005739	FAM001424	FAM007543	FAM007072	FAM000388	FAM009207	FAM002832	FAM007617	FAM000163	FAM003506	FAM010611	FAM007512	FAM003114	FAM002636	FAM005732	FAM008778	FAM005644	FAM008601	FAM004307	FAM007551	FAM001970	FAM000329	FAM010324	FAM004722	FAM000325	FAM001713	FAM006009	FAM003986	FAM001985	FAM000318	FAM012778	FAM004265	FAM009660	FAM007562	FAM012787	FAM002779	FAM005323	FAM004497	FAM004078	FAM006820	FAM002113	FAM000299	FAM003671	FAM000701	FAM001589	FAM013835	FAM004414	FAM009998	FAM002100	FAM002839	FAM010412	FAM004878	FAM004037	FAM003596	FAM005861	FAM012004	FAM012396	FAM130697	FAM058994	FAM030341	FAM029392	FAM014824
rep317_seed2342	FAM002267	FAM004937	FAM000867	FAM002789	FAM001265	FAM006594	FAM004699	FAM006555	FAM001282	FAM005226	FAM000862	FAM004478	FAM007539	FAM006559	FAM001187	FAM007024	FAM008554	FAM000932	FAM009769	FAM005996	FAM007162	FAM002193	FAM012472	FAM007512	FAM004242	FAM012852	FAM010461	FAM002918	FAM004817	FAM005064	FAM002173	FAM010093	FAM010957	FAM003215	FAM009120	FAM005768	FAM007416	FAM004126	FAM011396	FAM002665	FAM005513	FAM002688	FAM008635	FAM004552	FAM013214	FAM012963	FAM004146	FAM003248	FAM010864	FAM002718	FAM008298	FAM008594	FAM005799	FAM004630	FAM002190	FAM004448	FAM007056	FAM009143	FAM004508	FAM000365	FAM004460	FAM009109	FAM004157	FAM010195	FAM005722	FAM012921	FAM008216	FAM013461	FAM116251	FAM065664	FAM038458	FAM043283	FAM025522
rep318_seed2343	FAM004496	FAM003184	FAM013277	FAM010712	FAM008302	FAM002434	FAM008766	FAM014059	FAM000493	FAM001677	FAM006580	FAM001135	FAM001619	FAM001663	FAM000019	FAM009449	FAM005447	FAM005668	FAM004833	FAM001395	FAM014197	FAM001761	FAM001897	FAM003133	FAM010012	FAM008351	FAM006535	FAM008987	FAM000445	FAM006829	FAM006801	FAM008432	FAM001459	FAM002096	FAM003122	FAM001752	FAM002515	FAM006111	FAM002153	FAM000573	FAM003025	FAM008270	FAM012166	FAM000204	FAM006729	FAM004055	FAM003079	FAM004635	FAM008025	FAM008994	FAM003690	FAM005983	FAM013490	FAM005094	FAM004043	FAM006241	FAM011676	FAM006056	FAM009665	FAM014674	FAM002955	FAM007840	FAM006150	FAM006286	FAM000162	FAM014484	FAM007605	FAM014438	FAM130825	FAM060473	FAM039069	FAM032425	FAM027539
rep319_seed2344	FAM013078	FAM006928	FAM007839	FAM006633	FAM006502	FAM008873	FAM013128	FAM010302	FAM001676	FAM005022	FAM001534	FAM001527	FAM004810	FAM007873	FAM000634	FAM002212	FAM009162	FAM006020	FAM002560	FAM006522	FAM000829	FAM012637	FAM012377	FAM004921	FAM005166	FAM014466	FAM012011	FAM000163	FAM006513	FAM006926	FAM004681	FAM003032	FAM004135	FAM000339	FAM000185	FAM011981	FAM005671	FAM014503	FAM003963	FAM009970	FAM009493	FAM003870	FAM000920	FAM002406	FAM000755	FAM006397	FAM001218	FAM001347	FAM003611	FAM007687	FAM000734	FAM007295	FAM003078	FAM001196	FAM012220	FAM007195	FAM002080	FAM009905	FAM006786	FAM002302	FAM004492	FAM001902	FAM009109	FAM011367	FAM005953	FAM011202	FAM011759	FAM012399	FAM132945	FAM063024	FAM032090	FAM039946	FAM014760
rep320_seed2345	FAM004187	FAM006129	FAM005108	FAM012100	FAM010289	FAM013930	FAM012092	FAM005948	FAM004106	FAM001605	FAM003057	FAM006528	FAM006133	FAM009239	FAM001928	FAM002393	FAM003250	FAM009970	FAM004579	FAM006860	FAM008021	FAM006505	FAM013584	FAM004428	FAM007101	FAM005150	FAM005254	FAM000175	FAM001757	FAM003352	FAM005115	FAM014471	FAM000061	FAM001786	FAM004694	FAM001011	FAM005717	FAM009053	FAM004417	FAM007415	FAM005021	FAM005144	FAM006926	FAM000706	FAM012591	FAM003765	FAM002625	FAM001804	FAM011926	FAM005928	FAM000678	FAM004364	FAM003672	FAM011655	FAM007805	FAM000060	FAM003109	FAM004681	FAM000985	FAM005120	FAM002292	FAM005096	FAM001741	FAM004118	FAM000669	FAM011405	FAM007798	FAM009756	FAM139432	FAM066112	FAM041558	FAM040638	FAM022676
rep321_seed2346	FAM002282	FAM006003	FAM001413	FAM001627	FAM008375	FAM005094	FAM006695	FAM004469	FAM007576	FAM012740	FAM000188	FAM004813	FAM005390	FAM010195	FAM001792	FAM008416	FAM000059	FAM004655	FAM005826	FAM011935	FAM005156	FAM007286	FAM006824	FAM002032	FAM003074	FAM008322	FAM000435	FAM005477	FAM002000	FAM005405	FAM000625	FAM000568	FAM001727	FAM004049	FAM005849	FAM007837	FAM004095	FAM003336	FAM003905	FAM004366	FAM001856	FAM009243	FAM007758	FAM002487	FAM003355	FAM009952	FAM005299	FAM001507	FAM002630	FAM002413	FAM006735	FAM010903	FAM000226	FAM011636	FAM005291	FAM012863	FAM002987	FAM011333	FAM011529	FAM003026	FAM008140	FAM004906	FAM004395	FAM009440	FAM009323	FAM009170	FAM011783	FAM012193	FAM143217	FAM067397	FAM037362	FAM033629	FAM026210
rep322_seed2347	FAM008480	FAM005616	FAM012157	FAM005389	FAM012852	FAM000936	FAM008222	FAM002305	FAM001203	FAM004923	FAM005897	FAM006928	FAM008839	FAM004867	FAM004627	FAM003925	FAM005175	FAM003749	FAM009787	FAM000123	FAM010241	FAM002669	FAM007535	FAM007000	FAM005001	FAM005173	FAM003081	FAM001505	FAM008261	FAM007991	FAM004773	FAM005147	FAM001372	FAM008153	FAM007878	FAM011561	FAM002217	FAM004056	FAM003458	FAM001493	FAM007345	FAM006406	FAM000129	FAM008841	FAM002382	FAM003408	FAM009661	FAM002659	FAM010233	FAM002781	FAM004131	FAM007566	FAM004245	FAM003274	FAM004070	FAM010224	FAM008986	FAM007279	FAM014197	FAM012610	FAM006478	FAM004734	FAM002408	FAM013061	FAM003147	FAM013905	FAM012455	FAM009595	FAM130159	FAM073438	FAM042412	FAM032816	FAM025904
rep323_seed2348	FAM001616	FAM013028	FAM006705	FAM007529	FAM004144	FAM005123	FAM001298	FAM009176	FAM012715	FAM003333	FAM003807	FAM004084	FAM004085	FAM004542	FAM004348	FAM003836	FAM006329	FAM001021	FAM001463	FAM008457	FAM000177	FAM008779	FAM001787	FAM012027	FAM004207	FAM000244	FAM000869	FAM004746	FAM010251	FAM000550	FAM001559	FAM006620	FAM008671	FAM012319	FAM000358	FAM001649	FAM002618	FAM007580	FAM009091	FAM007813	FAM006493	FAM001487	FAM005134	FAM001273	FAM000554	FAM002717	FAM012915	FAM000259	FAM004437	FAM002895	FAM011635	FAM007438	FAM006633	FAM003726	FAM001385	FAM010712	FAM008312	FAM000338	FAM005531	FAM004757	FAM006652	FAM006636	FAM000507	FAM001445	FAM001768	FAM006079	FAM011227	FAM011910	FAM138619	FAM064313	FAM041779	FAM038869	FAM029000
rep324_seed2349	FAM005278	FAM003673	FAM001373	FAM004001	FAM012108	FAM005674	FAM008094	FAM007214	FAM003269	FAM005689	FAM000473	FAM000215	FAM004162	FAM014534	FAM010554	FAM000954	FAM003592	FAM006760	FAM004671	FAM007548	FAM001493	FAM001169	FAM012456	FAM004514	FAM004594	FAM010802	FAM006998	FAM003396	FAM011861	FAM005483	FAM006377	FAM000432	FAM014666	FAM011621	FAM003629	FAM012091	FAM010964	FAM005391	FAM008304	FAM002282	FAM015015	FAM011725	FAM010364	FAM004715	FAM006187	FAM005224	FAM005680	FAM010205	FAM003115	FAM006853	FAM003518	FAM008786	FAM006672	FAM000586	FAM007313	FAM000891	FAM005119	FAM003366	FAM005729	FAM002052	FAM003772	FAM000699	FAM011563	FAM006678	FAM009712	FAM011651	FAM013603	FAM005082	FAM139632	FAM064313	FAM029710	FAM031515	FAM021094
rep325_seed2350	FAM006817	FAM002895	FAM001738	FAM004445	FAM004616	FAM000270	FAM002194	FAM006370	FAM008645	FAM005098	FAM003073	FAM001641	FAM003681	FAM004014	FAM000579	FAM005196	FAM011151	FAM002820	FAM007049	FAM009583	FAM003160	FAM008409	FAM000698	FAM001800	FAM006476	FAM003668	FAM006699	FAM000377	FAM011658	FAM002828	FAM011444	FAM007655	FAM000758	FAM003705	FAM001591	FAM008603	FAM005598	FAM005746	FAM006760	FAM005555	FAM011807	FAM009458	FAM004164	FAM006551	FAM005150	FAM003231	FAM002193	FAM004359	FAM009686	FAM002816	FAM003107	FAM005833	FAM004813	FAM006147	FAM006116	FAM003925	FAM003045	FAM008701	FAM003641	FAM005120	FAM001596	FAM006157	FAM006732	FAM000041	FAM004244	FAM009635	FAM006064	FAM008899	FAM142754	FAM066711	FAM034591	FAM037088	FAM026211
rep326_seed2351	FAM012345	FAM009829	FAM000986	FAM004053	FAM000216	FAM008545	FAM010905	FAM004347	FAM004604	FAM000015	FAM003335	FAM010569	FAM009970	FAM007326	FAM000376	FAM006735	FAM002774	FAM001213	FAM000264	FAM011236	FAM005161	FAM005117	FAM004819	FAM003864	FAM000173	FAM014228	FAM002702	FAM005288	FAM011782	FAM001724	FAM002058	FAM003203	FAM002118	FAM008858	FAM003318	FAM000776	FAM012488	FAM007571	FAM000812	FAM000024	FAM002121	FAM005064	FAM004080	FAM008082	FAM011422	FAM005439	FAM004216	FAM006986	FAM012498	FAM008369	FAM007766	FAM000221	FAM002282	FAM012367	FAM007027	FAM007342	FAM007456	FAM002625	FAM005588	FAM001551	FAM006277	FAM002592	FAM008092	FAM001396	FAM001864	FAM008577	FAM014044	FAM008668	FAM122279	FAM064368	FAM033055	FAM032684	FAM018430
rep327_seed2352	FAM009640	FAM001876	FAM005186	FAM001943	FAM002168	FAM001999	FAM003300	FAM005568	FAM000045	FAM009410	FAM001488	FAM000908	FAM006828	FAM004425	FAM001589	FAM004127	FAM008379	FAM004275	FAM007720	FAM005333	FAM001194	FAM002098	FAM011307	FAM000309	FAM003091	FAM001299	FAM000678	FAM002180	FAM003218	FAM003289	FAM000384	FAM000106	FAM002770	FAM007741	FAM001067	FAM010522	FAM007947	FAM004564	FAM000454	FAM007023	FAM005784	FAM004320	FAM000639	FAM008033	FAM010413	FAM004690	FAM014123	FAM001843	FAM001825	FAM001303	FAM013366	FAM006735	FAM000510	FAM005293	FAM000204	FAM008757	FAM004603	FAM003834	FAM000520	FAM000387	FAM013425	FAM011246	FAM005774	FAM009971	FAM012829	FAM009722	FAM014134	FAM010612	FAM126588	FAM063140	FAM042796	FAM030584	FAM028922
rep328_seed2353	FAM001589	FAM006940	FAM014480	FAM004114	FAM000783	FAM004677	FAM005094	FAM007715	FAM003699	FAM005517	FAM005413	FAM003570	FAM005312	FAM009404	FAM001747	FAM003643	FAM002237	FAM004721	FAM003233	FAM002108	FAM001140	FAM005368	FAM006321	FAM008375	FAM008309	FAM010052	FAM014012	FAM001786	FAM012942	FAM004089	FAM000200	FAM004725	FAM000126	FAM004973	FAM012023	FAM007190	FAM001846	FAM003360	FAM004726	FAM005635	FAM008706	FAM001583	FAM009781	FAM000146	FAM011599	FAM008394	FAM011146	FAM003224	FAM002196	FAM000393	FAM002339	FAM007153	FAM008185	FAM009822	FAM002311	FAM001780	FAM009467	FAM002281	FAM005664	FAM000794	FAM008365	FAM002524	FAM001660	FAM005736	FAM012259	FAM010852	FAM011850	FAM006257	FAM126289	FAM058376	FAM034991	FAM040411	FAM026660
rep329_seed2354	FAM003836	FAM011689	FAM007064	FAM007442	FAM009417	FAM010189	FAM001067	FAM006542	FAM011038	FAM007230	FAM012037	FAM005900	FAM005552	FAM010078	FAM000208	FAM001579	FAM008859	FAM000800	FAM013449	FAM001253	FAM000282	FAM007908	FAM005223	FAM000541	FAM013563	FAM002488	FAM005201	FAM002334	FAM001877	FAM000116	FAM012585	FAM009226	FAM009753	FAM006006	FAM001068	FAM002527	FAM006606	FAM000807	FAM000465	FAM009447	FAM006401	FAM007489	FAM005170	FAM006873	FAM010348	FAM014239	FAM005387	FAM005366	FAM002601	FAM014601	FAM005374	FAM006114	FAM005766	FAM004527	FAM002479	FAM000168	FAM006042	FAM004406	FAM010401	FAM004894	FAM002782	FAM001061	FAM000047	FAM007758	FAM002038	FAM008663	FAM007505	FAM012310	FAM136947	FAM065173	FAM029748	FAM039461	FAM023650
rep330_seed2355	FAM001127	FAM011827	FAM008517	FAM004838	FAM003463	FAM012992	FAM006272	FAM005691	FAM002210	FAM003722	FAM005851	FAM012190	FAM009090	FAM001051	FAM013732	FAM002331	FAM003938	FAM002266	FAM007785	FAM012375	FAM003129	FAM000943	FAM003877	FAM009404	FAM002412	FAM003484	FAM002152	FAM013120	FAM014328	FAM003011	FAM004533	FAM008303	FAM004839	FAM006686	FAM001346	FAM002487	FAM010149	FAM004358	FAM006706	FAM004232	FAM000234	FAM009383	FAM005922	FAM001931	FAM010074	FAM010123	FAM005737	FAM009681	FAM008281	FAM011578	FAM002410	FAM002544	FAM004156	FAM006406	FAM007458	FAM003911	FAM000120	FAM003122	FAM005057	FAM002598	FAM007621	FAM003118	FAM002325	FAM003611	FAM006099	FAM009313	FAM007957	FAM010546	FAM110607	FAM063269	FAM040271	FAM038975	FAM016743
rep331_seed2356	FAM011506	FAM009996	FAM012203	FAM010685	FAM000131	FAM001416	FAM004161	FAM006028	FAM001801	FAM014139	FAM004926	FAM006559	FAM000859	FAM006844	FAM014336	FAM011087	FAM009968	FAM003377	FAM005094	FAM010182	FAM001631	FAM002622	FAM000650	FAM002414	FAM008757	FAM005142	FAM004262	FAM001388	FAM006986	FAM006031	FAM002863	FAM010501	FAM013122	FAM003379	FAM001215	FAM002126	FAM007391	FAM002893	FAM002210	FAM007242	FAM006761	FAM000820	FAM002530	FAM001879	FAM003596	FAM003992	FAM007367	FAM012966	FAM001986	FAM005677	FAM008908	FAM008033	FAM001497	FAM009933	FAM009894	FAM006339	FAM002828	FAM012624	FAM000512	FAM010798	FAM007364	FAM000222	FAM002075	FAM003814	FAM008870	FAM007238	FAM012801	FAM013286	FAM136414	FAM062298	FAM037393	FAM033397	FAM025652
rep332_seed2357	FAM012794	FAM010840	FAM009314	FAM002485	FAM004889	FAM000686	FAM000411	FAM010373	FAM001457	FAM002207	FAM002859	FAM000049	FAM006647	FAM000297	FAM011608	FAM013311	FAM005258	FAM002219	FAM001467	FAM009194	FAM003075	FAM004136	FAM003924	FAM001142	FAM003034	FAM006902	FAM003929	FAM007793	FAM003608	FAM012208	FAM012456	FAM003639	FAM003027	FAM001251	FAM000756	FAM000276	FAM004211	FAM010801	FAM001078	FAM007709	FAM007437	FAM013953	FAM007446	FAM006487	FAM012096	FAM004334	FAM005939	FAM003257	FAM008712	FAM001135	FAM002326	FAM006245	FAM005114	FAM007803	FAM003705	FAM007611	FAM010259	FAM002074	FAM008087	FAM008701	FAM004196	FAM004776	FAM000483	FAM001698	FAM009081	FAM009907	FAM012452	FAM013001	FAM109461	FAM064384	FAM034343	FAM039625	FAM024099
rep333_seed2358	FAM005432	FAM003242	FAM007786	FAM001346	FAM013519	FAM002855	FAM001723	FAM005523	FAM000037	FAM004464	FAM000133	FAM001054	FAM006678	FAM013732	FAM000528	FAM013208	FAM005448	FAM005236	FAM004721	FAM003142	FAM002990	FAM003222	FAM011867	FAM002973	FAM005991	FAM001604	FAM004109	FAM007018	FAM003709	FAM001090	FAM011976	FAM000411	FAM006790	FAM002019	FAM009935	FAM005612	FAM008544	FAM001902	FAM008122	FAM005743	FAM002984	FAM003298	FAM005825	FAM002737	FAM004984	FAM001465	FAM002980	FAM009277	FAM014959	FAM004703	FAM002623	FAM008908	FAM010834	FAM000289	FAM011655	FAM002140	FAM005138	FAM012527	FAM012877	FAM004008	FAM004052	FAM003711	FAM009426	FAM004034	FAM005121	FAM010847	FAM010849	FAM002376	FAM133323	FAM066084	FAM048061	FAM030608	FAM017389
rep334_seed2359	FAM014355	FAM002522	FAM003647	FAM000091	FAM006430	FAM004372	FAM011524	FAM009413	FAM001237	FAM003585	FAM003502	FAM002611	FAM005551	FAM008405	FAM006001	FAM004347	FAM004351	FAM004261	FAM003172	FAM006460	FAM002413	FAM012151	FAM010642	FAM004043	FAM001618	FAM006640	FAM001633	FAM002903	FAM008596	FAM008313	FAM008783	FAM003380	FAM000594	FAM005939	FAM004585	FAM004249	FAM004793	FAM000803	FAM001463	FAM008513	FAM008838	FAM012607	FAM004330	FAM006626	FAM001697	FAM010573	FAM003482	FAM007715	FAM000243	FAM013923	FAM005147	FAM009233	FAM005491	FAM002024	FAM010516	FAM000386	FAM001928	FAM007448	FAM000826	FAM003720	FAM003907	FAM004024	FAM004999	FAM002787	FAM001059	FAM008622	FAM014312	FAM013978	FAM133780	FAM070101	FAM041298	FAM033607	FAM021525
rep335_seed2360	FAM007043	FAM010993	FAM001804	FAM013529	FAM002320	FAM004404	FAM004676	FAM007027	FAM006264	FAM006863	FAM002314	FAM004857	FAM003836	FAM009031	FAM006698	FAM010918	FAM003938	FAM002453	FAM001235	FAM000281	FAM009440	FAM003322	FAM000462	FAM009232	FAM002048	FAM009435	FAM002329	FAM010520	FAM010933	FAM000499	FAM005485	FAM004360	FAM006775	FAM014123	FAM004894	FAM013314	FAM005924	FAM009627	FAM002927	FAM012331	FAM000872	FAM007095	FAM012472	FAM006331	FAM004145	FAM000400	FAM004880	FAM004222	FAM014686	FAM005548	FAM007811	FAM002961	FAM005998	FAM003495	FAM012975	FAM003760	FAM013035	FAM011569	FAM012116	FAM004540	FAM003364	FAM011761	FAM003637	FAM001756	FAM000005	FAM007408	FAM009944	FAM013356	FAM146234	FAM067986	FAM041334	FAM035576	FAM020826
rep336_seed2361	FAM000226	FAM003963	FAM011347	FAM003387	FAM011535	FAM005875	FAM002444	FAM003222	FAM000954	FAM001647	FAM003886	FAM006847	FAM013584	FAM007528	FAM002470	FAM005352	FAM000358	FAM010463	FAM010164	FAM005241	FAM008333	FAM005713	FAM005819	FAM000583	FAM008157	FAM004549	FAM002561	FAM002254	FAM002673	FAM011867	FAM010446	FAM001418	FAM012398	FAM002307	FAM001657	FAM001010	FAM005697	FAM001438	FAM005945	FAM005052	FAM000779	FAM008933	FAM002183	FAM007372	FAM000653	FAM000290	FAM000851	FAM004634	FAM010467	FAM000420	FAM007297	FAM006664	FAM007992	FAM006651	FAM010890	FAM005377	FAM005020	FAM001313	FAM003361	FAM002855	FAM005336	FAM004100	FAM001604	FAM001434	FAM007226	FAM004749	FAM011408	FAM011770	FAM141089	FAM058480	FAM037899	FAM031442	FAM015969
rep337_seed2362	FAM005977	FAM002156	FAM005597	FAM014534	FAM007100	FAM003050	FAM001228	FAM009986	FAM012686	FAM011344	FAM012954	FAM003777	FAM001792	FAM003962	FAM009684	FAM002368	FAM004370	FAM004175	FAM010737	FAM013012	FAM007764	FAM004692	FAM003793	FAM006825	FAM000974	FAM003406	FAM000321	FAM005224	FAM010099	FAM004524	FAM009393	FAM013922	FAM002315	FAM009362	FAM006244	FAM005842	FAM006700	FAM003127	FAM003293	FAM005947	FAM003796	FAM005001	FAM001435	FAM014317	FAM001496	FAM014243	FAM002425	FAM004120	FAM001663	FAM011690	FAM006621	FAM003838	FAM000025	FAM001159	FAM004356	FAM005080	FAM004355	FAM000187	FAM008417	FAM006705	FAM000277	FAM001152	FAM002072	FAM002752	FAM010607	FAM014589	FAM013633	FAM013601	FAM116252	FAM058574	FAM039714	FAM042389	FAM018695
rep338_seed2363	FAM000726	FAM012586	FAM011377	FAM010525	FAM005333	FAM003678	FAM003859	FAM001807	FAM006959	FAM010408	FAM005703	FAM003833	FAM008234	FAM004994	FAM004957	FAM011590	FAM000059	FAM010569	FAM003462	FAM003186	FAM006151	FAM000803	FAM007864	FAM004272	FAM001854	FAM009470	FAM002838	FAM013837	FAM002740	FAM006014	FAM000495	FAM003640	FAM010685	FAM002854	FAM010775	FAM004178	FAM007013	FAM001961	FAM006497	FAM009187	FAM000570	FAM002165	FAM003590	FAM004917	FAM014173	FAM006599	FAM002215	FAM000233	FAM005741	FAM002183	FAM004631	FAM009274	FAM007569	FAM002342	FAM008545	FAM003655	FAM007712	FAM008839	FAM009004	FAM012458	FAM008437	FAM011569	FAM007303	FAM002033	FAM000438	FAM012127	FAM014276	FAM014697	FAM132341	FAM064782	FAM041779	FAM038288	FAM025437
rep339_seed2364	FAM000549	FAM004909	FAM002841	FAM002995	FAM003582	FAM005164	FAM011102	FAM012464	FAM008619	FAM004923	FAM005473	FAM003635	FAM008107	FAM012594	FAM002352	FAM004775	FAM005771	FAM013420	FAM004268	FAM000031	FAM013608	FAM003482	FAM013522	FAM001959	FAM000151	FAM001009	FAM000901	FAM006371	FAM007055	FAM000686	FAM004465	FAM000572	FAM003914	FAM005045	FAM004476	FAM005051	FAM005844	FAM005773	FAM005594	FAM001619	FAM002950	FAM004381	FAM005549	FAM000809	FAM003384	FAM001162	FAM003578	FAM004169	FAM006768	FAM005904	FAM008589	FAM009353	FAM007837	FAM003341	FAM005017	FAM003711	FAM011328	FAM014151	FAM005059	FAM000267	FAM005066	FAM006859	FAM007617	FAM001934	FAM004073	FAM013568	FAM009086	FAM013699	FAM120686	FAM060213	FAM040208	FAM043147	FAM023192
rep340_seed2365	FAM000587	FAM005378	FAM003862	FAM006730	FAM000907	FAM001472	FAM007186	FAM006106	FAM000281	FAM002988	FAM001400	FAM001067	FAM009578	FAM007336	FAM008121	FAM008532	FAM013637	FAM002828	FAM002797	FAM008720	FAM009417	FAM008399	FAM012565	FAM000634	FAM007032	FAM005636	FAM000603	FAM007075	FAM001071	FAM006805	FAM004434	FAM003855	FAM004785	FAM002882	FAM004112	FAM000494	FAM002061	FAM007173	FAM004487	FAM000485	FAM014695	FAM000154	FAM004867	FAM004041	FAM003447	FAM001431	FAM011790	FAM000858	FAM011288	FAM000797	FAM002881	FAM006150	FAM001222	FAM007767	FAM000407	FAM004633	FAM006698	FAM000414	FAM006866	FAM005708	FAM005692	FAM001858	FAM000874	FAM014480	FAM002367	FAM011896	FAM012583	FAM012362	FAM113197	FAM074355	FAM034090	FAM035918	FAM015463
rep341_seed2366	FAM003571	FAM005406	FAM004546	FAM004504	FAM003373	FAM001335	FAM002806	FAM006002	FAM000896	FAM004567	FAM007247	FAM004745	FAM004286	FAM009360	FAM007180	FAM004809	FAM008809	FAM006084	FAM007091	FAM006841	FAM005512	FAM007122	FAM001708	FAM000883	FAM000746	FAM005710	FAM008448	FAM012508	FAM004626	FAM013608	FAM002724	FAM010315	FAM004976	FAM006925	FAM008519	FAM003730	FAM002491	FAM001174	FAM012227	FAM002358	FAM001307	FAM011899	FAM001001	FAM006087	FAM004153	FAM002209	FAM006998	FAM010703	FAM002355	FAM008346	FAM000288	FAM001079	FAM006307	FAM003063	FAM006464	FAM000406	FAM002751	FAM004010	FAM000829	FAM001005	FAM000553	FAM013985	FAM006377	FAM006835	FAM002998	FAM014271	FAM005316	FAM007357	FAM132307	FAM058026	FAM043266	FAM042358	FAM017699
rep342_seed2367	FAM000365	FAM000164	FAM003987	FAM011346	FAM012879	FAM005917	FAM005650	FAM004562	FAM000460	FAM007148	FAM003747	FAM002379	FAM004224	FAM003117	FAM007158	FAM005131	FAM010504	FAM009065	FAM013391	FAM011147	FAM010237	FAM012772	FAM002068	FAM013930	FAM013410	FAM005195	FAM008287	FAM006686	FAM008557	FAM009345	FAM002218	FAM000567	FAM002198	FAM000602	FAM003691	FAM003057	FAM004384	FAM002953	FAM002320	FAM000750	FAM007156	FAM003545	FAM006246	FAM003139	FAM013274	FAM006022	FAM000739	FAM004813	FAM005694	FAM005632	FAM002144	FAM003620	FAM004958	FAM012096	FAM005244	FAM010361	FAM003185	FAM007452	FAM002250	FAM006296	FAM004755	FAM004990	FAM002284	FAM001683	FAM002459	FAM006293	FAM004486	FAM010921	FAM122279	FAM059099	FAM036252	FAM041261	FAM018695
rep343_seed2368	FAM012083	FAM000329	FAM001022	FAM007068	FAM000749	FAM010897	FAM010832	FAM008457	FAM011797	FAM007160	FAM005774	FAM005109	FAM000552	FAM006024	FAM002728	FAM000482	FAM008371	FAM009559	FAM012585	FAM003147	FAM007245	FAM013470	FAM004602	FAM005853	FAM006730	FAM005144	FAM001049	FAM000055	FAM014141	FAM013013	FAM006245	FAM001690	FAM001312	FAM003975	FAM003271	FAM007234	FAM000023	FAM003325	FAM002633	FAM007743	FAM005848	FAM000458	FAM009807	FAM001825	FAM002811	FAM012515	FAM009391	FAM006096	FAM004504	FAM003751	FAM007255	FAM005088	FAM003961	FAM001928	FAM008660	FAM006081	FAM000929	FAM008740	FAM007811	FAM011438	FAM003601	FAM007088	FAM007739	FAM000934	FAM004351	FAM013688	FAM007401	FAM006141	FAM130878	FAM060623	FAM040041	FAM030357	FAM021130
rep344_seed2369	FAM009713	FAM004602	FAM000446	FAM006498	FAM004312	FAM012100	FAM004454	FAM011433	FAM004830	FAM011406	FAM007580	FAM006351	FAM003591	FAM003737	FAM001888	FAM002201	FAM005119	FAM001541	FAM007988	FAM014563	FAM012096	FAM009660	FAM007100	FAM001340	FAM003726	FAM000420	FAM000170	FAM004919	FAM003642	FAM004593	FAM005506	FAM007474	FAM006983	FAM007313	FAM013834	FAM007553	FAM002110	FAM002681	FAM000748	FAM002043	FAM003176	FAM011689	FAM001319	FAM001786	FAM004928	FAM009194	FAM001298	FAM005005	FAM005712	FAM006709	FAM000351	FAM002188	FAM001379	FAM004679	FAM002090	FAM001297	FAM001426	FAM002158	FAM011622	FAM004981	FAM008765	FAM003607	FAM004233	FAM002709	FAM005761	FAM011613	FAM013138	FAM007312	FAM120018	FAM061647	FAM040271	FAM035380	FAM017864
rep345_seed2370	FAM005843	FAM003517	FAM009989	FAM001456	FAM000297	FAM007515	FAM005841	FAM003561	FAM003620	FAM002805	FAM007302	FAM008590	FAM006803	FAM013874	FAM007739	FAM007747	FAM004049	FAM006569	FAM013251	FAM004203	FAM011964	FAM001498	FAM009192	FAM003820	FAM005183	FAM012865	FAM008025	FAM009950	FAM011854	FAM002747	FAM004566	FAM010467	FAM006688	FAM008931	FAM008532	FAM009332	FAM013072	FAM008506	FAM007050	FAM008691	FAM008650	FAM001985	FAM004701	FAM003087	FAM004985	FAM002867	FAM001749	FAM006276	FAM006690	FAM001497	FAM008547	FAM005157	FAM001184	FAM014012	FAM012800	FAM014063	FAM004120	FAM007923	FAM009437	FAM005457	FAM009511	FAM011791	FAM000902	FAM004936	FAM007006	FAM014587	FAM012559	FAM013426	FAM134521	FAM083936	FAM036516	FAM033192	FAM026582
rep346_seed2371	FAM005618	FAM004936	FAM002151	FAM006377	FAM000903	FAM002868	FAM004080	FAM005739	FAM004852	FAM004253	FAM005179	FAM007947	FAM001696	FAM000432	FAM000200	FAM004057	FAM014554	FAM001175	FAM001378	FAM010099	FAM002878	FAM004320	FAM000680	FAM010510	FAM008485	FAM002768	FAM012624	FAM006923	FAM002369	FAM005231	FAM000202	FAM003722	FAM003513	FAM001068	FAM000507	FAM000023	FAM003974	FAM002175	FAM006580	FAM004024	FAM000403	FAM002776	FAM008619	FAM000210	FAM001699	FAM001641	FAM003240	FAM005712	FAM002559	FAM008552	FAM003858	FAM005413	FAM006529	FAM001799	FAM012498	FAM003328	FAM004330	FAM003577	FAM003627	FAM007682	FAM004689	FAM004782	FAM001832	FAM003934	FAM012689	FAM007383	FAM011310	FAM010456	FAM140016	FAM064313	FAM035802	FAM029318	FAM023396
rep347_seed2372	FAM007789	FAM009712	FAM007142	FAM008943	FAM006342	FAM003424	FAM009885	FAM002373	FAM008156	FAM006243	FAM005020	FAM008651	FAM014342	FAM009496	FAM000757	FAM012637	FAM006633	FAM007779	FAM003327	FAM009715	FAM000061	FAM009178	FAM011002	FAM004967	FAM000528	FAM005531	FAM001444	FAM003977	FAM003220	FAM008435	FAM001433	FAM006869	FAM005389	FAM000158	FAM006180	FAM008553	FAM001414	FAM001723	FAM002838	FAM002019	FAM004920	FAM000856	FAM008898	FAM011961	FAM000855	FAM007200	FAM002535	FAM004673	FAM004940	FAM004522	FAM001592	FAM003491	FAM003439	FAM001462	FAM002599	FAM002325	FAM004487	FAM003154	FAM002613	FAM004257	FAM000840	FAM003834	FAM005167	FAM003098	FAM006213	FAM009626	FAM011283	FAM008583	FAM116982	FAM061892	FAM037290	FAM042316	FAM016550
rep348_seed2373	FAM000082	FAM000945	FAM006959	FAM003175	FAM013844	FAM004360	FAM002844	FAM008375	FAM013985	FAM003821	FAM006114	FAM002626	FAM002763	FAM006741	FAM005559	FAM011029	FAM001507	FAM007629	FAM007061	FAM010832	FAM009185	FAM006653	FAM000238	FAM006798	FAM001861	FAM002267	FAM006142	FAM002786	FAM004306	FAM008529	FAM012326	FAM004312	FAM006784	FAM004243	FAM001117	FAM004206	FAM000094	FAM007307	FAM000725	FAM005204	FAM000644	FAM013442	FAM000124	FAM006220	FAM013767	FAM014412	FAM002091	FAM006765	FAM000681	FAM004495	FAM000267	FAM007924	FAM001212	FAM005410	FAM001137	FAM000520	FAM009692	FAM013117	FAM006824	FAM000715	FAM007150	FAM006709	FAM000462	FAM003144	FAM005519	FAM012452	FAM010092	FAM010177	FAM123046	FAM060122	FAM040692	FAM037868	FAM024497
rep349_seed2374	FAM002832	FAM001571	FAM006365	FAM005918	FAM012250	FAM009163	FAM003598	FAM007889	FAM002871	FAM013780	FAM001182	FAM009616	FAM008227	FAM014412	FAM014165	FAM000334	FAM012308	FAM001478	FAM004156	FAM003084	FAM006035	FAM006359	FAM008450	FAM007427	FAM001785	FAM002791	FAM003710	FAM010527	FAM009730	FAM008558	FAM003100	FAM005454	FAM005326	FAM001219	FAM000744	FAM005577	FAM002468	FAM000676	FAM001522	FAM003650	FAM011924	FAM009870	FAM000469	FAM005324	FAM012890	FAM005081	FAM010408	FAM006384	FAM011467	FAM012438	FAM004176	FAM006729	FAM002071	FAM000366	FAM004692	FAM009605	FAM006537	FAM006651	FAM000884	FAM004558	FAM002971	FAM003663	FAM009807	FAM003229	FAM003861	FAM008734	FAM009801	FAM013546	FAM118886	FAM057795	FAM041647	FAM031400	FAM029040
rep350_seed2375	FAM006635	FAM003362	FAM007780	FAM003879	FAM009684	FAM003763	FAM003278	FAM010833	FAM014483	FAM000941	FAM008342	FAM006514	FAM003398	FAM010716	FAM002832	FAM000433	FAM009940	FAM004769	FAM010469	FAM004613	FAM014536	FAM005066	FAM005354	FAM007485	FAM004023	FAM002889	FAM003606	FAM009135	FAM006580	FAM006611	FAM003607	FAM001208	FAM005304	FAM013785	FAM003214	FAM004955	FAM003829	FAM002464	FAM009452	FAM008464	FAM007879	FAM010551	FAM002937	FAM003672	FAM002044	FAM007270	FAM011264	FAM010984	FAM007459	FAM006746	FAM007148	FAM008592	FAM005763	FAM000458	FAM002113	FAM005636	FAM005651	FAM002835	FAM003307	FAM001219	FAM006918	FAM011590	FAM007122	FAM001381	FAM004973	FAM008410	FAM011337	FAM007377	FAM146393	FAM060219	FAM036881	FAM039773	FAM019395
rep351_seed2376	FAM005492	FAM004378	FAM001963	FAM014646	FAM000204	FAM003711	FAM003045	FAM003134	FAM000393	FAM012290	FAM013839	FAM006369	FAM001676	FAM003419	FAM002403	FAM004286	FAM001848	FAM004571	FAM001734	FAM003962	FAM003084	FAM008184	FAM006382	FAM000608	FAM010610	FAM006673	FAM003347	FAM001665	FAM001110	FAM009866	FAM001758	FAM002800	FAM002145	FAM008790	FAM000606	FAM005248	FAM006035	FAM006737	FAM005717	FAM000169	FAM013028	FAM013194	FAM012787	FAM007369	FAM000890	FAM008545	FAM005644	FAM000933	FAM000355	FAM002095	FAM003217	FAM006927	FAM000501	FAM002619	FAM008812	FAM005921	FAM007046	FAM006002	FAM004686	FAM000859	FAM006620	FAM008218	FAM006537	FAM007406	FAM000732	FAM008911	FAM008228	FAM010776	FAM114946	FAM059426	FAM037992	FAM032362	FAM020311
rep352_seed2377	FAM009149	FAM010504	FAM014074	FAM002132	FAM000511	FAM007218	FAM009885	FAM011121	FAM010202	FAM002556	FAM004741	FAM006722	FAM003935	FAM013658	FAM005061	FAM008966	FAM012345	FAM004573	FAM003524	FAM006535	FAM009913	FAM009185	FAM004084	FAM009984	FAM007355	FAM002054	FAM001751	FAM000762	FAM003202	FAM000360	FAM006009	FAM000345	FAM010405	FAM005348	FAM002421	FAM002099	FAM010642	FAM005984	FAM008004	FAM002979	FAM004678	FAM010578	FAM013425	FAM004193	FAM002515	FAM004179	FAM001768	FAM009932	FAM008934	FAM000950	FAM004469	FAM007340	FAM003229	FAM010588	FAM000814	FAM001228	FAM004978	FAM005860	FAM002561	FAM000284	FAM004031	FAM002111	FAM000513	FAM003664	FAM004088	FAM011183	FAM006669	FAM011134	FAM129527	FAM078769	FAM036099	FAM042656	FAM026677
rep353_seed2378	FAM004918	FAM003624	FAM002809	FAM006896	FAM000800	FAM002851	FAM004997	FAM003511	FAM006977	FAM010793	FAM007032	FAM004373	FAM011766	FAM003364	FAM011307	FAM008541	FAM002072	FAM004531	FAM002945	FAM014268	FAM003990	FAM011799	FAM000210	FAM006008	FAM003787	FAM008677	FAM009211	FAM003016	FAM014483	FAM004408	FAM001831	FAM012011	FAM003287	FAM005709	FAM001101	FAM000565	FAM002145	FAM010352	FAM006712	FAM012242	FAM007463	FAM007036	FAM008309	FAM001007	FAM001796	FAM008695	FAM001317	FAM001712	FAM012272	FAM003402	FAM001857	FAM005712	FAM004243	FAM004101	FAM010840	FAM005785	FAM006022	FAM002374	FAM000784	FAM005743	FAM007158	FAM006453	FAM001702	FAM000939	FAM004269	FAM011227	FAM013465	FAM012698	FAM146768	FAM059426	FAM039933	FAM040070	FAM019978
rep354_seed2379	FAM009644	FAM007197	FAM008757	FAM002426	FAM005536	FAM009710	FAM001470	FAM001349	FAM013807	FAM004305	FAM000493	FAM013526	FAM002614	FAM005475	FAM005119	FAM000743	FAM005936	FAM014674	FAM000704	FAM001646	FAM012225	FAM003369	FAM004115	FAM001994	FAM001414	FAM005069	FAM003172	FAM000732	FAM003546	FAM004094	FAM004233	FAM004895	FAM006856	FAM004960	FAM003938	FAM010501	FAM001072	FAM003545	FAM005362	FAM000229	FAM007735	FAM003755	FAM012879	FAM002309	FAM011747	FAM005648	FAM003490	FAM004495	FAM009600	FAM007007	FAM012363	FAM000432	FAM005785	FAM003161	FAM000998	FAM000273	FAM001351	FAM000384	FAM004691	FAM006025	FAM003793	FAM008150	FAM007968	FAM008032	FAM000846	FAM009292	FAM012510	FAM009075	FAM138631	FAM058892	FAM032491	FAM029160	FAM024706
rep355_seed2380	FAM000323	FAM001253	FAM000125	FAM003695	FAM013967	FAM009831	FAM000416	FAM007100	FAM005898	FAM006531	FAM010518	FAM001441	FAM003090	FAM007803	FAM009669	FAM008923	FAM011500	FAM002589	FAM001256	FAM011350	FAM012456	FAM003584	FAM002812	FAM003291	FAM005854	FAM004029	FAM005556	FAM000105	FAM006530	FAM002356	FAM001408	FAM001555	FAM004135	FAM005962	FAM000473	FAM000014	FAM005753	FAM003490	FAM004478	FAM006817	FAM011309	FAM009414	FAM003041	FAM000369	FAM013732	FAM006161	FAM011064	FAM006621	FAM005319	FAM009277	FAM007626	FAM000799	FAM012398	FAM011592	FAM001307	FAM002964	FAM000984	FAM009413	FAM004116	FAM010792	FAM009092	FAM007780	FAM000504	FAM008469	FAM000029	FAM009626	FAM011354	FAM012945	FAM136704	FAM060102	FAM035241	FAM033651	FAM016040
rep356_seed2381	FAM003973	FAM003401	FAM007951	FAM010471	FAM009344	FAM005117	FAM002701	FAM002579	FAM005703	FAM002605	FAM000592	FAM005166	FAM003213	FAM011146	FAM007580	FAM002547	FAM007133	FAM002981	FAM001999	FAM009570	FAM004010	FAM000951	FAM003865	FAM006670	FAM006785	FAM000707	FAM010241	FAM005542	FAM001692	FAM007104	FAM001415	FAM003256	FAM005012	FAM007715	FAM002775	FAM006084	FAM003502	FAM004334	FAM009565	FAM003208	FAM002645	FAM014452	FAM001529	FAM002391	FAM006467	FAM003579	FAM006169	FAM002707	FAM005977	FAM005660	FAM006459	FAM006883	FAM001677	FAM002052	FAM008092	FAM006731	FAM001825	FAM003834	FAM014408	FAM007452	FAM011291	FAM001166	FAM006206	FAM004665	FAM005586	FAM009917	FAM012988	FAM011158	FAM119189	FAM058919	FAM038324	FAM033343	FAM023119
rep357_seed2382	FAM002540	FAM002405	FAM011598	FAM001728	FAM007109	FAM009942	FAM010484	FAM004263	FAM000484	FAM002417	FAM004971	FAM004891	FAM012222	FAM000368	FAM005454	FAM007947	FAM000674	FAM000975	FAM001604	FAM004246	FAM003482	FAM003415	FAM002873	FAM004258	FAM002219	FAM012670	FAM001847	FAM005446	FAM002836	FAM001935	FAM005826	FAM010241	FAM007542	FAM002636	FAM001317	FAM011652	FAM013929	FAM002954	FAM003318	FAM004934	FAM005204	FAM009559	FAM008557	FAM007898	FAM001316	FAM004873	FAM012582	FAM003143	FAM000192	FAM001956	FAM002443	FAM005341	FAM006495	FAM005288	FAM004647	FAM004978	FAM008718	FAM008818	FAM001010	FAM005530	FAM007452	FAM002878	FAM004140	FAM001903	FAM004431	FAM008777	FAM007801	FAM013680	FAM139563	FAM063140	FAM030928	FAM039461	FAM020965
rep358_seed2383	FAM013566	FAM010358	FAM001776	FAM001105	FAM000825	FAM005235	FAM008631	FAM013099	FAM000921	FAM001058	FAM002675	FAM003653	FAM002424	FAM007785	FAM002186	FAM004972	FAM008935	FAM010764	FAM002825	FAM008037	FAM002001	FAM001983	FAM004461	FAM003525	FAM005504	FAM000254	FAM006749	FAM002300	FAM000064	FAM000673	FAM002483	FAM003009	FAM003931	FAM008667	FAM004673	FAM007654	FAM011317	FAM001147	FAM001993	FAM002025	FAM006364	FAM001853	FAM007648	FAM001303	FAM003704	FAM000977	FAM003065	FAM013118	FAM003774	FAM005105	FAM003536	FAM014541	FAM006502	FAM014554	FAM003169	FAM001242	FAM009980	FAM003967	FAM006302	FAM009707	FAM011982	FAM006882	FAM014658	FAM001333	FAM001607	FAM007713	FAM011243	FAM014295	FAM142661	FAM065173	FAM038383	FAM032673	FAM023366
rep359_seed2384	FAM003893	FAM005169	FAM008874	FAM008149	FAM001161	FAM003883	FAM012603	FAM001715	FAM001559	FAM005128	FAM000711	FAM007744	FAM010879	FAM010751	FAM002790	FAM001138	FAM005302	FAM005451	FAM008101	FAM002607	FAM005204	FAM001150	FAM007133	FAM000257	FAM001445	FAM001059	FAM003213	FAM003597	FAM009872	FAM008333	FAM013039	FAM005217	FAM004603	FAM004178	FAM001676	FAM003095	FAM009617	FAM009678	FAM000289	FAM000951	FAM007897	FAM004663	FAM004556	FAM002368	FAM010962	FAM007128	FAM006663	FAM002513	FAM007685	FAM004854	FAM003433	FAM008359	FAM005447	FAM003826	FAM003444	FAM008160	FAM002908	FAM000482	FAM002005	FAM003387	FAM000848	FAM006045	FAM010232	FAM002029	FAM008271	FAM008939	FAM011144	FAM010193	FAM138163	FAM064031	FAM033751	FAM032390	FAM022367
rep360_seed2385	FAM000067	FAM007179	FAM007694	FAM000089	FAM007622	FAM000004	FAM003289	FAM005394	FAM002542	FAM004922	FAM001679	FAM001039	FAM004052	FAM002361	FAM002458	FAM005747	FAM008031	FAM003068	FAM010480	FAM004531	FAM001877	FAM008706	FAM001558	FAM001424	FAM003167	FAM005825	FAM010173	FAM000644	FAM007349	FAM002232	FAM011181	FAM003516	FAM002380	FAM012540	FAM001442	FAM012272	FAM006845	FAM009737	FAM004911	FAM001383	FAM011309	FAM001437	FAM004413	FAM003456	FAM004657	FAM009443	FAM003428	FAM004136	FAM000475	FAM004036	FAM006129	FAM009905	FAM011717	FAM006378	FAM003230	FAM005066	FAM001272	FAM010493	FAM014064	FAM006047	FAM000890	FAM010133	FAM002333	FAM001449	FAM001176	FAM012323	FAM012318	FAM003007	FAM143644	FAM058452	FAM033055	FAM037388	FAM015336
rep361_seed2386	FAM011196	FAM012224	FAM001489	FAM006780	FAM002518	FAM005032	FAM006361	FAM007727	FAM003219	FAM001963	FAM008323	FAM006615	FAM003068	FAM000006	FAM002136	FAM004019	FAM004651	FAM008369	FAM002859	FAM005023	FAM005608	FAM001816	FAM002644	FAM001622	FAM003290	FAM008823	FAM008306	FAM000455	FAM001371	FAM004468	FAM001755	FAM005387	FAM004463	FAM001302	FAM011483	FAM007453	FAM004884	FAM009402	FAM000235	FAM004403	FAM009386	FAM010079	FAM010412	FAM003061	FAM003886	FAM002604	FAM009763	FAM003719	FAM003106	FAM000002	FAM004062	FAM004514	FAM004272	FAM006623	FAM000570	FAM003547	FAM004955	FAM005562	FAM001512	FAM003440	FAM003214	FAM004923	FAM008468	FAM004283	FAM004305	FAM009891	FAM009497	FAM013083	FAM120877	FAM059138	FAM039073	FAM031708	FAM029086
rep362_seed2387	FAM004574	FAM002226	FAM000344	FAM005803	FAM001805	FAM009984	FAM007374	FAM009374	FAM005176	FAM006554	FAM012158	FAM005730	FAM007006	FAM004733	FAM005264	FAM005121	FAM006290	FAM009314	FAM004298	FAM007027	FAM002971	FAM001619	FAM004545	FAM012940	FAM004435	FAM010375	FAM004624	FAM004063	FAM001407	FAM009212	FAM008164	FAM001674	FAM001968	FAM001485	FAM005781	FAM003946	FAM005449	FAM006768	FAM007268	FAM008444	FAM002304	FAM003963	FAM001510	FAM002354	FAM010582	FAM002177	FAM003840	FAM004597	FAM002414	FAM003228	FAM003490	FAM003502	FAM001952	FAM004436	FAM004406	FAM004284	FAM014341	FAM010412	FAM014498	FAM000398	FAM000573	FAM003815	FAM000367	FAM004302	FAM013694	FAM012152	FAM012841	FAM013803	FAM125983	FAM065711	FAM040470	FAM035017	FAM028733
rep363_seed2388	FAM001139	FAM005381	FAM005108	FAM002681	FAM013563	FAM010016	FAM004100	FAM007889	FAM003602	FAM001093	FAM004099	FAM011236	FAM002025	FAM008218	FAM003500	FAM008514	FAM010577	FAM007866	FAM005138	FAM003066	FAM011690	FAM005226	FAM006798	FAM005793	FAM012173	FAM000543	FAM005933	FAM001161	FAM008874	FAM010079	FAM000562	FAM002856	FAM007318	FAM005552	FAM004252	FAM011784	FAM013442	FAM000128	FAM005402	FAM009717	FAM001394	FAM000468	FAM000555	FAM000604	FAM000540	FAM005504	FAM014172	FAM014671	FAM008645	FAM002881	FAM004285	FAM007635	FAM009971	FAM003824	FAM002915	FAM000607	FAM003359	FAM004953	FAM002719	FAM006402	FAM007289	FAM001486	FAM005200	FAM003847	FAM004592	FAM014632	FAM011456	FAM009532	FAM142897	FAM060376	FAM039039	FAM032696	FAM024980
rep364_seed2389	FAM001496	FAM003443	FAM002610	FAM003297	FAM006623	FAM001878	FAM000462	FAM000586	FAM014336	FAM008474	FAM003613	FAM001226	FAM010461	FAM011836	FAM000954	FAM008439	FAM006633	FAM006481	FAM000770	FAM006024	FAM000226	FAM007253	FAM008540	FAM003988	FAM000845	FAM012344	FAM001010	FAM012937	FAM005023	FAM007479	FAM008371	FAM006434	FAM001415	FAM000591	FAM000831	FAM006749	FAM001608	FAM001788	FAM002054	FAM008185	FAM000313	FAM012852	FAM000510	FAM006940	FAM003098	FAM008384	FAM000982	FAM010764	FAM000822	FAM001639	FAM000513	FAM002955	FAM003023	FAM003724	FAM011277	FAM000239	FAM010927	FAM011181	FAM010415	FAM005205	FAM008528	FAM010866	FAM002542	FAM002259	FAM003511	FAM009158	FAM009774	FAM013889	FAM119530	FAM058052	FAM041393	FAM033582	FAM028298
rep365_seed2390	FAM006152	FAM006272	FAM008548	FAM003234	FAM005038	FAM001364	FAM004060	FAM008912	FAM003843	FAM003780	FAM001955	FAM000164	FAM010701	FAM007104	FAM012138	FAM001623	FAM009004	FAM013146	FAM001347	FAM000792	FAM006894	FAM001269	FAM002107	FAM004582	FAM004439	FAM003554	FAM010507	FAM002041	FAM001749	FAM007487	FAM007788	FAM001342	FAM000688	FAM004324	FAM003159	FAM004469	FAM003127	FAM000903	FAM001098	FAM007242	FAM011898	FAM001333	FAM003242	FAM002999	FAM000630	FAM003297	FAM002749	FAM002603	FAM000410	FAM006519	FAM004663	FAM000266	FAM008772	FAM004461	FAM000402	FAM001914	FAM005252	FAM000031	FAM002746	FAM012236	FAM004990	FAM010486	FAM000252	FAM007981	FAM001429	FAM012632	FAM006539	FAM012620	FAM136947	FAM065648	FAM036961	FAM029695	FAM017373
rep366_seed2391	FAM004296	FAM003587	FAM003593	FAM012224	FAM002408	FAM004689	FAM004215	FAM007277	FAM003281	FAM003646	FAM002789	FAM008700	FAM000888	FAM012829	FAM008312	FAM001344	FAM000366	FAM006675	FAM000348	FAM006769	FAM003368	FAM005763	FAM000131	FAM011718	FAM003369	FAM008915	FAM004644	FAM008830	FAM002362	FAM001054	FAM003416	FAM002776	FAM007465	FAM001514	FAM003782	FAM006599	FAM006074	FAM004122	FAM003991	FAM006059	FAM004806	FAM006577	FAM002313	FAM007535	FAM003783	FAM011662	FAM000740	FAM006349	FAM003663	FAM002985	FAM001603	FAM011372	FAM010124	FAM008092	FAM002318	FAM011713	FAM002019	FAM003256	FAM001879	FAM007260	FAM002636	FAM008183	FAM007485	FAM002769	FAM006188	FAM009833	FAM003461	FAM008482	FAM119351	FAM060302	FAM029993	FAM031615	FAM016468
rep367_seed2392	FAM003081	FAM011280	FAM010283	FAM007095	FAM008883	FAM001190	FAM005854	FAM006741	FAM004842	FAM000850	FAM001275	FAM011586	FAM002326	FAM013716	FAM002727	FAM001090	FAM006309	FAM001556	FAM001742	FAM005625	FAM004045	FAM000769	FAM000823	FAM007111	FAM005285	FAM000561	FAM009688	FAM007576	FAM004363	FAM005778	FAM006111	FAM004357	FAM004570	FAM005601	FAM002253	FAM003170	FAM001468	FAM001433	FAM003923	FAM007504	FAM010650	FAM009333	FAM006421	FAM000117	FAM002352	FAM001518	FAM008712	FAM005133	FAM007857	FAM006977	FAM000496	FAM000168	FAM011664	FAM012962	FAM001373	FAM008498	FAM004055	FAM004036	FAM014213	FAM009572	FAM005104	FAM009393	FAM002902	FAM007478	FAM000440	FAM009924	FAM013328	FAM014602	FAM131851	FAM067146	FAM042108	FAM033702	FAM018589
rep368_seed2393	FAM001035	FAM002133	FAM004341	FAM002109	FAM004249	FAM006120	FAM001972	FAM005586	FAM006107	FAM010712	FAM001294	FAM009194	FAM003301	FAM001716	FAM006446	FAM014534	FAM011668	FAM011239	FAM006965	FAM000365	FAM001359	FAM002246	FAM006677	FAM005964	FAM003700	FAM011430	FAM002874	FAM007159	FAM008481	FAM012319	FAM000074	FAM001293	FAM007923	FAM003355	FAM000930	FAM006784	FAM007266	FAM010903	FAM006071	FAM004876	FAM014141	FAM003154	FAM007810	FAM009948	FAM007934	FAM002983	FAM004971	FAM000602	FAM000342	FAM004962	FAM003452	FAM005102	FAM009360	FAM007840	FAM008870	FAM003610	FAM000486	FAM003846	FAM011590	FAM001986	FAM007288	FAM005435	FAM004681	FAM014668	FAM005979	FAM012883	FAM013205	FAM008145	FAM127294	FAM058956	FAM037290	FAM040185	FAM024289
rep369_seed2394	FAM000369	FAM001403	FAM002625	FAM003772	FAM007659	FAM001789	FAM000520	FAM007095	FAM002124	FAM010494	FAM010363	FAM002154	FAM003495	FAM012771	FAM011309	FAM008435	FAM003096	FAM000860	FAM007924	FAM002902	FAM003408	FAM002238	FAM005731	FAM009293	FAM004901	FAM008914	FAM001347	FAM007894	FAM004455	FAM000001	FAM000643	FAM012524	FAM004095	FAM001040	FAM003448	FAM005054	FAM004617	FAM004440	FAM006718	FAM007507	FAM003274	FAM001438	FAM008867	FAM008274	FAM010531	FAM000837	FAM003128	FAM002800	FAM003601	FAM004955	FAM002389	FAM000640	FAM007741	FAM012422	FAM003577	FAM009767	FAM003854	FAM005612	FAM007260	FAM013741	FAM010412	FAM007995	FAM005822	FAM002530	FAM005674	FAM009048	FAM008228	FAM010752	FAM136043	FAM058376	FAM041439	FAM032050	FAM017195
rep370_seed2395	FAM007839	FAM001682	FAM008821	FAM004726	FAM001775	FAM006466	FAM013770	FAM002251	FAM002616	FAM007781	FAM001315	FAM013490	FAM003029	FAM008810	FAM008977	FAM013921	FAM001923	FAM004082	FAM006227	FAM006285	FAM013165	FAM007201	FAM001297	FAM000497	FAM004485	FAM012248	FAM004480	FAM007392	FAM006756	FAM010376	FAM001440	FAM004029	FAM005388	FAM001873	FAM005150	FAM003911	FAM009918	FAM005267	FAM001056	FAM002190	FAM004271	FAM001142	FAM009640	FAM000060	FAM000579	FAM010881	FAM002441	FAM014279	FAM005814	FAM009379	FAM008423	FAM004827	FAM003414	FAM007311	FAM000799	FAM000139	FAM006522	FAM007288	FAM011237	FAM005898	FAM003717	FAM000201	FAM010123	FAM001399	FAM000138	FAM009069	FAM010151	FAM010082	FAM139949	FAM058413	FAM030045	FAM040182	FAM015410
rep371_seed2396	FAM005527	FAM001011	FAM008282	FAM002781	FAM006347	FAM005957	FAM005189	FAM008092	FAM004206	FAM003045	FAM000111	FAM001338	FAM004801	FAM000611	FAM013429	FAM002001	FAM003362	FAM004764	FAM013054	FAM002171	FAM000287	FAM000956	FAM000261	FAM007681	FAM009056	FAM000561	FAM003390	FAM000496	FAM012622	FAM006419	FAM000114	FAM005833	FAM003187	FAM004117	FAM011063	FAM002048	FAM013035	FAM001312	FAM002213	FAM006739	FAM003277	FAM006693	FAM002916	FAM001372	FAM009699	FAM007909	FAM005326	FAM006816	FAM010241	FAM009217	FAM010527	FAM004660	FAM002548	FAM005158	FAM007234	FAM010697	FAM005961	FAM007130	FAM001711	FAM004977	FAM004022	FAM009057	FAM002863	FAM001147	FAM008183	FAM006158	FAM014544	FAM009728	FAM134041	FAM061155	FAM035195	FAM029134	FAM016647
rep372_seed2397	FAM005217	FAM012874	FAM010578	FAM011675	FAM002414	FAM004222	FAM001356	FAM002488	FAM004897	FAM012190	FAM011784	FAM000323	FAM004382	FAM006140	FAM012809	FAM000993	FAM010101	FAM002453	FAM005909	FAM004346	FAM004692	FAM001556	FAM001673	FAM002758	FAM001287	FAM004860	FAM008421	FAM011636	FAM014355	FAM001383	FAM002783	FAM003022	FAM003364	FAM004316	FAM006707	FAM009765	FAM006612	FAM000291	FAM003751	FAM001313	FAM001529	FAM001946	FAM005285	FAM001672	FAM004587	FAM002001	FAM002010	FAM007496	FAM007575	FAM003044	FAM009332	FAM002697	FAM002591	FAM005205	FAM005564	FAM005765	FAM004416	FAM002589	FAM004731	FAM001790	FAM007557	FAM008473	FAM000731	FAM000683	FAM001506	FAM010633	FAM009220	FAM011550	FAM137273	FAM083936	FAM039304	FAM031533	FAM025444
rep373_seed2398	FAM001716	FAM000685	FAM003664	FAM009260	FAM009042	FAM007028	FAM013011	FAM001849	FAM001597	FAM000031	FAM006099	FAM002760	FAM014483	FAM008638	FAM003754	FAM006916	FAM001527	FAM000460	FAM002797	FAM002289	FAM000886	FAM001073	FAM006862	FAM011434	FAM008687	FAM002414	FAM002425	FAM000291	FAM001934	FAM003935	FAM009857	FAM006881	FAM006213	FAM009124	FAM010238	FAM001936	FAM004402	FAM000915	FAM006970	FAM005773	FAM006873	FAM003185	FAM007187	FAM004439	FAM000714	FAM006634	FAM006403	FAM004194	FAM011181	FAM007700	FAM014503	FAM003233	FAM001996	FAM003909	FAM008487	FAM001685	FAM009101	FAM004573	FAM004317	FAM002197	FAM003652	FAM004479	FAM006890	FAM003554	FAM008051	FAM007713	FAM006445	FAM007523	FAM116377	FAM058369	FAM030338	FAM032880	FAM026008
rep374_seed2399	FAM009187	FAM001602	FAM008645	FAM014336	FAM004400	FAM004258	FAM005411	FAM002944	FAM006268	FAM012104	FAM000384	FAM003961	FAM005252	FAM008080	FAM010636	FAM013251	FAM002627	FAM000757	FAM008748	FAM007437	FAM011589	FAM000157	FAM001736	FAM006979	FAM011065	FAM004090	FAM008092	FAM000683	FAM001308	FAM009317	FAM004766	FAM005566	FAM003272	FAM001656	FAM004483	FAM001436	FAM003014	FAM008440	FAM004369	FAM008547	FAM001268	FAM011666	FAM001922	FAM000530	FAM000840	FAM001746	FAM002685	FAM007659	FAM001728	FAM003896	FAM008517	FAM013996	FAM002130	FAM002589	FAM007541	FAM006820	FAM003719	FAM004109	FAM006482	FAM002570	FAM008623	FAM008237	FAM000606	FAM000751	FAM003845	FAM007713	FAM013132	FAM010715	FAM136704	FAM060988	FAM033392	FAM043283	FAM021142
rep375_seed2400	FAM001768	FAM007307	FAM008922	FAM014682	FAM005936	FAM001694	FAM007342	FAM001212	FAM008839	FAM012219	FAM002919	FAM010425	FAM006104	FAM007159	FAM000914	FAM007283	FAM007345	FAM007715	FAM002770	FAM003016	FAM005721	FAM000581	FAM013888	FAM003327	FAM008068	FAM002813	FAM009378	FAM007687	FAM007180	FAM001623	FAM003768	FAM011128	FAM006337	FAM012485	FAM005900	FAM001741	FAM005142	FAM002523	FAM010935	FAM013847	FAM001267	FAM005806	FAM014139	FAM002486	FAM008427	FAM002061	FAM004996	FAM000526	FAM008453	FAM001374	FAM009343	FAM006789	FAM007463	FAM004718	FAM008000	FAM005930	FAM005917	FAM008063	FAM005992	FAM004437	FAM005301	FAM008552	FAM002467	FAM005623	FAM001532	FAM010768	FAM010013	FAM010311	FAM116867	FAM059227	FAM038988	FAM039861	FAM022231
rep376_seed2401	FAM006432	FAM003648	FAM000509	FAM004990	FAM003306	FAM003880	FAM004829	FAM005432	FAM008334	FAM000176	FAM009560	FAM008130	FAM002061	FAM001523	FAM000150	FAM005027	FAM003419	FAM000674	FAM009448	FAM009681	FAM004553	FAM002811	FAM003289	FAM003653	FAM011367	FAM005745	FAM002028	FAM001326	FAM004586	FAM004870	FAM008941	FAM004039	FAM007517	FAM002697	FAM001687	FAM010257	FAM001053	FAM008933	FAM014452	FAM000261	FAM012110	FAM007981	FAM001815	FAM003795	FAM001555	FAM006095	FAM006439	FAM002900	FAM006331	FAM006262	FAM013427	FAM005484	FAM007494	FAM001943	FAM001966	FAM004750	FAM004192	FAM004912	FAM007742	FAM003874	FAM009431	FAM005700	FAM003665	FAM001434	FAM002762	FAM008905	FAM009419	FAM010942	FAM136733	FAM067397	FAM039049	FAM040731	FAM025749
rep377_seed2402	FAM006114	FAM005019	FAM003269	FAM001327	FAM010027	FAM003720	FAM011090	FAM002832	FAM005368	FAM007208	FAM000426	FAM004773	FAM014698	FAM005077	FAM006677	FAM005190	FAM013611	FAM006019	FAM003976	FAM008729	FAM000629	FAM002230	FAM009807	FAM001395	FAM001954	FAM007517	FAM005598	FAM003841	FAM007504	FAM000942	FAM003170	FAM007952	FAM009916	FAM009162	FAM003891	FAM003153	FAM003915	FAM004542	FAM002194	FAM006227	FAM001338	FAM006734	FAM004742	FAM001101	FAM001682	FAM008535	FAM004813	FAM002741	FAM005329	FAM012162	FAM008821	FAM001481	FAM001969	FAM010809	FAM005470	FAM010590	FAM014063	FAM002641	FAM001247	FAM006675	FAM004890	FAM006319	FAM000978	FAM012902	FAM000859	FAM013160	FAM011775	FAM007882	FAM112828	FAM067219	FAM033162	FAM035389	FAM020807
rep378_seed2403	FAM009327	FAM004168	FAM007177	FAM004405	FAM000955	FAM006199	FAM009167	FAM003149	FAM002713	FAM002482	FAM002717	FAM005188	FAM008932	FAM001439	FAM004780	FAM004552	FAM003486	FAM006650	FAM013069	FAM003763	FAM000279	FAM000745	FAM007279	FAM003194	FAM000634	FAM007858	FAM009152	FAM000381	FAM002834	FAM014527	FAM002096	FAM006138	FAM006807	FAM009138	FAM008135	FAM004188	FAM007613	FAM009025	FAM006004	FAM004408	FAM004567	FAM001575	FAM001808	FAM003522	FAM002447	FAM002245	FAM008552	FAM006665	FAM003287	FAM012337	FAM001280	FAM001343	FAM003943	FAM004195	FAM001923	FAM000695	FAM002870	FAM001964	FAM000911	FAM006073	FAM001185	FAM008286	FAM011653	FAM005521	FAM008589	FAM009930	FAM008456	FAM009412	FAM134192	FAM063983	FAM038438	FAM040143	FAM016923
rep379_seed2404	FAM010735	FAM008650	FAM000336	FAM006983	FAM013383	FAM003017	FAM008383	FAM004280	FAM003742	FAM010978	FAM007348	FAM001720	FAM009896	FAM010984	FAM000418	FAM010233	FAM009435	FAM014480	FAM005252	FAM008544	FAM003224	FAM005392	FAM004146	FAM006524	FAM012031	FAM012252	FAM002854	FAM000460	FAM002145	FAM003114	FAM011662	FAM004754	FAM010401	FAM013963	FAM001928	FAM007480	FAM000705	FAM007187	FAM000505	FAM009637	FAM007868	FAM000139	FAM002325	FAM007302	FAM001180	FAM005635	FAM008658	FAM004315	FAM011563	FAM010372	FAM009135	FAM009537	FAM006795	FAM006624	FAM002288	FAM005447	FAM008287	FAM000172	FAM003752	FAM006230	FAM003156	FAM005359	FAM012211	FAM005466	FAM009302	FAM014179	FAM004683	FAM011516	FAM108946	FAM057639	FAM038860	FAM035896	FAM023735
rep380_seed2405	FAM007651	FAM004464	FAM004981	FAM008540	FAM007374	FAM009405	FAM000651	FAM014121	FAM006624	FAM002523	FAM003583	FAM001790	FAM010016	FAM013117	FAM008723	FAM008538	FAM002663	FAM007428	FAM001856	FAM003389	FAM003531	FAM001943	FAM007005	FAM010502	FAM009730	FAM007091	FAM012724	FAM001582	FAM004714	FAM005941	FAM000563	FAM004104	FAM007726	FAM001915	FAM012533	FAM002197	FAM006613	FAM010372	FAM004467	FAM012823	FAM007571	FAM001574	FAM000569	FAM001561	FAM009163	FAM012930	FAM009968	FAM009166	FAM007259	FAM000983	FAM005263	FAM001272	FAM006535	FAM003619	FAM010237	FAM005487	FAM010608	FAM004666	FAM008399	FAM000436	FAM013770	FAM010054	FAM005060	FAM005492	FAM008867	FAM009819	FAM008362	FAM014391	FAM112038	FAM059018	FAM038543	FAM040182	FAM023082
rep381_seed2406	FAM001806	FAM002965	FAM008686	FAM002837	FAM003369	FAM008075	FAM001409	FAM001858	FAM002537	FAM010164	FAM000578	FAM000101	FAM000491	FAM005875	FAM012060	FAM004018	FAM000935	FAM002895	FAM008204	FAM006788	FAM006633	FAM003942	FAM010897	FAM008778	FAM007695	FAM010570	FAM010033	FAM004950	FAM002514	FAM011042	FAM007308	FAM009807	FAM002898	FAM002994	FAM001933	FAM000887	FAM000435	FAM013721	FAM002339	FAM006181	FAM002298	FAM005968	FAM008400	FAM011662	FAM009039	FAM000263	FAM002686	FAM009470	FAM004939	FAM014439	FAM006584	FAM007735	FAM002594	FAM001971	FAM011288	FAM006322	FAM000246	FAM005930	FAM003612	FAM005341	FAM008304	FAM008371	FAM000603	FAM003233	FAM003863	FAM007320	FAM012057	FAM008884	FAM131743	FAM060321	FAM031174	FAM034601	FAM018259
rep382_seed2407	FAM004790	FAM008141	FAM010016	FAM006457	FAM013312	FAM006794	FAM004742	FAM008501	FAM006595	FAM005827	FAM004350	FAM002922	FAM003828	FAM002462	FAM005977	FAM000975	FAM014306	FAM006446	FAM012667	FAM005067	FAM011071	FAM010905	FAM003716	FAM003207	FAM008824	FAM002879	FAM010961	FAM002105	FAM012024	FAM004681	FAM007052	FAM007837	FAM008680	FAM007157	FAM006621	FAM005469	FAM008508	FAM000450	FAM001599	FAM002789	FAM003961	FAM010802	FAM007653	FAM002953	FAM004766	FAM008755	FAM005267	FAM003656	FAM001559	FAM004441	FAM001719	FAM004814	FAM003793	FAM003408	FAM001778	FAM000770	FAM005673	FAM007017	FAM006890	FAM001345	FAM000831	FAM004175	FAM006688	FAM004133	FAM001710	FAM010818	FAM009951	FAM012388	FAM147005	FAM058316	FAM043428	FAM037534	FAM019003
rep383_seed2408	FAM005039	FAM004153	FAM000249	FAM010577	FAM004544	FAM002343	FAM007266	FAM011576	FAM004671	FAM010418	FAM002643	FAM006109	FAM009223	FAM001263	FAM009367	FAM007535	FAM008689	FAM001085	FAM003925	FAM002978	FAM008641	FAM007106	FAM001359	FAM006279	FAM001944	FAM009744	FAM001698	FAM003225	FAM004216	FAM001892	FAM006173	FAM005208	FAM003518	FAM006081	FAM005716	FAM009894	FAM011745	FAM010027	FAM003457	FAM003393	FAM000865	FAM008535	FAM014119	FAM002819	FAM001265	FAM006976	FAM006051	FAM000532	FAM009360	FAM011048	FAM000748	FAM004195	FAM006089	FAM005696	FAM004441	FAM007302	FAM002335	FAM001893	FAM010048	FAM005077	FAM005851	FAM002584	FAM003431	FAM010711	FAM004134	FAM014603	FAM010965	FAM012341	FAM114728	FAM059810	FAM041970	FAM031372	FAM022367
rep384_seed2409	FAM011376	FAM005841	FAM011344	FAM001091	FAM009564	FAM008995	FAM004316	FAM009822	FAM012447	FAM009311	FAM007400	FAM002866	FAM004348	FAM004303	FAM001544	FAM005121	FAM000958	FAM006761	FAM011670	FAM006198	FAM006154	FAM004458	FAM001057	FAM007781	FAM009968	FAM000317	FAM000644	FAM004608	FAM006997	FAM000574	FAM003759	FAM002543	FAM000800	FAM006843	FAM004306	FAM002550	FAM009305	FAM003717	FAM007445	FAM003399	FAM002990	FAM007679	FAM008379	FAM010321	FAM000067	FAM001285	FAM006197	FAM007240	FAM001160	FAM004140	FAM003085	FAM007509	FAM009021	FAM000906	FAM010881	FAM003537	FAM007684	FAM011149	FAM010480	FAM005044	FAM007329	FAM013741	FAM000130	FAM014060	FAM000490	FAM007154	FAM011794	FAM008280	FAM111623	FAM057861	FAM029953	FAM029160	FAM021677
rep385_seed2410	FAM002286	FAM002744	FAM003492	FAM006173	FAM005213	FAM006693	FAM011444	FAM003193	FAM006126	FAM002759	FAM007871	FAM002869	FAM001036	FAM002879	FAM001334	FAM004828	FAM002336	FAM012930	FAM002496	FAM006847	FAM013425	FAM007064	FAM001463	FAM006860	FAM003121	FAM001256	FAM008386	FAM001917	FAM014154	FAM002377	FAM012785	FAM003427	FAM001832	FAM006420	FAM012895	FAM007127	FAM002767	FAM000818	FAM012848	FAM006686	FAM002206	FAM011661	FAM002773	FAM003439	FAM007651	FAM002812	FAM001593	FAM008883	FAM001560	FAM003643	FAM003164	FAM012123	FAM004973	FAM003416	FAM008676	FAM005059	FAM006680	FAM006025	FAM000321	FAM006776	FAM005412	FAM001543	FAM014074	FAM004259	FAM009314	FAM008390	FAM009824	FAM012165	FAM147084	FAM075366	FAM048061	FAM031983	FAM023366
rep386_seed2411	FAM006173	FAM013729	FAM000101	FAM000343	FAM002464	FAM009437	FAM009918	FAM004120	FAM015015	FAM005502	FAM007255	FAM010415	FAM009986	FAM010984	FAM006519	FAM001964	FAM001705	FAM001076	FAM007804	FAM007294	FAM003954	FAM006610	FAM001808	FAM008017	FAM003473	FAM007150	FAM005188	FAM001435	FAM001362	FAM004107	FAM004446	FAM008133	FAM001987	FAM009205	FAM001818	FAM003065	FAM001860	FAM002317	FAM001961	FAM005154	FAM005243	FAM000263	FAM002916	FAM011514	FAM001607	FAM004111	FAM001253	FAM006236	FAM004499	FAM009786	FAM006530	FAM007576	FAM001762	FAM008376	FAM004873	FAM005556	FAM013009	FAM001756	FAM000906	FAM010390	FAM002380	FAM002531	FAM010228	FAM003412	FAM001074	FAM011150	FAM007409	FAM014558	FAM122494	FAM059426	FAM038006	FAM029461	FAM021724
rep387_seed2412	FAM003350	FAM000940	FAM009415	FAM001152	FAM006364	FAM004568	FAM003513	FAM010835	FAM012308	FAM007273	FAM006181	FAM006330	FAM003110	FAM014073	FAM002170	FAM001872	FAM004357	FAM014196	FAM005461	FAM011012	FAM007792	FAM010832	FAM001647	FAM003016	FAM003682	FAM007544	FAM003588	FAM001079	FAM002627	FAM000568	FAM007541	FAM003225	FAM010362	FAM003169	FAM002489	FAM001383	FAM014341	FAM002688	FAM006405	FAM004783	FAM000482	FAM010582	FAM001196	FAM011038	FAM003919	FAM007728	FAM005211	FAM004832	FAM005490	FAM007077	FAM013621	FAM002998	FAM004270	FAM004742	FAM010977	FAM002286	FAM005773	FAM001501	FAM000332	FAM002957	FAM003134	FAM003863	FAM000137	FAM005743	FAM004725	FAM013465	FAM007713	FAM011164	FAM130629	FAM077767	FAM042392	FAM030868	FAM028012
rep388_seed2413	FAM001711	FAM002576	FAM009194	FAM002360	FAM008243	FAM007729	FAM006245	FAM000742	FAM009457	FAM005270	FAM010525	FAM008578	FAM002998	FAM012868	FAM003372	FAM002993	FAM002031	FAM000038	FAM005766	FAM006492	FAM000149	FAM001332	FAM001571	FAM008987	FAM000721	FAM001016	FAM001265	FAM000342	FAM002995	FAM009197	FAM006400	FAM003950	FAM001488	FAM005681	FAM013850	FAM011915	FAM001350	FAM001118	FAM004570	FAM004935	FAM001285	FAM000777	FAM001072	FAM008546	FAM002536	FAM002547	FAM006642	FAM007175	FAM005877	FAM007564	FAM005489	FAM006268	FAM005739	FAM005860	FAM002740	FAM012715	FAM000238	FAM007728	FAM006195	FAM008082	FAM001104	FAM000059	FAM011668	FAM002484	FAM000521	FAM011896	FAM010141	FAM006818	FAM131068	FAM062820	FAM042901	FAM031832	FAM016729
rep389_seed2414	FAM000850	FAM003467	FAM005175	FAM013484	FAM003270	FAM000866	FAM012513	FAM003961	FAM004952	FAM011825	FAM009235	FAM001855	FAM002561	FAM000947	FAM007710	FAM003171	FAM012125	FAM000281	FAM000663	FAM009739	FAM003809	FAM001474	FAM005027	FAM001150	FAM003095	FAM010626	FAM002355	FAM006686	FAM011470	FAM003678	FAM013611	FAM004279	FAM011344	FAM000788	FAM008596	FAM003963	FAM011685	FAM002351	FAM002441	FAM001065	FAM006388	FAM000224	FAM000733	FAM001452	FAM002768	FAM005599	FAM007753	FAM001933	FAM008567	FAM002118	FAM003815	FAM005872	FAM000087	FAM005108	FAM007452	FAM003128	FAM002650	FAM005878	FAM006977	FAM009537	FAM010712	FAM011406	FAM010224	FAM001545	FAM002755	FAM007646	FAM013999	FAM013037	FAM120506	FAM060730	FAM030849	FAM036417	FAM020103
rep390_seed2415	FAM011779	FAM002827	FAM001388	FAM009455	FAM003607	FAM014610	FAM003373	FAM010398	FAM001655	FAM012336	FAM003758	FAM005199	FAM010104	FAM003010	FAM003272	FAM005114	FAM006049	FAM000404	FAM008287	FAM000730	FAM014355	FAM007805	FAM002682	FAM000202	FAM009557	FAM005829	FAM007953	FAM004499	FAM001704	FAM001518	FAM010525	FAM006847	FAM002082	FAM009708	FAM000531	FAM000508	FAM000884	FAM008283	FAM005628	FAM006168	FAM009323	FAM005002	FAM002277	FAM005070	FAM007123	FAM012456	FAM006457	FAM005088	FAM005064	FAM007520	FAM006322	FAM002972	FAM010360	FAM000282	FAM009212	FAM004715	FAM009829	FAM008594	FAM002830	FAM012438	FAM003720	FAM012037	FAM006106	FAM001743	FAM000815	FAM014252	FAM011265	FAM007870	FAM122608	FAM078404	FAM030928	FAM042656	FAM016325
rep391_seed2416	FAM008960	FAM007424	FAM010922	FAM004515	FAM003083	FAM000932	FAM002911	FAM011485	FAM011655	FAM007180	FAM012398	FAM013442	FAM002239	FAM007111	FAM004039	FAM004090	FAM005884	FAM000980	FAM006339	FAM009362	FAM009440	FAM001221	FAM009311	FAM008908	FAM006817	FAM002463	FAM003725	FAM011529	FAM005055	FAM004871	FAM007440	FAM014319	FAM004479	FAM011443	FAM007187	FAM007132	FAM001330	FAM003858	FAM002695	FAM003175	FAM004628	FAM002745	FAM000270	FAM011786	FAM002163	FAM010728	FAM005215	FAM007590	FAM004127	FAM004132	FAM005959	FAM004985	FAM005405	FAM003089	FAM001523	FAM008539	FAM005548	FAM003651	FAM003907	FAM003263	FAM007993	FAM000818	FAM004633	FAM002005	FAM002776	FAM014080	FAM009801	FAM014513	FAM145657	FAM062910	FAM031861	FAM034619	FAM025592
rep392_seed2417	FAM011840	FAM011012	FAM007728	FAM005544	FAM005740	FAM008159	FAM007052	FAM006247	FAM002909	FAM013788	FAM008469	FAM000118	FAM002557	FAM002036	FAM005889	FAM002349	FAM002142	FAM005473	FAM000818	FAM013712	FAM002276	FAM004173	FAM000506	FAM007129	FAM010200	FAM009065	FAM002741	FAM004211	FAM004812	FAM002331	FAM007823	FAM008680	FAM006048	FAM003603	FAM001191	FAM001063	FAM012031	FAM003251	FAM003909	FAM006167	FAM010805	FAM000893	FAM011636	FAM004472	FAM001475	FAM013146	FAM009441	FAM006481	FAM005917	FAM010578	FAM002247	FAM004974	FAM001835	FAM008960	FAM001899	FAM005700	FAM000883	FAM005042	FAM013072	FAM001898	FAM008360	FAM007302	FAM000749	FAM007682	FAM001116	FAM009462	FAM008307	FAM003007	FAM135954	FAM065123	FAM042108	FAM029856	FAM014968
rep393_seed2418	FAM009213	FAM005805	FAM008375	FAM007100	FAM011407	FAM006446	FAM009148	FAM012373	FAM000402	FAM013146	FAM000568	FAM005582	FAM001931	FAM002404	FAM004297	FAM005482	FAM008489	FAM007547	FAM002214	FAM002313	FAM004666	FAM009223	FAM005233	FAM004786	FAM001601	FAM000227	FAM002626	FAM000729	FAM011525	FAM003662	FAM005268	FAM001042	FAM009628	FAM004262	FAM000597	FAM007266	FAM007902	FAM004063	FAM011906	FAM003978	FAM002793	FAM004521	FAM003183	FAM006994	FAM003386	FAM009682	FAM005024	FAM001805	FAM002900	FAM002061	FAM000219	FAM002916	FAM013874	FAM006718	FAM014466	FAM007236	FAM011225	FAM001634	FAM000175	FAM001902	FAM000182	FAM005254	FAM004038	FAM008481	FAM002688	FAM014411	FAM006102	FAM012682	FAM143186	FAM060164	FAM039881	FAM035746	FAM020604
rep394_seed2419	FAM008129	FAM008092	FAM006731	FAM002290	FAM007058	FAM012000	FAM000183	FAM000363	FAM004419	FAM008788	FAM003106	FAM002870	FAM003625	FAM005128	FAM005567	FAM006322	FAM000978	FAM005031	FAM011435	FAM002712	FAM000139	FAM009101	FAM013596	FAM006858	FAM003030	FAM009570	FAM002663	FAM000611	FAM004103	FAM008396	FAM004761	FAM000573	FAM006159	FAM001116	FAM013410	FAM004947	FAM012753	FAM002042	FAM001102	FAM005586	FAM009162	FAM007032	FAM006514	FAM006991	FAM013146	FAM002975	FAM003711	FAM010964	FAM009815	FAM003802	FAM003291	FAM009176	FAM003105	FAM001724	FAM008599	FAM005544	FAM005900	FAM003744	FAM004576	FAM008807	FAM000529	FAM002820	FAM007358	FAM010833	FAM005459	FAM011806	FAM012716	FAM008186	FAM143076	FAM082546	FAM038157	FAM037052	FAM022719
rep395_seed2420	FAM008804	FAM010078	FAM000419	FAM000915	FAM004469	FAM000346	FAM010804	FAM011021	FAM009400	FAM004553	FAM003601	FAM006211	FAM003219	FAM011104	FAM012667	FAM002726	FAM000401	FAM004895	FAM001689	FAM003184	FAM012363	FAM002361	FAM005845	FAM001127	FAM005892	FAM002455	FAM000662	FAM006889	FAM006423	FAM002825	FAM005909	FAM003025	FAM004635	FAM000198	FAM002059	FAM002906	FAM001520	FAM008669	FAM003426	FAM003652	FAM004195	FAM006656	FAM000933	FAM002352	FAM007547	FAM013621	FAM003085	FAM006197	FAM008580	FAM014317	FAM003400	FAM005827	FAM001785	FAM011137	FAM001699	FAM006006	FAM006058	FAM001895	FAM003499	FAM005405	FAM003083	FAM002983	FAM002952	FAM002110	FAM011515	FAM006887	FAM014271	FAM012113	FAM139762	FAM063814	FAM048061	FAM041132	FAM023119
rep396_seed2421	FAM003485	FAM004079	FAM007807	FAM013570	FAM006140	FAM002603	FAM008102	FAM004763	FAM001305	FAM005142	FAM005195	FAM002769	FAM007446	FAM010317	FAM006098	FAM008164	FAM003280	FAM002890	FAM001924	FAM007590	FAM004218	FAM004541	FAM005018	FAM003166	FAM011506	FAM000432	FAM005325	FAM003894	FAM001937	FAM005658	FAM004292	FAM001766	FAM001915	FAM012738	FAM005992	FAM000843	FAM009324	FAM006428	FAM000853	FAM000786	FAM003976	FAM006980	FAM008861	FAM003448	FAM000569	FAM001610	FAM002327	FAM001428	FAM001322	FAM009273	FAM000920	FAM000021	FAM000297	FAM002959	FAM007594	FAM005900	FAM000690	FAM008072	FAM010101	FAM007793	FAM009932	FAM001741	FAM005123	FAM007395	FAM004549	FAM008273	FAM009283	FAM012781	FAM132913	FAM062457	FAM045866	FAM039604	FAM019189
rep397_seed2422	FAM002629	FAM006610	FAM007466	FAM003020	FAM004612	FAM001705	FAM002548	FAM002756	FAM007159	FAM003521	FAM005410	FAM000085	FAM004462	FAM011621	FAM001056	FAM003550	FAM011238	FAM003207	FAM003488	FAM000016	FAM003597	FAM006459	FAM009996	FAM001017	FAM001574	FAM006605	FAM007189	FAM011504	FAM005243	FAM007121	FAM002182	FAM001796	FAM001015	FAM000517	FAM006021	FAM002589	FAM009081	FAM005045	FAM007246	FAM005635	FAM002549	FAM007424	FAM012498	FAM000937	FAM002773	FAM010049	FAM008434	FAM005078	FAM007555	FAM000446	FAM004667	FAM003328	FAM004174	FAM004436	FAM002054	FAM011881	FAM009431	FAM003552	FAM008774	FAM007909	FAM009822	FAM003058	FAM006159	FAM005636	FAM005708	FAM008012	FAM004473	FAM011832	FAM116544	FAM060302	FAM041443	FAM034266	FAM025472
rep398_seed2423	FAM003736	FAM003933	FAM007140	FAM001624	FAM011833	FAM004460	FAM011718	FAM000562	FAM002607	FAM002084	FAM014541	FAM008872	FAM003641	FAM002969	FAM004406	FAM005557	FAM002072	FAM001149	FAM007118	FAM006759	FAM000445	FAM005508	FAM000993	FAM001198	FAM005270	FAM007953	FAM000321	FAM003619	FAM002201	FAM011064	FAM008234	FAM010305	FAM003853	FAM004862	FAM007048	FAM005377	FAM007764	FAM009877	FAM007024	FAM006084	FAM001111	FAM009122	FAM002921	FAM014151	FAM004732	FAM007793	FAM005708	FAM011254	FAM002819	FAM013121	FAM009846	FAM007537	FAM011329	FAM004456	FAM001050	FAM008658	FAM002533	FAM009770	FAM000905	FAM006986	FAM000112	FAM000286	FAM008288	FAM011425	FAM013470	FAM008616	FAM008939	FAM013868	FAM144307	FAM061657	FAM035625	FAM030410	FAM025120
rep399_seed2424	FAM010792	FAM013366	FAM002272	FAM003183	FAM011427	FAM012377	FAM001983	FAM005197	FAM005363	FAM003562	FAM005936	FAM011840	FAM001472	FAM011225	FAM007927	FAM000094	FAM006867	FAM003422	FAM009367	FAM001689	FAM001265	FAM006353	FAM001339	FAM012924	FAM013420	FAM012567	FAM004532	FAM000340	FAM003472	FAM008285	FAM004641	FAM008235	FAM001496	FAM002146	FAM005828	FAM002670	FAM002075	FAM007689	FAM001469	FAM002446	FAM007648	FAM000623	FAM007975	FAM001950	FAM001886	FAM006198	FAM007572	FAM007120	FAM004271	FAM004633	FAM001119	FAM009640	FAM005121	FAM003680	FAM005570	FAM008058	FAM000414	FAM001514	FAM007342	FAM005819	FAM000850	FAM002806	FAM007507	FAM000041	FAM000473	FAM013094	FAM009653	FAM011643	FAM138137	FAM065711	FAM039286	FAM032919	FAM020604
rep400_seed2425	FAM002662	FAM003449	FAM005671	FAM013012	FAM012739	FAM006411	FAM008250	FAM002923	FAM007864	FAM005029	FAM014249	FAM001966	FAM013850	FAM005718	FAM009461	FAM004466	FAM005181	FAM004260	FAM003061	FAM003045	FAM000961	FAM003991	FAM002191	FAM008748	FAM003813	FAM009249	FAM007485	FAM005780	FAM007351	FAM005840	FAM007199	FAM001962	FAM007335	FAM000920	FAM005296	FAM003698	FAM006123	FAM003109	FAM000163	FAM002872	FAM000811	FAM011854	FAM003238	FAM006758	FAM007228	FAM001726	FAM012479	FAM002622	FAM014480	FAM007919	FAM013676	FAM011089	FAM003359	FAM006490	FAM014491	FAM004533	FAM004016	FAM009091	FAM002807	FAM007043	FAM009479	FAM011528	FAM003113	FAM000231	FAM006121	FAM007760	FAM011989	FAM011220	FAM143182	FAM058879	FAM031811	FAM032652	FAM015327
rep401_seed2426	FAM010526	FAM002711	FAM012866	FAM005542	FAM005604	FAM000483	FAM005355	FAM005628	FAM000973	FAM000318	FAM005412	FAM004978	FAM000124	FAM001204	FAM007780	FAM001639	FAM003615	FAM005339	FAM000755	FAM001974	FAM010962	FAM001217	FAM007979	FAM003711	FAM004138	FAM009217	FAM010371	FAM005429	FAM006361	FAM006614	FAM002599	FAM001181	FAM009087	FAM003879	FAM000207	FAM001400	FAM010443	FAM003588	FAM009218	FAM004673	FAM013366	FAM006665	FAM000308	FAM004140	FAM003111	FAM001799	FAM000255	FAM007068	FAM000501	FAM008181	FAM001705	FAM014228	FAM006829	FAM004245	FAM009568	FAM009013	FAM012571	FAM008544	FAM004540	FAM005472	FAM006280	FAM011861	FAM001052	FAM011237	FAM001289	FAM009874	FAM014023	FAM011188	FAM144881	FAM060452	FAM029744	FAM038677	FAM026980
rep402_seed2427	FAM006769	FAM011279	FAM002648	FAM004560	FAM004485	FAM000293	FAM001960	FAM007073	FAM001202	FAM003057	FAM004876	FAM007355	FAM005266	FAM002022	FAM004661	FAM001772	FAM006624	FAM002137	FAM010815	FAM002355	FAM003463	FAM006132	FAM013849	FAM000163	FAM009578	FAM001828	FAM011189	FAM004456	FAM002850	FAM000071	FAM009934	FAM001697	FAM003952	FAM003318	FAM010297	FAM009404	FAM000829	FAM010978	FAM006355	FAM002477	FAM010590	FAM005441	FAM001293	FAM002135	FAM007233	FAM006671	FAM003549	FAM000470	FAM006380	FAM005105	FAM009005	FAM001610	FAM006174	FAM010778	FAM007837	FAM010070	FAM001351	FAM006977	FAM002879	FAM010714	FAM008536	FAM002289	FAM006142	FAM006774	FAM012258	FAM008256	FAM012393	FAM007523	FAM125885	FAM060452	FAM037517	FAM029278	FAM016314
rep403_seed2428	FAM005532	FAM001586	FAM004414	FAM006386	FAM003966	FAM001392	FAM001795	FAM005151	FAM000643	FAM002563	FAM001356	FAM003544	FAM011438	FAM006604	FAM006157	FAM000718	FAM002015	FAM012667	FAM004570	FAM002915	FAM002230	FAM010445	FAM001987	FAM000177	FAM003510	FAM006523	FAM003513	FAM002671	FAM006275	FAM005376	FAM002688	FAM002713	FAM003532	FAM011754	FAM012753	FAM000224	FAM001468	FAM008314	FAM006046	FAM000363	FAM001216	FAM004226	FAM010708	FAM003677	FAM000218	FAM003845	FAM010302	FAM009458	FAM005011	FAM011002	FAM006307	FAM004957	FAM000702	FAM001429	FAM006647	FAM000609	FAM001326	FAM008296	FAM001017	FAM001119	FAM002601	FAM000909	FAM002300	FAM003583	FAM004273	FAM011101	FAM011405	FAM014633	FAM119651	FAM065125	FAM037834	FAM033839	FAM029086
rep404_seed2429	FAM005512	FAM007557	FAM014070	FAM005690	FAM012507	FAM004032	FAM004175	FAM001615	FAM000636	FAM008888	FAM009991	FAM000939	FAM006570	FAM001832	FAM005223	FAM009877	FAM005984	FAM009568	FAM014385	FAM000816	FAM002062	FAM001984	FAM001085	FAM009108	FAM000420	FAM001600	FAM003745	FAM004333	FAM013065	FAM005651	FAM006743	FAM003184	FAM012052	FAM002127	FAM002420	FAM005675	FAM010343	FAM000684	FAM004841	FAM010792	FAM011622	FAM007162	FAM012383	FAM004026	FAM005071	FAM012763	FAM006513	FAM008581	FAM010857	FAM006203	FAM001902	FAM009872	FAM003651	FAM004441	FAM010571	FAM002683	FAM004455	FAM005121	FAM005956	FAM003080	FAM008966	FAM009363	FAM000828	FAM008934	FAM006155	FAM010965	FAM010567	FAM010158	FAM127774	FAM066808	FAM042058	FAM043305	FAM016767
rep405_seed2430	FAM001654	FAM005351	FAM004104	FAM005040	FAM003551	FAM006836	FAM003721	FAM002608	FAM001685	FAM000593	FAM005816	FAM002538	FAM002115	FAM008092	FAM006371	FAM002136	FAM002113	FAM002128	FAM004220	FAM007761	FAM012465	FAM006811	FAM007988	FAM007673	FAM005838	FAM002015	FAM006867	FAM000277	FAM006471	FAM012690	FAM003306	FAM010990	FAM000718	FAM001835	FAM001893	FAM002401	FAM012116	FAM000552	FAM004015	FAM006350	FAM003100	FAM007537	FAM003915	FAM005819	FAM001578	FAM002541	FAM004242	FAM004536	FAM006978	FAM001819	FAM000649	FAM006919	FAM005850	FAM007300	FAM004680	FAM009356	FAM000442	FAM003390	FAM000662	FAM006604	FAM010056	FAM007960	FAM008727	FAM004518	FAM007256	FAM013325	FAM006435	FAM009742	FAM108805	FAM062665	FAM036881	FAM037107	FAM016533
rep406_seed2431	FAM005759	FAM011799	FAM011986	FAM009500	FAM001205	FAM007161	FAM007973	FAM002615	FAM001674	FAM003950	FAM001099	FAM004125	FAM006826	FAM006406	FAM004995	FAM013353	FAM009805	FAM002379	FAM007368	FAM006317	FAM002320	FAM002065	FAM001440	FAM009585	FAM004980	FAM000320	FAM006743	FAM000636	FAM013986	FAM000819	FAM011840	FAM001944	FAM006025	FAM009316	FAM005277	FAM010302	FAM001500	FAM001070	FAM002022	FAM001002	FAM002842	FAM005103	FAM012108	FAM013277	FAM007494	FAM006675	FAM000117	FAM000701	FAM003269	FAM002981	FAM012493	FAM000038	FAM007974	FAM009126	FAM006769	FAM001619	FAM002497	FAM003129	FAM002414	FAM004755	FAM004821	FAM001373	FAM005941	FAM005130	FAM000085	FAM008587	FAM007928	FAM013535	FAM140139	FAM065280	FAM030782	FAM040664	FAM023603
rep407_seed2432	FAM008771	FAM010595	FAM002620	FAM013082	FAM006338	FAM000836	FAM007036	FAM004357	FAM006211	FAM013807	FAM001328	FAM000084	FAM010746	FAM003176	FAM008754	FAM003482	FAM006084	FAM002758	FAM008635	FAM008125	FAM009471	FAM003626	FAM005937	FAM007283	FAM009516	FAM000995	FAM013210	FAM003267	FAM000041	FAM002465	FAM004254	FAM002366	FAM013721	FAM001818	FAM003028	FAM001748	FAM000210	FAM009929	FAM001806	FAM007641	FAM004983	FAM007286	FAM005917	FAM004072	FAM007832	FAM003367	FAM000592	FAM000925	FAM005882	FAM004977	FAM004744	FAM006529	FAM014541	FAM002265	FAM005029	FAM004979	FAM002710	FAM014413	FAM003565	FAM003235	FAM001745	FAM000574	FAM003075	FAM003155	FAM005694	FAM009258	FAM011366	FAM008482	FAM126558	FAM067342	FAM039959	FAM039182	FAM026819
rep408_seed2433	FAM012377	FAM013785	FAM001594	FAM000974	FAM001162	FAM000337	FAM000166	FAM005018	FAM007324	FAM001519	FAM006470	FAM003738	FAM008841	FAM006117	FAM002514	FAM006673	FAM004530	FAM005604	FAM004281	FAM012225	FAM003593	FAM002809	FAM001190	FAM008303	FAM001950	FAM006046	FAM010655	FAM006966	FAM002779	FAM001600	FAM006423	FAM009393	FAM004165	FAM002731	FAM007618	FAM003358	FAM005728	FAM009055	FAM009218	FAM013871	FAM005473	FAM006093	FAM008774	FAM006429	FAM011712	FAM006778	FAM004108	FAM003064	FAM005031	FAM011021	FAM004382	FAM001984	FAM011332	FAM009673	FAM013241	FAM006635	FAM003139	FAM002753	FAM002855	FAM006030	FAM001142	FAM001578	FAM005328	FAM009776	FAM003934	FAM009227	FAM011169	FAM011213	FAM128724	FAM058919	FAM041982	FAM042948	FAM028298
rep409_seed2434	FAM013723	FAM005162	FAM009939	FAM006349	FAM002197	FAM001817	FAM004857	FAM003365	FAM008292	FAM014695	FAM004072	FAM002986	FAM008071	FAM004856	FAM012464	FAM004229	FAM004308	FAM001556	FAM010497	FAM004734	FAM001711	FAM003575	FAM002361	FAM000623	FAM003272	FAM005933	FAM002821	FAM014646	FAM005690	FAM005864	FAM002230	FAM002834	FAM003059	FAM001574	FAM004238	FAM000108	FAM006772	FAM000796	FAM014601	FAM005448	FAM010815	FAM004871	FAM011514	FAM011347	FAM007525	FAM009981	FAM002951	FAM008969	FAM001769	FAM004867	FAM000541	FAM003964	FAM006383	FAM009596	FAM004591	FAM002305	FAM006263	FAM000636	FAM005024	FAM003044	FAM010149	FAM001652	FAM003090	FAM002453	FAM011207	FAM010794	FAM009190	FAM011555	FAM139845	FAM060473	FAM038088	FAM033342	FAM018291
rep410_seed2435	FAM011000	FAM005953	FAM005607	FAM006187	FAM000764	FAM008096	FAM010157	FAM001673	FAM003260	FAM003311	FAM014012	FAM014524	FAM005230	FAM005226	FAM003968	FAM003717	FAM006598	FAM000005	FAM004154	FAM004348	FAM002243	FAM010815	FAM007551	FAM000685	FAM013072	FAM008506	FAM000426	FAM010472	FAM003943	FAM012879	FAM001549	FAM003635	FAM009925	FAM005828	FAM001069	FAM005771	FAM008056	FAM009627	FAM009527	FAM006071	FAM003264	FAM008207	FAM001978	FAM004550	FAM009026	FAM005260	FAM002694	FAM004761	FAM004110	FAM007264	FAM005487	FAM003337	FAM004460	FAM000768	FAM000016	FAM005390	FAM002244	FAM005915	FAM001795	FAM003347	FAM004687	FAM002399	FAM001581	FAM000727	FAM005679	FAM008777	FAM013352	FAM002376	FAM141390	FAM065711	FAM034991	FAM033192	FAM019291
rep411_seed2436	FAM004332	FAM002508	FAM003925	FAM002579	FAM006131	FAM003240	FAM006216	FAM002731	FAM006244	FAM007306	FAM008618	FAM005521	FAM009232	FAM004194	FAM007729	FAM005086	FAM007164	FAM004726	FAM004725	FAM007844	FAM009721	FAM000154	FAM001717	FAM008765	FAM007446	FAM000697	FAM002603	FAM000686	FAM013415	FAM002067	FAM004134	FAM003804	FAM004623	FAM007016	FAM009038	FAM005425	FAM009391	FAM009423	FAM006481	FAM001136	FAM010753	FAM005953	FAM003081	FAM008619	FAM010650	FAM009698	FAM004021	FAM002187	FAM005298	FAM002083	FAM008115	FAM002894	FAM002332	FAM001910	FAM004303	FAM002319	FAM000114	FAM010890	FAM013729	FAM008298	FAM004107	FAM001954	FAM001756	FAM001011	FAM007479	FAM009048	FAM011484	FAM007881	FAM123001	FAM058994	FAM049604	FAM041261	FAM017051
rep412_seed2437	FAM006283	FAM004823	FAM001613	FAM003512	FAM000193	FAM002036	FAM003017	FAM002481	FAM000805	FAM003439	FAM003609	FAM003527	FAM006874	FAM006297	FAM008137	FAM011396	FAM005643	FAM006957	FAM005324	FAM004158	FAM002739	FAM006850	FAM008903	FAM004254	FAM009179	FAM013570	FAM003596	FAM006129	FAM002531	FAM001088	FAM012271	FAM003491	FAM000759	FAM001973	FAM000897	FAM009958	FAM011670	FAM013951	FAM001188	FAM002425	FAM001966	FAM007611	FAM000727	FAM009442	FAM000824	FAM013000	FAM006124	FAM007416	FAM004819	FAM006378	FAM005038	FAM007135	FAM002407	FAM014243	FAM009455	FAM005856	FAM011953	FAM002703	FAM002724	FAM005317	FAM001703	FAM007857	FAM006440	FAM003120	FAM007458	FAM012666	FAM008190	FAM011220	FAM144247	FAM061155	FAM038543	FAM029877	FAM026800
rep413_seed2438	FAM001967	FAM004518	FAM003226	FAM005571	FAM006824	FAM006682	FAM006049	FAM013330	FAM007970	FAM006881	FAM004258	FAM011333	FAM001937	FAM010334	FAM005600	FAM005350	FAM005853	FAM000035	FAM001930	FAM002887	FAM002470	FAM008867	FAM003123	FAM007659	FAM003346	FAM005200	FAM001908	FAM002003	FAM005780	FAM004359	FAM003059	FAM005529	FAM000252	FAM002974	FAM005472	FAM005393	FAM007221	FAM003975	FAM004667	FAM001457	FAM010524	FAM011575	FAM001607	FAM003693	FAM002391	FAM006171	FAM003172	FAM004626	FAM002349	FAM001740	FAM008661	FAM002119	FAM000841	FAM006432	FAM012335	FAM003571	FAM003817	FAM000240	FAM003706	FAM000425	FAM006414	FAM004342	FAM004887	FAM000892	FAM009940	FAM009069	FAM009860	FAM007499	FAM144793	FAM064384	FAM041787	FAM031527	FAM026433
rep414_seed2439	FAM009670	FAM008226	FAM002165	FAM011236	FAM008813	FAM005481	FAM012166	FAM008116	FAM002322	FAM001228	FAM006345	FAM001832	FAM002760	FAM007289	FAM002436	FAM004720	FAM007549	FAM003400	FAM008141	FAM007650	FAM007012	FAM002043	FAM009302	FAM010446	FAM003942	FAM011119	FAM004137	FAM006073	FAM005705	FAM001714	FAM002791	FAM005127	FAM006824	FAM003032	FAM011406	FAM011124	FAM013637	FAM002693	FAM009637	FAM000902	FAM009787	FAM001182	FAM009711	FAM006276	FAM003033	FAM009804	FAM012565	FAM003585	FAM001106	FAM002503	FAM006451	FAM001438	FAM003224	FAM011489	FAM002664	FAM009401	FAM004566	FAM001757	FAM000460	FAM004337	FAM003730	FAM004047	FAM008060	FAM007986	FAM003506	FAM011001	FAM009425	FAM013488	FAM119853	FAM065041	FAM031914	FAM029278	FAM023156
rep415_seed2440	FAM003710	FAM000915	FAM006346	FAM005408	FAM009448	FAM005359	FAM001895	FAM008404	FAM003574	FAM007964	FAM009042	FAM000329	FAM006975	FAM002419	FAM004603	FAM007230	FAM009172	FAM001866	FAM002175	FAM006088	FAM000629	FAM003693	FAM000444	FAM005678	FAM003222	FAM004405	FAM006803	FAM006288	FAM005469	FAM001098	FAM009447	FAM011622	FAM010517	FAM005330	FAM010961	FAM007118	FAM011924	FAM006664	FAM004131	FAM003669	FAM011687	FAM001363	FAM004589	FAM010200	FAM005962	FAM008599	FAM006460	FAM006375	FAM000305	FAM007244	FAM001570	FAM003368	FAM000998	FAM000360	FAM000818	FAM002386	FAM013624	FAM010385	FAM000092	FAM002923	FAM005658	FAM000491	FAM008526	FAM000198	FAM001148	FAM011778	FAM006921	FAM008725	FAM141166	FAM066759	FAM041892	FAM032966	FAM020827
rep416_seed2441	FAM007979	FAM002153	FAM011451	FAM003548	FAM008402	FAM008421	FAM003753	FAM000817	FAM007217	FAM009100	FAM009178	FAM009208	FAM002817	FAM007149	FAM007018	FAM007711	FAM001979	FAM008175	FAM012975	FAM001848	FAM003079	FAM000494	FAM012270	FAM012845	FAM004106	FAM001300	FAM012284	FAM004406	FAM002270	FAM000002	FAM005257	FAM012902	FAM001655	FAM001811	FAM007015	FAM002670	FAM001955	FAM004566	FAM008193	FAM011124	FAM009132	FAM004189	FAM000053	FAM012343	FAM006424	FAM004491	FAM002996	FAM004482	FAM007518	FAM004045	FAM013072	FAM001888	FAM004059	FAM005190	FAM004062	FAM001969	FAM004296	FAM005765	FAM001122	FAM008723	FAM007351	FAM006468	FAM010366	FAM004754	FAM005336	FAM008036	FAM006616	FAM013669	FAM146593	FAM060496	FAM039286	FAM033951	FAM016508
rep417_seed2442	FAM008987	FAM001558	FAM009448	FAM000301	FAM009476	FAM000124	FAM009374	FAM004659	FAM005934	FAM004914	FAM002597	FAM013996	FAM003458	FAM014479	FAM009424	FAM008443	FAM007159	FAM005073	FAM012835	FAM009564	FAM008661	FAM006218	FAM001394	FAM005164	FAM011340	FAM005504	FAM008101	FAM014045	FAM002875	FAM001697	FAM013984	FAM000688	FAM007044	FAM012105	FAM003424	FAM006551	FAM003997	FAM004868	FAM011005	FAM012012	FAM006441	FAM000416	FAM005878	FAM004870	FAM007915	FAM003468	FAM001455	FAM000666	FAM004661	FAM005002	FAM005664	FAM009814	FAM012501	FAM000885	FAM000909	FAM010413	FAM004517	FAM000153	FAM013324	FAM009585	FAM001774	FAM000538	FAM007348	FAM000468	FAM001765	FAM010689	FAM012387	FAM012015	FAM133579	FAM058400	FAM041779	FAM035588	FAM028922
rep418_seed2443	FAM000971	FAM008706	FAM005503	FAM003380	FAM004026	FAM005303	FAM013253	FAM001720	FAM002627	FAM001459	FAM010910	FAM004754	FAM001618	FAM010873	FAM003527	FAM005959	FAM003782	FAM000416	FAM004657	FAM000168	FAM000270	FAM002901	FAM006424	FAM001163	FAM003629	FAM001518	FAM011538	FAM000255	FAM005727	FAM003467	FAM002212	FAM003555	FAM009168	FAM005076	FAM002408	FAM000097	FAM004063	FAM003987	FAM006240	FAM003510	FAM005043	FAM006410	FAM010208	FAM004629	FAM007340	FAM003866	FAM001357	FAM005252	FAM004169	FAM003290	FAM006541	FAM002106	FAM003133	FAM011725	FAM001686	FAM001986	FAM005795	FAM003541	FAM002386	FAM005864	FAM001233	FAM004575	FAM003754	FAM000293	FAM006324	FAM010336	FAM014138	FAM007701	FAM133579	FAM075301	FAM043578	FAM041722	FAM026677
rep419_seed2444	FAM014243	FAM006915	FAM004380	FAM009971	FAM006286	FAM002289	FAM007638	FAM012707	FAM012622	FAM013936	FAM002705	FAM001131	FAM012915	FAM008960	FAM011341	FAM003097	FAM010460	FAM004038	FAM002848	FAM008740	FAM005486	FAM008051	FAM002221	FAM012336	FAM006217	FAM006586	FAM008478	FAM008498	FAM004121	FAM003587	FAM008898	FAM003808	FAM003516	FAM003673	FAM006751	FAM002531	FAM005246	FAM002505	FAM006056	FAM004042	FAM005677	FAM013237	FAM009159	FAM001274	FAM001981	FAM003777	FAM005206	FAM006390	FAM000426	FAM010343	FAM004636	FAM004634	FAM003442	FAM009711	FAM009724	FAM005372	FAM011664	FAM002329	FAM014382	FAM004800	FAM003284	FAM001941	FAM002924	FAM009009	FAM003315	FAM010212	FAM013480	FAM013815	FAM128484	FAM062629	FAM038543	FAM034229	FAM024867
rep420_seed2445	FAM006498	FAM008191	FAM000538	FAM014119	FAM004079	FAM005997	FAM003542	FAM013668	FAM001053	FAM002700	FAM005052	FAM005945	FAM007011	FAM007850	FAM002054	FAM003378	FAM006099	FAM008416	FAM005995	FAM005195	FAM003002	FAM007208	FAM005222	FAM003662	FAM001601	FAM004097	FAM007196	FAM002218	FAM005256	FAM012877	FAM003336	FAM004773	FAM006637	FAM004200	FAM000155	FAM000798	FAM000859	FAM011374	FAM009906	FAM003679	FAM005898	FAM001617	FAM001225	FAM001269	FAM005528	FAM003824	FAM001369	FAM005272	FAM009026	FAM007665	FAM003782	FAM000483	FAM013470	FAM004268	FAM012028	FAM000043	FAM000182	FAM002732	FAM001753	FAM000321	FAM003251	FAM012479	FAM003771	FAM002548	FAM003743	FAM011735	FAM010790	FAM005207	FAM139110	FAM064367	FAM029128	FAM034464	FAM021589
rep421_seed2446	FAM002004	FAM001295	FAM009327	FAM004745	FAM009260	FAM008474	FAM003322	FAM004976	FAM005909	FAM008481	FAM001636	FAM000481	FAM001199	FAM012383	FAM000807	FAM005714	FAM000547	FAM013210	FAM001155	FAM011494	FAM001330	FAM012104	FAM012075	FAM004714	FAM008775	FAM003626	FAM000620	FAM000223	FAM000983	FAM000585	FAM008701	FAM001516	FAM010801	FAM012335	FAM006671	FAM012000	FAM004430	FAM004810	FAM001724	FAM003327	FAM009144	FAM003089	FAM006108	FAM003301	FAM000920	FAM002868	FAM007125	FAM004000	FAM007000	FAM005091	FAM001727	FAM013442	FAM001139	FAM003257	FAM004294	FAM011968	FAM000290	FAM001568	FAM003440	FAM011230	FAM009217	FAM004888	FAM000103	FAM006031	FAM002796	FAM013107	FAM011802	FAM014625	FAM146363	FAM059398	FAM041682	FAM042219	FAM016923
rep422_seed2447	FAM006757	FAM001579	FAM006450	FAM005729	FAM001239	FAM001180	FAM003977	FAM008502	FAM008765	FAM007264	FAM003034	FAM006020	FAM003546	FAM005081	FAM014119	FAM007697	FAM003402	FAM011715	FAM002661	FAM000131	FAM007406	FAM010360	FAM009291	FAM007896	FAM004959	FAM000359	FAM011563	FAM002870	FAM008736	FAM004949	FAM006429	FAM001547	FAM005131	FAM005308	FAM000671	FAM009871	FAM005605	FAM001568	FAM001275	FAM005591	FAM003263	FAM001953	FAM004619	FAM010578	FAM007888	FAM012203	FAM002247	FAM003306	FAM006220	FAM008561	FAM004143	FAM011242	FAM009522	FAM010074	FAM003052	FAM000080	FAM006310	FAM003364	FAM004556	FAM003779	FAM000864	FAM010735	FAM002476	FAM002281	FAM000704	FAM012562	FAM012703	FAM014625	FAM120701	FAM058695	FAM036205	FAM039381	FAM024980
rep423_seed2448	FAM000450	FAM004957	FAM001155	FAM010957	FAM006212	FAM011854	FAM006133	FAM005037	FAM013035	FAM011372	FAM006718	FAM011189	FAM006793	FAM003146	FAM007687	FAM000890	FAM002189	FAM000587	FAM004811	FAM007727	FAM002971	FAM008578	FAM007609	FAM003923	FAM009356	FAM003322	FAM006520	FAM002419	FAM011225	FAM007567	FAM005078	FAM004020	FAM001844	FAM005443	FAM006622	FAM000107	FAM001588	FAM002847	FAM009368	FAM000947	FAM001601	FAM002828	FAM004926	FAM002361	FAM002674	FAM000482	FAM000166	FAM010873	FAM009426	FAM002352	FAM005317	FAM003744	FAM006934	FAM002715	FAM004200	FAM012721	FAM006780	FAM007679	FAM004296	FAM007576	FAM000559	FAM005064	FAM000868	FAM006549	FAM006121	FAM012062	FAM011492	FAM009371	FAM118620	FAM068970	FAM040519	FAM035332	FAM025199
rep424_seed2449	FAM004238	FAM002347	FAM005050	FAM012823	FAM008557	FAM007127	FAM008903	FAM007689	FAM001463	FAM009427	FAM004954	FAM002655	FAM000029	FAM014554	FAM012234	FAM006207	FAM013121	FAM000997	FAM007435	FAM011140	FAM011230	FAM001580	FAM004656	FAM001896	FAM002235	FAM006117	FAM004732	FAM002674	FAM006132	FAM004915	FAM005815	FAM000257	FAM007422	FAM005341	FAM001234	FAM000887	FAM000724	FAM000640	FAM003659	FAM002757	FAM003226	FAM001443	FAM009605	FAM003761	FAM005935	FAM001403	FAM005874	FAM010753	FAM000268	FAM006143	FAM007271	FAM013694	FAM003959	FAM009537	FAM001258	FAM002044	FAM005671	FAM002178	FAM009534	FAM002967	FAM000198	FAM006400	FAM007264	FAM006262	FAM003632	FAM007486	FAM008944	FAM006228	FAM128795	FAM066217	FAM042064	FAM030218	FAM028478
rep425_seed2450	FAM010646	FAM002496	FAM006647	FAM000937	FAM003414	FAM003583	FAM002515	FAM013312	FAM008695	FAM002386	FAM000829	FAM002854	FAM003319	FAM000338	FAM002489	FAM006962	FAM000516	FAM003334	FAM002810	FAM001038	FAM007722	FAM004233	FAM002329	FAM010487	FAM002039	FAM000979	FAM002231	FAM011196	FAM012501	FAM005229	FAM011420	FAM000650	FAM010469	FAM001008	FAM002539	FAM001274	FAM002548	FAM005342	FAM003863	FAM006816	FAM011715	FAM004284	FAM006272	FAM006829	FAM004776	FAM007196	FAM001278	FAM001527	FAM014154	FAM005724	FAM005097	FAM001196	FAM004875	FAM005681	FAM010551	FAM000848	FAM013497	FAM009291	FAM010246	FAM006211	FAM004237	FAM001352	FAM001500	FAM001786	FAM004420	FAM008566	FAM007176	FAM006141	FAM129997	FAM066215	FAM041333	FAM031708	FAM023998
rep426_seed2451	FAM005461	FAM004564	FAM009537	FAM010948	FAM001698	FAM001807	FAM007090	FAM002289	FAM002556	FAM001007	FAM008448	FAM000165	FAM003763	FAM002618	FAM004094	FAM003729	FAM000255	FAM008766	FAM003712	FAM011498	FAM006494	FAM002293	FAM005276	FAM003774	FAM005304	FAM005257	FAM005530	FAM004369	FAM006622	FAM010716	FAM006857	FAM005219	FAM003658	FAM005705	FAM003002	FAM007857	FAM007694	FAM004678	FAM014230	FAM005397	FAM002666	FAM002684	FAM004954	FAM007871	FAM008540	FAM003165	FAM008364	FAM000680	FAM014141	FAM000219	FAM006550	FAM001485	FAM014123	FAM003231	FAM000334	FAM011293	FAM000878	FAM001203	FAM006609	FAM009527	FAM003063	FAM007080	FAM002213	FAM003799	FAM006105	FAM007383	FAM010547	FAM014316	FAM114321	FAM059099	FAM039534	FAM038338	FAM024516
rep427_seed2452	FAM010348	FAM006207	FAM001259	FAM009339	FAM003839	FAM003687	FAM005762	FAM002678	FAM011767	FAM013888	FAM006889	FAM000865	FAM000516	FAM006875	FAM008402	FAM003149	FAM001814	FAM002509	FAM004397	FAM002580	FAM001610	FAM008351	FAM007871	FAM007297	FAM003064	FAM004563	FAM012215	FAM009356	FAM009562	FAM009383	FAM005479	FAM006120	FAM000298	FAM003266	FAM003493	FAM001239	FAM008994	FAM002999	FAM007184	FAM012740	FAM002906	FAM001676	FAM008103	FAM010881	FAM005733	FAM000442	FAM001897	FAM001452	FAM009770	FAM013611	FAM001512	FAM002392	FAM014656	FAM003747	FAM001111	FAM001352	FAM003220	FAM005488	FAM000060	FAM001594	FAM006967	FAM002015	FAM008554	FAM002029	FAM001145	FAM008105	FAM004664	FAM002460	FAM146768	FAM073946	FAM036813	FAM037693	FAM015988
rep428_seed2453	FAM005999	FAM002410	FAM005624	FAM012820	FAM002684	FAM007715	FAM003591	FAM006254	FAM010371	FAM001139	FAM003756	FAM005204	FAM005376	FAM006406	FAM010911	FAM002714	FAM004088	FAM002380	FAM005749	FAM000583	FAM005688	FAM004150	FAM002334	FAM001037	FAM010041	FAM001907	FAM003149	FAM004547	FAM000985	FAM004054	FAM000176	FAM008670	FAM004006	FAM007313	FAM002430	FAM005387	FAM005053	FAM006876	FAM004434	FAM002157	FAM008070	FAM001083	FAM007306	FAM005351	FAM006306	FAM002298	FAM009441	FAM000254	FAM006005	FAM014498	FAM008447	FAM003342	FAM002919	FAM001968	FAM004546	FAM004525	FAM007994	FAM013616	FAM009249	FAM001299	FAM005167	FAM001574	FAM004181	FAM009148	FAM002523	FAM010275	FAM010979	FAM013970	FAM130363	FAM059522	FAM033392	FAM041734	FAM020735
rep429_seed2454	FAM004022	FAM008006	FAM000266	FAM002987	FAM002166	FAM008990	FAM009707	FAM000394	FAM003830	FAM006144	FAM011376	FAM006318	FAM004131	FAM001642	FAM003899	FAM001319	FAM005710	FAM008080	FAM006724	FAM004408	FAM008129	FAM005677	FAM002111	FAM007321	FAM008326	FAM011447	FAM005060	FAM009271	FAM009964	FAM007793	FAM009916	FAM009654	FAM001060	FAM010302	FAM013023	FAM003779	FAM005352	FAM005711	FAM004370	FAM003121	FAM000176	FAM000218	FAM011348	FAM000694	FAM005509	FAM008548	FAM004826	FAM001113	FAM006889	FAM004299	FAM009363	FAM004949	FAM008629	FAM006267	FAM001390	FAM000687	FAM005238	FAM004144	FAM008405	FAM010750	FAM001093	FAM005587	FAM001780	FAM006405	FAM001751	FAM013299	FAM011613	FAM012043	FAM114633	FAM058390	FAM041779	FAM035924	FAM024541
rep430_seed2455	FAM008898	FAM002561	FAM005535	FAM007399	FAM008025	FAM000180	FAM007789	FAM014527	FAM002610	FAM000915	FAM010122	FAM007367	FAM002590	FAM001819	FAM003575	FAM006653	FAM002980	FAM004480	FAM006406	FAM002839	FAM002204	FAM002621	FAM003598	FAM004026	FAM005234	FAM006389	FAM007474	FAM013448	FAM002236	FAM005635	FAM008956	FAM006696	FAM009027	FAM003961	FAM000284	FAM001029	FAM001535	FAM002171	FAM004314	FAM002676	FAM003548	FAM000102	FAM012425	FAM001057	FAM005222	FAM012721	FAM005149	FAM012215	FAM002808	FAM000406	FAM007604	FAM009946	FAM005456	FAM007965	FAM008760	FAM004261	FAM005192	FAM001222	FAM003704	FAM006592	FAM006900	FAM000989	FAM003225	FAM004899	FAM006820	FAM008316	FAM012766	FAM014542	FAM112093	FAM065644	FAM038809	FAM033582	FAM017598
rep431_seed2456	FAM012486	FAM006868	FAM001309	FAM009405	FAM006826	FAM005902	FAM003045	FAM009616	FAM000655	FAM010124	FAM001694	FAM011317	FAM001407	FAM000239	FAM004976	FAM005738	FAM001220	FAM012723	FAM000007	FAM000959	FAM000306	FAM007396	FAM006268	FAM005362	FAM010474	FAM002312	FAM006200	FAM007325	FAM003388	FAM000714	FAM006958	FAM002039	FAM001106	FAM003216	FAM005257	FAM004561	FAM002366	FAM001359	FAM002528	FAM008449	FAM009290	FAM006915	FAM011165	FAM003752	FAM003342	FAM001779	FAM007453	FAM008388	FAM010364	FAM007071	FAM009056	FAM004276	FAM003932	FAM000222	FAM003094	FAM010945	FAM005364	FAM001761	FAM006478	FAM008812	FAM008207	FAM009435	FAM002289	FAM014104	FAM001719	FAM010794	FAM009222	FAM008223	FAM119189	FAM061132	FAM030486	FAM031069	FAM015209
rep432_seed2457	FAM007638	FAM006961	FAM003613	FAM006021	FAM012157	FAM006014	FAM005298	FAM012488	FAM000698	FAM002638	FAM002016	FAM003431	FAM002600	FAM000092	FAM004134	FAM011212	FAM014675	FAM008283	FAM008164	FAM007640	FAM006116	FAM005276	FAM004479	FAM007268	FAM000660	FAM001734	FAM001125	FAM008356	FAM008261	FAM000968	FAM011473	FAM000118	FAM002639	FAM002058	FAM004537	FAM002610	FAM002150	FAM002511	FAM004878	FAM002179	FAM006147	FAM011963	FAM011486	FAM002772	FAM001890	FAM009817	FAM005423	FAM007426	FAM005693	FAM000857	FAM009765	FAM005721	FAM001009	FAM011661	FAM013752	FAM000725	FAM009746	FAM008335	FAM003511	FAM006688	FAM002862	FAM004239	FAM009640	FAM001408	FAM008969	FAM013452	FAM013666	FAM011006	FAM111201	FAM061332	FAM037106	FAM035846	FAM020311
rep433_seed2458	FAM000861	FAM003282	FAM003526	FAM006957	FAM005484	FAM007993	FAM002457	FAM008250	FAM002117	FAM004053	FAM004062	FAM006729	FAM009887	FAM005450	FAM000509	FAM014429	FAM003097	FAM010317	FAM003211	FAM002235	FAM001023	FAM001285	FAM001646	FAM008444	FAM002164	FAM002393	FAM003823	FAM009196	FAM004118	FAM001011	FAM010720	FAM002399	FAM011963	FAM002870	FAM002512	FAM007994	FAM000339	FAM004265	FAM000919	FAM007259	FAM001711	FAM005839	FAM001293	FAM005686	FAM007308	FAM007922	FAM001978	FAM007740	FAM000945	FAM007580	FAM002911	FAM001308	FAM001178	FAM006847	FAM004845	FAM004543	FAM006900	FAM004619	FAM002260	FAM007492	FAM003892	FAM005972	FAM003272	FAM005014	FAM005516	FAM013135	FAM006582	FAM013233	FAM122661	FAM063206	FAM041775	FAM040300	FAM026635
rep434_seed2459	FAM000809	FAM002188	FAM013052	FAM012992	FAM009913	FAM002148	FAM006375	FAM004860	FAM000609	FAM002117	FAM007206	FAM005773	FAM002508	FAM004485	FAM003668	FAM006185	FAM003998	FAM005003	FAM000861	FAM006147	FAM005986	FAM014656	FAM006023	FAM005366	FAM005032	FAM006613	FAM003082	FAM001224	FAM004791	FAM011711	FAM007921	FAM003593	FAM009758	FAM008912	FAM006122	FAM000416	FAM006767	FAM003557	FAM002144	FAM000100	FAM000893	FAM010477	FAM006798	FAM005323	FAM000559	FAM004104	FAM004439	FAM002074	FAM000863	FAM005729	FAM000966	FAM009666	FAM002162	FAM011575	FAM006869	FAM005346	FAM004001	FAM007699	FAM009393	FAM007923	FAM003847	FAM004867	FAM002287	FAM011092	FAM012377	FAM008959	FAM011733	FAM008239	FAM144749	FAM060102	FAM043173	FAM029623	FAM021836
rep435_seed2460	FAM006459	FAM004693	FAM007611	FAM013324	FAM002380	FAM004273	FAM005841	FAM000125	FAM006338	FAM008881	FAM001380	FAM009071	FAM001363	FAM008070	FAM012929	FAM007548	FAM006046	FAM002535	FAM005264	FAM002369	FAM003749	FAM000502	FAM007875	FAM003051	FAM000851	FAM011906	FAM009765	FAM001924	FAM005483	FAM007618	FAM005858	FAM006389	FAM000977	FAM008133	FAM000872	FAM003581	FAM002468	FAM003895	FAM006858	FAM001420	FAM004211	FAM008722	FAM001982	FAM002104	FAM005967	FAM009936	FAM002906	FAM004896	FAM003960	FAM011236	FAM006636	FAM006661	FAM011666	FAM005043	FAM014307	FAM010299	FAM012151	FAM006537	FAM001692	FAM011279	FAM000890	FAM000754	FAM007941	FAM005175	FAM002121	FAM011289	FAM011556	FAM011929	FAM116297	FAM061329	FAM034300	FAM031929	FAM016799
rep436_seed2461	FAM000813	FAM006772	FAM006706	FAM006966	FAM009971	FAM001367	FAM005944	FAM010366	FAM001760	FAM008108	FAM008830	FAM006580	FAM003249	FAM004257	FAM014060	FAM008841	FAM003271	FAM003760	FAM003840	FAM006060	FAM002129	FAM006987	FAM003919	FAM013300	FAM005567	FAM000794	FAM008082	FAM002278	FAM002270	FAM006681	FAM004045	FAM006825	FAM004080	FAM001237	FAM002378	FAM003046	FAM007516	FAM008772	FAM014173	FAM004310	FAM002630	FAM000891	FAM001338	FAM005544	FAM001453	FAM003710	FAM008261	FAM008641	FAM008474	FAM001188	FAM001588	FAM005660	FAM009702	FAM013991	FAM007064	FAM010188	FAM004752	FAM004854	FAM000502	FAM002007	FAM008778	FAM010712	FAM013229	FAM000373	FAM004121	FAM009348	FAM012709	FAM011631	FAM137703	FAM083936	FAM038252	FAM039605	FAM018429
rep437_seed2462	FAM008401	FAM000834	FAM001418	FAM002372	FAM004811	FAM001064	FAM001596	FAM008891	FAM003717	FAM006339	FAM009522	FAM006960	FAM003758	FAM011518	FAM006502	FAM003895	FAM008096	FAM013996	FAM012637	FAM002229	FAM004057	FAM012083	FAM003715	FAM003940	FAM001387	FAM001415	FAM012937	FAM001745	FAM002569	FAM001044	FAM013529	FAM000867	FAM000843	FAM006617	FAM007473	FAM002169	FAM004614	FAM004490	FAM005622	FAM003297	FAM007988	FAM009729	FAM008527	FAM000241	FAM000345	FAM010789	FAM005010	FAM004953	FAM001248	FAM000479	FAM001393	FAM004766	FAM006746	FAM002366	FAM000010	FAM004489	FAM002462	FAM004522	FAM004186	FAM002335	FAM010028	FAM005311	FAM002139	FAM004727	FAM010231	FAM007433	FAM010855	FAM009242	FAM132680	FAM067224	FAM039351	FAM039960	FAM026235
rep438_seed2463	FAM003940	FAM005973	FAM003624	FAM004295	FAM000968	FAM002861	FAM003266	FAM006011	FAM006434	FAM003892	FAM002874	FAM007457	FAM010477	FAM001933	FAM008709	FAM006742	FAM006641	FAM003967	FAM012375	FAM005678	FAM004404	FAM008727	FAM001565	FAM002654	FAM008617	FAM008073	FAM009435	FAM002962	FAM006311	FAM001197	FAM013464	FAM013866	FAM014225	FAM004567	FAM001654	FAM006635	FAM013584	FAM000682	FAM009149	FAM011825	FAM003663	FAM012367	FAM002693	FAM001452	FAM009491	FAM007883	FAM012954	FAM012425	FAM003118	FAM000056	FAM000855	FAM002780	FAM007545	FAM009998	FAM003907	FAM007960	FAM004217	FAM003269	FAM006930	FAM000537	FAM000156	FAM010185	FAM012282	FAM013154	FAM004552	FAM010275	FAM007486	FAM010294	FAM114333	FAM063582	FAM033555	FAM037450	FAM023255
rep439_seed2464	FAM000850	FAM003439	FAM000316	FAM007256	FAM007520	FAM006795	FAM001310	FAM000581	FAM000784	FAM002992	FAM008383	FAM005544	FAM013484	FAM002343	FAM002826	FAM001263	FAM000944	FAM000679	FAM003591	FAM002381	FAM008928	FAM006245	FAM001517	FAM001180	FAM012493	FAM004661	FAM004986	FAM000302	FAM000982	FAM004993	FAM005576	FAM008115	FAM001970	FAM000557	FAM004017	FAM005192	FAM012000	FAM000306	FAM014646	FAM013838	FAM001722	FAM004834	FAM003452	FAM002621	FAM010484	FAM007319	FAM006332	FAM006147	FAM006195	FAM002440	FAM005628	FAM002748	FAM001736	FAM003896	FAM006725	FAM001145	FAM002806	FAM001057	FAM005944	FAM000016	FAM001978	FAM012787	FAM003090	FAM001279	FAM011895	FAM009536	FAM007751	FAM011865	FAM114946	FAM059653	FAM039582	FAM040492	FAM020921
rep440_seed2465	FAM000220	FAM012867	FAM000687	FAM004490	FAM003350	FAM007046	FAM001324	FAM001518	FAM005144	FAM012588	FAM001958	FAM004927	FAM006353	FAM006916	FAM001120	FAM005803	FAM000512	FAM003064	FAM000266	FAM006404	FAM007516	FAM007162	FAM007819	FAM004952	FAM008722	FAM003950	FAM009053	FAM006196	FAM001374	FAM002654	FAM001343	FAM004479	FAM001348	FAM014342	FAM005864	FAM012848	FAM013648	FAM000559	FAM002480	FAM002168	FAM009298	FAM005371	FAM007373	FAM005826	FAM000928	FAM004596	FAM000283	FAM012106	FAM013847	FAM002417	FAM004298	FAM006686	FAM012110	FAM009196	FAM004742	FAM012222	FAM003206	FAM002095	FAM006994	FAM008575	FAM005019	FAM001065	FAM006889	FAM000768	FAM003454	FAM010539	FAM012217	FAM012231	FAM141219	FAM063189	FAM036388	FAM029173	FAM027429
rep441_seed2466	FAM012336	FAM000261	FAM010978	FAM000818	FAM009357	FAM004843	FAM014643	FAM004131	FAM001820	FAM003587	FAM006707	FAM005424	FAM002751	FAM003689	FAM012479	FAM011589	FAM000042	FAM004975	FAM005222	FAM005602	FAM009825	FAM008535	FAM006358	FAM006457	FAM005127	FAM005301	FAM000346	FAM003887	FAM002321	FAM006409	FAM005570	FAM002311	FAM007684	FAM010469	FAM004229	FAM012453	FAM007303	FAM000594	FAM007000	FAM003029	FAM008141	FAM013694	FAM001891	FAM004820	FAM001361	FAM005060	FAM003075	FAM005862	FAM007050	FAM001504	FAM001921	FAM011665	FAM002307	FAM005288	FAM005534	FAM001187	FAM004261	FAM005342	FAM001603	FAM000815	FAM005437	FAM000104	FAM011293	FAM011396	FAM013996	FAM012676	FAM008066	FAM005639	FAM146626	FAM063750	FAM035213	FAM029173	FAM020103
rep442_seed2467	FAM006200	FAM005406	FAM007175	FAM009746	FAM011538	FAM001065	FAM008399	FAM005225	FAM013234	FAM001275	FAM002397	FAM005375	FAM008303	FAM002210	FAM000370	FAM007857	FAM004404	FAM001160	FAM002478	FAM008347	FAM005195	FAM002039	FAM004968	FAM000393	FAM011157	FAM014196	FAM005343	FAM000039	FAM005918	FAM000372	FAM003812	FAM001357	FAM013551	FAM007074	FAM002431	FAM007727	FAM001614	FAM007668	FAM001901	FAM006095	FAM004027	FAM011181	FAM004399	FAM000184	FAM003156	FAM005412	FAM001233	FAM010637	FAM001371	FAM006104	FAM000821	FAM009615	FAM004852	FAM004030	FAM013013	FAM002999	FAM014353	FAM001812	FAM004992	FAM010685	FAM010635	FAM008810	FAM005163	FAM003317	FAM011128	FAM009469	FAM008565	FAM003494	FAM121946	FAM062665	FAM037600	FAM033647	FAM019437
rep443_seed2468	FAM008274	FAM013716	FAM008318	FAM010475	FAM003643	FAM002203	FAM003355	FAM001852	FAM005572	FAM001414	FAM006160	FAM009001	FAM011374	FAM001949	FAM005781	FAM008075	FAM000867	FAM003340	FAM006528	FAM001908	FAM002622	FAM007374	FAM013550	FAM011214	FAM007923	FAM005534	FAM005903	FAM005841	FAM006250	FAM003458	FAM001798	FAM004443	FAM009795	FAM003191	FAM005088	FAM008974	FAM004895	FAM005319	FAM010525	FAM009846	FAM001002	FAM001770	FAM000816	FAM004788	FAM001143	FAM007393	FAM007512	FAM001370	FAM012008	FAM001450	FAM004499	FAM005816	FAM001851	FAM001806	FAM007829	FAM003778	FAM002413	FAM004105	FAM003886	FAM002575	FAM011867	FAM006493	FAM008910	FAM006534	FAM003451	FAM009503	FAM012701	FAM009851	FAM126296	FAM067986	FAM048391	FAM035421	FAM026432
rep444_seed2469	FAM002105	FAM005509	FAM001493	FAM000707	FAM001786	FAM003475	FAM007966	FAM001410	FAM001218	FAM013457	FAM001175	FAM005371	FAM001950	FAM007283	FAM000416	FAM008691	FAM000479	FAM000033	FAM009113	FAM011661	FAM002446	FAM003155	FAM003023	FAM004886	FAM005815	FAM000869	FAM010585	FAM000764	FAM009908	FAM010716	FAM009081	FAM010793	FAM000996	FAM002690	FAM004748	FAM003009	FAM001380	FAM005552	FAM012540	FAM007975	FAM010255	FAM014656	FAM012215	FAM004148	FAM004836	FAM013888	FAM000825	FAM010238	FAM005224	FAM000075	FAM004640	FAM006314	FAM011655	FAM003823	FAM007049	FAM003246	FAM005525	FAM006015	FAM003223	FAM001035	FAM002247	FAM003427	FAM006662	FAM006413	FAM003978	FAM004002	FAM012907	FAM011079	FAM139870	FAM059909	FAM038736	FAM041543	FAM019051
rep445_seed2470	FAM006340	FAM004324	FAM008674	FAM009074	FAM001049	FAM005283	FAM001231	FAM006370	FAM009663	FAM005915	FAM005928	FAM009032	FAM011866	FAM002786	FAM007162	FAM010834	FAM006765	FAM003078	FAM007142	FAM010394	FAM007539	FAM001403	FAM003333	FAM002953	FAM004520	FAM000684	FAM003340	FAM006443	FAM003091	FAM005564	FAM010467	FAM010762	FAM001565	FAM008450	FAM009942	FAM001034	FAM010334	FAM003693	FAM011143	FAM003834	FAM001120	FAM000921	FAM009073	FAM006012	FAM001676	FAM008539	FAM002289	FAM003328	FAM002665	FAM002157	FAM005036	FAM002678	FAM008184	FAM004053	FAM005234	FAM005042	FAM004297	FAM003229	FAM011961	FAM002328	FAM002283	FAM009374	FAM000820	FAM008421	FAM001190	FAM005462	FAM007791	FAM013541	FAM114321	FAM063403	FAM032587	FAM029134	FAM023119
rep446_seed2471	FAM005659	FAM001807	FAM006998	FAM009428	FAM007098	FAM004933	FAM003355	FAM000194	FAM004765	FAM004660	FAM009713	FAM010070	FAM001962	FAM009684	FAM007423	FAM006737	FAM005999	FAM000112	FAM010324	FAM014230	FAM002741	FAM005118	FAM002969	FAM014575	FAM000541	FAM005774	FAM006419	FAM001467	FAM006083	FAM006722	FAM008235	FAM000855	FAM001635	FAM004870	FAM012343	FAM006888	FAM009533	FAM004932	FAM000471	FAM013296	FAM002385	FAM014059	FAM002182	FAM004520	FAM004417	FAM004348	FAM002294	FAM000403	FAM007265	FAM004169	FAM003626	FAM007400	FAM012800	FAM002067	FAM005828	FAM004943	FAM003071	FAM002074	FAM002346	FAM003006	FAM002336	FAM008549	FAM008814	FAM000646	FAM005006	FAM010038	FAM011305	FAM010765	FAM126386	FAM064096	FAM040856	FAM042023	FAM018096
rep447_seed2472	FAM006426	FAM007060	FAM000046	FAM004301	FAM013149	FAM007988	FAM005102	FAM010611	FAM014611	FAM003128	FAM003893	FAM013044	FAM001193	FAM007811	FAM014264	FAM011146	FAM003854	FAM010297	FAM003240	FAM001889	FAM005005	FAM005627	FAM007522	FAM002927	FAM013741	FAM007405	FAM007246	FAM001751	FAM003242	FAM002352	FAM001983	FAM004595	FAM006888	FAM002838	FAM003969	FAM002544	FAM008934	FAM000436	FAM000279	FAM002014	FAM003818	FAM005520	FAM006762	FAM007659	FAM004210	FAM004221	FAM004430	FAM003853	FAM005735	FAM003496	FAM002198	FAM010494	FAM005031	FAM000165	FAM005379	FAM013253	FAM007057	FAM001165	FAM010788	FAM004236	FAM008767	FAM000491	FAM006661	FAM007531	FAM013398	FAM013205	FAM009220	FAM011098	FAM146665	FAM059523	FAM041171	FAM029990	FAM027953
rep448_seed2473	FAM000718	FAM006480	FAM002667	FAM004616	FAM006661	FAM004278	FAM007867	FAM003331	FAM006041	FAM002325	FAM006084	FAM007988	FAM009669	FAM004381	FAM005478	FAM003636	FAM001449	FAM001941	FAM011881	FAM001228	FAM001520	FAM000724	FAM010543	FAM005189	FAM006362	FAM004954	FAM009864	FAM010413	FAM005451	FAM003186	FAM003060	FAM005907	FAM006888	FAM011200	FAM007264	FAM000432	FAM006543	FAM003554	FAM006978	FAM008132	FAM007543	FAM006892	FAM006912	FAM007794	FAM003972	FAM003323	FAM000561	FAM000586	FAM001026	FAM003089	FAM006956	FAM006201	FAM003491	FAM002289	FAM011217	FAM003943	FAM013123	FAM007679	FAM014504	FAM011443	FAM003870	FAM004902	FAM000919	FAM002374	FAM009150	FAM009834	FAM010681	FAM013786	FAM122801	FAM059227	FAM037478	FAM039946	FAM024980
rep449_seed2474	FAM001444	FAM013011	FAM012852	FAM005193	FAM011454	FAM006221	FAM008974	FAM008998	FAM013984	FAM003098	FAM001858	FAM005068	FAM004502	FAM007330	FAM004526	FAM003022	FAM013294	FAM011207	FAM010022	FAM002092	FAM012975	FAM004167	FAM001665	FAM005060	FAM012782	FAM009195	FAM002286	FAM003120	FAM001383	FAM013839	FAM004176	FAM003368	FAM002531	FAM011355	FAM000180	FAM003968	FAM013976	FAM001299	FAM001700	FAM000565	FAM005066	FAM010428	FAM000583	FAM004241	FAM000667	FAM000958	FAM001264	FAM001262	FAM010693	FAM004107	FAM005372	FAM005767	FAM009332	FAM000161	FAM003109	FAM009333	FAM002688	FAM001251	FAM011906	FAM006760	FAM001070	FAM008094	FAM002459	FAM007967	FAM004065	FAM007491	FAM013255	FAM007390	FAM108572	FAM060549	FAM042796	FAM035280	FAM027997
rep450_seed2475	FAM001064	FAM001235	FAM000332	FAM000629	FAM008915	FAM001859	FAM004254	FAM013554	FAM002876	FAM004587	FAM000311	FAM001373	FAM007533	FAM004697	FAM014611	FAM002904	FAM011071	FAM003413	FAM009145	FAM005299	FAM011043	FAM002166	FAM003447	FAM002301	FAM012721	FAM000353	FAM005244	FAM004474	FAM008309	FAM008437	FAM004827	FAM000213	FAM002677	FAM001011	FAM000409	FAM006637	FAM002260	FAM004212	FAM002073	FAM004732	FAM001259	FAM000901	FAM010927	FAM013023	FAM007781	FAM003375	FAM000894	FAM003291	FAM011437	FAM005468	FAM004613	FAM003400	FAM000912	FAM002638	FAM003809	FAM001906	FAM003636	FAM003947	FAM001805	FAM009518	FAM001178	FAM000557	FAM012331	FAM011439	FAM005503	FAM008018	FAM013610	FAM013095	FAM110896	FAM065702	FAM041992	FAM035869	FAM025162
rep451_seed2476	FAM005957	FAM004015	FAM004110	FAM003470	FAM000591	FAM000774	FAM001061	FAM005610	FAM003367	FAM006071	FAM006731	FAM008056	FAM014479	FAM002272	FAM009876	FAM006031	FAM004075	FAM002383	FAM012935	FAM008858	FAM004861	FAM006421	FAM006320	FAM001081	FAM004957	FAM000380	FAM006802	FAM005917	FAM001076	FAM008548	FAM002799	FAM000685	FAM003117	FAM008464	FAM006348	FAM013948	FAM010140	FAM001800	FAM001613	FAM006875	FAM000963	FAM001110	FAM009043	FAM006813	FAM009102	FAM007859	FAM002543	FAM008355	FAM004651	FAM004122	FAM009816	FAM012220	FAM005708	FAM001273	FAM007364	FAM003927	FAM001049	FAM006807	FAM005321	FAM003747	FAM005208	FAM001266	FAM003003	FAM004548	FAM004027	FAM011167	FAM013222	FAM009728	FAM139358	FAM061563	FAM042921	FAM037952	FAM025439
rep452_seed2477	FAM008553	FAM011155	FAM003004	FAM003044	FAM002087	FAM005964	FAM001119	FAM005195	FAM006615	FAM006919	FAM011529	FAM007528	FAM012425	FAM008474	FAM007610	FAM000440	FAM000214	FAM007681	FAM011000	FAM003625	FAM010614	FAM002729	FAM008559	FAM004832	FAM002868	FAM002615	FAM014328	FAM002435	FAM000615	FAM000361	FAM009163	FAM004281	FAM000460	FAM004591	FAM002968	FAM003769	FAM009703	FAM005278	FAM001853	FAM001048	FAM013113	FAM008142	FAM006707	FAM007036	FAM006383	FAM004585	FAM007653	FAM002805	FAM008286	FAM002910	FAM002034	FAM004325	FAM001024	FAM000699	FAM012329	FAM003435	FAM001051	FAM000430	FAM011754	FAM003566	FAM001280	FAM001828	FAM006612	FAM000433	FAM006457	FAM011283	FAM011850	FAM011605	FAM111201	FAM058956	FAM033720	FAM029605	FAM017657
rep453_seed2478	FAM006577	FAM004395	FAM005313	FAM009561	FAM009312	FAM003060	FAM000827	FAM006268	FAM001895	FAM002660	FAM009859	FAM010693	FAM003271	FAM002968	FAM010543	FAM005057	FAM007439	FAM000625	FAM002570	FAM004076	FAM000163	FAM001983	FAM000363	FAM004016	FAM009035	FAM007106	FAM002673	FAM004133	FAM003653	FAM001733	FAM007488	FAM001791	FAM003080	FAM004551	FAM012255	FAM003645	FAM003456	FAM007215	FAM000832	FAM000336	FAM008765	FAM002863	FAM003831	FAM002643	FAM013729	FAM008324	FAM007653	FAM005090	FAM003505	FAM002604	FAM006763	FAM004756	FAM013584	FAM006282	FAM000488	FAM004031	FAM008712	FAM006742	FAM000840	FAM005383	FAM003794	FAM005076	FAM002993	FAM000656	FAM005830	FAM009182	FAM005593	FAM012683	FAM124588	FAM070210	FAM037290	FAM033778	FAM015200
rep454_seed2479	FAM005336	FAM014658	FAM009446	FAM003224	FAM005328	FAM014636	FAM007464	FAM003742	FAM012343	FAM009866	FAM004611	FAM003668	FAM004845	FAM000544	FAM000875	FAM003013	FAM002302	FAM009442	FAM007445	FAM002193	FAM006691	FAM003897	FAM011748	FAM014471	FAM001632	FAM004690	FAM004221	FAM003951	FAM003186	FAM000150	FAM004484	FAM005306	FAM000780	FAM000826	FAM000856	FAM006761	FAM007611	FAM005854	FAM002847	FAM000788	FAM010300	FAM012125	FAM008251	FAM012575	FAM003664	FAM003568	FAM000569	FAM006058	FAM000978	FAM009339	FAM002048	FAM000465	FAM011372	FAM003726	FAM005033	FAM004156	FAM012540	FAM000430	FAM006483	FAM003491	FAM000746	FAM003152	FAM012052	FAM011590	FAM002938	FAM009438	FAM013653	FAM013503	FAM110332	FAM058708	FAM033649	FAM035210	FAM026636
rep455_seed2480	FAM000402	FAM006479	FAM010375	FAM012198	FAM004463	FAM006051	FAM010864	FAM004074	FAM010585	FAM002442	FAM011085	FAM012092	FAM005964	FAM005775	FAM010883	FAM004690	FAM005667	FAM000459	FAM004451	FAM005201	FAM002774	FAM014066	FAM004853	FAM013469	FAM001103	FAM006656	FAM006060	FAM005196	FAM003544	FAM003281	FAM004130	FAM005366	FAM004469	FAM012865	FAM009272	FAM009789	FAM000163	FAM012010	FAM007632	FAM001203	FAM005372	FAM000888	FAM006894	FAM002352	FAM002470	FAM010574	FAM000432	FAM002465	FAM004231	FAM005190	FAM007960	FAM003481	FAM007321	FAM008619	FAM000327	FAM007053	FAM001704	FAM000565	FAM011506	FAM002730	FAM002944	FAM005903	FAM014459	FAM001845	FAM009946	FAM009012	FAM006061	FAM010107	FAM138206	FAM067633	FAM039714	FAM041857	FAM026868
rep456_seed2481	FAM004483	FAM009017	FAM002524	FAM008412	FAM010758	FAM000130	FAM003272	FAM000888	FAM004472	FAM013113	FAM011525	FAM006348	FAM002971	FAM005467	FAM007191	FAM001756	FAM002068	FAM009006	FAM005202	FAM005068	FAM001225	FAM003322	FAM010708	FAM004028	FAM006640	FAM008336	FAM002972	FAM000652	FAM003442	FAM000886	FAM005775	FAM013534	FAM005975	FAM005317	FAM009290	FAM003411	FAM002354	FAM003265	FAM002082	FAM011113	FAM003331	FAM009795	FAM000548	FAM008152	FAM012720	FAM006520	FAM004497	FAM011822	FAM004399	FAM011281	FAM012738	FAM008953	FAM002758	FAM006316	FAM009916	FAM009846	FAM002530	FAM009314	FAM011840	FAM003040	FAM001755	FAM003419	FAM004694	FAM003930	FAM007863	FAM011795	FAM010346	FAM010763	FAM133548	FAM062546	FAM037852	FAM039133	FAM023967
rep457_seed2482	FAM007506	FAM009435	FAM011369	FAM002954	FAM001641	FAM003264	FAM003063	FAM006386	FAM002535	FAM006259	FAM011636	FAM001331	FAM005533	FAM003051	FAM005193	FAM000078	FAM000493	FAM004750	FAM000919	FAM000738	FAM002493	FAM009557	FAM000789	FAM011087	FAM005222	FAM000318	FAM005261	FAM012222	FAM009284	FAM009277	FAM001979	FAM009287	FAM005434	FAM005903	FAM001333	FAM004268	FAM000238	FAM011790	FAM003552	FAM005454	FAM005223	FAM008943	FAM014225	FAM006961	FAM005475	FAM004510	FAM004933	FAM003081	FAM007132	FAM002845	FAM012925	FAM007452	FAM004174	FAM008541	FAM004588	FAM010160	FAM003359	FAM011239	FAM013996	FAM004117	FAM000091	FAM002550	FAM003340	FAM008934	FAM010560	FAM008752	FAM014639	FAM011920	FAM132699	FAM058996	FAM039582	FAM033486	FAM024930
rep458_seed2483	FAM008107	FAM006725	FAM002542	FAM001713	FAM001157	FAM001010	FAM002131	FAM001859	FAM004668	FAM001501	FAM004571	FAM003518	FAM003066	FAM002714	FAM002830	FAM009015	FAM007230	FAM011146	FAM000124	FAM009145	FAM005489	FAM001395	FAM005851	FAM002066	FAM007673	FAM014695	FAM005483	FAM010360	FAM002090	FAM010028	FAM005186	FAM008881	FAM006780	FAM005298	FAM001704	FAM003342	FAM001639	FAM002862	FAM006613	FAM007292	FAM007349	FAM009049	FAM005855	FAM000979	FAM000290	FAM006273	FAM011687	FAM004815	FAM004873	FAM011915	FAM011489	FAM014022	FAM002058	FAM003781	FAM001221	FAM009009	FAM003765	FAM003602	FAM009449	FAM008129	FAM005397	FAM005317	FAM004926	FAM004070	FAM000662	FAM012803	FAM011327	FAM009888	FAM139858	FAM060122	FAM037974	FAM036602	FAM024186
rep459_seed2484	FAM002785	FAM005218	FAM008881	FAM005190	FAM005843	FAM000393	FAM011779	FAM004195	FAM002976	FAM002045	FAM014534	FAM006888	FAM001021	FAM009885	FAM005853	FAM006247	FAM002205	FAM007364	FAM004755	FAM008913	FAM014197	FAM009476	FAM013024	FAM001683	FAM004100	FAM011797	FAM001718	FAM010003	FAM004479	FAM013754	FAM005896	FAM003004	FAM014959	FAM003106	FAM003673	FAM005880	FAM000333	FAM004773	FAM003300	FAM008053	FAM003808	FAM003668	FAM002125	FAM004712	FAM002140	FAM006469	FAM010735	FAM000741	FAM001702	FAM005268	FAM004156	FAM000962	FAM007122	FAM007864	FAM005801	FAM000254	FAM000756	FAM009561	FAM006152	FAM005179	FAM002569	FAM004423	FAM013021	FAM005807	FAM005687	FAM009164	FAM007022	FAM008007	FAM139949	FAM064479	FAM033552	FAM043219	FAM018726
rep460_seed2485	FAM004305	FAM009792	FAM004967	FAM002391	FAM004728	FAM008458	FAM010701	FAM005095	FAM009013	FAM007063	FAM006874	FAM005182	FAM000471	FAM008229	FAM000921	FAM007854	FAM002889	FAM002610	FAM003115	FAM003654	FAM000370	FAM001987	FAM002259	FAM000970	FAM002575	FAM007739	FAM000703	FAM000458	FAM002124	FAM004738	FAM008288	FAM007270	FAM010758	FAM002065	FAM001649	FAM000484	FAM001491	FAM005274	FAM008810	FAM004489	FAM009441	FAM000961	FAM012940	FAM001492	FAM002432	FAM013871	FAM000124	FAM008226	FAM013019	FAM004209	FAM010197	FAM004794	FAM003017	FAM007993	FAM005257	FAM011130	FAM005235	FAM004497	FAM001066	FAM000168	FAM000498	FAM008808	FAM005191	FAM003534	FAM000359	FAM011101	FAM007997	FAM013239	FAM136442	FAM057962	FAM034076	FAM034733	FAM028720
rep461_seed2486	FAM000064	FAM001267	FAM004787	FAM010735	FAM000055	FAM001065	FAM011181	FAM006950	FAM002475	FAM010376	FAM000067	FAM011453	FAM013953	FAM001360	FAM001038	FAM002524	FAM009544	FAM009981	FAM006668	FAM001172	FAM008859	FAM013965	FAM014196	FAM001535	FAM008590	FAM003991	FAM001944	FAM014413	FAM004497	FAM005426	FAM001186	FAM000902	FAM007763	FAM004239	FAM005762	FAM002360	FAM001584	FAM001204	FAM007909	FAM005622	FAM012383	FAM007405	FAM002815	FAM003646	FAM008023	FAM012686	FAM011212	FAM000686	FAM005333	FAM007512	FAM013770	FAM005299	FAM006804	FAM004348	FAM004487	FAM012258	FAM003796	FAM009560	FAM006700	FAM000214	FAM013888	FAM001587	FAM000232	FAM008747	FAM001311	FAM011131	FAM008704	FAM013142	FAM136604	FAM062090	FAM033872	FAM039173	FAM015476
rep462_seed2487	FAM004515	FAM001596	FAM006052	FAM012522	FAM002770	FAM013716	FAM005814	FAM011569	FAM005078	FAM010074	FAM001888	FAM006596	FAM013391	FAM002030	FAM000329	FAM008916	FAM005371	FAM003903	FAM013296	FAM003105	FAM010990	FAM000094	FAM003752	FAM010617	FAM004269	FAM003932	FAM008444	FAM012877	FAM011926	FAM009461	FAM004481	FAM005606	FAM002610	FAM010582	FAM002714	FAM001036	FAM006175	FAM001410	FAM003306	FAM005482	FAM010348	FAM006456	FAM007878	FAM004609	FAM001215	FAM002604	FAM006930	FAM000793	FAM002857	FAM008540	FAM003560	FAM002543	FAM001404	FAM001065	FAM000760	FAM006875	FAM000302	FAM005164	FAM004600	FAM006916	FAM000408	FAM009101	FAM006229	FAM009428	FAM006528	FAM009836	FAM007176	FAM014583	FAM130697	FAM066084	FAM031638	FAM032006	FAM015120
rep463_seed2488	FAM002342	FAM008298	FAM011738	FAM001000	FAM000753	FAM006444	FAM005594	FAM006285	FAM006860	FAM012689	FAM000247	FAM004652	FAM011895	FAM005768	FAM008705	FAM005195	FAM003756	FAM000393	FAM004550	FAM000172	FAM008995	FAM001418	FAM001331	FAM004765	FAM003550	FAM001844	FAM005607	FAM006443	FAM000023	FAM002148	FAM010288	FAM014230	FAM005216	FAM008517	FAM007709	FAM002757	FAM004207	FAM007115	FAM005939	FAM001261	FAM001082	FAM007394	FAM011347	FAM002621	FAM005686	FAM003303	FAM002458	FAM007752	FAM004169	FAM006405	FAM004314	FAM007208	FAM005359	FAM007277	FAM000453	FAM008775	FAM007915	FAM001474	FAM000286	FAM005258	FAM001733	FAM003093	FAM008376	FAM001053	FAM000422	FAM011624	FAM012886	FAM003007	FAM114589	FAM061892	FAM031935	FAM031533	FAM028946
rep464_seed2489	FAM003521	FAM003427	FAM009268	FAM005403	FAM008232	FAM002170	FAM004842	FAM010332	FAM003258	FAM003859	FAM005616	FAM004895	FAM009339	FAM001165	FAM004696	FAM000008	FAM003789	FAM004886	FAM000281	FAM001691	FAM000461	FAM014197	FAM006575	FAM006414	FAM000809	FAM009051	FAM011582	FAM001172	FAM000751	FAM007234	FAM007728	FAM006311	FAM000489	FAM001074	FAM006371	FAM004454	FAM004684	FAM002443	FAM005205	FAM005966	FAM014364	FAM001576	FAM006761	FAM006742	FAM011077	FAM007862	FAM001224	FAM000846	FAM007217	FAM004263	FAM010610	FAM003856	FAM006440	FAM006409	FAM000976	FAM007696	FAM004220	FAM000615	FAM003109	FAM003629	FAM013251	FAM004081	FAM003026	FAM011189	FAM003270	FAM014669	FAM006837	FAM011810	FAM137442	FAM058734	FAM034591	FAM032578	FAM025465
rep465_seed2490	FAM002859	FAM004868	FAM006254	FAM000236	FAM001040	FAM009966	FAM005815	FAM005052	FAM006411	FAM004709	FAM006012	FAM012358	FAM001544	FAM005076	FAM006577	FAM010054	FAM004367	FAM005520	FAM004422	FAM002204	FAM006651	FAM004993	FAM001508	FAM007668	FAM003207	FAM000202	FAM012531	FAM001542	FAM001567	FAM003789	FAM005779	FAM005949	FAM005727	FAM001002	FAM007566	FAM004605	FAM013709	FAM002273	FAM001900	FAM002119	FAM012305	FAM012275	FAM008232	FAM010840	FAM002343	FAM004390	FAM000106	FAM009877	FAM002917	FAM009318	FAM013637	FAM011925	FAM001814	FAM007522	FAM001857	FAM001766	FAM001316	FAM002967	FAM005961	FAM004778	FAM012866	FAM000849	FAM004958	FAM000656	FAM003348	FAM011803	FAM013299	FAM013680	FAM108332	FAM066988	FAM042914	FAM032922	FAM016003
rep466_seed2491	FAM001026	FAM003607	FAM004979	FAM003940	FAM007028	FAM007294	FAM006198	FAM001239	FAM008598	FAM003531	FAM003502	FAM005498	FAM006470	FAM002270	FAM009958	FAM000167	FAM007013	FAM011090	FAM001099	FAM009637	FAM007274	FAM001049	FAM013780	FAM007627	FAM001763	FAM006895	FAM011852	FAM003836	FAM009723	FAM006943	FAM008457	FAM004179	FAM012198	FAM009212	FAM004177	FAM001130	FAM004714	FAM008099	FAM003918	FAM005904	FAM005790	FAM008561	FAM002465	FAM009971	FAM013078	FAM013976	FAM004922	FAM007036	FAM009084	FAM010245	FAM003174	FAM005268	FAM006159	FAM006765	FAM012627	FAM011129	FAM000565	FAM003038	FAM003134	FAM000781	FAM001780	FAM005724	FAM001464	FAM002758	FAM000267	FAM009366	FAM009658	FAM008180	FAM113872	FAM058829	FAM034671	FAM035321	FAM022496
rep467_seed2492	FAM003314	FAM009549	FAM001693	FAM002495	FAM013648	FAM005627	FAM002804	FAM004689	FAM010219	FAM006033	FAM008512	FAM001326	FAM002874	FAM003364	FAM008706	FAM003365	FAM005470	FAM006961	FAM002301	FAM000532	FAM001999	FAM012215	FAM005745	FAM002074	FAM006473	FAM000203	FAM001167	FAM009946	FAM001324	FAM001881	FAM006562	FAM009568	FAM009413	FAM011053	FAM006522	FAM001186	FAM004729	FAM003863	FAM002706	FAM001452	FAM010088	FAM004718	FAM004024	FAM014341	FAM002559	FAM001078	FAM007926	FAM010228	FAM003825	FAM007461	FAM006185	FAM003312	FAM011791	FAM001417	FAM008400	FAM006867	FAM003051	FAM005570	FAM014452	FAM007422	FAM007553	FAM007256	FAM001523	FAM003885	FAM004990	FAM010009	FAM007930	FAM010096	FAM131851	FAM060912	FAM030538	FAM042048	FAM022822
rep468_seed2493	FAM007981	FAM007529	FAM000849	FAM004625	FAM004818	FAM004795	FAM014535	FAM001805	FAM005708	FAM000284	FAM012835	FAM004054	FAM005812	FAM000807	FAM000967	FAM009302	FAM000665	FAM008046	FAM011621	FAM009787	FAM012848	FAM004785	FAM000632	FAM004806	FAM007185	FAM005863	FAM006038	FAM012246	FAM001104	FAM006028	FAM004208	FAM001593	FAM004113	FAM002400	FAM003021	FAM001766	FAM002018	FAM011376	FAM003613	FAM003803	FAM007868	FAM004191	FAM000504	FAM000400	FAM003033	FAM001065	FAM000557	FAM008400	FAM000821	FAM002956	FAM011985	FAM011668	FAM010977	FAM003933	FAM001192	FAM005488	FAM010315	FAM005014	FAM005548	FAM005977	FAM003324	FAM006801	FAM001302	FAM003940	FAM003282	FAM007798	FAM010547	FAM008048	FAM117103	FAM067342	FAM038543	FAM036417	FAM021497
rep469_seed2494	FAM014319	FAM002312	FAM003861	FAM012225	FAM001227	FAM005022	FAM001022	FAM006957	FAM011525	FAM003864	FAM002889	FAM006672	FAM002434	FAM002693	FAM008155	FAM002885	FAM009457	FAM003002	FAM003280	FAM003232	FAM008524	FAM007105	FAM001811	FAM005695	FAM005200	FAM008187	FAM006056	FAM000655	FAM009249	FAM006766	FAM002918	FAM000341	FAM000631	FAM000244	FAM005795	FAM004571	FAM004298	FAM001692	FAM003210	FAM000325	FAM012624	FAM009885	FAM011087	FAM009404	FAM004715	FAM014471	FAM006093	FAM000773	FAM005888	FAM007744	FAM003662	FAM003013	FAM009484	FAM003954	FAM000728	FAM006549	FAM004982	FAM005489	FAM010226	FAM007115	FAM002001	FAM013021	FAM003253	FAM000795	FAM001426	FAM011909	FAM012666	FAM007639	FAM133323	FAM058885	FAM030045	FAM035199	FAM017699
rep470_seed2495	FAM007752	FAM009542	FAM002045	FAM002302	FAM011031	FAM004995	FAM007591	FAM000865	FAM008405	FAM005066	FAM003823	FAM001411	FAM006518	FAM002282	FAM003788	FAM004513	FAM004992	FAM003707	FAM007699	FAM001661	FAM000292	FAM013273	FAM004049	FAM008617	FAM005011	FAM012951	FAM002808	FAM005637	FAM004626	FAM000944	FAM005141	FAM010762	FAM004879	FAM003103	FAM001205	FAM000940	FAM008547	FAM012373	FAM013065	FAM005750	FAM010919	FAM002104	FAM006732	FAM006970	FAM004824	FAM010704	FAM010363	FAM010859	FAM001624	FAM004244	FAM005591	FAM007782	FAM005744	FAM003619	FAM000480	FAM005525	FAM003440	FAM000276	FAM002500	FAM005655	FAM000498	FAM003424	FAM003745	FAM000416	FAM002674	FAM008688	FAM011302	FAM012788	FAM133728	FAM058130	FAM038324	FAM032053	FAM016960
rep471_seed2496	FAM001100	FAM005169	FAM000929	FAM000068	FAM003947	FAM003571	FAM011309	FAM002865	FAM005216	FAM008635	FAM001527	FAM003853	FAM004306	FAM000949	FAM001150	FAM002594	FAM011827	FAM006530	FAM002304	FAM000643	FAM001415	FAM003235	FAM007593	FAM006040	FAM010324	FAM006725	FAM000122	FAM004227	FAM007335	FAM002491	FAM000160	FAM009374	FAM002792	FAM007393	FAM001056	FAM010958	FAM004267	FAM011906	FAM008513	FAM008809	FAM001180	FAM009401	FAM006340	FAM002716	FAM005332	FAM014355	FAM001232	FAM006743	FAM001420	FAM003886	FAM001643	FAM004020	FAM003897	FAM008155	FAM000654	FAM006468	FAM004782	FAM008040	FAM011569	FAM002894	FAM003364	FAM012951	FAM011494	FAM005342	FAM002161	FAM011720	FAM009238	FAM012802	FAM123022	FAM071146	FAM041560	FAM041722	FAM018235
rep472_seed2497	FAM004363	FAM002946	FAM011129	FAM006096	FAM003197	FAM006834	FAM001660	FAM008499	FAM006062	FAM001631	FAM000897	FAM003157	FAM012011	FAM011524	FAM009480	FAM004607	FAM004413	FAM013554	FAM000662	FAM000744	FAM011317	FAM011658	FAM003947	FAM005582	FAM009723	FAM009822	FAM008044	FAM002115	FAM014541	FAM004296	FAM002277	FAM011954	FAM004305	FAM005863	FAM009852	FAM007428	FAM012271	FAM004367	FAM002427	FAM001917	FAM005712	FAM008087	FAM009099	FAM008101	FAM005382	FAM006938	FAM011143	FAM005170	FAM002585	FAM003765	FAM013807	FAM003114	FAM011882	FAM000707	FAM007727	FAM009651	FAM000385	FAM004909	FAM005288	FAM004740	FAM000679	FAM003829	FAM012296	FAM001470	FAM002687	FAM011588	FAM013872	FAM014130	FAM134550	FAM066808	FAM038992	FAM029890	FAM026151
rep473_seed2498	FAM001303	FAM003445	FAM002600	FAM006406	FAM005312	FAM010917	FAM004971	FAM007985	FAM001072	FAM007337	FAM007407	FAM007023	FAM005076	FAM006526	FAM009731	FAM007866	FAM012336	FAM005011	FAM003373	FAM006593	FAM001815	FAM001198	FAM007310	FAM009405	FAM006732	FAM007853	FAM012147	FAM012345	FAM003721	FAM006237	FAM009811	FAM003317	FAM001950	FAM006802	FAM005283	FAM002565	FAM004364	FAM002938	FAM001386	FAM000707	FAM009609	FAM001934	FAM003030	FAM005543	FAM008274	FAM008838	FAM001942	FAM001749	FAM007743	FAM004884	FAM007504	FAM007352	FAM006883	FAM012588	FAM005205	FAM010225	FAM003370	FAM002568	FAM008196	FAM001252	FAM003001	FAM012828	FAM002042	FAM005694	FAM008623	FAM008358	FAM009538	FAM012519	FAM108724	FAM060043	FAM045960	FAM033295	FAM016475
rep474_seed2499	FAM001996	FAM001394	FAM005271	FAM006960	FAM012687	FAM004412	FAM008547	FAM000553	FAM007051	FAM002772	FAM002382	FAM002999	FAM009680	FAM000917	FAM001374	FAM005374	FAM004899	FAM001298	FAM000448	FAM004291	FAM010731	FAM003804	FAM000777	FAM006220	FAM012485	FAM010189	FAM004242	FAM011123	FAM009423	FAM004014	FAM010427	FAM004201	FAM003934	FAM004815	FAM002556	FAM005915	FAM007463	FAM001784	FAM004739	FAM001826	FAM005751	FAM009032	FAM006668	FAM013850	FAM005186	FAM004768	FAM000871	FAM007839	FAM004750	FAM000162	FAM006451	FAM003836	FAM006039	FAM001223	FAM007379	FAM004405	FAM001422	FAM008623	FAM003081	FAM005775	FAM005531	FAM000117	FAM003446	FAM001333	FAM012515	FAM007644	FAM009853	FAM003494	FAM122750	FAM058783	FAM031580	FAM033679	FAM015801
rep475_seed2500	FAM000673	FAM008750	FAM003641	FAM004315	FAM004419	FAM013976	FAM004787	FAM003364	FAM005270	FAM002288	FAM000434	FAM005113	FAM004526	FAM006915	FAM010477	FAM001425	FAM002105	FAM003791	FAM002814	FAM004614	FAM002615	FAM001631	FAM009013	FAM012255	FAM000733	FAM008645	FAM000975	FAM009956	FAM004107	FAM000627	FAM005060	FAM000067	FAM006836	FAM008912	FAM005374	FAM000011	FAM004700	FAM001198	FAM005190	FAM003073	FAM000253	FAM006952	FAM011372	FAM007127	FAM003643	FAM006760	FAM002719	FAM005616	FAM004667	FAM003813	FAM008680	FAM003503	FAM003864	FAM009122	FAM005521	FAM001851	FAM000757	FAM007474	FAM003289	FAM001165	FAM002058	FAM002131	FAM002388	FAM008162	FAM000305	FAM010470	FAM009917	FAM009622	FAM128974	FAM060442	FAM037090	FAM035831	FAM029011
rep476_seed2501	FAM005169	FAM002578	FAM001523	FAM009284	FAM000593	FAM011844	FAM001780	FAM003290	FAM008401	FAM006409	FAM004405	FAM002855	FAM006506	FAM000560	FAM000441	FAM000931	FAM007311	FAM004765	FAM003130	FAM003326	FAM003389	FAM010643	FAM007089	FAM007189	FAM000957	FAM006910	FAM004239	FAM002526	FAM006016	FAM004052	FAM002608	FAM007395	FAM003717	FAM004615	FAM008499	FAM002241	FAM004458	FAM003140	FAM014695	FAM010792	FAM013596	FAM003913	FAM000107	FAM001642	FAM004996	FAM005684	FAM004764	FAM002933	FAM002373	FAM006025	FAM013770	FAM007183	FAM003899	FAM001721	FAM008065	FAM001451	FAM006436	FAM003817	FAM000248	FAM010049	FAM009004	FAM002022	FAM000125	FAM010707	FAM002601	FAM012103	FAM010817	FAM010877	FAM109700	FAM060376	FAM030604	FAM036563	FAM020590
rep477_seed2502	FAM003314	FAM012772	FAM001413	FAM001423	FAM014565	FAM006606	FAM000827	FAM004048	FAM001534	FAM002878	FAM004240	FAM002174	FAM008499	FAM007465	FAM004468	FAM000765	FAM007663	FAM010890	FAM010646	FAM013024	FAM006052	FAM002840	FAM003194	FAM002846	FAM003923	FAM004167	FAM001931	FAM003421	FAM004258	FAM003081	FAM010668	FAM003124	FAM009638	FAM005631	FAM007264	FAM008467	FAM002757	FAM010204	FAM001954	FAM004391	FAM002575	FAM010801	FAM001901	FAM003768	FAM000239	FAM014264	FAM001714	FAM011345	FAM005594	FAM001090	FAM007479	FAM003133	FAM000061	FAM013518	FAM003554	FAM000345	FAM008261	FAM007382	FAM006688	FAM001252	FAM000351	FAM010631	FAM014253	FAM009235	FAM000368	FAM014143	FAM010932	FAM010318	FAM112517	FAM058961	FAM035802	FAM029170	FAM024902
rep478_seed2503	FAM001853	FAM006699	FAM002394	FAM009770	FAM009041	FAM000948	FAM003973	FAM000940	FAM009196	FAM011443	FAM012699	FAM012876	FAM012472	FAM002019	FAM012109	FAM009991	FAM000124	FAM002528	FAM003124	FAM007734	FAM002188	FAM002963	FAM006071	FAM005045	FAM005304	FAM004833	FAM004623	FAM003359	FAM009517	FAM002751	FAM003135	FAM002713	FAM013019	FAM001365	FAM001887	FAM005777	FAM005166	FAM000391	FAM004517	FAM007184	FAM006856	FAM008869	FAM008162	FAM000857	FAM004055	FAM006215	FAM010518	FAM005432	FAM000296	FAM000023	FAM005995	FAM002196	FAM005616	FAM003404	FAM011090	FAM001752	FAM011149	FAM000756	FAM009472	FAM000825	FAM004600	FAM014452	FAM000867	FAM004296	FAM003243	FAM013108	FAM007598	FAM011729	FAM135283	FAM061309	FAM029368	FAM041191	FAM022862
rep479_seed2504	FAM005609	FAM007235	FAM004839	FAM001016	FAM000888	FAM003834	FAM000771	FAM009203	FAM011306	FAM000069	FAM006610	FAM013506	FAM007071	FAM001259	FAM006681	FAM014306	FAM001086	FAM004932	FAM004230	FAM004237	FAM007803	FAM012585	FAM007718	FAM000642	FAM003152	FAM003433	FAM005746	FAM001520	FAM000338	FAM009244	FAM004201	FAM006915	FAM000999	FAM000481	FAM006696	FAM002920	FAM005555	FAM012603	FAM007878	FAM006664	FAM012477	FAM005997	FAM005257	FAM004544	FAM010788	FAM003768	FAM003712	FAM009610	FAM010878	FAM003367	FAM012548	FAM001909	FAM003422	FAM010217	FAM001229	FAM004525	FAM000289	FAM010809	FAM006843	FAM000524	FAM014228	FAM005330	FAM010145	FAM004796	FAM009362	FAM007166	FAM010633	FAM013556	FAM142754	FAM063403	FAM040118	FAM038806	FAM015156
rep480_seed2505	FAM005875	FAM004212	FAM009493	FAM013566	FAM009379	FAM009470	FAM008021	FAM003338	FAM003736	FAM000024	FAM001056	FAM011653	FAM006766	FAM011038	FAM012530	FAM006074	FAM005279	FAM009455	FAM004016	FAM007541	FAM000455	FAM012978	FAM007742	FAM001270	FAM000132	FAM002871	FAM003579	FAM005090	FAM002671	FAM002374	FAM002462	FAM004344	FAM001432	FAM008564	FAM006414	FAM003621	FAM007480	FAM001340	FAM010878	FAM002739	FAM000005	FAM002663	FAM012575	FAM007274	FAM011561	FAM011497	FAM009105	FAM006454	FAM009149	FAM009060	FAM009902	FAM006288	FAM010417	FAM003959	FAM006248	FAM001017	FAM007399	FAM006361	FAM012521	FAM002203	FAM003268	FAM000082	FAM002097	FAM005677	FAM007308	FAM011691	FAM011019	FAM012668	FAM114919	FAM060995	FAM034412	FAM029416	FAM022763
rep481_seed2506	FAM010962	FAM007463	FAM004841	FAM000747	FAM008082	FAM005243	FAM008881	FAM004601	FAM001992	FAM004856	FAM003005	FAM010636	FAM004685	FAM001534	FAM003284	FAM007660	FAM005424	FAM013697	FAM008977	FAM001559	FAM003204	FAM007552	FAM003834	FAM000364	FAM001344	FAM006902	FAM012098	FAM000099	FAM008598	FAM005721	FAM003988	FAM007344	FAM008990	FAM005229	FAM008987	FAM006431	FAM009883	FAM007735	FAM000446	FAM005341	FAM000422	FAM010484	FAM003256	FAM011412	FAM002187	FAM005303	FAM004427	FAM008764	FAM005030	FAM004644	FAM000734	FAM004929	FAM004403	FAM001556	FAM001117	FAM003821	FAM005471	FAM004801	FAM000390	FAM009970	FAM005514	FAM003014	FAM004514	FAM010643	FAM001789	FAM005428	FAM009603	FAM012021	FAM146048	FAM066570	FAM033308	FAM036713	FAM029011
rep482_seed2507	FAM001716	FAM000312	FAM004637	FAM001401	FAM001351	FAM007946	FAM008598	FAM001320	FAM002486	FAM008096	FAM010363	FAM003044	FAM007995	FAM009205	FAM002806	FAM005052	FAM002644	FAM005564	FAM003279	FAM006135	FAM000433	FAM006060	FAM005104	FAM006361	FAM006986	FAM002602	FAM004263	FAM014355	FAM013113	FAM006515	FAM007632	FAM002621	FAM013330	FAM001316	FAM006399	FAM002336	FAM009866	FAM009481	FAM000934	FAM001762	FAM006869	FAM003157	FAM004329	FAM011396	FAM004035	FAM005482	FAM002312	FAM010788	FAM012417	FAM004213	FAM001041	FAM003933	FAM004648	FAM001956	FAM002362	FAM014239	FAM006443	FAM007076	FAM004755	FAM003854	FAM001498	FAM003514	FAM001980	FAM000303	FAM006655	FAM014242	FAM008214	FAM009738	FAM121243	FAM058496	FAM035954	FAM039739	FAM020590
rep483_seed2508	FAM006857	FAM000314	FAM009991	FAM002911	FAM002700	FAM000749	FAM004658	FAM004969	FAM005686	FAM003019	FAM002041	FAM004006	FAM006963	FAM007681	FAM003604	FAM001402	FAM008083	FAM005922	FAM001350	FAM001335	FAM013429	FAM003152	FAM004408	FAM009291	FAM005732	FAM012060	FAM003561	FAM007880	FAM007660	FAM004254	FAM008061	FAM008750	FAM001474	FAM008519	FAM005421	FAM007717	FAM009160	FAM012028	FAM006203	FAM005875	FAM001883	FAM009175	FAM004286	FAM001564	FAM002627	FAM008296	FAM000679	FAM000675	FAM004084	FAM006450	FAM003182	FAM006471	FAM007049	FAM004111	FAM001071	FAM008044	FAM008923	FAM010415	FAM007871	FAM006401	FAM001884	FAM000785	FAM012456	FAM010460	FAM000093	FAM011431	FAM013909	FAM010183	FAM133804	FAM058829	FAM035124	FAM029614	FAM021916
rep484_seed2509	FAM003256	FAM004579	FAM005917	FAM005016	FAM000513	FAM011085	FAM007270	FAM003948	FAM001114	FAM011592	FAM003718	FAM005784	FAM003314	FAM005815	FAM000317	FAM000921	FAM007195	FAM004590	FAM006438	FAM005408	FAM002975	FAM001461	FAM006793	FAM000025	FAM007260	FAM003073	FAM003352	FAM002570	FAM003268	FAM003532	FAM006529	FAM005567	FAM004924	FAM013918	FAM005363	FAM002925	FAM001401	FAM002188	FAM002657	FAM003401	FAM000110	FAM012123	FAM003283	FAM001373	FAM002385	FAM001065	FAM001908	FAM010737	FAM003410	FAM013237	FAM004978	FAM004237	FAM004898	FAM003855	FAM003660	FAM004238	FAM006814	FAM004757	FAM006735	FAM006943	FAM001592	FAM001031	FAM009406	FAM005161	FAM004306	FAM009201	FAM011449	FAM013960	FAM140449	FAM067986	FAM042553	FAM033723	FAM027731
rep485_seed2510	FAM007965	FAM003012	FAM002039	FAM006008	FAM000141	FAM009669	FAM009389	FAM002664	FAM002855	FAM005306	FAM009455	FAM000238	FAM000294	FAM003538	FAM000456	FAM000001	FAM003916	FAM003475	FAM007946	FAM013716	FAM009517	FAM004940	FAM011898	FAM006443	FAM000837	FAM001986	FAM000390	FAM006554	FAM001137	FAM002125	FAM003799	FAM003716	FAM004331	FAM001932	FAM009121	FAM003090	FAM004459	FAM000989	FAM008487	FAM004324	FAM006498	FAM000202	FAM007884	FAM006853	FAM004286	FAM006787	FAM003460	FAM001495	FAM002055	FAM009846	FAM000881	FAM003343	FAM002175	FAM003895	FAM002472	FAM001085	FAM013694	FAM012738	FAM002327	FAM006611	FAM013099	FAM005274	FAM007307	FAM002915	FAM012135	FAM011305	FAM010162	FAM013704	FAM142570	FAM058390	FAM034069	FAM040179	FAM026737
rep486_seed2511	FAM013240	FAM008277	FAM003425	FAM006683	FAM005712	FAM007230	FAM000627	FAM004669	FAM004385	FAM003362	FAM007766	FAM005844	FAM003152	FAM001915	FAM006315	FAM003941	FAM003174	FAM002610	FAM006593	FAM001761	FAM005464	FAM002608	FAM003539	FAM001977	FAM012375	FAM004019	FAM002909	FAM010582	FAM003382	FAM003189	FAM006413	FAM004854	FAM000335	FAM009226	FAM001974	FAM001246	FAM002266	FAM008035	FAM002557	FAM000720	FAM013678	FAM013349	FAM000469	FAM013012	FAM009119	FAM004531	FAM007973	FAM007681	FAM004803	FAM003703	FAM003733	FAM004337	FAM005853	FAM003997	FAM000735	FAM004073	FAM007469	FAM003121	FAM010933	FAM003081	FAM006705	FAM005205	FAM011485	FAM003166	FAM000396	FAM006231	FAM010038	FAM010282	FAM144689	FAM067831	FAM038638	FAM040652	FAM028950
rep487_seed2512	FAM013073	FAM014682	FAM011123	FAM001746	FAM001862	FAM006414	FAM001046	FAM003649	FAM009737	FAM000240	FAM001509	FAM004903	FAM003136	FAM002839	FAM002202	FAM003719	FAM006389	FAM003835	FAM001840	FAM004752	FAM002457	FAM010967	FAM009374	FAM003897	FAM006743	FAM003603	FAM007921	FAM003648	FAM000484	FAM014319	FAM006304	FAM002857	FAM007754	FAM001359	FAM009873	FAM006438	FAM007952	FAM007660	FAM005523	FAM002601	FAM009712	FAM007047	FAM006370	FAM002020	FAM011564	FAM004084	FAM004049	FAM002314	FAM008595	FAM002718	FAM008506	FAM001818	FAM002282	FAM009922	FAM010835	FAM000480	FAM004973	FAM004940	FAM009732	FAM008750	FAM001413	FAM007247	FAM002768	FAM007710	FAM000668	FAM010368	FAM007906	FAM011657	FAM133205	FAM063625	FAM032522	FAM043557	FAM016721
rep488_seed2513	FAM000127	FAM012106	FAM006790	FAM004652	FAM008554	FAM010343	FAM002247	FAM009156	FAM007621	FAM009379	FAM010721	FAM010497	FAM001470	FAM001711	FAM008527	FAM003552	FAM001863	FAM010823	FAM009367	FAM005502	FAM003684	FAM003752	FAM007350	FAM007874	FAM006910	FAM006626	FAM005060	FAM003066	FAM004601	FAM006432	FAM001457	FAM000467	FAM002356	FAM009935	FAM004477	FAM005487	FAM002252	FAM004714	FAM006304	FAM005826	FAM007236	FAM003639	FAM004215	FAM008943	FAM003660	FAM006412	FAM004157	FAM001597	FAM011718	FAM012102	FAM006732	FAM002375	FAM012037	FAM010588	FAM009099	FAM007306	FAM006414	FAM005978	FAM008686	FAM000514	FAM013324	FAM002642	FAM002325	FAM009518	FAM005271	FAM012241	FAM007662	FAM009248	FAM124038	FAM063983	FAM030604	FAM039182	FAM018342
rep489_seed2514	FAM000177	FAM002755	FAM003183	FAM010577	FAM001298	FAM001017	FAM000890	FAM005077	FAM012772	FAM003960	FAM008094	FAM008931	FAM009033	FAM005245	FAM004044	FAM004492	FAM001931	FAM011105	FAM005507	FAM000833	FAM004799	FAM002058	FAM009637	FAM007668	FAM011104	FAM002034	FAM007451	FAM009113	FAM007515	FAM004276	FAM002552	FAM006378	FAM008268	FAM008723	FAM009249	FAM004034	FAM013192	FAM004517	FAM009765	FAM007842	FAM012339	FAM007592	FAM000925	FAM012522	FAM014675	FAM007201	FAM014243	FAM002240	FAM008674	FAM003791	FAM006216	FAM009080	FAM006592	FAM012307	FAM007925	FAM000373	FAM004647	FAM002810	FAM009368	FAM000947	FAM007397	FAM003953	FAM006483	FAM014412	FAM010514	FAM008563	FAM005561	FAM010928	FAM109461	FAM078741	FAM033133	FAM032242	FAM028469
rep490_seed2515	FAM006642	FAM013724	FAM000385	FAM006844	FAM011317	FAM012307	FAM003981	FAM004191	FAM008142	FAM010510	FAM000786	FAM006908	FAM013630	FAM002267	FAM001316	FAM001817	FAM013963	FAM005065	FAM008355	FAM000144	FAM002574	FAM008150	FAM000552	FAM007043	FAM000406	FAM002998	FAM000800	FAM001295	FAM000740	FAM005955	FAM010801	FAM009678	FAM009688	FAM008305	FAM002037	FAM006278	FAM003705	FAM001550	FAM005021	FAM014022	FAM001311	FAM006904	FAM003619	FAM000966	FAM000641	FAM001083	FAM007685	FAM007427	FAM004601	FAM006159	FAM002219	FAM003309	FAM008746	FAM014213	FAM001912	FAM008002	FAM003559	FAM009723	FAM009822	FAM002916	FAM002357	FAM002104	FAM002628	FAM006728	FAM006208	FAM008111	FAM011075	FAM011474	FAM110234	FAM066260	FAM036291	FAM037331	FAM030974
rep491_seed2516	FAM010362	FAM009073	FAM012721	FAM007805	FAM000050	FAM003114	FAM008399	FAM008913	FAM003297	FAM000423	FAM005523	FAM002980	FAM003814	FAM007295	FAM011963	FAM001476	FAM010617	FAM011924	FAM006054	FAM003823	FAM009829	FAM000029	FAM002865	FAM000909	FAM011652	FAM003371	FAM001251	FAM001928	FAM004967	FAM003402	FAM004875	FAM004680	FAM010912	FAM001256	FAM012102	FAM000842	FAM004839	FAM001633	FAM001906	FAM000068	FAM009546	FAM008016	FAM004824	FAM000157	FAM000859	FAM013505	FAM003056	FAM001328	FAM001717	FAM000496	FAM010438	FAM001959	FAM007059	FAM010751	FAM004688	FAM008420	FAM003449	FAM006983	FAM010917	FAM003469	FAM007050	FAM003557	FAM012736	FAM001170	FAM000773	FAM008663	FAM014321	FAM014638	FAM139949	FAM058783	FAM034845	FAM033070	FAM018243
rep492_seed2517	FAM002815	FAM006330	FAM011717	FAM001348	FAM003378	FAM000999	FAM000728	FAM007419	FAM008050	FAM005393	FAM000634	FAM002454	FAM006575	FAM008294	FAM007819	FAM002847	FAM003183	FAM001969	FAM011524	FAM000571	FAM003624	FAM006890	FAM002349	FAM000161	FAM006358	FAM004434	FAM004014	FAM002312	FAM006692	FAM012646	FAM012644	FAM005535	FAM004358	FAM000134	FAM007396	FAM003773	FAM004515	FAM005301	FAM004504	FAM013423	FAM001726	FAM006514	FAM001991	FAM009339	FAM010257	FAM004822	FAM012902	FAM006556	FAM007850	FAM004269	FAM005500	FAM004679	FAM003940	FAM004668	FAM008379	FAM000543	FAM005817	FAM001924	FAM004591	FAM000530	FAM003303	FAM001185	FAM005750	FAM009925	FAM001746	FAM005540	FAM011808	FAM012773	FAM109461	FAM057661	FAM033805	FAM037956	FAM019178
rep493_seed2518	FAM007192	FAM000675	FAM003025	FAM002563	FAM012637	FAM010209	FAM008937	FAM000895	FAM012162	FAM010990	FAM009203	FAM011294	FAM002756	FAM010138	FAM005377	FAM001120	FAM001340	FAM000627	FAM003183	FAM001148	FAM004286	FAM012582	FAM002716	FAM003873	FAM002711	FAM003433	FAM004021	FAM006416	FAM005461	FAM005151	FAM007005	FAM000014	FAM007851	FAM005087	FAM012261	FAM004602	FAM001012	FAM000587	FAM002109	FAM010401	FAM004458	FAM005594	FAM009386	FAM008361	FAM008554	FAM010300	FAM012933	FAM001829	FAM009550	FAM006411	FAM003730	FAM000218	FAM003372	FAM006991	FAM010343	FAM003445	FAM009943	FAM000450	FAM004396	FAM004217	FAM003201	FAM006345	FAM002597	FAM004927	FAM006645	FAM004432	FAM012264	FAM010311	FAM133728	FAM063750	FAM036638	FAM030866	FAM026531
rep494_seed2519	FAM014959	FAM001184	FAM009721	FAM001217	FAM010438	FAM001816	FAM003264	FAM007507	FAM000050	FAM002819	FAM001957	FAM004077	FAM000127	FAM009717	FAM006239	FAM005415	FAM011598	FAM003889	FAM005719	FAM010283	FAM002325	FAM008020	FAM004355	FAM006633	FAM005947	FAM001549	FAM002947	FAM004446	FAM012933	FAM012533	FAM005592	FAM001256	FAM002018	FAM003607	FAM010798	FAM002772	FAM003236	FAM011961	FAM000508	FAM005986	FAM002007	FAM001985	FAM012198	FAM000705	FAM005591	FAM013192	FAM003940	FAM004134	FAM001723	FAM006548	FAM008150	FAM002003	FAM007587	FAM002042	FAM012224	FAM004458	FAM004546	FAM003716	FAM005270	FAM002196	FAM010517	FAM003462	FAM005610	FAM001058	FAM006345	FAM007339	FAM012082	FAM009502	FAM114819	FAM065644	FAM041119	FAM030386	FAM020827
rep495_seed2520	FAM009598	FAM001062	FAM003301	FAM004935	FAM003724	FAM013668	FAM002829	FAM005341	FAM000485	FAM004092	FAM014573	FAM012627	FAM004422	FAM007128	FAM007982	FAM003083	FAM008879	FAM007782	FAM013152	FAM005712	FAM005945	FAM004004	FAM004971	FAM003994	FAM001684	FAM008164	FAM000782	FAM003834	FAM000391	FAM002830	FAM013398	FAM006035	FAM002970	FAM007551	FAM002089	FAM007289	FAM001738	FAM008293	FAM001255	FAM010028	FAM007511	FAM001989	FAM001358	FAM011854	FAM001402	FAM005320	FAM010335	FAM011451	FAM004569	FAM001121	FAM001139	FAM002490	FAM000875	FAM003781	FAM008333	FAM002707	FAM003372	FAM010579	FAM008094	FAM009105	FAM011467	FAM002338	FAM004957	FAM002570	FAM001720	FAM010706	FAM011733	FAM008239	FAM132622	FAM062853	FAM041403	FAM029877	FAM025439
rep496_seed2521	FAM000967	FAM005402	FAM003581	FAM000633	FAM004681	FAM008326	FAM005232	FAM006267	FAM000632	FAM001014	FAM000828	FAM010356	FAM002109	FAM009362	FAM005123	FAM000458	FAM013061	FAM001017	FAM002154	FAM007329	FAM010027	FAM003860	FAM011443	FAM002528	FAM001879	FAM010296	FAM003232	FAM001064	FAM004868	FAM002268	FAM002967	FAM008138	FAM001853	FAM003973	FAM007089	FAM012565	FAM003932	FAM004640	FAM008758	FAM002437	FAM000873	FAM009039	FAM005504	FAM003255	FAM007446	FAM006014	FAM004430	FAM012763	FAM014336	FAM003495	FAM008854	FAM004131	FAM010189	FAM005293	FAM004652	FAM013563	FAM000671	FAM001786	FAM007555	FAM006413	FAM004992	FAM006737	FAM006335	FAM004224	FAM005853	FAM012318	FAM008611	FAM013290	FAM134781	FAM064565	FAM033213	FAM033778	FAM019291
rep497_seed2522	FAM005008	FAM005097	FAM000291	FAM010259	FAM000834	FAM000720	FAM001040	FAM004249	FAM004225	FAM003196	FAM009744	FAM001179	FAM003222	FAM001804	FAM007837	FAM002864	FAM005400	FAM004737	FAM003953	FAM014121	FAM003585	FAM009332	FAM004428	FAM002508	FAM010521	FAM004299	FAM012667	FAM002231	FAM002281	FAM005472	FAM003019	FAM006957	FAM009666	FAM000627	FAM004479	FAM008096	FAM005557	FAM000994	FAM000948	FAM001624	FAM004860	FAM010467	FAM004468	FAM002412	FAM002238	FAM012425	FAM005887	FAM006425	FAM014366	FAM010375	FAM007797	FAM005094	FAM006826	FAM002816	FAM000273	FAM005464	FAM000556	FAM003692	FAM007866	FAM012942	FAM005624	FAM012133	FAM002745	FAM008152	FAM009702	FAM007254	FAM005337	FAM013209	FAM111425	FAM064384	FAM039997	FAM040185	FAM021337
rep498_seed2523	FAM000085	FAM003692	FAM005710	FAM002020	FAM001754	FAM010399	FAM001834	FAM007279	FAM006240	FAM010104	FAM003563	FAM008994	FAM004864	FAM006370	FAM008585	FAM003824	FAM006133	FAM009694	FAM006033	FAM003325	FAM000162	FAM005605	FAM009431	FAM005977	FAM004563	FAM002090	FAM008423	FAM005504	FAM012585	FAM003716	FAM000177	FAM008677	FAM005475	FAM003785	FAM002283	FAM000882	FAM007047	FAM001901	FAM006457	FAM007025	FAM012282	FAM008957	FAM001530	FAM001757	FAM008443	FAM014483	FAM008915	FAM005826	FAM002806	FAM012879	FAM003177	FAM000445	FAM006365	FAM000627	FAM010342	FAM011214	FAM004292	FAM002503	FAM006207	FAM004557	FAM001133	FAM001912	FAM000529	FAM001968	FAM005535	FAM011804	FAM011028	FAM011724	FAM132680	FAM062090	FAM042993	FAM035749	FAM025444
rep499_seed2524	FAM004521	FAM003874	FAM002885	FAM000464	FAM002038	FAM000329	FAM006824	FAM005597	FAM012498	FAM003290	FAM006926	FAM008365	FAM002172	FAM005524	FAM010493	FAM004560	FAM013420	FAM005977	FAM008796	FAM007578	FAM007698	FAM008829	FAM009772	FAM010643	FAM014213	FAM006406	FAM002753	FAM006927	FAM004103	FAM007085	FAM013894	FAM003761	FAM001217	FAM011539	FAM004187	FAM006863	FAM006730	FAM012848	FAM001267	FAM003675	FAM005475	FAM006439	FAM011309	FAM000180	FAM013415	FAM001344	FAM003107	FAM010288	FAM003765	FAM007149	FAM002919	FAM004921	FAM005588	FAM011104	FAM012092	FAM003051	FAM000507	FAM001765	FAM012890	FAM002761	FAM003658	FAM002182	FAM007135	FAM005285	FAM004195	FAM009992	FAM008777	FAM014156	FAM118690	FAM063651	FAM031434	FAM039604	FAM019128
rep500_seed2525	FAM000912	FAM000420	FAM002214	FAM012689	FAM002021	FAM001430	FAM002232	FAM007215	FAM013678	FAM000258	FAM003426	FAM006460	FAM006762	FAM001957	FAM002121	FAM000341	FAM010363	FAM000218	FAM006098	FAM008861	FAM000539	FAM007764	FAM000016	FAM000548	FAM000794	FAM005953	FAM004602	FAM012978	FAM004430	FAM011963	FAM004171	FAM002519	FAM004993	FAM001307	FAM000353	FAM012134	FAM008232	FAM000751	FAM008005	FAM004984	FAM006846	FAM003629	FAM012398	FAM002649	FAM009735	FAM005354	FAM014264	FAM009673	FAM003271	FAM001422	FAM007003	FAM008325	FAM007971	FAM005610	FAM002820	FAM000593	FAM007516	FAM001142	FAM005892	FAM002020	FAM012498	FAM012829	FAM005560	FAM000688	FAM005707	FAM010264	FAM007144	FAM013728	FAM136318	FAM058934	FAM041274	FAM033607	FAM021282
rep501_seed2526	FAM001913	FAM001540	FAM006916	FAM008687	FAM000398	FAM007407	FAM005643	FAM005125	FAM009598	FAM001535	FAM002261	FAM008691	FAM006329	FAM001032	FAM004041	FAM002411	FAM003310	FAM005845	FAM003191	FAM004314	FAM000685	FAM013519	FAM005751	FAM003129	FAM008500	FAM003821	FAM012924	FAM007105	FAM012285	FAM002802	FAM010910	FAM010447	FAM013616	FAM003133	FAM008929	FAM010123	FAM003516	FAM004179	FAM007229	FAM005745	FAM005859	FAM001576	FAM003923	FAM006453	FAM002551	FAM000991	FAM003127	FAM002071	FAM001037	FAM001137	FAM000173	FAM004618	FAM002763	FAM007946	FAM000100	FAM011143	FAM002652	FAM002200	FAM001004	FAM002508	FAM009448	FAM005178	FAM005134	FAM002493	FAM007244	FAM010966	FAM012811	FAM013755	FAM146234	FAM066822	FAM036322	FAM036151	FAM019735
rep502_seed2527	FAM004162	FAM002909	FAM008691	FAM002138	FAM010823	FAM002617	FAM004112	FAM006329	FAM002451	FAM001004	FAM011818	FAM006230	FAM003217	FAM007612	FAM001250	FAM002465	FAM002677	FAM006410	FAM007991	FAM001290	FAM004757	FAM002892	FAM004804	FAM004187	FAM002496	FAM013417	FAM013986	FAM002524	FAM014473	FAM007213	FAM002819	FAM005380	FAM007268	FAM002558	FAM009284	FAM000790	FAM002616	FAM013051	FAM004025	FAM000110	FAM008601	FAM014305	FAM003775	FAM003344	FAM003943	FAM000656	FAM002787	FAM010168	FAM001419	FAM001426	FAM012966	FAM006928	FAM002015	FAM014466	FAM003312	FAM002933	FAM004938	FAM000458	FAM005751	FAM010646	FAM002006	FAM000279	FAM007059	FAM011986	FAM012928	FAM011170	FAM007176	FAM011325	FAM116476	FAM061332	FAM039406	FAM029602	FAM016216
rep503_seed2528	FAM010693	FAM013035	FAM006834	FAM003976	FAM013273	FAM005923	FAM000966	FAM000314	FAM006881	FAM003192	FAM002702	FAM007566	FAM005159	FAM005412	FAM007809	FAM010022	FAM003485	FAM013767	FAM006929	FAM003126	FAM004413	FAM003186	FAM009393	FAM006671	FAM006438	FAM002291	FAM005053	FAM003073	FAM001715	FAM004227	FAM005606	FAM001619	FAM000218	FAM008468	FAM004904	FAM004327	FAM004231	FAM014524	FAM003535	FAM008480	FAM002130	FAM007376	FAM011715	FAM013179	FAM009062	FAM004932	FAM003359	FAM002234	FAM006814	FAM000631	FAM004019	FAM012738	FAM007466	FAM005332	FAM000938	FAM001899	FAM012876	FAM012828	FAM006874	FAM004488	FAM003885	FAM009208	FAM005750	FAM011147	FAM002849	FAM009068	FAM005384	FAM009848	FAM108332	FAM062873	FAM029769	FAM041073	FAM025560
rep504_seed2529	FAM005984	FAM007794	FAM010731	FAM004980	FAM012339	FAM006621	FAM004720	FAM005827	FAM013534	FAM001719	FAM012101	FAM005304	FAM002134	FAM006171	FAM004230	FAM009811	FAM001045	FAM000644	FAM003809	FAM009829	FAM009967	FAM002235	FAM002615	FAM003458	FAM010864	FAM002978	FAM007566	FAM007096	FAM001607	FAM006526	FAM010317	FAM002796	FAM003085	FAM001736	FAM011129	FAM001623	FAM004727	FAM000139	FAM012363	FAM005564	FAM002840	FAM005235	FAM002561	FAM006821	FAM000995	FAM011708	FAM008690	FAM001786	FAM002037	FAM009402	FAM005576	FAM006302	FAM005887	FAM000343	FAM003632	FAM003906	FAM000604	FAM003124	FAM006161	FAM013770	FAM010937	FAM007618	FAM007419	FAM001854	FAM006504	FAM009453	FAM006733	FAM014433	FAM145422	FAM071378	FAM034493	FAM042948	FAM018660
rep505_seed2530	FAM000984	FAM004191	FAM000674	FAM000878	FAM002863	FAM001216	FAM008891	FAM001588	FAM005977	FAM006785	FAM003718	FAM004251	FAM001532	FAM004520	FAM004181	FAM002430	FAM001131	FAM003412	FAM005965	FAM005628	FAM006091	FAM006760	FAM000482	FAM012236	FAM007604	FAM004429	FAM006732	FAM009194	FAM006159	FAM011594	FAM007478	FAM000269	FAM005366	FAM003836	FAM000292	FAM004428	FAM009083	FAM001394	FAM009211	FAM002215	FAM002339	FAM001864	FAM006337	FAM001726	FAM004622	FAM003998	FAM000270	FAM009353	FAM001546	FAM008499	FAM006599	FAM012336	FAM004291	FAM003136	FAM006154	FAM003328	FAM002592	FAM004777	FAM006916	FAM001362	FAM009795	FAM006734	FAM006658	FAM000713	FAM009445	FAM009571	FAM009653	FAM012781	FAM124721	FAM058369	FAM030852	FAM035129	FAM023246
rep506_seed2531	FAM004975	FAM009362	FAM000438	FAM001574	FAM010451	FAM010731	FAM001467	FAM001830	FAM013020	FAM003075	FAM001213	FAM009004	FAM000728	FAM002368	FAM006577	FAM000056	FAM003672	FAM008889	FAM000298	FAM005921	FAM002953	FAM000302	FAM005573	FAM008823	FAM002125	FAM009765	FAM001115	FAM007188	FAM008058	FAM005367	FAM013417	FAM008328	FAM007793	FAM007402	FAM004274	FAM006019	FAM007691	FAM008538	FAM004093	FAM003866	FAM010611	FAM009989	FAM000522	FAM004887	FAM009018	FAM000559	FAM011174	FAM009796	FAM003167	FAM002440	FAM012157	FAM004586	FAM011357	FAM005332	FAM001653	FAM013712	FAM009417	FAM005093	FAM003580	FAM000094	FAM008527	FAM005010	FAM003558	FAM010239	FAM012040	FAM006922	FAM009331	FAM009768	FAM117903	FAM062248	FAM041154	FAM032510	FAM018429
rep507_seed2532	FAM013474	FAM004702	FAM005693	FAM010321	FAM000486	FAM011515	FAM004443	FAM003219	FAM007945	FAM012740	FAM001692	FAM004969	FAM007070	FAM007011	FAM008748	FAM010558	FAM007432	FAM006749	FAM008017	FAM005880	FAM007567	FAM001764	FAM008916	FAM001177	FAM000989	FAM005565	FAM003509	FAM006559	FAM001745	FAM012594	FAM008020	FAM008994	FAM007671	FAM001537	FAM005088	FAM002146	FAM003426	FAM005178	FAM002517	FAM001533	FAM001211	FAM010821	FAM004546	FAM003662	FAM006994	FAM007397	FAM011899	FAM001721	FAM009379	FAM002220	FAM006482	FAM000601	FAM007673	FAM002858	FAM002644	FAM002837	FAM004508	FAM009324	FAM007623	FAM007503	FAM001258	FAM003681	FAM003904	FAM001534	FAM013522	FAM008522	FAM012841	FAM009725	FAM147173	FAM062298	FAM030443	FAM040120	FAM017227
rep508_seed2533	FAM009549	FAM010290	FAM000566	FAM004623	FAM005340	FAM004385	FAM008449	FAM008722	FAM004750	FAM006410	FAM003425	FAM009212	FAM007766	FAM001198	FAM007143	FAM004463	FAM014686	FAM013551	FAM002727	FAM002805	FAM002890	FAM005927	FAM001101	FAM002674	FAM000327	FAM001100	FAM008063	FAM003292	FAM007461	FAM008505	FAM005522	FAM006680	FAM007326	FAM003829	FAM010597	FAM006802	FAM003146	FAM001287	FAM005512	FAM003315	FAM000656	FAM000184	FAM003227	FAM003944	FAM012010	FAM004634	FAM010721	FAM003499	FAM002929	FAM002385	FAM000870	FAM001151	FAM006103	FAM000869	FAM000085	FAM002883	FAM002173	FAM001146	FAM002275	FAM013722	FAM006340	FAM006041	FAM005192	FAM007003	FAM002874	FAM009438	FAM011057	FAM005028	FAM110746	FAM068378	FAM036577	FAM038970	FAM018301
rep509_seed2534	FAM001268	FAM005645	FAM005851	FAM004734	FAM001260	FAM007302	FAM003863	FAM006730	FAM001603	FAM002266	FAM000918	FAM005918	FAM003718	FAM011095	FAM006584	FAM005021	FAM008764	FAM004423	FAM002136	FAM010299	FAM012690	FAM002827	FAM010187	FAM004149	FAM002429	FAM012180	FAM005539	FAM001544	FAM008480	FAM000789	FAM010371	FAM006043	FAM011087	FAM006897	FAM009455	FAM012252	FAM005565	FAM013634	FAM008874	FAM003071	FAM005866	FAM002055	FAM004565	FAM008708	FAM005483	FAM000495	FAM004654	FAM002092	FAM001283	FAM006665	FAM004171	FAM003778	FAM002432	FAM001306	FAM013985	FAM005097	FAM012820	FAM007726	FAM005434	FAM007742	FAM012479	FAM011852	FAM004124	FAM001433	FAM011423	FAM007035	FAM013258	FAM007097	FAM136225	FAM064147	FAM034651	FAM036461	FAM028865
rep510_seed2535	FAM002400	FAM004106	FAM000361	FAM014666	FAM007784	FAM004662	FAM002202	FAM006069	FAM014135	FAM010079	FAM011232	FAM001312	FAM003797	FAM001000	FAM000286	FAM003354	FAM004128	FAM013425	FAM009339	FAM001234	FAM013634	FAM006694	FAM005799	FAM009945	FAM002181	FAM004709	FAM005085	FAM001184	FAM012902	FAM009670	FAM004682	FAM005917	FAM007211	FAM010123	FAM000260	FAM001403	FAM002639	FAM004449	FAM010758	FAM003481	FAM006528	FAM008852	FAM004005	FAM000175	FAM004456	FAM004451	FAM002115	FAM004246	FAM000173	FAM000248	FAM003726	FAM002583	FAM004542	FAM002855	FAM008929	FAM001635	FAM002607	FAM010793	FAM012164	FAM005967	FAM002001	FAM000638	FAM000476	FAM001488	FAM006388	FAM007628	FAM013432	FAM013492	FAM140707	FAM068124	FAM032230	FAM040206	FAM018415
rep511_seed2536	FAM000813	FAM009113	FAM002951	FAM004874	FAM003840	FAM007157	FAM001063	FAM006651	FAM004561	FAM008347	FAM003515	FAM000029	FAM013368	FAM008434	FAM002471	FAM002052	FAM002032	FAM002453	FAM001590	FAM009391	FAM007574	FAM005502	FAM002128	FAM006952	FAM001543	FAM003086	FAM003014	FAM001432	FAM003475	FAM007187	FAM000041	FAM001535	FAM001303	FAM013442	FAM003364	FAM007534	FAM002180	FAM007311	FAM009518	FAM003630	FAM002302	FAM007884	FAM004808	FAM010978	FAM005813	FAM000276	FAM001065	FAM007240	FAM003267	FAM004214	FAM005057	FAM000881	FAM007160	FAM006007	FAM005408	FAM003317	FAM004647	FAM000820	FAM001171	FAM002143	FAM000896	FAM001052	FAM001688	FAM014404	FAM008928	FAM012801	FAM009983	FAM009738	FAM139110	FAM063611	FAM033022	FAM032436	FAM027791
rep512_seed2537	FAM008349	FAM008334	FAM001600	FAM002471	FAM005508	FAM012255	FAM012963	FAM009760	FAM001240	FAM008592	FAM001526	FAM001277	FAM004594	FAM002918	FAM012281	FAM010195	FAM001549	FAM007632	FAM001692	FAM005168	FAM006131	FAM010232	FAM010226	FAM002893	FAM000702	FAM005867	FAM005406	FAM010246	FAM000837	FAM014353	FAM010238	FAM006038	FAM002760	FAM010048	FAM010168	FAM007392	FAM006105	FAM003039	FAM000798	FAM001427	FAM000693	FAM004429	FAM013678	FAM003674	FAM014534	FAM000589	FAM011129	FAM004523	FAM012678	FAM005781	FAM003021	FAM003727	FAM009579	FAM000365	FAM011748	FAM001069	FAM011106	FAM004679	FAM000695	FAM013505	FAM009943	FAM001139	FAM012691	FAM007719	FAM005241	FAM014506	FAM008370	FAM012813	FAM146363	FAM057980	FAM036516	FAM035576	FAM015183
rep513_seed2538	FAM005283	FAM003519	FAM000105	FAM001987	FAM003862	FAM012012	FAM010792	FAM000835	FAM002014	FAM009732	FAM002205	FAM003019	FAM012293	FAM006332	FAM003191	FAM014196	FAM004056	FAM002229	FAM003717	FAM007999	FAM004704	FAM012236	FAM007688	FAM013911	FAM003310	FAM007818	FAM002463	FAM009126	FAM009368	FAM000415	FAM001274	FAM005147	FAM006958	FAM008015	FAM001011	FAM002922	FAM014264	FAM007728	FAM004451	FAM004100	FAM000418	FAM008698	FAM000798	FAM004885	FAM002578	FAM004613	FAM000355	FAM002897	FAM007292	FAM001545	FAM004293	FAM007300	FAM006841	FAM007950	FAM005897	FAM002350	FAM004433	FAM000094	FAM012724	FAM009274	FAM007173	FAM009885	FAM003925	FAM008233	FAM011855	FAM005269	FAM011305	FAM014270	FAM143217	FAM063983	FAM038943	FAM036257	FAM021479
rep514_seed2539	FAM001134	FAM004134	FAM003612	FAM010617	FAM001378	FAM005326	FAM009441	FAM007556	FAM009710	FAM000579	FAM002451	FAM002946	FAM007927	FAM006995	FAM001187	FAM007542	FAM001771	FAM006180	FAM001652	FAM008286	FAM006515	FAM000321	FAM008480	FAM000052	FAM005061	FAM011357	FAM006331	FAM000664	FAM001862	FAM013874	FAM002863	FAM012738	FAM001727	FAM003977	FAM001886	FAM008045	FAM005551	FAM003792	FAM001689	FAM009564	FAM001830	FAM005921	FAM003287	FAM002225	FAM004531	FAM000988	FAM014196	FAM005198	FAM001600	FAM004450	FAM001907	FAM000774	FAM002658	FAM005167	FAM006850	FAM000055	FAM008015	FAM001347	FAM007668	FAM005305	FAM004569	FAM010237	FAM009155	FAM006866	FAM002393	FAM013114	FAM012186	FAM008265	FAM114883	FAM073820	FAM036577	FAM034397	FAM018809
rep515_seed2540	FAM002389	FAM005314	FAM000298	FAM013832	FAM011113	FAM005323	FAM001685	FAM004831	FAM000923	FAM005144	FAM003077	FAM011407	FAM008059	FAM004110	FAM008122	FAM008325	FAM000146	FAM002091	FAM001108	FAM005195	FAM000935	FAM006775	FAM000246	FAM005560	FAM007388	FAM000970	FAM001698	FAM001894	FAM006196	FAM002824	FAM009998	FAM012724	FAM004264	FAM000692	FAM004064	FAM007945	FAM004845	FAM012261	FAM004221	FAM010133	FAM005694	FAM011367	FAM004818	FAM004918	FAM014073	FAM003446	FAM002282	FAM008778	FAM003541	FAM004971	FAM008465	FAM002741	FAM000327	FAM005684	FAM005664	FAM001989	FAM007730	FAM001000	FAM001040	FAM006928	FAM003189	FAM010317	FAM001015	FAM001422	FAM003837	FAM007524	FAM011131	FAM011037	FAM116907	FAM060433	FAM032786	FAM035740	FAM020488
rep516_seed2541	FAM003578	FAM004001	FAM001373	FAM004686	FAM012028	FAM005933	FAM007706	FAM011497	FAM009044	FAM003321	FAM013785	FAM007456	FAM005649	FAM007226	FAM009160	FAM010239	FAM008313	FAM003324	FAM000780	FAM006962	FAM000911	FAM009405	FAM005910	FAM005378	FAM010305	FAM004582	FAM006997	FAM006959	FAM003196	FAM001714	FAM006021	FAM005750	FAM000456	FAM002554	FAM003847	FAM009715	FAM005121	FAM008146	FAM005184	FAM013449	FAM004882	FAM007394	FAM002590	FAM012261	FAM001695	FAM002315	FAM006455	FAM005616	FAM011129	FAM012763	FAM000478	FAM010202	FAM009032	FAM009686	FAM003577	FAM006925	FAM002904	FAM006698	FAM002507	FAM014404	FAM005934	FAM007121	FAM006439	FAM008703	FAM009932	FAM010841	FAM007560	FAM011841	FAM124588	FAM065280	FAM038383	FAM033482	FAM015801
rep517_seed2542	FAM002227	FAM002820	FAM000450	FAM010150	FAM008402	FAM002415	FAM004299	FAM013085	FAM005560	FAM001218	FAM010627	FAM001652	FAM007313	FAM009628	FAM001793	FAM004581	FAM003605	FAM005031	FAM004635	FAM005436	FAM000913	FAM002130	FAM007179	FAM005260	FAM008912	FAM013691	FAM000346	FAM003156	FAM001648	FAM008508	FAM005844	FAM007580	FAM004575	FAM006153	FAM014601	FAM008232	FAM001909	FAM002269	FAM001033	FAM008916	FAM004869	FAM008992	FAM005582	FAM004949	FAM001559	FAM008879	FAM002520	FAM014439	FAM000631	FAM010401	FAM002338	FAM002017	FAM007537	FAM003879	FAM000996	FAM001477	FAM003475	FAM000772	FAM006896	FAM008686	FAM006126	FAM004084	FAM010027	FAM000412	FAM002318	FAM010889	FAM009960	FAM009623	FAM110381	FAM058528	FAM033283	FAM041858	FAM028922
rep518_seed2543	FAM002886	FAM006450	FAM002169	FAM002397	FAM003632	FAM003564	FAM010806	FAM003813	FAM000106	FAM004491	FAM004928	FAM011339	FAM006146	FAM005748	FAM001503	FAM000162	FAM003514	FAM000630	FAM006868	FAM005113	FAM005913	FAM007180	FAM005920	FAM000756	FAM001548	FAM002383	FAM002641	FAM005052	FAM009437	FAM006040	FAM003246	FAM002682	FAM005295	FAM006869	FAM013123	FAM001943	FAM001598	FAM000687	FAM007681	FAM010390	FAM001154	FAM003563	FAM005407	FAM009991	FAM000832	FAM003453	FAM000226	FAM001654	FAM005062	FAM006549	FAM009715	FAM008156	FAM004252	FAM006169	FAM008669	FAM000917	FAM007336	FAM005991	FAM005799	FAM002807	FAM004985	FAM006893	FAM000419	FAM000380	FAM005031	FAM008419	FAM011097	FAM011262	FAM120904	FAM059018	FAM039639	FAM029890	FAM019735
rep519_seed2544	FAM000327	FAM003559	FAM009043	FAM006642	FAM013470	FAM000530	FAM011236	FAM005610	FAM009698	FAM013448	FAM007551	FAM006606	FAM000725	FAM005183	FAM010283	FAM001885	FAM003717	FAM000586	FAM014698	FAM007529	FAM002428	FAM006058	FAM001287	FAM001552	FAM006599	FAM003650	FAM007367	FAM000895	FAM010385	FAM005062	FAM004127	FAM000741	FAM014213	FAM011137	FAM003312	FAM002242	FAM014353	FAM001312	FAM003390	FAM002651	FAM002177	FAM001006	FAM003173	FAM004840	FAM011292	FAM001481	FAM005232	FAM004939	FAM000904	FAM009026	FAM002555	FAM003820	FAM010497	FAM009670	FAM004752	FAM003965	FAM003940	FAM001754	FAM014104	FAM001379	FAM000401	FAM012966	FAM009717	FAM004445	FAM005697	FAM012283	FAM014160	FAM010393	FAM126507	FAM064333	FAM042208	FAM032061	FAM026151
rep520_seed2545	FAM006469	FAM008072	FAM004941	FAM003541	FAM003899	FAM000399	FAM002744	FAM010905	FAM001519	FAM007294	FAM002924	FAM005286	FAM005436	FAM001804	FAM008515	FAM003772	FAM005285	FAM009336	FAM007417	FAM008677	FAM002983	FAM001494	FAM003039	FAM010070	FAM007419	FAM003107	FAM007121	FAM007923	FAM007962	FAM008768	FAM006021	FAM008443	FAM000285	FAM004257	FAM001622	FAM000212	FAM004765	FAM006811	FAM000133	FAM001437	FAM013554	FAM005408	FAM004598	FAM002763	FAM013911	FAM004407	FAM006746	FAM001058	FAM003974	FAM001460	FAM004968	FAM004714	FAM001987	FAM003346	FAM007552	FAM003095	FAM004422	FAM007305	FAM006184	FAM005355	FAM001430	FAM009654	FAM000120	FAM006605	FAM000617	FAM011803	FAM013686	FAM008495	FAM142427	FAM074125	FAM032115	FAM040070	FAM024125
rep521_seed2546	FAM002643	FAM001851	FAM005206	FAM006299	FAM001704	FAM004527	FAM003191	FAM002010	FAM008032	FAM014675	FAM006592	FAM001270	FAM006315	FAM002109	FAM001133	FAM006867	FAM014563	FAM005862	FAM001797	FAM007681	FAM011924	FAM000400	FAM011063	FAM002387	FAM000623	FAM003190	FAM004337	FAM000067	FAM000644	FAM000185	FAM002855	FAM005333	FAM010655	FAM001667	FAM004862	FAM007424	FAM001292	FAM005957	FAM000184	FAM000702	FAM004646	FAM014429	FAM003420	FAM013011	FAM000203	FAM003203	FAM006550	FAM003200	FAM007256	FAM007764	FAM006724	FAM003077	FAM003738	FAM000730	FAM007435	FAM000642	FAM000561	FAM002530	FAM001139	FAM009939	FAM001592	FAM011214	FAM006728	FAM001124	FAM008779	FAM010130	FAM009790	FAM011228	FAM131895	FAM058919	FAM038909	FAM035588	FAM022982
rep522_seed2547	FAM005121	FAM013770	FAM003485	FAM001644	FAM009418	FAM008916	FAM008406	FAM014452	FAM003191	FAM006180	FAM006051	FAM002131	FAM000321	FAM003917	FAM000167	FAM008329	FAM004096	FAM008728	FAM003535	FAM013967	FAM003170	FAM004150	FAM011242	FAM003708	FAM006045	FAM000490	FAM001116	FAM001160	FAM006681	FAM003302	FAM007857	FAM001545	FAM007123	FAM004403	FAM006150	FAM006693	FAM008529	FAM005265	FAM007850	FAM000168	FAM010164	FAM003090	FAM004430	FAM000644	FAM000789	FAM005715	FAM001253	FAM001666	FAM002628	FAM008641	FAM000442	FAM014533	FAM004550	FAM000534	FAM012028	FAM005693	FAM005433	FAM011356	FAM006605	FAM009148	FAM007998	FAM004367	FAM007581	FAM012100	FAM006473	FAM011115	FAM013215	FAM012413	FAM122892	FAM064350	FAM034991	FAM035397	FAM019486
rep523_seed2548	FAM013041	FAM008661	FAM002162	FAM007337	FAM011345	FAM000663	FAM010525	FAM004108	FAM003327	FAM005728	FAM006506	FAM014173	FAM002959	FAM003246	FAM010298	FAM006416	FAM010524	FAM000545	FAM001538	FAM003863	FAM005009	FAM002986	FAM000268	FAM002331	FAM006391	FAM009442	FAM004741	FAM010521	FAM001687	FAM000442	FAM006434	FAM005530	FAM012962	FAM009290	FAM009559	FAM008458	FAM000753	FAM013216	FAM006606	FAM004655	FAM003840	FAM002091	FAM004405	FAM007551	FAM009570	FAM002348	FAM001540	FAM004470	FAM005814	FAM002402	FAM004660	FAM000665	FAM000117	FAM002446	FAM002330	FAM002836	FAM004237	FAM007235	FAM010714	FAM001789	FAM000962	FAM005381	FAM001707	FAM004654	FAM009726	FAM012747	FAM011846	FAM005015	FAM123046	FAM064096	FAM044476	FAM037111	FAM027385
rep524_seed2549	FAM006699	FAM006630	FAM006580	FAM009605	FAM003269	FAM010182	FAM002664	FAM003590	FAM012248	FAM000612	FAM004845	FAM005110	FAM003874	FAM002581	FAM005487	FAM002116	FAM006697	FAM005125	FAM006642	FAM005825	FAM006506	FAM012109	FAM002615	FAM002932	FAM008226	FAM005065	FAM004073	FAM014575	FAM004249	FAM009035	FAM002367	FAM005686	FAM004349	FAM006609	FAM002448	FAM003028	FAM010704	FAM002404	FAM006882	FAM003478	FAM006015	FAM004723	FAM006401	FAM009061	FAM004352	FAM002750	FAM000324	FAM013403	FAM005887	FAM003324	FAM007955	FAM010714	FAM012329	FAM001284	FAM014328	FAM009458	FAM000343	FAM007941	FAM002059	FAM001295	FAM003920	FAM000483	FAM013223	FAM000628	FAM008922	FAM008036	FAM009974	FAM006799	FAM111468	FAM066988	FAM035889	FAM037191	FAM025046
rep525_seed2550	FAM012600	FAM006731	FAM010459	FAM000628	FAM003355	FAM010834	FAM000597	FAM004838	FAM004587	FAM000249	FAM003702	FAM008031	FAM002039	FAM004484	FAM003874	FAM002284	FAM000219	FAM000619	FAM000291	FAM006696	FAM006927	FAM012014	FAM007853	FAM006665	FAM006956	FAM002956	FAM008133	FAM002296	FAM008005	FAM006363	FAM002386	FAM004641	FAM001347	FAM001278	FAM007010	FAM014237	FAM003052	FAM001803	FAM013596	FAM007922	FAM005632	FAM002452	FAM007537	FAM003997	FAM002862	FAM001105	FAM002449	FAM008564	FAM001762	FAM007706	FAM005324	FAM012224	FAM005407	FAM014382	FAM001568	FAM008306	FAM002817	FAM005504	FAM008525	FAM001080	FAM013051	FAM002153	FAM003911	FAM001264	FAM000193	FAM010085	FAM009704	FAM009696	FAM114919	FAM064902	FAM042659	FAM037201	FAM016647
rep526_seed2551	FAM001501	FAM005396	FAM012770	FAM002438	FAM005682	FAM009065	FAM005482	FAM004035	FAM005706	FAM002246	FAM008569	FAM001950	FAM004533	FAM013237	FAM003229	FAM006770	FAM010231	FAM011985	FAM004471	FAM006373	FAM004878	FAM005686	FAM004408	FAM003559	FAM005585	FAM004517	FAM007531	FAM000470	FAM001726	FAM000128	FAM000224	FAM003260	FAM004091	FAM006805	FAM006004	FAM001096	FAM002548	FAM002200	FAM010417	FAM002066	FAM001289	FAM006134	FAM002935	FAM001347	FAM007694	FAM006525	FAM007329	FAM001901	FAM007446	FAM007289	FAM014436	FAM000579	FAM004352	FAM000755	FAM002702	FAM004247	FAM007761	FAM000987	FAM003464	FAM002943	FAM012031	FAM005184	FAM007974	FAM000292	FAM005125	FAM009762	FAM012921	FAM006266	FAM108724	FAM067146	FAM040878	FAM033326	FAM021225
rep527_seed2552	FAM003496	FAM006882	FAM011381	FAM002671	FAM005234	FAM000680	FAM002982	FAM003437	FAM012880	FAM009877	FAM006244	FAM009707	FAM003891	FAM005763	FAM013061	FAM010912	FAM000560	FAM012689	FAM007859	FAM000794	FAM006171	FAM007426	FAM012190	FAM009632	FAM006562	FAM007727	FAM004854	FAM007903	FAM006785	FAM009025	FAM005429	FAM005149	FAM003882	FAM013420	FAM009533	FAM004303	FAM000248	FAM005064	FAM002435	FAM002621	FAM010251	FAM005080	FAM002625	FAM013616	FAM002020	FAM006788	FAM002659	FAM003646	FAM002792	FAM005606	FAM003222	FAM006087	FAM002064	FAM001638	FAM005756	FAM013484	FAM006857	FAM003153	FAM008529	FAM002747	FAM011293	FAM006997	FAM005390	FAM007139	FAM001202	FAM007389	FAM012062	FAM011006	FAM127568	FAM058026	FAM031258	FAM031841	FAM016170
rep528_seed2553	FAM000836	FAM001360	FAM001365	FAM009476	FAM014636	FAM008309	FAM000707	FAM007436	FAM005621	FAM013366	FAM001649	FAM002277	FAM002092	FAM011341	FAM008599	FAM000590	FAM012895	FAM002623	FAM005865	FAM001511	FAM001145	FAM008326	FAM004930	FAM002807	FAM005724	FAM006381	FAM007100	FAM006346	FAM013074	FAM002479	FAM003154	FAM008963	FAM001726	FAM004718	FAM009056	FAM003891	FAM003643	FAM004142	FAM006019	FAM000728	FAM000116	FAM002983	FAM009356	FAM006790	FAM006272	FAM000757	FAM004000	FAM004323	FAM000650	FAM001798	FAM003485	FAM004809	FAM002624	FAM004070	FAM003076	FAM007105	FAM003092	FAM000488	FAM000797	FAM000325	FAM008207	FAM005319	FAM006487	FAM005555	FAM001109	FAM010151	FAM012446	FAM010505	FAM133866	FAM065707	FAM041459	FAM036702	FAM026800
rep529_seed2554	FAM001954	FAM006612	FAM011489	FAM007679	FAM007034	FAM001157	FAM010290	FAM002869	FAM000243	FAM002413	FAM003022	FAM003491	FAM010707	FAM013892	FAM006600	FAM010049	FAM002856	FAM006004	FAM009324	FAM001949	FAM003537	FAM000302	FAM003626	FAM000363	FAM004754	FAM007517	FAM001633	FAM005787	FAM001275	FAM000010	FAM009181	FAM008617	FAM002854	FAM009027	FAM002665	FAM004685	FAM010961	FAM002938	FAM003993	FAM012890	FAM004595	FAM007388	FAM004977	FAM006512	FAM003514	FAM006188	FAM002346	FAM001636	FAM001042	FAM007277	FAM000011	FAM002540	FAM012865	FAM003652	FAM014610	FAM002577	FAM002268	FAM006438	FAM008003	FAM004410	FAM011498	FAM005664	FAM008852	FAM007963	FAM000188	FAM014373	FAM011152	FAM003731	FAM110974	FAM067342	FAM030337	FAM036095	FAM024226
rep530_seed2555	FAM005217	FAM000912	FAM009005	FAM000567	FAM006953	FAM003330	FAM007416	FAM004873	FAM004337	FAM009091	FAM009707	FAM005103	FAM001418	FAM006413	FAM001342	FAM001936	FAM013261	FAM002219	FAM000124	FAM007700	FAM009715	FAM001187	FAM007657	FAM006172	FAM003953	FAM007141	FAM000922	FAM004311	FAM002714	FAM009605	FAM009807	FAM003854	FAM013789	FAM002984	FAM007024	FAM001594	FAM004126	FAM005361	FAM003364	FAM002461	FAM000334	FAM007837	FAM007139	FAM005401	FAM006769	FAM001718	FAM000343	FAM007043	FAM004943	FAM014533	FAM011538	FAM004659	FAM004860	FAM004244	FAM004427	FAM008765	FAM014119	FAM009857	FAM000125	FAM004383	FAM008178	FAM011307	FAM006290	FAM000741	FAM012761	FAM013792	FAM007636	FAM014037	FAM119750	FAM082546	FAM037777	FAM042424	FAM018660
rep531_seed2556	FAM011563	FAM001724	FAM000563	FAM004382	FAM000998	FAM006597	FAM003854	FAM009877	FAM004343	FAM000886	FAM004667	FAM002696	FAM006930	FAM000076	FAM000948	FAM008004	FAM004108	FAM005493	FAM001937	FAM001180	FAM002229	FAM004019	FAM008858	FAM000391	FAM003129	FAM004568	FAM004959	FAM007779	FAM005421	FAM009143	FAM004889	FAM001404	FAM008227	FAM001886	FAM000630	FAM008974	FAM002784	FAM001763	FAM005746	FAM000828	FAM007142	FAM001393	FAM012358	FAM011738	FAM005732	FAM014213	FAM000851	FAM005324	FAM013530	FAM008302	FAM004964	FAM006333	FAM002474	FAM010408	FAM002887	FAM000155	FAM001598	FAM007792	FAM003425	FAM001196	FAM013976	FAM008928	FAM002267	FAM005334	FAM002173	FAM011202	FAM008724	FAM013032	FAM127253	FAM058892	FAM034236	FAM029416	FAM028056
rep532_seed2557	FAM013123	FAM001564	FAM007648	FAM009406	FAM007793	FAM001444	FAM002720	FAM008808	FAM005865	FAM005681	FAM000184	FAM000435	FAM003931	FAM003109	FAM013634	FAM001333	FAM005247	FAM001663	FAM004719	FAM001485	FAM005640	FAM001808	FAM003529	FAM008363	FAM013505	FAM009665	FAM000090	FAM003462	FAM000073	FAM014421	FAM003052	FAM011347	FAM006323	FAM009059	FAM005351	FAM003990	FAM003957	FAM013930	FAM007744	FAM011715	FAM008000	FAM011747	FAM012105	FAM008557	FAM005266	FAM000059	FAM003419	FAM006559	FAM008128	FAM001303	FAM003630	FAM000478	FAM007507	FAM004164	FAM007960	FAM002344	FAM000501	FAM001834	FAM014173	FAM005296	FAM011477	FAM004144	FAM006250	FAM006299	FAM007364	FAM006249	FAM011778	FAM011478	FAM110103	FAM059996	FAM041884	FAM042557	FAM030228
rep533_seed2558	FAM009946	FAM001700	FAM012501	FAM007862	FAM006629	FAM005988	FAM011575	FAM006938	FAM006217	FAM001283	FAM006910	FAM003385	FAM007233	FAM006107	FAM005671	FAM002374	FAM003403	FAM012252	FAM002327	FAM010174	FAM014959	FAM005757	FAM002549	FAM005815	FAM005031	FAM011771	FAM002670	FAM003233	FAM011095	FAM006978	FAM013212	FAM000191	FAM000163	FAM004950	FAM003897	FAM006611	FAM013442	FAM004677	FAM007399	FAM005562	FAM007577	FAM001103	FAM001882	FAM010939	FAM001115	FAM002648	FAM001842	FAM004030	FAM013274	FAM005607	FAM004160	FAM002049	FAM010290	FAM011569	FAM001351	FAM007421	FAM002059	FAM004605	FAM006979	FAM007080	FAM002719	FAM004945	FAM002425	FAM008094	FAM001395	FAM006777	FAM007731	FAM008220	FAM107790	FAM060426	FAM042899	FAM036540	FAM027646
rep534_seed2559	FAM004017	FAM000276	FAM007537	FAM003788	FAM010771	FAM000555	FAM006611	FAM003391	FAM002900	FAM002954	FAM001343	FAM011892	FAM002643	FAM004881	FAM013118	FAM002526	FAM005291	FAM002025	FAM005710	FAM007242	FAM001797	FAM002689	FAM000614	FAM007175	FAM001132	FAM000955	FAM000791	FAM009186	FAM000697	FAM003740	FAM006947	FAM000686	FAM004625	FAM012686	FAM003931	FAM005151	FAM010484	FAM007876	FAM002723	FAM001166	FAM001999	FAM000641	FAM007673	FAM003347	FAM003505	FAM007218	FAM009263	FAM003332	FAM002565	FAM012422	FAM009958	FAM004029	FAM012024	FAM000700	FAM000813	FAM003836	FAM005421	FAM000883	FAM000896	FAM001726	FAM005381	FAM010595	FAM008400	FAM007525	FAM003517	FAM008214	FAM011476	FAM010536	FAM109688	FAM064522	FAM042453	FAM039074	FAM021381
rep535_seed2560	FAM008943	FAM010204	FAM007197	FAM005815	FAM006543	FAM008449	FAM002992	FAM009875	FAM005362	FAM001031	FAM003220	FAM003750	FAM002609	FAM006211	FAM002749	FAM000897	FAM005098	FAM003610	FAM006725	FAM000934	FAM003423	FAM001844	FAM003251	FAM005688	FAM008185	FAM011151	FAM009682	FAM000940	FAM003649	FAM005109	FAM007753	FAM006794	FAM003470	FAM013458	FAM003861	FAM001893	FAM002823	FAM005392	FAM005722	FAM003580	FAM009175	FAM001598	FAM000393	FAM001464	FAM011143	FAM010554	FAM004889	FAM008802	FAM013273	FAM005135	FAM010332	FAM005445	FAM006056	FAM002917	FAM002128	FAM000219	FAM001407	FAM004668	FAM006406	FAM003733	FAM012014	FAM004244	FAM002230	FAM011400	FAM000271	FAM008411	FAM011794	FAM008110	FAM146393	FAM062853	FAM032648	FAM042424	FAM028934
rep536_seed2561	FAM003287	FAM004701	FAM000937	FAM002763	FAM008351	FAM006846	FAM006421	FAM000220	FAM001246	FAM001033	FAM004130	FAM005094	FAM003636	FAM000658	FAM004021	FAM002760	FAM005602	FAM004202	FAM008955	FAM009730	FAM003247	FAM007379	FAM009883	FAM008558	FAM004738	FAM013936	FAM002122	FAM009415	FAM014336	FAM014266	FAM011529	FAM001528	FAM004340	FAM006406	FAM009537	FAM001697	FAM005430	FAM007419	FAM004305	FAM009168	FAM004908	FAM000835	FAM002791	FAM005301	FAM003751	FAM008554	FAM001295	FAM009426	FAM012724	FAM002095	FAM003940	FAM013296	FAM011048	FAM012687	FAM005320	FAM001822	FAM009211	FAM000254	FAM008799	FAM001563	FAM005890	FAM008152	FAM001928	FAM008768	FAM006125	FAM011295	FAM007560	FAM014548	FAM124272	FAM057661	FAM040097	FAM035171	FAM027953
rep537_seed2562	FAM012425	FAM002320	FAM005929	FAM013240	FAM002690	FAM005557	FAM006083	FAM008733	FAM002630	FAM000111	FAM000705	FAM009435	FAM013300	FAM004626	FAM003945	FAM011944	FAM001497	FAM006926	FAM009684	FAM008294	FAM001518	FAM001530	FAM005750	FAM004839	FAM013474	FAM000222	FAM002873	FAM012513	FAM002726	FAM002248	FAM012031	FAM001473	FAM012133	FAM004306	FAM009812	FAM000135	FAM006469	FAM001605	FAM000389	FAM009262	FAM014003	FAM000206	FAM009925	FAM005723	FAM007612	FAM002736	FAM002990	FAM005766	FAM005240	FAM005443	FAM012307	FAM004918	FAM007908	FAM007011	FAM001766	FAM001223	FAM000785	FAM000908	FAM003004	FAM005567	FAM012225	FAM001184	FAM005454	FAM002071	FAM000202	FAM012406	FAM011108	FAM010177	FAM133959	FAM058052	FAM035682	FAM035504	FAM018128
rep538_seed2563	FAM002696	FAM014266	FAM004205	FAM003645	FAM003998	FAM005737	FAM004149	FAM001527	FAM012548	FAM010751	FAM011687	FAM009006	FAM004325	FAM002717	FAM011807	FAM006860	FAM009066	FAM014154	FAM005576	FAM003821	FAM006808	FAM000799	FAM002544	FAM001114	FAM000192	FAM008032	FAM009496	FAM002778	FAM005287	FAM013900	FAM000219	FAM001494	FAM003081	FAM003369	FAM001421	FAM002868	FAM002386	FAM002598	FAM009457	FAM014375	FAM005334	FAM011761	FAM006643	FAM002894	FAM005031	FAM001030	FAM006588	FAM001633	FAM008779	FAM013245	FAM002232	FAM004146	FAM003109	FAM001745	FAM004629	FAM004032	FAM003786	FAM012014	FAM002881	FAM004068	FAM000645	FAM000119	FAM011515	FAM004910	FAM003015	FAM010365	FAM010437	FAM008633	FAM133527	FAM059059	FAM031492	FAM041453	FAM016319
rep539_seed2564	FAM009058	FAM001158	FAM009735	FAM002137	FAM003544	FAM004949	FAM005927	FAM011038	FAM006425	FAM009302	FAM005504	FAM009959	FAM002332	FAM005173	FAM000969	FAM006038	FAM005884	FAM006596	FAM006297	FAM004053	FAM000921	FAM013206	FAM002940	FAM001594	FAM005967	FAM001345	FAM000712	FAM003531	FAM002705	FAM004507	FAM001042	FAM002317	FAM001701	FAM013501	FAM003869	FAM012607	FAM010804	FAM006097	FAM001819	FAM000305	FAM010840	FAM000117	FAM004814	FAM001497	FAM005594	FAM002080	FAM000692	FAM003856	FAM006984	FAM000564	FAM008766	FAM006390	FAM005245	FAM004354	FAM006317	FAM000549	FAM000770	FAM002599	FAM001920	FAM011689	FAM002686	FAM004331	FAM003332	FAM011672	FAM012014	FAM007822	FAM010142	FAM009742	FAM145422	FAM065041	FAM038219	FAM036366	FAM028195
rep540_seed2565	FAM000489	FAM008760	FAM005277	FAM000914	FAM005582	FAM005229	FAM007286	FAM000688	FAM006320	FAM004914	FAM003226	FAM004630	FAM008440	FAM004450	FAM010135	FAM004940	FAM009192	FAM012962	FAM003767	FAM002904	FAM004831	FAM002793	FAM002123	FAM003152	FAM001035	FAM003014	FAM005161	FAM012715	FAM007534	FAM003758	FAM004516	FAM002324	FAM002730	FAM007217	FAM002417	FAM007785	FAM003431	FAM009042	FAM004343	FAM001020	FAM000799	FAM007722	FAM010610	FAM002092	FAM005045	FAM004631	FAM002505	FAM002001	FAM009945	FAM002825	FAM000317	FAM005100	FAM003944	FAM003455	FAM000127	FAM004293	FAM006682	FAM000580	FAM008051	FAM000548	FAM003209	FAM008181	FAM011895	FAM005971	FAM004690	FAM011806	FAM011183	FAM010653	FAM108008	FAM078769	FAM036285	FAM035380	FAM022085
rep541_seed2566	FAM004416	FAM000280	FAM000175	FAM006387	FAM001218	FAM002862	FAM009684	FAM003636	FAM001647	FAM002404	FAM009644	FAM003544	FAM003826	FAM007714	FAM011439	FAM003907	FAM009197	FAM006430	FAM002463	FAM007087	FAM007488	FAM005213	FAM008198	FAM012898	FAM000999	FAM003965	FAM007070	FAM010501	FAM000690	FAM002654	FAM001610	FAM006614	FAM007236	FAM002763	FAM000184	FAM004677	FAM004194	FAM007159	FAM010157	FAM004743	FAM003027	FAM001552	FAM009405	FAM008085	FAM002701	FAM002624	FAM001837	FAM008512	FAM003881	FAM006979	FAM005759	FAM001704	FAM008015	FAM006307	FAM005205	FAM004495	FAM000952	FAM011012	FAM002870	FAM011459	FAM002246	FAM003448	FAM001176	FAM005431	FAM009600	FAM011161	FAM013618	FAM006909	FAM145096	FAM063084	FAM032195	FAM033550	FAM019735
rep542_seed2567	FAM000957	FAM005534	FAM011598	FAM000489	FAM004296	FAM010497	FAM012215	FAM008869	FAM008062	FAM000902	FAM014534	FAM013331	FAM007442	FAM001624	FAM000117	FAM002200	FAM000171	FAM007027	FAM004586	FAM003674	FAM007245	FAM000632	FAM001356	FAM001650	FAM004448	FAM000180	FAM001967	FAM009789	FAM003917	FAM005772	FAM009141	FAM004638	FAM008334	FAM011574	FAM005750	FAM001461	FAM002334	FAM005125	FAM013337	FAM002189	FAM000774	FAM002774	FAM002959	FAM005031	FAM013965	FAM009760	FAM006062	FAM006357	FAM002793	FAM001358	FAM000847	FAM006586	FAM002825	FAM007434	FAM004560	FAM005144	FAM002203	FAM000460	FAM001576	FAM009711	FAM014540	FAM005800	FAM010582	FAM003386	FAM000300	FAM011192	FAM008370	FAM012754	FAM141431	FAM058708	FAM033552	FAM039548	FAM027646
rep543_seed2568	FAM010079	FAM002690	FAM002130	FAM000299	FAM001144	FAM002849	FAM001078	FAM007393	FAM006834	FAM003433	FAM011504	FAM005448	FAM000462	FAM011257	FAM003858	FAM001889	FAM001870	FAM000313	FAM007071	FAM003952	FAM000729	FAM002786	FAM000813	FAM001101	FAM002232	FAM000546	FAM012398	FAM004315	FAM006687	FAM000933	FAM003211	FAM001115	FAM000921	FAM003092	FAM006237	FAM006280	FAM001714	FAM005378	FAM003820	FAM009717	FAM004271	FAM012863	FAM006450	FAM007324	FAM006093	FAM007781	FAM008021	FAM006609	FAM010390	FAM006664	FAM012166	FAM001156	FAM001022	FAM007594	FAM006884	FAM001501	FAM004350	FAM000718	FAM007179	FAM012946	FAM003768	FAM004540	FAM005828	FAM009276	FAM006466	FAM009238	FAM009790	FAM011951	FAM136043	FAM065644	FAM032841	FAM036715	FAM021236
rep544_seed2569	FAM010650	FAM000658	FAM005008	FAM000207	FAM000192	FAM008594	FAM008044	FAM003654	FAM003811	FAM000618	FAM013324	FAM002830	FAM000963	FAM012134	FAM013223	FAM003385	FAM001983	FAM012521	FAM000743	FAM009731	FAM006081	FAM009302	FAM000329	FAM005598	FAM006239	FAM005102	FAM004797	FAM009205	FAM013787	FAM007311	FAM002931	FAM000848	FAM013788	FAM009409	FAM003019	FAM008794	FAM000232	FAM004386	FAM002907	FAM003706	FAM006386	FAM005530	FAM011247	FAM001131	FAM002246	FAM006536	FAM008217	FAM014243	FAM010361	FAM001908	FAM005284	FAM002595	FAM010758	FAM003340	FAM000012	FAM005258	FAM000147	FAM008867	FAM010802	FAM000420	FAM009166	FAM011687	FAM005543	FAM000700	FAM001947	FAM007636	FAM014499	FAM008555	FAM109380	FAM063814	FAM042497	FAM033986	FAM018695
rep545_seed2570	FAM002576	FAM004314	FAM003486	FAM001527	FAM010122	FAM006451	FAM012026	FAM000524	FAM003510	FAM000787	FAM002921	FAM007859	FAM009051	FAM000536	FAM010459	FAM004386	FAM003238	FAM003778	FAM004727	FAM009943	FAM001913	FAM000232	FAM009811	FAM000851	FAM004865	FAM001821	FAM009527	FAM002793	FAM002777	FAM013849	FAM006354	FAM002198	FAM001421	FAM006405	FAM005003	FAM002695	FAM005101	FAM003207	FAM000982	FAM012557	FAM009496	FAM011347	FAM009339	FAM003149	FAM001506	FAM011333	FAM000003	FAM000779	FAM005815	FAM010516	FAM009804	FAM001486	FAM009345	FAM014436	FAM000360	FAM002420	FAM009569	FAM007429	FAM006610	FAM000488	FAM003546	FAM006889	FAM004668	FAM009887	FAM011671	FAM003132	FAM011794	FAM011009	FAM137326	FAM066808	FAM040229	FAM035389	FAM019486
rep546_seed2571	FAM006345	FAM007011	FAM002824	FAM001969	FAM006498	FAM009057	FAM009472	FAM004964	FAM003331	FAM006559	FAM011766	FAM007077	FAM002086	FAM006146	FAM001919	FAM003307	FAM004021	FAM004068	FAM013832	FAM000736	FAM008966	FAM009963	FAM006040	FAM009176	FAM006380	FAM006743	FAM008595	FAM011767	FAM005507	FAM011664	FAM000633	FAM010185	FAM001564	FAM005874	FAM000444	FAM002070	FAM013951	FAM001803	FAM002778	FAM003958	FAM001951	FAM005458	FAM000349	FAM004591	FAM001658	FAM005238	FAM003503	FAM000046	FAM000109	FAM001049	FAM007943	FAM012772	FAM004795	FAM002989	FAM005010	FAM011926	FAM003118	FAM010296	FAM008594	FAM003058	FAM004891	FAM010697	FAM001118	FAM005042	FAM002302	FAM011044	FAM013686	FAM006602	FAM122303	FAM068433	FAM040321	FAM032335	FAM015327
rep547_seed2572	FAM003844	FAM009189	FAM005527	FAM002421	FAM002985	FAM009642	FAM002788	FAM001825	FAM004575	FAM006483	FAM002347	FAM004619	FAM012763	FAM009431	FAM005968	FAM010237	FAM002456	FAM009205	FAM009815	FAM005843	FAM001298	FAM009804	FAM001152	FAM002801	FAM013051	FAM002110	FAM001769	FAM000648	FAM004732	FAM010210	FAM007950	FAM000157	FAM001932	FAM000635	FAM005125	FAM012866	FAM001288	FAM000448	FAM006146	FAM002197	FAM004118	FAM012828	FAM004024	FAM001045	FAM000039	FAM013735	FAM004265	FAM004420	FAM001397	FAM004005	FAM005565	FAM013121	FAM009986	FAM005729	FAM008824	FAM011854	FAM003346	FAM001624	FAM003538	FAM004122	FAM007843	FAM011515	FAM005297	FAM002203	FAM010422	FAM007634	FAM011316	FAM006870	FAM140094	FAM078741	FAM039045	FAM037169	FAM017649
rep548_seed2573	FAM001160	FAM006576	FAM002108	FAM007049	FAM002095	FAM008293	FAM009445	FAM004433	FAM000815	FAM005477	FAM010088	FAM010525	FAM007048	FAM004662	FAM013676	FAM005156	FAM013935	FAM001058	FAM005631	FAM001886	FAM001978	FAM005012	FAM002627	FAM005305	FAM004265	FAM004955	FAM014518	FAM004623	FAM001759	FAM011932	FAM000600	FAM000804	FAM001038	FAM003843	FAM005485	FAM011058	FAM007734	FAM000976	FAM012591	FAM000747	FAM001480	FAM009383	FAM003310	FAM008141	FAM009967	FAM004855	FAM004037	FAM014306	FAM010957	FAM001839	FAM013136	FAM004272	FAM001447	FAM004592	FAM013442	FAM000559	FAM001414	FAM003107	FAM006230	FAM011306	FAM007686	FAM001341	FAM010571	FAM001139	FAM013752	FAM011084	FAM006578	FAM011158	FAM123246	FAM058934	FAM042504	FAM031138	FAM019620
rep549_seed2574	FAM001464	FAM003411	FAM002978	FAM002631	FAM005699	FAM002693	FAM012962	FAM000863	FAM001995	FAM003339	FAM001666	FAM005022	FAM002930	FAM011561	FAM000430	FAM005450	FAM005582	FAM003999	FAM000926	FAM000317	FAM008750	FAM001199	FAM005745	FAM008243	FAM007111	FAM000599	FAM002025	FAM008552	FAM005425	FAM006475	FAM007652	FAM008592	FAM005612	FAM001659	FAM006380	FAM004652	FAM008758	FAM000883	FAM001130	FAM003232	FAM008629	FAM007564	FAM005471	FAM000916	FAM001434	FAM001856	FAM007482	FAM000238	FAM006201	FAM002715	FAM001267	FAM003484	FAM003446	FAM005818	FAM012691	FAM003485	FAM005621	FAM004830	FAM013141	FAM010507	FAM009033	FAM000208	FAM003511	FAM001992	FAM003557	FAM013094	FAM008530	FAM004248	FAM116243	FAM060549	FAM035076	FAM029841	FAM015361
rep550_seed2575	FAM002111	FAM000863	FAM008383	FAM000803	FAM002507	FAM007442	FAM002442	FAM002762	FAM008024	FAM008701	FAM006105	FAM003685	FAM006606	FAM011982	FAM006785	FAM007775	FAM008449	FAM006655	FAM009857	FAM003775	FAM011932	FAM008022	FAM001520	FAM007492	FAM000100	FAM014385	FAM013838	FAM005020	FAM008818	FAM003515	FAM007049	FAM006622	FAM014022	FAM007648	FAM000367	FAM000273	FAM006282	FAM002792	FAM008839	FAM004431	FAM001458	FAM002280	FAM002609	FAM006339	FAM005966	FAM000786	FAM005386	FAM003613	FAM002726	FAM008044	FAM009600	FAM005591	FAM010459	FAM007008	FAM001316	FAM001402	FAM002970	FAM007028	FAM006776	FAM014319	FAM005492	FAM007711	FAM009100	FAM002072	FAM009467	FAM010264	FAM013022	FAM003901	FAM111468	FAM058885	FAM030139	FAM032049	FAM021888
rep551_seed2576	FAM004595	FAM000804	FAM002680	FAM005555	FAM005918	FAM007715	FAM002418	FAM012023	FAM009163	FAM012726	FAM000271	FAM003401	FAM012203	FAM006143	FAM002139	FAM006630	FAM011147	FAM005778	FAM009651	FAM010188	FAM005352	FAM002019	FAM001669	FAM012201	FAM002516	FAM004676	FAM002671	FAM007843	FAM006007	FAM003877	FAM002693	FAM007304	FAM007057	FAM002861	FAM000738	FAM010753	FAM014070	FAM002919	FAM002314	FAM006319	FAM010348	FAM006287	FAM009739	FAM000833	FAM001454	FAM003866	FAM004851	FAM007450	FAM013317	FAM010396	FAM003897	FAM000682	FAM004132	FAM006978	FAM006923	FAM005301	FAM006811	FAM001416	FAM010146	FAM001295	FAM002811	FAM001843	FAM002564	FAM004613	FAM005501	FAM009370	FAM014648	FAM009656	FAM143457	FAM058934	FAM035625	FAM031831	FAM021946
rep552_seed2577	FAM003103	FAM000004	FAM009467	FAM004143	FAM011561	FAM008384	FAM006860	FAM007265	FAM011656	FAM007777	FAM004531	FAM011257	FAM009109	FAM002689	FAM001100	FAM012782	FAM009138	FAM004046	FAM006026	FAM006032	FAM001775	FAM008073	FAM007642	FAM013242	FAM012771	FAM013477	FAM002668	FAM006868	FAM001090	FAM002381	FAM002149	FAM004801	FAM001707	FAM000808	FAM002164	FAM004133	FAM004547	FAM002624	FAM006381	FAM005274	FAM000484	FAM003269	FAM004737	FAM008409	FAM001893	FAM001549	FAM001999	FAM000796	FAM002889	FAM004175	FAM007709	FAM011322	FAM004185	FAM005777	FAM010093	FAM002925	FAM001995	FAM006992	FAM001382	FAM002006	FAM004400	FAM014671	FAM012456	FAM004705	FAM000565	FAM009285	FAM008362	FAM007901	FAM130280	FAM064186	FAM030830	FAM039079	FAM024976
rep553_seed2578	FAM007245	FAM001030	FAM004167	FAM009063	FAM012143	FAM004556	FAM003887	FAM002857	FAM009959	FAM001510	FAM006803	FAM008347	FAM002265	FAM004508	FAM001790	FAM002925	FAM012363	FAM010299	FAM013136	FAM004544	FAM000987	FAM003387	FAM003137	FAM007578	FAM005049	FAM007945	FAM006240	FAM006788	FAM002455	FAM011443	FAM006075	FAM009437	FAM002101	FAM001199	FAM010003	FAM011396	FAM007809	FAM004795	FAM000033	FAM007246	FAM001820	FAM001278	FAM002693	FAM010196	FAM000031	FAM006686	FAM008867	FAM004165	FAM002890	FAM002471	FAM009637	FAM002664	FAM010028	FAM003176	FAM001228	FAM007563	FAM008655	FAM001489	FAM009191	FAM001843	FAM005599	FAM010386	FAM002336	FAM004631	FAM001492	FAM009482	FAM009774	FAM012802	FAM119251	FAM065125	FAM042058	FAM044462	FAM021865
rep554_seed2579	FAM000348	FAM002095	FAM014243	FAM008592	FAM004876	FAM007136	FAM002491	FAM001150	FAM012707	FAM002646	FAM011102	FAM010970	FAM006381	FAM002534	FAM002008	FAM000395	FAM008728	FAM008318	FAM005490	FAM006965	FAM008706	FAM003312	FAM008796	FAM006182	FAM005751	FAM002318	FAM000016	FAM001523	FAM000790	FAM003424	FAM004078	FAM006083	FAM008369	FAM013796	FAM004198	FAM000901	FAM001398	FAM008302	FAM001926	FAM013417	FAM008017	FAM000743	FAM002350	FAM006204	FAM003437	FAM012489	FAM011594	FAM002195	FAM001736	FAM005410	FAM005828	FAM005066	FAM003545	FAM001038	FAM000986	FAM004385	FAM000546	FAM009680	FAM006015	FAM003169	FAM001982	FAM010422	FAM005727	FAM008971	FAM003822	FAM004473	FAM014395	FAM011913	FAM112828	FAM077767	FAM038865	FAM034744	FAM015792
rep555_seed2580	FAM006515	FAM007711	FAM007200	FAM008881	FAM007688	FAM012464	FAM003432	FAM012582	FAM013274	FAM001570	FAM009911	FAM012915	FAM007283	FAM009875	FAM000589	FAM005126	FAM002174	FAM005224	FAM004884	FAM011761	FAM000918	FAM002818	FAM000158	FAM000133	FAM000054	FAM000238	FAM006601	FAM005949	FAM007551	FAM001967	FAM002058	FAM000347	FAM001165	FAM007277	FAM003249	FAM010180	FAM001095	FAM000394	FAM005171	FAM001973	FAM009939	FAM012261	FAM008538	FAM001693	FAM001971	FAM009120	FAM010497	FAM004785	FAM007627	FAM004659	FAM001053	FAM003028	FAM003049	FAM002995	FAM000905	FAM003192	FAM001936	FAM010023	FAM007929	FAM009162	FAM000779	FAM005202	FAM010226	FAM000101	FAM004630	FAM010589	FAM006037	FAM012789	FAM121243	FAM067947	FAM030871	FAM033297	FAM028950
rep556_seed2581	FAM002689	FAM006813	FAM007753	FAM001471	FAM010720	FAM001287	FAM000231	FAM010802	FAM001989	FAM003221	FAM012687	FAM008125	FAM012422	FAM005663	FAM005166	FAM002963	FAM003839	FAM000547	FAM003664	FAM002127	FAM007055	FAM002034	FAM000926	FAM002024	FAM001005	FAM000560	FAM011525	FAM005504	FAM004163	FAM002979	FAM006638	FAM006008	FAM001647	FAM004277	FAM003979	FAM000528	FAM002413	FAM005968	FAM005978	FAM006563	FAM011390	FAM004416	FAM003488	FAM002386	FAM004455	FAM010488	FAM000017	FAM002285	FAM007945	FAM002757	FAM002156	FAM007132	FAM004198	FAM000602	FAM006299	FAM000170	FAM003437	FAM008903	FAM002053	FAM003876	FAM002987	FAM014412	FAM004000	FAM000340	FAM001409	FAM013860	FAM009951	FAM010740	FAM141501	FAM063651	FAM039037	FAM031465	FAM016468
rep557_seed2582	FAM003335	FAM012809	FAM003862	FAM009710	FAM014342	FAM004645	FAM014141	FAM006927	FAM001947	FAM002934	FAM002577	FAM009966	FAM012741	FAM000357	FAM006686	FAM002759	FAM007883	FAM013120	FAM002961	FAM000144	FAM004745	FAM002909	FAM005443	FAM008015	FAM006648	FAM002590	FAM006272	FAM003021	FAM000776	FAM004827	FAM010443	FAM011467	FAM005888	FAM011247	FAM003083	FAM001310	FAM006242	FAM007541	FAM012605	FAM006760	FAM007305	FAM000269	FAM007563	FAM005990	FAM000698	FAM007480	FAM007149	FAM011285	FAM010104	FAM010967	FAM002238	FAM004263	FAM005925	FAM014317	FAM004543	FAM001944	FAM003112	FAM006306	FAM008888	FAM001453	FAM006534	FAM000919	FAM009644	FAM010447	FAM011608	FAM009992	FAM005316	FAM012412	FAM114047	FAM066112	FAM041915	FAM041191	FAM023885
rep558_seed2583	FAM004433	FAM007563	FAM007534	FAM001449	FAM012721	FAM010074	FAM000604	FAM004918	FAM001651	FAM001047	FAM004689	FAM004469	FAM007191	FAM001192	FAM002429	FAM014646	FAM000524	FAM010202	FAM005071	FAM005595	FAM009233	FAM003042	FAM000728	FAM002316	FAM008314	FAM005805	FAM002304	FAM002641	FAM007055	FAM001125	FAM006664	FAM004082	FAM008287	FAM007304	FAM003536	FAM010299	FAM007456	FAM004581	FAM010608	FAM004877	FAM014225	FAM013721	FAM003212	FAM000391	FAM009470	FAM001823	FAM004955	FAM001230	FAM007393	FAM002070	FAM000521	FAM004065	FAM000818	FAM003348	FAM008712	FAM009192	FAM000309	FAM000311	FAM004232	FAM004280	FAM007888	FAM005665	FAM003783	FAM006476	FAM000480	FAM013629	FAM013270	FAM013376	FAM129605	FAM066965	FAM037497	FAM034148	FAM020442
rep559_seed2584	FAM003172	FAM008126	FAM007627	FAM009699	FAM005848	FAM013754	FAM001934	FAM007849	FAM003934	FAM010516	FAM000097	FAM008772	FAM013245	FAM005476	FAM002837	FAM008416	FAM008374	FAM001811	FAM006303	FAM003317	FAM002197	FAM007626	FAM002301	FAM004087	FAM004726	FAM006412	FAM010413	FAM009872	FAM004846	FAM001656	FAM005208	FAM005812	FAM008553	FAM000993	FAM007456	FAM008108	FAM006786	FAM009989	FAM009980	FAM001319	FAM000029	FAM009781	FAM001723	FAM008312	FAM001006	FAM009446	FAM002673	FAM006556	FAM001571	FAM003761	FAM003389	FAM002149	FAM006030	FAM000183	FAM004236	FAM000498	FAM004307	FAM001477	FAM005524	FAM001809	FAM008157	FAM007435	FAM006982	FAM000326	FAM006709	FAM007838	FAM009199	FAM009133	FAM143644	FAM060629	FAM034885	FAM037688	FAM016338
rep560_seed2585	FAM010016	FAM002500	FAM004959	FAM001278	FAM007883	FAM006538	FAM003272	FAM001259	FAM002287	FAM008660	FAM001019	FAM002946	FAM005321	FAM013234	FAM006283	FAM003479	FAM014471	FAM006469	FAM003605	FAM002686	FAM004738	FAM002105	FAM001700	FAM008056	FAM010978	FAM002874	FAM001497	FAM002829	FAM008799	FAM002836	FAM003896	FAM005867	FAM003611	FAM002581	FAM009968	FAM010425	FAM002219	FAM000356	FAM001945	FAM005220	FAM003449	FAM003312	FAM003601	FAM003127	FAM004247	FAM007096	FAM003633	FAM001102	FAM001616	FAM007464	FAM009386	FAM008399	FAM001084	FAM008517	FAM000619	FAM006699	FAM005962	FAM003758	FAM006470	FAM000029	FAM002371	FAM005418	FAM001037	FAM003182	FAM001369	FAM013184	FAM010227	FAM007498	FAM113786	FAM058447	FAM037958	FAM035740	FAM026024
rep561_seed2586	FAM000729	FAM003328	FAM004507	FAM001780	FAM008022	FAM003312	FAM012502	FAM014698	FAM001072	FAM002347	FAM004494	FAM007242	FAM005459	FAM000183	FAM009305	FAM003924	FAM013273	FAM003439	FAM006731	FAM014268	FAM002210	FAM003331	FAM005962	FAM004080	FAM004424	FAM001994	FAM013085	FAM002822	FAM005904	FAM004832	FAM001505	FAM001534	FAM001105	FAM006599	FAM005483	FAM006425	FAM003448	FAM003511	FAM001002	FAM005241	FAM002050	FAM009404	FAM012736	FAM010746	FAM002732	FAM001073	FAM004596	FAM001533	FAM011448	FAM001299	FAM003271	FAM007758	FAM005814	FAM004211	FAM000631	FAM004017	FAM005736	FAM002371	FAM005431	FAM002829	FAM001740	FAM000934	FAM005779	FAM005875	FAM003817	FAM008806	FAM009722	FAM013920	FAM131950	FAM062910	FAM038196	FAM039180	FAM024042
rep562_seed2587	FAM002383	FAM002982	FAM001758	FAM008559	FAM000360	FAM001646	FAM003811	FAM006218	FAM000821	FAM005344	FAM000301	FAM003388	FAM004414	FAM000080	FAM004063	FAM002152	FAM003625	FAM002679	FAM000173	FAM004289	FAM013276	FAM005001	FAM002374	FAM005435	FAM000244	FAM002135	FAM004990	FAM004197	FAM009393	FAM006662	FAM002767	FAM003510	FAM012060	FAM005892	FAM005247	FAM013123	FAM003011	FAM013312	FAM004024	FAM008670	FAM009560	FAM001999	FAM003614	FAM002574	FAM007694	FAM001647	FAM005637	FAM004908	FAM002019	FAM003554	FAM001867	FAM001142	FAM005713	FAM003360	FAM006246	FAM009298	FAM000258	FAM004875	FAM005458	FAM001635	FAM010573	FAM004975	FAM009935	FAM004059	FAM004123	FAM010038	FAM006219	FAM007322	FAM109568	FAM058994	FAM037397	FAM041242	FAM027791
rep563_seed2588	FAM010893	FAM000284	FAM008823	FAM001777	FAM011500	FAM007535	FAM004378	FAM009963	FAM013621	FAM008218	FAM003474	FAM002527	FAM003611	FAM006871	FAM003669	FAM001791	FAM000413	FAM005114	FAM000120	FAM000614	FAM008866	FAM002427	FAM003219	FAM011396	FAM006764	FAM004620	FAM006983	FAM005762	FAM004530	FAM000791	FAM012173	FAM000278	FAM005331	FAM004138	FAM013223	FAM001452	FAM012738	FAM001654	FAM000193	FAM011754	FAM000133	FAM004324	FAM014575	FAM007965	FAM008977	FAM006788	FAM006199	FAM001974	FAM002113	FAM003722	FAM004818	FAM009970	FAM005813	FAM001154	FAM008805	FAM012075	FAM004150	FAM002855	FAM009302	FAM008120	FAM001583	FAM010358	FAM008379	FAM003030	FAM008288	FAM010007	FAM013160	FAM010843	FAM121424	FAM067708	FAM035931	FAM034763	FAM016869
rep564_seed2589	FAM005080	FAM000648	FAM014408	FAM011143	FAM001376	FAM013729	FAM003633	FAM005830	FAM007526	FAM005475	FAM005652	FAM006236	FAM005191	FAM000830	FAM005359	FAM001456	FAM002953	FAM002989	FAM004514	FAM000150	FAM000974	FAM002515	FAM005781	FAM004293	FAM010570	FAM008070	FAM002909	FAM003657	FAM002653	FAM000433	FAM003216	FAM003335	FAM007368	FAM005877	FAM003265	FAM006075	FAM008037	FAM007722	FAM005186	FAM003199	FAM008799	FAM014254	FAM000524	FAM009770	FAM008304	FAM003570	FAM008914	FAM001654	FAM006296	FAM006185	FAM009327	FAM006825	FAM002808	FAM002154	FAM001956	FAM009431	FAM003863	FAM001519	FAM002758	FAM003649	FAM004620	FAM002470	FAM002506	FAM002984	FAM001936	FAM010907	FAM004580	FAM012226	FAM110103	FAM071146	FAM035822	FAM037410	FAM017381
rep565_seed2590	FAM000145	FAM004620	FAM005479	FAM005500	FAM000816	FAM007656	FAM004848	FAM001844	FAM000396	FAM000388	FAM001258	FAM006157	FAM000091	FAM001590	FAM005088	FAM007096	FAM006785	FAM007941	FAM001020	FAM004984	FAM010315	FAM007592	FAM006658	FAM005995	FAM007810	FAM005649	FAM006134	FAM009941	FAM000982	FAM003843	FAM003238	FAM011589	FAM004765	FAM005730	FAM003861	FAM014003	FAM004994	FAM008986	FAM005523	FAM005692	FAM006694	FAM007753	FAM003074	FAM006923	FAM002232	FAM000104	FAM004437	FAM001150	FAM005921	FAM002522	FAM004101	FAM006320	FAM008165	FAM008943	FAM009715	FAM001667	FAM014458	FAM004395	FAM009763	FAM004338	FAM006781	FAM012367	FAM008908	FAM009638	FAM010028	FAM008036	FAM011971	FAM003508	FAM119853	FAM064031	FAM032727	FAM039074	FAM017277
rep566_seed2591	FAM004128	FAM002224	FAM003190	FAM005790	FAM004972	FAM001455	FAM009970	FAM004640	FAM001874	FAM002886	FAM002989	FAM000825	FAM001180	FAM007350	FAM002010	FAM008547	FAM001034	FAM007945	FAM001392	FAM009056	FAM000647	FAM006816	FAM000604	FAM011825	FAM001131	FAM007183	FAM006852	FAM006846	FAM003216	FAM010202	FAM013417	FAM001360	FAM001651	FAM003629	FAM004607	FAM002434	FAM005695	FAM007873	FAM001617	FAM004065	FAM005983	FAM006637	FAM004165	FAM000367	FAM012531	FAM004004	FAM009260	FAM006992	FAM006875	FAM002195	FAM006728	FAM002207	FAM001374	FAM002703	FAM002754	FAM003031	FAM002273	FAM007720	FAM001965	FAM011665	FAM009099	FAM014064	FAM013678	FAM005808	FAM007685	FAM004724	FAM008782	FAM009319	FAM137191	FAM068970	FAM033837	FAM041073	FAM017643
rep567_seed2592	FAM013751	FAM007278	FAM002963	FAM000455	FAM009080	FAM004686	FAM001585	FAM008733	FAM003338	FAM002999	FAM005687	FAM007514	FAM003911	FAM014498	FAM013500	FAM004461	FAM007518	FAM005331	FAM002361	FAM008561	FAM007657	FAM012646	FAM009219	FAM002177	FAM000971	FAM004289	FAM002829	FAM012738	FAM010475	FAM011863	FAM009857	FAM009144	FAM006672	FAM002715	FAM003460	FAM005524	FAM006062	FAM004218	FAM001296	FAM011412	FAM010558	FAM003219	FAM013781	FAM007010	FAM001570	FAM001476	FAM003363	FAM003515	FAM002466	FAM007674	FAM007213	FAM002214	FAM004843	FAM004897	FAM012879	FAM002443	FAM005863	FAM005125	FAM006198	FAM001722	FAM008536	FAM006682	FAM001337	FAM002577	FAM004682	FAM009085	FAM009220	FAM007040	FAM124552	FAM061284	FAM030365	FAM039188	FAM026633
rep568_seed2593	FAM004554	FAM009005	FAM002554	FAM003604	FAM010385	FAM005654	FAM005010	FAM003984	FAM012502	FAM006972	FAM014341	FAM001970	FAM001588	FAM000797	FAM001779	FAM001515	FAM002398	FAM011104	FAM000635	FAM000705	FAM005756	FAM003216	FAM004206	FAM001412	FAM001255	FAM005376	FAM002326	FAM006610	FAM003262	FAM009481	FAM014565	FAM008712	FAM006414	FAM004050	FAM000609	FAM005208	FAM006655	FAM005940	FAM007563	FAM006538	FAM003986	FAM014619	FAM007157	FAM001335	FAM005261	FAM009831	FAM003115	FAM006529	FAM005057	FAM003347	FAM007313	FAM001347	FAM005962	FAM003968	FAM003775	FAM007528	FAM003710	FAM007478	FAM000326	FAM000618	FAM010746	FAM004769	FAM004189	FAM002875	FAM011827	FAM012347	FAM011316	FAM013591	FAM116243	FAM058701	FAM039502	FAM040577	FAM024125
rep569_seed2594	FAM011899	FAM004576	FAM000689	FAM004755	FAM002628	FAM009804	FAM007223	FAM004609	FAM002989	FAM005844	FAM004714	FAM011200	FAM013847	FAM001348	FAM004764	FAM001327	FAM003518	FAM003609	FAM000333	FAM008333	FAM007288	FAM004412	FAM000588	FAM013832	FAM010502	FAM009232	FAM003957	FAM001974	FAM000042	FAM003974	FAM001354	FAM012612	FAM000312	FAM008477	FAM002432	FAM001484	FAM001052	FAM001870	FAM000527	FAM006753	FAM002023	FAM010372	FAM002581	FAM003709	FAM002311	FAM003354	FAM013834	FAM004940	FAM013624	FAM003959	FAM004696	FAM007607	FAM014458	FAM006208	FAM013072	FAM012724	FAM006433	FAM005581	FAM008347	FAM002177	FAM008232	FAM005927	FAM014466	FAM010387	FAM012250	FAM011663	FAM010841	FAM007672	FAM121931	FAM065398	FAM030852	FAM030501	FAM023974
rep570_seed2595	FAM004492	FAM011592	FAM014064	FAM012438	FAM004215	FAM002500	FAM001933	FAM002336	FAM003455	FAM003287	FAM013616	FAM008037	FAM005283	FAM006206	FAM012582	FAM001764	FAM008990	FAM009298	FAM011497	FAM001690	FAM010354	FAM001646	FAM006410	FAM000592	FAM002153	FAM005393	FAM002578	FAM010522	FAM009249	FAM001028	FAM000168	FAM004299	FAM000675	FAM004986	FAM008546	FAM009570	FAM002758	FAM008252	FAM001125	FAM009284	FAM002951	FAM012335	FAM013937	FAM007078	FAM001560	FAM003071	FAM013242	FAM014480	FAM006142	FAM004510	FAM002956	FAM004035	FAM009661	FAM000664	FAM006959	FAM002386	FAM004073	FAM013477	FAM000604	FAM002306	FAM009388	FAM002851	FAM003759	FAM007737	FAM009207	FAM010633	FAM014506	FAM010181	FAM124272	FAM058739	FAM041341	FAM039020	FAM022991
rep571_seed2596	FAM006071	FAM001376	FAM002702	FAM009150	FAM005415	FAM003554	FAM006745	FAM004262	FAM001220	FAM003817	FAM006013	FAM009476	FAM009916	FAM008083	FAM006087	FAM000440	FAM003645	FAM010652	FAM012848	FAM005747	FAM001550	FAM006886	FAM001136	FAM002982	FAM007915	FAM012100	FAM005365	FAM000491	FAM005695	FAM002225	FAM003476	FAM007803	FAM007319	FAM006161	FAM003710	FAM013921	FAM004824	FAM008932	FAM000930	FAM006386	FAM001712	FAM006868	FAM006439	FAM002513	FAM013965	FAM002032	FAM008957	FAM007819	FAM001038	FAM006364	FAM005104	FAM002070	FAM003652	FAM007753	FAM005892	FAM000593	FAM014197	FAM001458	FAM006007	FAM011277	FAM000016	FAM011293	FAM007340	FAM011294	FAM011434	FAM008247	FAM009571	FAM011274	FAM136414	FAM059388	FAM048046	FAM030483	FAM023396
rep572_seed2597	FAM008960	FAM005637	FAM003215	FAM004630	FAM014646	FAM000563	FAM010731	FAM009988	FAM000703	FAM008308	FAM006054	FAM008417	FAM012748	FAM006178	FAM008818	FAM006630	FAM004414	FAM009449	FAM006657	FAM001636	FAM006217	FAM000719	FAM004611	FAM004706	FAM008888	FAM002868	FAM002455	FAM013212	FAM000544	FAM004339	FAM002702	FAM004790	FAM000002	FAM012794	FAM002107	FAM005263	FAM004761	FAM010554	FAM002506	FAM005249	FAM002639	FAM010823	FAM001482	FAM002188	FAM001836	FAM002885	FAM002781	FAM010646	FAM001840	FAM005498	FAM001877	FAM011822	FAM006420	FAM010775	FAM002917	FAM004748	FAM001553	FAM000093	FAM012741	FAM010123	FAM004490	FAM004773	FAM013069	FAM000441	FAM006347	FAM014470	FAM009604	FAM007588	FAM108182	FAM064869	FAM038411	FAM040537	FAM027522
rep573_seed2598	FAM005284	FAM003645	FAM008460	FAM011248	FAM012350	FAM008284	FAM003484	FAM013118	FAM002283	FAM001222	FAM004004	FAM001472	FAM011104	FAM004013	FAM003216	FAM003655	FAM009291	FAM007285	FAM011029	FAM007212	FAM010703	FAM014279	FAM000793	FAM007648	FAM013976	FAM010073	FAM004820	FAM013425	FAM001613	FAM001376	FAM005106	FAM004530	FAM002071	FAM003255	FAM013866	FAM012477	FAM005097	FAM002602	FAM014505	FAM004692	FAM014264	FAM008718	FAM012678	FAM007316	FAM000982	FAM007016	FAM000804	FAM002291	FAM014479	FAM006442	FAM012123	FAM006551	FAM010911	FAM001159	FAM009286	FAM002025	FAM002214	FAM006563	FAM006345	FAM006499	FAM011807	FAM004364	FAM002189	FAM009650	FAM001177	FAM011334	FAM010234	FAM007808	FAM108418	FAM077915	FAM037974	FAM040143	FAM025460
rep574_seed2599	FAM001095	FAM004451	FAM010447	FAM005238	FAM007012	FAM003088	FAM003178	FAM003428	FAM004457	FAM008395	FAM011451	FAM009381	FAM000204	FAM010283	FAM012515	FAM004474	FAM001623	FAM007844	FAM000648	FAM000761	FAM001030	FAM001874	FAM000486	FAM011427	FAM011932	FAM004333	FAM008311	FAM004165	FAM001404	FAM014341	FAM003842	FAM004405	FAM001128	FAM004502	FAM014016	FAM003372	FAM004524	FAM006701	FAM002696	FAM004782	FAM005874	FAM008557	FAM006370	FAM003915	FAM001520	FAM004144	FAM001601	FAM002108	FAM001454	FAM003850	FAM003399	FAM001883	FAM010241	FAM005765	FAM001474	FAM009670	FAM002525	FAM000988	FAM012237	FAM010870	FAM003564	FAM005246	FAM005652	FAM003814	FAM009723	FAM009743	FAM013738	FAM012730	FAM118220	FAM068256	FAM040518	FAM037534	FAM017667
rep575_seed2600	FAM003812	FAM005590	FAM007541	FAM008823	FAM001393	FAM012109	FAM007203	FAM000024	FAM005658	FAM002835	FAM004652	FAM002822	FAM005068	FAM002446	FAM000841	FAM003659	FAM000574	FAM001023	FAM002323	FAM008132	FAM001212	FAM005732	FAM000678	FAM001098	FAM001958	FAM006959	FAM002654	FAM006192	FAM006939	FAM001822	FAM001982	FAM002995	FAM004515	FAM006677	FAM000858	FAM009181	FAM002438	FAM010497	FAM000802	FAM005469	FAM011599	FAM008399	FAM003710	FAM006400	FAM008933	FAM001136	FAM013729	FAM003006	FAM001083	FAM001270	FAM002221	FAM000982	FAM001898	FAM004457	FAM007054	FAM008312	FAM000663	FAM003716	FAM013349	FAM011409	FAM013120	FAM006140	FAM002241	FAM000315	FAM009415	FAM010470	FAM007646	FAM013491	FAM140695	FAM064479	FAM030909	FAM040293	FAM018342
rep576_seed2601	FAM000791	FAM004010	FAM000587	FAM011345	FAM003743	FAM005845	FAM011467	FAM010072	FAM006946	FAM004128	FAM012020	FAM002485	FAM008162	FAM007358	FAM010231	FAM004475	FAM005586	FAM003885	FAM003227	FAM002738	FAM006900	FAM003226	FAM000061	FAM002866	FAM002997	FAM008997	FAM001302	FAM009013	FAM011427	FAM011576	FAM005241	FAM005076	FAM011281	FAM005813	FAM001504	FAM012222	FAM006759	FAM003512	FAM007108	FAM003143	FAM003084	FAM008883	FAM002212	FAM003490	FAM013953	FAM006466	FAM010398	FAM004829	FAM011582	FAM001711	FAM004511	FAM005964	FAM001680	FAM013929	FAM003320	FAM008560	FAM001727	FAM005430	FAM002898	FAM009119	FAM002489	FAM002830	FAM001622	FAM006424	FAM004838	FAM009649	FAM013881	FAM009602	FAM125335	FAM064096	FAM035822	FAM039067	FAM029085
rep577_seed2602	FAM006555	FAM006168	FAM011791	FAM007515	FAM008723	FAM005010	FAM001012	FAM005179	FAM004612	FAM009400	FAM008263	FAM004419	FAM002530	FAM007482	FAM014213	FAM007747	FAM004590	FAM003523	FAM012877	FAM013279	FAM006043	FAM008309	FAM003718	FAM010015	FAM003485	FAM003406	FAM010224	FAM006337	FAM014483	FAM007682	FAM009383	FAM008603	FAM008963	FAM004178	FAM003090	FAM000332	FAM006209	FAM006841	FAM005737	FAM001237	FAM007244	FAM000753	FAM000317	FAM006187	FAM002195	FAM010538	FAM002959	FAM007698	FAM014165	FAM010569	FAM010801	FAM003029	FAM005098	FAM000615	FAM001704	FAM003424	FAM006889	FAM002895	FAM010302	FAM002253	FAM002426	FAM009062	FAM002603	FAM009345	FAM003840	FAM009164	FAM010132	FAM014592	FAM133106	FAM061177	FAM040229	FAM030293	FAM026827
rep578_seed2603	FAM006357	FAM005530	FAM011861	FAM010798	FAM001483	FAM005036	FAM001674	FAM000636	FAM000490	FAM000732	FAM001344	FAM010970	FAM009058	FAM002159	FAM013116	FAM007781	FAM004871	FAM004678	FAM004342	FAM001640	FAM002260	FAM001367	FAM003274	FAM011013	FAM002962	FAM000323	FAM009208	FAM000638	FAM004337	FAM003780	FAM005732	FAM009457	FAM007995	FAM002380	FAM002465	FAM012533	FAM001303	FAM001197	FAM004952	FAM002571	FAM013892	FAM004436	FAM002366	FAM007003	FAM008763	FAM003635	FAM010777	FAM014408	FAM002773	FAM003317	FAM012851	FAM009707	FAM009409	FAM004936	FAM007991	FAM005048	FAM003276	FAM007742	FAM002637	FAM007607	FAM010417	FAM004481	FAM004625	FAM004384	FAM000668	FAM011458	FAM009990	FAM011928	FAM127352	FAM064333	FAM041119	FAM040652	FAM021236
rep579_seed2604	FAM000100	FAM002978	FAM001082	FAM011247	FAM007888	FAM006028	FAM009597	FAM007515	FAM005793	FAM012335	FAM011866	FAM010864	FAM006389	FAM005477	FAM013214	FAM005222	FAM002966	FAM007941	FAM009302	FAM003999	FAM009144	FAM007005	FAM005683	FAM002735	FAM003399	FAM013398	FAM001823	FAM006150	FAM006039	FAM005042	FAM007488	FAM007896	FAM000766	FAM010467	FAM006041	FAM003314	FAM001985	FAM014307	FAM004952	FAM001836	FAM001071	FAM004591	FAM008423	FAM012269	FAM001264	FAM002550	FAM001451	FAM003495	FAM004280	FAM002615	FAM004564	FAM000259	FAM000207	FAM006577	FAM007874	FAM001196	FAM001877	FAM011655	FAM006856	FAM004860	FAM002717	FAM007586	FAM005512	FAM007146	FAM000970	FAM011295	FAM013618	FAM007639	FAM120873	FAM063964	FAM042182	FAM029703	FAM027646
rep580_seed2605	FAM004598	FAM008297	FAM009119	FAM004027	FAM002818	FAM003319	FAM008664	FAM004246	FAM003702	FAM001111	FAM000192	FAM008839	FAM007698	FAM004450	FAM003760	FAM001504	FAM001532	FAM007485	FAM004960	FAM000225	FAM003058	FAM004260	FAM000917	FAM000832	FAM011730	FAM000259	FAM000047	FAM000444	FAM002988	FAM006245	FAM006592	FAM003783	FAM005274	FAM002160	FAM008969	FAM010413	FAM002453	FAM006108	FAM006957	FAM002884	FAM001617	FAM003738	FAM002344	FAM000262	FAM009452	FAM007774	FAM007677	FAM012507	FAM004073	FAM009746	FAM002979	FAM010793	FAM001519	FAM008128	FAM002108	FAM006938	FAM005041	FAM007586	FAM003616	FAM004994	FAM004846	FAM009564	FAM005818	FAM005439	FAM008796	FAM012709	FAM010729	FAM006799	FAM134452	FAM060442	FAM035538	FAM033045	FAM019765
rep581_seed2606	FAM002289	FAM001090	FAM007512	FAM005928	FAM013648	FAM007893	FAM004665	FAM000295	FAM013391	FAM001835	FAM007853	FAM005029	FAM012840	FAM007060	FAM002155	FAM008746	FAM005065	FAM005375	FAM009611	FAM007507	FAM000008	FAM004376	FAM002576	FAM004416	FAM000734	FAM004503	FAM006448	FAM000553	FAM008412	FAM009298	FAM003514	FAM008108	FAM013780	FAM001902	FAM000326	FAM000506	FAM008291	FAM000705	FAM003365	FAM006154	FAM004775	FAM010551	FAM000962	FAM003255	FAM011409	FAM001494	FAM011328	FAM004379	FAM012975	FAM007720	FAM010611	FAM007105	FAM008031	FAM000396	FAM006446	FAM003958	FAM004659	FAM000760	FAM000906	FAM010288	FAM002758	FAM010788	FAM009739	FAM008729	FAM004947	FAM007467	FAM006344	FAM013645	FAM126616	FAM069090	FAM040792	FAM033651	FAM028679
rep582_seed2607	FAM006634	FAM008350	FAM014097	FAM008326	FAM013427	FAM004357	FAM001964	FAM003555	FAM000288	FAM012567	FAM008840	FAM001339	FAM009457	FAM005296	FAM009707	FAM000603	FAM011515	FAM002583	FAM014695	FAM003629	FAM001097	FAM003288	FAM014479	FAM008440	FAM004061	FAM011149	FAM001746	FAM003160	FAM007941	FAM001045	FAM010477	FAM005999	FAM002947	FAM003323	FAM002044	FAM005888	FAM002218	FAM004810	FAM011374	FAM003306	FAM014421	FAM005759	FAM012031	FAM008261	FAM009712	FAM003185	FAM008502	FAM004943	FAM009289	FAM005594	FAM008466	FAM003655	FAM006874	FAM003644	FAM002740	FAM003098	FAM003733	FAM000109	FAM000445	FAM011288	FAM004562	FAM003319	FAM008915	FAM011453	FAM001365	FAM009086	FAM008273	FAM010955	FAM114573	FAM057805	FAM042553	FAM036748	FAM015969
rep583_seed2608	FAM003467	FAM002826	FAM004690	FAM007087	FAM001130	FAM009515	FAM008092	FAM008447	FAM000069	FAM009529	FAM010922	FAM003261	FAM000807	FAM003652	FAM008792	FAM002198	FAM000983	FAM000293	FAM003869	FAM000298	FAM007710	FAM003063	FAM001983	FAM006310	FAM004952	FAM010364	FAM002494	FAM001419	FAM004523	FAM005103	FAM001680	FAM008728	FAM002149	FAM004027	FAM014698	FAM004263	FAM001161	FAM000577	FAM000804	FAM007031	FAM013788	FAM010375	FAM004311	FAM013621	FAM008974	FAM002885	FAM001720	FAM002679	FAM009669	FAM002019	FAM011844	FAM012867	FAM002698	FAM004372	FAM004705	FAM008302	FAM001313	FAM000290	FAM008709	FAM004233	FAM007305	FAM000185	FAM005752	FAM003727	FAM001016	FAM008177	FAM006463	FAM011614	FAM123478	FAM059952	FAM040118	FAM033504	FAM026819
rep584_seed2609	FAM006737	FAM004571	FAM001334	FAM008106	FAM000184	FAM004805	FAM002175	FAM010140	FAM005892	FAM006436	FAM010497	FAM002302	FAM009268	FAM006167	FAM002710	FAM014353	FAM000170	FAM000768	FAM001802	FAM012962	FAM002477	FAM000409	FAM005026	FAM007740	FAM003541	FAM011514	FAM007752	FAM000756	FAM011248	FAM003258	FAM007592	FAM002187	FAM000722	FAM001760	FAM001497	FAM000873	FAM002481	FAM007052	FAM000536	FAM000076	FAM003897	FAM010167	FAM003798	FAM013154	FAM005503	FAM000966	FAM005575	FAM001297	FAM003225	FAM001119	FAM000036	FAM001515	FAM010300	FAM006294	FAM006438	FAM003093	FAM000661	FAM001729	FAM004416	FAM012876	FAM002061	FAM005455	FAM002830	FAM007610	FAM000522	FAM008958	FAM014484	FAM010680	FAM132274	FAM060838	FAM030429	FAM031372	FAM025066
rep585_seed2610	FAM000285	FAM006476	FAM011925	FAM004614	FAM000138	FAM009642	FAM002362	FAM001497	FAM002556	FAM002593	FAM008427	FAM012250	FAM007453	FAM010475	FAM009289	FAM003324	FAM004571	FAM002566	FAM003405	FAM008888	FAM010811	FAM000169	FAM002132	FAM001892	FAM003154	FAM003851	FAM010560	FAM006184	FAM008923	FAM007659	FAM004676	FAM006814	FAM006732	FAM004634	FAM004225	FAM002720	FAM008193	FAM001397	FAM001186	FAM005468	FAM002113	FAM011473	FAM013986	FAM002105	FAM010756	FAM001761	FAM004757	FAM011680	FAM003142	FAM001790	FAM003285	FAM004330	FAM002949	FAM001535	FAM000809	FAM002284	FAM005478	FAM005119	FAM009816	FAM000469	FAM005557	FAM001766	FAM006420	FAM013929	FAM007402	FAM011513	FAM009453	FAM012789	FAM146363	FAM065125	FAM035195	FAM043571	FAM021520
rep586_seed2611	FAM012723	FAM002910	FAM008544	FAM011230	FAM004574	FAM001372	FAM009935	FAM004885	FAM010685	FAM006403	FAM004334	FAM004790	FAM000518	FAM004501	FAM010977	FAM012699	FAM001651	FAM006441	FAM003529	FAM006934	FAM010342	FAM002994	FAM000287	FAM003052	FAM002439	FAM010405	FAM002807	FAM005863	FAM005083	FAM011828	FAM001083	FAM012975	FAM003705	FAM011985	FAM005661	FAM003565	FAM007652	FAM007399	FAM007657	FAM011715	FAM006893	FAM008783	FAM003858	FAM007458	FAM004970	FAM001631	FAM002091	FAM000037	FAM007355	FAM005219	FAM005970	FAM008997	FAM003976	FAM006031	FAM002895	FAM014524	FAM010543	FAM003178	FAM008282	FAM002836	FAM009514	FAM000388	FAM005837	FAM000765	FAM003422	FAM014138	FAM011623	FAM013745	FAM144881	FAM064889	FAM032397	FAM029323	FAM027337
rep587_seed2612	FAM006772	FAM001648	FAM004602	FAM005771	FAM009980	FAM003566	FAM011959	FAM007951	FAM000253	FAM004488	FAM005096	FAM004132	FAM002874	FAM000501	FAM006461	FAM005798	FAM013368	FAM008680	FAM005928	FAM006098	FAM002848	FAM003584	FAM005330	FAM013240	FAM007880	FAM002658	FAM013658	FAM001591	FAM004673	FAM001613	FAM002975	FAM006330	FAM007036	FAM010764	FAM000106	FAM003545	FAM004402	FAM004871	FAM001593	FAM004123	FAM006381	FAM009163	FAM002200	FAM002749	FAM010360	FAM008287	FAM001204	FAM004878	FAM005256	FAM006858	FAM003369	FAM003115	FAM005993	FAM007535	FAM002279	FAM004204	FAM013039	FAM003046	FAM000714	FAM003283	FAM001940	FAM007544	FAM011985	FAM004910	FAM002660	FAM006885	FAM011803	FAM012541	FAM116982	FAM059971	FAM037443	FAM029711	FAM027683
rep588_seed2613	FAM010939	FAM006896	FAM003153	FAM009799	FAM014375	FAM000868	FAM000218	FAM001259	FAM005418	FAM004604	FAM006082	FAM010514	FAM002017	FAM008128	FAM005001	FAM009056	FAM000239	FAM003363	FAM002052	FAM007863	FAM005052	FAM002568	FAM011390	FAM006001	FAM003896	FAM004098	FAM005288	FAM003492	FAM000236	FAM003078	FAM002899	FAM006031	FAM011926	FAM009025	FAM005085	FAM005184	FAM001683	FAM005595	FAM001536	FAM002530	FAM003484	FAM002067	FAM003167	FAM003950	FAM000871	FAM006282	FAM006644	FAM002374	FAM003774	FAM004569	FAM011090	FAM005772	FAM010111	FAM000815	FAM014452	FAM010793	FAM001633	FAM007447	FAM005467	FAM013724	FAM005102	FAM009287	FAM002649	FAM002871	FAM000203	FAM009903	FAM005958	FAM013008	FAM116406	FAM059684	FAM040675	FAM038535	FAM021337
rep589_seed2614	FAM004793	FAM006859	FAM011665	FAM003398	FAM003899	FAM005380	FAM011852	FAM002130	FAM010720	FAM002957	FAM007117	FAM012259	FAM003125	FAM007794	FAM004516	FAM014090	FAM007319	FAM010226	FAM006672	FAM012739	FAM001986	FAM013085	FAM000430	FAM009952	FAM013241	FAM000033	FAM004651	FAM000197	FAM000087	FAM000174	FAM001012	FAM013464	FAM004526	FAM005605	FAM004899	FAM004143	FAM011621	FAM005379	FAM004895	FAM007256	FAM001749	FAM004531	FAM013152	FAM005135	FAM003834	FAM006651	FAM001088	FAM002441	FAM012486	FAM009484	FAM006725	FAM000827	FAM012308	FAM006400	FAM005968	FAM011895	FAM012524	FAM001942	FAM014540	FAM009189	FAM007651	FAM001969	FAM009428	FAM004538	FAM003282	FAM010268	FAM010464	FAM010250	FAM122656	FAM058734	FAM042441	FAM029420	FAM028614
rep590_seed2615	FAM002715	FAM000714	FAM003215	FAM005565	FAM010283	FAM003462	FAM009090	FAM002364	FAM000630	FAM001326	FAM002468	FAM007982	FAM000173	FAM007607	FAM013522	FAM001441	FAM006643	FAM009063	FAM005806	FAM000555	FAM008025	FAM002472	FAM006138	FAM001777	FAM000418	FAM001138	FAM001136	FAM012840	FAM003147	FAM002693	FAM002057	FAM003751	FAM000065	FAM010267	FAM002278	FAM003099	FAM004400	FAM008049	FAM009345	FAM001838	FAM001667	FAM005050	FAM002387	FAM009940	FAM000822	FAM003323	FAM005024	FAM000769	FAM005249	FAM003195	FAM006501	FAM005279	FAM003566	FAM010957	FAM000366	FAM000782	FAM008833	FAM006599	FAM007895	FAM013715	FAM004412	FAM006828	FAM008211	FAM000018	FAM013397	FAM008533	FAM009626	FAM008652	FAM131956	FAM060636	FAM037899	FAM041881	FAM023156
rep591_seed2616	FAM006171	FAM002676	FAM011662	FAM004094	FAM006294	FAM007426	FAM000144	FAM011528	FAM001420	FAM003208	FAM001700	FAM006526	FAM002787	FAM000107	FAM004538	FAM000650	FAM001938	FAM005323	FAM001394	FAM002009	FAM002094	FAM010189	FAM008957	FAM003464	FAM004416	FAM000216	FAM013566	FAM002273	FAM002488	FAM000261	FAM001341	FAM001465	FAM003104	FAM005568	FAM010518	FAM001451	FAM001265	FAM002559	FAM007557	FAM000643	FAM003180	FAM002444	FAM008748	FAM001325	FAM006218	FAM004346	FAM005217	FAM009195	FAM001523	FAM010475	FAM002327	FAM007196	FAM005183	FAM001296	FAM003332	FAM008021	FAM000402	FAM003570	FAM005737	FAM001445	FAM005933	FAM005345	FAM004594	FAM001992	FAM000199	FAM004942	FAM006050	FAM010118	FAM139563	FAM057696	FAM036429	FAM032919	FAM016663
rep592_seed2617	FAM008839	FAM000391	FAM000676	FAM005005	FAM005865	FAM004454	FAM007570	FAM002509	FAM003214	FAM014070	FAM003407	FAM002991	FAM003890	FAM011077	FAM003921	FAM007153	FAM000306	FAM005034	FAM010652	FAM014473	FAM010164	FAM002473	FAM001419	FAM002027	FAM003420	FAM003516	FAM004241	FAM005731	FAM004723	FAM009168	FAM007212	FAM007729	FAM003575	FAM005144	FAM000370	FAM004090	FAM001960	FAM002068	FAM004907	FAM006559	FAM005925	FAM000099	FAM000572	FAM004089	FAM002992	FAM003745	FAM006972	FAM007396	FAM000526	FAM000799	FAM002590	FAM000430	FAM004924	FAM011497	FAM006512	FAM011675	FAM004132	FAM006456	FAM000329	FAM005666	FAM005598	FAM001647	FAM005459	FAM001814	FAM014273	FAM011630	FAM007649	FAM003007	FAM145752	FAM060416	FAM038794	FAM040149	FAM018096
rep593_seed2618	FAM000912	FAM002462	FAM002403	FAM014375	FAM012481	FAM005766	FAM002327	FAM002636	FAM010460	FAM004291	FAM001090	FAM011878	FAM012007	FAM003213	FAM005667	FAM000136	FAM005301	FAM007817	FAM006042	FAM014355	FAM012800	FAM008829	FAM000865	FAM004916	FAM002528	FAM008443	FAM012350	FAM000080	FAM000197	FAM003209	FAM002351	FAM003793	FAM008502	FAM004242	FAM010517	FAM007158	FAM006895	FAM007059	FAM009551	FAM003886	FAM000112	FAM003355	FAM009555	FAM002275	FAM003684	FAM008674	FAM008170	FAM003872	FAM002165	FAM006858	FAM004169	FAM001768	FAM006575	FAM008935	FAM011898	FAM003907	FAM005652	FAM003792	FAM002935	FAM005755	FAM012612	FAM002662	FAM002543	FAM004358	FAM012513	FAM007280	FAM014261	FAM014270	FAM118122	FAM067342	FAM030492	FAM045822	FAM026299
rep594_seed2619	FAM008369	FAM004979	FAM008146	FAM001926	FAM002182	FAM009405	FAM005130	FAM000091	FAM005268	FAM000239	FAM005211	FAM006081	FAM003880	FAM005415	FAM002656	FAM002422	FAM002211	FAM012149	FAM007011	FAM003249	FAM009105	FAM004720	FAM000570	FAM000991	FAM004529	FAM004947	FAM009167	FAM014471	FAM008809	FAM005738	FAM007368	FAM008142	FAM008394	FAM006479	FAM002845	FAM013128	FAM007613	FAM007185	FAM003872	FAM013403	FAM001815	FAM005669	FAM003158	FAM007300	FAM000798	FAM004981	FAM013500	FAM000762	FAM008545	FAM000188	FAM010016	FAM003721	FAM004550	FAM008578	FAM007482	FAM003327	FAM002034	FAM005346	FAM001275	FAM003395	FAM003156	FAM013279	FAM000847	FAM002490	FAM013608	FAM011295	FAM011969	FAM008945	FAM119750	FAM077767	FAM032521	FAM041350	FAM024981
rep595_seed2620	FAM004353	FAM001537	FAM007488	FAM007364	FAM001635	FAM006019	FAM009600	FAM011985	FAM006368	FAM002747	FAM001755	FAM002312	FAM002346	FAM006504	FAM006290	FAM007814	FAM013391	FAM001597	FAM012622	FAM005955	FAM001340	FAM002084	FAM005623	FAM002983	FAM005405	FAM003177	FAM002318	FAM003227	FAM002593	FAM007970	FAM013420	FAM012236	FAM010554	FAM005884	FAM009555	FAM002503	FAM009929	FAM000011	FAM000780	FAM004862	FAM004549	FAM014070	FAM000515	FAM002268	FAM013051	FAM001210	FAM001226	FAM000773	FAM009568	FAM008094	FAM001711	FAM001768	FAM011525	FAM004716	FAM005875	FAM000981	FAM008760	FAM004215	FAM010501	FAM011232	FAM011212	FAM005697	FAM000462	FAM000763	FAM005669	FAM014263	FAM003852	FAM012773	FAM108670	FAM062665	FAM037400	FAM033045	FAM024991
rep596_seed2621	FAM002331	FAM010121	FAM000450	FAM000191	FAM006861	FAM001011	FAM010241	FAM003172	FAM007542	FAM002956	FAM009192	FAM011594	FAM009286	FAM002998	FAM010878	FAM002377	FAM006278	FAM009767	FAM005869	FAM004863	FAM004601	FAM000821	FAM003787	FAM010362	FAM002301	FAM008658	FAM002643	FAM010801	FAM004542	FAM004105	FAM011406	FAM006169	FAM000586	FAM003211	FAM001945	FAM009772	FAM008630	FAM013796	FAM000051	FAM004547	FAM002113	FAM005971	FAM000006	FAM001285	FAM009001	FAM004789	FAM000420	FAM010474	FAM005071	FAM000351	FAM004569	FAM006008	FAM007201	FAM001309	FAM000172	FAM008328	FAM000894	FAM002738	FAM004676	FAM005106	FAM001014	FAM010003	FAM001165	FAM012305	FAM010775	FAM008533	FAM014343	FAM009716	FAM110974	FAM060730	FAM033195	FAM033645	FAM015459
rep597_seed2622	FAM000370	FAM010422	FAM004722	FAM001467	FAM002761	FAM003872	FAM007288	FAM013965	FAM001716	FAM006712	FAM007810	FAM001255	FAM013551	FAM013261	FAM002771	FAM007847	FAM005099	FAM012011	FAM008253	FAM004459	FAM001995	FAM012485	FAM007919	FAM002225	FAM004619	FAM011119	FAM003199	FAM002673	FAM006505	FAM006620	FAM003221	FAM005921	FAM011753	FAM008149	FAM006930	FAM000423	FAM003716	FAM008953	FAM008922	FAM006696	FAM005162	FAM006027	FAM001851	FAM001008	FAM002513	FAM001112	FAM008234	FAM000477	FAM004614	FAM001931	FAM002119	FAM007746	FAM003434	FAM004753	FAM003295	FAM006956	FAM001098	FAM006315	FAM005240	FAM002926	FAM009063	FAM007781	FAM007555	FAM003032	FAM006324	FAM007620	FAM010365	FAM007983	FAM137724	FAM065289	FAM033740	FAM031926	FAM026078
rep598_seed2623	FAM008185	FAM001931	FAM006737	FAM003605	FAM002556	FAM000519	FAM004571	FAM009955	FAM000999	FAM002559	FAM005597	FAM005740	FAM003170	FAM002274	FAM006593	FAM004279	FAM006369	FAM000262	FAM006126	FAM003946	FAM011437	FAM003656	FAM005520	FAM004337	FAM009281	FAM000529	FAM001187	FAM012978	FAM003345	FAM001035	FAM003649	FAM000078	FAM004153	FAM009384	FAM005465	FAM004290	FAM013041	FAM000704	FAM002255	FAM013506	FAM007509	FAM004510	FAM000731	FAM006882	FAM007305	FAM012823	FAM004830	FAM004601	FAM002726	FAM004795	FAM011444	FAM002645	FAM005050	FAM006103	FAM008502	FAM003817	FAM009286	FAM008467	FAM009883	FAM006490	FAM001692	FAM008460	FAM008166	FAM013429	FAM004610	FAM010624	FAM011135	FAM009727	FAM140339	FAM060659	FAM034300	FAM037410	FAM016687
rep599_seed2624	FAM006038	FAM009087	FAM004780	FAM008629	FAM009939	FAM006264	FAM008773	FAM001744	FAM007011	FAM005493	FAM011448	FAM002904	FAM002364	FAM006273	FAM006776	FAM002907	FAM013780	FAM004220	FAM005209	FAM001235	FAM000903	FAM002988	FAM002770	FAM004146	FAM004947	FAM000944	FAM007423	FAM010964	FAM003802	FAM008706	FAM006009	FAM003992	FAM006302	FAM000713	FAM002611	FAM001731	FAM007474	FAM008421	FAM002332	FAM013787	FAM007553	FAM010012	FAM008409	FAM005457	FAM000146	FAM011578	FAM001431	FAM009015	FAM000953	FAM007391	FAM000774	FAM005762	FAM011246	FAM004838	FAM004991	FAM000061	FAM003030	FAM000235	FAM009547	FAM005754	FAM008468	FAM000219	FAM008768	FAM007043	FAM001745	FAM011733	FAM013471	FAM003667	FAM109688	FAM060060	FAM039199	FAM033328	FAM026591
rep600_seed2625	FAM009271	FAM006498	FAM009559	FAM008818	FAM000311	FAM006107	FAM008063	FAM001639	FAM009729	FAM007270	FAM013844	FAM003897	FAM008686	FAM013721	FAM004962	FAM005975	FAM003746	FAM010205	FAM004297	FAM008406	FAM001769	FAM004008	FAM012008	FAM011149	FAM003059	FAM009749	FAM004776	FAM005984	FAM005998	FAM007945	FAM004017	FAM002156	FAM008365	FAM008695	FAM001317	FAM008166	FAM001290	FAM009642	FAM000196	FAM008291	FAM005017	FAM000377	FAM002608	FAM002466	FAM000921	FAM012992	FAM006169	FAM007804	FAM007139	FAM001941	FAM012782	FAM011207	FAM002849	FAM001439	FAM003340	FAM000090	FAM004236	FAM008914	FAM004286	FAM004195	FAM006709	FAM000314	FAM008443	FAM005329	FAM011031	FAM003138	FAM011399	FAM010435	FAM142323	FAM063189	FAM037852	FAM037637	FAM016542
rep601_seed2626	FAM003500	FAM011477	FAM000704	FAM005071	FAM005293	FAM001564	FAM000883	FAM011590	FAM009357	FAM003161	FAM003082	FAM001808	FAM004417	FAM003984	FAM012992	FAM005623	FAM010098	FAM007399	FAM001388	FAM011350	FAM012138	FAM005224	FAM012417	FAM005175	FAM005470	FAM007407	FAM001282	FAM003387	FAM003370	FAM001402	FAM005864	FAM004713	FAM010283	FAM000536	FAM008088	FAM003014	FAM005409	FAM002260	FAM001054	FAM005992	FAM007008	FAM000056	FAM001232	FAM001547	FAM003032	FAM004331	FAM004210	FAM002017	FAM009277	FAM007522	FAM000772	FAM008298	FAM003141	FAM004253	FAM009041	FAM003226	FAM002769	FAM001603	FAM000877	FAM002591	FAM004329	FAM006093	FAM004584	FAM003997	FAM012720	FAM007026	FAM009495	FAM008927	FAM140355	FAM058447	FAM030429	FAM029877	FAM018218
rep602_seed2627	FAM004377	FAM014483	FAM005577	FAM004913	FAM003829	FAM004277	FAM002045	FAM001789	FAM004703	FAM000822	FAM008546	FAM005018	FAM010948	FAM009568	FAM007434	FAM005238	FAM005953	FAM004614	FAM001777	FAM003828	FAM003269	FAM000271	FAM004062	FAM008910	FAM012771	FAM002479	FAM007730	FAM000234	FAM001608	FAM008133	FAM000885	FAM001321	FAM004727	FAM006448	FAM013072	FAM004482	FAM001865	FAM007814	FAM002320	FAM005140	FAM010425	FAM014364	FAM004457	FAM001274	FAM010720	FAM005940	FAM003885	FAM003794	FAM003089	FAM003238	FAM000049	FAM012476	FAM005667	FAM007985	FAM004469	FAM001654	FAM005152	FAM003651	FAM003481	FAM005113	FAM005064	FAM014196	FAM005363	FAM008867	FAM001823	FAM013003	FAM011405	FAM014509	FAM121946	FAM062248	FAM036757	FAM030804	FAM026660
rep603_seed2628	FAM003954	FAM004661	FAM011339	FAM001608	FAM007234	FAM006675	FAM010697	FAM000884	FAM005762	FAM005612	FAM009726	FAM005421	FAM008347	FAM003440	FAM004624	FAM004562	FAM013894	FAM004823	FAM002333	FAM005499	FAM002242	FAM002397	FAM000658	FAM004283	FAM008698	FAM010935	FAM010398	FAM009203	FAM011672	FAM000916	FAM002118	FAM001917	FAM008053	FAM010494	FAM004371	FAM006940	FAM008823	FAM002896	FAM004736	FAM003140	FAM006020	FAM003900	FAM007874	FAM001729	FAM002912	FAM000822	FAM001535	FAM005110	FAM009887	FAM014412	FAM000125	FAM001517	FAM006384	FAM000406	FAM003386	FAM013518	FAM004412	FAM001350	FAM004999	FAM000714	FAM008696	FAM013242	FAM008764	FAM002288	FAM001403	FAM012209	FAM008896	FAM013087	FAM108663	FAM067224	FAM037393	FAM029856	FAM023512
rep604_seed2629	FAM008068	FAM006610	FAM003221	FAM001459	FAM002383	FAM004547	FAM001283	FAM006320	FAM004550	FAM010291	FAM006556	FAM010492	FAM008447	FAM008065	FAM000285	FAM005539	FAM004999	FAM003640	FAM013118	FAM001025	FAM000744	FAM004667	FAM002937	FAM006923	FAM006624	FAM003839	FAM009277	FAM008661	FAM001809	FAM005271	FAM004295	FAM004961	FAM004349	FAM000516	FAM011063	FAM004642	FAM003344	FAM012978	FAM003175	FAM011065	FAM002660	FAM006030	FAM003362	FAM003499	FAM007180	FAM007960	FAM001009	FAM008786	FAM003205	FAM004838	FAM004652	FAM000173	FAM010859	FAM002822	FAM012272	FAM006543	FAM007850	FAM001049	FAM006804	FAM006438	FAM007747	FAM006096	FAM000004	FAM008874	FAM003870	FAM013022	FAM007546	FAM011505	FAM133804	FAM065837	FAM034651	FAM037787	FAM016533
rep605_seed2630	FAM003684	FAM013208	FAM006757	FAM003548	FAM001803	FAM001280	FAM000996	FAM006363	FAM000257	FAM009152	FAM010295	FAM012102	FAM009102	FAM006820	FAM003237	FAM002356	FAM006355	FAM011594	FAM006697	FAM001705	FAM004828	FAM000599	FAM003068	FAM001482	FAM005311	FAM004622	FAM007993	FAM000459	FAM002418	FAM002710	FAM005008	FAM004236	FAM003080	FAM002844	FAM012924	FAM001787	FAM000271	FAM004219	FAM000568	FAM006124	FAM010696	FAM000371	FAM001795	FAM003380	FAM005119	FAM001395	FAM006369	FAM005421	FAM001919	FAM003741	FAM001176	FAM010353	FAM003979	FAM001411	FAM006272	FAM004296	FAM003135	FAM001789	FAM005964	FAM003618	FAM001147	FAM008788	FAM003165	FAM004761	FAM001767	FAM011995	FAM008169	FAM007987	FAM136659	FAM061237	FAM041373	FAM037688	FAM022805
rep606_seed2631	FAM001552	FAM013429	FAM000984	FAM003529	FAM000850	FAM003630	FAM013835	FAM008350	FAM008363	FAM012865	FAM005485	FAM009102	FAM009846	FAM006889	FAM002794	FAM002645	FAM010321	FAM001494	FAM009186	FAM006181	FAM006778	FAM004117	FAM002545	FAM002772	FAM002692	FAM004529	FAM010054	FAM006276	FAM005366	FAM010375	FAM001440	FAM007673	FAM007376	FAM005445	FAM008560	FAM009260	FAM006119	FAM012358	FAM000144	FAM003209	FAM003362	FAM008386	FAM005506	FAM001088	FAM014610	FAM000267	FAM009236	FAM006910	FAM003893	FAM006570	FAM007880	FAM000190	FAM002505	FAM003889	FAM005421	FAM000901	FAM003850	FAM000585	FAM004804	FAM001330	FAM001032	FAM013930	FAM006524	FAM006364	FAM011181	FAM007770	FAM005550	FAM011315	FAM110945	FAM058829	FAM040898	FAM035379	FAM028151
rep607_seed2632	FAM010607	FAM006994	FAM003080	FAM010720	FAM006691	FAM013023	FAM001477	FAM002549	FAM012050	FAM004215	FAM003277	FAM003230	FAM011333	FAM005685	FAM009276	FAM002467	FAM005974	FAM001411	FAM005586	FAM006333	FAM005189	FAM005679	FAM006046	FAM000024	FAM013131	FAM011754	FAM004938	FAM003609	FAM000686	FAM009729	FAM000226	FAM002606	FAM006348	FAM004302	FAM006569	FAM002104	FAM002561	FAM011280	FAM013192	FAM005689	FAM003688	FAM000934	FAM005973	FAM000192	FAM007543	FAM008912	FAM009026	FAM002272	FAM003606	FAM006282	FAM003899	FAM002926	FAM004365	FAM003438	FAM003929	FAM005068	FAM004239	FAM006762	FAM002120	FAM009387	FAM003362	FAM008011	FAM010504	FAM002805	FAM009249	FAM007338	FAM011526	FAM010552	FAM128920	FAM063964	FAM043336	FAM039184	FAM020228
rep608_seed2633	FAM005658	FAM003733	FAM012515	FAM006595	FAM004330	FAM003949	FAM000077	FAM002990	FAM001178	FAM000878	FAM002631	FAM000915	FAM007140	FAM001852	FAM007819	FAM007007	FAM001716	FAM000161	FAM000706	FAM003563	FAM002020	FAM004608	FAM010070	FAM002703	FAM008400	FAM012939	FAM009518	FAM004224	FAM006399	FAM003950	FAM006805	FAM008235	FAM001009	FAM005105	FAM005482	FAM004958	FAM003499	FAM003170	FAM012453	FAM006109	FAM007685	FAM002367	FAM000941	FAM009314	FAM003951	FAM001778	FAM007514	FAM004768	FAM010257	FAM001530	FAM006456	FAM004423	FAM000159	FAM011436	FAM002383	FAM000892	FAM000585	FAM013484	FAM004991	FAM002305	FAM000328	FAM011317	FAM002104	FAM003729	FAM004188	FAM006336	FAM008921	FAM004421	FAM120794	FAM065227	FAM036429	FAM032492	FAM022462
rep609_seed2634	FAM005533	FAM003149	FAM009881	FAM008910	FAM010076	FAM007652	FAM000645	FAM001253	FAM003659	FAM009958	FAM009815	FAM013935	FAM000287	FAM007077	FAM005830	FAM005227	FAM000966	FAM000490	FAM008821	FAM000723	FAM000811	FAM000914	FAM000570	FAM000283	FAM002621	FAM008957	FAM001595	FAM002789	FAM002147	FAM002260	FAM005776	FAM009550	FAM000164	FAM010074	FAM009448	FAM006035	FAM000582	FAM000531	FAM003783	FAM013023	FAM006773	FAM012502	FAM003320	FAM006318	FAM005473	FAM011652	FAM004066	FAM007095	FAM001920	FAM005112	FAM006920	FAM003375	FAM001530	FAM001525	FAM000266	FAM009950	FAM001689	FAM009260	FAM010499	FAM004543	FAM001811	FAM002179	FAM002134	FAM004393	FAM002819	FAM011185	FAM010043	FAM006711	FAM143076	FAM060698	FAM035175	FAM033070	FAM017227
rep610_seed2635	FAM009470	FAM009138	FAM008404	FAM006184	FAM001370	FAM003110	FAM001321	FAM005019	FAM007446	FAM005231	FAM003296	FAM007283	FAM003988	FAM002012	FAM001024	FAM003410	FAM003717	FAM000835	FAM009416	FAM001343	FAM005484	FAM011635	FAM004814	FAM011239	FAM002066	FAM007271	FAM014698	FAM004527	FAM002989	FAM005869	FAM008435	FAM000757	FAM007003	FAM008102	FAM003725	FAM001352	FAM004412	FAM000895	FAM005145	FAM001627	FAM003208	FAM002440	FAM011655	FAM006667	FAM002755	FAM000860	FAM011294	FAM006556	FAM007753	FAM003951	FAM005293	FAM001687	FAM001198	FAM009081	FAM005604	FAM013551	FAM006038	FAM003672	FAM003594	FAM001622	FAM000406	FAM010499	FAM003457	FAM002896	FAM014675	FAM008370	FAM009434	FAM013095	FAM109700	FAM060659	FAM048319	FAM033633	FAM028640
rep611_seed2636	FAM005503	FAM007758	FAM004106	FAM008015	FAM003288	FAM001677	FAM014317	FAM010937	FAM000924	FAM000592	FAM004863	FAM008350	FAM007919	FAM011000	FAM000818	FAM009967	FAM004416	FAM006737	FAM003073	FAM004018	FAM006624	FAM001359	FAM000298	FAM006952	FAM010225	FAM011525	FAM004836	FAM003464	FAM009112	FAM003259	FAM007947	FAM000662	FAM000668	FAM010703	FAM010866	FAM001258	FAM008700	FAM002451	FAM009988	FAM005588	FAM004589	FAM009305	FAM006629	FAM009172	FAM006314	FAM001896	FAM008827	FAM000036	FAM002599	FAM001133	FAM009959	FAM008281	FAM001052	FAM001074	FAM009476	FAM004142	FAM000465	FAM004103	FAM001109	FAM011670	FAM008399	FAM001378	FAM003078	FAM005636	FAM003833	FAM013135	FAM011187	FAM012518	FAM131895	FAM060219	FAM029128	FAM037240	FAM027429
rep612_seed2637	FAM013082	FAM013261	FAM005087	FAM011932	FAM012533	FAM011159	FAM008347	FAM008990	FAM000224	FAM009437	FAM001964	FAM011281	FAM003029	FAM001822	FAM003488	FAM007068	FAM005456	FAM006432	FAM010425	FAM007337	FAM001383	FAM002261	FAM010417	FAM004629	FAM002689	FAM000762	FAM003130	FAM002748	FAM000353	FAM000579	FAM000087	FAM001093	FAM011042	FAM000592	FAM002972	FAM004641	FAM000948	FAM010575	FAM008985	FAM001461	FAM004644	FAM011528	FAM010922	FAM002078	FAM009058	FAM012794	FAM011409	FAM013141	FAM002021	FAM007448	FAM013410	FAM003121	FAM013985	FAM005752	FAM004983	FAM001689	FAM000556	FAM001454	FAM005473	FAM006134	FAM002120	FAM007516	FAM002896	FAM008287	FAM012785	FAM012649	FAM011904	FAM008662	FAM142289	FAM060814	FAM043164	FAM034736	FAM022379
rep613_seed2638	FAM003982	FAM000408	FAM005138	FAM002355	FAM000269	FAM002008	FAM013082	FAM000251	FAM002631	FAM007003	FAM004687	FAM013770	FAM001144	FAM004731	FAM004140	FAM001186	FAM005334	FAM000700	FAM004215	FAM011350	FAM001798	FAM001741	FAM005638	FAM006333	FAM008068	FAM002472	FAM007252	FAM001983	FAM005715	FAM004286	FAM003606	FAM007148	FAM000602	FAM003103	FAM004957	FAM000614	FAM002962	FAM007880	FAM006145	FAM008286	FAM010016	FAM002906	FAM008287	FAM003260	FAM001480	FAM004502	FAM010398	FAM005806	FAM008053	FAM006071	FAM003847	FAM003562	FAM008674	FAM009988	FAM006662	FAM002165	FAM006916	FAM001419	FAM003165	FAM008767	FAM002731	FAM003487	FAM010543	FAM003914	FAM007559	FAM009903	FAM008905	FAM011098	FAM114974	FAM057805	FAM043044	FAM033520	FAM015361
rep614_seed2639	FAM000729	FAM005394	FAM002934	FAM007127	FAM003821	FAM004996	FAM005479	FAM005392	FAM005465	FAM004404	FAM003257	FAM006544	FAM009143	FAM000484	FAM002870	FAM004331	FAM002855	FAM001503	FAM006286	FAM006587	FAM002708	FAM013526	FAM004345	FAM008619	FAM000860	FAM002233	FAM010332	FAM011029	FAM010070	FAM004177	FAM001552	FAM010501	FAM007369	FAM011842	FAM001633	FAM000336	FAM006242	FAM000707	FAM002814	FAM006836	FAM002917	FAM014375	FAM006456	FAM000741	FAM013752	FAM012008	FAM001046	FAM007789	FAM006217	FAM005374	FAM001546	FAM002542	FAM005975	FAM009308	FAM000308	FAM004012	FAM005820	FAM012761	FAM011347	FAM006196	FAM000067	FAM004056	FAM005616	FAM003528	FAM007459	FAM011120	FAM006917	FAM006796	FAM114589	FAM062662	FAM036430	FAM029170	FAM025046
rep615_seed2640	FAM004068	FAM006549	FAM012157	FAM007208	FAM008631	FAM003303	FAM000802	FAM004350	FAM012026	FAM008765	FAM008102	FAM002185	FAM007945	FAM011689	FAM000422	FAM002293	FAM001274	FAM011898	FAM004024	FAM005000	FAM003749	FAM000269	FAM005666	FAM004001	FAM006097	FAM002153	FAM004964	FAM001188	FAM004178	FAM006446	FAM003780	FAM005397	FAM012741	FAM003262	FAM006592	FAM005527	FAM000808	FAM013121	FAM001863	FAM006431	FAM005897	FAM007883	FAM013724	FAM001469	FAM005299	FAM004072	FAM003809	FAM003120	FAM000154	FAM005293	FAM006220	FAM004975	FAM009374	FAM003149	FAM007712	FAM000482	FAM001016	FAM011328	FAM004449	FAM013120	FAM001368	FAM005978	FAM002570	FAM001161	FAM005708	FAM011783	FAM012727	FAM014508	FAM136350	FAM063234	FAM029849	FAM031515	FAM022633
rep616_seed2641	FAM007382	FAM010538	FAM008065	FAM005795	FAM003173	FAM010734	FAM003581	FAM008560	FAM011288	FAM002827	FAM007230	FAM004213	FAM004977	FAM002431	FAM001316	FAM001635	FAM008060	FAM009148	FAM010501	FAM006869	FAM001223	FAM000561	FAM002956	FAM001884	FAM006542	FAM005059	FAM005205	FAM010295	FAM003375	FAM009942	FAM011340	FAM003786	FAM006185	FAM000259	FAM010961	FAM012461	FAM011143	FAM004089	FAM011767	FAM004471	FAM010343	FAM001978	FAM004020	FAM012282	FAM008728	FAM005201	FAM010542	FAM006346	FAM010386	FAM012134	FAM013754	FAM013165	FAM002113	FAM012020	FAM009534	FAM002679	FAM003570	FAM013241	FAM007527	FAM008500	FAM005371	FAM013296	FAM003216	FAM008701	FAM000485	FAM011871	FAM011947	FAM011088	FAM116786	FAM060431	FAM035538	FAM029652	FAM017389
rep617_seed2642	FAM011592	FAM007654	FAM005740	FAM011539	FAM000276	FAM005488	FAM001143	FAM010425	FAM000215	FAM002721	FAM003922	FAM001641	FAM007557	FAM001117	FAM002626	FAM009805	FAM005016	FAM001692	FAM002909	FAM012721	FAM002560	FAM001655	FAM001513	FAM006185	FAM007266	FAM004567	FAM008150	FAM012398	FAM004621	FAM007399	FAM001186	FAM003818	FAM000512	FAM010922	FAM002659	FAM011031	FAM011882	FAM004727	FAM012258	FAM000640	FAM004065	FAM003193	FAM010538	FAM011563	FAM008500	FAM009597	FAM010484	FAM004182	FAM000631	FAM006414	FAM007352	FAM005863	FAM009264	FAM008071	FAM006296	FAM002645	FAM001387	FAM006133	FAM003934	FAM001865	FAM007837	FAM007871	FAM010703	FAM002777	FAM008135	FAM008486	FAM003852	FAM011657	FAM136947	FAM062662	FAM037090	FAM039464	FAM020735
rep618_seed2643	FAM000420	FAM012007	FAM005862	FAM014154	FAM005967	FAM002087	FAM001039	FAM010399	FAM012157	FAM004874	FAM009550	FAM004940	FAM007875	FAM006362	FAM001227	FAM003406	FAM003672	FAM012848	FAM010798	FAM003011	FAM006744	FAM002608	FAM012040	FAM005312	FAM008434	FAM000430	FAM001199	FAM008755	FAM006680	FAM003411	FAM001686	FAM006198	FAM004066	FAM004774	FAM004572	FAM000847	FAM004312	FAM001606	FAM007712	FAM002652	FAM003323	FAM002826	FAM002141	FAM001949	FAM007876	FAM000010	FAM003020	FAM006621	FAM000690	FAM001860	FAM003289	FAM005424	FAM003051	FAM002489	FAM005059	FAM007236	FAM009870	FAM005735	FAM004838	FAM000796	FAM010453	FAM009911	FAM009935	FAM004845	FAM005810	FAM013451	FAM008111	FAM009633	FAM133120	FAM061657	FAM030272	FAM041235	FAM026635
rep619_seed2644	FAM000974	FAM001204	FAM001492	FAM000368	FAM007872	FAM000895	FAM004504	FAM003102	FAM006929	FAM010164	FAM001953	FAM009471	FAM003714	FAM009870	FAM011662	FAM010579	FAM003964	FAM009490	FAM000300	FAM004078	FAM000580	FAM012227	FAM000166	FAM012848	FAM004748	FAM011766	FAM010859	FAM003530	FAM008869	FAM009151	FAM000045	FAM004633	FAM006788	FAM007291	FAM007058	FAM004145	FAM000387	FAM006994	FAM000792	FAM004224	FAM006998	FAM004190	FAM000606	FAM003265	FAM008748	FAM004279	FAM010571	FAM000073	FAM001046	FAM002115	FAM002158	FAM003022	FAM011497	FAM000556	FAM004924	FAM001786	FAM000821	FAM000661	FAM006152	FAM004231	FAM005780	FAM001313	FAM001427	FAM007618	FAM000307	FAM007477	FAM012127	FAM006619	FAM140112	FAM066112	FAM039420	FAM040798	FAM021479
rep620_seed2645	FAM001835	FAM012527	FAM004901	FAM000467	FAM000772	FAM008917	FAM002084	FAM010405	FAM007948	FAM006159	FAM013715	FAM002398	FAM007448	FAM013807	FAM003568	FAM001866	FAM007006	FAM008413	FAM006171	FAM006910	FAM006562	FAM001177	FAM000908	FAM003310	FAM002000	FAM006309	FAM009078	FAM005286	FAM012198	FAM000058	FAM002488	FAM004662	FAM001534	FAM002374	FAM011576	FAM012215	FAM005890	FAM006175	FAM002409	FAM000152	FAM002137	FAM002421	FAM007051	FAM008040	FAM000930	FAM012363	FAM003291	FAM004080	FAM001509	FAM011655	FAM010196	FAM014412	FAM005663	FAM006911	FAM002665	FAM007656	FAM008476	FAM004253	FAM000806	FAM011106	FAM007034	FAM008365	FAM001722	FAM000592	FAM006979	FAM007628	FAM006092	FAM012018	FAM141390	FAM059523	FAM037443	FAM033085	FAM022818
rep621_seed2646	FAM003641	FAM005053	FAM009409	FAM000806	FAM003605	FAM012284	FAM007027	FAM013208	FAM009846	FAM002984	FAM007308	FAM008022	FAM003609	FAM005094	FAM005368	FAM002372	FAM000813	FAM003824	FAM007818	FAM011436	FAM002865	FAM004818	FAM002130	FAM006584	FAM007432	FAM003719	FAM006470	FAM002206	FAM000997	FAM004716	FAM004827	FAM009443	FAM011822	FAM012902	FAM001086	FAM003794	FAM004181	FAM009092	FAM001458	FAM000664	FAM005238	FAM005911	FAM001536	FAM014654	FAM005184	FAM001173	FAM003384	FAM005234	FAM004457	FAM012219	FAM005896	FAM001441	FAM006320	FAM002003	FAM000851	FAM010373	FAM001396	FAM013721	FAM007183	FAM001822	FAM004986	FAM007962	FAM002577	FAM003703	FAM004225	FAM009862	FAM009322	FAM012228	FAM130878	FAM078769	FAM032786	FAM031442	FAM023128
rep622_seed2647	FAM002176	FAM002572	FAM005156	FAM000787	FAM008420	FAM006160	FAM001139	FAM001560	FAM013023	FAM001642	FAM003438	FAM006252	FAM002507	FAM004525	FAM002398	FAM009792	FAM001472	FAM009506	FAM003958	FAM000519	FAM010386	FAM001477	FAM006153	FAM005012	FAM001303	FAM002329	FAM004839	FAM013261	FAM000054	FAM004175	FAM007078	FAM003926	FAM010520	FAM002242	FAM002678	FAM008000	FAM009829	FAM005689	FAM003839	FAM007068	FAM001685	FAM001836	FAM001161	FAM000959	FAM005032	FAM010052	FAM014668	FAM009496	FAM005154	FAM000141	FAM003158	FAM002756	FAM004191	FAM004124	FAM005049	FAM004641	FAM006875	FAM000469	FAM010492	FAM003849	FAM001697	FAM001094	FAM000200	FAM000585	FAM008809	FAM007928	FAM011700	FAM013175	FAM120242	FAM063529	FAM040208	FAM032952	FAM018193
rep623_seed2648	FAM003383	FAM007730	FAM000631	FAM003256	FAM007105	FAM007030	FAM007952	FAM006977	FAM006464	FAM001635	FAM002289	FAM006519	FAM008883	FAM003665	FAM005455	FAM001398	FAM006311	FAM007820	FAM000555	FAM008915	FAM000416	FAM009959	FAM006916	FAM000824	FAM001135	FAM007266	FAM006617	FAM002825	FAM006570	FAM009090	FAM004801	FAM006082	FAM005498	FAM012220	FAM005034	FAM007221	FAM004939	FAM013712	FAM007742	FAM004380	FAM001094	FAM002523	FAM013020	FAM007061	FAM001039	FAM003403	FAM001661	FAM001808	FAM004225	FAM005570	FAM007469	FAM009414	FAM003011	FAM010246	FAM012588	FAM002092	FAM004205	FAM005142	FAM006562	FAM009953	FAM001187	FAM000657	FAM005098	FAM000068	FAM004956	FAM014035	FAM008273	FAM013675	FAM123492	FAM063856	FAM031026	FAM030483	FAM018695
rep624_seed2649	FAM003774	FAM005317	FAM003480	FAM005375	FAM008703	FAM010438	FAM001560	FAM003117	FAM002488	FAM005017	FAM009634	FAM004970	FAM002404	FAM002511	FAM000345	FAM010197	FAM001293	FAM009561	FAM000401	FAM004290	FAM003993	FAM008601	FAM009332	FAM000353	FAM006728	FAM005460	FAM001652	FAM005600	FAM005260	FAM003487	FAM009610	FAM010798	FAM006305	FAM005085	FAM007434	FAM003444	FAM013277	FAM005520	FAM005498	FAM011665	FAM001279	FAM000257	FAM005898	FAM008178	FAM001043	FAM004107	FAM001248	FAM002656	FAM004040	FAM005842	FAM003817	FAM002934	FAM001041	FAM006467	FAM004493	FAM008115	FAM012929	FAM002688	FAM000477	FAM002578	FAM002379	FAM004293	FAM002056	FAM005568	FAM000890	FAM014402	FAM011484	FAM013627	FAM123478	FAM066367	FAM029769	FAM034744	FAM015134
rep625_seed2650	FAM005197	FAM005373	FAM010526	FAM012686	FAM004393	FAM002839	FAM011285	FAM001036	FAM013874	FAM004082	FAM002440	FAM001773	FAM005498	FAM007965	FAM010991	FAM009044	FAM008705	FAM002680	FAM007242	FAM008816	FAM002487	FAM001281	FAM011892	FAM000195	FAM014305	FAM007849	FAM011102	FAM001139	FAM013976	FAM012010	FAM000849	FAM010701	FAM008383	FAM000568	FAM008400	FAM006495	FAM006813	FAM003695	FAM003083	FAM003127	FAM003152	FAM011535	FAM012942	FAM002659	FAM003506	FAM005354	FAM000295	FAM006131	FAM010267	FAM009941	FAM002628	FAM004886	FAM001324	FAM010664	FAM000970	FAM001814	FAM011140	FAM008056	FAM008394	FAM000400	FAM009980	FAM006427	FAM005708	FAM001704	FAM011673	FAM012671	FAM007790	FAM011859	FAM120701	FAM066637	FAM036777	FAM041080	FAM015937
rep626_seed2651	FAM006693	FAM004803	FAM002279	FAM013951	FAM010425	FAM004804	FAM001212	FAM003248	FAM004569	FAM000946	FAM004926	FAM004320	FAM005102	FAM004941	FAM001144	FAM009368	FAM007216	FAM000276	FAM008474	FAM003663	FAM000953	FAM004020	FAM003211	FAM009557	FAM004097	FAM003771	FAM003599	FAM002657	FAM004022	FAM008132	FAM008891	FAM011519	FAM004415	FAM005325	FAM003390	FAM006501	FAM000679	FAM004408	FAM001927	FAM004266	FAM003217	FAM003866	FAM007032	FAM007785	FAM003753	FAM002767	FAM000628	FAM007244	FAM002074	FAM004825	FAM005309	FAM006555	FAM003510	FAM002147	FAM003203	FAM011926	FAM000077	FAM005623	FAM005624	FAM009984	FAM004040	FAM000247	FAM002448	FAM003917	FAM000449	FAM003138	FAM007801	FAM013803	FAM113959	FAM060119	FAM037852	FAM036725	FAM022870
rep627_seed2652	FAM005709	FAM005787	FAM007004	FAM011790	FAM004632	FAM001054	FAM002805	FAM012155	FAM003891	FAM008149	FAM004220	FAM004150	FAM007799	FAM003827	FAM010527	FAM000039	FAM004455	FAM006598	FAM004497	FAM001447	FAM011779	FAM005151	FAM012091	FAM002438	FAM004501	FAM005311	FAM007286	FAM001509	FAM001923	FAM006957	FAM003320	FAM007105	FAM011895	FAM004029	FAM008585	FAM002060	FAM003426	FAM006680	FAM001386	FAM003601	FAM006984	FAM002814	FAM005452	FAM004759	FAM000827	FAM004163	FAM000087	FAM005796	FAM005123	FAM006692	FAM000067	FAM004828	FAM006161	FAM006340	FAM000366	FAM006814	FAM010668	FAM006820	FAM009528	FAM003442	FAM001195	FAM001482	FAM008720	FAM009516	FAM009212	FAM008391	FAM012758	FAM009778	FAM138587	FAM063189	FAM038638	FAM039439	FAM024276
rep628_seed2653	FAM006790	FAM002999	FAM001167	FAM013751	FAM001790	FAM002385	FAM007078	FAM002633	FAM002870	FAM005902	FAM011013	FAM003515	FAM013276	FAM004478	FAM011961	FAM006284	FAM001250	FAM004069	FAM001075	FAM004729	FAM001787	FAM010467	FAM011307	FAM008107	FAM000481	FAM009584	FAM005927	FAM001752	FAM006821	FAM002195	FAM002931	FAM007302	FAM002655	FAM004997	FAM001764	FAM007335	FAM004639	FAM008056	FAM002127	FAM006409	FAM003267	FAM006038	FAM003596	FAM008302	FAM002598	FAM005658	FAM004082	FAM006136	FAM002777	FAM008015	FAM010061	FAM003819	FAM000101	FAM004088	FAM000282	FAM007917	FAM000080	FAM006831	FAM000990	FAM001503	FAM001249	FAM003360	FAM004170	FAM000560	FAM002111	FAM010040	FAM014252	FAM013822	FAM113923	FAM058919	FAM038540	FAM033110	FAM025439
rep629_seed2654	FAM001710	FAM005457	FAM003608	FAM007518	FAM007428	FAM006024	FAM010903	FAM003203	FAM007696	FAM006693	FAM007903	FAM011959	FAM007970	FAM002971	FAM013497	FAM001245	FAM009461	FAM004700	FAM012293	FAM011181	FAM009305	FAM003656	FAM012928	FAM005157	FAM008632	FAM000088	FAM001620	FAM009261	FAM010878	FAM002466	FAM012522	FAM002124	FAM002178	FAM003372	FAM002363	FAM002539	FAM004411	FAM012835	FAM003317	FAM005158	FAM002371	FAM001769	FAM006082	FAM003098	FAM012699	FAM001605	FAM004657	FAM007330	FAM011535	FAM001765	FAM002503	FAM002229	FAM007564	FAM007779	FAM009963	FAM013678	FAM000190	FAM012363	FAM007947	FAM001788	FAM001088	FAM002866	FAM006331	FAM003198	FAM000261	FAM012131	FAM013480	FAM012813	FAM120877	FAM069090	FAM041779	FAM034545	FAM027429
rep630_seed2655	FAM003289	FAM014305	FAM004087	FAM002898	FAM001107	FAM005714	FAM005674	FAM011189	FAM002660	FAM009287	FAM007775	FAM006455	FAM000539	FAM007640	FAM009699	FAM012624	FAM001831	FAM007070	FAM007854	FAM001609	FAM004542	FAM005029	FAM000420	FAM006205	FAM000747	FAM000927	FAM011576	FAM003317	FAM008690	FAM007514	FAM007115	FAM002058	FAM007612	FAM006211	FAM005493	FAM001199	FAM010443	FAM006959	FAM006192	FAM005764	FAM004279	FAM005874	FAM003616	FAM005973	FAM009940	FAM006187	FAM002859	FAM003026	FAM012962	FAM006847	FAM001489	FAM007240	FAM003541	FAM004748	FAM006892	FAM000353	FAM004286	FAM011077	FAM002371	FAM011285	FAM004930	FAM002639	FAM000238	FAM007183	FAM001368	FAM013957	FAM011619	FAM013731	FAM130917	FAM066785	FAM039791	FAM035764	FAM023320
rep631_seed2656	FAM002266	FAM000596	FAM007124	FAM002427	FAM009152	FAM005087	FAM000898	FAM009441	FAM010295	FAM000143	FAM001910	FAM007216	FAM003224	FAM010321	FAM004132	FAM007059	FAM008363	FAM002132	FAM004444	FAM004853	FAM001183	FAM004395	FAM006124	FAM005171	FAM003891	FAM009357	FAM004126	FAM006635	FAM004635	FAM001409	FAM010711	FAM003906	FAM001728	FAM005401	FAM003487	FAM001228	FAM008383	FAM013506	FAM010789	FAM001800	FAM009730	FAM000275	FAM001814	FAM001160	FAM008558	FAM000843	FAM013946	FAM006778	FAM003576	FAM006332	FAM011095	FAM004889	FAM002435	FAM011390	FAM003660	FAM003593	FAM009615	FAM012337	FAM003167	FAM001811	FAM003101	FAM004193	FAM003738	FAM004147	FAM013448	FAM010563	FAM009503	FAM013938	FAM108607	FAM060164	FAM030538	FAM035576	FAM027014
rep632_seed2657	FAM000601	FAM003563	FAM002989	FAM000906	FAM001122	FAM003410	FAM002684	FAM006834	FAM009374	FAM003361	FAM005512	FAM001627	FAM005618	FAM005538	FAM002111	FAM005034	FAM014097	FAM002008	FAM011782	FAM007895	FAM002019	FAM004532	FAM008712	FAM005819	FAM008810	FAM004787	FAM004778	FAM011594	FAM011494	FAM005223	FAM003198	FAM004406	FAM003236	FAM006282	FAM002178	FAM006928	FAM013966	FAM000580	FAM002467	FAM000411	FAM001969	FAM014328	FAM005120	FAM012050	FAM003645	FAM002146	FAM010543	FAM003525	FAM006401	FAM004345	FAM005009	FAM013992	FAM000342	FAM008995	FAM007196	FAM002056	FAM008676	FAM005753	FAM002250	FAM008873	FAM001190	FAM013888	FAM010809	FAM002894	FAM013152	FAM008625	FAM011733	FAM010406	FAM120702	FAM062090	FAM033433	FAM033468	FAM017381
rep633_seed2658	FAM002204	FAM011165	FAM004689	FAM006519	FAM012667	FAM010471	FAM004053	FAM003721	FAM004809	FAM002370	FAM003503	FAM002489	FAM001526	FAM007575	FAM004877	FAM001850	FAM012007	FAM004919	FAM007429	FAM010558	FAM001424	FAM007587	FAM000990	FAM006671	FAM002552	FAM004278	FAM012741	FAM009986	FAM004646	FAM001112	FAM007897	FAM003678	FAM002605	FAM007175	FAM002576	FAM004018	FAM002812	FAM006386	FAM001740	FAM000123	FAM001792	FAM004198	FAM002814	FAM004679	FAM010073	FAM006698	FAM000403	FAM007565	FAM004971	FAM003264	FAM006953	FAM010228	FAM004882	FAM009880	FAM011438	FAM004996	FAM006538	FAM000440	FAM002071	FAM006155	FAM000755	FAM011585	FAM001231	FAM004978	FAM004700	FAM014499	FAM011352	FAM007892	FAM130629	FAM064247	FAM031252	FAM031515	FAM020961
rep634_seed2659	FAM000175	FAM002614	FAM003028	FAM007146	FAM004186	FAM006326	FAM001892	FAM007101	FAM009945	FAM006811	FAM008413	FAM005658	FAM002423	FAM000666	FAM006007	FAM002430	FAM000969	FAM004339	FAM003296	FAM001576	FAM006657	FAM008204	FAM009386	FAM003330	FAM008768	FAM001886	FAM004040	FAM006074	FAM005461	FAM011599	FAM005186	FAM005920	FAM007249	FAM002851	FAM001158	FAM006664	FAM012794	FAM004923	FAM003944	FAM003522	FAM005445	FAM011786	FAM013530	FAM002925	FAM007336	FAM009363	FAM012138	FAM000566	FAM006242	FAM010353	FAM012699	FAM002553	FAM004633	FAM003811	FAM008225	FAM005429	FAM000579	FAM003074	FAM001711	FAM003925	FAM001678	FAM004230	FAM011467	FAM004595	FAM001718	FAM011337	FAM012510	FAM012178	FAM117019	FAM063856	FAM032978	FAM033045	FAM023643
rep635_seed2660	FAM013796	FAM004604	FAM012524	FAM005757	FAM009194	FAM010607	FAM001820	FAM004325	FAM011453	FAM006467	FAM007199	FAM005148	FAM014172	FAM001135	FAM002630	FAM008371	FAM002454	FAM000924	FAM002642	FAM007364	FAM008439	FAM003951	FAM011784	FAM003546	FAM005638	FAM010197	FAM004380	FAM003119	FAM009715	FAM000313	FAM010984	FAM004826	FAM004954	FAM006251	FAM011761	FAM001481	FAM007451	FAM005808	FAM004159	FAM003414	FAM003004	FAM001997	FAM000678	FAM011174	FAM000358	FAM006614	FAM010516	FAM001645	FAM002833	FAM010835	FAM005482	FAM011063	FAM001154	FAM002920	FAM003246	FAM000807	FAM002791	FAM004552	FAM009287	FAM006027	FAM007929	FAM004031	FAM004648	FAM003134	FAM004263	FAM008608	FAM012371	FAM013434	FAM119189	FAM066988	FAM035076	FAM037742	FAM029040
rep636_seed2661	FAM013850	FAM001913	FAM003772	FAM000327	FAM013279	FAM003798	FAM000021	FAM001145	FAM002238	FAM005736	FAM006401	FAM004954	FAM004963	FAM003088	FAM007511	FAM006722	FAM000819	FAM000818	FAM001479	FAM009109	FAM004501	FAM001752	FAM003033	FAM004612	FAM006182	FAM000928	FAM003779	FAM005998	FAM009440	FAM009342	FAM001023	FAM002637	FAM003733	FAM002381	FAM003929	FAM004397	FAM003164	FAM007388	FAM006687	FAM005612	FAM012052	FAM004319	FAM000136	FAM002844	FAM009205	FAM001914	FAM000221	FAM004964	FAM012270	FAM005693	FAM009980	FAM000134	FAM000001	FAM003701	FAM003260	FAM001626	FAM008207	FAM004726	FAM001679	FAM003810	FAM008500	FAM010423	FAM013354	FAM007056	FAM003650	FAM013189	FAM004951	FAM012475	FAM124272	FAM066637	FAM036133	FAM032308	FAM018309
rep637_seed2662	FAM013538	FAM003284	FAM012840	FAM000375	FAM008674	FAM002025	FAM003723	FAM012530	FAM003270	FAM001276	FAM007037	FAM002228	FAM009684	FAM004484	FAM006734	FAM004970	FAM005865	FAM004895	FAM004188	FAM013391	FAM006338	FAM005808	FAM006096	FAM002420	FAM007696	FAM005898	FAM005603	FAM005636	FAM000612	FAM000983	FAM006895	FAM004025	FAM000442	FAM007273	FAM010182	FAM004145	FAM000886	FAM002801	FAM002361	FAM002937	FAM004409	FAM002924	FAM000806	FAM006595	FAM003247	FAM003387	FAM000945	FAM002412	FAM004057	FAM002902	FAM000243	FAM007889	FAM006095	FAM007096	FAM006892	FAM009236	FAM009511	FAM000177	FAM008953	FAM002114	FAM006916	FAM004345	FAM003386	FAM002606	FAM000680	FAM012034	FAM014640	FAM009028	FAM134616	FAM062248	FAM041142	FAM033085	FAM028491
rep638_seed2663	FAM007670	FAM002946	FAM002937	FAM000894	FAM001410	FAM002074	FAM002408	FAM007721	FAM008766	FAM003850	FAM010846	FAM003894	FAM001003	FAM002132	FAM006144	FAM002105	FAM004216	FAM006894	FAM008155	FAM005210	FAM009929	FAM012173	FAM001867	FAM008087	FAM000074	FAM001597	FAM009120	FAM006365	FAM001174	FAM009112	FAM003945	FAM001738	FAM013611	FAM002917	FAM003298	FAM000475	FAM014504	FAM006059	FAM000192	FAM008513	FAM001783	FAM002285	FAM003299	FAM006678	FAM000964	FAM000727	FAM003543	FAM006473	FAM013991	FAM009640	FAM013212	FAM008202	FAM003733	FAM000891	FAM008669	FAM006788	FAM010198	FAM013474	FAM006304	FAM005712	FAM010363	FAM008219	FAM009050	FAM003975	FAM003766	FAM011877	FAM008789	FAM007462	FAM116406	FAM063964	FAM041341	FAM036076	FAM021568
rep639_seed2664	FAM000764	FAM000870	FAM006154	FAM004440	FAM009339	FAM006144	FAM005413	FAM008004	FAM010778	FAM003606	FAM012530	FAM012091	FAM002875	FAM006737	FAM006548	FAM009988	FAM004933	FAM001185	FAM005687	FAM007230	FAM012390	FAM014213	FAM009410	FAM003665	FAM011090	FAM003786	FAM001306	FAM007422	FAM013616	FAM013505	FAM006743	FAM008157	FAM013911	FAM012915	FAM011029	FAM004737	FAM002641	FAM014066	FAM000867	FAM000815	FAM008750	FAM007070	FAM006431	FAM003034	FAM003107	FAM006203	FAM004085	FAM002421	FAM001448	FAM006456	FAM006390	FAM009442	FAM006280	FAM008667	FAM012486	FAM010180	FAM004194	FAM002867	FAM013724	FAM003330	FAM005404	FAM012190	FAM005651	FAM001307	FAM005104	FAM009258	FAM007690	FAM013302	FAM119536	FAM070101	FAM041797	FAM036803	FAM027658
rep640_seed2665	FAM008432	FAM010238	FAM007310	FAM007966	FAM007992	FAM006762	FAM011166	FAM003463	FAM012748	FAM008359	FAM007613	FAM007478	FAM001080	FAM011029	FAM002720	FAM001503	FAM000714	FAM007335	FAM002243	FAM014385	FAM002900	FAM003366	FAM008227	FAM003729	FAM005749	FAM004370	FAM011506	FAM009579	FAM010525	FAM012742	FAM005627	FAM003044	FAM004941	FAM007507	FAM000071	FAM010195	FAM010339	FAM005697	FAM010804	FAM012548	FAM001511	FAM000755	FAM000923	FAM002091	FAM004812	FAM001646	FAM004402	FAM000668	FAM003354	FAM006987	FAM002509	FAM003321	FAM000779	FAM005897	FAM010721	FAM007092	FAM005479	FAM000450	FAM001390	FAM013448	FAM001033	FAM011538	FAM005329	FAM000011	FAM005854	FAM010535	FAM009177	FAM011022	FAM114457	FAM058316	FAM040409	FAM032627	FAM023622
rep641_seed2666	FAM007080	FAM001749	FAM011168	FAM010198	FAM009369	FAM004666	FAM008149	FAM007032	FAM008297	FAM002558	FAM001526	FAM007819	FAM002721	FAM002371	FAM005275	FAM007098	FAM010912	FAM002219	FAM003788	FAM001373	FAM011119	FAM004442	FAM001882	FAM007426	FAM002183	FAM001614	FAM009120	FAM000654	FAM005120	FAM008603	FAM010073	FAM001789	FAM001989	FAM001627	FAM001293	FAM003093	FAM003883	FAM005107	FAM002420	FAM006861	FAM004330	FAM003922	FAM003528	FAM005877	FAM010678	FAM008801	FAM003306	FAM005983	FAM001103	FAM014243	FAM004445	FAM007188	FAM010964	FAM000893	FAM000205	FAM002452	FAM003725	FAM001628	FAM005995	FAM008655	FAM000907	FAM009516	FAM003392	FAM006530	FAM004691	FAM009920	FAM006922	FAM014124	FAM137494	FAM058452	FAM039304	FAM034601	FAM014760
rep642_seed2667	FAM013403	FAM008953	FAM010104	FAM012726	FAM011104	FAM008227	FAM000686	FAM006264	FAM004769	FAM008460	FAM002249	FAM002344	FAM005551	FAM000809	FAM004570	FAM012180	FAM012524	FAM006358	FAM004728	FAM010299	FAM005205	FAM003799	FAM007506	FAM008541	FAM001746	FAM004916	FAM009043	FAM001115	FAM008347	FAM010823	FAM002933	FAM007133	FAM007567	FAM004898	FAM004148	FAM001987	FAM005361	FAM006267	FAM007995	FAM007548	FAM005292	FAM002650	FAM002434	FAM003703	FAM011687	FAM003977	FAM004672	FAM000746	FAM009458	FAM008990	FAM003868	FAM002475	FAM002856	FAM001096	FAM001491	FAM010438	FAM006947	FAM006703	FAM001434	FAM011767	FAM009197	FAM000712	FAM001970	FAM000531	FAM002620	FAM009258	FAM014464	FAM006258	FAM130629	FAM062644	FAM040850	FAM036267	FAM017657
rep643_seed2668	FAM000538	FAM007355	FAM006541	FAM006774	FAM005197	FAM006493	FAM000919	FAM003971	FAM006785	FAM007556	FAM003388	FAM005631	FAM003269	FAM003481	FAM004974	FAM008995	FAM001778	FAM002286	FAM008386	FAM006629	FAM010524	FAM005498	FAM011586	FAM010239	FAM013724	FAM007278	FAM006795	FAM000522	FAM007555	FAM008070	FAM012646	FAM006062	FAM004993	FAM006369	FAM004561	FAM003581	FAM004994	FAM002178	FAM013991	FAM008547	FAM000820	FAM005245	FAM008525	FAM005237	FAM009045	FAM011489	FAM004609	FAM009124	FAM006173	FAM011087	FAM007426	FAM006346	FAM008861	FAM003873	FAM002715	FAM009954	FAM004638	FAM005779	FAM000335	FAM009770	FAM006956	FAM002686	FAM001960	FAM000317	FAM000780	FAM011939	FAM008587	FAM014372	FAM143526	FAM065280	FAM040318	FAM039322	FAM024837
rep644_seed2669	FAM003077	FAM006433	FAM010460	FAM000161	FAM013634	FAM005267	FAM002024	FAM014646	FAM002841	FAM011780	FAM002678	FAM002967	FAM008779	FAM010746	FAM003193	FAM002572	FAM006620	FAM003592	FAM004582	FAM003797	FAM004890	FAM005414	FAM005955	FAM006060	FAM009121	FAM005927	FAM008987	FAM002074	FAM006739	FAM000923	FAM009516	FAM003989	FAM010188	FAM009634	FAM007545	FAM006122	FAM004131	FAM003669	FAM004034	FAM003292	FAM003601	FAM007673	FAM000047	FAM004424	FAM011738	FAM006795	FAM008183	FAM002657	FAM008170	FAM004396	FAM000730	FAM005991	FAM013858	FAM003926	FAM006631	FAM002708	FAM005990	FAM003354	FAM014003	FAM000783	FAM009955	FAM014619	FAM000264	FAM001767	FAM006160	FAM009193	FAM008679	FAM009987	FAM121931	FAM064367	FAM040513	FAM029890	FAM015262
rep645_seed2670	FAM004507	FAM005796	FAM006309	FAM002747	FAM000267	FAM004262	FAM002585	FAM000439	FAM005175	FAM006552	FAM000866	FAM001656	FAM012785	FAM001170	FAM008599	FAM001079	FAM001514	FAM000643	FAM003809	FAM002263	FAM007945	FAM003388	FAM000733	FAM004813	FAM000914	FAM013658	FAM004734	FAM009009	FAM007623	FAM005315	FAM004574	FAM005594	FAM001741	FAM005418	FAM006876	FAM006191	FAM004614	FAM000597	FAM001967	FAM012224	FAM004078	FAM014135	FAM004145	FAM011454	FAM005246	FAM010721	FAM007660	FAM001266	FAM001584	FAM002707	FAM010945	FAM004158	FAM006315	FAM007551	FAM012501	FAM009388	FAM000844	FAM003451	FAM005822	FAM004459	FAM007062	FAM003953	FAM001128	FAM002121	FAM002494	FAM012202	FAM012283	FAM013080	FAM133042	FAM058767	FAM039525	FAM036818	FAM026008
rep646_seed2671	FAM006824	FAM005399	FAM012158	FAM000963	FAM000018	FAM011482	FAM004596	FAM005533	FAM007260	FAM009701	FAM001219	FAM003464	FAM013658	FAM002436	FAM012588	FAM000304	FAM009333	FAM000403	FAM004333	FAM009409	FAM008360	FAM008000	FAM003980	FAM000964	FAM002599	FAM006852	FAM001025	FAM002756	FAM002344	FAM007306	FAM010321	FAM007358	FAM000052	FAM006238	FAM002587	FAM009664	FAM000666	FAM001502	FAM003719	FAM003877	FAM002839	FAM012951	FAM001660	FAM007698	FAM006569	FAM003276	FAM005000	FAM002901	FAM012742	FAM002816	FAM006692	FAM001758	FAM008132	FAM001496	FAM006082	FAM007143	FAM005224	FAM004892	FAM005466	FAM011339	FAM012686	FAM003954	FAM008760	FAM008252	FAM009666	FAM006445	FAM010368	FAM009257	FAM112093	FAM058934	FAM032767	FAM041132	FAM028638
rep647_seed2672	FAM005038	FAM002141	FAM012246	FAM002595	FAM003993	FAM000860	FAM006173	FAM001146	FAM004895	FAM006651	FAM010352	FAM001782	FAM006020	FAM007803	FAM005916	FAM006273	FAM008599	FAM012373	FAM004273	FAM007805	FAM005165	FAM011347	FAM008116	FAM010879	FAM007234	FAM006453	FAM003949	FAM009446	FAM004275	FAM005869	FAM007555	FAM013996	FAM001831	FAM006216	FAM000230	FAM001282	FAM007696	FAM013921	FAM000162	FAM002811	FAM014404	FAM003158	FAM000205	FAM013538	FAM010453	FAM013781	FAM000012	FAM001824	FAM000693	FAM004566	FAM000077	FAM003917	FAM002361	FAM006454	FAM006836	FAM000301	FAM001209	FAM001374	FAM000568	FAM012236	FAM008394	FAM005924	FAM008840	FAM004690	FAM010922	FAM009040	FAM014340	FAM002376	FAM111893	FAM075301	FAM039286	FAM040394	FAM024940
rep648_seed2673	FAM003133	FAM002937	FAM003844	FAM002554	FAM006992	FAM013808	FAM004479	FAM007552	FAM012748	FAM002718	FAM001342	FAM008075	FAM002740	FAM002424	FAM005858	FAM003071	FAM005492	FAM004000	FAM000787	FAM005641	FAM009206	FAM001432	FAM000876	FAM002205	FAM001471	FAM010122	FAM000337	FAM007777	FAM003041	FAM000120	FAM005415	FAM004051	FAM005912	FAM001679	FAM002676	FAM006073	FAM010486	FAM004373	FAM000484	FAM003233	FAM011712	FAM001150	FAM006156	FAM002109	FAM001208	FAM000767	FAM002323	FAM005399	FAM000803	FAM003467	FAM000454	FAM009446	FAM006634	FAM010935	FAM004090	FAM005368	FAM000581	FAM011748	FAM012865	FAM011578	FAM008977	FAM002707	FAM003941	FAM008107	FAM008457	FAM010336	FAM006777	FAM008340	FAM125983	FAM063237	FAM033260	FAM041994	FAM022000
rep649_seed2674	FAM008691	FAM003561	FAM008277	FAM001320	FAM001115	FAM002165	FAM005924	FAM005190	FAM004762	FAM000950	FAM000364	FAM005750	FAM006143	FAM001497	FAM003493	FAM002771	FAM008044	FAM003160	FAM009389	FAM001758	FAM009023	FAM006960	FAM001570	FAM009284	FAM011675	FAM004836	FAM010395	FAM000722	FAM002392	FAM014520	FAM002641	FAM004853	FAM007952	FAM004324	FAM002873	FAM009627	FAM002233	FAM007336	FAM002486	FAM007669	FAM002815	FAM002871	FAM005857	FAM006212	FAM002833	FAM009570	FAM002761	FAM006043	FAM004284	FAM012782	FAM001044	FAM003205	FAM007325	FAM006206	FAM007640	FAM004226	FAM012027	FAM013253	FAM003677	FAM014342	FAM005590	FAM007504	FAM009360	FAM007866	FAM001661	FAM008403	FAM014170	FAM010955	FAM111171	FAM067362	FAM031861	FAM039057	FAM020648
rep650_seed2675	FAM005977	FAM010036	FAM000098	FAM007419	FAM004775	FAM003759	FAM002585	FAM006390	FAM004180	FAM003515	FAM011064	FAM000747	FAM007797	FAM001094	FAM000161	FAM000391	FAM004971	FAM000553	FAM010028	FAM009042	FAM000922	FAM002735	FAM001411	FAM007717	FAM000936	FAM008305	FAM005996	FAM004279	FAM004441	FAM001264	FAM004862	FAM002094	FAM005029	FAM001249	FAM000335	FAM006184	FAM000907	FAM002273	FAM000026	FAM010918	FAM009480	FAM007175	FAM010256	FAM007955	FAM000493	FAM004814	FAM003552	FAM002005	FAM003364	FAM000597	FAM013242	FAM005012	FAM000576	FAM007236	FAM004179	FAM005713	FAM008257	FAM005240	FAM006706	FAM007805	FAM000092	FAM010231	FAM001462	FAM002191	FAM006967	FAM012666	FAM014080	FAM006076	FAM124241	FAM066142	FAM040366	FAM041660	FAM024125
rep651_seed2676	FAM005151	FAM002907	FAM003491	FAM008226	FAM007470	FAM010937	FAM004582	FAM002109	FAM000926	FAM011248	FAM001129	FAM001928	FAM003913	FAM007734	FAM001196	FAM003682	FAM002600	FAM000919	FAM009518	FAM007677	FAM012284	FAM009092	FAM000070	FAM006462	FAM004679	FAM012866	FAM008888	FAM002957	FAM008349	FAM013317	FAM000294	FAM010041	FAM007764	FAM003716	FAM000701	FAM005184	FAM007165	FAM000924	FAM011870	FAM001896	FAM011828	FAM011012	FAM000446	FAM006621	FAM014239	FAM003149	FAM006833	FAM002320	FAM003076	FAM006523	FAM008244	FAM012037	FAM006320	FAM010332	FAM004015	FAM002741	FAM003572	FAM003044	FAM002225	FAM005557	FAM008808	FAM000193	FAM006926	FAM002352	FAM003729	FAM011684	FAM009299	FAM012611	FAM140339	FAM060122	FAM039924	FAM043263	FAM016178
rep652_seed2677	FAM010964	FAM001237	FAM013844	FAM004383	FAM001019	FAM003340	FAM004170	FAM009437	FAM000485	FAM001697	FAM014671	FAM006262	FAM004198	FAM002771	FAM000919	FAM001624	FAM012856	FAM001894	FAM003394	FAM003281	FAM007008	FAM007777	FAM007876	FAM007146	FAM013551	FAM003651	FAM001453	FAM013149	FAM011058	FAM000028	FAM001631	FAM003129	FAM006162	FAM008087	FAM004988	FAM005109	FAM003437	FAM005751	FAM011423	FAM002378	FAM006298	FAM000318	FAM005224	FAM004955	FAM004114	FAM002855	FAM006640	FAM004043	FAM002133	FAM002555	FAM004483	FAM013155	FAM004671	FAM004150	FAM001655	FAM002744	FAM005464	FAM001043	FAM006380	FAM005133	FAM013116	FAM011818	FAM004484	FAM013526	FAM004104	FAM009214	FAM009974	FAM006907	FAM123079	FAM064782	FAM030117	FAM034231	FAM022367
rep653_seed2678	FAM013965	FAM004205	FAM005447	FAM002854	FAM014491	FAM003888	FAM000273	FAM003421	FAM007374	FAM000340	FAM002380	FAM006187	FAM003329	FAM009286	FAM011725	FAM011247	FAM009825	FAM007426	FAM013276	FAM001128	FAM005777	FAM009749	FAM008917	FAM004230	FAM005829	FAM006668	FAM001584	FAM003855	FAM011822	FAM005240	FAM000939	FAM004576	FAM003707	FAM006456	FAM004339	FAM007164	FAM009323	FAM004408	FAM009680	FAM002902	FAM008360	FAM004247	FAM011986	FAM009963	FAM004658	FAM007638	FAM014421	FAM002309	FAM004916	FAM013146	FAM007632	FAM005266	FAM009448	FAM001279	FAM003323	FAM005975	FAM005897	FAM002959	FAM004078	FAM007060	FAM010521	FAM000328	FAM001387	FAM004967	FAM007623	FAM010047	FAM007841	FAM012076	FAM133205	FAM067947	FAM042116	FAM033192	FAM021132
rep654_seed2679	FAM003308	FAM006270	FAM000094	FAM003912	FAM001861	FAM005328	FAM010428	FAM003619	FAM006725	FAM013011	FAM000674	FAM000590	FAM005150	FAM001409	FAM009433	FAM013850	FAM000860	FAM005600	FAM003790	FAM002877	FAM005138	FAM001311	FAM006178	FAM013698	FAM004026	FAM001777	FAM004426	FAM006243	FAM001885	FAM013807	FAM004182	FAM000426	FAM002688	FAM000443	FAM008727	FAM000997	FAM000367	FAM003443	FAM005796	FAM009118	FAM004745	FAM003013	FAM010917	FAM001045	FAM009512	FAM007150	FAM013691	FAM000901	FAM002462	FAM004289	FAM000104	FAM003543	FAM006504	FAM002636	FAM000255	FAM001434	FAM012143	FAM005637	FAM000148	FAM007463	FAM008559	FAM000550	FAM009749	FAM004613	FAM000270	FAM003254	FAM008734	FAM013667	FAM117885	FAM060838	FAM032665	FAM040179	FAM023040
rep655_seed2680	FAM000979	FAM000460	FAM000722	FAM003467	FAM014554	FAM002050	FAM000578	FAM008740	FAM009522	FAM004423	FAM001001	FAM005158	FAM001930	FAM005343	FAM003447	FAM004100	FAM007289	FAM000089	FAM005984	FAM005145	FAM003186	FAM000327	FAM005165	FAM006473	FAM002846	FAM003259	FAM000555	FAM008867	FAM006884	FAM007164	FAM012292	FAM004924	FAM002121	FAM002842	FAM008070	FAM000600	FAM004268	FAM001134	FAM005446	FAM004600	FAM003954	FAM011671	FAM011799	FAM005266	FAM010551	FAM009929	FAM004645	FAM001028	FAM003384	FAM002881	FAM008219	FAM009807	FAM003155	FAM011842	FAM005344	FAM001691	FAM002675	FAM009580	FAM008212	FAM005503	FAM006002	FAM006363	FAM005382	FAM003809	FAM013616	FAM006937	FAM012710	FAM012405	FAM136604	FAM066785	FAM033389	FAM041102	FAM021253
rep656_seed2681	FAM007555	FAM001629	FAM001127	FAM004461	FAM008898	FAM001182	FAM014520	FAM003883	FAM004543	FAM002380	FAM002029	FAM005224	FAM001901	FAM000443	FAM007730	FAM000511	FAM012637	FAM004147	FAM004605	FAM006196	FAM010501	FAM013051	FAM003265	FAM011705	FAM002733	FAM001895	FAM007359	FAM000030	FAM005029	FAM001821	FAM009481	FAM003542	FAM002767	FAM009580	FAM003288	FAM005837	FAM011791	FAM001503	FAM011827	FAM010297	FAM013069	FAM008630	FAM010685	FAM005325	FAM004747	FAM005326	FAM000759	FAM002863	FAM005031	FAM010140	FAM001704	FAM000568	FAM008912	FAM013596	FAM003106	FAM001510	FAM010423	FAM011686	FAM004424	FAM008092	FAM002404	FAM004102	FAM011238	FAM002167	FAM000020	FAM014263	FAM007491	FAM007978	FAM113810	FAM058994	FAM041960	FAM029605	FAM028865
rep657_seed2682	FAM004180	FAM012137	FAM000739	FAM009710	FAM001895	FAM000875	FAM007995	FAM005065	FAM003757	FAM002535	FAM006672	FAM013554	FAM009953	FAM005572	FAM006450	FAM007088	FAM004215	FAM003876	FAM007446	FAM002679	FAM006668	FAM005293	FAM001850	FAM005742	FAM013519	FAM006788	FAM001745	FAM001248	FAM003949	FAM002640	FAM007648	FAM000520	FAM003539	FAM002011	FAM012271	FAM004359	FAM008268	FAM004291	FAM008755	FAM002702	FAM002275	FAM001873	FAM003383	FAM011529	FAM008329	FAM006992	FAM006859	FAM002416	FAM004094	FAM005968	FAM007078	FAM002024	FAM011782	FAM002618	FAM006979	FAM002502	FAM009386	FAM005859	FAM009913	FAM012610	FAM001180	FAM009206	FAM008240	FAM002592	FAM009360	FAM011624	FAM010563	FAM013742	FAM139651	FAM065622	FAM043153	FAM036719	FAM016787
rep658_seed2683	FAM005481	FAM004998	FAM002895	FAM001259	FAM000634	FAM010061	FAM000144	FAM002633	FAM011528	FAM004636	FAM003696	FAM012282	FAM000332	FAM001325	FAM001578	FAM004618	FAM002487	FAM010166	FAM004138	FAM008444	FAM004619	FAM006487	FAM008544	FAM002990	FAM002661	FAM009332	FAM010199	FAM001267	FAM005986	FAM006465	FAM010711	FAM007185	FAM005825	FAM009116	FAM007439	FAM007093	FAM000975	FAM000778	FAM008056	FAM000867	FAM000188	FAM004765	FAM001315	FAM012108	FAM006154	FAM004706	FAM000325	FAM003720	FAM006196	FAM002678	FAM004703	FAM006731	FAM004419	FAM002735	FAM002612	FAM000155	FAM007283	FAM003154	FAM002064	FAM006124	FAM007133	FAM005557	FAM003755	FAM007191	FAM000253	FAM012758	FAM010618	FAM008978	FAM145739	FAM058961	FAM045053	FAM029173	FAM016647
rep659_seed2684	FAM010267	FAM002831	FAM006944	FAM006378	FAM011525	FAM004266	FAM007036	FAM004904	FAM002538	FAM004744	FAM000364	FAM004924	FAM008986	FAM001567	FAM003871	FAM012820	FAM005843	FAM003277	FAM008449	FAM002510	FAM001698	FAM013245	FAM007101	FAM008294	FAM013099	FAM013469	FAM008560	FAM001366	FAM010180	FAM007475	FAM010056	FAM011232	FAM002043	FAM008466	FAM008478	FAM006348	FAM005052	FAM001262	FAM002718	FAM005609	FAM012060	FAM007541	FAM002890	FAM004346	FAM007880	FAM003363	FAM014119	FAM003202	FAM002158	FAM001249	FAM003854	FAM004655	FAM013894	FAM004575	FAM001786	FAM001043	FAM012234	FAM011636	FAM013085	FAM008889	FAM006156	FAM002833	FAM002702	FAM003334	FAM007201	FAM011324	FAM010192	FAM009619	FAM133204	FAM067947	FAM033337	FAM030386	FAM023156
rep660_seed2685	FAM008396	FAM007108	FAM009570	FAM004793	FAM002071	FAM007982	FAM004046	FAM005052	FAM007705	FAM000375	FAM003490	FAM003172	FAM008432	FAM001102	FAM008360	FAM010474	FAM008859	FAM000146	FAM007581	FAM007291	FAM001996	FAM007843	FAM000243	FAM013131	FAM004407	FAM006580	FAM001704	FAM002213	FAM014135	FAM000275	FAM000609	FAM007719	FAM004387	FAM007842	FAM001105	FAM003820	FAM007632	FAM004338	FAM003942	FAM009929	FAM004259	FAM004004	FAM009579	FAM000265	FAM010793	FAM008312	FAM000748	FAM010635	FAM009797	FAM014197	FAM003292	FAM003150	FAM002947	FAM000162	FAM000586	FAM008333	FAM000043	FAM000682	FAM006032	FAM012880	FAM005970	FAM009608	FAM004934	FAM000068	FAM013624	FAM013483	FAM012131	FAM011724	FAM113872	FAM060452	FAM035639	FAM032256	FAM029100
rep661_seed2686	FAM002434	FAM006309	FAM002756	FAM004666	FAM005376	FAM000968	FAM012060	FAM004098	FAM006661	FAM013458	FAM002338	FAM011339	FAM003344	FAM005939	FAM006277	FAM003112	FAM006614	FAM003034	FAM007242	FAM003285	FAM002928	FAM007537	FAM003676	FAM000607	FAM008922	FAM004221	FAM003771	FAM008888	FAM012027	FAM000603	FAM009946	FAM008298	FAM014121	FAM008162	FAM004194	FAM003489	FAM001441	FAM001011	FAM014319	FAM002400	FAM005043	FAM003586	FAM011748	FAM006863	FAM006688	FAM002654	FAM005538	FAM003398	FAM001402	FAM009578	FAM012879	FAM003028	FAM003283	FAM012787	FAM006919	FAM004224	FAM003241	FAM003660	FAM003833	FAM006490	FAM001177	FAM010471	FAM006413	FAM002839	FAM002705	FAM013127	FAM010826	FAM011792	FAM133106	FAM068433	FAM036232	FAM029613	FAM026633
rep662_seed2687	FAM002363	FAM001479	FAM002099	FAM001133	FAM007046	FAM013780	FAM005927	FAM004864	FAM008311	FAM005318	FAM002294	FAM003126	FAM006278	FAM005474	FAM008620	FAM012101	FAM010664	FAM003372	FAM010133	FAM003346	FAM006362	FAM008870	FAM009702	FAM001608	FAM012138	FAM007432	FAM001195	FAM006785	FAM002722	FAM006397	FAM009472	FAM001717	FAM001607	FAM000006	FAM000590	FAM007253	FAM006314	FAM003237	FAM000038	FAM000486	FAM005304	FAM004935	FAM004443	FAM002874	FAM007300	FAM001537	FAM004659	FAM004100	FAM002373	FAM005865	FAM008031	FAM007325	FAM014514	FAM009866	FAM004592	FAM001482	FAM006212	FAM008508	FAM004219	FAM014355	FAM002693	FAM005827	FAM000965	FAM000148	FAM003975	FAM006137	FAM011820	FAM010165	FAM124282	FAM063585	FAM032180	FAM032625	FAM015265
rep663_seed2688	FAM005828	FAM002244	FAM006421	FAM002204	FAM001023	FAM008580	FAM004736	FAM002699	FAM009932	FAM013922	FAM003386	FAM005132	FAM005735	FAM005402	FAM001309	FAM002581	FAM000541	FAM006575	FAM001055	FAM001839	FAM001347	FAM009445	FAM007192	FAM005582	FAM002327	FAM003121	FAM003339	FAM013331	FAM002748	FAM003052	FAM003013	FAM011454	FAM005554	FAM010468	FAM006318	FAM003183	FAM012890	FAM003594	FAM003190	FAM001402	FAM003871	FAM003648	FAM001394	FAM008021	FAM014254	FAM000244	FAM004012	FAM001525	FAM003897	FAM001640	FAM004949	FAM009155	FAM001249	FAM000827	FAM004319	FAM003636	FAM001077	FAM012760	FAM006581	FAM012012	FAM005793	FAM006790	FAM005675	FAM003130	FAM002694	FAM007261	FAM007890	FAM014077	FAM127774	FAM063269	FAM036322	FAM032627	FAM025219
rep664_seed2689	FAM013948	FAM010802	FAM000553	FAM004454	FAM003512	FAM004782	FAM007132	FAM003392	FAM008903	FAM008549	FAM000589	FAM005037	FAM007865	FAM002394	FAM008816	FAM002605	FAM004392	FAM002383	FAM005612	FAM013330	FAM004626	FAM009955	FAM011357	FAM008766	FAM002443	FAM009737	FAM000654	FAM000740	FAM011649	FAM005994	FAM007843	FAM001144	FAM002968	FAM010182	FAM000446	FAM004172	FAM004414	FAM012722	FAM003803	FAM001686	FAM001697	FAM007670	FAM008957	FAM001011	FAM008285	FAM004152	FAM010711	FAM003858	FAM000252	FAM002923	FAM001102	FAM001149	FAM000297	FAM007156	FAM004471	FAM003646	FAM000669	FAM005166	FAM001737	FAM004768	FAM004822	FAM005027	FAM004282	FAM002993	FAM002178	FAM010613	FAM011484	FAM013347	FAM134781	FAM064417	FAM036099	FAM031272	FAM021189
rep665_seed2690	FAM005904	FAM002145	FAM000105	FAM005000	FAM008485	FAM009094	FAM010241	FAM010187	FAM003420	FAM002365	FAM003649	FAM012363	FAM004649	FAM008691	FAM000188	FAM003744	FAM010588	FAM004200	FAM007575	FAM005247	FAM007734	FAM008396	FAM008217	FAM006298	FAM004323	FAM008460	FAM005692	FAM011467	FAM000677	FAM006771	FAM000229	FAM000366	FAM000939	FAM001306	FAM007986	FAM006476	FAM003882	FAM005367	FAM002574	FAM006930	FAM004302	FAM010693	FAM000509	FAM002683	FAM000183	FAM005246	FAM002304	FAM010398	FAM002111	FAM007867	FAM012582	FAM003128	FAM004660	FAM005332	FAM001701	FAM007060	FAM012608	FAM001195	FAM010723	FAM002894	FAM005892	FAM009410	FAM005196	FAM007388	FAM004328	FAM008095	FAM011806	FAM012341	FAM114209	FAM061657	FAM032475	FAM036441	FAM017905
rep666_seed2691	FAM010734	FAM000569	FAM005794	FAM000082	FAM001598	FAM002510	FAM001898	FAM003932	FAM009787	FAM002962	FAM001890	FAM006329	FAM008660	FAM000813	FAM003409	FAM002621	FAM002374	FAM004442	FAM001437	FAM009268	FAM010321	FAM006147	FAM006260	FAM004745	FAM011938	FAM000112	FAM000272	FAM001369	FAM005560	FAM005118	FAM005499	FAM005401	FAM007548	FAM002262	FAM010521	FAM005573	FAM011590	FAM003969	FAM001779	FAM005018	FAM003133	FAM005651	FAM008532	FAM008506	FAM002084	FAM002739	FAM013251	FAM008990	FAM010912	FAM000774	FAM005057	FAM002448	FAM007253	FAM003720	FAM007623	FAM014554	FAM000295	FAM006310	FAM004801	FAM008072	FAM005591	FAM003437	FAM009905	FAM010961	FAM001191	FAM003878	FAM013036	FAM013195	FAM127915	FAM058961	FAM041915	FAM029723	FAM028063
rep667_seed2692	FAM001432	FAM007549	FAM012726	FAM005361	FAM002783	FAM003005	FAM011029	FAM000219	FAM003593	FAM000350	FAM001651	FAM003101	FAM002318	FAM010353	FAM001345	FAM011675	FAM014165	FAM013741	FAM002117	FAM005067	FAM005195	FAM005963	FAM001912	FAM002378	FAM005640	FAM000554	FAM000900	FAM010531	FAM000352	FAM004936	FAM009062	FAM003015	FAM002969	FAM008680	FAM002503	FAM011064	FAM006715	FAM004722	FAM005293	FAM004874	FAM007218	FAM012760	FAM004112	FAM013937	FAM006381	FAM005855	FAM012530	FAM010922	FAM000645	FAM012501	FAM001288	FAM004866	FAM008957	FAM005046	FAM005507	FAM003202	FAM001068	FAM006533	FAM002886	FAM008383	FAM002052	FAM011551	FAM005621	FAM009730	FAM005848	FAM013515	FAM007649	FAM010565	FAM118377	FAM070210	FAM030982	FAM038093	FAM023998
rep668_seed2693	FAM006995	FAM006020	FAM011594	FAM009217	FAM004972	FAM009534	FAM002862	FAM000364	FAM002712	FAM009410	FAM000005	FAM001601	FAM004220	FAM002626	FAM005199	FAM014540	FAM012760	FAM003777	FAM000519	FAM000302	FAM012547	FAM005356	FAM006571	FAM002525	FAM012331	FAM000657	FAM005068	FAM001660	FAM011906	FAM003854	FAM006048	FAM000340	FAM004426	FAM014554	FAM010524	FAM009160	FAM013484	FAM008564	FAM002307	FAM007429	FAM005185	FAM009191	FAM000224	FAM004617	FAM009797	FAM004350	FAM000976	FAM000396	FAM006155	FAM006459	FAM005556	FAM005193	FAM003037	FAM000668	FAM000554	FAM003163	FAM002848	FAM007514	FAM010652	FAM002171	FAM001760	FAM002088	FAM010375	FAM011818	FAM005959	FAM008896	FAM011884	FAM003466	FAM124272	FAM062629	FAM037035	FAM031783	FAM024290
rep669_seed2694	FAM001143	FAM013668	FAM010873	FAM001995	FAM011898	FAM001928	FAM008130	FAM001234	FAM000195	FAM000563	FAM004585	FAM007581	FAM009881	FAM008824	FAM004258	FAM004319	FAM004253	FAM001948	FAM009660	FAM006412	FAM005560	FAM006807	FAM007577	FAM003294	FAM013050	FAM001694	FAM004933	FAM009289	FAM013551	FAM002576	FAM000252	FAM008277	FAM002834	FAM009208	FAM007053	FAM001845	FAM006513	FAM012258	FAM000753	FAM008371	FAM007837	FAM005712	FAM009721	FAM007230	FAM003453	FAM007063	FAM014097	FAM004714	FAM004971	FAM000383	FAM001783	FAM001011	FAM009644	FAM001591	FAM007711	FAM000958	FAM010198	FAM006069	FAM007311	FAM008535	FAM008524	FAM000504	FAM000093	FAM013911	FAM013697	FAM008666	FAM011542	FAM008918	FAM140565	FAM065711	FAM040792	FAM031982	FAM021724
rep670_seed2695	FAM003819	FAM005468	FAM007545	FAM003871	FAM002338	FAM002030	FAM004723	FAM001774	FAM001897	FAM003978	FAM008558	FAM005073	FAM006196	FAM009244	FAM005279	FAM002482	FAM012567	FAM008423	FAM006209	FAM003363	FAM002894	FAM001852	FAM014439	FAM007937	FAM000185	FAM013121	FAM006997	FAM000959	FAM001053	FAM011189	FAM002048	FAM003541	FAM005396	FAM008589	FAM005357	FAM000891	FAM003535	FAM002463	FAM001433	FAM007392	FAM003117	FAM002416	FAM005245	FAM002572	FAM003931	FAM000056	FAM003280	FAM002346	FAM011489	FAM005173	FAM013410	FAM004332	FAM006987	FAM004504	FAM001301	FAM000363	FAM001285	FAM005414	FAM000559	FAM000878	FAM006927	FAM005543	FAM000385	FAM002221	FAM004412	FAM013903	FAM013325	FAM007472	FAM121946	FAM058287	FAM040410	FAM031442	FAM021589
rep671_seed2696	FAM001200	FAM009991	FAM007018	FAM013566	FAM001846	FAM008528	FAM004773	FAM001735	FAM002243	FAM002287	FAM002981	FAM003759	FAM007971	FAM002502	FAM009440	FAM001581	FAM000920	FAM004624	FAM000387	FAM002786	FAM005447	FAM008553	FAM012937	FAM014682	FAM000480	FAM000215	FAM004220	FAM009159	FAM008477	FAM008592	FAM004127	FAM002444	FAM001955	FAM003709	FAM005983	FAM004360	FAM007788	FAM000742	FAM005587	FAM003260	FAM014695	FAM004291	FAM008524	FAM012472	FAM008935	FAM003586	FAM005755	FAM006541	FAM002040	FAM008812	FAM002483	FAM011402	FAM002230	FAM002251	FAM006002	FAM000275	FAM006792	FAM004746	FAM004437	FAM007061	FAM006821	FAM011437	FAM008943	FAM006688	FAM001526	FAM006660	FAM009503	FAM012955	FAM140580	FAM066120	FAM032482	FAM032260	FAM014979
rep672_seed2697	FAM006436	FAM008016	FAM008774	FAM004757	FAM006671	FAM002420	FAM004740	FAM005469	FAM011119	FAM007785	FAM012646	FAM010642	FAM007005	FAM003655	FAM002280	FAM011090	FAM002661	FAM003604	FAM004612	FAM001997	FAM003128	FAM001545	FAM011038	FAM000297	FAM001522	FAM001866	FAM007677	FAM007397	FAM003884	FAM013240	FAM005457	FAM000538	FAM004370	FAM003601	FAM002310	FAM003822	FAM010637	FAM004440	FAM003256	FAM000351	FAM006530	FAM004894	FAM001024	FAM002524	FAM006651	FAM006410	FAM003447	FAM005446	FAM004021	FAM002097	FAM001788	FAM003403	FAM011635	FAM007352	FAM006088	FAM002076	FAM010607	FAM003772	FAM007304	FAM002649	FAM002797	FAM012488	FAM002840	FAM003801	FAM005785	FAM006452	FAM005160	FAM012775	FAM112921	FAM060122	FAM030962	FAM039017	FAM019673
rep673_seed2698	FAM006836	FAM011294	FAM005102	FAM002501	FAM012285	FAM008059	FAM003158	FAM012208	FAM000988	FAM008283	FAM007355	FAM003610	FAM009312	FAM003177	FAM001206	FAM000568	FAM013210	FAM000144	FAM006091	FAM003021	FAM004397	FAM007242	FAM004497	FAM000461	FAM004976	FAM008605	FAM004136	FAM006706	FAM003403	FAM002651	FAM008809	FAM001701	FAM002996	FAM002065	FAM001524	FAM007673	FAM000897	FAM013630	FAM010299	FAM006328	FAM000602	FAM005896	FAM014364	FAM002031	FAM005358	FAM013154	FAM003117	FAM001154	FAM005045	FAM001716	FAM012637	FAM008549	FAM007073	FAM009143	FAM010036	FAM001057	FAM005408	FAM012098	FAM013470	FAM011761	FAM002443	FAM003024	FAM003073	FAM005016	FAM000436	FAM010509	FAM013665	FAM013055	FAM136588	FAM058961	FAM042821	FAM034301	FAM022580
rep674_seed2699	FAM011748	FAM002875	FAM001366	FAM006651	FAM000414	FAM013722	FAM005051	FAM009056	FAM000373	FAM006399	FAM004007	FAM012809	FAM006346	FAM002782	FAM005552	FAM005911	FAM000031	FAM004065	FAM010348	FAM000510	FAM001765	FAM006569	FAM006558	FAM002231	FAM005249	FAM008957	FAM003510	FAM002181	FAM003797	FAM001695	FAM001629	FAM006961	FAM001130	FAM012607	FAM001894	FAM003242	FAM008632	FAM004804	FAM000638	FAM001808	FAM005848	FAM005002	FAM006131	FAM006378	FAM000517	FAM010935	FAM003419	FAM000593	FAM003146	FAM006784	FAM005397	FAM001811	FAM001740	FAM001444	FAM003982	FAM002483	FAM008701	FAM005260	FAM004867	FAM005030	FAM007872	FAM009955	FAM001230	FAM000902	FAM008360	FAM008332	FAM007205	FAM012765	FAM126194	FAM064596	FAM048417	FAM033928	FAM017714
rep675_seed2700	FAM005730	FAM007058	FAM003927	FAM012820	FAM003880	FAM010233	FAM009894	FAM001130	FAM000495	FAM003572	FAM005907	FAM006262	FAM002479	FAM004415	FAM005404	FAM006052	FAM013236	FAM001402	FAM001551	FAM002833	FAM003843	FAM004721	FAM004195	FAM007018	FAM009737	FAM006543	FAM002655	FAM000416	FAM007292	FAM007659	FAM000028	FAM013500	FAM001255	FAM003227	FAM012116	FAM001151	FAM005365	FAM007283	FAM011369	FAM003188	FAM007971	FAM010764	FAM008033	FAM004037	FAM001699	FAM006272	FAM002237	FAM011608	FAM001157	FAM009717	FAM001025	FAM002641	FAM002820	FAM003091	FAM002009	FAM013529	FAM004419	FAM007876	FAM000368	FAM002159	FAM000039	FAM000060	FAM000490	FAM011959	FAM006893	FAM013981	FAM006137	FAM012047	FAM140283	FAM057842	FAM038332	FAM042084	FAM026579
rep676_seed2701	FAM001267	FAM003013	FAM000351	FAM003056	FAM001384	FAM003814	FAM008022	FAM000244	FAM003436	FAM001444	FAM000484	FAM006756	FAM005731	FAM002157	FAM012190	FAM005586	FAM005812	FAM008700	FAM011356	FAM005663	FAM008928	FAM011483	FAM004607	FAM004517	FAM001139	FAM002240	FAM000052	FAM011242	FAM001465	FAM001789	FAM002079	FAM006768	FAM005957	FAM006598	FAM008421	FAM000222	FAM004070	FAM007995	FAM003171	FAM005840	FAM001019	FAM005654	FAM005810	FAM007739	FAM004437	FAM004183	FAM004471	FAM008603	FAM004076	FAM014266	FAM005747	FAM002902	FAM007232	FAM001251	FAM003954	FAM011541	FAM001978	FAM000630	FAM002625	FAM004010	FAM009692	FAM003199	FAM007459	FAM000522	FAM011312	FAM008194	FAM006360	FAM011639	FAM121141	FAM065722	FAM040208	FAM040602	FAM017093
rep677_seed2702	FAM009004	FAM009197	FAM008553	FAM011915	FAM008881	FAM009986	FAM003656	FAM001222	FAM002330	FAM002150	FAM001461	FAM002645	FAM007788	FAM004263	FAM007733	FAM000104	FAM005730	FAM005362	FAM003890	FAM002608	FAM004103	FAM007744	FAM002491	FAM001649	FAM002336	FAM007023	FAM010703	FAM008153	FAM006348	FAM007217	FAM010569	FAM008421	FAM009988	FAM004232	FAM004036	FAM001883	FAM007160	FAM000196	FAM010945	FAM005481	FAM005016	FAM010501	FAM002617	FAM005323	FAM012138	FAM000156	FAM004422	FAM000175	FAM000046	FAM000231	FAM008068	FAM008416	FAM006496	FAM014336	FAM006853	FAM003551	FAM013575	FAM002055	FAM000546	FAM012367	FAM001371	FAM007218	FAM007085	FAM014385	FAM000064	FAM008688	FAM011050	FAM010301	FAM147098	FAM067874	FAM031741	FAM029278	FAM016417
rep678_seed2703	FAM000860	FAM000673	FAM009455	FAM004181	FAM008204	FAM007839	FAM012707	FAM007545	FAM013741	FAM008997	FAM000098	FAM004624	FAM014491	FAM004008	FAM000755	FAM010334	FAM000995	FAM002177	FAM005435	FAM005068	FAM000619	FAM005064	FAM008610	FAM009140	FAM003145	FAM009665	FAM001678	FAM000758	FAM006307	FAM007482	FAM007727	FAM000337	FAM014022	FAM000077	FAM003564	FAM001367	FAM003995	FAM007604	FAM007068	FAM002996	FAM007852	FAM003769	FAM002147	FAM004679	FAM004937	FAM005221	FAM013474	FAM006793	FAM005777	FAM004558	FAM006162	FAM006678	FAM002679	FAM005356	FAM012975	FAM003439	FAM009461	FAM004703	FAM001297	FAM001223	FAM005924	FAM008257	FAM011748	FAM002711	FAM008123	FAM011542	FAM005558	FAM009778	FAM124241	FAM058739	FAM033133	FAM030406	FAM018966
rep679_seed2704	FAM000185	FAM012524	FAM001309	FAM009301	FAM007007	FAM009562	FAM000179	FAM008526	FAM001938	FAM004861	FAM004541	FAM003279	FAM009455	FAM000366	FAM003770	FAM000555	FAM005211	FAM001375	FAM001874	FAM001755	FAM012476	FAM001861	FAM004654	FAM007923	FAM006333	FAM005776	FAM006285	FAM000684	FAM001943	FAM011708	FAM005289	FAM007141	FAM006451	FAM003909	FAM000184	FAM007264	FAM005691	FAM005832	FAM006097	FAM000656	FAM000329	FAM011130	FAM004825	FAM005652	FAM012143	FAM003759	FAM004169	FAM004957	FAM001446	FAM000332	FAM007193	FAM008375	FAM002361	FAM007413	FAM001275	FAM005806	FAM006267	FAM007419	FAM002910	FAM000122	FAM007012	FAM013754	FAM003978	FAM002227	FAM006024	FAM006797	FAM012805	FAM013266	FAM119860	FAM063802	FAM035635	FAM037607	FAM026251
rep680_seed2705	FAM006062	FAM001533	FAM007098	FAM000933	FAM006311	FAM004061	FAM012135	FAM007016	FAM012778	FAM005729	FAM013754	FAM000518	FAM005934	FAM001385	FAM008603	FAM007285	FAM004454	FAM001366	FAM005826	FAM010642	FAM005435	FAM006401	FAM010492	FAM001768	FAM007889	FAM001383	FAM009544	FAM005536	FAM000937	FAM004052	FAM005380	FAM003076	FAM005771	FAM001697	FAM003033	FAM000847	FAM008601	FAM004618	FAM001437	FAM006069	FAM000188	FAM001865	FAM005383	FAM006011	FAM006898	FAM004815	FAM012890	FAM000355	FAM007130	FAM004957	FAM000996	FAM007394	FAM004677	FAM001615	FAM001177	FAM007526	FAM013277	FAM013234	FAM001314	FAM000562	FAM006939	FAM003440	FAM008971	FAM007537	FAM004810	FAM008784	FAM014343	FAM012018	FAM128724	FAM060989	FAM030604	FAM035491	FAM016023
rep681_seed2706	FAM012261	FAM006188	FAM008165	FAM005114	FAM002897	FAM007908	FAM002197	FAM010076	FAM009178	FAM000294	FAM004423	FAM008000	FAM003243	FAM003920	FAM007955	FAM004057	FAM006741	FAM012164	FAM000358	FAM001031	FAM006667	FAM001540	FAM006129	FAM009041	FAM003675	FAM002973	FAM007640	FAM007203	FAM013767	FAM001525	FAM005149	FAM008570	FAM001709	FAM006570	FAM011779	FAM004137	FAM002601	FAM006696	FAM002230	FAM009797	FAM006851	FAM004458	FAM000102	FAM001482	FAM005756	FAM003049	FAM009449	FAM006424	FAM006375	FAM004289	FAM003767	FAM001093	FAM001536	FAM013194	FAM006270	FAM000549	FAM006069	FAM005147	FAM000285	FAM003844	FAM006957	FAM000691	FAM002724	FAM003187	FAM001407	FAM007977	FAM007554	FAM007390	FAM139432	FAM061691	FAM041522	FAM032488	FAM021888
rep682_seed2707	FAM002974	FAM005928	FAM013012	FAM005828	FAM002554	FAM001065	FAM006041	FAM000564	FAM000759	FAM000023	FAM006005	FAM000709	FAM006056	FAM000284	FAM007060	FAM011369	FAM000884	FAM000056	FAM005326	FAM009150	FAM007148	FAM013330	FAM004225	FAM004156	FAM002536	FAM002088	FAM008813	FAM010197	FAM002501	FAM004983	FAM009731	FAM004882	FAM013929	FAM003915	FAM004586	FAM003670	FAM011519	FAM006768	FAM003283	FAM002119	FAM006661	FAM000129	FAM003768	FAM007998	FAM004310	FAM001115	FAM004434	FAM005735	FAM002404	FAM000089	FAM009769	FAM000043	FAM012290	FAM004915	FAM007364	FAM006168	FAM000673	FAM002513	FAM000640	FAM007478	FAM012866	FAM007517	FAM001725	FAM005687	FAM008033	FAM008646	FAM012152	FAM008134	FAM146048	FAM063421	FAM034206	FAM035111	FAM024421
rep683_seed2708	FAM014273	FAM002319	FAM001823	FAM008068	FAM000378	FAM003075	FAM006147	FAM009515	FAM013518	FAM000034	FAM005917	FAM011089	FAM006904	FAM000482	FAM000663	FAM002635	FAM007566	FAM008813	FAM004969	FAM006498	FAM000520	FAM000928	FAM004721	FAM001718	FAM008298	FAM006552	FAM009496	FAM012565	FAM004782	FAM007117	FAM000302	FAM010685	FAM004243	FAM005061	FAM002905	FAM005759	FAM003516	FAM000126	FAM004621	FAM011935	FAM010937	FAM001187	FAM002795	FAM012110	FAM009712	FAM009074	FAM000940	FAM006031	FAM006718	FAM008632	FAM004423	FAM007951	FAM007609	FAM001202	FAM007557	FAM000730	FAM004986	FAM000974	FAM011842	FAM004303	FAM007520	FAM008409	FAM009189	FAM003148	FAM005077	FAM011641	FAM010580	FAM013868	FAM116396	FAM065837	FAM042301	FAM031783	FAM028135
rep684_seed2709	FAM005483	FAM004429	FAM005575	FAM011437	FAM010878	FAM000233	FAM003994	FAM013314	FAM002929	FAM001760	FAM007129	FAM002412	FAM004808	FAM005882	FAM003924	FAM003187	FAM006869	FAM010027	FAM003017	FAM004568	FAM006153	FAM000353	FAM005654	FAM005875	FAM013425	FAM012344	FAM014674	FAM006058	FAM008667	FAM006167	FAM013349	FAM006571	FAM007867	FAM013152	FAM009442	FAM003006	FAM002658	FAM006335	FAM004074	FAM005741	FAM008808	FAM007438	FAM009362	FAM008691	FAM012345	FAM004770	FAM004644	FAM012149	FAM008891	FAM005895	FAM007297	FAM013808	FAM001359	FAM014527	FAM007839	FAM005705	FAM003985	FAM005443	FAM009059	FAM008335	FAM008943	FAM005841	FAM013012	FAM006471	FAM002105	FAM014628	FAM007646	FAM013183	FAM124866	FAM060774	FAM042205	FAM037331	FAM017433
rep685_seed2710	FAM003058	FAM011453	FAM002001	FAM000206	FAM005917	FAM002237	FAM003064	FAM001020	FAM001361	FAM002050	FAM012000	FAM012823	FAM000746	FAM006334	FAM002519	FAM004672	FAM008605	FAM003682	FAM007724	FAM002778	FAM007216	FAM013121	FAM006577	FAM011840	FAM013946	FAM007348	FAM004442	FAM010764	FAM008336	FAM003111	FAM008712	FAM002221	FAM006387	FAM000590	FAM002362	FAM009792	FAM000158	FAM002334	FAM007741	FAM006002	FAM006250	FAM004533	FAM003751	FAM007265	FAM004838	FAM007926	FAM004508	FAM000650	FAM001851	FAM005845	FAM001427	FAM013449	FAM003931	FAM008689	FAM002506	FAM004561	FAM002067	FAM004148	FAM004979	FAM006230	FAM001365	FAM001687	FAM007700	FAM005219	FAM004313	FAM005072	FAM006079	FAM013001	FAM122074	FAM063084	FAM036291	FAM036257	FAM018454
rep686_seed2711	FAM000483	FAM001338	FAM010834	FAM000724	FAM002143	FAM011561	FAM008773	FAM009550	FAM009172	FAM004980	FAM008539	FAM001834	FAM008720	FAM007374	FAM012715	FAM009055	FAM003734	FAM001840	FAM007345	FAM007952	FAM000357	FAM005300	FAM012026	FAM006699	FAM002751	FAM001026	FAM001987	FAM008305	FAM001200	FAM005421	FAM007294	FAM003303	FAM010571	FAM006287	FAM011372	FAM005260	FAM004229	FAM004907	FAM000750	FAM010701	FAM002713	FAM003615	FAM006795	FAM005366	FAM000783	FAM000057	FAM006530	FAM006725	FAM008786	FAM003368	FAM007509	FAM004859	FAM013120	FAM010570	FAM001927	FAM000140	FAM000943	FAM012591	FAM002968	FAM001334	FAM001408	FAM004881	FAM001212	FAM007013	FAM006744	FAM007848	FAM008611	FAM010440	FAM142427	FAM062955	FAM036743	FAM033809	FAM021755
rep687_seed2712	FAM000028	FAM003120	FAM009731	FAM000434	FAM005522	FAM008440	FAM002866	FAM003065	FAM009467	FAM009291	FAM004175	FAM000398	FAM007432	FAM009516	FAM003533	FAM005536	FAM001863	FAM010657	FAM001592	FAM003990	FAM001198	FAM003710	FAM007539	FAM007101	FAM003838	FAM010492	FAM001977	FAM003127	FAM002312	FAM000639	FAM006894	FAM005505	FAM012166	FAM008346	FAM007071	FAM006298	FAM006716	FAM002916	FAM004866	FAM003648	FAM003794	FAM001628	FAM001803	FAM009286	FAM010525	FAM001734	FAM011293	FAM005166	FAM008002	FAM009871	FAM007111	FAM002496	FAM005671	FAM001639	FAM001963	FAM004240	FAM003057	FAM001590	FAM010507	FAM002234	FAM007406	FAM002142	FAM009737	FAM002347	FAM002762	FAM009928	FAM012210	FAM011997	FAM136549	FAM058996	FAM041519	FAM034331	FAM020390
rep688_seed2713	FAM007018	FAM010202	FAM004538	FAM003607	FAM003675	FAM011589	FAM004739	FAM001063	FAM005984	FAM004981	FAM005469	FAM000233	FAM003215	FAM012925	FAM007151	FAM002011	FAM002610	FAM012524	FAM012481	FAM010967	FAM012007	FAM000756	FAM001158	FAM008655	FAM009448	FAM007988	FAM000589	FAM007875	FAM005096	FAM007863	FAM008435	FAM004722	FAM007617	FAM007485	FAM001678	FAM006982	FAM003788	FAM012105	FAM008124	FAM001805	FAM006537	FAM001501	FAM004533	FAM002970	FAM006414	FAM013566	FAM006587	FAM001244	FAM007974	FAM006559	FAM003681	FAM006342	FAM013506	FAM006550	FAM005530	FAM002869	FAM005405	FAM000015	FAM001290	FAM011690	FAM001879	FAM009753	FAM003201	FAM000994	FAM006716	FAM014075	FAM006676	FAM001625	FAM129836	FAM064565	FAM039502	FAM042146	FAM016609
rep689_seed2714	FAM000891	FAM005910	FAM003261	FAM001675	FAM002399	FAM011655	FAM005683	FAM012305	FAM006161	FAM009591	FAM005052	FAM002389	FAM005816	FAM005423	FAM000268	FAM007162	FAM008619	FAM012481	FAM003537	FAM003060	FAM002658	FAM001724	FAM002591	FAM000373	FAM000701	FAM000327	FAM004677	FAM011855	FAM004107	FAM004205	FAM004140	FAM006977	FAM013019	FAM004887	FAM002371	FAM008037	FAM004515	FAM002232	FAM001574	FAM005696	FAM006915	FAM002578	FAM005471	FAM002037	FAM000468	FAM010746	FAM007310	FAM004098	FAM011230	FAM002293	FAM004031	FAM011780	FAM008334	FAM009015	FAM005491	FAM014520	FAM001921	FAM009446	FAM003094	FAM001533	FAM007032	FAM002964	FAM002735	FAM010405	FAM002752	FAM008307	FAM009976	FAM012095	FAM147173	FAM069530	FAM041403	FAM035389	FAM025873
rep690_seed2715	FAM004064	FAM002108	FAM011899	FAM007529	FAM000715	FAM001134	FAM003409	FAM011292	FAM007759	FAM014404	FAM008071	FAM011687	FAM003690	FAM004822	FAM003018	FAM003224	FAM012603	FAM000911	FAM000887	FAM008155	FAM004145	FAM009786	FAM006549	FAM000200	FAM007809	FAM006453	FAM006657	FAM006862	FAM002745	FAM010187	FAM004283	FAM007469	FAM001271	FAM011357	FAM000059	FAM004896	FAM007562	FAM002026	FAM005302	FAM003283	FAM009447	FAM006283	FAM002475	FAM007448	FAM003426	FAM003519	FAM003677	FAM000148	FAM008044	FAM004787	FAM006121	FAM001493	FAM008164	FAM011242	FAM005172	FAM010714	FAM007310	FAM002830	FAM007179	FAM002942	FAM005369	FAM006476	FAM006304	FAM003220	FAM009414	FAM007732	FAM010035	FAM012814	FAM108008	FAM066822	FAM036430	FAM038876	FAM029003
rep691_seed2716	FAM002227	FAM007098	FAM005838	FAM000269	FAM004140	FAM006624	FAM006060	FAM003614	FAM002159	FAM002850	FAM012501	FAM007215	FAM000701	FAM001652	FAM003635	FAM008723	FAM001067	FAM000555	FAM001431	FAM004038	FAM000185	FAM008873	FAM002024	FAM010501	FAM007394	FAM005868	FAM002273	FAM008729	FAM007687	FAM003737	FAM004859	FAM001064	FAM005325	FAM005790	FAM007007	FAM002257	FAM003490	FAM005863	FAM006535	FAM009015	FAM008371	FAM008309	FAM001999	FAM007122	FAM006836	FAM008528	FAM002806	FAM010614	FAM002867	FAM009187	FAM001893	FAM006290	FAM003462	FAM012250	FAM009968	FAM001782	FAM000308	FAM000475	FAM001661	FAM001353	FAM005805	FAM004136	FAM003588	FAM001517	FAM008061	FAM010346	FAM012097	FAM005647	FAM116251	FAM058456	FAM034236	FAM029759	FAM025371
rep692_seed2717	FAM004954	FAM006004	FAM000249	FAM001116	FAM002984	FAM000293	FAM008234	FAM009150	FAM005030	FAM004592	FAM000892	FAM006178	FAM001397	FAM004224	FAM003837	FAM003059	FAM004467	FAM003626	FAM002524	FAM006010	FAM000893	FAM000616	FAM000979	FAM006182	FAM001247	FAM008149	FAM004885	FAM010409	FAM006703	FAM004327	FAM002903	FAM004969	FAM001490	FAM009357	FAM008807	FAM004252	FAM005706	FAM003991	FAM008564	FAM005398	FAM008524	FAM002232	FAM002834	FAM007407	FAM009551	FAM006129	FAM011753	FAM006735	FAM004138	FAM005523	FAM003473	FAM001183	FAM001869	FAM010935	FAM004892	FAM002946	FAM002156	FAM002962	FAM000468	FAM014239	FAM005105	FAM007185	FAM009135	FAM006497	FAM000077	FAM011793	FAM009258	FAM012882	FAM142600	FAM064364	FAM042841	FAM035491	FAM026210
rep693_seed2718	FAM006200	FAM002176	FAM002487	FAM000793	FAM001230	FAM014408	FAM001418	FAM005975	FAM002516	FAM003689	FAM005637	FAM010480	FAM013741	FAM007968	FAM000020	FAM005151	FAM003416	FAM008790	FAM005403	FAM000995	FAM003367	FAM000344	FAM002002	FAM007423	FAM010815	FAM000894	FAM002313	FAM006230	FAM013155	FAM005627	FAM001771	FAM009414	FAM001672	FAM009852	FAM003782	FAM012326	FAM007924	FAM001166	FAM005062	FAM002271	FAM002525	FAM008347	FAM002390	FAM012398	FAM004726	FAM009859	FAM005996	FAM004490	FAM007271	FAM009091	FAM008947	FAM004608	FAM000130	FAM001577	FAM009059	FAM004265	FAM000599	FAM007578	FAM013930	FAM012962	FAM009655	FAM004727	FAM008569	FAM002821	FAM009946	FAM013135	FAM014661	FAM013283	FAM111656	FAM063585	FAM037600	FAM036879	FAM022000
rep694_seed2719	FAM000397	FAM003575	FAM003094	FAM003173	FAM009986	FAM002401	FAM003796	FAM002278	FAM009357	FAM007922	FAM002425	FAM003943	FAM006501	FAM007547	FAM004921	FAM002137	FAM000660	FAM006730	FAM001354	FAM002435	FAM000369	FAM010356	FAM007485	FAM002747	FAM003810	FAM005842	FAM013349	FAM002131	FAM004610	FAM009855	FAM009513	FAM005445	FAM007742	FAM007372	FAM001213	FAM000797	FAM000617	FAM005101	FAM001228	FAM000184	FAM001115	FAM014565	FAM005754	FAM001748	FAM004308	FAM003989	FAM002847	FAM006135	FAM013016	FAM006259	FAM001597	FAM001374	FAM002180	FAM013069	FAM011818	FAM002099	FAM002021	FAM007909	FAM004984	FAM002054	FAM003772	FAM013458	FAM014341	FAM008346	FAM004430	FAM006921	FAM013255	FAM008186	FAM136384	FAM063237	FAM032785	FAM042150	FAM020988
rep695_seed2720	FAM008903	FAM001587	FAM000894	FAM006925	FAM001273	FAM000291	FAM001608	FAM000489	FAM011670	FAM001272	FAM007283	FAM001969	FAM003208	FAM003375	FAM004160	FAM005686	FAM007146	FAM014123	FAM008122	FAM003650	FAM005721	FAM010048	FAM006840	FAM005300	FAM005683	FAM003000	FAM014541	FAM011761	FAM012962	FAM006771	FAM002474	FAM000627	FAM011207	FAM001332	FAM000582	FAM005656	FAM011106	FAM006982	FAM001253	FAM007609	FAM007305	FAM005014	FAM008525	FAM003570	FAM012236	FAM005430	FAM002713	FAM004588	FAM010335	FAM003306	FAM010912	FAM002943	FAM001444	FAM002435	FAM000287	FAM004529	FAM004111	FAM007223	FAM008987	FAM005276	FAM012287	FAM003747	FAM006216	FAM004383	FAM009769	FAM013071	FAM007630	FAM010095	FAM109700	FAM078741	FAM034584	FAM032673	FAM025120
rep696_seed2721	FAM001813	FAM003787	FAM005848	FAM009162	FAM005056	FAM003616	FAM000772	FAM007247	FAM005284	FAM002242	FAM008477	FAM008439	FAM000088	FAM001197	FAM003359	FAM012091	FAM000129	FAM006982	FAM007586	FAM012835	FAM014959	FAM002722	FAM000381	FAM006940	FAM010885	FAM003844	FAM007968	FAM001091	FAM007413	FAM002296	FAM001394	FAM007206	FAM011483	FAM005882	FAM004732	FAM006013	FAM004878	FAM006617	FAM005109	FAM003679	FAM008355	FAM002318	FAM012963	FAM003088	FAM005741	FAM013028	FAM004402	FAM008889	FAM008501	FAM005781	FAM003834	FAM005410	FAM004654	FAM004351	FAM006342	FAM000135	FAM009298	FAM004513	FAM001325	FAM004704	FAM007717	FAM013634	FAM000257	FAM007330	FAM005717	FAM009820	FAM010047	FAM010080	FAM146234	FAM075668	FAM048614	FAM030853	FAM017433
rep697_seed2722	FAM004097	FAM003601	FAM002132	FAM007125	FAM001388	FAM005121	FAM005372	FAM006117	FAM001575	FAM012075	FAM004088	FAM007578	FAM003056	FAM009239	FAM006791	FAM013984	FAM002596	FAM007698	FAM010385	FAM005447	FAM012106	FAM011498	FAM001801	FAM001967	FAM002634	FAM006040	FAM002053	FAM008281	FAM003042	FAM009336	FAM008788	FAM009799	FAM005963	FAM004253	FAM002472	FAM010174	FAM003135	FAM005147	FAM003457	FAM004698	FAM008864	FAM001483	FAM005916	FAM000433	FAM004521	FAM004551	FAM005864	FAM010354	FAM002092	FAM008406	FAM004218	FAM011959	FAM004198	FAM013069	FAM014619	FAM001444	FAM005304	FAM000961	FAM001253	FAM010041	FAM009043	FAM005724	FAM001756	FAM001324	FAM005243	FAM005550	FAM014531	FAM014384	FAM126181	FAM059426	FAM041945	FAM032922	FAM021946
rep698_seed2723	FAM003699	FAM009010	FAM012902	FAM001941	FAM007266	FAM005936	FAM012456	FAM011666	FAM000046	FAM003593	FAM004236	FAM013529	FAM007450	FAM002224	FAM000245	FAM001823	FAM000397	FAM007688	FAM001176	FAM004265	FAM009212	FAM008329	FAM006773	FAM001858	FAM006103	FAM004080	FAM003009	FAM004983	FAM008017	FAM001207	FAM004219	FAM003281	FAM006035	FAM003282	FAM003906	FAM003687	FAM004190	FAM010905	FAM012787	FAM005058	FAM011514	FAM001986	FAM001907	FAM003165	FAM008020	FAM003607	FAM013538	FAM003935	FAM002303	FAM000458	FAM003445	FAM010753	FAM001263	FAM001167	FAM011420	FAM007674	FAM013177	FAM003160	FAM009210	FAM003032	FAM002412	FAM004501	FAM002906	FAM007133	FAM004180	FAM013280	FAM011513	FAM012719	FAM145123	FAM059398	FAM040856	FAM035958	FAM025498
rep699_seed2724	FAM006786	FAM005481	FAM007571	FAM008809	FAM014518	FAM010207	FAM001988	FAM006634	FAM000136	FAM007133	FAM012222	FAM003136	FAM001636	FAM006306	FAM001083	FAM009809	FAM006154	FAM002263	FAM000976	FAM010290	FAM009829	FAM000860	FAM001300	FAM006956	FAM002782	FAM010022	FAM007051	FAM003682	FAM010104	FAM008768	FAM002155	FAM000007	FAM005403	FAM001956	FAM001707	FAM011328	FAM003708	FAM006012	FAM000465	FAM004743	FAM007054	FAM003365	FAM006363	FAM003197	FAM003891	FAM003676	FAM000960	FAM006986	FAM008371	FAM011797	FAM005147	FAM002399	FAM001784	FAM010324	FAM000873	FAM006013	FAM009664	FAM004795	FAM004619	FAM003073	FAM000506	FAM005310	FAM004592	FAM003327	FAM003679	FAM009863	FAM005269	FAM009897	FAM131494	FAM068970	FAM029710	FAM038877	FAM017093
rep700_seed2725	FAM007247	FAM001140	FAM001616	FAM001185	FAM013838	FAM006768	FAM007432	FAM002770	FAM001338	FAM009264	FAM006145	FAM001419	FAM005020	FAM014439	FAM004716	FAM004292	FAM010324	FAM007555	FAM008146	FAM010418	FAM006005	FAM000926	FAM004201	FAM012828	FAM008094	FAM003385	FAM006681	FAM000837	FAM009916	FAM000442	FAM006456	FAM001274	FAM012835	FAM008218	FAM006230	FAM001017	FAM011225	FAM005648	FAM007804	FAM005755	FAM000006	FAM000101	FAM007348	FAM001831	FAM011226	FAM006153	FAM007061	FAM007056	FAM011309	FAM008003	FAM003259	FAM006132	FAM002069	FAM004369	FAM013638	FAM000830	FAM013963	FAM011621	FAM002022	FAM010571	FAM007335	FAM003967	FAM002317	FAM000758	FAM003824	FAM009819	FAM008744	FAM006269	FAM114125	FAM065043	FAM039933	FAM036417	FAM014824
rep701_seed2726	FAM002569	FAM000874	FAM006391	FAM008799	FAM001205	FAM009281	FAM004502	FAM003588	FAM001260	FAM003670	FAM000442	FAM002478	FAM001523	FAM000911	FAM002860	FAM010517	FAM001054	FAM000926	FAM005719	FAM005190	FAM014355	FAM004358	FAM000328	FAM003327	FAM000407	FAM004967	FAM003585	FAM003211	FAM013458	FAM001117	FAM004870	FAM013331	FAM008829	FAM005307	FAM007325	FAM005605	FAM001556	FAM007681	FAM002087	FAM002543	FAM002692	FAM006035	FAM006712	FAM009904	FAM005923	FAM013752	FAM002918	FAM010231	FAM000108	FAM004671	FAM014575	FAM006012	FAM013575	FAM004540	FAM011347	FAM011708	FAM007443	FAM000553	FAM001805	FAM000496	FAM000760	FAM006157	FAM004200	FAM008244	FAM001761	FAM008835	FAM008231	FAM013779	FAM144307	FAM059398	FAM030619	FAM040044	FAM018933
rep702_seed2727	FAM001274	FAM001113	FAM004594	FAM003574	FAM006741	FAM007740	FAM010460	FAM011861	FAM011717	FAM001953	FAM006930	FAM000837	FAM001473	FAM006562	FAM007073	FAM009880	FAM002658	FAM014253	FAM000248	FAM001844	FAM002424	FAM008073	FAM000650	FAM003993	FAM004237	FAM006821	FAM010584	FAM006875	FAM000890	FAM007611	FAM005114	FAM005743	FAM002159	FAM007506	FAM010525	FAM008000	FAM002621	FAM009200	FAM002874	FAM001440	FAM006259	FAM002998	FAM002515	FAM004351	FAM009125	FAM005878	FAM013206	FAM005949	FAM000266	FAM004854	FAM006038	FAM002215	FAM003779	FAM004479	FAM011085	FAM009550	FAM011306	FAM000695	FAM010441	FAM000877	FAM008360	FAM001965	FAM000863	FAM006433	FAM010362	FAM006560	FAM007386	FAM013191	FAM141794	FAM065227	FAM029368	FAM039699	FAM020270
rep703_seed2728	FAM005652	FAM004773	FAM004934	FAM005142	FAM003958	FAM003185	FAM004296	FAM004765	FAM005585	FAM002261	FAM012305	FAM001190	FAM013216	FAM000206	FAM000074	FAM003271	FAM001314	FAM004112	FAM002527	FAM008349	FAM003930	FAM005845	FAM009138	FAM001232	FAM000089	FAM000679	FAM009378	FAM013534	FAM009409	FAM004194	FAM007465	FAM003378	FAM009207	FAM001288	FAM002045	FAM013490	FAM013149	FAM001923	FAM005814	FAM012377	FAM011582	FAM001221	FAM010488	FAM008651	FAM007992	FAM007973	FAM012479	FAM001376	FAM006739	FAM005853	FAM001684	FAM004886	FAM000453	FAM008237	FAM005455	FAM002646	FAM000445	FAM012052	FAM007036	FAM005678	FAM005636	FAM003216	FAM010180	FAM012485	FAM002604	FAM007605	FAM011431	FAM009975	FAM144467	FAM064483	FAM042899	FAM036016	FAM019449
rep704_seed2729	FAM013838	FAM001886	FAM001408	FAM006829	FAM011649	FAM006370	FAM001089	FAM003975	FAM009809	FAM009343	FAM003430	FAM000876	FAM010198	FAM007733	FAM002790	FAM001531	FAM014151	FAM003367	FAM002157	FAM003918	FAM006993	FAM006095	FAM007823	FAM010494	FAM007110	FAM014341	FAM006059	FAM010610	FAM009236	FAM006731	FAM007436	FAM008512	FAM005331	FAM007466	FAM004661	FAM004236	FAM006543	FAM000545	FAM008728	FAM002349	FAM005154	FAM010299	FAM007563	FAM006210	FAM003811	FAM005729	FAM002258	FAM003076	FAM000540	FAM004863	FAM003018	FAM002940	FAM000202	FAM004508	FAM004433	FAM011196	FAM009865	FAM005149	FAM004120	FAM004156	FAM006382	FAM001598	FAM001676	FAM002566	FAM002263	FAM008522	FAM009646	FAM010641	FAM143494	FAM062598	FAM040779	FAM042946	FAM021579
rep705_seed2730	FAM001175	FAM003089	FAM004556	FAM002496	FAM001521	FAM008384	FAM014003	FAM004836	FAM001478	FAM009249	FAM000047	FAM005840	FAM000674	FAM003970	FAM005391	FAM007306	FAM005024	FAM007427	FAM004311	FAM005925	FAM008476	FAM001193	FAM004865	FAM012350	FAM007724	FAM013551	FAM003578	FAM004313	FAM008669	FAM002027	FAM002480	FAM001590	FAM000750	FAM001681	FAM010504	FAM000233	FAM005358	FAM006681	FAM000655	FAM008126	FAM013787	FAM004499	FAM001277	FAM003396	FAM007199	FAM008748	FAM003137	FAM000521	FAM013519	FAM004385	FAM006617	FAM001922	FAM008082	FAM006090	FAM013729	FAM001023	FAM010967	FAM004639	FAM006672	FAM002757	FAM009472	FAM005320	FAM004903	FAM004392	FAM002126	FAM004505	FAM008887	FAM009683	FAM110746	FAM068036	FAM042275	FAM031019	FAM026211
rep706_seed2731	FAM004076	FAM004199	FAM000825	FAM001400	FAM004375	FAM010584	FAM000938	FAM013331	FAM000798	FAM005238	FAM009544	FAM002566	FAM000123	FAM002856	FAM006041	FAM005441	FAM007697	FAM007852	FAM000743	FAM005149	FAM002374	FAM001442	FAM005472	FAM006798	FAM000496	FAM010833	FAM001856	FAM006548	FAM006831	FAM004867	FAM007319	FAM007104	FAM000520	FAM008635	FAM006354	FAM001948	FAM008696	FAM008525	FAM009533	FAM004312	FAM005801	FAM000677	FAM005482	FAM002491	FAM005737	FAM003934	FAM003398	FAM006784	FAM004047	FAM004760	FAM006071	FAM012024	FAM003658	FAM001240	FAM003067	FAM000311	FAM003154	FAM003424	FAM001588	FAM007511	FAM009591	FAM005582	FAM007002	FAM005957	FAM002748	FAM008390	FAM014360	FAM005950	FAM137191	FAM072537	FAM031879	FAM030612	FAM023082
rep707_seed2732	FAM009805	FAM012524	FAM002317	FAM002760	FAM007880	FAM012513	FAM003719	FAM000636	FAM002438	FAM011340	FAM002481	FAM003150	FAM001738	FAM007192	FAM004230	FAM002212	FAM000864	FAM002249	FAM009194	FAM010408	FAM008478	FAM006873	FAM004141	FAM003980	FAM001522	FAM003581	FAM010811	FAM004910	FAM004983	FAM005798	FAM000299	FAM007626	FAM005439	FAM003469	FAM006634	FAM002622	FAM000848	FAM001094	FAM010619	FAM001383	FAM004439	FAM005812	FAM003217	FAM006139	FAM012868	FAM000344	FAM000648	FAM006888	FAM006355	FAM010708	FAM000509	FAM003005	FAM014575	FAM010205	FAM006480	FAM005448	FAM005237	FAM005810	FAM002713	FAM000650	FAM003967	FAM002757	FAM000511	FAM003330	FAM000884	FAM012718	FAM013737	FAM011325	FAM124272	FAM059138	FAM036931	FAM037046	FAM024186
rep708_seed2733	FAM007058	FAM004135	FAM000171	FAM005192	FAM007670	FAM009140	FAM007960	FAM004338	FAM008875	FAM006041	FAM000903	FAM006074	FAM006470	FAM001612	FAM003497	FAM005377	FAM006505	FAM000773	FAM003307	FAM008947	FAM011658	FAM007869	FAM014491	FAM003023	FAM000153	FAM004372	FAM009344	FAM000277	FAM002315	FAM006695	FAM007740	FAM002100	FAM003630	FAM007244	FAM007233	FAM001669	FAM003877	FAM000219	FAM005221	FAM010465	FAM000088	FAM007442	FAM000144	FAM010113	FAM010372	FAM011652	FAM007591	FAM003246	FAM004070	FAM001772	FAM004964	FAM002550	FAM004545	FAM010823	FAM002026	FAM009274	FAM006652	FAM006216	FAM011915	FAM005937	FAM003288	FAM011212	FAM006275	FAM005226	FAM008219	FAM014692	FAM014080	FAM010955	FAM128679	FAM065837	FAM042205	FAM035631	FAM014968
rep709_seed2734	FAM003266	FAM012271	FAM001278	FAM007515	FAM000818	FAM005088	FAM010387	FAM009664	FAM006090	FAM002577	FAM000931	FAM006599	FAM014239	FAM000387	FAM000069	FAM009185	FAM007004	FAM003618	FAM004071	FAM001856	FAM011672	FAM001690	FAM014534	FAM000242	FAM014355	FAM008191	FAM007919	FAM014279	FAM002165	FAM004593	FAM010356	FAM009560	FAM003426	FAM005238	FAM001883	FAM003608	FAM000240	FAM003390	FAM000014	FAM004871	FAM003387	FAM007536	FAM002913	FAM006801	FAM005468	FAM009383	FAM001394	FAM003483	FAM005110	FAM004960	FAM001665	FAM000476	FAM010811	FAM003654	FAM005822	FAM003110	FAM010594	FAM001810	FAM006845	FAM001804	FAM000222	FAM008447	FAM010445	FAM005317	FAM001802	FAM014263	FAM008275	FAM012405	FAM127211	FAM058628	FAM030050	FAM041788	FAM029100
rep710_seed2735	FAM000210	FAM002457	FAM006875	FAM009044	FAM000205	FAM003947	FAM006105	FAM005858	FAM009409	FAM001862	FAM006793	FAM006983	FAM001534	FAM003711	FAM002202	FAM005030	FAM000729	FAM003746	FAM000109	FAM005153	FAM007557	FAM002988	FAM007616	FAM001853	FAM006127	FAM001706	FAM000415	FAM003648	FAM007962	FAM002870	FAM000652	FAM005839	FAM002054	FAM003958	FAM005339	FAM002212	FAM003390	FAM007858	FAM013251	FAM011214	FAM002953	FAM005242	FAM008903	FAM004318	FAM009866	FAM009448	FAM011528	FAM013223	FAM007271	FAM006620	FAM008750	FAM004890	FAM007988	FAM011836	FAM009062	FAM002715	FAM004458	FAM007556	FAM006655	FAM010569	FAM013844	FAM007208	FAM011656	FAM003884	FAM001269	FAM006885	FAM008533	FAM008503	FAM123475	FAM064483	FAM037397	FAM029247	FAM014860
rep711_seed2736	FAM002928	FAM005757	FAM004069	FAM003735	FAM004834	FAM006297	FAM003401	FAM002780	FAM000478	FAM006745	FAM001548	FAM003883	FAM000630	FAM003454	FAM007372	FAM006109	FAM000279	FAM002586	FAM011767	FAM008804	FAM003025	FAM006762	FAM004824	FAM004497	FAM011071	FAM009966	FAM002955	FAM002241	FAM010756	FAM010200	FAM000240	FAM003628	FAM014342	FAM000445	FAM003484	FAM000517	FAM003140	FAM005971	FAM010249	FAM011864	FAM002039	FAM003992	FAM003944	FAM002131	FAM004147	FAM007970	FAM010146	FAM008160	FAM003134	FAM005721	FAM005825	FAM001859	FAM003143	FAM000494	FAM004924	FAM012644	FAM002019	FAM006027	FAM006409	FAM006077	FAM004539	FAM012937	FAM003017	FAM011357	FAM004833	FAM010985	FAM008258	FAM008078	FAM131950	FAM076643	FAM033022	FAM033456	FAM019494
rep712_seed2737	FAM008046	FAM002416	FAM002969	FAM008881	FAM001755	FAM009941	FAM010711	FAM002324	FAM004099	FAM000638	FAM000743	FAM013154	FAM010121	FAM003712	FAM005411	FAM001093	FAM009896	FAM001535	FAM007055	FAM000492	FAM000692	FAM005878	FAM004350	FAM005054	FAM001985	FAM008140	FAM006206	FAM006999	FAM005092	FAM006984	FAM002548	FAM008650	FAM005033	FAM005467	FAM009063	FAM000747	FAM002640	FAM000478	FAM009527	FAM001331	FAM007105	FAM012031	FAM000241	FAM004012	FAM001999	FAM003530	FAM005288	FAM003393	FAM000284	FAM005672	FAM009717	FAM004525	FAM001508	FAM006935	FAM003034	FAM006778	FAM006069	FAM000807	FAM009291	FAM005179	FAM003544	FAM008544	FAM011590	FAM009480	FAM000402	FAM008905	FAM009646	FAM014377	FAM128871	FAM063856	FAM035860	FAM030627	FAM022006
rep713_seed2738	FAM002144	FAM006749	FAM010371	FAM004618	FAM004027	FAM001871	FAM006195	FAM005164	FAM012753	FAM002318	FAM000475	FAM014199	FAM003336	FAM010259	FAM005529	FAM005830	FAM004819	FAM011157	FAM002358	FAM001778	FAM009767	FAM006774	FAM003407	FAM004189	FAM004587	FAM004436	FAM002850	FAM005799	FAM006155	FAM001597	FAM002865	FAM010663	FAM000339	FAM004163	FAM000592	FAM009369	FAM005806	FAM006497	FAM001793	FAM005961	FAM000904	FAM010204	FAM008990	FAM010846	FAM010395	FAM003902	FAM005718	FAM000099	FAM006083	FAM003402	FAM004300	FAM004516	FAM008217	FAM001096	FAM000440	FAM006857	FAM007077	FAM001622	FAM001161	FAM011087	FAM005047	FAM004396	FAM009632	FAM003134	FAM003565	FAM010092	FAM011034	FAM014004	FAM114209	FAM064083	FAM043173	FAM041988	FAM015138
rep714_seed2739	FAM014619	FAM005237	FAM012493	FAM012255	FAM007106	FAM000161	FAM014449	FAM000040	FAM008311	FAM007893	FAM006429	FAM001541	FAM005104	FAM007474	FAM009663	FAM000984	FAM001363	FAM000703	FAM006859	FAM001913	FAM008696	FAM000091	FAM009172	FAM010607	FAM006690	FAM006120	FAM000293	FAM000175	FAM009825	FAM003382	FAM008376	FAM004268	FAM002620	FAM004060	FAM008281	FAM009555	FAM012220	FAM007351	FAM008510	FAM001599	FAM005094	FAM004900	FAM001953	FAM004110	FAM002107	FAM005254	FAM005625	FAM001352	FAM004039	FAM002609	FAM001014	FAM005806	FAM006766	FAM006453	FAM010801	FAM004336	FAM006200	FAM001547	FAM000416	FAM007528	FAM000133	FAM010864	FAM006965	FAM012533	FAM010290	FAM010491	FAM012176	FAM012506	FAM108521	FAM060176	FAM040518	FAM031786	FAM015532
rep715_seed2740	FAM006751	FAM007665	FAM001545	FAM006439	FAM002608	FAM000772	FAM006473	FAM003205	FAM004911	FAM001351	FAM001321	FAM005855	FAM000972	FAM001233	FAM004186	FAM009996	FAM011250	FAM005399	FAM000641	FAM012050	FAM003570	FAM006820	FAM007622	FAM002508	FAM011730	FAM007384	FAM007737	FAM003154	FAM012335	FAM006259	FAM003974	FAM008524	FAM002904	FAM000052	FAM004527	FAM000158	FAM001853	FAM007910	FAM001556	FAM003244	FAM007435	FAM001592	FAM000368	FAM000834	FAM001568	FAM013584	FAM002160	FAM000388	FAM002040	FAM003749	FAM002018	FAM012143	FAM000587	FAM007518	FAM002614	FAM003765	FAM008580	FAM004627	FAM012162	FAM008879	FAM008888	FAM007574	FAM003441	FAM001822	FAM008766	FAM014312	FAM012210	FAM006044	FAM144689	FAM060433	FAM037707	FAM035374	FAM022102
rep716_seed2741	FAM000472	FAM011861	FAM012224	FAM011578	FAM008184	FAM003081	FAM006925	FAM006890	FAM009943	FAM002798	FAM000052	FAM002016	FAM002722	FAM006087	FAM007973	FAM004414	FAM003854	FAM009435	FAM011246	FAM002796	FAM010459	FAM001833	FAM013892	FAM004602	FAM010104	FAM002299	FAM006056	FAM005060	FAM010577	FAM006793	FAM000201	FAM012050	FAM002624	FAM001303	FAM009272	FAM010927	FAM003152	FAM004028	FAM009232	FAM000224	FAM004405	FAM000433	FAM006098	FAM002296	FAM000416	FAM002524	FAM010558	FAM009776	FAM006323	FAM012940	FAM004364	FAM001340	FAM002636	FAM004125	FAM005956	FAM002567	FAM003514	FAM007456	FAM001522	FAM010363	FAM002890	FAM001807	FAM009140	FAM002094	FAM002946	FAM005072	FAM008343	FAM012136	FAM116377	FAM060219	FAM038812	FAM034264	FAM019088
rep717_seed2742	FAM011012	FAM001624	FAM012052	FAM006805	FAM010317	FAM005616	FAM007337	FAM009416	FAM002198	FAM002653	FAM005280	FAM001565	FAM001429	FAM012868	FAM005779	FAM001255	FAM013427	FAM001006	FAM006443	FAM007566	FAM003317	FAM002320	FAM011628	FAM001250	FAM013732	FAM003635	FAM000973	FAM013070	FAM005818	FAM009200	FAM011042	FAM002129	FAM000259	FAM002840	FAM000731	FAM002402	FAM006790	FAM002726	FAM007577	FAM006237	FAM002914	FAM004112	FAM009413	FAM002559	FAM011140	FAM001504	FAM005077	FAM011238	FAM000535	FAM007569	FAM006696	FAM013676	FAM012486	FAM011402	FAM000113	FAM000102	FAM005601	FAM004238	FAM006826	FAM009941	FAM004041	FAM000033	FAM000725	FAM003511	FAM001664	FAM010669	FAM014584	FAM010458	FAM127698	FAM061332	FAM043039	FAM036790	FAM017268
rep718_seed2743	FAM008596	FAM003503	FAM012100	FAM009500	FAM008281	FAM002359	FAM005743	FAM001371	FAM001965	FAM005530	FAM002630	FAM005471	FAM013624	FAM008775	FAM006427	FAM005070	FAM004559	FAM002201	FAM009753	FAM000204	FAM001635	FAM000432	FAM006216	FAM006106	FAM003974	FAM000956	FAM002156	FAM001015	FAM005394	FAM004159	FAM000686	FAM007465	FAM010521	FAM001710	FAM003867	FAM002956	FAM008519	FAM001643	FAM010296	FAM012326	FAM008156	FAM000790	FAM007873	FAM003729	FAM003319	FAM001606	FAM003531	FAM003683	FAM002441	FAM010707	FAM001876	FAM006930	FAM002567	FAM001811	FAM004417	FAM002167	FAM000934	FAM003719	FAM003874	FAM007729	FAM000218	FAM006638	FAM003411	FAM012373	FAM005988	FAM007454	FAM007619	FAM014653	FAM108819	FAM060219	FAM038981	FAM037058	FAM015140
rep719_seed2744	FAM005635	FAM004417	FAM014239	FAM011292	FAM008971	FAM000221	FAM001637	FAM000876	FAM002030	FAM004025	FAM006647	FAM005392	FAM013697	FAM003521	FAM003659	FAM007034	FAM005923	FAM013448	FAM009312	FAM003933	FAM004251	FAM003664	FAM005407	FAM004753	FAM004800	FAM012771	FAM008282	FAM011294	FAM000927	FAM003730	FAM013253	FAM004137	FAM010753	FAM000405	FAM007030	FAM008294	FAM010750	FAM000277	FAM005551	FAM001285	FAM009741	FAM004419	FAM009135	FAM002707	FAM005997	FAM007545	FAM008690	FAM012220	FAM007853	FAM003269	FAM006407	FAM005896	FAM005842	FAM004803	FAM012966	FAM003060	FAM001524	FAM007478	FAM000516	FAM008942	FAM009773	FAM005481	FAM001650	FAM000585	FAM001059	FAM009604	FAM013707	FAM011426	FAM122279	FAM057795	FAM035625	FAM029961	FAM018695
rep720_seed2745	FAM003933	FAM005023	FAM001299	FAM005991	FAM006431	FAM009952	FAM000510	FAM006732	FAM010746	FAM006346	FAM002934	FAM002110	FAM008737	FAM009703	FAM004185	FAM004029	FAM001163	FAM013477	FAM011467	FAM003990	FAM002229	FAM002043	FAM000204	FAM002107	FAM000693	FAM001305	FAM001760	FAM003826	FAM004471	FAM008383	FAM004066	FAM007777	FAM005638	FAM003592	FAM005853	FAM005149	FAM000567	FAM010961	FAM004200	FAM007188	FAM002888	FAM005374	FAM005787	FAM000314	FAM001369	FAM004022	FAM005836	FAM003216	FAM002345	FAM005643	FAM003473	FAM003692	FAM001472	FAM010521	FAM012740	FAM009369	FAM003000	FAM010332	FAM002226	FAM014375	FAM004874	FAM008645	FAM002186	FAM007043	FAM003082	FAM010214	FAM010126	FAM013924	FAM141505	FAM066217	FAM036577	FAM031794	FAM015849
rep721_seed2746	FAM000802	FAM002849	FAM000258	FAM005776	FAM004956	FAM002427	FAM003106	FAM003552	FAM004543	FAM009814	FAM001291	FAM009786	FAM003190	FAM012723	FAM008101	FAM009289	FAM002001	FAM005158	FAM005029	FAM000381	FAM005714	FAM001548	FAM003962	FAM001920	FAM003435	FAM004856	FAM008375	FAM004571	FAM002166	FAM008617	FAM002310	FAM002076	FAM006203	FAM009600	FAM005225	FAM001392	FAM009207	FAM005023	FAM005853	FAM002755	FAM001158	FAM002801	FAM005465	FAM005605	FAM003839	FAM002502	FAM002155	FAM013050	FAM005059	FAM011586	FAM005739	FAM013113	FAM002372	FAM002455	FAM010288	FAM005930	FAM008336	FAM004891	FAM005556	FAM013628	FAM003592	FAM008140	FAM006656	FAM000391	FAM009655	FAM010192	FAM007906	FAM009254	FAM136350	FAM073542	FAM039714	FAM031749	FAM026299
rep722_seed2747	FAM011563	FAM006843	FAM011344	FAM007256	FAM006236	FAM012835	FAM009138	FAM007201	FAM013648	FAM006338	FAM003945	FAM011196	FAM004444	FAM000856	FAM003134	FAM001849	FAM004350	FAM014466	FAM001613	FAM007048	FAM006156	FAM008774	FAM002651	FAM007593	FAM009580	FAM006737	FAM004745	FAM003984	FAM005822	FAM000014	FAM004134	FAM003872	FAM003644	FAM001941	FAM003240	FAM002631	FAM001587	FAM003534	FAM002519	FAM002922	FAM003153	FAM004272	FAM005022	FAM010775	FAM001310	FAM004997	FAM002145	FAM010284	FAM009151	FAM009584	FAM001001	FAM003500	FAM009274	FAM004110	FAM009197	FAM004960	FAM003449	FAM001204	FAM002338	FAM014121	FAM002665	FAM000292	FAM005477	FAM005230	FAM003086	FAM009917	FAM008940	FAM012807	FAM127699	FAM066988	FAM032039	FAM031117	FAM028199
rep723_seed2748	FAM011374	FAM006143	FAM005862	FAM008023	FAM009023	FAM007966	FAM000511	FAM006965	FAM003065	FAM004973	FAM008567	FAM007655	FAM006335	FAM014375	FAM000203	FAM004412	FAM007575	FAM014439	FAM010764	FAM000825	FAM004466	FAM001878	FAM006622	FAM012586	FAM002411	FAM013551	FAM003516	FAM002270	FAM002814	FAM000695	FAM000919	FAM001247	FAM009795	FAM013671	FAM013530	FAM004532	FAM008152	FAM008128	FAM011155	FAM005409	FAM003567	FAM004027	FAM009155	FAM010504	FAM001560	FAM004547	FAM000383	FAM009885	FAM000166	FAM002718	FAM010802	FAM009212	FAM001181	FAM006760	FAM001000	FAM005858	FAM008306	FAM005298	FAM001967	FAM011524	FAM000834	FAM001264	FAM006626	FAM010731	FAM005965	FAM007182	FAM011544	FAM010273	FAM108332	FAM060376	FAM030381	FAM043305	FAM020375
rep724_seed2749	FAM010527	FAM004990	FAM010885	FAM004330	FAM000584	FAM009948	FAM001999	FAM014385	FAM012106	FAM013052	FAM001853	FAM000006	FAM001038	FAM007810	FAM011541	FAM003110	FAM001024	FAM003965	FAM007057	FAM007351	FAM003894	FAM006330	FAM013754	FAM007712	FAM011854	FAM007885	FAM013415	FAM003442	FAM006156	FAM012458	FAM001415	FAM009198	FAM003753	FAM003331	FAM003348	FAM000208	FAM007858	FAM008560	FAM006687	FAM001842	FAM006638	FAM004995	FAM003096	FAM006071	FAM009449	FAM006703	FAM008532	FAM007434	FAM003435	FAM009244	FAM006606	FAM008536	FAM009489	FAM003043	FAM002346	FAM006395	FAM005225	FAM004752	FAM000965	FAM012898	FAM005661	FAM007187	FAM009400	FAM008402	FAM009026	FAM013227	FAM008455	FAM014513	FAM141794	FAM063189	FAM031954	FAM037111	FAM027539
rep725_seed2750	FAM002043	FAM001678	FAM008987	FAM007356	FAM013477	FAM007311	FAM007101	FAM006419	FAM007655	FAM006556	FAM000135	FAM003383	FAM006956	FAM005171	FAM008175	FAM003607	FAM009281	FAM007230	FAM009991	FAM006012	FAM008045	FAM001494	FAM003598	FAM001049	FAM005687	FAM004883	FAM000003	FAM013035	FAM001345	FAM002944	FAM001294	FAM000195	FAM003665	FAM005887	FAM004917	FAM002987	FAM007710	FAM012060	FAM005078	FAM001966	FAM002269	FAM000598	FAM002875	FAM001280	FAM002726	FAM005464	FAM003256	FAM006175	FAM011592	FAM004256	FAM012465	FAM012024	FAM003144	FAM007002	FAM003594	FAM013838	FAM001941	FAM008655	FAM004584	FAM002379	FAM013085	FAM004626	FAM001655	FAM000909	FAM003195	FAM005584	FAM009488	FAM012045	FAM130408	FAM065125	FAM034270	FAM036725	FAM017841
rep726_seed2751	FAM006322	FAM006853	FAM003673	FAM001716	FAM008279	FAM011151	FAM002215	FAM006998	FAM003796	FAM000233	FAM000198	FAM000105	FAM011585	FAM012343	FAM004254	FAM007557	FAM005691	FAM004904	FAM008282	FAM005796	FAM003519	FAM005808	FAM005389	FAM006135	FAM006125	FAM007032	FAM000782	FAM006524	FAM007246	FAM007095	FAM002382	FAM006027	FAM002878	FAM006758	FAM003092	FAM003214	FAM000204	FAM004576	FAM012250	FAM005421	FAM005687	FAM006047	FAM013519	FAM003605	FAM002165	FAM001052	FAM008875	FAM003182	FAM009023	FAM005916	FAM001063	FAM004233	FAM011662	FAM006549	FAM003921	FAM011854	FAM002657	FAM006131	FAM003962	FAM009345	FAM002940	FAM001620	FAM005107	FAM006898	FAM003334	FAM009898	FAM012805	FAM013978	FAM132913	FAM058934	FAM042058	FAM040411	FAM026660
rep727_seed2752	FAM006103	FAM002659	FAM000627	FAM004777	FAM003276	FAM007060	FAM001587	FAM006519	FAM002285	FAM014355	FAM006736	FAM006312	FAM002249	FAM001475	FAM007570	FAM005509	FAM002861	FAM006634	FAM007043	FAM012508	FAM013991	FAM001738	FAM001369	FAM013506	FAM001684	FAM013337	FAM005284	FAM001457	FAM001062	FAM001272	FAM002996	FAM004295	FAM001469	FAM002287	FAM008060	FAM004034	FAM002841	FAM001207	FAM005778	FAM002242	FAM002895	FAM004726	FAM004896	FAM002544	FAM006334	FAM001709	FAM000076	FAM001438	FAM003685	FAM011690	FAM010207	FAM003088	FAM003080	FAM001875	FAM009480	FAM001002	FAM004132	FAM001266	FAM010022	FAM003804	FAM009418	FAM000532	FAM003052	FAM000404	FAM002219	FAM008488	FAM011101	FAM004003	FAM117741	FAM058734	FAM039199	FAM041529	FAM016248
rep728_seed2753	FAM014473	FAM011498	FAM012548	FAM006067	FAM008554	FAM001967	FAM000733	FAM014104	FAM009934	FAM000635	FAM001789	FAM007125	FAM013082	FAM004675	FAM011494	FAM004900	FAM005793	FAM001753	FAM001236	FAM000091	FAM002457	FAM004793	FAM002089	FAM000569	FAM001887	FAM006520	FAM006428	FAM001705	FAM007150	FAM004252	FAM000841	FAM003565	FAM000551	FAM010070	FAM007143	FAM008937	FAM006473	FAM004829	FAM003585	FAM002539	FAM003522	FAM004943	FAM005588	FAM006206	FAM001489	FAM009318	FAM001235	FAM002462	FAM006440	FAM007162	FAM005329	FAM003472	FAM002913	FAM001615	FAM005930	FAM000139	FAM004827	FAM007965	FAM005148	FAM003643	FAM008594	FAM005953	FAM000711	FAM012155	FAM010964	FAM013618	FAM008744	FAM011532	FAM134749	FAM059909	FAM035802	FAM029613	FAM022982
rep729_seed2754	FAM000426	FAM007309	FAM001814	FAM000037	FAM003976	FAM011854	FAM010299	FAM011754	FAM004102	FAM001415	FAM000454	FAM001229	FAM004769	FAM005092	FAM006844	FAM001917	FAM002618	FAM005714	FAM001928	FAM004692	FAM011586	FAM009363	FAM007226	FAM004271	FAM007963	FAM000603	FAM007648	FAM003152	FAM007674	FAM008108	FAM001176	FAM008581	FAM002235	FAM000281	FAM008027	FAM010614	FAM013770	FAM010255	FAM002319	FAM002889	FAM001507	FAM003727	FAM007179	FAM005083	FAM003203	FAM009323	FAM005036	FAM004287	FAM007937	FAM007974	FAM004650	FAM005244	FAM001642	FAM000842	FAM009751	FAM000201	FAM007061	FAM006133	FAM009357	FAM000372	FAM002044	FAM001633	FAM002351	FAM008342	FAM008473	FAM007408	FAM008010	FAM011853	FAM139691	FAM061942	FAM035860	FAM030121	FAM018418
rep730_seed2755	FAM007149	FAM009358	FAM014563	FAM003385	FAM002882	FAM010828	FAM004324	FAM004533	FAM003135	FAM003179	FAM001485	FAM003343	FAM004077	FAM004021	FAM000186	FAM002797	FAM006168	FAM001563	FAM011090	FAM004055	FAM002093	FAM005522	FAM004572	FAM012383	FAM000335	FAM001091	FAM000074	FAM008356	FAM001837	FAM003497	FAM002515	FAM004880	FAM003826	FAM002375	FAM005800	FAM000533	FAM004521	FAM005737	FAM011332	FAM001737	FAM009887	FAM010857	FAM001694	FAM001883	FAM007072	FAM011926	FAM010693	FAM004209	FAM001245	FAM002053	FAM003109	FAM004570	FAM006060	FAM002760	FAM004314	FAM011895	FAM003146	FAM002321	FAM007188	FAM007475	FAM005392	FAM007359	FAM002106	FAM008465	FAM005744	FAM013007	FAM011183	FAM008344	FAM118620	FAM064384	FAM032841	FAM040612	FAM024951
rep731_seed2756	FAM004684	FAM009749	FAM004449	FAM004204	FAM002479	FAM007851	FAM002464	FAM010585	FAM009195	FAM009217	FAM000733	FAM008794	FAM013155	FAM005456	FAM004902	FAM003386	FAM000056	FAM005448	FAM004189	FAM001329	FAM007761	FAM000258	FAM014533	FAM002941	FAM007775	FAM001008	FAM000912	FAM010527	FAM001778	FAM007228	FAM006451	FAM006571	FAM002134	FAM003034	FAM004945	FAM010870	FAM011673	FAM000663	FAM000252	FAM005123	FAM001495	FAM000876	FAM005291	FAM000480	FAM002914	FAM003566	FAM004293	FAM004586	FAM007844	FAM014610	FAM006056	FAM002472	FAM005882	FAM006881	FAM006902	FAM001908	FAM008363	FAM011576	FAM002801	FAM001745	FAM001467	FAM007726	FAM004742	FAM011444	FAM010390	FAM012649	FAM009604	FAM013503	FAM124038	FAM060685	FAM029744	FAM040183	FAM026518
rep732_seed2757	FAM006331	FAM001594	FAM001940	FAM006959	FAM001968	FAM004496	FAM003711	FAM005977	FAM012856	FAM004015	FAM008031	FAM003887	FAM002449	FAM001635	FAM005945	FAM007638	FAM002707	FAM005066	FAM008709	FAM005597	FAM004710	FAM002124	FAM004363	FAM002389	FAM013946	FAM000031	FAM007189	FAM002843	FAM008898	FAM005796	FAM001565	FAM002038	FAM000053	FAM008279	FAM004007	FAM009274	FAM003112	FAM006656	FAM007018	FAM010015	FAM000332	FAM002285	FAM008994	FAM008305	FAM001292	FAM003786	FAM008891	FAM007740	FAM007656	FAM003598	FAM006576	FAM003158	FAM006326	FAM003276	FAM001493	FAM011489	FAM004959	FAM009226	FAM002684	FAM006658	FAM011054	FAM002717	FAM011376	FAM010570	FAM004651	FAM010368	FAM013329	FAM006257	FAM147109	FAM065280	FAM040897	FAM033928	FAM021916
rep733_seed2758	FAM003338	FAM004537	FAM010885	FAM004657	FAM005945	FAM004182	FAM003578	FAM009446	FAM006843	FAM010709	FAM002732	FAM005154	FAM001440	FAM010524	FAM005093	FAM010033	FAM009017	FAM003919	FAM005763	FAM009730	FAM003616	FAM002141	FAM004437	FAM004306	FAM003867	FAM006321	FAM003290	FAM009118	FAM004163	FAM002666	FAM002971	FAM010185	FAM012756	FAM014237	FAM013449	FAM004922	FAM000149	FAM001394	FAM012868	FAM005711	FAM012164	FAM005055	FAM005900	FAM010302	FAM009637	FAM011328	FAM003674	FAM002985	FAM005112	FAM000117	FAM011248	FAM004444	FAM009557	FAM002397	FAM000643	FAM011754	FAM007374	FAM003588	FAM007766	FAM003888	FAM004160	FAM009250	FAM009092	FAM002624	FAM009816	FAM010485	FAM010613	FAM006822	FAM115906	FAM073725	FAM031434	FAM038535	FAM020103
rep734_seed2759	FAM010391	FAM012951	FAM008056	FAM005696	FAM001395	FAM012848	FAM005461	FAM006059	FAM001608	FAM008122	FAM003253	FAM011852	FAM004938	FAM002601	FAM000057	FAM006450	FAM003877	FAM013054	FAM003352	FAM005354	FAM006426	FAM001320	FAM011658	FAM000034	FAM004901	FAM000603	FAM001903	FAM003951	FAM008805	FAM007448	FAM005023	FAM000823	FAM005692	FAM008193	FAM003441	FAM003657	FAM000682	FAM005742	FAM006396	FAM004461	FAM004687	FAM003415	FAM008934	FAM003476	FAM006357	FAM003482	FAM002978	FAM014230	FAM005042	FAM002097	FAM000227	FAM004741	FAM003130	FAM001726	FAM013847	FAM011982	FAM007655	FAM003216	FAM004036	FAM003468	FAM010180	FAM011937	FAM005923	FAM008977	FAM004115	FAM011410	FAM011692	FAM008172	FAM135174	FAM058829	FAM043091	FAM043064	FAM024427
rep735_seed2760	FAM000781	FAM003122	FAM003028	FAM006773	FAM003911	FAM012740	FAM003812	FAM001095	FAM004619	FAM004857	FAM011444	FAM008312	FAM000438	FAM000940	FAM004227	FAM008361	FAM000298	FAM002817	FAM006599	FAM002248	FAM001163	FAM005425	FAM000004	FAM001055	FAM000363	FAM001919	FAM006324	FAM012852	FAM012840	FAM005915	FAM014636	FAM002004	FAM012308	FAM004933	FAM009356	FAM002442	FAM006069	FAM004053	FAM012011	FAM001854	FAM000954	FAM013921	FAM004569	FAM000982	FAM000266	FAM011807	FAM007527	FAM004742	FAM004541	FAM008548	FAM011279	FAM003360	FAM004204	FAM010225	FAM000307	FAM007529	FAM001014	FAM004809	FAM010579	FAM000531	FAM006121	FAM005862	FAM003164	FAM005838	FAM004684	FAM011462	FAM005180	FAM008144	FAM134550	FAM062629	FAM030871	FAM038299	FAM020631
rep736_seed2761	FAM009198	FAM000665	FAM003975	FAM000486	FAM013474	FAM004286	FAM005377	FAM002253	FAM004515	FAM011954	FAM012215	FAM002843	FAM009617	FAM012588	FAM001657	FAM005179	FAM004272	FAM002918	FAM005466	FAM000676	FAM002908	FAM000666	FAM009091	FAM006831	FAM004652	FAM003320	FAM008879	FAM005967	FAM007691	FAM010912	FAM000708	FAM007451	FAM007638	FAM008922	FAM000398	FAM011497	FAM009632	FAM012851	FAM001963	FAM009043	FAM009971	FAM010961	FAM006388	FAM008347	FAM012133	FAM005009	FAM010448	FAM004658	FAM007572	FAM006173	FAM006496	FAM007734	FAM009692	FAM001618	FAM008013	FAM002385	FAM009262	FAM007621	FAM010202	FAM013277	FAM014429	FAM001057	FAM005966	FAM003363	FAM009051	FAM009372	FAM013471	FAM007341	FAM111656	FAM059303	FAM035802	FAM030269	FAM015256
rep737_seed2762	FAM011797	FAM000601	FAM005201	FAM001647	FAM005258	FAM004467	FAM011854	FAM007898	FAM001809	FAM002815	FAM006262	FAM010857	FAM007051	FAM004638	FAM002442	FAM009191	FAM002857	FAM009913	FAM009670	FAM002035	FAM006502	FAM002079	FAM010574	FAM014187	FAM001985	FAM003493	FAM000412	FAM002884	FAM005888	FAM000263	FAM001585	FAM006245	FAM004127	FAM006824	FAM008399	FAM008103	FAM001215	FAM000714	FAM011661	FAM014213	FAM005967	FAM002480	FAM001242	FAM007817	FAM001414	FAM002835	FAM004045	FAM001925	FAM006007	FAM002387	FAM000182	FAM001440	FAM004575	FAM001426	FAM006035	FAM004263	FAM003869	FAM005818	FAM006624	FAM002290	FAM008405	FAM006134	FAM006428	FAM005205	FAM001322	FAM014595	FAM012244	FAM011203	FAM143739	FAM062662	FAM031174	FAM036703	FAM023312
rep738_seed2763	FAM004947	FAM008937	FAM000805	FAM005531	FAM004637	FAM003689	FAM013427	FAM010460	FAM008350	FAM005552	FAM000478	FAM000999	FAM005627	FAM003169	FAM011827	FAM006457	FAM009812	FAM006117	FAM005365	FAM001492	FAM000326	FAM005918	FAM011106	FAM008677	FAM001612	FAM000761	FAM008910	FAM006479	FAM003599	FAM004340	FAM001599	FAM003079	FAM006259	FAM013832	FAM004111	FAM004995	FAM006562	FAM003331	FAM001482	FAM010558	FAM007689	FAM006021	FAM006995	FAM004940	FAM014479	FAM001186	FAM003235	FAM009356	FAM006763	FAM011226	FAM006526	FAM001817	FAM006675	FAM008674	FAM009200	FAM010284	FAM003440	FAM010121	FAM001436	FAM002838	FAM006644	FAM012740	FAM006278	FAM010571	FAM001353	FAM011185	FAM013462	FAM010921	FAM113262	FAM058026	FAM035107	FAM030767	FAM029017
rep739_seed2764	FAM002381	FAM011944	FAM009135	FAM008423	FAM006850	FAM001764	FAM007162	FAM002654	FAM005311	FAM004084	FAM001215	FAM005816	FAM003999	FAM009723	FAM004403	FAM006406	FAM006436	FAM014063	FAM004652	FAM002173	FAM000859	FAM004030	FAM000705	FAM006535	FAM013241	FAM003051	FAM009191	FAM001486	FAM006841	FAM000189	FAM005775	FAM009386	FAM000889	FAM005286	FAM003496	FAM009145	FAM010228	FAM002411	FAM000104	FAM005184	FAM005756	FAM012296	FAM010676	FAM001527	FAM000021	FAM002733	FAM013210	FAM000905	FAM009970	FAM006983	FAM004249	FAM004480	FAM005354	FAM004882	FAM010864	FAM007330	FAM001614	FAM004327	FAM001765	FAM007627	FAM007617	FAM000857	FAM000639	FAM000965	FAM006929	FAM007524	FAM006674	FAM013266	FAM147098	FAM064368	FAM042108	FAM040120	FAM016106
rep740_seed2765	FAM003200	FAM003206	FAM005838	FAM009688	FAM001662	FAM005517	FAM006784	FAM000846	FAM003322	FAM001595	FAM001957	FAM010202	FAM003834	FAM003066	FAM003215	FAM004618	FAM004036	FAM005522	FAM000549	FAM004333	FAM013849	FAM009627	FAM003063	FAM000465	FAM008349	FAM004848	FAM001091	FAM006455	FAM012027	FAM006752	FAM002846	FAM004084	FAM000795	FAM008722	FAM000509	FAM012198	FAM005372	FAM002017	FAM003369	FAM003656	FAM002489	FAM005808	FAM003452	FAM009703	FAM004896	FAM006015	FAM005759	FAM000480	FAM007700	FAM012285	FAM002646	FAM011576	FAM014197	FAM006621	FAM007158	FAM011179	FAM003005	FAM003299	FAM006128	FAM008977	FAM007537	FAM014070	FAM003187	FAM000029	FAM001894	FAM011463	FAM011408	FAM008397	FAM143217	FAM066112	FAM042921	FAM038049	FAM029000
rep741_seed2766	FAM006240	FAM003393	FAM002142	FAM003188	FAM000069	FAM001852	FAM013781	FAM006691	FAM010202	FAM001179	FAM001526	FAM001868	FAM001331	FAM004630	FAM001194	FAM002724	FAM007718	FAM006571	FAM007413	FAM011673	FAM002448	FAM007355	FAM001804	FAM004925	FAM007922	FAM014554	FAM001920	FAM000635	FAM002768	FAM002497	FAM001719	FAM010332	FAM008783	FAM003974	FAM002512	FAM005779	FAM003490	FAM002475	FAM006766	FAM008706	FAM004815	FAM004341	FAM006985	FAM001994	FAM006390	FAM005098	FAM002051	FAM005413	FAM001111	FAM014413	FAM000159	FAM008552	FAM005111	FAM011961	FAM004361	FAM006152	FAM006188	FAM010504	FAM008167	FAM004936	FAM011329	FAM006409	FAM005065	FAM013976	FAM002704	FAM013988	FAM013568	FAM011164	FAM144881	FAM067816	FAM031123	FAM039295	FAM029097
rep742_seed2767	FAM001737	FAM008369	FAM013522	FAM007002	FAM004254	FAM007335	FAM006976	FAM012101	FAM007824	FAM002845	FAM006925	FAM003256	FAM004917	FAM007482	FAM000559	FAM005995	FAM002873	FAM001515	FAM001879	FAM007475	FAM004900	FAM014126	FAM001245	FAM009059	FAM004663	FAM003834	FAM009272	FAM001961	FAM001652	FAM006530	FAM010257	FAM004940	FAM004856	FAM004686	FAM004150	FAM008519	FAM005424	FAM002867	FAM000663	FAM008283	FAM003651	FAM006882	FAM005628	FAM008017	FAM000188	FAM014073	FAM007876	FAM007478	FAM004834	FAM003522	FAM010574	FAM003200	FAM001532	FAM003699	FAM004578	FAM009305	FAM003297	FAM006548	FAM008058	FAM003559	FAM002643	FAM004402	FAM010626	FAM004715	FAM012508	FAM013618	FAM008836	FAM009861	FAM108407	FAM066260	FAM036757	FAM033801	FAM016391
rep743_seed2768	FAM006124	FAM002870	FAM004074	FAM006956	FAM011964	FAM011954	FAM008775	FAM011635	FAM013117	FAM003089	FAM004639	FAM006077	FAM003357	FAM007139	FAM005176	FAM001348	FAM010123	FAM008167	FAM007246	FAM000058	FAM004245	FAM006317	FAM004676	FAM002736	FAM000402	FAM002125	FAM013012	FAM008858	FAM011576	FAM011477	FAM001635	FAM004685	FAM003625	FAM005048	FAM001507	FAM006041	FAM000557	FAM009870	FAM001122	FAM006482	FAM001894	FAM002823	FAM007223	FAM004892	FAM002938	FAM009066	FAM004644	FAM002311	FAM000914	FAM001603	FAM002034	FAM009050	FAM013223	FAM000299	FAM008286	FAM012252	FAM000071	FAM003789	FAM008302	FAM000328	FAM000982	FAM002797	FAM012281	FAM007392	FAM000497	FAM011777	FAM008616	FAM011194	FAM116544	FAM073820	FAM039997	FAM029877	FAM026737
rep744_seed2769	FAM006380	FAM009026	FAM000845	FAM003449	FAM003881	FAM006911	FAM008417	FAM008171	FAM008599	FAM010477	FAM008670	FAM002587	FAM005759	FAM001519	FAM000920	FAM003394	FAM002140	FAM001854	FAM012135	FAM011578	FAM001183	FAM007057	FAM004761	FAM004810	FAM003746	FAM010104	FAM006268	FAM008772	FAM013900	FAM008824	FAM004821	FAM011585	FAM001432	FAM003214	FAM006718	FAM006433	FAM001783	FAM006316	FAM003167	FAM000666	FAM008956	FAM004298	FAM004628	FAM000284	FAM011791	FAM012929	FAM002480	FAM007077	FAM004639	FAM001951	FAM010123	FAM006429	FAM006162	FAM002203	FAM005548	FAM000361	FAM008771	FAM011332	FAM006972	FAM011285	FAM012856	FAM008394	FAM005514	FAM009197	FAM001023	FAM007538	FAM012716	FAM009794	FAM131956	FAM058934	FAM035400	FAM034207	FAM019976
rep745_seed2770	FAM003698	FAM006542	FAM000587	FAM005034	FAM002151	FAM002697	FAM003733	FAM009160	FAM005243	FAM001438	FAM008185	FAM007228	FAM001557	FAM002204	FAM004218	FAM001070	FAM000457	FAM001200	FAM011539	FAM001360	FAM011232	FAM008170	FAM003253	FAM003109	FAM006131	FAM007559	FAM010597	FAM010352	FAM005044	FAM009461	FAM002083	FAM005166	FAM006611	FAM006107	FAM006987	FAM003459	FAM004163	FAM000038	FAM001740	FAM008480	FAM006329	FAM003164	FAM008790	FAM005696	FAM007125	FAM013787	FAM000707	FAM003233	FAM001276	FAM002489	FAM009162	FAM003298	FAM010048	FAM003716	FAM002728	FAM004360	FAM001334	FAM008667	FAM000456	FAM006739	FAM010297	FAM006333	FAM006147	FAM001423	FAM013331	FAM008853	FAM007126	FAM012238	FAM110945	FAM060426	FAM041333	FAM039167	FAM015937
rep746_seed2771	FAM000402	FAM001627	FAM005747	FAM002890	FAM000488	FAM008767	FAM002689	FAM003370	FAM009143	FAM003972	FAM001705	FAM012637	FAM005451	FAM003173	FAM007264	FAM002357	FAM009492	FAM011924	FAM004156	FAM000070	FAM008816	FAM004239	FAM002425	FAM013519	FAM003685	FAM011483	FAM007995	FAM003407	FAM010332	FAM004340	FAM002054	FAM010789	FAM009445	FAM013921	FAM000223	FAM006427	FAM008166	FAM002055	FAM002454	FAM002556	FAM003531	FAM009381	FAM005122	FAM003646	FAM007834	FAM000266	FAM009179	FAM002541	FAM000372	FAM004174	FAM001755	FAM005678	FAM005197	FAM009062	FAM006119	FAM004914	FAM004040	FAM004828	FAM001835	FAM002997	FAM011155	FAM001853	FAM000230	FAM011551	FAM004359	FAM009860	FAM009451	FAM013601	FAM127065	FAM078741	FAM042182	FAM030853	FAM016533
rep747_seed2772	FAM011670	FAM002205	FAM004830	FAM012856	FAM002470	FAM003881	FAM013237	FAM010113	FAM003178	FAM000702	FAM004516	FAM005339	FAM000842	FAM008263	FAM001714	FAM010984	FAM001991	FAM006339	FAM001453	FAM011092	FAM003612	FAM004051	FAM002300	FAM008360	FAM007302	FAM007475	FAM008805	FAM002522	FAM009950	FAM003087	FAM004581	FAM012287	FAM001986	FAM004614	FAM011551	FAM012026	FAM002718	FAM000753	FAM001021	FAM003653	FAM005738	FAM001064	FAM000717	FAM001967	FAM011836	FAM005892	FAM005346	FAM008873	FAM004645	FAM005361	FAM004682	FAM006364	FAM004134	FAM000556	FAM007941	FAM002133	FAM005930	FAM012610	FAM004564	FAM008764	FAM008185	FAM003864	FAM004968	FAM012547	FAM003193	FAM010346	FAM012097	FAM012341	FAM128154	FAM066142	FAM030830	FAM035013	FAM027277
rep748_seed2773	FAM000005	FAM012674	FAM004827	FAM005977	FAM008544	FAM006052	FAM001495	FAM001793	FAM005841	FAM001796	FAM014319	FAM002577	FAM009023	FAM011506	FAM003456	FAM001182	FAM007478	FAM005559	FAM014459	FAM001279	FAM001799	FAM000627	FAM001669	FAM013953	FAM009185	FAM007095	FAM013948	FAM001140	FAM013850	FAM006524	FAM002912	FAM007319	FAM002497	FAM002174	FAM003470	FAM008775	FAM001857	FAM000383	FAM001996	FAM000878	FAM004730	FAM005781	FAM004014	FAM007993	FAM003121	FAM012417	FAM001764	FAM001352	FAM000759	FAM003174	FAM010205	FAM011861	FAM001397	FAM002847	FAM004311	FAM002833	FAM000485	FAM006155	FAM006526	FAM014666	FAM003989	FAM006032	FAM004422	FAM009896	FAM003804	FAM011777	FAM012779	FAM012021	FAM122892	FAM064565	FAM036133	FAM039057	FAM018098
rep749_seed2774	FAM004300	FAM008309	FAM000047	FAM007556	FAM003430	FAM002794	FAM002984	FAM004074	FAM011836	FAM006980	FAM010709	FAM012856	FAM004152	FAM001049	FAM000318	FAM009746	FAM005029	FAM003141	FAM003899	FAM003743	FAM013663	FAM007164	FAM001052	FAM007186	FAM006167	FAM005343	FAM009489	FAM006587	FAM005778	FAM005499	FAM002172	FAM000280	FAM006672	FAM000399	FAM000980	FAM000232	FAM001878	FAM005403	FAM013951	FAM002650	FAM011941	FAM004190	FAM002798	FAM001005	FAM001310	FAM006311	FAM007305	FAM003238	FAM001533	FAM001615	FAM002478	FAM011140	FAM012508	FAM002390	FAM004201	FAM008826	FAM011248	FAM010256	FAM001564	FAM006337	FAM010967	FAM009092	FAM004753	FAM000484	FAM001722	FAM006659	FAM008868	FAM007825	FAM134452	FAM059398	FAM029454	FAM035869	FAM016170
rep750_seed2775	FAM006290	FAM002681	FAM012250	FAM000920	FAM009580	FAM002119	FAM002413	FAM009404	FAM009031	FAM005112	FAM011038	FAM005166	FAM009056	FAM005772	FAM005801	FAM012447	FAM001618	FAM006434	FAM000199	FAM005794	FAM000981	FAM002365	FAM003190	FAM008941	FAM002915	FAM005248	FAM007547	FAM005776	FAM007179	FAM000534	FAM003127	FAM008293	FAM001278	FAM005228	FAM009749	FAM006216	FAM000328	FAM006343	FAM000166	FAM001744	FAM004111	FAM003599	FAM001344	FAM000143	FAM006729	FAM010721	FAM009792	FAM003197	FAM006282	FAM004075	FAM003439	FAM009041	FAM005863	FAM000639	FAM010460	FAM001326	FAM003664	FAM006493	FAM000327	FAM007046	FAM012591	FAM005645	FAM004436	FAM001833	FAM008595	FAM012918	FAM008052	FAM007931	FAM132023	FAM064417	FAM036913	FAM035389	FAM019965
rep751_seed2776	FAM000191	FAM003082	FAM001997	FAM007218	FAM007422	FAM005392	FAM012237	FAM003001	FAM006144	FAM011801	FAM000458	FAM001474	FAM010334	FAM007526	FAM005738	FAM010074	FAM002574	FAM001537	FAM005062	FAM002877	FAM006332	FAM009357	FAM008888	FAM001988	FAM000887	FAM003710	FAM002898	FAM014126	FAM011551	FAM006345	FAM000599	FAM003123	FAM006358	FAM002068	FAM006375	FAM013000	FAM003564	FAM013922	FAM000388	FAM006021	FAM005390	FAM003756	FAM001267	FAM009198	FAM013011	FAM007304	FAM001385	FAM000086	FAM006035	FAM003988	FAM009446	FAM003946	FAM007264	FAM011000	FAM000129	FAM010427	FAM007450	FAM001007	FAM000949	FAM004750	FAM004975	FAM003323	FAM009157	FAM000048	FAM006330	FAM009462	FAM009131	FAM008104	FAM134041	FAM068510	FAM029849	FAM041102	FAM027218
rep752_seed2777	FAM002900	FAM009384	FAM004006	FAM000188	FAM002770	FAM007445	FAM011671	FAM012398	FAM005200	FAM000475	FAM012137	FAM003567	FAM005362	FAM011615	FAM002044	FAM005469	FAM001660	FAM002580	FAM003771	FAM003158	FAM006145	FAM008549	FAM013044	FAM001672	FAM007336	FAM010422	FAM009167	FAM003266	FAM014408	FAM011515	FAM003268	FAM011589	FAM000486	FAM003444	FAM001978	FAM000941	FAM005220	FAM002677	FAM014674	FAM005341	FAM005356	FAM010569	FAM008170	FAM008472	FAM007559	FAM004071	FAM000963	FAM007741	FAM001849	FAM002197	FAM002089	FAM001782	FAM006109	FAM008115	FAM006261	FAM000945	FAM007586	FAM005637	FAM002130	FAM004644	FAM001437	FAM003541	FAM008870	FAM009025	FAM001783	FAM007661	FAM011324	FAM014626	FAM116544	FAM061846	FAM033846	FAM039439	FAM017160
rep753_seed2778	FAM000794	FAM014045	FAM007697	FAM008619	FAM002540	FAM009203	FAM005735	FAM005247	FAM005464	FAM005902	FAM007873	FAM002947	FAM000455	FAM008738	FAM001207	FAM001456	FAM004423	FAM000067	FAM008306	FAM012925	FAM007911	FAM001820	FAM010570	FAM010518	FAM003691	FAM004065	FAM001091	FAM009550	FAM003565	FAM009281	FAM013296	FAM007587	FAM001855	FAM000208	FAM003593	FAM002933	FAM000184	FAM005306	FAM003340	FAM009233	FAM004901	FAM002884	FAM010735	FAM003352	FAM002457	FAM004268	FAM007015	FAM000188	FAM000158	FAM011347	FAM008243	FAM004087	FAM013616	FAM006979	FAM006728	FAM014225	FAM001872	FAM002812	FAM003180	FAM002354	FAM002413	FAM000117	FAM006840	FAM012722	FAM005483	FAM007661	FAM007822	FAM014297	FAM144307	FAM065043	FAM033740	FAM033413	FAM014760
rep754_seed2779	FAM006015	FAM001940	FAM001741	FAM008203	FAM009039	FAM006277	FAM003717	FAM010324	FAM006868	FAM005981	FAM011878	FAM011981	FAM009026	FAM002224	FAM001728	FAM002707	FAM004667	FAM009638	FAM005991	FAM004786	FAM001169	FAM005090	FAM002617	FAM012485	FAM013146	FAM002430	FAM008706	FAM002229	FAM002363	FAM005808	FAM003647	FAM000902	FAM010104	FAM010611	FAM003038	FAM007423	FAM007986	FAM010487	FAM000590	FAM004840	FAM002884	FAM011680	FAM005435	FAM010418	FAM002945	FAM003085	FAM000203	FAM000632	FAM007271	FAM004345	FAM010197	FAM005118	FAM000545	FAM002566	FAM007527	FAM001471	FAM013986	FAM007618	FAM005833	FAM009055	FAM003121	FAM010259	FAM001544	FAM003484	FAM001157	FAM009924	FAM013338	FAM007287	FAM108332	FAM074355	FAM032213	FAM031606	FAM020056
rep755_seed2780	FAM001813	FAM005449	FAM011748	FAM002213	FAM001934	FAM002676	FAM009822	FAM000846	FAM003474	FAM000043	FAM001311	FAM000849	FAM000842	FAM002342	FAM000416	FAM011451	FAM012461	FAM006630	FAM004371	FAM007982	FAM011675	FAM004393	FAM011771	FAM001897	FAM005210	FAM004068	FAM000421	FAM001262	FAM003344	FAM007695	FAM000907	FAM003350	FAM000216	FAM005390	FAM002858	FAM009387	FAM000795	FAM007096	FAM000918	FAM003927	FAM006229	FAM006623	FAM006159	FAM007570	FAM004125	FAM000350	FAM009925	FAM003199	FAM007844	FAM007392	FAM002292	FAM008564	FAM002596	FAM006074	FAM001927	FAM000191	FAM005006	FAM012481	FAM003468	FAM002971	FAM002471	FAM008051	FAM003978	FAM004589	FAM004050	FAM012209	FAM011057	FAM012584	FAM132307	FAM062546	FAM036774	FAM033645	FAM024848
rep756_seed2781	FAM003061	FAM004035	FAM009956	FAM001766	FAM000600	FAM005807	FAM009112	FAM009507	FAM005687	FAM002603	FAM001178	FAM001526	FAM009894	FAM002509	FAM013261	FAM005099	FAM000593	FAM005010	FAM010890	FAM006538	FAM007604	FAM004915	FAM004864	FAM002879	FAM000766	FAM009144	FAM007396	FAM001947	FAM008304	FAM009998	FAM010335	FAM004027	FAM001594	FAM000779	FAM005765	FAM001685	FAM008405	FAM003240	FAM007058	FAM005125	FAM001091	FAM013074	FAM005608	FAM009302	FAM005785	FAM004615	FAM002576	FAM014090	FAM010200	FAM005061	FAM005955	FAM002727	FAM000990	FAM011280	FAM004628	FAM000265	FAM001932	FAM007612	FAM002150	FAM010408	FAM007709	FAM000098	FAM003760	FAM000722	FAM008188	FAM007770	FAM011476	FAM012807	FAM109067	FAM059522	FAM040792	FAM036097	FAM015581
rep757_seed2782	FAM010425	FAM007139	FAM002666	FAM000118	FAM003422	FAM014305	FAM011926	FAM001380	FAM011515	FAM014341	FAM009091	FAM005912	FAM001605	FAM010514	FAM009431	FAM001444	FAM010028	FAM001997	FAM006530	FAM005405	FAM000555	FAM003724	FAM007306	FAM003368	FAM012398	FAM005065	FAM012037	FAM002491	FAM009484	FAM011864	FAM003730	FAM006657	FAM001993	FAM007545	FAM002174	FAM012237	FAM004391	FAM008792	FAM003987	FAM001732	FAM008449	FAM012753	FAM001358	FAM008601	FAM006073	FAM007876	FAM000120	FAM011294	FAM003111	FAM006388	FAM008487	FAM002120	FAM006957	FAM009871	FAM002447	FAM002412	FAM003196	FAM005423	FAM000645	FAM007330	FAM001560	FAM009799	FAM001791	FAM003854	FAM007586	FAM013654	FAM011759	FAM013461	FAM114946	FAM064032	FAM038943	FAM039409	FAM015654
rep758_seed2783	FAM011281	FAM004541	FAM003700	FAM001272	FAM000587	FAM010111	FAM004793	FAM010918	FAM006753	FAM004130	FAM012105	FAM003197	FAM008096	FAM000876	FAM010290	FAM005672	FAM009950	FAM000335	FAM008929	FAM005165	FAM004097	FAM005927	FAM001778	FAM004479	FAM002625	FAM006241	FAM004171	FAM009943	FAM004896	FAM004595	FAM011054	FAM002729	FAM002511	FAM002109	FAM007240	FAM007979	FAM002516	FAM014466	FAM000399	FAM006596	FAM000208	FAM008816	FAM008481	FAM006749	FAM000595	FAM000045	FAM003544	FAM005010	FAM002679	FAM006147	FAM002248	FAM004564	FAM000293	FAM006614	FAM010497	FAM002227	FAM013834	FAM006454	FAM000349	FAM005559	FAM014012	FAM002957	FAM006095	FAM003710	FAM003221	FAM006713	FAM008887	FAM008849	FAM108332	FAM065289	FAM035980	FAM042219	FAM016676
rep759_seed2784	FAM001496	FAM002323	FAM006082	FAM008336	FAM004989	FAM007900	FAM006436	FAM002893	FAM012138	FAM009186	FAM005542	FAM002676	FAM010516	FAM011396	FAM003997	FAM010448	FAM012565	FAM000911	FAM010488	FAM003577	FAM002902	FAM004822	FAM006987	FAM007850	FAM004024	FAM005597	FAM000015	FAM003760	FAM011239	FAM007343	FAM005616	FAM004973	FAM004846	FAM000059	FAM012110	FAM000825	FAM010339	FAM005406	FAM010538	FAM007837	FAM000780	FAM006992	FAM001023	FAM000364	FAM014151	FAM004103	FAM004768	FAM009916	FAM012489	FAM004669	FAM008271	FAM006142	FAM009187	FAM010878	FAM013888	FAM005450	FAM010642	FAM010188	FAM003565	FAM014278	FAM012940	FAM000250	FAM001105	FAM008802	FAM002806	FAM010808	FAM007383	FAM014377	FAM109688	FAM060989	FAM038533	FAM039994	FAM026299
rep760_seed2785	FAM007952	FAM001193	FAM005635	FAM006698	FAM007222	FAM003340	FAM004817	FAM000773	FAM005744	FAM005346	FAM001721	FAM004746	FAM007570	FAM001006	FAM000308	FAM000420	FAM010149	FAM011944	FAM006694	FAM006801	FAM002129	FAM006031	FAM000240	FAM003782	FAM006521	FAM008651	FAM001388	FAM011092	FAM002663	FAM003771	FAM004514	FAM008601	FAM004034	FAM005683	FAM000602	FAM012829	FAM002706	FAM000227	FAM009140	FAM009555	FAM000082	FAM006778	FAM004427	FAM010764	FAM008519	FAM001680	FAM002170	FAM002857	FAM004404	FAM003141	FAM003829	FAM004549	FAM011786	FAM002121	FAM010655	FAM004842	FAM002554	FAM003529	FAM002810	FAM007740	FAM013709	FAM006829	FAM010468	FAM004547	FAM009108	FAM009890	FAM007320	FAM010042	FAM137393	FAM058396	FAM032230	FAM041641	FAM024980
rep761_seed2786	FAM007230	FAM002884	FAM012027	FAM002117	FAM006160	FAM002653	FAM007684	FAM009946	FAM002028	FAM000296	FAM003584	FAM007896	FAM007958	FAM005413	FAM003870	FAM005637	FAM003143	FAM004495	FAM009925	FAM006836	FAM009374	FAM013210	FAM004073	FAM009416	FAM006687	FAM003004	FAM005094	FAM002563	FAM005972	FAM011866	FAM012582	FAM007612	FAM010543	FAM002962	FAM004360	FAM007655	FAM013259	FAM006368	FAM008546	FAM008720	FAM011467	FAM006455	FAM003032	FAM003211	FAM002674	FAM003529	FAM009143	FAM000140	FAM004106	FAM006453	FAM000101	FAM005466	FAM000898	FAM000247	FAM014173	FAM001019	FAM000973	FAM001512	FAM012876	FAM006119	FAM002413	FAM000043	FAM013519	FAM003228	FAM007278	FAM008587	FAM009222	FAM012526	FAM130408	FAM068970	FAM032340	FAM035606	FAM017841
rep762_seed2787	FAM004126	FAM008617	FAM004622	FAM006134	FAM003297	FAM008814	FAM011767	FAM005776	FAM003838	FAM007985	FAM000582	FAM000506	FAM009471	FAM001968	FAM004201	FAM001072	FAM003490	FAM014471	FAM002590	FAM002313	FAM003554	FAM000075	FAM002158	FAM001440	FAM001665	FAM001569	FAM003702	FAM004380	FAM009515	FAM000782	FAM003199	FAM008306	FAM000909	FAM005049	FAM000490	FAM010166	FAM008164	FAM003038	FAM004139	FAM007106	FAM014012	FAM004387	FAM000230	FAM010948	FAM008489	FAM001326	FAM012691	FAM007819	FAM004215	FAM004312	FAM012329	FAM000311	FAM010918	FAM005455	FAM004994	FAM003418	FAM002705	FAM005565	FAM005014	FAM008448	FAM014003	FAM010302	FAM001812	FAM002358	FAM010878	FAM011904	FAM011457	FAM008042	FAM114883	FAM060433	FAM042465	FAM037374	FAM017699
rep763_seed2788	FAM003349	FAM005729	FAM000967	FAM004195	FAM009284	FAM002311	FAM000089	FAM013123	FAM007788	FAM003626	FAM008284	FAM006464	FAM012760	FAM004894	FAM009141	FAM008035	FAM000470	FAM008062	FAM000626	FAM001132	FAM006433	FAM001778	FAM007824	FAM007434	FAM009585	FAM002545	FAM013056	FAM012133	FAM003995	FAM000517	FAM005333	FAM003264	FAM002547	FAM004436	FAM004366	FAM000088	FAM009746	FAM002768	FAM003409	FAM004171	FAM007517	FAM008763	FAM004216	FAM004079	FAM004517	FAM006834	FAM004734	FAM001024	FAM003234	FAM011675	FAM004922	FAM004649	FAM008106	FAM010168	FAM006332	FAM006312	FAM008824	FAM001316	FAM004270	FAM004262	FAM003935	FAM005767	FAM004895	FAM001947	FAM000555	FAM009976	FAM010754	FAM013339	FAM129820	FAM060988	FAM040340	FAM032390	FAM022633
rep764_seed2789	FAM003137	FAM009515	FAM011444	FAM004874	FAM005108	FAM005630	FAM007013	FAM005357	FAM004317	FAM004567	FAM009647	FAM010801	FAM001004	FAM005009	FAM002588	FAM008570	FAM007297	FAM000771	FAM000202	FAM003659	FAM000627	FAM000375	FAM002561	FAM007797	FAM000930	FAM008802	FAM003685	FAM001000	FAM009218	FAM007873	FAM008974	FAM005073	FAM003578	FAM007335	FAM012134	FAM013634	FAM011564	FAM008823	FAM001744	FAM004393	FAM002000	FAM003092	FAM005084	FAM009057	FAM005921	FAM003871	FAM009155	FAM004913	FAM006355	FAM005749	FAM004868	FAM000014	FAM008303	FAM008618	FAM011483	FAM003304	FAM002627	FAM004923	FAM008056	FAM001199	FAM001478	FAM005496	FAM013966	FAM005778	FAM000691	FAM013222	FAM012214	FAM008030	FAM147539	FAM065398	FAM036430	FAM035283	FAM029097
rep765_seed2790	FAM001893	FAM000587	FAM007330	FAM003310	FAM000048	FAM007474	FAM014165	FAM004225	FAM013469	FAM003812	FAM012699	FAM003890	FAM003795	FAM013383	FAM008480	FAM007522	FAM006254	FAM000034	FAM004811	FAM002331	FAM013835	FAM005148	FAM003333	FAM005390	FAM011038	FAM002018	FAM001638	FAM000736	FAM007235	FAM003288	FAM003676	FAM002656	FAM001104	FAM004947	FAM012098	FAM005888	FAM005778	FAM001462	FAM001450	FAM008474	FAM003970	FAM012234	FAM007607	FAM011322	FAM002631	FAM000363	FAM013311	FAM001395	FAM000708	FAM002755	FAM005276	FAM011232	FAM001484	FAM007475	FAM001071	FAM013212	FAM010970	FAM010145	FAM004023	FAM009332	FAM006596	FAM009905	FAM007487	FAM009565	FAM013807	FAM009068	FAM011010	FAM007038	FAM137169	FAM066958	FAM033846	FAM033645	FAM025628
rep766_seed2791	FAM005538	FAM011673	FAM010789	FAM004834	FAM004038	FAM002766	FAM001540	FAM002699	FAM004203	FAM000300	FAM001176	FAM000411	FAM002394	FAM005929	FAM006964	FAM010146	FAM007885	FAM009609	FAM000620	FAM004766	FAM001857	FAM006287	FAM002108	FAM000320	FAM006868	FAM001461	FAM008707	FAM009050	FAM008000	FAM005313	FAM010608	FAM008705	FAM003658	FAM001160	FAM005777	FAM003136	FAM006423	FAM004440	FAM002081	FAM011151	FAM008321	FAM002270	FAM009159	FAM001324	FAM002777	FAM009763	FAM000294	FAM010288	FAM001100	FAM010720	FAM000051	FAM013236	FAM001826	FAM000580	FAM002405	FAM011238	FAM000307	FAM007070	FAM004356	FAM001081	FAM000792	FAM003390	FAM000594	FAM007851	FAM007246	FAM006392	FAM008834	FAM011729	FAM129029	FAM061329	FAM041787	FAM038773	FAM026575
rep767_seed2792	FAM009284	FAM000169	FAM005333	FAM002044	FAM011506	FAM006255	FAM001361	FAM001077	FAM005578	FAM000522	FAM002194	FAM008040	FAM008812	FAM013024	FAM000651	FAM004808	FAM003718	FAM001795	FAM007292	FAM004903	FAM002004	FAM002211	FAM010832	FAM002152	FAM001432	FAM001376	FAM001065	FAM001582	FAM006976	FAM009913	FAM008434	FAM000061	FAM009765	FAM008120	FAM006677	FAM001232	FAM012939	FAM001638	FAM013021	FAM003001	FAM004039	FAM003063	FAM009591	FAM001667	FAM000817	FAM002771	FAM003784	FAM000554	FAM000043	FAM007777	FAM007307	FAM005944	FAM011430	FAM002759	FAM005087	FAM006002	FAM005538	FAM003252	FAM013051	FAM007191	FAM006535	FAM005454	FAM014319	FAM007458	FAM000060	FAM008357	FAM008663	FAM012901	FAM139110	FAM061470	FAM043538	FAM036630	FAM019673
rep768_seed2793	FAM006023	FAM004759	FAM009274	FAM003936	FAM000086	FAM004380	FAM008808	FAM001937	FAM002323	FAM009500	FAM003247	FAM000397	FAM013241	FAM010288	FAM007381	FAM012845	FAM000201	FAM007688	FAM001065	FAM006966	FAM006846	FAM014541	FAM000827	FAM012224	FAM013892	FAM007244	FAM007443	FAM003509	FAM007347	FAM011317	FAM004098	FAM004061	FAM004422	FAM003386	FAM002287	FAM009732	FAM006520	FAM008159	FAM001570	FAM009610	FAM013797	FAM010409	FAM003250	FAM001321	FAM000729	FAM000254	FAM003074	FAM010033	FAM003440	FAM002064	FAM001875	FAM006172	FAM006159	FAM002982	FAM001572	FAM013900	FAM004244	FAM005218	FAM000910	FAM002993	FAM002037	FAM007578	FAM011063	FAM013992	FAM008872	FAM011700	FAM011452	FAM013537	FAM138620	FAM060061	FAM039039	FAM033095	FAM028135
rep769_seed2794	FAM005121	FAM008460	FAM011124	FAM007473	FAM003797	FAM003591	FAM008185	FAM001865	FAM002134	FAM006101	FAM001751	FAM003447	FAM001543	FAM002188	FAM006978	FAM004799	FAM004031	FAM005535	FAM004821	FAM008444	FAM003891	FAM001379	FAM007289	FAM013900	FAM001707	FAM004346	FAM012215	FAM003752	FAM008757	FAM005246	FAM006419	FAM008687	FAM000037	FAM001349	FAM001947	FAM001077	FAM004054	FAM005578	FAM001987	FAM000032	FAM006342	FAM003953	FAM000766	FAM002564	FAM002537	FAM003320	FAM004666	FAM005501	FAM005793	FAM003106	FAM005477	FAM010652	FAM003793	FAM003450	FAM000896	FAM000961	FAM003700	FAM005706	FAM003936	FAM007621	FAM004404	FAM002576	FAM000092	FAM000076	FAM000666	FAM007771	FAM012034	FAM009718	FAM122074	FAM067485	FAM030696	FAM033607	FAM016533
rep770_seed2795	FAM002718	FAM014695	FAM001932	FAM004573	FAM000878	FAM006715	FAM003628	FAM001652	FAM005261	FAM002781	FAM007197	FAM002855	FAM002106	FAM009166	FAM006938	FAM012622	FAM006531	FAM007734	FAM009443	FAM003858	FAM004318	FAM009739	FAM000631	FAM007277	FAM004640	FAM004941	FAM006427	FAM005020	FAM003746	FAM001099	FAM002273	FAM003574	FAM002595	FAM006415	FAM009568	FAM000806	FAM008861	FAM004179	FAM000450	FAM004495	FAM003351	FAM000290	FAM003000	FAM005801	FAM002079	FAM007124	FAM007006	FAM000050	FAM000722	FAM011147	FAM000163	FAM004100	FAM000884	FAM003297	FAM004180	FAM007351	FAM007421	FAM010305	FAM002601	FAM006134	FAM001084	FAM007321	FAM001842	FAM012591	FAM001584	FAM006754	FAM010759	FAM014427	FAM138668	FAM059138	FAM035357	FAM040143	FAM020968
rep771_seed2796	FAM010712	FAM002418	FAM007402	FAM002996	FAM004383	FAM009513	FAM002479	FAM001131	FAM006162	FAM001026	FAM004170	FAM003803	FAM011237	FAM006702	FAM004299	FAM011438	FAM014656	FAM007960	FAM004490	FAM000450	FAM005238	FAM005807	FAM003602	FAM010205	FAM003693	FAM012591	FAM004017	FAM007075	FAM011390	FAM006047	FAM001088	FAM007344	FAM003220	FAM001566	FAM000553	FAM002006	FAM005038	FAM002974	FAM004399	FAM002160	FAM011502	FAM006956	FAM008557	FAM006810	FAM006114	FAM011833	FAM007807	FAM008122	FAM007264	FAM007165	FAM006443	FAM004818	FAM003210	FAM003093	FAM004195	FAM000874	FAM007955	FAM002726	FAM008080	FAM010777	FAM004729	FAM006791	FAM004757	FAM003549	FAM007384	FAM007408	FAM011094	FAM007390	FAM112038	FAM064333	FAM035347	FAM032347	FAM026518
rep772_seed2797	FAM012227	FAM005601	FAM002533	FAM008502	FAM005051	FAM009302	FAM001069	FAM001056	FAM013839	FAM005644	FAM005869	FAM002551	FAM007350	FAM000411	FAM001576	FAM007302	FAM000103	FAM005856	FAM011767	FAM002464	FAM006471	FAM000892	FAM002348	FAM005211	FAM014350	FAM003469	FAM008632	FAM003113	FAM007344	FAM005109	FAM008212	FAM009099	FAM001342	FAM001221	FAM004399	FAM010937	FAM006444	FAM007752	FAM009767	FAM003252	FAM004764	FAM004406	FAM003676	FAM006430	FAM004328	FAM004886	FAM008748	FAM008857	FAM005345	FAM002045	FAM013368	FAM002954	FAM002758	FAM005467	FAM004549	FAM001152	FAM008031	FAM002994	FAM010578	FAM000858	FAM000279	FAM000936	FAM001386	FAM004425	FAM005846	FAM007241	FAM006376	FAM011851	FAM133550	FAM063814	FAM030350	FAM035221	FAM019664
rep773_seed2798	FAM002621	FAM007304	FAM005068	FAM002608	FAM007926	FAM000124	FAM007068	FAM004503	FAM006881	FAM004039	FAM012742	FAM010775	FAM009496	FAM002176	FAM013676	FAM006127	FAM000681	FAM005677	FAM005076	FAM005834	FAM001826	FAM006770	FAM005361	FAM010285	FAM000260	FAM001803	FAM002350	FAM001022	FAM006664	FAM003886	FAM001331	FAM002117	FAM000813	FAM009073	FAM008005	FAM005602	FAM002316	FAM011906	FAM003711	FAM000952	FAM010182	FAM005346	FAM012722	FAM011489	FAM002785	FAM002894	FAM004006	FAM007688	FAM002984	FAM013122	FAM008002	FAM004740	FAM006935	FAM007960	FAM006972	FAM011528	FAM007879	FAM002403	FAM003914	FAM006787	FAM004388	FAM000600	FAM001316	FAM004915	FAM005957	FAM012649	FAM012745	FAM014416	FAM124909	FAM058306	FAM038533	FAM043337	FAM017389
rep774_seed2799	FAM008469	FAM010801	FAM000100	FAM005378	FAM007779	FAM005020	FAM001427	FAM003605	FAM007797	FAM006856	FAM008933	FAM003513	FAM001605	FAM011306	FAM009126	FAM003070	FAM012946	FAM004222	FAM004426	FAM013834	FAM008270	FAM005591	FAM005470	FAM010771	FAM012234	FAM006663	FAM004673	FAM004031	FAM010961	FAM005490	FAM006529	FAM003378	FAM005505	FAM001183	FAM001150	FAM001621	FAM004884	FAM012794	FAM012856	FAM005424	FAM007073	FAM001215	FAM002057	FAM001966	FAM000244	FAM008706	FAM011864	FAM010923	FAM000649	FAM000372	FAM008875	FAM001077	FAM002575	FAM006423	FAM005399	FAM003100	FAM002847	FAM002011	FAM011238	FAM006505	FAM002716	FAM006140	FAM013296	FAM002578	FAM002871	FAM011596	FAM003254	FAM012175	FAM126386	FAM065622	FAM036881	FAM041722	FAM022496
rep775_seed2800	FAM007998	FAM001746	FAM001544	FAM001392	FAM003630	FAM013935	FAM000517	FAM005470	FAM005343	FAM008162	FAM001864	FAM003441	FAM005120	FAM009544	FAM008917	FAM001318	FAM013858	FAM003516	FAM003750	FAM006296	FAM008928	FAM002717	FAM009772	FAM011293	FAM006332	FAM010366	FAM008963	FAM005988	FAM013834	FAM012736	FAM008649	FAM011423	FAM001833	FAM005174	FAM002623	FAM001882	FAM000156	FAM001019	FAM011954	FAM008251	FAM009273	FAM001221	FAM004808	FAM001002	FAM002388	FAM001033	FAM006480	FAM008296	FAM002161	FAM006693	FAM000898	FAM004512	FAM005375	FAM013918	FAM004012	FAM003757	FAM001913	FAM009684	FAM005309	FAM008737	FAM007565	FAM003201	FAM001429	FAM013832	FAM006831	FAM011620	FAM013763	FAM012478	FAM126716	FAM067514	FAM034772	FAM030385	FAM019479
rep776_seed2801	FAM012848	FAM009506	FAM011089	FAM003516	FAM005181	FAM013368	FAM004588	FAM014305	FAM007294	FAM007358	FAM002525	FAM013152	FAM005461	FAM001487	FAM005715	FAM003399	FAM005329	FAM004616	FAM002745	FAM007016	FAM007850	FAM007937	FAM010145	FAM005504	FAM004001	FAM011105	FAM009721	FAM004463	FAM005016	FAM009055	FAM000686	FAM010232	FAM005432	FAM006055	FAM003111	FAM014355	FAM006506	FAM009946	FAM011599	FAM004470	FAM010922	FAM003821	FAM002833	FAM004638	FAM005472	FAM001357	FAM006206	FAM002149	FAM006612	FAM006479	FAM011065	FAM001981	FAM004462	FAM003238	FAM002426	FAM010072	FAM003537	FAM000776	FAM011181	FAM008068	FAM001065	FAM009730	FAM000498	FAM006475	FAM000696	FAM009927	FAM007841	FAM010374	FAM123605	FAM066109	FAM039502	FAM036796	FAM017975
rep777_seed2802	FAM003274	FAM003358	FAM001746	FAM005801	FAM004538	FAM003763	FAM005022	FAM001376	FAM006364	FAM008838	FAM003468	FAM012508	FAM004053	FAM000105	FAM000396	FAM003432	FAM004819	FAM008361	FAM003707	FAM003310	FAM003155	FAM002051	FAM002581	FAM010093	FAM001664	FAM000599	FAM004548	FAM008596	FAM006142	FAM001063	FAM011470	FAM009053	FAM004399	FAM005431	FAM003459	FAM001540	FAM005230	FAM004607	FAM001956	FAM000505	FAM009661	FAM003211	FAM008115	FAM006749	FAM005149	FAM002586	FAM001096	FAM004577	FAM000697	FAM007245	FAM003718	FAM011174	FAM004860	FAM000077	FAM002664	FAM002082	FAM007478	FAM008957	FAM004663	FAM001295	FAM001546	FAM004518	FAM002427	FAM000666	FAM005862	FAM008176	FAM011431	FAM013589	FAM119351	FAM059059	FAM038104	FAM039295	FAM023128
rep778_seed2803	FAM013050	FAM006351	FAM002698	FAM012292	FAM008449	FAM010501	FAM002718	FAM001830	FAM005178	FAM008388	FAM004843	FAM005844	FAM002183	FAM006152	FAM014225	FAM003468	FAM011092	FAM002512	FAM014022	FAM004981	FAM006040	FAM001999	FAM005233	FAM003778	FAM011878	FAM013337	FAM002662	FAM010821	FAM002603	FAM002205	FAM006023	FAM009179	FAM005912	FAM005095	FAM002750	FAM005903	FAM007304	FAM003869	FAM003315	FAM002002	FAM002683	FAM005667	FAM006785	FAM002671	FAM000245	FAM005750	FAM000352	FAM008992	FAM012726	FAM005520	FAM007674	FAM005092	FAM005153	FAM005635	FAM005966	FAM000963	FAM008874	FAM001098	FAM000586	FAM008705	FAM007283	FAM000253	FAM005925	FAM009866	FAM006741	FAM009704	FAM011850	FAM014602	FAM125108	FAM064522	FAM042275	FAM037980	FAM026995
rep779_seed2804	FAM004901	FAM000114	FAM005967	FAM001648	FAM013152	FAM003295	FAM006472	FAM007964	FAM003239	FAM002280	FAM009817	FAM000648	FAM008140	FAM012722	FAM003887	FAM012940	FAM002027	FAM001075	FAM001490	FAM003576	FAM001507	FAM003701	FAM004324	FAM000199	FAM003802	FAM001100	FAM003304	FAM003974	FAM007075	FAM001272	FAM008651	FAM005041	FAM000835	FAM000528	FAM011686	FAM008383	FAM008146	FAM005766	FAM000483	FAM010463	FAM003224	FAM013477	FAM002617	FAM004501	FAM012100	FAM005036	FAM007304	FAM001579	FAM010756	FAM007902	FAM011671	FAM013122	FAM003529	FAM006583	FAM001859	FAM004756	FAM000093	FAM006951	FAM001041	FAM008156	FAM000898	FAM011123	FAM004359	FAM005504	FAM001311	FAM013022	FAM013162	FAM005075	FAM131819	FAM062244	FAM038638	FAM036669	FAM028640
rep780_seed2805	FAM005096	FAM009943	FAM009004	FAM000168	FAM001236	FAM003811	FAM005032	FAM009967	FAM004640	FAM005056	FAM002766	FAM000460	FAM005518	FAM003333	FAM004730	FAM011582	FAM014097	FAM004532	FAM009555	FAM002473	FAM012275	FAM003991	FAM002761	FAM002443	FAM006015	FAM000259	FAM003438	FAM003554	FAM004439	FAM004860	FAM005374	FAM004390	FAM006634	FAM011470	FAM001725	FAM006892	FAM012674	FAM008923	FAM001202	FAM014666	FAM012173	FAM005041	FAM010395	FAM002879	FAM001932	FAM013317	FAM003514	FAM006174	FAM006349	FAM004827	FAM001154	FAM003152	FAM000722	FAM000137	FAM009966	FAM007349	FAM005215	FAM000930	FAM003663	FAM007002	FAM012877	FAM014059	FAM004435	FAM000660	FAM000123	FAM012244	FAM009927	FAM009242	FAM133669	FAM057793	FAM049604	FAM031400	FAM017709
rep781_seed2806	FAM001045	FAM004487	FAM006680	FAM006382	FAM010174	FAM001229	FAM010835	FAM005927	FAM009455	FAM003688	FAM010101	FAM003229	FAM008768	FAM009611	FAM014674	FAM010950	FAM006372	FAM008674	FAM013835	FAM001459	FAM003181	FAM000920	FAM001672	FAM009105	FAM011976	FAM011005	FAM006595	FAM007458	FAM008138	FAM000902	FAM008240	FAM002840	FAM002409	FAM007966	FAM007134	FAM007108	FAM004224	FAM002054	FAM001878	FAM005252	FAM001347	FAM010518	FAM000269	FAM014504	FAM005793	FAM001095	FAM000731	FAM000647	FAM004442	FAM005757	FAM007963	FAM001576	FAM004854	FAM013789	FAM003880	FAM005338	FAM009196	FAM000941	FAM001774	FAM001763	FAM003692	FAM003729	FAM000259	FAM002740	FAM006520	FAM009999	FAM006827	FAM013962	FAM126386	FAM060944	FAM036516	FAM040070	FAM028922
rep782_seed2807	FAM007682	FAM001812	FAM012845	FAM005863	FAM006069	FAM012488	FAM000454	FAM002421	FAM010387	FAM002748	FAM007656	FAM011129	FAM003691	FAM005806	FAM006146	FAM005332	FAM008150	FAM009817	FAM004744	FAM001935	FAM000284	FAM001152	FAM002614	FAM014643	FAM002342	FAM014230	FAM004791	FAM000696	FAM006480	FAM004266	FAM010267	FAM001504	FAM010459	FAM003328	FAM011247	FAM005568	FAM006888	FAM007924	FAM005357	FAM006716	FAM004984	FAM004975	FAM008661	FAM003550	FAM004082	FAM000782	FAM011031	FAM004144	FAM004805	FAM010579	FAM004103	FAM008168	FAM004414	FAM007659	FAM001613	FAM006099	FAM006857	FAM003208	FAM000564	FAM004403	FAM004120	FAM000388	FAM002496	FAM007902	FAM004645	FAM014263	FAM011327	FAM014500	FAM133866	FAM062873	FAM041551	FAM038773	FAM024541
rep783_seed2808	FAM003998	FAM001720	FAM003298	FAM000509	FAM000465	FAM001144	FAM005728	FAM002494	FAM003116	FAM009470	FAM001831	FAM002739	FAM008165	FAM000600	FAM000295	FAM010762	FAM008233	FAM004393	FAM002193	FAM000579	FAM003328	FAM008645	FAM004752	FAM007998	FAM000902	FAM001614	FAM001902	FAM003483	FAM011717	FAM008750	FAM006810	FAM005399	FAM006259	FAM001370	FAM004957	FAM010210	FAM006869	FAM005199	FAM000589	FAM013668	FAM004043	FAM008575	FAM011615	FAM011430	FAM001388	FAM009551	FAM009880	FAM010708	FAM007011	FAM001859	FAM008184	FAM001335	FAM001906	FAM002335	FAM004618	FAM006439	FAM005837	FAM001963	FAM000855	FAM006229	FAM007689	FAM006950	FAM014063	FAM002364	FAM005762	FAM011302	FAM012103	FAM011481	FAM143182	FAM061691	FAM039339	FAM035099	FAM027098
rep784_seed2809	FAM006574	FAM013423	FAM005263	FAM003470	FAM000743	FAM000792	FAM002425	FAM004079	FAM002444	FAM008282	FAM003163	FAM006131	FAM011730	FAM003650	FAM000964	FAM005514	FAM002739	FAM001080	FAM008305	FAM005309	FAM007622	FAM004681	FAM001951	FAM004231	FAM009102	FAM004980	FAM008829	FAM004653	FAM002887	FAM008160	FAM003068	FAM001987	FAM004613	FAM014070	FAM000009	FAM004630	FAM007924	FAM007565	FAM005643	FAM007758	FAM000928	FAM002329	FAM010627	FAM002579	FAM002089	FAM004246	FAM008351	FAM007967	FAM008138	FAM004257	FAM001199	FAM003554	FAM004406	FAM004117	FAM006970	FAM001583	FAM008960	FAM010199	FAM003887	FAM003314	FAM007992	FAM010574	FAM010712	FAM000656	FAM001369	FAM008600	FAM008362	FAM013260	FAM135954	FAM061647	FAM038460	FAM029134	FAM016584
rep785_seed2810	FAM006105	FAM006255	FAM003150	FAM003380	FAM011207	FAM002366	FAM004779	FAM000385	FAM004097	FAM006851	FAM007687	FAM007480	FAM002243	FAM013206	FAM008987	FAM005795	FAM004738	FAM001927	FAM005915	FAM006803	FAM001469	FAM004572	FAM005448	FAM003485	FAM008198	FAM000744	FAM001897	FAM008478	FAM002830	FAM005151	FAM008764	FAM007539	FAM012109	FAM008934	FAM009244	FAM009176	FAM000724	FAM002896	FAM013522	FAM000721	FAM012879	FAM009829	FAM004471	FAM005722	FAM001235	FAM010517	FAM000998	FAM001080	FAM005961	FAM010685	FAM001548	FAM002920	FAM002360	FAM002680	FAM002567	FAM008302	FAM004187	FAM009789	FAM002995	FAM000815	FAM001813	FAM009654	FAM013070	FAM000761	FAM005030	FAM008666	FAM008614	FAM011888	FAM130697	FAM060442	FAM046486	FAM040677	FAM024951
rep786_seed2811	FAM001094	FAM012522	FAM000180	FAM007092	FAM004249	FAM008650	FAM001804	FAM001474	FAM004399	FAM000548	FAM002340	FAM003087	FAM002657	FAM003516	FAM002623	FAM011938	FAM014165	FAM000422	FAM009168	FAM000373	FAM003028	FAM003851	FAM008994	FAM000968	FAM000894	FAM005302	FAM000104	FAM008696	FAM006753	FAM008379	FAM003012	FAM012258	FAM001219	FAM001199	FAM007536	FAM000308	FAM006244	FAM002129	FAM001921	FAM009763	FAM008392	FAM005398	FAM014503	FAM010626	FAM000916	FAM004226	FAM001915	FAM004279	FAM002894	FAM007807	FAM000365	FAM003058	FAM003379	FAM001812	FAM004225	FAM005530	FAM001053	FAM004723	FAM005298	FAM012337	FAM003046	FAM002796	FAM004112	FAM001102	FAM005521	FAM008565	FAM013486	FAM006981	FAM141089	FAM065091	FAM034591	FAM041073	FAM016338
rep787_seed2812	FAM001084	FAM000194	FAM006707	FAM000731	FAM007494	FAM002567	FAM004072	FAM003133	FAM007576	FAM007463	FAM004545	FAM007266	FAM003549	FAM000219	FAM001833	FAM004196	FAM004821	FAM004695	FAM000508	FAM011673	FAM000792	FAM006950	FAM009378	FAM001964	FAM001305	FAM000244	FAM002116	FAM008297	FAM002874	FAM006423	FAM006957	FAM014690	FAM009343	FAM000849	FAM002364	FAM002580	FAM005910	FAM001465	FAM009493	FAM014403	FAM012741	FAM010520	FAM011444	FAM000745	FAM013353	FAM013118	FAM005054	FAM000292	FAM002079	FAM000287	FAM008629	FAM007622	FAM011470	FAM009192	FAM004862	FAM003615	FAM010471	FAM010594	FAM011417	FAM006492	FAM005331	FAM008204	FAM001889	FAM004442	FAM009642	FAM011627	FAM009199	FAM013667	FAM144387	FAM080466	FAM038359	FAM033345	FAM020390
rep788_seed2813	FAM010295	FAM004660	FAM006035	FAM002016	FAM007157	FAM006605	FAM000743	FAM012607	FAM011959	FAM003761	FAM005094	FAM009600	FAM009872	FAM004574	FAM004563	FAM001003	FAM013550	FAM009569	FAM002995	FAM001085	FAM002913	FAM008974	FAM011402	FAM013214	FAM001585	FAM010608	FAM002068	FAM002424	FAM009367	FAM005582	FAM006359	FAM010296	FAM000640	FAM001424	FAM005484	FAM000679	FAM004663	FAM003327	FAM003592	FAM002188	FAM003766	FAM006580	FAM002441	FAM004269	FAM004805	FAM007897	FAM005714	FAM002800	FAM003265	FAM007375	FAM004804	FAM003282	FAM001057	FAM005890	FAM002479	FAM002246	FAM000729	FAM004285	FAM008575	FAM007775	FAM000246	FAM012800	FAM002821	FAM002002	FAM000067	FAM014484	FAM011282	FAM013139	FAM143526	FAM065702	FAM033599	FAM029580	FAM028662
rep789_seed2814	FAM005751	FAM009560	FAM009597	FAM006795	FAM007785	FAM004104	FAM004491	FAM003587	FAM007948	FAM000024	FAM013984	FAM006407	FAM007627	FAM000321	FAM005206	FAM002429	FAM006627	FAM004917	FAM011653	FAM003824	FAM005279	FAM002343	FAM004334	FAM004981	FAM005346	FAM009577	FAM007966	FAM003886	FAM006998	FAM001444	FAM003951	FAM009522	FAM006094	FAM006135	FAM006638	FAM006549	FAM012736	FAM002515	FAM003782	FAM005556	FAM007028	FAM007291	FAM002452	FAM004551	FAM002929	FAM002547	FAM002740	FAM002535	FAM004355	FAM006514	FAM007544	FAM008116	FAM005228	FAM009360	FAM002858	FAM003129	FAM008867	FAM001596	FAM006337	FAM003634	FAM005741	FAM001269	FAM000262	FAM004017	FAM006111	FAM008614	FAM006452	FAM014155	FAM143494	FAM059909	FAM040341	FAM041543	FAM016729
rep790_seed2815	FAM004543	FAM001915	FAM001485	FAM005382	FAM003457	FAM003375	FAM005263	FAM003891	FAM000201	FAM013874	FAM005231	FAM006781	FAM000398	FAM006388	FAM007964	FAM006285	FAM006049	FAM004142	FAM001812	FAM002575	FAM009991	FAM001402	FAM005560	FAM007951	FAM003380	FAM000444	FAM009857	FAM002405	FAM000924	FAM005485	FAM012335	FAM002704	FAM014317	FAM014120	FAM001007	FAM002536	FAM004107	FAM001615	FAM002775	FAM003297	FAM005364	FAM002917	FAM004217	FAM002827	FAM002427	FAM001924	FAM004842	FAM001601	FAM001225	FAM002091	FAM001095	FAM004194	FAM003023	FAM013420	FAM003022	FAM001819	FAM011276	FAM000220	FAM007837	FAM008933	FAM010697	FAM013065	FAM000008	FAM003709	FAM007947	FAM010800	FAM011995	FAM014437	FAM146665	FAM063814	FAM029805	FAM035828	FAM017714
rep791_seed2816	FAM002286	FAM004128	FAM001437	FAM014636	FAM004231	FAM003433	FAM006319	FAM002309	FAM012447	FAM000370	FAM000684	FAM000919	FAM006012	FAM003865	FAM000657	FAM000273	FAM001383	FAM000639	FAM002683	FAM004878	FAM002973	FAM004809	FAM010945	FAM000042	FAM001161	FAM005176	FAM012720	FAM009440	FAM008202	FAM003831	FAM000253	FAM008129	FAM002015	FAM006194	FAM003302	FAM002632	FAM002023	FAM004411	FAM007516	FAM006276	FAM010249	FAM006722	FAM003243	FAM003700	FAM008506	FAM005983	FAM004839	FAM010594	FAM006112	FAM006803	FAM000944	FAM006273	FAM002920	FAM000574	FAM002281	FAM013634	FAM006043	FAM013888	FAM003429	FAM008833	FAM002767	FAM005011	FAM009996	FAM007201	FAM008480	FAM014648	FAM007558	FAM013757	FAM136593	FAM064902	FAM033195	FAM033886	FAM026150
rep792_seed2817	FAM002158	FAM003641	FAM000142	FAM007572	FAM008498	FAM013099	FAM012326	FAM008406	FAM002060	FAM000555	FAM002703	FAM011438	FAM005410	FAM004047	FAM000354	FAM003949	FAM012540	FAM007087	FAM010488	FAM002360	FAM005739	FAM004286	FAM013834	FAM008536	FAM003757	FAM000086	FAM001813	FAM011852	FAM001569	FAM004128	FAM000769	FAM000541	FAM000218	FAM009290	FAM005342	FAM007880	FAM003981	FAM001496	FAM003141	FAM009769	FAM002915	FAM006821	FAM010399	FAM001901	FAM001980	FAM001233	FAM001069	FAM004044	FAM011247	FAM002682	FAM005225	FAM001000	FAM005314	FAM002825	FAM005041	FAM008764	FAM000951	FAM010145	FAM007819	FAM003079	FAM003751	FAM008063	FAM010463	FAM009443	FAM004625	FAM011192	FAM012745	FAM012584	FAM140016	FAM061177	FAM041637	FAM040530	FAM019068
rep793_seed2818	FAM001793	FAM011840	FAM004474	FAM004359	FAM013337	FAM005651	FAM008934	FAM002634	FAM002749	FAM003997	FAM011048	FAM005839	FAM005032	FAM001789	FAM003718	FAM006928	FAM003064	FAM001718	FAM002709	FAM004855	FAM003784	FAM007982	FAM005815	FAM006861	FAM014243	FAM006133	FAM004157	FAM003526	FAM006620	FAM006946	FAM006759	FAM006829	FAM002092	FAM009261	FAM010012	FAM006699	FAM009702	FAM007085	FAM003442	FAM000466	FAM001720	FAM006584	FAM001513	FAM009473	FAM002142	FAM002934	FAM000773	FAM012326	FAM003614	FAM002862	FAM004266	FAM000879	FAM005468	FAM004513	FAM000821	FAM012778	FAM005268	FAM001920	FAM005765	FAM001246	FAM004276	FAM008748	FAM000918	FAM011621	FAM009159	FAM013999	FAM010184	FAM014647	FAM139845	FAM058369	FAM037958	FAM033225	FAM018451
rep794_seed2819	FAM000483	FAM004861	FAM000487	FAM013415	FAM007829	FAM010079	FAM003230	FAM004720	FAM009600	FAM000286	FAM006535	FAM000753	FAM005661	FAM000793	FAM005866	FAM005266	FAM013070	FAM007784	FAM007396	FAM005668	FAM003400	FAM007884	FAM012377	FAM005370	FAM007216	FAM000232	FAM002591	FAM003088	FAM005830	FAM002121	FAM002979	FAM003398	FAM000525	FAM004057	FAM002703	FAM011754	FAM013663	FAM000623	FAM005763	FAM002332	FAM002209	FAM005605	FAM008538	FAM000662	FAM005362	FAM006730	FAM004148	FAM003877	FAM006255	FAM008480	FAM007964	FAM006886	FAM012627	FAM005556	FAM005391	FAM014012	FAM005537	FAM006946	FAM004278	FAM002663	FAM002622	FAM004296	FAM003716	FAM005955	FAM013752	FAM007546	FAM007454	FAM014500	FAM107790	FAM063206	FAM033260	FAM039057	FAM017968
rep795_seed2820	FAM001407	FAM002945	FAM002310	FAM002300	FAM004194	FAM004826	FAM003099	FAM010257	FAM011149	FAM003811	FAM008669	FAM009059	FAM001200	FAM005671	FAM014541	FAM004769	FAM002318	FAM000952	FAM007621	FAM003199	FAM003088	FAM006653	FAM001974	FAM006811	FAM005456	FAM007180	FAM014064	FAM005677	FAM004665	FAM010859	FAM000477	FAM000647	FAM006726	FAM003918	FAM005496	FAM009384	FAM000123	FAM002620	FAM002819	FAM010088	FAM002522	FAM001817	FAM009330	FAM004634	FAM009159	FAM000835	FAM003828	FAM009090	FAM003373	FAM006319	FAM006091	FAM002336	FAM007130	FAM000099	FAM005443	FAM008457	FAM005263	FAM007062	FAM006467	FAM006840	FAM001583	FAM005527	FAM014646	FAM002537	FAM003485	FAM008210	FAM009992	FAM006822	FAM130825	FAM060452	FAM032859	FAM043305	FAM021610
rep796_seed2821	FAM008473	FAM002018	FAM002736	FAM004357	FAM000976	FAM006629	FAM007994	FAM005126	FAM004742	FAM014505	FAM008661	FAM007527	FAM008321	FAM003784	FAM001470	FAM010970	FAM003715	FAM013237	FAM004857	FAM012458	FAM001310	FAM013751	FAM001154	FAM000401	FAM002076	FAM004787	FAM000902	FAM001167	FAM007541	FAM004753	FAM000135	FAM002442	FAM008805	FAM002594	FAM005949	FAM005414	FAM004650	FAM008788	FAM005522	FAM008995	FAM008875	FAM008630	FAM004464	FAM000215	FAM000872	FAM005573	FAM002300	FAM010492	FAM007128	FAM011518	FAM006912	FAM004782	FAM004408	FAM010123	FAM001941	FAM004291	FAM002289	FAM000400	FAM004207	FAM002449	FAM007784	FAM003020	FAM000464	FAM001195	FAM003559	FAM008621	FAM013471	FAM013685	FAM144165	FAM060636	FAM040410	FAM032053	FAM017807
rep797_seed2822	FAM007818	FAM004360	FAM008082	FAM008645	FAM002580	FAM002777	FAM002334	FAM005356	FAM002427	FAM001716	FAM000821	FAM009692	FAM005709	FAM006008	FAM005565	FAM006701	FAM004478	FAM000025	FAM000797	FAM004199	FAM003431	FAM003643	FAM002819	FAM000917	FAM002387	FAM004896	FAM006162	FAM006857	FAM007973	FAM003781	FAM006821	FAM006597	FAM004282	FAM002392	FAM011470	FAM009953	FAM000035	FAM014237	FAM006320	FAM011575	FAM008718	FAM010991	FAM006019	FAM005643	FAM006627	FAM005473	FAM011635	FAM009109	FAM002059	FAM008557	FAM002464	FAM006726	FAM003441	FAM005266	FAM011087	FAM001173	FAM002082	FAM002552	FAM002915	FAM012851	FAM011658	FAM013930	FAM004867	FAM002329	FAM005749	FAM011397	FAM011627	FAM008588	FAM121931	FAM058456	FAM033525	FAM035421	FAM015463
rep798_seed2823	FAM008977	FAM004857	FAM012829	FAM001562	FAM002070	FAM013936	FAM006833	FAM011381	FAM001053	FAM013477	FAM001846	FAM000087	FAM000495	FAM014540	FAM007211	FAM001990	FAM006902	FAM002391	FAM004602	FAM012953	FAM004930	FAM011436	FAM012686	FAM004210	FAM006991	FAM003174	FAM007089	FAM002162	FAM004924	FAM002756	FAM002302	FAM005882	FAM006908	FAM002366	FAM011448	FAM002750	FAM002585	FAM003808	FAM003598	FAM004530	FAM007487	FAM009073	FAM014003	FAM001288	FAM002316	FAM009732	FAM002436	FAM000128	FAM001881	FAM000027	FAM004117	FAM003627	FAM003167	FAM009661	FAM006527	FAM000546	FAM000823	FAM004333	FAM004917	FAM008125	FAM004651	FAM004193	FAM006001	FAM009941	FAM008006	FAM009523	FAM008944	FAM009851	FAM123246	FAM061155	FAM032549	FAM030189	FAM018942
rep799_seed2824	FAM006215	FAM008680	FAM006181	FAM002019	FAM007177	FAM011926	FAM007979	FAM003431	FAM008998	FAM011181	FAM002002	FAM006655	FAM000293	FAM001221	FAM012687	FAM001595	FAM014180	FAM004198	FAM004100	FAM006378	FAM005738	FAM006460	FAM003031	FAM005288	FAM006150	FAM011246	FAM006303	FAM013866	FAM009765	FAM000186	FAM000058	FAM009389	FAM004233	FAM011671	FAM006127	FAM005181	FAM003303	FAM000426	FAM004084	FAM007893	FAM007388	FAM000772	FAM006670	FAM011119	FAM005091	FAM001311	FAM002674	FAM003684	FAM012479	FAM002173	FAM006003	FAM003429	FAM003579	FAM002045	FAM002818	FAM002949	FAM004594	FAM010958	FAM001801	FAM001169	FAM005735	FAM000820	FAM013116	FAM001521	FAM001691	FAM008117	FAM011995	FAM014430	FAM135954	FAM064902	FAM047670	FAM039397	FAM020228
rep800_seed2825	FAM004268	FAM010504	FAM010607	FAM000598	FAM008168	FAM014059	FAM013212	FAM001964	FAM009194	FAM009408	FAM006843	FAM005472	FAM014695	FAM003166	FAM002365	FAM012023	FAM009831	FAM009596	FAM014527	FAM004548	FAM001156	FAM008768	FAM000189	FAM004939	FAM005795	FAM004788	FAM001926	FAM002766	FAM003698	FAM003430	FAM010664	FAM006294	FAM011656	FAM004167	FAM007255	FAM006548	FAM001949	FAM010834	FAM000718	FAM008297	FAM004465	FAM002706	FAM002162	FAM004560	FAM003278	FAM002071	FAM007576	FAM003693	FAM011356	FAM005198	FAM000408	FAM005115	FAM001840	FAM001485	FAM005246	FAM010104	FAM000524	FAM004201	FAM009197	FAM011986	FAM005568	FAM002652	FAM004049	FAM014682	FAM008191	FAM011496	FAM013738	FAM010715	FAM109468	FAM066988	FAM041598	FAM035542	FAM017598
rep801_seed2826	FAM001172	FAM002101	FAM011745	FAM010911	FAM003724	FAM009500	FAM015015	FAM004804	FAM007580	FAM000782	FAM000054	FAM003229	FAM001831	FAM005225	FAM013023	FAM008755	FAM005711	FAM000770	FAM000390	FAM003484	FAM002395	FAM000002	FAM000818	FAM004849	FAM008181	FAM012739	FAM001662	FAM014355	FAM008102	FAM009376	FAM002607	FAM010353	FAM002068	FAM006328	FAM001115	FAM004449	FAM013986	FAM005120	FAM000686	FAM000520	FAM007034	FAM009946	FAM012902	FAM008279	FAM001268	FAM011870	FAM005665	FAM009132	FAM008333	FAM001214	FAM007027	FAM008867	FAM008146	FAM002116	FAM000536	FAM003106	FAM000364	FAM004146	FAM003742	FAM006895	FAM003760	FAM005439	FAM002677	FAM008594	FAM006640	FAM007773	FAM014170	FAM013077	FAM132622	FAM066148	FAM031914	FAM041108	FAM017714
rep802_seed2827	FAM005211	FAM012109	FAM003205	FAM003693	FAM011128	FAM007698	FAM002590	FAM013366	FAM002613	FAM005206	FAM004514	FAM010488	FAM007993	FAM002975	FAM001149	FAM000006	FAM002738	FAM001415	FAM004284	FAM008987	FAM004043	FAM002263	FAM007054	FAM003101	FAM003871	FAM000313	FAM008324	FAM003228	FAM008532	FAM003890	FAM003669	FAM000878	FAM009786	FAM005882	FAM008212	FAM006780	FAM008671	FAM001619	FAM002955	FAM013834	FAM012272	FAM011636	FAM004367	FAM012096	FAM010012	FAM001106	FAM001943	FAM010879	FAM003283	FAM004428	FAM010935	FAM002035	FAM008545	FAM005497	FAM002972	FAM006105	FAM005659	FAM000031	FAM010160	FAM001204	FAM003393	FAM001120	FAM010516	FAM012222	FAM002929	FAM009536	FAM004771	FAM014209	FAM117103	FAM059018	FAM042453	FAM034135	FAM016325
rep803_seed2828	FAM003393	FAM003704	FAM008253	FAM005080	FAM012134	FAM002252	FAM013331	FAM013212	FAM008465	FAM008439	FAM004728	FAM005258	FAM005314	FAM008937	FAM011495	FAM002474	FAM001149	FAM006623	FAM004890	FAM000126	FAM007087	FAM005459	FAM011658	FAM005904	FAM000834	FAM002180	FAM000755	FAM002143	FAM007604	FAM001209	FAM003457	FAM004844	FAM000707	FAM001337	FAM000392	FAM005516	FAM010911	FAM005436	FAM003250	FAM002418	FAM014504	FAM000527	FAM011433	FAM012735	FAM009692	FAM008514	FAM014408	FAM005779	FAM008748	FAM000861	FAM008350	FAM005491	FAM012158	FAM003578	FAM001741	FAM002836	FAM005190	FAM005389	FAM004803	FAM002283	FAM004861	FAM013041	FAM001109	FAM002584	FAM003884	FAM009295	FAM010887	FAM007639	FAM144467	FAM063925	FAM049229	FAM039154	FAM025592
rep804_seed2829	FAM000230	FAM005280	FAM007897	FAM008998	FAM004915	FAM010209	FAM005225	FAM001714	FAM006829	FAM007951	FAM006555	FAM009053	FAM002097	FAM006760	FAM005841	FAM008251	FAM001386	FAM006663	FAM013570	FAM011582	FAM002177	FAM006976	FAM004140	FAM001744	FAM002312	FAM004452	FAM004495	FAM003716	FAM006766	FAM005717	FAM008149	FAM007325	FAM002298	FAM001649	FAM001428	FAM007342	FAM004237	FAM011590	FAM001997	FAM011250	FAM004916	FAM011780	FAM004541	FAM004194	FAM007395	FAM004270	FAM008813	FAM012190	FAM000395	FAM000995	FAM004731	FAM001523	FAM004152	FAM000262	FAM009814	FAM004464	FAM000042	FAM007302	FAM000865	FAM010413	FAM005249	FAM005505	FAM003409	FAM005240	FAM001914	FAM008358	FAM009539	FAM011479	FAM132130	FAM059653	FAM030846	FAM038049	FAM020289
rep805_seed2830	FAM005248	FAM004542	FAM014483	FAM010016	FAM001813	FAM009846	FAM004390	FAM005324	FAM003925	FAM000592	FAM008802	FAM004268	FAM002830	FAM004878	FAM001171	FAM007762	FAM004276	FAM001641	FAM004821	FAM003869	FAM002455	FAM005023	FAM006168	FAM001990	FAM011143	FAM007190	FAM003671	FAM002345	FAM005844	FAM013113	FAM001158	FAM005869	FAM001440	FAM000164	FAM002510	FAM000081	FAM004770	FAM002356	FAM002718	FAM009261	FAM002580	FAM002754	FAM003920	FAM005436	FAM007139	FAM009405	FAM007183	FAM001152	FAM007028	FAM012040	FAM010157	FAM008830	FAM006182	FAM000094	FAM005486	FAM003871	FAM001041	FAM003464	FAM002689	FAM007324	FAM000160	FAM012515	FAM006691	FAM000645	FAM003329	FAM008608	FAM012057	FAM012655	FAM124583	FAM064364	FAM035635	FAM035853	FAM027300
rep806_seed2831	FAM004113	FAM007968	FAM003850	FAM009314	FAM006514	FAM004562	FAM005307	FAM009263	FAM000804	FAM011285	FAM000351	FAM003862	FAM004011	FAM006683	FAM007406	FAM003233	FAM007797	FAM011345	FAM002824	FAM003548	FAM003630	FAM005564	FAM009608	FAM000836	FAM008324	FAM003294	FAM005117	FAM006794	FAM005600	FAM001660	FAM012417	FAM001769	FAM003597	FAM003887	FAM002465	FAM013085	FAM003984	FAM009546	FAM007697	FAM007300	FAM004050	FAM012461	FAM011417	FAM013011	FAM006562	FAM003789	FAM011430	FAM001726	FAM006606	FAM001549	FAM003213	FAM004550	FAM004134	FAM007217	FAM010993	FAM007448	FAM002736	FAM002614	FAM001730	FAM011608	FAM005265	FAM003962	FAM010146	FAM012125	FAM007487	FAM004683	FAM011884	FAM008180	FAM131099	FAM062248	FAM040318	FAM030404	FAM026574
rep807_seed2832	FAM005356	FAM000842	FAM003927	FAM007008	FAM005955	FAM006262	FAM006908	FAM003572	FAM008268	FAM000838	FAM010390	FAM001547	FAM001285	FAM005464	FAM005830	FAM002138	FAM002970	FAM010802	FAM007343	FAM011494	FAM007587	FAM005008	FAM000543	FAM007571	FAM009481	FAM006311	FAM012508	FAM010408	FAM000516	FAM003038	FAM007888	FAM010198	FAM000995	FAM008913	FAM002259	FAM004093	FAM010089	FAM002246	FAM000655	FAM009527	FAM010447	FAM003245	FAM012646	FAM004841	FAM007121	FAM007482	FAM000161	FAM000068	FAM006904	FAM008342	FAM006568	FAM005970	FAM007852	FAM004635	FAM002170	FAM008974	FAM004308	FAM005741	FAM003451	FAM007177	FAM005825	FAM008500	FAM004370	FAM002192	FAM013691	FAM008228	FAM012042	FAM010992	FAM123605	FAM060377	FAM039791	FAM036712	FAM015581
rep808_seed2833	FAM008170	FAM000212	FAM007141	FAM008060	FAM002365	FAM012157	FAM004016	FAM004439	FAM012736	FAM007737	FAM001005	FAM001724	FAM002254	FAM012242	FAM002274	FAM009735	FAM003031	FAM006973	FAM008977	FAM000645	FAM002554	FAM013324	FAM001071	FAM007216	FAM004215	FAM005880	FAM000566	FAM001167	FAM001234	FAM006692	FAM005020	FAM000539	FAM002431	FAM013807	FAM004783	FAM002393	FAM010295	FAM001392	FAM005573	FAM004709	FAM002236	FAM007566	FAM011151	FAM012108	FAM001079	FAM009369	FAM003329	FAM011345	FAM010198	FAM006326	FAM001062	FAM008655	FAM002908	FAM006774	FAM000134	FAM008553	FAM014199	FAM006786	FAM002484	FAM008263	FAM005513	FAM005204	FAM002140	FAM010610	FAM011671	FAM013547	FAM005583	FAM013001	FAM122656	FAM063856	FAM036728	FAM030853	FAM022667
rep809_seed2834	FAM003247	FAM004210	FAM007297	FAM013070	FAM004710	FAM002703	FAM003197	FAM001693	FAM012962	FAM000668	FAM002490	FAM000839	FAM004224	FAM005934	FAM004167	FAM004548	FAM009560	FAM008460	FAM002840	FAM008869	FAM004628	FAM007201	FAM003354	FAM008859	FAM009480	FAM001641	FAM000317	FAM006586	FAM001020	FAM002780	FAM005396	FAM014514	FAM004392	FAM000998	FAM010611	FAM002797	FAM007809	FAM003775	FAM001284	FAM003120	FAM001804	FAM001515	FAM003625	FAM002754	FAM005487	FAM007533	FAM004516	FAM005125	FAM008445	FAM011497	FAM000557	FAM001371	FAM007733	FAM010815	FAM000536	FAM007924	FAM005973	FAM006254	FAM004320	FAM004271	FAM006976	FAM014473	FAM005198	FAM003827	FAM007395	FAM008952	FAM013132	FAM012755	FAM127774	FAM060102	FAM036988	FAM033928	FAM015463
rep810_seed2835	FAM001768	FAM003483	FAM007399	FAM000935	FAM005643	FAM009367	FAM001607	FAM013177	FAM001978	FAM004419	FAM000682	FAM004526	FAM001868	FAM003575	FAM006731	FAM003591	FAM003060	FAM000804	FAM007557	FAM007121	FAM002431	FAM009168	FAM006987	FAM005351	FAM002807	FAM013012	FAM007153	FAM002289	FAM005312	FAM014355	FAM001314	FAM004943	FAM004025	FAM000010	FAM005790	FAM000190	FAM009050	FAM000939	FAM006412	FAM012820	FAM007342	FAM006448	FAM004429	FAM006106	FAM000693	FAM002964	FAM005828	FAM013403	FAM000278	FAM008253	FAM009427	FAM008771	FAM010295	FAM007324	FAM003292	FAM008164	FAM006707	FAM001910	FAM005768	FAM001049	FAM003590	FAM005891	FAM005298	FAM005455	FAM006536	FAM014593	FAM006779	FAM005494	FAM121472	FAM068378	FAM037899	FAM031983	FAM019328
rep811_seed2836	FAM009950	FAM005412	FAM007085	FAM003954	FAM002159	FAM012012	FAM013403	FAM002043	FAM004415	FAM005525	FAM007070	FAM001776	FAM000781	FAM001610	FAM003303	FAM010758	FAM000376	FAM000846	FAM005364	FAM001486	FAM012720	FAM009661	FAM008017	FAM002982	FAM009383	FAM010076	FAM005599	FAM008420	FAM012724	FAM002192	FAM014479	FAM000408	FAM001897	FAM011664	FAM002679	FAM007879	FAM000833	FAM001479	FAM003668	FAM012485	FAM003322	FAM006089	FAM003440	FAM009015	FAM005979	FAM013497	FAM003036	FAM006391	FAM006402	FAM006022	FAM008473	FAM004009	FAM006312	FAM002898	FAM005224	FAM002386	FAM006420	FAM013847	FAM008775	FAM004852	FAM008287	FAM009243	FAM006535	FAM004640	FAM003269	FAM013763	FAM010034	FAM012053	FAM140289	FAM067708	FAM039069	FAM029877	FAM015871
rep812_seed2837	FAM008420	FAM006673	FAM008552	FAM004408	FAM011430	FAM002266	FAM007177	FAM006604	FAM008997	FAM002145	FAM003759	FAM001661	FAM002585	FAM005173	FAM011377	FAM007148	FAM012287	FAM000726	FAM009417	FAM008917	FAM006327	FAM003088	FAM006343	FAM000619	FAM009852	FAM002318	FAM003980	FAM005911	FAM008590	FAM010023	FAM000279	FAM006402	FAM003510	FAM007384	FAM004043	FAM012476	FAM007226	FAM011822	FAM005077	FAM005734	FAM008101	FAM002727	FAM003048	FAM004377	FAM009323	FAM008617	FAM000378	FAM004158	FAM003280	FAM000245	FAM002667	FAM002114	FAM011390	FAM006781	FAM005892	FAM000015	FAM000886	FAM000433	FAM000004	FAM003247	FAM003812	FAM007489	FAM001646	FAM008058	FAM012252	FAM007939	FAM012130	FAM011478	FAM140016	FAM064479	FAM039304	FAM036461	FAM024991
rep813_seed2838	FAM009035	FAM002179	FAM004420	FAM010916	FAM003900	FAM005641	FAM001711	FAM002423	FAM006886	FAM014165	FAM001820	FAM001520	FAM008561	FAM007488	FAM007253	FAM007948	FAM002463	FAM008545	FAM001779	FAM003311	FAM004140	FAM003625	FAM003601	FAM002182	FAM000825	FAM001333	FAM000847	FAM005038	FAM003509	FAM014278	FAM007712	FAM006844	FAM009178	FAM002547	FAM002930	FAM012110	FAM006703	FAM004207	FAM007594	FAM008859	FAM003067	FAM002749	FAM000285	FAM001977	FAM000628	FAM010173	FAM004675	FAM004567	FAM002498	FAM005484	FAM003185	FAM012350	FAM013311	FAM004456	FAM000638	FAM002688	FAM003780	FAM002148	FAM013072	FAM004169	FAM002146	FAM003792	FAM005293	FAM004761	FAM008049	FAM009034	FAM011733	FAM012066	FAM119766	FAM065535	FAM041393	FAM036715	FAM020826
rep814_seed2839	FAM005245	FAM012691	FAM008164	FAM005488	FAM000443	FAM005224	FAM010610	FAM006778	FAM002887	FAM005471	FAM012963	FAM010188	FAM008562	FAM005201	FAM008103	FAM004444	FAM006849	FAM014279	FAM001001	FAM004694	FAM011636	FAM003549	FAM013016	FAM004646	FAM004376	FAM014074	FAM013155	FAM008649	FAM008292	FAM002355	FAM012305	FAM006268	FAM008434	FAM003191	FAM001672	FAM001080	FAM007587	FAM002619	FAM004777	FAM007807	FAM007218	FAM002577	FAM012548	FAM003579	FAM004384	FAM006581	FAM004537	FAM004752	FAM008309	FAM001581	FAM004928	FAM003442	FAM011869	FAM001350	FAM003568	FAM009871	FAM007743	FAM003616	FAM009904	FAM006329	FAM004274	FAM001574	FAM006441	FAM006003	FAM002780	FAM008973	FAM010009	FAM013037	FAM136350	FAM065707	FAM039420	FAM038537	FAM020807
rep815_seed2840	FAM013251	FAM007025	FAM011671	FAM010664	FAM002324	FAM013214	FAM007214	FAM004976	FAM004541	FAM002174	FAM009343	FAM009769	FAM004456	FAM009529	FAM002467	FAM011779	FAM006218	FAM003416	FAM003993	FAM005637	FAM008458	FAM007516	FAM005661	FAM005141	FAM000864	FAM000281	FAM006765	FAM007641	FAM012978	FAM006157	FAM000463	FAM004714	FAM000629	FAM013519	FAM006791	FAM006702	FAM009946	FAM007900	FAM005309	FAM006241	FAM009019	FAM007717	FAM000161	FAM005753	FAM010104	FAM007240	FAM006584	FAM009667	FAM007489	FAM002408	FAM001793	FAM009708	FAM000483	FAM008532	FAM005973	FAM000965	FAM000344	FAM005048	FAM013122	FAM005554	FAM004258	FAM000755	FAM010857	FAM004757	FAM007924	FAM012832	FAM010567	FAM009725	FAM126296	FAM060730	FAM031602	FAM040577	FAM020255
rep816_seed2841	FAM002536	FAM001527	FAM003963	FAM003239	FAM001686	FAM005667	FAM009506	FAM007721	FAM004162	FAM003532	FAM003726	FAM004266	FAM006416	FAM005306	FAM003936	FAM000963	FAM006802	FAM003041	FAM006168	FAM010140	FAM004256	FAM003371	FAM001602	FAM009729	FAM010937	FAM013505	FAM005841	FAM012874	FAM007777	FAM003338	FAM005741	FAM003716	FAM003918	FAM000994	FAM005603	FAM004492	FAM002756	FAM006090	FAM000703	FAM003173	FAM007759	FAM005064	FAM002704	FAM005555	FAM002627	FAM001149	FAM009318	FAM002587	FAM000455	FAM002549	FAM007049	FAM003444	FAM008108	FAM014154	FAM004178	FAM000623	FAM002728	FAM013241	FAM007306	FAM010015	FAM005935	FAM000866	FAM004896	FAM000401	FAM005648	FAM008724	FAM008254	FAM013731	FAM132913	FAM062457	FAM042487	FAM036719	FAM028229
rep817_seed2842	FAM009940	FAM002751	FAM001232	FAM007101	FAM006038	FAM000996	FAM003049	FAM013242	FAM006154	FAM009480	FAM003783	FAM006087	FAM005097	FAM001666	FAM000573	FAM009210	FAM000501	FAM000140	FAM012147	FAM000367	FAM001992	FAM005296	FAM001662	FAM007399	FAM000361	FAM008747	FAM002928	FAM006183	FAM006051	FAM006467	FAM006595	FAM003781	FAM011561	FAM001858	FAM007761	FAM007316	FAM000475	FAM007052	FAM011367	FAM012157	FAM006967	FAM000668	FAM000765	FAM007948	FAM005509	FAM012521	FAM002889	FAM002957	FAM002628	FAM001180	FAM002417	FAM000176	FAM005503	FAM009191	FAM000774	FAM002234	FAM006687	FAM001424	FAM007691	FAM008284	FAM009585	FAM001919	FAM002256	FAM002500	FAM004572	FAM006659	FAM011999	FAM011245	FAM133120	FAM060814	FAM033458	FAM032355	FAM014917
rep818_seed2843	FAM007432	FAM006440	FAM002711	FAM000964	FAM001567	FAM002489	FAM005489	FAM004769	FAM002131	FAM001586	FAM004169	FAM003645	FAM004702	FAM012390	FAM001011	FAM001379	FAM005052	FAM003394	FAM012383	FAM001930	FAM001899	FAM001957	FAM007089	FAM002331	FAM004251	FAM007674	FAM002737	FAM002832	FAM003681	FAM008514	FAM000436	FAM010226	FAM000604	FAM001390	FAM008778	FAM001815	FAM013028	FAM005884	FAM004783	FAM000721	FAM006863	FAM007101	FAM002722	FAM006283	FAM014480	FAM004461	FAM009343	FAM002998	FAM001112	FAM002109	FAM011981	FAM007244	FAM000272	FAM011322	FAM004324	FAM005493	FAM013506	FAM005092	FAM006586	FAM002063	FAM005196	FAM004596	FAM000071	FAM008279	FAM005149	FAM009649	FAM012241	FAM006903	FAM146576	FAM067943	FAM037400	FAM037288	FAM022870
rep819_seed2844	FAM008771	FAM005361	FAM004386	FAM002426	FAM000981	FAM001437	FAM003087	FAM003327	FAM005753	FAM000704	FAM002251	FAM005398	FAM001479	FAM002215	FAM003119	FAM011483	FAM003187	FAM003532	FAM003370	FAM006114	FAM006771	FAM004672	FAM007998	FAM001976	FAM013834	FAM013155	FAM004861	FAM010438	FAM006081	FAM000058	FAM005481	FAM002531	FAM007862	FAM008329	FAM001981	FAM006858	FAM003791	FAM003393	FAM013261	FAM004402	FAM013628	FAM009203	FAM014329	FAM006563	FAM006762	FAM000272	FAM009316	FAM001963	FAM005961	FAM003120	FAM007105	FAM004233	FAM002362	FAM013490	FAM009291	FAM010637	FAM001662	FAM002919	FAM003263	FAM007563	FAM001059	FAM011586	FAM006617	FAM004169	FAM010527	FAM012457	FAM010060	FAM014620	FAM129029	FAM074125	FAM040895	FAM032922	FAM018988
rep820_seed2845	FAM011525	FAM005094	FAM008227	FAM007746	FAM005605	FAM010408	FAM008427	FAM003590	FAM007593	FAM014232	FAM004929	FAM004281	FAM007149	FAM001326	FAM009386	FAM003489	FAM001215	FAM000271	FAM005699	FAM003256	FAM007897	FAM006840	FAM002981	FAM009232	FAM003657	FAM011937	FAM005330	FAM004903	FAM000602	FAM001009	FAM004524	FAM013417	FAM004494	FAM002818	FAM008708	FAM005632	FAM010448	FAM003371	FAM005967	FAM011395	FAM004637	FAM001803	FAM009148	FAM003288	FAM013741	FAM002761	FAM002624	FAM001020	FAM007542	FAM002592	FAM003681	FAM007873	FAM003086	FAM006129	FAM005811	FAM006035	FAM000218	FAM004336	FAM007854	FAM004661	FAM002261	FAM002120	FAM002890	FAM000175	FAM002356	FAM010826	FAM006308	FAM006565	FAM134521	FAM062019	FAM034823	FAM029856	FAM018555
rep821_seed2846	FAM008707	FAM000921	FAM005878	FAM009480	FAM004228	FAM008432	FAM001340	FAM007133	FAM003790	FAM000547	FAM000334	FAM008578	FAM006116	FAM004110	FAM000778	FAM008015	FAM001020	FAM004975	FAM008040	FAM006319	FAM000443	FAM006174	FAM003609	FAM006492	FAM005535	FAM004382	FAM001410	FAM012962	FAM000599	FAM013570	FAM007854	FAM005068	FAM006128	FAM002586	FAM003172	FAM006706	FAM000836	FAM006732	FAM009610	FAM002808	FAM006361	FAM010750	FAM005745	FAM003714	FAM014132	FAM000511	FAM001072	FAM010910	FAM009493	FAM002103	FAM006636	FAM007095	FAM009881	FAM014350	FAM005387	FAM004815	FAM001626	FAM011708	FAM008696	FAM004823	FAM005426	FAM010777	FAM005165	FAM000897	FAM002091	FAM011821	FAM008486	FAM010096	FAM139890	FAM061892	FAM043605	FAM034604	FAM018729
rep822_seed2847	FAM004811	FAM007651	FAM004058	FAM010554	FAM002146	FAM005857	FAM004693	FAM002388	FAM013000	FAM002613	FAM007591	FAM006624	FAM001293	FAM007432	FAM008045	FAM002320	FAM009378	FAM007885	FAM010560	FAM005659	FAM012933	FAM006299	FAM006045	FAM006635	FAM001935	FAM009159	FAM007557	FAM007072	FAM004074	FAM004406	FAM003490	FAM009426	FAM002806	FAM009101	FAM007682	FAM004839	FAM004172	FAM002921	FAM000195	FAM000081	FAM000482	FAM007470	FAM005392	FAM010978	FAM006181	FAM004461	FAM002771	FAM007759	FAM008003	FAM000682	FAM000494	FAM002170	FAM007971	FAM005314	FAM012290	FAM005492	FAM010078	FAM010517	FAM006343	FAM004777	FAM008649	FAM002691	FAM006429	FAM013501	FAM006705	FAM008735	FAM012881	FAM010825	FAM108954	FAM063925	FAM035822	FAM042515	FAM016773
rep823_seed2848	FAM005715	FAM005695	FAM006315	FAM002151	FAM006199	FAM007367	FAM002777	FAM004590	FAM001971	FAM009955	FAM006478	FAM002312	FAM004507	FAM008528	FAM003866	FAM002064	FAM007425	FAM009952	FAM005771	FAM008375	FAM000686	FAM000861	FAM011447	FAM005300	FAM004558	FAM003882	FAM010610	FAM009236	FAM006403	FAM003685	FAM005099	FAM003213	FAM004797	FAM009213	FAM006389	FAM006481	FAM003241	FAM000913	FAM004995	FAM003891	FAM003474	FAM001915	FAM001480	FAM006871	FAM013237	FAM001871	FAM006298	FAM002170	FAM003656	FAM003810	FAM011730	FAM007032	FAM004959	FAM008827	FAM004623	FAM004731	FAM001366	FAM003754	FAM002416	FAM007087	FAM010401	FAM013844	FAM009491	FAM001837	FAM000656	FAM009658	FAM010482	FAM005579	FAM146768	FAM066988	FAM036508	FAM033328	FAM026530
rep824_seed2849	FAM004328	FAM005686	FAM009074	FAM000602	FAM002151	FAM007721	FAM000642	FAM007971	FAM013013	FAM001454	FAM003604	FAM000419	FAM008631	FAM007101	FAM006599	FAM000227	FAM005704	FAM001558	FAM009357	FAM004196	FAM004437	FAM001283	FAM003961	FAM008044	FAM000003	FAM001324	FAM002221	FAM006696	FAM010750	FAM006333	FAM007177	FAM009118	FAM002709	FAM004348	FAM001709	FAM003365	FAM002361	FAM000073	FAM014045	FAM001930	FAM009564	FAM003944	FAM013072	FAM004763	FAM000564	FAM005891	FAM003342	FAM004950	FAM004441	FAM007391	FAM003091	FAM011322	FAM008279	FAM000030	FAM007150	FAM007259	FAM003498	FAM002001	FAM000811	FAM012026	FAM000383	FAM003605	FAM000921	FAM002702	FAM003250	FAM006489	FAM009914	FAM012163	FAM114728	FAM059909	FAM030982	FAM036803	FAM015536
rep825_seed2850	FAM007953	FAM007229	FAM001800	FAM005805	FAM003597	FAM003942	FAM007527	FAM007503	FAM010524	FAM003995	FAM001370	FAM008998	FAM005138	FAM002449	FAM001384	FAM001766	FAM009970	FAM000433	FAM000506	FAM004784	FAM000052	FAM002668	FAM008686	FAM008709	FAM006680	FAM003024	FAM000926	FAM013016	FAM000822	FAM000566	FAM000231	FAM002356	FAM009004	FAM004025	FAM006015	FAM004803	FAM001721	FAM003922	FAM003789	FAM002957	FAM001116	FAM005631	FAM002211	FAM004808	FAM004989	FAM007183	FAM001303	FAM000342	FAM008107	FAM006397	FAM007195	FAM009358	FAM006349	FAM006813	FAM002823	FAM000021	FAM003787	FAM013785	FAM009555	FAM014120	FAM001698	FAM011355	FAM003755	FAM012591	FAM000067	FAM008679	FAM009453	FAM011762	FAM132622	FAM063582	FAM048061	FAM029580	FAM027658
rep826_seed2851	FAM012928	FAM002713	FAM000771	FAM007897	FAM005306	FAM006525	FAM009369	FAM000686	FAM005229	FAM004089	FAM010208	FAM004426	FAM011938	FAM007682	FAM005104	FAM001677	FAM002463	FAM000395	FAM000422	FAM001740	FAM002456	FAM001779	FAM010285	FAM000139	FAM005810	FAM002043	FAM004224	FAM005161	FAM006128	FAM006164	FAM002875	FAM002658	FAM000855	FAM007077	FAM008506	FAM000551	FAM002021	FAM000142	FAM001981	FAM005430	FAM001905	FAM006123	FAM011981	FAM004282	FAM004193	FAM003442	FAM007562	FAM005322	FAM012691	FAM004684	FAM004871	FAM001048	FAM008598	FAM012930	FAM004246	FAM007864	FAM001322	FAM000094	FAM003462	FAM006358	FAM010507	FAM000383	FAM012738	FAM001389	FAM001703	FAM011476	FAM008919	FAM008495	FAM122303	FAM058113	FAM033260	FAM033456	FAM018933
rep827_seed2852	FAM003866	FAM002600	FAM012485	FAM011673	FAM006089	FAM011664	FAM009887	FAM002273	FAM001519	FAM008388	FAM000037	FAM000294	FAM001033	FAM011406	FAM002091	FAM013423	FAM009955	FAM004890	FAM009605	FAM011973	FAM004495	FAM000824	FAM003175	FAM003693	FAM001432	FAM004805	FAM010864	FAM004832	FAM013236	FAM002563	FAM002307	FAM005837	FAM008943	FAM001597	FAM008590	FAM002297	FAM007934	FAM005270	FAM007612	FAM007217	FAM007196	FAM007829	FAM013241	FAM000301	FAM005240	FAM012508	FAM001421	FAM011968	FAM008229	FAM013807	FAM004624	FAM003919	FAM008058	FAM002687	FAM004358	FAM013985	FAM011539	FAM004984	FAM000699	FAM003264	FAM003612	FAM006473	FAM004185	FAM006534	FAM008226	FAM011176	FAM012849	FAM008787	FAM144387	FAM059653	FAM040806	FAM036669	FAM022982
rep828_seed2853	FAM000583	FAM003783	FAM004897	FAM006399	FAM001006	FAM010707	FAM008895	FAM005474	FAM001385	FAM003642	FAM004763	FAM006862	FAM007963	FAM002989	FAM007268	FAM002434	FAM006772	FAM008485	FAM005796	FAM001607	FAM000277	FAM000990	FAM002454	FAM008386	FAM008910	FAM001287	FAM006119	FAM007727	FAM002369	FAM011031	FAM004009	FAM003988	FAM012486	FAM010627	FAM002155	FAM001381	FAM006005	FAM004277	FAM009730	FAM007316	FAM006933	FAM009458	FAM004410	FAM008512	FAM010588	FAM009102	FAM000543	FAM000015	FAM004750	FAM005059	FAM007720	FAM009416	FAM006570	FAM004004	FAM001914	FAM002602	FAM005525	FAM011485	FAM005421	FAM004394	FAM004559	FAM007531	FAM001647	FAM001803	FAM004819	FAM009944	FAM010913	FAM003397	FAM147016	FAM066080	FAM035860	FAM032696	FAM025628
rep829_seed2854	FAM000539	FAM000168	FAM012158	FAM005916	FAM000829	FAM009682	FAM004232	FAM004336	FAM000349	FAM010746	FAM003497	FAM007775	FAM002323	FAM000081	FAM000941	FAM000617	FAM012877	FAM013767	FAM003735	FAM000254	FAM002327	FAM002286	FAM007496	FAM005097	FAM000302	FAM006690	FAM008460	FAM001397	FAM000938	FAM005936	FAM005656	FAM007012	FAM000543	FAM009050	FAM004439	FAM002299	FAM003856	FAM006152	FAM002023	FAM004542	FAM002484	FAM000151	FAM009416	FAM010315	FAM003169	FAM002523	FAM000094	FAM002981	FAM000819	FAM003475	FAM005293	FAM011477	FAM003805	FAM002581	FAM001490	FAM010283	FAM006002	FAM004789	FAM001694	FAM011519	FAM011482	FAM007618	FAM003608	FAM012547	FAM002521	FAM007227	FAM008851	FAM011331	FAM128795	FAM063625	FAM030118	FAM036366	FAM026768
rep830_seed2855	FAM014139	FAM002275	FAM003403	FAM010554	FAM001414	FAM010361	FAM013194	FAM004897	FAM003927	FAM007611	FAM009145	FAM000423	FAM005939	FAM000955	FAM005286	FAM005874	FAM006858	FAM006661	FAM014643	FAM009767	FAM004554	FAM007303	FAM007968	FAM000912	FAM010970	FAM008736	FAM001726	FAM005684	FAM005731	FAM002379	FAM003520	FAM000640	FAM004375	FAM009226	FAM002393	FAM000302	FAM001463	FAM005956	FAM001632	FAM000656	FAM002658	FAM000408	FAM001864	FAM013251	FAM000970	FAM007434	FAM012915	FAM003941	FAM005241	FAM010373	FAM001286	FAM007030	FAM001878	FAM004993	FAM001275	FAM001839	FAM006312	FAM007200	FAM004924	FAM000121	FAM004736	FAM001219	FAM002343	FAM001026	FAM006332	FAM008865	FAM009903	FAM013239	FAM114047	FAM064020	FAM038305	FAM032310	FAM015464
rep831_seed2856	FAM011790	FAM000458	FAM002744	FAM008536	FAM002986	FAM013613	FAM004303	FAM002117	FAM003099	FAM002390	FAM003189	FAM003831	FAM004871	FAM002644	FAM011786	FAM002116	FAM005694	FAM005057	FAM002074	FAM011250	FAM002335	FAM006506	FAM004394	FAM006529	FAM004745	FAM003678	FAM002906	FAM003479	FAM000182	FAM002561	FAM011230	FAM002779	FAM007947	FAM006927	FAM004649	FAM008277	FAM001170	FAM002821	FAM009991	FAM002946	FAM003419	FAM005308	FAM009781	FAM007506	FAM007161	FAM006159	FAM011279	FAM006601	FAM005887	FAM000864	FAM012591	FAM006795	FAM003284	FAM005102	FAM000543	FAM010232	FAM006699	FAM004696	FAM001130	FAM001136	FAM008045	FAM005503	FAM005568	FAM003495	FAM000922	FAM008688	FAM012004	FAM013541	FAM131950	FAM058666	FAM029769	FAM033582	FAM018942
rep832_seed2857	FAM000091	FAM000945	FAM002915	FAM006584	FAM002485	FAM003189	FAM005275	FAM003544	FAM006252	FAM005066	FAM001795	FAM003948	FAM008937	FAM013056	FAM001725	FAM003995	FAM003987	FAM009121	FAM013016	FAM000842	FAM003746	FAM003559	FAM001106	FAM004743	FAM000714	FAM005449	FAM001004	FAM003459	FAM005621	FAM002935	FAM005374	FAM005172	FAM004420	FAM001921	FAM010395	FAM007153	FAM003119	FAM009167	FAM000161	FAM002730	FAM008703	FAM005957	FAM007743	FAM005588	FAM000998	FAM001878	FAM000448	FAM005506	FAM004602	FAM004050	FAM004469	FAM003738	FAM001811	FAM003229	FAM000179	FAM012992	FAM006143	FAM009250	FAM012902	FAM002954	FAM002553	FAM014605	FAM006935	FAM006424	FAM003092	FAM013328	FAM008616	FAM013731	FAM140016	FAM058052	FAM045053	FAM029954	FAM015565
rep833_seed2858	FAM001190	FAM004746	FAM010828	FAM007922	FAM005000	FAM005523	FAM001833	FAM001275	FAM008854	FAM004900	FAM004780	FAM007162	FAM000300	FAM013366	FAM004266	FAM002750	FAM012259	FAM001616	FAM011842	FAM009534	FAM006245	FAM010362	FAM006229	FAM004132	FAM007283	FAM006765	FAM007427	FAM009286	FAM001783	FAM001943	FAM000824	FAM010910	FAM012612	FAM005601	FAM007245	FAM006728	FAM002178	FAM011615	FAM000112	FAM007206	FAM002056	FAM007260	FAM000126	FAM005086	FAM003166	FAM005911	FAM000263	FAM008816	FAM005027	FAM009406	FAM000479	FAM007259	FAM004087	FAM010358	FAM002033	FAM012242	FAM008708	FAM006333	FAM012319	FAM002576	FAM000477	FAM001821	FAM009035	FAM000694	FAM012110	FAM009891	FAM012999	FAM010014	FAM126386	FAM059059	FAM042182	FAM032952	FAM022580
rep834_seed2859	FAM009152	FAM002827	FAM008204	FAM007536	FAM013206	FAM007862	FAM003886	FAM005221	FAM001809	FAM000212	FAM000422	FAM010443	FAM000286	FAM001606	FAM008895	FAM009945	FAM009058	FAM005392	FAM002521	FAM000485	FAM006397	FAM004548	FAM000112	FAM008000	FAM007924	FAM005501	FAM005676	FAM000533	FAM003718	FAM007804	FAM001909	FAM008677	FAM005151	FAM013963	FAM000041	FAM009870	FAM006134	FAM008443	FAM001973	FAM005921	FAM004803	FAM008229	FAM007256	FAM009968	FAM007058	FAM006411	FAM000639	FAM012915	FAM006801	FAM004150	FAM002993	FAM005656	FAM013177	FAM004789	FAM007754	FAM002030	FAM007443	FAM000032	FAM002884	FAM005414	FAM001135	FAM006361	FAM010315	FAM000880	FAM003907	FAM006271	FAM007282	FAM014516	FAM134192	FAM058994	FAM032199	FAM035978	FAM022163
rep835_seed2860	FAM013324	FAM004642	FAM002558	FAM009640	FAM012296	FAM002890	FAM006592	FAM005171	FAM012027	FAM006384	FAM005846	FAM004263	FAM012935	FAM009144	FAM000954	FAM000744	FAM005293	FAM010187	FAM006876	FAM011396	FAM000179	FAM010521	FAM006889	FAM009723	FAM001038	FAM002385	FAM014366	FAM001226	FAM003301	FAM002752	FAM008291	FAM008620	FAM008478	FAM004261	FAM010950	FAM011628	FAM003217	FAM003871	FAM002901	FAM003736	FAM006240	FAM008576	FAM013146	FAM004245	FAM001447	FAM002641	FAM000964	FAM000257	FAM004579	FAM011652	FAM009935	FAM013529	FAM004694	FAM006757	FAM004585	FAM006135	FAM001015	FAM008185	FAM006760	FAM005637	FAM006026	FAM007256	FAM008866	FAM009661	FAM000370	FAM007930	FAM007738	FAM011694	FAM137053	FAM057795	FAM042921	FAM030149	FAM018256
rep836_seed2861	FAM011717	FAM005466	FAM008535	FAM009152	FAM013470	FAM004103	FAM002265	FAM002631	FAM005711	FAM000844	FAM008903	FAM007652	FAM001152	FAM006535	FAM000310	FAM002134	FAM007668	FAM000692	FAM005024	FAM003897	FAM004156	FAM000172	FAM012848	FAM005684	FAM010927	FAM010469	FAM001220	FAM004017	FAM012248	FAM001114	FAM004270	FAM001830	FAM001469	FAM009561	FAM002680	FAM006251	FAM012157	FAM002947	FAM012242	FAM001518	FAM010016	FAM000948	FAM001982	FAM005356	FAM010721	FAM003696	FAM012594	FAM000801	FAM008073	FAM002452	FAM013671	FAM004399	FAM008595	FAM000952	FAM009741	FAM008755	FAM003828	FAM005955	FAM007503	FAM009638	FAM013767	FAM004060	FAM003991	FAM003200	FAM013398	FAM007731	FAM010130	FAM009657	FAM138500	FAM063814	FAM035175	FAM041643	FAM015904
rep837_seed2862	FAM003171	FAM001333	FAM008129	FAM014656	FAM003986	FAM002294	FAM006558	FAM004474	FAM004690	FAM002340	FAM009544	FAM004706	FAM006825	FAM013261	FAM002639	FAM008417	FAM007562	FAM010646	FAM009312	FAM007160	FAM009446	FAM004744	FAM000323	FAM010833	FAM005266	FAM003610	FAM009060	FAM008401	FAM009940	FAM009092	FAM000129	FAM002401	FAM007488	FAM013152	FAM000397	FAM006600	FAM002676	FAM002051	FAM009263	FAM013637	FAM004210	FAM004310	FAM004799	FAM004060	FAM000362	FAM003932	FAM007988	FAM003232	FAM003542	FAM004873	FAM013383	FAM001193	FAM001939	FAM013021	FAM007226	FAM000087	FAM006657	FAM012880	FAM008748	FAM002439	FAM000139	FAM013368	FAM002109	FAM003770	FAM001668	FAM007599	FAM008086	FAM011022	FAM140016	FAM059398	FAM042735	FAM038483	FAM022868
rep838_seed2863	FAM004516	FAM009010	FAM001506	FAM005870	FAM007543	FAM002343	FAM006725	FAM004885	FAM007074	FAM004354	FAM001464	FAM002918	FAM010993	FAM000900	FAM009049	FAM002627	FAM002514	FAM011293	FAM001762	FAM007342	FAM000878	FAM001038	FAM000917	FAM007428	FAM008061	FAM004620	FAM005016	FAM003024	FAM008619	FAM005268	FAM008160	FAM011899	FAM011123	FAM001897	FAM005084	FAM004963	FAM005571	FAM013012	FAM001456	FAM002243	FAM001117	FAM001331	FAM000903	FAM010714	FAM010334	FAM001694	FAM014063	FAM009181	FAM004405	FAM002238	FAM005161	FAM010124	FAM010395	FAM000155	FAM004996	FAM010300	FAM005916	FAM012108	FAM009152	FAM012453	FAM001178	FAM001807	FAM002120	FAM009583	FAM012383	FAM010624	FAM010346	FAM005980	FAM123416	FAM058007	FAM037443	FAM040126	FAM019068
rep839_seed2864	FAM005046	FAM000358	FAM009765	FAM004602	FAM002762	FAM009409	FAM000808	FAM003733	FAM001125	FAM001729	FAM004289	FAM007729	FAM000127	FAM010196	FAM000422	FAM005391	FAM000531	FAM012501	FAM006138	FAM001233	FAM002032	FAM002136	FAM000037	FAM004224	FAM007151	FAM005599	FAM009083	FAM001332	FAM007779	FAM013117	FAM001574	FAM002003	FAM008994	FAM002673	FAM000504	FAM005941	FAM000788	FAM000409	FAM004974	FAM004588	FAM000948	FAM007475	FAM011390	FAM007814	FAM002850	FAM002940	FAM006709	FAM013698	FAM007048	FAM002270	FAM005363	FAM005608	FAM005396	FAM003864	FAM003470	FAM000849	FAM004262	FAM003126	FAM004484	FAM000893	FAM000542	FAM003294	FAM004479	FAM000134	FAM003672	FAM007538	FAM011588	FAM012247	FAM128764	FAM060915	FAM041274	FAM038977	FAM018357
rep840_seed2865	FAM001639	FAM006181	FAM003890	FAM003548	FAM005673	FAM004783	FAM009080	FAM011551	FAM013469	FAM005777	FAM013121	FAM000571	FAM000309	FAM003100	FAM004245	FAM002109	FAM012377	FAM014364	FAM003331	FAM006126	FAM004093	FAM000774	FAM005532	FAM003436	FAM004168	FAM004551	FAM012290	FAM011254	FAM005570	FAM002317	FAM013789	FAM001591	FAM008990	FAM009369	FAM002768	FAM005388	FAM000166	FAM003044	FAM004786	FAM003084	FAM005030	FAM007746	FAM005856	FAM005105	FAM003167	FAM007925	FAM001776	FAM006741	FAM002330	FAM003025	FAM000529	FAM008561	FAM009262	FAM008718	FAM007101	FAM006414	FAM004092	FAM013016	FAM005454	FAM001824	FAM001399	FAM001501	FAM007301	FAM007739	FAM010291	FAM012062	FAM014263	FAM012432	FAM122950	FAM075070	FAM034422	FAM034763	FAM019735
rep841_seed2866	FAM005244	FAM007470	FAM004491	FAM001787	FAM000465	FAM002241	FAM000318	FAM000740	FAM006154	FAM001925	FAM004972	FAM001881	FAM003301	FAM013154	FAM011043	FAM005979	FAM000878	FAM008603	FAM003518	FAM004124	FAM007893	FAM005289	FAM001366	FAM002567	FAM011791	FAM005285	FAM004973	FAM001380	FAM007694	FAM010079	FAM001077	FAM004788	FAM009537	FAM003682	FAM001913	FAM009243	FAM004785	FAM001339	FAM002859	FAM004298	FAM005397	FAM004926	FAM009264	FAM008564	FAM011059	FAM003285	FAM011779	FAM004231	FAM000783	FAM006252	FAM001993	FAM001862	FAM009555	FAM002836	FAM000026	FAM001296	FAM002457	FAM003264	FAM000416	FAM007424	FAM000198	FAM009769	FAM003484	FAM005948	FAM001289	FAM010979	FAM011958	FAM006289	FAM124272	FAM064350	FAM043164	FAM037242	FAM024854
rep842_seed2867	FAM003482	FAM000368	FAM003818	FAM002993	FAM001430	FAM003842	FAM001311	FAM009383	FAM005962	FAM002385	FAM010514	FAM011294	FAM000608	FAM001277	FAM013261	FAM009560	FAM013464	FAM013678	FAM001751	FAM004623	FAM001351	FAM000793	FAM001339	FAM005717	FAM000604	FAM006031	FAM006298	FAM008384	FAM007733	FAM003283	FAM012933	FAM002058	FAM003837	FAM005452	FAM003883	FAM006859	FAM000970	FAM001294	FAM006910	FAM000316	FAM005682	FAM001090	FAM000051	FAM007260	FAM008033	FAM000939	FAM002191	FAM000161	FAM006400	FAM000212	FAM000966	FAM003948	FAM000735	FAM003840	FAM007544	FAM013698	FAM007373	FAM005855	FAM006519	FAM000327	FAM000991	FAM009057	FAM008274	FAM008106	FAM005357	FAM012716	FAM011163	FAM012734	FAM139762	FAM062457	FAM046486	FAM039416	FAM015808
rep843_seed2868	FAM010185	FAM003268	FAM007352	FAM008498	FAM010962	FAM013237	FAM000708	FAM005693	FAM004361	FAM012151	FAM005864	FAM002391	FAM011085	FAM002738	FAM005287	FAM000376	FAM007199	FAM009379	FAM006643	FAM000497	FAM004593	FAM004273	FAM013074	FAM013123	FAM005761	FAM002559	FAM002592	FAM002617	FAM003881	FAM002029	FAM000592	FAM002040	FAM007875	FAM007133	FAM002809	FAM005434	FAM009637	FAM003434	FAM005080	FAM009739	FAM005036	FAM004047	FAM002004	FAM000102	FAM007303	FAM000353	FAM004050	FAM001303	FAM005776	FAM009831	FAM007233	FAM004705	FAM002994	FAM003173	FAM009056	FAM000955	FAM009378	FAM001171	FAM010210	FAM010197	FAM005677	FAM010745	FAM013391	FAM006411	FAM006667	FAM005626	FAM009912	FAM011055	FAM134380	FAM060698	FAM037707	FAM039295	FAM026151
rep844_seed2869	FAM002005	FAM003275	FAM003149	FAM001122	FAM002561	FAM007941	FAM002330	FAM002094	FAM004495	FAM005730	FAM002947	FAM002761	FAM004445	FAM011147	FAM003190	FAM005478	FAM003299	FAM007218	FAM004633	FAM003680	FAM007746	FAM001299	FAM007214	FAM011307	FAM007655	FAM002050	FAM000761	FAM006299	FAM007577	FAM000356	FAM013716	FAM007030	FAM008270	FAM008085	FAM003109	FAM002040	FAM005083	FAM012281	FAM009207	FAM007028	FAM001565	FAM001557	FAM007001	FAM001969	FAM001464	FAM008937	FAM007744	FAM002945	FAM002023	FAM004159	FAM012225	FAM000354	FAM006358	FAM010317	FAM005717	FAM003307	FAM004880	FAM007036	FAM005481	FAM008525	FAM000222	FAM014173	FAM007485	FAM000167	FAM005837	FAM009214	FAM007414	FAM012967	FAM144744	FAM064333	FAM042627	FAM039453	FAM018589
rep845_seed2870	FAM009577	FAM006715	FAM009010	FAM000398	FAM001029	FAM002387	FAM000678	FAM005224	FAM001156	FAM010823	FAM003169	FAM003909	FAM001019	FAM013210	FAM001412	FAM000055	FAM011539	FAM009406	FAM005228	FAM001086	FAM000886	FAM006071	FAM007730	FAM001823	FAM013936	FAM003692	FAM007547	FAM002098	FAM001025	FAM004963	FAM007474	FAM001790	FAM002754	FAM004219	FAM007740	FAM010611	FAM005144	FAM002294	FAM008311	FAM008942	FAM012027	FAM012271	FAM007712	FAM005176	FAM005311	FAM008240	FAM001859	FAM007302	FAM012331	FAM003681	FAM003964	FAM010290	FAM005514	FAM009287	FAM007267	FAM006427	FAM001392	FAM008498	FAM000545	FAM009203	FAM011786	FAM003827	FAM009723	FAM000117	FAM003066	FAM011167	FAM006110	FAM007800	FAM108670	FAM065707	FAM032522	FAM037773	FAM029000
rep846_seed2871	FAM000316	FAM001143	FAM001129	FAM002661	FAM004981	FAM007785	FAM000590	FAM003396	FAM007092	FAM003020	FAM000422	FAM001731	FAM005033	FAM001972	FAM001631	FAM001090	FAM001046	FAM008552	FAM013073	FAM010735	FAM001498	FAM002842	FAM001775	FAM001925	FAM009904	FAM003195	FAM004712	FAM002918	FAM003476	FAM003110	FAM012190	FAM007003	FAM011347	FAM002672	FAM005458	FAM007923	FAM001244	FAM000308	FAM006866	FAM007581	FAM004910	FAM005658	FAM000494	FAM007580	FAM004929	FAM002528	FAM007557	FAM003653	FAM008440	FAM009642	FAM011976	FAM000785	FAM003286	FAM007706	FAM000874	FAM003403	FAM008024	FAM006583	FAM002967	FAM003715	FAM000570	FAM009159	FAM001785	FAM001535	FAM011537	FAM011334	FAM013790	FAM011210	FAM139762	FAM067633	FAM039924	FAM043319	FAM016249
rep847_seed2872	FAM009315	FAM002777	FAM012287	FAM000324	FAM006106	FAM003352	FAM001210	FAM001097	FAM008412	FAM001166	FAM003644	FAM009797	FAM003174	FAM000400	FAM005700	FAM009233	FAM006048	FAM000938	FAM006287	FAM001756	FAM005632	FAM008141	FAM012763	FAM003804	FAM008914	FAM011964	FAM011668	FAM000064	FAM003436	FAM002851	FAM000685	FAM001662	FAM009767	FAM004312	FAM007514	FAM004254	FAM001876	FAM003695	FAM013317	FAM012236	FAM009457	FAM002760	FAM002385	FAM009078	FAM004718	FAM005501	FAM001411	FAM009616	FAM004241	FAM005833	FAM004495	FAM008303	FAM004894	FAM002432	FAM004746	FAM011420	FAM013403	FAM009443	FAM008559	FAM006145	FAM005487	FAM005081	FAM002049	FAM012962	FAM006259	FAM005633	FAM013841	FAM008381	FAM130968	FAM058447	FAM032082	FAM038295	FAM023196
rep848_seed2873	FAM004596	FAM003226	FAM003969	FAM007046	FAM009699	FAM008687	FAM007893	FAM000709	FAM001429	FAM002033	FAM002709	FAM005243	FAM003847	FAM005320	FAM000618	FAM009964	FAM003862	FAM009441	FAM010207	FAM000151	FAM012344	FAM011357	FAM002190	FAM010809	FAM002578	FAM007726	FAM010716	FAM000346	FAM001330	FAM003932	FAM002462	FAM004810	FAM014154	FAM005211	FAM005751	FAM000383	FAM000890	FAM001701	FAM009765	FAM000956	FAM000777	FAM011257	FAM008322	FAM000591	FAM004817	FAM000869	FAM010635	FAM001137	FAM008539	FAM001736	FAM006362	FAM004963	FAM008142	FAM003030	FAM004975	FAM005039	FAM004104	FAM003640	FAM007722	FAM005247	FAM006770	FAM003618	FAM003129	FAM002624	FAM005230	FAM008924	FAM008459	FAM013091	FAM112990	FAM068189	FAM035690	FAM037550	FAM022012
rep849_seed2874	FAM003832	FAM006709	FAM004084	FAM005158	FAM001143	FAM006927	FAM000775	FAM002505	FAM000258	FAM013785	FAM001354	FAM001393	FAM004274	FAM005099	FAM001754	FAM002518	FAM002066	FAM000977	FAM006277	FAM012151	FAM000743	FAM005768	FAM004902	FAM005735	FAM003967	FAM007739	FAM001715	FAM003432	FAM000171	FAM002081	FAM000814	FAM005049	FAM003640	FAM011307	FAM000477	FAM004635	FAM003067	FAM011713	FAM002571	FAM010289	FAM002609	FAM002356	FAM006302	FAM003052	FAM001058	FAM009044	FAM001262	FAM005902	FAM005301	FAM003708	FAM005773	FAM000813	FAM009651	FAM007834	FAM011257	FAM009416	FAM002679	FAM007302	FAM005778	FAM010910	FAM010584	FAM006268	FAM001348	FAM004652	FAM002003	FAM011099	FAM009292	FAM007040	FAM145253	FAM058885	FAM049229	FAM033397	FAM021625
rep850_seed2875	FAM005602	FAM002422	FAM012962	FAM001725	FAM004659	FAM010480	FAM000940	FAM001208	FAM003562	FAM000148	FAM002776	FAM010993	FAM007146	FAM000854	FAM008974	FAM009094	FAM003163	FAM004794	FAM003059	FAM008080	FAM008802	FAM008153	FAM000368	FAM013234	FAM005184	FAM007671	FAM007803	FAM005866	FAM000599	FAM003195	FAM000689	FAM001537	FAM012721	FAM005557	FAM001172	FAM001102	FAM002642	FAM005313	FAM002556	FAM007965	FAM013721	FAM008149	FAM012953	FAM012026	FAM004738	FAM011087	FAM003777	FAM005926	FAM001927	FAM004034	FAM006359	FAM004577	FAM007872	FAM010579	FAM014575	FAM013500	FAM001351	FAM000099	FAM010033	FAM001638	FAM004635	FAM000033	FAM012203	FAM014253	FAM002017	FAM009850	FAM010069	FAM012111	FAM140016	FAM066876	FAM043072	FAM034115	FAM017153
rep851_seed2876	FAM003211	FAM012290	FAM006888	FAM004640	FAM003737	FAM001651	FAM000862	FAM006970	FAM003247	FAM000050	FAM003002	FAM010207	FAM000168	FAM004794	FAM003722	FAM003470	FAM000399	FAM002006	FAM000366	FAM000818	FAM011248	FAM005944	FAM003208	FAM006387	FAM006184	FAM002588	FAM000412	FAM002522	FAM008185	FAM011864	FAM012761	FAM009881	FAM003766	FAM003034	FAM005091	FAM001719	FAM003865	FAM011828	FAM009080	FAM001212	FAM005833	FAM011652	FAM003676	FAM000389	FAM000712	FAM005517	FAM009343	FAM002680	FAM011869	FAM005472	FAM002044	FAM006834	FAM001443	FAM000885	FAM001806	FAM011786	FAM005564	FAM000678	FAM012012	FAM005575	FAM000222	FAM000125	FAM009846	FAM014306	FAM003892	FAM008663	FAM011094	FAM006799	FAM144447	FAM063750	FAM030852	FAM031668	FAM018154
rep852_seed2877	FAM003328	FAM003598	FAM004485	FAM003043	FAM009942	FAM009185	FAM009776	FAM010230	FAM007061	FAM002270	FAM003500	FAM012287	FAM004238	FAM010728	FAM006705	FAM005904	FAM000336	FAM002321	FAM008092	FAM009066	FAM006979	FAM002205	FAM002831	FAM003281	FAM008126	FAM008529	FAM011524	FAM000768	FAM005163	FAM007752	FAM002597	FAM004299	FAM004236	FAM003921	FAM008618	FAM001517	FAM012472	FAM004568	FAM002934	FAM002883	FAM010367	FAM000212	FAM011822	FAM006633	FAM000933	FAM011119	FAM008492	FAM005747	FAM006380	FAM004262	FAM003111	FAM004836	FAM008650	FAM000556	FAM000780	FAM007982	FAM010815	FAM005236	FAM007343	FAM001610	FAM001682	FAM004019	FAM002320	FAM000354	FAM007537	FAM013328	FAM007912	FAM014077	FAM114705	FAM059653	FAM038181	FAM043192	FAM027335
rep853_seed2878	FAM005426	FAM006781	FAM004871	FAM000592	FAM001596	FAM003651	FAM003583	FAM004001	FAM012868	FAM005953	FAM010723	FAM002330	FAM007564	FAM011828	FAM010390	FAM005477	FAM007951	FAM010205	FAM007100	FAM008222	FAM002433	FAM004822	FAM002893	FAM004465	FAM003366	FAM011105	FAM003833	FAM010903	FAM007180	FAM004998	FAM003430	FAM002854	FAM001851	FAM009357	FAM006640	FAM004100	FAM004400	FAM003175	FAM005814	FAM012147	FAM002329	FAM014385	FAM004164	FAM000033	FAM002767	FAM005343	FAM001264	FAM005830	FAM006571	FAM000383	FAM009027	FAM004501	FAM004110	FAM003777	FAM005369	FAM006595	FAM005066	FAM004756	FAM001182	FAM001305	FAM008748	FAM001805	FAM004318	FAM004713	FAM001297	FAM012923	FAM008606	FAM014672	FAM113262	FAM060102	FAM044476	FAM041226	FAM023967
rep854_seed2879	FAM003968	FAM002731	FAM004201	FAM003897	FAM009877	FAM001226	FAM002090	FAM002799	FAM002524	FAM006665	FAM004115	FAM006490	FAM004244	FAM003104	FAM008570	FAM001608	FAM000129	FAM000261	FAM008804	FAM004095	FAM004947	FAM005751	FAM000858	FAM012329	FAM008957	FAM004386	FAM002238	FAM010451	FAM004853	FAM005870	FAM011801	FAM009871	FAM005814	FAM006026	FAM006007	FAM008226	FAM004860	FAM004828	FAM006104	FAM004048	FAM004036	FAM009615	FAM001648	FAM003625	FAM001981	FAM005231	FAM003155	FAM012224	FAM005265	FAM003543	FAM004026	FAM001729	FAM006456	FAM001834	FAM000263	FAM011486	FAM000794	FAM008080	FAM000367	FAM000685	FAM005260	FAM004219	FAM002245	FAM001577	FAM001653	FAM010854	FAM010410	FAM012719	FAM137788	FAM065280	FAM036789	FAM042146	FAM018980
rep855_seed2880	FAM014066	FAM004407	FAM010200	FAM003560	FAM011664	FAM004357	FAM005531	FAM000601	FAM003213	FAM010910	FAM004270	FAM004236	FAM003441	FAM000838	FAM009796	FAM003068	FAM001283	FAM005069	FAM004764	FAM001482	FAM008830	FAM011207	FAM011089	FAM007289	FAM008321	FAM003818	FAM009887	FAM010663	FAM012383	FAM006896	FAM004349	FAM006003	FAM006016	FAM007470	FAM009113	FAM000827	FAM006504	FAM007656	FAM001144	FAM010502	FAM002830	FAM007264	FAM006693	FAM001650	FAM008632	FAM011420	FAM004443	FAM000291	FAM006188	FAM011771	FAM002431	FAM001940	FAM005220	FAM002602	FAM005706	FAM010230	FAM005768	FAM002723	FAM001761	FAM001891	FAM005276	FAM001652	FAM000545	FAM004573	FAM008333	FAM014477	FAM010126	FAM011385	FAM112585	FAM058447	FAM034584	FAM029278	FAM020792
rep856_seed2881	FAM007017	FAM004574	FAM005775	FAM011477	FAM013892	FAM003749	FAM006914	FAM006389	FAM008794	FAM000244	FAM002750	FAM004632	FAM007031	FAM012344	FAM000757	FAM007975	FAM001852	FAM000595	FAM004156	FAM010198	FAM003027	FAM007804	FAM002815	FAM003456	FAM001037	FAM007792	FAM009661	FAM005818	FAM009935	FAM001387	FAM004913	FAM004697	FAM007440	FAM003692	FAM003519	FAM000743	FAM010202	FAM001433	FAM010157	FAM005302	FAM009013	FAM009100	FAM001177	FAM011767	FAM001085	FAM008733	FAM003144	FAM005233	FAM004629	FAM009512	FAM001474	FAM007999	FAM003332	FAM006964	FAM005585	FAM002531	FAM014674	FAM008137	FAM008005	FAM002794	FAM005045	FAM009564	FAM006884	FAM009950	FAM008399	FAM005583	FAM008210	FAM006408	FAM114429	FAM068433	FAM032475	FAM042246	FAM026078
rep857_seed2882	FAM006908	FAM003838	FAM010701	FAM003384	FAM007271	FAM005387	FAM002307	FAM001886	FAM014471	FAM004189	FAM000722	FAM003219	FAM005032	FAM000268	FAM009781	FAM007511	FAM000890	FAM000315	FAM006549	FAM001107	FAM000555	FAM003526	FAM005381	FAM002288	FAM004828	FAM006416	FAM009191	FAM006310	FAM009235	FAM000435	FAM001117	FAM001801	FAM008576	FAM008763	FAM002720	FAM004246	FAM013056	FAM006744	FAM006346	FAM002883	FAM007134	FAM004750	FAM008000	FAM005248	FAM014187	FAM005484	FAM002022	FAM005971	FAM000567	FAM000342	FAM005080	FAM004032	FAM002011	FAM001902	FAM009667	FAM002656	FAM011833	FAM001244	FAM008805	FAM001877	FAM003468	FAM014070	FAM009549	FAM012715	FAM004619	FAM005327	FAM009924	FAM009380	FAM144165	FAM062629	FAM035052	FAM029366	FAM023358
rep858_seed2883	FAM003905	FAM002752	FAM003592	FAM008284	FAM003197	FAM000301	FAM002281	FAM000584	FAM005652	FAM000166	FAM005530	FAM004041	FAM000923	FAM005322	FAM005716	FAM013208	FAM002971	FAM002975	FAM014228	FAM001151	FAM007297	FAM011656	FAM004793	FAM001897	FAM002878	FAM003418	FAM010225	FAM008142	FAM010360	FAM011322	FAM005665	FAM005008	FAM005350	FAM000818	FAM005851	FAM010140	FAM003368	FAM009276	FAM001296	FAM004674	FAM010903	FAM013072	FAM007001	FAM005018	FAM007188	FAM004508	FAM007384	FAM006606	FAM000276	FAM005299	FAM001160	FAM000808	FAM009290	FAM000478	FAM002880	FAM000517	FAM007953	FAM003157	FAM000720	FAM004340	FAM009918	FAM002935	FAM004056	FAM008766	FAM000700	FAM014661	FAM006193	FAM008145	FAM135784	FAM059371	FAM042487	FAM035617	FAM018607
rep859_seed2884	FAM007246	FAM003472	FAM007052	FAM001607	FAM006552	FAM001342	FAM003607	FAM007965	FAM013425	FAM000118	FAM004021	FAM001938	FAM010961	FAM005624	FAM013871	FAM001619	FAM002260	FAM004472	FAM010524	FAM003407	FAM009217	FAM004012	FAM001374	FAM009138	FAM006658	FAM013835	FAM001276	FAM004613	FAM006163	FAM006264	FAM002373	FAM000123	FAM008060	FAM001204	FAM009946	FAM006835	FAM007549	FAM007429	FAM002306	FAM000212	FAM005675	FAM010554	FAM013099	FAM005599	FAM007318	FAM009769	FAM004237	FAM000779	FAM001966	FAM009388	FAM002899	FAM003308	FAM004988	FAM000824	FAM005170	FAM005471	FAM013050	FAM011119	FAM010664	FAM003304	FAM006321	FAM004138	FAM009445	FAM005974	FAM001502	FAM007778	FAM009425	FAM011125	FAM119075	FAM062135	FAM040856	FAM037088	FAM026781
rep860_seed2885	FAM001902	FAM001780	FAM000278	FAM004073	FAM009966	FAM000360	FAM008004	FAM010919	FAM004976	FAM002260	FAM009119	FAM003565	FAM008448	FAM000656	FAM009271	FAM002893	FAM004399	FAM004594	FAM012637	FAM005443	FAM005121	FAM002475	FAM000530	FAM004193	FAM007061	FAM011369	FAM012736	FAM003276	FAM001642	FAM012164	FAM001381	FAM006005	FAM014412	FAM008250	FAM003916	FAM013121	FAM000253	FAM006728	FAM003734	FAM007252	FAM002071	FAM000445	FAM009934	FAM004846	FAM001528	FAM003653	FAM004208	FAM009239	FAM003450	FAM001119	FAM004022	FAM007962	FAM007503	FAM012472	FAM005390	FAM004979	FAM001716	FAM004642	FAM004866	FAM006214	FAM003982	FAM005534	FAM007244	FAM004834	FAM002771	FAM009944	FAM014669	FAM013168	FAM114589	FAM064565	FAM038181	FAM033948	FAM015265
rep861_seed2886	FAM011402	FAM005256	FAM004182	FAM009522	FAM007267	FAM002083	FAM003206	FAM006327	FAM004477	FAM003547	FAM009109	FAM005267	FAM004081	FAM005535	FAM000264	FAM000059	FAM006663	FAM001716	FAM005800	FAM002215	FAM003496	FAM000418	FAM002861	FAM002509	FAM000862	FAM001714	FAM004566	FAM006091	FAM005649	FAM002255	FAM004059	FAM000857	FAM005467	FAM005154	FAM000045	FAM008308	FAM003152	FAM006441	FAM008133	FAM002363	FAM002237	FAM006984	FAM006469	FAM000091	FAM002556	FAM000064	FAM004455	FAM013951	FAM003077	FAM003367	FAM008826	FAM008183	FAM007545	FAM008400	FAM002688	FAM006853	FAM014413	FAM004986	FAM002799	FAM000936	FAM004976	FAM001365	FAM006868	FAM001158	FAM000932	FAM012684	FAM007821	FAM013260	FAM110635	FAM062298	FAM043125	FAM041276	FAM026800
rep862_seed2887	FAM006960	FAM009159	FAM002840	FAM002240	FAM000003	FAM011730	FAM001842	FAM012865	FAM002752	FAM011339	FAM011002	FAM000644	FAM000596	FAM012464	FAM011238	FAM002769	FAM009489	FAM010012	FAM002931	FAM003678	FAM005280	FAM002340	FAM007263	FAM001883	FAM003941	FAM004204	FAM013712	FAM008823	FAM005114	FAM004150	FAM003903	FAM001055	FAM007064	FAM006263	FAM003475	FAM007528	FAM003310	FAM009033	FAM004052	FAM012138	FAM010551	FAM003900	FAM011159	FAM004180	FAM005451	FAM000789	FAM004011	FAM001573	FAM002276	FAM002500	FAM002458	FAM008088	FAM004567	FAM005870	FAM000843	FAM006525	FAM001327	FAM000981	FAM001889	FAM006910	FAM003506	FAM004480	FAM006914	FAM000525	FAM004930	FAM008054	FAM011150	FAM008091	FAM132430	FAM063925	FAM037406	FAM032915	FAM028950
rep863_seed2888	FAM011409	FAM012284	FAM001495	FAM005926	FAM006598	FAM011551	FAM000599	FAM003150	FAM012738	FAM010731	FAM002220	FAM001663	FAM001278	FAM005190	FAM001925	FAM006993	FAM001682	FAM010879	FAM008720	FAM003493	FAM012622	FAM008859	FAM008695	FAM009120	FAM000135	FAM005680	FAM013065	FAM004725	FAM004369	FAM001559	FAM000246	FAM006025	FAM002777	FAM003448	FAM005575	FAM011412	FAM004761	FAM002993	FAM011621	FAM004594	FAM011230	FAM000554	FAM001568	FAM005405	FAM003368	FAM001409	FAM005029	FAM002655	FAM003603	FAM006707	FAM006363	FAM003442	FAM002091	FAM001736	FAM001398	FAM004294	FAM000180	FAM002296	FAM001776	FAM008557	FAM005601	FAM010522	FAM010267	FAM001976	FAM009203	FAM009285	FAM008341	FAM012788	FAM128794	FAM068264	FAM030873	FAM039787	FAM024516
rep864_seed2889	FAM011247	FAM012735	FAM006203	FAM007885	FAM011937	FAM008274	FAM007712	FAM006419	FAM006377	FAM011425	FAM009570	FAM005990	FAM002152	FAM010353	FAM006355	FAM005776	FAM003091	FAM001887	FAM003568	FAM000987	FAM007873	FAM008128	FAM009324	FAM008615	FAM007761	FAM009271	FAM001116	FAM006423	FAM006750	FAM002209	FAM010619	FAM006329	FAM005585	FAM012158	FAM005397	FAM003567	FAM002546	FAM000576	FAM005993	FAM000046	FAM011502	FAM009162	FAM005148	FAM001163	FAM014151	FAM003506	FAM000957	FAM005178	FAM003358	FAM001096	FAM006298	FAM002929	FAM001069	FAM004804	FAM006276	FAM009263	FAM010296	FAM003849	FAM000430	FAM005120	FAM001583	FAM012292	FAM000619	FAM002419	FAM013518	FAM006719	FAM012042	FAM009494	FAM145778	FAM067943	FAM030486	FAM030506	FAM016473
rep865_seed2890	FAM003521	FAM003371	FAM008288	FAM010585	FAM005340	FAM004182	FAM009749	FAM005221	FAM000987	FAM001268	FAM001498	FAM008589	FAM002370	FAM003421	FAM003193	FAM006094	FAM002159	FAM001993	FAM006672	FAM005966	FAM007888	FAM003408	FAM005560	FAM003724	FAM000429	FAM007868	FAM003563	FAM008330	FAM001225	FAM005628	FAM007388	FAM009168	FAM009796	FAM010413	FAM000721	FAM002602	FAM000445	FAM010697	FAM000563	FAM003135	FAM014121	FAM008870	FAM004312	FAM006833	FAM004286	FAM003583	FAM004545	FAM004008	FAM005266	FAM004655	FAM002817	FAM006364	FAM010737	FAM001666	FAM002097	FAM005854	FAM006403	FAM000553	FAM001033	FAM011852	FAM001783	FAM011402	FAM000919	FAM010474	FAM004353	FAM008962	FAM011595	FAM007174	FAM114883	FAM060496	FAM041142	FAM036234	FAM025904
rep866_seed2891	FAM004923	FAM014268	FAM002711	FAM005165	FAM004092	FAM003665	FAM000469	FAM002428	FAM006563	FAM003158	FAM000633	FAM010405	FAM003109	FAM012272	FAM005231	FAM007998	FAM002284	FAM005820	FAM002207	FAM004856	FAM002473	FAM001858	FAM004173	FAM001771	FAM003759	FAM010558	FAM008690	FAM005051	FAM000360	FAM011515	FAM012720	FAM010219	FAM006795	FAM004484	FAM002749	FAM000511	FAM011730	FAM004232	FAM000716	FAM002221	FAM003825	FAM005308	FAM010728	FAM002817	FAM005114	FAM003083	FAM004523	FAM001486	FAM001951	FAM000242	FAM001816	FAM009055	FAM003317	FAM011635	FAM009175	FAM001529	FAM002572	FAM002472	FAM004159	FAM002565	FAM005032	FAM001085	FAM013314	FAM004892	FAM009212	FAM007928	FAM010591	FAM007856	FAM140016	FAM062569	FAM034069	FAM029417	FAM028056
rep867_seed2892	FAM002459	FAM013500	FAM009984	FAM004663	FAM005380	FAM004478	FAM005155	FAM006985	FAM002918	FAM003003	FAM000864	FAM001196	FAM007212	FAM008525	FAM000914	FAM000895	FAM002815	FAM001378	FAM000363	FAM000337	FAM013522	FAM007575	FAM001135	FAM012489	FAM006334	FAM011155	FAM011236	FAM003807	FAM001663	FAM004050	FAM008156	FAM002578	FAM000798	FAM001491	FAM006912	FAM008505	FAM011159	FAM000482	FAM005752	FAM011473	FAM000338	FAM004770	FAM002666	FAM001510	FAM000023	FAM005842	FAM011048	FAM001803	FAM010459	FAM011495	FAM005435	FAM009057	FAM000025	FAM001005	FAM003562	FAM004791	FAM000862	FAM002612	FAM001752	FAM000886	FAM005133	FAM001422	FAM010507	FAM000464	FAM000056	FAM013587	FAM010227	FAM011512	FAM125620	FAM062598	FAM047126	FAM029691	FAM027921
rep868_seed2893	FAM004898	FAM007008	FAM004968	FAM009887	FAM006664	FAM004567	FAM004038	FAM002249	FAM002556	FAM004651	FAM005230	FAM003729	FAM008764	FAM004868	FAM001547	FAM000294	FAM003576	FAM010332	FAM006688	FAM001607	FAM008302	FAM013136	FAM001455	FAM004963	FAM003703	FAM006521	FAM005491	FAM001445	FAM007267	FAM013965	FAM012149	FAM010231	FAM007062	FAM007504	FAM003651	FAM000666	FAM001719	FAM003855	FAM003994	FAM006028	FAM003708	FAM004163	FAM000650	FAM014268	FAM014059	FAM007416	FAM008986	FAM009876	FAM002995	FAM006459	FAM000138	FAM001658	FAM008619	FAM002240	FAM012565	FAM002678	FAM002726	FAM008119	FAM001919	FAM003228	FAM007024	FAM009261	FAM001361	FAM000295	FAM003758	FAM014304	FAM010178	FAM012051	FAM126275	FAM065864	FAM029368	FAM032483	FAM024303
rep869_seed2894	FAM003594	FAM001276	FAM006195	FAM002899	FAM003296	FAM002168	FAM003635	FAM007141	FAM003040	FAM000411	FAM007586	FAM012350	FAM001937	FAM000856	FAM006587	FAM009753	FAM001324	FAM006946	FAM006817	FAM006407	FAM002471	FAM007214	FAM012486	FAM010716	FAM009550	FAM001686	FAM006074	FAM003546	FAM003018	FAM009018	FAM000806	FAM000521	FAM004104	FAM005801	FAM004851	FAM009467	FAM009980	FAM001156	FAM002658	FAM003096	FAM008956	FAM011329	FAM000826	FAM001059	FAM003521	FAM011123	FAM008293	FAM000449	FAM004172	FAM008559	FAM000914	FAM011107	FAM000623	FAM004930	FAM003936	FAM000916	FAM005235	FAM004828	FAM002327	FAM001573	FAM014066	FAM008977	FAM008305	FAM000380	FAM000803	FAM010854	FAM006292	FAM005835	FAM135053	FAM060164	FAM031935	FAM041344	FAM022868
rep870_seed2895	FAM006664	FAM004589	FAM003076	FAM005135	FAM003919	FAM010280	FAM012305	FAM007240	FAM006505	FAM002854	FAM009922	FAM005937	FAM008857	FAM002281	FAM002131	FAM001910	FAM001505	FAM002362	FAM006657	FAM002997	FAM002021	FAM000937	FAM010990	FAM009765	FAM004880	FAM003004	FAM013021	FAM008738	FAM011656	FAM013397	FAM008879	FAM006668	FAM003258	FAM012222	FAM000929	FAM006523	FAM014253	FAM000446	FAM011541	FAM008395	FAM004246	FAM007440	FAM005175	FAM002361	FAM013245	FAM003579	FAM006586	FAM009737	FAM004695	FAM009480	FAM005749	FAM004986	FAM000030	FAM000674	FAM003214	FAM004366	FAM003023	FAM004171	FAM000038	FAM008812	FAM010840	FAM009091	FAM005988	FAM011247	FAM004059	FAM008273	FAM005269	FAM009432	FAM127774	FAM058496	FAM031325	FAM035711	FAM020058
rep871_seed2896	FAM005808	FAM006965	FAM011106	FAM001516	FAM004563	FAM013506	FAM002463	FAM000258	FAM000939	FAM006698	FAM002253	FAM013752	FAM009989	FAM006117	FAM001967	FAM010348	FAM006537	FAM000867	FAM003783	FAM006033	FAM004364	FAM005227	FAM013530	FAM002996	FAM000420	FAM001728	FAM006613	FAM005365	FAM005370	FAM008025	FAM012865	FAM001048	FAM004982	FAM002064	FAM002649	FAM000613	FAM004536	FAM001819	FAM005651	FAM005157	FAM008570	FAM000097	FAM006856	FAM002048	FAM003057	FAM002867	FAM003322	FAM006521	FAM003518	FAM008535	FAM003473	FAM005042	FAM002927	FAM000206	FAM003695	FAM000639	FAM010499	FAM005482	FAM004990	FAM007839	FAM003454	FAM004600	FAM001287	FAM003985	FAM003572	FAM008806	FAM011795	FAM012596	FAM129527	FAM060134	FAM044375	FAM040825	FAM016663
rep872_seed2897	FAM004521	FAM000876	FAM001617	FAM007066	FAM004932	FAM013780	FAM003248	FAM000758	FAM010712	FAM005564	FAM003830	FAM008395	FAM001604	FAM001965	FAM001395	FAM010970	FAM000514	FAM005557	FAM009018	FAM010089	FAM009378	FAM007413	FAM013331	FAM012138	FAM011598	FAM011981	FAM010804	FAM002538	FAM002448	FAM005398	FAM005644	FAM002746	FAM000759	FAM006475	FAM005737	FAM014605	FAM003310	FAM006775	FAM004997	FAM003517	FAM002789	FAM005312	FAM005692	FAM005504	FAM001833	FAM006314	FAM006637	FAM001808	FAM003441	FAM004430	FAM011005	FAM004609	FAM010543	FAM009484	FAM010657	FAM008250	FAM000802	FAM003967	FAM004149	FAM001835	FAM014175	FAM005021	FAM000029	FAM004773	FAM006647	FAM008587	FAM008952	FAM005932	FAM143765	FAM059099	FAM034287	FAM035831	FAM014979
rep873_seed2898	FAM001813	FAM002979	FAM002042	FAM004530	FAM004099	FAM005211	FAM001907	FAM008826	FAM001761	FAM004760	FAM010611	FAM010354	FAM001688	FAM001483	FAM001226	FAM007705	FAM000004	FAM000310	FAM002306	FAM005708	FAM001204	FAM003277	FAM001299	FAM007051	FAM006895	FAM007437	FAM004808	FAM003640	FAM005599	FAM006472	FAM000623	FAM003746	FAM004079	FAM003854	FAM007043	FAM009479	FAM002677	FAM010036	FAM000423	FAM000076	FAM006570	FAM009583	FAM000455	FAM008318	FAM002405	FAM006675	FAM002253	FAM014671	FAM012828	FAM013024	FAM007453	FAM001289	FAM009470	FAM001762	FAM003321	FAM005956	FAM002093	FAM000676	FAM000137	FAM000378	FAM002184	FAM002508	FAM008942	FAM006892	FAM001538	FAM009012	FAM007914	FAM013288	FAM144689	FAM058071	FAM034090	FAM043288	FAM015990
rep874_seed2899	FAM011247	FAM004978	FAM003988	FAM005385	FAM002198	FAM001103	FAM001368	FAM006592	FAM006172	FAM011417	FAM004974	FAM003995	FAM010226	FAM002436	FAM009479	FAM008617	FAM005350	FAM006444	FAM012098	FAM003074	FAM002731	FAM001805	FAM000820	FAM010202	FAM006707	FAM010241	FAM010217	FAM006161	FAM007397	FAM000241	FAM010339	FAM004976	FAM009948	FAM004231	FAM000516	FAM011986	FAM008723	FAM005609	FAM003410	FAM006358	FAM001890	FAM005492	FAM001971	FAM005854	FAM005055	FAM005857	FAM000495	FAM006328	FAM012622	FAM003302	FAM000180	FAM000188	FAM001444	FAM002975	FAM004102	FAM003099	FAM009023	FAM002761	FAM003456	FAM001748	FAM004391	FAM012363	FAM006122	FAM009381	FAM003635	FAM010867	FAM012241	FAM010337	FAM118397	FAM061132	FAM034127	FAM037026	FAM017381
rep875_seed2900	FAM008778	FAM006752	FAM000387	FAM009883	FAM007273	FAM001735	FAM008870	FAM001373	FAM010704	FAM005591	FAM000136	FAM000377	FAM003784	FAM002797	FAM012012	FAM009243	FAM004249	FAM000264	FAM011448	FAM004411	FAM005902	FAM005340	FAM006055	FAM004655	FAM010343	FAM008268	FAM003722	FAM002434	FAM013716	FAM000075	FAM005717	FAM004487	FAM002472	FAM000114	FAM004442	FAM009792	FAM008810	FAM006380	FAM011226	FAM002198	FAM001291	FAM006811	FAM003692	FAM004824	FAM012756	FAM008044	FAM005970	FAM008432	FAM005286	FAM001698	FAM011836	FAM002954	FAM011628	FAM000908	FAM012198	FAM010835	FAM000726	FAM001087	FAM004700	FAM003870	FAM000588	FAM001312	FAM007489	FAM000879	FAM000917	FAM012745	FAM013661	FAM012551	FAM119075	FAM064483	FAM033041	FAM035617	FAM018933
rep876_seed2901	FAM003443	FAM001885	FAM007894	FAM013294	FAM005492	FAM002707	FAM003164	FAM000619	FAM005673	FAM005455	FAM006634	FAM004797	FAM007195	FAM005696	FAM010375	FAM007682	FAM000592	FAM003757	FAM008128	FAM005694	FAM011381	FAM013324	FAM005899	FAM005111	FAM001415	FAM005121	FAM001720	FAM003445	FAM000583	FAM005777	FAM003203	FAM003146	FAM008457	FAM005034	FAM006298	FAM009758	FAM006889	FAM004807	FAM008687	FAM014151	FAM004536	FAM006655	FAM005935	FAM011277	FAM004117	FAM008914	FAM003853	FAM000176	FAM004460	FAM003045	FAM003407	FAM005486	FAM011417	FAM001630	FAM010111	FAM000725	FAM010412	FAM003063	FAM004262	FAM002478	FAM001573	FAM003241	FAM001445	FAM006672	FAM013936	FAM009136	FAM010971	FAM012598	FAM142661	FAM058306	FAM045731	FAM029278	FAM019291
rep877_seed2902	FAM012522	FAM008060	FAM001120	FAM014480	FAM008374	FAM005507	FAM009023	FAM005095	FAM011498	FAM003797	FAM006407	FAM002244	FAM002825	FAM009388	FAM005299	FAM002631	FAM009200	FAM007817	FAM003479	FAM005999	FAM007652	FAM003833	FAM002558	FAM012571	FAM002520	FAM004300	FAM002533	FAM002678	FAM007311	FAM009090	FAM008040	FAM011924	FAM006773	FAM005433	FAM000216	FAM001154	FAM014473	FAM005436	FAM007017	FAM005918	FAM001976	FAM007793	FAM003672	FAM006002	FAM001357	FAM006088	FAM011065	FAM000348	FAM008437	FAM003467	FAM007889	FAM008133	FAM009286	FAM005993	FAM005247	FAM005489	FAM000283	FAM002146	FAM000407	FAM003572	FAM002609	FAM006321	FAM001436	FAM008434	FAM003986	FAM007035	FAM010871	FAM011231	FAM123022	FAM057860	FAM039045	FAM035986	FAM016721
rep878_seed2903	FAM002341	FAM001152	FAM000705	FAM000534	FAM006182	FAM008198	FAM002562	FAM007076	FAM004801	FAM004189	FAM008829	FAM003312	FAM008480	FAM008229	FAM002991	FAM007943	FAM005230	FAM004166	FAM001974	FAM007249	FAM001831	FAM001388	FAM000162	FAM004216	FAM006606	FAM002093	FAM001261	FAM000686	FAM003594	FAM004253	FAM003977	FAM008875	FAM004024	FAM000931	FAM004980	FAM005380	FAM006322	FAM013469	FAM003170	FAM004812	FAM000455	FAM006414	FAM009078	FAM000669	FAM009723	FAM001925	FAM002987	FAM003457	FAM010569	FAM006320	FAM002091	FAM000355	FAM011924	FAM010412	FAM003434	FAM003678	FAM010504	FAM014342	FAM005489	FAM004299	FAM003618	FAM006935	FAM012367	FAM002357	FAM002918	FAM008382	FAM010768	FAM004223	FAM111201	FAM066217	FAM034671	FAM043472	FAM028478
rep879_seed2904	FAM008085	FAM000954	FAM000045	FAM003940	FAM010098	FAM011077	FAM004818	FAM000034	FAM012285	FAM001035	FAM009865	FAM002660	FAM000096	FAM006002	FAM012220	FAM001108	FAM002933	FAM012608	FAM007011	FAM009480	FAM010149	FAM002874	FAM007085	FAM001456	FAM005680	FAM007775	FAM005098	FAM000443	FAM006254	FAM003193	FAM005618	FAM005826	FAM000250	FAM001809	FAM002857	FAM008434	FAM002956	FAM001767	FAM004153	FAM005205	FAM009859	FAM004737	FAM001235	FAM007304	FAM006401	FAM009739	FAM007626	FAM002056	FAM004250	FAM004879	FAM007310	FAM013634	FAM005741	FAM002917	FAM010405	FAM008738	FAM012501	FAM002046	FAM005085	FAM001359	FAM003544	FAM001651	FAM004694	FAM001155	FAM012493	FAM010871	FAM011663	FAM012468	FAM146683	FAM063421	FAM037491	FAM033108	FAM023576
rep880_seed2905	FAM005292	FAM003456	FAM001064	FAM005001	FAM007968	FAM001395	FAM010520	FAM011064	FAM002687	FAM000471	FAM001488	FAM003670	FAM003215	FAM007655	FAM003211	FAM010438	FAM002680	FAM007037	FAM006302	FAM003777	FAM001535	FAM008321	FAM001371	FAM005022	FAM013061	FAM010543	FAM002271	FAM005526	FAM010514	FAM001610	FAM005651	FAM003166	FAM001949	FAM006995	FAM010693	FAM013613	FAM013951	FAM005865	FAM010188	FAM005935	FAM009151	FAM012753	FAM003760	FAM006604	FAM005019	FAM001384	FAM006784	FAM001100	FAM006630	FAM005525	FAM001598	FAM006928	FAM005537	FAM008285	FAM002254	FAM005176	FAM005064	FAM009211	FAM001974	FAM008399	FAM003703	FAM003929	FAM000940	FAM013671	FAM000997	FAM014383	FAM009972	FAM014322	FAM110803	FAM059426	FAM035639	FAM038685	FAM016766
rep881_seed2906	FAM001130	FAM009935	FAM003798	FAM002333	FAM004996	FAM011087	FAM004372	FAM009688	FAM000673	FAM000526	FAM001746	FAM006438	FAM004429	FAM011833	FAM007734	FAM004420	FAM002593	FAM003304	FAM002255	FAM004057	FAM002452	FAM002969	FAM008689	FAM001895	FAM006635	FAM003547	FAM010297	FAM000948	FAM007572	FAM006611	FAM013035	FAM006214	FAM008515	FAM000689	FAM005019	FAM005820	FAM011333	FAM006014	FAM013518	FAM004450	FAM009875	FAM001995	FAM014230	FAM000750	FAM007328	FAM008107	FAM004949	FAM007270	FAM004379	FAM005535	FAM011840	FAM000014	FAM004701	FAM005093	FAM007858	FAM006306	FAM005592	FAM008060	FAM011563	FAM001138	FAM008908	FAM006574	FAM009185	FAM004870	FAM006069	FAM014303	FAM009643	FAM009146	FAM120877	FAM080466	FAM037340	FAM032845	FAM019547
rep882_seed2907	FAM004261	FAM005585	FAM002399	FAM008379	FAM003119	FAM000553	FAM005305	FAM002520	FAM003687	FAM009905	FAM005978	FAM001787	FAM003485	FAM006008	FAM007488	FAM005073	FAM004461	FAM000259	FAM009998	FAM005274	FAM005856	FAM001638	FAM002160	FAM002644	FAM002105	FAM008736	FAM007788	FAM007999	FAM013072	FAM008304	FAM004533	FAM006634	FAM006303	FAM006598	FAM004443	FAM004273	FAM008772	FAM012867	FAM009194	FAM009402	FAM010079	FAM000841	FAM009579	FAM006637	FAM002372	FAM003512	FAM001679	FAM009196	FAM007247	FAM008687	FAM000968	FAM008073	FAM005630	FAM002368	FAM008325	FAM005644	FAM005473	FAM004366	FAM010585	FAM001851	FAM005032	FAM000947	FAM000252	FAM006668	FAM001800	FAM009227	FAM007323	FAM009335	FAM109067	FAM062644	FAM043366	FAM041080	FAM027658
rep883_seed2908	FAM004954	FAM011092	FAM005903	FAM000785	FAM005141	FAM011048	FAM008701	FAM003670	FAM001839	FAM010302	FAM003297	FAM002760	FAM003182	FAM005738	FAM001562	FAM001276	FAM002170	FAM000334	FAM001407	FAM005790	FAM005693	FAM008051	FAM002775	FAM003886	FAM000100	FAM001009	FAM001543	FAM007153	FAM008364	FAM004521	FAM006151	FAM007929	FAM001568	FAM006813	FAM007351	FAM002867	FAM009795	FAM008427	FAM014237	FAM005940	FAM000783	FAM010917	FAM008056	FAM009414	FAM005575	FAM002074	FAM009952	FAM012624	FAM007824	FAM001898	FAM003788	FAM002969	FAM010297	FAM000903	FAM013024	FAM009317	FAM006461	FAM000981	FAM010342	FAM001877	FAM006763	FAM011529	FAM011329	FAM010398	FAM004179	FAM009438	FAM012768	FAM013380	FAM109568	FAM060377	FAM031603	FAM035389	FAM017085
rep884_seed2909	FAM004127	FAM000380	FAM006039	FAM005489	FAM008598	FAM013519	FAM001223	FAM013534	FAM011836	FAM001015	FAM012690	FAM000152	FAM006205	FAM006099	FAM003329	FAM006188	FAM013637	FAM012738	FAM006410	FAM002819	FAM001274	FAM002305	FAM002240	FAM011437	FAM003543	FAM000894	FAM007911	FAM007982	FAM001997	FAM003152	FAM000320	FAM003120	FAM004622	FAM000201	FAM013992	FAM000905	FAM004259	FAM003116	FAM002253	FAM006443	FAM001800	FAM005031	FAM009615	FAM007842	FAM004057	FAM004744	FAM003422	FAM009956	FAM005424	FAM005053	FAM002291	FAM010204	FAM004870	FAM000199	FAM002838	FAM000876	FAM006886	FAM003507	FAM002431	FAM007547	FAM004888	FAM003876	FAM000714	FAM013245	FAM012498	FAM008256	FAM009653	FAM013310	FAM119886	FAM060431	FAM034651	FAM037693	FAM027218
rep885_seed2910	FAM011563	FAM001792	FAM005529	FAM004830	FAM004075	FAM005696	FAM001107	FAM001429	FAM003685	FAM000433	FAM000994	FAM003524	FAM010256	FAM014554	FAM006902	FAM001819	FAM004291	FAM003489	FAM003306	FAM000342	FAM003394	FAM003607	FAM012305	FAM007710	FAM007448	FAM003888	FAM003765	FAM004513	FAM005721	FAM006817	FAM007157	FAM010551	FAM006245	FAM012326	FAM003020	FAM009479	FAM002174	FAM007024	FAM008859	FAM009809	FAM004531	FAM006154	FAM007668	FAM006129	FAM001892	FAM006330	FAM005910	FAM005525	FAM003779	FAM005414	FAM011367	FAM009688	FAM000050	FAM011288	FAM000098	FAM012100	FAM000238	FAM001293	FAM009911	FAM012720	FAM006745	FAM004365	FAM001820	FAM012924	FAM013317	FAM007022	FAM009482	FAM011258	FAM145286	FAM057962	FAM042582	FAM029613	FAM023184
rep886_seed2911	FAM010477	FAM001292	FAM009955	FAM002659	FAM004874	FAM011767	FAM009078	FAM012222	FAM009044	FAM001233	FAM002565	FAM006151	FAM008813	FAM002906	FAM000606	FAM006145	FAM007654	FAM000352	FAM009580	FAM006019	FAM014654	FAM011589	FAM000095	FAM000852	FAM006860	FAM001637	FAM005444	FAM001195	FAM002448	FAM004566	FAM013668	FAM003156	FAM004780	FAM010180	FAM006570	FAM001897	FAM009207	FAM010441	FAM010445	FAM009578	FAM001745	FAM014045	FAM002052	FAM003646	FAM001228	FAM009062	FAM006967	FAM007148	FAM001300	FAM010646	FAM000724	FAM002480	FAM012829	FAM000650	FAM006146	FAM004920	FAM014656	FAM001425	FAM007055	FAM007355	FAM010033	FAM003290	FAM000089	FAM007527	FAM007285	FAM014080	FAM009973	FAM011815	FAM116336	FAM059941	FAM040897	FAM041191	FAM015021
rep887_seed2912	FAM005983	FAM010524	FAM011333	FAM002138	FAM003935	FAM009528	FAM010160	FAM009217	FAM007741	FAM010756	FAM001793	FAM002074	FAM004725	FAM003176	FAM003520	FAM001051	FAM013044	FAM002442	FAM002976	FAM004730	FAM002699	FAM006358	FAM009175	FAM008517	FAM003491	FAM004909	FAM001754	FAM005649	FAM014266	FAM002614	FAM009143	FAM005449	FAM007843	FAM002978	FAM003627	FAM002001	FAM006286	FAM014518	FAM011840	FAM003104	FAM007092	FAM007562	FAM007330	FAM007342	FAM014012	FAM006396	FAM008261	FAM000533	FAM003894	FAM007929	FAM014329	FAM013894	FAM000443	FAM005927	FAM006542	FAM010267	FAM007121	FAM001327	FAM000699	FAM002691	FAM008493	FAM003084	FAM000412	FAM010073	FAM004608	FAM009278	FAM013602	FAM011442	FAM116406	FAM062170	FAM042796	FAM034325	FAM015237
rep888_seed2913	FAM001775	FAM001266	FAM006682	FAM013628	FAM001046	FAM005411	FAM006448	FAM010251	FAM002781	FAM009564	FAM010801	FAM003839	FAM000010	FAM013099	FAM005155	FAM005818	FAM002574	FAM001250	FAM011518	FAM013078	FAM002471	FAM002611	FAM006686	FAM001129	FAM004291	FAM001879	FAM004306	FAM007458	FAM013634	FAM009125	FAM006732	FAM010104	FAM002987	FAM006466	FAM000979	FAM005235	FAM008025	FAM003673	FAM006378	FAM009172	FAM000161	FAM010121	FAM000432	FAM013715	FAM008528	FAM004587	FAM004253	FAM001049	FAM007991	FAM004219	FAM001353	FAM004631	FAM007005	FAM004416	FAM005107	FAM001241	FAM002232	FAM000972	FAM009913	FAM002830	FAM005771	FAM008840	FAM000249	FAM004514	FAM012464	FAM011820	FAM013652	FAM010679	FAM146752	FAM060944	FAM037666	FAM043201	FAM015326
rep889_seed2914	FAM004549	FAM003664	FAM001641	FAM001234	FAM001147	FAM001455	FAM012377	FAM001355	FAM008243	FAM004649	FAM006964	FAM014266	FAM014605	FAM000882	FAM001967	FAM007517	FAM011656	FAM008464	FAM009424	FAM004372	FAM004056	FAM000153	FAM012771	FAM001895	FAM000745	FAM001982	FAM004782	FAM004913	FAM003265	FAM011687	FAM005392	FAM003803	FAM003648	FAM001427	FAM003807	FAM005825	FAM000876	FAM002358	FAM000411	FAM001090	FAM000694	FAM011105	FAM004471	FAM006433	FAM002008	FAM014232	FAM001593	FAM001461	FAM005201	FAM005171	FAM006673	FAM005637	FAM005704	FAM003516	FAM006966	FAM001232	FAM001314	FAM008211	FAM001271	FAM013300	FAM000288	FAM004289	FAM008802	FAM004779	FAM009138	FAM008151	FAM005384	FAM003667	FAM129876	FAM062090	FAM032482	FAM029605	FAM015801
rep890_seed2915	FAM012707	FAM000142	FAM002307	FAM009112	FAM001873	FAM001909	FAM002183	FAM002207	FAM006820	FAM002763	FAM009053	FAM006389	FAM009378	FAM003113	FAM002963	FAM002473	FAM002539	FAM002665	FAM004483	FAM006194	FAM010422	FAM001376	FAM004874	FAM010003	FAM007699	FAM005727	FAM010353	FAM005418	FAM001421	FAM006764	FAM001677	FAM011961	FAM000254	FAM000239	FAM007203	FAM003118	FAM004304	FAM005714	FAM007465	FAM002900	FAM013212	FAM003403	FAM001647	FAM004875	FAM011515	FAM004429	FAM004030	FAM003056	FAM009289	FAM004113	FAM009025	FAM003806	FAM000773	FAM001306	FAM013085	FAM001980	FAM001425	FAM013023	FAM004327	FAM001828	FAM000957	FAM005200	FAM014959	FAM004470	FAM003914	FAM009495	FAM012844	FAM013622	FAM111468	FAM064904	FAM039534	FAM036255	FAM027777
rep891_seed2916	FAM013070	FAM002399	FAM003158	FAM002825	FAM009472	FAM000542	FAM003136	FAM001683	FAM002212	FAM013237	FAM000950	FAM011065	FAM005303	FAM006054	FAM009871	FAM007073	FAM000931	FAM010367	FAM001278	FAM002606	FAM003202	FAM009490	FAM000366	FAM000107	FAM001371	FAM002340	FAM012761	FAM003982	FAM006062	FAM007911	FAM000137	FAM010588	FAM003818	FAM007295	FAM004920	FAM007426	FAM005147	FAM004216	FAM010573	FAM005990	FAM011670	FAM005865	FAM006035	FAM013658	FAM004449	FAM000879	FAM001368	FAM005387	FAM004370	FAM002556	FAM001569	FAM003798	FAM009287	FAM008933	FAM006605	FAM010461	FAM002235	FAM006743	FAM009200	FAM001080	FAM009264	FAM013469	FAM011827	FAM012863	FAM008864	FAM011702	FAM009220	FAM011385	FAM141505	FAM075070	FAM039339	FAM041311	FAM018218
rep892_seed2917	FAM001967	FAM005446	FAM003582	FAM007953	FAM000815	FAM002816	FAM002530	FAM007840	FAM009980	FAM004518	FAM012147	FAM001871	FAM012008	FAM002762	FAM011288	FAM009094	FAM000902	FAM005451	FAM003198	FAM005764	FAM003480	FAM004294	FAM010446	FAM006816	FAM000533	FAM003929	FAM010950	FAM013550	FAM000478	FAM007511	FAM000341	FAM011578	FAM012133	FAM001165	FAM007310	FAM001607	FAM005661	FAM001645	FAM001289	FAM010962	FAM010693	FAM007611	FAM002402	FAM011563	FAM006804	FAM013732	FAM002147	FAM014278	FAM001070	FAM005245	FAM005471	FAM011433	FAM009664	FAM010138	FAM011333	FAM003980	FAM007047	FAM003161	FAM001388	FAM010806	FAM000243	FAM004651	FAM002757	FAM007446	FAM003832	FAM009523	FAM010065	FAM013708	FAM108819	FAM065622	FAM031488	FAM040331	FAM015200
rep893_seed2918	FAM008499	FAM005448	FAM003270	FAM011535	FAM000536	FAM004211	FAM009831	FAM003941	FAM002822	FAM014690	FAM002140	FAM009423	FAM000738	FAM001305	FAM003482	FAM004056	FAM013368	FAM004585	FAM001441	FAM002186	FAM004336	FAM008757	FAM007871	FAM008024	FAM010376	FAM006371	FAM012225	FAM005864	FAM003034	FAM004649	FAM003227	FAM003128	FAM000292	FAM005686	FAM004658	FAM000957	FAM004708	FAM006763	FAM003613	FAM003896	FAM005731	FAM006431	FAM004831	FAM005925	FAM000358	FAM001362	FAM002851	FAM002383	FAM003685	FAM010595	FAM006672	FAM009694	FAM005949	FAM003714	FAM000984	FAM005147	FAM003516	FAM011784	FAM009344	FAM000445	FAM003352	FAM000583	FAM003821	FAM004291	FAM010137	FAM011132	FAM004798	FAM009794	FAM118335	FAM073438	FAM042392	FAM030484	FAM018589
rep894_seed2919	FAM012477	FAM002724	FAM005342	FAM002935	FAM003314	FAM001653	FAM003637	FAM007306	FAM011225	FAM008804	FAM005542	FAM005684	FAM009640	FAM002234	FAM005878	FAM005458	FAM006300	FAM004390	FAM004211	FAM008022	FAM004625	FAM005098	FAM005345	FAM001887	FAM004134	FAM006370	FAM007782	FAM010812	FAM012224	FAM010289	FAM005679	FAM005739	FAM013391	FAM000956	FAM005037	FAM000801	FAM001978	FAM003613	FAM010415	FAM006881	FAM001084	FAM006493	FAM003978	FAM003188	FAM000281	FAM006984	FAM010079	FAM001206	FAM003166	FAM002265	FAM007450	FAM000526	FAM002045	FAM004866	FAM000957	FAM008937	FAM005330	FAM004332	FAM005665	FAM003157	FAM001874	FAM002669	FAM003518	FAM011407	FAM000798	FAM006449	FAM009668	FAM013083	FAM141794	FAM063983	FAM037852	FAM034135	FAM020735
rep895_seed2920	FAM001616	FAM008615	FAM009637	FAM002683	FAM006867	FAM007335	FAM002403	FAM001543	FAM005116	FAM004998	FAM006835	FAM008291	FAM003519	FAM006121	FAM009769	FAM003738	FAM014686	FAM010636	FAM004639	FAM005485	FAM004063	FAM001799	FAM000741	FAM013236	FAM005439	FAM010284	FAM002068	FAM001932	FAM007775	FAM006757	FAM001651	FAM013300	FAM001779	FAM006368	FAM005656	FAM000559	FAM001945	FAM000945	FAM004128	FAM005525	FAM003150	FAM000131	FAM012166	FAM003402	FAM001813	FAM002103	FAM013519	FAM007018	FAM007564	FAM001319	FAM007180	FAM009206	FAM005171	FAM005166	FAM002248	FAM002842	FAM005200	FAM011592	FAM007297	FAM001731	FAM006895	FAM001335	FAM005666	FAM001467	FAM006416	FAM009604	FAM007997	FAM008675	FAM133959	FAM060036	FAM039997	FAM040300	FAM026575
rep896_seed2921	FAM004900	FAM011961	FAM003682	FAM001695	FAM003815	FAM011021	FAM000438	FAM003545	FAM002011	FAM001627	FAM005358	FAM008360	FAM009277	FAM006897	FAM003353	FAM014533	FAM011675	FAM005088	FAM001169	FAM006273	FAM008829	FAM001740	FAM000798	FAM000182	FAM006093	FAM004162	FAM001999	FAM000053	FAM000774	FAM005265	FAM003066	FAM008003	FAM013349	FAM005398	FAM009805	FAM000633	FAM000805	FAM012052	FAM001527	FAM006302	FAM004926	FAM002784	FAM008283	FAM000401	FAM004446	FAM000126	FAM011344	FAM001722	FAM000069	FAM010524	FAM006136	FAM000508	FAM002905	FAM005447	FAM005912	FAM001349	FAM004465	FAM002577	FAM007843	FAM000788	FAM001714	FAM002506	FAM004010	FAM007373	FAM005061	FAM007254	FAM014178	FAM010094	FAM109734	FAM062557	FAM041393	FAM039446	FAM025162
rep897_seed2922	FAM001560	FAM010617	FAM004657	FAM002211	FAM006297	FAM008866	FAM000564	FAM000629	FAM005432	FAM004177	FAM005276	FAM002639	FAM006466	FAM008830	FAM004168	FAM009534	FAM002770	FAM009950	FAM002452	FAM000775	FAM010366	FAM004324	FAM007340	FAM000923	FAM001106	FAM014690	FAM007343	FAM005350	FAM000270	FAM005200	FAM005548	FAM006151	FAM003826	FAM001764	FAM001042	FAM008443	FAM004797	FAM002371	FAM014439	FAM011042	FAM006032	FAM004612	FAM004038	FAM000289	FAM001231	FAM007118	FAM001452	FAM014059	FAM005298	FAM001137	FAM007534	FAM009822	FAM001552	FAM000684	FAM001513	FAM011280	FAM003327	FAM007328	FAM005812	FAM006991	FAM006363	FAM002506	FAM006309	FAM005117	FAM008447	FAM008095	FAM005620	FAM008428	FAM114263	FAM067397	FAM035925	FAM042424	FAM020604
rep898_seed2923	FAM000502	FAM003943	FAM008821	FAM006536	FAM008033	FAM000875	FAM002815	FAM002054	FAM006396	FAM014104	FAM002105	FAM003899	FAM010878	FAM005750	FAM007903	FAM005709	FAM009169	FAM010224	FAM007807	FAM005039	FAM005394	FAM002623	FAM004762	FAM008119	FAM010461	FAM003670	FAM002855	FAM010626	FAM005466	FAM001206	FAM003285	FAM009031	FAM012845	FAM011964	FAM002973	FAM005588	FAM008601	FAM013276	FAM003175	FAM001044	FAM002220	FAM009605	FAM000489	FAM006043	FAM001754	FAM004146	FAM003620	FAM007955	FAM007952	FAM001508	FAM011107	FAM013611	FAM001835	FAM001733	FAM000240	FAM000658	FAM004658	FAM009956	FAM001014	FAM010514	FAM012778	FAM007950	FAM001767	FAM006010	FAM001105	FAM012394	FAM007942	FAM006484	FAM136056	FAM067816	FAM034993	FAM042150	FAM021080
rep899_seed2924	FAM011444	FAM013613	FAM004727	FAM006250	FAM004429	FAM012937	FAM004024	FAM013767	FAM006648	FAM000399	FAM002913	FAM002149	FAM003815	FAM003219	FAM002048	FAM007133	FAM004460	FAM000777	FAM004928	FAM008165	FAM004045	FAM003507	FAM002218	FAM014266	FAM012770	FAM003222	FAM008440	FAM002957	FAM003627	FAM009560	FAM000129	FAM005320	FAM010579	FAM000964	FAM000259	FAM007032	FAM004464	FAM005477	FAM009470	FAM001530	FAM004378	FAM012135	FAM001188	FAM000597	FAM000048	FAM003071	FAM000458	FAM006687	FAM004667	FAM008031	FAM013054	FAM002487	FAM000120	FAM012104	FAM007392	FAM001945	FAM003885	FAM009708	FAM000562	FAM008283	FAM007632	FAM012109	FAM006792	FAM008764	FAM012699	FAM010671	FAM010509	FAM012039	FAM141505	FAM064902	FAM034994	FAM033342	FAM022462
rep900_seed2925	FAM008107	FAM005776	FAM000035	FAM012028	FAM000787	FAM003945	FAM005210	FAM006801	FAM009109	FAM002428	FAM001144	FAM011892	FAM007384	FAM005341	FAM008932	FAM001022	FAM013953	FAM002401	FAM004029	FAM000753	FAM001461	FAM012608	FAM001665	FAM009665	FAM008432	FAM001488	FAM004708	FAM004838	FAM000779	FAM003157	FAM002597	FAM006742	FAM002299	FAM012285	FAM006319	FAM004507	FAM002192	FAM010499	FAM005628	FAM005267	FAM000835	FAM007642	FAM011341	FAM011059	FAM000457	FAM007653	FAM001164	FAM009252	FAM003411	FAM002659	FAM007925	FAM012102	FAM003237	FAM010133	FAM009491	FAM010775	FAM011412	FAM008879	FAM000390	FAM000453	FAM008364	FAM003966	FAM007157	FAM004516	FAM002541	FAM010007	FAM013125	FAM007815	FAM116377	FAM064443	FAM043072	FAM034264	FAM026660
rep901_seed2926	FAM004420	FAM005840	FAM008580	FAM003644	FAM007011	FAM006003	FAM000547	FAM000376	FAM002750	FAM001971	FAM002782	FAM005538	FAM003453	FAM000694	FAM011564	FAM006188	FAM011328	FAM001368	FAM001879	FAM004074	FAM006459	FAM002745	FAM007427	FAM007651	FAM002189	FAM001792	FAM004367	FAM001788	FAM008202	FAM005332	FAM013723	FAM006875	FAM002245	FAM014232	FAM004345	FAM001418	FAM009954	FAM011031	FAM008567	FAM010296	FAM000712	FAM006210	FAM003186	FAM010422	FAM005184	FAM001403	FAM001337	FAM006501	FAM003685	FAM010619	FAM001287	FAM004928	FAM000065	FAM011854	FAM005385	FAM009544	FAM003683	FAM005810	FAM002419	FAM000327	FAM010802	FAM005638	FAM000077	FAM003257	FAM000991	FAM011600	FAM014169	FAM008276	FAM123046	FAM061309	FAM035213	FAM036917	FAM025460
rep902_seed2927	FAM004614	FAM006371	FAM004738	FAM000547	FAM002226	FAM000561	FAM004417	FAM002008	FAM010607	FAM002271	FAM007342	FAM001503	FAM005400	FAM011747	FAM005572	FAM003382	FAM013892	FAM001094	FAM005271	FAM001962	FAM008712	FAM000943	FAM004334	FAM001700	FAM000520	FAM003307	FAM003708	FAM004493	FAM005779	FAM013477	FAM003510	FAM010360	FAM001256	FAM004376	FAM011935	FAM001373	FAM011063	FAM012925	FAM013712	FAM001734	FAM001577	FAM003345	FAM004641	FAM007587	FAM004571	FAM004191	FAM000979	FAM007270	FAM013457	FAM003545	FAM010573	FAM001661	FAM006757	FAM000595	FAM003375	FAM000914	FAM005189	FAM006262	FAM009744	FAM004688	FAM004631	FAM010711	FAM011021	FAM003963	FAM009384	FAM014609	FAM013979	FAM009309	FAM141166	FAM067831	FAM031123	FAM032860	FAM024706
rep903_seed2928	FAM009025	FAM000265	FAM009235	FAM008823	FAM002850	FAM000241	FAM009577	FAM000308	FAM011369	FAM005945	FAM004364	FAM006260	FAM014520	FAM014611	FAM001376	FAM006597	FAM002537	FAM008053	FAM000307	FAM002510	FAM004463	FAM006004	FAM004868	FAM001662	FAM010709	FAM004904	FAM002021	FAM009191	FAM006610	FAM003888	FAM003258	FAM007616	FAM007263	FAM002916	FAM003997	FAM011438	FAM006762	FAM005232	FAM000888	FAM001284	FAM003289	FAM003665	FAM001034	FAM001154	FAM006455	FAM005413	FAM005223	FAM007206	FAM001423	FAM011712	FAM004925	FAM006668	FAM004884	FAM000587	FAM007470	FAM006343	FAM001048	FAM013892	FAM010352	FAM007392	FAM002247	FAM013715	FAM000466	FAM013697	FAM008044	FAM006936	FAM010323	FAM006540	FAM108819	FAM061657	FAM041393	FAM039683	FAM019437
rep904_seed2929	FAM010003	FAM000485	FAM003681	FAM010363	FAM011292	FAM005734	FAM002680	FAM007535	FAM009277	FAM002294	FAM001160	FAM007417	FAM002461	FAM008635	FAM007466	FAM000664	FAM007729	FAM006541	FAM005199	FAM010493	FAM000965	FAM010288	FAM009741	FAM006320	FAM013253	FAM010919	FAM009615	FAM008049	FAM005703	FAM008772	FAM004887	FAM009731	FAM011425	FAM007724	FAM005518	FAM002522	FAM002744	FAM005036	FAM007925	FAM009650	FAM001632	FAM001699	FAM010917	FAM008712	FAM001005	FAM004514	FAM004592	FAM001597	FAM001918	FAM004795	FAM009627	FAM009038	FAM001143	FAM003176	FAM000795	FAM001429	FAM010737	FAM007740	FAM002437	FAM004721	FAM004551	FAM001874	FAM001183	FAM000012	FAM003233	FAM009914	FAM009201	FAM008422	FAM132130	FAM060134	FAM045731	FAM031695	FAM017709
rep905_seed2930	FAM008712	FAM001742	FAM000457	FAM005087	FAM000113	FAM010802	FAM006617	FAM005232	FAM008824	FAM000131	FAM002778	FAM010073	FAM002983	FAM012863	FAM007843	FAM004572	FAM013415	FAM000734	FAM002559	FAM008334	FAM002861	FAM003682	FAM003512	FAM010228	FAM010472	FAM007782	FAM004409	FAM003649	FAM013276	FAM005466	FAM010461	FAM009042	FAM004218	FAM001599	FAM005890	FAM003603	FAM002779	FAM003532	FAM006722	FAM005100	FAM007879	FAM000471	FAM003407	FAM000589	FAM003182	FAM011498	FAM003854	FAM008917	FAM003379	FAM006693	FAM003165	FAM013427	FAM004949	FAM002113	FAM002995	FAM007866	FAM000862	FAM007553	FAM008292	FAM000759	FAM012962	FAM002134	FAM011528	FAM002352	FAM005672	FAM010307	FAM007009	FAM012254	FAM113222	FAM059810	FAM037974	FAM036909	FAM022214
rep906_seed2931	FAM003751	FAM007946	FAM006309	FAM004673	FAM000683	FAM001010	FAM008376	FAM003125	FAM001965	FAM001667	FAM002559	FAM011652	FAM003963	FAM000249	FAM012425	FAM010492	FAM001347	FAM001227	FAM009660	FAM002427	FAM001228	FAM008645	FAM011294	FAM000551	FAM011658	FAM003514	FAM011870	FAM010578	FAM005303	FAM001773	FAM000236	FAM001719	FAM001116	FAM006784	FAM007663	FAM000300	FAM000933	FAM011836	FAM003528	FAM001642	FAM001569	FAM013808	FAM006401	FAM004665	FAM003448	FAM002027	FAM005529	FAM004465	FAM004084	FAM002023	FAM008737	FAM003388	FAM010499	FAM000037	FAM010828	FAM006146	FAM004061	FAM000781	FAM007902	FAM009006	FAM000245	FAM012308	FAM000566	FAM008733	FAM010597	FAM008352	FAM012323	FAM012156	FAM109648	FAM080466	FAM031252	FAM029703	FAM024226
rep907_seed2932	FAM011500	FAM011981	FAM007722	FAM004900	FAM008162	FAM004186	FAM003890	FAM006543	FAM011615	FAM000288	FAM006372	FAM005578	FAM004196	FAM014307	FAM004056	FAM003593	FAM006791	FAM000284	FAM007304	FAM000699	FAM005141	FAM000922	FAM003294	FAM000353	FAM000429	FAM005437	FAM004158	FAM009500	FAM006571	FAM005348	FAM004647	FAM009179	FAM006330	FAM007400	FAM010793	FAM006431	FAM006558	FAM003979	FAM010821	FAM003538	FAM006687	FAM006999	FAM004693	FAM008125	FAM010315	FAM003197	FAM007604	FAM008375	FAM001293	FAM005977	FAM004267	FAM005184	FAM003899	FAM006893	FAM001843	FAM001513	FAM000355	FAM001056	FAM004565	FAM003972	FAM009644	FAM005898	FAM008680	FAM001268	FAM002545	FAM010308	FAM014062	FAM010017	FAM124038	FAM068183	FAM043266	FAM033456	FAM019479
rep908_seed2933	FAM009712	FAM009415	FAM006648	FAM005978	FAM001548	FAM001429	FAM005828	FAM009596	FAM001771	FAM003528	FAM005765	FAM010448	FAM003183	FAM002483	FAM004770	FAM005434	FAM003812	FAM004853	FAM012954	FAM002233	FAM010423	FAM000713	FAM011425	FAM010036	FAM002687	FAM008359	FAM005715	FAM007448	FAM007740	FAM001940	FAM007173	FAM014336	FAM003566	FAM007629	FAM000385	FAM012547	FAM009732	FAM005676	FAM010636	FAM003815	FAM004311	FAM011953	FAM010239	FAM011294	FAM002880	FAM009941	FAM013752	FAM007965	FAM003185	FAM002436	FAM007985	FAM010302	FAM001566	FAM006615	FAM003802	FAM005808	FAM011181	FAM005148	FAM000827	FAM007447	FAM002113	FAM008620	FAM013214	FAM001735	FAM014175	FAM006102	FAM010889	FAM010763	FAM131068	FAM067874	FAM039534	FAM035926	FAM024312
rep909_seed2934	FAM000108	FAM009218	FAM003846	FAM009232	FAM002869	FAM007919	FAM006874	FAM003537	FAM003191	FAM005045	FAM012296	FAM011339	FAM004761	FAM013888	FAM009449	FAM007051	FAM004867	FAM000204	FAM002881	FAM008427	FAM001756	FAM003308	FAM013834	FAM008243	FAM006133	FAM007804	FAM000711	FAM005088	FAM008413	FAM002219	FAM005925	FAM014016	FAM009956	FAM000132	FAM001697	FAM000707	FAM006859	FAM009109	FAM004305	FAM001225	FAM006455	FAM000815	FAM001776	FAM004203	FAM002865	FAM002957	FAM008203	FAM004938	FAM007889	FAM000785	FAM001980	FAM001974	FAM006377	FAM004897	FAM004039	FAM003425	FAM003141	FAM006323	FAM011935	FAM000967	FAM006769	FAM002369	FAM006687	FAM011443	FAM008063	FAM009714	FAM011803	FAM009910	FAM128710	FAM060164	FAM041532	FAM031820	FAM022562
rep910_seed2935	FAM008306	FAM014243	FAM004342	FAM002680	FAM002405	FAM001919	FAM003169	FAM010526	FAM005055	FAM005018	FAM011425	FAM002602	FAM003311	FAM012234	FAM000959	FAM003921	FAM007426	FAM009846	FAM007567	FAM009393	FAM001906	FAM005430	FAM002805	FAM012123	FAM002232	FAM003129	FAM009948	FAM013041	FAM012902	FAM010453	FAM001873	FAM001573	FAM011986	FAM003786	FAM008500	FAM007839	FAM003448	FAM003443	FAM006992	FAM010343	FAM009815	FAM011869	FAM002721	FAM014336	FAM012723	FAM000870	FAM004605	FAM004862	FAM000054	FAM006617	FAM010104	FAM013849	FAM006868	FAM003404	FAM001390	FAM010205	FAM002435	FAM000102	FAM007457	FAM004213	FAM001293	FAM006218	FAM010078	FAM006587	FAM007535	FAM012844	FAM012176	FAM002492	FAM146683	FAM060685	FAM038947	FAM033439	FAM026575
rep911_seed2936	FAM008910	FAM002829	FAM014073	FAM014126	FAM001637	FAM008519	FAM005854	FAM001844	FAM000070	FAM000989	FAM004857	FAM001687	FAM003361	FAM002379	FAM002934	FAM003471	FAM006556	FAM002514	FAM004938	FAM002305	FAM006250	FAM001136	FAM004838	FAM000925	FAM011666	FAM007753	FAM011307	FAM012343	FAM010890	FAM001698	FAM009272	FAM011021	FAM005445	FAM003788	FAM012339	FAM004543	FAM002045	FAM001831	FAM003720	FAM005751	FAM002271	FAM013584	FAM005376	FAM005228	FAM009953	FAM009057	FAM009099	FAM009932	FAM000811	FAM010676	FAM001233	FAM011058	FAM001202	FAM002546	FAM005559	FAM004778	FAM003918	FAM014503	FAM011485	FAM003094	FAM004042	FAM004728	FAM007895	FAM006536	FAM009814	FAM007830	FAM008795	FAM009586	FAM130629	FAM057860	FAM036205	FAM036576	FAM016870
rep912_seed2937	FAM008101	FAM002627	FAM000090	FAM006181	FAM014671	FAM002330	FAM000644	FAM005663	FAM009682	FAM008567	FAM004572	FAM000229	FAM014413	FAM001230	FAM012989	FAM004273	FAM002016	FAM011498	FAM001012	FAM003794	FAM013250	FAM002428	FAM007992	FAM003063	FAM011232	FAM005447	FAM004601	FAM006075	FAM013505	FAM007742	FAM001734	FAM012282	FAM007062	FAM004680	FAM006261	FAM006473	FAM000613	FAM003251	FAM008040	FAM007536	FAM014565	FAM008217	FAM006298	FAM006437	FAM002368	FAM003093	FAM004956	FAM005548	FAM006726	FAM002104	FAM010460	FAM012031	FAM004842	FAM008547	FAM003071	FAM013242	FAM001871	FAM004992	FAM001976	FAM002678	FAM005047	FAM004216	FAM010802	FAM003771	FAM002087	FAM008905	FAM010800	FAM014509	FAM129252	FAM064186	FAM037035	FAM036900	FAM026966
rep913_seed2938	FAM008594	FAM000883	FAM005500	FAM006853	FAM001779	FAM007981	FAM007218	FAM007203	FAM006419	FAM000392	FAM002034	FAM008569	FAM007712	FAM005454	FAM010189	FAM006040	FAM008764	FAM012425	FAM004497	FAM002805	FAM004431	FAM002118	FAM003031	FAM008733	FAM012028	FAM006781	FAM002354	FAM007037	FAM007413	FAM004870	FAM005445	FAM004244	FAM003525	FAM005237	FAM002691	FAM000374	FAM002036	FAM003089	FAM004547	FAM003141	FAM004801	FAM002880	FAM009753	FAM000277	FAM001831	FAM003760	FAM011954	FAM004676	FAM004163	FAM013242	FAM006319	FAM004508	FAM002037	FAM005418	FAM000143	FAM002717	FAM002563	FAM006568	FAM001788	FAM008285	FAM007880	FAM002538	FAM004410	FAM010209	FAM002672	FAM009007	FAM011082	FAM011429	FAM114705	FAM065078	FAM040909	FAM040734	FAM022782
rep914_seed2939	FAM004135	FAM000186	FAM006858	FAM003897	FAM008771	FAM011745	FAM011833	FAM007264	FAM002340	FAM011494	FAM006140	FAM009228	FAM003845	FAM004694	FAM005721	FAM006259	FAM007139	FAM007236	FAM001680	FAM002621	FAM013012	FAM004704	FAM002995	FAM013613	FAM000090	FAM001175	FAM001831	FAM003384	FAM011519	FAM001226	FAM008485	FAM008309	FAM003771	FAM004397	FAM008282	FAM003909	FAM003543	FAM002567	FAM006198	FAM006107	FAM012098	FAM002953	FAM011784	FAM010526	FAM000031	FAM003243	FAM004462	FAM007111	FAM005665	FAM007253	FAM001472	FAM003704	FAM004321	FAM003351	FAM007200	FAM007278	FAM008995	FAM001914	FAM000864	FAM012180	FAM000877	FAM003127	FAM003399	FAM002035	FAM004672	FAM007069	FAM007513	FAM013239	FAM146858	FAM060496	FAM029194	FAM029380	FAM028538
rep915_seed2940	FAM009565	FAM000587	FAM004156	FAM005025	FAM003036	FAM011146	FAM000995	FAM001356	FAM006928	FAM003118	FAM013796	FAM004686	FAM006831	FAM004331	FAM002315	FAM004048	FAM004181	FAM008689	FAM005099	FAM006039	FAM000805	FAM006873	FAM005076	FAM006568	FAM003159	FAM007671	FAM002499	FAM000748	FAM004251	FAM004640	FAM000574	FAM009515	FAM012481	FAM003954	FAM007576	FAM010497	FAM009514	FAM004171	FAM003640	FAM005329	FAM001557	FAM000220	FAM011586	FAM007148	FAM007324	FAM006960	FAM003757	FAM008487	FAM000381	FAM000743	FAM008492	FAM005340	FAM003963	FAM002425	FAM011438	FAM001972	FAM011448	FAM006769	FAM009413	FAM006003	FAM006387	FAM014073	FAM004995	FAM006033	FAM003936	FAM011548	FAM013321	FAM008710	FAM120904	FAM057842	FAM049229	FAM039099	FAM021882
rep916_seed2941	FAM010241	FAM006866	FAM007355	FAM000840	FAM003149	FAM000572	FAM010967	FAM006490	FAM000245	FAM002245	FAM000525	FAM000155	FAM003493	FAM011895	FAM011818	FAM008493	FAM005721	FAM006914	FAM002436	FAM006943	FAM003935	FAM004310	FAM006161	FAM001072	FAM007143	FAM010745	FAM010302	FAM005077	FAM003903	FAM005578	FAM007780	FAM003432	FAM002921	FAM004489	FAM005274	FAM005955	FAM005609	FAM004508	FAM003597	FAM004865	FAM013128	FAM000156	FAM003252	FAM003719	FAM003704	FAM005689	FAM002798	FAM002546	FAM010360	FAM001053	FAM009433	FAM002914	FAM007061	FAM005062	FAM005198	FAM000485	FAM006055	FAM005029	FAM000731	FAM011608	FAM003702	FAM008128	FAM001962	FAM004064	FAM005374	FAM014367	FAM010673	FAM008978	FAM123046	FAM063856	FAM042058	FAM032006	FAM028737
rep917_seed2942	FAM009688	FAM003946	FAM001561	FAM001458	FAM003938	FAM007955	FAM000398	FAM007071	FAM009345	FAM003896	FAM007688	FAM008767	FAM001798	FAM000166	FAM012890	FAM010745	FAM004626	FAM011869	FAM009805	FAM005325	FAM000469	FAM006542	FAM007670	FAM000312	FAM003220	FAM011372	FAM000182	FAM005685	FAM009383	FAM005450	FAM004765	FAM005853	FAM011676	FAM002771	FAM012281	FAM001708	FAM005855	FAM006953	FAM012481	FAM004219	FAM004448	FAM000943	FAM010594	FAM000706	FAM002052	FAM005215	FAM003749	FAM007091	FAM002987	FAM002108	FAM004715	FAM005067	FAM001393	FAM003807	FAM000147	FAM006728	FAM006109	FAM009196	FAM000768	FAM001723	FAM000700	FAM004598	FAM000251	FAM001497	FAM006451	FAM010153	FAM011394	FAM006855	FAM120625	FAM066876	FAM037054	FAM030882	FAM026078
rep918_seed2943	FAM004388	FAM007518	FAM009388	FAM000342	FAM003173	FAM007440	FAM002145	FAM000782	FAM007000	FAM007963	FAM006362	FAM005598	FAM006826	FAM011500	FAM000930	FAM003769	FAM006109	FAM005602	FAM000096	FAM004838	FAM002433	FAM006867	FAM005833	FAM000851	FAM011906	FAM001174	FAM002127	FAM002504	FAM001844	FAM001410	FAM002282	FAM008840	FAM001108	FAM003250	FAM003360	FAM005127	FAM013648	FAM010958	FAM014199	FAM006975	FAM010447	FAM001848	FAM006501	FAM001090	FAM002598	FAM000061	FAM010584	FAM002985	FAM007423	FAM002230	FAM005794	FAM005528	FAM009989	FAM003242	FAM004349	FAM007226	FAM010522	FAM001349	FAM002555	FAM008985	FAM006303	FAM003298	FAM009935	FAM005208	FAM003489	FAM005137	FAM009762	FAM006566	FAM117885	FAM070101	FAM046926	FAM038049	FAM025652
rep919_seed2944	FAM000683	FAM001988	FAM005433	FAM013118	FAM007852	FAM003311	FAM008080	FAM003435	FAM005668	FAM004646	FAM000816	FAM011107	FAM007285	FAM007962	FAM003957	FAM009023	FAM006350	FAM002991	FAM003812	FAM004597	FAM000765	FAM009564	FAM001335	FAM005445	FAM011350	FAM000497	FAM006260	FAM010088	FAM004314	FAM000277	FAM005699	FAM003440	FAM004954	FAM000193	FAM002828	FAM000698	FAM005663	FAM008792	FAM001774	FAM010074	FAM001746	FAM013041	FAM006220	FAM001487	FAM008560	FAM001248	FAM013770	FAM003188	FAM003495	FAM004623	FAM007448	FAM006201	FAM009415	FAM010704	FAM008557	FAM002129	FAM002052	FAM007551	FAM007638	FAM003190	FAM005496	FAM007679	FAM009737	FAM005435	FAM003982	FAM007760	FAM013025	FAM007431	FAM130160	FAM063983	FAM041647	FAM043298	FAM027058
rep920_seed2945	FAM009955	FAM000088	FAM001482	FAM003889	FAM002446	FAM006928	FAM008687	FAM003219	FAM013366	FAM003359	FAM011563	FAM009284	FAM007049	FAM004378	FAM014536	FAM002652	FAM007900	FAM000944	FAM003202	FAM003593	FAM001519	FAM007506	FAM002768	FAM003953	FAM006383	FAM000487	FAM014296	FAM007694	FAM000798	FAM004458	FAM008691	FAM003895	FAM002299	FAM005496	FAM001845	FAM004748	FAM007867	FAM014066	FAM005031	FAM011818	FAM011124	FAM008159	FAM007018	FAM004088	FAM004134	FAM010823	FAM006954	FAM003423	FAM003016	FAM007715	FAM005435	FAM004600	FAM004428	FAM012109	FAM005192	FAM001999	FAM002249	FAM001123	FAM004385	FAM005190	FAM013929	FAM004922	FAM005405	FAM003229	FAM002391	FAM011548	FAM008719	FAM009259	FAM118397	FAM060504	FAM041654	FAM043307	FAM026781
rep921_seed2946	FAM000804	FAM004921	FAM009669	FAM013241	FAM013550	FAM000080	FAM004635	FAM013691	FAM006900	FAM007552	FAM001174	FAM011680	FAM002625	FAM003278	FAM005248	FAM004455	FAM002247	FAM001096	FAM000750	FAM004525	FAM002736	FAM010480	FAM000027	FAM007423	FAM004829	FAM004451	FAM013300	FAM006559	FAM004105	FAM013398	FAM001452	FAM001687	FAM003387	FAM012281	FAM006492	FAM009018	FAM012608	FAM000415	FAM003941	FAM007196	FAM003520	FAM002523	FAM003547	FAM008392	FAM003534	FAM001461	FAM004967	FAM004631	FAM004680	FAM009786	FAM002335	FAM013259	FAM001262	FAM012199	FAM006685	FAM000159	FAM001396	FAM005862	FAM010497	FAM002132	FAM002488	FAM000865	FAM000740	FAM012308	FAM002301	FAM012747	FAM008730	FAM011910	FAM123475	FAM061155	FAM030782	FAM039349	FAM024930
rep922_seed2947	FAM007027	FAM009185	FAM002015	FAM004305	FAM007991	FAM004598	FAM001118	FAM004602	FAM006934	FAM002457	FAM004090	FAM006588	FAM014658	FAM003206	FAM007259	FAM003225	FAM012028	FAM011615	FAM005317	FAM001225	FAM001568	FAM008102	FAM006145	FAM005050	FAM004593	FAM013099	FAM004039	FAM005600	FAM005560	FAM000118	FAM000208	FAM003355	FAM013448	FAM003976	FAM002572	FAM001836	FAM006927	FAM006120	FAM006979	FAM000193	FAM008005	FAM003126	FAM000454	FAM006926	FAM003505	FAM003712	FAM004551	FAM001006	FAM003060	FAM013011	FAM002536	FAM002464	FAM001113	FAM004994	FAM001796	FAM000617	FAM006409	FAM006319	FAM004583	FAM005750	FAM007553	FAM001967	FAM002301	FAM004371	FAM004687	FAM014400	FAM005861	FAM012045	FAM133323	FAM058390	FAM034125	FAM031448	FAM024680
rep923_seed2948	FAM007865	FAM005151	FAM000259	FAM004775	FAM002149	FAM006426	FAM003627	FAM004576	FAM001146	FAM004275	FAM001149	FAM013729	FAM010704	FAM001774	FAM003649	FAM003913	FAM006314	FAM000459	FAM008718	FAM006675	FAM011065	FAM010409	FAM003104	FAM001126	FAM004529	FAM001181	FAM006534	FAM005264	FAM003076	FAM000033	FAM007783	FAM005966	FAM001324	FAM007425	FAM011077	FAM002515	FAM000037	FAM005746	FAM001965	FAM003410	FAM005588	FAM009410	FAM008727	FAM010339	FAM005002	FAM003541	FAM001050	FAM004701	FAM004684	FAM001951	FAM005287	FAM003231	FAM000501	FAM001566	FAM000953	FAM002747	FAM001069	FAM000932	FAM001552	FAM003604	FAM003336	FAM002394	FAM000592	FAM005156	FAM001058	FAM013640	FAM009425	FAM013386	FAM139762	FAM080466	FAM029993	FAM039699	FAM021741
rep924_seed2949	FAM008695	FAM004210	FAM003421	FAM010626	FAM004896	FAM002228	FAM003700	FAM002476	FAM001094	FAM012345	FAM005622	FAM013565	FAM003176	FAM005182	FAM009591	FAM009881	FAM004261	FAM005343	FAM006007	FAM005071	FAM008379	FAM003961	FAM006476	FAM006964	FAM000755	FAM006579	FAM001624	FAM009405	FAM014230	FAM002196	FAM005097	FAM002480	FAM005070	FAM002345	FAM004681	FAM002246	FAM003208	FAM005163	FAM011264	FAM003471	FAM011797	FAM000834	FAM000721	FAM004197	FAM000937	FAM003462	FAM004735	FAM002727	FAM000546	FAM008623	FAM005637	FAM011121	FAM004545	FAM002835	FAM007564	FAM006767	FAM012335	FAM010579	FAM007421	FAM000242	FAM006743	FAM004059	FAM007948	FAM001702	FAM001583	FAM008496	FAM006827	FAM010666	FAM120686	FAM058879	FAM043538	FAM035602	FAM015221
rep925_seed2950	FAM010237	FAM003859	FAM009268	FAM001856	FAM005772	FAM005452	FAM000541	FAM002585	FAM010978	FAM004150	FAM001057	FAM008942	FAM002372	FAM004734	FAM002628	FAM000381	FAM004982	FAM001355	FAM005021	FAM002483	FAM003145	FAM003643	FAM001107	FAM005040	FAM002754	FAM005499	FAM009025	FAM008250	FAM005334	FAM005177	FAM008758	FAM004753	FAM002308	FAM003487	FAM003568	FAM005844	FAM000363	FAM012720	FAM001293	FAM002558	FAM003076	FAM006758	FAM008279	FAM000120	FAM003858	FAM002930	FAM005333	FAM001151	FAM010751	FAM008755	FAM006492	FAM006980	FAM004636	FAM003712	FAM013296	FAM003918	FAM007085	FAM008325	FAM005169	FAM002354	FAM003330	FAM000774	FAM000481	FAM000355	FAM000889	FAM008418	FAM014440	FAM014201	FAM125366	FAM062598	FAM038972	FAM035744	FAM022982
rep926_seed2951	FAM006972	FAM001409	FAM001922	FAM001143	FAM008768	FAM012622	FAM002414	FAM005220	FAM004161	FAM010584	FAM002568	FAM003669	FAM008279	FAM005297	FAM004892	FAM006886	FAM006412	FAM009787	FAM003201	FAM002281	FAM005858	FAM011514	FAM005913	FAM003537	FAM007359	FAM006859	FAM008423	FAM010233	FAM007165	FAM000799	FAM006116	FAM012255	FAM002601	FAM005734	FAM003023	FAM000284	FAM008193	FAM001413	FAM006543	FAM010364	FAM000308	FAM002831	FAM005640	FAM009271	FAM008106	FAM000848	FAM006849	FAM009235	FAM012895	FAM003468	FAM001280	FAM003716	FAM007105	FAM001551	FAM003730	FAM004543	FAM009116	FAM006438	FAM000213	FAM007623	FAM004485	FAM005981	FAM007576	FAM005204	FAM003097	FAM013696	FAM014238	FAM010177	FAM107821	FAM057842	FAM048408	FAM042515	FAM016461
rep927_seed2952	FAM005570	FAM009175	FAM001780	FAM005575	FAM003175	FAM004869	FAM005093	FAM005122	FAM006108	FAM006965	FAM004285	FAM004043	FAM011525	FAM006145	FAM007742	FAM004290	FAM000058	FAM000065	FAM007011	FAM005776	FAM005936	FAM011564	FAM009140	FAM002684	FAM003680	FAM001215	FAM007948	FAM003154	FAM007132	FAM001449	FAM006194	FAM001134	FAM002194	FAM009080	FAM005356	FAM001064	FAM000783	FAM003796	FAM002950	FAM005157	FAM002325	FAM005673	FAM001487	FAM006789	FAM003425	FAM009939	FAM001782	FAM001845	FAM004408	FAM005826	FAM002372	FAM012493	FAM010497	FAM001766	FAM007343	FAM006935	FAM007017	FAM003097	FAM005913	FAM002533	FAM004345	FAM006544	FAM002281	FAM007654	FAM009988	FAM014603	FAM009920	FAM010598	FAM120873	FAM059303	FAM031258	FAM043571	FAM017649
rep928_seed2953	FAM005669	FAM008149	FAM010879	FAM013152	FAM010635	FAM002645	FAM000174	FAM003211	FAM001109	FAM006703	FAM001346	FAM014172	FAM004114	FAM002839	FAM003513	FAM000167	FAM006357	FAM002035	FAM003313	FAM004433	FAM000382	FAM000703	FAM006730	FAM000549	FAM013397	FAM000029	FAM007448	FAM001493	FAM006923	FAM008297	FAM005971	FAM003454	FAM004530	FAM003995	FAM008775	FAM000928	FAM011367	FAM001046	FAM003654	FAM000816	FAM010608	FAM003926	FAM003259	FAM012522	FAM005300	FAM002018	FAM007641	FAM002385	FAM000960	FAM003133	FAM002266	FAM012736	FAM004813	FAM005585	FAM000169	FAM000020	FAM010578	FAM007555	FAM012605	FAM002973	FAM010597	FAM002591	FAM007786	FAM003873	FAM001976	FAM013438	FAM011850	FAM014136	FAM125804	FAM058452	FAM038981	FAM038977	FAM017195
rep929_seed2954	FAM007077	FAM002140	FAM003475	FAM004459	FAM011159	FAM001289	FAM001680	FAM004949	FAM008464	FAM006965	FAM011345	FAM000249	FAM012486	FAM007543	FAM010764	FAM008641	FAM002134	FAM004898	FAM007784	FAM002966	FAM000673	FAM009490	FAM002253	FAM012530	FAM000024	FAM001842	FAM008417	FAM006305	FAM009905	FAM000869	FAM001687	FAM001662	FAM010905	FAM010049	FAM006584	FAM000971	FAM007267	FAM009770	FAM007571	FAM005166	FAM011071	FAM006462	FAM001527	FAM012101	FAM006583	FAM005812	FAM001092	FAM005785	FAM001148	FAM006995	FAM008957	FAM001566	FAM003377	FAM003318	FAM006329	FAM002185	FAM002248	FAM005708	FAM000780	FAM000387	FAM003459	FAM007743	FAM008071	FAM006543	FAM007607	FAM012988	FAM008081	FAM008034	FAM134192	FAM059426	FAM041142	FAM034533	FAM015792
rep930_seed2955	FAM005413	FAM012515	FAM002133	FAM008558	FAM002250	FAM005149	FAM001132	FAM000740	FAM012962	FAM008094	FAM007797	FAM013206	FAM002945	FAM004718	FAM000158	FAM004327	FAM002653	FAM009859	FAM002412	FAM005134	FAM000337	FAM005819	FAM002824	FAM003083	FAM012667	FAM004022	FAM004617	FAM002817	FAM000181	FAM003450	FAM000764	FAM000515	FAM000995	FAM005157	FAM007840	FAM000943	FAM006524	FAM008594	FAM001517	FAM004408	FAM000829	FAM001462	FAM006154	FAM003424	FAM003210	FAM006363	FAM008138	FAM001468	FAM004513	FAM002687	FAM005476	FAM004251	FAM001569	FAM007453	FAM005068	FAM009605	FAM001244	FAM013117	FAM002084	FAM005661	FAM003248	FAM004465	FAM007350	FAM004731	FAM013866	FAM009603	FAM011800	FAM006566	FAM130280	FAM062557	FAM043072	FAM034705	FAM017864
rep931_seed2956	FAM002277	FAM002652	FAM008304	FAM001564	FAM003279	FAM009617	FAM004969	FAM009678	FAM003655	FAM004178	FAM004333	FAM005683	FAM005303	FAM002530	FAM005331	FAM005170	FAM005759	FAM003298	FAM008120	FAM000265	FAM008738	FAM003091	FAM008137	FAM000675	FAM002537	FAM003468	FAM001398	FAM001784	FAM004543	FAM004466	FAM000517	FAM002079	FAM009805	FAM007350	FAM002164	FAM003726	FAM012358	FAM002353	FAM006426	FAM006182	FAM001158	FAM005857	FAM002499	FAM013551	FAM003856	FAM002159	FAM000543	FAM002193	FAM005057	FAM003433	FAM010573	FAM007177	FAM001401	FAM007699	FAM003130	FAM004531	FAM008292	FAM008808	FAM003422	FAM003047	FAM003640	FAM011833	FAM004173	FAM004992	FAM002694	FAM008789	FAM014367	FAM008424	FAM117903	FAM067146	FAM035954	FAM040216	FAM023417
rep932_seed2957	FAM012502	FAM002978	FAM011257	FAM005277	FAM010962	FAM001010	FAM011214	FAM006247	FAM006897	FAM003106	FAM006077	FAM002627	FAM003539	FAM008157	FAM008867	FAM000181	FAM000297	FAM006181	FAM003331	FAM012756	FAM005448	FAM008935	FAM000906	FAM004884	FAM007610	FAM007629	FAM000521	FAM000703	FAM004567	FAM013194	FAM006296	FAM000791	FAM000003	FAM001869	FAM002543	FAM000164	FAM005029	FAM005509	FAM009404	FAM005271	FAM006482	FAM008165	FAM007247	FAM002398	FAM008386	FAM004746	FAM011686	FAM000166	FAM004079	FAM000214	FAM001617	FAM005640	FAM002601	FAM001403	FAM004017	FAM001655	FAM006462	FAM005604	FAM002209	FAM003958	FAM014243	FAM001998	FAM010731	FAM011345	FAM000912	FAM007836	FAM010681	FAM011388	FAM138704	FAM064367	FAM042116	FAM041073	FAM026655
rep933_seed2958	FAM003554	FAM002448	FAM003793	FAM012989	FAM009342	FAM005668	FAM002123	FAM010174	FAM004452	FAM002419	FAM001487	FAM000992	FAM003453	FAM008437	FAM012092	FAM009144	FAM004651	FAM011013	FAM005382	FAM005842	FAM006731	FAM008804	FAM010806	FAM006756	FAM002354	FAM000712	FAM009274	FAM001140	FAM005475	FAM001347	FAM002920	FAM007379	FAM011059	FAM003283	FAM009500	FAM001325	FAM007611	FAM004228	FAM002103	FAM012158	FAM002241	FAM000929	FAM003864	FAM002067	FAM001251	FAM009176	FAM001685	FAM007235	FAM009935	FAM003639	FAM006946	FAM000485	FAM006406	FAM001352	FAM004595	FAM002263	FAM009597	FAM006260	FAM007349	FAM000548	FAM006403	FAM003546	FAM003585	FAM003185	FAM004089	FAM008672	FAM011534	FAM014645	FAM110896	FAM064312	FAM043428	FAM030410	FAM026346
rep934_seed2959	FAM001797	FAM014243	FAM002972	FAM012011	FAM006718	FAM004357	FAM010617	FAM000236	FAM011417	FAM002231	FAM006518	FAM012199	FAM001967	FAM002815	FAM002336	FAM010297	FAM002232	FAM008334	FAM006687	FAM002919	FAM001054	FAM006614	FAM004442	FAM007449	FAM011237	FAM005156	FAM008159	FAM010728	FAM000846	FAM002416	FAM008165	FAM003344	FAM010517	FAM003267	FAM006574	FAM012281	FAM007964	FAM004380	FAM006382	FAM003408	FAM010375	FAM006677	FAM010157	FAM006200	FAM008809	FAM011689	FAM005601	FAM002114	FAM004177	FAM009480	FAM001998	FAM002366	FAM003516	FAM009473	FAM009119	FAM003523	FAM000818	FAM014236	FAM003909	FAM006610	FAM005049	FAM003438	FAM001196	FAM005100	FAM011400	FAM007079	FAM014470	FAM010458	FAM135086	FAM060134	FAM036774	FAM036328	FAM016663
rep935_seed2960	FAM011412	FAM003148	FAM007709	FAM005502	FAM005841	FAM006432	FAM013368	FAM004164	FAM012689	FAM000325	FAM003796	FAM013500	FAM003846	FAM010958	FAM000822	FAM003696	FAM006025	FAM004390	FAM004726	FAM009045	FAM002430	FAM014070	FAM002577	FAM009445	FAM012603	FAM002805	FAM001845	FAM006499	FAM006845	FAM005948	FAM004344	FAM000861	FAM000577	FAM005465	FAM007847	FAM000689	FAM000522	FAM003606	FAM008129	FAM002705	FAM013253	FAM002942	FAM013194	FAM003052	FAM003172	FAM001665	FAM004419	FAM009591	FAM008290	FAM001483	FAM002610	FAM013922	FAM004121	FAM008671	FAM005903	FAM006892	FAM011333	FAM004289	FAM003386	FAM012867	FAM002400	FAM002576	FAM005795	FAM003774	FAM000192	FAM009313	FAM010331	FAM012807	FAM116953	FAM060496	FAM033337	FAM038295	FAM018430
rep936_seed2961	FAM011000	FAM004013	FAM002619	FAM003832	FAM002195	FAM003219	FAM000286	FAM009896	FAM001589	FAM011021	FAM011578	FAM005676	FAM002910	FAM005464	FAM008416	FAM000360	FAM000791	FAM004178	FAM000068	FAM004532	FAM002284	FAM003700	FAM004021	FAM010208	FAM004269	FAM011892	FAM005904	FAM000107	FAM000882	FAM002417	FAM003522	FAM005850	FAM000745	FAM003705	FAM007424	FAM003594	FAM004170	FAM011504	FAM008324	FAM000843	FAM006695	FAM006277	FAM003823	FAM001393	FAM007128	FAM004495	FAM006530	FAM003071	FAM012285	FAM003174	FAM004932	FAM001971	FAM005559	FAM008549	FAM013019	FAM002813	FAM014154	FAM007212	FAM001302	FAM003304	FAM001804	FAM007526	FAM011119	FAM002663	FAM009032	FAM009863	FAM011480	FAM012807	FAM137703	FAM066148	FAM040097	FAM042524	FAM023351
rep937_seed2962	FAM006278	FAM000554	FAM000640	FAM005854	FAM000222	FAM002440	FAM009400	FAM001028	FAM004556	FAM003177	FAM003544	FAM000932	FAM003143	FAM010991	FAM006736	FAM011447	FAM000502	FAM002502	FAM002037	FAM002159	FAM003023	FAM006166	FAM001259	FAM009760	FAM007184	FAM000596	FAM002236	FAM002553	FAM010668	FAM000221	FAM000682	FAM002342	FAM001539	FAM004648	FAM005193	FAM005656	FAM001813	FAM001174	FAM009731	FAM002906	FAM002540	FAM001496	FAM001460	FAM006322	FAM000293	FAM004915	FAM005774	FAM007819	FAM001508	FAM003384	FAM008859	FAM003246	FAM008748	FAM013277	FAM002791	FAM009772	FAM010802	FAM003492	FAM009741	FAM012008	FAM003630	FAM003560	FAM003906	FAM006347	FAM003201	FAM012130	FAM005698	FAM009221	FAM129407	FAM067224	FAM033022	FAM042340	FAM016248
rep938_seed2963	FAM002012	FAM011797	FAM008580	FAM000033	FAM007668	FAM000918	FAM010049	FAM006236	FAM012533	FAM005444	FAM005285	FAM006462	FAM011250	FAM003283	FAM005652	FAM011586	FAM001678	FAM000871	FAM000648	FAM002343	FAM002383	FAM010522	FAM011168	FAM006737	FAM000404	FAM002195	FAM000359	FAM003069	FAM002210	FAM002737	FAM008680	FAM004172	FAM000893	FAM010873	FAM004470	FAM006160	FAM003244	FAM003015	FAM004571	FAM002368	FAM005231	FAM001934	FAM003649	FAM000096	FAM003883	FAM004525	FAM003947	FAM004106	FAM004793	FAM012851	FAM012771	FAM002699	FAM002828	FAM007555	FAM001100	FAM004627	FAM009476	FAM007303	FAM005723	FAM003886	FAM000611	FAM002849	FAM007226	FAM008392	FAM010751	FAM008744	FAM010013	FAM014545	FAM127774	FAM060730	FAM040850	FAM035348	FAM023967
rep939_seed2964	FAM002698	FAM001875	FAM012377	FAM007705	FAM002331	FAM000642	FAM012225	FAM001465	FAM003550	FAM001399	FAM007318	FAM001378	FAM000323	FAM006456	FAM003952	FAM007470	FAM008244	FAM002221	FAM008536	FAM000311	FAM006455	FAM011214	FAM001123	FAM002808	FAM002419	FAM002515	FAM002224	FAM000171	FAM005737	FAM012513	FAM002751	FAM000129	FAM006210	FAM000391	FAM009369	FAM005972	FAM001956	FAM002351	FAM002134	FAM000946	FAM002328	FAM005753	FAM007565	FAM001266	FAM006888	FAM010905	FAM001604	FAM004099	FAM004524	FAM008184	FAM014063	FAM003210	FAM004214	FAM003511	FAM002763	FAM007640	FAM002788	FAM011124	FAM010364	FAM003437	FAM007883	FAM001510	FAM005009	FAM000365	FAM003468	FAM009238	FAM008307	FAM013426	FAM110103	FAM061284	FAM038056	FAM039861	FAM019297
rep940_seed2965	FAM003343	FAM003313	FAM006337	FAM011200	FAM002904	FAM007998	FAM005320	FAM007206	FAM002688	FAM001668	FAM005071	FAM003843	FAM005656	FAM006472	FAM007698	FAM001338	FAM005832	FAM002768	FAM003526	FAM006339	FAM005329	FAM000138	FAM000961	FAM000859	FAM007027	FAM001918	FAM008361	FAM000784	FAM005365	FAM012946	FAM006850	FAM000951	FAM000236	FAM006753	FAM001522	FAM011898	FAM011961	FAM007482	FAM001879	FAM004254	FAM003087	FAM004896	FAM001515	FAM006776	FAM004877	FAM000047	FAM000533	FAM008641	FAM010352	FAM007529	FAM000282	FAM000462	FAM010173	FAM004799	FAM001244	FAM006103	FAM003144	FAM011459	FAM007811	FAM002971	FAM002326	FAM007267	FAM001611	FAM011085	FAM006375	FAM009227	FAM009238	FAM009133	FAM140565	FAM058666	FAM042634	FAM032578	FAM020604
rep941_seed2966	FAM004181	FAM002758	FAM007307	FAM003173	FAM010375	FAM004821	FAM002299	FAM002630	FAM013398	FAM001586	FAM005461	FAM008406	FAM007680	FAM006623	FAM006966	FAM006825	FAM001734	FAM010056	FAM005396	FAM004550	FAM005757	FAM005300	FAM001909	FAM012493	FAM003042	FAM008695	FAM002475	FAM000628	FAM002212	FAM003648	FAM004923	FAM012011	FAM012674	FAM002424	FAM011277	FAM012863	FAM006060	FAM007834	FAM008766	FAM003879	FAM003051	FAM000002	FAM005358	FAM007966	FAM002000	FAM003517	FAM002692	FAM009311	FAM002918	FAM006661	FAM012201	FAM007016	FAM000025	FAM009056	FAM008374	FAM008526	FAM012447	FAM001170	FAM002818	FAM004400	FAM001212	FAM013206	FAM000495	FAM001621	FAM008590	FAM011471	FAM005180	FAM013833	FAM126558	FAM067812	FAM038419	FAM033719	FAM021724
rep942_seed2967	FAM000682	FAM004694	FAM002433	FAM002680	FAM013082	FAM003043	FAM002952	FAM000781	FAM009902	FAM002172	FAM000817	FAM003733	FAM012829	FAM008099	FAM008773	FAM008103	FAM006595	FAM002585	FAM001628	FAM000547	FAM011495	FAM000240	FAM005597	FAM008772	FAM010890	FAM007577	FAM000623	FAM012954	FAM009276	FAM007535	FAM006821	FAM002708	FAM004786	FAM012946	FAM001131	FAM002358	FAM000515	FAM005959	FAM009680	FAM005616	FAM008854	FAM002360	FAM004861	FAM001016	FAM002854	FAM002486	FAM009950	FAM005934	FAM001779	FAM003932	FAM004544	FAM004113	FAM004690	FAM001181	FAM000329	FAM007121	FAM000531	FAM002317	FAM004991	FAM008349	FAM000860	FAM006277	FAM000981	FAM003018	FAM002205	FAM006449	FAM011821	FAM012085	FAM130224	FAM060623	FAM040674	FAM041857	FAM015990
rep943_seed2968	FAM006144	FAM009549	FAM010209	FAM008564	FAM009887	FAM007689	FAM001056	FAM006276	FAM005570	FAM003401	FAM000584	FAM004180	FAM007443	FAM004822	FAM010614	FAM003639	FAM006294	FAM006928	FAM008165	FAM000989	FAM001091	FAM010022	FAM004470	FAM011322	FAM006315	FAM000909	FAM007485	FAM005719	FAM001404	FAM003230	FAM007473	FAM003860	FAM005349	FAM006952	FAM006693	FAM009013	FAM001052	FAM013715	FAM005549	FAM004265	FAM013464	FAM009400	FAM006267	FAM000673	FAM010249	FAM000717	FAM007923	FAM000316	FAM008487	FAM000880	FAM009829	FAM008873	FAM007447	FAM006143	FAM009781	FAM011867	FAM007031	FAM000818	FAM006556	FAM005429	FAM004571	FAM009991	FAM012772	FAM004450	FAM004449	FAM014499	FAM012457	FAM014190	FAM140094	FAM065702	FAM043366	FAM040411	FAM022085
rep944_seed2969	FAM003167	FAM000323	FAM006835	FAM006438	FAM000227	FAM008039	FAM005625	FAM002523	FAM007245	FAM001964	FAM012101	FAM003148	FAM004686	FAM003672	FAM004806	FAM000120	FAM001435	FAM000394	FAM001531	FAM003992	FAM008729	FAM003318	FAM004203	FAM003701	FAM011666	FAM006183	FAM014436	FAM006145	FAM000754	FAM007832	FAM004122	FAM007340	FAM004483	FAM003001	FAM004063	FAM002080	FAM000663	FAM007955	FAM000151	FAM001404	FAM001977	FAM007818	FAM009455	FAM003026	FAM002344	FAM008138	FAM008222	FAM008779	FAM004442	FAM002198	FAM003328	FAM000372	FAM010504	FAM012756	FAM001072	FAM006054	FAM001125	FAM013212	FAM006765	FAM003520	FAM004629	FAM003527	FAM000091	FAM013658	FAM013410	FAM008797	FAM010566	FAM012278	FAM126588	FAM060989	FAM043364	FAM034688	FAM027293
rep945_seed2970	FAM001883	FAM005735	FAM004204	FAM009712	FAM002684	FAM008635	FAM001297	FAM005106	FAM009986	FAM005909	FAM006220	FAM005692	FAM005649	FAM008826	FAM004334	FAM008765	FAM004274	FAM002371	FAM003117	FAM000496	FAM005986	FAM003442	FAM005101	FAM009066	FAM003679	FAM004208	FAM013596	FAM009561	FAM000562	FAM008596	FAM001439	FAM001289	FAM003761	FAM009655	FAM006911	FAM007180	FAM002173	FAM006882	FAM008601	FAM011932	FAM004928	FAM004353	FAM007535	FAM005897	FAM003451	FAM004109	FAM004477	FAM004908	FAM006718	FAM005911	FAM002882	FAM004116	FAM002695	FAM006670	FAM003310	FAM011689	FAM001593	FAM005024	FAM005765	FAM003892	FAM013423	FAM002843	FAM005142	FAM000355	FAM006758	FAM010889	FAM008896	FAM015305	FAM111249	FAM060473	FAM048319	FAM030413	FAM020921
rep946_seed2971	FAM007006	FAM002339	FAM008250	FAM004515	FAM001028	FAM006634	FAM000384	FAM003118	FAM009809	FAM000023	FAM011181	FAM000096	FAM013780	FAM000372	FAM009119	FAM002539	FAM007609	FAM002190	FAM001619	FAM008096	FAM001101	FAM002593	FAM004384	FAM002439	FAM003267	FAM012162	FAM012809	FAM007880	FAM012259	FAM008809	FAM008342	FAM003696	FAM004426	FAM004370	FAM014016	FAM004205	FAM011836	FAM001833	FAM003806	FAM002166	FAM001890	FAM012507	FAM007159	FAM006980	FAM004278	FAM006787	FAM004650	FAM012699	FAM005227	FAM002811	FAM001397	FAM001782	FAM007191	FAM006244	FAM006395	FAM000042	FAM011941	FAM000416	FAM004268	FAM005396	FAM012924	FAM006322	FAM001764	FAM005898	FAM003067	FAM014263	FAM014075	FAM010337	FAM147016	FAM060416	FAM042301	FAM037137	FAM019928
rep947_seed2972	FAM000174	FAM009758	FAM010716	FAM001961	FAM000238	FAM011340	FAM005867	FAM001765	FAM002887	FAM006693	FAM013490	FAM009452	FAM004388	FAM010196	FAM005449	FAM006101	FAM000873	FAM007473	FAM001183	FAM000866	FAM007686	FAM007746	FAM004848	FAM011042	FAM000109	FAM000703	FAM005192	FAM000110	FAM000182	FAM012828	FAM003520	FAM008435	FAM009473	FAM006391	FAM004503	FAM010422	FAM000850	FAM002991	FAM001593	FAM013951	FAM005019	FAM001597	FAM000314	FAM003799	FAM007722	FAM002372	FAM000941	FAM003347	FAM007427	FAM000586	FAM002561	FAM004928	FAM010893	FAM013259	FAM010497	FAM009312	FAM009776	FAM000190	FAM003585	FAM008253	FAM002593	FAM008059	FAM003210	FAM005887	FAM012761	FAM013451	FAM012790	FAM013426	FAM136947	FAM058892	FAM040692	FAM037069	FAM015209
rep948_seed2973	FAM009404	FAM002643	FAM003953	FAM001276	FAM013807	FAM007059	FAM007849	FAM008185	FAM013237	FAM002591	FAM011042	FAM005762	FAM000080	FAM000171	FAM002059	FAM000068	FAM001450	FAM003541	FAM005869	FAM003184	FAM011968	FAM003669	FAM001541	FAM003932	FAM001233	FAM002515	FAM006950	FAM000748	FAM001049	FAM001173	FAM009298	FAM001507	FAM012956	FAM003186	FAM000695	FAM013951	FAM005174	FAM002841	FAM001991	FAM000123	FAM003981	FAM004417	FAM000915	FAM001817	FAM003413	FAM002401	FAM003849	FAM004600	FAM003801	FAM005683	FAM005992	FAM004078	FAM010758	FAM003406	FAM001915	FAM003829	FAM006768	FAM001134	FAM004967	FAM005843	FAM004731	FAM000460	FAM012722	FAM002435	FAM006789	FAM010035	FAM008902	FAM008269	FAM139949	FAM065043	FAM038533	FAM037665	FAM022424
rep949_seed2974	FAM010970	FAM003604	FAM013715	FAM001351	FAM012010	FAM005799	FAM009389	FAM001348	FAM003865	FAM007018	FAM006424	FAM004044	FAM003282	FAM006414	FAM004736	FAM002270	FAM002142	FAM003643	FAM002682	FAM007793	FAM005785	FAM008250	FAM010238	FAM014104	FAM002983	FAM004873	FAM002982	FAM002829	FAM009059	FAM005006	FAM008895	FAM004403	FAM006103	FAM002574	FAM006962	FAM008285	FAM004546	FAM001432	FAM006493	FAM007653	FAM001286	FAM000325	FAM010488	FAM004985	FAM000598	FAM005064	FAM011247	FAM010199	FAM008864	FAM004448	FAM009071	FAM008383	FAM004369	FAM003792	FAM010823	FAM001414	FAM001033	FAM011095	FAM006117	FAM002345	FAM000952	FAM001841	FAM009617	FAM011866	FAM000595	FAM006360	FAM011950	FAM008531	FAM140283	FAM058919	FAM042841	FAM032061	FAM015221
rep950_seed2975	FAM001404	FAM006778	FAM001169	FAM003605	FAM000722	FAM011294	FAM001143	FAM004807	FAM006114	FAM008128	FAM005842	FAM012966	FAM013721	FAM002994	FAM005872	FAM007871	FAM007185	FAM002799	FAM007968	FAM005637	FAM005414	FAM008293	FAM003879	FAM003944	FAM004517	FAM000735	FAM000265	FAM004966	FAM001621	FAM006580	FAM005279	FAM009027	FAM001049	FAM004116	FAM013936	FAM011237	FAM001663	FAM004787	FAM005867	FAM005477	FAM011878	FAM005928	FAM002166	FAM001444	FAM007844	FAM007586	FAM006939	FAM000007	FAM012507	FAM004356	FAM004666	FAM006401	FAM011689	FAM000154	FAM011826	FAM010113	FAM008335	FAM006303	FAM005777	FAM003113	FAM003811	FAM002292	FAM001443	FAM003881	FAM000309	FAM008455	FAM009800	FAM003494	FAM133866	FAM066260	FAM042116	FAM035328	FAM018128
rep951_seed2976	FAM012234	FAM005134	FAM003538	FAM011306	FAM002067	FAM007105	FAM004688	FAM009527	FAM006681	FAM001824	FAM003264	FAM001235	FAM002533	FAM001041	FAM000355	FAM004920	FAM011828	FAM002478	FAM005469	FAM000762	FAM002333	FAM007185	FAM005710	FAM001328	FAM014458	FAM005080	FAM007285	FAM002019	FAM005104	FAM001709	FAM000231	FAM004656	FAM002432	FAM007710	FAM009805	FAM001423	FAM003474	FAM001895	FAM002899	FAM005887	FAM005060	FAM008033	FAM000935	FAM005874	FAM008765	FAM002473	FAM011179	FAM004645	FAM002595	FAM004795	FAM009339	FAM004094	FAM012557	FAM004029	FAM011128	FAM003349	FAM008189	FAM010657	FAM000539	FAM003974	FAM007051	FAM009906	FAM006473	FAM008359	FAM002035	FAM010069	FAM007079	FAM007978	FAM138587	FAM070290	FAM029311	FAM033550	FAM018301
rep952_seed2977	FAM005869	FAM002648	FAM006946	FAM004763	FAM003970	FAM009205	FAM007189	FAM002297	FAM003004	FAM002335	FAM005873	FAM006152	FAM009226	FAM004655	FAM012293	FAM009644	FAM004058	FAM005666	FAM003943	FAM012603	FAM000731	FAM009514	FAM006382	FAM007902	FAM004221	FAM014674	FAM009032	FAM006975	FAM002210	FAM004226	FAM002331	FAM009233	FAM007851	FAM003272	FAM002170	FAM001773	FAM008322	FAM013194	FAM011473	FAM008898	FAM005101	FAM003207	FAM000932	FAM007908	FAM002933	FAM012252	FAM009749	FAM013279	FAM005681	FAM001401	FAM005934	FAM009042	FAM005258	FAM014040	FAM001861	FAM000631	FAM006331	FAM010792	FAM003549	FAM003316	FAM005605	FAM008198	FAM001672	FAM003633	FAM004570	FAM013483	FAM011295	FAM010641	FAM121044	FAM062820	FAM036510	FAM039295	FAM022374
rep953_seed2978	FAM004685	FAM010497	FAM002558	FAM002839	FAM006554	FAM000976	FAM014120	FAM005148	FAM009811	FAM006786	FAM006051	FAM007475	FAM000118	FAM000226	FAM003066	FAM006587	FAM003110	FAM010912	FAM008453	FAM006312	FAM005380	FAM005431	FAM004492	FAM011357	FAM008912	FAM005274	FAM002118	FAM014278	FAM007350	FAM006861	FAM006492	FAM007562	FAM000628	FAM009157	FAM004189	FAM001535	FAM002584	FAM005061	FAM001198	FAM005892	FAM005032	FAM002237	FAM007438	FAM003062	FAM004079	FAM009664	FAM009003	FAM009484	FAM007180	FAM001745	FAM000327	FAM014336	FAM011670	FAM004490	FAM004127	FAM009138	FAM011498	FAM003548	FAM002484	FAM006451	FAM013722	FAM005425	FAM002893	FAM002445	FAM005258	FAM006684	FAM008777	FAM012029	FAM136733	FAM060321	FAM038305	FAM040492	FAM022667
rep954_seed2979	FAM003570	FAM004185	FAM006631	FAM001573	FAM010391	FAM005640	FAM001213	FAM000108	FAM014249	FAM000868	FAM005027	FAM004063	FAM002696	FAM005679	FAM006982	FAM001765	FAM001800	FAM003092	FAM001941	FAM005140	FAM001342	FAM010074	FAM003101	FAM002564	FAM011339	FAM014073	FAM006132	FAM001058	FAM005306	FAM010448	FAM005147	FAM007979	FAM012220	FAM001959	FAM001688	FAM008914	FAM011686	FAM001392	FAM008778	FAM002102	FAM009414	FAM000273	FAM006962	FAM007869	FAM000791	FAM011181	FAM002705	FAM013241	FAM001747	FAM001837	FAM003965	FAM008080	FAM006964	FAM013996	FAM010857	FAM009908	FAM002925	FAM009441	FAM009051	FAM005183	FAM008423	FAM002050	FAM002464	FAM005103	FAM004365	FAM008074	FAM008316	FAM008381	FAM119651	FAM060995	FAM035954	FAM031138	FAM015156
rep955_seed2980	FAM002154	FAM003810	FAM002486	FAM006588	FAM009415	FAM004051	FAM003004	FAM003086	FAM003900	FAM006750	FAM009715	FAM002561	FAM014504	FAM000064	FAM007109	FAM004552	FAM003572	FAM014165	FAM000360	FAM010685	FAM000412	FAM009978	FAM010364	FAM005768	FAM003428	FAM002868	FAM000786	FAM002854	FAM000367	FAM004213	FAM010408	FAM002691	FAM005545	FAM007945	FAM010750	FAM001708	FAM000001	FAM007753	FAM013596	FAM005285	FAM002440	FAM001427	FAM011448	FAM000873	FAM000090	FAM003940	FAM008485	FAM002328	FAM005913	FAM000556	FAM003969	FAM009638	FAM007336	FAM000750	FAM003625	FAM010488	FAM011656	FAM003932	FAM012272	FAM012890	FAM000215	FAM000678	FAM005602	FAM009368	FAM001715	FAM006676	FAM008176	FAM008091	FAM114523	FAM068256	FAM031580	FAM029745	FAM020921
rep956_seed2981	FAM006168	FAM004143	FAM002220	FAM005862	FAM006552	FAM007125	FAM006300	FAM010631	FAM006361	FAM010486	FAM005109	FAM003679	FAM009978	FAM005111	FAM010678	FAM002403	FAM012738	FAM004673	FAM012305	FAM000309	FAM011718	FAM004387	FAM010531	FAM007482	FAM004972	FAM000751	FAM004682	FAM001570	FAM006432	FAM000989	FAM006331	FAM006194	FAM013074	FAM000099	FAM004894	FAM001464	FAM001453	FAM010285	FAM000613	FAM008823	FAM007974	FAM004910	FAM005381	FAM009049	FAM001433	FAM007999	FAM004103	FAM012898	FAM001165	FAM007436	FAM002527	FAM000059	FAM002893	FAM007217	FAM002833	FAM009881	FAM001895	FAM002425	FAM000996	FAM001100	FAM009218	FAM002267	FAM000678	FAM005154	FAM000412	FAM012152	FAM013193	FAM014156	FAM130917	FAM058956	FAM043076	FAM035828	FAM016767
rep957_seed2982	FAM010834	FAM006875	FAM005195	FAM008669	FAM003702	FAM001050	FAM001905	FAM005164	FAM006773	FAM006556	FAM002758	FAM005423	FAM003253	FAM001593	FAM011827	FAM010524	FAM007381	FAM007775	FAM001055	FAM005819	FAM003232	FAM014307	FAM003936	FAM002957	FAM005421	FAM002709	FAM002914	FAM011685	FAM014643	FAM000721	FAM007270	FAM002387	FAM001590	FAM012687	FAM004107	FAM007686	FAM014319	FAM007211	FAM005851	FAM000556	FAM009789	FAM007459	FAM011236	FAM004414	FAM003214	FAM005052	FAM004422	FAM008838	FAM006657	FAM005840	FAM004173	FAM000230	FAM001976	FAM001547	FAM003806	FAM008314	FAM003245	FAM001959	FAM006221	FAM002752	FAM006529	FAM006976	FAM004340	FAM000615	FAM011381	FAM011078	FAM006797	FAM014272	FAM138166	FAM058695	FAM032115	FAM035813	FAM016584
rep958_seed2983	FAM006390	FAM005731	FAM005032	FAM003751	FAM005424	FAM005714	FAM007132	FAM005320	FAM003741	FAM000403	FAM006251	FAM000813	FAM009533	FAM006611	FAM006132	FAM000576	FAM007442	FAM014466	FAM014243	FAM004934	FAM009197	FAM000041	FAM007739	FAM008423	FAM003931	FAM008708	FAM001591	FAM008313	FAM005152	FAM009473	FAM004118	FAM010283	FAM000214	FAM003173	FAM007974	FAM013019	FAM004619	FAM004514	FAM002297	FAM004848	FAM010460	FAM000765	FAM001909	FAM004757	FAM002317	FAM004231	FAM001676	FAM000033	FAM000883	FAM003141	FAM004315	FAM002269	FAM001399	FAM006245	FAM006361	FAM012281	FAM000408	FAM005544	FAM005846	FAM010984	FAM003396	FAM004091	FAM006519	FAM002062	FAM005832	FAM008530	FAM011692	FAM011785	FAM128920	FAM064368	FAM031811	FAM030268	FAM016721
rep959_seed2984	FAM000310	FAM004631	FAM012269	FAM007110	FAM000596	FAM007607	FAM007474	FAM003604	FAM009053	FAM006808	FAM009043	FAM008937	FAM002335	FAM001745	FAM004587	FAM008658	FAM004576	FAM003543	FAM006520	FAM007002	FAM007226	FAM002974	FAM007563	FAM009786	FAM006025	FAM004527	FAM005445	FAM003891	FAM014656	FAM004669	FAM004784	FAM009855	FAM007285	FAM004553	FAM001449	FAM004620	FAM006152	FAM001353	FAM003071	FAM006715	FAM011575	FAM003289	FAM004382	FAM002992	FAM005843	FAM002663	FAM005157	FAM007246	FAM002325	FAM005163	FAM001953	FAM011053	FAM004056	FAM009959	FAM005671	FAM002166	FAM006504	FAM011551	FAM001993	FAM008858	FAM001498	FAM003930	FAM004716	FAM006772	FAM007590	FAM005007	FAM014096	FAM005438	FAM122642	FAM059388	FAM038671	FAM033085	FAM022504
rep960_seed2985	FAM013518	FAM003753	FAM009902	FAM003609	FAM008941	FAM002897	FAM007439	FAM008306	FAM006856	FAM003620	FAM001898	FAM010806	FAM013596	FAM011225	FAM011207	FAM007189	FAM005920	FAM001621	FAM008549	FAM000889	FAM013497	FAM001014	FAM010796	FAM000116	FAM005608	FAM004969	FAM004166	FAM004012	FAM006760	FAM009570	FAM007761	FAM010527	FAM006194	FAM004667	FAM000348	FAM001957	FAM004172	FAM002682	FAM005158	FAM000352	FAM007392	FAM014524	FAM006381	FAM004508	FAM009559	FAM000826	FAM007173	FAM002623	FAM006732	FAM004926	FAM010394	FAM000515	FAM005827	FAM004608	FAM004755	FAM002010	FAM000286	FAM013976	FAM009455	FAM004830	FAM008108	FAM003527	FAM012166	FAM001857	FAM009492	FAM009419	FAM007339	FAM009338	FAM115422	FAM063237	FAM035076	FAM029299	FAM016338
rep961_seed2986	FAM002928	FAM003994	FAM001134	FAM013918	FAM004918	FAM011807	FAM007442	FAM000389	FAM001724	FAM000473	FAM002422	FAM002203	FAM002940	FAM010339	FAM002531	FAM012250	FAM004144	FAM001385	FAM013458	FAM001167	FAM003988	FAM005052	FAM005401	FAM008175	FAM002782	FAM006762	FAM006098	FAM005178	FAM000281	FAM004975	FAM000489	FAM000363	FAM014016	FAM005248	FAM002551	FAM004339	FAM007474	FAM001438	FAM005189	FAM005723	FAM002023	FAM003929	FAM002157	FAM009213	FAM004964	FAM003657	FAM003520	FAM001695	FAM009391	FAM002785	FAM004042	FAM003242	FAM002081	FAM004890	FAM001361	FAM005640	FAM008386	FAM002334	FAM001004	FAM006056	FAM008142	FAM006788	FAM005699	FAM013448	FAM001060	FAM013371	FAM011334	FAM008134	FAM116403	FAM058734	FAM034991	FAM039548	FAM018429
rep962_seed2987	FAM000271	FAM001723	FAM004927	FAM004380	FAM006680	FAM008829	FAM001973	FAM001136	FAM009384	FAM009001	FAM012696	FAM003818	FAM011789	FAM000058	FAM008417	FAM000272	FAM006497	FAM014175	FAM001549	FAM014074	FAM001249	FAM000913	FAM003115	FAM005744	FAM011459	FAM009042	FAM000514	FAM006471	FAM009405	FAM012092	FAM005500	FAM003080	FAM006829	FAM002776	FAM001519	FAM012234	FAM010918	FAM001423	FAM004066	FAM010371	FAM008050	FAM000627	FAM000453	FAM011524	FAM010664	FAM008187	FAM011686	FAM005060	FAM004210	FAM009610	FAM006250	FAM003677	FAM008690	FAM003215	FAM004392	FAM006167	FAM010122	FAM009063	FAM002320	FAM004470	FAM009609	FAM008298	FAM013922	FAM012603	FAM002131	FAM012729	FAM009170	FAM013733	FAM133501	FAM067986	FAM034696	FAM042656	FAM021520
rep963_seed2988	FAM005689	FAM001460	FAM009435	FAM002039	FAM005640	FAM002826	FAM006150	FAM006699	FAM004657	FAM006432	FAM012292	FAM003804	FAM013953	FAM007127	FAM005682	FAM003846	FAM009151	FAM008222	FAM009628	FAM009998	FAM005314	FAM007345	FAM003165	FAM000493	FAM001762	FAM006665	FAM009045	FAM002083	FAM005221	FAM000412	FAM000627	FAM004504	FAM002612	FAM006199	FAM007998	FAM005272	FAM005686	FAM005667	FAM006181	FAM000555	FAM010614	FAM003760	FAM006244	FAM004430	FAM007321	FAM012477	FAM007364	FAM002915	FAM003601	FAM000416	FAM001025	FAM012571	FAM000706	FAM013122	FAM005516	FAM001688	FAM010970	FAM010474	FAM004038	FAM004211	FAM008196	FAM001857	FAM000817	FAM001269	FAM009958	FAM011480	FAM009088	FAM011274	FAM111468	FAM064565	FAM032340	FAM042518	FAM026211
rep964_seed2989	FAM007247	FAM005158	FAM000836	FAM008799	FAM004998	FAM009564	FAM012000	FAM000839	FAM004769	FAM009357	FAM000341	FAM003599	FAM014375	FAM012052	FAM012143	FAM004753	FAM001855	FAM004443	FAM004667	FAM007060	FAM004214	FAM010551	FAM000888	FAM006752	FAM002961	FAM004378	FAM004389	FAM009885	FAM005005	FAM003468	FAM006811	FAM006656	FAM005771	FAM004992	FAM005421	FAM005272	FAM005231	FAM000940	FAM004845	FAM013630	FAM008336	FAM002031	FAM001410	FAM004775	FAM002933	FAM004359	FAM002163	FAM011306	FAM003872	FAM001734	FAM000150	FAM004648	FAM004947	FAM003823	FAM005321	FAM002320	FAM002645	FAM005464	FAM004485	FAM002779	FAM004542	FAM009945	FAM000586	FAM007817	FAM007604	FAM008415	FAM012583	FAM006507	FAM136733	FAM058413	FAM035639	FAM042202	FAM018309
rep965_seed2990	FAM005977	FAM001936	FAM004449	FAM006673	FAM006014	FAM001712	FAM001449	FAM013648	FAM009870	FAM005238	FAM004373	FAM006910	FAM007718	FAM014336	FAM005805	FAM000363	FAM012913	FAM008773	FAM005477	FAM002911	FAM000497	FAM001505	FAM008330	FAM005228	FAM003985	FAM006804	FAM008915	FAM008171	FAM002221	FAM001075	FAM007470	FAM003192	FAM001556	FAM008257	FAM003398	FAM010805	FAM009243	FAM004388	FAM004120	FAM009796	FAM001413	FAM005250	FAM008062	FAM003073	FAM002918	FAM004908	FAM001765	FAM010245	FAM005212	FAM003199	FAM006662	FAM000992	FAM004722	FAM006614	FAM003906	FAM005121	FAM011063	FAM009904	FAM006119	FAM007228	FAM009208	FAM008986	FAM001914	FAM008080	FAM012742	FAM013114	FAM008194	FAM015185	FAM136414	FAM063111	FAM033162	FAM043201	FAM022868
rep966_seed2991	FAM006645	FAM006206	FAM003751	FAM014408	FAM001366	FAM006244	FAM008631	FAM011705	FAM001906	FAM006521	FAM003911	FAM004743	FAM008838	FAM006734	FAM004605	FAM009073	FAM001681	FAM000133	FAM001745	FAM011986	FAM002548	FAM004423	FAM002870	FAM000066	FAM000918	FAM007893	FAM002388	FAM011159	FAM013624	FAM005199	FAM007397	FAM001626	FAM003295	FAM012275	FAM012447	FAM000906	FAM003579	FAM000601	FAM005278	FAM006745	FAM002387	FAM001331	FAM000937	FAM001762	FAM007050	FAM006211	FAM002991	FAM000892	FAM006731	FAM007016	FAM000857	FAM003532	FAM008253	FAM011085	FAM003301	FAM007535	FAM014066	FAM001597	FAM002162	FAM008404	FAM007003	FAM003541	FAM004034	FAM002198	FAM001832	FAM014587	FAM010841	FAM004905	FAM123478	FAM061177	FAM041691	FAM034115	FAM024680
rep967_seed2992	FAM003445	FAM004628	FAM004039	FAM004329	FAM007895	FAM005071	FAM001482	FAM011451	FAM005061	FAM004998	FAM003457	FAM012344	FAM006473	FAM008641	FAM006043	FAM000728	FAM004755	FAM013118	FAM005142	FAM010824	FAM004957	FAM013844	FAM005351	FAM009017	FAM006348	FAM005716	FAM005170	FAM009732	FAM008123	FAM007270	FAM002704	FAM002699	FAM006028	FAM009528	FAM002168	FAM005839	FAM014483	FAM009119	FAM001734	FAM000771	FAM006742	FAM004531	FAM003665	FAM006950	FAM007793	FAM010290	FAM001818	FAM001683	FAM002519	FAM011140	FAM007435	FAM013449	FAM003239	FAM003648	FAM000149	FAM004629	FAM010714	FAM000597	FAM001276	FAM006759	FAM005387	FAM005097	FAM004471	FAM010023	FAM002888	FAM012633	FAM014234	FAM007588	FAM143534	FAM066084	FAM032237	FAM042611	FAM015464
rep968_seed2993	FAM003586	FAM008859	FAM002597	FAM009151	FAM007925	FAM003709	FAM005968	FAM000719	FAM007542	FAM005807	FAM002924	FAM006644	FAM011687	FAM006396	FAM003615	FAM009418	FAM007680	FAM001282	FAM003792	FAM003473	FAM005704	FAM010418	FAM013311	FAM002894	FAM004636	FAM001286	FAM008898	FAM001033	FAM002238	FAM008314	FAM000188	FAM001688	FAM005238	FAM013715	FAM001942	FAM004937	FAM007512	FAM006707	FAM003263	FAM000127	FAM005068	FAM001648	FAM013732	FAM003319	FAM010789	FAM008660	FAM007525	FAM007627	FAM009417	FAM004537	FAM004671	FAM005817	FAM011121	FAM000489	FAM008056	FAM004791	FAM000226	FAM004283	FAM005610	FAM004770	FAM012248	FAM006554	FAM008120	FAM006216	FAM002768	FAM006936	FAM009202	FAM014324	FAM111468	FAM067633	FAM040909	FAM037240	FAM025628
rep969_seed2994	FAM000438	FAM000300	FAM005274	FAM008816	FAM000707	FAM005352	FAM012024	FAM010595	FAM002436	FAM004179	FAM002915	FAM004636	FAM004868	FAM001579	FAM000473	FAM001497	FAM002737	FAM004679	FAM001251	FAM007303	FAM006172	FAM008321	FAM002922	FAM007621	FAM003940	FAM005385	FAM001515	FAM004746	FAM004935	FAM008184	FAM005362	FAM012151	FAM003515	FAM004969	FAM004653	FAM002940	FAM003544	FAM006304	FAM006831	FAM002397	FAM010642	FAM001786	FAM003994	FAM002087	FAM003365	FAM001849	FAM014278	FAM004161	FAM005708	FAM001265	FAM012933	FAM001720	FAM007117	FAM001072	FAM000786	FAM003890	FAM011225	FAM008020	FAM004822	FAM011420	FAM012794	FAM003455	FAM005009	FAM013698	FAM010054	FAM008216	FAM011172	FAM009282	FAM117578	FAM059138	FAM030708	FAM038869	FAM024099
rep970_seed2995	FAM009059	FAM011031	FAM001186	FAM009274	FAM011867	FAM000398	FAM002676	FAM004339	FAM006240	FAM009213	FAM005000	FAM006667	FAM006468	FAM003947	FAM003084	FAM005812	FAM002102	FAM000808	FAM002520	FAM005711	FAM002340	FAM004313	FAM014413	FAM002901	FAM005909	FAM008796	FAM010202	FAM001066	FAM005784	FAM001720	FAM006705	FAM010588	FAM004146	FAM002861	FAM002325	FAM014319	FAM005864	FAM011200	FAM004953	FAM000502	FAM004202	FAM010394	FAM001712	FAM001864	FAM008888	FAM004704	FAM007344	FAM001549	FAM004862	FAM009124	FAM001831	FAM006389	FAM004614	FAM010798	FAM003233	FAM011754	FAM005446	FAM001238	FAM010708	FAM003157	FAM012007	FAM004549	FAM000965	FAM008601	FAM006537	FAM009890	FAM011490	FAM012541	FAM127292	FAM057661	FAM037172	FAM033085	FAM021253
rep971_seed2996	FAM004333	FAM003407	FAM003163	FAM011840	FAM005587	FAM003457	FAM007744	FAM008740	FAM009579	FAM004857	FAM001192	FAM010375	FAM004865	FAM009219	FAM011345	FAM004423	FAM003156	FAM004430	FAM012591	FAM009378	FAM012678	FAM007266	FAM007434	FAM005895	FAM002360	FAM004140	FAM005135	FAM010104	FAM003000	FAM001573	FAM014016	FAM008355	FAM002451	FAM012527	FAM001498	FAM009342	FAM007547	FAM005907	FAM005209	FAM004639	FAM005047	FAM002798	FAM005902	FAM000947	FAM004667	FAM005713	FAM007869	FAM003471	FAM005560	FAM006685	FAM008274	FAM006406	FAM003925	FAM012098	FAM003177	FAM002536	FAM005027	FAM006451	FAM004134	FAM008312	FAM000408	FAM003354	FAM001730	FAM003798	FAM007096	FAM008533	FAM008882	FAM008762	FAM121931	FAM064889	FAM040341	FAM039142	FAM025947
rep972_seed2997	FAM008934	FAM000276	FAM000766	FAM005189	FAM000565	FAM007325	FAM003674	FAM002409	FAM008807	FAM010413	FAM003607	FAM000990	FAM006592	FAM010352	FAM002156	FAM009744	FAM000792	FAM003930	FAM006672	FAM006631	FAM001781	FAM001285	FAM003126	FAM000759	FAM007509	FAM000838	FAM012479	FAM006586	FAM001338	FAM001591	FAM001384	FAM005689	FAM004265	FAM010407	FAM005999	FAM000184	FAM006912	FAM006776	FAM003523	FAM005690	FAM011882	FAM005552	FAM003581	FAM003441	FAM011179	FAM002710	FAM010964	FAM004649	FAM008553	FAM002980	FAM006962	FAM008021	FAM004745	FAM006159	FAM010173	FAM002599	FAM005016	FAM011085	FAM010574	FAM007247	FAM000790	FAM004620	FAM006655	FAM011789	FAM008435	FAM007505	FAM011839	FAM011787	FAM128151	FAM074125	FAM042839	FAM036016	FAM024516
rep973_seed2998	FAM010202	FAM008420	FAM010608	FAM011561	FAM002052	FAM007051	FAM001862	FAM001937	FAM001884	FAM009049	FAM014404	FAM002843	FAM011104	FAM002840	FAM002526	FAM001648	FAM009796	FAM002607	FAM003523	FAM001967	FAM004051	FAM003538	FAM004701	FAM002499	FAM007563	FAM006680	FAM002786	FAM003066	FAM011105	FAM012809	FAM007889	FAM007613	FAM002775	FAM009712	FAM007668	FAM005206	FAM009159	FAM008990	FAM013551	FAM005849	FAM006992	FAM001909	FAM004371	FAM011892	FAM010866	FAM013844	FAM002262	FAM000701	FAM007278	FAM005254	FAM000592	FAM000265	FAM002806	FAM000906	FAM013966	FAM005011	FAM000460	FAM006150	FAM006853	FAM001435	FAM002106	FAM008517	FAM006667	FAM010558	FAM002378	FAM013737	FAM008880	FAM015305	FAM139432	FAM068055	FAM040692	FAM041034	FAM016743
rep974_seed2999	FAM006041	FAM006314	FAM003620	FAM001772	FAM008065	FAM005641	FAM004456	FAM003347	FAM006401	FAM001657	FAM006097	FAM000493	FAM003948	FAM005363	FAM009330	FAM000089	FAM003253	FAM004952	FAM002073	FAM009905	FAM006128	FAM012489	FAM004718	FAM003642	FAM004441	FAM001710	FAM011042	FAM008473	FAM008283	FAM000966	FAM008727	FAM003424	FAM012259	FAM001176	FAM008500	FAM004403	FAM008386	FAM007447	FAM003436	FAM005170	FAM013752	FAM004918	FAM009596	FAM000360	FAM000176	FAM000905	FAM003796	FAM002352	FAM003752	FAM008472	FAM007479	FAM000067	FAM007967	FAM001108	FAM002802	FAM005258	FAM007344	FAM004652	FAM006845	FAM000928	FAM003500	FAM000997	FAM010522	FAM009894	FAM001071	FAM009123	FAM009048	FAM011221	FAM114096	FAM075070	FAM033133	FAM031637	FAM021497
rep975_seed3000	FAM007682	FAM005587	FAM005565	FAM001876	FAM010967	FAM002772	FAM001652	FAM010812	FAM010459	FAM002974	FAM010531	FAM003407	FAM007709	FAM011444	FAM004626	FAM011666	FAM002665	FAM004192	FAM001875	FAM003160	FAM002533	FAM002133	FAM000550	FAM010445	FAM001465	FAM002447	FAM000545	FAM005046	FAM013021	FAM014668	FAM006634	FAM002233	FAM005184	FAM002067	FAM004685	FAM002568	FAM002183	FAM002392	FAM001040	FAM000483	FAM001378	FAM005767	FAM006047	FAM010883	FAM000064	FAM004463	FAM004799	FAM005227	FAM000040	FAM007604	FAM006021	FAM003514	FAM007809	FAM005501	FAM002588	FAM007128	FAM000471	FAM014520	FAM010385	FAM005865	FAM009663	FAM008763	FAM009471	FAM000546	FAM006983	FAM007505	FAM009482	FAM010458	FAM132435	FAM063421	FAM034679	FAM032247	FAM028491
rep976_seed3001	FAM007203	FAM001249	FAM006353	FAM004668	FAM004020	FAM000842	FAM007682	FAM001785	FAM009929	FAM006892	FAM011212	FAM002479	FAM002570	FAM006119	FAM000741	FAM002423	FAM010249	FAM010619	FAM008736	FAM001974	FAM000087	FAM000012	FAM000651	FAM000960	FAM004741	FAM000171	FAM000015	FAM005682	FAM002612	FAM013069	FAM012390	FAM010231	FAM004648	FAM005314	FAM005249	FAM006250	FAM013529	FAM007966	FAM004190	FAM007395	FAM005306	FAM010036	FAM007559	FAM004011	FAM002606	FAM002123	FAM002911	FAM000891	FAM005264	FAM005674	FAM006934	FAM004290	FAM000780	FAM007337	FAM014520	FAM013671	FAM000732	FAM004939	FAM002162	FAM000794	FAM009404	FAM009445	FAM010585	FAM005346	FAM000551	FAM006659	FAM010240	FAM013960	FAM119860	FAM065394	FAM044963	FAM038338	FAM016815
rep977_seed3002	FAM003704	FAM005036	FAM006640	FAM007553	FAM005046	FAM002674	FAM012290	FAM000304	FAM011347	FAM003612	FAM006693	FAM003832	FAM001694	FAM014436	FAM006868	FAM004602	FAM004334	FAM006734	FAM006622	FAM000547	FAM001352	FAM004562	FAM006348	FAM012856	FAM002397	FAM010356	FAM013858	FAM002811	FAM004448	FAM001995	FAM006994	FAM002911	FAM000595	FAM000162	FAM001505	FAM003154	FAM003338	FAM005242	FAM000028	FAM003266	FAM001572	FAM005102	FAM005694	FAM003493	FAM003803	FAM006016	FAM000140	FAM000324	FAM012880	FAM000515	FAM003099	FAM009688	FAM005122	FAM005681	FAM003949	FAM002626	FAM001595	FAM013668	FAM005303	FAM006139	FAM005735	FAM005113	FAM001278	FAM013797	FAM000258	FAM008946	FAM013147	FAM014209	FAM134041	FAM061233	FAM042215	FAM035013	FAM027701
rep978_seed3003	FAM004141	FAM014141	FAM001220	FAM007001	FAM003822	FAM007911	FAM013324	FAM008000	FAM007642	FAM003861	FAM003660	FAM003668	FAM001845	FAM002570	FAM007718	FAM005359	FAM000667	FAM011130	FAM005525	FAM000982	FAM003601	FAM007566	FAM006651	FAM004047	FAM003899	FAM004646	FAM002138	FAM009723	FAM004128	FAM009857	FAM003949	FAM002592	FAM003231	FAM002808	FAM003493	FAM003107	FAM000466	FAM000876	FAM008687	FAM003221	FAM002561	FAM003737	FAM006459	FAM007407	FAM006264	FAM004903	FAM003629	FAM002983	FAM004676	FAM000038	FAM007537	FAM006429	FAM008350	FAM000456	FAM008140	FAM011668	FAM009986	FAM000323	FAM005199	FAM005549	FAM003796	FAM002267	FAM007447	FAM005195	FAM005787	FAM004724	FAM009267	FAM009257	FAM120877	FAM060452	FAM037852	FAM043002	FAM029109
rep979_seed3004	FAM007028	FAM014674	FAM000114	FAM001385	FAM003098	FAM009857	FAM005872	FAM012363	FAM006389	FAM013570	FAM005555	FAM001618	FAM005388	FAM004158	FAM002302	FAM006355	FAM001062	FAM003632	FAM004642	FAM010514	FAM008322	FAM006575	FAM011656	FAM004673	FAM001819	FAM005542	FAM001180	FAM002266	FAM003129	FAM006296	FAM003817	FAM003582	FAM002165	FAM003079	FAM000272	FAM000293	FAM005568	FAM011502	FAM001535	FAM005429	FAM001423	FAM001608	FAM003765	FAM003811	FAM001622	FAM005595	FAM003681	FAM012867	FAM002176	FAM002131	FAM002645	FAM004305	FAM010756	FAM003218	FAM005694	FAM004594	FAM005053	FAM009013	FAM013242	FAM002349	FAM010295	FAM011586	FAM003433	FAM001401	FAM004396	FAM006922	FAM008608	FAM013339	FAM116336	FAM060164	FAM032522	FAM029417	FAM022174
rep980_seed3005	FAM003926	FAM001640	FAM007474	FAM008869	FAM001915	FAM007696	FAM013723	FAM001637	FAM005297	FAM006630	FAM000543	FAM003849	FAM007421	FAM004330	FAM004856	FAM012707	FAM008827	FAM008700	FAM002410	FAM004036	FAM004862	FAM007463	FAM003247	FAM001379	FAM006446	FAM002006	FAM001100	FAM009151	FAM003306	FAM005790	FAM004774	FAM014264	FAM000839	FAM005963	FAM002043	FAM008037	FAM008971	FAM008193	FAM009233	FAM001430	FAM006442	FAM006729	FAM010267	FAM006802	FAM012222	FAM003282	FAM007165	FAM002757	FAM002489	FAM003989	FAM002480	FAM002716	FAM006764	FAM010588	FAM001726	FAM006933	FAM002241	FAM004659	FAM000152	FAM008329	FAM004337	FAM011537	FAM008660	FAM004867	FAM001526	FAM008066	FAM007408	FAM008262	FAM133120	FAM060433	FAM042053	FAM042202	FAM029097
rep981_seed3006	FAM010342	FAM003953	FAM000854	FAM008754	FAM009596	FAM002508	FAM002149	FAM008073	FAM005983	FAM002301	FAM004439	FAM008003	FAM000281	FAM000132	FAM000798	FAM012610	FAM008701	FAM004371	FAM001337	FAM010923	FAM003299	FAM000314	FAM001943	FAM009713	FAM009534	FAM008501	FAM003565	FAM000006	FAM006461	FAM013630	FAM012540	FAM000553	FAM005471	FAM001830	FAM001159	FAM000711	FAM003045	FAM002881	FAM008175	FAM001816	FAM006844	FAM001489	FAM002710	FAM001045	FAM004095	FAM006116	FAM005884	FAM001004	FAM001729	FAM007730	FAM000528	FAM002627	FAM002043	FAM010917	FAM004897	FAM002024	FAM005368	FAM005118	FAM000593	FAM003460	FAM002100	FAM004712	FAM003171	FAM011147	FAM005435	FAM006755	FAM009495	FAM011256	FAM144387	FAM060213	FAM038467	FAM035331	FAM026720
rep982_seed3007	FAM004378	FAM001060	FAM006020	FAM001597	FAM002482	FAM002501	FAM004510	FAM002316	FAM008204	FAM012101	FAM011092	FAM004671	FAM010737	FAM002886	FAM003755	FAM010788	FAM011181	FAM001773	FAM000795	FAM006642	FAM010099	FAM006742	FAM012879	FAM004131	FAM006121	FAM004150	FAM001921	FAM003024	FAM001928	FAM003301	FAM002423	FAM003240	FAM009698	FAM004020	FAM012367	FAM007372	FAM003526	FAM004124	FAM009116	FAM002866	FAM006243	FAM002999	FAM001328	FAM000794	FAM003213	FAM003789	FAM000397	FAM011826	FAM014264	FAM000101	FAM003162	FAM007319	FAM012720	FAM002034	FAM004715	FAM001352	FAM005078	FAM011407	FAM008913	FAM013330	FAM004070	FAM004186	FAM007173	FAM003274	FAM002709	FAM009685	FAM006017	FAM010914	FAM139870	FAM064483	FAM037812	FAM039295	FAM019479
rep983_seed3008	FAM009417	FAM001326	FAM003006	FAM007487	FAM007910	FAM007179	FAM004172	FAM003335	FAM002349	FAM003840	FAM005849	FAM003334	FAM002204	FAM003067	FAM002538	FAM006446	FAM007146	FAM000822	FAM002738	FAM000518	FAM004681	FAM007752	FAM011345	FAM009005	FAM008645	FAM010292	FAM001959	FAM006183	FAM005543	FAM009196	FAM004017	FAM003433	FAM004319	FAM003734	FAM006031	FAM002550	FAM009175	FAM006324	FAM001608	FAM008059	FAM012477	FAM003674	FAM011515	FAM008328	FAM002307	FAM007504	FAM005496	FAM000727	FAM011443	FAM009308	FAM007612	FAM009970	FAM000635	FAM006487	FAM008947	FAM006045	FAM001606	FAM000894	FAM009226	FAM001882	FAM009027	FAM006185	FAM002303	FAM008525	FAM000058	FAM009067	FAM006669	FAM012682	FAM140707	FAM073820	FAM043212	FAM030390	FAM017486
rep984_seed3009	FAM002184	FAM000812	FAM011417	FAM013021	FAM002361	FAM006051	FAM012502	FAM011489	FAM005103	FAM005827	FAM003234	FAM006299	FAM009585	FAM003575	FAM001086	FAM012547	FAM006764	FAM008691	FAM000362	FAM001223	FAM005555	FAM003559	FAM004052	FAM002973	FAM005832	FAM004495	FAM005429	FAM007924	FAM010256	FAM005293	FAM009922	FAM010571	FAM002476	FAM013028	FAM002487	FAM002318	FAM008833	FAM003626	FAM003738	FAM002444	FAM007384	FAM014066	FAM006690	FAM002300	FAM004627	FAM006142	FAM004215	FAM005356	FAM000545	FAM002682	FAM002227	FAM001409	FAM005159	FAM002226	FAM000011	FAM001857	FAM010052	FAM004679	FAM000315	FAM003542	FAM001833	FAM000483	FAM000870	FAM010391	FAM000420	FAM006727	FAM007558	FAM014082	FAM147084	FAM066965	FAM041921	FAM032374	FAM022214
rep985_seed3010	FAM005368	FAM008854	FAM002766	FAM002363	FAM008188	FAM003198	FAM006414	FAM001735	FAM005236	FAM000760	FAM006354	FAM010873	FAM004058	FAM004108	FAM004141	FAM003545	FAM006826	FAM001585	FAM003783	FAM002085	FAM004710	FAM002258	FAM002374	FAM012756	FAM003398	FAM001102	FAM012028	FAM006438	FAM001812	FAM005813	FAM007529	FAM007095	FAM006808	FAM003976	FAM000157	FAM005319	FAM008867	FAM012946	FAM002123	FAM010753	FAM003909	FAM002851	FAM008545	FAM006863	FAM001679	FAM010292	FAM007036	FAM006801	FAM006104	FAM006011	FAM013051	FAM001968	FAM004280	FAM002165	FAM011483	FAM003252	FAM004423	FAM003313	FAM009702	FAM006692	FAM003652	FAM002381	FAM009534	FAM006321	FAM006347	FAM011463	FAM006572	FAM010310	FAM132307	FAM066988	FAM034993	FAM034965	FAM016721
rep986_seed3011	FAM010642	FAM004976	FAM008359	FAM009885	FAM008165	FAM006624	FAM004556	FAM007541	FAM008635	FAM000760	FAM001459	FAM002179	FAM008196	FAM000680	FAM004168	FAM001959	FAM008080	FAM002971	FAM013128	FAM006667	FAM012722	FAM006129	FAM012343	FAM006302	FAM003493	FAM004845	FAM003891	FAM001485	FAM004866	FAM008827	FAM002769	FAM002676	FAM001364	FAM000014	FAM005687	FAM007270	FAM001657	FAM006595	FAM003319	FAM004415	FAM005541	FAM005996	FAM007981	FAM001815	FAM012476	FAM007313	FAM001410	FAM000796	FAM005067	FAM007274	FAM001529	FAM010200	FAM003862	FAM001901	FAM000858	FAM005183	FAM010832	FAM010443	FAM002161	FAM004533	FAM004989	FAM004027	FAM002851	FAM000777	FAM006925	FAM006899	FAM013270	FAM008725	FAM110635	FAM060995	FAM035690	FAM030985	FAM018136
rep987_seed3012	FAM009660	FAM005045	FAM005911	FAM010348	FAM001209	FAM002670	FAM004632	FAM000944	FAM001537	FAM009155	FAM008517	FAM012866	FAM003128	FAM004887	FAM007101	FAM000113	FAM012937	FAM008031	FAM000679	FAM004353	FAM000591	FAM009591	FAM001261	FAM001474	FAM001028	FAM014610	FAM007867	FAM005147	FAM000976	FAM010226	FAM013337	FAM007429	FAM000190	FAM007268	FAM006338	FAM004045	FAM006348	FAM002673	FAM009105	FAM008129	FAM004252	FAM005026	FAM004253	FAM004413	FAM002532	FAM001965	FAM002697	FAM006105	FAM002564	FAM001528	FAM003554	FAM000077	FAM003537	FAM000618	FAM004756	FAM014471	FAM007729	FAM007184	FAM003460	FAM013923	FAM008840	FAM014279	FAM007684	FAM003326	FAM004631	FAM011034	FAM011556	FAM010103	FAM128795	FAM059138	FAM035954	FAM035191	FAM018128
rep988_seed3013	FAM003548	FAM003783	FAM004986	FAM009825	FAM013442	FAM008407	FAM006208	FAM004476	FAM005056	FAM008070	FAM001327	FAM005361	FAM007344	FAM001122	FAM008997	FAM008170	FAM001487	FAM005245	FAM011377	FAM004544	FAM004636	FAM001082	FAM014279	FAM000671	FAM005649	FAM002582	FAM005482	FAM012809	FAM000890	FAM009583	FAM003193	FAM007900	FAM001574	FAM002438	FAM000191	FAM005392	FAM012624	FAM006125	FAM006935	FAM004973	FAM010646	FAM008412	FAM002307	FAM007448	FAM002388	FAM003593	FAM002780	FAM001694	FAM007226	FAM011621	FAM005767	FAM004485	FAM010198	FAM005690	FAM001675	FAM007516	FAM004081	FAM007685	FAM001723	FAM011439	FAM014408	FAM004878	FAM010721	FAM000471	FAM008957	FAM008734	FAM008176	FAM011943	FAM136947	FAM057805	FAM039933	FAM040578	FAM024035
rep989_seed3014	FAM008502	FAM000490	FAM006643	FAM005173	FAM002882	FAM008549	FAM001970	FAM000647	FAM005601	FAM004114	FAM007910	FAM001281	FAM009195	FAM003523	FAM008149	FAM008992	FAM005477	FAM012865	FAM000922	FAM005475	FAM005378	FAM014668	FAM008532	FAM007566	FAM003240	FAM008929	FAM004095	FAM009205	FAM000635	FAM002206	FAM000473	FAM003994	FAM008540	FAM007451	FAM004005	FAM002787	FAM009986	FAM004043	FAM011653	FAM003391	FAM004053	FAM004241	FAM006101	FAM008059	FAM001289	FAM004730	FAM009345	FAM001959	FAM008879	FAM013996	FAM007032	FAM004016	FAM001768	FAM004791	FAM005817	FAM004285	FAM004789	FAM009387	FAM006151	FAM000680	FAM005707	FAM000117	FAM009061	FAM004793	FAM000250	FAM006308	FAM007906	FAM013546	FAM135370	FAM067874	FAM040792	FAM029306	FAM026439
rep990_seed3015	FAM002391	FAM010709	FAM002903	FAM004786	FAM007221	FAM002399	FAM007659	FAM003736	FAM008891	FAM008094	FAM008943	FAM001534	FAM003633	FAM006780	FAM007063	FAM008395	FAM005265	FAM008903	FAM006023	FAM008766	FAM005127	FAM000408	FAM001240	FAM001191	FAM009711	FAM002639	FAM003957	FAM009194	FAM002851	FAM000755	FAM001369	FAM001829	FAM009609	FAM014636	FAM012564	FAM008073	FAM002212	FAM003317	FAM002975	FAM006267	FAM002604	FAM011652	FAM003821	FAM000263	FAM013894	FAM006461	FAM007115	FAM001116	FAM005096	FAM007592	FAM012828	FAM004217	FAM004354	FAM003760	FAM004435	FAM007604	FAM000511	FAM000734	FAM005843	FAM010912	FAM002662	FAM009479	FAM001636	FAM004871	FAM006384	FAM009606	FAM010331	FAM010282	FAM129226	FAM066785	FAM037497	FAM034288	FAM019620
rep991_seed3016	FAM000520	FAM008696	FAM002005	FAM009083	FAM003563	FAM009332	FAM003570	FAM006150	FAM010707	FAM002689	FAM002572	FAM013277	FAM013294	FAM006305	FAM007869	FAM005933	FAM003366	FAM009053	FAM011915	FAM007564	FAM003874	FAM000213	FAM001571	FAM011257	FAM002556	FAM003917	FAM004061	FAM001908	FAM007809	FAM006033	FAM005590	FAM003455	FAM001205	FAM000100	FAM005325	FAM005916	FAM007535	FAM007721	FAM005148	FAM004251	FAM003486	FAM004935	FAM002271	FAM000230	FAM008232	FAM011443	FAM009108	FAM000008	FAM002392	FAM003311	FAM013082	FAM014429	FAM004631	FAM014123	FAM000211	FAM002136	FAM014483	FAM007374	FAM005101	FAM008060	FAM004225	FAM009773	FAM006045	FAM004533	FAM002251	FAM010066	FAM011185	FAM010733	FAM138587	FAM069530	FAM035889	FAM039180	FAM028662
rep992_seed3017	FAM008786	FAM013835	FAM009369	FAM003480	FAM002984	FAM004077	FAM002750	FAM008561	FAM001417	FAM005064	FAM007967	FAM010728	FAM008548	FAM008323	FAM004111	FAM007529	FAM003711	FAM000828	FAM010594	FAM010471	FAM003995	FAM012138	FAM006752	FAM000888	FAM003368	FAM011459	FAM006910	FAM010701	FAM003062	FAM007306	FAM006319	FAM003106	FAM000061	FAM005261	FAM007735	FAM007973	FAM002219	FAM008519	FAM011586	FAM003596	FAM000055	FAM008794	FAM007687	FAM000021	FAM002695	FAM003633	FAM005487	FAM001997	FAM002989	FAM001913	FAM013056	FAM000232	FAM004839	FAM002141	FAM005482	FAM004949	FAM003326	FAM010493	FAM003903	FAM005522	FAM002592	FAM001331	FAM004700	FAM006297	FAM006111	FAM007771	FAM008600	FAM012648	FAM125475	FAM058919	FAM037600	FAM035041	FAM018811
rep993_seed3018	FAM008309	FAM008487	FAM012105	FAM001763	FAM001633	FAM004841	FAM000368	FAM004807	FAM007502	FAM000250	FAM003976	FAM000584	FAM003616	FAM006787	FAM010542	FAM001531	FAM003566	FAM007851	FAM000041	FAM001119	FAM009507	FAM002276	FAM006703	FAM006052	FAM007406	FAM008933	FAM007747	FAM006298	FAM000025	FAM006492	FAM000997	FAM000216	FAM003424	FAM004152	FAM010358	FAM008649	FAM008536	FAM003229	FAM005836	FAM001659	FAM005285	FAM001994	FAM010522	FAM001833	FAM003636	FAM014012	FAM010231	FAM002795	FAM010228	FAM011801	FAM006979	FAM007539	FAM003612	FAM005709	FAM007449	FAM001528	FAM003447	FAM008767	FAM007509	FAM002710	FAM000819	FAM008799	FAM004065	FAM007064	FAM008226	FAM008429	FAM010244	FAM010944	FAM145739	FAM072537	FAM031811	FAM037469	FAM024427
rep994_seed3019	FAM001949	FAM005487	FAM004175	FAM006427	FAM005278	FAM000332	FAM000053	FAM008963	FAM000506	FAM008376	FAM008889	FAM001501	FAM010354	FAM002196	FAM000328	FAM007575	FAM009711	FAM005846	FAM001792	FAM011924	FAM008138	FAM002553	FAM003375	FAM007164	FAM005832	FAM000037	FAM005906	FAM007607	FAM002314	FAM009561	FAM010697	FAM013070	FAM004985	FAM005024	FAM002513	FAM003842	FAM002701	FAM005176	FAM005145	FAM005058	FAM001044	FAM003598	FAM006475	FAM001748	FAM000895	FAM005249	FAM010371	FAM010821	FAM009925	FAM009219	FAM002907	FAM013797	FAM004480	FAM000522	FAM005913	FAM003965	FAM005679	FAM004043	FAM012564	FAM005867	FAM013490	FAM013930	FAM002454	FAM007807	FAM013464	FAM004664	FAM007227	FAM010311	FAM113262	FAM065091	FAM032475	FAM035017	FAM025120
rep995_seed3020	FAM011586	FAM004967	FAM003672	FAM005570	FAM007093	FAM009427	FAM001557	FAM000997	FAM006430	FAM001532	FAM007512	FAM014045	FAM003550	FAM000007	FAM001249	FAM002762	FAM002331	FAM001659	FAM007539	FAM008156	FAM010637	FAM000434	FAM000829	FAM011867	FAM002347	FAM006380	FAM001380	FAM004949	FAM000409	FAM005219	FAM001239	FAM000211	FAM002032	FAM009732	FAM009786	FAM003637	FAM004254	FAM008313	FAM004577	FAM000014	FAM003899	FAM014090	FAM007085	FAM002960	FAM000674	FAM001500	FAM002228	FAM005344	FAM004470	FAM004229	FAM001551	FAM005543	FAM008660	FAM005029	FAM004998	FAM008107	FAM001761	FAM000885	FAM003173	FAM005222	FAM001878	FAM004725	FAM005723	FAM007695	FAM005179	FAM011094	FAM012042	FAM005783	FAM128952	FAM057860	FAM037208	FAM042049	FAM020807
rep996_seed3021	FAM004039	FAM006487	FAM005211	FAM005450	FAM001148	FAM004908	FAM008547	FAM006401	FAM009715	FAM011107	FAM003506	FAM002985	FAM001149	FAM009121	FAM001493	FAM003246	FAM001000	FAM002930	FAM001719	FAM003699	FAM003087	FAM006058	FAM004667	FAM001747	FAM012422	FAM001780	FAM007668	FAM011106	FAM007180	FAM000971	FAM003526	FAM006651	FAM001603	FAM001379	FAM008335	FAM005057	FAM000906	FAM004954	FAM011500	FAM005274	FAM008329	FAM003744	FAM000125	FAM002217	FAM002613	FAM010232	FAM013563	FAM010709	FAM006478	FAM006390	FAM002567	FAM004469	FAM010288	FAM006168	FAM011852	FAM009039	FAM000099	FAM010685	FAM004365	FAM006780	FAM003499	FAM001928	FAM008040	FAM007557	FAM007754	FAM010357	FAM010127	FAM006507	FAM126289	FAM067146	FAM031252	FAM034706	FAM017585
rep997_seed3022	FAM011761	FAM004854	FAM005591	FAM003460	FAM003999	FAM003414	FAM003525	FAM001194	FAM009660	FAM012726	FAM004464	FAM001622	FAM000852	FAM011013	FAM006087	FAM008737	FAM000890	FAM005019	FAM003425	FAM009490	FAM003431	FAM008476	FAM000448	FAM012158	FAM004438	FAM000281	FAM000821	FAM012417	FAM005147	FAM007459	FAM000726	FAM005683	FAM004615	FAM007680	FAM004413	FAM008071	FAM006423	FAM001954	FAM001011	FAM001979	FAM009243	FAM006457	FAM002668	FAM002591	FAM005024	FAM014305	FAM003627	FAM003319	FAM010745	FAM008538	FAM012116	FAM002158	FAM005928	FAM001782	FAM003969	FAM001838	FAM010396	FAM002103	FAM005955	FAM001755	FAM005902	FAM006852	FAM009043	FAM004219	FAM010089	FAM005239	FAM005634	FAM014171	FAM141431	FAM060814	FAM032180	FAM040070	FAM018809
rep998_seed3023	FAM012331	FAM012363	FAM003580	FAM003133	FAM000120	FAM006215	FAM008050	FAM002618	FAM005723	FAM001945	FAM003612	FAM009250	FAM004323	FAM005610	FAM007080	FAM003196	FAM012336	FAM006041	FAM008360	FAM001865	FAM009929	FAM000035	FAM006012	FAM000564	FAM002012	FAM002888	FAM007727	FAM004387	FAM010413	FAM004859	FAM005742	FAM003773	FAM009651	FAM006227	FAM000746	FAM002053	FAM001603	FAM000568	FAM001702	FAM012935	FAM013832	FAM012237	FAM009298	FAM003119	FAM005394	FAM000874	FAM007473	FAM004113	FAM008044	FAM010140	FAM009281	FAM012622	FAM000096	FAM008448	FAM005133	FAM003972	FAM014329	FAM009528	FAM002554	FAM000965	FAM013123	FAM007919	FAM005512	FAM006686	FAM005860	FAM009364	FAM005942	FAM013302	FAM135086	FAM060549	FAM039959	FAM029384	FAM025199
rep999_seed3024	FAM007098	FAM007986	FAM001211	FAM011095	FAM004460	FAM000194	FAM008750	FAM004318	FAM004823	FAM001575	FAM001407	FAM006668	FAM001735	FAM010510	FAM010480	FAM003818	FAM003280	FAM006697	FAM002270	FAM006927	FAM002562	FAM010099	FAM002323	FAM011217	FAM004843	FAM000928	FAM008839	FAM004239	FAM006957	FAM009252	FAM013061	FAM003196	FAM003070	FAM006285	FAM006248	FAM010735	FAM003678	FAM000964	FAM010173	FAM009457	FAM003966	FAM004938	FAM003469	FAM002640	FAM002711	FAM008349	FAM014355	FAM000142	FAM004956	FAM001986	FAM001820	FAM010804	FAM000869	FAM003074	FAM003340	FAM009445	FAM001627	FAM002642	FAM003820	FAM006399	FAM004176	FAM006123	FAM004743	FAM004788	FAM008395	FAM007795	FAM013968	FAM011403	FAM132274	FAM063084	FAM035538	FAM030706	FAM025176
