rep000_seed0000	CFF000437	CFF000083	CFF000899	CFF000672	CFF000209	CFF001554	CFF000558	CFF000013	CFF000810	CFF000063	CFF000072	CFF001243	CFF016868	CFF000228	CFF000331
rep001_seed2026	FAM003300	FAM006549	FAM000265	FAM000471	FAM009166	FAM005229	FAM002500	FAM006252	FAM002541	FAM007729	FAM006214	FAM001303	FAM005947	FAM008302	FAM020056
rep002_seed2027	FAM006985	FAM008957	FAM004514	FAM001502	FAM010292	FAM002040	FAM000065	FAM005022	FAM008379	FAM003188	FAM007869	FAM011029	FAM002625	FAM005710	FAM018142
rep003_seed2028	FAM003271	FAM006668	FAM005765	FAM011789	FAM005936	FAM007966	FAM007294	FAM006866	FAM007577	FAM003497	FAM003188	FAM005093	FAM001614	FAM002181	FAM016365
rep004_seed2029	FAM000891	FAM008364	FAM008292	FAM010608	FAM007214	FAM000285	FAM007394	FAM001417	FAM006089	FAM005562	FAM008866	FAM013216	FAM003069	FAM008107	FAM024655
rep005_seed2030	FAM010445	FAM010289	FAM005051	FAM005674	FAM005387	FAM004533	FAM002156	FAM007837	FAM002219	FAM010048	FAM007482	FAM003082	FAM008383	FAM013858	FAM016003
rep006_seed2031	FAM013241	FAM007316	FAM000053	FAM003593	FAM001632	FAM002847	FAM004023	FAM007919	FAM005449	FAM004009	FAM001987	FAM001826	FAM008733	FAM002581	FAM026150
rep007_seed2032	FAM002425	FAM001128	FAM002455	FAM009308	FAM013694	FAM003711	FAM008282	FAM011653	FAM002899	FAM001627	FAM007763	FAM001999	FAM007192	FAM004137	FAM027921
rep008_seed2033	FAM013518	FAM007446	FAM006071	FAM006828	FAM004571	FAM007286	FAM002362	FAM007229	FAM007583	FAM003133	FAM002892	FAM007863	FAM004527	FAM011672	FAM016682
rep009_seed2034	FAM003874	FAM001414	FAM003520	FAM006132	FAM006691	FAM005387	FAM004216	FAM014421	FAM000067	FAM003741	FAM000225	FAM005904	FAM001550	FAM011842	FAM016787
rep010_seed2035	FAM003503	FAM009984	FAM006869	FAM003317	FAM000352	FAM000735	FAM003635	FAM001755	FAM007259	FAM001584	FAM009424	FAM008771	FAM004050	FAM005737	FAM018607
rep011_seed2036	FAM006205	FAM005165	FAM004681	FAM014317	FAM007223	FAM005083	FAM009207	FAM003433	FAM007309	FAM002990	FAM011107	FAM010716	FAM002424	FAM002429	FAM018286
rep012_seed2037	FAM003802	FAM004734	FAM008966	FAM003276	FAM000837	FAM003095	FAM002796	FAM002972	FAM003655	FAM002035	FAM001785	FAM005997	FAM012225	FAM007375	FAM014860
rep013_seed2038	FAM007356	FAM004737	FAM002538	FAM004657	FAM013621	FAM005094	FAM002972	FAM004200	FAM011390	FAM001040	FAM001473	FAM003531	FAM002057	FAM007889	FAM015888
rep014_seed2039	FAM013554	FAM006658	FAM010434	FAM000717	FAM003090	FAM001132	FAM006026	FAM014175	FAM004278	FAM009038	FAM000440	FAM006629	FAM004563	FAM000880	FAM023255
rep015_seed2040	FAM010504	FAM007577	FAM006321	FAM005912	FAM003641	FAM007506	FAM003453	FAM010189	FAM003002	FAM003562	FAM001753	FAM007134	FAM006353	FAM009597	FAM023358
rep016_seed2041	FAM002156	FAM013391	FAM011514	FAM002822	FAM004837	FAM002576	FAM004344	FAM003386	FAM005904	FAM003404	FAM000128	FAM004995	FAM003912	FAM003971	FAM021844
rep017_seed2042	FAM004209	FAM013024	FAM005386	FAM008638	FAM005231	FAM001934	FAM002157	FAM005288	FAM010542	FAM002274	FAM005035	FAM000842	FAM001011	FAM004080	FAM024099
rep018_seed2043	FAM001439	FAM013073	FAM006930	FAM011840	FAM007663	FAM002992	FAM007951	FAM002716	FAM000384	FAM002626	FAM013946	FAM005873	FAM005622	FAM001826	FAM018712
rep019_seed2044	FAM007883	FAM001081	FAM004335	FAM003935	FAM006912	FAM003803	FAM008615	FAM008661	FAM001888	FAM013464	FAM002433	FAM002646	FAM002309	FAM001632	FAM016778
rep020_seed2045	FAM000760	FAM008771	FAM000397	FAM001629	FAM001828	FAM000109	FAM010796	FAM004631	FAM013039	FAM009172	FAM002541	FAM006912	FAM005477	FAM008460	FAM026041
rep021_seed2046	FAM000664	FAM008293	FAM002566	FAM001495	FAM013074	FAM013888	FAM010362	FAM008790	FAM004487	FAM007951	FAM001842	FAM005973	FAM000682	FAM001429	FAM018823
rep022_seed2047	FAM012012	FAM005435	FAM008917	FAM013518	FAM007566	FAM003323	FAM003653	FAM003670	FAM001599	FAM000601	FAM011146	FAM011895	FAM002933	FAM004218	FAM022085
rep023_seed2048	FAM008080	FAM011107	FAM004261	FAM000333	FAM007061	FAM013751	FAM005429	FAM001099	FAM007025	FAM003360	FAM002294	FAM007934	FAM011485	FAM000508	FAM015140
rep024_seed2049	FAM005926	FAM006458	FAM000266	FAM004598	FAM000922	FAM000194	FAM009956	FAM005043	FAM003648	FAM010360	FAM003037	FAM004313	FAM000016	FAM013317	FAM016542
rep025_seed2050	FAM003128	FAM002236	FAM004756	FAM007993	FAM000612	FAM005140	FAM006956	FAM001815	FAM005010	FAM000661	FAM007288	FAM007820	FAM003653	FAM000641	FAM020270
rep026_seed2051	FAM000502	FAM004396	FAM003942	FAM003584	FAM010494	FAM007235	FAM001580	FAM011500	FAM000997	FAM003351	FAM000484	FAM007946	FAM003286	FAM000693	FAM020539
rep027_seed2052	FAM005748	FAM001916	FAM004298	FAM011506	FAM002665	FAM004420	FAM005296	FAM009315	FAM002933	FAM002058	FAM000586	FAM010113	FAM000457	FAM003101	FAM027522
rep028_seed2053	FAM001008	FAM000959	FAM012027	FAM007657	FAM006690	FAM005640	FAM004902	FAM013847	FAM002451	FAM003557	FAM000887	FAM000283	FAM001134	FAM012667	FAM026177
rep029_seed2054	FAM010232	FAM009963	FAM006668	FAM005637	FAM009632	FAM007681	FAM008106	FAM001161	FAM005557	FAM002001	FAM007034	FAM005051	FAM011063	FAM005799	FAM024125
rep030_seed2055	FAM005059	FAM004531	FAM005140	FAM003913	FAM003943	FAM005747	FAM000759	FAM006428	FAM006487	FAM005116	FAM006605	FAM004477	FAM006829	FAM012740	FAM021142
rep031_seed2056	FAM000539	FAM006324	FAM000889	FAM001994	FAM003781	FAM000527	FAM004458	FAM005029	FAM006042	FAM001588	FAM011745	FAM003572	FAM010461	FAM005385	FAM017838
rep032_seed2057	FAM000643	FAM004794	FAM003524	FAM002316	FAM010597	FAM009809	FAM002074	FAM008830	FAM007415	FAM003247	FAM005627	FAM008423	FAM009018	FAM010608	FAM028062
rep033_seed2058	FAM005452	FAM011519	FAM001868	FAM008554	FAM004022	FAM001624	FAM011294	FAM007428	FAM005038	FAM003549	FAM008460	FAM005568	FAM000102	FAM007063	FAM015138
rep034_seed2059	FAM001821	FAM008502	FAM002086	FAM009155	FAM003592	FAM007301	FAM006464	FAM008435	FAM010788	FAM012800	FAM001400	FAM003261	FAM004008	FAM002076	FAM016391
rep035_seed2060	FAM010927	FAM000544	FAM008092	FAM004391	FAM002673	FAM003406	FAM006538	FAM005224	FAM004445	FAM010502	FAM001154	FAM004344	FAM010961	FAM005227	FAM018607
rep036_seed2061	FAM011317	FAM014536	FAM007267	FAM012605	FAM000766	FAM003718	FAM000876	FAM004667	FAM004351	FAM001575	FAM004316	FAM008603	FAM010709	FAM009684	FAM019664
rep037_seed2062	FAM005695	FAM002846	FAM000625	FAM003091	FAM002583	FAM011395	FAM003748	FAM005913	FAM002524	FAM013626	FAM009132	FAM004873	FAM010933	FAM002388	FAM016609
rep038_seed2063	FAM009932	FAM007691	FAM004102	FAM010502	FAM013892	FAM000714	FAM004206	FAM012106	FAM013312	FAM005769	FAM003525	FAM000190	FAM008578	FAM011434	FAM023184
rep039_seed2064	FAM005627	FAM010522	FAM004635	FAM000920	FAM003307	FAM002063	FAM008312	FAM010204	FAM002641	FAM004491	FAM008477	FAM001646	FAM007449	FAM002739	FAM028802
rep040_seed2065	FAM006769	FAM003962	FAM004495	FAM003102	FAM002046	FAM006276	FAM005246	FAM007308	FAM002099	FAM014268	FAM007396	FAM006977	FAM004511	FAM005676	FAM025749
rep041_seed2066	FAM005747	FAM007958	FAM002316	FAM012975	FAM006314	FAM011594	FAM004298	FAM001266	FAM003718	FAM003290	FAM001382	FAM003834	FAM007247	FAM004329	FAM026819
rep042_seed2067	FAM005699	FAM003876	FAM008485	FAM000212	FAM006178	FAM010657	FAM012522	FAM005364	FAM011236	FAM002512	FAM012110	FAM014473	FAM010461	FAM012104	FAM029100
rep043_seed2068	FAM004812	FAM012293	FAM004178	FAM008764	FAM005787	FAM007324	FAM007139	FAM002610	FAM006967	FAM010465	FAM005904	FAM002913	FAM004556	FAM000369	FAM028377
rep044_seed2069	FAM007450	FAM010232	FAM013505	FAM011107	FAM005278	FAM004910	FAM003564	FAM003843	FAM006868	FAM001856	FAM005956	FAM009953	FAM008464	FAM010396	FAM022719
rep045_seed2070	FAM012670	FAM004144	FAM006453	FAM000949	FAM000864	FAM004827	FAM004159	FAM006188	FAM013946	FAM008917	FAM007740	FAM000173	FAM006241	FAM014654	FAM021094
rep046_seed2071	FAM007367	FAM002794	FAM005092	FAM003941	FAM010348	FAM000602	FAM011390	FAM003384	FAM002788	FAM007066	FAM003484	FAM004296	FAM003472	FAM007458	FAM017313
rep047_seed2072	FAM008596	FAM006089	FAM001222	FAM000067	FAM007109	FAM000709	FAM003662	FAM007436	FAM007308	FAM007951	FAM004587	FAM009787	FAM008153	FAM007358	FAM026412
rep048_seed2073	FAM006350	FAM002528	FAM007635	FAM007047	FAM006159	FAM007576	FAM004321	FAM005834	FAM012417	FAM002132	FAM001898	FAM005166	FAM002802	FAM009713	FAM028934
rep049_seed2074	FAM010167	FAM002711	FAM004949	FAM010619	FAM006961	FAM009481	FAM013019	FAM009050	FAM007517	FAM014458	FAM007457	FAM003505	FAM003314	FAM014239	FAM026134
rep050_seed2075	FAM005403	FAM000735	FAM000026	FAM008059	FAM003918	FAM010373	FAM003223	FAM010285	FAM002602	FAM003646	FAM003663	FAM004935	FAM002071	FAM001950	FAM020202
rep051_seed2076	FAM013522	FAM011954	FAM014151	FAM004512	FAM004378	FAM011738	FAM001360	FAM003188	FAM002500	FAM014534	FAM000045	FAM004806	FAM005106	FAM000160	FAM016985
rep052_seed2077	FAM009954	FAM005287	FAM001564	FAM006610	FAM003111	FAM005718	FAM002831	FAM009513	FAM001697	FAM001598	FAM000026	FAM004410	FAM003512	FAM000234	FAM022312
rep053_seed2078	FAM000577	FAM011214	FAM013123	FAM009859	FAM008121	FAM000380	FAM002426	FAM002082	FAM006776	FAM000539	FAM006365	FAM003747	FAM010646	FAM013630	FAM027251
rep054_seed2079	FAM009537	FAM006335	FAM002358	FAM009741	FAM009455	FAM011288	FAM001949	FAM004049	FAM008538	FAM006686	FAM005503	FAM003346	FAM001935	FAM003037	FAM026210
rep055_seed2080	FAM009569	FAM009797	FAM003223	FAM009301	FAM002746	FAM001408	FAM003499	FAM000945	FAM005218	FAM003129	FAM003915	FAM007720	FAM007834	FAM011168	FAM019657
rep056_seed2081	FAM000425	FAM004988	FAM002521	FAM006443	FAM014535	FAM000615	FAM000176	FAM011585	FAM002115	FAM000972	FAM002711	FAM001944	FAM001084	FAM001725	FAM023192
rep057_seed2082	FAM009797	FAM005228	FAM008167	FAM000233	FAM003624	FAM004896	FAM003989	FAM007232	FAM004350	FAM001781	FAM006172	FAM003866	FAM000149	FAM002186	FAM017533
rep058_seed2083	FAM006718	FAM003581	FAM001454	FAM000092	FAM011089	FAM005400	FAM010579	FAM001487	FAM001718	FAM006403	FAM000102	FAM001617	FAM005023	FAM008554	FAM017319
rep059_seed2084	FAM000003	FAM005671	FAM002371	FAM006640	FAM006099	FAM001917	FAM000678	FAM004982	FAM004968	FAM003709	FAM001639	FAM002593	FAM008974	FAM003891	FAM019790
rep060_seed2085	FAM001817	FAM013611	FAM008050	FAM005305	FAM008476	FAM008809	FAM011656	FAM007076	FAM008528	FAM000830	FAM009638	FAM012198	FAM005719	FAM002470	FAM018154
rep061_seed2086	FAM005645	FAM007031	FAM007687	FAM001750	FAM004927	FAM000015	FAM003565	FAM013616	FAM014063	FAM003831	FAM005699	FAM009688	FAM005223	FAM002397	FAM022326
rep062_seed2087	FAM003740	FAM003344	FAM004013	FAM008040	FAM013716	FAM001757	FAM008281	FAM005968	FAM008466	FAM003369	FAM010219	FAM001858	FAM001911	FAM001198	FAM018357
rep063_seed2088	FAM000235	FAM009249	FAM009528	FAM008436	FAM012296	FAM011840	FAM001620	FAM003055	FAM011715	FAM006701	FAM004039	FAM008363	FAM006691	FAM003545	FAM027880
rep064_seed2089	FAM000638	FAM000230	FAM008217	FAM003251	FAM006979	FAM000592	FAM008670	FAM013676	FAM006043	FAM014232	FAM001788	FAM003192	FAM002217	FAM002789	FAM018251
rep065_seed2090	FAM001390	FAM002839	FAM009981	FAM004908	FAM005638	FAM008748	FAM004744	FAM014671	FAM005311	FAM003270	FAM003206	FAM001181	FAM004804	FAM002815	FAM015120
rep066_seed2091	FAM001757	FAM005113	FAM003110	FAM012481	FAM011504	FAM009655	FAM006805	FAM000004	FAM005363	FAM002830	FAM009208	FAM009876	FAM003079	FAM008754	FAM020092
rep067_seed2092	FAM007679	FAM006784	FAM007813	FAM001204	FAM011159	FAM006480	FAM005794	FAM003692	FAM005120	FAM013296	FAM005022	FAM001229	FAM001687	FAM005330	FAM025636
rep068_seed2093	FAM005979	FAM004864	FAM000440	FAM011329	FAM012398	FAM000386	FAM002740	FAM000782	FAM003885	FAM003261	FAM005859	FAM002686	FAM001876	FAM005526	FAM029086
rep069_seed2094	FAM009769	FAM001795	FAM004100	FAM000320	FAM000833	FAM013403	FAM007330	FAM000195	FAM002520	FAM001357	FAM001433	FAM000513	FAM000396	FAM003487	FAM015849
rep070_seed2095	FAM004795	FAM005750	FAM004489	FAM006595	FAM009169	FAM010280	FAM005941	FAM006172	FAM002826	FAM001964	FAM008040	FAM006043	FAM009984	FAM008502	FAM016314
rep071_seed2096	FAM006745	FAM001782	FAM014668	FAM000984	FAM001980	FAM007685	FAM002758	FAM002265	FAM006463	FAM005606	FAM006483	FAM001870	FAM000763	FAM008432	FAM028195
rep072_seed2097	FAM004007	FAM004974	FAM000978	FAM004601	FAM004483	FAM000154	FAM012963	FAM000329	FAM006953	FAM007297	FAM001850	FAM000587	FAM002257	FAM008589	FAM022374
rep073_seed2098	FAM001031	FAM005944	FAM007329	FAM009281	FAM000967	FAM006524	FAM007714	FAM009932	FAM001287	FAM005003	FAM002407	FAM011417	FAM012866	FAM009458	FAM021865
rep074_seed2099	FAM001677	FAM006858	FAM004070	FAM012763	FAM001638	FAM005163	FAM000649	FAM001346	FAM009087	FAM002118	FAM002162	FAM006926	FAM010012	FAM009157	FAM020921
rep075_seed2100	FAM008122	FAM010668	FAM004144	FAM000176	FAM013449	FAM008222	FAM004127	FAM006444	FAM000205	FAM000138	FAM002315	FAM005090	FAM001971	FAM001640	FAM018112
rep076_seed2101	FAM000177	FAM004886	FAM013850	FAM003689	FAM003022	FAM000676	FAM007758	FAM003574	FAM009533	FAM001892	FAM007391	FAM005351	FAM003769	FAM002915	FAM026965
rep077_seed2102	FAM006270	FAM003684	FAM003784	FAM003566	FAM001166	FAM005855	FAM001355	FAM000853	FAM009934	FAM000212	FAM006690	FAM015286	FAM003024	FAM007923	FAM023082
rep078_seed2103	FAM000361	FAM003418	FAM000747	FAM000219	FAM002471	FAM009440	FAM003177	FAM000314	FAM009212	FAM003348	FAM005432	FAM004506	FAM013839	FAM001400	FAM016773
rep079_seed2104	FAM005916	FAM006387	FAM000576	FAM006914	FAM004367	FAM013519	FAM004478	FAM004990	FAM001099	FAM000661	FAM013787	FAM006979	FAM003827	FAM002642	FAM025465
rep080_seed2105	FAM006787	FAM003810	FAM006675	FAM004026	FAM003749	FAM010245	FAM001746	FAM004463	FAM006067	FAM003555	FAM006470	FAM005724	FAM000486	FAM005764	FAM014990
rep081_seed2106	FAM000504	FAM002716	FAM004035	FAM001685	FAM006358	FAM005101	FAM000189	FAM006230	FAM012339	FAM001150	FAM005177	FAM006668	FAM009083	FAM002730	FAM019528
rep082_seed2107	FAM001538	FAM005922	FAM007109	FAM007329	FAM007134	FAM003548	FAM003990	FAM010484	FAM006277	FAM004378	FAM000143	FAM001789	FAM003926	FAM000925	FAM025522
rep083_seed2108	FAM002429	FAM006419	FAM012363	FAM008198	FAM003173	FAM001775	FAM005587	FAM005739	FAM007201	FAM000966	FAM005658	FAM013245	FAM002084	FAM005436	FAM024706
rep084_seed2109	FAM006771	FAM004008	FAM011344	FAM010762	FAM008839	FAM007945	FAM008818	FAM005651	FAM006841	FAM007937	FAM008626	FAM004323	FAM004620	FAM004774	FAM022085
rep085_seed2110	FAM006554	FAM009200	FAM004476	FAM000798	FAM001433	FAM001290	FAM003390	FAM004560	FAM003658	FAM005455	FAM000873	FAM002728	FAM004741	FAM002343	FAM016315
rep086_seed2111	FAM010857	FAM003684	FAM001515	FAM006709	FAM005767	FAM004933	FAM007793	FAM001390	FAM002682	FAM008547	FAM003448	FAM004493	FAM003751	FAM002440	FAM017533
rep087_seed2112	FAM005000	FAM000704	FAM004680	FAM008661	FAM000569	FAM003048	FAM009458	FAM005507	FAM002570	FAM011063	FAM005042	FAM009185	FAM002520	FAM002882	FAM024421
rep088_seed2113	FAM001638	FAM004759	FAM000543	FAM005981	FAM012508	FAM005202	FAM005697	FAM005126	FAM003778	FAM006656	FAM001383	FAM010626	FAM008974	FAM005860	FAM019486
rep089_seed2114	FAM004630	FAM010873	FAM011685	FAM007056	FAM008630	FAM000449	FAM003515	FAM008558	FAM008974	FAM008610	FAM003059	FAM000677	FAM002425	FAM000242	FAM021882
rep090_seed2115	FAM011899	FAM001055	FAM004958	FAM007640	FAM005142	FAM006315	FAM006506	FAM014524	FAM010958	FAM003791	FAM005808	FAM004378	FAM011317	FAM004548	FAM018251
rep091_seed2116	FAM012828	FAM003295	FAM005151	FAM003169	FAM001730	FAM000954	FAM004488	FAM009289	FAM010372	FAM002110	FAM009192	FAM008695	FAM000665	FAM002050	FAM017160
rep092_seed2117	FAM007862	FAM000329	FAM014573	FAM011143	FAM008838	FAM000112	FAM005566	FAM012373	FAM000807	FAM004509	FAM005174	FAM006912	FAM004956	FAM008423	FAM022216
rep093_seed2118	FAM006888	FAM006963	FAM005179	FAM002330	FAM000893	FAM000426	FAM011435	FAM012367	FAM002055	FAM007384	FAM002512	FAM001892	FAM000718	FAM009343	FAM024854
rep094_seed2119	FAM000261	FAM005549	FAM007781	FAM003246	FAM006892	FAM011766	FAM000091	FAM008227	FAM004809	FAM005687	FAM008779	FAM002999	FAM007478	FAM009192	FAM027293
rep095_seed2120	FAM003372	FAM007125	FAM001343	FAM004597	FAM003320	FAM001291	FAM003985	FAM009908	FAM000363	FAM000200	FAM011121	FAM008546	FAM001126	FAM006715	FAM018555
rep096_seed2121	FAM004269	FAM004299	FAM006963	FAM002929	FAM000966	FAM006871	FAM002299	FAM010451	FAM000143	FAM005945	FAM007461	FAM002342	FAM001184	FAM002371	FAM023082
rep097_seed2122	FAM007279	FAM002069	FAM000349	FAM005637	FAM001888	FAM004639	FAM005478	FAM011348	FAM010230	FAM009988	FAM009271	FAM003806	FAM006330	FAM010474	FAM018107
rep098_seed2123	FAM004775	FAM010373	FAM002910	FAM009786	FAM005476	FAM006645	FAM000466	FAM001407	FAM004791	FAM003468	FAM000521	FAM003205	FAM004719	FAM013723	FAM022163
rep099_seed2124	FAM005078	FAM006918	FAM001312	FAM002871	FAM005468	FAM006688	FAM003044	FAM009169	FAM005858	FAM000032	FAM006788	FAM002106	FAM004955	FAM012270	FAM023312
rep100_seed2125	FAM002441	FAM003412	FAM012335	FAM007999	FAM013741	FAM000303	FAM007556	FAM008240	FAM011423	FAM000173	FAM000582	FAM003885	FAM000650	FAM007003	FAM030974
rep101_seed2126	FAM005506	FAM007789	FAM000830	FAM013194	FAM010217	FAM008671	FAM003621	FAM001238	FAM005381	FAM003214	FAM001387	FAM005718	FAM002692	FAM001085	FAM026574
rep102_seed2127	FAM002706	FAM006358	FAM004730	FAM006888	FAM005054	FAM008619	FAM004576	FAM003408	FAM001952	FAM010451	FAM011690	FAM004287	FAM005631	FAM001363	FAM016216
rep103_seed2128	FAM004320	FAM001795	FAM003096	FAM003590	FAM003679	FAM013613	FAM003585	FAM007426	FAM002230	FAM001048	FAM007367	FAM002139	FAM008676	FAM000194	FAM018774
rep104_seed2129	FAM006206	FAM000095	FAM008288	FAM007279	FAM001592	FAM007784	FAM005855	FAM002302	FAM004027	FAM001118	FAM002176	FAM009560	FAM003063	FAM003375	FAM017268
rep105_seed2130	FAM002263	FAM000203	FAM009273	FAM006032	FAM010962	FAM010637	FAM000423	FAM011680	FAM003118	FAM002876	FAM011551	FAM005987	FAM009948	FAM000604	FAM016274
rep106_seed2131	FAM001017	FAM007804	FAM008178	FAM013056	FAM006640	FAM007453	FAM001641	FAM007814	FAM013522	FAM005757	FAM011309	FAM004627	FAM010292	FAM009772	FAM019254
rep107_seed2132	FAM012678	FAM009277	FAM008736	FAM005771	FAM005051	FAM006270	FAM010494	FAM008297	FAM008460	FAM001580	FAM003418	FAM011718	FAM012876	FAM011807	FAM025465
rep108_seed2133	FAM001208	FAM002289	FAM011655	FAM003152	FAM004036	FAM005527	FAM009684	FAM001370	FAM001442	FAM013754	FAM003396	FAM000598	FAM012284	FAM002908	FAM015581
rep109_seed2134	FAM002126	FAM008559	FAM005728	FAM008394	FAM000421	FAM001318	FAM001442	FAM009596	FAM001113	FAM001523	FAM001724	FAM009025	FAM005373	FAM001001	FAM023121
rep110_seed2135	FAM001524	FAM013054	FAM003742	FAM004182	FAM013550	FAM002800	FAM002000	FAM002813	FAM006613	FAM008094	FAM007937	FAM011407	FAM011356	FAM006010	FAM016475
rep111_seed2136	FAM006147	FAM002421	FAM000789	FAM005778	FAM001900	FAM009572	FAM001701	FAM004756	FAM000306	FAM008394	FAM000550	FAM007059	FAM009609	FAM000148	FAM021189
rep112_seed2137	FAM000466	FAM011155	FAM007146	FAM004479	FAM004916	FAM000027	FAM013457	FAM008085	FAM005029	FAM012465	FAM006013	FAM009135	FAM004134	FAM002692	FAM028950
rep113_seed2138	FAM004545	FAM010422	FAM008082	FAM003034	FAM001324	FAM014636	FAM003719	FAM001851	FAM001763	FAM003554	FAM014141	FAM010166	FAM007335	FAM001172	FAM015410
rep114_seed2139	FAM014012	FAM005849	FAM009636	FAM006239	FAM008323	FAM007192	FAM002789	FAM003555	FAM008059	FAM009163	FAM002609	FAM011054	FAM004313	FAM004018	FAM016325
rep115_seed2140	FAM002190	FAM008686	FAM003053	FAM002749	FAM001119	FAM011982	FAM005475	FAM013554	FAM005766	FAM005644	FAM006840	FAM002085	FAM004308	FAM009970	FAM020957
rep116_seed2141	FAM006440	FAM010198	FAM008598	FAM008931	FAM000405	FAM003071	FAM000433	FAM008164	FAM003105	FAM000611	FAM006381	FAM001868	FAM006024	FAM004733	FAM024818
rep117_seed2142	FAM007871	FAM007436	FAM000325	FAM003720	FAM010753	FAM000814	FAM007507	FAM009318	FAM005790	FAM007572	FAM006059	FAM009289	FAM006220	FAM004672	FAM026341
rep118_seed2143	FAM005807	FAM009073	FAM008435	FAM010125	FAM003645	FAM007093	FAM008829	FAM007240	FAM000389	FAM001193	FAM000487	FAM001136	FAM006925	FAM000591	FAM019904
rep119_seed2144	FAM009339	FAM013011	FAM006390	FAM001282	FAM005242	FAM003109	FAM007078	FAM002653	FAM000538	FAM006656	FAM010405	FAM006028	FAM001804	FAM001151	FAM021785
rep120_seed2145	FAM004357	FAM002559	FAM000766	FAM005638	FAM015178	FAM012895	FAM001506	FAM010571	FAM005525	FAM003967	FAM003333	FAM000357	FAM010527	FAM008406	FAM020375
rep121_seed2146	FAM008395	FAM000241	FAM004271	FAM002044	FAM009198	FAM001258	FAM002155	FAM001101	FAM011944	FAM002441	FAM007754	FAM012690	FAM002995	FAM001471	FAM017807
rep122_seed2147	FAM008123	FAM001918	FAM012250	FAM013069	FAM006933	FAM004920	FAM005767	FAM005600	FAM000927	FAM009400	FAM006795	FAM013839	FAM005149	FAM001955	FAM020218
rep123_seed2148	FAM000321	FAM001759	FAM004720	FAM006181	FAM008638	FAM000807	FAM007531	FAM010939	FAM012627	FAM004794	FAM005878	FAM004062	FAM009655	FAM013165	FAM018429
rep124_seed2149	FAM013054	FAM007235	FAM010910	FAM004158	FAM001050	FAM005814	FAM001005	FAM003224	FAM004043	FAM010371	FAM006482	FAM003430	FAM003419	FAM007509	FAM017968
rep125_seed2150	FAM001679	FAM006994	FAM005715	FAM006580	FAM000196	FAM003902	FAM002758	FAM005741	FAM006326	FAM000726	FAM005836	FAM004097	FAM011121	FAM004110	FAM017122
rep126_seed2151	FAM012203	FAM004688	FAM000630	FAM007618	FAM002663	FAM003963	FAM000928	FAM002003	FAM009342	FAM010703	FAM008632	FAM000576	FAM003043	FAM014196	FAM028720
rep127_seed2152	FAM013349	FAM001469	FAM002139	FAM002432	FAM014305	FAM000076	FAM007423	FAM003682	FAM001179	FAM003200	FAM001871	FAM001193	FAM005818	FAM007140	FAM016216
rep128_seed2153	FAM007405	FAM000902	FAM012591	FAM001237	FAM004822	FAM001901	FAM002100	FAM003775	FAM002040	FAM008748	FAM006661	FAM008312	FAM009584	FAM006194	FAM024042
rep129_seed2154	FAM010123	FAM004549	FAM003903	FAM005759	FAM007306	FAM005983	FAM000332	FAM005524	FAM007187	FAM000048	FAM003695	FAM000004	FAM004856	FAM000546	FAM029040
rep130_seed2155	FAM001673	FAM012190	FAM005654	FAM004355	FAM004884	FAM008284	FAM011725	FAM013698	FAM004115	FAM000299	FAM002169	FAM004082	FAM006821	FAM002847	FAM026134
rep131_seed2156	FAM000919	FAM014180	FAM010121	FAM002309	FAM000244	FAM005350	FAM003107	FAM008198	FAM005758	FAM001268	FAM004045	FAM003977	FAM003419	FAM001931	FAM019472
rep132_seed2157	FAM008477	FAM000136	FAM005178	FAM012123	FAM001380	FAM005977	FAM000694	FAM002311	FAM000432	FAM013894	FAM002194	FAM012199	FAM009092	FAM000243	FAM026819
rep133_seed2158	FAM001670	FAM001744	FAM010174	FAM002024	FAM004764	FAM006562	FAM009896	FAM003255	FAM003260	FAM004222	FAM001308	FAM002860	FAM007263	FAM008990	FAM018251
rep134_seed2159	FAM001019	FAM014473	FAM000834	FAM007364	FAM005053	FAM006407	FAM002965	FAM002779	FAM001037	FAM007946	FAM005746	FAM007108	FAM005691	FAM000443	FAM021520
rep135_seed2160	FAM003884	FAM013223	FAM000005	FAM008812	FAM002984	FAM007945	FAM001590	FAM010626	FAM009682	FAM002792	FAM006448	FAM006035	FAM002959	FAM005051	FAM025772
rep136_seed2161	FAM004139	FAM008130	FAM005378	FAM003315	FAM003796	FAM001912	FAM003517	FAM007531	FAM007442	FAM012149	FAM009537	FAM000166	FAM003593	FAM001891	FAM023450
rep137_seed2162	FAM000570	FAM013808	FAM001258	FAM005756	FAM001519	FAM003759	FAM004592	FAM007839	FAM005141	FAM005800	FAM007300	FAM004125	FAM001684	FAM001250	FAM017988
rep138_seed2163	FAM002433	FAM008881	FAM007657	FAM003037	FAM000206	FAM010040	FAM001610	FAM002604	FAM000502	FAM005685	FAM002374	FAM003516	FAM014704	FAM002801	FAM018660
rep139_seed2164	FAM003653	FAM006791	FAM000776	FAM006875	FAM001931	FAM003882	FAM009424	FAM005717	FAM004817	FAM005899	FAM003729	FAM007265	FAM008492	FAM004956	FAM021142
rep140_seed2165	FAM003422	FAM003167	FAM000663	FAM001942	FAM004778	FAM002135	FAM007512	FAM006138	FAM000087	FAM002364	FAM002171	FAM007896	FAM009710	FAM003863	FAM022818
rep141_seed2166	FAM000538	FAM012540	FAM007516	FAM006111	FAM009120	FAM006314	FAM002114	FAM006054	FAM000117	FAM002087	FAM003685	FAM013921	FAM010376	FAM007115	FAM017319
rep142_seed2167	FAM007746	FAM007896	FAM004925	FAM002789	FAM006895	FAM005926	FAM005978	FAM000517	FAM005229	FAM005271	FAM009513	FAM006373	FAM000606	FAM000869	FAM016040
rep143_seed2168	FAM001628	FAM005364	FAM001705	FAM003624	FAM006652	FAM012588	FAM011932	FAM008540	FAM005339	FAM001377	FAM001658	FAM006446	FAM000053	FAM000644	FAM027300
rep144_seed2169	FAM003503	FAM003630	FAM007655	FAM000744	FAM008540	FAM013206	FAM001851	FAM002195	FAM004481	FAM011867	FAM009293	FAM000641	FAM001290	FAM003625	FAM022991
rep145_seed2170	FAM005292	FAM001283	FAM005286	FAM009293	FAM005174	FAM004468	FAM002292	FAM005973	FAM005794	FAM008281	FAM000327	FAM001020	FAM007427	FAM005495	FAM026493
rep146_seed2171	FAM011861	FAM002528	FAM005840	FAM008303	FAM007526	FAM005518	FAM004761	FAM004740	FAM006652	FAM001195	FAM003300	FAM013849	FAM000143	FAM007591	FAM021568
rep147_seed2172	FAM007068	FAM000983	FAM004485	FAM006198	FAM001247	FAM007797	FAM007648	FAM007090	FAM009345	FAM001348	FAM008812	FAM001156	FAM002659	FAM010202	FAM029011
rep148_seed2173	FAM001220	FAM006286	FAM001618	FAM013469	FAM005858	FAM003208	FAM006661	FAM012390	FAM006054	FAM007228	FAM003752	FAM009654	FAM003496	FAM002553	FAM019917
rep149_seed2174	FAM003885	FAM001445	FAM001582	FAM000816	FAM014355	FAM011248	FAM008167	FAM001298	FAM010076	FAM012375	FAM006106	FAM009113	FAM007966	FAM011514	FAM016315
rep150_seed2175	FAM001843	FAM005713	FAM004449	FAM004516	FAM011538	FAM002215	FAM003815	FAM007075	FAM004138	FAM005536	FAM010494	FAM013780	FAM001979	FAM002679	FAM022085
rep151_seed2176	FAM002580	FAM000820	FAM000940	FAM002645	FAM002549	FAM008549	FAM004557	FAM014175	FAM000950	FAM002682	FAM006414	FAM003253	FAM007211	FAM001256	FAM014887
rep152_seed2177	FAM009877	FAM001875	FAM002964	FAM002942	FAM004906	FAM010364	FAM002051	FAM012501	FAM012101	FAM005612	FAM003259	FAM010409	FAM004216	FAM007090	FAM025628
rep153_seed2178	FAM004640	FAM000859	FAM001915	FAM005378	FAM012848	FAM011885	FAM001981	FAM012876	FAM004977	FAM006358	FAM010809	FAM003516	FAM001363	FAM003678	FAM026518
rep154_seed2179	FAM000816	FAM002219	FAM008824	FAM009038	FAM010334	FAM008830	FAM006730	FAM001926	FAM004366	FAM002594	FAM003346	FAM012339	FAM006442	FAM012863	FAM024345
rep155_seed2180	FAM006728	FAM005805	FAM004784	FAM002594	FAM008232	FAM014279	FAM003193	FAM002371	FAM004279	FAM002557	FAM005110	FAM000709	FAM007863	FAM002851	FAM019486
rep156_seed2181	FAM000365	FAM008505	FAM003392	FAM004267	FAM005987	FAM000534	FAM002641	FAM001411	FAM004241	FAM002218	FAM006368	FAM008443	FAM002678	FAM006862	FAM019479
rep157_seed2182	FAM000813	FAM003533	FAM000508	FAM004361	FAM003804	FAM007012	FAM006963	FAM011915	FAM004251	FAM001397	FAM004753	FAM010135	FAM000609	FAM000096	FAM020292
rep158_seed2183	FAM001399	FAM005257	FAM002018	FAM011376	FAM000372	FAM013417	FAM004091	FAM004701	FAM007926	FAM008998	FAM003722	FAM006995	FAM006687	FAM003843	FAM021497
rep159_seed2184	FAM009055	FAM003744	FAM013709	FAM003034	FAM003115	FAM004434	FAM003110	FAM005073	FAM004613	FAM005858	FAM007270	FAM007244	FAM001682	FAM002600	FAM019254
rep160_seed2185	FAM004919	FAM008416	FAM012771	FAM001960	FAM009758	FAM001592	FAM013500	FAM010076	FAM007062	FAM001627	FAM012227	FAM006263	FAM000199	FAM003093	FAM028264
rep161_seed2186	FAM000246	FAM005713	FAM003002	FAM009906	FAM012345	FAM005826	FAM000623	FAM006140	FAM013028	FAM008706	FAM000189	FAM001060	FAM001491	FAM004139	FAM024951
rep162_seed2187	FAM000582	FAM001005	FAM013177	FAM007240	FAM004704	FAM012024	FAM003280	FAM002690	FAM004246	FAM009954	FAM006957	FAM003206	FAM005145	FAM000677	FAM024856
rep163_seed2188	FAM004264	FAM004524	FAM010569	FAM003701	FAM000588	FAM002367	FAM002810	FAM004122	FAM010150	FAM004838	FAM005551	FAM006470	FAM000782	FAM004319	FAM015787
rep164_seed2189	FAM003644	FAM003831	FAM000956	FAM000593	FAM008807	FAM006531	FAM004335	FAM000962	FAM009406	FAM000405	FAM003416	FAM002724	FAM005939	FAM006882	FAM022137
rep165_seed2190	FAM002925	FAM001820	FAM001029	FAM006752	FAM005581	FAM000073	FAM008120	FAM001318	FAM000660	FAM004068	FAM002242	FAM013671	FAM003554	FAM008966	FAM022462
rep166_seed2191	FAM005471	FAM010332	FAM000465	FAM000361	FAM000171	FAM006014	FAM000341	FAM004581	FAM005311	FAM010484	FAM006938	FAM012222	FAM005341	FAM004573	FAM016773
rep167_seed2192	FAM007180	FAM000773	FAM001454	FAM001993	FAM006611	FAM007445	FAM010635	FAM001466	FAM004589	FAM012026	FAM004177	FAM004617	FAM004665	FAM007635	FAM023546
rep168_seed2193	FAM012008	FAM004809	FAM005689	FAM013251	FAM007993	FAM012913	FAM008225	FAM001861	FAM003396	FAM003941	FAM005752	FAM011885	FAM008183	FAM007347	FAM018980
rep169_seed2194	FAM001620	FAM000034	FAM010678	FAM011708	FAM012978	FAM002164	FAM002024	FAM003462	FAM006244	FAM005460	FAM003811	FAM011467	FAM011350	FAM007072	FAM022872
rep170_seed2195	FAM001905	FAM001434	FAM014306	FAM000697	FAM011454	FAM013715	FAM005478	FAM003153	FAM011412	FAM005398	FAM000496	FAM008698	FAM011345	FAM000755	FAM022991
rep171_seed2196	FAM006651	FAM013122	FAM006849	FAM001530	FAM007277	FAM001783	FAM000661	FAM004882	FAM014012	FAM007823	FAM002625	FAM003283	FAM000266	FAM004439	FAM017562
rep172_seed2197	FAM000961	FAM003607	FAM004177	FAM004262	FAM002983	FAM000881	FAM002442	FAM001815	FAM006867	FAM004495	FAM011166	FAM013300	FAM013420	FAM005039	FAM023196
rep173_seed2198	FAM006954	FAM007536	FAM013000	FAM001489	FAM008022	FAM008240	FAM011123	FAM010497	FAM000313	FAM005703	FAM004589	FAM007183	FAM000103	FAM001330	FAM021225
rep174_seed2199	FAM002402	FAM004803	FAM002028	FAM007240	FAM006836	FAM007730	FAM010916	FAM012637	FAM003750	FAM005742	FAM011766	FAM002278	FAM001812	FAM009514	FAM023603
rep175_seed2200	FAM009443	FAM004883	FAM009809	FAM003016	FAM000156	FAM005441	FAM003498	FAM010507	FAM005490	FAM004592	FAM007474	FAM003943	FAM008538	FAM001801	FAM015262
rep176_seed2201	FAM012493	FAM013526	FAM002959	FAM002772	FAM005088	FAM007565	FAM009252	FAM002297	FAM006032	FAM004492	FAM000397	FAM004168	FAM007888	FAM003066	FAM016762
rep177_seed2202	FAM013992	FAM004827	FAM009317	FAM006744	FAM005449	FAM005750	FAM003502	FAM001072	FAM000611	FAM004280	FAM007632	FAM001222	FAM007246	FAM008757	FAM022137
rep178_seed2203	FAM011146	FAM007590	FAM009056	FAM002514	FAM013946	FAM010217	FAM001455	FAM007134	FAM011390	FAM003173	FAM007613	FAM001279	FAM001534	FAM002867	FAM022667
rep179_seed2204	FAM011635	FAM006857	FAM006692	FAM002923	FAM002132	FAM013807	FAM006331	FAM005841	FAM005740	FAM007680	FAM010455	FAM000675	FAM003886	FAM005916	FAM025952
rep180_seed2205	FAM009953	FAM008467	FAM005341	FAM007459	FAM004353	FAM009277	FAM008658	FAM005780	FAM002865	FAM002441	FAM009298	FAM007910	FAM002928	FAM008423	FAM023916
rep181_seed2206	FAM001848	FAM007100	FAM000916	FAM003480	FAM005006	FAM008044	FAM008020	FAM006261	FAM005545	FAM010657	FAM005500	FAM005204	FAM005381	FAM001634	FAM020965
rep182_seed2207	FAM006562	FAM014064	FAM011753	FAM013016	FAM010518	FAM002793	FAM001161	FAM007328	FAM003893	FAM001312	FAM002955	FAM008676	FAM003042	FAM003987	FAM025444
rep183_seed2208	FAM007263	FAM010028	FAM014355	FAM012687	FAM009027	FAM001889	FAM009544	FAM006851	FAM014228	FAM007641	FAM000787	FAM003818	FAM001763	FAM004676	FAM026800
rep184_seed2209	FAM008651	FAM006343	FAM011840	FAM001125	FAM011944	FAM001083	FAM007686	FAM008489	FAM001854	FAM003719	FAM001969	FAM005663	FAM001100	FAM001129	FAM021610
rep185_seed2210	FAM005518	FAM000197	FAM004861	FAM014483	FAM000932	FAM004419	FAM006262	FAM005591	FAM005767	FAM004510	FAM010267	FAM003789	FAM008788	FAM001471	FAM028904
rep186_seed2211	FAM007062	FAM002188	FAM002915	FAM000547	FAM003200	FAM000078	FAM005213	FAM004937	FAM000886	FAM007616	FAM011771	FAM002308	FAM010463	FAM000638	FAM025904
rep187_seed2212	FAM002470	FAM009472	FAM003331	FAM006743	FAM008674	FAM008867	FAM011668	FAM001886	FAM000094	FAM000937	FAM001168	FAM007873	FAM009235	FAM004703	FAM015721
rep188_seed2213	FAM002357	FAM001517	FAM000255	FAM005623	FAM001731	FAM000861	FAM001738	FAM007981	FAM004557	FAM006132	FAM001687	FAM008601	FAM000704	FAM005688	FAM027058
rep189_seed2214	FAM002650	FAM007301	FAM003990	FAM008324	FAM004123	FAM003308	FAM003222	FAM001367	FAM005267	FAM003415	FAM011878	FAM001612	FAM000761	FAM001542	FAM015387
rep190_seed2215	FAM002380	FAM008942	FAM006334	FAM012166	FAM000838	FAM006833	FAM002351	FAM002720	FAM012835	FAM001222	FAM011589	FAM011575	FAM008056	FAM000187	FAM021225
rep191_seed2216	FAM011292	FAM005887	FAM005322	FAM006766	FAM000646	FAM013261	FAM006972	FAM000813	FAM010073	FAM002402	FAM011200	FAM005867	FAM012607	FAM004147	FAM020108
rep192_seed2217	FAM003933	FAM009262	FAM002515	FAM002417	FAM008011	FAM008623	FAM001303	FAM004973	FAM004640	FAM013781	FAM007024	FAM000450	FAM011563	FAM003654	FAM019395
rep193_seed2218	FAM003507	FAM008539	FAM003405	FAM008772	FAM013028	FAM000800	FAM007850	FAM000741	FAM003436	FAM000188	FAM004369	FAM003178	FAM008334	FAM004740	FAM018128
rep194_seed2219	FAM004786	FAM008858	FAM012198	FAM009970	FAM005101	FAM014654	FAM001638	FAM010815	FAM010758	FAM011279	FAM011237	FAM002494	FAM000074	FAM002255	FAM023351
rep195_seed2220	FAM004630	FAM006212	FAM005373	FAM008277	FAM005186	FAM013234	FAM000927	FAM008268	FAM013785	FAM008674	FAM001702	FAM006487	FAM003534	FAM011340	FAM023121
rep196_seed2221	FAM005465	FAM005521	FAM000800	FAM002409	FAM007946	FAM001769	FAM001706	FAM001468	FAM006495	FAM000716	FAM010502	FAM003688	FAM001588	FAM005168	FAM029099
rep197_seed2222	FAM007525	FAM010196	FAM012607	FAM003278	FAM000871	FAM000412	FAM004349	FAM002954	FAM009126	FAM004755	FAM009708	FAM002129	FAM006097	FAM004841	FAM016367
rep198_seed2223	FAM012307	FAM002139	FAM001440	FAM000982	FAM007705	FAM008935	FAM010372	FAM011494	FAM004062	FAM001350	FAM004934	FAM002458	FAM007673	FAM003921	FAM017600
rep199_seed2224	FAM003401	FAM010731	FAM002226	FAM004088	FAM001118	FAM003105	FAM013242	FAM001658	FAM000457	FAM000680	FAM008346	FAM005483	FAM012438	FAM000396	FAM019051
rep200_seed2225	FAM005344	FAM011671	FAM000286	FAM006912	FAM008601	FAM002237	FAM002855	FAM000852	FAM010167	FAM004232	FAM006272	FAM012493	FAM005689	FAM007746	FAM017600
rep201_seed2226	FAM004982	FAM003471	FAM008376	FAM004114	FAM003837	FAM005822	FAM013937	FAM002281	FAM012742	FAM003244	FAM004879	FAM000924	FAM013922	FAM000457	FAM028491
rep202_seed2227	FAM005497	FAM006210	FAM001743	FAM002900	FAM013131	FAM001750	FAM001928	FAM001195	FAM013992	FAM009276	FAM003777	FAM005673	FAM008615	FAM001145	FAM029000
rep203_seed2228	FAM001760	FAM000887	FAM007066	FAM009542	FAM002741	FAM000555	FAM008689	FAM006240	FAM009178	FAM004259	FAM009112	FAM005246	FAM005548	FAM000739	FAM020292
rep204_seed2229	FAM004744	FAM003492	FAM008207	FAM009433	FAM003083	FAM007744	FAM007910	FAM004794	FAM002229	FAM000755	FAM012162	FAM005151	FAM008915	FAM001413	FAM017463
rep205_seed2230	FAM003780	FAM002738	FAM007967	FAM005245	FAM005378	FAM001411	FAM000016	FAM006833	FAM012722	FAM007307	FAM012305	FAM007305	FAM008690	FAM004854	FAM022720
rep206_seed2231	FAM004463	FAM002847	FAM010771	FAM001367	FAM004787	FAM010525	FAM001253	FAM009767	FAM001168	FAM000144	FAM010922	FAM004170	FAM001613	FAM008444	FAM026134
rep207_seed2232	FAM006636	FAM001567	FAM003099	FAM001723	FAM003139	FAM002248	FAM004253	FAM006384	FAM002132	FAM006629	FAM009042	FAM007058	FAM002081	FAM004436	FAM028021
rep208_seed2233	FAM014266	FAM009572	FAM002746	FAM000944	FAM009051	FAM001668	FAM007244	FAM001827	FAM006813	FAM011782	FAM002540	FAM010385	FAM010290	FAM006060	FAM018712
rep209_seed2234	FAM002212	FAM002931	FAM005707	FAM001472	FAM000619	FAM003206	FAM009155	FAM003070	FAM008399	FAM004094	FAM004011	FAM002133	FAM004716	FAM008371	FAM015476
rep210_seed2235	FAM000118	FAM004310	FAM006700	FAM002504	FAM013716	FAM012856	FAM000519	FAM004695	FAM001886	FAM001432	FAM005477	FAM014658	FAM004930	FAM002735	FAM026677
rep211_seed2236	FAM012735	FAM009518	FAM014123	FAM006895	FAM000777	FAM004423	FAM009638	FAM013116	FAM002812	FAM002865	FAM006624	FAM005378	FAM008011	FAM004779	FAM016787
rep212_seed2237	FAM009211	FAM004123	FAM005890	FAM000830	FAM002095	FAM008474	FAM001621	FAM000502	FAM011986	FAM004590	FAM002874	FAM004366	FAM008088	FAM002820	FAM024867
rep213_seed2238	FAM002227	FAM001657	FAM000716	FAM006175	FAM009472	FAM003348	FAM002120	FAM006388	FAM001661	FAM000729	FAM000171	FAM000740	FAM008712	FAM004474	FAM026980
rep214_seed2239	FAM002501	FAM000019	FAM004511	FAM010398	FAM011622	FAM007159	FAM003640	FAM011002	FAM005998	FAM010256	FAM007216	FAM004379	FAM004332	FAM013624	FAM028021
rep215_seed2240	FAM001098	FAM014540	FAM006240	FAM010160	FAM000597	FAM012715	FAM007373	FAM013844	FAM002237	FAM001020	FAM010121	FAM001840	FAM000404	FAM005287	FAM023471
rep216_seed2241	FAM004736	FAM001884	FAM000690	FAM006860	FAM000314	FAM001417	FAM006520	FAM006390	FAM009181	FAM014611	FAM013785	FAM004152	FAM000317	FAM009431	FAM023082
rep217_seed2242	FAM004337	FAM011822	FAM000110	FAM005162	FAM004967	FAM013709	FAM001927	FAM008870	FAM004057	FAM000473	FAM013676	FAM001010	FAM003672	FAM003525	FAM028538
rep218_seed2243	FAM002096	FAM011578	FAM007426	FAM004016	FAM002202	FAM011417	FAM000386	FAM007010	FAM010417	FAM010678	FAM008023	FAM006380	FAM002143	FAM005306	FAM028166
rep219_seed2244	FAM009023	FAM005320	FAM003272	FAM004570	FAM006443	FAM013234	FAM004807	FAM001850	FAM009776	FAM003262	FAM006123	FAM008325	FAM009446	FAM007064	FAM020289
rep220_seed2245	FAM007590	FAM001398	FAM002513	FAM000518	FAM003780	FAM009155	FAM008383	FAM004204	FAM013834	FAM002334	FAM002415	FAM004148	FAM007442	FAM003988	FAM026665
rep221_seed2246	FAM001744	FAM005736	FAM003319	FAM008394	FAM010238	FAM001618	FAM009160	FAM002324	FAM004108	FAM004164	FAM005535	FAM011779	FAM005466	FAM008406	FAM018112
rep222_seed2247	FAM008942	FAM004575	FAM004371	FAM000978	FAM009945	FAM005244	FAM002293	FAM009332	FAM010469	FAM007581	FAM004975	FAM010164	FAM004090	FAM004991	FAM029003
rep223_seed2248	FAM003965	FAM008365	FAM004195	FAM012488	FAM002624	FAM007175	FAM007908	FAM004611	FAM006531	FAM003195	FAM010793	FAM005713	FAM007057	FAM006677	FAM027646
rep224_seed2249	FAM009967	FAM003514	FAM005687	FAM007180	FAM013787	FAM010056	FAM007858	FAM004753	FAM002279	FAM003489	FAM007175	FAM003457	FAM006656	FAM005394	FAM016584
rep225_seed2250	FAM007068	FAM004890	FAM008740	FAM005692	FAM003842	FAM001761	FAM001936	FAM011085	FAM000721	FAM000447	FAM004394	FAM004387	FAM007012	FAM001137	FAM018309
rep226_seed2251	FAM002972	FAM007348	FAM003452	FAM003210	FAM001620	FAM005430	FAM004588	FAM013028	FAM002146	FAM002398	FAM002604	FAM001911	FAM000147	FAM008525	FAM017988
rep227_seed2252	FAM006515	FAM001063	FAM002831	FAM008413	FAM008813	FAM004912	FAM011239	FAM004952	FAM003084	FAM004787	FAM005387	FAM011827	FAM007789	FAM008394	FAM024396
rep228_seed2253	FAM000548	FAM007358	FAM001054	FAM006787	FAM000054	FAM001910	FAM004901	FAM009948	FAM000436	FAM002188	FAM014674	FAM000520	FAM005756	FAM000455	FAM014968
rep229_seed2254	FAM001038	FAM011574	FAM003970	FAM004977	FAM007352	FAM013223	FAM007302	FAM006525	FAM007179	FAM000047	FAM010922	FAM000069	FAM001144	FAM013149	FAM016732
rep230_seed2255	FAM003817	FAM004424	FAM002161	FAM003611	FAM000937	FAM006724	FAM010575	FAM010423	FAM005975	FAM002931	FAM007246	FAM005750	FAM013838	FAM004228	FAM025066
rep231_seed2256	FAM004189	FAM000822	FAM004026	FAM005691	FAM004098	FAM004865	FAM002259	FAM000153	FAM002888	FAM003825	FAM003586	FAM007064	FAM008063	FAM002163	FAM023312
rep232_seed2257	FAM003347	FAM003418	FAM007729	FAM001269	FAM005909	FAM002464	FAM003071	FAM004616	FAM002696	FAM003695	FAM001685	FAM006910	FAM011981	FAM000584	FAM021142
rep233_seed2258	FAM011417	FAM002927	FAM006700	FAM000103	FAM000687	FAM010217	FAM000529	FAM002707	FAM003968	FAM002554	FAM007193	FAM002623	FAM003629	FAM014536	FAM025522
rep234_seed2259	FAM004177	FAM003006	FAM007482	FAM000838	FAM002666	FAM003085	FAM010510	FAM000261	FAM002885	FAM011344	FAM005377	FAM001013	FAM006695	FAM004341	FAM015565
rep235_seed2260	FAM002724	FAM006441	FAM009344	FAM003171	FAM002830	FAM004091	FAM012255	FAM005010	FAM001156	FAM007309	FAM003698	FAM004581	FAM000790	FAM002478	FAM015140
rep236_seed2261	FAM009647	FAM002201	FAM002636	FAM007319	FAM012208	FAM011374	FAM004271	FAM011155	FAM013530	FAM003904	FAM013648	FAM005645	FAM002108	FAM003302	FAM016947
rep237_seed2262	FAM001409	FAM002413	FAM000732	FAM003215	FAM006930	FAM011390	FAM001804	FAM008722	FAM000057	FAM001771	FAM011689	FAM000720	FAM008361	FAM012237	FAM015120
rep238_seed2263	FAM001579	FAM003833	FAM001685	FAM005034	FAM007829	FAM011021	FAM002753	FAM001055	FAM011715	FAM004300	FAM006506	FAM012258	FAM010815	FAM007379	FAM014860
rep239_seed2264	FAM007803	FAM010040	FAM003639	FAM010202	FAM000627	FAM003676	FAM001319	FAM001354	FAM001714	FAM001507	FAM000147	FAM004818	FAM003163	FAM001618	FAM018105
rep240_seed2265	FAM004080	FAM000483	FAM003548	FAM000775	FAM005758	FAM005499	FAM002300	FAM008252	FAM006307	FAM011836	FAM000550	FAM004687	FAM002427	FAM003964	FAM016587
rep241_seed2266	FAM009815	FAM012782	FAM009880	FAM004105	FAM007586	FAM000697	FAM000352	FAM001208	FAM004306	FAM007445	FAM003336	FAM000002	FAM004148	FAM008448	FAM022174
rep242_seed2267	FAM010990	FAM006280	FAM010423	FAM006860	FAM011585	FAM009506	FAM005907	FAM001655	FAM000458	FAM002503	FAM009959	FAM009550	FAM003251	FAM003109	FAM027539
rep243_seed2268	FAM008120	FAM013767	FAM006181	FAM007027	FAM004900	FAM000858	FAM004930	FAM007124	FAM006739	FAM001586	FAM001339	FAM000570	FAM009692	FAM004532	FAM025952
rep244_seed2269	FAM005826	FAM001717	FAM007618	FAM002622	FAM011113	FAM010834	FAM012237	FAM004870	FAM013984	FAM011000	FAM000896	FAM003491	FAM001739	FAM009959	FAM027997
rep245_seed2270	FAM012778	FAM013122	FAM000488	FAM004969	FAM009559	FAM005622	FAM005806	FAM002519	FAM000394	FAM004464	FAM008092	FAM004949	FAM005898	FAM008829	FAM019735
rep246_seed2271	FAM004137	FAM003389	FAM009410	FAM001230	FAM001301	FAM001086	FAM000303	FAM002561	FAM002594	FAM007974	FAM001895	FAM007267	FAM000223	FAM005000	FAM023885
rep247_seed2272	FAM000377	FAM014413	FAM010970	FAM002099	FAM002075	FAM011470	FAM006902	FAM005062	FAM010712	FAM009732	FAM001195	FAM013616	FAM004395	FAM010663	FAM028904
rep248_seed2273	FAM004861	FAM001533	FAM000441	FAM002063	FAM002791	FAM005859	FAM002771	FAM006753	FAM001398	FAM007295	FAM005721	FAM012335	FAM009124	FAM005040	FAM020202
rep249_seed2274	FAM001853	FAM000494	FAM000564	FAM001628	FAM006938	FAM003147	FAM011504	FAM005307	FAM001588	FAM007032	FAM003832	FAM010933	FAM003576	FAM011658	FAM026251
rep250_seed2275	FAM002622	FAM002425	FAM008217	FAM001909	FAM001943	FAM000961	FAM005024	FAM004604	FAM004740	FAM003841	FAM008804	FAM000509	FAM002419	FAM009358	FAM016687
rep251_seed2276	FAM009825	FAM003457	FAM002347	FAM003033	FAM003619	FAM001730	FAM002246	FAM000859	FAM000592	FAM007461	FAM000408	FAM003766	FAM009724	FAM007685	FAM017643
rep252_seed2277	FAM000869	FAM001700	FAM001063	FAM003029	FAM003929	FAM007046	FAM007382	FAM004491	FAM001512	FAM002361	FAM005845	FAM004513	FAM003903	FAM012877	FAM022562
rep253_seed2278	FAM007448	FAM008960	FAM004100	FAM005155	FAM002942	FAM014459	FAM001414	FAM009135	FAM004598	FAM009219	FAM009935	FAM001528	FAM005675	FAM000343	FAM028937
rep254_seed2279	FAM009268	FAM004653	FAM002951	FAM011279	FAM001605	FAM005051	FAM001307	FAM001776	FAM004616	FAM000290	FAM010224	FAM003794	FAM010324	FAM000790	FAM026299
rep255_seed2280	FAM006159	FAM000305	FAM004053	FAM003434	FAM011400	FAM002986	FAM002602	FAM005998	FAM003492	FAM003596	FAM001154	FAM007889	FAM008168	FAM006997	FAM015937
rep256_seed2281	FAM003608	FAM006808	FAM001540	FAM012162	FAM006041	FAM009125	FAM009814	FAM003022	FAM000595	FAM005676	FAM001025	FAM005061	FAM013526	FAM002960	FAM023184
rep257_seed2282	FAM001212	FAM001717	FAM003201	FAM003829	FAM007228	FAM005714	FAM012237	FAM002797	FAM008552	FAM002398	FAM014636	FAM003427	FAM001045	FAM007088	FAM016367
rep258_seed2283	FAM013838	FAM003050	FAM004183	FAM000088	FAM004213	FAM007190	FAM003259	FAM005544	FAM004857	FAM007919	FAM000660	FAM011021	FAM002348	FAM004250	FAM025371
rep259_seed2284	FAM001855	FAM001764	FAM000620	FAM009772	FAM011959	FAM004160	FAM006368	FAM001395	FAM004303	FAM001185	FAM006462	FAM002636	FAM001127	FAM001984	FAM023885
rep260_seed2285	FAM014408	FAM004071	FAM009500	FAM001681	FAM001819	FAM007105	FAM004299	FAM008514	FAM004894	FAM001578	FAM009033	FAM010688	FAM007893	FAM009967	FAM023048
rep261_seed2286	FAM001101	FAM000158	FAM003299	FAM002493	FAM006062	FAM007023	FAM009600	FAM005188	FAM002077	FAM006024	FAM013425	FAM013206	FAM004306	FAM011854	FAM020750
rep262_seed2287	FAM008065	FAM001984	FAM004470	FAM012865	FAM000492	FAM008149	FAM005111	FAM003413	FAM002282	FAM010225	FAM003162	FAM004475	FAM010709	FAM003343	FAM028934
rep263_seed2288	FAM013442	FAM005470	FAM005837	FAM012108	FAM004317	FAM003408	FAM004177	FAM005622	FAM009405	FAM005536	FAM008082	FAM000092	FAM009877	FAM013780	FAM020320
rep264_seed2289	FAM004121	FAM012383	FAM003154	FAM013506	FAM002401	FAM003347	FAM000897	FAM002902	FAM013722	FAM000476	FAM005368	FAM007850	FAM002259	FAM000531	FAM022580
rep265_seed2290	FAM002690	FAM003243	FAM004074	FAM013911	FAM013566	FAM000713	FAM003349	FAM007187	FAM006911	FAM002449	FAM008701	FAM006694	FAM002618	FAM001842	FAM018259
rep266_seed2291	FAM005166	FAM007533	FAM006504	FAM009710	FAM008129	FAM002001	FAM002308	FAM003098	FAM005104	FAM000057	FAM003347	FAM003187	FAM001716	FAM005318	FAM019547
rep267_seed2292	FAM010398	FAM004361	FAM003028	FAM013073	FAM005309	FAM007563	FAM008687	FAM011427	FAM009963	FAM002927	FAM003025	FAM008966	FAM012794	FAM004568	FAM023417
rep268_seed2293	FAM006354	FAM000866	FAM005429	FAM002035	FAM006396	FAM008867	FAM006432	FAM010525	FAM002194	FAM003787	FAM001293	FAM005543	FAM001473	FAM000233	FAM019978
rep269_seed2294	FAM004385	FAM002035	FAM011551	FAM002234	FAM005245	FAM003094	FAM013253	FAM007747	FAM004997	FAM001274	FAM005350	FAM003092	FAM004656	FAM006082	FAM023351
rep270_seed2295	FAM007124	FAM006983	FAM009564	FAM001252	FAM013457	FAM006492	FAM012425	FAM006298	FAM003888	FAM004336	FAM007340	FAM004469	FAM006953	FAM009664	FAM022982
rep271_seed2296	FAM000243	FAM004585	FAM000685	FAM011937	FAM001011	FAM007955	FAM000585	FAM011306	FAM004933	FAM002185	FAM010685	FAM001586	FAM000341	FAM003315	FAM021080
rep272_seed2297	FAM000312	FAM000999	FAM005267	FAM001269	FAM004237	FAM005334	FAM000655	FAM002002	FAM001085	FAM007189	FAM004016	FAM011087	FAM002302	FAM001140	FAM023176
rep273_seed2298	FAM010526	FAM003070	FAM008985	FAM001284	FAM003923	FAM012215	FAM006084	FAM010984	FAM011102	FAM001603	FAM008610	FAM001342	FAM001414	FAM006152	FAM015721
rep274_seed2299	FAM006614	FAM001780	FAM003203	FAM002651	FAM004583	FAM005410	FAM003033	FAM001259	FAM005021	FAM008108	FAM000337	FAM001466	FAM001315	FAM004295	FAM019547
rep275_seed2300	FAM000563	FAM007985	FAM009358	FAM003982	FAM004122	FAM012610	FAM004524	FAM011672	FAM000786	FAM006230	FAM003184	FAM008467	FAM003768	FAM001591	FAM017122
rep276_seed2301	FAM003446	FAM010353	FAM003961	FAM007537	FAM013484	FAM012180	FAM007289	FAM002507	FAM013608	FAM002205	FAM006821	FAM004829	FAM005326	FAM001698	FAM015387
rep277_seed2302	FAM005044	FAM010728	FAM004082	FAM009534	FAM003985	FAM002778	FAM000386	FAM003325	FAM003033	FAM000305	FAM002890	FAM008558	FAM001610	FAM005409	FAM026530
rep278_seed2303	FAM006101	FAM001493	FAM004111	FAM006893	FAM009904	FAM001938	FAM007894	FAM001185	FAM010418	FAM002639	FAM002297	FAM000608	FAM005930	FAM011537	FAM015019
rep279_seed2304	FAM009721	FAM004759	FAM006139	FAM004444	FAM013712	FAM006279	FAM000307	FAM004851	FAM014503	FAM000894	FAM011242	FAM009051	FAM004318	FAM007394	FAM016729
rep280_seed2305	FAM001182	FAM012524	FAM005923	FAM005183	FAM001712	FAM004079	FAM002549	FAM008060	FAM004549	FAM003502	FAM001608	FAM012211	FAM013146	FAM002610	FAM018251
rep281_seed2306	FAM000378	FAM009413	FAM003868	FAM004411	FAM013519	FAM005799	FAM001825	FAM002078	FAM003479	FAM011417	FAM005202	FAM002268	FAM006128	FAM008417	FAM026868
rep282_seed2307	FAM003681	FAM001025	FAM007669	FAM009442	FAM010804	FAM001006	FAM000677	FAM003005	FAM002196	FAM001618	FAM004311	FAM003803	FAM012571	FAM003220	FAM021337
rep283_seed2308	FAM013398	FAM000210	FAM000684	FAM005003	FAM002168	FAM001806	FAM004897	FAM007894	FAM003010	FAM010417	FAM010703	FAM001776	FAM001107	FAM003226	FAM018136
rep284_seed2309	FAM001859	FAM009041	FAM002595	FAM012135	FAM005112	FAM002777	FAM002886	FAM003224	FAM001057	FAM003988	FAM005421	FAM002700	FAM004358	FAM002003	FAM020795
rep285_seed2310	FAM006209	FAM006217	FAM006735	FAM007382	FAM005592	FAM003552	FAM001177	FAM006556	FAM004628	FAM002819	FAM004429	FAM008698	FAM002010	FAM006544	FAM016003
rep286_seed2311	FAM006468	FAM005377	FAM001391	FAM005080	FAM004538	FAM005959	FAM002760	FAM003077	FAM001084	FAM006801	FAM004450	FAM005564	FAM009506	FAM014237	FAM016947
rep287_seed2312	FAM008432	FAM004976	FAM006284	FAM000315	FAM014514	FAM005774	FAM013505	FAM007555	FAM002972	FAM009758	FAM010471	FAM001795	FAM007958	FAM006849	FAM021271
rep288_seed2313	FAM000783	FAM004571	FAM005402	FAM006951	FAM008243	FAM009162	FAM000225	FAM001178	FAM002227	FAM004797	FAM000386	FAM004344	FAM006728	FAM002365	FAM028459
rep289_seed2314	FAM005455	FAM005766	FAM001514	FAM006024	FAM002706	FAM000799	FAM000408	FAM002046	FAM006947	FAM002176	FAM002458	FAM006175	FAM005872	FAM012761	FAM017988
rep290_seed2315	FAM006069	FAM007473	FAM000499	FAM014565	FAM011438	FAM004104	FAM006902	FAM009512	FAM002356	FAM002570	FAM000833	FAM006771	FAM005449	FAM014120	FAM020228
rep291_seed2316	FAM000508	FAM001663	FAM000848	FAM002547	FAM006111	FAM002896	FAM007587	FAM002021	FAM008500	FAM008632	FAM002691	FAM008655	FAM006808	FAM010922	FAM016663
rep292_seed2317	FAM006011	FAM000419	FAM004567	FAM005374	FAM000792	FAM012203	FAM002483	FAM007837	FAM002458	FAM002115	FAM004607	FAM001993	FAM001194	FAM006035	FAM029086
rep293_seed2318	FAM008335	FAM009181	FAM012929	FAM008870	FAM002691	FAM002997	FAM001490	FAM003498	FAM006301	FAM013366	FAM004088	FAM001360	FAM009980	FAM002831	FAM018505
rep294_seed2319	FAM001549	FAM003554	FAM011715	FAM010443	FAM000465	FAM006482	FAM007106	FAM004416	FAM000334	FAM004497	FAM000911	FAM004117	FAM009943	FAM004815	FAM028151
rep295_seed2320	FAM004381	FAM003445	FAM000099	FAM012472	FAM006410	FAM009555	FAM001899	FAM002945	FAM004729	FAM007893	FAM009053	FAM002087	FAM001856	FAM001831	FAM026677
rep296_seed2321	FAM004428	FAM005679	FAM008592	FAM003295	FAM007730	FAM004697	FAM001894	FAM001412	FAM003711	FAM004087	FAM000562	FAM011307	FAM001846	FAM013020	FAM021379
rep297_seed2322	FAM000811	FAM003828	FAM006378	FAM007335	FAM001179	FAM004084	FAM001166	FAM003654	FAM005822	FAM013113	FAM003612	FAM008360	FAM002901	FAM003117	FAM018643
rep298_seed2323	FAM000939	FAM006979	FAM003124	FAM000844	FAM001781	FAM008578	FAM000364	FAM000154	FAM007085	FAM000544	FAM011029	FAM012586	FAM005263	FAM000123	FAM015338
rep299_seed2324	FAM004880	FAM009455	FAM001249	FAM003832	FAM009178	FAM002840	FAM000448	FAM006979	FAM004601	FAM001401	FAM000388	FAM008056	FAM003068	FAM000087	FAM018235
rep300_seed2325	FAM002107	FAM010933	FAM009932	FAM004906	FAM008526	FAM005873	FAM011181	FAM001904	FAM003317	FAM002868	FAM001602	FAM004515	FAM011246	FAM005816	FAM027786
rep301_seed2326	FAM007303	FAM002607	FAM001440	FAM009880	FAM003217	FAM006611	FAM002028	FAM004588	FAM000870	FAM012772	FAM001754	FAM002062	FAM000831	FAM005458	FAM017699
rep302_seed2327	FAM005399	FAM001674	FAM005164	FAM003867	FAM001307	FAM004765	FAM005864	FAM002269	FAM006699	FAM008707	FAM009172	FAM007688	FAM008804	FAM002701	FAM017463
rep303_seed2328	FAM005057	FAM013874	FAM012023	FAM008722	FAM002322	FAM000617	FAM009413	FAM002396	FAM005133	FAM000687	FAM004667	FAM007574	FAM012447	FAM007517	FAM023998
rep304_seed2329	FAM005640	FAM007429	FAM003351	FAM002869	FAM002245	FAM007127	FAM013853	FAM006972	FAM000786	FAM006084	FAM006405	FAM003716	FAM005721	FAM003832	FAM024971
rep305_seed2330	FAM010637	FAM014225	FAM010636	FAM001229	FAM008225	FAM000263	FAM001234	FAM011881	FAM009455	FAM000698	FAM003634	FAM002951	FAM000985	FAM010933	FAM028056
rep306_seed2331	FAM004742	FAM012377	FAM009572	FAM009522	FAM010418	FAM006592	FAM001563	FAM006441	FAM003957	FAM000584	FAM005887	FAM014254	FAM014459	FAM006781	FAM016611
rep307_seed2332	FAM002116	FAM007461	FAM001598	FAM005658	FAM004172	FAM005794	FAM004157	FAM000978	FAM010614	FAM000058	FAM004301	FAM009290	FAM003076	FAM008171	FAM014857
rep308_seed2333	FAM002832	FAM012627	FAM003761	FAM002654	FAM003724	FAM013251	FAM003796	FAM002580	FAM003387	FAM012173	FAM003068	FAM002649	FAM008473	FAM005502	FAM018259
rep309_seed2334	FAM006493	FAM006678	FAM006480	FAM001147	FAM003980	FAM003011	FAM005319	FAM005477	FAM007294	FAM008287	FAM006182	FAM010753	FAM006926	FAM003123	FAM015581
rep310_seed2335	FAM008445	FAM000817	FAM002686	FAM008857	FAM001794	FAM006821	FAM006898	FAM002751	FAM002164	FAM001754	FAM012925	FAM003651	FAM008676	FAM002940	FAM014857
rep311_seed2336	FAM000689	FAM004325	FAM006410	FAM009528	FAM003158	FAM003672	FAM001576	FAM000907	FAM006635	FAM006051	FAM000140	FAM011012	FAM001811	FAM001806	FAM027677
rep312_seed2337	FAM005856	FAM003296	FAM006315	FAM014682	FAM004703	FAM002999	FAM001692	FAM012358	FAM011377	FAM007273	FAM000890	FAM007277	FAM008191	FAM004959	FAM015720
rep313_seed2338	FAM002259	FAM006075	FAM009388	FAM005206	FAM001471	FAM007031	FAM006764	FAM004042	FAM002717	FAM002172	FAM008700	FAM007759	FAM002338	FAM003437	FAM015156
rep314_seed2339	FAM007259	FAM002272	FAM014123	FAM005966	FAM001989	FAM006519	FAM000411	FAM004787	FAM003157	FAM002628	FAM000056	FAM004784	FAM003298	FAM004786	FAM016611
rep315_seed2340	FAM000481	FAM002559	FAM010463	FAM006465	FAM003328	FAM006947	FAM011504	FAM004663	FAM000849	FAM004605	FAM001122	FAM001245	FAM002597	FAM006775	FAM023450
rep316_seed2341	FAM003602	FAM000687	FAM008558	FAM004561	FAM013420	FAM003128	FAM001039	FAM011105	FAM002929	FAM007226	FAM001543	FAM004264	FAM007512	FAM010728	FAM018243
rep317_seed2342	FAM003559	FAM002941	FAM005723	FAM001460	FAM013929	FAM006594	FAM007319	FAM003119	FAM008129	FAM000914	FAM004320	FAM008088	FAM009954	FAM005365	FAM019978
rep318_seed2343	FAM012742	FAM005229	FAM002822	FAM010712	FAM001712	FAM002434	FAM014436	FAM009686	FAM002426	FAM000640	FAM004017	FAM005220	FAM005374	FAM004337	FAM016676
rep319_seed2344	FAM007891	FAM003696	FAM005151	FAM007274	FAM012447	FAM000593	FAM011502	FAM012840	FAM007309	FAM006641	FAM003601	FAM012603	FAM000225	FAM009519	FAM021080
rep320_seed2345	FAM014097	FAM001049	FAM002355	FAM003628	FAM013948	FAM007963	FAM002397	FAM007767	FAM011738	FAM009323	FAM003057	FAM002045	FAM004882	FAM006331	FAM023246
rep321_seed2346	FAM009308	FAM014413	FAM006048	FAM001857	FAM003470	FAM002615	FAM005590	FAM000775	FAM004903	FAM005923	FAM012778	FAM011539	FAM002001	FAM006389	FAM017373
rep322_seed2347	FAM002793	FAM004649	FAM002705	FAM001700	FAM004564	FAM003812	FAM006285	FAM004221	FAM008826	FAM004267	FAM001689	FAM003696	FAM000823	FAM005922	FAM018555
rep323_seed2348	FAM008469	FAM002109	FAM000991	FAM005073	FAM004144	FAM008932	FAM008792	FAM004375	FAM002766	FAM004938	FAM003079	FAM000215	FAM004218	FAM003735	FAM022316
rep324_seed2349	FAM002618	FAM002373	FAM002238	FAM007162	FAM003611	FAM004026	FAM000984	FAM010696	FAM004334	FAM004266	FAM009723	FAM000242	FAM009042	FAM002494	FAM018418
rep325_seed2350	FAM005659	FAM006316	FAM002832	FAM008308	FAM006384	FAM009984	FAM004766	FAM001497	FAM005900	FAM002611	FAM000778	FAM003846	FAM007682	FAM007432	FAM020375
rep326_seed2351	FAM006563	FAM001363	FAM009511	FAM014342	FAM006321	FAM009101	FAM001061	FAM013953	FAM000579	FAM004352	FAM012624	FAM006159	FAM001271	FAM012533	FAM025472
rep327_seed2352	FAM013128	FAM004843	FAM001650	FAM001077	FAM003881	FAM002443	FAM005155	FAM006746	FAM005495	FAM004688	FAM001088	FAM002305	FAM006363	FAM002142	FAM019735
rep328_seed2353	FAM003280	FAM009228	FAM002595	FAM009615	FAM003723	FAM001168	FAM002615	FAM001216	FAM013935	FAM003736	FAM001304	FAM002986	FAM002229	FAM000540	FAM021869
rep329_seed2354	FAM005254	FAM009113	FAM014403	FAM001881	FAM000649	FAM007726	FAM007326	FAM010916	FAM003492	FAM008466	FAM009415	FAM004497	FAM000081	FAM006880	FAM019965
rep330_seed2355	FAM009542	FAM001350	FAM007507	FAM008080	FAM007135	FAM007419	FAM003972	FAM013448	FAM004476	FAM000594	FAM006893	FAM008347	FAM010676	FAM000047	FAM015536
rep331_seed2356	FAM000786	FAM001936	FAM003821	FAM010685	FAM007764	FAM008423	FAM006692	FAM006519	FAM001620	FAM014139	FAM002775	FAM005365	FAM005891	FAM007158	FAM015410
rep332_seed2357	FAM000892	FAM014236	FAM004914	FAM008290	FAM000655	FAM004258	FAM005087	FAM001818	FAM005101	FAM006041	FAM003873	FAM005491	FAM006405	FAM000297	FAM026540
rep333_seed2358	FAM000599	FAM003283	FAM000667	FAM006749	FAM000971	FAM002192	FAM009904	FAM009074	FAM010805	FAM001708	FAM001513	FAM010187	FAM004773	FAM002572	FAM022562
rep334_seed2359	FAM009406	FAM006089	FAM012270	FAM003350	FAM000133	FAM012326	FAM011524	FAM004779	FAM003161	FAM006455	FAM001809	FAM002808	FAM006691	FAM007397	FAM026995
rep335_seed2360	FAM012027	FAM004077	FAM001693	FAM006707	FAM004462	FAM009235	FAM001169	FAM004638	FAM006886	FAM002636	FAM002975	FAM010425	FAM005254	FAM000504	FAM022137
rep336_seed2361	FAM000226	FAM005158	FAM006243	FAM007073	FAM014213	FAM006476	FAM007016	FAM000563	FAM008364	FAM009929	FAM010646	FAM006847	FAM001907	FAM012794	FAM028865
rep337_seed2362	FAM011151	FAM005903	FAM011140	FAM002494	FAM010636	FAM009090	FAM001552	FAM007895	FAM001264	FAM008804	FAM012954	FAM009857	FAM000263	FAM005159	FAM021336
rep338_seed2363	FAM012237	FAM004436	FAM002551	FAM007811	FAM005621	FAM006808	FAM002727	FAM001694	FAM004897	FAM010408	FAM005153	FAM007388	FAM001056	FAM000715	FAM019735
rep339_seed2364	FAM009363	FAM006162	FAM003506	FAM006627	FAM004281	FAM005705	FAM001153	FAM001347	FAM003187	FAM004267	FAM008585	FAM005689	FAM004913	FAM010283	FAM018218
rep340_seed2365	FAM005133	FAM000782	FAM003862	FAM004257	FAM006513	FAM012567	FAM007186	FAM011575	FAM001757	FAM013073	FAM003515	FAM007326	FAM004422	FAM010467	FAM025199
rep341_seed2366	FAM004426	FAM006771	FAM006764	FAM005814	FAM005979	FAM001864	FAM008394	FAM002909	FAM004112	FAM006279	FAM006014	FAM005048	FAM001604	FAM000513	FAM016609
rep342_seed2367	FAM000365	FAM004338	FAM003987	FAM006423	FAM008184	FAM000471	FAM005859	FAM012477	FAM000385	FAM002093	FAM003203	FAM004665	FAM004224	FAM000480	FAM023974
rep343_seed2368	FAM000623	FAM010220	FAM001930	FAM001167	FAM000692	FAM001080	FAM006263	FAM007249	FAM003449	FAM014268	FAM002927	FAM003035	FAM009564	FAM001462	FAM022991
rep344_seed2369	FAM005408	FAM010663	FAM001376	FAM005481	FAM003339	FAM003628	FAM001193	FAM002193	FAM009336	FAM013368	FAM006272	FAM001443	FAM006133	FAM005471	FAM025143
rep345_seed2370	FAM001267	FAM006912	FAM007734	FAM005100	FAM000297	FAM005305	FAM001265	FAM009138	FAM005387	FAM002805	FAM007302	FAM008590	FAM008039	FAM002136	FAM023512
rep346_seed2371	FAM004104	FAM004030	FAM002160	FAM001256	FAM002961	FAM000148	FAM000281	FAM004264	FAM007239	FAM005340	FAM000789	FAM007865	FAM005363	FAM012201	FAM018729
rep347_seed2372	FAM004189	FAM000183	FAM012135	FAM000859	FAM007975	FAM000774	FAM003793	FAM003278	FAM005234	FAM010993	FAM005020	FAM002739	FAM012940	FAM001514	FAM021337
rep348_seed2373	FAM010978	FAM000324	FAM004897	FAM006734	FAM006731	FAM000765	FAM001127	FAM003470	FAM012110	FAM005361	FAM001371	FAM000289	FAM012507	FAM000347	FAM027293
rep349_seed2374	FAM003273	FAM001571	FAM007006	FAM011306	FAM005460	FAM002533	FAM004295	FAM010070	FAM002984	FAM001444	FAM008709	FAM002883	FAM010224	FAM004595	FAM024848
rep350_seed2375	FAM010709	FAM004298	FAM007002	FAM004361	FAM001145	FAM002711	FAM004414	FAM014674	FAM005785	FAM000294	FAM000947	FAM002960	FAM007900	FAM006109	FAM014887
rep351_seed2376	FAM001836	FAM004469	FAM001963	FAM001320	FAM006528	FAM007677	FAM000197	FAM000238	FAM010502	FAM002723	FAM011347	FAM001848	FAM007309	FAM010762	FAM021593
rep352_seed2377	FAM000891	FAM005538	FAM004186	FAM002132	FAM002042	FAM002423	FAM003793	FAM000404	FAM008767	FAM001009	FAM000565	FAM008794	FAM003935	FAM002201	FAM015336
rep353_seed2378	FAM007478	FAM002038	FAM009151	FAM002596	FAM005744	FAM000487	FAM004966	FAM003511	FAM000165	FAM007191	FAM001437	FAM007814	FAM003332	FAM013621	FAM014824
rep354_seed2379	FAM003757	FAM014016	FAM008115	FAM009638	FAM006973	FAM007857	FAM004363	FAM007475	FAM001933	FAM000874	FAM002426	FAM006027	FAM000205	FAM005475	FAM022872
rep355_seed2380	FAM000323	FAM001964	FAM005334	FAM001546	FAM002785	FAM000174	FAM006975	FAM010636	FAM012610	FAM010595	FAM012966	FAM009609	FAM003090	FAM001740	FAM021094
rep356_seed2381	FAM011454	FAM004132	FAM007068	FAM002012	FAM004964	FAM005636	FAM008349	FAM005026	FAM005153	FAM003934	FAM010520	FAM001950	FAM004051	FAM002345	FAM025628
rep357_seed2382	FAM000248	FAM005210	FAM008560	FAM000626	FAM005323	FAM000362	FAM011621	FAM009669	FAM001832	FAM004318	FAM013417	FAM004004	FAM000352	FAM013273	FAM027014
rep358_seed2383	FAM011031	FAM012800	FAM003487	FAM009945	FAM007851	FAM001422	FAM009333	FAM007405	FAM004433	FAM001086	FAM004131	FAM010793	FAM001321	FAM000666	FAM021208
rep359_seed2384	FAM003893	FAM007234	FAM001812	FAM001501	FAM009610	FAM002670	FAM003747	FAM007717	FAM002074	FAM004523	FAM001640	FAM007744	FAM007325	FAM002257	FAM026134
rep360_seed2385	FAM001220	FAM013529	FAM006382	FAM006798	FAM006843	FAM005602	FAM000537	FAM004479	FAM001782	FAM011102	FAM001225	FAM014329	FAM002439	FAM004252	FAM014979
rep361_seed2386	FAM001875	FAM007329	FAM008669	FAM003664	FAM004383	FAM010977	FAM002403	FAM001773	FAM001877	FAM001963	FAM004684	FAM005608	FAM005836	FAM013154	FAM023040
rep362_seed2387	FAM009654	FAM005108	FAM002651	FAM005803	FAM001692	FAM008581	FAM010061	FAM003677	FAM009102	FAM000796	FAM009959	FAM011797	FAM013464	FAM006525	FAM020988
rep363_seed2388	FAM003068	FAM005967	FAM002355	FAM002681	FAM006475	FAM010919	FAM011953	FAM010070	FAM009787	FAM005161	FAM001646	FAM003371	FAM007420	FAM000342	FAM015720
rep364_seed2389	FAM001967	FAM007064	FAM010897	FAM000954	FAM001483	FAM003673	FAM004493	FAM007013	FAM005937	FAM003505	FAM005042	FAM007804	FAM002441	FAM013754	FAM025796
rep365_seed2390	FAM000770	FAM003972	FAM002590	FAM004812	FAM001290	FAM008045	FAM009298	FAM003342	FAM002294	FAM001326	FAM005733	FAM004338	FAM004073	FAM006351	FAM024867
rep366_seed2391	FAM001670	FAM010157	FAM000588	FAM007329	FAM011246	FAM005130	FAM007446	FAM002819	FAM009428	FAM002306	FAM001460	FAM002644	FAM004093	FAM005424	FAM021579
rep367_seed2392	FAM005747	FAM001749	FAM000234	FAM005173	FAM008883	FAM004022	FAM008207	FAM000347	FAM000837	FAM000021	FAM002251	FAM009145	FAM004460	FAM009197	FAM018359
rep368_seed2393	FAM004723	FAM003864	FAM007623	FAM002728	FAM005415	FAM003988	FAM003341	FAM002393	FAM007680	FAM010712	FAM003334	FAM005298	FAM005154	FAM010840	FAM026149
rep369_seed2394	FAM006254	FAM010385	FAM001043	FAM003772	FAM000875	FAM011537	FAM010202	FAM005173	FAM002124	FAM001314	FAM010363	FAM003391	FAM012011	FAM000950	FAM016324
rep370_seed2395	FAM005151	FAM007670	FAM009831	FAM000612	FAM006306	FAM007422	FAM005156	FAM008966	FAM002293	FAM006026	FAM002968	FAM005930	FAM008859	FAM001547	FAM015410
rep371_seed2396	FAM000096	FAM001011	FAM001902	FAM008519	FAM001647	FAM005957	FAM009605	FAM003347	FAM008760	FAM000197	FAM003648	FAM005539	FAM005680	FAM003458	FAM023420
rep372_seed2397	FAM001987	FAM012874	FAM002237	FAM008477	FAM002380	FAM006039	FAM009644	FAM005501	FAM008552	FAM012290	FAM008347	FAM002476	FAM000323	FAM006673	FAM023643
rep373_seed2398	FAM010840	FAM000685	FAM009401	FAM007517	FAM002602	FAM005748	FAM012489	FAM001849	FAM013314	FAM006267	FAM006817	FAM003587	FAM005785	FAM006361	FAM025522
rep374_seed2399	FAM002069	FAM006040	FAM005900	FAM005937	FAM013245	FAM000904	FAM001565	FAM000726	FAM002894	FAM010460	FAM004457	FAM007982	FAM005252	FAM000658	FAM024935
rep375_seed2400	FAM008554	FAM011053	FAM004699	FAM005837	FAM005936	FAM005479	FAM001940	FAM003155	FAM000823	FAM005697	FAM010289	FAM006529	FAM006104	FAM008334	FAM027997
rep376_seed2401	FAM005592	FAM012898	FAM002571	FAM001996	FAM011089	FAM004710	FAM008188	FAM000599	FAM011292	FAM000962	FAM010731	FAM000949	FAM001673	FAM004543	FAM018682
rep377_seed2402	FAM001371	FAM004240	FAM004334	FAM003680	FAM013611	FAM002737	FAM012008	FAM003273	FAM003750	FAM008824	FAM003610	FAM007480	FAM014698	FAM006429	FAM018096
rep378_seed2403	FAM002656	FAM000429	FAM001489	FAM003858	FAM002356	FAM002174	FAM010471	FAM010493	FAM012284	FAM001392	FAM003269	FAM002843	FAM005755	FAM000444	FAM016676
rep379_seed2404	FAM014658	FAM004169	FAM003779	FAM003957	FAM001786	FAM010668	FAM007369	FAM004271	FAM003742	FAM008022	FAM005356	FAM001720	FAM008097	FAM008032	FAM017841
rep380_seed2405	FAM006622	FAM001708	FAM004065	FAM005505	FAM010061	FAM000854	FAM004797	FAM002200	FAM000822	FAM004635	FAM001341	FAM008124	FAM010919	FAM005910	FAM018844
rep381_seed2406	FAM009763	FAM003640	FAM008686	FAM001564	FAM005986	FAM001104	FAM001228	FAM008305	FAM006845	FAM003874	FAM000117	FAM003287	FAM005941	FAM006476	FAM019254
rep382_seed2407	FAM004458	FAM003918	FAM010919	FAM003222	FAM013312	FAM004968	FAM011423	FAM007774	FAM007874	FAM003164	FAM001481	FAM002922	FAM005244	FAM005496	FAM020826
rep383_seed2408	FAM004102	FAM003827	FAM002574	FAM000885	FAM004544	FAM000551	FAM000257	FAM005099	FAM008941	FAM009866	FAM008165	FAM013054	FAM008645	FAM007849	FAM016647
rep384_seed2409	FAM008251	FAM001265	FAM008804	FAM001091	FAM002072	FAM003127	FAM005119	FAM006702	FAM002839	FAM002675	FAM004864	FAM005423	FAM005918	FAM014412	FAM025498
rep385_seed2410	FAM000301	FAM003702	FAM013729	FAM001348	FAM008094	FAM004614	FAM006147	FAM008279	FAM008875	FAM001675	FAM012925	FAM004489	FAM001785	FAM002026	FAM025636
rep386_seed2411	FAM001348	FAM012939	FAM003287	FAM010521	FAM002464	FAM004101	FAM009918	FAM004120	FAM015015	FAM001751	FAM006401	FAM004727	FAM007895	FAM008032	FAM028377
rep387_seed2412	FAM003906	FAM011576	FAM011374	FAM000356	FAM009064	FAM003976	FAM001502	FAM003389	FAM005465	FAM011332	FAM012220	FAM006330	FAM003561	FAM014073	FAM021479
rep388_seed2413	FAM005581	FAM010809	FAM005298	FAM006732	FAM005231	FAM000383	FAM002401	FAM007053	FAM004744	FAM005270	FAM007811	FAM005645	FAM002243	FAM002096	FAM020826
rep389_seed2414	FAM000021	FAM007139	FAM006497	FAM003293	FAM007304	FAM009122	FAM001735	FAM007982	FAM005242	FAM007078	FAM000176	FAM005362	FAM001906	FAM005632	FAM015327
rep390_seed2415	FAM006514	FAM001516	FAM004206	FAM008191	FAM010510	FAM000475	FAM005979	FAM004620	FAM000830	FAM000115	FAM012472	FAM003961	FAM001567	FAM006687	FAM021836
rep391_seed2416	FAM002815	FAM013698	FAM003960	FAM012852	FAM008102	FAM005676	FAM003279	FAM012521	FAM003568	FAM011181	FAM010721	FAM004467	FAM002239	FAM000521	FAM027791
rep392_seed2417	FAM007465	FAM002757	FAM005991	FAM006651	FAM008903	FAM011149	FAM009091	FAM001317	FAM000271	FAM001654	FAM003578	FAM001105	FAM001008	FAM001704	FAM029003
rep393_seed2418	FAM009213	FAM004989	FAM003470	FAM010636	FAM002738	FAM004492	FAM009402	FAM007046	FAM000433	FAM002467	FAM001014	FAM013016	FAM008400	FAM004047	FAM023512
rep394_seed2419	FAM007552	FAM003347	FAM005971	FAM000277	FAM004820	FAM007563	FAM005219	FAM009591	FAM015186	FAM008204	FAM004939	FAM007993	FAM004576	FAM004523	FAM026995
rep395_seed2420	FAM000997	FAM006880	FAM006175	FAM003147	FAM000775	FAM003803	FAM004099	FAM014535	FAM001276	FAM006329	FAM004178	FAM003607	FAM001877	FAM006444	FAM016964
rep396_seed2421	FAM000278	FAM007134	FAM012863	FAM005810	FAM006658	FAM011885	FAM003044	FAM002789	FAM001555	FAM006645	FAM005195	FAM004550	FAM010578	FAM002609	FAM014824
rep397_seed2422	FAM009855	FAM000882	FAM008779	FAM010716	FAM002826	FAM006935	FAM007271	FAM003734	FAM008334	FAM007533	FAM000175	FAM003056	FAM002589	FAM000318	FAM015326
rep398_seed2423	FAM002851	FAM001303	FAM007140	FAM001856	FAM001154	FAM005963	FAM004746	FAM009546	FAM006857	FAM000581	FAM000483	FAM003220	FAM003771	FAM014064	FAM020783
rep399_seed2424	FAM004443	FAM000139	FAM007988	FAM003183	FAM013023	FAM006558	FAM012890	FAM011038	FAM003653	FAM013065	FAM005936	FAM007465	FAM012567	FAM000134	FAM021057
rep400_seed2425	FAM001719	FAM006335	FAM006745	FAM008510	FAM008528	FAM011217	FAM004691	FAM004009	FAM006006	FAM001072	FAM005061	FAM003255	FAM002417	FAM004912	FAM018168
rep401_seed2426	FAM002178	FAM009409	FAM007747	FAM013554	FAM010626	FAM006273	FAM005386	FAM007559	FAM000710	FAM013241	FAM009701	FAM003770	FAM014253	FAM014563	FAM028662
rep402_seed2427	FAM009647	FAM003295	FAM000747	FAM014666	FAM007553	FAM007368	FAM007788	FAM003497	FAM003130	FAM003057	FAM011412	FAM000879	FAM007994	FAM010866	FAM022438
rep403_seed2428	FAM004357	FAM003403	FAM005625	FAM000135	FAM004921	FAM000616	FAM005157	FAM008285	FAM003149	FAM002150	FAM009644	FAM013668	FAM007149	FAM004081	FAM018301
rep404_seed2429	FAM005870	FAM010905	FAM008070	FAM007810	FAM001342	FAM004909	FAM004175	FAM004866	FAM002908	FAM003999	FAM000291	FAM004163	FAM003681	FAM012963	FAM018695
rep405_seed2430	FAM000831	FAM005578	FAM010881	FAM002653	FAM003594	FAM011715	FAM001820	FAM005526	FAM006123	FAM013691	FAM005816	FAM003780	FAM007470	FAM003347	FAM016461
rep406_seed2431	FAM001550	FAM005904	FAM001759	FAM006520	FAM003133	FAM009534	FAM009670	FAM004208	FAM011725	FAM000421	FAM002075	FAM005708	FAM005272	FAM007072	FAM025371
rep407_seed2432	FAM004309	FAM004253	FAM012158	FAM007570	FAM000542	FAM000317	FAM010448	FAM001959	FAM003607	FAM001933	FAM001886	FAM001587	FAM005658	FAM001385	FAM028720
rep408_seed2433	FAM006558	FAM001123	FAM001594	FAM004409	FAM005263	FAM000027	FAM002881	FAM012261	FAM004868	FAM011963	FAM006587	FAM001259	FAM005201	FAM003212	FAM022496
rep409_seed2434	FAM007551	FAM005703	FAM003721	FAM000634	FAM000572	FAM006967	FAM010425	FAM004653	FAM007590	FAM008718	FAM005033	FAM011786	FAM008071	FAM007173	FAM025592
rep410_seed2435	FAM003486	FAM007651	FAM001073	FAM000571	FAM003416	FAM002413	FAM003613	FAM001690	FAM003260	FAM000869	FAM000382	FAM003985	FAM007511	FAM000914	FAM017316
rep411_seed2436	FAM002047	FAM009192	FAM001379	FAM005026	FAM007190	FAM011486	FAM005199	FAM012108	FAM001367	FAM009250	FAM001678	FAM007705	FAM002724	FAM006094	FAM025046
rep412_seed2437	FAM010922	FAM000720	FAM004799	FAM007710	FAM005221	FAM001704	FAM010668	FAM001523	FAM000561	FAM005812	FAM000481	FAM003242	FAM008585	FAM009814	FAM028491
rep413_seed2438	FAM000075	FAM008465	FAM001419	FAM005571	FAM006824	FAM006075	FAM008150	FAM003088	FAM003117	FAM000267	FAM000904	FAM002232	FAM001281	FAM007466	FAM018055
rep414_seed2439	FAM008493	FAM009112	FAM003489	FAM003371	FAM004618	FAM000476	FAM009864	FAM003199	FAM002322	FAM001552	FAM007076	FAM012963	FAM003587	FAM014350	FAM022012
rep415_seed2440	FAM000924	FAM003147	FAM001762	FAM002399	FAM008610	FAM012586	FAM001895	FAM006145	FAM003229	FAM006860	FAM002602	FAM010220	FAM001160	FAM000970	FAM021497
rep416_seed2441	FAM003016	FAM007436	FAM012575	FAM008969	FAM005245	FAM001208	FAM003753	FAM004191	FAM007217	FAM000288	FAM003160	FAM001935	FAM011822	FAM002458	FAM015410
rep417_seed2442	FAM002513	FAM011179	FAM008610	FAM003768	FAM009311	FAM014253	FAM003677	FAM001761	FAM002088	FAM000731	FAM006638	FAM003716	FAM006217	FAM003592	FAM020968
rep418_seed2443	FAM002374	FAM008706	FAM004722	FAM006993	FAM001821	FAM006003	FAM002298	FAM001720	FAM000210	FAM009666	FAM007591	FAM004754	FAM005375	FAM012259	FAM021132
rep419_seed2444	FAM012453	FAM000661	FAM006675	FAM000018	FAM001535	FAM000967	FAM007638	FAM005688	FAM012622	FAM010812	FAM007089	FAM011635	FAM010714	FAM002815	FAM020957
rep420_seed2445	FAM005481	FAM003808	FAM007164	FAM004768	FAM007134	FAM009936	FAM003542	FAM007733	FAM007587	FAM008740	FAM014120	FAM000285	FAM010387	FAM006637	FAM021539
rep421_seed2446	FAM009330	FAM003337	FAM002656	FAM005048	FAM007517	FAM003505	FAM005817	FAM005594	FAM005909	FAM005878	FAM007059	FAM003392	FAM002203	FAM010251	FAM022719
rep422_seed2447	FAM009932	FAM006522	FAM001391	FAM001125	FAM008934	FAM001833	FAM001686	FAM001250	FAM000515	FAM011329	FAM013279	FAM002642	FAM005841	FAM009457	FAM021946
rep423_seed2448	FAM004230	FAM001957	FAM007375	FAM010957	FAM000141	FAM009500	FAM004882	FAM006776	FAM006682	FAM006294	FAM005603	FAM005197	FAM011147	FAM003767	FAM022000
rep424_seed2449	FAM004353	FAM008122	FAM001632	FAM014675	FAM003471	FAM007642	FAM007522	FAM008437	FAM007627	FAM002892	FAM009817	FAM001731	FAM002334	FAM003925	FAM024099
rep425_seed2450	FAM002519	FAM000259	FAM006405	FAM003813	FAM004180	FAM001341	FAM002515	FAM013312	FAM007236	FAM001112	FAM009009	FAM013122	FAM005486	FAM000020	FAM015792
rep426_seed2451	FAM000783	FAM007724	FAM001863	FAM002688	FAM001698	FAM001694	FAM009157	FAM000967	FAM001009	FAM004608	FAM011689	FAM005267	FAM002711	FAM010560	FAM016489
rep427_seed2452	FAM006617	FAM001825	FAM004832	FAM012225	FAM015080	FAM001339	FAM002543	FAM005288	FAM003333	FAM000754	FAM007247	FAM006862	FAM002548	FAM005240	FAM019765
rep428_seed2453	FAM005451	FAM009179	FAM003446	FAM009010	FAM008986	FAM001216	FAM006133	FAM002829	FAM010371	FAM003068	FAM005992	FAM004992	FAM004795	FAM007072	FAM022872
rep429_seed2454	FAM006457	FAM001142	FAM003110	FAM008291	FAM003971	FAM009276	FAM000306	FAM009568	FAM008108	FAM001610	FAM008251	FAM008457	FAM005120	FAM001642	FAM016767
rep430_seed2455	FAM002197	FAM001906	FAM002568	FAM010474	FAM005820	FAM000180	FAM004189	FAM006208	FAM010897	FAM003147	FAM000923	FAM001795	FAM002987	FAM003335	FAM026404
rep431_seed2456	FAM001977	FAM002864	FAM013550	FAM000854	FAM005272	FAM004491	FAM000197	FAM002883	FAM004459	FAM001175	FAM005479	FAM002023	FAM004834	FAM000239	FAM020108
rep432_seed2457	FAM007638	FAM004570	FAM005042	FAM004790	FAM002705	FAM010918	FAM001506	FAM003788	FAM007753	FAM010617	FAM003349	FAM000862	FAM008931	FAM001136	FAM025424
rep433_seed2458	FAM007347	FAM006712	FAM012271	FAM004997	FAM012461	FAM004502	FAM007742	FAM004691	FAM000597	FAM014342	FAM014355	FAM001540	FAM002438	FAM004423	FAM028383
rep434_seed2459	FAM010693	FAM005667	FAM002057	FAM007419	FAM008638	FAM003618	FAM000233	FAM009809	FAM003329	FAM000597	FAM007206	FAM003363	FAM009192	FAM007553	FAM022438
rep435_seed2460	FAM000927	FAM004693	FAM009167	FAM002506	FAM012398	FAM006197	FAM001265	FAM005334	FAM000542	FAM000791	FAM001380	FAM006090	FAM003644	FAM002301	FAM026341
rep436_seed2461	FAM001472	FAM006596	FAM011569	FAM003615	FAM000018	FAM008270	FAM002126	FAM002314	FAM006882	FAM003428	FAM013844	FAM004017	FAM000628	FAM004738	FAM017978
rep437_seed2462	FAM004018	FAM007871	FAM003425	FAM004704	FAM011390	FAM002166	FAM007700	FAM007618	FAM000671	FAM001454	FAM004969	FAM002576	FAM012472	FAM001357	FAM023156
rep438_seed2463	FAM000491	FAM007953	FAM002038	FAM012992	FAM000968	FAM000795	FAM006116	FAM010415	FAM001370	FAM002665	FAM002874	FAM009942	FAM010477	FAM001533	FAM016171
rep439_seed2464	FAM000021	FAM005812	FAM005114	FAM007267	FAM007520	FAM012527	FAM001310	FAM002794	FAM003006	FAM009580	FAM007369	FAM006651	FAM003293	FAM000551	FAM026995
rep440_seed2465	FAM013366	FAM011242	FAM013637	FAM010764	FAM003906	FAM011341	FAM003676	FAM007917	FAM001932	FAM001999	FAM013146	FAM012678	FAM006322	FAM003196	FAM025284
rep441_seed2466	FAM000115	FAM000261	FAM008022	FAM009084	FAM012809	FAM002235	FAM001374	FAM005120	FAM002205	FAM010157	FAM003946	FAM006182	FAM000729	FAM012637	FAM018476
rep442_seed2467	FAM013663	FAM006771	FAM001841	FAM004791	FAM012588	FAM007435	FAM000989	FAM005276	FAM001831	FAM002251	FAM007218	FAM001467	FAM012307	FAM004476	FAM021497
rep443_seed2468	FAM004399	FAM009197	FAM006280	FAM004629	FAM003643	FAM005572	FAM005959	FAM002858	FAM008501	FAM004522	FAM008712	FAM003326	FAM011924	FAM000030	FAM015138
rep444_seed2469	FAM000177	FAM000282	FAM012028	FAM005854	FAM001266	FAM004733	FAM002233	FAM002514	FAM001218	FAM003977	FAM003834	FAM005469	FAM001064	FAM003472	FAM015265
rep445_seed2470	FAM009021	FAM000316	FAM000532	FAM008149	FAM004282	FAM005283	FAM007336	FAM001497	FAM003634	FAM001638	FAM008296	FAM002231	FAM001667	FAM011906	FAM018589
rep446_seed2471	FAM014364	FAM001694	FAM006142	FAM007863	FAM012902	FAM004933	FAM005959	FAM011498	FAM004765	FAM004660	FAM005408	FAM008268	FAM001962	FAM001145	FAM021882
rep447_seed2472	FAM001574	FAM002546	FAM005907	FAM004301	FAM010111	FAM005150	FAM002938	FAM010611	FAM007566	FAM001247	FAM003893	FAM008096	FAM003710	FAM002697	FAM028922
rep448_seed2473	FAM005606	FAM004510	FAM007824	FAM006384	FAM013118	FAM011425	FAM007867	FAM002580	FAM002064	FAM005964	FAM008827	FAM005150	FAM002674	FAM015107	FAM029080
rep449_seed2474	FAM001023	FAM012489	FAM004564	FAM010079	FAM003889	FAM000388	FAM008271	FAM007613	FAM000438	FAM001241	FAM008305	FAM002419	FAM009217	FAM004520	FAM018729
rep450_seed2475	FAM002166	FAM002521	FAM003296	FAM005232	FAM006693	FAM001474	FAM000990	FAM001508	FAM000478	FAM008489	FAM000884	FAM002238	FAM007752	FAM000909	FAM023358
rep451_seed2476	FAM005957	FAM011551	FAM009986	FAM009001	FAM000560	FAM009073	FAM007720	FAM000219	FAM003737	FAM000657	FAM005971	FAM011042	FAM003592	FAM007988	FAM018454
rep452_seed2477	FAM010655	FAM002427	FAM007054	FAM011377	FAM001806	FAM001709	FAM003137	FAM005195	FAM005608	FAM004147	FAM010339	FAM012794	FAM004154	FAM003505	FAM020108
rep453_seed2478	FAM008420	FAM004745	FAM002228	FAM002079	FAM007150	FAM010492	FAM000337	FAM002894	FAM001895	FAM006686	FAM000130	FAM001413	FAM007924	FAM007109	FAM014917
rep454_seed2479	FAM009565	FAM002134	FAM006372	FAM004875	FAM008132	FAM006543	FAM004981	FAM003742	FAM012343	FAM011196	FAM002686	FAM005275	FAM004056	FAM009941	FAM026210
rep455_seed2480	FAM000433	FAM006479	FAM004640	FAM003557	FAM002752	FAM003060	FAM001016	FAM009968	FAM003026	FAM006059	FAM000014	FAM002397	FAM001709	FAM002578	FAM020539
rep456_seed2481	FAM011435	FAM004098	FAM002524	FAM001984	FAM001979	FAM005826	FAM010334	FAM004093	FAM004369	FAM011396	FAM000431	FAM007283	FAM002710	FAM004628	FAM020750
rep457_seed2482	FAM001971	FAM007344	FAM000369	FAM002147	FAM003846	FAM002391	FAM013526	FAM000135	FAM007213	FAM003245	FAM009584	FAM004986	FAM007240	FAM005829	FAM019189
rep458_seed2483	FAM010283	FAM005508	FAM001782	FAM006916	FAM009578	FAM001010	FAM002131	FAM001474	FAM004096	FAM000953	FAM003746	FAM004600	FAM000750	FAM001484	FAM018476
rep459_seed2484	FAM009746	FAM000902	FAM000791	FAM009027	FAM001267	FAM010502	FAM006514	FAM011280	FAM003177	FAM007896	FAM002494	FAM006888	FAM000409	FAM003793	FAM024290
rep460_seed2485	FAM000874	FAM004273	FAM010101	FAM004075	FAM004728	FAM002271	FAM004073	FAM010590	FAM002895	FAM008363	FAM009814	FAM011598	FAM001824	FAM008562	FAM018933
rep461_seed2486	FAM000064	FAM003365	FAM010246	FAM014658	FAM004164	FAM007435	FAM011495	FAM007910	FAM007593	FAM003434	FAM001220	FAM006849	FAM004381	FAM001360	FAM015421
rep462_seed2487	FAM012852	FAM007700	FAM008170	FAM012522	FAM001614	FAM009197	FAM009600	FAM004203	FAM002906	FAM007399	FAM003104	FAM004729	FAM013911	FAM006375	FAM018451
rep463_seed2488	FAM009356	FAM012686	FAM002496	FAM002451	FAM004170	FAM005897	FAM007766	FAM001536	FAM005144	FAM007965	FAM003028	FAM003205	FAM002138	FAM009980	FAM020473
rep464_seed2489	FAM007533	FAM001674	FAM004999	FAM013850	FAM003301	FAM002943	FAM000837	FAM001006	FAM011615	FAM002727	FAM004649	FAM006103	FAM012225	FAM004552	FAM028865
rep465_seed2490	FAM003873	FAM002981	FAM002829	FAM005399	FAM001445	FAM007088	FAM002842	FAM014120	FAM011217	FAM014264	FAM007223	FAM011790	FAM000311	FAM006428	FAM021844
rep466_seed2491	FAM001934	FAM010510	FAM004979	FAM000491	FAM005748	FAM007294	FAM003591	FAM008934	FAM001157	FAM013534	FAM001809	FAM005498	FAM006587	FAM002270	FAM016729
rep467_seed2492	FAM000866	FAM004655	FAM000647	FAM002861	FAM013648	FAM009405	FAM007951	FAM005130	FAM001202	FAM003023	FAM003529	FAM008829	FAM002874	FAM013621	FAM026677
rep468_seed2493	FAM002157	FAM005073	FAM009562	FAM004166	FAM007212	FAM005562	FAM011827	FAM001692	FAM003442	FAM004212	FAM001035	FAM004054	FAM014479	FAM000567	FAM017381
rep469_seed2494	FAM001816	FAM005655	FAM003469	FAM004494	FAM008142	FAM006641	FAM001930	FAM004997	FAM000431	FAM006792	FAM006204	FAM001569	FAM002434	FAM011372	FAM028946
rep470_seed2495	FAM008747	FAM013808	FAM007896	FAM002302	FAM004484	FAM000456	FAM012508	FAM006862	FAM007397	FAM010238	FAM001852	FAM001411	FAM004971	FAM009308	FAM015720
rep471_seed2496	FAM001100	FAM007234	FAM003809	FAM000812	FAM011866	FAM004426	FAM005041	FAM014165	FAM000496	FAM008635	FAM012603	FAM007161	FAM004306	FAM000328	FAM015849
rep472_seed2497	FAM007780	FAM000724	FAM004656	FAM006096	FAM004531	FAM010399	FAM006019	FAM002663	FAM007012	FAM012102	FAM000543	FAM006664	FAM003480	FAM003300	FAM020965
rep473_seed2498	FAM005224	FAM000541	FAM008931	FAM007072	FAM002229	FAM005911	FAM013417	FAM002153	FAM001765	FAM004998	FAM000350	FAM003075	FAM006428	FAM006636	FAM028478
rep474_seed2499	FAM000099	FAM011012	FAM005271	FAM002576	FAM007340	FAM008690	FAM005506	FAM001099	FAM005523	FAM012962	FAM003683	FAM002070	FAM008401	FAM000917	FAM029011
rep475_seed2500	FAM004382	FAM004810	FAM003771	FAM002347	FAM015186	FAM010288	FAM010246	FAM013621	FAM005270	FAM004984	FAM001807	FAM007255	FAM004960	FAM000661	FAM026078
rep476_seed2501	FAM007234	FAM001948	FAM004543	FAM002125	FAM013691	FAM001306	FAM005887	FAM003290	FAM004018	FAM006346	FAM003858	FAM002192	FAM004961	FAM002033	FAM017783
rep477_seed2502	FAM000866	FAM000957	FAM006048	FAM011705	FAM001649	FAM009433	FAM000337	FAM000447	FAM003601	FAM004915	FAM009703	FAM004657	FAM002663	FAM011636	FAM023368
rep478_seed2503	FAM005474	FAM000102	FAM006729	FAM008605	FAM001518	FAM007843	FAM011454	FAM011576	FAM006246	FAM004263	FAM001456	FAM010332	FAM003232	FAM001980	FAM024099
rep479_seed2504	FAM010802	FAM000204	FAM008083	FAM011236	FAM004093	FAM001126	FAM004152	FAM004932	FAM004824	FAM006067	FAM000882	FAM010335	FAM008953	FAM004832	FAM019547
rep480_seed2505	FAM006476	FAM005186	FAM009493	FAM011031	FAM006861	FAM004607	FAM008421	FAM005635	FAM002851	FAM007897	FAM001904	FAM005706	FAM006766	FAM003492	FAM017160
rep481_seed2506	FAM004539	FAM000526	FAM000974	FAM004741	FAM003941	FAM002163	FAM000791	FAM000653	FAM004634	FAM007173	FAM003082	FAM005183	FAM009087	FAM003601	FAM018112
rep482_seed2507	FAM010840	FAM000312	FAM002430	FAM006093	FAM000794	FAM000631	FAM001157	FAM009239	FAM014408	FAM002413	FAM010363	FAM011377	FAM014520	FAM002940	FAM021056
rep483_seed2508	FAM001200	FAM006032	FAM000291	FAM003279	FAM008740	FAM000692	FAM007071	FAM000394	FAM012565	FAM004881	FAM013937	FAM004006	FAM003509	FAM007681	FAM025969
rep484_seed2509	FAM003256	FAM001025	FAM000471	FAM010348	FAM014141	FAM000014	FAM001261	FAM001662	FAM013420	FAM011592	FAM005740	FAM006304	FAM000866	FAM002842	FAM023128
rep485_seed2510	FAM005112	FAM009471	FAM009205	FAM010207	FAM006136	FAM002674	FAM002341	FAM013194	FAM002192	FAM007654	FAM008191	FAM012077	FAM007948	FAM001253	FAM015183
rep486_seed2511	FAM005304	FAM001434	FAM007709	FAM000663	FAM005504	FAM008466	FAM007911	FAM002837	FAM005527	FAM004298	FAM004525	FAM007382	FAM009859	FAM006125	FAM028298
rep487_seed2512	FAM004507	FAM005837	FAM003599	FAM007007	FAM006626	FAM007727	FAM009378	FAM013415	FAM009737	FAM005113	FAM003123	FAM004290	FAM003136	FAM014382	FAM027293
rep488_seed2513	FAM012946	FAM009905	FAM006790	FAM003205	FAM003443	FAM002582	FAM002247	FAM003315	FAM006844	FAM006861	FAM013616	FAM009063	FAM004363	FAM005581	FAM017259
rep489_seed2514	FAM001307	FAM010089	FAM003183	FAM000885	FAM008792	FAM001733	FAM000857	FAM006429	FAM000957	FAM007985	FAM000984	FAM006930	FAM002230	FAM006399	FAM022720
rep490_seed2515	FAM000293	FAM006873	FAM005454	FAM007158	FAM002023	FAM008971	FAM002812	FAM003516	FAM001742	FAM000740	FAM014121	FAM005570	FAM006706	FAM003559	FAM028166
rep491_seed2516	FAM010362	FAM005542	FAM001355	FAM000071	FAM006694	FAM005738	FAM000989	FAM003343	FAM000954	FAM005818	FAM009074	FAM004558	FAM001190	FAM002917	FAM023059
rep492_seed2517	FAM012723	FAM006330	FAM006178	FAM007474	FAM000767	FAM005315	FAM011514	FAM010164	FAM009883	FAM002212	FAM009051	FAM012092	FAM004407	FAM001449	FAM026341
rep493_seed2518	FAM002782	FAM009176	FAM009998	FAM002150	FAM006642	FAM000999	FAM001494	FAM000339	FAM000280	FAM010990	FAM004932	FAM006954	FAM003734	FAM003118	FAM028865
rep494_seed2519	FAM006300	FAM004880	FAM005691	FAM001438	FAM004637	FAM007348	FAM002391	FAM008092	FAM006694	FAM003331	FAM011106	FAM004844	FAM012946	FAM000511	FAM029000
rep495_seed2520	FAM002121	FAM005862	FAM005154	FAM004546	FAM003081	FAM007733	FAM000940	FAM004335	FAM002162	FAM000848	FAM005656	FAM001903	FAM004559	FAM001273	FAM019978
rep496_seed2521	FAM000910	FAM005286	FAM007428	FAM000872	FAM004681	FAM008326	FAM001995	FAM007974	FAM000632	FAM000067	FAM007854	FAM010182	FAM002728	FAM011779	FAM023916
rep497_seed2522	FAM004352	FAM005898	FAM013069	FAM007118	FAM006173	FAM007871	FAM010678	FAM001445	FAM005415	FAM004057	FAM009274	FAM009744	FAM012600	FAM000563	FAM021610
rep498_seed2523	FAM003056	FAM000449	FAM009799	FAM000800	FAM010579	FAM004623	FAM000930	FAM006868	FAM014959	FAM003265	FAM001567	FAM007556	FAM013013	FAM002339	FAM022137
rep499_seed2524	FAM001019	FAM004804	FAM001295	FAM006758	FAM004935	FAM010220	FAM006824	FAM011140	FAM001159	FAM003290	FAM007616	FAM012162	FAM002172	FAM006807	FAM015237
rep500_seed2525	FAM014573	FAM010123	FAM006683	FAM007965	FAM001726	FAM010443	FAM014471	FAM014317	FAM001282	FAM003602	FAM008187	FAM006201	FAM013628	FAM011106	FAM020375
rep501_seed2526	FAM000738	FAM009517	FAM003196	FAM008687	FAM007077	FAM000350	FAM003430	FAM012373	FAM002121	FAM011433	FAM002926	FAM002900	FAM009119	FAM001781	FAM017978
rep502_seed2527	FAM009042	FAM000271	FAM002900	FAM008168	FAM005764	FAM007093	FAM007063	FAM009119	FAM011861	FAM001004	FAM011818	FAM003981	FAM003217	FAM010472	FAM026177
rep503_seed2528	FAM001413	FAM006682	FAM010399	FAM000780	FAM006795	FAM002114	FAM004064	FAM006032	FAM000267	FAM007032	FAM002702	FAM001789	FAM001905	FAM009701	FAM024902
rep504_seed2529	FAM005984	FAM000220	FAM007120	FAM002556	FAM003195	FAM000200	FAM000243	FAM003164	FAM005414	FAM012133	FAM012975	FAM008068	FAM009710	FAM000928	FAM015816
rep505_seed2530	FAM006502	FAM003516	FAM006049	FAM002277	FAM000797	FAM006436	FAM007618	FAM006501	FAM011151	FAM000960	FAM005740	FAM001579	FAM013722	FAM001993	FAM016799
rep506_seed2531	FAM003346	FAM011779	FAM007049	FAM003527	FAM002091	FAM007120	FAM004341	FAM002952	FAM003181	FAM010958	FAM002019	FAM002258	FAM011514	FAM004117	FAM024689
rep507_seed2532	FAM004242	FAM004855	FAM005380	FAM007335	FAM006757	FAM011515	FAM003605	FAM001877	FAM007945	FAM005923	FAM006055	FAM000394	FAM003490	FAM010387	FAM030974
rep508_seed2533	FAM004655	FAM006381	FAM002031	FAM000082	FAM008351	FAM005527	FAM008226	FAM002796	FAM008928	FAM000464	FAM007709	FAM010199	FAM004525	FAM000929	FAM023643
rep509_seed2534	FAM004901	FAM002628	FAM006893	FAM000600	FAM012607	FAM007302	FAM002351	FAM004257	FAM007024	FAM000003	FAM000918	FAM011306	FAM005740	FAM003577	FAM025873
rep510_seed2535	FAM008040	FAM011738	FAM005067	FAM009059	FAM011973	FAM006378	FAM009185	FAM001623	FAM004158	FAM000846	FAM002507	FAM003867	FAM015286	FAM002451	FAM019917
rep511_seed2536	FAM001472	FAM002493	FAM000746	FAM008623	FAM010427	FAM007671	FAM005863	FAM007781	FAM006277	FAM004579	FAM008977	FAM002334	FAM000348	FAM007528	FAM021381
rep512_seed2537	FAM012173	FAM011292	FAM000344	FAM002471	FAM004215	FAM003488	FAM012367	FAM005367	FAM006840	FAM005170	FAM004571	FAM003545	FAM003323	FAM000120	FAM016319
rep513_seed2538	FAM005283	FAM003919	FAM007609	FAM011294	FAM003862	FAM005737	FAM004443	FAM000314	FAM003715	FAM012738	FAM004378	FAM004881	FAM000124	FAM004671	FAM015808
rep514_seed2539	FAM001134	FAM008027	FAM010527	FAM004068	FAM004228	FAM013470	FAM003539	FAM002463	FAM007857	FAM003193	FAM011861	FAM000724	FAM004198	FAM003496	FAM019328
rep515_seed2540	FAM000315	FAM009159	FAM000253	FAM010027	FAM000393	FAM006101	FAM006123	FAM003062	FAM005354	FAM001932	FAM003077	FAM002738	FAM003850	FAM009986	FAM017373
rep516_seed2541	FAM002767	FAM007162	FAM002238	FAM006821	FAM001710	FAM007488	FAM009196	FAM004351	FAM009187	FAM012687	FAM001123	FAM001893	FAM005649	FAM000217	FAM023156
rep517_seed2542	FAM010750	FAM008051	FAM004230	FAM000806	FAM005245	FAM003282	FAM005473	FAM001946	FAM001431	FAM001218	FAM006268	FAM001652	FAM007313	FAM000305	FAM015464
rep518_seed2543	FAM004105	FAM001391	FAM002169	FAM007218	FAM001916	FAM004513	FAM001760	FAM011130	FAM005204	FAM009316	FAM010455	FAM012726	FAM010514	FAM004389	FAM020092
rep519_seed2544	FAM006611	FAM000718	FAM002436	FAM000293	FAM010720	FAM000530	FAM003371	FAM000219	FAM010122	FAM002758	FAM007392	FAM009433	FAM004908	FAM001885	FAM022969
rep520_seed2545	FAM005811	FAM008072	FAM005915	FAM005846	FAM005869	FAM000399	FAM003702	FAM001061	FAM011963	FAM007294	FAM000004	FAM007754	FAM003554	FAM001693	FAM018107
rep521_seed2546	FAM008165	FAM008701	FAM014273	FAM004769	FAM006062	FAM012753	FAM001242	FAM002010	FAM000559	FAM006314	FAM009343	FAM002545	FAM000266	FAM002728	FAM029097
rep522_seed2547	FAM013021	FAM005156	FAM000278	FAM000843	FAM000091	FAM004161	FAM008406	FAM004167	FAM001242	FAM000758	FAM003060	FAM002131	FAM006349	FAM010967	FAM016729
rep523_seed2548	FAM007504	FAM004043	FAM005461	FAM004998	FAM003170	FAM001213	FAM007811	FAM007442	FAM013353	FAM004577	FAM004961	FAM003883	FAM002641	FAM010571	FAM020792
rep524_seed2549	FAM000102	FAM005500	FAM004017	FAM008857	FAM004334	FAM005083	FAM013194	FAM000143	FAM003109	FAM005516	FAM004056	FAM002632	FAM004804	FAM001287	FAM015816
rep525_seed2550	FAM013807	FAM005971	FAM005587	FAM004898	FAM005959	FAM003388	FAM006043	FAM008080	FAM008489	FAM002574	FAM009572	FAM001562	FAM009205	FAM001952	FAM026235
rep526_seed2551	FAM000953	FAM004477	FAM012770	FAM010619	FAM004929	FAM010390	FAM004029	FAM000012	FAM006060	FAM001183	FAM004516	FAM008569	FAM001064	FAM008812	FAM026966
rep527_seed2552	FAM006940	FAM000264	FAM011239	FAM009452	FAM002527	FAM000076	FAM002478	FAM001296	FAM012880	FAM004739	FAM001367	FAM000306	FAM003013	FAM012000	FAM023916
rep528_seed2553	FAM000317	FAM001360	FAM003646	FAM009311	FAM006543	FAM005683	FAM005854	FAM005379	FAM004674	FAM000139	FAM008772	FAM005734	FAM005839	FAM006296	FAM029017
rep529_seed2554	FAM008283	FAM000005	FAM002522	FAM005448	FAM002531	FAM009578	FAM006381	FAM004489	FAM005110	FAM005200	FAM009383	FAM007946	FAM010418	FAM007506	FAM026660
rep530_seed2555	FAM001987	FAM014573	FAM003543	FAM004037	FAM007763	FAM001942	FAM012736	FAM009441	FAM014439	FAM001702	FAM000306	FAM010231	FAM003425	FAM000410	FAM024853
rep531_seed2556	FAM008765	FAM005694	FAM002032	FAM006673	FAM008763	FAM006597	FAM007840	FAM004739	FAM007621	FAM000886	FAM010950	FAM001490	FAM001000	FAM007458	FAM018235
rep532_seed2557	FAM004347	FAM004412	FAM007648	FAM009717	FAM000107	FAM001023	FAM000552	FAM001369	FAM000469	FAM003891	FAM003525	FAM000580	FAM001560	FAM007979	FAM026078
rep533_seed2558	FAM012956	FAM004159	FAM005499	FAM003409	FAM002240	FAM012627	FAM003829	FAM001094	FAM007925	FAM007973	FAM004485	FAM007003	FAM009023	FAM004597	FAM017373
rep534_seed2559	FAM004179	FAM003033	FAM000229	FAM001580	FAM002659	FAM002992	FAM001029	FAM008947	FAM010608	FAM002147	FAM009726	FAM001570	FAM008165	FAM002014	FAM023312
rep535_seed2560	FAM000859	FAM001778	FAM014016	FAM002842	FAM004910	FAM008226	FAM009580	FAM001840	FAM001478	FAM005840	FAM006191	FAM002780	FAM004385	FAM003607	FAM022195
rep536_seed2561	FAM014565	FAM004701	FAM003813	FAM012507	FAM003778	FAM004396	FAM004697	FAM013366	FAM002534	FAM004725	FAM002605	FAM002615	FAM004425	FAM003868	FAM020559
rep537_seed2562	FAM004154	FAM004462	FAM005929	FAM005304	FAM007777	FAM008915	FAM010280	FAM005256	FAM013052	FAM003648	FAM001272	FAM007344	FAM006923	FAM011293	FAM026150
rep538_seed2563	FAM001490	FAM008696	FAM000609	FAM002701	FAM001624	FAM005492	FAM009168	FAM012603	FAM007635	FAM002257	FAM002324	FAM006890	FAM007292	FAM003269	FAM015326
rep539_seed2564	FAM005892	FAM002015	FAM003017	FAM013709	FAM013668	FAM009038	FAM002143	FAM003492	FAM002402	FAM002614	FAM005815	FAM003101	FAM004021	FAM004949	FAM019664
rep540_seed2565	FAM006756	FAM000512	FAM002362	FAM003146	FAM013016	FAM005297	FAM007286	FAM008257	FAM005111	FAM000731	FAM001419	FAM008506	FAM008440	FAM000744	FAM017274
rep541_seed2566	FAM009149	FAM007447	FAM004983	FAM011254	FAM001218	FAM006135	FAM001145	FAM004425	FAM009929	FAM004047	FAM003757	FAM013668	FAM003654	FAM003121	FAM026980
rep542_seed2567	FAM002350	FAM005534	FAM008560	FAM006756	FAM001670	FAM009063	FAM004874	FAM004560	FAM000194	FAM000361	FAM002494	FAM000620	FAM001881	FAM001856	FAM028166
rep543_seed2568	FAM000846	FAM007777	FAM003944	FAM001144	FAM000799	FAM003807	FAM008404	FAM003703	FAM010399	FAM006350	FAM000784	FAM011708	FAM004493	FAM014228	FAM014857
rep544_seed2569	FAM009150	FAM003868	FAM005898	FAM004333	FAM005226	FAM008943	FAM004088	FAM005391	FAM005913	FAM008229	FAM002506	FAM003271	FAM005092	FAM004757	FAM024516
rep545_seed2570	FAM010809	FAM004314	FAM005998	FAM012603	FAM000923	FAM011671	FAM008807	FAM005001	FAM002133	FAM003727	FAM002921	FAM002148	FAM006892	FAM002260	FAM018454
rep546_seed2571	FAM007076	FAM010387	FAM001515	FAM009585	FAM005481	FAM003485	FAM002095	FAM002911	FAM002580	FAM005365	FAM003332	FAM003493	FAM008722	FAM010514	FAM028135
rep547_seed2572	FAM007232	FAM004466	FAM000096	FAM002410	FAM002331	FAM007394	FAM007612	FAM005888	FAM004575	FAM004359	FAM008122	FAM004400	FAM003176	FAM009031	FAM026540
rep548_seed2573	FAM008548	FAM003165	FAM002919	FAM001473	FAM004146	FAM001913	FAM009445	FAM008329	FAM006091	FAM007146	FAM005470	FAM007811	FAM005366	FAM006378	FAM024035
rep549_seed2574	FAM007823	FAM000664	FAM003765	FAM005607	FAM002844	FAM011372	FAM009455	FAM010584	FAM003357	FAM003558	FAM000181	FAM006641	FAM005031	FAM001455	FAM023916
rep550_seed2575	FAM006454	FAM010584	FAM007369	FAM005126	FAM000193	FAM001881	FAM006059	FAM006205	FAM004788	FAM007214	FAM006105	FAM003685	FAM009433	FAM011649	FAM024951
rep551_seed2576	FAM009152	FAM011968	FAM010290	FAM005555	FAM011306	FAM001216	FAM011146	FAM000916	FAM002533	FAM006214	FAM003320	FAM004132	FAM003821	FAM006143	FAM020795
rep552_seed2577	FAM006283	FAM005602	FAM002202	FAM006025	FAM001455	FAM008384	FAM005144	FAM006471	FAM004952	FAM003372	FAM013276	FAM014228	FAM008396	FAM009751	FAM022676
rep553_seed2578	FAM007245	FAM005188	FAM004615	FAM008412	FAM004732	FAM012465	FAM001723	FAM009730	FAM003101	FAM004526	FAM008039	FAM004579	FAM005147	FAM006209	FAM025437
rep554_seed2579	FAM010210	FAM004146	FAM012453	FAM005170	FAM011412	FAM009379	FAM006473	FAM009318	FAM005688	FAM002646	FAM001153	FAM004403	FAM003401	FAM004392	FAM022137
rep555_seed2580	FAM009596	FAM005319	FAM002442	FAM000791	FAM008436	FAM001347	FAM008449	FAM002325	FAM000132	FAM006722	FAM003063	FAM010714	FAM003472	FAM001840	FAM016508
rep556_seed2581	FAM009751	FAM001362	FAM004052	FAM008140	FAM004126	FAM006878	FAM004835	FAM011652	FAM001989	FAM002181	FAM007340	FAM006482	FAM004776	FAM013986	FAM018357
rep557_seed2582	FAM006159	FAM002297	FAM003862	FAM007857	FAM000041	FAM012940	FAM012721	FAM002254	FAM014239	FAM007260	FAM004082	FAM007268	FAM007088	FAM013116	FAM027683
rep558_seed2583	FAM008329	FAM005436	FAM003059	FAM006769	FAM001355	FAM007399	FAM007902	FAM007478	FAM004841	FAM001292	FAM005130	FAM000775	FAM004800	FAM004284	FAM026244
rep559_seed2584	FAM003943	FAM000528	FAM012319	FAM003982	FAM000863	FAM005261	FAM002890	FAM010832	FAM003143	FAM004865	FAM001590	FAM007288	FAM002286	FAM004764	FAM024902
rep560_seed2585	FAM010919	FAM002500	FAM007557	FAM006984	FAM009684	FAM008592	FAM010334	FAM004832	FAM014266	FAM004042	FAM002726	FAM000724	FAM002920	FAM001831	FAM027658
rep561_seed2586	FAM003740	FAM004084	FAM005928	FAM005887	FAM001517	FAM001448	FAM006388	FAM014698	FAM001765	FAM008122	FAM007999	FAM012149	FAM002882	FAM005219	FAM027293
rep562_seed2587	FAM012344	FAM002478	FAM011477	FAM003560	FAM005066	FAM003491	FAM005913	FAM008889	FAM009948	FAM001898	FAM003768	FAM005191	FAM005625	FAM004718	FAM018259
rep563_seed2588	FAM010893	FAM004212	FAM002729	FAM000389	FAM011500	FAM010480	FAM004469	FAM007445	FAM005472	FAM000342	FAM005342	FAM006851	FAM007494	FAM006480	FAM015720
rep564_seed2589	FAM007697	FAM004919	FAM000648	FAM002335	FAM000457	FAM007879	FAM012939	FAM013117	FAM000368	FAM000074	FAM005475	FAM000893	FAM000921	FAM006310	FAM025870
rep565_seed2590	FAM000145	FAM003058	FAM004444	FAM001297	FAM001227	FAM000706	FAM009120	FAM007452	FAM000396	FAM000161	FAM008303	FAM000586	FAM003350	FAM000122	FAM024854
rep566_seed2591	FAM000302	FAM002043	FAM007034	FAM007859	FAM003243	FAM002250	FAM012533	FAM004328	FAM009953	FAM004105	FAM008297	FAM007851	FAM001833	FAM004449	FAM016489
rep567_seed2592	FAM007376	FAM007278	FAM010704	FAM005331	FAM003517	FAM006821	FAM002685	FAM005256	FAM005635	FAM002070	FAM006362	FAM002105	FAM003911	FAM000035	FAM026575
rep568_seed2593	FAM000477	FAM003543	FAM006099	FAM003604	FAM001505	FAM001388	FAM005010	FAM008480	FAM006388	FAM011782	FAM007656	FAM004612	FAM006501	FAM003019	FAM018555
rep569_seed2594	FAM006701	FAM004934	FAM005077	FAM001682	FAM005612	FAM002119	FAM001394	FAM001102	FAM008297	FAM007382	FAM003402	FAM011063	FAM006248	FAM007474	FAM021520
rep570_seed2595	FAM006542	FAM011592	FAM004845	FAM003086	FAM007446	FAM002500	FAM001533	FAM001912	FAM003455	FAM014565	FAM000269	FAM010688	FAM005283	FAM006237	FAM016417
rep571_seed2596	FAM000657	FAM007879	FAM002702	FAM005488	FAM011232	FAM007572	FAM003629	FAM006548	FAM008147	FAM005924	FAM003541	FAM009311	FAM000683	FAM002406	FAM014917
rep572_seed2597	FAM002815	FAM002630	FAM000310	FAM008506	FAM001320	FAM002032	FAM007120	FAM009988	FAM011563	FAM004803	FAM001476	FAM013469	FAM007157	FAM008913	FAM016729
rep573_seed2598	FAM008841	FAM002701	FAM003637	FAM003190	FAM004110	FAM003395	FAM013751	FAM008335	FAM004069	FAM001714	FAM009708	FAM012567	FAM006444	FAM004013	FAM026633
rep574_seed2599	FAM010200	FAM007151	FAM001988	FAM003180	FAM003376	FAM002516	FAM011898	FAM006163	FAM002025	FAM005435	FAM012575	FAM009381	FAM006528	FAM000234	FAM016584
rep575_seed2600	FAM010196	FAM010036	FAM013976	FAM002729	FAM008629	FAM003616	FAM012877	FAM007897	FAM006736	FAM001566	FAM003205	FAM011483	FAM002419	FAM004190	FAM015816
rep576_seed2601	FAM009476	FAM002004	FAM005133	FAM003170	FAM007192	FAM005845	FAM001894	FAM004014	FAM006946	FAM000302	FAM006369	FAM008290	FAM005560	FAM004755	FAM015536
rep577_seed2602	FAM003119	FAM001495	FAM004567	FAM005305	FAM005478	FAM005010	FAM004631	FAM000789	FAM002826	FAM001276	FAM000048	FAM015186	FAM004622	FAM000645	FAM018243
rep578_seed2603	FAM001657	FAM005152	FAM009243	FAM012493	FAM000602	FAM007132	FAM011725	FAM002908	FAM003240	FAM006742	FAM006450	FAM004403	FAM005892	FAM006414	FAM016704
rep579_seed2604	FAM000978	FAM003765	FAM007221	FAM011247	FAM001531	FAM006519	FAM002937	FAM005305	FAM009417	FAM003191	FAM001667	FAM001016	FAM004278	FAM007146	FAM016268
rep580_seed2605	FAM002954	FAM004557	FAM004900	FAM004742	FAM003100	FAM005486	FAM006595	FAM003933	FAM009572	FAM007547	FAM005226	FAM000823	FAM011807	FAM000744	FAM015808
rep581_seed2606	FAM000967	FAM008458	FAM006805	FAM008296	FAM013648	FAM001752	FAM002698	FAM006001	FAM013911	FAM009577	FAM000958	FAM001072	FAM007535	FAM002546	FAM017268
rep582_seed2607	FAM002622	FAM003548	FAM005598	FAM008326	FAM000371	FAM001959	FAM001747	FAM001078	FAM005439	FAM012335	FAM004994	FAM007832	FAM004744	FAM005830	FAM017709
rep583_seed2608	FAM007139	FAM007762	FAM004188	FAM009126	FAM005227	FAM002058	FAM003347	FAM011013	FAM006067	FAM005230	FAM003960	FAM001847	FAM000567	FAM004445	FAM015936
rep584_seed2609	FAM003253	FAM003746	FAM006535	FAM003358	FAM003525	FAM000753	FAM014022	FAM003639	FAM011092	FAM003920	FAM009063	FAM002302	FAM004999	FAM006934	FAM021379
rep585_seed2610	FAM002704	FAM000847	FAM003913	FAM004714	FAM000808	FAM007394	FAM002713	FAM000682	FAM001009	FAM004503	FAM001997	FAM005460	FAM011467	FAM004629	FAM021869
rep586_seed2611	FAM011518	FAM009537	FAM001034	FAM011230	FAM009654	FAM011485	FAM003725	FAM004885	FAM010685	FAM006472	FAM002253	FAM004458	FAM011780	FAM004947	FAM022862
rep587_seed2612	FAM006596	FAM008773	FAM010663	FAM005512	FAM006494	FAM000709	FAM002177	FAM007068	FAM004956	FAM000878	FAM007233	FAM010643	FAM002874	FAM006031	FAM028538
rep588_seed2613	FAM002017	FAM002596	FAM006430	FAM004572	FAM013788	FAM002841	FAM001756	FAM004832	FAM008375	FAM000579	FAM001732	FAM009770	FAM009490	FAM002278	FAM018342
rep589_seed2614	FAM007030	FAM006672	FAM003979	FAM007900	FAM005869	FAM006155	FAM001845	FAM003944	FAM004126	FAM002144	FAM000556	FAM011002	FAM004537	FAM000220	FAM021080
rep590_seed2615	FAM004113	FAM010551	FAM000310	FAM007051	FAM000234	FAM009431	FAM010676	FAM002907	FAM000873	FAM008829	FAM012250	FAM000482	FAM007464	FAM014449	FAM015200
rep591_seed2616	FAM000928	FAM015116	FAM002801	FAM007461	FAM007716	FAM004743	FAM010939	FAM007929	FAM001420	FAM013770	FAM004159	FAM006636	FAM004793	FAM009260	FAM018218
rep592_seed2617	FAM000823	FAM012942	FAM003045	FAM009408	FAM000469	FAM001193	FAM006583	FAM002008	FAM003214	FAM008070	FAM002827	FAM007529	FAM000751	FAM008514	FAM021677
rep593_seed2618	FAM014573	FAM005496	FAM005216	FAM013788	FAM000980	FAM003544	FAM011121	FAM003500	FAM005520	FAM013626	FAM008458	FAM011878	FAM012007	FAM004051	FAM019765
rep594_seed2619	FAM001520	FAM004979	FAM012644	FAM003950	FAM012585	FAM000854	FAM002669	FAM003350	FAM001393	FAM000239	FAM006434	FAM000128	FAM004710	FAM011232	FAM015990
rep595_seed2620	FAM002807	FAM011444	FAM003018	FAM001146	FAM009724	FAM005062	FAM008852	FAM009033	FAM003940	FAM003418	FAM004327	FAM005655	FAM007650	FAM002371	FAM021882
rep596_seed2621	FAM002762	FAM003831	FAM004230	FAM009978	FAM005145	FAM001011	FAM008935	FAM003943	FAM013210	FAM002145	FAM006425	FAM007180	FAM003218	FAM002243	FAM018774
rep597_seed2622	FAM003663	FAM001450	FAM000241	FAM004341	FAM001634	FAM008309	FAM003475	FAM006020	FAM010840	FAM005306	FAM010284	FAM011059	FAM001366	FAM013261	FAM026636
rep598_seed2623	FAM000644	FAM008400	FAM003253	FAM000792	FAM001009	FAM006490	FAM003746	FAM009955	FAM005315	FAM003849	FAM011140	FAM008903	FAM000996	FAM003564	FAM018259
rep599_seed2624	FAM000395	FAM006420	FAM004380	FAM000144	FAM003721	FAM006886	FAM004061	FAM001316	FAM010387	FAM001837	FAM004922	FAM004256	FAM002907	FAM003230	FAM015262
rep600_seed2625	FAM007502	FAM005481	FAM007393	FAM011291	FAM000884	FAM007680	FAM008063	FAM008870	FAM010125	FAM001261	FAM006731	FAM002191	FAM008686	FAM001054	FAM022868
rep601_seed2626	FAM006261	FAM009950	FAM005348	FAM007177	FAM006928	FAM004412	FAM014498	FAM014737	FAM012809	FAM006088	FAM012037	FAM012707	FAM009148	FAM008480	FAM026346
rep602_seed2627	FAM004377	FAM005785	FAM002606	FAM011789	FAM002746	FAM005352	FAM007896	FAM011537	FAM009391	FAM006010	FAM003316	FAM012261	FAM002688	FAM001059	FAM017373
rep603_seed2628	FAM003954	FAM004661	FAM012726	FAM001608	FAM005766	FAM002502	FAM005573	FAM001338	FAM002543	FAM000283	FAM001528	FAM013123	FAM004579	FAM007379	FAM026868
rep604_seed2629	FAM008806	FAM001559	FAM000882	FAM002181	FAM009666	FAM012344	FAM004292	FAM004485	FAM005111	FAM006461	FAM010291	FAM002667	FAM009060	FAM011013	FAM016508
rep605_seed2630	FAM003684	FAM001976	FAM009932	FAM008969	FAM001803	FAM010078	FAM005318	FAM007718	FAM009223	FAM010093	FAM008985	FAM005690	FAM001398	FAM006739	FAM017988
rep606_seed2631	FAM004066	FAM013429	FAM006502	FAM000052	FAM000021	FAM001918	FAM001597	FAM003548	FAM007270	FAM001575	FAM000472	FAM001398	FAM000127	FAM007247	FAM024854
rep607_seed2632	FAM005268	FAM001147	FAM006859	FAM004126	FAM001585	FAM000061	FAM008631	FAM001045	FAM006695	FAM007446	FAM003069	FAM004867	FAM002232	FAM006655	FAM018505
rep608_seed2633	FAM006736	FAM003733	FAM012417	FAM007874	FAM003467	FAM007450	FAM007746	FAM005278	FAM003552	FAM002277	FAM005607	FAM003147	FAM007140	FAM002858	FAM026341
rep609_seed2634	FAM007240	FAM010493	FAM002102	FAM003340	FAM006069	FAM007652	FAM008304	FAM001964	FAM013888	FAM005771	FAM005493	FAM005848	FAM000287	FAM003493	FAM023845
rep610_seed2635	FAM004607	FAM006410	FAM006145	FAM006184	FAM004050	FAM003561	FAM009236	FAM004240	FAM010578	FAM004388	FAM005107	FAM003472	FAM005351	FAM002537	FAM020488
rep611_seed2636	FAM004722	FAM008671	FAM011738	FAM005719	FAM004310	FAM000640	FAM004371	FAM000413	FAM009902	FAM010520	FAM002020	FAM003548	FAM000092	FAM003486	FAM019472
rep612_seed2637	FAM007570	FAM013261	FAM002599	FAM001519	FAM006338	FAM006252	FAM004579	FAM009276	FAM008153	FAM004101	FAM001747	FAM010494	FAM008859	FAM007057	FAM021520
rep613_seed2638	FAM000922	FAM006992	FAM005138	FAM007100	FAM004851	FAM010497	FAM007570	FAM004488	FAM005607	FAM001439	FAM007526	FAM005156	FAM000799	FAM006527	FAM024867
rep614_seed2639	FAM003740	FAM004479	FAM004082	FAM007642	FAM005361	FAM007549	FAM004444	FAM005681	FAM004918	FAM009235	FAM000186	FAM003884	FAM004734	FAM001832	FAM021677
rep615_seed2640	FAM004114	FAM003050	FAM002705	FAM008824	FAM009333	FAM005628	FAM011350	FAM001481	FAM008807	FAM000515	FAM003044	FAM005359	FAM007945	FAM009113	FAM022162
rep616_seed2641	FAM005421	FAM009786	FAM005225	FAM008101	FAM003173	FAM014366	FAM007428	FAM009387	FAM001741	FAM001516	FAM008466	FAM005185	FAM010484	FAM004667	FAM020961
rep617_seed2642	FAM011592	FAM004856	FAM008903	FAM009324	FAM003033	FAM008445	FAM000798	FAM006529	FAM000242	FAM004127	FAM006575	FAM003846	FAM010905	FAM004091	FAM023358
rep618_seed2643	FAM010123	FAM012007	FAM001777	FAM014154	FAM012540	FAM001806	FAM014329	FAM004623	FAM002705	FAM008623	FAM009550	FAM006129	FAM000711	FAM003415	FAM024655
rep619_seed2644	FAM004409	FAM014563	FAM005752	FAM013273	FAM006030	FAM000339	FAM005814	FAM012829	FAM006929	FAM003874	FAM001181	FAM000760	FAM011964	FAM003263	FAM028056
rep620_seed2645	FAM005537	FAM009577	FAM002281	FAM011430	FAM006442	FAM001805	FAM002465	FAM008917	FAM000581	FAM006216	FAM002242	FAM002862	FAM008175	FAM010751	FAM028166
rep621_seed2646	FAM003771	FAM014459	FAM001318	FAM007607	FAM000792	FAM003948	FAM004638	FAM001976	FAM005537	FAM000127	FAM008292	FAM007807	FAM001517	FAM000481	FAM020827
rep622_seed2647	FAM008002	FAM014690	FAM001900	FAM003727	FAM001111	FAM008712	FAM003068	FAM008060	FAM000061	FAM001642	FAM012199	FAM006904	FAM000193	FAM012782	FAM016542
rep623_seed2648	FAM008955	FAM013082	FAM002273	FAM003256	FAM000214	FAM005678	FAM014524	FAM000165	FAM003585	FAM009724	FAM000967	FAM005559	FAM008883	FAM009135	FAM024421
rep624_seed2649	FAM007228	FAM002224	FAM003322	FAM001467	FAM009772	FAM004637	FAM008060	FAM000480	FAM005501	FAM009384	FAM005575	FAM010487	FAM004047	FAM001232	FAM014760
rep625_seed2650	FAM011038	FAM007610	FAM002178	FAM001264	FAM005551	FAM014382	FAM002455	FAM001785	FAM002136	FAM010815	FAM002440	FAM008942	FAM005498	FAM005112	FAM024541
rep626_seed2651	FAM004614	FAM003890	FAM005736	FAM009492	FAM006529	FAM010451	FAM003155	FAM002821	FAM003095	FAM012915	FAM002775	FAM002265	FAM002938	FAM005915	FAM027646
rep627_seed2652	FAM010569	FAM006305	FAM009896	FAM003448	FAM004632	FAM010187	FAM002805	FAM012155	FAM003013	FAM001501	FAM000717	FAM009911	FAM007878	FAM000646	FAM020773
rep628_seed2653	FAM006790	FAM002070	FAM001085	FAM007376	FAM008124	FAM004527	FAM006584	FAM001071	FAM007993	FAM004491	FAM002584	FAM008977	FAM005948	FAM008088	FAM026346
rep629_seed2654	FAM012337	FAM009458	FAM009789	FAM000066	FAM006230	FAM001462	FAM014012	FAM007196	FAM004137	FAM004614	FAM007903	FAM002177	FAM003117	FAM002710	FAM022163
rep630_seed2655	FAM000537	FAM000762	FAM012689	FAM011443	FAM001107	FAM002885	FAM004026	FAM005197	FAM006686	FAM012151	FAM010361	FAM014003	FAM000125	FAM009155	FAM019790
rep631_seed2656	FAM000003	FAM006042	FAM000852	FAM010575	FAM010093	FAM002599	FAM003262	FAM003539	FAM008985	FAM012498	FAM006200	FAM010447	FAM004875	FAM007335	FAM017389
rep632_seed2657	FAM001030	FAM007556	FAM008297	FAM000906	FAM001122	FAM008758	FAM008986	FAM010399	FAM003677	FAM000299	FAM005870	FAM001857	FAM004104	FAM013797	FAM020082
rep633_seed2658	FAM005661	FAM000986	FAM005130	FAM005559	FAM008914	FAM002012	FAM014342	FAM001820	FAM001068	FAM002838	FAM006260	FAM007106	FAM004571	FAM007575	FAM014860
rep634_seed2659	FAM004983	FAM000205	FAM001021	FAM008119	FAM006437	FAM007873	FAM005106	FAM007130	FAM006512	FAM001503	FAM002304	FAM006736	FAM001543	FAM003192	FAM023735
rep635_seed2660	FAM000168	FAM000579	FAM005301	FAM005295	FAM005298	FAM005268	FAM002205	FAM007292	FAM006849	FAM004023	FAM001187	FAM009682	FAM014172	FAM005220	FAM014979
rep636_seed2661	FAM002417	FAM000738	FAM003772	FAM006611	FAM005610	FAM003352	FAM007894	FAM007981	FAM000887	FAM006412	FAM007971	FAM009817	FAM000126	FAM002516	FAM017373
rep637_seed2662	FAM002508	FAM003790	FAM007535	FAM002993	FAM000532	FAM007420	FAM002736	FAM002296	FAM007304	FAM009100	FAM002678	FAM000956	FAM001145	FAM001952	FAM028917
rep638_seed2663	FAM003134	FAM000724	FAM005030	FAM007061	FAM002514	FAM000825	FAM011246	FAM001775	FAM014436	FAM009018	FAM008664	FAM006549	FAM014074	FAM002132	FAM020631
rep639_seed2664	FAM003416	FAM000870	FAM000585	FAM004440	FAM012225	FAM001610	FAM001304	FAM003206	FAM002449	FAM004262	FAM002296	FAM000651	FAM005266	FAM003253	FAM026626
rep640_seed2665	FAM002312	FAM012458	FAM003647	FAM002233	FAM004427	FAM013628	FAM000987	FAM007135	FAM007157	FAM012771	FAM008162	FAM005121	FAM003310	FAM010585	FAM015183
rep641_seed2666	FAM006320	FAM007310	FAM014375	FAM010198	FAM008545	FAM013866	FAM001501	FAM001437	FAM004557	FAM002973	FAM004571	FAM002750	FAM004127	FAM006784	FAM029109
rep642_seed2667	FAM013874	FAM000845	FAM001567	FAM006214	FAM006444	FAM010224	FAM004258	FAM006886	FAM001210	FAM003637	FAM009822	FAM002999	FAM006691	FAM010693	FAM018823
rep643_seed2668	FAM007164	FAM000879	FAM005054	FAM002706	FAM011038	FAM001268	FAM003910	FAM004456	FAM000960	FAM002463	FAM005191	FAM005631	FAM004334	FAM003481	FAM019657
rep644_seed2669	FAM003077	FAM003923	FAM005520	FAM000788	FAM001101	FAM007995	FAM007421	FAM001320	FAM003506	FAM001395	FAM005288	FAM003861	FAM001551	FAM005658	FAM027534
rep645_seed2670	FAM005928	FAM008626	FAM000934	FAM003418	FAM006481	FAM006548	FAM003990	FAM000813	FAM006497	FAM001359	FAM009122	FAM006327	FAM002699	FAM013676	FAM020375
rep646_seed2671	FAM006824	FAM006245	FAM009959	FAM005092	FAM001779	FAM009389	FAM009617	FAM007240	FAM001280	FAM000304	FAM012272	FAM013780	FAM002201	FAM007303	FAM021844
rep647_seed2672	FAM001290	FAM002888	FAM004748	FAM003984	FAM006181	FAM009608	FAM001348	FAM005167	FAM006103	FAM007781	FAM001182	FAM008217	FAM002642	FAM001740	FAM021869
rep648_seed2673	FAM002431	FAM005030	FAM007232	FAM006099	FAM011447	FAM004461	FAM002459	FAM003758	FAM007157	FAM002718	FAM004276	FAM001104	FAM000576	FAM001321	FAM020108
rep649_seed2674	FAM002900	FAM009138	FAM001434	FAM009239	FAM002101	FAM003489	FAM004941	FAM009027	FAM001618	FAM009249	FAM000364	FAM004366	FAM006143	FAM000682	FAM023331
rep650_seed2675	FAM011151	FAM005823	FAM002834	FAM010164	FAM004156	FAM002167	FAM003990	FAM004888	FAM006835	FAM008977	FAM004809	FAM004741	FAM004719	FAM009132	FAM018418
rep651_seed2676	FAM008285	FAM013403	FAM007946	FAM004352	FAM009112	FAM000341	FAM000413	FAM003362	FAM002728	FAM003802	FAM003190	FAM009207	FAM001750	FAM011863	FAM022163
rep652_seed2677	FAM002299	FAM003161	FAM006731	FAM002691	FAM002726	FAM006387	FAM007786	FAM004101	FAM002162	FAM002791	FAM007351	FAM003499	FAM001135	FAM003974	FAM015801
rep653_seed2678	FAM006020	FAM000609	FAM013223	FAM013122	FAM006264	FAM004020	FAM004509	FAM013716	FAM010061	FAM008620	FAM012398	FAM000571	FAM005034	FAM003218	FAM021479
rep654_seed2679	FAM000759	FAM006309	FAM001591	FAM007008	FAM005650	FAM008132	FAM000208	FAM008481	FAM005508	FAM012489	FAM006049	FAM000679	FAM013061	FAM001228	FAM025749
rep655_seed2680	FAM004059	FAM000385	FAM007044	FAM007139	FAM003925	FAM002050	FAM000117	FAM000009	FAM004969	FAM002140	FAM002452	FAM003759	FAM001353	FAM000517	FAM015912
rep656_seed2681	FAM007586	FAM010356	FAM009542	FAM013229	FAM002197	FAM008709	FAM013074	FAM002670	FAM002855	FAM012398	FAM006464	FAM002313	FAM005906	FAM001545	FAM026665
rep657_seed2682	FAM006835	FAM012137	FAM012246	FAM007857	FAM001895	FAM005700	FAM014520	FAM002048	FAM005080	FAM007213	FAM001569	FAM001508	FAM000501	FAM008501	FAM020108
rep658_seed2683	FAM000476	FAM005577	FAM006316	FAM004832	FAM009051	FAM003817	FAM010939	FAM001071	FAM007929	FAM002379	FAM011473	FAM005970	FAM003296	FAM009513	FAM025873
rep659_seed2684	FAM010267	FAM004237	FAM000309	FAM013946	FAM000431	FAM000380	FAM010448	FAM000432	FAM003780	FAM004372	FAM000364	FAM011104	FAM007761	FAM000307	FAM026380
rep660_seed2685	FAM011784	FAM004222	FAM005568	FAM007030	FAM004735	FAM000482	FAM003215	FAM014120	FAM011345	FAM002993	FAM001790	FAM003943	FAM002312	FAM000442	FAM020750
rep661_seed2686	FAM002434	FAM000934	FAM003734	FAM013866	FAM004795	FAM000968	FAM006728	FAM001645	FAM013118	FAM013458	FAM007674	FAM012726	FAM000101	FAM000255	FAM023312
rep662_seed2687	FAM001389	FAM005392	FAM001468	FAM011054	FAM011341	FAM001444	FAM002143	FAM002339	FAM006108	FAM008816	FAM007066	FAM008517	FAM006278	FAM002857	FAM022326
rep663_seed2688	FAM009446	FAM000606	FAM004697	FAM005661	FAM001074	FAM011959	FAM001083	FAM002830	FAM003724	FAM010627	FAM001767	FAM006298	FAM006411	FAM005286	FAM020320
rep664_seed2689	FAM013506	FAM011652	FAM001099	FAM001193	FAM007710	FAM001015	FAM001754	FAM014636	FAM007522	FAM002593	FAM005247	FAM006776	FAM000630	FAM006729	FAM028229
rep665_seed2690	FAM001150	FAM007426	FAM007609	FAM010828	FAM002751	FAM003359	FAM008935	FAM008708	FAM005807	FAM002904	FAM013415	FAM000224	FAM009032	FAM002900	FAM016367
rep666_seed2691	FAM014366	FAM007518	FAM005665	FAM010978	FAM007689	FAM005236	FAM010376	FAM001563	FAM006751	FAM003775	FAM008355	FAM009119	FAM004042	FAM001472	FAM029017
rep667_seed2692	FAM010441	FAM007115	FAM006214	FAM001477	FAM002783	FAM003082	FAM010585	FAM001655	FAM000588	FAM004814	FAM004841	FAM001020	FAM002318	FAM002468	FAM015326
rep668_seed2693	FAM003496	FAM002642	FAM007180	FAM001911	FAM003243	FAM004857	FAM006135	FAM000364	FAM009875	FAM004688	FAM005519	FAM005799	FAM000717	FAM000289	FAM018942
rep669_seed2694	FAM000798	FAM007733	FAM012259	FAM003357	FAM010964	FAM001750	FAM000949	FAM003162	FAM000195	FAM002032	FAM006615	FAM010879	FAM002102	FAM002918	FAM023885
rep670_seed2695	FAM010864	FAM005468	FAM004244	FAM007669	FAM007674	FAM006375	FAM001260	FAM000416	FAM003292	FAM003978	FAM001055	FAM012147	FAM005357	FAM002421	FAM027251
rep671_seed2696	FAM001118	FAM000291	FAM009252	FAM011031	FAM001846	FAM004475	FAM007480	FAM001404	FAM012696	FAM014266	FAM005912	FAM002167	FAM006875	FAM000687	FAM019297
rep672_seed2697	FAM003920	FAM008549	FAM009144	FAM009473	FAM005131	FAM002820	FAM000345	FAM008116	FAM011119	FAM000666	FAM000185	FAM010642	FAM000495	FAM012739	FAM019673
rep673_seed2698	FAM011715	FAM006954	FAM002938	FAM002501	FAM011855	FAM003850	FAM003158	FAM002799	FAM001874	FAM004563	FAM000879	FAM002848	FAM007150	FAM005006	FAM028062
rep674_seed2699	FAM011748	FAM005266	FAM003649	FAM007781	FAM008017	FAM001057	FAM014123	FAM007321	FAM004416	FAM007829	FAM004007	FAM002297	FAM001762	FAM014126	FAM026299
rep675_seed2700	FAM011797	FAM004820	FAM003407	FAM009010	FAM004710	FAM007893	FAM007531	FAM005227	FAM014060	FAM008658	FAM014045	FAM003499	FAM010945	FAM000701	FAM015336
rep676_seed2701	FAM003365	FAM004756	FAM004817	FAM004715	FAM003915	FAM001190	FAM001517	FAM005148	FAM007730	FAM001023	FAM001832	FAM004349	FAM004562	FAM010937	FAM018381
rep677_seed2702	FAM002258	FAM008082	FAM010655	FAM000680	FAM000791	FAM007895	FAM009557	FAM001714	FAM010099	FAM001834	FAM005537	FAM003156	FAM003005	FAM014230	FAM015787
rep678_seed2703	FAM009608	FAM004382	FAM008191	FAM004536	FAM006493	FAM005151	FAM005688	FAM004244	FAM007888	FAM003129	FAM002834	FAM008099	FAM006264	FAM013056	FAM027167
rep679_seed2704	FAM006255	FAM005301	FAM013550	FAM005000	FAM003869	FAM012143	FAM011582	FAM002748	FAM007576	FAM007156	FAM005987	FAM006536	FAM008191	FAM008661	FAM023546
rep680_seed2705	FAM007012	FAM013723	FAM012902	FAM005056	FAM000262	FAM002717	FAM008898	FAM001715	FAM006250	FAM001125	FAM005261	FAM011780	FAM002088	FAM003914	FAM021336
rep681_seed2706	FAM002284	FAM002154	FAM005058	FAM003020	FAM001794	FAM003815	FAM000572	FAM006069	FAM003160	FAM007948	FAM002140	FAM009739	FAM010588	FAM002381	FAM017486
rep682_seed2707	FAM013847	FAM008296	FAM008510	FAM009446	FAM006099	FAM007435	FAM002064	FAM001707	FAM004495	FAM002887	FAM002272	FAM012358	FAM005397	FAM004212	FAM019928
rep683_seed2708	FAM009232	FAM002319	FAM004871	FAM001559	FAM004982	FAM010958	FAM007402	FAM002058	FAM005322	FAM000290	FAM000471	FAM010358	FAM006576	FAM007437	FAM026008
rep684_seed2709	FAM012464	FAM002988	FAM001203	FAM004568	FAM001151	FAM013035	FAM004157	FAM010022	FAM001947	FAM006882	FAM000270	FAM001512	FAM002773	FAM013490	FAM015888
rep685_seed2710	FAM011225	FAM006849	FAM002662	FAM000335	FAM000471	FAM005115	FAM004752	FAM005939	FAM001361	FAM002050	FAM007563	FAM014675	FAM001630	FAM009057	FAM016587
rep686_seed2711	FAM006273	FAM005539	FAM003388	FAM006160	FAM005916	FAM001455	FAM004061	FAM009550	FAM006081	FAM002556	FAM003596	FAM000930	FAM010160	FAM010061	FAM026433
rep687_seed2712	FAM005925	FAM005285	FAM001479	FAM001807	FAM005522	FAM008440	FAM005423	FAM013391	FAM002202	FAM006705	FAM004175	FAM007077	FAM010255	FAM002100	FAM018107
rep688_seed2713	FAM009252	FAM008767	FAM004538	FAM010510	FAM003675	FAM007947	FAM001665	FAM005863	FAM005537	FAM005984	FAM004065	FAM008116	FAM013035	FAM000310	FAM022705
rep689_seed2714	FAM008764	FAM002733	FAM001847	FAM000642	FAM012951	FAM003568	FAM010453	FAM006914	FAM010133	FAM008365	FAM014120	FAM000315	FAM005816	FAM010076	FAM015421
rep690_seed2715	FAM003760	FAM002919	FAM006701	FAM005073	FAM000390	FAM001134	FAM008193	FAM000222	FAM007759	FAM005503	FAM008071	FAM002324	FAM003690	FAM000721	FAM027744
rep691_seed2716	FAM010750	FAM012902	FAM008994	FAM004851	FAM013965	FAM000822	FAM005544	FAM002185	FAM006414	FAM004920	FAM003409	FAM014317	FAM004679	FAM001652	FAM016003
rep692_seed2717	FAM009817	FAM000529	FAM002574	FAM002913	FAM008292	FAM007368	FAM001056	FAM005488	FAM009287	FAM004592	FAM000546	FAM008913	FAM005727	FAM004224	FAM019657
rep693_seed2718	FAM013663	FAM008002	FAM012004	FAM000793	FAM005235	FAM002335	FAM003425	FAM005975	FAM010465	FAM012637	FAM002630	FAM010296	FAM007888	FAM002813	FAM022562
rep694_seed2719	FAM001097	FAM003575	FAM003886	FAM003173	FAM007895	FAM006831	FAM004703	FAM004926	FAM012809	FAM006290	FAM001541	FAM008814	FAM002915	FAM007117	FAM016023
rep695_seed2720	FAM007522	FAM007694	FAM007061	FAM003098	FAM002542	FAM007118	FAM001608	FAM006756	FAM008443	FAM010373	FAM003472	FAM009585	FAM013770	FAM005586	FAM018286
rep696_seed2721	FAM008478	FAM000108	FAM000863	FAM002532	FAM010948	FAM009908	FAM001805	FAM006014	FAM008841	FAM007095	FAM002755	FAM003171	FAM005326	FAM002189	FAM016367
rep697_seed2722	FAM009533	FAM004178	FAM002132	FAM000855	FAM004206	FAM013021	FAM013019	FAM003212	FAM000493	FAM012075	FAM001325	FAM006342	FAM004715	FAM002721	FAM016249
rep698_seed2723	FAM013935	FAM005192	FAM002225	FAM001075	FAM000257	FAM005936	FAM002415	FAM006562	FAM011666	FAM005907	FAM000588	FAM001409	FAM006707	FAM005218	FAM015156
rep699_seed2724	FAM012930	FAM000476	FAM004483	FAM006911	FAM003112	FAM001487	FAM006663	FAM002622	FAM008050	FAM006353	FAM000352	FAM003136	FAM007059	FAM007955	FAM017085
rep700_seed2725	FAM006014	FAM006138	FAM008469	FAM005464	FAM001498	FAM001354	FAM010255	FAM001614	FAM005539	FAM000889	FAM002781	FAM008615	FAM005020	FAM003037	FAM026868
rep701_seed2726	FAM000011	FAM005533	FAM011976	FAM013735	FAM003133	FAM011590	FAM009217	FAM007960	FAM012607	FAM005303	FAM001544	FAM005484	FAM004543	FAM002249	FAM016676
rep702_seed2727	FAM002549	FAM002340	FAM003323	FAM003229	FAM000347	FAM003526	FAM005520	FAM009243	FAM006178	FAM001181	FAM001000	FAM003289	FAM005687	FAM014959	FAM025636
rep703_seed2728	FAM000893	FAM007480	FAM002658	FAM006645	FAM002814	FAM007010	FAM001670	FAM004765	FAM005211	FAM002926	FAM006914	FAM004022	FAM003903	FAM000335	FAM016249
rep704_seed2729	FAM001498	FAM002234	FAM001133	FAM007148	FAM008346	FAM001497	FAM003030	FAM002951	FAM012104	FAM006106	FAM001293	FAM011085	FAM010198	FAM002570	FAM026134
rep705_seed2730	FAM003834	FAM009634	FAM012465	FAM000259	FAM001121	FAM008384	FAM008218	FAM005299	FAM008178	FAM002049	FAM012674	FAM008474	FAM006049	FAM009660	FAM027744
rep706_seed2731	FAM002700	FAM004199	FAM007851	FAM003515	FAM011043	FAM004584	FAM000938	FAM000620	FAM007391	FAM003180	FAM013985	FAM004569	FAM000170	FAM002856	FAM025371
rep707_seed2732	FAM001823	FAM005301	FAM003144	FAM003587	FAM009013	FAM001735	FAM003719	FAM002908	FAM010619	FAM003519	FAM001523	FAM005284	FAM002832	FAM002782	FAM015816
rep708_seed2733	FAM004820	FAM000809	FAM006938	FAM006317	FAM003134	FAM009140	FAM002577	FAM000604	FAM003612	FAM002064	FAM002961	FAM003125	FAM006587	FAM000781	FAM015236
rep709_seed2734	FAM006116	FAM002383	FAM006984	FAM005305	FAM009084	FAM002983	FAM001745	FAM005265	FAM011895	FAM007268	FAM003630	FAM006358	FAM013208	FAM002955	FAM016319
rep710_seed2735	FAM000508	FAM007742	FAM005240	FAM009187	FAM005768	FAM011866	FAM006105	FAM001457	FAM001318	FAM006626	FAM011147	FAM003957	FAM003601	FAM007677	FAM019657
rep711_seed2736	FAM005027	FAM005295	FAM005008	FAM006134	FAM014119	FAM003258	FAM004132	FAM003887	FAM006199	FAM003629	FAM001329	FAM002670	FAM000873	FAM007189	FAM023255
rep712_seed2737	FAM008046	FAM009885	FAM014064	FAM005790	FAM000791	FAM004327	FAM014249	FAM010711	FAM004031	FAM001646	FAM014353	FAM009491	FAM002055	FAM003831	FAM018729
rep713_seed2738	FAM001636	FAM004272	FAM010371	FAM004894	FAM004742	FAM001871	FAM008473	FAM005705	FAM011264	FAM002318	FAM001048	FAM001589	FAM000039	FAM006173	FAM018429
rep714_seed2739	FAM011339	FAM006852	FAM000460	FAM003488	FAM001291	FAM000788	FAM004689	FAM000040	FAM006108	FAM001752	FAM007179	FAM009264	FAM008360	FAM009049	FAM015459
rep715_seed2740	FAM000353	FAM002210	FAM003851	FAM006439	FAM005526	FAM001805	FAM013721	FAM009559	FAM002760	FAM000794	FAM009236	FAM006011	FAM000972	FAM012031	FAM016584
rep716_seed2741	FAM006236	FAM009243	FAM007329	FAM001302	FAM007482	FAM005747	FAM003098	FAM003439	FAM002227	FAM003378	FAM006696	FAM003349	FAM001332	FAM006087	FAM016985
rep717_seed2742	FAM002757	FAM001856	FAM005949	FAM002433	FAM002609	FAM004649	FAM004998	FAM009416	FAM005994	FAM003189	FAM002120	FAM008432	FAM008821	FAM002096	FAM016325
rep718_seed2743	FAM012690	FAM006260	FAM003628	FAM006520	FAM004561	FAM007104	FAM005743	FAM006038	FAM006364	FAM005152	FAM013052	FAM000486	FAM013624	FAM006623	FAM025472
rep719_seed2744	FAM003689	FAM009148	FAM013208	FAM000222	FAM010664	FAM002680	FAM000590	FAM011085	FAM006375	FAM010298	FAM006405	FAM005681	FAM005125	FAM007533	FAM027997
rep720_seed2745	FAM001303	FAM002499	FAM006326	FAM001685	FAM010486	FAM002236	FAM003328	FAM007122	FAM005658	FAM001762	FAM004082	FAM009698	FAM008737	FAM002995	FAM016964
rep721_seed2746	FAM011350	FAM003807	FAM003602	FAM005140	FAM008649	FAM010575	FAM004939	FAM005513	FAM002855	FAM006413	FAM004323	FAM001612	FAM007034	FAM011518	FAM016682
rep722_seed2747	FAM008765	FAM007159	FAM008804	FAM007267	FAM000921	FAM001035	FAM006410	FAM003277	FAM013648	FAM000542	FAM003945	FAM001875	FAM002213	FAM008576	FAM024312
rep723_seed2748	FAM011924	FAM006143	FAM001777	FAM005822	FAM011944	FAM002233	FAM002042	FAM002811	FAM013391	FAM004619	FAM014491	FAM009302	FAM006443	FAM013788	FAM026633
rep724_seed2749	FAM007813	FAM001996	FAM007253	FAM003467	FAM003879	FAM002624	FAM002443	FAM007230	FAM009905	FAM002057	FAM005474	FAM013154	FAM004720	FAM010284	FAM017841
rep725_seed2750	FAM004078	FAM005751	FAM002513	FAM003609	FAM001599	FAM006117	FAM007130	FAM006419	FAM009302	FAM002667	FAM000104	FAM008955	FAM008746	FAM013785	FAM023059
rep726_seed2751	FAM011730	FAM012756	FAM002373	FAM010840	FAM001436	FAM002122	FAM008922	FAM006142	FAM004703	FAM013035	FAM008250	FAM007609	FAM001058	FAM012343	FAM020827
rep727_seed2752	FAM004090	FAM004906	FAM007911	FAM006550	FAM003276	FAM002546	FAM007694	FAM005559	FAM000963	FAM009406	FAM012282	FAM001792	FAM009822	FAM005685	FAM021525
rep728_seed2753	FAM007884	FAM005758	FAM007635	FAM001691	FAM003443	FAM000075	FAM003225	FAM000230	FAM001196	FAM000635	FAM011537	FAM000855	FAM007570	FAM006982	FAM017319
rep729_seed2754	FAM003610	FAM004518	FAM003377	FAM005431	FAM010805	FAM000780	FAM009500	FAM000807	FAM011754	FAM000159	FAM005237	FAM001335	FAM002559	FAM001210	FAM020320
rep730_seed2755	FAM002458	FAM001869	FAM002108	FAM009023	FAM005882	FAM001089	FAM000316	FAM008812	FAM003135	FAM011899	FAM005767	FAM007696	FAM004844	FAM009797	FAM020202
rep731_seed2756	FAM008439	FAM005718	FAM002151	FAM000510	FAM010945	FAM009981	FAM002464	FAM003026	FAM006365	FAM001911	FAM003225	FAM002638	FAM002054	FAM009804	FAM027014
rep732_seed2757	FAM005710	FAM001594	FAM004299	FAM004897	FAM002363	FAM012742	FAM007677	FAM011151	FAM006417	FAM011551	FAM001562	FAM001723	FAM007632	FAM009724	FAM027098
rep733_seed2758	FAM005635	FAM009244	FAM007253	FAM011608	FAM000285	FAM009894	FAM002767	FAM006372	FAM007159	FAM001047	FAM000591	FAM004511	FAM008564	FAM012513	FAM016611
rep734_seed2759	FAM003781	FAM008806	FAM000955	FAM011042	FAM006858	FAM008476	FAM000676	FAM000783	FAM001961	FAM001608	FAM004675	FAM004254	FAM001845	FAM004650	FAM015421
rep735_seed2760	FAM013658	FAM013206	FAM001021	FAM006773	FAM003911	FAM005923	FAM010196	FAM010200	FAM004400	FAM010425	FAM006147	FAM005141	FAM007049	FAM011576	FAM027646
rep736_seed2761	FAM002003	FAM005373	FAM002951	FAM006757	FAM004242	FAM001604	FAM001461	FAM010413	FAM012852	FAM004324	FAM004874	FAM002587	FAM008963	FAM001999	FAM026433
rep737_seed2762	FAM003449	FAM001030	FAM009516	FAM009929	FAM002581	FAM006151	FAM009500	FAM014503	FAM009673	FAM012723	FAM003499	FAM014885	FAM005523	FAM003185	FAM019657
rep738_seed2763	FAM004556	FAM001494	FAM000561	FAM001954	FAM002430	FAM012637	FAM000371	FAM005520	FAM003548	FAM000081	FAM006199	FAM005315	FAM009405	FAM002372	FAM017433
rep739_seed2764	FAM004001	FAM001797	FAM000851	FAM002523	FAM001013	FAM008450	FAM000961	FAM003909	FAM001890	FAM000215	FAM013853	FAM005816	FAM009767	FAM003833	FAM020807
rep740_seed2765	FAM007197	FAM001951	FAM008994	FAM005983	FAM000333	FAM003736	FAM010501	FAM008232	FAM005817	FAM001595	FAM011106	FAM008767	FAM001126	FAM000750	FAM016475
rep741_seed2766	FAM003265	FAM001617	FAM004554	FAM009913	FAM006067	FAM002858	FAM000244	FAM001585	FAM008767	FAM012600	FAM004571	FAM000915	FAM004986	FAM008506	FAM017381
rep742_seed2767	FAM007308	FAM001520	FAM001576	FAM003152	FAM000990	FAM002520	FAM001279	FAM012975	FAM006908	FAM001124	FAM003098	FAM003256	FAM000734	FAM000645	FAM026211
rep743_seed2768	FAM002113	FAM007993	FAM009968	FAM008746	FAM002654	FAM004324	FAM006623	FAM005277	FAM005910	FAM009634	FAM003184	FAM011869	FAM005413	FAM001447	FAM016870
rep744_seed2769	FAM006380	FAM011589	FAM006004	FAM006335	FAM009758	FAM001211	FAM013469	FAM001713	FAM001156	FAM010477	FAM002377	FAM002863	FAM001550	FAM011963	FAM020320
rep745_seed2770	FAM005849	FAM010916	FAM005133	FAM004648	FAM002160	FAM001493	FAM003733	FAM004818	FAM002163	FAM013274	FAM000644	FAM000988	FAM010209	FAM005661	FAM028195
rep746_seed2771	FAM000433	FAM001857	FAM008619	FAM005166	FAM004883	FAM002044	FAM009751	FAM007711	FAM004734	FAM005455	FAM006935	FAM006642	FAM002985	FAM003173	FAM015134
rep747_seed2772	FAM008443	FAM004378	FAM009336	FAM006417	FAM001170	FAM009758	FAM006448	FAM001578	FAM011898	FAM002290	FAM008287	FAM001793	FAM006944	FAM000048	FAM018660
rep748_seed2773	FAM005519	FAM006275	FAM006670	FAM011151	FAM001034	FAM008170	FAM005541	FAM004305	FAM001265	FAM005165	FAM001816	FAM007268	FAM011944	FAM000786	FAM020622
rep749_seed2774	FAM005781	FAM005683	FAM012674	FAM002463	FAM001293	FAM003657	FAM008292	FAM009968	FAM013754	FAM006980	FAM001047	FAM006417	FAM003824	FAM004282	FAM026819
rep750_seed2775	FAM000994	FAM002681	FAM005460	FAM005355	FAM000890	FAM012438	FAM005200	FAM000540	FAM000504	FAM007252	FAM003492	FAM001950	FAM007321	FAM003360	FAM017709
rep751_seed2776	FAM009978	FAM012037	FAM004094	FAM002423	FAM000425	FAM005681	FAM002083	FAM005556	FAM001610	FAM005827	FAM011585	FAM011438	FAM007466	FAM000074	FAM018811
rep752_seed2777	FAM010608	FAM000719	FAM004006	FAM012778	FAM001614	FAM011954	FAM006966	FAM010721	FAM000538	FAM001048	FAM012137	FAM004354	FAM001478	FAM012485	FAM018291
rep753_seed2778	FAM001909	FAM000414	FAM004593	FAM003187	FAM000248	FAM004932	FAM006411	FAM000418	FAM004813	FAM004491	FAM009519	FAM000725	FAM005331	FAM008107	FAM020604
rep754_seed2779	FAM007898	FAM004299	FAM000116	FAM008203	FAM010788	FAM009058	FAM000671	FAM001410	FAM002864	FAM006552	FAM011878	FAM009958	FAM011589	FAM002043	FAM017988
rep755_seed2780	FAM008478	FAM005660	FAM011748	FAM003066	FAM002890	FAM015116	FAM006702	FAM008232	FAM005342	FAM005864	FAM001311	FAM009562	FAM006944	FAM009356	FAM016489
rep756_seed2781	FAM002454	FAM006060	FAM009956	FAM006994	FAM008392	FAM004839	FAM007264	FAM003786	FAM006362	FAM011885	FAM003552	FAM004571	FAM007531	FAM002008	FAM020375
rep757_seed2782	FAM006529	FAM001447	FAM002666	FAM001105	FAM008183	FAM000762	FAM010499	FAM001380	FAM011515	FAM007656	FAM001702	FAM001606	FAM009323	FAM009770	FAM022676
rep758_seed2783	FAM010494	FAM005987	FAM004862	FAM010373	FAM005133	FAM005341	FAM007030	FAM006962	FAM008468	FAM008585	FAM002605	FAM010463	FAM004531	FAM002413	FAM018055
rep759_seed2784	FAM001967	FAM002171	FAM001732	FAM002428	FAM003513	FAM004645	FAM003920	FAM004487	FAM003093	FAM001703	FAM013554	FAM015116	FAM004865	FAM003226	FAM017111
rep760_seed2785	FAM014524	FAM003710	FAM003689	FAM011250	FAM004641	FAM006387	FAM012502	FAM001804	FAM003041	FAM008547	FAM007201	FAM005045	FAM006583	FAM001748	FAM027953
rep761_seed2786	FAM008466	FAM009039	FAM006368	FAM000597	FAM008712	FAM003189	FAM005097	FAM012956	FAM006467	FAM000296	FAM002730	FAM001525	FAM005176	FAM001304	FAM021888
rep762_seed2787	FAM009971	FAM001679	FAM004613	FAM003706	FAM000954	FAM001324	FAM003333	FAM005140	FAM003838	FAM002153	FAM009078	FAM014473	FAM000760	FAM002363	FAM026149
rep763_seed2788	FAM004780	FAM001125	FAM000910	FAM011280	FAM002125	FAM009583	FAM006798	FAM004347	FAM014230	FAM005385	FAM003395	FAM003585	FAM003179	FAM003682	FAM024312
rep764_seed2789	FAM004630	FAM002058	FAM006147	FAM008623	FAM002355	FAM006612	FAM003379	FAM007384	FAM004317	FAM006279	FAM015290	FAM006997	FAM001004	FAM000607	FAM020827
rep765_seed2790	FAM000363	FAM005133	FAM004520	FAM004107	FAM007722	FAM009049	FAM011504	FAM004057	FAM003249	FAM010196	FAM001456	FAM000751	FAM008774	FAM001786	FAM018309
rep766_seed2791	FAM013797	FAM010124	FAM011826	FAM014119	FAM010072	FAM007473	FAM009517	FAM002830	FAM000548	FAM012530	FAM000157	FAM005087	FAM006729	FAM005929	FAM022822
rep767_seed2792	FAM002125	FAM008369	FAM005621	FAM014619	FAM000786	FAM002828	FAM001361	FAM005429	FAM006157	FAM010204	FAM004766	FAM012456	FAM003921	FAM006169	FAM018811
rep768_seed2793	FAM008049	FAM009312	FAM004974	FAM003936	FAM004716	FAM006675	FAM001369	FAM001281	FAM002171	FAM006520	FAM003247	FAM001097	FAM001331	FAM003900	FAM025472
rep769_seed2794	FAM013021	FAM003637	FAM012236	FAM013694	FAM015286	FAM006133	FAM000644	FAM002613	FAM009710	FAM004702	FAM000507	FAM004111	FAM012928	FAM005667	FAM022969
rep770_seed2795	FAM002718	FAM008718	FAM001532	FAM013671	FAM002277	FAM007688	FAM014132	FAM001652	FAM002141	FAM008519	FAM014016	FAM002192	FAM003534	FAM004343	FAM014887
rep771_seed2796	FAM010712	FAM011146	FAM004348	FAM002241	FAM002691	FAM014429	FAM010945	FAM011635	FAM000582	FAM001934	FAM007786	FAM004035	FAM011237	FAM007098	FAM029100
rep772_seed2797	FAM003237	FAM000034	FAM000053	FAM001250	FAM014123	FAM002614	FAM010517	FAM001904	FAM011347	FAM010701	FAM005462	FAM000077	FAM004449	FAM005087	FAM021568
rep773_seed2798	FAM010631	FAM001553	FAM002419	FAM005526	FAM007307	FAM014253	FAM001167	FAM003319	FAM000267	FAM002865	FAM009807	FAM008508	FAM001514	FAM008002	FAM015405
rep774_seed2799	FAM003578	FAM006997	FAM000978	FAM000782	FAM006531	FAM005020	FAM004962	FAM000792	FAM004719	FAM006856	FAM007775	FAM001502	FAM009323	FAM004824	FAM027335
rep775_seed2800	FAM010195	FAM007007	FAM000311	FAM000616	FAM001918	FAM005848	FAM013078	FAM012308	FAM000517	FAM005560	FAM002073	FAM000273	FAM013020	FAM013985	FAM021479
rep776_seed2801	FAM000676	FAM009506	FAM010358	FAM004694	FAM000832	FAM000348	FAM010074	FAM000762	FAM007294	FAM004755	FAM010217	FAM014385	FAM000783	FAM007062	FAM022870
rep777_seed2802	FAM008062	FAM007047	FAM007007	FAM003274	FAM004538	FAM002711	FAM006641	FAM007879	FAM009064	FAM000896	FAM006112	FAM001343	FAM014342	FAM007609	FAM016315
rep778_seed2803	FAM006404	FAM001443	FAM008908	FAM003938	FAM008226	FAM007289	FAM002718	FAM002952	FAM002592	FAM001352	FAM002235	FAM007382	FAM001129	FAM000770	FAM023331
rep779_seed2804	FAM011430	FAM011159	FAM012540	FAM008773	FAM014385	FAM008578	FAM008558	FAM006860	FAM008013	FAM001095	FAM005902	FAM000648	FAM012336	FAM003590	FAM024393
rep780_seed2805	FAM007233	FAM002227	FAM002258	FAM010372	FAM001428	FAM005913	FAM010977	FAM009967	FAM004328	FAM010948	FAM007473	FAM000385	FAM005518	FAM004938	FAM015888
rep781_seed2806	FAM001179	FAM009640	FAM006395	FAM004135	FAM005371	FAM002559	FAM003389	FAM002143	FAM008191	FAM005024	FAM004128	FAM003368	FAM006238	FAM008768	FAM018418
rep782_seed2807	FAM003665	FAM006046	FAM004627	FAM006227	FAM001623	FAM003788	FAM001335	FAM002410	FAM001745	FAM000763	FAM000706	FAM004656	FAM003691	FAM009195	FAM017153
rep783_seed2808	FAM001624	FAM001720	FAM006431	FAM002571	FAM006221	FAM000799	FAM004577	FAM001286	FAM004927	FAM004607	FAM002953	FAM005696	FAM005058	FAM008392	FAM023274
rep784_seed2809	FAM009887	FAM001648	FAM004424	FAM009001	FAM009491	FAM006185	FAM001541	FAM007134	FAM007016	FAM001902	FAM010438	FAM007190	FAM005776	FAM003871	FAM018451
rep785_seed2810	FAM006105	FAM002828	FAM005284	FAM006993	FAM002868	FAM008802	FAM012024	FAM005454	FAM009533	FAM006084	FAM000300	FAM006054	FAM012696	FAM000696	FAM020807
rep786_seed2811	FAM009132	FAM012522	FAM000180	FAM001899	FAM005415	FAM004169	FAM001693	FAM011438	FAM003345	FAM007316	FAM000373	FAM008106	FAM006671	FAM004694	FAM028012
rep787_seed2812	FAM001084	FAM011498	FAM009650	FAM003946	FAM001822	FAM003620	FAM001908	FAM005033	FAM002431	FAM004903	FAM000526	FAM002588	FAM000257	FAM013354	FAM019904
rep788_seed2813	FAM008985	FAM004660	FAM000945	FAM003349	FAM007671	FAM009286	FAM009491	FAM014059	FAM002177	FAM002905	FAM002615	FAM008852	FAM002130	FAM009654	FAM025284
rep789_seed2814	FAM008805	FAM010731	FAM002937	FAM012527	FAM000666	FAM010881	FAM009316	FAM010157	FAM002242	FAM007897	FAM000438	FAM006340	FAM005780	FAM012319	FAM027522
rep790_seed2815	FAM002855	FAM006125	FAM005767	FAM000722	FAM001641	FAM005586	FAM004424	FAM003013	FAM006012	FAM002136	FAM004388	FAM009569	FAM007077	FAM007058	FAM020092
rep791_seed2816	FAM000301	FAM000302	FAM004621	FAM006543	FAM006537	FAM006350	FAM004954	FAM002823	FAM002839	FAM003663	FAM000684	FAM003910	FAM007223	FAM003865	FAM028135
rep792_seed2817	FAM006415	FAM003771	FAM005246	FAM003964	FAM007142	FAM007405	FAM012851	FAM004685	FAM008406	FAM012208	FAM002992	FAM002703	FAM007149	FAM000175	FAM018966
rep793_seed2818	FAM004305	FAM007465	FAM003012	FAM005249	FAM010321	FAM000826	FAM009769	FAM002491	FAM004172	FAM001538	FAM014135	FAM005377	FAM010977	FAM011537	FAM016413
rep794_seed2819	FAM006273	FAM007156	FAM006750	FAM002382	FAM000745	FAM000846	FAM004867	FAM000243	FAM008852	FAM000286	FAM008839	FAM004170	FAM002065	FAM000793	FAM020082
rep795_seed2820	FAM004834	FAM002061	FAM010208	FAM006793	FAM006094	FAM001706	FAM001240	FAM004713	FAM007516	FAM005913	FAM002041	FAM001155	FAM001118	FAM006745	FAM017193
rep796_seed2821	FAM005728	FAM001981	FAM012219	FAM001959	FAM008342	FAM012627	FAM003576	FAM010245	FAM011423	FAM002637	FAM004043	FAM006244	FAM004778	FAM003784	FAM020270
rep797_seed2822	FAM006762	FAM000765	FAM003941	FAM005900	FAM004652	FAM012252	FAM007592	FAM011685	FAM010575	FAM010840	FAM009948	FAM000614	FAM010569	FAM010207	FAM025652
rep798_seed2823	FAM001214	FAM010425	FAM005424	FAM001131	FAM010650	FAM010812	FAM001986	FAM011239	FAM007587	FAM001599	FAM001846	FAM000223	FAM014060	FAM005241	FAM028934
rep799_seed2824	FAM001629	FAM010228	FAM012220	FAM001980	FAM001489	FAM010499	FAM003016	FAM000862	FAM007613	FAM011495	FAM008499	FAM007785	FAM007368	FAM003140	FAM016338
rep800_seed2825	FAM004171	FAM005538	FAM005268	FAM000156	FAM000446	FAM009686	FAM002288	FAM001747	FAM005298	FAM004118	FAM007159	FAM013234	FAM008718	FAM006716	FAM022782
rep801_seed2826	FAM003366	FAM007687	FAM005643	FAM002763	FAM003081	FAM006520	FAM005780	FAM010451	FAM006272	FAM001194	FAM004624	FAM003368	FAM002953	FAM005276	FAM028934
rep802_seed2827	FAM006434	FAM003616	FAM009559	FAM009852	FAM001537	FAM011807	FAM002987	FAM000139	FAM000850	FAM014273	FAM002159	FAM004895	FAM004502	FAM003766	FAM028950
rep803_seed2828	FAM001617	FAM003704	FAM008253	FAM004919	FAM004757	FAM004085	FAM000620	FAM002288	FAM007279	FAM003171	FAM004728	FAM002581	FAM009159	FAM001494	FAM019486
rep804_seed2829	FAM001470	FAM002120	FAM001446	FAM007613	FAM004168	FAM000999	FAM005276	FAM009065	FAM007148	FAM007068	FAM003119	FAM009053	FAM006391	FAM012234	FAM014968
rep805_seed2830	FAM000045	FAM003735	FAM005785	FAM010919	FAM008478	FAM000127	FAM000054	FAM003794	FAM001379	FAM010520	FAM001382	FAM004171	FAM003271	FAM013442	FAM015136
rep806_seed2831	FAM000516	FAM002813	FAM009018	FAM004914	FAM002960	FAM012477	FAM005336	FAM004058	FAM011968	FAM002455	FAM004817	FAM003862	FAM004928	FAM000663	FAM018500
rep807_seed2832	FAM011685	FAM006944	FAM003407	FAM004044	FAM006538	FAM003499	FAM005570	FAM008658	FAM007395	FAM000320	FAM010488	FAM001116	FAM001798	FAM004813	FAM023845
rep808_seed2833	FAM008923	FAM014504	FAM014788	FAM000192	FAM002904	FAM002705	FAM002772	FAM006768	FAM013236	FAM006869	FAM001005	FAM005694	FAM006606	FAM003398	FAM016846
rep809_seed2834	FAM003247	FAM004210	FAM007297	FAM003228	FAM009172	FAM002703	FAM004531	FAM000647	FAM009455	FAM000668	FAM007367	FAM007184	FAM004224	FAM002088	FAM026635
rep810_seed2835	FAM008554	FAM004590	FAM010474	FAM005260	FAM003430	FAM009367	FAM004876	FAM012557	FAM004220	FAM015186	FAM008974	FAM004960	FAM000915	FAM003575	FAM023358
rep811_seed2836	FAM012924	FAM009701	FAM003102	FAM003954	FAM006414	FAM005737	FAM013874	FAM004078	FAM000701	FAM005525	FAM003490	FAM003487	FAM013658	FAM013996	FAM017277
rep812_seed2837	FAM001111	FAM001400	FAM005761	FAM004311	FAM003091	FAM000003	FAM001489	FAM004081	FAM003129	FAM007426	FAM002167	FAM006898	FAM003990	FAM004949	FAM016216
rep813_seed2838	FAM009952	FAM012547	FAM011137	FAM005485	FAM008037	FAM005035	FAM005581	FAM001543	FAM005707	FAM011504	FAM002205	FAM015178	FAM009386	FAM003018	FAM024940
rep814_seed2839	FAM006399	FAM010824	FAM005059	FAM008445	FAM001545	FAM002313	FAM001644	FAM004217	FAM000865	FAM000486	FAM012367	FAM006416	FAM002261	FAM009516	FAM020965
rep815_seed2840	FAM002408	FAM003073	FAM006966	FAM008417	FAM004031	FAM001738	FAM010696	FAM005594	FAM005987	FAM004657	FAM006106	FAM009083	FAM001191	FAM005230	FAM026531
rep816_seed2841	FAM004390	FAM012603	FAM005158	FAM008013	FAM007425	FAM002067	FAM009506	FAM001775	FAM009042	FAM004247	FAM010697	FAM000380	FAM006337	FAM007654	FAM020228
rep817_seed2842	FAM002963	FAM000729	FAM002608	FAM007130	FAM000395	FAM005318	FAM013214	FAM005412	FAM000585	FAM005228	FAM006797	FAM006087	FAM013069	FAM000181	FAM023845
rep818_seed2843	FAM010255	FAM006307	FAM009409	FAM008552	FAM005091	FAM000307	FAM007106	FAM008444	FAM001210	FAM002131	FAM003403	FAM006743	FAM002701	FAM004855	FAM023320
rep819_seed2844	FAM004309	FAM001477	FAM004386	FAM009638	FAM004891	FAM004621	FAM008106	FAM013353	FAM006424	FAM005348	FAM008966	FAM013849	FAM005392	FAM008922	FAM027677
rep820_seed2845	FAM000431	FAM002615	FAM010224	FAM009598	FAM006407	FAM010408	FAM001997	FAM000143	FAM006203	FAM003866	FAM006656	FAM004270	FAM002458	FAM008829	FAM022633
rep821_seed2846	FAM002194	FAM004433	FAM003606	FAM005228	FAM009528	FAM002312	FAM009699	FAM006353	FAM004095	FAM011745	FAM000024	FAM005645	FAM004225	FAM009986	FAM022174
rep822_seed2847	FAM011390	FAM006622	FAM007545	FAM005098	FAM006126	FAM006013	FAM004693	FAM002388	FAM010386	FAM000850	FAM012508	FAM000822	FAM011761	FAM010255	FAM020958
rep823_seed2848	FAM002884	FAM002035	FAM000266	FAM002160	FAM002174	FAM001795	FAM012252	FAM001166	FAM005591	FAM009955	FAM004470	FAM005655	FAM005928	FAM004475	FAM020961
rep824_seed2849	FAM004540	FAM012565	FAM008149	FAM003317	FAM002160	FAM001775	FAM007803	FAM006875	FAM006834	FAM005102	FAM003604	FAM006175	FAM009333	FAM007130	FAM018451
rep825_seed2850	FAM008294	FAM010635	FAM002866	FAM004989	FAM001530	FAM003942	FAM006244	FAM012275	FAM012513	FAM005851	FAM001621	FAM004050	FAM007613	FAM005138	FAM028904
rep826_seed2851	FAM012292	FAM012284	FAM004152	FAM001446	FAM007654	FAM002040	FAM008545	FAM004258	FAM005297	FAM008058	FAM007121	FAM002475	FAM003284	FAM003665	FAM023974
rep827_seed2852	FAM005599	FAM008931	FAM002424	FAM010124	FAM007543	FAM001459	FAM002438	FAM004356	FAM011963	FAM001352	FAM010805	FAM007948	FAM004725	FAM013368	FAM020442
rep828_seed2853	FAM003659	FAM006797	FAM012290	FAM007829	FAM001748	FAM010418	FAM005565	FAM002857	FAM003914	FAM003642	FAM002789	FAM001941	FAM004581	FAM008297	FAM017649
rep829_seed2854	FAM000125	FAM010372	FAM009959	FAM002110	FAM009009	FAM003828	FAM012937	FAM003036	FAM002603	FAM005658	FAM013724	FAM010361	FAM002171	FAM001584	FAM020792
rep830_seed2855	FAM014139	FAM004358	FAM012083	FAM005098	FAM004522	FAM002453	FAM009472	FAM012290	FAM003407	FAM009167	FAM004736	FAM005818	FAM000255	FAM002356	FAM016248
rep831_seed2856	FAM003448	FAM011585	FAM003702	FAM013566	FAM011786	FAM000965	FAM014412	FAM000597	FAM001240	FAM007108	FAM006051	FAM006047	FAM009443	FAM007215	FAM030228
rep832_seed2857	FAM003350	FAM000324	FAM011497	FAM004448	FAM008290	FAM006051	FAM002364	FAM013668	FAM006904	FAM010238	FAM005157	FAM001662	FAM001494	FAM009991	FAM016106
rep833_seed2858	FAM004022	FAM005045	FAM001089	FAM006290	FAM010828	FAM009074	FAM005085	FAM002251	FAM011655	FAM002854	FAM004380	FAM000961	FAM012530	FAM000139	FAM027539
rep834_seed2859	FAM010093	FAM001516	FAM006493	FAM007792	FAM000696	FAM002240	FAM010646	FAM002554	FAM009673	FAM014504	FAM003980	FAM008912	FAM000286	FAM000346	FAM024289
rep835_seed2860	FAM002506	FAM007342	FAM002973	FAM013128	FAM002343	FAM005166	FAM009343	FAM013785	FAM006368	FAM008198	FAM000153	FAM009669	FAM000524	FAM007129	FAM026134
rep836_seed2861	FAM006178	FAM005672	FAM000033	FAM010093	FAM010720	FAM005722	FAM005147	FAM005607	FAM005711	FAM000265	FAM007522	FAM007652	FAM000356	FAM008839	FAM024935
rep837_seed2862	FAM000995	FAM012933	FAM007552	FAM009066	FAM005819	FAM007066	FAM000643	FAM003012	FAM004188	FAM000373	FAM013985	FAM002994	FAM006825	FAM013261	FAM014824
rep838_seed2863	FAM008287	FAM005192	FAM005213	FAM006586	FAM010728	FAM000551	FAM005508	FAM004885	FAM007074	FAM000010	FAM007823	FAM000120	FAM004077	FAM000367	FAM016609
rep839_seed2864	FAM000723	FAM012383	FAM005545	FAM010663	FAM006205	FAM001318	FAM001412	FAM003733	FAM011680	FAM000627	FAM005885	FAM000383	FAM012946	FAM006459	FAM022982
rep840_seed2865	FAM008870	FAM012220	FAM000751	FAM008969	FAM011538	FAM007203	FAM003517	FAM011453	FAM003249	FAM010401	FAM001188	FAM012848	FAM001093	FAM013596	FAM026626
rep841_seed2866	FAM008891	FAM000341	FAM009316	FAM000158	FAM006221	FAM001482	FAM013241	FAM005123	FAM000585	FAM001344	FAM003243	FAM002389	FAM005154	FAM002055	FAM023368
rep842_seed2867	FAM006302	FAM013273	FAM003818	FAM005071	FAM010443	FAM003440	FAM001311	FAM006613	FAM006763	FAM004527	FAM009770	FAM006954	FAM002359	FAM003545	FAM020375
rep843_seed2868	FAM008598	FAM006523	FAM002564	FAM007142	FAM004539	FAM006448	FAM007242	FAM005380	FAM007782	FAM009963	FAM013792	FAM004075	FAM000014	FAM009906	FAM015888
rep844_seed2869	FAM002005	FAM003275	FAM010493	FAM001122	FAM001906	FAM005163	FAM010099	FAM008707	FAM005050	FAM011797	FAM000725	FAM001634	FAM008308	FAM003796	FAM029080
rep845_seed2870	FAM009939	FAM007688	FAM005192	FAM007077	FAM010834	FAM009515	FAM002179	FAM002313	FAM007908	FAM005764	FAM002372	FAM009081	FAM002726	FAM005309	FAM020648
rep846_seed2871	FAM005114	FAM000798	FAM009207	FAM008929	FAM004065	FAM000666	FAM000679	FAM012476	FAM001899	FAM010716	FAM003980	FAM001223	FAM009284	FAM003341	FAM022688
rep847_seed2872	FAM009805	FAM012252	FAM004205	FAM003454	FAM011575	FAM013317	FAM004530	FAM005856	FAM001984	FAM002872	FAM013518	FAM005889	FAM003174	FAM003741	FAM018381
rep848_seed2873	FAM009617	FAM001419	FAM012014	FAM011341	FAM003982	FAM008687	FAM001752	FAM012358	FAM008821	FAM012377	FAM002386	FAM002163	FAM007372	FAM005320	FAM021056
rep849_seed2874	FAM004379	FAM007091	FAM000215	FAM003759	FAM000798	FAM014239	FAM001407	FAM000191	FAM003602	FAM001123	FAM002740	FAM008629	FAM005693	FAM002610	FAM020058
rep850_seed2875	FAM006640	FAM011938	FAM009455	FAM005127	FAM001761	FAM010296	FAM011576	FAM002104	FAM013065	FAM006871	FAM010518	FAM004077	FAM008119	FAM011747	FAM023119
rep851_seed2876	FAM004053	FAM002723	FAM006888	FAM004328	FAM005471	FAM004841	FAM004320	FAM008202	FAM003247	FAM006694	FAM008336	FAM001487	FAM010372	FAM010302	FAM020750
rep852_seed2877	FAM004084	FAM004295	FAM007553	FAM011915	FAM000362	FAM008933	FAM004345	FAM001784	FAM001032	FAM002270	FAM006261	FAM004205	FAM004353	FAM003902	FAM024854
rep853_seed2878	FAM007986	FAM009569	FAM009443	FAM010520	FAM007700	FAM003651	FAM001341	FAM007162	FAM002096	FAM007651	FAM000370	FAM010099	FAM008589	FAM006678	FAM014824
rep854_seed2879	FAM009678	FAM012108	FAM009362	FAM002191	FAM004739	FAM007804	FAM003410	FAM002214	FAM002524	FAM000691	FAM005712	FAM007087	FAM002289	FAM000002	FAM020827
rep855_seed2880	FAM004892	FAM002103	FAM005349	FAM001063	FAM001459	FAM001959	FAM001954	FAM001030	FAM004051	FAM007591	FAM001529	FAM001409	FAM000273	FAM000320	FAM018168
rep856_seed2881	FAM013551	FAM009654	FAM002578	FAM009950	FAM007506	FAM011656	FAM012091	FAM004278	FAM002638	FAM005148	FAM000402	FAM004632	FAM002013	FAM011586	FAM026575
rep857_seed2882	FAM005570	FAM003838	FAM004073	FAM002897	FAM001441	FAM002947	FAM006794	FAM002234	FAM005029	FAM004076	FAM007044	FAM001877	FAM010977	FAM008786	FAM016461
rep858_seed2883	FAM000919	FAM004545	FAM003200	FAM003395	FAM004531	FAM003768	FAM005168	FAM003879	FAM000893	FAM002881	FAM005152	FAM004041	FAM005354	FAM000941	FAM024935
rep859_seed2884	FAM004115	FAM001452	FAM009091	FAM004876	FAM001359	FAM004276	FAM010510	FAM005112	FAM008775	FAM001105	FAM009797	FAM007576	FAM010961	FAM003446	FAM017122
rep860_seed2885	FAM006276	FAM005887	FAM000163	FAM005032	FAM007088	FAM005066	FAM003206	FAM005434	FAM005594	FAM002579	FAM004900	FAM004514	FAM011689	FAM009160	FAM020957
rep861_seed2886	FAM000732	FAM003805	FAM009894	FAM004969	FAM004481	FAM007418	FAM001951	FAM000618	FAM004173	FAM008580	FAM008396	FAM007995	FAM010637	FAM002568	FAM028946
rep862_seed2887	FAM002576	FAM004079	FAM003991	FAM005346	FAM006647	FAM005776	FAM005310	FAM001575	FAM004545	FAM012726	FAM000858	FAM002217	FAM006042	FAM001347	FAM028012
rep863_seed2888	FAM005567	FAM003948	FAM005541	FAM001914	FAM001876	FAM011453	FAM001176	FAM005284	FAM008630	FAM007120	FAM010708	FAM004337	FAM006984	FAM009027	FAM018251
rep864_seed2889	FAM011247	FAM010903	FAM001926	FAM006470	FAM002510	FAM004399	FAM004046	FAM006419	FAM001256	FAM002037	FAM005568	FAM002649	FAM011668	FAM002468	FAM021525
rep865_seed2890	FAM007533	FAM010846	FAM008288	FAM003026	FAM008351	FAM009894	FAM005718	FAM002554	FAM003281	FAM004901	FAM013294	FAM009792	FAM002838	FAM013716	FAM015476
rep866_seed2891	FAM004267	FAM002368	FAM009409	FAM004959	FAM000848	FAM009135	FAM014483	FAM003055	FAM000638	FAM003158	FAM000872	FAM006216	FAM007979	FAM001882	FAM021080
rep867_seed2892	FAM005838	FAM000686	FAM008581	FAM014296	FAM006155	FAM008088	FAM002155	FAM003572	FAM000120	FAM014452	FAM003336	FAM004279	FAM005552	FAM000766	FAM021208
rep868_seed2893	FAM001209	FAM004044	FAM001769	FAM002438	FAM007536	FAM006279	FAM010072	FAM009822	FAM001009	FAM003498	FAM007511	FAM014610	FAM008570	FAM002981	FAM027777
rep869_seed2894	FAM001628	FAM009100	FAM008473	FAM007195	FAM005107	FAM003881	FAM004913	FAM014788	FAM013715	FAM005087	FAM006270	FAM004110	FAM001281	FAM008576	FAM015262
rep870_seed2895	FAM007536	FAM004589	FAM003076	FAM003370	FAM004183	FAM000235	FAM006914	FAM002461	FAM003791	FAM013122	FAM009922	FAM009688	FAM002860	FAM005168	FAM026433
rep871_seed2896	FAM001224	FAM002811	FAM002165	FAM009529	FAM007721	FAM010335	FAM002778	FAM003602	FAM004163	FAM011250	FAM010413	FAM005178	FAM007734	FAM003212	FAM015183
rep872_seed2897	FAM001019	FAM011085	FAM000357	FAM008298	FAM002942	FAM001444	FAM002821	FAM001611	FAM010712	FAM005564	FAM008108	FAM005435	FAM000340	FAM006364	FAM021931
rep873_seed2898	FAM008478	FAM002979	FAM007105	FAM014643	FAM001646	FAM006434	FAM000462	FAM000097	FAM006883	FAM000665	FAM010611	FAM009811	FAM002761	FAM000602	FAM018286
rep874_seed2899	FAM011247	FAM003770	FAM005351	FAM010249	FAM005994	FAM014196	FAM009271	FAM009343	FAM012100	FAM008321	FAM013608	FAM001621	FAM002583	FAM007303	FAM024497
rep875_seed2900	FAM010366	FAM003097	FAM002955	FAM009233	FAM011332	FAM001404	FAM014319	FAM002238	FAM001039	FAM005205	FAM008050	FAM002991	FAM003784	FAM009732	FAM024289
rep876_seed2901	FAM007064	FAM000619	FAM005813	FAM012867	FAM001836	FAM005184	FAM002722	FAM004312	FAM011538	FAM004917	FAM002622	FAM001435	FAM002099	FAM006858	FAM016324
rep877_seed2902	FAM012522	FAM000192	FAM006210	FAM002595	FAM002071	FAM009694	FAM011944	FAM010590	FAM005758	FAM015286	FAM006340	FAM000606	FAM011937	FAM002910	FAM025460
rep878_seed2903	FAM011439	FAM007686	FAM000356	FAM001272	FAM000326	FAM000484	FAM002208	FAM007583	FAM009026	FAM005680	FAM004076	FAM001337	FAM001448	FAM002793	FAM020103
rep879_seed2904	FAM007719	FAM008364	FAM005495	FAM000491	FAM006207	FAM008514	FAM007212	FAM000290	FAM011855	FAM004723	FAM006598	FAM006686	FAM004662	FAM002909	FAM023450
rep880_seed2905	FAM005292	FAM003456	FAM002166	FAM000207	FAM002813	FAM008476	FAM002945	FAM004809	FAM006950	FAM001824	FAM001088	FAM005303	FAM000310	FAM009302	FAM018309
rep881_seed2906	FAM005227	FAM003725	FAM003352	FAM006466	FAM007549	FAM000016	FAM012326	FAM005983	FAM004382	FAM002361	FAM007007	FAM006438	FAM002988	FAM001154	FAM025143
rep882_seed2907	FAM004863	FAM005211	FAM012951	FAM009229	FAM008867	FAM001099	FAM009628	FAM001990	FAM001339	FAM003139	FAM005403	FAM000158	FAM000278	FAM010207	FAM028063
rep883_seed2908	FAM009817	FAM002982	FAM007324	FAM001828	FAM007880	FAM014135	FAM007214	FAM005303	FAM011367	FAM012840	FAM000954	FAM003587	FAM003182	FAM004265	FAM016171
rep884_seed2909	FAM005169	FAM005051	FAM014151	FAM008444	FAM001157	FAM000971	FAM013398	FAM005414	FAM013754	FAM006373	FAM003483	FAM003369	FAM002731	FAM006817	FAM022805
rep885_seed2910	FAM008765	FAM000263	FAM003799	FAM009336	FAM006593	FAM006858	FAM001107	FAM008821	FAM003685	FAM003995	FAM005069	FAM003241	FAM010256	FAM003925	FAM016391
rep886_seed2911	FAM010477	FAM000506	FAM009955	FAM004906	FAM008623	FAM003333	FAM014187	FAM000352	FAM009187	FAM012031	FAM002152	FAM004294	FAM004618	FAM012281	FAM024818
rep887_seed2912	FAM011525	FAM012513	FAM002232	FAM008168	FAM003935	FAM004521	FAM010048	FAM001911	FAM000492	FAM003641	FAM004305	FAM000825	FAM000611	FAM001385	FAM024706
rep888_seed2913	FAM006306	FAM003550	FAM006075	FAM001626	FAM009378	FAM001565	FAM003096	FAM002959	FAM008519	FAM002072	FAM006997	FAM015080	FAM001958	FAM007405	FAM024680
rep889_seed2914	FAM011828	FAM009401	FAM003846	FAM003162	FAM008379	FAM002250	FAM006558	FAM003752	FAM005231	FAM009032	FAM006964	FAM008696	FAM001351	FAM010835	FAM025219
rep890_seed2915	FAM005688	FAM005246	FAM006794	FAM007264	FAM007295	FAM009741	FAM001129	FAM006041	FAM006739	FAM012507	FAM009053	FAM004278	FAM004321	FAM008261	FAM024207
rep891_seed2916	FAM003228	FAM012951	FAM003158	FAM011937	FAM002095	FAM001274	FAM003136	FAM001683	FAM009332	FAM006448	FAM009249	FAM001953	FAM006003	FAM001476	FAM024854
rep892_seed2917	FAM000075	FAM006284	FAM004281	FAM008294	FAM006091	FAM004573	FAM004622	FAM002923	FAM006494	FAM008465	FAM007175	FAM001871	FAM002336	FAM006205	FAM028950
rep893_seed2918	FAM002663	FAM011708	FAM007304	FAM014213	FAM002260	FAM001870	FAM000174	FAM014243	FAM011483	FAM010923	FAM002889	FAM005873	FAM004280	FAM001555	FAM021094
rep894_seed2919	FAM001774	FAM001330	FAM001275	FAM009289	FAM000866	FAM001653	FAM000028	FAM009250	FAM000134	FAM000997	FAM013554	FAM003010	FAM013128	FAM008137	FAM015459
rep895_seed2920	FAM008469	FAM002448	FAM003163	FAM013331	FAM008314	FAM002520	FAM005216	FAM012928	FAM005637	FAM005577	FAM012488	FAM004940	FAM003919	FAM003408	FAM016040
rep896_seed2921	FAM002854	FAM011961	FAM002342	FAM010049	FAM002330	FAM014535	FAM007049	FAM001042	FAM011409	FAM001857	FAM003624	FAM013575	FAM004977	FAM000029	FAM025219
rep897_seed2922	FAM008060	FAM004068	FAM011608	FAM002660	FAM003258	FAM000577	FAM001707	FAM005232	FAM000599	FAM003413	FAM003479	FAM002639	FAM007422	FAM013844	FAM017122
rep898_seed2923	FAM002267	FAM008814	FAM009831	FAM003840	FAM009707	FAM005700	FAM012723	FAM005877	FAM012096	FAM000230	FAM000177	FAM005869	FAM014480	FAM001151	FAM021916
rep899_seed2924	FAM006147	FAM000965	FAM008222	FAM002414	FAM002988	FAM002310	FAM002206	FAM003888	FAM001283	FAM000399	FAM005330	FAM002149	FAM002330	FAM001877	FAM014979
rep900_seed2925	FAM010283	FAM005140	FAM011189	FAM001710	FAM003727	FAM003945	FAM005280	FAM006801	FAM008396	FAM003055	FAM000799	FAM001570	FAM002946	FAM004335	FAM021497
rep901_seed2926	FAM011137	FAM008474	FAM011959	FAM013518	FAM010387	FAM014413	FAM011745	FAM002990	FAM000402	FAM005591	FAM014126	FAM013797	FAM004008	FAM002708	FAM029100
rep902_seed2927	FAM004714	FAM009071	FAM007457	FAM011745	FAM005108	FAM002328	FAM009148	FAM010497	FAM005268	FAM005535	FAM001940	FAM005400	FAM011166	FAM002620	FAM024854
rep903_seed2928	FAM000969	FAM003303	FAM000176	FAM002729	FAM004920	FAM004587	FAM009939	FAM001090	FAM000369	FAM000285	FAM006910	FAM001799	FAM013074	FAM007566	FAM016743
rep904_seed2929	FAM003614	FAM002162	FAM007682	FAM010363	FAM000222	FAM001062	FAM010290	FAM010480	FAM004977	FAM007066	FAM008548	FAM003115	FAM003394	FAM008635	FAM024856
rep905_seed2930	FAM008723	FAM003194	FAM006786	FAM002599	FAM003299	FAM011652	FAM013923	FAM001995	FAM002918	FAM007764	FAM005860	FAM006180	FAM001915	FAM001577	FAM024689
rep906_seed2931	FAM003092	FAM000631	FAM000934	FAM004673	FAM013300	FAM001010	FAM012350	FAM004537	FAM006364	FAM005312	FAM003849	FAM002279	FAM005158	FAM002574	FAM022592
rep907_seed2932	FAM010607	FAM009958	FAM011836	FAM002854	FAM005560	FAM006437	FAM000751	FAM004910	FAM012485	FAM005439	FAM005134	FAM006157	FAM006421	FAM012868	FAM017838
rep908_seed2933	FAM000183	FAM011374	FAM001283	FAM005403	FAM001329	FAM008821	FAM009446	FAM013858	FAM005853	FAM000690	FAM002544	FAM003924	FAM003183	FAM003438	FAM018353
rep909_seed2934	FAM008670	FAM000213	FAM004594	FAM002724	FAM004489	FAM000092	FAM009814	FAM004233	FAM001242	FAM002066	FAM002343	FAM012726	FAM004140	FAM000754	FAM015140
rep910_seed2935	FAM005684	FAM012453	FAM013991	FAM010290	FAM005210	FAM010299	FAM002372	FAM002178	FAM001192	FAM012261	FAM002037	FAM013311	FAM000869	FAM002084	FAM019128
rep911_seed2936	FAM003340	FAM000940	FAM014073	FAM004370	FAM000590	FAM003051	FAM008207	FAM007452	FAM006920	FAM006354	FAM010425	FAM003053	FAM000299	FAM004665	FAM015338
rep912_seed2937	FAM003043	FAM000210	FAM000090	FAM012220	FAM007351	FAM010099	FAM002217	FAM013986	FAM003828	FAM014491	FAM007358	FAM001510	FAM000201	FAM005235	FAM027667
rep913_seed2938	FAM008943	FAM014498	FAM001297	FAM012756	FAM012180	FAM002157	FAM002423	FAM012877	FAM006419	FAM001865	FAM002692	FAM008569	FAM004046	FAM002024	FAM025592
rep914_seed2939	FAM000809	FAM009281	FAM008937	FAM002191	FAM004309	FAM005643	FAM001154	FAM011329	FAM000373	FAM003662	FAM006658	FAM003562	FAM007128	FAM007004	FAM026980
rep915_seed2940	FAM000703	FAM005133	FAM003820	FAM005604	FAM006601	FAM002345	FAM002969	FAM009644	FAM003696	FAM006146	FAM000168	FAM006821	FAM000494	FAM010237	FAM028354
rep916_seed2941	FAM008935	FAM001945	FAM000879	FAM000840	FAM010493	FAM008757	FAM009872	FAM007087	FAM010407	FAM000169	FAM002715	FAM010054	FAM006947	FAM002138	FAM014860
rep917_seed2942	FAM005983	FAM008075	FAM007469	FAM009667	FAM009353	FAM001163	FAM007077	FAM008953	FAM004967	FAM002098	FAM008436	FAM002044	FAM010353	FAM002881	FAM028151
rep918_seed2943	FAM005528	FAM000066	FAM002910	FAM010522	FAM003173	FAM007440	FAM007426	FAM001194	FAM008416	FAM004581	FAM003415	FAM004529	FAM005272	FAM011500	FAM028056
rep919_seed2944	FAM013300	FAM006663	FAM005433	FAM008335	FAM002358	FAM000869	FAM000658	FAM000247	FAM000819	FAM000152	FAM001227	FAM014040	FAM003304	FAM003103	FAM026868
rep920_seed2945	FAM009955	FAM005326	FAM005174	FAM006120	FAM004190	FAM003696	FAM008687	FAM001877	FAM000139	FAM009481	FAM008765	FAM002125	FAM001473	FAM004469	FAM015236
rep921_seed2946	FAM011968	FAM004759	FAM002674	FAM001331	FAM005585	FAM004718	FAM004666	FAM003621	FAM001729	FAM003758	FAM003835	FAM004434	FAM001043	FAM004414	FAM025424
rep922_seed2947	FAM004638	FAM008933	FAM007691	FAM000874	FAM008293	FAM002954	FAM010434	FAM010663	FAM011058	FAM007742	FAM004415	FAM003111	FAM002134	FAM001951	FAM016248
rep923_seed2948	FAM000630	FAM008285	FAM003603	FAM004156	FAM002149	FAM001574	FAM002327	FAM004934	FAM005167	FAM011420	FAM000146	FAM012939	FAM001039	FAM000416	FAM018342
rep924_seed2949	FAM007236	FAM004210	FAM013716	FAM006347	FAM013240	FAM000956	FAM004862	FAM004945	FAM009132	FAM006563	FAM009400	FAM001140	FAM001385	FAM011598	FAM017649
rep925_seed2950	FAM001787	FAM002727	FAM004999	FAM001475	FAM003360	FAM002146	FAM002220	FAM003990	FAM008022	FAM009911	FAM013099	FAM004499	FAM004704	FAM000600	FAM021610
rep926_seed2951	FAM011782	FAM001228	FAM001922	FAM000798	FAM008768	FAM012622	FAM002380	FAM005548	FAM006692	FAM004584	FAM000708	FAM010745	FAM001436	FAM007741	FAM022488
rep927_seed2952	FAM010857	FAM001425	FAM005887	FAM001203	FAM006734	FAM002332	FAM002616	FAM005122	FAM001028	FAM002811	FAM003223	FAM005064	FAM000431	FAM002781	FAM020783
rep928_seed2953	FAM005669	FAM001501	FAM007325	FAM014385	FAM005182	FAM003005	FAM008434	FAM004053	FAM007629	FAM000545	FAM006749	FAM014172	FAM009615	FAM014382	FAM018357
rep929_seed2954	FAM003493	FAM002889	FAM004733	FAM008513	FAM006252	FAM001289	FAM003052	FAM009038	FAM008464	FAM002811	FAM003170	FAM002574	FAM001977	FAM010728	FAM016216
rep930_seed2955	FAM001304	FAM012417	FAM003864	FAM001055	FAM002621	FAM003748	FAM001868	FAM005123	FAM009455	FAM000984	FAM004719	FAM000696	FAM002061	FAM004139	FAM029080
rep931_seed2956	FAM005734	FAM000777	FAM003065	FAM004412	FAM006536	FAM008963	FAM000394	FAM002275	FAM012739	FAM004861	FAM014404	FAM010453	FAM006003	FAM004622	FAM026531
rep932_seed2957	FAM006388	FAM003765	FAM014228	FAM002362	FAM004539	FAM001010	FAM000937	FAM001317	FAM000029	FAM004939	FAM011869	FAM000210	FAM001496	FAM001230	FAM019468
rep933_seed2958	FAM007572	FAM000231	FAM007684	FAM012989	FAM000008	FAM000819	FAM002123	FAM005371	FAM001195	FAM000970	FAM007062	FAM000992	FAM004008	FAM000525	FAM026134
rep934_seed2959	FAM005164	FAM012453	FAM003763	FAM003300	FAM005603	FAM001959	FAM004068	FAM005399	FAM008321	FAM003105	FAM004971	FAM004438	FAM000075	FAM012723	FAM016721
rep935_seed2960	FAM005968	FAM008085	FAM007011	FAM001751	FAM001265	FAM005592	FAM000348	FAM004616	FAM007965	FAM002924	FAM004703	FAM000686	FAM004594	FAM000198	FAM022870
rep936_seed2961	FAM003486	FAM004013	FAM002292	FAM004379	FAM002195	FAM001877	FAM000286	FAM008097	FAM003280	FAM014535	FAM001302	FAM000730	FAM009537	FAM004813	FAM026177
rep937_seed2962	FAM006278	FAM001861	FAM013179	FAM008207	FAM003404	FAM002440	FAM001276	FAM000036	FAM012465	FAM005006	FAM013668	FAM005676	FAM005977	FAM010991	FAM023176
rep938_seed2963	FAM002537	FAM003449	FAM011959	FAM006343	FAM007668	FAM000918	FAM003652	FAM000921	FAM006338	FAM002585	FAM008840	FAM007564	FAM004404	FAM000714	FAM020473
rep939_seed2964	FAM008908	FAM001656	FAM006558	FAM011345	FAM002762	FAM007803	FAM004494	FAM009166	FAM000038	FAM008138	FAM013892	FAM004228	FAM000323	FAM001813	FAM015464
rep940_seed2965	FAM007696	FAM000151	FAM000417	FAM011063	FAM004256	FAM010195	FAM005320	FAM007206	FAM003227	FAM001668	FAM007177	FAM002294	FAM006730	FAM008558	FAM017277
rep941_seed2966	FAM004536	FAM001734	FAM011053	FAM003173	FAM004640	FAM003427	FAM009713	FAM013052	FAM001504	FAM003403	FAM007697	FAM000783	FAM008406	FAM005536	FAM015265
rep942_seed2967	FAM008974	FAM007004	FAM003531	FAM010290	FAM007570	FAM011915	FAM012851	FAM001198	FAM013658	FAM002650	FAM002172	FAM004191	FAM003733	FAM005424	FAM024035
rep943_seed2968	FAM001610	FAM004655	FAM000999	FAM009208	FAM002438	FAM008437	FAM001904	FAM006440	FAM010857	FAM004132	FAM003879	FAM006835	FAM008790	FAM000721	FAM020539
rep944_seed2969	FAM003859	FAM000323	FAM012488	FAM006438	FAM005668	FAM011346	FAM007124	FAM004635	FAM007245	FAM001747	FAM012975	FAM008085	FAM006821	FAM010723	FAM015591
rep945_seed2970	FAM001883	FAM006411	FAM000510	FAM000183	FAM008986	FAM008635	FAM005721	FAM002934	FAM007895	FAM005909	FAM000935	FAM004822	FAM005649	FAM000097	FAM028229
rep946_seed2971	FAM013464	FAM006744	FAM004691	FAM012852	FAM000036	FAM002622	FAM004457	FAM006146	FAM012104	FAM002887	FAM011495	FAM004662	FAM001444	FAM001862	FAM017268
rep947_seed2972	FAM008434	FAM008324	FAM006109	FAM007789	FAM012077	FAM003519	FAM008594	FAM003208	FAM000865	FAM004614	FAM005930	FAM007211	FAM005528	FAM006459	FAM025162
rep948_seed2973	FAM000540	FAM008165	FAM011672	FAM009100	FAM001933	FAM000566	FAM010832	FAM000644	FAM006448	FAM004501	FAM001423	FAM002543	FAM004718	FAM006938	FAM017533
rep949_seed2974	FAM004403	FAM003604	FAM008175	FAM000794	FAM009226	FAM005047	FAM002341	FAM007474	FAM003865	FAM009252	FAM007714	FAM004089	FAM006712	FAM007727	FAM019620
rep950_seed2975	FAM002009	FAM004217	FAM001031	FAM000792	FAM007044	FAM006954	FAM000798	FAM000755	FAM001371	FAM002278	FAM000509	FAM003811	FAM001054	FAM005624	FAM028226
rep951_seed2976	FAM002084	FAM003141	FAM001253	FAM004824	FAM009480	FAM000214	FAM009080	FAM001114	FAM006915	FAM008219	FAM002391	FAM002521	FAM000053	FAM012198	FAM015338
rep952_seed2977	FAM005462	FAM000747	FAM006946	FAM002789	FAM009660	FAM002940	FAM000880	FAM001082	FAM007054	FAM006460	FAM008957	FAM000770	FAM001052	FAM008402	FAM017274
rep953_seed2978	FAM009087	FAM009063	FAM002973	FAM014382	FAM000796	FAM008342	FAM005795	FAM009682	FAM005868	FAM012930	FAM003060	FAM011422	FAM001105	FAM000226	FAM015565
rep954_seed2979	FAM002986	FAM004970	FAM003437	FAM005068	FAM003781	FAM005036	FAM002019	FAM008670	FAM005061	FAM002841	FAM000031	FAM008833	FAM001490	FAM002672	FAM020714
rep955_seed2980	FAM003391	FAM006121	FAM014408	FAM003111	FAM011374	FAM006781	FAM007054	FAM000564	FAM008037	FAM009935	FAM002221	FAM001906	FAM006282	FAM000064	FAM017562
rep956_seed2981	FAM001495	FAM006025	FAM010708	FAM001777	FAM001359	FAM000855	FAM002259	FAM000860	FAM002403	FAM001322	FAM003035	FAM002107	FAM003669	FAM005609	FAM018830
rep957_seed2982	FAM003388	FAM005240	FAM005195	FAM002041	FAM009572	FAM008282	FAM000411	FAM005705	FAM006773	FAM002667	FAM001734	FAM010076	FAM004254	FAM000121	FAM026980
rep958_seed2983	FAM004888	FAM004562	FAM010977	FAM003092	FAM006182	FAM002885	FAM001754	FAM005320	FAM001938	FAM004904	FAM006958	FAM001472	FAM001557	FAM001029	FAM021539
rep959_seed2984	FAM003797	FAM013835	FAM012269	FAM007657	FAM006042	FAM014449	FAM009049	FAM003604	FAM009053	FAM003536	FAM002436	FAM001494	FAM006460	FAM000112	FAM023650
rep960_seed2985	FAM005322	FAM003753	FAM002650	FAM000481	FAM003239	FAM001794	FAM006759	FAM005684	FAM006856	FAM005387	FAM010376	FAM001760	FAM011825	FAM000134	FAM015654
rep961_seed2986	FAM005027	FAM004157	FAM001134	FAM013918	FAM007478	FAM008987	FAM001881	FAM005450	FAM005694	FAM009723	FAM011938	FAM005572	FAM006765	FAM002218	FAM023417
rep962_seed2987	FAM003320	FAM009904	FAM012678	FAM006675	FAM006395	FAM001337	FAM003927	FAM008801	FAM000719	FAM003326	FAM005899	FAM003818	FAM005487	FAM008152	FAM017285
rep963_seed2988	FAM004266	FAM006836	FAM007344	FAM009205	FAM005036	FAM007762	FAM000407	FAM000102	FAM011608	FAM005592	FAM003938	FAM002039	FAM004381	FAM007642	FAM023192
rep964_seed2989	FAM006014	FAM003759	FAM000317	FAM013735	FAM005577	FAM002072	FAM007563	FAM007184	FAM001210	FAM012809	FAM013136	FAM004296	FAM013788	FAM005949	FAM016417
rep965_seed2990	FAM011151	FAM011207	FAM002151	FAM001400	FAM010918	FAM004698	FAM006769	FAM013648	FAM003263	FAM003180	FAM007814	FAM007003	FAM007318	FAM005937	FAM021271
rep966_seed2991	FAM003387	FAM006237	FAM003092	FAM002335	FAM003649	FAM001367	FAM009333	FAM001012	FAM000461	FAM012953	FAM003911	FAM004877	FAM000896	FAM003250	FAM015536
rep967_seed2992	FAM000541	FAM005049	FAM002865	FAM004541	FAM007085	FAM007177	FAM005174	FAM012575	FAM011168	FAM005577	FAM001641	FAM011586	FAM013721	FAM002190	FAM023176
rep968_seed2993	FAM001826	FAM009680	FAM006638	FAM001041	FAM007306	FAM004760	FAM003188	FAM013922	FAM013210	FAM004839	FAM000004	FAM005874	FAM002324	FAM012096	FAM028876
rep969_seed2994	FAM007049	FAM012530	FAM008830	FAM002418	FAM005854	FAM009449	FAM006247	FAM004253	FAM007303	FAM011451	FAM011497	FAM002379	FAM002981	FAM006522	FAM021189
rep970_seed2995	FAM001155	FAM004484	FAM000381	FAM004974	FAM001666	FAM007077	FAM015116	FAM004339	FAM003265	FAM009213	FAM010828	FAM004165	FAM001396	FAM011866	FAM020539
rep971_seed2996	FAM014404	FAM002827	FAM010438	FAM007465	FAM004185	FAM001641	FAM007744	FAM000009	FAM001688	FAM010425	FAM004284	FAM004640	FAM008650	FAM005843	FAM018660
rep972_seed2997	FAM009769	FAM003033	FAM006074	FAM009605	FAM002657	FAM004869	FAM003674	FAM002409	FAM003264	FAM004721	FAM010510	FAM003947	FAM009343	FAM001182	FAM017649
rep973_seed2998	FAM008767	FAM001111	FAM001661	FAM001455	FAM000398	FAM005523	FAM006626	FAM001281	FAM007872	FAM001239	FAM005503	FAM002587	FAM006444	FAM003991	FAM024818
rep974_seed2999	FAM002064	FAM008453	FAM005387	FAM009055	FAM005225	FAM005035	FAM001191	FAM000137	FAM007971	FAM000976	FAM006097	FAM002426	FAM001662	FAM003653	FAM020539
rep975_seed3000	FAM003665	FAM004185	FAM007051	FAM004843	FAM009872	FAM012962	FAM001652	FAM001440	FAM005587	FAM013847	FAM005390	FAM002827	FAM007011	FAM006147	FAM029086
rep976_seed3001	FAM012877	FAM001249	FAM006322	FAM004096	FAM004275	FAM006944	FAM003665	FAM004848	FAM007941	FAM001920	FAM010890	FAM010945	FAM013565	FAM006778	FAM015988
rep977_seed3002	FAM003704	FAM007132	FAM009017	FAM002777	FAM000723	FAM012105	FAM002723	FAM005652	FAM006243	FAM010527	FAM004614	FAM004379	FAM005479	FAM001033	FAM026404
rep978_seed3003	FAM008997	FAM002254	FAM008147	FAM002679	FAM001697	FAM004993	FAM002506	FAM009739	FAM000026	FAM003469	FAM003445	FAM005275	FAM001664	FAM013565	FAM017838
rep979_seed3004	FAM005748	FAM007356	FAM011159	FAM003914	FAM001241	FAM005509	FAM000252	FAM000224	FAM004278	FAM005810	FAM005555	FAM005375	FAM002068	FAM005757	FAM021094
rep980_seed3005	FAM001728	FAM003845	FAM009049	FAM004560	FAM006125	FAM004137	FAM007551	FAM000590	FAM007741	FAM005500	FAM004330	FAM003761	FAM000804	FAM003467	FAM029100
rep981_seed3006	FAM005514	FAM011672	FAM011747	FAM004884	FAM013858	FAM009192	FAM002149	FAM001106	FAM011525	FAM008680	FAM006768	FAM010041	FAM001757	FAM008244	FAM020965
rep982_seed3007	FAM004469	FAM003396	FAM002642	FAM013314	FAM001392	FAM002501	FAM001901	FAM012763	FAM006493	FAM012975	FAM002982	FAM008941	FAM001384	FAM004105	FAM024042
rep983_seed3008	FAM000649	FAM008829	FAM007052	FAM001854	FAM005128	FAM013529	FAM004604	FAM006159	FAM002349	FAM010427	FAM012190	FAM002497	FAM005661	FAM014305	FAM026149
rep984_seed3009	FAM005250	FAM007660	FAM008321	FAM003186	FAM004252	FAM003060	FAM006388	FAM002522	FAM010231	FAM003164	FAM004812	FAM004769	FAM010735	FAM003575	FAM016721
rep985_seed3010	FAM003750	FAM011655	FAM007473	FAM001389	FAM001960	FAM003198	FAM007727	FAM001404	FAM006853	FAM008705	FAM005329	FAM012259	FAM007545	FAM007442	FAM018359
rep986_seed3011	FAM010642	FAM005594	FAM012771	FAM003793	FAM005058	FAM000822	FAM012465	FAM013976	FAM008635	FAM008705	FAM009666	FAM012547	FAM005350	FAM000076	FAM030228
rep987_seed3012	FAM004911	FAM002066	FAM002732	FAM006617	FAM000453	FAM011712	FAM004632	FAM000944	FAM011444	FAM005038	FAM007507	FAM007747	FAM001247	FAM005372	FAM028802
rep988_seed3013	FAM008969	FAM006797	FAM004308	FAM003917	FAM004467	FAM008895	FAM001527	FAM004753	FAM010948	FAM002301	FAM003680	FAM001477	FAM003330	FAM001122	FAM026432
rep989_seed3014	FAM001250	FAM003240	FAM006409	FAM004949	FAM005882	FAM002593	FAM004612	FAM010796	FAM000034	FAM009615	FAM005128	FAM000149	FAM006365	FAM002309	FAM023048
rep990_seed3015	FAM004075	FAM001047	FAM006703	FAM003424	FAM004642	FAM012951	FAM000875	FAM002851	FAM007618	FAM000984	FAM000859	FAM003601	FAM013117	FAM003664	FAM027313
rep991_seed3016	FAM010202	FAM000897	FAM002005	FAM004365	FAM007556	FAM004474	FAM002986	FAM000407	FAM010418	FAM009751	FAM014690	FAM002822	FAM012867	FAM008011	FAM015532
rep992_seed3017	FAM003447	FAM001597	FAM008545	FAM003322	FAM008292	FAM004844	FAM000402	FAM009386	FAM005749	FAM003863	FAM008225	FAM003902	FAM002590	FAM004684	FAM027167
rep993_seed3018	FAM005683	FAM014480	FAM010463	FAM005338	FAM005796	FAM000974	FAM013273	FAM000755	FAM000089	FAM001796	FAM000780	FAM003879	FAM009908	FAM002996	FAM029086
rep994_seed3019	FAM000030	FAM000470	FAM004175	FAM005832	FAM002618	FAM003296	FAM006697	FAM001526	FAM014473	FAM012350	FAM003998	FAM000953	FAM009811	FAM001839	FAM021539
rep995_seed3020	FAM009145	FAM010101	FAM010723	FAM010857	FAM004332	FAM002892	FAM010209	FAM002539	FAM000133	FAM013722	FAM006805	FAM000414	FAM000038	FAM013155	FAM025162
rep996_seed3021	FAM002865	FAM006487	FAM006434	FAM004423	FAM001696	FAM000436	FAM005506	FAM007971	FAM002221	FAM014040	FAM002899	FAM002331	FAM000146	FAM013051	FAM024853
rep997_seed3022	FAM008567	FAM000821	FAM005205	FAM001928	FAM009767	FAM004180	FAM013519	FAM003711	FAM004911	FAM006214	FAM001708	FAM001622	FAM000514	FAM002584	FAM022085
rep998_seed3023	FAM004141	FAM000224	FAM007565	FAM002431	FAM010558	FAM001629	FAM009883	FAM010560	FAM008536	FAM003383	FAM010527	FAM002557	FAM010225	FAM000219	FAM017195
rep999_seed3024	FAM012902	FAM007396	FAM012486	FAM003577	FAM005963	FAM011498	FAM004810	FAM005418	FAM000720	FAM000493	FAM004834	FAM012106	FAM001404	FAM000740	FAM029003
